<?xml version="1.0" encoding="utf-8"?>
<COLLADA xmlns="http://www.collada.org/2005/11/COLLADASchema" version="1.4.1">
  <asset>
    <contributor>
      <author>RandomTBush</author>
      <authoring_tool>OpenCOLLADA for 3ds Max;  Version: 1.3.1;  Revision: 847M;  Platform: x64;  Configuration: Release_Max2010_static</authoring_tool>
    </contributor>
    <created>2016-08-20T03:58:53</created>
    <modified>2016-08-20T03:58:53</modified>
    <unit name="inch" meter="0.0254"/>
    <up_axis>Z_UP</up_axis>
  </asset>
  <library_effects>
    <effect id="BodyA">
      <profile_COMMON>
        <newparam sid="pm0168_00_BodyA1_png-surface">
          <surface type="2D">
            <init_from>pm0168_00_BodyA1_png</init_from>
          </surface>
        </newparam>
        <newparam sid="pm0168_00_BodyA1_png-sampler">
          <sampler2D>
            <source>pm0168_00_BodyA1_png-surface</source>
          </sampler2D>
        </newparam>
        <technique sid="common">
          <blinn>
            <emission>
              <color>0 0 0 1</color>
            </emission>
            <ambient>
              <color>0.588 0.588 0.588 1</color>
            </ambient>
            <diffuse>
              <texture texture="pm0168_00_BodyA1_png-sampler" texcoord="CHANNEL1"/>
            </diffuse>
            <specular>
              <color>0.9 0.9 0.9 1</color>
            </specular>
            <shininess>
              <float>10</float>
            </shininess>
            <reflective>
              <color>0 0 0 1</color>
            </reflective>
            <transparent opaque="A_ONE">
              <color>1 1 1 1</color>
            </transparent>
            <transparency>
              <float>1</float>
            </transparency>
          </blinn>
        </technique>
      </profile_COMMON>
      <extra>
        <technique profile="OpenCOLLADA3dsMax">
          <extended_shader>
            <apply_reflection_dimming>0</apply_reflection_dimming>
            <dim_level>0</dim_level>
            <falloff_type>0</falloff_type>
            <index_of_refraction>1.5</index_of_refraction>
            <opacity_type>0</opacity_type>
            <reflection_level>3</reflection_level>
            <wire_size>1</wire_size>
            <wire_units>0</wire_units>
          </extended_shader>
          <shader>
            <ambient_diffuse_lock>1</ambient_diffuse_lock>
            <ambient_diffuse_texture_lock>1</ambient_diffuse_texture_lock>
            <diffuse_specular_lock>0</diffuse_specular_lock>
            <soften>0.1</soften>
            <use_self_illum_color>0</use_self_illum_color>
          </shader>
        </technique>
      </extra>
    </effect>
    <effect id="BodyB">
      <profile_COMMON>
        <newparam sid="pm0168_00_BodyB1_png-surface">
          <surface type="2D">
            <init_from>pm0168_00_BodyB1_png</init_from>
          </surface>
        </newparam>
        <newparam sid="pm0168_00_BodyB1_png-sampler">
          <sampler2D>
            <source>pm0168_00_BodyB1_png-surface</source>
          </sampler2D>
        </newparam>
        <technique sid="common">
          <blinn>
            <emission>
              <color>0 0 0 1</color>
            </emission>
            <ambient>
              <color>0.588 0.588 0.588 1</color>
            </ambient>
            <diffuse>
              <texture texture="pm0168_00_BodyB1_png-sampler" texcoord="CHANNEL1"/>
            </diffuse>
            <specular>
              <color>0.9 0.9 0.9 1</color>
            </specular>
            <shininess>
              <float>10</float>
            </shininess>
            <reflective>
              <color>0 0 0 1</color>
            </reflective>
            <transparent opaque="A_ONE">
              <color>1 1 1 1</color>
            </transparent>
            <transparency>
              <float>1</float>
            </transparency>
          </blinn>
        </technique>
      </profile_COMMON>
      <extra>
        <technique profile="OpenCOLLADA3dsMax">
          <extended_shader>
            <apply_reflection_dimming>0</apply_reflection_dimming>
            <dim_level>0</dim_level>
            <falloff_type>0</falloff_type>
            <index_of_refraction>1.5</index_of_refraction>
            <opacity_type>0</opacity_type>
            <reflection_level>3</reflection_level>
            <wire_size>1</wire_size>
            <wire_units>0</wire_units>
          </extended_shader>
          <shader>
            <ambient_diffuse_lock>1</ambient_diffuse_lock>
            <ambient_diffuse_texture_lock>1</ambient_diffuse_texture_lock>
            <diffuse_specular_lock>0</diffuse_specular_lock>
            <soften>0.1</soften>
            <use_self_illum_color>0</use_self_illum_color>
          </shader>
        </technique>
      </extra>
    </effect>
    <effect id="Eye">
      <profile_COMMON>
        <newparam sid="pm0168_00_Eye1_png-surface">
          <surface type="2D">
            <init_from>pm0168_00_Eye1_png</init_from>
          </surface>
        </newparam>
        <newparam sid="pm0168_00_Eye1_png-sampler">
          <sampler2D>
            <source>pm0168_00_Eye1_png-surface</source>
          </sampler2D>
        </newparam>
        <technique sid="common">
          <blinn>
            <emission>
              <color>0 0 0 1</color>
            </emission>
            <ambient>
              <color>0.588 0.588 0.588 1</color>
            </ambient>
            <diffuse>
              <texture texture="pm0168_00_Eye1_png-sampler" texcoord="CHANNEL1"/>
            </diffuse>
            <specular>
              <color>0.9 0.9 0.9 1</color>
            </specular>
            <shininess>
              <float>10</float>
            </shininess>
            <reflective>
              <color>0 0 0 1</color>
            </reflective>
            <transparent opaque="A_ONE">
              <color>1 1 1 1</color>
            </transparent>
            <transparency>
              <float>1</float>
            </transparency>
          </blinn>
        </technique>
      </profile_COMMON>
      <extra>
        <technique profile="OpenCOLLADA3dsMax">
          <extended_shader>
            <apply_reflection_dimming>0</apply_reflection_dimming>
            <dim_level>0</dim_level>
            <falloff_type>0</falloff_type>
            <index_of_refraction>1.5</index_of_refraction>
            <opacity_type>0</opacity_type>
            <reflection_level>3</reflection_level>
            <wire_size>1</wire_size>
            <wire_units>0</wire_units>
          </extended_shader>
          <shader>
            <ambient_diffuse_lock>1</ambient_diffuse_lock>
            <ambient_diffuse_texture_lock>1</ambient_diffuse_texture_lock>
            <diffuse_specular_lock>0</diffuse_specular_lock>
            <soften>0.1</soften>
            <use_self_illum_color>0</use_self_illum_color>
          </shader>
        </technique>
      </extra>
    </effect>
  </library_effects>
  <library_materials>
    <material id="BodyA-material" name="BodyA">
      <instance_effect url="#BodyA"/>
    </material>
    <material id="BodyB-material" name="BodyB">
      <instance_effect url="#BodyB"/>
    </material>
    <material id="Eye-material" name="Eye">
      <instance_effect url="#Eye"/>
    </material>
  </library_materials>
  <library_geometries>
    <geometry id="geom-Ariados" name="Ariados">
      <mesh>
        <source id="geom-Ariados-positions">
          <float_array id="geom-Ariados-positions-array" count="5520">0 -1.22356 10.5376 0 -0.384742 10.1725 2.50207 -1.43997 11.028 2.80254 -0.673498 10.6855 0 1.49501 9.843981 5.28537 -1.79654 11.8157 3.44321 1.17473 10.281 0 3.58222 9.613369 5.81679 -1.20385 11.6355 4.06291 3.39123 9.97524 0 6.03554 9.35266 7.252611 0.310477 11.2355 7.978331 -3.93927 14.138 7.284851 -4.6621 14.352 10.6067 -1.72212 13.4234 8.706119 2.86817 10.8348 4.50787 5.97795 9.6846 0 9.30434 9.139561 9.35223 -5.98951 17.3135 8.475771 -6.33694 17.1445 8.83643 -7.14668 19.4135 12.7333 -3.78258 17.1396 9.6931 -6.93939 19.7325 8.30185 -7.75702 22.0517 9.64658 5.83254 10.5233 4.91074 9.25665 9.470641 0 11.8019 8.995719 13.3301 1.50813 12.9875 16.0541 -0.142584 16.8343 5.11161 11.7642 9.336531 0 15.4369 8.9837 10.4842 9.1407 10.2764 14.8702 5.02963 12.549 18.2541 3.8508 16.6681 13.4535 -5.02206 20.333 17.0334 -1.64283 21.2086 12.7631 -5.65503 23.7486 9.08663 -7.45246 22.2953 19.5186 2.54317 21.8816 10.7922 11.674 10.155 15.6515 8.74635 12.3975 19.3013 7.776279 16.7245 21.0367 6.94182 22.527 7.82843 -7.75398 24.5913 7.20429 -8.058251 24.1117 10.9388 -5.90795 26.8887 18.5123 1.51758 27.0634 15.9872 -2.44063 25.5973 13.6027 -2.78604 29.0735 15.6648 0.936677 31.0104 10.9874 -2.91022 31.4904 8.8617 -5.98439 28.6854 6.43824 -7.789821 26.1013 5.91395 -8.08674 25.619 19.941 6.121031 28.2348 16.9613 5.488949 32.6215 20.3474 9.605249 28.9367 21.5108 10.2776 22.8324 19.7588 10.9482 16.7436 21.517 14.087 23.1941 16.078 11.4268 12.3988 19.7711 14.6911 16.8332 16.0276 15.0958 12.5725 12.6893 0.705656 34.0736 7.29775 -2.88859 33.4848 5.73057 -5.92015 30.2384 4.25669 -7.61608 27.5665 2.65583 -5.81764 31.0738 3.93102 -7.86867 26.9182 2.04387 -7.63506 27.7979 2.12033 -7.41636 28.3534 0 -7.341761 28.2078 0 -7.174291 28.767 0 -5.68475 31.4604 3.15889 -2.79292 34.6947 0 -2.70996 35.0575 8.55166 0.745309 36.4834 3.58877 0.854303 38.0374 0 0.95852 38.3479 13.6982 5.14423 35.883 9.10388 4.99004 38.6388 3.76006 4.885139 40.4023 0 4.850498 40.6318 21.2021 17.5719 23.505 19.5526 18.1345 17.12 17.5031 9.10202 33.5216 20.2788 13.4886 29.4944 14.0798 8.710369 37.0625 17.5375 13.0397 34.2539 19.9401 17.0085 29.8993 20.4443 21.5703 23.8652 9.33408 8.44231 39.8722 14.1514 12.6828 37.9809 17.28 16.5966 34.6135 19.1797 20.9614 30.3577 3.85798 8.25338 41.6514 9.39126 12.4263 40.7942 13.8444 16.2459 38.5545 16.5716 20.5341 34.9446 0 8.223759 41.9373 3.91301 12.2462 42.5433 0 12.2169 42.8889 9.21113 16.0077 41.3622 3.87947 15.8433 43.0786 0 15.8157 43.4391 13.1817 20.1743 38.7499 8.75921 19.925 41.519 3.72087 19.7572 43.1607 0 19.7309 43.47881 19.1817 25.1549 24.3411 17.9141 24.7152 30.5414 15.5843 24.3432 34.9261 12.2024 24.0447 38.48911 8.03242 23.8146 41.0667 3.3819 23.6564 42.5453 0 23.6204 42.8437 17.2832 28.9839 24.9171 16.2653 28.5302 30.5854 14.0306 28.0909 34.543 10.9382 27.771 37.8271 7.15925 27.4454 40.1765 2.98447 27.2017 41.4944 0 27.1483 41.77641 0 30.1976 40.193 17.9166 25.6378 18.375 16.3626 29.4177 19.3644 15.4668 31.7913 25.4121 14.8652 32.1317 20.3116 14.3377 31.3555 30.3786 12.3656 31.0354 33.9962 9.5762 30.7443 36.82211 6.27052 30.474 38.8541 2.6053 30.2637 39.9534 0 33.5201 37.75771 12.3933 35.0019 21.724 12.7442 34.805 25.954 11.7958 34.5475 30.0107 10.0496 34.2716 33.0891 7.7268 33.9763 35.2866 5.030291 33.7725 36.7691 2.03064 33.6056 37.5332 0 36.27399 35.2146 12.2139 32.2506 16.3643 10.2203 35.1341 18.5691 9.108791 37.3256 23.5325 9.54606 37.2968 26.4926 8.91709 37.0806 29.4335 7.43177 36.8609 31.8655 5.67184 36.6818 33.3621 3.76821 36.4902 34.5519 1.53594 36.3266 35.1372 6.2461 38.6441 24.8941 6.59025 38.5424 26.859 6.22696 38.4065 28.8134 5.23681 38.2844 30.5756 4.05815 38.1074 31.7738 2.7116 37.988 32.614 1.0894 37.9032 33.08431 0 37.8886 33.1813 5.31389 38.6964 23.0014 7.40435 37.4748 21.1599 7.7841 32.09299 14.4552 6.61686 35.0231 16.6091 4.8403 37.3515 19.2753 3.46842 38.7043 21.4743 3.60844 32.035 13.7346 3.00272 34.8052 15.8427 2.23004 37.3105 18.4738 1.59331 38.6934 20.7468 0 38.6358 20.5008 0 37.20309 18.1961 0 34.7702 15.6654 0 32.0211 13.4516 0 29.2724 11.8049 4.10895 29.3072 12.1267 0 26.0297 10.4706 8.70768 29.3774 13.008 4.55839 26.0236 10.8163 0 22.8962 9.7327 13.4269 29.5204 15.1942 9.48467 26.0369 11.769 14.4467 25.9843 14.114 4.98418 22.8649 10.0657 10.0967 22.7792 10.9787 15.3031 22.5602 13.3123 0 18.8345 9.17951 5.27835 18.8037 9.528671 10.4875 18.7225 10.4491 5.21993 15.4034 9.33602 10.7585 15.3218 10.1942 15.8077 18.5131 12.8246 18.9369 22.1527 17.6568 0 -10.5758 27.4476 0 -11.0793 27.8728 3.23426 -10.5792 26.7601 3.41414 -11.0602 27.2188 5.14099 -11.1598 25.7704 4.9826 -10.6396 25.4102 3.56347 -13.802 28.1109 0 -13.8108 28.6115 5.47769 -13.9987 26.7365 6.72573 -11.3122 23.6807 6.4234 -10.7921 23.4105 7.30207 -11.148 21.3252 3.61577 -17.163 28.9379 0 -17.0541 29.3516 5.75296 -17.3538 27.5713 7.44907 -14.3426 24.1309 7.64608 -11.648 21.4139 8.10881 -12.0055 18.5338 3.62236 -20.8002 29.5594 0 -20.8306 29.9235 0 -24.1407 29.8114 5.84674 -20.8324 28.0804 8.55086 -14.7588 21.9012 8.45612 -12.535 18.6719 8.11769 -13.1382 15.8662 8.25299 -17.6647 24.8046 8.39938 -20.8652 25.3894 3.58747 -24.191 29.4247 5.67938 -24.2041 28.0644 3.34636 -26.9481 29.0994 0 -26.977 29.4706 8.08811 -24.1401 25.3747 9.86881 -21.0305 22.6871 9.50419 -18.0233 22.3542 9.64652 -15.7146 18.6368 10.6922 -18.8121 18.7725 8.74016 -13.5986 16.033 10.1629 -16.5446 16.0287 7.6744 -14.2966 13.6784 8.39476 -14.7336 13.5496 6.92458 -15.596 11.5801 3.02275 -29.7001 28.5486 0 -29.7653 28.9579 5.32585 -27.1273 27.8033 7.13332 -27.6348 25.6266 4.82887 -30.1 27.1826 2.42095 -31.8492 28.0092 0 -31.6454 28.5193 10.9231 -21.5286 18.9617 11.1771 -19.639 15.9494 9.95049 -17.6085 13.0416 7.507629 -15.9874 11.3425 9.84357 -24.1599 22.6596 8.68227 -27.2817 23.4547 4.06775 -32.5518 26.4881 6.04662 -30.9095 25.2867 7.71437 -29.0958 23.9494 1.99959 -32.6566 27.6714 0 -32.5887 28.1234 3.45301 -33.4359 26.3271 4.65954 -33.9184 24.3211 3.95707 -34.483 24.6268 6.66887 -31.4199 23.7809 11.4684 -22.2816 15.9826 10.742 -24.5277 19.3676 9.69336 -26.4958 22.0862 11.2422 -20.5656 12.5873 9.027969 -18.4319 10.7917 8.6911 -29.2355 22.3998 9.26027 -28.7859 21.3235 7.96873 -30.43 22.7234 7.19192 -31.7959 22.5872 5.72557 -33.6793 23.0471 6.30808 -33.4662 22.2756 5.62819 -35.0019 21.4321 4.11269 -35.685 22.7827 5.11858 -35.3143 22.1053 4.9967 -36.7486 19.8759 4.51617 -37.1064 20.0734 4.84339 -38.0571 17.8115 3.3355 -35.9353 23.2018 10.2766 -26.77 19.7142 9.71765 -28.8795 19.6749 11.2782 -25.2111 16.2386 10.5701 -27.6235 16.9026 9.88777 -29.7501 17.7144 10.5219 -29.2814 14.4289 9.86542 -30.9307 15.9164 11.5086 -23.3377 12.2821 11.3304 -26.8786 12.0287 10.1993 -21.2638 10.416 10.3541 -24.147 10.0165 6.93117 -21.8146 8.658299 4.33539 -38.2968 17.9897 5.01242 -38.5776 16.0055 3.38709 -37.6729 20.4113 1.94461 -37.7842 21.8531 1.85679 -37.355 22.4623 0 -37.9327 22.2704 0 -38.2514 21.814 1.78463 -38.5319 20.7322 0 -38.9059 20.7648 3.05562 -39.0614 18.2561 1.43914 -39.6587 18.4497 0 -40.1084 18.4973 4.44287 -38.98351 15.9321 3.1043 -39.9374 15.8487 1.41765 -40.7218 16.0369 0 -40.9519 16.0712 0 -41.4486 13.9188 1.51111 -41.136 13.8865 5.31469 -38.7333 14.5149 4.56126 -39.3239 14.2001 5.74176 -38.4177 13.5755 3.2536 -40.2336 13.8502 5.08452 -39.1073 12.7355 3.32948 -40.389 11.1937 1.54596 -41.4486 11.0892 0 -41.7896 11.1086 0 -41.454 8.95089 1.5234 -41.0711 9.070759 0 -40.1414 7.711578 6.72938 -37.0469 12.3569 6.91625 -36.7946 13.2906 6.40518 -37.1929 10.7788 1.50183 -39.7286 7.92774 3.21989 -39.9256 9.25173 5.56442 -37.1895 9.146 8.48868 -34.2451 12.3615 8.35907 -34.5758 13.4869 9.47145 -32.5282 14.1958 8.34225 -34.0137 10.6398 9.70894 -31.6857 13.3055 10.2307 -30.3057 11.3591 7.24909 -33.9355 8.99651 8.96898 -30.2872 9.16053 10.0722 -27.3258 9.575159 2.61689 -39.03 8.153431 3.97621 -37.0595 8.031 1.82133 -37.0831 7.45422 0 -37.1497 7.21365 5.01467 -33.949 7.927849 2.49362 -34.1519 7.21697 0 -34.3261 6.860031 6.16352 -30.4583 7.94759 3.20493 -30.6097 7.125019 0 -30.8037 6.71636 6.97579 -27.8332 8.054789 3.63752 -27.9838 7.049509 0 -28.0788 6.731331 7.25287 -24.6907 8.31028 3.90618 -24.7845 7.29691 0 -24.963 6.90065 -1.50183 -39.7286 7.92774 -1.82133 -37.0831 7.45422 -2.49362 -34.1519 7.21697 -3.20493 -30.6097 7.125019 -3.63752 -27.9838 7.049509 3.72665 -21.9697 7.74512 0 -22.0332 7.38963 -3.90618 -24.7845 7.29691 -2.61689 -39.03 8.153431 -3.97621 -37.0595 8.031 -3.21989 -39.9256 9.25173 -1.5234 -41.0711 9.070759 -5.01467 -33.949 7.927849 -5.56442 -37.1895 9.146 -3.32948 -40.389 11.1937 -1.54596 -41.4486 11.0892 -1.51111 -41.136 13.8865 -6.16352 -30.4583 7.94759 -7.24909 -33.9355 8.99651 -6.40518 -37.1929 10.7788 -6.97579 -27.8332 8.054789 -8.96898 -30.2872 9.16053 -8.34225 -34.0137 10.6398 6.19768 -18.8498 9.39938 3.24624 -19.0171 8.4425 5.70592 -16.557 9.98027 5.28201 -16.1377 10.2294 3.00527 -16.7672 8.93081 2.8889 -16.2557 9.21376 0 -16.8807 8.57376 0 -16.4205 8.91584 -2.8889 -16.2557 9.21376 0 -19.0754 8.00779 -3.24624 -19.0171 8.4425 -3.00527 -16.7672 8.93081 -5.28201 -16.1377 10.2294 -5.70592 -16.557 9.98027 -6.92458 -15.596 11.5801 -3.72665 -21.9697 7.74512 -6.19768 -18.8498 9.39938 -6.93117 -21.8146 8.658299 -7.25287 -24.6907 8.31028 -10.0722 -27.3258 9.575159 -10.3541 -24.147 10.0165 -10.2307 -30.3057 11.3591 -11.3304 -26.8786 12.0287 -7.507629 -15.9874 11.3425 -9.027969 -18.4319 10.7917 -10.1993 -21.2638 10.416 -11.5086 -23.3377 12.2821 -11.2422 -20.5656 12.5873 -9.95049 -17.6085 13.0416 -8.39476 -14.7336 13.5496 -7.6744 -14.2966 13.6784 -9.70894 -31.6857 13.3055 -10.5219 -29.2814 14.4289 -11.2782 -25.2111 16.2386 -11.4684 -22.2816 15.9826 -11.1771 -19.639 15.9494 -10.1629 -16.5446 16.0287 -8.74016 -13.5986 16.033 -8.11769 -13.1382 15.8662 -10.742 -24.5277 19.3676 -10.9231 -21.5286 18.9617 -10.6922 -18.8121 18.7725 -9.64652 -15.7146 18.6368 -8.45612 -12.535 18.6719 -8.10881 -12.0055 18.5338 -10.5701 -27.6235 16.9026 -10.2766 -26.77 19.7142 -9.86881 -21.0305 22.6871 -9.50419 -18.0233 22.3542 -8.55086 -14.7588 21.9012 -8.25299 -17.6647 24.8046 -7.64608 -11.648 21.4139 -7.44907 -14.3426 24.1309 -7.30207 -11.148 21.3252 -6.72573 -11.3122 23.6807 -6.4234 -10.7921 23.4105 -4.9826 -10.6396 25.4102 -9.84357 -24.1599 22.6596 -9.69336 -26.4958 22.0862 -9.88777 -29.7501 17.7144 -9.71765 -28.8795 19.6749 -9.26027 -28.7859 21.3235 -8.68227 -27.2817 23.4547 -8.6911 -29.2355 22.3998 -8.08811 -24.1401 25.3747 -8.39938 -20.8652 25.3894 -5.75296 -17.3538 27.5713 -5.84674 -20.8324 28.0804 -5.47769 -13.9987 26.7365 -5.14099 -11.1598 25.7704 -3.23426 -10.5792 26.7601 -3.41414 -11.0602 27.2188 -3.56347 -13.802 28.1109 -3.61577 -17.163 28.9379 -3.62236 -20.8002 29.5594 -5.67938 -24.2041 28.0644 -3.58747 -24.191 29.4247 -3.34636 -26.9481 29.0994 -7.13332 -27.6348 25.6266 -5.32585 -27.1273 27.8033 -3.02275 -29.7001 28.5486 -4.82887 -30.1 27.1826 -2.42095 -31.8492 28.0092 -7.71437 -29.0958 23.9494 -7.96873 -30.43 22.7234 -6.04662 -30.9095 25.2867 -6.66887 -31.4199 23.7809 -7.19192 -31.7959 22.5872 -4.06775 -32.5518 26.4881 -4.65954 -33.9184 24.3211 -5.72557 -33.6793 23.0471 -6.30808 -33.4662 22.2756 -5.62819 -35.0019 21.4321 -1.99959 -32.6566 27.6714 -3.45301 -33.4359 26.3271 -3.95707 -34.483 24.6268 -4.11269 -35.685 22.7827 -3.3355 -35.9353 23.2018 -5.11858 -35.3143 22.1053 -4.9967 -36.7486 19.8759 -4.51617 -37.1064 20.0734 -4.84339 -38.0571 17.8115 -1.94461 -37.7842 21.8531 -1.85679 -37.355 22.4623 -3.38709 -37.6729 20.4113 -1.78463 -38.5319 20.7322 -4.33539 -38.2968 17.9897 -3.05562 -39.0614 18.2561 -1.43914 -39.6587 18.4497 -5.01242 -38.5776 16.0055 -4.44287 -38.98351 15.9321 -5.31469 -38.7333 14.5149 -3.1043 -39.9374 15.8487 -4.56126 -39.3239 14.2001 -5.74176 -38.4177 13.5755 -1.41765 -40.7218 16.0369 -3.2536 -40.2336 13.8502 -5.08452 -39.1073 12.7355 -6.72938 -37.0469 12.3569 -6.91625 -36.7946 13.2906 -8.48868 -34.2451 12.3615 -8.35907 -34.5758 13.4869 -9.47145 -32.5282 14.1958 -9.86542 -30.9307 15.9164 0 -9.65728 27.3777 3.31102 -9.73977 26.4902 1.79851 -8.63874 26.9963 0 -8.54744 27.4481 5.08016 -9.848 25.2567 3.47041 -8.72334 26.3539 5.29595 -8.8151 25.1674 6.60636 -8.85157 23.6775 6.44778 -9.97395 23.3573 7.55909 -8.67629 21.7292 7.17693 -10.2053 21.4814 8.09066 -8.36238 18.9589 7.70716 -10.8047 18.6695 7.84442 -8.02298 16.7673 7.618381 -11.4179 16.2788 6.61028 -7.434549 13.8393 7.0574 -11.9831 14.0909 6.17856 -12.3831 12.468 4.90156 -7.04799 11.9089 4.72883 -12.7331 11.0782 2.47539 -12.6541 10.1217 2.49562 -6.72379 10.9607 0 -12.6263 9.793831 0 -6.6038 10.3847 -2.50207 -1.43997 11.028 -2.49562 -6.72379 10.9607 -5.28537 -1.79654 11.8157 -2.47539 -12.6541 10.1217 -4.90156 -7.04799 11.9089 -7.284851 -4.6621 14.352 -4.72883 -12.7331 11.0782 -6.17856 -12.3831 12.468 -6.61028 -7.434549 13.8393 -7.0574 -11.9831 14.0909 -7.618381 -11.4179 16.2788 -8.475771 -6.33694 17.1445 -7.84442 -8.02298 16.7673 -7.70716 -10.8047 18.6695 -8.09066 -8.36238 18.9589 -8.83643 -7.14668 19.4135 -7.17693 -10.2053 21.4814 -7.55909 -8.67629 21.7292 -6.44778 -9.97395 23.3573 -8.30185 -7.75702 22.0517 -7.20429 -8.058251 24.1117 -6.60636 -8.85157 23.6775 -5.91395 -8.08674 25.619 -5.08016 -9.848 25.2567 -5.29595 -8.8151 25.1674 -3.93102 -7.86867 26.9182 -3.47041 -8.72334 26.3539 -3.31102 -9.73977 26.4902 -1.79851 -8.63874 26.9963 -2.04387 -7.63506 27.7979 -2.80254 -0.673498 10.6855 -5.81679 -1.20385 11.6355 -3.44321 1.17473 10.281 -7.252611 0.310477 11.2355 -4.06291 3.39123 9.97524 -7.978331 -3.93927 14.138 -10.6067 -1.72212 13.4234 -8.706119 2.86817 10.8348 -4.50787 5.97795 9.6846 -9.35223 -5.98951 17.3135 -12.7333 -3.78258 17.1396 -9.6931 -6.93939 19.7325 -9.64658 5.83254 10.5233 -4.91074 9.25665 9.470641 -13.3301 1.50813 12.9875 -16.0541 -0.142584 16.8343 -10.4842 9.1407 10.2764 -14.8702 5.02963 12.549 -18.2541 3.8508 16.6681 -5.11161 11.7642 9.336531 -13.4535 -5.02206 20.333 -17.0334 -1.64283 21.2086 -12.7631 -5.65503 23.7486 -9.08663 -7.45246 22.2953 -19.5186 2.54317 21.8816 -19.3013 7.776279 16.7245 -21.0367 6.94182 22.527 -15.6515 8.74635 12.3975 -10.7922 11.674 10.155 -7.82843 -7.75398 24.5913 -10.9388 -5.90795 26.8887 -18.5123 1.51758 27.0634 -19.941 6.121031 28.2348 -15.9872 -2.44063 25.5973 -13.6027 -2.78604 29.0735 -15.6648 0.936677 31.0104 -10.9874 -2.91022 31.4904 -8.8617 -5.98439 28.6854 -6.43824 -7.789821 26.1013 -16.9613 5.488949 32.6215 -12.6893 0.705656 34.0736 -7.29775 -2.88859 33.4848 -5.73057 -5.92015 30.2384 -4.25669 -7.61608 27.5665 -2.65583 -5.81764 31.0738 -2.12033 -7.41636 28.3534 -3.15889 -2.79292 34.6947 -8.55166 0.745309 36.4834 -3.58877 0.854303 38.0374 -13.6982 5.14423 35.883 -9.10388 4.99004 38.6388 -3.76006 4.885139 40.4023 -20.3474 9.605249 28.9367 -17.5031 9.10202 33.5216 -14.0798 8.710369 37.0625 -9.33408 8.44231 39.8722 -3.85798 8.25338 41.6514 -20.2788 13.4886 29.4944 -17.5375 13.0397 34.2539 -14.1514 12.6828 37.9809 -9.39126 12.4263 40.7942 -3.91301 12.2462 42.5433 -21.5108 10.2776 22.8324 -21.517 14.087 23.1941 -19.7588 10.9482 16.7436 -17.28 16.5966 34.6135 -13.8444 16.2459 38.5545 -9.21113 16.0077 41.3622 -3.87947 15.8433 43.0786 -19.9401 17.0085 29.8993 -21.2021 17.5719 23.505 -19.7711 14.6911 16.8332 -16.078 11.4268 12.3988 -16.0276 15.0958 12.5725 -19.5526 18.1345 17.12 -20.4443 21.5703 23.8652 -19.1797 20.9614 30.3577 -16.5716 20.5341 34.9446 -13.1817 20.1743 38.7499 -8.75921 19.925 41.519 -3.72087 19.7572 43.1607 -10.7585 15.3218 10.1942 -15.8077 18.5131 12.8246 -18.9369 22.1527 17.6568 -17.9141 24.7152 30.5414 -19.1817 25.1549 24.3411 -17.9166 25.6378 18.375 -15.3031 22.5602 13.3123 -10.4875 18.7225 10.4491 -5.21993 15.4034 9.33602 -5.27835 18.8037 9.528671 -10.0967 22.7792 10.9787 -4.98418 22.8649 10.0657 -14.4467 25.9843 14.114 -9.48467 26.0369 11.769 -4.55839 26.0236 10.8163 -16.3626 29.4177 19.3644 -13.4269 29.5204 15.1942 -8.70768 29.3774 13.008 -12.2139 32.2506 16.3643 -4.10895 29.3072 12.1267 -7.7841 32.09299 14.4552 -3.60844 32.035 13.7346 -17.2832 28.9839 24.9171 -14.8652 32.1317 20.3116 -10.2203 35.1341 18.5691 -6.61686 35.0231 16.6091 -3.00272 34.8052 15.8427 -16.2653 28.5302 30.5854 -15.4668 31.7913 25.4121 -12.3933 35.0019 21.724 -4.8403 37.3515 19.2753 -2.23004 37.3105 18.4738 -1.59331 38.6934 20.7468 -3.46842 38.7043 21.4743 -5.31389 38.6964 23.0014 -7.40435 37.4748 21.1599 -9.108791 37.3256 23.5325 -6.2461 38.6441 24.8941 -12.7442 34.805 25.954 -9.54606 37.2968 26.4926 -6.59025 38.5424 26.859 -14.3377 31.3555 30.3786 -11.7958 34.5475 30.0107 -8.91709 37.0806 29.4335 -6.22696 38.4065 28.8134 -15.5843 24.3432 34.9261 -14.0306 28.0909 34.543 -12.2024 24.0447 38.48911 -12.3656 31.0354 33.9962 -10.9382 27.771 37.8271 -8.03242 23.8146 41.0667 -10.0496 34.2716 33.0891 -9.5762 30.7443 36.82211 -7.15925 27.4454 40.1765 -3.3819 23.6564 42.5453 -2.98447 27.2017 41.4944 -6.27052 30.474 38.8541 -2.6053 30.2637 39.9534 -7.7268 33.9763 35.2866 -5.030291 33.7725 36.7691 -2.03064 33.6056 37.5332 -7.43177 36.8609 31.8655 -5.67184 36.6818 33.3621 -3.76821 36.4902 34.5519 -1.53594 36.3266 35.1372 -5.23681 38.2844 30.5756 -4.05815 38.1074 31.7738 -2.7116 37.988 32.614 -1.0894 37.9032 33.08431 0 44.2536 23.1604 1.08533 44.2407 23.327 2.28135 44.2167 23.8202 0.368479 51.4258 26.8675 0 51.446 26.8226 0 51.6325 27.1401 0.821563 51.38219 27.0073 3.59764 44.1449 24.9385 1.26484 51.3194 27.3493 0.317861 51.617 27.1855 0 51.6787 27.4509 0.267244 51.6729 27.4968 0.666348 51.5757 27.3121 0.511131 51.6542 27.6102 0.699751 51.6213 27.7747 0.982294 51.5279 27.5654 0.830409 51.5877 28.0534 1.1818 51.4853 27.9176 0.890441 51.5629 28.33841 1.5332 51.2593 27.7725 4.26818 44.06129 26.1452 4.51498 43.96709 27.4855 1.61961 51.21429 28.3042 4.2856 43.8633 28.8224 1.25502 51.4521 28.3251 1.53568 51.1933 28.8181 3.62193 43.7546 30.0332 0.86097 51.55659 28.6147 1.19832 51.4325 28.7197 0.765879 51.5556 28.8162 1.33286 51.2013 29.2152 1.04937 51.436 29.0191 2.75162 43.6834 30.8188 0.993829 51.2142 29.4976 0.79314 51.4469 29.2594 0.592452 51.5644 29.0145 1.80082 43.6363 31.3298 0.64662 51.221 29.6575 0.75007 43.6003 31.717 0.523071 51.4539 29.3997 0.268269 51.2267 29.7658 0.399522 51.5713 29.1345 0.174996 51.5771 29.2246 0.221633 51.4614 29.50061 0 51.5795 29.2536 0 51.4675 29.5277 0 51.2302 29.7845 0 43.5894 31.8329 -1.08533 44.2407 23.327 -0.368479 51.4258 26.8675 -2.28135 44.2167 23.8202 -0.821563 51.38219 27.0073 -0.317861 51.617 27.1855 -0.267244 51.6729 27.4968 -0.666348 51.5757 27.3121 -0.511131 51.6542 27.6102 -0.699751 51.6213 27.7747 -0.982294 51.5279 27.5654 -0.830409 51.5877 28.0534 -1.26484 51.3194 27.3493 -1.1818 51.4853 27.9176 -0.890441 51.5629 28.33841 -3.59764 44.1449 24.9385 -1.5332 51.2593 27.7725 -4.26818 44.06129 26.1452 -4.51498 43.96709 27.4855 -1.61961 51.21429 28.3042 -4.2856 43.8633 28.8224 -1.25502 51.4521 28.3251 -1.53568 51.1933 28.8181 -3.62193 43.7546 30.0332 -0.86097 51.55659 28.6147 -1.19832 51.4325 28.7197 -0.765879 51.5556 28.8162 -1.33286 51.2013 29.2152 -1.04937 51.436 29.0191 -2.75162 43.6834 30.8188 -0.993829 51.2142 29.4976 -0.79314 51.4469 29.2594 -0.592452 51.5644 29.0145 -1.80082 43.6363 31.3298 -0.64662 51.221 29.6575 -0.75007 43.6003 31.717 -0.523071 51.4539 29.3997 -0.268269 51.2267 29.7658 -0.399522 51.5713 29.1345 -0.174996 51.5771 29.2246 -0.221633 51.4614 29.50061 0 47.2335 28.8019 0.174997 47.23109 28.77301 0.399522 47.2253 28.6829 0.592452 47.2184 28.5629 0.765879 47.20959 28.3645 0.860971 47.2106 28.163 0.890442 47.2169 27.8867 0.83041 47.2503 27.6044 0.699751 47.2753 27.3231 0.511132 47.3082 27.1586 0.267244 47.3269 27.0452 0 47.3327 26.9993 -0.267244 47.3269 27.0452 -0.511132 47.3082 27.1586 -0.699751 47.2753 27.3231 -0.83041 47.2503 27.6044 -0.890442 47.2169 27.8867 -0.860971 47.2106 28.163 -0.765879 47.20959 28.3645 -0.592452 47.2184 28.5629 -0.399522 47.2253 28.6829 -0.174997 47.23109 28.77301 0 47.2639 27.8935 22.0016 17.1719 61.9118 22.0213 15.7904 55.0403 19.1563 16.9661 56.56499 25.0137 15.936 60.3089 16.2912 15.7904 58.08969 27.6701 15.7488 65.7563 18.9896 15.936 63.5147 24.847 16.9072 67.2587 22.0239 15.7488 68.761 18.7141 15.3329 49.9393 23.2081 12.9521 54.40879 19.7097 12.9521 49.4095 15.1044 12.9521 58.72129 13.9076 15.3329 52.4971 12.9122 12.9521 53.02679 30.0913 15.3286 71.3289 28.8395 12.9521 65.134 31.0849 12.9521 70.80009 20.8545 12.9521 69.3833 25.2934 15.3286 73.8821 24.2997 12.9521 74.41089 16.5993 12.9521 45.30149 16.3109 16.319 51.2182 15.8148 14.8284 45.719 26.2613 12.9521 59.645 17.7419 12.9521 64.1787 11.2423 12.9521 48.15219 32.6974 12.9521 76.80299 27.6924 16.313 72.6055 32.0649 14.465 77.1396 28.378 12.9521 79.10159 13.6597 12.9521 40.9987 12.0268 14.8284 47.7348 13.9208 15.6056 46.7269 33.566 12.9521 82.37109 29.0105 14.465 78.765 30.5377 15.0916 77.9523 13.0235 14.4144 41.3372 13.2372 12.9591 40.2735 9.315539 12.9521 43.31039 9.951729 14.4144 42.9719 33.4115 13.3216 82.45329 33.313 12.9521 83.1675 32.5111 12.9521 82.9324 12.5979 14.4067 40.6318 12.8147 12.966 39.5484 11.4876 15.0201 42.1545 8.50943 14.3821 42.5355 7.23892 12.962 43.1148 33.0386 13.4746 82.65179 32.6657 13.3216 82.85019 12.1782 14.3989 39.9375 10.5626 13.0023 35.6488 10.7917 14.9819 41.40269 7.40952 14.3498 42.0236 3.76848 12.9784 42.6043 9.882191 14.4209 36.0109 10.1358 14.9485 40.8024 4.42619 14.4209 39.7158 1.7429 13.0023 41.239 7.25447 15.0085 37.9173 22.0016 8.73237 61.9118 16.2912 10.1139 58.08969 19.1563 8.93824 56.56499 18.9896 9.968309 63.5147 22.0213 10.1139 55.0403 22.0239 10.1555 68.761 25.0137 9.968309 60.3089 24.847 8.997059 67.2587 27.6701 10.1555 65.7563 13.9076 10.5714 52.4971 18.7141 10.5714 49.9393 25.2934 10.5757 73.8821 30.0913 10.5757 71.3289 16.3109 9.585239 51.2182 12.0268 11.0759 47.7348 27.6924 9.59129 72.6055 29.0105 11.4393 78.765 15.8148 11.0759 45.719 13.9208 10.2987 46.7269 32.0649 11.4393 77.1396 30.5377 10.8127 77.9523 9.951729 11.4899 42.9719 8.50943 11.5424 42.5355 13.0235 11.4899 41.3372 32.6657 12.5827 82.85019 7.40952 11.5949 42.0236 11.4876 10.8842 42.1545 10.7917 10.9633 41.40269 33.0386 12.4297 82.65179 33.4115 12.5827 82.45329 4.42619 11.5837 39.7158 10.1358 10.9928 40.8024 12.5979 11.5115 40.6318 7.25447 10.9961 37.9173 12.1782 11.5332 39.9375 9.882191 11.5837 36.0109 13.6504 0.564666 19.9266 9.88575 1.5889 18.4854 9.76598 0.564666 18.8923 13.7702 1.5889 19.5197 9.88575 -0.459578 18.4854 17.5876 1.5889 20.7819 13.7702 -0.459578 19.5197 17.4678 0.564666 21.1888 17.5876 -0.459578 20.7819 10.1749 2.01316 17.503 10.1749 -0.883837 17.503 20.3455 1.5889 22.0502 17.8767 2.01316 19.7995 20.7568 2.01316 21.115 17.8767 -0.883837 19.7995 20.3455 -0.459578 22.0502 20.7568 -0.883837 21.115 14.0593 2.01316 18.5373 10.464 1.5889 16.5206 14.0593 -0.883837 18.5373 10.464 -0.459578 16.5206 23.5614 2.072969 22.7884 20.1752 0.564666 22.4376 23.018 1.631201 23.7039 21.1682 -0.459578 20.1798 23.5614 -0.943647 22.7884 24.1047 -0.501869 21.8729 14.3485 1.5889 17.555 10.5838 0.564666 16.1137 21.1682 1.5889 20.1798 18.1659 1.5889 18.8171 14.3485 -0.459578 17.555 26.382 2.215889 25.4217 24.1047 1.631201 21.8729 27.108 1.73225 24.4194 23.018 -0.501869 23.7039 22.7929 0.564667 24.0831 18.1659 -0.459578 18.8171 27.108 -0.602934 24.4194 24.3298 0.564667 21.4936 27.4087 0.564667 24.0043 14.4682 0.564666 17.148 21.3386 0.564666 19.7924 18.2856 0.564666 18.4102 29.7501 1.98985 26.9094 25.656 1.73225 26.4239 28.9328 2.58018 28.0766 26.382 -1.086559 25.4217 25.656 -0.602934 26.4239 30.0886 0.564667 26.4259 31.1444 2.09125 28.0006 31.4353 0.564666 27.3951 25.3552 0.564667 26.8391 28.1155 1.98985 29.2439 29.7501 -0.860533 26.9094 28.9328 -1.45086 28.0766 32.199 0.564666 28.7003 30.4422 2.59804 29.4624 31.9989 1.83806 29.1882 28.1155 -0.860533 29.2439 27.7769 0.564667 29.7274 31.516 2.36552 30.3662 29.74 2.09125 30.9242 30.4422 -1.46871 29.4624 31.1444 -0.961934 28.0006 29.4491 0.564666 31.5297 29.74 -0.961934 30.9242 31.0331 1.83806 31.5443 31.516 -1.2362 30.3662 31.9989 -0.708738 29.1882 30.8331 0.564666 32.0322 31.0331 -0.708738 31.5443 32.2375 0.564667 30.7575 -22.0016 17.1719 61.9118 -22.0213 15.7904 55.0403 -25.0137 15.936 60.3089 -19.1563 16.9661 56.565 -27.6701 15.7488 65.7563 -16.2912 15.7904 58.0897 -24.847 16.9072 67.2587 -18.9896 15.936 63.5147 -22.0239 15.7488 68.761 -23.2081 12.9521 54.4088 -18.7141 15.3329 49.9393 -19.7097 12.9521 49.4095 -30.0913 15.3286 71.3289 -28.8395 12.9521 65.134 -31.0849 12.9521 70.8001 -15.1044 12.9521 58.7213 -13.9076 15.3329 52.4971 -12.9122 12.9521 53.0268 -25.2934 15.3286 73.8821 -20.8545 12.9521 69.3833 -24.2997 12.9521 74.4109 -26.2613 12.9521 59.645 -16.5993 12.9521 45.30149 -16.3109 16.319 51.2182 -15.8148 14.8284 45.719 -32.6974 12.9521 76.803 -27.6924 16.313 72.6055 -32.0649 14.465 77.1396 -17.7419 12.9521 64.1787 -11.2423 12.9521 48.1522 -28.378 12.9521 79.1016 -13.6597 12.9521 40.9987 -12.0268 14.8284 47.7348 -13.9208 15.6056 46.7269 -33.56601 12.9521 82.3711 -29.0105 14.465 78.765 -30.5377 15.0916 77.9523 -13.0235 14.4144 41.3372 -13.2372 12.9591 40.2735 -9.31554 12.9521 43.31039 -33.4115 13.3216 82.4533 -33.313 12.9521 83.1675 -32.5111 12.9521 82.9324 -32.6657 13.3216 82.8502 -12.5979 14.4067 40.6318 -12.8147 12.966 39.5484 -9.95173 14.4144 42.9719 -11.4876 15.0201 42.1545 -33.0386 13.4746 82.6518 -12.1782 14.3989 39.9375 -10.5626 13.0023 35.6488 -10.7917 14.9819 41.40269 -8.50943 14.3821 42.5355 -7.23892 12.962 43.1148 -9.882191 14.4209 36.0109 -7.40952 14.3498 42.0236 -3.76848 12.9784 42.6043 -10.1358 14.9485 40.8024 -4.42619 14.4209 39.7158 -1.7429 13.0023 41.239 -7.25447 15.0085 37.9173 -22.0016 8.73237 61.9118 -16.2912 10.1139 58.0897 -18.9896 9.968309 63.5147 -19.1563 8.93824 56.565 -22.0239 10.1555 68.761 -22.0213 10.1139 55.0403 -24.847 8.997059 67.2587 -25.0137 9.968309 60.3089 -27.6701 10.1555 65.7563 -13.9076 10.5714 52.4971 -25.2934 10.5757 73.8821 -18.7141 10.5714 49.9393 -30.0913 10.5757 71.3289 -16.3109 9.585239 51.2182 -12.0268 11.0759 47.7348 -27.6924 9.59129 72.6055 -29.0105 11.4393 78.765 -15.8148 11.0759 45.719 -13.9208 10.2987 46.7269 -32.0649 11.4393 77.1396 -30.5377 10.8127 77.9523 -9.95173 11.4899 42.9719 -8.50943 11.5424 42.5355 -32.6657 12.5827 82.8502 -33.4115 12.5827 82.4533 -7.40952 11.5949 42.0236 -10.7917 10.9633 41.40269 -10.1358 10.9928 40.8024 -13.0235 11.4899 41.3372 -11.4876 10.8842 42.1545 -33.0386 12.4297 82.6518 -12.1782 11.5332 39.9375 -7.25447 10.9961 37.9173 -9.882191 11.5837 36.0109 -12.5979 11.5115 40.6318 -4.42619 11.5837 39.7158 -13.6504 0.564666 19.9266 -9.88575 1.5889 18.4854 -13.7702 1.5889 19.5197 -9.76598 0.564666 18.8923 -17.5876 1.5889 20.7819 -9.88575 -0.459578 18.4854 -17.4678 0.564666 21.1888 -13.7702 -0.459578 19.5197 -17.5876 -0.459578 20.7819 -10.1749 2.01316 17.503 -20.3455 1.5889 22.0502 -17.8767 2.01316 19.7995 -20.7568 2.01316 21.115 -10.1749 -0.883837 17.503 -20.3455 -0.459578 22.0502 -17.8767 -0.883837 19.7995 -20.7568 -0.883837 21.115 -14.0593 2.01316 18.5373 -10.464 1.5889 16.5206 -23.5614 2.072969 22.7884 -20.1752 0.564666 22.4376 -23.018 1.631201 23.7039 -14.0593 -0.883837 18.5373 -10.464 -0.459578 16.5206 -23.5614 -0.943647 22.7884 -21.1682 -0.459578 20.1798 -24.1047 -0.501869 21.8729 -14.3485 1.5889 17.555 -10.5838 0.564666 16.1137 -21.1682 1.5889 20.1798 -18.1659 1.5889 18.8171 -26.382 2.215889 25.4217 -24.1047 1.631201 21.8729 -27.108 1.73225 24.4194 -23.018 -0.501869 23.7039 -22.7929 0.564667 24.0831 -14.3485 -0.459578 17.555 -18.1659 -0.459578 18.8171 -27.108 -0.602934 24.4194 -24.3298 0.564667 21.4936 -27.4087 0.564667 24.0043 -14.4682 0.564666 17.148 -21.3386 0.564666 19.7924 -18.2856 0.564666 18.4102 -29.7501 1.98985 26.9094 -25.656 1.73225 26.4239 -28.9328 2.58018 28.0766 -26.382 -1.086559 25.4217 -25.656 -0.602934 26.4239 -30.0886 0.564667 26.4259 -31.1444 2.09125 28.0006 -31.4353 0.564666 27.3951 -25.3552 0.564667 26.8391 -28.1155 1.98985 29.2439 -29.7501 -0.860533 26.9094 -28.9328 -1.45086 28.0766 -32.19901 0.564666 28.7003 -30.4422 2.59804 29.4624 -31.9989 1.83806 29.1882 -28.1155 -0.860533 29.2439 -27.7769 0.564667 29.7274 -31.1444 -0.961934 28.0006 -31.516 2.36552 30.3662 -29.74 2.09125 30.9242 -30.4422 -1.46871 29.4624 -29.74 -0.961934 30.9242 -31.0331 1.83806 31.5443 -29.4491 0.564666 31.5297 -31.9989 -0.708738 29.1882 -31.516 -1.2362 30.3662 -30.8331 0.564666 32.0322 -31.0331 -0.708738 31.5443 -32.2375 0.564667 30.7575 24.5355 -11.329 29.0884 24.4444 -10.1766 27.6548 23.916 -9.69927 28.6786 24.6633 -11.329 27.2306 23.3876 -10.1766 29.7025 24.4444 -12.4814 27.6548 23.1687 -11.329 30.1266 23.916 -12.9588 28.6786 23.3876 -12.4814 29.7025 35.9626 -8.695499 17.7328 39.5897 -9.00815 13.5471 37.5178 -8.04683 11.6452 40.50681 -11.329 14.3904 33.74281 -7.60465 15.6185 37.0023 -11.329 18.7253 30.0519 -7.35322 19.5211 33.0104 -11.329 22.7188 32.14391 -8.5177 21.7822 43.1907 -9.2359 9.161513 43.9419 -11.329 9.868353 27.6 -8.5177 16.8709 35.5548 -9.00815 9.845853 31.0199 -8.695501 13.0156 28.4239 -8.535542 25.3362 26.8046 -7.378441 23.187 45.2021 -11.329 6.683492 40.0775 -9.2359 6.232163 41.3772 -8.3689 7.455093 26.7335 -11.329 15.9344 25.1816 -8.53554 20.9704 24.5369 -11.329 20.1047 29.0058 -11.329 26.1429 44.7501 -9.59973 6.282152 46.0072 -11.329 3.708262 39.4138 -11.329 5.607692 34.6377 -11.329 9.002603 30.0425 -11.329 12.0836 23.3026 -11.329 23.399 24.3171 -7.985249 26.2557 23.6394 -8.964611 24.2346 25.1227 -8.964609 28.4312 25.4488 -11.329 29.2491 45.6731 -10.168 3.415922 46.0556 -11.329 0.986086 43.2788 -8.88343 4.955592 42.214 -9.59973 4.011442 41.762 -11.329 3.610102 22.048 -11.329 25.6394 23.5938 -9.348049 29.9015 23.6355 -11.329 30.7792 22.3626 -9.44458 26.2267 22.9786 -8.821579 27.918 45.8907 -10.8797 0.87398 45.3959 -11.329 -0.216398 43.9177 -10.168 2.045952 43.5533 -11.329 1.785772 44.72231 -9.68709 2.668882 22.3775 -10.2331 30.4261 22.2443 -11.329 30.9535 21.4747 -10.2331 27.9403 21.8073 -9.941902 29.2053 45.4167 -10.6936 0.606041 45.0906 -10.8797 0.396755 44.9257 -11.329 0.284659 21.1808 -11.329 29.8584 21.1068 -11.329 27.6602 35.9626 -13.9626 17.7328 37.5178 -14.6112 11.6452 39.5897 -13.6499 13.5471 33.74281 -15.0534 15.6185 30.0519 -15.3048 19.5211 32.14391 -14.1403 21.7822 43.1907 -13.4221 9.161513 35.5548 -13.6499 9.845853 41.3772 -14.2891 7.455093 40.0775 -13.4221 6.232163 26.8046 -15.2796 23.187 27.6 -14.1403 16.8709 25.1816 -14.1225 20.9704 28.4239 -14.1225 25.3362 31.0199 -13.9626 13.0156 44.7501 -13.0583 6.282152 43.2788 -13.7746 4.955592 23.6394 -13.6934 24.2346 25.1227 -13.6934 28.4312 42.214 -13.0583 4.011442 45.6731 -12.49 3.415922 24.3171 -14.6728 26.2557 23.5938 -13.31 29.9015 43.9177 -12.49 2.045952 44.72231 -12.971 2.668882 22.3626 -13.2135 26.2267 22.9786 -13.8365 27.918 22.3775 -12.4249 30.4261 45.0906 -11.7783 0.396755 45.8907 -11.7783 0.87398 45.4167 -11.9644 0.606041 21.4747 -12.4249 27.9403 21.8073 -12.7161 29.2053 -24.5355 -11.329 29.0884 -23.916 -9.69927 28.6786 -24.4444 -10.1766 27.6548 -23.3876 -10.1766 29.7025 -24.6633 -11.329 27.2306 -23.1687 -11.329 30.1266 -24.4444 -12.4814 27.6548 -23.3876 -12.4814 29.7025 -23.916 -12.9588 28.6786 -35.9626 -8.695499 17.7328 -37.5178 -8.04683 11.6452 -39.5897 -9.00815 13.5471 -33.7428 -7.60465 15.6185 -40.5068 -11.329 14.3904 -30.0519 -7.35322 19.5211 -37.0023 -11.329 18.7253 -32.1439 -8.5177 21.7822 -33.0104 -11.329 22.7188 -43.1907 -9.2359 9.16151 -35.5548 -9.00815 9.845849 -41.3772 -8.3689 7.455089 -40.0775 -9.2359 6.232159 -43.9419 -11.329 9.868349 -26.8046 -7.378441 23.187 -27.6 -8.5177 16.8709 -25.1816 -8.53554 20.9704 -28.4239 -8.535542 25.3362 -29.0058 -11.329 26.1429 -39.4138 -11.329 5.607689 -31.0199 -8.695501 13.0156 -34.6377 -11.329 9.002599 -44.7501 -9.599729 6.282148 -43.2788 -8.883429 4.955588 -45.2021 -11.329 6.683489 -23.6394 -8.964611 24.2346 -24.5369 -11.329 20.1047 -23.3026 -11.329 23.399 -25.1227 -8.964609 28.4312 -25.4488 -11.329 29.2491 -42.214 -9.599729 4.011439 -41.762 -11.329 3.610099 -30.0425 -11.329 12.0836 -46.0072 -11.329 3.70826 -45.6731 -10.168 3.415919 -24.3171 -7.985252 26.2557 -26.7335 -11.329 15.9344 -22.048 -11.329 25.6394 -23.5938 -9.348049 29.9015 -23.6355 -11.329 30.7792 -43.9177 -10.168 2.045949 -43.5533 -11.329 1.785769 -44.7223 -9.68709 2.66888 -46.0556 -11.329 0.986083 -22.3626 -9.44458 26.2267 -22.9786 -8.821579 27.918 -22.3775 -10.2331 30.4261 -22.2443 -11.329 30.9535 -45.0906 -10.8797 0.396752 -44.9257 -11.329 0.284656 -45.8907 -10.8797 0.873977 -45.41669 -10.6936 0.606038 -21.4747 -10.2331 27.9403 -21.8073 -9.941902 29.2053 -21.1808 -11.329 29.8584 -45.3959 -11.329 -0.216401 -21.1068 -11.329 27.6602 -35.9626 -13.9626 17.7328 -37.5178 -14.6112 11.6452 -33.7428 -15.0534 15.6185 -39.5897 -13.6499 13.5471 -30.0519 -15.3048 19.5211 -32.1439 -14.1403 21.7822 -35.5548 -13.6499 9.845849 -43.1907 -13.4221 9.16151 -40.0775 -13.4221 6.232159 -41.3772 -14.2891 7.455089 -26.8046 -15.2796 23.187 -27.6 -14.1403 16.8709 -25.1816 -14.1225 20.9704 -28.4239 -14.1225 25.3362 -31.0199 -13.9626 13.0156 -44.7501 -13.0583 6.282148 -43.2788 -13.7746 4.955588 -23.6394 -13.6934 24.2346 -25.1227 -13.6934 28.4312 -42.214 -13.0583 4.011439 -24.3171 -14.6728 26.2557 -23.5938 -13.31 29.9015 -43.9177 -12.49 2.045949 -45.6731 -12.49 3.415919 -44.7223 -12.971 2.66888 -22.3626 -13.2135 26.2267 -22.9786 -13.8365 27.918 -22.3775 -12.4249 30.4261 -45.0906 -11.7783 0.396752 -45.8907 -11.7783 0.873977 -45.41669 -11.9644 0.606038 -21.4747 -12.4249 27.9403 -21.8073 -12.7161 29.2053 54.48389 -2.12861 5.272751 53.2537 -1.33978 4.143471 56.6195 -0.982017 2.290083 49.4873 -1.68194 7.65022 57.5905 -0.529014 3.090413 50.8519 -2.6125 8.986421 55.91019 -1.33978 6.594041 52.5301 -1.68194 10.6296 55.85329 -0.529014 1.676583 52.74409 0.564656 3.675721 57.9188 0.564656 3.389343 57.8207 0.115354 0.516143 57.9833 0.564656 0.631498 48.3829 -1.82463 15.2807 46.346 -2.81429 13.3412 55.4941 0.564656 1.409213 48.7921 0.564656 6.96959 56.4197 0.564656 7.061791 57.3521 -0.070756 0.238834 57.1939 0.564656 -0.734427 43.9922 -2.08359 19.8032 53.2252 0.564656 11.3102 45.029 0.564655 20.7987 49.2844 0.564656 16.1406 57.0302 0.115354 0.023115 56.8676 0.564656 -0.092249 44.6641 -1.82463 11.7493 40.37659 0.564655 25.4562 41.7782 -3.180531 17.6827 39.4644 -2.258329 24.5631 43.7625 0.564656 10.8893 35.3601 -2.110201 28.8458 36.07059 0.564655 29.6632 39.5155 -2.083591 15.5146 37.2623 -3.42766 22.4069 32.8516 -1.747398 31.5862 33.3725 0.564655 32.3172 33.6447 -3.21817 26.8723 38.54079 0.564656 14.5798 34.6813 -2.258329 19.8797 31.1345 -1.416302 33.0764 31.4349 0.564655 33.8273 31.5938 -2.705091 29.8215 31.6102 -2.110199 24.5863 33.7692 0.564655 18.9866 30.166 -0.531212 33.6662 30.3727 0.564655 34.1929 30.3022 -1.942789 31.6873 30.1426 -1.7474 27.8674 30.8997 0.564655 23.7689 29.3362 0.564655 33.43159 29.6442 -0.822456 32.8276 29.0936 -1.4163 29.7777 29.6066 0.564655 27.1218 28.8331 -0.531214 31.5987 28.5691 0.564655 31.1918 28.6956 0.564655 29.1639 48.3829 2.95394 15.2807 52.5301 2.81125 10.6296 50.8519 3.74182 8.986421 46.346 3.94361 13.3412 43.9922 3.21291 19.8032 54.48389 3.25793 5.272751 55.91019 2.46909 6.594041 41.7782 4.309851 17.6827 49.4873 2.81125 7.65022 44.6641 2.95394 11.7493 57.5905 1.65834 3.090423 53.2537 2.46909 4.143471 56.6195 2.11134 2.290083 39.5155 3.21291 15.5146 39.4644 3.387659 24.5631 37.2623 4.55698 22.4069 55.85329 1.65834 1.676593 57.8207 1.01397 0.516143 57.3521 1.20008 0.238834 34.6813 3.387661 19.8797 35.3601 3.239531 28.8458 33.6447 4.3475 26.8723 57.0302 1.01397 0.023113 31.6102 3.239531 24.5863 31.5938 3.83441 29.8215 30.1426 2.87673 27.8674 32.8516 2.87673 31.5862 31.1345 2.54563 33.0763 29.0936 2.54563 29.7777 30.3022 3.0721 31.6873 30.166 1.660542 33.6662 28.8331 1.66054 31.5987 29.6442 1.95178 32.8276 -54.4839 -2.128608 5.27275 -56.6195 -0.982016 2.29008 -53.2537 -1.339778 4.14347 -57.5905 -0.529013 3.09041 -49.4873 -1.681937 7.65022 -55.9102 -1.339778 6.59404 -50.8519 -2.612497 8.98642 -52.53011 -1.681937 10.6296 -55.8533 -0.529013 1.67658 -57.82071 0.115354 0.51614 -57.3521 -0.070756 0.238831 -46.346 -2.814287 13.3412 -52.7441 0.564658 3.67572 -44.6641 -1.824627 11.7493 -48.7921 0.564659 6.96959 -56.4197 0.564658 7.06179 -57.9188 0.564657 3.38934 -57.1939 0.564656 -0.73443 -57.98331 0.564656 0.631495 -48.3829 -1.824628 15.2807 -43.7625 0.564659 10.8893 -55.4941 0.564657 1.40921 -57.0302 0.115354 0.023111 -53.2252 0.564659 11.3102 -41.7782 -3.180529 17.6827 -43.9922 -2.083588 19.8032 -39.5155 -2.083589 15.5146 -38.5408 0.564658 14.5798 -56.8676 0.564656 -0.092253 -49.2844 0.564658 16.1406 -39.4644 -2.258329 24.5631 -45.029 0.564657 20.7987 -40.3766 0.564657 25.4562 -34.6813 -2.258329 19.8797 -33.7692 0.564657 18.9866 -37.2623 -3.427658 22.4069 -35.3601 -2.110199 28.8458 -36.0706 0.564655 29.6632 -30.8997 0.564657 23.7689 -33.6447 -3.21817 26.8723 -31.6102 -2.110199 24.5863 -32.8516 -1.747402 31.5862 -33.37251 0.564655 32.3172 -29.6066 0.564657 27.1218 -31.5938 -2.705091 29.8215 -30.1426 -1.7474 27.8674 -31.1345 -1.416302 33.0764 -31.4349 0.564655 33.8273 -28.6956 0.564655 29.1639 -30.3022 -1.942789 31.6873 -29.0936 -1.4163 29.7777 -30.166 -0.531212 33.6662 -30.3727 0.564655 34.1929 -28.5691 0.564655 31.1918 -29.6442 -0.82246 32.8276 -28.8331 -0.531214 31.5987 -29.3362 0.564655 33.4316 -48.3829 2.953942 15.2807 -50.8519 3.741823 8.98642 -52.53011 2.811253 10.6296 -46.346 3.943613 13.3412 -43.9922 3.212912 19.8032 -54.4839 3.257932 5.27275 -49.4873 2.811253 7.650219 -53.2537 2.469092 4.143469 -41.7782 4.309853 17.6827 -39.4644 3.387661 24.5631 -56.6195 2.111341 2.29008 -55.9102 2.469092 6.594039 -57.5905 1.658341 3.09042 -44.6641 2.953943 11.7493 -35.3601 3.239531 28.8458 -57.82071 1.01397 0.51614 -55.8533 1.658341 1.67659 -57.3521 1.200081 0.238831 -37.2623 4.556982 22.4069 -39.5155 3.212913 15.5146 -32.8516 2.87673 31.5862 -33.6447 4.3475 26.8723 -34.6813 3.387661 19.8797 -31.1345 2.54563 33.0763 -57.0302 1.01397 0.023109 -31.5938 3.83441 29.8215 -31.6102 3.239531 24.5863 -30.166 1.660538 33.6662 -30.3022 3.0721 31.6873 -30.1426 2.87673 27.8674 -29.6442 1.95178 32.8276 -29.0936 2.54563 29.7777 -28.8331 1.66054 31.5987 18.0158 -10.2832 20.7613 17.3406 -9.84997 21.6151 21.5353 -10.113 24.6183 13.8508 -9.9069 18.4921 21.8319 -11.329 24.2073 14.3854 -10.3234 17.6348 18.2955 -11.329 20.4077 20.8194 -9.60938 25.6106 13.3163 -10.3234 19.3494 16.6653 -10.2832 22.4688 23.3996 -11.329 25.8505 14.6068 -11.329 17.2797 8.7962 -10.405 16.591 9.133421 -10.0223 15.7309 20.1035 -10.113 26.603 23.13 -10.0359 26.3052 22.479 -9.50025 27.403 9.470641 -10.405 14.8709 9.610321 -11.329 14.5146 8.65652 -11.329 16.9472 13.0948 -11.329 19.7045 21.8281 -10.0359 28.5007 16.3856 -11.329 22.8224 19.8069 -11.329 27.014 4.19657 -10.6414 12.7871 4.30051 -11.329 12.5219 3.69467 -10.6414 14.0671 3.945621 -10.3566 13.4271 13.3163 -12.3346 19.3494 3.59072 -11.329 14.3322 8.7962 -12.253 16.591 21.5585 -11.329 28.9554 16.6653 -12.3749 22.4688 20.1035 -12.545 26.603 3.69467 -12.0166 14.0671 13.8508 -12.7511 18.4921 9.133421 -12.6357 15.7309 21.8281 -12.6222 28.5007 17.3406 -12.8081 21.6151 20.8194 -13.0487 25.6106 3.945621 -12.3014 13.4271 22.479 -13.1578 27.403 18.0158 -12.3749 20.7613 14.3854 -12.3346 17.6348 9.470641 -12.253 14.8709 4.19657 -12.0166 12.7871 23.1299 -12.6222 26.3052 21.5353 -12.545 24.6183 -18.0158 -10.2832 20.7613 -21.5353 -10.113 24.6183 -17.3406 -9.84997 21.6151 -21.8319 -11.329 24.2073 -13.8508 -9.9069 18.4921 -18.2955 -11.329 20.4077 -14.3854 -10.3234 17.6348 -20.8194 -9.60938 25.6106 -23.3996 -11.329 25.8505 -23.13 -10.0359 26.3052 -9.133419 -10.0223 15.7309 -13.3163 -10.3234 19.3494 -8.796198 -10.405 16.591 -14.6068 -11.329 17.2797 -22.479 -9.50025 27.403 -16.6653 -10.2832 22.4688 -20.1035 -10.113 26.603 -3.694669 -10.6414 14.0671 -9.47064 -10.405 14.8709 -3.945619 -10.3566 13.4271 -21.8281 -10.0359 28.5007 -13.0948 -11.329 19.7045 -16.3856 -11.329 22.8224 -3.590719 -11.329 14.3322 -8.656519 -11.329 16.9472 -4.196569 -10.6414 12.7871 -9.610319 -11.329 14.5146 -19.8069 -11.329 27.014 -21.5585 -11.329 28.9554 -8.796198 -12.253 16.591 -3.694669 -12.0166 14.0671 -16.6653 -12.3749 22.4688 -13.3163 -12.3346 19.3494 -4.300509 -11.329 12.5219 -20.1035 -12.545 26.603 -21.8281 -12.6222 28.5007 -9.133419 -12.6357 15.7309 -3.945619 -12.3014 13.4271 -17.3406 -12.8081 21.6151 -13.8508 -12.7511 18.4921 -20.8194 -13.0487 25.6106 -22.479 -13.1578 27.403 -9.47064 -12.253 14.8709 -4.196569 -12.0166 12.7871 -18.0158 -12.3749 20.7613 -14.3854 -12.3346 17.6348 -21.5353 -12.545 24.6183 -23.1299 -12.6222 26.3052 9.59357 -30.4539 21.8535 10.1378 -32.1583 21.0188 10.5267 -31.4669 20.3224 8.77135 -31.5386 22.309 10.1447 -30.0103 21.0023 10.5666 -32.9598 19.1564 9.31773 -32.9809 21.4232 10.1696 -33.828 19.7337 10.411 -30.1628 19.7272 10.2202 -34.1458 18 10.6262 -31.2951 19.6027 10.4717 -32.9238 17.1819 10.6273 -31.9454 18.5652 8.15862 -32.4075 22.3235 9.29288 -34.5405 20.2408 8.4966 -33.8451 21.4914 9.84618 -34.3341 15.8151 9.68022 -35.0605 18.4979 9.54993 -35.3774 16.7292 10.4083 -30.8942 18.0923 10.2869 -31.9681 16.4532 7.34629 -33.7133 22.0281 8.08862 -35.069 20.736 9.13583 -35.5419 15.3097 9.72908 -33.3547 14.8807 8.81185 -35.0653 14.2733 8.73144 -35.7561 19.0235 8.94951 -36.0478 17.2739 8.66097 -36.2713 15.5751 7.46848 -36.2779 19.5403 6.5722 -35.1721 21.2266 7.96255 -37.0219 15.9959 8.02387 -36.6984 17.7518 7.7399 -36.7127 14.2909 6.93879 -37.23949 18.1723 5.84483 -36.7414 19.8111 7.20312 -37.5638 16.5362 6.81345 -37.9022 14.6946 6.1302 -38.3796 15.24 5.65112 -37.765 18.0724 6.60959 -37.7944 16.9823 5.74448 -38.3355 16.3639 -9.59357 -30.4539 21.8535 -10.5267 -31.4669 20.3224 -10.1378 -32.1583 21.0188 -10.1447 -30.0103 21.0023 -8.77135 -31.5386 22.309 -10.5666 -32.9598 19.1564 -10.411 -30.1628 19.7272 -10.6262 -31.2951 19.6027 -9.31773 -32.9809 21.4232 -8.15862 -32.4075 22.3235 -10.6273 -31.9454 18.5652 -10.1696 -33.828 19.7337 -10.4717 -32.9238 17.1819 -10.2202 -34.1458 18 -7.34629 -33.7133 22.0281 -10.4083 -30.8942 18.0923 -9.84618 -34.3341 15.8151 -10.2869 -31.9681 16.4532 -9.72908 -33.3547 14.8807 -9.29288 -34.5405 20.2408 -9.68022 -35.0605 18.4979 -8.4966 -33.8451 21.4914 -6.5722 -35.1721 21.2266 -8.81185 -35.0653 14.2733 -9.54993 -35.3774 16.7292 -9.13583 -35.5419 15.3097 -8.08862 -35.069 20.736 -8.73144 -35.7561 19.0235 -5.84483 -36.7414 19.8111 -8.66097 -36.2713 15.5751 -7.7399 -36.7127 14.2909 -8.94951 -36.0478 17.2739 -7.46848 -36.2779 19.5403 -5.65112 -37.765 18.0724 -7.96255 -37.0219 15.9959 -6.81345 -37.9022 14.6946 -8.02387 -36.6984 17.7518 -6.93879 -37.23949 18.1723 -5.74448 -38.3355 16.3639 -7.20312 -37.5638 16.5362 -6.60959 -37.7944 16.9823 -6.1302 -38.3796 15.24 7.1638 -36.8311 12.3424 7.3952 -31.9769 14.529 5.46048 -33.1666 14.973 9.10371 -35.6624 11.9331 3.33774 -33.596 14.1573 9.908289 -38.3537 9.972221 5.04625 -37.2815 11.5615 8.1145 -39.2174 10.4541 6.10232 -39.4567 9.874582 8.00856 -30.7237 13.0853 2.27045 -33.0136 12.5597 9.544971 -40.3316 8.472952 10.5402 -37.33689 8.716121 10.0623 -39.6191 7.410022 5.08814 -38.92789 8.569622 8.0826 -40.7826 9.005372 6.46002 -40.7438 8.684562 9.7296 -34.46 10.5735 3.9915 -36.7498 10.0479 7.93783 -41.5034 6.589813 6.68089 -41.8712 7.892483 5.63788 -40.2238 7.705422 6.07668 -41.6265 7.774704 7.64394 -41.8292 7.418423 5.52606 -41.1894 7.139332 5.39394 -42.4761 6.513634 5.3574 -42.4688 6.392303 5.23908 -42.3331 6.609131 5.17445 -42.2971 6.523232 5.28286 -42.4515 6.571232 5.19545 -42.4377 6.435253 6.557321 -34.3786 8.278972 2.88382 -31.7605 11.1161 4.81854 -30.5708 10.6721 4.6174 -35.5474 8.688222 6.94128 -30.1413 11.4877 5.72007 -37.911 7.313521 8.67486 -33.9282 9.059862 7.57392 -37.0315 6.832222 9.52604 -36.808 7.411161 7.65156 -39.0396 6.117452 6.15523 -39.5113 6.642492 9.240181 -39.0991 6.430872 6.39304 -40.7072 5.963913 5.8654 -40.7721 6.359173 7.43266 -40.9749 6.002892 5.24898 -42.3145 6.344231 5.20992 -42.229 6.437622 5.35921 -42.3708 6.331642 -7.163799 -36.8311 12.3424 -7.3952 -31.9769 14.529 -9.10371 -35.6624 11.9331 -5.46048 -33.1666 14.973 -9.908289 -38.3537 9.972219 -3.337739 -33.596 14.1573 -8.1145 -39.2174 10.4541 -5.046249 -37.2815 11.5615 -6.102319 -39.4567 9.874579 -8.00856 -30.7237 13.0853 -9.544971 -40.3316 8.472949 -10.5402 -37.33689 8.716119 -10.0623 -39.6191 7.410019 -2.270449 -33.0136 12.5597 -8.0826 -40.7826 9.005368 -5.088139 -38.92789 8.569619 -6.46002 -40.7438 8.684558 -9.729599 -34.46 10.5735 -7.937829 -41.5034 6.589809 -3.991499 -36.7498 10.0479 -6.68089 -41.8712 7.892479 -5.637879 -40.2238 7.705419 -6.07668 -41.6265 7.7747 -7.643939 -41.8292 7.418419 -5.393939 -42.4761 6.51363 -5.357399 -42.4688 6.3923 -5.526059 -41.1894 7.139328 -5.282859 -42.4515 6.571228 -5.239079 -42.3331 6.609127 -5.174449 -42.2971 6.523228 -5.195449 -42.4377 6.435249 -6.55732 -34.3786 8.278969 -2.883819 -31.7605 11.1161 -4.617399 -35.5474 8.688219 -4.81854 -30.5708 10.6721 -5.720069 -37.911 7.313519 -6.941279 -30.1413 11.4877 -7.573919 -37.0315 6.832219 -8.67486 -33.9282 9.059859 -9.526039 -36.808 7.411159 -7.65156 -39.0396 6.117449 -6.15523 -39.5113 6.642488 -9.24018 -39.0991 6.430869 -6.39304 -40.7072 5.963909 -5.865399 -40.7721 6.359169 -7.43266 -40.9749 6.002888 -5.359209 -42.3708 6.331638 -5.248979 -42.3145 6.344231 -5.209919 -42.229 6.437618 0.7872 -46.07071 31.6861 1.59223 -37.68349 29.2012 0 -37.5955 29.599 2.74711 -38.1584 28.1494 0 -45.9749 31.8527 1.3509 -46.3542 31.1949 0 -50.31129 32.8257 0.281476 -50.3862 32.7876 0.510293 -50.4794 32.6308 1.56478 -46.6921 30.5024 0 -50.9104 32.56 0.587822 -50.5985 32.3951 3.1771 -38.84541 26.7259 1.35062 -47.0437 29.824 2.74234 -39.5978 25.3442 1.58819 -40.1494 24.3236 0.51029 -50.7175 32.1594 0.783817 -47.2858 29.3053 0.281474 -50.7616 31.9617 0 -40.4198 24.0065 0 -50.7874 31.8829 0 -47.36 29.11 -0.7872 -46.07071 31.6861 -1.59223 -37.68349 29.2012 -2.74711 -38.1584 28.1494 -1.3509 -46.3542 31.1949 -0.281476 -50.3862 32.7876 -1.56478 -46.6921 30.5024 -3.1771 -38.84541 26.7259 -0.510293 -50.4794 32.6308 -0.587822 -50.5985 32.3951 -2.74234 -39.5978 25.3442 -1.35062 -47.0437 29.824 -1.58819 -40.1494 24.3236 -0.51029 -50.7175 32.1594 -0.783817 -47.2858 29.3053 -0.281474 -50.7616 31.9617</float_array>
          <technique_common>
            <accessor source="#geom-Ariados-positions-array" count="1840" stride="3">
              <param name="X" type="float"/>
              <param name="Y" type="float"/>
              <param name="Z" type="float"/>
            </accessor>
          </technique_common>
        </source>
        <source id="geom-Ariados-normals">
          <float_array id="geom-Ariados-normals-array" count="5556">-7.22177e-9 -0.2067493 -0.9783939 -9.77623e-9 -0.2820154 -0.9594099 0.1989646 -0.2248548 -0.9538623 0.1667391 -0.3506702 -0.921536 -4.7965e-9 -0.1525256 -0.9882995 0.340181 -0.315409 -0.885886 0.1504998 -0.2229911 -0.9631327 -4.7644e-9 -0.116462 -0.9931951 0.2261141 -0.4460924 -0.8659526 0.1270429 -0.1558345 -0.9795793 -2.3813e-9 -0.08839561 -0.9960855 0.2412087 -0.3508956 -0.9048153 0.3525677 -0.5984815 -0.7193859 0.642458 -0.3558834 -0.6786713 0.3955929 -0.5357704 -0.74596 0.2585564 -0.2397382 -0.9357746 0.1157097 -0.1051934 -0.9876971 -2.37756e-9 -0.06287433 -0.9980214 0.4313515 -0.7619463 -0.4830875 0.7002753 -0.5580504 -0.44519 0.6141242 -0.7598137 -0.2133884 0.542305 -0.6707354 -0.5059836 0.409858 -0.879931 -0.2402869 0.5596607 -0.8266644 0.05835856 0.2480602 -0.1589452 -0.9556163 0.1071557 -0.07232237 -0.9916084 -1.19023e-9 -0.03042973 -0.9995369 0.4874423 -0.3951059 -0.7786471 0.6994361 -0.5162684 -0.4942227 0.1065799 -0.030997 -0.9938208 -1.19058e-9 0.02744252 -0.9996234 0.2561786 -0.1014929 -0.9612865 0.542125 -0.2378659 -0.8059282 0.8098751 -0.3263194 -0.4874606 0.5980099 -0.7705866 -0.2204102 0.7870931 -0.5977587 -0.1522137 0.5527569 -0.8267192 0.1048578 0.4060228 -0.9138035 0.01042245 0.9096262 -0.4011886 -0.1078327 0.2733613 -0.02681793 -0.9615375 0.5754727 -0.1217328 -0.8087103 0.8584554 -0.1671328 -0.4848927 0.9730192 -0.2190758 -0.07238365 0.3594309 -0.9144306 0.1860807 0.4927245 -0.8285834 0.2658425 0.4603595 -0.8283598 0.3192005 0.8378859 -0.4664428 0.2835109 0.7118427 -0.6659792 0.2230509 0.5854057 -0.6759528 0.4476471 0.6831811 -0.5109677 0.5217046 0.4324119 -0.693868 0.5758187 0.3210205 -0.8278946 0.4599308 0.260195 -0.9050169 0.3365159 0.338968 -0.8371233 0.4293312 0.9043871 -0.2662021 0.3334973 0.7500875 -0.3249674 0.5759904 0.9277154 -0.1126384 0.3558888 0.9961924 -0.06742408 -0.05526867 0.8797913 -0.05539849 -0.4721212 0.9983223 0.04626277 -0.03481682 0.5950524 -0.02548461 -0.8032827 0.8828986 0.05618788 -0.4661898 0.5951846 0.06905589 -0.8006164 0.5273008 -0.537663 0.6579304 0.257295 -0.71188 0.6534723 0.1861211 -0.8194438 0.5420985 0.1244625 -0.9056677 0.4053087 0.08387964 -0.8196796 0.5666477 0.2001961 -0.8281141 0.5235919 0.09354515 -0.813691 0.5737215 0.02247336 -0.9008695 0.4335081 2.52515e-9 -0.8231667 0.5677997 -1.78768e-9 -0.9124736 0.4091354 -9.55881e-9 -0.8216701 0.5699633 0.1224566 -0.7225709 0.6803644 -5.96941e-9 -0.7215365 0.6923764 0.3311741 -0.5616712 0.7581881 0.1508261 -0.5856711 0.7963924 -4.78943e-9 -0.5865682 0.8098997 0.5889801 -0.3633929 0.7218365 0.3872903 -0.3981472 0.8315558 0.1765793 -0.4241149 0.8882264 1.79379e-9 -0.4313976 0.902162 0.9903967 0.1369188 -0.01917123 0.8811484 0.1448655 -0.4501017 0.7871124 -0.186471 0.5879478 0.9346088 0.002399688 0.3556696 0.6170965 -0.2429467 0.7484443 0.8071474 -0.06124941 0.587164 0.9312808 0.09189925 0.3525203 0.9678403 0.2515653 2.29974e-4 0.4061508 -0.2714471 0.8725584 0.6364381 -0.1235071 0.7613754 0.8124473 0.04485972 0.5813062 0.9102185 0.2085606 0.3577774 0.1879328 -0.2833703 0.9404162 0.4127015 -0.1642192 0.8959405 0.6405698 -0.003031071 0.7678939 0.7983046 0.156665 0.5815204 1.196e-9 -0.2932075 0.9560488 0.1964732 -0.1807207 0.9637107 2.38863e-9 -0.1902624 0.9817333 0.4183831 -0.05338137 0.9067007 0.2015546 -0.07772695 0.9763883 4.79424e-9 -0.08261957 0.9965811 0.6277296 0.1308199 0.7673603 0.4164757 0.09434569 0.9042383 0.1968917 0.07750052 0.9773573 2.40013e-9 0.07554573 0.9971424 0.9254891 0.3775471 0.03046094 0.880794 0.3244429 0.3448749 0.7666993 0.2843571 0.5755982 0.5965419 0.2672851 0.7567672 0.3959778 0.2422709 0.8857236 0.1846922 0.2311895 0.9552174 -3.59051e-9 0.2254669 0.9742508 0.8766578 0.4782715 0.05222613 0.8220699 0.455748 0.3413136 0.708284 0.4259114 0.5629682 0.5550737 0.400697 0.7289273 0.3631933 0.3814447 0.8500532 0.1671512 0.3758298 0.9114892 -2.40091e-9 0.3740045 0.9274269 -2.39164e-9 0.5234892 0.8520322 0.8423792 0.3829907 -0.3790983 0.815767 0.4807006 -0.3216384 0.7974194 0.5976856 0.08303183 0.7453637 0.6177023 -0.2507526 0.7450955 0.5759283 0.336362 0.6523842 0.537712 0.5340979 0.4958845 0.5255964 0.6912646 0.3177176 0.5192487 0.7933702 0.1389873 0.5231665 0.8408207 -1.19212e-9 0.6338291 0.7734731 0.6144937 0.767153 -0.1840486 0.6864711 0.7217987 0.08811484 0.6645241 0.6798649 0.3101473 0.5580479 0.6576585 0.5060315 0.4099706 0.6443464 0.6455555 0.2534096 0.6355329 0.729302 0.1054823 0.6330075 0.7669256 -2.08502e-9 0.7298501 0.6836072 0.4967475 0.6211501 -0.6061472 0.4166843 0.7765643 -0.4725696 0.4654595 0.8739806 -0.1396618 0.523733 0.8498797 0.05837949 0.5026451 0.8229872 0.2646504 0.4177744 0.7972926 0.435648 0.3201952 0.7732437 0.5473292 0.2077166 0.750373 0.6275302 0.0680535 0.7341545 0.6755635 0.6616953 0.72466 -0.1924249 0.7018126 0.7106265 0.04968794 0.6766603 0.6735834 0.2973489 0.5863683 0.6279992 0.5116534 0.4509679 0.6040899 0.6570413 0.2908226 0.587159 0.7554247 0.1320239 0.558619 0.8188495 -4.96064e-9 0.5467675 0.8372845 0.5264248 0.7356608 -0.4262394 0.3348689 0.8797414 -0.3375173 0.2276838 0.5841568 -0.7790514 0.2171663 0.7230793 -0.6557402 0.2132862 0.8395369 -0.4996868 0.3515297 0.7046933 -0.6163069 0.09708296 0.5672745 -0.8177864 0.08466043 0.6836681 -0.7248659 0.1039393 0.8011673 -0.5893451 0.1742094 0.68339 -0.7089636 -2.44557e-9 0.6879137 -0.7257925 -5.98187e-10 0.7842141 -0.6204903 1.48886e-9 0.6766545 -0.7363006 2.68543e-9 0.5664808 -0.824075 -2.39113e-9 0.4472272 -0.8944203 0.1119309 0.4489849 -0.886501 1.19699e-9 0.3044375 -0.9525324 0.2620548 0.4510794 -0.853144 0.1233543 0.3117398 -0.9421263 1.19254e-9 0.1841778 -0.9828929 0.5734466 0.4550218 -0.6812592 0.2895643 0.3290391 -0.8988246 0.5880288 0.3575186 -0.7255361 0.1234452 0.1934032 -0.9733223 0.2963557 0.215827 -0.930372 0.5974683 0.2452026 -0.7634836 -3.57401e-9 0.09610666 -0.995371 0.1222865 0.0968208 -0.987761 0.2905563 0.1199935 -0.9493043 0.1137743 0.02861065 -0.9930946 0.2854491 0.05172392 -0.9569971 0.5987806 0.1366441 -0.7891705 0.8701544 0.2582017 -0.4197178 4.88632e-9 0.39381 0.9191919 2.51219e-9 0.4700219 0.8826547 0.3782099 0.4963558 0.7814014 0.3735408 0.5163894 0.7705902 0.6569949 0.4446611 0.6087973 0.675837 0.3389696 0.6544799 0.3697075 0.2662007 0.8901986 -1.19806e-9 0.2459084 0.969293 0.6941255 0.2575077 0.6722199 0.8019019 0.4382636 0.4060522 0.8468988 0.3193035 0.4252148 0.9121034 0.3513702 0.2112024 0.3402585 0.1908136 0.9207683 1.19729e-9 0.1911157 0.9815676 0.6532505 0.1884434 0.7333164 0.8340741 0.2797184 0.4754767 0.8713456 0.4459167 0.2047319 0.902209 0.4295786 -0.03848642 0.3342853 0.05878637 0.9406368 4.81486e-9 0.05736741 0.9983532 -2.394e-9 -0.07922009 0.9968572 0.6448116 0.04328778 0.7631148 0.9036571 0.3099628 0.2955113 0.893079 0.4498279 0.008034889 0.7932498 0.5186302 -0.3190259 0.8163539 0.2261233 0.5314458 0.8102175 0.02812522 0.5854542 0.3363031 -0.08963909 0.937478 0.6491603 -0.09343009 0.7548919 0.3267114 -0.1768147 0.9284375 1.19746e-9 -0.1565883 0.9876639 0.7939054 -0.1095056 0.5980992 0.9218583 0.05341711 0.3838279 0.9128674 0.2328023 0.335375 0.9288815 0.347812 0.1273022 0.9598828 0.2157906 0.1790512 0.7814352 0.5749553 -0.2424568 0.9186924 0.3859994 -0.08371817 0.6505038 0.5712202 -0.500552 0.6161621 0.6390084 -0.4604481 0.4566976 0.5947959 -0.6615475 0.3435877 -0.267719 0.9001522 2.40452e-9 -0.2161878 0.9763518 0.6364756 -0.1947154 0.746314 0.7677351 -0.2337025 0.5966287 0.631549 -0.321331 0.7056149 0.3347011 -0.3992235 0.8535782 0 -0.3096413 0.9508534 0.9760103 0.04016005 0.2139883 0.9743379 0.2245727 0.01525936 0.8267793 0.4488539 -0.3390666 0.4597211 0.5963451 -0.6580495 0.9050165 -0.08251078 0.4172974 0.8289607 -0.2344949 0.5077759 0.6061359 -0.4659661 0.6445735 0.7444144 -0.3980346 0.5361115 0.7854701 -0.3208205 0.5292551 0.3026998 -0.4780121 0.8245468 0 -0.3869954 0.9220816 0.5747359 -0.5135404 0.6371459 0.6868104 -0.5411 0.4852856 0.6483891 -0.582423 0.4902806 0.7527022 -0.4447207 0.4854512 0.9959239 0.02906891 0.08538409 0.9691238 -0.09227083 0.2286596 0.900443 -0.2125252 0.37952 0.92671 0.2639675 -0.2674505 0.5879037 0.4198815 -0.6914252 0.79401 -0.1084941 0.5981449 0.9129882 0.04804492 0.4051472 0.6095196 -0.2599447 0.7489423 0.502743 -0.3786514 0.7770925 0.7179667 -0.5177504 0.4652506 0.4994707 -0.5027555 0.7055253 0.4826233 -0.6238457 0.6147286 0.5555095 -0.675148 0.4853703 0.6722239 -0.590858 0.4460963 0.4124207 -0.752158 0.5139722 0.5710111 -0.7121824 0.4083413 0.364963 -0.8557673 0.3666939 0.4901423 -0.7167103 0.4960715 0.9507203 -0.2150876 0.2233121 0.983801 0.09390283 0.1527019 0.9834944 -0.1325172 0.123199 0.9567786 -0.242442 0.1606125 0.9983997 0.05651093 -0.002110986 0.9563929 -0.2812402 0.0788454 0.9944763 -0.03524868 -0.09886685 0.9714032 0.03846972 -0.2342988 0.9711839 -0.1457642 -0.1885597 0.6795584 0.2364981 -0.6944559 0.7116542 0.07906498 -0.6980667 0.3487453 0.223223 -0.9102463 0.5161603 -0.7831624 0.3467494 0.3974206 -0.8892198 0.2265943 0.5042859 -0.749111 0.4295679 0.3482726 -0.7802565 0.5195249 0.3212396 -0.7517376 0.5759304 0 -0.8167088 0.57705 4.84218e-9 -0.8348622 0.550459 0.3306853 -0.8292798 0.4504912 -4.87356e-9 -0.8769808 0.4805254 0.4583161 -0.8156151 0.3531549 0.3187127 -0.8661633 0.3849459 -3.74304e-9 -0.9071133 0.4208866 0.5465655 -0.8007497 0.2450837 0.484082 -0.8388713 0.2489168 0.3084348 -0.9092133 0.279641 -4.839e-9 -0.9610634 0.2763277 4.87731e-9 -0.9868372 0.161717 0.3361552 -0.9311712 0.1411376 0.5061411 -0.8602591 0.06144421 0.5717376 -0.8104846 0.1274 0.6823578 -0.7257866 -0.08730305 0.5025741 -0.8572928 0.111662 0.6692902 -0.7419726 -0.03908053 0.5939093 -0.7989072 -0.09496827 0.3675175 -0.9295387 -0.02981159 -4.99496e-9 -0.9998811 -0.01542505 5.41481e-9 -0.8848362 -0.4659023 0.3864861 -0.8008685 -0.4574257 -2.65166e-9 -0.458414 -0.8887388 0.8158777 -0.5735947 -0.07302513 0.7862826 -0.5672356 -0.244956 0.7702898 -0.5776652 -0.2701045 0.3167963 -0.4128355 -0.8539362 0.6121818 -0.646052 -0.4559061 0.6524135 -0.4676557 -0.596368 0.8766908 -0.4704185 -0.100596 0.8385909 -0.4385407 -0.3231833 0.9447505 -0.2291365 -0.2343994 0.8354332 -0.4362822 -0.3342294 0.9323013 -0.3598843 -0.03602133 0.9142704 -0.3233211 -0.244076 0.6131333 -0.3071736 -0.7278131 0.6510662 -0.2032694 -0.7312964 0.7158373 -0.06740196 -0.6950064 0.4400964 -0.3803344 -0.8134255 0.4142942 -0.2707286 -0.8689455 0.2003207 -0.1674146 -0.9653207 0 -0.1539976 -0.9880711 0.3637734 -0.1494949 -0.919413 0.2084266 -0.09161914 -0.9737373 1.20388e-8 -0.0809652 -0.9967169 0.3430019 -0.09552117 -0.9344652 0.194844 -0.05715537 -0.9791676 2.39753e-9 -0.02204153 -0.9997571 0.3635362 -0.00926305 -0.931534 0.1893933 0.001045627 -0.9819008 2.98465e-9 0.01870543 -0.999825 0.3757862 0.1012844 -0.9211549 0.1919628 0.1104157 -0.9751711 2.3929e-9 0.1110729 -0.9938123 -0.3167963 -0.4128355 -0.8539362 -0.2003206 -0.1674146 -0.9653207 -0.2084266 -0.09161913 -0.9737373 -0.194844 -0.05715537 -0.9791675 -0.1893933 0.001045618 -0.9819008 0.1802357 0.2133509 -0.9602064 -1.19366e-9 0.1930142 -0.9811959 -0.1919627 0.1104157 -0.9751711 -0.4400963 -0.3803343 -0.8134255 -0.4142942 -0.2707286 -0.8689455 -0.6121817 -0.6460519 -0.4559061 -0.386486 -0.8008685 -0.4574257 -0.3637734 -0.1494949 -0.919413 -0.6524135 -0.4676557 -0.5963679 -0.5939094 -0.7989072 -0.09496827 -0.3675175 -0.9295387 -0.02981158 -0.3361551 -0.9311712 0.1411376 -0.343002 -0.09552116 -0.9344652 -0.6131333 -0.3071736 -0.7278131 -0.7702898 -0.5776652 -0.2701045 -0.3635362 -0.009263055 -0.9315341 -0.6510661 -0.2032695 -0.7312964 -0.8354332 -0.4362822 -0.3342295 0.337602 0.313264 -0.887632 0.203009 0.2462955 -0.947695 0.3566585 0.4855795 -0.7981274 0.3589122 0.5069773 -0.7836811 0.2129961 0.3735306 -0.9028331 0.2147994 0.3987238 -0.8915607 -1.22644e-9 0.4103326 -0.911936 -1.2019e-9 0.4389231 -0.8985246 -0.2147994 0.3987238 -0.8915607 -2.39552e-9 0.2265224 -0.9740059 -0.203009 0.2462955 -0.9476951 -0.2129961 0.3735306 -0.9028331 -0.3589123 0.5069773 -0.7836812 -0.3566585 0.4855794 -0.7981273 -0.4566976 0.5947959 -0.6615475 -0.1802357 0.2133509 -0.9602064 -0.337602 0.313264 -0.887632 -0.3487453 0.223223 -0.9102463 -0.3757862 0.1012844 -0.9211549 -0.7158373 -0.06740196 -0.6950064 -0.7116542 0.07906498 -0.6980667 -0.9142704 -0.3233211 -0.244076 -0.9711839 -0.1457642 -0.1885597 -0.4597211 0.5963451 -0.6580495 -0.5879037 0.4198815 -0.6914252 -0.6795584 0.2364981 -0.6944559 -0.9714032 0.03846972 -0.2342988 -0.92671 0.2639674 -0.2674504 -0.8267792 0.448854 -0.3390666 -0.6161622 0.6390084 -0.4604481 -0.6505039 0.5712202 -0.500552 -0.9323013 -0.3598843 -0.03602134 -0.9563929 -0.2812402 0.0788454 -0.9834944 -0.1325172 0.123199 -0.9959239 0.02906891 0.0853841 -0.9743379 0.2245727 0.01525936 -0.9186924 0.3859994 -0.08371817 -0.7814353 0.5749553 -0.2424568 -0.7932498 0.5186302 -0.3190259 -0.9691238 -0.09227082 0.2286596 -0.9760103 0.04016006 0.2139883 -0.9598828 0.2157906 0.1790512 -0.9288815 0.347812 0.1273022 -0.893079 0.4498279 0.008034889 -0.902209 0.4295786 -0.03848642 -0.9567786 -0.242442 0.1606125 -0.9507203 -0.2150876 0.2233121 -0.9218582 0.05341711 0.3838279 -0.9128674 0.2328023 0.335375 -0.9036571 0.3099629 0.2955113 -0.8163539 0.2261233 0.5314458 -0.8713456 0.4459167 0.2047319 -0.8340741 0.2797184 0.4754767 -0.9121034 0.3513702 0.2112024 -0.8019019 0.4382635 0.4060522 -0.8468989 0.3193035 0.4252147 -0.675837 0.3389696 0.6544799 -0.9050164 -0.08251077 0.4172974 -0.9004431 -0.2125252 0.3795199 -0.9983998 0.05651094 -0.002110986 -0.983801 0.09390286 0.1527019 -0.9129882 0.04804491 0.4051472 -0.8289607 -0.2344949 0.5077759 -0.79401 -0.1084941 0.5981449 -0.7939054 -0.1095056 0.5980993 -0.8102176 0.02812522 0.5854542 -0.6532504 0.1884434 0.7333164 -0.6448115 0.04328778 0.7631149 -0.6941255 0.2575077 0.6722199 -0.6569949 0.4446611 0.6087973 -0.37821 0.4963557 0.7814015 -0.3735408 0.5163894 0.7705902 -0.3697076 0.2662007 0.8901986 -0.3402585 0.1908136 0.9207684 -0.3342853 0.05878635 0.9406368 -0.6491603 -0.09343009 0.7548919 -0.3363031 -0.08963909 0.937478 -0.3267114 -0.1768147 0.9284375 -0.7677352 -0.2337025 0.5966287 -0.6364756 -0.1947154 0.7463141 -0.3435877 -0.267719 0.9001522 -0.6315489 -0.321331 0.7056149 -0.3347011 -0.3992236 0.8535782 -0.7854701 -0.3208205 0.5292551 -0.6095196 -0.2599447 0.7489423 -0.7444144 -0.3980346 0.5361115 -0.7527022 -0.4447207 0.4854512 -0.5027429 -0.3786514 0.7770925 -0.6061358 -0.4659661 0.6445735 -0.6868104 -0.5411 0.4852856 -0.7179668 -0.5177505 0.4652506 -0.4994706 -0.5027555 0.7055253 -0.4826233 -0.6238456 0.6147286 -0.3026997 -0.4780121 0.8245467 -0.5747359 -0.5135404 0.6371459 -0.6483891 -0.582423 0.4902806 -0.5555096 -0.675148 0.4853703 -0.4901423 -0.7167103 0.4960715 -0.6722239 -0.590858 0.4460963 -0.4124207 -0.752158 0.5139722 -0.5710111 -0.7121823 0.4083413 -0.364963 -0.8557673 0.3666939 -0.3482726 -0.7802565 0.5195248 -0.3212396 -0.7517376 0.5759304 -0.5042859 -0.7491109 0.4295679 -0.3306853 -0.8292798 0.4504912 -0.5161604 -0.7831624 0.3467495 -0.4583161 -0.8156151 0.3531549 -0.3187127 -0.8661633 0.3849458 -0.3974205 -0.8892199 0.2265943 -0.5465655 -0.8007497 0.2450837 -0.5061412 -0.8602591 0.06144422 -0.484082 -0.8388713 0.2489168 -0.5717376 -0.8104846 0.1274 -0.6823578 -0.7257866 -0.08730303 -0.3084348 -0.9092133 0.279641 -0.5025741 -0.8572928 0.111662 -0.6692902 -0.7419726 -0.03908052 -0.8158777 -0.5735947 -0.07302514 -0.7862826 -0.5672356 -0.244956 -0.8766908 -0.4704185 -0.100596 -0.8385909 -0.4385406 -0.3231833 -0.9447505 -0.2291365 -0.2343994 -0.9944763 -0.03524869 -0.09886685 -1.45185e-8 0.01748245 0.9998472 0.449956 0.1204286 0.8848935 0.2524002 -0.3701855 0.8940117 0 -0.3536401 0.9353815 0.6863303 -0.02015506 0.7270107 0.4237978 -0.3295881 0.8436629 0.5789225 -0.4232738 0.6969132 0.7475138 -0.4801916 0.4589542 0.8665183 -0.1353582 0.4804418 0.8550048 -0.4703056 0.2185851 0.9536529 -0.09782276 0.2845645 0.9451149 -0.3253739 -0.02982692 0.9949734 0.08178771 0.05778226 0.9479805 -0.1667937 -0.2711326 0.9646017 0.1676897 -0.2035283 0.8402397 -0.01932194 -0.5418707 0.8951827 0.1947196 -0.4009141 0.7536523 0.2104714 -0.6226637 0.5768807 0.03257169 -0.8161787 0.5090522 0.2133195 -0.8338828 0.2533762 0.1935966 -0.9477979 0.2872632 0.05348311 -0.9563574 2.38629e-9 0.177833 -0.9840607 0 0.0564843 -0.9984035 -0.1989646 -0.2248548 -0.9538623 -0.2872632 0.05348312 -0.9563574 -0.340181 -0.315409 -0.885886 -0.2533762 0.1935966 -0.9477979 -0.5768807 0.03257169 -0.8161787 -0.642458 -0.3558834 -0.6786714 -0.5090522 0.2133196 -0.8338829 -0.7536522 0.2104714 -0.6226637 -0.8402397 -0.01932195 -0.5418707 -0.8951827 0.1947196 -0.4009141 -0.9646016 0.1676897 -0.2035283 -0.7002754 -0.5580505 -0.4451901 -0.9479805 -0.1667937 -0.2711326 -0.9949734 0.0817877 0.05778226 -0.9451149 -0.3253739 -0.02982692 -0.6141242 -0.7598137 -0.2133884 -0.9536529 -0.09782276 0.2845645 -0.8550048 -0.4703056 0.2185851 -0.8665183 -0.1353582 0.4804418 -0.5596607 -0.8266644 0.05835856 -0.4927244 -0.8285834 0.2658424 -0.7475139 -0.4801916 0.4589543 -0.338968 -0.8371233 0.4293312 -0.6863303 -0.02015506 0.7270107 -0.5789225 -0.4232738 0.6969132 -0.2001961 -0.8281141 0.5235919 -0.4237978 -0.3295881 0.8436629 -0.449956 0.1204285 0.8848935 -0.2524002 -0.3701855 0.8940117 -0.09354514 -0.813691 0.5737215 -0.1667391 -0.3506702 -0.921536 -0.2261141 -0.4460924 -0.8659526 -0.1504998 -0.2229911 -0.9631327 -0.2412087 -0.3508956 -0.9048153 -0.1270429 -0.1558344 -0.9795793 -0.3525677 -0.5984814 -0.7193859 -0.3955929 -0.5357704 -0.74596 -0.2585565 -0.2397382 -0.9357746 -0.1157097 -0.1051934 -0.9876971 -0.4313515 -0.7619464 -0.4830875 -0.542305 -0.6707354 -0.5059836 -0.409858 -0.879931 -0.2402869 -0.2480602 -0.1589452 -0.9556163 -0.1071557 -0.07232237 -0.9916084 -0.4874424 -0.3951059 -0.7786471 -0.6994361 -0.5162684 -0.4942227 -0.2561786 -0.1014929 -0.9612865 -0.542125 -0.2378659 -0.8059282 -0.8098751 -0.3263194 -0.4874606 -0.1065799 -0.030997 -0.9938208 -0.5980099 -0.7705865 -0.2204102 -0.7870931 -0.5977587 -0.1522137 -0.552757 -0.8267192 0.1048579 -0.4060228 -0.9138035 0.01042246 -0.9096262 -0.4011886 -0.1078327 -0.8584554 -0.1671328 -0.4848927 -0.9730192 -0.2190758 -0.07238365 -0.5754727 -0.1217328 -0.8087103 -0.2733613 -0.02681794 -0.9615375 -0.3594309 -0.9144306 0.1860807 -0.4603595 -0.8283599 0.3192006 -0.8378859 -0.4664427 0.2835109 -0.9043871 -0.2662021 0.3334973 -0.7118427 -0.6659792 0.2230509 -0.5854057 -0.6759528 0.4476471 -0.6831812 -0.5109677 0.5217046 -0.4324118 -0.693868 0.5758187 -0.3210204 -0.8278946 0.4599308 -0.260195 -0.9050169 0.3365159 -0.7500876 -0.3249674 0.5759904 -0.5273009 -0.537663 0.6579304 -0.257295 -0.71188 0.6534723 -0.1861211 -0.8194438 0.5420985 -0.1244624 -0.9056677 0.4053087 -0.08387967 -0.8196796 0.5666477 -0.02247336 -0.9008695 0.4335081 -0.1224566 -0.722571 0.6803644 -0.3311741 -0.5616712 0.7581881 -0.1508261 -0.5856711 0.7963924 -0.5889802 -0.3633929 0.7218365 -0.3872903 -0.3981472 0.8315558 -0.1765793 -0.4241149 0.8882265 -0.9277154 -0.1126384 0.3558888 -0.7871124 -0.186471 0.5879478 -0.6170965 -0.2429467 0.7484443 -0.4061508 -0.271447 0.8725583 -0.1879328 -0.2833703 0.9404162 -0.9346088 0.00239969 0.3556695 -0.8071474 -0.06124939 0.587164 -0.6364381 -0.1235071 0.7613754 -0.4127015 -0.1642192 0.8959405 -0.1964732 -0.1807207 0.9637107 -0.9961924 -0.06742408 -0.05526868 -0.9983223 0.04626277 -0.03481683 -0.8797912 -0.05539849 -0.4721212 -0.8124473 0.04485972 0.5813062 -0.6405698 -0.003031057 0.7678939 -0.4183831 -0.05338137 0.9067006 -0.2015546 -0.07772695 0.9763883 -0.9312808 0.09189925 0.3525203 -0.9903967 0.1369188 -0.01917124 -0.8828986 0.05618789 -0.4661898 -0.5950524 -0.02548463 -0.8032828 -0.5951846 0.06905589 -0.8006165 -0.8811484 0.1448655 -0.4501017 -0.9678403 0.2515653 2.29959e-4 -0.9102186 0.2085606 0.3577775 -0.7983046 0.156665 0.5815203 -0.6277296 0.1308199 0.7673603 -0.4164757 0.0943457 0.9042383 -0.1968917 0.07750053 0.9773573 -0.2854491 0.05172392 -0.956997 -0.5987807 0.1366441 -0.7891705 -0.8701544 0.2582017 -0.4197179 -0.880794 0.3244428 0.3448749 -0.9254891 0.3775472 0.03046094 -0.8423792 0.3829906 -0.3790982 -0.5974683 0.2452026 -0.7634836 -0.2905563 0.1199935 -0.9493043 -0.1137743 0.02861066 -0.9930946 -0.1222865 0.09682082 -0.987761 -0.2963556 0.215827 -0.930372 -0.1234452 0.1934033 -0.9733223 -0.5880288 0.3575186 -0.7255362 -0.2895643 0.3290391 -0.8988247 -0.1233543 0.3117398 -0.9421263 -0.8157669 0.4807007 -0.3216383 -0.5734466 0.4550218 -0.6812593 -0.2620548 0.4510794 -0.853144 -0.4967475 0.6211501 -0.6061471 -0.1119309 0.4489849 -0.886501 -0.2276838 0.5841568 -0.7790514 -0.09708297 0.5672745 -0.8177863 -0.8766577 0.4782715 0.05222614 -0.7453637 0.6177023 -0.2507526 -0.4166844 0.7765644 -0.4725696 -0.2171663 0.7230793 -0.6557403 -0.08466043 0.6836681 -0.7248659 -0.8220698 0.455748 0.3413136 -0.7974194 0.5976856 0.08303184 -0.6144937 0.767153 -0.1840486 -0.2132862 0.8395369 -0.4996868 -0.1039392 0.8011673 -0.5893451 -0.1742094 0.68339 -0.7089636 -0.3515297 0.7046934 -0.6163069 -0.5264248 0.7356608 -0.4262394 -0.3348689 0.8797414 -0.3375173 -0.4654595 0.8739806 -0.1396618 -0.6616953 0.72466 -0.1924249 -0.6864711 0.7217987 0.08811484 -0.523733 0.8498797 0.0583795 -0.7018126 0.7106265 0.04968794 -0.7450955 0.5759283 0.336362 -0.6645241 0.6798649 0.3101473 -0.5026451 0.8229873 0.2646504 -0.6766603 0.6735834 0.2973489 -0.7666993 0.2843571 0.5755982 -0.708284 0.4259114 0.5629683 -0.5965419 0.2672851 0.7567671 -0.6523842 0.537712 0.5340979 -0.5550736 0.400697 0.7289274 -0.3959779 0.2422709 0.8857236 -0.5580479 0.6576585 0.5060315 -0.4958845 0.5255965 0.6912646 -0.3631933 0.3814447 0.8500533 -0.1846922 0.2311894 0.9552174 -0.1671512 0.3758298 0.9114892 -0.3177176 0.5192486 0.7933702 -0.1389873 0.5231664 0.8408207 -0.4099706 0.6443464 0.6455555 -0.2534096 0.6355329 0.729302 -0.1054823 0.6330075 0.7669256 -0.4177744 0.7972926 0.435648 -0.3201953 0.7732436 0.5473292 -0.2077166 0.750373 0.6275302 -0.06805351 0.7341545 0.6755635 -0.5863684 0.6279992 0.5116534 -0.4509679 0.6040899 0.6570414 -0.2908226 0.587159 0.7554247 -0.1320239 0.558619 0.8188495 -6.29577e-9 0.4422311 -0.8969011 0.2458027 0.4385424 -0.8644429 0.4779448 0.4344317 -0.7634382 0.2053482 0.6766546 -0.707086 2.54611e-9 0.6800606 -0.7331558 1.22672e-9 0.9387046 -0.3447228 0.4014474 0.670321 -0.6241071 0.7173082 0.4190689 -0.5566419 0.6054723 0.6586856 -0.4466951 0.1575553 0.9300607 -0.3319086 0 0.7757352 0.6310586 -0.1418116 0.777456 0.6127411 0.2716439 0.9201116 -0.2821422 -0.2526077 0.7969423 0.5487006 -0.3909988 0.8210998 0.4158306 0.363262 0.9145732 -0.1777544 -0.5271292 0.8109716 0.2538895 0.4120183 0.9092954 -0.0585052 -0.5466298 0.8344594 0.06980965 0.7401349 0.6384848 -0.2110392 0.874843 0.390929 -0.2860496 0.9324907 0.3605058 0.02228793 0.7881006 0.6141971 0.04073677 0.8848594 0.3228613 0.3358339 0.4399082 0.8967174 0.04877207 0.7624673 0.5907052 0.2640285 0.739362 0.2898586 0.6077219 -0.4938024 0.8606356 -0.124361 0.4354341 0.8868459 0.1546009 -0.4144706 0.863409 -0.2876439 0.6441076 0.574095 0.5055099 0.3792629 0.8855899 0.2681235 0.5448759 0.2683061 0.794432 0.4569656 0.555713 0.6945254 0.2982898 0.8726144 0.3867392 -0.2870369 0.8791905 -0.3803075 0.3872486 0.2583953 0.8850256 0.3052852 0.5385054 0.7853743 0.2326173 0.2515848 0.9394649 0.2192362 0.8563772 0.4674972 0.1578034 0.5223111 0.8380269 -0.1951522 0.8734943 -0.4460083 -0.111613 0.882159 -0.4575347 0.1350992 0.8417003 0.5227705 0 0.8954881 -0.4450855 2.4442e-9 0.8382492 0.5452873 3.88108e-8 0.518155 0.8552867 9.14556e-9 0.2493222 0.9684206 -0.2458028 0.4385424 -0.8644429 -0.2053482 0.6766547 -0.7070859 -0.4779448 0.4344317 -0.7634382 -0.4014474 0.670321 -0.6241071 -0.1575553 0.9300607 -0.3319086 0.1418116 0.7774559 0.6127411 -0.2716439 0.9201116 -0.2821422 0.2526078 0.7969423 0.5487006 0.3909987 0.8210998 0.4158306 -0.363262 0.9145732 -0.1777544 0.5271292 0.8109716 0.2538895 -0.6054724 0.6586856 -0.4466951 -0.4120183 0.9092954 -0.0585052 0.5466298 0.8344594 0.06980965 -0.7173082 0.4190689 -0.5566419 -0.7401349 0.6384848 -0.211039 -0.874843 0.390929 -0.2860496 -0.9324907 0.3605058 0.02228786 -0.7881006 0.6141971 0.0407368 -0.8848594 0.3228613 0.3358338 -0.4399082 0.8967174 0.04877207 -0.7624673 0.5907051 0.2640284 -0.739362 0.2898585 0.6077219 0.4938024 0.8606356 -0.124361 -0.4354341 0.8868459 0.1546009 0.4144706 0.863409 -0.2876439 -0.6441076 0.574095 0.5055099 -0.3792629 0.8855898 0.2681235 -0.544876 0.2683061 0.7944319 -0.4569656 0.5557129 0.6945254 -0.2982898 0.8726145 0.3867392 0.2870369 0.8791905 -0.3803075 -0.3872487 0.2583953 0.8850256 -0.3052852 0.5385054 0.7853743 -0.2326173 0.2515848 0.9394649 -0.2192362 0.8563772 0.4674972 -0.1578034 0.5223112 0.838027 0.1951521 0.8734943 -0.4460083 0.111613 0.882159 -0.4575347 -0.1350992 0.8417003 0.5227705 2.12769e-9 0.71737 -0.6966923 -0.1731929 0.7300672 -0.6610644 -0.2916165 0.7340567 -0.6132866 -0.4372925 0.719259 -0.5398536 -0.5776622 0.7209697 -0.3827651 -0.6895995 0.702381 -0.1763903 -0.7121102 0.6966687 0.08690085 -0.681244 0.6690392 0.2971415 -0.5716978 0.6402144 0.5131152 -0.3782525 0.6149126 0.6919591 -0.2103592 0.6092883 0.764537 0 0.5991139 0.8006638 0.2103592 0.6092882 0.764537 0.3782525 0.6149126 0.6919591 0.5716978 0.6402144 0.5131152 0.681244 0.6690392 0.2971415 0.7121102 0.6966687 0.08690085 0.6895995 0.702381 -0.1763903 0.5776622 0.7209697 -0.3827651 0.4372925 0.719259 -0.5398536 0.2916165 0.7340567 -0.6132866 0.1731929 0.7300672 -0.6610644 1.18672e-9 0.9983493 0.05743459 0.002256761 0.9999884 0.004247394 0.5581041 0.7371364 -0.3809853 -0.03268875 0.9975754 -0.06143902 0.5970774 0.7390478 -0.3119403 -0.627761 0.7371386 0.2500854 0.6279031 0.7372794 -0.2493125 -0.5922574 0.7390559 0.3209791 0.03300852 0.9975283 0.06203138 -0.557545 0.7372791 0.3815272 0.5278732 0.7334159 -0.4283118 0.8427889 -6.6756e-6 -0.5382442 0.8088391 -7.84719e-6 -0.58803 -0.9172306 -6.68896e-6 0.3983565 -0.6501492 0.733395 0.1985898 -0.9395513 -7.83637e-6 0.342408 0.6604494 0.7301246 -0.1752845 0.9175683 -6.90576e-6 -0.3975782 0.9484626 -7.72055e-6 -0.316889 -0.8423329 -6.88987e-6 0.5389577 -0.5143102 0.7301352 0.4498752 -0.7926577 -7.64614e-6 0.6096669 0.8111986 -1.00486e-5 -0.5847707 -0.05737421 0.9925131 -0.1078231 0.526722 0.7352651 -0.4265549 0.8853397 -6.92249e-6 -0.4649448 -0.8801965 -6.93327e-6 0.4746094 -0.9381716 -1.00798e-5 0.3461706 0.9774907 -1.1858e-5 -0.2109788 0.0687163 0.9892457 0.1291164 0.6947492 0.7149085 -0.07892669 -0.721028 -1.25779e-5 0.6929058 0.8435622 -0.001143121 -0.5370303 -0.6480373 0.7352598 0.1985969 -0.05834667 0.9922573 -0.1096407 0.99898 -4.38126e-5 0.04515391 -0.4535605 0.7149076 0.5321559 0.1136882 0.9702739 0.2136432 0.5482922 0.7454994 -0.3789541 0.861236 -0.001949681 -0.5082016 -0.5951977 -0.00140812 0.8035781 -0.4324332 0.8109468 0.394166 0.7478151 0.6450755 0.1570036 0.4697472 -5.10629e-5 0.8828009 -0.5206231 -3.6913e-5 0.8537865 0.5469526 0.76245 -0.3457065 0.8633468 -0.002957525 -0.5046024 -0.01897726 0.9971157 -0.07348629 -0.2004483 0.777877 0.5955904 -0.1909057 -0.003227927 0.981603 0.221339 0.8820435 0.4159426 -0.2874853 0.6451122 0.7079424 0.5339841 0.7796838 -0.3270384 0.8645547 5.32431e-4 -0.5025383 -0.003501678 0.9997993 -0.0197269 -0.2047566 0.8670788 0.4541465 -0.4768455 -0.005497799 0.8789699 0.516162 0.7975323 -0.3122804 0.005197756 0.9999844 0.002052343 -0.2022927 0.9326189 0.2988305 -0.5588858 0.003690331 0.8292364 -0.006045853 0.9991905 0.03977269 0.002255698 -0.9999884 0.004245398 -0.6277546 -0.7371458 0.2500805 -0.03269031 -0.9975752 -0.06144192 -0.5922565 -0.7390569 0.3209785 0.5580965 -0.7371434 -0.3809828 -0.5575444 -0.7372804 0.3815258 0.5970765 -0.7390489 -0.3119399 0.03300861 -0.9975282 0.06203153 0.6279015 -0.7372807 -0.2493128 -0.6501466 -0.7333964 0.1985926 0.5278741 -0.7334173 -0.4283082 -0.5143059 -0.7301396 0.4498731 0.6604453 -0.7301289 -0.1752818 -0.05737142 -0.992514 -0.1078178 -0.6480321 -0.7352656 0.1985924 0.06871773 -0.9892452 0.129119 -0.4535522 -0.7149171 0.5321502 0.5267153 -0.735271 -0.4265531 -0.05834939 -0.9922566 -0.1096458 0.6947406 -0.7149172 -0.07892384 0.1136892 -0.9702738 0.2136432 -0.436765 -0.8145795 0.381702 -0.2073697 -0.783287 0.5860538 0.5442324 -0.746003 -0.3837847 -0.2874821 -0.645146 0.7079129 -0.2132525 -0.8708709 0.4428399 -0.02952817 -0.9956589 -0.08826976 -0.01338883 -0.9993234 -0.03425422 0.2213207 -0.8820643 0.4159083 0.7477844 -0.6451139 0.1569923 -0.2111199 -0.9351104 0.2845995 0.00183832 -0.9999864 -0.004887415 0.5376507 -0.7626269 -0.3596274 -0.01491348 -0.9995432 0.02628299 0.5284956 -0.7794493 -0.3363795 0.5138005 -0.7950982 -0.3222234 -0.2857644 1.68906e-6 0.9582999 -0.1827922 0.7037815 0.6864973 -0.2573037 1.67389e-6 0.9663306 -0.2010259 0.7106737 0.6741894 -0.1827925 -0.7037805 0.6864983 -0.2567694 0.7130359 0.652418 -0.2010261 -0.7106729 0.6741903 -0.3677071 1.70824e-6 0.9299417 -0.2567697 -0.713035 0.6524188 -0.001629075 0.99998 0.006120286 -0.001629074 -0.99998 0.006120304 -0.336205 0.7123315 0.6160764 0.005724608 0.9999117 -0.01199432 -0.001688031 0.9998825 -0.0152411 0.0057246 -0.9999117 -0.01199425 -0.3362051 -0.7123305 0.6160775 -0.001687321 -0.9998825 -0.01524122 0.00208365 0.999974 -0.006901159 0.1811734 0.7101167 -0.6803753 0.002083649 -0.999974 -0.006901095 0.1811737 -0.7101157 -0.6803762 -0.00870588 0.9993779 -0.03417666 -0.4771124 1.50798e-6 0.8788424 -0.4462647 0.7185717 0.5333877 0.3228448 -0.6995097 -0.63754 -0.008705927 -0.9993779 -0.03417672 0.401493 -0.6956097 -0.5957605 0.2030803 0.7034854 -0.6810776 0.2573192 1.7191e-6 -0.9663265 0.3228438 0.6995105 -0.6375398 0.2599807 0.699788 -0.6653621 0.2030805 -0.7034845 -0.6810785 -0.04990515 0.9977162 -0.04551819 0.4014916 0.6956129 -0.5957577 0.4440412 0.7137404 -0.541666 -0.446266 -0.7185687 0.5333907 -0.6381491 6.56078e-7 0.7699128 0.259981 -0.6997871 -0.6653629 0.4440402 -0.7137415 -0.5416653 0.5643257 4.68778e-7 -0.8255523 0.6535121 2.57209e-6 -0.756916 0.285716 1.67608e-6 -0.9583144 0.4536661 1.66174e-6 -0.8911718 0.3626685 1.69132e-6 -0.9319181 0.4155256 0.7158197 -0.5611958 -0.5437363 0.7105356 0.4466431 -0.06348295 0.997645 -0.02596717 -0.04990621 -0.9977162 -0.04551826 -0.5437365 -0.7105369 0.4466408 0.626381 2.25317e-6 -0.7795171 0.5397291 0.7083807 -0.4548509 0.72989 1.73363e-6 -0.6835646 -0.7531433 2.70961e-6 0.6578566 -0.5418952 0.7030873 0.460454 0.4155252 -0.7158192 -0.5611967 -0.06348221 -0.9976451 -0.02596633 0.9461522 1.1675e-6 -0.3237219 0.07253095 0.9966959 0.03655655 0.8130455 0.5563394 -0.1715906 -0.5418949 -0.703087 0.4604548 -0.7483416 2.06927e-6 0.6633136 0.5132856 0.8233907 0.2420035 -0.3710911 0.7277331 0.5767979 0.07253095 -0.9966961 0.03655578 0.5397295 -0.7083817 -0.4548489 -0.5506028 1.65762e-6 0.8347674 -0.3710906 -0.7277338 0.5767974 0.2465795 0.5890226 0.7695785 0.5132857 -0.8233911 0.2420016 0.8130459 -0.5563392 -0.17159 0.1337241 1.13726e-6 0.9910187 0.2465805 -0.5890204 0.7695798 0.9174368 1.41098e-6 0.3978817 -0.002256725 0.9999884 0.004247422 -0.5581043 0.7371361 -0.3809855 -0.5970773 0.739048 -0.3119403 0.03268902 0.9975754 -0.06143891 -0.6279031 0.7372794 -0.2493125 0.6277609 0.7371387 0.2500854 -0.03300881 0.9975282 0.06203121 0.5922573 0.739056 0.3209791 0.557545 0.7372792 0.3815271 -0.842789 -6.70214e-6 -0.5382441 -0.527873 0.7334161 -0.4283118 -0.8088389 -7.86826e-6 -0.5880302 -0.6604494 0.7301246 -0.1752846 -0.9175683 -6.89518e-6 -0.3975781 -0.9484626 -7.69925e-6 -0.316889 0.9172306 -6.69427e-6 0.3983566 0.6501489 0.7333952 0.1985898 0.9395513 -7.81531e-6 0.3424082 0.5143098 0.7301356 0.449875 0.842333 -6.90839e-6 0.5389575 0.7926579 -7.63549e-6 0.6096668 -0.8853395 -6.93313e-6 -0.4649451 -0.8111987 -1.00695e-5 -0.5847707 0.05737409 0.9925132 -0.1078231 -0.5267222 0.7352651 -0.4265548 -0.9774905 -1.1858e-5 -0.210979 -0.06871645 0.9892457 0.1291163 -0.6947494 0.7149084 -0.07892701 0.8801965 -6.93327e-6 0.4746095 0.9381716 -1.00694e-5 0.3461705 0.7210272 -1.25991e-5 0.6929067 -0.8435619 -0.001143131 -0.5370306 0.648037 0.7352601 0.1985969 0.05834658 0.9922573 -0.1096406 -0.99898 -4.37738e-5 0.04515402 0.4535595 0.7149085 0.5321556 -0.1136881 0.9702741 0.2136431 -0.5482922 0.7454991 -0.3789548 -0.8612357 -0.001949606 -0.508202 0.5951976 -0.001408078 0.8035782 -0.747815 0.6450756 0.1570037 -0.4697453 -5.10104e-5 0.8828019 0.5206288 -3.68849e-5 0.8537831 0.2874894 0.645107 0.7079454 -0.5469522 0.7624501 -0.3457067 -0.8633468 -0.002957495 -0.5046023 0.4324332 0.8109468 0.3941661 0.01897727 0.9971157 -0.07348633 -0.2213389 0.8820436 0.4159425 -0.5339844 0.7796837 -0.3270383 -0.8645547 5.32388e-4 -0.5025384 0.00350169 0.9997993 -0.01972678 0.2004483 0.777877 0.5955904 0.1909057 -0.00322795 0.981603 -0.5161619 0.7975323 -0.3122805 0.2047566 0.8670788 0.4541465 0.4768454 -0.0054978 0.87897 -0.005197741 0.9999844 0.002052365 0.2022927 0.9326189 0.2988305 0.5588858 0.003690331 0.8292364 0.006045853 0.9991904 0.03977269 -0.002255676 -0.9999884 0.004245436 0.6277546 -0.7371458 0.2500805 0.5922564 -0.739057 0.3209785 0.03269057 -0.9975752 -0.06144181 0.5575444 -0.7372804 0.3815257 -0.5580966 -0.7371432 -0.380983 -0.03300889 -0.9975283 0.06203139 -0.5970763 -0.739049 -0.3119399 -0.6279014 -0.7372807 -0.2493128 0.6501464 -0.7333966 0.1985925 0.5143054 -0.73014 0.4498729 -0.5278738 -0.7334176 -0.4283082 -0.6604453 -0.7301289 -0.175282 0.05737125 -0.9925138 -0.1078178 0.6480318 -0.7352659 0.1985923 -0.06871789 -0.9892453 0.1291189 0.4535512 -0.714918 0.5321499 -0.5267155 -0.7352709 -0.4265531 0.05834932 -0.9922566 -0.1096457 -0.6947407 -0.714917 -0.07892416 -0.1136891 -0.9702739 0.2136431 0.436765 -0.8145795 0.3817022 0.2073696 -0.783287 0.586054 0.2874862 -0.6451409 0.707916 -0.7477844 -0.645114 0.1569923 0.2132525 -0.8708709 0.4428399 0.01338886 -0.9993234 -0.03425411 -0.001838285 -0.9999864 -0.004887393 -0.5442323 -0.7460027 -0.3837852 0.02952816 -0.9956588 -0.08826979 -0.2213206 -0.8820643 0.4159082 -0.5284958 -0.7794492 -0.3363795 0.01491348 -0.9995433 0.02628299 -0.5138004 -0.7950982 -0.3222234 -0.5376503 -0.7626271 -0.3596276 0.2111199 -0.9351104 0.2845995 0.2857641 1.74387e-6 0.9583 0.1827921 0.7037814 0.6864974 0.2010259 0.7106733 0.67419 0.2573032 1.69455e-6 0.9663307 0.2567694 0.7130359 0.652418 0.1827924 -0.7037805 0.6864983 0.3677071 1.71331e-6 0.9299417 0.2010262 -0.7106723 0.6741909 0.2567697 -0.713035 0.6524189 0.0016291 0.99998 0.006120347 0.336205 0.7123315 0.6160764 -0.005724627 0.9999117 -0.01199434 0.001688034 0.9998825 -0.01524109 0.001629084 -0.99998 0.006120304 0.3362051 -0.7123305 0.6160775 -0.005724609 -0.9999117 -0.01199429 0.0016873 -0.9998825 -0.01524124 -0.002083642 0.999974 -0.006901097 -0.1811735 0.7101166 -0.6803753 0.008705869 0.9993779 -0.03417668 0.4771124 1.51557e-6 0.8788424 0.4462648 0.7185717 0.5333877 -0.002083644 -0.999974 -0.006901074 -0.1811737 -0.7101158 -0.6803761 0.008705911 -0.9993779 -0.0341767 -0.3228448 -0.6995097 -0.63754 -0.401493 -0.6956097 -0.5957605 -0.2030799 0.7034859 -0.6810771 -0.2573193 1.7242e-6 -0.9663265 -0.3228438 0.6995105 -0.6375398 -0.2599805 0.699788 -0.6653622 0.04990543 0.9977162 -0.04551783 -0.4014916 0.6956129 -0.5957577 -0.4440412 0.7137405 -0.5416659 0.446266 -0.7185687 0.5333908 0.6381491 6.53574e-7 0.7699128 -0.2030802 -0.703485 -0.681078 -0.2599809 -0.6997871 -0.665363 -0.4440402 -0.7137415 -0.5416654 -0.5643257 4.88474e-7 -0.8255522 -0.6535121 2.57209e-6 -0.7569161 -0.2857157 1.70712e-6 -0.9583144 -0.4536661 1.65135e-6 -0.8911718 -0.3626684 1.68742e-6 -0.9319183 -0.4155259 0.7158197 -0.5611956 0.5437363 0.7105355 0.4466432 0.06348286 0.997645 -0.02596727 0.0499062 -0.9977162 -0.04551827 0.5437365 -0.7105369 0.4466408 -0.6263814 2.27347e-6 -0.7795166 -0.5397286 0.7083811 -0.4548507 -0.7298892 1.75009e-6 -0.6835656 0.7531432 2.69937e-6 0.6578566 0.5418954 0.7030873 0.4604537 -0.4155256 -0.7158192 -0.5611964 0.06348212 -0.9976451 -0.02596639 -0.9461519 1.16484e-6 -0.323723 -0.07253062 0.996696 0.03655653 -0.8130445 0.5563409 -0.1715905 0.5418952 -0.703087 0.4604544 0.7483419 2.04868e-6 0.6633132 -0.539729 -0.708382 -0.4548489 -0.5132846 0.8233913 0.2420033 0.3710912 0.7277328 0.5767983 -0.07253063 -0.9966961 0.03655575 0.3710907 -0.7277336 0.5767977 -0.2465793 0.5890228 0.7695785 0.5506023 1.65762e-6 0.8347676 -0.8130449 -0.5563408 -0.1715899 -0.5132847 -0.8233918 0.2420014 -0.133723 1.13074e-6 0.9910188 -0.2465803 -0.5890204 0.7695798 -0.9174364 1.42848e-6 0.3978823 0.8791962 3.89478e-6 0.4764599 0.7891325 0.5801383 -0.2017656 0.4502911 0.849103 0.2761557 0.9221519 -3.34745e-6 -0.386828 0.09917638 0.6132815 0.7836133 0.7891425 -0.5801203 -0.2017785 -0.04694511 -1.28372e-7 0.9988975 0.4502992 -0.8490998 0.2761525 0.09917963 -0.6132557 0.7836331 0.5068709 0.7537124 0.4183294 0.5239422 0.7570398 0.3903529 0.04308239 0.99711 -0.06257414 0.7860096 5.0618e-6 0.6182144 0.06157887 0.9975608 -0.03287085 0.7431727 7.72901e-6 0.6690996 0.01281921 0.9999154 0.002202027 0.7024456 1.79366e-6 0.7117375 0.4990686 0.7250236 0.4746276 0.6032362 0.7266669 0.3287268 0.8635123 5.63681e-7 0.5043279 -0.5481391 0.7310804 -0.406282 -0.3654392 0.7537848 -0.5461344 -0.416882 0.7542592 -0.5072498 0.4605551 0.6949772 0.5521736 -0.09401799 0.9942046 0.05213188 0.9385904 1.85102e-6 0.3450335 -0.4447626 0.7054963 -0.5517802 0.03942061 0.9931307 -0.11017 -0.8171025 1.10692e-6 -0.5764925 -0.6645857 0.6736325 -0.3233342 -0.9025924 1.58884e-6 -0.4304962 0.6543468 2.01054e-6 0.7561947 0.7155598 0.6666499 0.2086915 0.9888153 4.92382e-7 0.149145 -0.6368841 1.06082e-6 -0.7709596 -0.5643438 5.11653e-6 -0.8255399 -0.6660253 7.15864e-6 -0.7459291 -0.9049414 9.68378e-7 -0.425536 -0.2376303 0.9652028 0.1091577 -0.7295594 0.6024665 -0.3236933 0.373702 0.7177168 0.5875624 0.6511097 1.40552e-6 0.7589836 0.7817295 0.6231264 0.02474699 0.9782614 -2.24323e-7 -0.2073757 0.1102316 0.9740483 -0.1976838 -0.4581783 0.668326 -0.5860145 -0.6770625 2.22853e-6 -0.7359256 -0.896995 3.6031e-6 -0.4420405 0.1163643 0.7390656 0.6635069 0.3751087 3.25964e-6 0.9269809 -0.7848844 0.5617267 -0.2615713 -0.4137641 0.8936353 0.1738256 0.7794805 0.5478564 -0.3037491 0.10698 -8.88992e-7 -0.9942611 -0.4445168 0.6731471 -0.5909973 -0.7219824 -1.27859e-7 -0.6919114 0.1996429 0.9362881 -0.2889763 -0.3451486 0.5922557 0.7280835 -0.3222211 -6.3716e-7 0.9466644 -0.8576997 0.5056436 -0.09314381 -0.6854501 0.6801022 0.2600368 0.2318231 0.8425028 -0.4862583 -0.3954813 0.6673074 -0.6311066 -0.7338063 -2.17916e-7 -0.6793588 -0.9130725 -3.42924e-7 0.4077973 -0.9749156 6.04778e-8 -0.2225751 0.5068697 -0.753713 0.4183299 0.04308632 -0.9971095 -0.06257912 0.5239465 -0.757039 0.3903488 0.06157453 -0.997561 -0.03287114 0.01281686 -0.9999154 0.002202972 0.4990678 -0.7250208 0.4746327 0.6032373 -0.7266659 0.3287269 -0.3654352 -0.7537843 -0.5461377 0.0394195 -0.9931309 -0.1101689 -0.4447635 -0.7054957 -0.5517802 -0.0940173 -0.9942048 0.05212974 -0.5481429 -0.7310781 -0.4062808 -0.6645858 -0.673632 -0.3233353 0.4605568 -0.6949763 0.5521734 -0.4168831 -0.7542608 -0.5072466 0.7155594 -0.6666499 0.2086926 0.1102293 -0.9740503 -0.1976753 -0.7295609 -0.6024609 -0.3237001 0.3737151 -0.7177089 0.5875637 -0.4581848 -0.6683235 -0.5860122 0.7817418 -0.6231105 0.02475753 -0.2376233 -0.9652048 0.1091551 0.1163592 -0.7390612 0.6635127 -0.4445364 -0.6731209 -0.5910125 0.1996491 -0.9362852 -0.2889815 -0.7848849 -0.5617253 -0.2615732 -0.4137623 -0.8936342 0.173835 -0.3451551 -0.5922474 0.7280872 -0.395482 -0.6673079 -0.6311055 0.7794846 -0.5478484 -0.3037529 0.2318213 -0.8424976 -0.4862681 -0.8577073 -0.5056314 -0.09314065 -0.6854601 -0.6800903 0.2600416 -0.8791961 3.89478e-6 0.47646 -0.4502907 0.8491033 0.2761552 -0.7891331 0.5801378 -0.2017652 -0.09917635 0.6132813 0.7836134 -0.922152 -3.2282e-6 -0.3868279 0.04694408 -1.42635e-7 0.9988975 -0.7891431 -0.5801198 -0.2017779 -0.09917955 -0.6132555 0.7836333 -0.4502989 -0.8491001 0.2761521 -0.5068709 0.7537124 0.4183294 -0.04308242 0.99711 -0.06257419 -0.5239422 0.7570397 0.390353 -0.06157889 0.9975608 -0.03287083 -0.7860094 5.07262e-6 0.6182145 -0.0128193 0.9999154 0.002202149 -0.7431726 7.78398e-6 0.6690997 -0.4990686 0.7250236 0.4746275 -0.7024458 1.81733e-6 0.7117372 -0.6032358 0.7266672 0.3287268 0.3654391 0.7537847 -0.5461344 -0.03942038 0.9931307 -0.1101699 0.4447626 0.7054964 -0.5517799 -0.8635124 5.74734e-7 0.5043277 0.09401803 0.9942046 0.05213209 0.5481391 0.7310804 -0.4062819 0.6645857 0.6736326 -0.3233342 -0.4605551 0.6949773 0.5521734 -0.6543469 1.98038e-6 0.7561945 0.636884 9.86689e-7 -0.7709596 0.4168821 0.7542592 -0.5072498 0.5643438 5.1112e-6 -0.8255399 -0.7155595 0.6666499 0.2086924 -0.110232 0.9740483 -0.1976834 -0.93859 1.71334e-6 0.3450343 0.7295593 0.6024666 -0.323693 0.9025924 1.59908e-6 -0.4304961 0.9049414 9.48815e-7 -0.425536 -0.3737021 0.7177169 0.5875621 -0.6511096 1.0025e-6 0.7589837 0.4581783 0.6683259 -0.5860146 0.677062 2.05155e-6 -0.735926 0.6660253 7.24798e-6 -0.7459291 -0.9888153 4.41092e-7 0.1491452 -0.7817292 0.6231269 0.02474615 0.2376302 0.9652028 0.1091574 0.8171025 1.16092e-6 -0.5764924 0.8969951 3.55059e-6 -0.4420406 -0.1163644 0.7390654 0.6635071 -0.3751089 2.54102e-6 0.9269807 0.4445169 0.6731468 -0.5909974 0.7219824 -2.1774e-7 -0.6919113 -0.1996411 0.9362881 -0.2889774 -0.9782612 -6.99674e-7 -0.2073765 0.7848841 0.5617271 -0.2615714 0.4137638 0.8936355 0.1738254 0.3451487 0.5922554 0.7280837 0.3222212 -1.2345e-6 0.9466645 0.395482 0.6673072 -0.6311063 0.7338068 -1.15184e-6 -0.6793582 -0.7794804 0.5478565 -0.3037492 -0.231823 0.8425031 -0.4862579 0.8576997 0.5056435 -0.09314403 0.6854503 0.6801021 0.2600366 0.9130725 -4.17744e-7 0.4077972 -0.10698 -8.11992e-7 -0.9942611 0.9749156 -1.26454e-7 -0.222575 -0.5068697 -0.7537129 0.41833 -0.04308635 -0.9971095 -0.06257914 -0.06157453 -0.997561 -0.03287114 -0.5239465 -0.7570388 0.3903489 -0.01281697 -0.9999154 0.002203077 -0.4990681 -0.7250207 0.4746325 0.3654351 -0.7537842 -0.5461377 -0.603237 -0.7266663 0.3287267 0.4447634 -0.7054958 -0.55178 -0.03941946 -0.9931309 -0.110169 0.09401725 -0.9942048 0.05212973 0.548143 -0.7310783 -0.4062806 0.6645858 -0.673632 -0.3233353 -0.460557 -0.6949763 0.5521733 0.4168831 -0.7542608 -0.5072466 -0.7155592 -0.6666499 0.2086934 -0.1102297 -0.9740502 -0.1976751 0.7295609 -0.6024609 -0.3237001 -0.373715 -0.7177088 0.5875638 0.4581848 -0.6683233 -0.5860124 0.2376233 -0.9652048 0.1091551 -0.1163593 -0.7390613 0.6635125 0.4445357 -0.6731213 -0.5910124 -0.7817413 -0.6231112 0.02475644 -0.1996473 -0.9362852 -0.2889827 0.7848849 -0.5617253 -0.2615732 0.4137624 -0.8936342 0.1738351 0.3451546 -0.5922475 0.7280873 0.3954822 -0.6673079 -0.6311052 -0.779484 -0.547849 -0.3037534 -0.2318214 -0.8424977 -0.4862678 0.8577073 -0.5056314 -0.09314067 0.68546 -0.6800903 0.260042 0.1176547 -0.9819283 -0.1482367 -0.4301285 -0.6752788 -0.599156 0.2002153 -0.9382173 -0.2822446 -0.4542079 -0.6940424 -0.5585699 0.7712926 -0.6327859 0.06848292 0.01996779 -0.9971226 -0.07312882 0.6612484 -0.6745165 0.3282956 0.551833 -0.714134 0.4306888 -0.4098616 -0.684436 -0.6029602 -0.6436107 2.4197e-7 -0.765353 0.9760692 -2.17965e-6 0.2174604 0.7818827 -0.5486366 -0.2960697 0.9780321 -3.2308e-6 -0.2084547 0.5045127 -0.7481706 0.4309382 0.009905186 -0.9981909 -0.05930251 -0.6842878 2.19405e-7 -0.7292119 -0.6370289 1.70402e-7 -0.7708399 0.8613798 1.51834e-7 0.5079614 0.2373381 -0.8564843 -0.4583725 -0.04502804 -4.40695e-6 -0.9989857 0.4842005 -0.7572775 0.4382699 0.7788184 1.77302e-7 0.6272496 0.7210161 -6.73082e-7 0.6929183 0.7566072 2.15756e-7 0.6538697 -0.4347658 -0.7013897 -0.5648285 -0.8224478 -6.23539e-6 -0.5688405 -0.4035559 -0.733458 -0.5469753 0.7179444 -1.15717e-6 0.6961005 0.03297526 -0.998647 -0.0402097 0.498176 -0.7303739 0.4673057 -0.593729 7.41199e-8 -0.8046651 0.4818049 -0.7085811 0.5155355 0.7029911 -1.49117e-6 0.7111987 -0.4030973 -0.7463608 -0.529583 0.006813201 -0.9999395 0.008627242 0.4230978 -0.6972251 0.5786756 0.6573526 2.92711e-6 0.7535831 -0.06643895 -0.9948983 0.07591628 -0.6239288 -6.67454e-7 -0.7814811 -0.5243422 -0.7314631 -0.4359208 0.1296207 -0.7151422 0.6868553 0.4513618 1.11319e-5 0.892341 -0.1418466 -0.9769581 0.1594752 -0.6480144 -0.6954703 -0.310481 -0.7737691 -1.43841e-6 -0.6334677 -0.2920528 -0.5247716 0.7995748 -0.09265736 -3.16238e-6 0.995698 -0.3505403 -0.8822415 0.3142793 -0.6979137 -0.6676272 -0.2592111 -0.8905958 -1.17584e-6 -0.4547958 -0.7918204 -2.3053e-6 0.6107541 -0.6402423 -0.6040459 0.4745717 -0.7921299 -0.6020043 -0.1006036 -0.9223245 -1.27277e-6 -0.3864163 -0.883184 -0.4075977 0.2320562 -0.994935 -1.26337e-6 0.1005196 -0.9622589 -1.1588e-6 -0.2721358 0.5045138 0.7481695 0.4309388 0.5518339 0.7141328 0.4306898 0.01983029 0.9971861 -0.07229451 0.009905081 0.9981909 -0.05930315 0.4842016 0.7572768 0.43827 0.1186356 0.9817906 -0.1483672 0.6612492 0.6745149 0.3282975 0.03297525 0.998647 -0.0402105 -0.4549784 0.6937243 -0.5583379 -0.4035565 0.733457 -0.5469763 0.7712936 0.6327842 0.06848527 -0.4298397 0.6747299 -0.5999812 0.2002134 0.9382176 -0.282245 -0.4030969 0.7463604 -0.5295838 0.4981764 0.730374 0.4673052 0.006813647 0.9999396 0.00862644 -0.4098625 0.6844365 -0.6029589 0.7818845 0.548634 -0.2960697 0.2373396 0.8564827 -0.4583747 -0.5243417 0.7314633 -0.4359211 0.4818049 0.7085806 0.5155362 -0.06643909 0.9948983 0.07591668 -0.4347637 0.7013867 -0.5648339 -0.6480146 0.6954699 -0.3104813 -0.1418476 0.9769577 0.1594769 -0.6979141 0.6676271 -0.2592104 0.4230911 0.6972225 0.5786835 0.1296264 0.715152 0.6868439 -0.7921293 0.6020053 -0.1006019 -0.350538 0.8822401 0.314286 -0.2920347 0.5247866 0.7995716 -0.8831838 0.407598 0.2320567 -0.6402352 0.6040521 0.4745734 -0.1176549 -0.9819283 -0.1482363 -0.2002137 -0.9382176 -0.282245 0.4301295 -0.6752782 -0.5991561 -0.7712932 -0.632785 0.06848311 0.4542078 -0.6940424 -0.55857 -0.6612495 -0.6745153 0.3282961 -0.01996686 -0.9971225 -0.07312955 -0.5518331 -0.7141342 0.4306886 0.4098621 -0.6844363 -0.6029594 -0.7818834 -0.5486354 -0.2960702 -0.2373333 -0.8564857 -0.4583723 -0.009904985 -0.9981909 -0.05930289 0.6436109 8.48795e-8 -0.7653528 0.4035563 -0.7334576 -0.5469757 0.6370285 6.71279e-8 -0.7708402 -0.8613798 2.51312e-7 0.5079614 -0.976069 -2.15848e-6 0.2174609 0.04502835 -4.73011e-6 -0.9989858 -0.9780324 -3.27372e-6 -0.2084532 -0.5045129 -0.7481703 0.4309385 0.5937294 1.16474e-7 -0.8046648 0.6842885 2.24448e-7 -0.7292113 0.4347658 -0.7013897 -0.5648285 -0.7788187 1.87732e-7 0.6272492 -0.03297493 -0.998647 -0.04021009 -0.4842009 -0.7572773 0.43827 0.4030974 -0.7463606 -0.5295832 0.6239288 -4.91808e-7 -0.7814811 0.8224478 -6.27581e-6 -0.5688407 -0.7566069 1.29453e-7 0.6538701 -0.4981754 -0.7303746 0.4673053 -0.7210164 -7.38218e-7 0.6929181 -0.7179442 -1.05007e-6 0.6961007 0.5243421 -0.7314631 -0.435921 0.773769 -1.15509e-6 -0.6334679 -0.006813039 -0.9999396 0.008626918 -0.4818048 -0.7085816 0.5155349 -0.7029912 -1.57799e-6 0.7111986 0.8905957 -1.0978e-6 -0.454796 0.06643904 -0.9948983 0.07591616 0.6480145 -0.6954702 -0.3104812 -0.4230973 -0.6972261 0.5786747 -0.6573526 3.14394e-6 0.7535831 0.9223245 -9.83275e-7 -0.3864163 0.1418465 -0.9769582 0.159475 0.6979138 -0.667627 -0.2592112 -0.1296211 -0.7151417 0.6868557 -0.4513612 1.1307e-5 0.8923413 0.9622589 -1.24675e-6 -0.2721357 0.3505403 -0.8822415 0.3142793 0.7921299 -0.6020042 -0.1006036 0.2920518 -0.5247713 0.7995754 0.09265634 -2.52858e-6 0.9956981 0.994935 -1.19675e-6 0.1005196 0.6402416 -0.6040465 0.474572 0.8831842 -0.4075975 0.2320558 0.7918195 -1.75779e-6 0.6107551 -0.5045142 0.7481691 0.4309393 -0.01982954 0.9971862 -0.07229502 -0.5518339 0.714133 0.4306894 -0.009904862 0.9981909 -0.05930339 -0.4842017 0.7572766 0.4382702 -0.1186365 0.9817905 -0.148367 0.4549784 0.6937242 -0.558338 0.4298403 0.674729 -0.5999817 -0.03297482 0.998647 -0.04021067 -0.4981757 0.7303746 0.467305 -0.2002122 0.9382176 -0.2822458 -0.6612502 0.6745137 0.3282976 -0.7712944 0.6327835 0.06848515 0.403557 0.7334565 -0.5469766 -0.4818045 0.708581 0.515536 -0.7818855 0.5486323 -0.2960703 0.4098626 0.6844368 -0.6029585 -0.2373351 0.8564838 -0.458375 -0.006813242 0.9999396 0.008626336 0.4030971 0.7463604 -0.5295838 -0.4230908 0.6972232 0.578683 0.06643946 0.9948981 0.07591663 0.5243418 0.7314631 -0.4359213 -0.1296261 0.715152 0.6868441 0.4347645 0.7013859 -0.5648342 0.1418474 0.9769577 0.159477 0.6480147 0.6954697 -0.3104815 0.2920339 0.5247862 0.7995721 0.3505379 0.8822401 0.314286 0.6979141 0.667627 -0.2592103 0.6402346 0.6040524 0.4745739 0.7921294 0.6020052 -0.1006022 0.8831838 0.4075982 0.2320565 0.4842683 0.7068156 -0.515651 -0.01079144 0.9995587 -0.02767207 0.5030743 0.7063552 -0.4979746 3.75273e-5 0.999616 -0.02771093 0.7268962 1.01374e-6 -0.6867473 0.4047906 0.6969742 -0.591922 0.6908582 1.56474e-5 -0.7229902 -0.03658227 0.9990032 -0.02557948 -0.4258826 0.7200795 0.5478225 -0.5172418 0.7185093 0.4649789 0.7279994 -9.0305e-6 -0.6855778 0.5676564 -5.57581e-7 -0.8232656 -0.3566519 0.7106825 0.6064072 -0.02960444 0.9992061 -0.02665904 -0.5565034 0.6957541 0.4541258 0.520835 0.7014449 -0.4865243 0.016927 0.9995992 0.02269174 0.2889421 0.7005524 -0.6524867 0.4179772 -1.78081e-7 -0.9084575 -0.4941261 -1.52454e-7 0.8693902 -0.6111438 8.86064e-7 0.7915195 -0.4723519 0.6971104 0.5393708 -0.7357064 1.58834e-5 0.6773005 -0.7599271 2.2016e-6 0.6500084 0.234521 0.7013608 -0.6731218 0.3513585 -2.251e-7 -0.936241 -0.3385394 0.7097132 0.6178175 -0.0503292 0.9982352 -0.0315188 -0.4258882 -0.7200789 0.5478189 -0.4587033 -2.00187e-7 0.8885895 -0.3566518 -0.7106827 0.606407 -0.6650881 1.03039e-5 0.7467649 -0.5172462 -0.7185069 0.4649777 -0.556517 -0.6957353 0.4541378 -0.3385394 -0.7097133 0.6178173 2.93964e-5 -0.9996159 -0.02771512 -0.02960444 -0.9992061 -0.02665903 -0.4723503 -0.6971136 0.539368 -0.01079376 -0.9995587 -0.02767586 -0.0365841 -0.9990033 -0.02557575 -0.05032919 -0.9982352 -0.03151882 0.01693248 -0.9995993 0.02268349 0.4842678 -0.7068143 -0.5156533 0.4047876 -0.6969725 -0.591926 0.288942 -0.7005525 -0.6524866 0.234521 -0.7013609 -0.6731216 0.5208291 -0.7014598 -0.4865091 0.5030887 -0.7063329 -0.4979916 -0.4842686 0.7068152 -0.5156512 -0.503074 0.7063552 -0.4979747 0.01079134 0.9995587 -0.02767223 -0.726896 1.01246e-6 -0.6867476 -3.74342e-5 0.999616 -0.02771079 -0.6908582 1.56684e-5 -0.7229902 -0.404791 0.6969736 -0.5919225 0.03658234 0.9990032 -0.02557942 -0.7279994 -8.64187e-6 -0.6855778 -0.520835 0.7014449 -0.4865243 0.02960462 0.9992061 -0.02665869 0.4258825 0.7200799 0.547822 0.356652 0.7106822 0.6064076 -0.5676565 -4.82268e-7 -0.8232656 -0.01692688 0.9995992 0.02269241 0.5172419 0.7185093 0.4649787 0.5565032 0.6957539 0.4541262 0.3385394 0.709713 0.6178175 -0.2889422 0.7005523 -0.6524867 0.05032924 0.9982352 -0.03151872 0.4723518 0.697111 0.5393701 0.6111444 8.96133e-7 0.7915192 0.7357066 1.59139e-5 0.6773004 0.4587032 -1.20112e-7 0.8885895 0.494126 -1.32126e-7 0.8693903 -0.2345211 0.7013609 -0.6731216 -0.4179773 -1.46655e-7 -0.9084575 0.7599267 2.21189e-6 0.6500086 0.6650883 1.02934e-5 0.7467647 0.356652 -0.7106823 0.6064074 0.3385394 -0.709713 0.6178175 0.5172462 -0.7185069 0.4649776 0.4258882 -0.7200794 0.5478184 -0.3513587 -2.251e-7 -0.936241 0.5565168 -0.6957352 0.4541382 0.4723503 -0.6971141 0.5393673 0.02960463 -0.9992061 -0.02665871 0.05032924 -0.9982352 -0.03151873 0.0107937 -0.9995587 -0.027676 -2.93244e-5 -0.9996159 -0.02771503 0.03658422 -0.9990033 -0.0255757 -0.01693226 -0.9995993 0.02268435 -0.2889421 -0.7005524 -0.6524866 -0.2345211 -0.7013611 -0.6731215 -0.484268 -0.706814 -0.5156534 -0.4047879 -0.6969718 -0.5919265 -0.5030885 -0.7063329 -0.4979917 -0.5208293 -0.7014595 -0.4865093 0.6956875 0.06181622 0.7156797 0.8035024 -0.2077364 0.5578794 0.9531315 -0.01220987 0.30231 0.4465376 -0.1656814 0.8792917 0.8732699 0.2823896 0.397059 0.9735898 -0.2000777 0.1099628 0.5946292 -0.3780465 0.7095752 0.8361458 -0.431867 0.3381584 0.9435632 0.3304051 0.02282586 0.9282483 -0.3717597 -0.01224008 0.9949651 0.08789843 0.04814666 0.9800232 -0.1123356 -0.1641192 0.9967567 0.03572358 -0.07210951 0.2873277 -0.2776546 0.9167064 0.6226898 -0.5939404 0.5094036 0.4376289 -0.4946736 0.7508522 0.9133997 -0.3026696 -0.2721986 0.7756513 -0.6053303 0.1787188 0.8399342 -0.5376031 -0.07411758 0.9536852 0.2503452 -0.1667689 0.9560432 0.1102859 -0.2716954 0.2118424 -0.4420061 0.8716384 0.3956409 -0.6657165 0.6326846 0.7917424 -0.5025249 -0.3472934 0.8925586 -0.1559856 -0.423093 0.7611603 -0.3752322 -0.5289951 0.5782475 -0.7398268 0.3439276 0.6925156 -0.7159969 0.08815107 0.7353483 -0.6439669 -0.211115 0.3968924 -0.776426 0.4895296 0.1710126 -0.6336088 0.7545161 0.6637223 -0.7471626 -0.03493896 0.5681645 -0.7901646 0.2298458 0.7099292 -0.5689155 -0.4151332 0.4158693 -0.8365731 0.3566486 0.1717635 -0.7851098 0.5950629 0.5478929 -0.8254712 0.1356863 0.6404105 -0.7430518 -0.1942899 0.4410584 -0.895803 0.0548136 0.2377574 -0.8773938 0.4167151 0.42105 -0.8737731 0.2433874 0.3025047 -0.9259851 0.2259257 -0.6956875 0.06181622 0.7156797 -0.9531315 -0.01220987 0.30231 -0.8035024 -0.2077364 0.5578794 -0.8732699 0.2823896 0.397059 -0.4465375 -0.1656813 0.8792917 -0.9735898 -0.2000776 0.1099628 -0.9435631 0.3304052 0.02282585 -0.9949651 0.08789843 0.04814667 -0.5946292 -0.3780465 0.7095752 -0.2873276 -0.2776546 0.9167064 -0.9967567 0.03572358 -0.07210951 -0.8361459 -0.431867 0.3381585 -0.9800232 -0.1123356 -0.1641192 -0.9282483 -0.3717597 -0.01224008 -0.2118423 -0.4420061 0.8716383 -0.9536852 0.2503452 -0.1667689 -0.9133997 -0.3026695 -0.2721986 -0.9560432 0.1102859 -0.2716954 -0.8925586 -0.1559857 -0.423093 -0.6226899 -0.5939404 0.5094036 -0.7756512 -0.6053303 0.1787187 -0.4376289 -0.4946736 0.7508521 -0.1710126 -0.6336089 0.7545161 -0.7611604 -0.3752321 -0.5289951 -0.8399342 -0.537603 -0.07411756 -0.7917424 -0.5025249 -0.3472934 -0.3956408 -0.6657165 0.6326846 -0.5782475 -0.7398268 0.3439276 -0.1717635 -0.7851098 0.5950629 -0.7353483 -0.643967 -0.2111151 -0.7099292 -0.5689155 -0.4151332 -0.6925156 -0.7159969 0.08815107 -0.3968924 -0.776426 0.4895295 -0.2377574 -0.8773939 0.4167151 -0.6637224 -0.7471626 -0.03493896 -0.6404105 -0.7430518 -0.1942899 -0.5681645 -0.7901646 0.2298458 -0.4158692 -0.8365731 0.3566486 -0.3025047 -0.9259851 0.2259257 -0.5478929 -0.8254711 0.1356863 -0.4210501 -0.8737731 0.2433874 -0.4410584 -0.895803 0.0548136 0.1487063 -0.5502507 0.8216512 0.7048372 -0.1635452 0.690259 0.1370404 -0.5348322 0.8337712 0.7148827 -0.2011065 0.6697006 -0.4989608 -0.6439266 0.5799971 0.7531109 -0.3605338 0.5503083 -0.4811041 -0.6541377 0.5836461 0.1873711 -0.6153438 0.7656657 -0.4547993 -0.6684126 0.5885425 0.9282336 0.3631549 0.08062857 -0.9225791 -0.3754278 -0.08889181 0.6956836 -0.6552817 0.29433 0.9913518 0.09481345 -0.09073068 0.8918904 -0.3158055 -0.3237257 -0.9240118 -0.3723755 -0.08682533 0.1917411 -0.7402963 0.6443576 -0.479521 -0.5819067 0.6568442 0.9468654 0.3176531 0.05042107 -0.9200208 -0.3807961 -0.09249868 0.5316539 -0.6876379 -0.4944677 -0.05588142 -0.8144225 0.5775754 -0.9847403 -0.1679442 0.04562245 -0.599579 -0.432335 0.673492 0.4090663 -0.9042316 0.1225974 -0.9735541 0.09905375 0.2058659 0.08475497 -0.9934764 0.0762971 -0.01002302 -0.8546946 -0.5190343 -0.7506617 -0.303833 0.5866792 -0.9894277 -0.03862953 0.1397867 -0.4392698 -0.7958047 0.4168176 -0.7578496 -0.6024545 -0.2504247 -0.1044681 0.4735079 -0.8745723 -0.6914582 0.1345256 -0.7097805 -0.1163644 0.4898683 -0.8639955 -0.6763006 0.1351593 -0.7241197 0.5123156 0.6149033 -0.5995221 -0.6537513 0.1360707 -0.7443749 0.5216078 0.580479 -0.6252756 -0.06344943 0.3988924 -0.9148 0.5635884 0.4058405 -0.7194871 -0.04931569 0.2345521 -0.9708518 -0.6811386 0.2333653 -0.6939674 0.5248227 0.03565138 -0.8504647 -0.2842197 0.1080031 -0.9526565 -0.7812363 0.3036751 -0.545391 0.2516574 -0.2696038 -0.9295065 -0.6052799 -0.07958412 -0.7920244 -0.8973535 0.246476 -0.3660685 -0.06545712 -0.4008908 -0.9137844 -0.1487059 -0.5502509 0.8216511 -0.7048372 -0.1635454 0.690259 -0.7148827 -0.2011066 0.6697006 -0.1370406 -0.5348325 0.833771 -0.7531109 -0.3605338 0.5503083 0.4989608 -0.6439267 0.5799969 -0.187371 -0.6153439 0.7656657 0.4811041 -0.6541377 0.583646 0.4547993 -0.6684127 0.5885423 -0.9282335 0.363155 0.08062855 -0.6956835 -0.6552818 0.2943299 -0.9913518 0.09481362 -0.09073076 -0.8918905 -0.3158053 -0.3237259 0.9225791 -0.3754278 -0.08889186 -0.191741 -0.7402965 0.6443574 0.9240118 -0.3723755 -0.08682544 0.4795206 -0.581907 0.6568441 -0.9468654 0.317653 0.05042105 -0.5316541 -0.6876378 -0.4944677 0.9200208 -0.3807963 -0.09249839 0.05588114 -0.8144225 0.5775751 0.9847402 -0.1679445 0.04562275 0.5995784 -0.4323354 0.6734923 -0.4090662 -0.9042315 0.1225972 -0.08475549 -0.9934765 0.07629597 0.0100258 -0.8546953 -0.5190332 0.9735541 0.0990536 0.2058661 0.4392696 -0.7958047 0.4168175 0.7506616 -0.3038331 0.5866793 0.989428 -0.03863024 0.1397849 0.7578485 -0.6024519 -0.2504343 0.1044681 0.473508 -0.8745722 0.691458 0.134526 -0.7097806 0.6763006 0.1351592 -0.7241198 0.116364 0.4898689 -0.8639954 0.6537514 0.1360707 -0.7443749 -0.5123153 0.6149035 -0.5995221 0.06344947 0.3988925 -0.9148 -0.5216079 0.5804789 -0.6252755 -0.5635885 0.4058406 -0.719487 0.04931545 0.2345524 -0.9708518 0.6811383 0.2333658 -0.6939675 -0.5248226 0.03565168 -0.8504646 0.2842196 0.1080031 -0.9526566 0.781236 0.3036746 -0.5453917 -0.2516576 -0.2696036 -0.9295064 0.06547412 -0.4008905 -0.9137833 0.6052839 -0.07957827 -0.792022 0.897351 0.2464719 -0.3660776 0.47476 0.1865265 0.8601225 0.4903869 0.2146068 0.8446683 4.90432e-9 0.2719358 0.9623154 0.8528786 0.06046819 0.5185959 1.4664e-8 0.2402327 0.9707153 0.8428128 0.03396635 0.5371339 -6.4501e-9 -0.04249085 0.9990969 0.3262725 -0.1385668 0.9350644 0 0.275886 0.9611903 0.8519052 0.06987225 0.5190139 0.4867648 0.217981 0.8458984 0.6885981 -0.2824335 0.6678802 0.9796166 -0.1801428 0.08888058 5.27316e-9 -0.8920089 0.4520178 0.9863231 -0.1248381 0.1076201 0.831926 -0.4960358 0.2486917 0.9854014 -0.1525049 0.07567207 0.8464927 -0.3968557 -0.3549022 0.8550238 -0.3662284 -0.3671663 0.494861 -0.5239009 -0.6932823 0.6757933 -0.7151406 -0.1785422 0.487868 -0.5542533 -0.6743798 0.370832 -0.803729 -0.4652992 0.8896359 -0.3289495 -0.3167654 0 -0.582412 -0.8128937 0.5431903 -0.5012877 -0.673539 -4.38115e-9 -0.5719173 -0.8203113 0 -0.8407939 -0.5413553 -1.27771e-7 -0.6099936 -0.7924064 -0.47476 0.1865266 0.8601226 -0.4903869 0.2146068 0.8446684 -0.8528786 0.06046819 0.5185959 -0.8428128 0.03396633 0.5371339 -0.3262726 -0.1385668 0.9350644 -0.9796166 -0.1801428 0.08888059 -0.8519052 0.06987225 0.519014 -0.9854014 -0.1525049 0.07567208 -0.9863231 -0.1248381 0.1076201 -0.4867648 0.217981 0.8458984 -0.6885982 -0.2824336 0.6678802 -0.8896359 -0.3289495 -0.3167654 -0.831926 -0.4960358 0.2486917 -0.8550238 -0.3662284 -0.3671663 -0.8464928 -0.3968557 -0.3549022 -0.494861 -0.523901 -0.6932823 -0.6757933 -0.7151406 -0.1785422 -0.4878681 -0.5542533 -0.6743798 -0.370832 -0.803729 -0.4652992 -0.5431903 -0.5012877 -0.673539</float_array>
          <technique_common>
            <accessor source="#geom-Ariados-normals-array" count="1852" stride="3">
              <param name="X" type="float"/>
              <param name="Y" type="float"/>
              <param name="Z" type="float"/>
            </accessor>
          </technique_common>
        </source>
        <source id="geom-Ariados-map1">
          <float_array id="geom-Ariados-map1-array" count="6921">1 0.119869 0 1 0.132808 0 0.981396 0.116988 0 0.980236 0.129614 0 1 0.158305 0 0.959572 0.116904 0 0.977796 0.156041 0 1 0.184611 0 0.95767 0.127917 0 0.976008 0.184561 0 1 0.213699 0 0.952747 0.153696 0 0.930955 0.099968 0 0.931955 0.08539 0 0.92632 0.143298 0 0.949423 0.187228 0 0.975381 0.214936 0 1 0.250263 0 0.903894 0.081768 0 0.907335 0.069368 0 0.888103 0.061122 0 0.899684 0.131807 0 0.885071 0.074021 0 0.866508 0.051783 0 0.948602 0.219938 0 0.974951 0.250864 0 1 0.277344 0 0.92223 0.186985 0 0.898325 0.181442 0 0.974889 0.277344 0 1 0.313167 0 0.947765 0.253321 0 0.921998 0.222596 0 0.898325 0.220768 0 0.880386 0.126267 0 0.876743 0.174882 0 0.860962 0.119449 0 0.865692 0.065135 0 0.875394 0.216243 0 0.948025 0.277344 0 0.92286 0.255148 0 0.899 0.253009 0 0.874618 0.252471 0 0.84649 0.056057 0 0.848099 0.043282 0 0.84041 0.110802 0 0.853013 0.210626 0 0.855696 0.168086 0 0.835453 0.15967 0 0.831812 0.203226 0 0.817436 0.151841 0 0.824718 0.100539 0 0.831215 0.048529 0 0.832113 0.036638 0 0.851172 0.25008 0 0.828874 0.246261 0 0.85009 0.277344 0 0.874915 0.277344 0 0.899988 0.277344 0 0.875331 0.313406 0 0.923161 0.277344 0 0.901552 0.313158 0 0.924629 0.313057 0 0.811884 0.198663 0 0.79486 0.139639 0 0.804057 0.084292 0 0.811961 0.038045 0 0.784484 0.066794 0 0.813956 0.026963 0 0.798239 0.018377 0 0.795833 0.026182 0 0.783538 0.00561 0 0.780904 0.012753 0 0.767254 0.050091 0 0.769758 0.123443 0 0.74984 0.107534 0 0.787852 0.192242 0 0.758955 0.182125 0 0.73659 0.170961 0 0.808216 0.243811 0 0.78243 0.240976 0 0.752648 0.236515 0 0.730224 0.230741 0 0.87596 0.346738 0 0.902505 0.346339 0 0.827583 0.277344 0 0.849422 0.314107 0 0.805877 0.277344 0 0.826319 0.314888 0 0.8492 0.347661 0 0.876935 0.386719 0 0.779975 0.277344 0 0.804119 0.315477 0 0.826038 0.348524 0 0.848854 0.386719 0 0.750892 0.277344 0 0.778372 0.315735 0 0.802601 0.34905 0 0.825462 0.386719 0 0.730254 0.277344 0 0.750205 0.315325 0 0.731289 0.314603 0 0.777044 0.349509 0 0.74925 0.348945 0 0.729945 0.346831 0 0.801675 0.386719 0 0.775979 0.386719 0 0.748077 0.386719 0 0.727286 0.386719 0 0.877409 0.417577 0 0.849122 0.421239 0 0.825872 0.423711 0 0.801681 0.427051 0 0.77583 0.430854 0 0.747656 0.434668 0 0.725881 0.436451 0 0.878074 0.455571 0 0.850076 0.460327 0 0.826969 0.464649 0 0.802851 0.470222 0 0.777277 0.476344 0 0.749566 0.483924 0 0.728233 0.490876 0 0.735507 0.545111 0 0.903952 0.415854 0 0.904552 0.451844 0 0.878611 0.488554 0 0.904784 0.482151 0 0.851453 0.495718 0 0.828415 0.502265 0 0.805224 0.5104 0 0.781004 0.519847 0 0.755047 0.532702 0 0.750684 0.608597 0 0.905025 0.525162 0 0.879805 0.534315 0 0.85403 0.543884 0 0.831207 0.552649 0 0.809926 0.562883 0 0.788712 0.576311 0 0.766384 0.59433 0 0.76947 0.66482 0 0.928848 0.480462 0 0.928143 0.525244 0 0.904602 0.584089 0 0.881104 0.590318 0 0.857584 0.598468 0 0.835144 0.609164 0 0.817044 0.621221 0 0.799025 0.632635 0 0.781067 0.649865 0 0.903771 0.646727 0 0.881811 0.64866 0 0.860556 0.653503 0 0.839803 0.661315 0 0.822824 0.668734 0 0.807779 0.677887 0 0.793249 0.691827 0 0.784666 0.703336 0 0.927315 0.644827 0 0.928093 0.587212 0 0.954355 0.486011 0 0.953929 0.531264 0 0.955128 0.589489 0 0.954865 0.647426 0 0.978513 0.491012 0 0.978842 0.535718 0 0.979433 0.593389 0 0.9795 0.649937 0 1 0.648986 0 1 0.592459 0 1 0.537299 0 1 0.491884 0 1 0.455596 0 0.977941 0.455264 0 1 0.418981 0 0.953716 0.45252 0 0.977287 0.418725 0 1 0.386719 0 0.9284 0.450115 0 0.953109 0.417561 0 0.928042 0.416384 0 0.976097 0.386719 0 0.952047 0.386719 0 0.92708 0.386719 0 1 0.346511 0 0.975081 0.346504 0 0.950962 0.346428 0 0.975136 0.313144 0 0.949475 0.313136 0 0.925846 0.346311 0 0.9034 0.386719 0 0.71875 0.53125 0 0.71875 0.540926 0 0.694137 0.530107 0 0.693974 0.540104 0 0.677666 0.537822 0 0.677001 0.528163 0 0.69456 0.57999 0 0.71875 0.580282 0 0.678691 0.580096 0 0.658574 0.536035 0 0.658411 0.526273 0 0.641018 0.527258 0 0.695401 0.625204 0 0.71875 0.624082 0 0.679206 0.62562 0 0.656392 0.580236 0 0.640456 0.536319 0 0.618626 0.535203 0 0.695842 0.671677 0 0.71875 0.672823 0 0.71875 0.715875 0 0.679268 0.670114 0 0.639193 0.582564 0 0.618896 0.544851 0 0.59719 0.545371 0 0.655299 0.626031 0 0.656129 0.66688 0 0.694865 0.714936 0 0.678646 0.713216 0 0.694604 0.752848 0 0.71875 0.75569 0 0.65535 0.708294 0 0.637145 0.665492 0 0.637749 0.627506 0 0.615497 0.591967 0 0.613835 0.633847 0 0.598747 0.556754 0 0.597741 0.601731 0 0.578621 0.556633 0 0.579667 0.5692 0 0.560052 0.572171 0 0.693958 0.795362 0 0.71875 0.799795 0 0.677929 0.753035 0 0.658025 0.756323 0 0.675794 0.798429 0 0.695164 0.835048 0 0.71875 0.834413 0 0.613456 0.667101 0 0.596324 0.642052 0 0.578337 0.613762 0 0.561273 0.582998 0 0.635077 0.703842 0 0.64032 0.746614 0 0.673647 0.843618 0 0.657821 0.807344 0 0.644636 0.774592 0 0.696675 0.854041 0 0.71875 0.855469 0 0.674978 0.864462 0 0.652035 0.864343 0 0.655831 0.880915 0 0.644778 0.812204 0 0.595554 0.672937 0 0.614209 0.70339 0 0.630278 0.732478 0 0.577134 0.65177 0 0.562977 0.621798 0 0.631608 0.771497 0 0.623998 0.761846 0 0.634558 0.791616 0 0.634702 0.81458 0 0.639487 0.850669 0 0.633061 0.842739 0 0.625131 0.864614 0 0.635515 0.89387 0 0.629689 0.875502 0 0.608371 0.883923 0 0.608675 0.894143 0 0.588725 0.888075 0 0.639359 0.909282 0 0.614912 0.731354 0 0.612947 0.758188 0 0.595431 0.706438 0 0.597489 0.735906 0 0.600113 0.763449 0 0.582107 0.749274 0 0.588405 0.77245 0 0.57499 0.681478 0 0.571747 0.718073 0 0.563908 0.657251 0 0.561412 0.687853 0 0.542825 0.657126 0 0.589005 0.897502 0 0.574252 0.881642 0 0.609466 0.916144 0 0.621107 0.944454 0 0.628227 0.94455 0 0.624145 0.982193 0 0.618655 0.982531 0 0.60854 0.948489 0 0.606485 0.982291 0 0.587561 0.922136 0 0.585359 0.951514 0 0.582179 0.978204 0 0.572059 0.891432 0 0.56694 0.914753 0 0.562824 0.94393 0 0.559036 0.967814 0 0.540551 0.95314 0 0.54614 0.930013 0 0.563985 0.872778 0 0.559575 0.883848 0 0.559266 0.86208 0 0.552632 0.902817 0 0.551868 0.869186 0 0.536007 0.884633 0 0.527175 0.908783 0 0.519911 0.92928 0 0.50649 0.903711 0 0.516095 0.88872 0 0.5 0.875 0 0.556377 0.837131 0 0.562226 0.837726 0 0.547077 0.833027 0 0.510992 0.866158 0 0.525667 0.868393 0 0.536352 0.829395 0 0.5632 0.801433 0 0.568646 0.80947 0 0.576495 0.786366 0 0.554277 0.79351 0 0.572863 0.774188 0 0.564709 0.753247 0 0.543458 0.790513 0 0.551456 0.750361 0 0.557629 0.72017 0 0.518233 0.855273 0 0.524882 0.828533 0 0.511493 0.830363 0 0.5 0.831657 0 0.529599 0.791658 0 0.514637 0.794849 0 0.5 0.797114 0 0.535178 0.752455 0 0.518214 0.754318 0 0.5 0.75658 0 0.539586 0.724035 0 0.520523 0.724895 0 0.5 0.725667 0 0.542281 0.690077 0 0.522694 0.688825 0 0.5 0.689876 0 0.489008 0.866158 0 0.488507 0.830363 0 0.485362 0.794849 0 0.481786 0.754318 0 0.479477 0.724895 0 0.523007 0.655167 0 0.5 0.654272 0 0.477306 0.688825 0 0.481767 0.855273 0 0.475118 0.828533 0 0.474333 0.868393 0 0.483905 0.88872 0 0.49351 0.903711 0 0.470401 0.791658 0 0.463647 0.829395 0 0.463993 0.884633 0 0.472825 0.908783 0 0.480089 0.92928 0 0.459449 0.95314 0 0.45386 0.930013 0 0.464822 0.752455 0 0.456542 0.790513 0 0.452923 0.833027 0 0.460414 0.724035 0 0.448544 0.750361 0 0.445723 0.79351 0 0.542991 0.61845 0 0.522264 0.615895 0 0.544277 0.584992 0 0.542804 0.575659 0 0.52266 0.583075 0 0.522594 0.574038 0 0.5 0.582872 0 0.5 0.574219 0 0.477406 0.574038 0 0.5 0.615112 0 0.477736 0.615895 0 0.47734 0.583075 0 0.457196 0.575659 0 0.455723 0.584992 0 0.439948 0.572171 0 0.476993 0.655167 0 0.457009 0.61845 0 0.457175 0.657126 0 0.457719 0.690077 0 0.442371 0.72017 0 0.438588 0.687853 0 0.435291 0.753247 0 0.428253 0.718073 0 0.438727 0.582998 0 0.437023 0.621798 0 0.436092 0.657251 0 0.42501 0.681478 0 0.422866 0.65177 0 0.421663 0.613762 0 0.420333 0.5692 0 0.421379 0.556633 0 0.427137 0.774188 0 0.417893 0.749274 0 0.404569 0.706438 0 0.404446 0.672937 0 0.403676 0.642052 0 0.402259 0.601731 0 0.401253 0.556754 0 0.40281 0.545371 0 0.385791 0.70339 0 0.386544 0.667101 0 0.386165 0.633847 0 0.384503 0.591967 0 0.381104 0.544851 0 0.381374 0.535203 0 0.402511 0.735906 0 0.385087 0.731354 0 0.362855 0.665492 0 0.362251 0.627506 0 0.360806 0.582564 0 0.344701 0.626031 0 0.359544 0.536319 0 0.343608 0.580236 0 0.358982 0.527258 0 0.341426 0.536035 0 0.341589 0.526273 0 0.322999 0.528163 0 0.364923 0.703842 0 0.369722 0.732478 0 0.399887 0.763449 0 0.387053 0.758188 0 0.376002 0.761846 0 0.35968 0.746614 0 0.368392 0.771497 0 0.34465 0.708294 0 0.343871 0.66688 0 0.320794 0.62562 0 0.320732 0.670114 0 0.321309 0.580096 0 0.322334 0.537822 0 0.305863 0.530107 0 0.306026 0.540104 0 0.30544 0.57999 0 0.28125 0.540926 0 0.28125 0.53125 0 0.28125 0.580282 0 0.304599 0.625204 0 0.28125 0.624082 0 0.304158 0.671677 0 0.28125 0.672823 0 0.28125 0.715875 0 0.321354 0.713216 0 0.305135 0.714936 0 0.305396 0.752848 0 0.28125 0.75569 0 0.341975 0.756323 0 0.322071 0.753035 0 0.306042 0.795362 0 0.324206 0.798429 0 0.28125 0.799795 0 0.304836 0.835048 0 0.28125 0.834413 0 0.355363 0.774592 0 0.365442 0.791616 0 0.342179 0.807344 0 0.355222 0.812204 0 0.365298 0.81458 0 0.326353 0.843618 0 0.347965 0.864343 0 0.360513 0.850669 0 0.366939 0.842739 0 0.374869 0.864614 0 0.303325 0.854041 0 0.28125 0.855469 0 0.325022 0.864462 0 0.344169 0.880915 0 0.364485 0.89387 0 0.360641 0.909282 0 0.370311 0.875502 0 0.391629 0.883923 0 0.391324 0.894143 0 0.411275 0.888075 0 0.378893 0.944454 0 0.371773 0.94455 0 0.375855 0.982193 0 0.381345 0.982531 0 0.390534 0.916144 0 0.39146 0.948489 0 0.393515 0.982291 0 0.410995 0.897502 0 0.412439 0.922136 0 0.414641 0.951514 0 0.417821 0.978204 0 0.425748 0.881642 0 0.427941 0.891432 0 0.436015 0.872778 0 0.43306 0.914753 0 0.440425 0.883848 0 0.440734 0.86208 0 0.437176 0.94393 0 0.440964 0.967814 0 0.447368 0.902817 0 0.448132 0.869186 0 0.443623 0.837131 0 0.437774 0.837726 0 0.4368 0.801433 0 0.431354 0.80947 0 0.423505 0.786366 0 0.411595 0.77245 0 0.701172 0.441406 0 0.676434 0.441545 0 0.701172 0.427462 0 0.659914 0.440121 0 0.675313 0.428427 0 0.687378 0.412291 0 0.701172 0.41044 0 0.658899 0.428017 0 0.641335 0.440875 0 0.6741 0.412931 0 0.68738 0.394098 0 0.701172 0.390625 0 0.673342 0.397056 0 0.657736 0.412122 0 0.65694 0.397039 0 0.642703 0.410911 0 0.643319 0.395269 0 0.641012 0.428488 0 0.626262 0.407922 0 0.625608 0.432196 0 0.624455 0.446551 0 0.626914 0.389971 0 0.607233 0.383579 0 0.6046 0.405236 0 0.590181 0.376162 0 0.603899 0.443725 0 0.587276 0.403206 0 0.603445 0.462908 0 0.58584 0.456528 0 0.585081 0.483893 0 0.562058 0.398619 0 0.568887 0.469297 0 0.570528 0.505419 0 0.554798 0.478772 0 0.556453 0.530607 0 0.566723 0.355169 0 0.541269 0.395215 0 0.54162 0.313122 0 0.539182 0.486807 0 0.541134 0.541119 0 0.521772 0.544493 0 0.519784 0.487178 0 0.5 0.546875 0 0.520493 0.391758 0 0.5 0.487134 0 0.519485 0.309349 0 0.5 0.390645 0 0.5 0.306578 0 0.480515 0.309349 0 0.479507 0.391758 0 0.45838 0.313122 0 0.480216 0.487178 0 0.458731 0.395215 0 0.433277 0.355169 0 0.478228 0.544493 0 0.460818 0.486807 0 0.458866 0.541119 0 0.443547 0.530607 0 0.445202 0.478772 0 0.429472 0.505419 0 0.437942 0.398619 0 0.431113 0.469297 0 0.414919 0.483893 0 0.41416 0.456528 0 0.396555 0.462908 0 0.409819 0.376162 0 0.412724 0.403206 0 0.396101 0.443725 0 0.3954 0.405236 0 0.392767 0.383579 0 0.375545 0.446551 0 0.374392 0.432196 0 0.358665 0.440875 0 0.373738 0.407922 0 0.358988 0.428488 0 0.373086 0.389971 0 0.356681 0.395269 0 0.357297 0.410911 0 0.34306 0.397039 0 0.341101 0.428017 0 0.342264 0.412122 0 0.326658 0.397056 0 0.3259 0.412931 0 0.340086 0.440121 0 0.324687 0.428427 0 0.323566 0.441545 0 0.312622 0.412291 0 0.298828 0.427462 0 0.298828 0.441406 0 0.298828 0.41044 0 0.31262 0.394098 0 0.298828 0.390625 0 0 0.119869 0 0.018604 0.116988 0 0 0.132808 0 0.019764 0.129614 0 0.040428 0.116904 0 0 0.158305 0 0.04233 0.127917 0 0.022204 0.156041 0 0 0.184611 0 0.047253 0.153696 0 0.023992 0.184561 0 0 0.213699 0 0.069045 0.099968 0 0.068045 0.08539 0 0.07368 0.143298 0 0.050577 0.187228 0 0.024619 0.214936 0 0 0.250263 0 0.096106 0.081768 0 0.092665 0.069368 0 0.111897 0.061122 0 0.100316 0.131807 0 0.114929 0.074021 0 0.133492 0.051783 0 0.051398 0.219938 0 0.025049 0.250864 0 0 0.277344 0 0.07777 0.186985 0 0.101675 0.181442 0 0.052235 0.253321 0 0.078002 0.222596 0 0.101675 0.220768 0 0.025111 0.277344 0 0 0.313167 0 0.119614 0.126267 0 0.123257 0.174882 0 0.139038 0.119449 0 0.134308 0.065135 0 0.124606 0.216243 0 0.101 0.253009 0 0.125382 0.252471 0 0.07714 0.255148 0 0.051975 0.277344 0 0.15351 0.056057 0 0.151901 0.043282 0 0.15959 0.110802 0 0.146987 0.210626 0 0.148828 0.25008 0 0.144304 0.168086 0 0.164547 0.15967 0 0.168188 0.203226 0 0.182564 0.151841 0 0.175282 0.100539 0 0.168785 0.048529 0 0.167887 0.036638 0 0.171126 0.246261 0 0.188116 0.198663 0 0.20514 0.139639 0 0.195943 0.084292 0 0.188039 0.038045 0 0.215516 0.066794 0 0.186044 0.026963 0 0.201761 0.018377 0 0.204167 0.026182 0 0.216462 0.00561 0 0.219096 0.012753 0 0.232746 0.050091 0 0.230242 0.123443 0 0.25016 0.107534 0 0.212148 0.192242 0 0.241045 0.182125 0 0.26341 0.170961 0 0.191784 0.243811 0 0.21757 0.240976 0 0.247352 0.236515 0 0.269776 0.230741 0 0.14991 0.277344 0 0.172417 0.277344 0 0.194123 0.277344 0 0.220025 0.277344 0 0.249108 0.277344 0 0.269746 0.277344 0 0.150578 0.314107 0 0.173681 0.314888 0 0.195881 0.315477 0 0.221628 0.315735 0 0.249795 0.315325 0 0.268711 0.314603 0 0.125085 0.277344 0 0.124669 0.313406 0 0.100012 0.277344 0 0.173962 0.348524 0 0.197399 0.34905 0 0.222956 0.349509 0 0.25075 0.348945 0 0.270055 0.346831 0 0.1508 0.347661 0 0.12404 0.346738 0 0.098448 0.313158 0 0.076839 0.277344 0 0.075371 0.313057 0 0.097495 0.346339 0 0.123065 0.386719 0 0.151146 0.386719 0 0.174538 0.386719 0 0.198325 0.386719 0 0.224021 0.386719 0 0.251923 0.386719 0 0.272714 0.386719 0 0.050525 0.313136 0 0.074154 0.346311 0 0.0966 0.386719 0 0.150878 0.421239 0 0.122591 0.417577 0 0.096048 0.415854 0 0.07292 0.386719 0 0.049038 0.346428 0 0.024864 0.313144 0 0 0.346511 0 0.024919 0.346504 0 0.047953 0.386719 0 0.023903 0.386719 0 0 0.386719 0 0.071958 0.416384 0 0.046891 0.417561 0 0.022713 0.418725 0 0 0.418981 0 0.095448 0.451844 0 0.071599 0.450115 0 0.046284 0.45252 0 0.071152 0.480462 0 0.022059 0.455264 0 0.045645 0.486011 0 0 0.455596 0 0.021487 0.491012 0 0 0.491884 0 0.121926 0.455571 0 0.095216 0.482151 0 0.071857 0.525244 0 0.046071 0.531264 0 0.021158 0.535718 0 0 0.537299 0 0.149924 0.460327 0 0.121389 0.488554 0 0.094975 0.525162 0 0.044872 0.589489 0 0.020567 0.593389 0 0 0.592459 0 0 0.648986 0 0.0205 0.649937 0 0.045135 0.647426 0 0.072685 0.644827 0 0.071907 0.587212 0 0.095398 0.584089 0 0.096229 0.646727 0 0.120195 0.534315 0 0.118896 0.590318 0 0.118189 0.64866 0 0.148547 0.495718 0 0.14597 0.543884 0 0.142416 0.598468 0 0.139444 0.653503 0 0.174128 0.423711 0 0.173031 0.464649 0 0.198319 0.427051 0 0.171585 0.502265 0 0.197149 0.470222 0 0.22417 0.430854 0 0.168793 0.552649 0 0.194776 0.5104 0 0.222723 0.476344 0 0.252344 0.434668 0 0.274119 0.436451 0 0.250434 0.483924 0 0.271767 0.490876 0 0.264493 0.545111 0 0.218996 0.519847 0 0.244953 0.532702 0 0.249316 0.608597 0 0.190074 0.562883 0 0.211288 0.576311 0 0.233616 0.59433 0 0.23053 0.66482 0 0.164856 0.609164 0 0.182956 0.621221 0 0.200975 0.632635 0 0.218933 0.649865 0 0.160197 0.661315 0 0.177176 0.668734 0 0.192221 0.677887 0 0.206751 0.691827 0 0.215334 0.703336 0 0.841106 0.795487 0 0.890172 0.746647 0 0.848655 0.819599 0 0.8949 0.763504 0 0.859033 0.848364 0 0.901417 0.782148 0 0.873521 0.879121 0 0.955589 0.690966 0 0.954159 0.685041 0 0.95755 0.682285 0 0.957568 0.698353 0 0.91149 0.804872 0 0.888274 0.901848 0 0.96048 0.706307 0 0.95885 0.688065 0 0.960739 0.68046 0 0.961961 0.685667 0 0.960592 0.694426 0 0.96367 0.69059 0 0.965627 0.695024 0 0.963021 0.700774 0 0.968623 0.699501 0 0.966042 0.706229 0 0.971592 0.703584 0 0.963556 0.712596 0 0.920683 0.820709 0 0.903124 0.920871 0 0.930626 0.834052 0 0.918912 0.936427 0 0.967452 0.717907 0 0.941251 0.844837 0 0.935755 0.948529 0 0.969497 0.710888 0 0.971565 0.721776 0 0.952587 0.853464 0 0.949985 0.957666 0 0.974681 0.706803 0 0.9731 0.714502 0 0.977353 0.70877 0 0.975297 0.723915 0 0.976304 0.716648 0 0.96256 0.858542 0 0.979108 0.725003 0 0.979811 0.717893 0 0.98053 0.710538 0 0.963737 0.963726 0 0.971894 0.861706 0 0.982451 0.72556 0 0.981642 0.864054 0 0.978599 0.967288 0 0.982878 0.718487 0 0.985913 0.725928 0 0.983295 0.711528 0 0.986146 0.712404 0 0.986058 0.719082 0 0.988281 0.712739 0 0.988281 0.719251 0 0.988281 0.725947 0 0.988281 0.864746 0 0.988281 0.967978 0 0.158894 0.795487 0 0.151345 0.819599 0 0.109828 0.746647 0 0.1051 0.763504 0 0.140967 0.848364 0 0.044411 0.690966 0 0.045841 0.685041 0 0.04245 0.682285 0 0.098583 0.782148 0 0.126479 0.879121 0 0.042432 0.698353 0 0.04115 0.688065 0 0.039261 0.68046 0 0.038039 0.685667 0 0.039408 0.694426 0 0.03633 0.69059 0 0.034373 0.695024 0 0.036979 0.700774 0 0.031377 0.699501 0 0.03952 0.706307 0 0.033958 0.706229 0 0.028408 0.703584 0 0.08851 0.804872 0 0.036444 0.712596 0 0.111726 0.901848 0 0.079317 0.820709 0 0.096876 0.920871 0 0.069374 0.834052 0 0.081088 0.936427 0 0.032548 0.717907 0 0.058749 0.844837 0 0.064245 0.948529 0 0.030503 0.710888 0 0.028435 0.721776 0 0.047413 0.853464 0 0.050015 0.957666 0 0.025319 0.706803 0 0.0269 0.714502 0 0.022647 0.70877 0 0.024703 0.723915 0 0.023696 0.716648 0 0.037441 0.858542 0 0.020892 0.725003 0 0.020189 0.717893 0 0.019469 0.710538 0 0.036263 0.963726 0 0.028106 0.861706 0 0.017549 0.72556 0 0.018358 0.864054 0 0.021401 0.967288 0 0.017122 0.718487 0 0.014087 0.725928 0 0.016705 0.711528 0 0.013854 0.712404 0 0.013942 0.719082 0 0.011719 0.712739 0 0.011719 0.719251 0 0.011719 0.725947 0 0.011719 0.864746 0 0.011719 0.967978 0 0.547963 0.273438 0 0.544926 0.273438 0 0.547963 0.125 0 0.544926 0.125 0 0.54079 0.273438 0 0.540791 0.125 0 0.536912 0.273438 0 0.536911 0.125 0 0.532425 0.273438 0 0.532425 0.125 0 0.528625 0.273438 0 0.528625 0.125 0 0.52388 0.273438 0 0.52388 0.125 0 0.518876 0.273438 0 0.518905 0.125 0 0.513575 0.273438 0 0.513577 0.125 0 0.509262 0.125 0 0.50926 0.273438 0 0.504647 0.125 0 0.504645 0.273438 0 0.5 0.273438 0 0.5 0.125 0 0.495353 0.125 0 0.495355 0.273438 0 0.49074 0.273438 0 0.490738 0.125 0 0.486425 0.273438 0 0.486423 0.125 0 0.481095 0.125 0 0.481124 0.273438 0 0.47612 0.125 0 0.47612 0.273438 0 0.471375 0.125 0 0.471375 0.273438 0 0.467575 0.125 0 0.467575 0.273438 0 0.463089 0.125 0 0.463088 0.273438 0 0.459209 0.125 0 0.45921 0.273438 0 0.455074 0.125 0 0.455074 0.273438 0 0.452037 0.125 0 0.452037 0.273438 0 0.514527 0.078583 0 0.510598 0.085493 0 0.5 0.054937 0 0.505539 0.090234 0 0.5 0.09215 0 0.494461 0.090234 0 0.489402 0.085493 0 0.485473 0.078583 0 0.482761 0.066882 0 0.481502 0.055104 0 0.482121 0.04365 0 0.484099 0.035305 0 0.487709 0.027102 0 0.491715 0.022143 0 0.496372 0.018422 0 0.5 0.017225 0 0.503628 0.018422 0 0.508285 0.022143 0 0.512291 0.027102 0 0.515901 0.035305 0 0.517879 0.04365 0 0.518498 0.055104 0 0.517239 0.066882 0 0.550781 1.38047 0 0.529351 1.30253 0 0.550784 1.30253 0 0.528235 1.38047 0 0.572215 1.30253 0 0.52935 1.46094 0 0.573328 1.38047 0 0.550779 1.46094 0 0.572208 1.46094 0 0.532271 1.22517 0 0.509511 1.30253 0 0.515393 1.22517 0 0.592053 1.30253 0 0.569301 1.22517 0 0.586179 1.22517 0 0.532654 1.53994 0 0.509399 1.46094 0 0.515916 1.53994 0 0.592159 1.46094 0 0.568899 1.53994 0 0.585635 1.53994 0 0.521805 1.15861 0 0.550784 1.22517 0 0.53551 1.15861 0 0.507161 1.38047 0 0.594402 1.38047 0 0.579791 1.15861 0 0.528589 1.61817 0 0.550777 1.53994 0 0.539079 1.61817 0 0.572959 1.61817 0 0.526987 1.08994 0 0.566067 1.15861 0 0.550774 1.15861 0 0.545406 1.68461 0 0.562469 1.61817 0 0.550774 1.61817 0 0.537887 1.08994 0 0.527505 1.07908 0 0.574816 1.08994 0 0.56373 1.08994 0 0.547903 1.68461 0 0.550765 1.6924 0 0.556124 1.68461 0 0.538119 1.07937 0 0.527823 1.06876 0 0.550774 1.08994 0 0.569308 1.07133 0 0.581399 1.07085 0 0.550765 1.68461 0 0.553628 1.68461 0 0.538244 1.0689 0 0.527285 1.01172 0 0.551892 1.07642 0 0.572989 1.05732 0 0.595559 1.03901 0 0.537353 1.01172 0 0.553268 1.06451 0 0.580246 1.01172 0 0.601414 1.01172 0 0.558354 1.01172 0 0.949219 1.38047 0 0.927783 1.30253 0 0.949216 1.30253 0 0.926672 1.38047 0 0.970648 1.30253 0 0.927797 1.46094 0 0.971766 1.38047 0 0.949226 1.46094 0 0.970655 1.46094 0 0.930698 1.22517 0 0.907945 1.30253 0 0.913821 1.22517 0 0.990484 1.30253 0 0.967724 1.22517 0 0.984599 1.22517 0 0.931109 1.53994 0 0.907842 1.46094 0 0.914371 1.53994 0 0.990608 1.46094 0 0.967356 1.53994 0 0.984096 1.53994 0 0.920234 1.15864 0 0.949212 1.22517 0 0.933947 1.15864 0 0.905597 1.38047 0 0.992841 1.38047 0 0.978172 1.15864 0 0.927048 1.61817 0 0.949233 1.53994 0 0.937538 1.61817 0 0.971424 1.61817 0 0.925218 1.09004 0 0.964477 1.15864 0 0.949226 1.15864 0 0.943863 1.68462 0 0.960933 1.61817 0 0.949235 1.61817 0 0.936312 1.09004 0 0.930689 1.07147 0 0.918568 1.07084 0 0.972957 1.09004 0 0.962071 1.09004 0 0.946359 1.68462 0 0.949219 1.6924 0 0.954581 1.68462 0 0.926971 1.05746 0 0.90433 1.03896 0 0.949226 1.09004 0 0.948113 1.07658 0 0.972487 1.07911 0 0.949222 1.68462 0 0.952082 1.68461 0 0.919617 1.01172 0 0.898346 1.01172 0 0.946735 1.06468 0 0.961864 1.07951 0 0.941643 1.01172 0 0.961764 1.06905 0 0.962782 1.01172 0 0.972195 1.06876 0 0.97289 1.01172 0 0.810771 1.90234 0 0.773438 1.92267 0 0.773438 1.90234 0 0.810722 1.92321 0 0.773438 1.88202 0 0.848673 1.92365 0 0.810722 1.88148 0 0.849044 1.90234 0 0.848673 1.88104 0 0.773438 1.9431 0 0.773438 1.86159 0 0.87782 1.92382 0 0.847807 1.94441 0 0.877085 1.94463 0 0.847807 1.86028 0 0.87782 1.88087 0 0.877085 1.86006 0 0.810607 1.94386 0 0.773438 1.96368 0 0.810607 1.86083 0 0.773438 1.84101 0 0.906656 1.94513 0 0.878143 1.90234 0 0.907656 1.92421 0 0.876409 1.83999 0 0.906656 1.85956 0 0.905763 1.83967 0 0.810498 1.96421 0 0.773438 1.98438 0 0.876409 1.9647 0 0.846973 1.96456 0 0.810498 1.84047 0 0.773438 1.82031 0 0.938989 1.94363 0 0.905763 1.96502 0 0.937768 1.96448 0 0.907656 1.88048 0 0.908102 1.90234 0 0.846973 1.84013 0 0.937768 1.84021 0 0.905423 1.82031 0 0.937286 1.82031 0 0.810453 1.98438 0 0.876144 1.98438 0 0.846636 1.98438 0 0.810453 1.82031 0 0.964228 1.9631 0 0.940289 1.92263 0 0.965797 1.94252 0 0.905423 1.98438 0 0.937286 1.98438 0 0.938989 1.86106 0 0.940289 1.88206 0 0.876144 1.82031 0 0.846636 1.82031 0 0.963555 1.82031 0 0.97589 1.96365 0 0.963555 1.98438 0 0.974501 1.98438 0 0.940848 1.90234 0 0.967353 1.92241 0 0.964228 1.84158 0 0.965797 1.86217 0 0.98482 1.98438 0 0.979208 1.9429 0 0.986099 1.96352 0 0.967353 1.88227 0 0.967952 1.90234 0 0.974501 1.82031 0 0.989201 1.94315 0 0.982055 1.92227 0 0.979208 1.86179 0 0.97589 1.84104 0 0.983129 1.90234 0 0.982055 1.88242 0 0.991744 1.92281 0 0.98482 1.82031 0 0.989201 1.86153 0 0.986099 1.84116 0 0.992666 1.90234 0 0.991744 1.88188 0 0.953125 1.75391 0 0.940177 1.72838 0 0.953125 1.71819 0 0.93482 1.75391 0 0.965257 1.72892 0 0.940177 1.77943 0 0.970283 1.75391 0 0.953125 1.78963 0 0.965257 1.77889 0 0.449219 1.38047 0 0.470649 1.30253 0 0.471765 1.38047 0 0.449216 1.30253 0 0.47065 1.46094 0 0.427785 1.30253 0 0.449221 1.46094 0 0.426672 1.38047 0 0.427792 1.46094 0 0.490489 1.30253 0 0.467729 1.22517 0 0.484607 1.22517 0 0.467346 1.53994 0 0.490601 1.46094 0 0.484084 1.53994 0 0.407947 1.30253 0 0.430699 1.22517 0 0.413821 1.22517 0 0.431101 1.53994 0 0.407841 1.46094 0 0.414365 1.53994 0 0.492839 1.38047 0 0.478195 1.15861 0 0.449216 1.22517 0 0.46449 1.15861 0 0.471411 1.61817 0 0.449223 1.53994 0 0.460921 1.61817 0 0.405598 1.38047 0 0.420209 1.15861 0 0.427041 1.61817 0 0.473013 1.08994 0 0.433933 1.15861 0 0.449226 1.15861 0 0.454594 1.68461 0 0.437531 1.61817 0 0.449226 1.61817 0 0.462113 1.08994 0 0.472495 1.07908 0 0.425184 1.08994 0 0.452097 1.68461 0 0.449235 1.6924 0 0.443876 1.68461 0 0.446372 1.68461 0 0.461881 1.07937 0 0.472177 1.06876 0 0.43627 1.08994 0 0.449226 1.08994 0 0.449235 1.68461 0 0.461756 1.0689 0 0.472715 1.01172 0 0.448108 1.07642 0 0.430692 1.07133 0 0.418601 1.07085 0 0.462647 1.01172 0 0.427011 1.05732 0 0.404441 1.03901 0 0.446732 1.06451 0 0.419754 1.01172 0 0.398586 1.01172 0 0.441646 1.01172 0 0.050781 1.38047 0 0.072217 1.30253 0 0.073327 1.38047 0 0.050784 1.30253 0 0.072203 1.46094 0 0.029352 1.30253 0 0.050774 1.46094 0 0.028234 1.38047 0 0.029345 1.46094 0 0.092055 1.30253 0 0.069302 1.22517 0 0.086179 1.22517 0 0.068891 1.53994 0 0.092158 1.46094 0 0.085629 1.53994 0 0.009516 1.30253 0 0.032276 1.22517 0 0.015401 1.22517 0 0.032644 1.53994 0 0.009392 1.46094 0 0.015904 1.53994 0 0.094403 1.38047 0 0.079766 1.15864 0 0.050788 1.22517 0 0.066053 1.15864 0 0.072952 1.61817 0 0.050767 1.53994 0 0.062462 1.61817 0 0.007159 1.38047 0 0.021828 1.15864 0 0.028577 1.61817 0 0.074782 1.09004 0 0.035523 1.15864 0 0.050774 1.15864 0 0.056137 1.68462 0 0.039067 1.61817 0 0.050765 1.61817 0 0.063688 1.09004 0 0.069311 1.07147 0 0.081432 1.07084 0 0.027043 1.09004 0 0.053641 1.68462 0 0.050781 1.6924 0 0.045419 1.68462 0 0.047918 1.68461 0 0.073029 1.05746 0 0.051887 1.07658 0 0.053265 1.06468 0 0.037929 1.09004 0 0.050774 1.09004 0 0.050778 1.68462 0 0.09567 1.03896 0 0.038236 1.06905 0 0.058357 1.01172 0 0.037218 1.01172 0 0.038136 1.07951 0 0.027514 1.07911 0 0.080383 1.01172 0 0.101654 1.01172 0 0.027805 1.06876 0 0.02711 1.01172 0 0.189229 1.90234 0 0.226563 1.92267 0 0.189278 1.92321 0 0.226563 1.90234 0 0.151327 1.92365 0 0.226563 1.88202 0 0.150956 1.90234 0 0.189278 1.88148 0 0.151327 1.88104 0 0.226563 1.9431 0 0.12218 1.92382 0 0.152193 1.94441 0 0.122915 1.94463 0 0.226563 1.86159 0 0.12218 1.88087 0 0.152193 1.86028 0 0.122915 1.86006 0 0.189393 1.94386 0 0.226563 1.96368 0 0.093344 1.94513 0 0.121857 1.90234 0 0.092344 1.92421 0 0.189393 1.86083 0 0.226563 1.84101 0 0.093344 1.85956 0 0.123591 1.83999 0 0.094237 1.83967 0 0.189502 1.96421 0 0.226563 1.98438 0 0.123591 1.9647 0 0.153027 1.96456 0 0.061011 1.94363 0 0.094237 1.96502 0 0.062232 1.96448 0 0.092344 1.88048 0 0.091898 1.90234 0 0.189502 1.84047 0 0.226563 1.82031 0 0.153027 1.84013 0 0.062232 1.84021 0 0.094577 1.82031 0 0.062714 1.82031 0 0.189547 1.98438 0 0.123856 1.98438 0 0.153364 1.98438 0 0.035772 1.9631 0 0.059711 1.92263 0 0.034203 1.94252 0 0.094577 1.98438 0 0.062714 1.98438 0 0.061011 1.86106 0 0.059711 1.88206 0 0.189547 1.82031 0 0.123856 1.82031 0 0.153364 1.82031 0 0.036445 1.82031 0 0.02411 1.96365 0 0.036445 1.98438 0 0.025499 1.98438 0 0.059152 1.90234 0 0.032647 1.92241 0 0.035772 1.84158 0 0.034203 1.86217 0 0.01518 1.98438 0 0.020792 1.9429 0 0.013901 1.96352 0 0.032647 1.88227 0 0.032049 1.90234 0 0.025499 1.82031 0 0.02411 1.84104 0 0.010799 1.94315 0 0.017945 1.92227 0 0.020792 1.86179 0 0.017945 1.88242 0 0.01518 1.82031 0 0.008256 1.92281 0 0.016871 1.90234 0 0.013901 1.84116 0 0.010799 1.86153 0 0.007334 1.90234 0 0.008256 1.88188 0 0.046875 1.75391 0 0.046875 1.71819 0 0.059823 1.72838 0 0.034743 1.72892 0 0.06518 1.75391 0 0.029717 1.75391 0 0.059823 1.77943 0 0.034743 1.77889 0 0.046875 1.78963 0 0.548828 1.75391 0 0.536289 1.72941 0 0.548828 1.71963 0 0.531154 1.75391 0 0.560665 1.72993 0 0.53629 1.7784 0 0.565629 1.75391 0 0.548828 1.78818 0 0.560665 1.77789 0 0.75 1.14789 0 0.71221 1.14425 0 0.71221 1.10424 0 0.71221 1.17971 0 0.75 1.10521 0 0.75 1.18713 0 0.785466 1.10723 0 0.785466 1.19109 0 0.785466 1.15047 0 0.674022 1.13788 0 0.674022 1.16875 0 0.785466 1.05649 0 0.71221 1.06576 0 0.75 1.05339 0 0.822035 1.15177 0 0.822035 1.11319 0 0.651494 1.1518 0 0.674022 1.07713 0 0.674022 1.10349 0 0.785466 1.01272 0 0.822035 1.07278 0 0.822035 1.02872 0 0.822035 1.19204 0 0.651494 1.12843 0 0.632985 1.12955 0 0.674022 1.0461 0 0.71221 1.02995 0 0.75 1.01322 0 0.849692 1.05214 0 0.847359 1.12314 0 0.844726 1.09086 0 0.853154 1.15457 0 0.856983 1.18957 0 0.632985 1.11478 0 0.620188 1.10428 0 0.651494 1.10117 0 0.651494 1.08014 0 0.651494 1.05466 0 0.868232 1.07613 0 0.86701 1.1556 0 0.875219 1.181 0 0.86087 1.10383 0 0.861889 1.13032 0 0.620188 1.09889 0 0.615201 1.08615 0 0.632985 1.08341 0 0.632985 1.06669 0 0.632985 1.09808 0 0.877223 1.15512 0 0.88495 1.16572 0 0.874658 1.11656 0 0.875531 1.13606 0 0.620188 1.0914 0 0.620188 1.0858 0 0.620188 1.07948 0 0.888242 1.1393 0 0.881648 1.10376 0 0.75 1.25841 0 0.71221 1.30201 0 0.71221 1.26199 0 0.75 1.3011 0 0.71221 1.22653 0 0.785466 1.29909 0 0.75 1.21917 0 0.785466 1.25584 0 0.785466 1.21523 0 0.674022 1.26828 0 0.71221 1.3405 0 0.674022 1.30267 0 0.674022 1.32903 0 0.674022 1.2374 0 0.822039 1.29313 0 0.785466 1.34986 0 0.822039 1.33354 0 0.822039 1.25455 0 0.822039 1.21428 0 0.674022 1.36006 0 0.75 1.35292 0 0.71221 1.37631 0 0.651494 1.27769 0 0.651494 1.30495 0 0.651494 1.25432 0 0.84473 1.31546 0 0.822039 1.37761 0 0.849696 1.35418 0 0.853158 1.25175 0 0.856986 1.21675 0 0.651494 1.32596 0 0.651494 1.35144 0 0.75 1.3931 0 0.632985 1.27655 0 0.632985 1.29132 0 0.847363 1.28318 0 0.785466 1.39364 0 0.868237 1.33019 0 0.867013 1.25072 0 0.875223 1.22532 0 0.632985 1.32267 0 0.632985 1.33938 0 0.632985 1.30801 0 0.620188 1.30182 0 0.860874 1.30249 0 0.861893 1.276 0 0.877227 1.2512 0 0.884953 1.24061 0 0.620188 1.32029 0 0.620188 1.32662 0 0.620188 1.30721 0 0.620188 1.31469 0 0.874662 1.28977 0 0.875535 1.27026 0 0.888245 1.26703 0 0.6152 1.31996 0 0.881652 1.30256 0 0.451172 1.75391 0 0.451172 1.71963 0 0.463711 1.72941 0 0.439335 1.72993 0 0.468846 1.75391 0 0.434371 1.75391 0 0.46371 1.7784 0 0.439335 1.77789 0 0.451172 1.78818 0 0.25 1.14789 0 0.28779 1.10424 0 0.28779 1.14425 0 0.25 1.10521 0 0.28779 1.17971 0 0.214534 1.10723 0 0.25 1.18713 0 0.214534 1.15047 0 0.214534 1.19109 0 0.325978 1.13788 0 0.28779 1.06576 0 0.325978 1.10349 0 0.325978 1.07713 0 0.325978 1.16875 0 0.177965 1.11319 0 0.214534 1.05649 0 0.177965 1.07278 0 0.177965 1.15177 0 0.177965 1.19204 0 0.325978 1.0461 0 0.25 1.05339 0 0.28779 1.02995 0 0.348506 1.12843 0 0.348506 1.10117 0 0.348506 1.1518 0 0.155274 1.09086 0 0.177965 1.02872 0 0.150308 1.05214 0 0.146846 1.15457 0 0.143017 1.18957 0 0.348506 1.08014 0 0.348506 1.05466 0 0.25 1.01322 0 0.367015 1.12955 0 0.367015 1.11478 0 0.152641 1.12314 0 0.214534 1.01272 0 0.131768 1.07613 0 0.13299 1.1556 0 0.124781 1.181 0 0.367015 1.08341 0 0.367015 1.06669 0 0.367015 1.09808 0 0.379812 1.10428 0 0.13913 1.10383 0 0.138111 1.13032 0 0.122777 1.15512 0 0.11505 1.16572 0 0.379812 1.0858 0 0.379812 1.07948 0 0.379812 1.09889 0 0.379812 1.0914 0 0.125342 1.11656 0 0.124469 1.13606 0 0.111758 1.1393 0 0.384799 1.08615 0 0.118352 1.10376 0 0.25 1.25841 0 0.28779 1.30201 0 0.25 1.3011 0 0.28779 1.26199 0 0.214534 1.29909 0 0.28779 1.22653 0 0.214534 1.25584 0 0.25 1.21917 0 0.214534 1.21523 0 0.28779 1.3405 0 0.325978 1.26828 0 0.325978 1.32903 0 0.325978 1.30267 0 0.177961 1.29313 0 0.214534 1.34986 0 0.177961 1.33354 0 0.325978 1.2374 0 0.177961 1.25455 0 0.177961 1.21428 0 0.325978 1.36006 0 0.25 1.35292 0 0.28779 1.37631 0 0.348506 1.27769 0 0.348506 1.30495 0 0.15527 1.31546 0 0.177961 1.37761 0 0.150304 1.35418 0 0.348506 1.25432 0 0.146842 1.25175 0 0.143014 1.21675 0 0.348506 1.32596 0 0.348506 1.35144 0 0.25 1.3931 0 0.152637 1.28318 0 0.214534 1.39364 0 0.131763 1.33019 0 0.367015 1.27655 0 0.132987 1.25072 0 0.124777 1.22532 0 0.367015 1.32267 0 0.367015 1.33938 0 0.367015 1.29132 0 0.367015 1.30801 0 0.139126 1.30249 0 0.138107 1.276 0 0.122773 1.2512 0 0.115047 1.24061 0 0.379812 1.32029 0 0.379812 1.32662 0 0.379812 1.30721 0 0.379812 1.31469 0 0.379812 1.30182 0 0.125338 1.28977 0 0.124465 1.27026 0 0.111755 1.26703 0 0.3848 1.31996 0 0.118348 1.30256 0 0.856105 1.51547 0 0.856105 1.4919 0 0.880762 1.51202 0 0.820313 1.4862 0 0.880762 1.52915 0 0.820313 1.51435 0 0.856105 1.54178 0 0.820313 1.54764 0 0.880762 1.49778 0 0.856105 1.46472 0 0.880762 1.54336 0 0.89362 1.5127 0 0.89362 1.51795 0 0.778248 1.55197 0 0.778248 1.51206 0 0.880762 1.48194 0 0.820313 1.45327 0 0.856105 1.56762 0 0.89362 1.50537 0 0.898779 1.49813 0 0.736328 1.55271 0 0.820313 1.58032 0 0.736328 1.59283 0 0.778248 1.58804 0 0.89362 1.49988 0 0.89362 1.49358 0 0.778248 1.47819 0 0.691565 1.59214 0 0.736328 1.5099 0 0.691565 1.5526 0 0.778248 1.4422 0 0.655592 1.55307 0 0.655592 1.59015 0 0.736328 1.46641 0 0.691565 1.511 0 0.631317 1.55431 0 0.627754 1.58733 0 0.655592 1.51748 0 0.736328 1.42686 0 0.691565 1.46318 0 0.617175 1.5505 0 0.60986 1.57566 0 0.634201 1.52555 0 0.655592 1.47609 0 0.691565 1.42283 0 0.608297 1.55049 0 0.601914 1.56384 0 0.62024 1.53153 0 0.634189 1.49189 0 0.655592 1.43748 0 0.598512 1.54126 0 0.609898 1.53706 0 0.62112 1.50301 0 0.629227 1.45722 0 0.609655 1.5163 0 0.603517 1.5031 0 0.613887 1.47669 0 0.778248 1.66298 0 0.820313 1.66734 0 0.820313 1.70063 0 0.820313 1.63466 0 0.778248 1.70289 0 0.778248 1.62691 0 0.736328 1.66219 0 0.736328 1.62207 0 0.856105 1.69951 0 0.856105 1.64736 0 0.856105 1.67321 0 0.736328 1.705 0 0.820313 1.72878 0 0.778248 1.73676 0 0.691565 1.62269 0 0.880762 1.68582 0 0.856105 1.72308 0 0.880762 1.70295 0 0.880762 1.67161 0 0.736328 1.74849 0 0.691565 1.66223 0 0.691565 1.70383 0 0.880762 1.71718 0 0.89362 1.70225 0 0.89362 1.70958 0 0.820313 1.76171 0 0.856105 1.75027 0 0.89362 1.697 0 0.691565 1.75165 0 0.778248 1.77275 0 0.736328 1.78803 0 0.655597 1.66169 0 0.655597 1.69728 0 0.89362 1.71507 0 0.898779 1.71681 0 0.880762 1.73302 0 0.691565 1.792 0 0.655597 1.73868 0 0.655597 1.77729 0 0.655597 1.62461 0 0.89362 1.72137 0 0.629232 1.7575 0 0.634206 1.68916 0 0.634194 1.72283 0 0.631323 1.6604 0 0.62776 1.62737 0 0.613892 1.738 0 0.61718 1.66417 0 0.609866 1.639 0 0.621125 1.71167 0 0.620246 1.68314 0 0.608303 1.66416 0 0.60192 1.65081 0 0.60966 1.69836 0 0.609904 1.6776 0 0.603522 1.71156 0 0.598517 1.67339 0 0.143895 1.51547 0 0.119238 1.51202 0 0.143895 1.4919 0 0.119238 1.52915 0 0.179688 1.4862 0 0.143895 1.54178 0 0.179688 1.51435 0 0.179688 1.54764 0 0.119238 1.49778 0 0.10638 1.5127 0 0.10638 1.50537 0 0.221752 1.51206 0 0.143895 1.46472 0 0.221752 1.47819 0 0.179688 1.45327 0 0.143895 1.56762 0 0.119238 1.54336 0 0.101221 1.49813 0 0.10638 1.51795 0 0.221752 1.55197 0 0.221752 1.4422 0 0.119238 1.48194 0 0.10638 1.49988 0 0.179688 1.58032 0 0.263672 1.5099 0 0.263672 1.55271 0 0.263672 1.46641 0 0.263672 1.42686 0 0.10638 1.49358 0 0.221752 1.58804 0 0.308435 1.5526 0 0.263672 1.59283 0 0.308435 1.59214 0 0.308435 1.46318 0 0.308435 1.42283 0 0.308435 1.511 0 0.344408 1.55307 0 0.344408 1.59015 0 0.344408 1.43748 0 0.344408 1.51748 0 0.344408 1.47609 0 0.368683 1.55431 0 0.372246 1.58733 0 0.370773 1.45722 0 0.365799 1.52555 0 0.365811 1.49189 0 0.382825 1.5505 0 0.39014 1.57566 0 0.386113 1.47669 0 0.37976 1.53153 0 0.37888 1.50301 0 0.391703 1.55049 0 0.398086 1.56384 0 0.396483 1.5031 0 0.390102 1.53706 0 0.390345 1.5163 0 0.401488 1.54126 0 0.221752 1.66298 0 0.179688 1.70063 0 0.179688 1.66734 0 0.221752 1.70289 0 0.179688 1.63466 0 0.263672 1.66219 0 0.221752 1.62691 0 0.263672 1.62207 0 0.143895 1.69951 0 0.179688 1.72878 0 0.143895 1.72308 0 0.143895 1.64736 0 0.308435 1.62269 0 0.263672 1.705 0 0.308435 1.66223 0 0.119238 1.70295 0 0.143895 1.67321 0 0.119238 1.68582 0 0.221752 1.73676 0 0.143895 1.75027 0 0.179688 1.76171 0 0.344403 1.66169 0 0.344403 1.62461 0 0.10638 1.70225 0 0.119238 1.71718 0 0.10638 1.70958 0 0.119238 1.67161 0 0.221752 1.77275 0 0.308435 1.70383 0 0.263672 1.74849 0 0.368677 1.6604 0 0.37224 1.62737 0 0.10122 1.71681 0 0.10638 1.697 0 0.119238 1.73302 0 0.344403 1.69728 0 0.263672 1.78803 0 0.308435 1.75165 0 0.38282 1.66417 0 0.390134 1.639 0 0.10638 1.71507 0 0.365794 1.68916 0 0.344403 1.73868 0 0.308435 1.792 0 0.391697 1.66416 0 0.39808 1.65081 0 0.10638 1.72137 0 0.379754 1.68314 0 0.365806 1.72283 0 0.344403 1.77729 0 0.401483 1.67339 0 0.390096 1.6776 0 0.378875 1.71167 0 0.370768 1.7575 0 0.39034 1.69836 0 0.396478 1.71156 0 0.386108 1.738 0 0.669985 1.96464 0 0.671038 1.94409 0 0.713239 1.9634 0 0.628273 1.94461 0 0.712373 1.98438 0 0.627695 1.96472 0 0.669564 1.98438 0 0.715296 1.94286 0 0.628921 1.92377 0 0.672138 1.92311 0 0.730404 1.98438 0 0.627473 1.98438 0 0.575665 1.92337 0 0.574683 1.944 0 0.717269 1.9226 0 0.731495 1.96277 0 0.734032 1.94242 0 0.573724 1.96426 0 0.573333 1.98438 0 0.57608 1.90234 0 0.629212 1.90234 0 0.73644 1.9226 0 0.672605 1.90234 0 0.718059 1.90234 0 0.745533 1.98438 0 0.74666 1.96366 0 0.507813 1.9641 0 0.507813 1.98438 0 0.507813 1.92308 0 0.507813 1.94369 0 0.628921 1.88092 0 0.507813 1.90234 0 0.575665 1.88132 0 0.737414 1.90234 0 0.749257 1.94334 0 0.751744 1.92299 0 0.672138 1.88158 0 0.717269 1.88209 0 0.507813 1.88161 0 0.628274 1.86008 0 0.574683 1.86069 0 0.752719 1.90234 0 0.73644 1.88209 0 0.751744 1.8817 0 0.671038 1.86059 0 0.715296 1.86183 0 0.507813 1.861 0 0.749257 1.86135 0 0.734032 1.86226 0 0.669985 1.84005 0 0.627695 1.83997 0 0.573724 1.84042 0 0.507813 1.84059 0 0.731496 1.84192 0 0.713239 1.84129 0 0.746661 1.84103 0 0.573333 1.82031 0 0.507813 1.82031 0 0.669564 1.82031 0 0.627474 1.82031 0 0.730404 1.82031 0 0.712373 1.82031 0 0.745534 1.82031 0 0.330015 1.96464 0 0.286761 1.9634 0 0.328962 1.94409 0 0.287627 1.98438 0 0.371727 1.94461 0 0.330436 1.98438 0 0.372305 1.96472 0 0.284704 1.94286 0 0.269596 1.98438 0 0.268505 1.96277 0 0.425317 1.944 0 0.371079 1.92377 0 0.424335 1.92337 0 0.372527 1.98438 0 0.265968 1.94242 0 0.327862 1.92311 0 0.282731 1.9226 0 0.254467 1.98438 0 0.492188 1.92308 0 0.426276 1.96426 0 0.492188 1.94369 0 0.26356 1.9226 0 0.25334 1.96366 0 0.250743 1.94334 0 0.370788 1.90234 0 0.327395 1.90234 0 0.492188 1.90234 0 0.42392 1.90234 0 0.492188 1.9641 0 0.426667 1.98438 0 0.248256 1.92299 0 0.281941 1.90234 0 0.262586 1.90234 0 0.424335 1.88132 0 0.492188 1.88161 0 0.327862 1.88158 0 0.371079 1.88092 0 0.492188 1.98438 0 0.247281 1.90234 0 0.282731 1.88209 0 0.26356 1.88209 0 0.425317 1.86069 0 0.492188 1.861 0 0.328962 1.86059 0 0.371726 1.86008 0 0.248256 1.8817 0 0.284704 1.86183 0 0.265968 1.86226 0 0.426276 1.84042 0 0.492188 1.84059 0 0.330015 1.84005 0 0.372305 1.83997 0 0.250743 1.86135 0 0.286761 1.84129 0 0.268504 1.84192 0 0.426667 1.82031 0 0.492188 1.82031 0 0.330436 1.82031 0 0.372526 1.82031 0 0.253339 1.84103 0 0.287627 1.82031 0 0.269596 1.82031 0 0.254466 1.82031 0 0.44528 2.95222 0 0.42056 2.924 0 0.4373699 2.91308 0 0.41756 2.96189 0 0.4596699 2.93505 0 0.43102 2.98798 0 0.48209 2.9568 0 0.46276 2.97971 0 0.41526 2.88555 0 0.39898 2.93271 0 0.39592 2.89436 0 0.49324 2.91814 0 0.4648 2.90895 0 0.39438 2.98738 0 0.3947001 2.86142 0 0.44398 2.90009 0 0.4201601 2.84833 0 0.43599 2.8777 0 0.3955899 2.96318 0 0.37554 2.90432 0 0.37593 2.9356 0 0.48578 2.86884 0 0.39186 2.81891 0 0.3735501 2.86955 0 0.36963 2.83561 0 0.45871 2.8721 0 0.44048 2.83496 0 0.36287 2.9572 0 0.3523099 2.91791 0 0.3642 2.80744 0 0.41118 2.79942 0 0.37049 2.78457 0 0.35147 2.87992 0 0.35141 2.84533 0 0.46394 2.82414 0 0.35133 2.97674 0 0.34645 2.81176 0 0.42767 2.78316 0 0.37597 2.76363 0 0.3263299 2.89313 0 0.32857 2.93877 0 0.32533 2.81932 0 0.32907 2.85474 0 0.3289599 2.78409 0 0.3148299 2.9537 0 0.3056 2.86451 0 0.294 2.90546 0 0.31736 2.75983 0 0.3063101 2.83007 0 0.29746 2.79245 0 0.27842 2.9128 0 0.27402 2.76854 0 0.27978 2.80363 0 0.27723 2.86547 0 0.29374 2.83975 0 0.26209 2.78827 0 0.27274 2.82755 0 0.25668 2.82092 0 0.25906 2.86203 0 0.05472398 2.95222 0 0.06262797 2.91308 0 0.07944101 2.924 0 0.04033297 2.93505 0 0.08243501 2.96189 0 0.01791 2.9568 0 0.06897497 2.98798 0 0.037238 2.97971 0 0.08473903 2.88555 0 0.03519499 2.90895 0 0.056023 2.90009 0 0.105621 2.98738 0 0.101024 2.93271 0 0.104414 2.96318 0 0.006763995 2.91814 0 0.06401402 2.8777 0 0.104076 2.89436 0 0.07983899 2.84833 0 0.105297 2.86142 0 0.137128 2.9572 0 0.148671 2.97674 0 0.01421499 2.86884 0 0.04128599 2.8721 0 0.108143 2.81891 0 0.05951601 2.83496 0 0.08881497 2.79942 0 0.124461 2.90432 0 0.126455 2.86955 0 0.124065 2.9356 0 0.171428 2.93877 0 0.185166 2.9537 0 0.036057 2.82414 0 0.129515 2.78457 0 0.130367 2.83561 0 0.135798 2.80744 0 0.147686 2.91791 0 0.148534 2.87992 0 0.206003 2.90546 0 0.221577 2.9128 0 0.07232797 2.78316 0 0.153549 2.81176 0 0.124028 2.76363 0 0.171036 2.78409 0 0.148594 2.84533 0 0.173671 2.89313 0 0.222772 2.86547 0 0.240944 2.86203 0 0.182639 2.75983 0 0.174675 2.81932 0 0.202544 2.79245 0 0.170926 2.85474 0 0.194402 2.86451 0 0.227259 2.82755 0 0.243317 2.82092 0 0.225984 2.76854 0 0.193686 2.83007 0 0.206264 2.83975 0 0.220216 2.80363 0 0.237911 2.78827 0 0.645739 0.098797 0 0.6875 0.057171 0 0.6875 0.097555 0 0.645002 0.059007 0 0.6875 0.137377 0 0.615927 0.068291 0 0.645763 0.138526 0 0.618456 0.10245 0 0.619573 0.139417 0 0.6875 0.021082 0 0.6875 0.171875 0 0.597477 0.087119 0 0.611676 0.038983 0 0.590848 0.067033 0 0.619762 0.171875 0 0.601158 0.113308 0 0.602733 0.143248 0 0.643396 0.024852 0 0.645636 0.171875 0 0.578317 0.115574 0 0.589777 0.141678 0 0.602979 0.171875 0 0.590879 0.153484 0 0.585461 0.124609 0 0.590831 0.171875 0 0.576498 0.166402 0 0.575338 0.166944 0 0.57817 0.169769 0 0.577862 0.171875 0 0.577137 0.168416 0 0.576052 0.170646 0 0.645738 0.276201 0 0.6875 0.237615 0 0.6875 0.277438 0 0.645762 0.236473 0 0.6875 0.317826 0 0.619572 0.235581 0 0.645001 0.315991 0 0.618456 0.272545 0 0.615927 0.306701 0 0.6875 0.203125 0 0.6875 0.353913 0 0.601158 0.261686 0 0.619762 0.203125 0 0.602733 0.23175 0 0.611676 0.336005 0 0.597477 0.287871 0 0.590848 0.307955 0 0.645636 0.203125 0 0.643396 0.350147 0 0.589776 0.233319 0 0.602979 0.203125 0 0.590876 0.221515 0 0.578317 0.259415 0 0.585462 0.250388 0 0.590831 0.203125 0 0.577123 0.206609 0 0.578165 0.205257 0 0.576404 0.208452 0 0.575338 0.208055 0 0.577862 0.203125 0 0.576052 0.204363 0 0.354261 0.098797 0 0.3125 0.057171 0 0.354998 0.059007 0 0.3125 0.097555 0 0.384073 0.068291 0 0.3125 0.137377 0 0.381544 0.10245 0 0.354237 0.138526 0 0.380427 0.139417 0 0.3125 0.021082 0 0.402523 0.087119 0 0.388324 0.038983 0 0.409152 0.067033 0 0.3125 0.171875 0 0.398842 0.113308 0 0.380238 0.171875 0 0.397267 0.143248 0 0.356604 0.024852 0 0.421683 0.115574 0 0.354364 0.171875 0 0.410223 0.141678 0 0.397021 0.171875 0 0.409121 0.153484 0 0.414539 0.124609 0 0.423502 0.166402 0 0.424662 0.166944 0 0.409169 0.171875 0 0.422863 0.168416 0 0.421829 0.169769 0 0.422138 0.171875 0 0.423948 0.170646 0 0.354262 0.276201 0 0.3125 0.237615 0 0.354238 0.236473 0 0.3125 0.277438 0 0.380428 0.235581 0 0.3125 0.317826 0 0.381544 0.272545 0 0.354999 0.315991 0 0.384073 0.306701 0 0.3125 0.203125 0 0.398842 0.261686 0 0.380238 0.203125 0 0.397267 0.23175 0 0.3125 0.353913 0 0.402523 0.287871 0 0.388324 0.336005 0 0.409152 0.307955 0 0.354364 0.203125 0 0.410224 0.233319 0 0.397021 0.203125 0 0.409124 0.221515 0 0.356604 0.350147 0 0.421683 0.259415 0 0.414538 0.250388 0 0.409169 0.203125 0 0.423596 0.208452 0 0.422877 0.206609 0 0.421834 0.205257 0 0.422138 0.203125 0 0.424662 0.208055 0 0.423948 0.204363 0 0.733329 0.955875 0 0.804427 0.941861 0 0.804293 0.96875 0 0.8027 0.915354 0 0.733735 0.96875 0 0.732006 0.943397 0 0.697954 0.96875 0 0.697692 0.963926 0 0.847656 0.96875 0 0.844332 0.899251 0 0.848019 0.934229 0 0.697427 0.959399 0 0.73034 0.931033 0 0.691738 0.959418 0 0.83858 0.866663 0 0.696874 0.955377 0 0.799488 0.889294 0 0.727884 0.91923 0 0.794462 0.864469 0 0.788444 0.840391 0 0.695967 0.951625 0 0.72499 0.907483 0 0.694898 0.947382 0 0.827619 0.838487 0 0.780855 0.817894 0 0.813531 0.815142 0 0.802445 0.790968 0 0.693328 0.943666 0 0.721501 0.896113 0 0.266671 0.955875 0 0.195707 0.96875 0 0.195573 0.941861 0 0.266265 0.96875 0 0.1973 0.915354 0 0.302046 0.96875 0 0.267993 0.943397 0 0.302308 0.963926 0 0.152344 0.96875 0 0.26966 0.931033 0 0.155668 0.899251 0 0.200512 0.889294 0 0.16142 0.866663 0 0.308262 0.959418 0 0.151981 0.934229 0 0.302573 0.959399 0 0.172381 0.838487 0 0.303126 0.955377 0 0.205538 0.864469 0 0.272116 0.91923 0 0.211556 0.840391 0 0.304033 0.951625 0 0.27501 0.907483 0 0.305102 0.947382 0 0.186469 0.815142 0 0.306672 0.943666 0 0.219145 0.817894 0 0.278499 0.896113 0 0.197555 0.790968 0</float_array>
          <technique_common>
            <accessor source="#geom-Ariados-map1-array" count="2307" stride="3">
              <param name="S" type="float"/>
              <param name="T" type="float"/>
              <param name="P" type="float"/>
            </accessor>
          </technique_common>
        </source>
        <vertices id="geom-Ariados-vertices">
          <input semantic="POSITION" source="#geom-Ariados-positions"/>
        </vertices>
        <triangles material="BodyA" count="1830">
          <input semantic="VERTEX" source="#geom-Ariados-vertices" offset="0"/>
          <input semantic="NORMAL" source="#geom-Ariados-normals" offset="1"/>
          <input semantic="TEXCOORD" source="#geom-Ariados-map1" offset="2" set="0"/>
          <p>0 0 0 1 1 1 2 2 2 2 2 2 1 1 1 3 3 3 1 1 1 4 4 4 3 3 3 2 2 2 3 3 3 5 5 5 3 3 3 4 4 4 6 6 6 4 4 4 7 7 7 6 6 6 3 3 3 8 8 8 5 5 5 3 3 3 6 6 6 8 8 8 6 6 6 7 7 7 9 9 9 7 7 7 10 10 10 9 9 9 6 6 6 11 11 11 8 8 8 6 6 6 9 9 9 11 11 11 8 8 8 12 12 12 5 5 5 5 5 5 12 12 12 13 13 13 8 8 8 11 11 11 14 14 14 8 8 8 14 14 14 12 12 12 11 11 11 9 9 9 15 15 15 11 11 11 15 15 15 14 14 14 9 9 9 10 10 10 16 16 16 9 9 9 16 16 16 15 15 15 10 10 10 17 17 17 16 16 16 12 12 12 18 18 18 13 13 13 13 13 13 18 18 18 19 19 19 19 19 19 18 18 18 20 20 20 12 12 12 14 14 14 21 21 21 12 12 12 21 21 21 18 18 18 18 18 18 22 22 22 20 20 20 18 18 18 21 21 21 22 22 22 20 20 20 22 22 22 23 23 23 15 15 15 16 16 16 24 24 24 16 16 16 17 17 17 25 25 25 16 16 16 25 25 25 24 24 24 17 17 17 26 26 26 25 25 25 15 15 15 27 27 27 14 14 14 15 15 15 24 24 24 27 27 27 14 14 14 28 28 28 21 21 21 14 14 14 27 27 27 28 28 28 25 25 25 26 26 26 29 29 29 26 26 26 30 30 30 29 29 29 25 25 25 31 31 31 24 24 24 25 25 25 29 29 29 31 31 31 24 24 24 32 32 32 27 27 27 24 24 24 31 31 31 32 32 32 27 27 27 33 33 33 28 28 28 27 27 27 32 32 32 33 33 33 21 21 21 34 34 34 22 22 22 21 21 21 28 28 28 35 35 35 21 21 21 35 35 35 34 34 34 34 34 34 36 36 36 22 22 22 34 34 34 35 35 35 36 36 36 22 22 22 37 37 37 23 23 23 22 22 22 36 36 36 37 37 37 28 28 28 33 33 33 38 38 38 28 28 28 38 38 38 35 35 35 31 31 31 29 29 29 39 39 39 31 31 31 40 40 40 32 32 32 31 31 31 39 39 39 40 40 40 32 32 32 41 41 41 33 33 33 32 32 32 40 40 40 41 41 41 33 33 33 42 42 42 38 38 38 33 33 33 41 41 41 42 42 42 37 37 37 43 43 43 23 23 23 23 23 23 43 43 43 44 44 44 37 37 37 36 36 36 45 45 45 37 37 37 45 45 45 43 43 43 35 35 35 46 46 46 47 47 47 35 35 35 38 38 38 46 46 46 35 35 35 47 47 47 36 36 36 36 36 36 48 48 48 45 45 45 36 36 36 47 47 47 48 48 48 47 47 47 46 46 46 49 49 49 47 47 47 49 49 49 48 48 48 48 48 48 50 50 50 45 45 45 48 48 48 49 49 49 50 50 50 45 45 45 51 51 51 43 43 43 45 45 45 50 50 50 51 51 51 43 43 43 52 52 52 44 44 44 43 43 43 51 51 51 52 52 52 44 44 44 52 52 52 53 53 53 38 38 38 42 42 42 54 54 54 38 38 38 54 54 54 46 46 46 46 46 46 55 55 55 49 49 49 46 46 46 54 54 54 55 55 55 54 54 54 42 42 42 56 56 56 54 54 54 56 56 56 55 55 55 42 42 42 41 41 41 57 57 57 42 42 42 57 57 57 56 56 56 41 41 41 40 40 40 58 58 58 41 41 41 58 58 58 57 57 57 57 57 57 59 59 59 56 56 56 57 57 57 58 58 58 59 59 59 40 40 40 39 39 39 60 60 60 40 40 40 60 60 60 58 58 58 58 58 58 61 61 61 59 59 59 58 58 58 60 60 60 61 61 61 60 60 60 39 39 39 62 62 62 60 60 60 62 62 62 61 61 61 49 49 49 63 63 63 50 50 50 49 49 49 55 55 55 63 63 63 50 50 50 64 64 64 51 51 51 50 50 50 63 63 63 64 64 64 51 51 51 65 65 65 52 52 52 51 51 51 64 64 64 65 65 65 52 52 52 66 66 66 53 53 53 52 52 52 65 65 65 66 66 66 65 65 65 64 64 64 67 67 67 65 65 65 67 67 67 66 66 66 53 53 53 66 66 66 68 68 68 68 68 68 66 66 66 69 69 69 66 66 66 67 67 67 70 70 70 66 66 66 70 70 70 69 69 69 69 69 69 70 70 70 71 71 71 71 71 71 70 70 70 72 72 72 70 70 70 67 67 67 72 72 72 72 72 72 67 67 67 73 73 73 67 67 67 64 64 64 74 74 74 67 67 67 74 74 74 73 73 73 73 73 73 74 74 74 75 75 75 64 64 64 63 63 63 76 76 76 64 64 64 76 76 76 74 74 74 74 74 74 77 77 77 75 75 75 74 74 74 76 76 76 77 77 77 75 75 75 77 77 77 78 78 78 63 63 63 55 55 55 79 79 79 63 63 63 79 79 79 76 76 76 76 76 76 80 80 80 77 77 77 76 76 76 79 79 79 80 80 80 77 77 77 81 81 81 78 78 78 77 77 77 80 80 80 81 81 81 78 78 78 81 81 81 82 82 82 61 61 61 83 83 83 59 59 59 61 61 61 62 62 62 84 84 84 61 61 61 84 84 84 83 83 83 79 79 79 55 55 55 85 85 85 55 55 55 56 56 56 85 85 85 56 56 56 59 59 59 86 86 86 59 59 59 83 83 83 86 86 86 56 56 56 86 86 86 85 85 85 79 79 79 87 87 87 80 80 80 79 79 79 85 85 85 87 87 87 85 85 85 86 86 86 88 88 88 85 85 85 88 88 88 87 87 87 86 86 86 83 83 83 89 89 89 86 86 86 89 89 89 88 88 88 83 83 83 84 84 84 90 90 90 83 83 83 90 90 90 89 89 89 80 80 80 91 91 91 81 81 81 80 80 80 87 87 87 91 91 91 87 87 87 88 88 88 92 92 92 87 87 87 92 92 92 91 91 91 88 88 88 89 89 89 93 93 93 88 88 88 93 93 93 92 92 92 89 89 89 90 90 90 94 94 94 89 89 89 94 94 94 93 93 93 81 81 81 95 95 95 82 82 82 81 81 81 91 91 91 95 95 95 91 91 91 92 92 92 96 96 96 91 91 91 96 96 96 95 95 95 92 92 92 93 93 93 97 97 97 92 92 92 97 97 97 96 96 96 93 93 93 94 94 94 98 98 98 93 93 93 98 98 98 97 97 97 82 82 82 95 95 95 99 99 99 95 95 95 96 96 96 100 100 100 95 95 95 100 100 100 99 99 99 99 99 99 100 100 100 101 101 101 96 96 96 97 97 97 102 102 102 96 96 96 102 102 102 100 100 100 100 100 100 103 103 103 101 101 101 100 100 100 102 102 102 103 103 103 101 101 101 103 103 103 104 104 104 97 97 97 98 98 98 105 105 105 97 97 97 105 105 105 102 102 102 102 102 102 106 106 106 103 103 103 102 102 102 105 105 105 106 106 106 103 103 103 107 107 107 104 104 104 103 103 103 106 106 106 107 107 107 104 104 104 107 107 107 108 108 108 94 94 94 90 90 90 109 109 109 94 94 94 110 110 110 98 98 98 94 94 94 109 109 109 110 110 110 98 98 98 111 111 111 105 105 105 98 98 98 110 110 110 111 111 111 105 105 105 112 112 112 106 106 106 105 105 105 111 111 111 112 112 112 106 106 106 113 113 113 107 107 107 106 106 106 112 112 112 113 113 113 107 107 107 114 114 114 108 108 108 107 107 107 113 113 113 114 114 114 108 108 108 114 114 114 115 115 115 110 110 110 109 109 109 116 116 116 110 110 110 117 117 117 111 111 111 110 110 110 116 116 116 117 117 117 111 111 111 118 118 118 112 112 112 111 111 111 117 117 117 118 118 118 112 112 112 119 119 119 113 113 113 112 112 112 118 118 118 119 119 119 113 113 113 120 120 120 114 114 114 113 113 113 119 119 119 120 120 120 114 114 114 121 121 121 115 115 115 114 114 114 120 120 120 121 121 121 115 115 115 121 121 121 122 122 122 122 122 122 121 121 121 123 123 123 109 109 109 90 90 90 124 124 124 109 109 109 125 125 125 116 116 116 109 109 109 124 124 124 125 125 125 117 117 117 116 116 116 126 126 126 116 116 116 125 125 125 127 127 127 116 116 116 127 127 127 126 126 126 117 117 117 128 128 128 118 118 118 117 117 117 126 126 126 128 128 128 118 118 118 129 129 129 119 119 119 118 118 118 128 128 128 129 129 129 119 119 119 130 130 130 120 120 120 119 119 119 129 129 129 130 130 130 120 120 120 131 131 131 121 121 121 120 120 120 130 130 130 131 131 131 121 121 121 132 132 132 123 123 123 121 121 121 131 131 131 132 132 132 123 123 123 132 132 132 133 133 133 126 126 126 127 127 127 134 134 134 126 126 126 135 135 135 128 128 128 126 126 126 134 134 134 135 135 135 128 128 128 136 136 136 129 129 129 128 128 128 135 135 135 136 136 136 129 129 129 137 137 137 130 130 130 129 129 129 136 136 136 137 137 137 130 130 130 138 138 138 131 131 131 130 130 130 137 137 137 138 138 138 131 131 131 139 139 139 132 132 132 131 131 131 138 138 138 139 139 139 132 132 132 140 140 140 133 133 133 132 132 132 139 139 139 140 140 140 133 133 133 140 140 140 141 141 141 127 127 127 125 125 125 142 142 142 127 127 127 143 143 143 134 134 134 127 127 127 142 142 142 143 143 143 134 134 134 144 144 144 135 135 135 134 134 134 143 143 143 144 144 144 135 135 135 145 145 145 136 136 136 135 135 135 144 144 144 145 145 145 136 136 136 146 146 146 137 137 137 136 136 136 145 145 145 146 146 146 137 137 137 147 147 147 138 138 138 137 137 137 146 146 146 147 147 147 138 138 138 148 148 148 139 139 139 138 138 138 147 147 147 148 148 148 139 139 139 149 149 149 140 140 140 139 139 139 148 148 148 149 149 149 140 140 140 150 150 150 141 141 141 140 140 140 149 149 149 150 150 150 145 145 145 144 144 144 151 151 151 151 151 151 152 152 152 145 145 145 145 145 145 152 152 152 146 146 146 146 146 146 153 153 153 147 147 147 146 146 146 152 152 152 153 153 153 153 153 153 154 154 154 147 147 147 147 147 147 154 154 154 148 148 148 148 148 148 155 155 155 149 149 149 148 148 148 154 154 154 155 155 155 155 155 155 156 156 156 149 149 149 149 149 149 156 156 156 150 150 150 150 150 150 157 157 157 141 141 141 150 150 150 156 156 156 157 157 157 157 157 157 158 158 158 141 141 141 151 151 151 144 144 144 159 159 159 144 144 144 143 143 143 160 160 160 144 144 144 160 160 160 159 159 159 143 143 143 142 142 142 161 161 161 143 143 143 162 162 162 160 160 160 143 143 143 161 161 161 162 162 162 160 160 160 163 163 163 159 159 159 160 160 160 162 162 162 163 163 163 159 159 159 163 163 163 164 164 164 162 162 162 161 161 161 165 165 165 162 162 162 166 166 166 163 163 163 162 162 162 165 165 165 166 166 166 163 163 163 167 167 167 164 164 164 163 163 163 166 166 166 167 167 167 164 164 164 167 167 167 168 168 168 168 168 168 167 167 167 169 169 169 169 169 169 167 167 167 170 170 170 170 170 170 167 167 167 171 171 171 167 167 167 166 166 166 171 171 171 171 171 171 166 166 166 172 172 172 166 166 166 165 165 165 172 172 172 172 172 172 165 165 165 173 173 173 165 165 165 161 161 161 174 174 174 165 165 165 174 174 174 173 173 173 173 173 173 174 174 174 175 175 175 161 161 161 142 142 142 176 176 176 161 161 161 176 176 176 174 174 174 174 174 174 177 177 177 175 175 175 174 174 174 176 176 176 177 177 177 175 175 175 177 177 177 178 178 178 176 176 176 142 142 142 179 179 179 142 142 142 125 125 125 179 179 179 176 176 176 180 180 180 177 177 177 176 176 176 179 179 179 180 180 180 179 179 179 125 125 125 181 181 181 179 179 179 181 181 181 180 180 180 125 125 125 124 124 124 181 181 181 177 177 177 182 182 182 178 178 178 177 177 177 180 180 180 182 182 182 180 180 180 181 181 181 183 183 183 180 180 180 183 183 183 182 182 182 181 181 181 124 124 124 184 184 184 181 181 181 184 184 184 183 183 183 178 178 178 182 182 182 185 185 185 182 182 182 183 183 183 186 186 186 182 182 182 186 186 186 185 185 185 183 183 183 184 184 184 187 187 187 183 183 183 187 187 187 186 186 186 186 186 186 188 188 188 185 185 185 186 186 186 187 187 187 188 188 188 185 185 185 188 188 188 30 30 30 30 30 30 188 188 188 29 29 29 188 188 188 187 187 187 189 189 189 188 188 188 189 189 189 29 29 29 29 29 29 189 189 189 39 39 39 39 39 39 189 189 189 62 62 62 189 189 189 187 187 187 190 190 190 187 187 187 184 184 184 190 190 190 189 189 189 190 190 190 62 62 62 62 62 62 190 190 190 84 84 84 190 190 190 184 184 184 191 191 191 184 184 184 124 124 124 191 191 191 190 190 190 191 191 191 84 84 84 84 84 84 191 191 191 90 90 90 90 90 90 191 191 191 124 124 124 192 192 192 193 193 193 194 194 194 194 194 194 193 193 193 195 195 195 195 195 195 196 196 196 194 194 194 194 194 194 196 196 196 197 197 197 195 195 195 193 193 193 198 198 198 193 193 193 199 199 199 198 198 198 195 195 195 200 200 200 196 196 196 195 195 195 198 198 198 200 200 200 196 196 196 201 201 201 197 197 197 196 196 196 200 200 200 201 201 201 197 197 197 201 201 201 202 202 202 202 202 202 201 201 201 203 203 203 198 198 198 199 199 199 204 204 204 199 199 199 205 205 205 204 204 204 198 198 198 206 206 206 200 200 200 198 198 198 204 204 204 206 206 206 200 200 200 207 207 207 201 201 201 200 200 200 206 206 206 207 207 207 201 201 201 208 208 208 203 203 203 201 201 201 207 207 207 208 208 208 203 203 203 208 208 208 209 209 209 204 204 204 205 205 205 210 210 210 205 205 205 211 211 211 210 210 210 211 211 211 212 212 212 210 210 210 204 204 204 213 213 213 206 206 206 204 204 204 210 210 210 213 213 213 207 207 207 214 214 214 208 208 208 208 208 208 215 215 215 209 209 209 208 208 208 214 214 214 215 215 215 209 209 209 215 215 215 216 216 216 207 207 207 206 206 206 217 217 217 207 207 207 217 217 217 214 214 214 206 206 206 213 213 213 218 218 218 206 206 206 218 218 218 217 217 217 210 210 210 212 212 212 219 219 219 210 210 210 220 220 220 213 213 213 210 210 210 219 219 219 220 220 220 219 219 219 212 212 212 221 221 221 219 219 219 221 221 221 220 220 220 212 212 212 222 222 222 221 221 221 213 213 213 223 223 223 218 218 218 213 213 213 220 220 220 223 223 223 218 218 218 224 224 224 217 217 217 218 218 218 223 223 223 224 224 224 217 217 217 225 225 225 214 214 214 217 217 217 224 224 224 225 225 225 214 214 214 226 226 226 215 215 215 214 214 214 225 225 225 226 226 226 225 225 225 224 224 224 227 227 227 225 225 225 227 227 227 226 226 226 215 215 215 228 228 228 216 216 216 215 215 215 226 226 226 228 228 228 226 226 226 227 227 227 229 229 229 226 226 226 229 229 229 228 228 228 216 216 216 228 228 228 230 230 230 228 228 228 229 229 229 231 231 231 228 228 228 231 231 231 230 230 230 230 230 230 231 231 231 232 232 232 221 221 221 222 222 222 233 233 233 222 222 222 234 234 234 233 233 233 221 221 221 235 235 235 220 220 220 221 221 221 233 233 233 235 235 235 220 220 220 236 236 236 223 223 223 220 220 220 235 235 235 236 236 236 235 235 235 233 233 233 237 237 237 235 235 235 237 237 237 236 236 236 233 233 233 234 234 234 238 238 238 233 233 233 238 238 238 237 237 237 234 234 234 239 239 239 238 238 238 224 224 224 240 240 240 227 227 227 227 227 227 241 241 241 229 229 229 227 227 227 240 240 240 241 241 241 229 229 229 242 242 242 231 231 231 229 229 229 241 241 241 242 242 242 231 231 231 243 243 243 232 232 232 231 231 231 242 242 242 243 243 243 224 224 224 223 223 223 244 244 244 224 224 224 244 244 244 240 240 240 223 223 223 236 236 236 245 245 245 223 223 223 245 245 245 244 244 244 237 237 237 246 246 246 247 247 247 237 237 237 238 238 238 246 246 246 237 237 237 247 247 247 236 236 236 236 236 236 248 248 248 245 245 245 236 236 236 247 247 247 248 248 248 238 238 238 239 239 239 249 249 249 238 238 238 249 249 249 246 246 246 249 249 249 239 239 239 250 250 250 249 249 249 251 251 251 246 246 246 246 246 246 252 252 252 247 247 247 246 246 246 251 251 251 252 252 252 251 251 251 253 253 253 252 252 252 247 247 247 254 254 254 248 248 248 247 247 247 252 252 252 254 254 254 241 241 241 240 240 240 255 255 255 240 240 240 244 244 244 256 256 256 240 240 240 256 256 256 255 255 255 244 244 244 245 245 245 257 257 257 244 244 244 257 257 257 256 256 256 241 241 241 258 258 258 242 242 242 241 241 241 255 255 255 258 258 258 242 242 242 259 259 259 243 243 243 242 242 242 258 258 258 259 259 259 248 248 248 260 260 260 245 245 245 245 245 245 261 261 261 257 257 257 245 245 245 260 260 260 261 261 261 260 260 260 248 248 248 262 262 262 248 248 248 254 254 254 262 262 262 262 262 262 254 254 254 263 263 263 254 254 254 252 252 252 264 264 264 254 254 254 264 264 264 263 263 263 263 263 263 264 264 264 265 265 265 265 265 265 264 264 264 266 266 266 252 252 252 253 253 253 267 267 267 252 252 252 267 267 267 264 264 264 264 264 264 268 268 268 266 266 266 264 264 264 267 267 267 268 268 268 266 266 266 268 268 268 269 269 269 268 268 268 267 267 267 270 270 270 268 268 268 270 270 270 269 269 269 269 269 269 270 270 270 271 271 271 253 253 253 272 272 272 267 267 267 257 257 257 273 273 273 256 256 256 257 257 257 261 261 261 273 273 273 261 261 261 274 274 274 273 273 273 256 256 256 275 275 275 255 255 255 256 256 256 273 273 273 275 275 275 273 273 273 274 274 274 276 276 276 273 273 273 276 276 276 275 275 275 274 274 274 277 277 277 276 276 276 276 276 276 278 278 278 275 275 275 276 276 276 277 277 277 278 278 278 277 277 277 279 279 279 278 278 278 255 255 255 280 280 280 258 258 258 255 255 255 275 275 275 280 280 280 275 275 275 278 278 278 281 281 281 275 275 275 281 281 281 280 280 280 258 258 258 282 282 282 259 259 259 258 258 258 280 280 280 282 282 282 280 280 280 281 281 281 283 283 283 280 280 280 283 283 283 282 282 282 282 282 282 284 284 284 259 259 259 282 282 282 283 283 283 284 284 284 270 270 270 285 285 285 271 271 271 271 271 271 285 285 285 286 286 286 270 270 270 267 267 267 287 287 287 270 270 270 287 287 287 285 285 285 267 267 267 272 272 272 288 288 288 267 267 267 288 288 288 287 287 287 272 272 272 289 289 289 288 288 288 289 289 289 290 290 290 288 288 288 290 290 290 291 291 291 288 288 288 288 288 288 292 292 292 287 287 287 288 288 288 291 291 291 292 292 292 291 291 291 293 293 293 292 292 292 287 287 287 294 294 294 285 285 285 287 287 287 292 292 292 294 294 294 292 292 292 293 293 293 295 295 295 292 292 292 295 295 295 294 294 294 293 293 293 296 296 296 295 295 295 285 285 285 297 297 297 286 286 286 285 285 285 294 294 294 297 297 297 294 294 294 295 295 295 298 298 298 294 294 294 298 298 298 297 297 297 295 295 295 296 296 296 299 299 299 295 295 295 299 299 299 298 298 298 296 296 296 300 300 300 299 299 299 300 300 300 301 301 301 299 299 299 299 299 299 302 302 302 298 298 298 299 299 299 301 301 301 302 302 302 286 286 286 297 297 297 303 303 303 297 297 297 298 298 298 304 304 304 297 297 297 304 304 304 303 303 303 303 303 303 304 304 304 305 305 305 298 298 298 302 302 302 306 306 306 298 298 298 306 306 306 304 304 304 304 304 304 307 307 307 305 305 305 304 304 304 306 306 306 307 307 307 306 306 306 302 302 302 308 308 308 306 306 306 308 308 308 307 307 307 302 302 302 301 301 301 309 309 309 302 302 302 309 309 309 308 308 308 301 301 301 310 310 310 309 309 309 310 310 310 311 311 311 309 309 309 309 309 309 312 312 312 308 308 308 309 309 309 311 311 311 312 312 312 311 311 311 313 313 313 312 312 312 307 307 307 314 314 314 305 305 305 305 305 305 314 314 314 315 315 315 307 307 307 308 308 308 316 316 316 307 307 307 316 316 316 314 314 314 312 312 312 313 313 313 317 317 317 312 312 312 318 318 318 308 308 308 312 312 312 317 317 317 318 318 318 308 308 308 319 319 319 316 316 316 308 308 308 318 318 318 319 319 319 314 314 314 320 320 320 315 315 315 315 315 315 320 320 320 321 321 321 321 321 321 320 320 320 322 322 322 314 314 314 316 316 316 323 323 323 314 314 314 323 323 323 320 320 320 320 320 320 324 324 324 322 322 322 320 320 320 323 323 323 324 324 324 322 322 322 324 324 324 279 279 279 279 279 279 324 324 324 278 278 278 324 324 324 323 323 323 325 325 325 324 324 324 325 325 325 278 278 278 278 278 278 325 325 325 281 281 281 316 316 316 319 319 319 326 326 326 316 316 316 326 326 326 323 323 323 323 323 323 327 327 327 325 325 325 323 323 323 326 326 326 327 327 327 325 325 325 328 328 328 281 281 281 325 325 325 327 327 327 328 328 328 281 281 281 328 328 328 283 283 283 318 318 318 317 317 317 329 329 329 318 318 318 330 330 330 319 319 319 318 318 318 329 329 329 330 330 330 329 329 329 317 317 317 331 331 331 329 329 329 331 331 331 330 330 330 317 317 317 313 313 313 332 332 332 317 317 317 332 332 332 331 331 331 319 319 319 333 333 333 326 326 326 319 319 319 330 330 330 333 333 333 330 330 330 331 331 331 334 334 334 330 330 330 334 334 334 333 333 333 331 331 331 332 332 332 335 335 335 331 331 331 335 335 335 334 334 334 326 326 326 336 336 336 327 327 327 326 326 326 333 333 333 336 336 336 333 333 333 334 334 334 337 337 337 333 333 333 337 337 337 336 336 336 334 334 334 335 335 335 338 338 338 334 334 334 338 338 338 337 337 337 327 327 327 339 339 339 328 328 328 327 327 327 336 336 336 339 339 339 336 336 336 337 337 337 340 340 340 336 336 336 340 340 340 339 339 339 337 337 337 338 338 338 341 341 341 337 337 337 341 341 341 340 340 340 328 328 328 342 342 342 283 283 283 328 328 328 339 339 339 342 342 342 339 339 339 340 340 340 343 343 343 339 339 339 343 343 343 342 342 342 342 342 342 284 284 284 283 283 283 342 342 342 343 343 343 284 284 284 340 340 340 341 341 341 344 344 344 340 340 340 344 344 344 343 343 343 332 332 332 313 313 313 345 345 345 332 332 332 346 346 346 335 335 335 332 332 332 345 345 345 346 346 346 335 335 335 347 347 347 338 338 338 335 335 335 346 346 346 347 347 347 338 338 338 348 348 348 341 341 341 338 338 338 347 347 347 348 348 348 341 341 341 349 349 349 344 344 344 341 341 341 348 348 348 349 349 349 343 343 343 350 350 350 284 284 284 343 343 343 344 344 344 351 351 351 343 343 343 351 351 351 350 350 350 344 344 344 349 349 349 352 352 352 344 344 344 352 352 352 351 351 351 346 346 346 345 345 345 353 353 353 346 346 346 354 354 354 347 347 347 346 346 346 353 353 353 354 354 354 353 353 353 345 345 345 355 355 355 353 353 353 355 355 355 354 354 354 345 345 345 313 313 313 356 356 356 345 345 345 356 356 356 355 355 355 313 313 313 311 311 357 356 356 356 347 347 347 357 357 358 348 348 348 347 347 347 354 354 354 357 357 358 354 354 354 355 355 355 358 358 359 354 354 354 358 358 359 357 357 358 355 355 355 356 356 356 359 359 360 355 355 355 359 359 360 358 358 359 356 356 356 311 311 357 360 360 361 356 356 356 360 360 361 359 359 360 311 311 357 310 310 362 360 360 361 310 310 362 301 301 363 360 360 361 360 360 361 361 361 364 359 359 360 360 360 361 301 301 363 361 361 364 348 348 348 362 362 365 349 349 349 348 348 348 357 357 358 362 362 365 357 357 358 358 358 359 363 363 366 357 357 358 363 363 366 362 362 365 358 358 359 359 359 360 364 364 367 358 358 359 364 364 367 363 363 366 349 349 349 365 365 368 352 352 352 349 349 349 362 362 365 365 365 368 362 362 365 363 363 366 366 366 369 362 362 365 366 366 369 365 365 368 363 363 366 364 364 367 367 367 370 363 363 366 367 367 370 366 366 369 350 350 350 368 368 371 284 284 284 284 284 284 368 368 371 259 259 259 259 259 259 368 368 371 243 243 243 350 350 350 351 351 351 369 369 372 350 350 350 369 369 372 368 368 371 368 368 371 370 370 373 243 243 243 368 368 371 369 369 372 370 370 373 243 243 243 370 370 373 232 232 232 232 232 232 370 370 373 371 371 374 370 370 373 369 369 372 372 372 375 370 370 373 372 372 375 371 371 374 371 371 374 372 372 375 373 373 376 372 372 375 369 369 372 374 374 377 372 372 375 374 374 377 373 373 376 373 373 376 374 374 377 375 375 378 375 375 378 374 374 377 376 376 379 369 369 372 351 351 351 377 377 380 369 369 372 377 377 380 374 374 377 377 377 380 351 351 351 378 378 381 377 377 380 378 378 381 374 374 377 374 374 377 379 379 382 376 376 379 374 374 377 378 378 381 379 379 382 376 376 379 379 379 382 380 380 383 379 379 382 378 378 381 381 381 384 379 379 382 381 381 384 380 380 383 380 380 383 381 381 384 382 382 385 351 351 351 352 352 352 383 383 386 351 351 351 383 383 386 378 378 381 378 378 381 384 384 387 381 381 384 378 378 381 383 383 386 384 384 387 383 383 386 352 352 352 385 385 388 383 383 386 385 385 388 384 384 387 352 352 352 365 365 368 386 386 389 352 352 352 386 386 389 385 385 388 365 365 368 366 366 369 387 387 390 365 365 368 387 387 390 386 386 389 386 386 389 388 388 391 385 385 388 386 386 389 387 387 390 388 388 391 366 366 369 367 367 370 389 389 392 366 366 369 389 389 392 387 387 390 387 387 390 390 390 393 388 388 391 387 387 390 389 389 392 390 390 393 381 381 384 391 391 394 382 382 385 381 381 384 384 384 387 391 391 394 384 384 387 385 385 388 392 392 395 384 384 387 392 392 395 391 391 394 385 385 388 388 388 391 393 393 396 385 385 388 393 393 396 392 392 395 388 388 391 390 390 393 394 394 397 388 388 391 394 394 397 393 393 396 393 393 396 395 395 398 392 392 395 393 393 396 394 394 397 395 395 398 392 392 395 396 396 399 391 391 394 392 392 395 395 395 398 396 396 399 391 391 394 397 397 400 382 382 385 391 391 394 396 396 399 397 397 400 382 382 385 397 397 400 398 398 401 389 389 392 367 367 370 399 399 402 389 389 392 400 400 403 390 390 393 389 389 392 399 399 402 400 400 403 390 390 393 401 401 404 394 394 397 390 390 393 400 400 403 401 401 404 394 394 397 402 402 405 395 395 398 394 394 397 401 401 404 402 402 405 395 395 398 403 403 406 396 396 399 395 395 398 402 402 405 403 403 406 396 396 399 404 404 407 397 397 400 396 396 399 403 403 406 404 404 407 397 397 400 405 405 408 398 398 401 397 397 400 404 404 407 405 405 408 398 398 401 405 405 408 406 406 409 402 402 405 401 401 404 407 407 410 402 402 405 408 408 411 403 403 406 402 402 405 407 407 410 408 408 411 403 403 406 409 409 412 404 404 407 403 403 406 408 408 411 409 409 412 404 404 407 410 410 413 405 405 408 404 404 407 409 409 412 410 410 413 405 405 408 411 411 414 406 406 409 405 405 408 410 410 413 411 411 414 406 406 409 411 411 414 412 412 415 401 401 404 400 400 403 413 413 416 401 401 404 414 414 417 407 407 410 401 401 404 413 413 416 414 414 417 408 408 411 415 415 418 409 409 412 409 409 412 416 416 419 410 410 413 409 409 412 415 415 418 416 416 419 410 410 413 417 417 420 411 411 414 410 410 413 416 416 419 417 417 420 416 416 419 415 415 418 418 418 421 416 416 419 418 418 421 417 417 420 411 411 414 419 419 422 412 412 415 411 411 414 417 417 420 419 419 422 417 417 420 418 418 421 420 420 423 417 417 420 420 420 423 419 419 422 412 412 415 419 419 422 421 421 424 419 419 422 420 420 423 422 422 425 419 419 422 422 422 425 421 421 424 421 421 424 422 422 425 423 423 426 423 423 426 422 422 425 424 424 427 408 408 411 407 407 410 425 425 428 408 408 411 425 425 428 415 415 418 407 407 410 414 414 417 426 426 429 407 407 410 426 426 429 425 425 428 413 413 416 400 400 403 427 427 430 427 427 430 428 428 431 413 413 416 413 413 416 428 428 431 414 414 417 414 414 417 429 429 432 426 426 429 414 414 417 428 428 431 429 429 432 426 426 429 430 430 433 425 425 428 426 426 429 429 429 432 430 430 433 429 429 432 431 431 434 430 430 433 425 425 428 432 432 435 415 415 418 425 425 428 430 430 433 432 432 435 415 415 418 433 433 436 418 418 421 415 415 418 432 432 435 433 433 436 418 418 421 434 434 437 420 420 423 418 418 421 433 433 436 434 434 437 433 433 436 432 432 435 435 435 438 433 433 436 435 435 438 434 434 437 420 420 423 436 436 439 422 422 425 420 420 423 434 434 437 436 436 439 422 422 425 437 437 440 424 424 427 422 422 425 436 436 439 437 437 440 424 424 427 437 437 440 438 438 441 437 437 440 436 436 439 439 439 442 437 437 440 439 439 442 438 438 441 436 436 439 434 434 437 440 440 443 436 436 439 440 440 443 439 439 442 439 439 442 193 193 444 438 438 441 439 439 442 440 440 443 193 193 444 193 193 444 192 192 445 438 438 441 193 193 444 440 440 443 199 199 446 440 440 443 434 434 437 441 441 447 434 434 437 435 435 438 441 441 447 440 440 443 441 441 447 199 199 446 199 199 446 441 441 447 205 205 448 441 441 447 435 435 438 442 442 449 441 441 447 442 442 449 205 205 448 205 205 448 442 442 449 211 211 450 211 211 450 442 442 449 212 212 451 435 435 438 432 432 435 443 443 452 435 435 438 443 443 452 442 442 449 442 442 449 444 444 453 212 212 451 442 442 449 443 443 452 444 444 453 444 444 453 445 445 454 212 212 451 444 444 453 443 443 452 445 445 454 212 212 451 445 445 454 222 222 455 432 432 435 430 430 433 446 446 456 432 432 435 446 446 456 443 443 452 443 443 452 447 447 457 445 445 454 443 443 452 446 446 456 447 447 457 445 445 454 448 448 458 222 222 455 445 445 454 447 447 457 448 448 458 447 447 457 446 446 456 449 449 459 447 447 457 449 449 459 448 448 458 222 222 455 448 448 458 234 234 460 448 448 458 449 449 459 450 450 461 448 448 458 450 450 461 234 234 460 234 234 460 450 450 461 239 239 462 446 446 456 430 430 433 451 451 463 430 430 433 431 431 434 451 451 463 431 431 434 452 452 464 451 451 463 446 446 456 453 453 465 449 449 459 446 446 456 451 451 463 453 453 465 451 451 463 452 452 464 454 454 466 451 451 463 454 454 466 453 453 465 452 452 464 455 455 467 454 454 466 449 449 459 456 456 468 450 450 461 449 449 459 453 453 465 456 456 468 453 453 465 454 454 466 457 457 469 453 453 465 457 457 469 456 456 468 454 454 466 455 455 467 458 458 470 454 454 466 458 458 470 457 457 469 455 455 467 459 459 471 458 458 470 459 459 471 460 460 472 458 458 470 450 450 461 461 461 473 239 239 462 450 450 461 456 456 468 461 461 473 461 461 473 250 250 474 239 239 462 461 461 473 456 456 468 462 462 475 456 456 468 457 457 469 462 462 475 462 462 475 457 457 469 463 463 476 457 457 469 458 458 470 464 464 477 457 457 469 464 464 477 463 463 476 463 463 476 464 464 477 465 465 478 458 458 470 460 460 472 466 466 479 458 458 470 466 466 479 464 464 477 460 460 472 467 467 480 466 466 479 466 466 479 468 468 481 464 464 477 466 466 479 467 467 480 468 468 481 467 467 480 469 469 482 468 468 481 464 464 477 470 470 483 465 465 478 465 465 478 470 470 483 471 471 484 471 471 484 470 470 483 290 290 485 290 290 485 470 470 483 291 291 486 464 464 477 468 468 481 472 472 487 464 464 477 472 472 487 470 470 483 470 470 483 473 473 488 291 291 486 470 470 483 472 472 487 473 473 488 291 291 486 473 473 488 293 293 489 468 468 481 469 469 482 474 474 490 468 468 481 474 474 490 472 472 487 472 472 487 475 475 491 473 473 488 472 472 487 474 474 490 475 475 491 473 473 488 476 476 492 293 293 489 473 473 488 475 475 491 476 476 492 293 293 489 476 476 492 296 296 493 469 469 482 477 477 494 474 474 490 474 474 490 478 478 495 475 475 491 474 474 490 477 477 494 478 478 495 477 477 494 479 479 496 478 478 495 475 475 491 480 480 497 476 476 492 475 475 491 478 478 495 480 480 497 478 478 495 479 479 496 481 481 498 478 478 495 481 481 498 480 480 497 479 479 496 482 482 499 481 481 498 476 476 492 483 483 500 296 296 493 476 476 492 480 480 497 483 483 500 296 296 493 483 483 500 300 300 501 300 300 501 483 483 500 301 301 363 301 301 363 483 483 500 361 361 364 483 483 500 480 480 497 361 361 364 480 480 497 481 481 498 484 484 502 480 480 497 484 484 502 361 361 364 361 361 364 484 484 502 359 359 360 484 484 502 481 481 498 485 485 503 481 481 498 482 482 499 485 485 503 484 484 502 485 485 503 359 359 360 359 359 360 485 485 503 364 364 367 485 485 503 482 482 499 486 486 504 485 485 503 486 486 504 364 364 367 364 364 367 486 486 504 367 367 370 482 482 499 487 487 505 486 486 504 486 486 504 488 488 506 367 367 370 486 486 504 487 487 505 488 488 506 487 487 505 489 489 507 488 488 506 489 489 507 490 490 508 488 488 506 488 488 506 399 399 402 367 367 370 488 488 506 490 490 508 399 399 402 490 490 508 491 491 509 399 399 402 399 399 402 491 491 509 400 400 403 400 400 403 491 491 509 427 427 430 192 192 510 194 194 511 492 492 512 194 194 511 197 197 513 493 493 514 194 194 511 493 493 514 492 492 512 492 492 512 493 493 514 494 494 515 492 492 512 494 494 515 495 495 516 493 493 514 197 197 513 496 496 517 197 197 513 202 202 518 496 496 517 493 493 514 497 497 519 494 494 515 493 493 514 496 496 517 497 497 519 494 494 515 69 69 520 495 495 516 495 495 516 69 69 520 71 71 521 69 69 520 494 494 515 68 68 522 494 494 515 497 497 519 68 68 522 497 497 519 496 496 517 498 498 523 497 497 519 498 498 523 68 68 522 68 68 522 498 498 523 53 53 524 498 498 523 496 496 517 499 499 525 498 498 523 499 499 525 53 53 524 53 53 524 499 499 525 44 44 526 496 496 517 202 202 518 500 500 527 496 496 517 500 500 527 499 499 525 499 499 525 501 501 528 44 44 526 499 499 525 500 500 527 501 501 528 500 500 527 202 202 518 502 502 529 500 500 527 502 502 529 501 501 528 202 202 518 203 203 530 502 502 529 44 44 526 501 501 528 23 23 531 23 23 531 501 501 528 20 20 532 501 501 528 502 502 529 503 503 533 501 501 528 503 503 533 20 20 532 20 20 532 503 503 533 19 19 534 502 502 529 203 203 530 504 504 535 502 502 529 504 504 535 503 503 533 503 503 533 505 505 536 19 19 534 503 503 533 504 504 535 505 505 536 203 203 530 209 209 537 504 504 535 504 504 535 506 506 538 505 505 536 504 504 535 209 209 537 506 506 538 209 209 537 216 216 539 506 506 538 505 505 536 507 507 540 19 19 534 505 505 536 506 506 538 507 507 540 506 506 538 216 216 539 508 508 541 506 506 538 508 508 541 507 507 540 216 216 539 230 230 542 508 508 541 508 508 541 509 509 543 507 507 540 508 508 541 230 230 542 509 509 543 230 230 542 232 232 544 509 509 543 19 19 534 507 507 540 13 13 545 507 507 540 509 509 543 510 510 546 507 507 540 510 510 546 13 13 545 13 13 545 510 510 546 5 5 547 509 509 543 232 232 544 511 511 548 509 509 543 511 511 548 510 510 546 232 232 544 371 371 549 511 511 548 371 371 549 373 373 550 511 511 548 511 511 548 512 512 551 510 510 546 511 511 548 373 373 550 512 512 551 373 373 550 375 375 552 512 512 551 510 510 546 513 513 553 5 5 547 510 510 546 512 512 551 513 513 553 512 512 551 375 375 552 514 514 554 512 512 551 514 514 554 513 513 553 5 5 547 513 513 553 2 2 555 513 513 553 514 514 554 515 515 556 513 513 553 515 515 556 2 2 555 2 2 555 515 515 556 0 0 557 0 0 557 515 515 556 516 516 558 515 515 556 514 514 554 517 517 559 515 515 556 517 517 559 516 516 558 516 516 558 517 517 559 518 518 560 514 514 554 375 375 552 519 519 561 514 514 554 519 519 561 517 517 559 517 517 559 520 520 562 518 518 560 517 517 559 519 519 561 520 520 562 518 518 560 520 520 562 521 521 563 375 375 552 376 376 564 519 519 561 519 519 561 522 522 565 520 520 562 519 519 561 376 376 564 522 522 565 376 376 564 380 380 566 522 522 565 380 380 566 382 382 567 522 522 565 522 522 565 523 523 568 520 520 562 522 522 565 382 382 567 523 523 568 382 382 567 398 398 569 523 523 568 520 520 562 524 524 570 521 521 563 520 520 562 523 523 568 524 524 570 523 523 568 398 398 569 525 525 571 523 523 568 525 525 571 524 524 570 398 398 569 406 406 572 525 525 571 525 525 571 526 526 573 524 524 570 525 525 571 406 406 572 526 526 573 406 406 572 412 412 574 526 526 573 521 521 563 524 524 570 527 527 575 524 524 570 526 526 573 528 528 576 524 524 570 528 528 576 527 527 575 526 526 573 412 412 574 529 529 577 526 526 573 529 529 577 528 528 576 528 528 576 530 530 578 527 527 575 528 528 576 529 529 577 530 530 578 527 527 575 530 530 578 531 531 579 412 412 574 421 421 580 529 529 577 529 529 577 532 532 581 530 530 578 529 529 577 421 421 580 532 532 581 421 421 580 423 423 582 532 532 581 530 530 578 533 533 583 531 531 579 530 530 578 532 532 581 533 533 583 532 532 581 423 423 582 534 534 584 532 532 581 534 534 584 533 533 583 531 531 579 533 533 583 535 535 585 535 535 585 533 533 583 536 536 586 533 533 583 534 534 584 537 537 587 533 533 583 537 537 587 536 536 586 536 536 586 537 537 587 538 538 588 534 534 584 423 423 582 539 539 589 534 534 584 539 539 589 537 537 587 537 537 587 540 540 590 538 538 588 537 537 587 539 539 589 540 540 590 538 538 588 540 540 590 541 541 591 540 540 590 539 539 589 542 542 592 540 540 590 542 542 592 541 541 591 423 423 582 424 424 593 539 539 589 539 539 589 543 543 594 542 542 592 539 539 589 424 424 593 543 543 594 424 424 593 438 438 595 543 543 594 542 542 592 544 544 596 541 541 591 542 542 592 543 543 594 544 544 596 543 543 594 438 438 595 492 492 597 543 543 594 492 492 597 544 544 596 492 492 597 438 438 595 192 192 598 492 492 597 495 495 599 544 544 596 544 544 596 545 545 600 541 541 591 544 544 596 495 495 599 545 545 600 545 545 600 495 495 599 71 71 601 0 0 602 516 516 603 1 1 604 1 1 604 516 516 603 546 546 605 516 516 603 518 518 606 546 546 605 1 1 604 546 546 605 4 4 607 546 546 605 518 518 606 547 547 608 546 546 605 548 548 609 4 4 607 546 546 605 547 547 608 548 548 609 4 4 607 548 548 609 7 7 610 548 548 609 547 547 608 549 549 611 548 548 609 550 550 612 7 7 610 548 548 609 549 549 611 550 550 612 7 7 610 550 550 612 10 10 613 547 547 608 518 518 606 551 551 614 518 518 606 521 521 615 551 551 614 547 547 608 552 552 616 549 549 611 547 547 608 551 551 614 552 552 616 549 549 611 553 553 617 550 550 612 549 549 611 552 552 616 553 553 617 550 550 612 554 554 618 10 10 613 550 550 612 553 553 617 554 554 618 10 10 613 554 554 618 17 17 619 551 551 614 521 521 615 555 555 620 521 521 615 527 527 621 555 555 620 527 527 621 531 531 622 555 555 620 551 551 614 556 556 623 552 552 616 551 551 614 555 555 620 556 556 623 555 555 620 531 531 622 557 557 624 555 555 620 557 557 624 556 556 623 531 531 622 535 535 625 557 557 624 553 553 617 558 558 626 554 554 618 554 554 618 559 559 627 17 17 619 554 554 618 558 558 626 559 559 627 17 17 619 559 559 627 26 26 628 553 553 617 552 552 616 560 560 629 553 553 617 560 560 629 558 558 626 552 552 616 556 556 623 561 561 630 552 552 616 561 561 630 560 560 629 559 559 627 558 558 626 562 562 631 558 558 626 560 560 629 563 563 632 558 558 626 563 563 632 562 562 631 560 560 629 561 561 630 564 564 633 560 560 629 564 564 633 563 563 632 559 559 627 565 565 634 26 26 628 559 559 627 562 562 631 565 565 634 26 26 628 565 565 634 30 30 635 556 556 623 557 557 624 566 566 636 556 556 623 567 567 637 561 561 630 556 556 623 566 566 636 567 567 637 566 566 636 557 557 624 568 568 638 566 566 636 568 568 638 567 567 637 557 557 624 535 535 625 569 569 639 557 557 624 569 569 639 568 568 638 561 561 630 570 570 640 564 564 633 561 561 630 567 567 637 570 570 640 563 563 632 564 564 633 571 571 641 564 564 633 570 570 640 572 572 642 564 564 633 572 572 642 571 571 641 563 563 632 573 573 643 562 562 631 563 563 632 571 571 641 573 573 643 562 562 631 574 574 644 565 565 634 562 562 631 573 573 643 574 574 644 569 569 639 535 535 625 575 575 645 535 535 625 536 536 646 575 575 645 569 569 639 576 576 647 568 568 638 569 569 639 575 575 645 576 576 647 567 567 637 577 577 648 570 570 640 570 570 640 578 578 649 572 572 642 570 570 640 577 577 648 578 578 649 567 567 637 568 568 638 579 579 650 567 567 637 579 579 650 577 577 648 568 568 638 576 576 647 580 580 651 568 568 638 580 580 651 579 579 650 579 579 650 581 581 652 577 577 648 579 579 650 580 580 651 581 581 652 580 580 651 576 576 647 582 582 653 580 580 651 582 582 653 581 581 652 576 576 647 575 575 645 583 583 654 576 576 647 583 583 654 582 582 653 575 575 645 536 536 646 584 584 655 575 575 645 584 584 655 583 583 654 536 536 646 538 538 656 584 584 655 577 577 648 585 585 657 578 578 649 577 577 648 581 581 652 585 585 657 581 581 652 582 582 653 586 586 658 581 581 652 586 586 658 585 585 657 582 582 653 583 583 654 587 587 659 582 582 653 587 587 659 586 586 658 583 583 654 584 584 655 588 588 660 583 583 654 588 588 660 587 587 659 584 584 655 538 538 656 589 589 661 584 584 655 589 589 661 588 588 660 588 588 660 590 590 662 587 587 659 588 588 660 589 589 661 590 590 662 538 538 656 541 541 663 589 589 661 541 541 663 545 545 664 589 589 661 589 589 661 591 591 665 590 590 662 589 589 661 545 545 664 591 591 665 545 545 664 71 71 666 591 591 665 591 591 665 72 72 667 590 590 662 591 591 665 71 71 666 72 72 667 72 72 667 73 73 668 590 590 662 590 590 662 592 592 669 587 587 659 590 590 662 73 73 668 592 592 669 73 73 668 75 75 670 592 592 669 587 587 659 593 593 671 586 586 658 587 587 659 592 592 669 593 593 671 592 592 669 75 75 670 594 594 672 592 592 669 594 594 672 593 593 671 75 75 670 78 78 673 594 594 672 586 586 658 595 595 674 585 585 657 586 586 658 593 593 671 595 595 674 593 593 671 594 594 672 596 596 675 593 593 671 596 596 675 595 595 674 594 594 672 78 78 673 597 597 676 594 594 672 597 597 676 596 596 675 78 78 673 82 82 677 597 597 676 585 585 657 598 598 678 578 578 649 578 578 649 598 598 678 572 572 642 585 585 657 595 595 674 599 599 679 585 585 657 599 599 679 598 598 678 595 595 674 596 596 675 600 600 680 595 595 674 600 600 680 599 599 679 596 596 675 597 597 676 601 601 681 596 596 675 601 601 681 600 600 680 597 597 676 82 82 677 602 602 682 597 597 676 602 602 682 601 601 681 82 82 677 99 99 683 602 602 682 599 599 679 603 603 684 598 598 678 599 599 679 600 600 680 604 604 685 599 599 679 604 604 685 603 603 684 600 600 680 601 601 681 605 605 686 600 600 680 605 605 686 604 604 685 601 601 681 602 602 682 606 606 687 601 601 681 606 606 687 605 605 686 602 602 682 99 99 683 607 607 688 602 602 682 607 607 688 606 606 687 99 99 683 101 101 689 607 607 688 598 598 678 608 608 690 572 572 642 572 572 642 608 608 690 571 571 641 598 598 678 603 603 684 609 609 691 598 598 678 609 609 691 608 608 690 608 608 690 610 610 692 571 571 641 608 608 690 609 609 691 610 610 692 571 571 641 610 610 692 573 573 643 604 604 685 605 605 686 611 611 693 605 605 686 606 606 687 612 612 694 605 605 686 612 612 694 611 611 693 606 606 687 607 607 688 613 613 695 606 606 687 613 613 695 612 612 694 607 607 688 101 101 689 614 614 696 607 607 688 614 614 696 613 613 695 101 101 689 104 104 697 614 614 696 604 604 685 615 615 698 603 603 684 604 604 685 611 611 693 615 615 698 603 603 684 616 616 699 609 609 691 603 603 684 615 615 698 616 616 699 609 609 691 617 617 700 610 610 692 609 609 691 616 616 699 617 617 700 610 610 692 618 618 701 573 573 643 610 610 692 617 617 700 618 618 701 573 573 643 618 618 701 574 574 644 618 618 701 617 617 700 619 619 702 618 618 701 619 619 702 574 574 644 617 617 700 616 616 699 620 620 703 617 617 700 620 620 703 619 619 702 616 616 699 615 615 698 621 621 704 616 616 699 621 621 704 620 620 703 615 615 698 611 611 693 622 622 705 615 615 698 622 622 705 621 621 704 611 611 693 612 612 694 623 623 706 611 611 693 623 623 706 622 622 705 612 612 694 613 613 695 624 624 707 612 612 694 624 624 707 623 623 706 613 613 695 614 614 696 625 625 708 613 613 695 625 625 708 624 624 707 614 614 696 104 104 697 626 626 709 614 614 696 626 626 709 625 625 708 104 104 697 108 108 710 626 626 709 619 619 702 627 627 711 574 574 644 574 574 644 627 627 711 565 565 634 619 619 702 620 620 703 628 628 712 619 619 702 628 628 712 627 627 711 620 620 703 621 621 704 629 629 713 620 620 703 629 629 713 628 628 712 622 622 705 630 630 714 631 631 715 622 622 705 623 623 706 630 630 714 622 622 705 631 631 715 621 621 704 621 621 704 632 632 716 629 629 713 621 621 704 631 631 715 632 632 716 629 629 713 633 633 717 628 628 712 629 629 713 632 632 716 633 633 717 628 628 712 634 634 718 627 627 711 628 628 712 633 633 717 634 634 718 627 627 711 635 635 719 565 565 634 627 627 711 634 634 718 635 635 719 565 565 634 635 635 719 30 30 635 30 30 635 635 635 719 185 185 720 635 635 719 634 634 718 636 636 721 635 635 719 636 636 721 185 185 720 634 634 718 633 633 717 637 637 722 634 634 718 637 637 722 636 636 721 636 636 721 638 638 723 185 185 720 636 636 721 637 637 722 638 638 723 185 185 720 638 638 723 178 178 724 633 633 717 632 632 716 639 639 725 633 633 717 639 639 725 637 637 722 637 637 722 640 640 726 638 638 723 637 637 722 639 639 725 640 640 726 638 638 723 641 641 727 178 178 724 638 638 723 640 640 726 641 641 727 178 178 724 641 641 727 175 175 728 632 632 716 631 631 715 642 642 729 632 632 716 642 642 729 639 639 725 639 639 725 643 643 730 640 640 726 639 639 725 642 642 729 643 643 730 640 640 726 644 644 731 641 641 727 640 640 726 643 643 730 644 644 731 643 643 730 642 642 729 645 645 732 643 643 730 645 645 732 644 644 731 641 641 727 646 646 733 175 175 728 641 641 727 644 644 731 646 646 733 644 644 731 645 645 732 647 647 734 644 644 731 647 647 734 646 646 733 175 175 728 646 646 733 173 173 735 646 646 733 647 647 734 648 648 736 646 646 733 648 648 736 173 173 735 173 173 735 648 648 736 172 172 737 631 631 715 630 630 714 649 649 738 631 631 715 649 649 738 642 642 729 642 642 729 650 650 739 645 645 732 642 642 729 649 649 738 650 650 739 645 645 732 651 651 740 647 647 734 645 645 732 650 650 739 651 651 740 647 647 734 652 652 741 648 648 736 647 647 734 651 651 740 652 652 741 648 648 736 653 653 742 172 172 737 648 648 736 652 652 741 653 653 742 172 172 737 653 653 742 171 171 743 649 649 738 630 630 714 654 654 744 649 649 738 655 655 745 650 650 739 649 649 738 654 654 744 655 655 745 650 650 739 656 656 746 651 651 740 650 650 739 655 655 745 656 656 746 652 652 741 657 657 747 653 653 742 653 653 742 658 658 748 171 171 743 653 653 742 657 657 747 658 658 748 171 171 743 658 658 748 170 170 749 170 170 749 658 658 748 169 169 750 169 169 750 658 658 748 659 659 751 659 659 751 658 658 748 660 660 752 658 658 748 657 657 747 660 660 752 660 660 752 657 657 747 661 661 753 657 657 747 652 652 741 662 662 754 652 652 741 651 651 740 662 662 754 657 657 747 662 662 754 661 661 753 662 662 754 651 651 740 663 663 755 651 651 740 656 656 746 663 663 755 662 662 754 663 663 755 661 661 753 661 661 753 663 663 755 664 664 756 656 656 746 655 655 745 665 665 757 656 656 746 665 665 757 663 663 755 663 663 755 666 666 758 664 664 756 663 663 755 665 665 757 666 666 758 664 664 756 666 666 758 667 667 759 655 655 745 654 654 744 668 668 760 655 655 745 668 668 760 665 665 757 665 665 757 669 669 761 666 666 758 665 665 757 668 668 760 669 669 761 666 666 758 670 670 762 667 667 759 666 666 758 669 669 761 670 670 762 667 667 759 670 670 762 671 671 763 654 654 744 630 630 714 672 672 764 630 630 714 623 623 706 672 672 764 623 623 706 624 624 707 672 672 764 654 654 744 673 673 765 668 668 760 654 654 744 672 672 764 673 673 765 672 672 764 624 624 707 674 674 766 672 672 764 674 674 766 673 673 765 624 624 707 625 625 708 674 674 766 668 668 760 675 675 767 669 669 761 668 668 760 673 673 765 675 675 767 673 673 765 674 674 766 676 676 768 673 673 765 676 676 768 675 675 767 674 674 766 625 625 708 677 677 769 674 674 766 677 677 769 676 676 768 625 625 708 626 626 709 677 677 769 669 669 761 678 678 770 670 670 762 669 669 761 675 675 767 678 678 770 675 675 767 676 676 768 679 679 771 675 675 767 679 679 771 678 678 770 676 676 768 677 677 769 680 680 772 676 676 768 680 680 772 679 679 771 677 677 769 626 626 709 681 681 773 677 677 769 681 681 773 680 680 772 626 626 709 108 108 710 681 681 773 108 108 710 115 115 774 681 681 773 681 681 773 682 682 775 680 680 772 681 681 773 115 115 774 682 682 775 115 115 774 122 122 776 682 682 775 122 122 776 123 123 777 682 682 775 680 680 772 683 683 778 679 679 771 680 680 772 682 682 775 683 683 778 682 682 775 123 123 777 684 684 779 682 682 775 684 684 779 683 683 778 123 123 777 133 133 780 684 684 779 679 679 771 685 685 781 678 678 770 679 679 771 683 683 778 685 685 781 683 683 778 684 684 779 686 686 782 683 683 778 686 686 782 685 685 781 684 684 779 133 133 780 687 687 783 684 684 779 687 687 783 686 686 782 133 133 780 141 141 784 687 687 783 678 678 770 688 688 785 670 670 762 678 678 770 685 685 781 688 688 785 685 685 781 686 686 782 689 689 786 685 685 781 689 689 786 688 688 785 686 686 782 687 687 783 690 690 787 686 686 782 690 690 787 689 689 786 687 687 783 141 141 784 691 691 788 687 687 783 691 691 788 690 690 787 670 670 762 688 688 785 671 671 763 671 671 763 688 688 785 692 692 789 688 688 785 689 689 786 692 692 789 692 692 789 689 689 786 693 693 790 689 689 786 690 690 787 693 693 790 693 693 790 690 690 787 694 694 791 690 690 787 691 691 788 694 694 791 694 694 791 691 691 788 695 695 792 691 691 788 141 141 784 695 695 792 695 695 792 141 141 784 158 158 793 169 169 794 696 696 795 168 168 796 168 168 796 696 696 795 697 697 797 168 168 796 697 697 797 164 164 798 164 164 798 697 697 797 698 698 799 164 164 798 698 698 799 159 159 800 697 697 797 696 696 795 699 699 801 696 696 795 700 700 802 699 699 801 700 700 802 701 701 803 699 699 801 697 697 797 702 702 804 698 698 799 697 697 797 699 699 801 702 702 804 698 698 799 703 703 805 159 159 800 159 159 800 703 703 805 151 151 806 698 698 799 702 702 804 704 704 807 698 698 799 704 704 807 703 703 805 699 699 801 701 701 803 705 705 808 701 701 803 706 706 809 705 705 808 706 706 809 707 707 810 705 705 808 705 705 808 708 708 811 699 699 801 699 699 801 708 708 811 702 702 804 705 705 808 707 707 810 708 708 811 707 707 810 709 709 812 708 708 811 709 709 812 710 710 813 708 708 811 708 708 811 711 711 814 702 702 804 702 702 804 711 711 814 704 704 807 708 708 811 710 710 813 711 711 814 710 710 813 712 712 815 711 711 814 711 711 814 713 713 816 704 704 807 711 711 814 712 712 815 713 713 816 712 712 815 714 714 817 713 713 816 704 704 807 715 715 818 703 703 805 704 704 807 713 713 816 715 715 818 703 703 805 716 716 819 151 151 806 703 703 805 715 715 818 716 716 819 151 151 806 716 716 819 152 152 820 716 716 819 715 715 818 717 717 821 716 716 819 717 717 821 152 152 820 152 152 820 717 717 821 153 153 822 715 715 818 713 713 816 718 718 823 715 715 818 718 718 823 717 717 821 717 717 821 719 719 824 153 153 822 717 717 821 718 718 823 719 719 824 153 153 822 719 719 824 154 154 825 713 713 816 714 714 817 720 720 826 713 713 816 720 720 826 718 718 823 718 718 823 721 721 827 719 719 824 718 718 823 720 720 826 721 721 827 719 719 824 722 722 828 154 154 825 719 719 824 721 721 827 722 722 828 154 154 825 722 722 828 155 155 829 714 714 817 723 723 830 720 720 826 720 720 826 724 724 831 721 721 827 720 720 826 723 723 830 724 724 831 723 723 830 725 725 832 724 724 831 721 721 827 726 726 833 722 722 828 721 721 827 724 724 831 726 726 833 724 724 831 725 725 832 727 727 834 724 724 831 727 727 834 726 726 833 722 722 828 728 728 835 155 155 829 722 722 828 726 726 833 728 728 835 726 726 833 727 727 834 729 729 836 726 726 833 729 729 836 728 728 835 727 727 834 725 725 832 730 730 837 727 727 834 730 730 837 729 729 836 725 725 832 731 731 838 730 730 837 155 155 829 728 728 835 156 156 839 728 728 835 729 729 836 732 732 840 728 728 835 732 732 840 156 156 839 729 729 836 730 730 837 733 733 841 729 729 836 733 733 841 732 732 840 732 732 840 734 734 842 156 156 839 732 732 840 733 733 841 734 734 842 156 156 839 734 734 842 157 157 843 730 730 837 731 731 838 735 735 844 730 730 837 735 735 844 733 733 841 733 733 841 736 736 845 734 734 842 733 733 841 735 735 844 736 736 845 731 731 838 737 737 846 735 735 844 737 737 846 738 738 847 735 735 844 735 735 844 739 739 848 736 736 845 735 735 844 738 738 847 739 739 848 738 738 847 740 740 849 739 739 848 740 740 849 741 741 850 739 739 848 739 739 848 742 742 851 736 736 845 736 736 845 742 742 851 734 734 842 739 739 848 741 741 850 742 742 851 742 742 851 743 743 852 734 734 842 734 734 842 743 743 852 157 157 843 157 157 843 743 743 852 158 158 853 169 169 854 659 659 855 696 696 856 659 659 855 744 744 857 696 696 856 659 659 855 660 660 858 744 744 857 744 744 857 745 745 859 696 696 856 696 696 856 745 745 859 700 700 860 700 700 860 745 745 859 701 701 861 744 744 857 660 660 858 746 746 862 660 660 858 661 661 863 746 746 862 744 744 857 747 747 864 745 745 859 744 744 857 746 746 862 747 747 864 745 745 859 748 748 865 701 701 861 701 701 861 748 748 865 706 706 866 706 706 866 748 748 865 749 749 867 748 748 865 745 745 859 750 750 868 745 745 859 747 747 864 750 750 868 748 748 865 750 750 868 749 749 867 749 749 867 750 750 868 751 751 869 751 751 869 750 750 868 752 752 870 750 750 868 747 747 864 753 753 871 750 750 868 753 753 871 752 752 870 752 752 870 753 753 871 754 754 872 747 747 864 746 746 862 755 755 873 747 747 864 755 755 873 753 753 871 753 753 871 756 756 874 754 754 872 753 753 871 755 755 873 756 756 874 754 754 872 756 756 874 757 757 875 746 746 862 661 661 863 758 758 876 746 746 862 758 758 876 755 755 873 755 755 873 759 759 877 756 756 874 755 755 873 758 758 876 759 759 877 661 661 863 664 664 878 758 758 876 758 758 876 760 760 879 759 759 877 758 758 876 664 664 878 760 760 879 664 664 878 667 667 880 760 760 879 760 760 879 761 761 881 759 759 877 760 760 879 667 667 880 761 761 881 667 667 880 671 671 882 761 761 881 759 759 877 762 762 883 756 756 874 759 759 877 761 761 881 762 762 883 761 761 881 671 671 882 763 763 884 761 761 881 763 763 884 762 762 883 671 671 882 692 692 885 763 763 884 756 756 874 764 764 886 757 757 875 756 756 874 762 762 883 764 764 886 762 762 883 763 763 884 765 765 887 762 762 883 765 765 887 764 764 886 763 763 884 692 692 885 766 766 888 763 763 884 766 766 888 765 765 887 692 692 885 693 693 889 766 766 888 757 757 875 764 764 886 767 767 890 764 764 886 765 765 887 768 768 891 764 764 886 768 768 891 767 767 890 767 767 890 768 768 891 769 769 892 765 765 887 766 766 888 770 770 893 765 765 887 770 770 893 768 768 891 768 768 891 771 771 894 769 769 892 768 768 891 770 770 893 771 771 894 766 766 888 693 693 889 772 772 895 766 766 888 772 772 895 770 770 893 770 770 893 773 773 896 771 771 894 770 770 893 772 772 895 773 773 896 771 771 894 774 774 897 769 769 892 771 771 894 773 773 896 774 774 897 769 769 892 774 774 897 775 775 898 693 693 889 694 694 899 772 772 895 772 772 895 776 776 900 773 773 896 772 772 895 694 694 899 776 776 900 773 773 896 777 777 901 774 774 897 773 773 896 776 776 900 777 777 901 776 776 900 694 694 899 778 778 902 776 776 900 778 778 902 777 777 901 694 694 899 695 695 903 778 778 902 774 774 897 779 779 904 775 775 898 774 774 897 777 777 901 779 779 904 777 777 901 778 778 902 780 780 905 777 777 901 780 780 905 779 779 904 775 775 898 779 779 904 781 781 906 781 781 906 779 779 904 782 782 907 779 779 904 780 780 905 783 783 908 779 779 904 783 783 908 782 782 907 782 782 907 783 783 908 740 740 909 740 740 909 783 783 908 741 741 910 741 741 910 783 783 908 742 742 911 780 780 905 778 778 902 742 742 911 780 780 905 742 742 911 783 783 908 742 742 911 778 778 902 743 743 912 778 778 902 695 695 903 743 743 912 743 743 912 695 695 903 158 158 913 740 740 914 738 738 915 784 784 916 784 784 916 738 738 915 785 785 917 738 738 915 737 737 918 785 785 917 785 785 917 737 737 918 786 786 919 737 737 918 731 731 920 786 786 919 786 786 919 731 731 920 787 787 921 731 731 920 725 725 922 787 787 921 787 787 921 725 725 922 788 788 923 725 725 922 723 723 924 788 788 923 788 788 923 723 723 924 789 789 925 723 723 924 714 714 926 789 789 925 789 789 925 714 714 926 790 790 927 714 714 926 712 712 928 790 790 927 790 790 927 712 712 928 791 791 929 712 712 928 710 710 930 791 791 929 791 791 929 710 710 930 792 792 931 792 792 931 710 710 930 793 793 932 710 710 930 709 709 933 793 793 932 793 793 932 709 709 933 794 794 934 709 709 933 707 707 935 794 794 934 707 707 935 706 706 936 794 794 934 794 794 934 706 706 936 795 795 937 795 795 937 706 706 936 796 796 938 706 706 936 749 749 939 796 796 938 749 749 939 751 751 940 796 796 938 796 796 938 751 751 940 797 797 941 751 751 940 752 752 942 797 797 941 797 797 941 752 752 942 798 798 943 798 798 943 752 752 942 799 799 944 752 752 942 754 754 945 799 799 944 799 799 944 754 754 945 800 800 946 754 754 945 757 757 947 800 800 946 800 800 946 757 757 947 801 801 948 757 757 947 767 767 949 801 801 948 801 801 948 767 767 949 802 802 950 767 767 949 769 769 951 802 802 950 802 802 950 769 769 951 803 803 952 769 769 951 775 775 953 803 803 952 803 803 952 775 775 953 804 804 954 775 775 953 781 781 955 804 804 954 804 804 954 781 781 955 805 805 956 781 781 955 782 782 957 805 805 956 805 805 956 782 782 957 784 784 958 784 784 958 782 782 957 740 740 959 792 792 960 793 793 961 806 806 962 793 793 961 794 794 963 806 806 962 794 794 963 795 795 964 806 806 962 795 795 964 796 796 965 806 806 962 796 796 965 797 797 966 806 806 962 797 797 966 798 798 967 806 806 962 798 798 967 799 799 968 806 806 962 799 799 968 800 800 969 806 806 962 800 800 969 801 801 970 806 806 962 801 801 970 802 802 971 806 806 962 802 802 971 803 803 972 806 806 962 803 803 972 804 804 973 806 806 962 804 804 973 805 805 974 806 806 962 805 805 974 784 784 975 806 806 962 784 784 975 785 785 976 806 806 962 785 785 976 786 786 977 806 806 962 786 786 977 787 787 978 806 806 962 787 787 978 788 788 979 806 806 962 788 788 979 789 789 980 806 806 962 789 789 980 790 790 981 806 806 962 806 806 962 791 791 982 792 792 960 791 791 982 806 806 962 790 790 981 1705 1705 2125 1706 1706 2126 1707 1707 2127 1705 1705 2125 1708 1708 2128 1706 1706 2126 1705 1705 2125 1707 1707 2127 1709 1709 2129 1705 1705 2125 1710 1710 2130 1708 1708 2128 1705 1705 2125 1709 1709 2129 1711 1711 2131 1705 1705 2125 1712 1712 2132 1710 1710 2130 1705 1705 2125 1711 1711 2131 1713 1713 2133 1705 1705 2125 1713 1713 2133 1712 1712 2132 1706 1706 2126 1708 1708 2128 1714 1714 2134 1709 1709 2129 1715 1715 2135 1711 1711 2131 1710 1710 2130 1712 1712 2132 1716 1716 2136 1710 1710 2130 1717 1717 2137 1708 1708 2128 1710 1710 2130 1716 1716 2136 1718 1718 2138 1710 1710 2130 1718 1718 2138 1717 1717 2137 1713 1713 2133 1711 1711 2131 1719 1719 2139 1713 1713 2133 1720 1720 2140 1712 1712 2132 1713 1713 2133 1719 1719 2139 1721 1721 2141 1713 1713 2133 1721 1721 2141 1720 1720 2140 1712 1712 2132 1720 1720 2140 1716 1716 2136 1714 1714 2134 1708 1708 2128 1722 1722 2142 1722 1722 2142 1708 1708 2128 1717 1717 2137 1715 1715 2135 1723 1723 2143 1711 1711 2131 1711 1711 2131 1723 1723 2143 1719 1719 2139 1718 1718 2138 1716 1716 2136 1724 1724 2144 1721 1721 2141 1725 1725 2145 1720 1720 2140 1721 1721 2141 1719 1719 2139 1726 1726 2146 1721 1721 2141 1727 1727 2147 1725 1725 2145 1721 1721 2141 1726 1726 2146 1727 1727 2147 1716 1716 2136 1728 1728 2148 1724 1724 2144 1716 1716 2136 1720 1720 2140 1728 1728 2148 1720 1720 2140 1725 1725 2145 1728 1728 2148 1726 1726 2146 1729 1729 2149 1727 1727 2147 1724 1724 2144 1728 1728 2148 1730 1730 2150 1724 1724 2144 1730 1730 2150 1731 1731 2151 1728 1728 2148 1725 1725 2145 1730 1730 2150 1729 1729 2149 1732 1732 2152 1727 1727 2147 1729 1729 2149 1733 1733 2153 1732 1732 2152 1731 1731 2151 1730 1730 2150 1734 1734 2154 1731 1731 2151 1734 1734 2154 1735 1735 2155 1734 1734 2154 1730 1730 2150 1725 1725 2145 1734 1734 2154 1727 1727 2147 1732 1732 2152 1734 1734 2154 1732 1732 2152 1733 1733 2153 1734 1734 2154 1733 1733 2153 1735 1735 2155 1734 1734 2154 1725 1725 2145 1727 1727 2147 1736 1736 2156 1737 1737 2157 1738 1738 2158 1736 1736 2156 1739 1739 2159 1737 1737 2157 1736 1736 2156 1738 1738 2158 1740 1740 2160 1736 1736 2156 1741 1741 2161 1739 1739 2159 1736 1736 2156 1740 1740 2160 1742 1742 2162 1736 1736 2156 1743 1743 2163 1741 1741 2161 1736 1736 2156 1742 1742 2162 1744 1744 2164 1736 1736 2156 1744 1744 2164 1743 1743 2163 1737 1737 2157 1739 1739 2159 1715 1715 2165 1740 1740 2160 1714 1714 2166 1742 1742 2162 1741 1741 2161 1743 1743 2163 1745 1745 2167 1741 1741 2161 1719 1719 2168 1739 1739 2159 1741 1741 2161 1745 1745 2167 1746 1746 2169 1741 1741 2161 1746 1746 2169 1719 1719 2168 1744 1744 2164 1742 1742 2162 1717 1717 2170 1744 1744 2164 1747 1747 2171 1743 1743 2163 1744 1744 2164 1717 1717 2170 1718 1718 2172 1744 1744 2164 1718 1718 2172 1747 1747 2171 1743 1743 2163 1747 1747 2171 1745 1745 2167 1715 1715 2165 1739 1739 2159 1723 1723 2173 1723 1723 2173 1739 1739 2159 1719 1719 2168 1714 1714 2166 1722 1722 2174 1742 1742 2162 1742 1742 2162 1722 1722 2174 1717 1717 2170 1746 1746 2169 1745 1745 2167 1748 1748 2175 1746 1746 2169 1726 1726 2176 1719 1719 2168 1746 1746 2169 1748 1748 2175 1749 1749 2177 1746 1746 2169 1749 1749 2177 1726 1726 2176 1718 1718 2172 1724 1724 2178 1747 1747 2171 1745 1745 2167 1750 1750 2179 1748 1748 2175 1745 1745 2167 1747 1747 2171 1750 1750 2179 1747 1747 2171 1724 1724 2178 1750 1750 2179 1749 1749 2177 1729 1729 2180 1726 1726 2176 1749 1749 2177 1748 1748 2175 1751 1751 2181 1749 1749 2177 1752 1752 2182 1729 1729 2180 1749 1749 2177 1751 1751 2181 1752 1752 2182 1724 1724 2178 1753 1753 2183 1750 1750 2179 1724 1724 2178 1731 1731 2184 1753 1753 2183 1753 1753 2183 1751 1751 2181 1748 1748 2175 1753 1753 2183 1748 1748 2175 1750 1750 2179 1753 1753 2183 1731 1731 2184 1751 1751 2181 1729 1729 2180 1752 1752 2182 1733 1733 2185 1752 1752 2182 1751 1751 2181 1733 1733 2185 1731 1731 2184 1735 1735 2186 1751 1751 2181 1751 1751 2181 1735 1735 2186 1733 1733 2185 1754 1754 2187 1755 1755 2188 1756 1756 2189 1754 1754 2187 1757 1757 2190 1755 1755 2188 1754 1754 2187 1756 1756 2189 1758 1758 2191 1754 1754 2187 1759 1759 2192 1757 1757 2190 1754 1754 2187 1758 1758 2191 1760 1760 2193 1754 1754 2187 1761 1761 2194 1759 1759 2192 1754 1754 2187 1760 1760 2193 1762 1762 2195 1754 1754 2187 1762 1762 2195 1761 1761 2194 1755 1755 2188 1763 1763 2196 1756 1756 2189 1758 1758 2191 1764 1764 2197 1760 1760 2193 1758 1758 2191 1756 1756 2189 1765 1765 2198 1758 1758 2191 1766 1766 2199 1764 1764 2197 1758 1758 2191 1765 1765 2198 1766 1766 2199 1759 1759 2192 1761 1761 2194 1767 1767 2200 1762 1762 2195 1760 1760 2193 1768 1768 2201 1762 1762 2195 1769 1769 2202 1761 1761 2194 1762 1762 2195 1768 1768 2201 1770 1770 2203 1762 1762 2195 1770 1770 2203 1769 1769 2202 1760 1760 2193 1764 1764 2197 1768 1768 2201 1763 1763 2196 1771 1771 2204 1756 1756 2189 1756 1756 2189 1771 1771 2204 1765 1765 2198 1766 1766 2199 1772 1772 2205 1764 1764 2197 1767 1767 2200 1761 1761 2194 1773 1773 2206 1773 1773 2206 1761 1761 2194 1769 1769 2202 1770 1770 2203 1768 1768 2201 1774 1774 2207 1770 1770 2203 1775 1775 2208 1769 1769 2202 1770 1770 2203 1774 1774 2207 1776 1776 2209 1770 1770 2203 1776 1776 2209 1775 1775 2208 1772 1772 2205 1777 1777 2210 1764 1764 2197 1772 1772 2205 1778 1778 2211 1777 1777 2210 1772 1772 2205 1779 1779 2212 1778 1778 2211 1777 1777 2210 1768 1768 2201 1764 1764 2197 1777 1777 2210 1774 1774 2207 1768 1768 2201 1777 1777 2210 1778 1778 2211 1774 1774 2207 1776 1776 2209 1780 1780 2213 1775 1775 2208 1776 1776 2209 1774 1774 2207 1781 1781 2214 1776 1776 2209 1782 1782 2215 1780 1780 2213 1776 1776 2209 1781 1781 2214 1782 1782 2215 1778 1778 2211 1779 1779 2212 1781 1781 2214 1778 1778 2211 1781 1781 2214 1774 1774 2207 1780 1780 2213 1782 1782 2215 1783 1783 2216 1782 1782 2215 1781 1781 2214 1783 1783 2216 1779 1779 2212 1784 1784 2217 1781 1781 2214 1781 1781 2214 1784 1784 2217 1783 1783 2216 1785 1785 2218 1786 1786 2219 1787 1787 2220 1785 1785 2218 1788 1788 2221 1786 1786 2219 1785 1785 2218 1787 1787 2220 1789 1789 2222 1785 1785 2218 1790 1790 2223 1788 1788 2221 1785 1785 2218 1789 1789 2222 1791 1791 2224 1785 1785 2218 1792 1792 2225 1790 1790 2223 1785 1785 2218 1791 1791 2224 1793 1793 2226 1785 1785 2218 1793 1793 2226 1792 1792 2225 1786 1786 2219 1767 1767 2227 1787 1787 2220 1789 1789 2222 1794 1794 2228 1791 1791 2224 1789 1789 2222 1787 1787 2220 1769 1769 2229 1789 1789 2222 1795 1795 2230 1794 1794 2228 1789 1789 2222 1769 1769 2229 1795 1795 2230 1790 1790 2223 1792 1792 2225 1763 1763 2231 1793 1793 2226 1791 1791 2224 1796 1796 2232 1793 1793 2226 1765 1765 2233 1792 1792 2225 1793 1793 2226 1796 1796 2232 1766 1766 2234 1793 1793 2226 1766 1766 2234 1765 1765 2233 1791 1791 2224 1794 1794 2228 1796 1796 2232 1767 1767 2227 1773 1773 2235 1787 1787 2220 1787 1787 2220 1773 1773 2235 1769 1769 2229 1795 1795 2230 1797 1797 2236 1794 1794 2228 1795 1795 2230 1769 1769 2229 1775 1775 2237 1795 1795 2230 1798 1798 2238 1797 1797 2236 1795 1795 2230 1775 1775 2237 1798 1798 2238 1763 1763 2231 1792 1792 2225 1771 1771 2239 1771 1771 2239 1792 1792 2225 1765 1765 2233 1766 1766 2234 1796 1796 2232 1772 1772 2240 1794 1794 2228 1797 1797 2236 1799 1799 2241 1794 1794 2228 1799 1799 2241 1796 1796 2232 1796 1796 2232 1799 1799 2241 1772 1772 2240 1775 1775 2237 1780 1780 2242 1798 1798 2238 1797 1797 2236 1800 1800 2243 1799 1799 2241 1797 1797 2236 1798 1798 2238 1801 1801 2244 1797 1797 2236 1801 1801 2244 1800 1800 2243 1799 1799 2241 1800 1800 2243 1772 1772 2240 1780 1780 2242 1802 1802 2245 1798 1798 2238 1780 1780 2242 1783 1783 2246 1802 1802 2245 1802 1802 2245 1783 1783 2246 1801 1801 2244 1802 1802 2245 1801 1801 2244 1798 1798 2238 1800 1800 2243 1779 1779 2247 1772 1772 2240 1800 1800 2243 1801 1801 2244 1779 1779 2247 1783 1783 2246 1784 1784 2248 1801 1801 2244 1801 1801 2244 1784 1784 2248 1779 1779 2247 1803 1803 2249 1804 1804 2250 1805 1805 2251 1803 1803 2249 1806 1806 2252 1804 1804 2250 1803 1803 2249 1805 1805 2251 1807 1807 2253 1803 1803 2249 1808 1808 2254 1806 1806 2252 1803 1803 2249 1807 1807 2253 1809 1809 2255 1803 1803 2249 1810 1810 2256 1808 1808 2254 1803 1803 2249 1809 1809 2255 1810 1810 2256 1804 1804 2250 250 1811 2257 1805 1805 2251 1804 1804 2250 1806 1806 2252 251 1812 2258 1804 1804 2250 249 1813 2259 250 1811 2257 1804 1804 2250 251 1812 2258 249 1813 2259 1808 1808 2254 1810 1810 2256 1811 1814 2260 1808 1808 2254 1812 1815 2261 1806 1806 2252 1808 1808 2254 1811 1814 2260 1812 1815 2261 1809 1809 2255 1813 1816 2262 1810 1810 2256 1810 1810 2256 1813 1816 2262 1811 1814 2260 251 1812 2258 1806 1806 2252 253 1817 2263 1812 1815 2261 1811 1814 2260 1814 1818 2264 1812 1815 2261 1815 1819 2265 1806 1806 2252 1812 1815 2261 1814 1818 2264 1816 1820 2266 1812 1815 2261 1817 1821 2267 1815 1819 2265 1812 1815 2261 1816 1820 2266 1817 1821 2267 1806 1806 2252 1815 1819 2265 253 1817 2263 1811 1814 2260 1813 1816 2262 1814 1818 2264 1816 1820 2266 1818 1822 2268 1817 1821 2267 1816 1820 2266 1814 1818 2264 1819 1823 2269 1816 1820 2266 1820 1824 2270 1818 1822 2268 1816 1820 2266 1819 1823 2269 1821 1825 2271 1816 1820 2266 1821 1825 2271 1820 1824 2270 1819 1823 2269 1813 1816 2262 1821 1825 2271 1819 1823 2269 1814 1818 2264 1813 1816 2262 1815 1819 2265 272 1826 2272 253 1817 2263 1815 1819 2265 1817 1821 2267 272 1826 2272 1818 1822 2268 1820 1824 2270 1822 1827 2273 1818 1822 2268 289 1828 2274 1817 1821 2267 1818 1822 2268 1822 1827 2273 290 1829 2275 1818 1822 2268 290 1829 2275 289 1828 2274 289 1828 2274 272 1826 2272 1817 1821 2267 1821 1825 2271 1813 1816 2262 1823 1830 2276 1821 1825 2271 1823 1830 2276 1820 1824 2270 1822 1827 2273 1820 1824 2270 1824 1831 2277 1824 1831 2277 1820 1824 2270 1823 1830 2276 1825 1832 2278 1805 1805 2279 1826 1833 2280 1825 1832 2278 1807 1807 2281 1805 1805 2279 1825 1832 2278 1826 1833 2280 1827 1834 2282 1825 1832 2278 1809 1809 2283 1807 1807 2281 1825 1832 2278 1827 1834 2282 1828 1835 2284 1825 1832 2278 1829 1836 2285 1809 1809 2283 1825 1832 2278 1828 1835 2284 1829 1836 2285 1805 1805 2279 250 1811 2286 1826 1833 2280 1827 1834 2282 1830 1837 2287 1828 1835 2284 1827 1834 2282 1826 1833 2280 462 1838 2288 1827 1834 2282 1831 1839 2289 1830 1837 2287 1827 1834 2282 462 1838 2288 463 1840 2290 1827 1834 2282 463 1840 2290 1831 1839 2289 1809 1809 2283 1829 1836 2285 1813 1816 2291 250 1811 2286 461 1841 2292 1826 1833 2280 1826 1833 2280 461 1841 2292 462 1838 2288 1828 1835 2284 1830 1837 2287 1832 1842 2293 1828 1835 2284 1832 1842 2293 1829 1836 2285 1829 1836 2285 1832 1842 2293 1813 1816 2291 463 1840 2290 465 1843 2294 1831 1839 2289 1830 1837 2287 1833 1844 2295 1832 1842 2293 1830 1837 2287 1831 1839 2289 1834 1845 2296 1830 1837 2287 1835 1846 2297 1833 1844 2295 1830 1837 2287 1834 1845 2296 1835 1846 2297 1831 1839 2289 465 1843 2294 1834 1845 2296 1832 1842 2293 1833 1844 2295 1813 1816 2291 1835 1846 2297 1834 1845 2296 1836 1847 2298 1835 1846 2297 1837 1848 2299 1833 1844 2295 1835 1846 2297 1836 1847 2298 1838 1849 2300 1835 1846 2297 1839 1850 2301 1837 1848 2299 1835 1846 2297 1838 1849 2300 1839 1850 2301 1837 1848 2299 1839 1850 2301 1813 1816 2291 1837 1848 2299 1813 1816 2291 1833 1844 2295 465 1843 2294 471 1851 2302 1834 1845 2296 1834 1845 2296 471 1851 2302 1836 1847 2298 1838 1849 2300 1823 1830 2303 1839 1850 2301 1838 1849 2300 1836 1847 2298 1822 1827 2304 1838 1849 2300 1824 1831 2305 1823 1830 2303 1838 1849 2300 1822 1827 2304 1824 1831 2305 1823 1830 2303 1813 1816 2291 1839 1850 2301 471 1851 2302 290 1829 2306 1836 1847 2298 1836 1847 2298 290 1829 2306 1822 1827 2304</p>
        </triangles>
        <triangles material="BodyB" count="1552">
          <input semantic="VERTEX" source="#geom-Ariados-vertices" offset="0"/>
          <input semantic="NORMAL" source="#geom-Ariados-normals" offset="1"/>
          <input semantic="TEXCOORD" source="#geom-Ariados-map1" offset="2" set="0"/>
          <p>807 807 983 808 808 984 809 809 985 807 807 983 810 810 986 808 808 984 807 807 983 809 809 985 811 811 987 807 807 983 812 812 988 810 810 986 807 807 983 811 811 987 813 813 989 807 807 983 814 814 990 812 812 988 807 807 983 813 813 989 815 815 991 807 807 983 815 815 991 814 814 990 808 808 984 816 816 992 809 809 985 808 808 984 810 810 986 817 817 993 808 808 984 818 818 994 816 816 992 808 808 984 817 817 993 818 818 994 811 811 987 819 819 995 813 813 989 811 811 987 809 809 985 820 820 996 811 811 987 821 821 997 819 819 995 811 811 987 820 820 996 821 821 997 812 812 988 814 814 990 822 822 998 812 812 988 823 823 999 810 810 986 812 812 988 822 822 998 824 824 1000 812 812 988 824 824 1000 823 823 999 815 815 991 813 813 989 825 825 1001 815 815 991 826 826 1002 814 814 990 815 815 991 825 825 1001 827 827 1003 815 815 991 827 827 1003 826 826 1002 816 816 992 818 818 994 828 828 1004 816 816 992 829 829 1005 809 809 985 816 816 992 828 828 1004 830 830 1006 816 816 992 830 830 1006 829 829 1005 809 809 985 829 829 1005 820 820 996 817 817 993 810 810 986 831 831 1007 831 831 1007 810 810 986 823 823 999 819 819 995 832 832 1008 813 813 989 813 813 989 832 832 1008 825 825 1001 821 821 997 820 820 996 833 833 1009 822 822 998 834 834 1010 824 824 1000 822 822 998 814 814 990 835 835 1011 822 822 998 836 836 1012 834 834 1010 822 822 998 835 835 1011 836 836 1012 814 814 990 826 826 1002 835 835 1011 827 827 1003 837 837 1013 826 826 1002 828 828 1004 838 838 1014 830 830 1006 829 829 1005 839 839 1015 820 820 996 829 829 1005 830 830 1006 840 840 1016 829 829 1005 840 840 1016 839 839 1015 820 820 996 839 839 1015 833 833 1009 834 834 1010 836 836 1012 841 841 1017 835 835 1011 826 826 1002 842 842 1018 835 835 1011 843 843 1019 836 836 1012 835 835 1011 842 842 1018 843 843 1019 826 826 1002 837 837 1013 842 842 1018 838 838 1014 844 844 1020 830 830 1006 838 838 1014 845 845 1021 844 844 1020 830 830 1006 844 844 1020 840 840 1016 839 839 1015 846 846 1022 833 833 1009 839 839 1015 840 840 1016 847 847 1023 839 839 1015 847 847 1023 846 846 1022 841 841 1017 836 836 1012 848 848 1024 841 841 1017 848 848 1024 849 849 1025 836 836 1012 843 843 1019 848 848 1024 837 837 1013 850 850 1026 842 842 1018 845 845 1021 851 851 1027 844 844 1020 845 845 1021 852 852 1028 851 851 1027 840 840 1016 853 853 1029 847 847 1023 840 840 1016 844 844 1020 853 853 1029 844 844 1020 851 851 1027 853 853 1029 846 846 1022 847 847 1023 854 854 1030 846 846 1022 854 854 1030 855 855 1031 849 849 1025 848 848 1024 856 856 1032 849 849 1025 857 857 1033 850 850 1026 849 849 1025 856 856 1032 857 857 1033 857 857 1033 843 843 1019 842 842 1018 857 857 1033 842 842 1018 850 850 1026 857 857 1033 856 856 1032 843 843 1019 843 843 1019 856 856 1032 848 848 1024 852 852 1028 858 858 1034 851 851 1027 852 852 1028 859 859 1035 858 858 1034 853 853 1029 860 860 1036 847 847 1023 853 853 1029 851 851 1027 860 860 1036 851 851 1027 858 858 1034 860 860 1036 847 847 1023 860 860 1036 854 854 1030 855 855 1031 854 854 1030 861 861 1037 855 855 1031 861 861 1037 862 862 1038 859 859 1035 863 863 1039 858 858 1034 860 860 1036 864 864 1040 854 854 1030 860 860 1036 858 858 1034 864 864 1040 858 858 1034 863 863 1039 864 864 1040 854 854 1030 864 864 1040 861 861 1037 862 862 1038 861 861 1037 865 865 1041 862 862 1038 865 865 1041 866 866 1042 863 863 1039 867 867 1043 864 864 1040 867 867 1043 865 865 1041 861 861 1037 867 867 1043 861 861 1037 864 864 1040 868 868 1044 869 869 1045 870 870 1046 868 868 1044 871 871 1047 869 869 1045 868 868 1044 870 870 1046 872 872 1048 868 868 1044 873 873 1049 871 871 1047 868 868 1044 872 872 1048 874 874 1050 868 868 1044 875 875 1051 873 873 1049 868 868 1044 874 874 1050 876 876 1052 868 868 1044 876 876 1052 875 875 1051 869 869 1045 877 877 1053 870 870 1046 869 869 1045 871 871 1047 819 819 1054 869 869 1045 821 821 1055 877 877 1053 869 869 1045 819 819 1054 821 821 1055 872 872 1048 817 817 1056 874 874 1050 872 872 1048 870 870 1046 878 878 1057 872 872 1048 818 818 1058 817 817 1056 872 872 1048 878 878 1057 818 818 1058 873 873 1049 875 875 1051 879 879 1059 873 873 1049 825 825 1060 871 871 1047 873 873 1049 879 879 1059 827 827 1061 873 873 1049 827 827 1061 825 825 1060 876 876 1052 874 874 1050 823 823 1062 876 876 1052 880 880 1063 875 875 1051 876 876 1052 823 823 1062 824 824 1064 876 876 1052 824 824 1064 880 880 1063 877 877 1053 821 821 1055 833 833 1065 877 877 1053 881 881 1066 870 870 1046 877 877 1053 833 833 1065 882 882 1067 877 877 1053 882 882 1067 881 881 1066 870 870 1046 881 881 1066 878 878 1057 819 819 1054 871 871 1047 832 832 1068 832 832 1068 871 871 1047 825 825 1060 817 817 1056 831 831 1069 874 874 1050 874 874 1050 831 831 1069 823 823 1062 818 818 1058 878 878 1057 828 828 1070 879 879 1059 837 837 1071 827 827 1061 879 879 1059 875 875 1051 883 883 1072 879 879 1059 884 884 1073 837 837 1071 879 879 1059 883 883 1072 884 884 1073 875 875 1051 880 880 1063 883 883 1072 824 824 1064 834 834 1074 880 880 1063 833 833 1065 846 846 1075 882 882 1067 881 881 1066 885 885 1076 878 878 1057 881 881 1066 882 882 1067 886 886 1077 881 881 1066 886 886 1077 885 885 1076 878 878 1057 885 885 1076 828 828 1070 837 837 1071 884 884 1073 850 850 1078 883 883 1072 880 880 1063 887 887 1079 883 883 1072 888 888 1080 884 884 1073 883 883 1072 887 887 1079 888 888 1080 880 880 1063 834 834 1074 887 887 1079 846 846 1075 889 889 1081 882 882 1067 846 846 1075 890 890 1082 889 889 1081 846 846 1075 855 855 1083 890 890 1082 882 882 1067 889 889 1081 886 886 1077 885 885 1076 838 838 1084 828 828 1070 885 885 1076 886 886 1077 891 891 1085 885 885 1076 891 891 1085 838 838 1084 850 850 1078 884 884 1073 892 892 1086 850 850 1078 892 892 1086 849 849 1087 884 884 1073 888 888 1080 892 892 1086 834 834 1074 841 841 1088 887 887 1079 855 855 1083 893 893 1089 890 890 1082 855 855 1083 862 862 1090 893 893 1089 889 889 1081 894 894 1091 886 886 1077 889 889 1081 890 890 1082 895 895 1092 889 889 1081 895 895 1092 894 894 1091 886 886 1077 894 894 1091 891 891 1085 838 838 1084 891 891 1085 845 845 1093 849 849 1087 892 892 1086 896 896 1094 849 849 1087 897 897 1095 841 841 1088 849 849 1087 896 896 1094 897 897 1095 897 897 1095 888 888 1080 887 887 1079 897 897 1095 887 887 1079 841 841 1088 897 897 1095 896 896 1094 888 888 1080 888 888 1080 896 896 1094 892 892 1086 862 862 1090 898 898 1096 893 893 1089 862 862 1090 866 866 1097 898 898 1096 890 890 1082 899 899 1098 895 895 1092 890 890 1082 893 893 1089 899 899 1098 894 894 1091 900 900 1099 891 891 1085 894 894 1091 895 895 1092 900 900 1099 891 891 1085 900 900 1099 845 845 1093 898 898 1096 901 901 1100 893 893 1089 893 893 1089 901 901 1100 899 899 1098 895 895 1092 902 902 1101 900 900 1099 895 895 1092 899 899 1098 902 902 1101 900 900 1099 902 902 1101 845 845 1093 901 901 1100 903 903 1102 899 899 1098 899 899 1098 903 903 1102 902 902 1101 845 845 1093 902 902 1101 852 852 1103 902 902 1101 903 903 1102 852 852 1103 903 903 1102 859 859 1104 852 852 1103 904 904 1105 905 905 1106 906 906 1107 904 904 1105 907 907 1108 905 905 1106 904 904 1105 906 906 1107 908 908 1109 904 904 1105 909 909 1110 907 907 1108 904 904 1105 908 908 1109 910 910 1111 904 904 1105 911 911 1112 909 909 1110 904 904 1105 910 910 1111 912 912 1113 904 904 1105 912 912 1113 911 911 1112 905 905 1106 907 907 1108 913 913 1114 908 908 1109 914 914 1115 910 910 1111 909 909 1110 911 911 1112 915 915 1116 909 909 1110 916 916 1117 907 907 1108 909 909 1110 915 915 1116 917 917 1118 909 909 1110 917 917 1118 916 916 1117 912 912 1113 910 910 1111 918 918 1119 912 912 1113 919 919 1120 911 911 1112 912 912 1113 918 918 1119 920 920 1121 912 912 1113 920 920 1121 919 919 1120 913 913 1114 907 907 1108 921 921 1122 913 913 1114 921 921 1122 922 922 1123 907 907 1108 916 916 1117 921 921 1122 914 914 1115 923 923 1124 910 910 1111 914 914 1115 924 924 1125 923 923 1124 910 910 1111 923 923 1124 918 918 1119 915 915 1116 925 925 1126 917 917 1118 915 915 1116 911 911 1112 926 926 1127 915 915 1116 927 927 1128 925 925 1126 915 915 1116 926 926 1127 927 927 1128 911 911 1112 919 919 1120 926 926 1127 920 920 1121 918 918 1119 928 928 1129 920 920 1121 929 929 1130 919 919 1120 920 920 1121 928 928 1129 930 930 1131 920 920 1121 930 930 1131 929 929 1130 922 922 1123 921 921 1122 931 931 1132 922 922 1123 931 931 1132 932 932 1133 916 916 1117 917 917 1118 933 933 1134 916 916 1117 934 934 1135 921 921 1122 916 916 1117 933 933 1134 934 934 1135 921 921 1122 934 934 1135 931 931 1132 924 924 1125 935 935 1136 923 923 1124 924 924 1125 932 932 1137 935 935 1136 925 925 1126 927 927 1128 936 936 1138 925 925 1126 937 937 1139 917 917 1118 925 925 1126 936 936 1138 938 938 1140 925 925 1126 938 938 1140 937 937 1139 917 917 1118 937 937 1139 933 933 1134 926 926 1127 919 919 1120 939 939 1141 926 926 1127 940 940 1142 927 927 1128 926 926 1127 939 939 1141 940 940 1142 919 919 1120 929 929 1130 939 939 1141 918 918 1119 941 941 1143 928 928 1129 918 918 1119 923 923 1124 941 941 1143 923 923 1124 935 935 1136 941 941 1143 930 930 1131 942 942 1144 929 929 1130 930 930 1131 928 928 1129 943 943 1145 930 930 1131 944 944 1146 942 942 1144 930 930 1131 943 943 1145 944 944 1146 932 932 1133 931 931 1132 945 945 1147 934 934 1135 933 933 1134 946 946 1148 934 934 1135 947 947 1149 931 931 1132 934 934 1135 946 946 1148 947 947 1149 947 947 1149 945 945 1147 931 931 1132 932 932 1137 945 945 1150 935 935 1136 936 936 1138 948 948 1151 938 938 1140 936 936 1138 927 927 1128 949 949 1152 936 936 1138 950 950 1153 948 948 1151 936 936 1138 949 949 1152 950 950 1153 927 927 1128 940 940 1142 949 949 1152 937 937 1139 943 943 1154 933 933 1134 937 937 1139 938 938 1140 944 944 1155 937 937 1139 944 944 1155 943 943 1154 943 943 1154 946 946 1148 933 933 1134 939 939 1141 929 929 1130 951 951 1156 939 939 1141 952 952 1157 940 940 1142 939 939 1141 951 951 1156 952 952 1157 929 929 1130 942 942 1144 951 951 1156 941 941 1143 946 946 1158 928 928 1129 941 941 1143 935 935 1136 947 947 1159 941 941 1143 947 947 1159 946 946 1158 946 946 1158 943 943 1145 928 928 1129 947 947 1159 935 935 1136 945 945 1150 944 944 1146 953 953 1160 942 942 1144 948 948 1151 950 950 1153 954 954 1161 948 948 1151 953 953 1162 938 938 1140 948 948 1151 954 954 1161 955 955 1163 948 948 1151 955 955 1163 953 953 1162 953 953 1162 944 944 1155 938 938 1140 949 949 1152 940 940 1142 956 956 1164 949 949 1152 957 957 1165 950 950 1153 949 949 1152 956 956 1164 957 957 1165 940 940 1142 952 952 1157 956 956 1164 951 951 1156 942 942 1144 958 958 1166 951 951 1156 959 959 1167 952 952 1157 951 951 1156 958 958 1166 959 959 1167 942 942 1144 953 953 1160 958 958 1166 954 954 1161 960 960 1168 955 955 1163 954 954 1161 950 950 1153 961 961 1169 954 954 1161 962 962 1170 960 960 1168 954 954 1161 961 961 1169 962 962 1170 950 950 1153 957 957 1165 961 961 1169 956 956 1164 952 952 1157 963 963 1171 956 956 1164 964 964 1172 957 957 1165 956 956 1164 963 963 1171 964 964 1172 952 952 1157 959 959 1167 963 963 1171 953 953 1160 955 955 1173 958 958 1166 962 962 1170 961 961 1169 965 965 1174 957 957 1165 964 964 1172 966 966 1175 957 957 1165 966 966 1175 961 961 1169 961 961 1169 966 966 1175 965 965 1174 959 959 1167 967 967 1176 963 963 1171 959 959 1167 958 958 1166 968 968 1177 959 959 1167 968 968 1177 967 967 1176 958 958 1166 955 955 1173 968 968 1177 964 964 1172 969 969 1178 966 966 1175 964 964 1172 963 963 1171 970 970 1179 964 964 1172 970 970 1179 969 969 1178 963 963 1171 967 967 1176 970 970 1179 965 965 1174 966 966 1175 971 971 1180 966 966 1175 969 969 1178 971 971 1180 955 955 1173 960 960 1181 968 968 1177 967 967 1176 972 972 1182 970 970 1179 967 967 1176 968 968 1177 973 973 1183 967 967 1176 973 973 1183 972 972 1182 973 973 1183 968 968 1177 960 960 1181 969 969 1178 974 974 1184 971 971 1180 969 969 1178 970 970 1179 975 975 1185 969 969 1178 975 975 1185 974 974 1184 975 975 1185 970 970 1179 972 972 1182 976 976 1186 962 962 1187 965 965 1188 976 976 1186 960 960 1189 962 962 1187 976 976 1186 965 965 1188 971 971 1190 976 976 1186 973 973 1191 960 960 1189 976 976 1186 971 971 1190 974 974 1192 976 976 1186 972 972 1193 973 973 1191 976 976 1186 974 974 1192 975 975 1194 976 976 1186 975 975 1194 972 972 1193 977 977 1195 978 978 1196 979 979 1197 977 977 1195 980 980 1198 978 978 1196 977 977 1195 979 979 1197 981 981 1199 977 977 1195 982 982 1200 980 980 1198 977 977 1195 981 981 1199 983 983 1201 977 977 1195 984 984 1202 982 982 1200 977 977 1195 983 983 1201 985 985 1203 977 977 1195 985 985 1203 984 984 1202 978 978 1196 986 986 1204 979 979 1197 978 978 1196 980 980 1198 987 987 1205 978 978 1196 988 988 1206 986 986 1204 978 978 1196 987 987 1205 988 988 1206 981 981 1199 989 989 1207 983 983 1201 981 981 1199 979 979 1197 990 990 1208 981 981 1199 991 991 1209 989 989 1207 981 981 1199 990 990 1208 991 991 1209 982 982 1200 984 984 1202 992 992 1210 982 982 1200 993 993 1211 980 980 1198 982 982 1200 992 992 1210 994 994 1212 982 982 1200 994 994 1212 993 993 1211 985 985 1203 983 983 1201 995 995 1213 985 985 1203 996 996 1214 984 984 1202 985 985 1203 995 995 1213 997 997 1215 985 985 1203 997 997 1215 996 996 1214 986 986 1204 998 998 1216 979 979 1197 979 979 1197 998 998 1216 990 990 1208 987 987 1205 999 999 1217 988 988 1206 987 987 1205 980 980 1198 1000 1000 1218 987 987 1205 1001 1001 1219 999 999 1217 987 987 1205 1000 1000 1218 1001 1001 1219 980 980 1198 993 993 1211 1000 1000 1218 989 989 1207 991 991 1209 1002 1002 1220 989 989 1207 1003 1003 1221 983 983 1201 989 989 1207 1002 1002 1220 1004 1004 1222 989 989 1207 1004 1004 1222 1003 1003 1221 983 983 1201 1003 1003 1221 995 995 1213 992 992 1210 984 984 1202 1005 1005 1223 1005 1005 1223 984 984 1202 996 996 1214 994 994 1212 1006 1006 1224 993 993 1211 997 997 1215 995 995 1213 1007 1007 1225 999 999 1217 1001 1001 1219 1008 1008 1226 1000 1000 1218 993 993 1211 1009 1009 1227 1000 1000 1218 1010 1010 1228 1001 1001 1219 1000 1000 1218 1009 1009 1227 1010 1010 1228 993 993 1211 1006 1006 1224 1009 1009 1227 1002 1002 1220 1011 1011 1229 1004 1004 1222 1003 1003 1221 1012 1012 1230 995 995 1213 1003 1003 1221 1004 1004 1222 1013 1013 1231 1003 1003 1221 1013 1013 1231 1012 1012 1230 995 995 1213 1012 1012 1230 1007 1007 1225 1008 1008 1226 1001 1001 1219 1014 1014 1232 1008 1008 1226 1014 1014 1232 1015 1015 1233 1001 1001 1219 1010 1010 1228 1014 1014 1232 1006 1006 1224 1016 1016 1234 1009 1009 1227 1011 1011 1229 1017 1017 1235 1004 1004 1222 1011 1011 1229 1018 1018 1236 1017 1017 1235 1004 1004 1222 1017 1017 1235 1013 1013 1231 1012 1012 1230 1019 1019 1237 1007 1007 1225 1012 1012 1230 1013 1013 1231 1020 1020 1238 1012 1012 1230 1020 1020 1238 1019 1019 1237 1019 1019 1237 1020 1020 1238 1018 1018 1236 1015 1015 1233 1014 1014 1232 1021 1021 1239 1015 1015 1233 1021 1021 1239 1022 1022 1240 1010 1010 1228 1009 1009 1227 1023 1023 1241 1010 1010 1228 1024 1024 1242 1014 1014 1232 1010 1010 1228 1023 1023 1241 1024 1024 1242 1014 1014 1232 1024 1024 1242 1021 1021 1239 1009 1009 1227 1016 1016 1234 1023 1023 1241 1017 1017 1235 1025 1025 1243 1013 1013 1231 1017 1017 1235 1018 1018 1236 1025 1025 1243 1025 1025 1243 1020 1020 1238 1013 1013 1231 1025 1025 1243 1018 1018 1236 1020 1020 1238 1022 1022 1240 1021 1021 1239 1026 1026 1244 1022 1022 1240 1026 1026 1244 1027 1027 1245 1024 1024 1242 1023 1023 1241 1028 1028 1246 1024 1024 1242 1028 1028 1246 1021 1021 1239 1021 1021 1239 1028 1028 1246 1026 1026 1244 1016 1016 1234 1029 1029 1247 1023 1023 1241 1016 1016 1234 1030 1030 1248 1029 1029 1247 1023 1023 1241 1029 1029 1247 1028 1028 1246 1027 1027 1245 1026 1026 1244 1031 1031 1249 1030 1030 1248 1032 1032 1250 1029 1029 1247 1030 1030 1248 1033 1033 1251 1032 1032 1250 1028 1028 1246 1034 1034 1252 1026 1026 1244 1028 1028 1246 1029 1029 1247 1034 1034 1252 1029 1029 1247 1032 1032 1250 1034 1034 1252 1026 1026 1244 1034 1034 1252 1031 1031 1249 1033 1033 1251 1035 1035 1253 1032 1032 1250 1033 1033 1251 1036 1036 1254 1035 1035 1253 1034 1034 1252 1037 1037 1255 1031 1031 1249 1034 1034 1252 1032 1032 1250 1037 1037 1255 1037 1037 1255 1032 1032 1250 1035 1035 1253 1038 1038 1256 1039 1039 1257 1040 1040 1258 1038 1038 1256 1041 1041 1259 1039 1039 1257 1038 1038 1256 1040 1040 1258 1042 1042 1260 1038 1038 1256 1043 1043 1261 1041 1041 1259 1038 1038 1256 1042 1042 1260 1044 1044 1262 1038 1038 1256 1045 1045 1263 1043 1043 1261 1038 1038 1256 1044 1044 1262 1046 1046 1264 1038 1038 1256 1046 1046 1264 1045 1045 1263 1039 1039 1257 992 992 1265 1040 1040 1258 1039 1039 1257 1041 1041 1259 1047 1047 1266 1039 1039 1257 994 994 1267 992 992 1265 1039 1039 1257 1047 1047 1266 994 994 1267 1042 1042 1260 1048 1048 1268 1044 1044 1262 1042 1042 1260 1040 1040 1258 996 996 1269 1042 1042 1260 997 997 1270 1048 1048 1268 1042 1042 1260 996 996 1269 997 997 1270 1043 1043 1261 1045 1045 1263 986 986 1271 1043 1043 1261 1049 1049 1272 1041 1041 1259 1043 1043 1261 986 986 1271 988 988 1273 1043 1043 1261 988 988 1273 1049 1049 1272 1046 1046 1264 1044 1044 1262 1050 1050 1274 1046 1046 1264 990 990 1275 1045 1045 1263 1046 1046 1264 1050 1050 1274 991 991 1276 1046 1046 1264 991 991 1276 990 990 1275 992 992 1265 1005 1005 1277 1040 1040 1258 1040 1040 1258 1005 1005 1277 996 996 1269 1047 1047 1266 1006 1006 1278 994 994 1267 1047 1047 1266 1041 1041 1259 1051 1051 1279 1047 1047 1266 1052 1052 1280 1006 1006 1278 1047 1047 1266 1051 1051 1279 1052 1052 1280 1041 1041 1259 1049 1049 1272 1051 1051 1279 1048 1048 1268 997 997 1270 1007 1007 1281 1048 1048 1268 1053 1053 1282 1044 1044 1262 1048 1048 1268 1007 1007 1281 1054 1054 1283 1048 1048 1268 1054 1054 1283 1053 1053 1282 1044 1044 1262 1053 1053 1282 1050 1050 1274 986 986 1271 1045 1045 1263 998 998 1284 998 998 1284 1045 1045 1263 990 990 1275 988 988 1273 999 999 1285 1049 1049 1272 991 991 1276 1050 1050 1274 1002 1002 1286 1006 1006 1278 1052 1052 1280 1016 1016 1287 1051 1051 1279 1049 1049 1272 1055 1055 1288 1051 1051 1279 1056 1056 1289 1052 1052 1280 1051 1051 1279 1055 1055 1288 1056 1056 1289 1049 1049 1272 999 999 1285 1055 1055 1288 1007 1007 1281 1019 1019 1290 1054 1054 1283 1053 1053 1282 1057 1057 1291 1050 1050 1274 1053 1053 1282 1054 1054 1283 1058 1058 1292 1053 1053 1282 1058 1058 1292 1057 1057 1291 1050 1050 1274 1057 1057 1291 1002 1002 1286 1016 1016 1287 1052 1052 1280 1059 1059 1293 1016 1016 1287 1059 1059 1293 1060 1060 1294 1016 1016 1287 1060 1060 1294 1030 1030 1295 1052 1052 1280 1056 1056 1289 1059 1059 1293 999 999 1285 1008 1008 1296 1055 1055 1288 1019 1019 1290 1061 1061 1297 1054 1054 1283 1019 1019 1290 1018 1018 1298 1061 1061 1297 1054 1054 1283 1061 1061 1297 1058 1058 1292 1057 1057 1291 1011 1011 1299 1002 1002 1286 1057 1057 1291 1058 1058 1292 1062 1062 1300 1057 1057 1291 1062 1062 1300 1011 1011 1299 1011 1011 1299 1062 1062 1300 1018 1018 1298 1060 1060 1294 1063 1063 1301 1030 1030 1295 1060 1060 1294 1059 1059 1293 1064 1064 1302 1060 1060 1294 1065 1065 1303 1063 1063 1301 1060 1060 1294 1064 1064 1302 1065 1065 1303 1056 1056 1289 1055 1055 1288 1066 1066 1304 1056 1056 1289 1067 1067 1305 1059 1059 1293 1056 1056 1289 1066 1066 1304 1067 1067 1305 1059 1059 1293 1067 1067 1305 1064 1064 1302 1055 1055 1288 1008 1008 1296 1066 1066 1304 1061 1061 1297 1068 1068 1306 1058 1058 1292 1061 1061 1297 1018 1018 1298 1068 1068 1306 1068 1068 1306 1062 1062 1300 1058 1058 1292 1068 1068 1306 1018 1018 1298 1062 1062 1300 1030 1030 1295 1063 1063 1301 1033 1033 1307 1065 1065 1303 1064 1064 1302 1069 1069 1308 1065 1065 1303 1070 1070 1309 1063 1063 1301 1065 1065 1303 1069 1069 1308 1071 1071 1310 1065 1065 1303 1071 1071 1310 1070 1070 1309 1067 1067 1305 1066 1066 1304 1072 1072 1311 1067 1067 1305 1072 1072 1311 1064 1064 1302 1064 1064 1302 1072 1072 1311 1069 1069 1308 1008 1008 1296 1015 1015 1312 1066 1066 1304 1072 1072 1311 1015 1015 1312 1069 1069 1308 1072 1072 1311 1066 1066 1304 1015 1015 1312 1033 1033 1307 1063 1063 1301 1073 1073 1313 1033 1033 1307 1073 1073 1313 1036 1036 1314 1073 1073 1313 1063 1063 1301 1070 1070 1309 1071 1071 1310 1069 1069 1308 1022 1022 1315 1071 1071 1310 1022 1022 1315 1027 1027 1316 1022 1022 1315 1069 1069 1308 1015 1015 1312 1074 1074 1317 1075 1075 1318 1076 1076 1319 1074 1074 1317 1077 1077 1320 1075 1075 1318 1074 1074 1317 1076 1076 1319 1078 1078 1321 1074 1074 1317 1079 1079 1322 1077 1077 1320 1074 1074 1317 1078 1078 1321 1080 1080 1323 1074 1074 1317 1081 1081 1324 1079 1079 1322 1074 1074 1317 1080 1080 1323 1082 1082 1325 1074 1074 1317 1082 1082 1325 1081 1081 1324 1075 1075 1318 1083 1083 1326 1076 1076 1319 1078 1078 1321 1084 1084 1327 1080 1080 1323 1078 1078 1321 1076 1076 1319 1085 1085 1328 1078 1078 1321 1086 1086 1329 1084 1084 1327 1078 1078 1321 1085 1085 1328 1086 1086 1329 1079 1079 1322 1081 1081 1324 1087 1087 1330 1082 1082 1325 1080 1080 1323 1088 1088 1331 1082 1082 1325 1089 1089 1332 1081 1081 1324 1082 1082 1325 1088 1088 1331 1090 1090 1333 1082 1082 1325 1090 1090 1333 1089 1089 1332 1083 1083 1326 1091 1091 1334 1076 1076 1319 1083 1083 1326 1092 1092 1335 1091 1091 1334 1076 1076 1319 1091 1091 1334 1085 1085 1328 1084 1084 1327 1086 1086 1329 1093 1093 1336 1084 1084 1327 1094 1094 1337 1080 1080 1323 1084 1084 1327 1093 1093 1336 1095 1095 1338 1084 1084 1327 1095 1095 1338 1094 1094 1337 1080 1080 1323 1094 1094 1337 1088 1088 1331 1087 1087 1330 1081 1081 1324 1096 1096 1339 1087 1087 1330 1096 1096 1339 1097 1097 1340 1081 1081 1324 1089 1089 1332 1096 1096 1339 1090 1090 1333 1088 1088 1331 1098 1098 1341 1090 1090 1333 1099 1099 1342 1089 1089 1332 1090 1090 1333 1098 1098 1341 1100 1100 1343 1090 1090 1333 1100 1100 1343 1099 1099 1342 1092 1092 1335 1101 1101 1344 1091 1091 1334 1092 1092 1335 1102 1102 1345 1101 1101 1344 1085 1085 1328 1103 1103 1346 1086 1086 1329 1085 1085 1328 1091 1091 1334 1104 1104 1347 1085 1085 1328 1104 1104 1347 1103 1103 1346 1091 1091 1334 1101 1101 1344 1104 1104 1347 1093 1093 1336 1105 1105 1348 1095 1095 1338 1093 1093 1336 1086 1086 1329 1106 1106 1349 1093 1093 1336 1107 1107 1350 1105 1105 1348 1093 1093 1336 1106 1106 1349 1107 1107 1350 1086 1086 1329 1103 1103 1346 1106 1106 1349 1094 1094 1337 1108 1108 1351 1088 1088 1331 1094 1094 1337 1095 1095 1338 1109 1109 1352 1094 1094 1337 1109 1109 1352 1108 1108 1351 1088 1088 1331 1108 1108 1351 1098 1098 1341 1097 1097 1340 1096 1096 1339 1110 1110 1353 1097 1097 1340 1110 1110 1353 1102 1102 1354 1089 1089 1332 1099 1099 1342 1111 1111 1355 1089 1089 1332 1111 1111 1355 1096 1096 1339 1096 1096 1339 1111 1111 1355 1110 1110 1353 1100 1100 1343 1098 1098 1341 1112 1112 1356 1100 1100 1343 1113 1113 1357 1099 1099 1342 1100 1100 1343 1112 1112 1356 1114 1114 1358 1100 1100 1343 1114 1114 1358 1113 1113 1357 1102 1102 1345 1115 1115 1359 1101 1101 1344 1104 1104 1347 1116 1116 1360 1103 1103 1346 1104 1104 1347 1101 1101 1344 1117 1117 1361 1104 1104 1347 1117 1117 1361 1116 1116 1360 1117 1117 1361 1101 1101 1344 1115 1115 1359 1105 1105 1348 1107 1107 1350 1118 1118 1362 1105 1105 1348 1119 1119 1363 1095 1095 1338 1105 1105 1348 1118 1118 1362 1120 1120 1364 1105 1105 1348 1120 1120 1364 1119 1119 1363 1095 1095 1338 1119 1119 1363 1109 1109 1352 1106 1106 1349 1103 1103 1346 1113 1113 1365 1106 1106 1349 1114 1114 1366 1107 1107 1350 1106 1106 1349 1113 1113 1365 1114 1114 1366 1113 1113 1365 1103 1103 1346 1116 1116 1360 1108 1108 1351 1121 1121 1367 1098 1098 1341 1108 1108 1351 1109 1109 1352 1122 1122 1368 1108 1108 1351 1122 1122 1368 1121 1121 1367 1098 1098 1341 1121 1121 1367 1112 1112 1356 1102 1102 1354 1110 1110 1353 1115 1115 1369 1111 1111 1355 1099 1099 1342 1116 1116 1370 1111 1111 1355 1117 1117 1371 1110 1110 1353 1111 1111 1355 1116 1116 1370 1117 1117 1371 1117 1117 1371 1115 1115 1369 1110 1110 1353 1116 1116 1370 1099 1099 1342 1113 1113 1357 1114 1114 1358 1112 1112 1356 1123 1123 1372 1118 1118 1362 1124 1124 1373 1120 1120 1364 1118 1118 1362 1107 1107 1350 1123 1123 1374 1118 1118 1362 1125 1125 1375 1124 1124 1373 1118 1118 1362 1123 1123 1374 1125 1125 1375 1123 1123 1374 1107 1107 1350 1114 1114 1366 1119 1119 1363 1126 1126 1376 1109 1109 1352 1119 1119 1363 1120 1120 1364 1127 1127 1377 1119 1119 1363 1127 1127 1377 1126 1126 1376 1109 1109 1352 1126 1126 1376 1122 1122 1368 1121 1121 1367 1128 1128 1378 1112 1112 1356 1121 1121 1367 1122 1122 1368 1129 1129 1379 1121 1121 1367 1129 1129 1379 1128 1128 1378 1112 1112 1356 1128 1128 1378 1123 1123 1372 1124 1124 1373 1125 1125 1375 1130 1130 1380 1124 1124 1373 1131 1131 1381 1120 1120 1364 1124 1124 1373 1130 1130 1380 1132 1132 1382 1124 1124 1373 1132 1132 1382 1131 1131 1381 1120 1120 1364 1131 1131 1381 1127 1127 1377 1126 1126 1376 1133 1133 1383 1122 1122 1368 1126 1126 1376 1127 1127 1377 1134 1134 1384 1126 1126 1376 1134 1134 1384 1133 1133 1383 1122 1122 1368 1133 1133 1383 1129 1129 1379 1128 1128 1378 1125 1125 1385 1123 1123 1372 1128 1128 1378 1129 1129 1379 1135 1135 1386 1128 1128 1378 1135 1135 1386 1125 1125 1385 1132 1132 1382 1136 1136 1387 1131 1131 1381 1127 1127 1377 1137 1137 1388 1134 1134 1384 1127 1127 1377 1131 1131 1381 1137 1137 1388 1131 1131 1381 1136 1136 1387 1137 1137 1388 1133 1133 1383 1138 1138 1389 1129 1129 1379 1133 1133 1383 1134 1134 1384 1139 1139 1390 1133 1133 1383 1139 1139 1390 1138 1138 1389 1129 1129 1379 1138 1138 1389 1135 1135 1386 1125 1125 1385 1135 1135 1386 1130 1130 1391 1136 1136 1387 1140 1140 1392 1137 1137 1388 1134 1134 1384 1141 1141 1393 1139 1139 1390 1134 1134 1384 1137 1137 1388 1141 1141 1393 1137 1137 1388 1140 1140 1392 1141 1141 1393 1138 1138 1389 1142 1142 1394 1135 1135 1386 1138 1138 1389 1139 1139 1390 1143 1143 1395 1138 1138 1389 1143 1143 1395 1142 1142 1394 1142 1142 1394 1130 1130 1391 1135 1135 1386 1140 1140 1392 1144 1144 1396 1141 1141 1393 1139 1139 1390 1145 1145 1397 1143 1143 1395 1139 1139 1390 1141 1141 1393 1145 1145 1397 1145 1145 1397 1141 1141 1393 1144 1144 1396 1146 1146 1398 1136 1136 1399 1132 1132 1400 1146 1146 1398 1140 1140 1401 1136 1136 1399 1146 1146 1398 1132 1132 1400 1130 1130 1402 1146 1146 1398 1144 1144 1403 1140 1140 1401 1146 1146 1398 1130 1130 1402 1142 1142 1404 1146 1146 1398 1145 1145 1405 1144 1144 1403 1146 1146 1398 1142 1142 1404 1143 1143 1406 1146 1146 1398 1143 1143 1406 1145 1145 1405 1147 1147 1407 1148 1148 1408 1149 1149 1409 1147 1147 1407 1150 1150 1410 1148 1148 1408 1147 1147 1407 1149 1149 1409 1151 1151 1411 1147 1147 1407 1152 1152 1412 1150 1150 1410 1147 1147 1407 1151 1151 1411 1153 1153 1413 1147 1147 1407 1154 1154 1414 1152 1152 1412 1147 1147 1407 1153 1153 1413 1155 1155 1415 1147 1147 1407 1155 1155 1415 1154 1154 1414 1156 1156 1416 1157 1157 1417 1158 1158 1418 1156 1156 1416 1159 1159 1419 1157 1157 1417 1156 1156 1416 1158 1158 1418 1160 1160 1420 1156 1156 1416 1161 1161 1421 1159 1159 1419 1156 1156 1416 1160 1160 1420 1162 1162 1422 1156 1156 1416 1163 1163 1423 1161 1161 1421 1156 1156 1416 1162 1162 1422 1164 1164 1424 1156 1156 1416 1164 1164 1424 1163 1163 1423 1157 1157 1417 1165 1165 1425 1158 1158 1418 1157 1157 1417 1159 1159 1419 1166 1166 1426 1157 1157 1417 1166 1166 1426 1165 1165 1425 1160 1160 1420 1167 1167 1427 1162 1162 1422 1160 1160 1420 1158 1158 1418 1168 1168 1428 1160 1160 1420 1169 1169 1429 1167 1167 1427 1160 1160 1420 1168 1168 1428 1169 1169 1429 1164 1164 1424 1170 1170 1430 1163 1163 1423 1164 1164 1424 1162 1162 1422 1171 1171 1431 1164 1164 1424 1171 1171 1431 1170 1170 1430 1166 1166 1426 1172 1172 1432 1165 1165 1425 1158 1158 1418 1173 1173 1433 1168 1168 1428 1158 1158 1418 1165 1165 1425 1174 1174 1434 1158 1158 1418 1174 1174 1434 1173 1173 1433 1167 1167 1427 1169 1169 1429 1175 1175 1435 1167 1167 1427 1176 1176 1436 1162 1162 1422 1167 1167 1427 1175 1175 1435 1177 1177 1437 1167 1167 1427 1177 1177 1437 1176 1176 1436 1162 1162 1422 1176 1176 1436 1171 1171 1431 1163 1163 1423 1170 1170 1430 1178 1178 1438 1172 1172 1432 1179 1179 1439 1165 1165 1425 1172 1172 1432 1180 1180 1440 1179 1179 1439 1165 1165 1425 1179 1179 1439 1174 1174 1434 1168 1168 1428 1173 1173 1433 1181 1181 1441 1168 1168 1428 1182 1182 1442 1169 1169 1429 1168 1168 1428 1181 1181 1441 1182 1182 1442 1175 1175 1435 1169 1169 1429 1183 1183 1443 1183 1183 1443 1169 1169 1429 1182 1182 1442 1177 1177 1437 1184 1184 1444 1176 1176 1436 1171 1171 1431 1185 1185 1445 1170 1170 1430 1171 1171 1431 1176 1176 1436 1186 1186 1446 1171 1171 1431 1186 1186 1446 1185 1185 1445 1176 1176 1436 1184 1184 1444 1186 1186 1446 1178 1178 1438 1170 1170 1430 1187 1187 1447 1178 1178 1438 1187 1187 1447 1188 1188 1448 1170 1170 1430 1185 1185 1445 1187 1187 1447 1180 1180 1440 1189 1189 1449 1179 1179 1439 1180 1180 1440 1190 1190 1450 1189 1189 1449 1174 1174 1434 1191 1191 1451 1173 1173 1433 1174 1174 1434 1179 1179 1439 1191 1191 1451 1179 1179 1439 1189 1189 1449 1191 1191 1451 1181 1181 1441 1173 1173 1433 1192 1192 1452 1181 1181 1441 1192 1192 1452 1193 1193 1453 1173 1173 1433 1191 1191 1451 1192 1192 1452 1184 1184 1444 1194 1194 1454 1186 1186 1446 1188 1188 1448 1187 1187 1447 1195 1195 1455 1188 1188 1448 1195 1195 1455 1196 1196 1456 1185 1185 1445 1186 1186 1446 1197 1197 1457 1185 1185 1445 1198 1198 1458 1187 1187 1447 1185 1185 1445 1197 1197 1457 1198 1198 1458 1187 1187 1447 1198 1198 1458 1195 1195 1455 1186 1186 1446 1194 1194 1454 1197 1197 1457 1190 1190 1450 1199 1199 1459 1189 1189 1449 1190 1190 1450 1200 1200 1460 1199 1199 1459 1193 1193 1453 1192 1192 1452 1201 1201 1461 1193 1193 1453 1201 1201 1461 1202 1202 1462 1191 1191 1451 1189 1189 1449 1203 1203 1463 1191 1191 1451 1203 1203 1463 1192 1192 1452 1192 1192 1452 1203 1203 1463 1201 1201 1461 1189 1189 1449 1199 1199 1459 1203 1203 1463 1196 1196 1456 1195 1195 1455 1204 1204 1464 1196 1196 1456 1204 1204 1464 1205 1205 1465 1198 1198 1458 1197 1197 1457 1206 1206 1466 1198 1198 1458 1207 1207 1467 1195 1195 1455 1198 1198 1458 1206 1206 1466 1207 1207 1467 1195 1195 1455 1207 1207 1467 1204 1204 1464 1197 1197 1457 1194 1194 1454 1206 1206 1466 1200 1200 1460 1208 1208 1468 1199 1199 1459 1200 1200 1460 1209 1209 1469 1208 1208 1468 1200 1200 1460 1210 1210 1470 1209 1209 1469 1209 1209 1469 1210 1210 1470 1202 1202 1462 1209 1209 1469 1201 1201 1461 1208 1208 1468 1209 1209 1469 1202 1202 1462 1201 1201 1461 1208 1208 1468 1203 1203 1463 1199 1199 1459 1208 1208 1468 1201 1201 1461 1203 1203 1463 1205 1205 1465 1204 1204 1464 1211 1211 1471 1207 1207 1467 1206 1206 1466 1211 1211 1471 1207 1207 1467 1211 1211 1471 1204 1204 1464 1194 1194 1454 1212 1212 1472 1206 1206 1466 1206 1206 1466 1212 1212 1472 1211 1211 1471 1213 1213 1473 1214 1214 1474 1215 1215 1475 1213 1213 1473 1216 1216 1476 1214 1214 1474 1213 1213 1473 1215 1215 1475 1159 1159 1477 1213 1213 1473 1217 1217 1478 1216 1216 1476 1213 1213 1473 1159 1159 1477 1161 1161 1479 1213 1213 1473 1218 1218 1480 1217 1217 1478 1213 1213 1473 1161 1161 1479 1163 1163 1481 1213 1213 1473 1163 1163 1481 1218 1218 1480 1214 1214 1474 1219 1219 1482 1215 1215 1475 1214 1214 1474 1216 1216 1476 1220 1220 1483 1214 1214 1474 1221 1221 1484 1219 1219 1482 1214 1214 1474 1220 1220 1483 1222 1222 1485 1214 1214 1474 1222 1222 1485 1221 1221 1484 1159 1159 1477 1215 1215 1475 1166 1166 1486 1215 1215 1475 1219 1219 1482 1166 1166 1486 1217 1217 1478 1218 1218 1480 1223 1223 1487 1217 1217 1478 1224 1224 1488 1216 1216 1476 1217 1217 1478 1223 1223 1487 1225 1225 1489 1217 1217 1478 1225 1225 1489 1224 1224 1488 1163 1163 1481 1226 1226 1490 1218 1218 1480 1163 1163 1481 1178 1178 1491 1226 1226 1490 1218 1218 1480 1226 1226 1490 1223 1223 1487 1220 1220 1483 1181 1181 1492 1222 1222 1485 1220 1220 1483 1216 1216 1476 1227 1227 1493 1220 1220 1483 1182 1182 1494 1181 1181 1492 1220 1220 1483 1227 1227 1493 1182 1182 1494 1216 1216 1476 1224 1224 1488 1227 1227 1493 1221 1221 1484 1228 1228 1495 1219 1219 1482 1221 1221 1484 1222 1222 1485 1229 1229 1496 1221 1221 1484 1229 1229 1496 1228 1228 1495 1166 1166 1486 1219 1219 1482 1172 1172 1497 1219 1219 1482 1228 1228 1495 1172 1172 1497 1225 1225 1489 1223 1223 1487 1230 1230 1498 1225 1225 1489 1177 1177 1499 1224 1224 1488 1225 1225 1489 1230 1230 1498 1184 1184 1500 1225 1225 1489 1184 1184 1500 1177 1177 1499 1178 1178 1491 1231 1231 1501 1226 1226 1490 1178 1178 1491 1188 1188 1502 1231 1231 1501 1181 1181 1492 1232 1232 1503 1222 1222 1485 1181 1181 1492 1193 1193 1504 1232 1232 1503 1222 1222 1485 1232 1232 1503 1229 1229 1496 1182 1182 1494 1227 1227 1493 1183 1183 1505 1228 1228 1495 1180 1180 1506 1172 1172 1497 1228 1228 1495 1229 1229 1496 1233 1233 1507 1228 1228 1495 1233 1233 1507 1180 1180 1506 1223 1223 1487 1234 1234 1508 1230 1230 1498 1223 1223 1487 1226 1226 1490 1234 1234 1508 1226 1226 1490 1231 1231 1501 1234 1234 1508 1224 1224 1488 1177 1177 1499 1175 1175 1509 1224 1224 1488 1175 1175 1509 1227 1227 1493 1227 1227 1493 1175 1175 1509 1183 1183 1505 1184 1184 1500 1230 1230 1498 1194 1194 1510 1188 1188 1502 1235 1235 1511 1231 1231 1501 1188 1188 1502 1196 1196 1512 1235 1235 1511 1193 1193 1504 1236 1236 1513 1232 1232 1503 1193 1193 1504 1202 1202 1514 1236 1236 1513 1229 1229 1496 1237 1237 1515 1233 1233 1507 1229 1229 1496 1232 1232 1503 1237 1237 1515 1232 1232 1503 1236 1236 1513 1237 1237 1515 1180 1180 1506 1233 1233 1507 1190 1190 1516 1234 1234 1508 1238 1238 1517 1230 1230 1498 1234 1234 1508 1231 1231 1501 1239 1239 1518 1234 1234 1508 1239 1239 1518 1238 1238 1517 1231 1231 1501 1235 1235 1511 1239 1239 1518 1230 1230 1498 1238 1238 1517 1194 1194 1510 1196 1196 1512 1240 1240 1519 1235 1235 1511 1196 1196 1512 1205 1205 1520 1240 1240 1519 1202 1202 1514 1241 1241 1521 1236 1236 1513 1202 1202 1514 1210 1210 1522 1241 1241 1521 1237 1237 1515 1242 1242 1523 1233 1233 1507 1237 1237 1515 1236 1236 1513 1243 1243 1524 1237 1237 1515 1243 1243 1524 1242 1242 1523 1236 1236 1513 1241 1241 1521 1243 1243 1524 1233 1233 1507 1242 1242 1523 1190 1190 1516 1239 1239 1518 1244 1244 1525 1238 1238 1517 1239 1239 1518 1235 1235 1511 1245 1245 1526 1239 1239 1518 1245 1245 1526 1244 1244 1525 1235 1235 1511 1240 1240 1519 1245 1245 1526 1238 1238 1517 1244 1244 1525 1194 1194 1510 1205 1205 1520 1211 1211 1527 1240 1240 1519 1245 1245 1526 1211 1211 1527 1244 1244 1525 1245 1245 1526 1240 1240 1519 1211 1211 1527 1210 1210 1522 1200 1200 1528 1241 1241 1521 1200 1200 1528 1243 1243 1524 1241 1241 1521 1200 1200 1528 1242 1242 1523 1243 1243 1524 1200 1200 1528 1190 1190 1516 1242 1242 1523 1194 1194 1510 1244 1244 1525 1212 1212 1529 1212 1212 1529 1244 1244 1525 1211 1211 1527 1246 1246 1530 1247 1247 1531 1248 1248 1532 1246 1246 1530 1249 1249 1533 1247 1247 1531 1246 1246 1530 1248 1248 1532 1250 1250 1534 1246 1246 1530 1251 1251 1535 1249 1249 1533 1246 1246 1530 1250 1250 1534 1252 1252 1536 1246 1246 1530 1253 1253 1537 1251 1251 1535 1246 1246 1530 1252 1252 1536 1254 1254 1538 1246 1246 1530 1254 1254 1538 1253 1253 1537 1255 1255 1539 1256 1256 1540 1257 1257 1541 1255 1255 1539 1258 1258 1542 1256 1256 1540 1255 1255 1539 1257 1257 1541 1259 1259 1543 1255 1255 1539 1260 1260 1544 1258 1258 1542 1255 1255 1539 1259 1259 1543 1261 1261 1545 1255 1255 1539 1262 1262 1546 1260 1260 1544 1255 1255 1539 1261 1261 1545 1263 1263 1547 1255 1255 1539 1263 1263 1547 1262 1262 1546 1256 1256 1540 1264 1264 1548 1257 1257 1541 1256 1256 1540 1258 1258 1542 1265 1265 1549 1256 1256 1540 1266 1266 1550 1264 1264 1548 1256 1256 1540 1265 1265 1549 1267 1267 1551 1256 1256 1540 1267 1267 1551 1266 1266 1550 1259 1259 1543 1257 1257 1541 1268 1268 1552 1257 1257 1541 1264 1264 1548 1268 1268 1552 1260 1260 1544 1262 1262 1546 1269 1269 1553 1260 1260 1544 1270 1270 1554 1258 1258 1542 1260 1260 1544 1269 1269 1553 1271 1271 1555 1260 1260 1544 1271 1271 1555 1270 1270 1554 1263 1263 1547 1272 1272 1556 1262 1262 1546 1263 1263 1547 1273 1273 1557 1272 1272 1556 1262 1262 1546 1272 1272 1556 1269 1269 1553 1265 1265 1549 1274 1274 1558 1267 1267 1551 1265 1265 1549 1258 1258 1542 1275 1275 1559 1265 1265 1549 1276 1276 1560 1274 1274 1558 1265 1265 1549 1275 1275 1559 1276 1276 1560 1258 1258 1542 1270 1270 1554 1275 1275 1559 1266 1266 1550 1277 1277 1561 1264 1264 1548 1266 1266 1550 1267 1267 1551 1278 1278 1562 1266 1266 1550 1278 1278 1562 1277 1277 1561 1268 1268 1552 1264 1264 1548 1279 1279 1563 1264 1264 1548 1277 1277 1561 1279 1279 1563 1271 1271 1555 1269 1269 1553 1280 1280 1564 1271 1271 1555 1281 1281 1565 1270 1270 1554 1271 1271 1555 1280 1280 1564 1282 1282 1566 1271 1271 1555 1282 1282 1566 1281 1281 1565 1273 1273 1557 1283 1283 1567 1272 1272 1556 1273 1273 1557 1284 1284 1568 1283 1283 1567 1274 1274 1558 1285 1285 1569 1267 1267 1551 1274 1274 1558 1286 1286 1570 1285 1285 1569 1267 1267 1551 1285 1285 1569 1278 1278 1562 1276 1276 1560 1275 1275 1559 1287 1287 1571 1277 1277 1561 1288 1288 1572 1279 1279 1563 1277 1277 1561 1278 1278 1562 1289 1289 1573 1277 1277 1561 1289 1289 1573 1288 1288 1572 1269 1269 1553 1290 1290 1574 1280 1280 1564 1269 1269 1553 1272 1272 1556 1290 1290 1574 1272 1272 1556 1283 1283 1567 1290 1290 1574 1270 1270 1554 1281 1281 1565 1291 1291 1575 1270 1270 1554 1291 1291 1575 1275 1275 1559 1275 1275 1559 1291 1291 1575 1287 1287 1571 1282 1282 1566 1280 1280 1564 1292 1292 1576 1284 1284 1568 1293 1293 1577 1283 1283 1567 1284 1284 1568 1294 1294 1578 1293 1293 1577 1286 1286 1570 1295 1295 1579 1285 1285 1569 1286 1286 1570 1296 1296 1580 1295 1295 1579 1278 1278 1562 1297 1297 1581 1289 1289 1573 1278 1278 1562 1285 1285 1569 1297 1297 1581 1285 1285 1569 1295 1295 1579 1297 1297 1581 1288 1288 1572 1289 1289 1573 1298 1298 1582 1290 1290 1574 1299 1299 1583 1280 1280 1564 1290 1290 1574 1283 1283 1567 1300 1300 1584 1290 1290 1574 1300 1300 1584 1299 1299 1583 1283 1283 1567 1293 1293 1577 1300 1300 1584 1280 1280 1564 1299 1299 1583 1292 1292 1576 1294 1294 1578 1301 1301 1585 1293 1293 1577 1294 1294 1578 1302 1302 1586 1301 1301 1585 1296 1296 1580 1303 1303 1587 1295 1295 1579 1296 1296 1580 1304 1304 1588 1303 1303 1587 1297 1297 1581 1305 1305 1589 1289 1289 1573 1297 1297 1581 1295 1295 1579 1306 1306 1590 1297 1297 1581 1306 1306 1590 1305 1305 1589 1295 1295 1579 1303 1303 1587 1306 1306 1590 1289 1289 1573 1305 1305 1589 1298 1298 1582 1300 1300 1584 1307 1307 1591 1299 1299 1583 1300 1300 1584 1293 1293 1577 1308 1308 1592 1300 1300 1584 1308 1308 1592 1307 1307 1591 1293 1293 1577 1301 1301 1585 1308 1308 1592 1299 1299 1583 1307 1307 1591 1292 1292 1576 1302 1302 1586 1309 1309 1593 1301 1301 1585 1308 1308 1592 1309 1309 1593 1307 1307 1591 1308 1308 1592 1301 1301 1585 1309 1309 1593 1304 1304 1588 1310 1310 1594 1303 1303 1587 1310 1310 1594 1305 1305 1589 1306 1306 1590 1310 1310 1594 1298 1298 1582 1305 1305 1589 1310 1310 1594 1306 1306 1590 1303 1303 1587 1292 1292 1576 1307 1307 1591 1311 1311 1595 1311 1311 1595 1307 1307 1591 1309 1309 1593 1312 1312 1596 1313 1313 1597 1314 1314 1598 1312 1312 1596 1315 1315 1599 1313 1313 1597 1312 1312 1596 1314 1314 1598 1316 1316 1600 1312 1312 1596 1259 1259 1601 1315 1315 1599 1312 1312 1596 1316 1316 1600 1317 1317 1602 1312 1312 1596 1261 1261 1603 1259 1259 1601 1312 1312 1596 1317 1317 1602 1263 1263 1604 1312 1312 1596 1263 1263 1604 1261 1261 1603 1313 1313 1597 1318 1318 1605 1314 1314 1598 1313 1313 1597 1315 1315 1599 1319 1319 1606 1313 1313 1597 1320 1320 1607 1318 1318 1605 1313 1313 1597 1319 1319 1606 1321 1321 1608 1313 1313 1597 1321 1321 1608 1320 1320 1607 1316 1316 1600 1322 1322 1609 1317 1317 1602 1316 1316 1600 1314 1314 1598 1323 1323 1610 1316 1316 1600 1324 1324 1611 1322 1322 1609 1316 1316 1600 1323 1323 1610 1324 1324 1611 1259 1259 1601 1268 1268 1612 1315 1315 1599 1315 1315 1599 1268 1268 1612 1319 1319 1606 1263 1263 1604 1317 1317 1602 1325 1325 1613 1263 1263 1604 1325 1325 1613 1273 1273 1614 1317 1317 1602 1322 1322 1609 1325 1325 1613 1318 1318 1605 1320 1320 1607 1274 1274 1615 1318 1318 1605 1326 1326 1616 1314 1314 1598 1318 1318 1605 1274 1274 1615 1276 1276 1617 1318 1318 1605 1276 1276 1617 1326 1326 1616 1314 1314 1598 1326 1326 1616 1323 1323 1610 1321 1321 1608 1319 1319 1606 1327 1327 1618 1321 1321 1608 1328 1328 1619 1320 1320 1607 1321 1321 1608 1327 1327 1618 1328 1328 1619 1324 1324 1611 1329 1329 1620 1322 1322 1609 1324 1324 1611 1323 1323 1610 1281 1281 1621 1324 1324 1611 1282 1282 1622 1329 1329 1620 1324 1324 1611 1281 1281 1621 1282 1282 1622 1268 1268 1612 1279 1279 1623 1319 1319 1606 1319 1319 1606 1279 1279 1623 1327 1327 1618 1273 1273 1614 1325 1325 1613 1330 1330 1624 1273 1273 1614 1330 1330 1624 1284 1284 1625 1274 1274 1615 1320 1320 1607 1331 1331 1626 1274 1274 1615 1331 1331 1626 1286 1286 1627 1320 1320 1607 1328 1328 1619 1331 1331 1626 1276 1276 1617 1287 1287 1628 1326 1326 1616 1322 1322 1609 1329 1329 1620 1332 1332 1629 1322 1322 1609 1332 1332 1629 1325 1325 1613 1325 1325 1613 1332 1332 1629 1330 1330 1624 1323 1323 1610 1291 1291 1630 1281 1281 1621 1323 1323 1610 1326 1326 1616 1291 1291 1630 1291 1291 1630 1326 1326 1616 1287 1287 1628 1282 1282 1622 1292 1292 1631 1329 1329 1620 1279 1279 1623 1288 1288 1632 1327 1327 1618 1284 1284 1625 1330 1330 1624 1333 1333 1633 1284 1284 1625 1333 1333 1633 1294 1294 1634 1286 1286 1627 1331 1331 1626 1334 1334 1635 1286 1286 1627 1334 1334 1635 1296 1296 1636 1328 1328 1619 1327 1327 1618 1335 1335 1637 1328 1328 1619 1336 1336 1638 1331 1331 1626 1328 1328 1619 1335 1335 1637 1336 1336 1638 1331 1331 1626 1336 1336 1638 1334 1334 1635 1327 1327 1618 1288 1288 1632 1335 1335 1637 1332 1332 1629 1329 1329 1620 1337 1337 1639 1332 1332 1629 1338 1338 1640 1330 1330 1624 1332 1332 1629 1337 1337 1639 1338 1338 1640 1330 1330 1624 1338 1338 1640 1333 1333 1633 1329 1329 1620 1292 1292 1631 1337 1337 1639 1294 1294 1634 1333 1333 1633 1339 1339 1641 1294 1294 1634 1339 1339 1641 1302 1302 1642 1296 1296 1636 1334 1334 1635 1340 1340 1643 1296 1296 1636 1340 1340 1643 1304 1304 1644 1336 1336 1638 1335 1335 1637 1341 1341 1645 1336 1336 1638 1342 1342 1646 1334 1334 1635 1336 1336 1638 1341 1341 1645 1342 1342 1646 1334 1334 1635 1342 1342 1646 1340 1340 1643 1288 1288 1632 1298 1298 1647 1335 1335 1637 1335 1335 1637 1298 1298 1647 1341 1341 1645 1338 1338 1640 1337 1337 1639 1343 1343 1648 1338 1338 1640 1344 1344 1649 1333 1333 1633 1338 1338 1640 1343 1343 1648 1344 1344 1649 1333 1333 1633 1344 1344 1649 1339 1339 1641 1337 1337 1639 1292 1292 1631 1343 1343 1648 1302 1302 1642 1339 1339 1641 1309 1309 1650 1344 1344 1649 1343 1343 1648 1309 1309 1650 1344 1344 1649 1309 1309 1650 1339 1339 1641 1304 1304 1644 1340 1340 1643 1310 1310 1651 1310 1310 1651 1340 1340 1643 1342 1342 1646 1310 1310 1651 1341 1341 1645 1298 1298 1647 1310 1310 1651 1342 1342 1646 1341 1341 1645 1292 1292 1631 1311 1311 1652 1343 1343 1648 1343 1343 1648 1311 1311 1652 1309 1309 1650 1345 1345 1653 1346 1346 1654 1347 1347 1655 1345 1345 1653 1348 1348 1656 1346 1346 1654 1345 1345 1653 1347 1347 1655 1349 1349 1657 1345 1345 1653 1350 1350 1658 1348 1348 1656 1345 1345 1653 1349 1349 1657 1351 1351 1659 1345 1345 1653 1352 1352 1660 1350 1350 1658 1345 1345 1653 1351 1351 1659 1352 1352 1660 1346 1346 1654 1353 1353 1661 1347 1347 1655 1346 1346 1654 1348 1348 1656 1354 1354 1662 1346 1346 1654 1354 1354 1662 1353 1353 1661 1349 1349 1657 1355 1355 1663 1351 1351 1659 1349 1349 1657 1347 1347 1655 1356 1356 1664 1349 1349 1657 1357 1357 1665 1355 1355 1663 1349 1349 1657 1356 1356 1664 1357 1357 1665 1350 1350 1658 1352 1352 1660 1358 1358 1666 1350 1350 1658 1359 1359 1667 1348 1348 1656 1350 1350 1658 1358 1358 1666 1359 1359 1667 1354 1354 1662 1360 1360 1668 1353 1353 1661 1354 1354 1662 1348 1348 1656 1361 1361 1669 1351 1351 1659 1355 1355 1663 1362 1362 1670 1351 1351 1659 1362 1362 1670 1352 1352 1660 1347 1347 1655 1363 1363 1671 1356 1356 1664 1347 1347 1655 1353 1353 1661 1363 1363 1671 1357 1357 1665 1356 1356 1664 1364 1364 1672 1356 1356 1664 1363 1363 1671 1364 1364 1672 1358 1358 1666 1365 1365 1673 1359 1359 1667 1358 1358 1666 1352 1352 1660 1366 1366 1674 1358 1358 1666 1367 1367 1675 1365 1365 1673 1358 1358 1666 1366 1366 1674 1368 1368 1676 1358 1358 1666 1368 1368 1676 1367 1367 1675 1366 1366 1674 1352 1352 1660 1362 1362 1670 1360 1360 1668 1369 1369 1677 1353 1353 1661 1360 1360 1668 1370 1370 1678 1369 1369 1677 1369 1369 1677 1363 1363 1671 1353 1353 1661 1369 1369 1677 1370 1370 1678 1364 1364 1672 1369 1369 1677 1364 1364 1672 1363 1363 1671 1348 1348 1656 1371 1371 1679 1361 1361 1669 1348 1348 1656 1359 1359 1667 1371 1371 1679 1365 1365 1673 1367 1367 1675 1372 1372 1680 1365 1365 1673 1373 1373 1681 1359 1359 1667 1365 1365 1673 1372 1372 1680 1374 1374 1682 1365 1365 1673 1374 1374 1682 1373 1373 1681 1359 1359 1667 1373 1373 1681 1371 1371 1679 1361 1361 1669 1371 1371 1679 1375 1375 1683 1372 1372 1680 1376 1376 1684 1374 1374 1682 1372 1372 1680 1377 1377 1685 1376 1376 1684 1373 1373 1681 1378 1378 1686 1371 1371 1679 1373 1373 1681 1374 1374 1682 1379 1379 1687 1373 1373 1681 1379 1379 1687 1378 1378 1686 1371 1371 1679 1378 1378 1686 1375 1375 1683 1377 1377 1685 1380 1380 1688 1376 1376 1684 1377 1377 1685 1381 1381 1689 1380 1380 1688 1374 1374 1682 1382 1382 1690 1379 1379 1687 1374 1374 1682 1376 1376 1684 1382 1382 1690 1378 1378 1686 1383 1383 1691 1375 1375 1683 1378 1378 1686 1379 1379 1687 1384 1384 1692 1378 1378 1686 1384 1384 1692 1383 1383 1691 1381 1381 1689 1385 1385 1693 1380 1380 1688 1381 1381 1689 1386 1386 1694 1385 1385 1693 1376 1376 1684 1387 1387 1695 1382 1382 1690 1376 1376 1684 1380 1380 1688 1387 1387 1695 1379 1379 1687 1388 1388 1696 1384 1384 1692 1379 1379 1687 1382 1382 1690 1388 1388 1696 1383 1383 1691 1384 1384 1692 1389 1389 1697 1386 1386 1694 1390 1390 1698 1385 1385 1693 1386 1386 1694 1391 1391 1699 1390 1390 1698 1380 1380 1688 1392 1392 1700 1387 1387 1695 1380 1380 1688 1385 1385 1693 1392 1392 1700 1382 1382 1690 1393 1393 1701 1388 1388 1696 1382 1382 1690 1387 1387 1695 1393 1393 1701 1384 1384 1692 1394 1394 1702 1389 1389 1697 1384 1384 1692 1388 1388 1696 1394 1394 1702 1391 1391 1699 1395 1395 1703 1390 1390 1698 1385 1385 1693 1396 1396 1704 1392 1392 1700 1385 1385 1693 1390 1390 1698 1396 1396 1704 1390 1390 1698 1395 1395 1703 1396 1396 1704 1387 1387 1695 1397 1397 1705 1393 1393 1701 1387 1387 1695 1392 1392 1700 1397 1397 1705 1388 1388 1696 1398 1398 1706 1394 1394 1702 1388 1388 1696 1393 1393 1701 1398 1398 1706 1395 1395 1703 1399 1399 1707 1396 1396 1704 1395 1395 1703 1400 1400 1708 1399 1399 1707 1399 1399 1707 1397 1397 1705 1392 1392 1700 1399 1399 1707 1392 1392 1700 1396 1396 1704 1399 1399 1707 1400 1400 1708 1397 1397 1705 1393 1393 1701 1401 1401 1709 1398 1398 1706 1393 1393 1701 1397 1397 1705 1401 1401 1709 1401 1401 1709 1397 1397 1705 1400 1400 1708 1402 1402 1710 1403 1403 1711 1404 1404 1712 1402 1402 1710 1366 1366 1713 1403 1403 1711 1402 1402 1710 1404 1404 1712 1405 1405 1714 1402 1402 1710 1368 1368 1715 1366 1366 1713 1402 1402 1710 1405 1405 1714 1406 1406 1716 1402 1402 1710 1367 1367 1717 1368 1368 1715 1402 1402 1710 1406 1406 1716 1367 1367 1717 1403 1403 1711 1407 1407 1718 1404 1404 1712 1403 1403 1711 1366 1366 1713 1362 1362 1719 1403 1403 1711 1408 1408 1720 1407 1407 1718 1403 1403 1711 1362 1362 1719 1408 1408 1720 1405 1405 1714 1409 1409 1721 1406 1406 1716 1405 1405 1714 1404 1404 1712 1410 1410 1722 1405 1405 1714 1411 1411 1723 1409 1409 1721 1405 1405 1714 1410 1410 1722 1411 1411 1723 1367 1367 1717 1406 1406 1716 1372 1372 1724 1407 1407 1718 1408 1408 1720 1412 1412 1725 1407 1407 1718 1413 1413 1726 1404 1404 1712 1407 1407 1718 1412 1412 1725 1414 1414 1727 1407 1407 1718 1414 1414 1727 1413 1413 1726 1404 1404 1712 1413 1413 1726 1410 1410 1722 1362 1362 1719 1355 1355 1728 1408 1408 1720 1408 1408 1720 1355 1355 1728 1412 1412 1725 1409 1409 1721 1411 1411 1723 1415 1415 1729 1409 1409 1721 1416 1416 1730 1406 1406 1716 1409 1409 1721 1415 1415 1729 1417 1417 1731 1409 1409 1721 1417 1417 1731 1416 1416 1730 1406 1406 1716 1416 1416 1730 1372 1372 1724 1414 1414 1727 1418 1418 1732 1413 1413 1726 1414 1414 1727 1412 1412 1725 1419 1419 1733 1414 1414 1727 1420 1420 1734 1418 1418 1732 1414 1414 1727 1419 1419 1733 1420 1420 1734 1410 1410 1722 1361 1361 1735 1411 1411 1723 1410 1410 1722 1413 1413 1726 1354 1354 1736 1410 1410 1722 1354 1354 1736 1361 1361 1735 1413 1413 1726 1418 1418 1732 1354 1354 1736 1355 1355 1728 1357 1357 1737 1412 1412 1725 1412 1412 1725 1357 1357 1737 1419 1419 1733 1415 1415 1729 1421 1421 1738 1417 1417 1731 1415 1415 1729 1411 1411 1723 1375 1375 1739 1415 1415 1729 1383 1383 1740 1421 1421 1738 1415 1415 1729 1375 1375 1739 1383 1383 1740 1375 1375 1739 1411 1411 1723 1361 1361 1735 1416 1416 1730 1422 1422 1741 1372 1372 1724 1416 1416 1730 1417 1417 1731 1423 1423 1742 1416 1416 1730 1423 1423 1742 1422 1422 1741 1420 1420 1734 1424 1424 1743 1418 1418 1732 1420 1420 1734 1419 1419 1733 1364 1364 1744 1420 1420 1734 1364 1364 1744 1424 1424 1743 1419 1419 1733 1357 1357 1737 1364 1364 1744 1354 1354 1736 1418 1418 1732 1360 1360 1745 1418 1418 1732 1424 1424 1743 1360 1360 1745 1421 1421 1738 1383 1383 1740 1389 1389 1746 1421 1421 1738 1425 1425 1747 1417 1417 1731 1421 1421 1738 1389 1389 1746 1394 1394 1748 1421 1421 1738 1394 1394 1748 1425 1425 1747 1417 1417 1731 1425 1425 1747 1423 1423 1742 1372 1372 1724 1422 1422 1741 1377 1377 1749 1364 1364 1744 1370 1370 1750 1424 1424 1743 1424 1424 1743 1370 1370 1750 1360 1360 1745 1394 1394 1748 1398 1398 1751 1425 1425 1747 1423 1423 1742 1426 1426 1752 1422 1422 1741 1423 1423 1742 1425 1425 1747 1427 1427 1753 1423 1423 1742 1427 1427 1753 1426 1426 1752 1425 1425 1747 1398 1398 1751 1427 1427 1753 1377 1377 1749 1422 1422 1741 1428 1428 1754 1377 1377 1749 1428 1428 1754 1381 1381 1755 1422 1422 1741 1426 1426 1752 1428 1428 1754 1398 1398 1751 1401 1401 1756 1427 1427 1753 1381 1381 1755 1428 1428 1754 1429 1429 1757 1381 1381 1755 1429 1429 1757 1386 1386 1758 1426 1426 1752 1427 1427 1753 1430 1430 1759 1426 1426 1752 1431 1431 1760 1428 1428 1754 1426 1426 1752 1430 1430 1759 1431 1431 1760 1428 1428 1754 1431 1431 1760 1429 1429 1757 1427 1427 1753 1401 1401 1756 1430 1430 1759 1386 1386 1758 1429 1429 1757 1432 1432 1761 1386 1386 1758 1432 1432 1761 1391 1391 1762 1431 1431 1760 1430 1430 1759 1433 1433 1763 1431 1431 1760 1434 1434 1764 1429 1429 1757 1431 1431 1760 1433 1433 1763 1434 1434 1764 1429 1429 1757 1434 1434 1764 1432 1432 1761 1401 1401 1756 1400 1400 1765 1430 1430 1759 1430 1430 1759 1400 1400 1765 1433 1433 1763 1391 1391 1762 1432 1432 1761 1395 1395 1766 1395 1395 1766 1434 1434 1764 1433 1433 1763 1395 1395 1766 1433 1433 1763 1400 1400 1765 1395 1395 1766 1432 1432 1761 1434 1434 1764 1435 1435 1767 1436 1436 1768 1437 1437 1769 1435 1435 1767 1438 1438 1770 1436 1436 1768 1435 1435 1767 1437 1437 1769 1439 1439 1771 1435 1435 1767 1440 1440 1772 1438 1438 1770 1435 1435 1767 1439 1439 1771 1441 1441 1773 1435 1435 1767 1442 1442 1774 1440 1440 1772 1435 1435 1767 1441 1441 1773 1442 1442 1774 1436 1436 1768 1443 1443 1775 1437 1437 1769 1436 1436 1768 1438 1438 1770 1444 1444 1776 1436 1436 1768 1445 1445 1777 1443 1443 1775 1436 1436 1768 1444 1444 1776 1445 1445 1777 1439 1439 1771 1446 1446 1778 1441 1441 1773 1439 1439 1771 1437 1437 1769 1447 1447 1779 1439 1439 1771 1448 1448 1780 1446 1446 1778 1439 1439 1771 1447 1447 1779 1449 1449 1781 1439 1439 1771 1449 1449 1781 1448 1448 1780 1437 1437 1769 1443 1443 1775 1447 1447 1779 1440 1440 1772 1442 1442 1774 1450 1450 1782 1440 1440 1772 1451 1451 1783 1438 1438 1770 1440 1440 1772 1450 1450 1782 1451 1451 1783 1444 1444 1776 1452 1452 1784 1445 1445 1777 1444 1444 1776 1438 1438 1770 1453 1453 1785 1444 1444 1776 1453 1453 1785 1452 1452 1784 1453 1453 1785 1438 1438 1770 1451 1451 1783 1441 1441 1773 1446 1446 1778 1454 1454 1786 1441 1441 1773 1454 1454 1786 1442 1442 1774 1449 1449 1781 1455 1455 1787 1448 1448 1780 1443 1443 1775 1456 1456 1788 1447 1447 1779 1443 1443 1775 1445 1445 1777 1457 1457 1789 1443 1443 1775 1457 1457 1789 1456 1456 1788 1445 1445 1777 1452 1452 1784 1457 1457 1789 1450 1450 1782 1442 1442 1774 1458 1458 1790 1442 1442 1774 1454 1454 1786 1458 1458 1790 1446 1446 1778 1448 1448 1780 1459 1459 1791 1446 1446 1778 1460 1460 1792 1454 1454 1786 1446 1446 1778 1459 1459 1791 1460 1460 1792 1455 1455 1787 1461 1461 1793 1448 1448 1780 1455 1455 1787 1462 1462 1794 1461 1461 1793 1448 1448 1780 1461 1461 1793 1459 1459 1791 1456 1456 1788 1457 1457 1789 1463 1463 1795 1463 1463 1795 1457 1457 1789 1452 1452 1784 1458 1458 1790 1454 1454 1786 1464 1464 1796 1460 1460 1792 1459 1459 1791 1465 1465 1797 1460 1460 1792 1466 1466 1798 1454 1454 1786 1460 1460 1792 1465 1465 1797 1467 1467 1799 1460 1460 1792 1467 1467 1799 1466 1466 1798 1466 1466 1798 1464 1464 1796 1454 1454 1786 1462 1462 1794 1468 1468 1800 1461 1461 1793 1462 1462 1794 1469 1469 1801 1468 1468 1800 1459 1459 1791 1470 1470 1802 1465 1465 1797 1459 1459 1791 1461 1461 1793 1470 1470 1802 1461 1461 1793 1468 1468 1800 1470 1470 1802 1467 1467 1799 1465 1465 1797 1471 1471 1803 1467 1467 1799 1471 1471 1803 1472 1472 1804 1469 1469 1801 1473 1473 1805 1468 1468 1800 1470 1470 1802 1474 1474 1806 1465 1465 1797 1470 1470 1802 1468 1468 1800 1475 1475 1807 1470 1470 1802 1475 1475 1807 1474 1474 1806 1468 1468 1800 1473 1473 1805 1475 1475 1807 1465 1465 1797 1474 1474 1806 1471 1471 1803 1472 1472 1804 1471 1471 1803 1476 1476 1808 1472 1472 1804 1476 1476 1808 1477 1477 1809 1473 1473 1805 1478 1478 1810 1475 1475 1807 1474 1474 1806 1479 1479 1811 1471 1471 1803 1474 1474 1806 1475 1475 1807 1480 1480 1812 1474 1474 1806 1480 1480 1812 1479 1479 1811 1475 1475 1807 1478 1478 1810 1480 1480 1812 1471 1471 1803 1479 1479 1811 1476 1476 1808 1477 1477 1809 1476 1476 1808 1481 1481 1813 1477 1477 1809 1481 1481 1813 1482 1482 1814 1478 1478 1810 1483 1483 1815 1480 1480 1812 1479 1479 1811 1484 1484 1816 1476 1476 1808 1479 1479 1811 1480 1480 1812 1485 1485 1817 1479 1479 1811 1485 1485 1817 1484 1484 1816 1480 1480 1812 1483 1483 1815 1485 1485 1817 1476 1476 1808 1484 1484 1816 1481 1481 1813 1482 1482 1814 1481 1481 1813 1486 1486 1818 1482 1482 1814 1486 1486 1818 1487 1487 1819 1483 1483 1815 1488 1488 1820 1485 1485 1817 1484 1484 1816 1489 1489 1821 1481 1481 1813 1484 1484 1816 1485 1485 1817 1490 1490 1822 1484 1484 1816 1490 1490 1822 1489 1489 1821 1485 1485 1817 1488 1488 1820 1490 1490 1822 1481 1481 1813 1489 1489 1821 1486 1486 1818 1487 1487 1819 1486 1486 1818 1491 1491 1823 1491 1491 1823 1490 1490 1822 1488 1488 1820 1491 1491 1823 1486 1486 1818 1489 1489 1821 1491 1491 1823 1489 1489 1821 1490 1490 1822 1492 1492 1824 1493 1493 1825 1494 1494 1826 1492 1492 1824 1495 1495 1827 1493 1493 1825 1492 1492 1824 1494 1494 1826 1458 1458 1828 1492 1492 1824 1496 1496 1829 1495 1495 1827 1492 1492 1824 1458 1458 1828 1464 1464 1830 1492 1492 1824 1466 1466 1831 1496 1496 1829 1492 1492 1824 1464 1464 1830 1466 1466 1831 1493 1493 1825 1497 1497 1832 1494 1494 1826 1493 1493 1825 1495 1495 1827 1498 1498 1833 1493 1493 1825 1499 1499 1834 1497 1497 1832 1493 1493 1825 1498 1498 1833 1499 1499 1834 1458 1458 1828 1494 1494 1826 1450 1450 1835 1496 1496 1829 1466 1466 1831 1467 1467 1836 1496 1496 1829 1500 1500 1837 1495 1495 1827 1496 1496 1829 1467 1467 1836 1501 1501 1838 1496 1496 1829 1501 1501 1838 1500 1500 1837 1497 1497 1832 1499 1499 1834 1502 1502 1839 1497 1497 1832 1503 1503 1840 1494 1494 1826 1497 1497 1832 1502 1502 1839 1504 1504 1841 1497 1497 1832 1504 1504 1841 1503 1503 1840 1494 1494 1826 1503 1503 1840 1450 1450 1835 1498 1498 1833 1495 1495 1827 1505 1505 1842 1498 1498 1833 1447 1447 1843 1499 1499 1834 1498 1498 1833 1505 1505 1842 1449 1449 1844 1498 1498 1833 1449 1449 1844 1447 1447 1843 1495 1495 1827 1500 1500 1837 1505 1505 1842 1467 1467 1836 1506 1506 1845 1501 1501 1838 1467 1467 1836 1472 1472 1846 1506 1506 1845 1502 1502 1839 1507 1507 1847 1504 1504 1841 1502 1502 1839 1499 1499 1834 1508 1508 1848 1502 1502 1839 1509 1509 1849 1507 1507 1847 1502 1502 1839 1508 1508 1848 1509 1509 1849 1499 1499 1834 1447 1447 1843 1508 1508 1848 1503 1503 1840 1451 1451 1850 1450 1450 1835 1503 1503 1840 1504 1504 1841 1451 1451 1850 1449 1449 1844 1505 1505 1842 1455 1455 1851 1500 1500 1837 1501 1501 1838 1510 1510 1852 1500 1500 1837 1511 1511 1853 1505 1505 1842 1500 1500 1837 1510 1510 1852 1511 1511 1853 1505 1505 1842 1511 1511 1853 1455 1455 1851 1472 1472 1846 1512 1512 1854 1506 1506 1845 1472 1472 1846 1477 1477 1855 1512 1512 1854 1507 1507 1847 1509 1509 1849 1452 1452 1856 1507 1507 1847 1453 1453 1857 1504 1504 1841 1507 1507 1847 1452 1452 1856 1453 1453 1857 1453 1453 1857 1451 1451 1850 1504 1504 1841 1447 1447 1843 1456 1456 1858 1508 1508 1848 1501 1501 1838 1513 1513 1859 1510 1510 1852 1501 1501 1838 1506 1506 1845 1513 1513 1859 1511 1511 1853 1462 1462 1860 1455 1455 1851 1511 1511 1853 1510 1510 1852 1514 1514 1861 1511 1511 1853 1514 1514 1861 1462 1462 1860 1477 1477 1855 1515 1515 1862 1512 1512 1854 1477 1477 1855 1482 1482 1863 1515 1515 1862 1509 1509 1849 1516 1516 1864 1452 1452 1856 1509 1509 1849 1508 1508 1848 1516 1516 1864 1508 1508 1848 1456 1456 1858 1516 1516 1864 1506 1506 1845 1517 1517 1865 1513 1513 1859 1506 1506 1845 1512 1512 1854 1517 1517 1865 1510 1510 1852 1518 1518 1866 1514 1514 1861 1510 1510 1852 1513 1513 1859 1518 1518 1866 1462 1462 1860 1514 1514 1861 1469 1469 1867 1482 1482 1863 1519 1519 1868 1515 1515 1862 1482 1482 1863 1487 1487 1869 1519 1519 1868 1452 1452 1856 1516 1516 1864 1463 1463 1870 1463 1463 1870 1516 1516 1864 1456 1456 1858 1512 1512 1854 1520 1520 1871 1517 1517 1865 1512 1512 1854 1515 1515 1862 1520 1520 1871 1513 1513 1859 1521 1521 1872 1518 1518 1866 1513 1513 1859 1517 1517 1865 1521 1521 1872 1514 1514 1861 1473 1473 1873 1469 1469 1867 1514 1514 1861 1518 1518 1866 1473 1473 1873 1487 1487 1869 1491 1491 1874 1519 1519 1868 1515 1515 1862 1522 1522 1875 1520 1520 1871 1515 1515 1862 1519 1519 1868 1522 1522 1875 1519 1519 1868 1491 1491 1874 1522 1522 1875 1517 1517 1865 1523 1523 1876 1521 1521 1872 1517 1517 1865 1520 1520 1871 1523 1523 1876 1518 1518 1866 1478 1478 1877 1473 1473 1873 1518 1518 1866 1521 1521 1872 1478 1478 1877 1491 1491 1874 1524 1524 1878 1522 1522 1875 1491 1491 1874 1488 1488 1879 1524 1524 1878 1524 1524 1878 1520 1520 1871 1522 1522 1875 1524 1524 1878 1523 1523 1876 1520 1520 1871 1524 1524 1878 1488 1488 1879 1523 1523 1876 1521 1521 1872 1483 1483 1880 1478 1478 1877 1521 1521 1872 1523 1523 1876 1483 1483 1880 1483 1483 1880 1523 1523 1876 1488 1488 1879 1525 1525 1881 1526 1526 1882 1527 1527 1883 1525 1525 1881 1528 1528 1884 1526 1526 1882 1525 1525 1881 1527 1527 1883 1529 1529 1885 1525 1525 1881 1530 1530 1886 1528 1528 1884 1525 1525 1881 1529 1529 1885 1531 1531 1887 1525 1525 1881 1531 1531 1887 1530 1530 1886 1526 1526 1882 1532 1532 1888 1527 1527 1883 1526 1526 1882 1528 1528 1884 1533 1533 1889 1526 1526 1882 1534 1534 1890 1532 1532 1888 1526 1526 1882 1533 1533 1889 1534 1534 1890 1529 1529 1885 1527 1527 1883 1535 1535 1891 1531 1531 1887 1536 1536 1892 1530 1530 1886 1528 1528 1884 1537 1537 1893 1533 1533 1889 1528 1528 1884 1530 1530 1886 1538 1538 1894 1528 1528 1884 1538 1538 1894 1537 1537 1893 1532 1532 1888 1534 1534 1890 1539 1539 1895 1532 1532 1888 1540 1540 1896 1527 1527 1883 1532 1532 1888 1539 1539 1895 1541 1541 1897 1532 1532 1888 1541 1541 1897 1540 1540 1896 1527 1527 1883 1540 1540 1896 1535 1535 1891 1536 1536 1892 1542 1542 1898 1530 1530 1886 1536 1536 1892 1543 1543 1899 1542 1542 1898 1530 1530 1886 1542 1542 1898 1538 1538 1894 1533 1533 1889 1537 1537 1893 1544 1544 1900 1533 1533 1889 1545 1545 1901 1534 1534 1890 1533 1533 1889 1544 1544 1900 1545 1545 1901 1539 1539 1895 1546 1546 1902 1541 1541 1897 1539 1539 1895 1534 1534 1890 1547 1547 1903 1539 1539 1895 1548 1548 1904 1546 1546 1902 1539 1539 1895 1547 1547 1903 1548 1548 1904 1534 1534 1890 1545 1545 1901 1547 1547 1903 1540 1540 1896 1150 1150 1905 1535 1535 1891 1540 1540 1896 1541 1541 1897 1148 1148 1906 1540 1540 1896 1148 1148 1906 1150 1150 1905 1543 1543 1899 1549 1549 1907 1542 1542 1898 1543 1543 1899 1550 1550 1908 1549 1549 1907 1538 1538 1894 1551 1551 1909 1537 1537 1893 1538 1538 1894 1542 1542 1898 1552 1552 1910 1538 1538 1894 1552 1552 1910 1551 1551 1909 1552 1552 1910 1542 1542 1898 1549 1549 1907 1544 1544 1900 1553 1553 1911 1545 1545 1901 1544 1544 1900 1537 1537 1893 1554 1554 1912 1544 1544 1900 1555 1555 1913 1553 1553 1911 1544 1544 1900 1554 1554 1912 1555 1555 1913 1537 1537 1893 1551 1551 1909 1554 1554 1912 1546 1546 1902 1548 1548 1904 1556 1556 1914 1546 1546 1902 1149 1149 1915 1541 1541 1897 1546 1546 1902 1556 1556 1914 1151 1151 1916 1546 1546 1902 1151 1151 1916 1149 1149 1915 1149 1149 1915 1148 1148 1906 1541 1541 1897 1547 1547 1903 1545 1545 1901 1557 1557 1917 1547 1547 1903 1558 1558 1918 1548 1548 1904 1547 1547 1903 1557 1557 1917 1558 1558 1918 1545 1545 1901 1553 1553 1911 1557 1557 1917 1555 1555 1913 1554 1554 1912 1559 1559 1919 1555 1555 1913 1560 1560 1920 1553 1553 1911 1555 1555 1913 1559 1559 1919 1561 1561 1921 1555 1555 1913 1561 1561 1921 1560 1560 1920 1556 1556 1914 1153 1153 1922 1151 1151 1916 1556 1556 1914 1548 1548 1904 1562 1562 1923 1556 1556 1914 1155 1155 1924 1153 1153 1922 1556 1556 1914 1562 1562 1923 1155 1155 1924 1548 1548 1904 1558 1558 1918 1562 1562 1923 1557 1557 1917 1553 1553 1911 1563 1563 1925 1557 1557 1917 1564 1564 1926 1558 1558 1918 1557 1557 1917 1563 1563 1925 1564 1564 1926 1553 1553 1911 1560 1560 1920 1563 1563 1925 1559 1559 1919 1565 1565 1927 1561 1561 1921 1155 1155 1924 1562 1562 1923 1154 1154 1928 1558 1558 1918 1564 1564 1926 1566 1566 1929 1558 1558 1918 1566 1566 1929 1562 1562 1923 1562 1562 1923 1566 1566 1929 1154 1154 1928 1560 1560 1920 1567 1567 1930 1563 1563 1925 1560 1560 1920 1561 1561 1921 1568 1568 1931 1560 1560 1920 1568 1568 1931 1567 1567 1930 1565 1565 1927 1569 1569 1932 1561 1561 1921 1565 1565 1927 1570 1570 1933 1569 1569 1932 1561 1561 1921 1569 1569 1932 1568 1568 1931 1564 1564 1926 1571 1571 1934 1566 1566 1929 1564 1564 1926 1563 1563 1925 1572 1572 1935 1564 1564 1926 1572 1572 1935 1571 1571 1934 1563 1563 1925 1567 1567 1930 1572 1572 1935 1154 1154 1928 1566 1566 1929 1152 1152 1936 1566 1566 1929 1571 1571 1934 1152 1152 1936 1570 1570 1933 1543 1543 1937 1569 1569 1932 1570 1570 1933 1550 1550 1938 1543 1543 1937 1568 1568 1931 1531 1531 1939 1567 1567 1930 1568 1568 1931 1569 1569 1932 1536 1536 1940 1568 1568 1931 1536 1536 1940 1531 1531 1939 1536 1536 1940 1569 1569 1932 1543 1543 1937 1572 1572 1935 1535 1535 1941 1571 1571 1934 1572 1572 1935 1567 1567 1930 1529 1529 1942 1572 1572 1935 1529 1529 1942 1535 1535 1941 1529 1529 1942 1567 1567 1930 1531 1531 1939 1152 1152 1936 1571 1571 1934 1150 1150 1943 1150 1150 1943 1571 1571 1934 1535 1535 1941 1573 1573 1944 1574 1574 1945 1575 1575 1946 1573 1573 1944 1576 1576 1947 1574 1574 1945 1573 1573 1944 1575 1575 1946 1577 1577 1948 1573 1573 1944 1578 1578 1949 1576 1576 1947 1573 1573 1944 1577 1577 1948 1579 1579 1950 1573 1573 1944 1579 1579 1950 1578 1578 1949 1574 1574 1945 1580 1580 1951 1575 1575 1946 1574 1574 1945 1576 1576 1947 1581 1581 1952 1574 1574 1945 1582 1582 1953 1580 1580 1951 1574 1574 1945 1581 1581 1952 1582 1582 1953 1577 1577 1948 1583 1583 1954 1579 1579 1950 1577 1577 1948 1575 1575 1946 1584 1584 1955 1577 1577 1948 1585 1585 1956 1583 1583 1954 1577 1577 1948 1584 1584 1955 1585 1585 1956 1578 1578 1949 1579 1579 1950 1586 1586 1957 1580 1580 1951 1582 1582 1953 1587 1587 1958 1580 1580 1951 1588 1588 1959 1575 1575 1946 1580 1580 1951 1587 1587 1958 1589 1589 1960 1580 1580 1951 1589 1589 1960 1588 1588 1959 1575 1575 1946 1588 1588 1959 1584 1584 1955 1581 1581 1952 1250 1250 1961 1582 1582 1953 1583 1583 1954 1585 1585 1956 1590 1590 1962 1583 1583 1954 1591 1591 1963 1579 1579 1950 1583 1583 1954 1590 1590 1962 1592 1592 1964 1583 1583 1954 1592 1592 1964 1591 1591 1963 1579 1579 1950 1591 1591 1963 1586 1586 1957 1587 1587 1958 1593 1593 1965 1589 1589 1960 1587 1587 1958 1582 1582 1953 1248 1248 1966 1587 1587 1958 1247 1247 1967 1593 1593 1965 1587 1587 1958 1248 1248 1966 1247 1247 1967 1248 1248 1966 1582 1582 1953 1250 1250 1961 1588 1588 1959 1594 1594 1968 1584 1584 1955 1588 1588 1959 1589 1589 1960 1595 1595 1969 1588 1588 1959 1595 1595 1969 1594 1594 1968 1585 1585 1956 1596 1596 1970 1590 1590 1962 1585 1585 1956 1584 1584 1955 1597 1597 1971 1585 1585 1956 1597 1597 1971 1596 1596 1970 1584 1584 1955 1594 1594 1968 1597 1597 1971 1592 1592 1964 1598 1598 1972 1591 1591 1963 1586 1586 1957 1591 1591 1963 1599 1599 1973 1591 1591 1963 1598 1598 1972 1599 1599 1973 1593 1593 1965 1247 1247 1967 1249 1249 1974 1593 1593 1965 1600 1600 1975 1589 1589 1960 1593 1593 1965 1249 1249 1974 1601 1601 1976 1593 1593 1965 1601 1601 1976 1600 1600 1975 1589 1589 1960 1600 1600 1975 1595 1595 1969 1596 1596 1970 1597 1597 1971 1602 1602 1977 1596 1596 1970 1602 1602 1977 1603 1603 1978 1594 1594 1968 1595 1595 1969 1604 1604 1979 1594 1594 1968 1605 1605 1980 1597 1597 1971 1594 1594 1968 1604 1604 1979 1605 1605 1980 1597 1597 1971 1605 1605 1980 1602 1602 1977 1598 1598 1972 1606 1606 1981 1599 1599 1973 1249 1249 1974 1251 1251 1982 1601 1601 1976 1600 1600 1975 1607 1607 1983 1595 1595 1969 1600 1600 1975 1601 1601 1976 1608 1608 1984 1600 1600 1975 1608 1608 1984 1607 1607 1983 1595 1595 1969 1607 1607 1983 1604 1604 1979 1603 1603 1978 1602 1602 1977 1609 1609 1985 1603 1603 1978 1609 1609 1985 1610 1610 1986 1605 1605 1980 1604 1604 1979 1611 1611 1987 1605 1605 1980 1612 1612 1988 1602 1602 1977 1605 1605 1980 1611 1611 1987 1612 1612 1988 1602 1602 1977 1612 1612 1988 1609 1609 1985 1251 1251 1982 1253 1253 1989 1601 1601 1976 1601 1601 1976 1253 1253 1989 1608 1608 1984 1607 1607 1983 1613 1613 1990 1604 1604 1979 1607 1607 1983 1608 1608 1984 1614 1614 1991 1607 1607 1983 1614 1614 1991 1613 1613 1990 1604 1604 1979 1613 1613 1990 1611 1611 1987 1610 1610 1986 1609 1609 1985 1615 1615 1992 1610 1610 1986 1615 1615 1992 1616 1616 1993 1612 1612 1988 1611 1611 1987 1617 1617 1994 1612 1612 1988 1618 1618 1995 1609 1609 1985 1612 1612 1988 1617 1617 1994 1618 1618 1995 1609 1609 1985 1618 1618 1995 1615 1615 1992 1253 1253 1989 1254 1254 1996 1608 1608 1984 1608 1608 1984 1254 1254 1996 1614 1614 1991 1613 1613 1990 1619 1619 1997 1611 1611 1987 1613 1613 1990 1614 1614 1991 1620 1620 1998 1613 1613 1990 1620 1620 1998 1619 1619 1997 1611 1611 1987 1619 1619 1997 1617 1617 1994 1616 1616 1993 1615 1615 1992 1599 1599 1999 1616 1616 1993 1599 1599 1999 1606 1606 2000 1618 1618 1995 1617 1617 1994 1578 1578 2001 1618 1618 1995 1586 1586 2002 1615 1615 1992 1618 1618 1995 1578 1578 2001 1586 1586 2002 1586 1586 2002 1599 1599 1999 1615 1615 1992 1254 1254 1996 1252 1252 2003 1614 1614 1991 1614 1614 1991 1252 1252 2003 1620 1620 1998 1619 1619 1997 1576 1576 2004 1617 1617 1994 1619 1619 1997 1620 1620 1998 1581 1581 2005 1619 1619 1997 1581 1581 2005 1576 1576 2004 1576 1576 2004 1578 1578 2001 1617 1617 1994 1252 1252 2003 1250 1250 2006 1620 1620 1998 1620 1620 1998 1250 1250 2006 1581 1581 2005</p>
        </triangles>
        <triangles material="Eye" count="198">
          <input semantic="VERTEX" source="#geom-Ariados-vertices" offset="0"/>
          <input semantic="NORMAL" source="#geom-Ariados-normals" offset="1"/>
          <input semantic="TEXCOORD" source="#geom-Ariados-map1" offset="2" set="0"/>
          <p>1621 1621 2007 1622 1622 2008 1623 1623 2009 1621 1621 2007 1624 1624 2010 1622 1622 2008 1621 1621 2007 1623 1623 2009 1625 1625 2011 1621 1621 2007 262 262 2012 1624 1624 2010 1621 1621 2007 1625 1625 2011 261 261 2013 1621 1621 2007 260 260 2014 262 262 2012 1621 1621 2007 261 261 2013 260 260 2014 1622 1622 2008 1626 1626 2015 1623 1623 2009 1622 1622 2008 1624 1624 2010 1627 1627 2016 1622 1622 2008 1628 1628 2017 1626 1626 2015 1622 1622 2008 1627 1627 2016 1628 1628 2017 1625 1625 2011 274 274 2018 261 261 2013 1625 1625 2011 1623 1623 2009 1629 1629 2019 1625 1625 2011 1629 1629 2019 274 274 2018 262 262 2012 263 263 2020 1624 1624 2010 1626 1626 2015 1628 1628 2017 1630 1630 2021 1626 1626 2015 1631 1631 2022 1623 1623 2009 1626 1626 2015 1630 1630 2021 1632 1632 2023 1626 1626 2015 1633 1633 2024 1631 1631 2022 1626 1626 2015 1632 1632 2023 1633 1633 2024 1623 1623 2009 1631 1631 2022 1629 1629 2019 1627 1627 2016 1624 1624 2010 1634 1634 2025 1627 1627 2016 1635 1635 2026 1628 1628 2017 1627 1627 2016 1634 1634 2025 1636 1636 2027 1627 1627 2016 1636 1636 2027 1635 1635 2026 1624 1624 2010 263 263 2020 1634 1634 2025 274 274 2018 1629 1629 2019 277 277 2028 1630 1630 2021 1637 1637 2029 1632 1632 2023 1630 1630 2021 1628 1628 2017 1638 1638 2030 1630 1630 2021 1639 1639 2031 1637 1637 2029 1630 1630 2021 1638 1638 2030 1639 1639 2031 1628 1628 2017 1635 1635 2026 1638 1638 2030 1633 1633 2024 1640 1640 2032 1631 1631 2022 1633 1633 2024 1632 1632 2023 1641 1641 2033 1633 1633 2024 1641 1641 2033 1640 1640 2032 1629 1629 2019 1640 1640 2032 277 277 2028 1629 1629 2019 1631 1631 2022 1640 1640 2032 1636 1636 2027 1634 1634 2025 1642 1642 2034 1636 1636 2027 1643 1643 2035 1635 1635 2026 1636 1636 2027 1642 1642 2034 1643 1643 2035 1634 1634 2025 263 263 2020 1642 1642 2034 1637 1637 2029 1639 1639 2031 1644 1644 2036 1637 1637 2029 1645 1645 2037 1632 1632 2023 1637 1637 2029 1644 1644 2036 1646 1646 2038 1637 1637 2029 1646 1646 2038 1645 1645 2037 1632 1632 2023 1645 1645 2037 1641 1641 2033 1638 1638 2030 1635 1635 2026 1647 1647 2039 1638 1638 2030 1648 1648 2040 1639 1639 2031 1638 1638 2030 1647 1647 2039 1648 1648 2040 1635 1635 2026 1643 1643 2035 1647 1647 2039 277 277 2028 1640 1640 2032 279 279 2041 1640 1640 2032 1641 1641 2033 279 279 2041 263 263 2020 265 265 2042 1642 1642 2034 1644 1644 2036 1649 1649 2043 1646 1646 2038 1644 1644 2036 1639 1639 2031 1649 1649 2043 1639 1639 2031 1648 1648 2040 1649 1649 2043 1645 1645 2037 322 322 2044 1641 1641 2033 1645 1645 2037 1646 1646 2038 321 321 2045 1645 1645 2037 321 321 2045 322 322 2044 322 322 2044 279 279 2041 1641 1641 2033 1643 1643 2035 1650 1650 2046 1647 1647 2039 1643 1643 2035 1642 1642 2034 1651 1651 2047 1643 1643 2035 1651 1651 2047 1650 1650 2046 1642 1642 2034 265 265 2042 1651 1651 2047 1648 1648 2040 1652 1652 2048 1649 1649 2043 1648 1648 2040 1647 1647 2039 1653 1653 2049 1648 1648 2040 1653 1653 2049 1652 1652 2048 1647 1647 2039 1650 1650 2046 1653 1653 2049 1646 1646 2038 1654 1654 2050 321 321 2045 1646 1646 2038 1649 1649 2043 1654 1654 2050 1649 1649 2043 1652 1652 2048 1654 1654 2050 265 265 2042 266 266 2051 1651 1651 2047 1650 1650 2046 1655 1655 2052 1653 1653 2049 1650 1650 2046 1651 1651 2047 1656 1656 2053 1650 1650 2046 1656 1656 2053 1655 1655 2052 1651 1651 2047 266 266 2051 1656 1656 2053 321 321 2045 1654 1654 2050 315 315 2054 1652 1652 2048 1653 1653 2049 1657 1657 2055 1652 1652 2048 1658 1658 2056 1654 1654 2050 1652 1652 2048 1657 1657 2055 1658 1658 2056 1654 1654 2050 1658 1658 2056 315 315 2054 1653 1653 2049 1655 1655 2052 1657 1657 2055 266 266 2051 269 269 2057 1656 1656 2053 1658 1658 2056 305 305 2058 315 315 2054 1658 1658 2056 1657 1657 2055 1659 1659 2059 1658 1658 2056 1659 1659 2059 305 305 2058 1655 1655 2052 1656 1656 2053 1660 1660 2060 1655 1655 2052 1661 1661 2061 1657 1657 2055 1655 1655 2052 1660 1660 2060 1661 1661 2061 1656 1656 2053 269 269 2057 1660 1660 2060 1659 1659 2059 303 303 2062 305 305 2058 1659 1659 2059 1657 1657 2055 1662 1662 2063 1659 1659 2059 286 286 2064 303 303 2062 1659 1659 2059 1662 1662 2063 286 286 2064 1661 1661 2061 1660 1660 2060 1662 1662 2063 1661 1661 2061 1662 1662 2063 1657 1657 2055 269 269 2057 271 271 2065 1660 1660 2060 271 271 2065 286 286 2064 1662 1662 2063 271 271 2065 1662 1662 2063 1660 1660 2060 1663 1663 2066 1664 1664 2067 1665 1665 2068 1663 1663 2066 1666 1666 2069 1664 1664 2067 1663 1663 2066 1665 1665 2068 1667 1667 2070 1663 1663 2066 429 429 2071 1666 1666 2069 1663 1663 2066 1667 1667 2070 452 452 2072 1663 1663 2066 431 431 2073 429 429 2071 1663 1663 2066 452 452 2072 431 431 2073 1664 1664 2067 1668 1668 2074 1665 1665 2068 1664 1664 2067 1666 1666 2069 1669 1669 2075 1664 1664 2067 1670 1670 2076 1668 1668 2074 1664 1664 2067 1669 1669 2075 1670 1670 2076 1667 1667 2070 455 455 2077 452 452 2072 1667 1667 2070 1665 1665 2068 1671 1671 2078 1667 1667 2070 1672 1672 2079 455 455 2077 1667 1667 2070 1671 1671 2078 1672 1672 2079 429 429 2071 428 428 2080 1666 1666 2069 1666 1666 2069 428 428 2080 1669 1669 2075 1668 1668 2074 1670 1670 2076 1673 1673 2081 1668 1668 2074 1674 1674 2082 1665 1665 2068 1668 1668 2074 1673 1673 2081 1675 1675 2083 1668 1668 2074 1676 1676 2084 1674 1674 2082 1668 1668 2074 1675 1675 2083 1676 1676 2084 1665 1665 2068 1674 1674 2082 1671 1671 2078 455 455 2077 1672 1672 2079 1677 1677 2085 455 455 2077 1677 1677 2085 459 459 2086 428 428 2080 427 427 2087 1669 1669 2075 1670 1670 2076 1678 1678 2088 1673 1673 2081 1670 1670 2076 1669 1669 2075 1678 1678 2088 1669 1669 2075 427 427 2087 1678 1678 2088 1675 1675 2083 1679 1679 2089 1676 1676 2084 1675 1675 2083 1673 1673 2081 1680 1680 2090 1675 1675 2083 1681 1681 2091 1679 1679 2089 1675 1675 2083 1680 1680 2090 1681 1681 2091 1673 1673 2081 1678 1678 2088 1680 1680 2090 1674 1674 2082 1682 1682 2092 1671 1671 2078 1674 1674 2082 1676 1676 2084 1683 1683 2093 1674 1674 2082 1683 1683 2093 1682 1682 2092 1672 1672 2079 1684 1684 2094 1677 1677 2085 1672 1672 2079 1671 1671 2078 1684 1684 2094 1671 1671 2078 1682 1682 2092 1684 1684 2094 459 459 2086 1677 1677 2085 1685 1685 2095 459 459 2086 1685 1685 2095 460 460 2096 427 427 2087 491 491 2097 1678 1678 2088 1678 1678 2088 491 491 2097 1680 1680 2090 1679 1679 2089 1681 1681 2091 1686 1686 2098 1679 1679 2089 1687 1687 2099 1676 1676 2084 1679 1679 2089 1686 1686 2098 1688 1688 2100 1679 1679 2089 1688 1688 2100 1687 1687 2099 1676 1676 2084 1687 1687 2099 1683 1683 2093 1682 1682 2092 1689 1689 2101 1684 1684 2094 1682 1682 2092 1683 1683 2093 1690 1690 2102 1682 1682 2092 1690 1690 2102 1689 1689 2101 1677 1677 2085 1689 1689 2101 1685 1685 2095 1677 1677 2085 1684 1684 2094 1689 1689 2101 460 460 2096 1685 1685 2095 1691 1691 2103 460 460 2096 1691 1691 2103 467 467 2104 491 491 2097 490 490 2105 1680 1680 2090 1680 1680 2090 490 490 2105 1681 1681 2091 1686 1686 2098 1692 1692 2106 1688 1688 2100 1686 1686 2098 1681 1681 2091 489 489 2107 1686 1686 2098 1693 1693 2108 1692 1692 2106 1686 1686 2098 489 489 2107 1693 1693 2108 1681 1681 2091 490 490 2105 489 489 2107 1688 1688 2100 1692 1692 2106 1687 1687 2099 1683 1683 2093 1694 1694 2109 1690 1690 2102 1683 1683 2093 1687 1687 2099 1694 1694 2109 1687 1687 2099 1692 1692 2106 1694 1694 2109 1689 1689 2101 1695 1695 2110 1685 1685 2095 1689 1689 2101 1690 1690 2102 1695 1695 2110 1685 1685 2095 1695 1695 2110 1691 1691 2103 467 467 2104 1691 1691 2103 1696 1696 2111 467 467 2104 1696 1696 2111 469 469 2112 1693 1693 2108 489 489 2107 487 487 2113 1693 1693 2108 1697 1697 2114 1692 1692 2106 1693 1693 2108 487 487 2113 1698 1698 2115 1693 1693 2108 1698 1698 2115 1697 1697 2114 1692 1692 2106 1697 1697 2114 1694 1694 2109 1690 1690 2102 1699 1699 2116 1695 1695 2110 1690 1690 2102 1694 1694 2109 1699 1699 2116 1694 1694 2109 1697 1697 2114 1699 1699 2116 1691 1691 2103 1700 1700 2117 1696 1696 2111 1691 1691 2103 1695 1695 2110 1700 1700 2117 1695 1695 2110 1699 1699 2116 1700 1700 2117 469 469 2112 1696 1696 2111 1701 1701 2118 469 469 2112 1701 1701 2118 477 477 2119 487 487 2113 482 482 2120 1698 1698 2115 1697 1697 2114 1702 1702 2121 1699 1699 2116 1697 1697 2114 1698 1698 2115 1702 1702 2121 1699 1699 2116 1702 1702 2121 1700 1700 2117 1696 1696 2111 1703 1703 2122 1701 1701 2118 1696 1696 2111 1700 1700 2117 1703 1703 2122 1703 1703 2122 1702 1702 2121 1701 1701 2118 1703 1703 2122 1700 1700 2117 1702 1702 2121 477 477 2119 1701 1701 2118 1704 1704 2123 477 477 2119 1704 1704 2123 479 479 2124 1704 1704 2123 482 482 2120 479 479 2124 1704 1704 2123 1702 1702 2121 1698 1698 2115 1704 1704 2123 1701 1701 2118 1702 1702 2121 1704 1704 2123 1698 1698 2115 482 482 2120</p>
        </triangles>
      </mesh>
    </geometry>
  </library_geometries>
  <library_controllers>
    <controller id="geom-Ariados-skin1">
      <skin source="#geom-Ariados">
        <bind_shape_matrix>1 0 0 0 0 1 0 0 0 0 1 0 0 0 0 1</bind_shape_matrix>
        <source id="geom-Ariados-skin1-joints">
          <Name_array id="geom-Ariados-skin1-joints-array" count="20">joint0 joint1 joint2 joint3 joint4 joint5 joint6 joint7 joint8 joint9 joint10 joint11 joint12 joint13 joint14 joint15 joint16 joint17 joint18 joint19</Name_array>
          <technique_common>
            <accessor source="#geom-Ariados-skin1-joints-array" count="20" stride="1">
              <param name="JOINT" type="name"/>
            </accessor>
          </technique_common>
        </source>
        <source id="geom-Ariados-skin1-bind_poses">
          <float_array id="geom-Ariados-skin1-bind_poses-array" count="320">6.36632e-6 1 -2.44324e-6 5.300934 1 -6.36633e-6 -3.57625e-7 2.5623e-5 -3.5764e-7 -2.44324e-6 -1 20.60859 0 0 0 1 0.4729738 -7.19397e-6 0.8810769 -41.28244 -0.8810769 1.39615e-5 0.4729738 -9.831989 -1.57037e-5 -1 2.64986e-7 12.87006 0 0 0 1 0.7979378 -1.03958e-5 0.6027402 -24.24722 -1.12945e-5 -1 -2.29533e-6 0.5647152 0.6027402 -4.97613e-6 -0.7979378 5.657993 0 0 0 1 0.6843966 -6.26966e-6 -0.7291099 1.033035 -1.14997e-5 -1 -2.19542e-6 0.5647184 -0.7291099 9.8871e-6 -0.6843966 43.42421 0 0 0 1 0.6843966 -6.26966e-6 -0.7291099 -33.05757 -1.14997e-5 -1 -2.19542e-6 0.5647184 -0.7291099 9.8871e-6 -0.6843966 43.42421 0 0 0 1 -0.4730242 5.75863e-7 0.8810498 -41.28194 -0.8810498 1.10895e-6 -0.4730242 9.833166 -1.24944e-6 -1 -1.71975e-8 12.87002 0 0 0 1 -0.7979705 2.99815e-6 0.6026969 -24.24643 5.36053e-6 1 2.12279e-6 -0.5646486 -0.6026969 4.92469e-6 -0.7979705 5.658749 0 0 0 1 -0.6843576 5.11464e-6 -0.7291463 1.033827 5.32867e-6 1 2.0132e-6 -0.5646453 0.7291463 -2.50763e-6 -0.6843576 43.4235 0 0 0 1 -0.6843576 5.11464e-6 -0.7291463 -33.05688 5.32867e-6 1 2.0132e-6 -0.5646493 0.7291463 -2.50763e-6 -0.6843576 43.42355 0 0 0 1 6.37531e-6 0.9972409 0.07423323 -24.91657 -1 6.7846e-6 -5.26145e-6 -2.3994e-5 -5.75058e-6 -0.07423322 0.9972411 -24.42559 0 0 0 1 -4.59475e-6 -0.93512 -0.3543313 2.345311 -1 6.19535e-6 -3.38285e-6 5.05567e-5 5.35858e-6 0.3543312 -0.9351202 21.14979 0 0 0 1 4.93144e-7 -1 2.68213e-7 -11.31973 -1 -4.93143e-7 2.81654e-7 -9.23182e-5 -2.81654e-7 -3.5765e-7 -1 18.32796 0 0 0 1 0.1682818 -0.8349823 -0.5239139 -24.08383 0.9853669 0.1278889 0.1126794 -3.74472 -0.02708257 -0.5352092 0.8442851 -27.57288 0 0 0 1 -0.1682879 -0.8349807 -0.5239147 -24.08395 0.9853662 -0.1279006 -0.1126723 3.744356 0.02707021 -0.5352091 0.8442858 -27.57298 0 0 0 1 0.7900919 -8.09034e-6 0.6129885 -13.7199 -8.26948e-6 -1 -2.66268e-6 -11.32756 0.6129888 -3.13666e-6 -0.7900918 8.054767 0 0 0 1 0.6501435 -3.47502e-6 -0.7598118 6.34337 -8.27579e-6 -1 -2.72823e-6 -11.32756 -0.7598119 7.97817e-6 -0.6501432 35.86816 0 0 0 1 0.6501458 -3.47505e-6 -0.7598099 -23.22365 -8.2758e-6 -1 -2.72823e-6 -11.32756 -0.7598099 7.97816e-6 -0.6501455 35.86815 0 0 0 1 -0.7900966 2.08119e-6 0.6129826 -13.71982 4.96838e-6 1 3.08671e-6 11.32753 -0.6129826 5.4248e-6 -0.7900965 8.054858 0 0 0 1 -0.6501374 5.08417e-6 -0.7598164 6.34347 4.64853e-6 0.9999998 2.78903e-6 11.32754 0.7598166 -1.76937e-6 -0.6501374 35.86808 0 0 0 1 -0.6501389 5.08418e-6 -0.7598152 -23.2235 4.64853e-6 0.9999998 2.78903e-6 11.32754 0.7598153 -1.76936e-6 -0.6501389 35.86807 0 0 0 1</float_array>
          <technique_common>
            <accessor source="#geom-Ariados-skin1-bind_poses-array" count="20" stride="16">
              <param name="TRANSFORM" type="float4x4"/>
            </accessor>
          </technique_common>
        </source>
        <source id="geom-Ariados-skin1-weights">
          <float_array id="geom-Ariados-skin1-weights-array" count="2159">1 0.45 0.53 0.02 0.7 0.3 0.45 0.53 0.02 0.7 0.3 0.86 0.14 0.44 0.54 0.02 0.86 0.14 0.95 0.05 0.7 0.3 0.95 0.05 0.99 0.01 0.86 0.14 0.7 0.3 0.43 0.54 0.03 0.86 0.14 0.95 0.05 0.99 0.01 0.7 0.3 0.44 0.54 0.02 0.45 0.53 0.02 0.86 0.14 0.7 0.3 0.45 0.53 0.02 0.99 0.01 0.95 0.05 0.95 0.05 0.99 0.01 0.99 0.01 0.99 0.01 0.86 0.14 0.95 0.05 0.86 0.14 0.7 0.3 0.99 0.01 0.7 0.3 0.45 0.53 0.02 0.86 0.14 0.99 0.01 0.95 0.05 0.95 0.05 0.99 0.01 0.95 0.05 0.86 0.14 0.7 0.3 0.45 0.53 0.02 0.99 0.01 0.99 0.01 0.99 0.01 0.99 0.01 0.95 0.05 0.86 0.14 0.7 0.3 0.86 0.14 0.44 0.54 0.02 0.44 0.54 0.02 0.7 0.3 0.44 0.54 0.02 0.7 0.3 0.86 0.14 0.95 0.05 0.95 0.05 0.99 0.01 0.99 0.01 0.99 0.01 0.93 0.07 0.93 0.07 0.99 0.01 0.99 0.01 0.93 0.07 0.78 0.22 0.99 0.01 0.93 0.07 0.78 0.22 0.99 0.01 0.93 0.07 0.79 0.21 0.99 0.01 0.99 0.01 0.93 0.07 0.93 0.07 0.93 0.07 0.8 0.2 0.8 0.2 0.8 0.2 0.8 0.2 0.62 0.38 0.62 0.38 0.62 0.38 0.62 0.38 0.62 0.38 0.62 0.38 0.62 0.38 0.43 0.57 0.43 0.57 0.43 0.57 0.43 0.57 0.43 0.57 0.43 0.57 0.43 0.57 0.25 0.75 0.62 0.38 0.43 0.57 0.25 0.75 0.25 0.75 0.25 0.75 0.25 0.75 0.25 0.75 0.25 0.75 0.25 0.75 0.09 0.91 0.09 0.91 0.09 0.91 0.09 0.91 0.09 0.91 0.09 0.91 0.09 0.91 0.09 0.91 0.03 0.97 0.25 0.75 0.09 0.91 0.03 0.97 0.03 0.97 0.03 0.97 0.03 0.97 0.03 0.97 0.03 0.97 0.03 0.97 0.01 0.99 0.01 0.99 0.01 0.99 0.01 0.99 0.01 0.99 0.01 0.99 0.01 0.99 0.01 0.99 0.01 0.99 0.03 0.97 0.25 0.75 0.09 0.91 0.03 0.97 0.01 0.99 0.25 0.75 0.09 0.91 0.03 0.97 0.01 0.99 0.01 0.99 0.03 0.97 0.09 0.91 0.25 0.75 0.43 0.57 0.43 0.57 0.62 0.38 0.43 0.57 0.62 0.38 0.78 0.22 0.43 0.57 0.62 0.38 0.62 0.38 0.78 0.22 0.78 0.22 0.78 0.22 0.93 0.07 0.93 0.07 0.93 0.07 0.99 0.01 0.99 0.01 0.93 0.07 0.78 0.22 0.5 0.5 0.26 0.74 0.5 0.5 0.26 0.74 0.26 0.74 0.49 0.51 0.11 0.89 0.11 0.89 0.11 0.89 0.26 0.74 0.49 0.51 0.49 0.51 0.04 0.96 0.04 0.96 0.04 0.96 0.11 0.89 0.26 0.74 0.49 0.51 0.01 0.99 0.01 0.99 0.01 0.99 0.11 0.89 0.26 0.74 0.49 0.51 0.04 0.96 0.01 0.99 0.01 0.99 0.04 0.96 0.11 0.89 0.04 0.96 0.26 0.74 0.11 0.89 0.49 0.51 0.26 0.74 0.49 0.51 0.01 0.99 0.04 0.96 0.11 0.89 0.26 0.74 0.01 0.99 0.04 0.96 0.11 0.89 0.01 0.99 0.04 0.96 0.01 0.99 0.04 0.96 0.01 0.99 0.01 0.99 0.01 0.99 0.04 0.96 0.04 0.96 0.01 0.99 0.11 0.89 0.11 0.89 0.26 0.74 0.49 0.51 0.26 0.74 0.49 0.51 0.26 0.74 0.49 0.51 0.49 0.51 0.11 0.89 0.11 0.89 0.26 0.74 0.49 0.51 0.26 0.74 0.49 0.51 0.04 0.96 0.11 0.89 0.04 0.96 0.01 0.99 0.01 0.99 0.26 0.74 0.11 0.89 0.04 0.96 0.01 0.99 0.04 0.96 0.11 0.89 0.26 0.74 0.49 0.51 0.01 0.99 0.04 0.96 0.11 0.89 0.26 0.74 0.49 0.51 0.01 0.99 0.04 0.96 0.11 0.89 0.26 0.74 0.49 0.51 0.01 0.99 0.04 0.96 0.11 0.89 0.04 0.96 0.26 0.74 0.11 0.89 0.49 0.51 0.26 0.74 0.49 0.51 0.49 0.51 0.01 0.99 0.04 0.96 0.01 0.99 0.11 0.89 0.26 0.74 0.5 0.5 0.26 0.74 0.11 0.89 0.04 0.96 0.01 0.99 0.01 0.75 0.24 0.03 0.7600001 0.21 0.15 0.77 0.08000001 0.14 0.77 0.09 0.02 0.73 0.25 0.15 0.77 0.08000001 0.15 0.76 0.09 0.15 0.76 0.09 0.02 0.72 0.26 0.14 0.76 0.1 0.02 0.72 0.26 0.14 0.76 0.1 0.02 0.72 0.26 0.14 0.76 0.1 0.01 0.72 0.27 0.11 0.76 0.13 0.01 0.72 0.27 0.01 0.72 0.27 0.14 0.76 0.1 0.01 0.72 0.27 0.02 0.72 0.26 0.14 0.76 0.1 0.02 0.72 0.26 0.14 0.76 0.1 0.45 0.53 0.02 0.14 0.76 0.1 0.44 0.54 0.02 0.02 0.72 0.26 0.14 0.76 0.1 0.43 0.54 0.03 0.01 0.72 0.27 0.01 0.72 0.27 0.11 0.76 0.13 0.01 0.72 0.27 0.01 0.72 0.27 0.44 0.54 0.02 0.14 0.76 0.1 0.02 0.72 0.26 0.14 0.76 0.1 0.45 0.53 0.02 0.02 0.72 0.26 0.14 0.76 0.1 0.02 0.72 0.26 0.45 0.53 0.02 0.45 0.53 0.02 0.15 0.76 0.09 0.45 0.53 0.02 0.02 0.73 0.25 0.15 0.76 0.09 0.44 0.54 0.02 0.15 0.77 0.08000001 0.03 0.7600001 0.21 0.15 0.77 0.08000001 0.44 0.54 0.02 0.7 0.3 0.7 0.3 0.86 0.14 0.86 0.14 0.95 0.05 0.7 0.3 0.86 0.14 0.95 0.05 0.99 0.01 0.7 0.3 0.86 0.14 0.7 0.3 0.99 0.01 0.95 0.05 0.95 0.05 0.99 0.01 0.99 0.01 0.86 0.14 0.95 0.05 0.86 0.14 0.7 0.3 0.99 0.01 0.7 0.3 0.86 0.14 0.99 0.01 0.95 0.05 0.95 0.05 0.99 0.01 0.95 0.05 0.86 0.14 0.7 0.3 0.99 0.01 0.95 0.05 0.86 0.14 0.7 0.3 0.86 0.14 0.7 0.3 0.95 0.05 0.99 0.01 0.99 0.01 0.99 0.01 0.99 0.01 0.99 0.01 0.99 0.01 0.99 0.01 0.99 0.01 0.93 0.07 0.93 0.07 0.93 0.07 0.93 0.07 0.93 0.07 0.93 0.07 0.99 0.01 0.99 0.01 0.93 0.07 0.78 0.22 0.78 0.22 0.79 0.21 0.8 0.2 0.8 0.2 0.8 0.2 0.99 0.01 0.93 0.07 0.78 0.22 0.62 0.38 0.62 0.38 0.62 0.38 0.78 0.22 0.93 0.07 0.99 0.01 0.93 0.07 0.78 0.22 0.78 0.22 0.62 0.38 0.62 0.38 0.62 0.38 0.43 0.57 0.43 0.57 0.43 0.57 0.25 0.75 0.43 0.57 0.25 0.75 0.25 0.75 0.43 0.57 0.25 0.75 0.09 0.91 0.09 0.91 0.09 0.91 0.43 0.57 0.25 0.75 0.09 0.91 0.03 0.97 0.03 0.97 0.01 0.99 0.01 0.99 0.01 0.99 0.03 0.97 0.03 0.97 0.01 0.99 0.09 0.91 0.03 0.97 0.01 0.99 0.25 0.75 0.09 0.91 0.03 0.97 0.01 0.99 0.62 0.38 0.43 0.57 0.62 0.38 0.25 0.75 0.43 0.57 0.62 0.38 0.09 0.91 0.25 0.75 0.43 0.57 0.62 0.38 0.43 0.57 0.25 0.75 0.25 0.75 0.09 0.91 0.09 0.91 0.09 0.91 0.03 0.97 0.03 0.97 0.03 0.97 0.03 0.97 0.01 0.99 0.01 0.99 0.01 0.99 0.01 0.99 0.01 0.99 0.03 0.97 0.03 0.97 0.01 0.99 0.03 0.97 0.01 0.99 0.07 0.93 0.03 0.97 0.07 0.93 0.03 0.97 0.07 0.93 0.07 0.93 0.14 0.86 0.07 0.93 0.14 0.86 0.01 0.99 0.01 0.99 0.14 0.86 0.42 0.58 0.14 0.86 0.14 0.86 0.42 0.58 0.61 0.39 0.42 0.58 0.42 0.58 0.61 0.39 0.86 0.14 0.42 0.58 0.61 0.39 0.78 0.22 0.86 0.14 0.98 0.02 0.61 0.39 0.86 0.14 0.96 0.04 0.98 0.02 0.86 0.14 0.98 0.02 0.98 0.02 0.98 0.02 0.01 0.99 0.03 0.97 0.03 0.97 0.01 0.99 0.03 0.97 0.01 0.99 0.07 0.93 0.07 0.93 0.07 0.93 0.14 0.86 0.14 0.86 0.14 0.86 0.42 0.58 0.61 0.39 0.42 0.58 0.86 0.14 0.42 0.58 0.61 0.39 0.98 0.02 0.86 0.14 0.61 0.39 0.98 0.02 0.86 0.14 0.98 0.02 0.51 0.49 0.73 0.27 0.73 0.27 0.51 0.49 0.73 0.27 0.05 0.95 0.51 0.49 0.05 0.95 0.05 0.95 0.73 0.27 0.73 0.27 0.02 0.98 0.05 0.95 0.02 0.98 0.05 0.95 0.02 0.98 0.02 0.98 0.51 0.49 0.73 0.27 0.51 0.49 0.73 0.27 0.02 0.98 0.02 0.98 0.51 0.49 0.73 0.27 0.02 0.98 0.05 0.95 0.51 0.49 0.05 0.95 0.51 0.49 0.02 0.98 0.05 0.95 0.97 0.03 0.97 0.03 0.97 0.03 0.75 0.25 0.75 0.25 0.97 0.03 0.97 0.03 0.97 0.03 0.28 0.72 0.75 0.25 0.28 0.72 0.97 0.03 0.97 0.03 0.28 0.72 0.75 0.25 0.75 0.25 0.75 0.25 0.75 0.25 0.75 0.25 0.28 0.72 0.28 0.72 0.28 0.72 0.28 0.72 0.28 0.72 0.22 0.78 0.01 0.99 0.03 0.97 0.01 0.99 0.03 0.97 0.03 0.97 0.01 0.99 0.03 0.97 0.07 0.93 0.07 0.93 0.03 0.97 0.07 0.93 0.07 0.93 0.01 0.99 0.14 0.86 0.07 0.93 0.14 0.86 0.01 0.99 0.14 0.86 0.42 0.58 0.14 0.86 0.14 0.86 0.42 0.58 0.61 0.39 0.42 0.58 0.61 0.39 0.86 0.14 0.42 0.58 0.42 0.58 0.86 0.14 0.98 0.02 0.61 0.39 0.61 0.39 0.78 0.22 0.98 0.02 0.86 0.14 0.96 0.04 0.86 0.14 0.98 0.02 0.98 0.02 0.98 0.02 0.01 0.99 0.03 0.97 0.01 0.99 0.03 0.97 0.03 0.97 0.01 0.99 0.07 0.93 0.07 0.93 0.07 0.93 0.14 0.86 0.14 0.86 0.14 0.86 0.42 0.58 0.61 0.39 0.86 0.14 0.61 0.39 0.86 0.14 0.42 0.58 0.42 0.58 0.86 0.14 0.98 0.02 0.98 0.02 0.61 0.39 0.98 0.02 0.51 0.49 0.73 0.27 0.51 0.49 0.73 0.27 0.05 0.95 0.73 0.27 0.05 0.95 0.51 0.49 0.05 0.95 0.73 0.27 0.02 0.98 0.05 0.95 0.02 0.98 0.73 0.27 0.02 0.98 0.05 0.95 0.02 0.98 0.51 0.49 0.73 0.27 0.02 0.98 0.51 0.49 0.73 0.27 0.02 0.98 0.51 0.49 0.73 0.27 0.02 0.98 0.05 0.95 0.51 0.49 0.05 0.95 0.51 0.49 0.02 0.98 0.05 0.95 0.97 0.03 0.97 0.03 0.97 0.03 0.75 0.25 0.75 0.25 0.97 0.03 0.97 0.03 0.97 0.03 0.28 0.72 0.75 0.25 0.28 0.72 0.97 0.03 0.97 0.03 0.75 0.25 0.28 0.72 0.75 0.25 0.75 0.25 0.75 0.25 0.28 0.72 0.75 0.25 0.28 0.72 0.28 0.72 0.28 0.72 0.28 0.72 0.22 0.78 0.27 0.73 0.3 0.7 0.3 0.7 0.3 0.7 0.3 0.7 0.3 0.7 0.3 0.7 0.3 0.7 0.3 0.7 0.99 0.01 0.99 0.01 0.99 0.01 0.81 0.19 0.81 0.19 0.99 0.01 0.52 0.48 0.81 0.19 0.81 0.19 0.52 0.48 0.27 0.73 0.81 0.19 0.99 0.01 0.27 0.73 0.11 0.89 0.52 0.48 0.52 0.48 0.52 0.48 0.11 0.89 0.09 0.91 0.27 0.73 0.27 0.73 0.27 0.73 0.11 0.89 0.11 0.89 0.11 0.89 0.99 0.01 0.99 0.01 0.81 0.19 0.99 0.01 0.81 0.19 0.81 0.19 0.52 0.48 0.52 0.48 0.52 0.48 0.27 0.73 0.27 0.73 0.27 0.73 0.11 0.89 0.11 0.89 0.11 0.89 0.27 0.73 0.3 0.7 0.3 0.7 0.3 0.7 0.3 0.7 0.3 0.7 0.3 0.7 0.3 0.7 0.3 0.7 0.99 0.01 0.99 0.01 0.99 0.01 0.81 0.19 0.99 0.01 0.81 0.19 0.81 0.19 0.81 0.19 0.81 0.19 0.99 0.01 0.52 0.48 0.52 0.48 0.52 0.48 0.52 0.48 0.52 0.48 0.27 0.73 0.27 0.73 0.27 0.73 0.27 0.73 0.27 0.73 0.11 0.89 0.11 0.89 0.11 0.89 0.11 0.89 0.11 0.89 0.09 0.91 0.99 0.01 0.99 0.01 0.99 0.01 0.81 0.19 0.81 0.19 0.81 0.19 0.52 0.48 0.52 0.48 0.52 0.48 0.27 0.73 0.27 0.73 0.27 0.73 0.11 0.89 0.11 0.89 0.11 0.89 0.56 0.44 0.56 0.44 0.25 0.75 0.92 0.08 0.25 0.75 0.92 0.08 0.56 0.44 0.92 0.08 0.25 0.75 0.56 0.44 0.25 0.75 0.09 0.91 0.09 0.91 0.99 0.01 0.99 0.01 0.25 0.75 0.92 0.08 0.56 0.44 0.09 0.91 0.06 0.94 0.92 0.08 0.99 0.01 0.09 0.91 0.09 0.91 0.99 0.01 0.99 0.01 0.99 0.01 0.92 0.08 0.92 0.08 0.99 0.01 0.56 0.44 0.56 0.44 0.92 0.08 0.99 0.01 0.25 0.75 0.56 0.44 0.25 0.75 0.25 0.75 0.09 0.91 0.09 0.91 0.09 0.91 0.56 0.44 0.25 0.75 0.56 0.44 0.25 0.75 0.92 0.08 0.56 0.44 0.92 0.08 0.92 0.08 0.25 0.75 0.09 0.91 0.09 0.91 0.99 0.01 0.56 0.44 0.99 0.01 0.92 0.08 0.56 0.44 0.25 0.75 0.06 0.94 0.09 0.91 0.99 0.01 0.99 0.01 0.25 0.75 0.09 0.91 0.92 0.08 0.09 0.91 0.99 0.01 0.99 0.01 0.92 0.08 0.92 0.08 0.99 0.01 0.56 0.44 0.92 0.08 0.56 0.44 0.25 0.75 0.56 0.44 0.25 0.75 0.99 0.01 0.09 0.91 0.25 0.75 0.09 0.91 0.09 0.91 0.01 0.99 0.01 0.99 0.96 0.04 0.03 0.97 0.96 0.04 0.03 0.97 0.01 0.99 0.96 0.04 0.03 0.97 0.01 0.99 0.74 0.26 0.03 0.97 0.05 0.95 0.05 0.95 0.96 0.04 0.74 0.26 0.74 0.26 0.05 0.95 0.05 0.95 0.05 0.95 0.03 0.97 0.74 0.26 0.01 0.99 0.96 0.04 0.06 0.94 0.06 0.94 0.06 0.94 0.06 0.94 0.03 0.97 0.06 0.94 0.05 0.95 0.74 0.26 0.01 0.99 0.96 0.04 0.06 0.94 0.03 0.97 0.05 0.95 0.74 0.26 0.01 0.99 0.96 0.04 0.06 0.94 0.74 0.26 0.01 0.99 0.03 0.97 0.05 0.95 0.06 0.94 0.74 0.26 0.96 0.04 0.01 0.99 0.96 0.04 0.01 0.99 0.96 0.04 0.03 0.97 0.01 0.99 0.03 0.97 0.96 0.04 0.74 0.26 0.74 0.26 0.05 0.95 0.03 0.97 0.05 0.95 0.03 0.97 0.74 0.26 0.01 0.99 0.96 0.04 0.06 0.94 0.05 0.95 0.06 0.94 0.74 0.26 0.03 0.97 0.01 0.99 0.06 0.94 0.05 0.95 0.06 0.94 0.05 0.95 0.96 0.04 0.74 0.26 0.05 0.95 0.06 0.94 0.01 0.99 0.03 0.97 0.06 0.94 0.96 0.04 0.74 0.26 0.05 0.95 0.06 0.94 0.01 0.99 0.03 0.97 0.96 0.04 0.74 0.26 0.05 0.95 0.06 0.94 0.01 0.99 0.03 0.97 0.96 0.04 0.74 0.26 0.2 0.8 0.5 0.5 0.5 0.5 0.2 0.8 0.2 0.8 0.1 0.9 0.2 0.8 0.1 0.9 0.1 0.9 0.5 0.5 0.2 0.8 0.02 0.98 0.1 0.9 0.02 0.98 0.1 0.9 0.02 0.98 0.02 0.98 0.2 0.8 0.2 0.8 0.02 0.98 0.2 0.8 0.2 0.8 0.5 0.5 0.2 0.8 0.5 0.5 0.1 0.9 0.2 0.8 0.1 0.9 0.1 0.9 0.02 0.98 0.02 0.98 0.02 0.98 0.2 0.8 0.5 0.5 0.2 0.8 0.5 0.5 0.1 0.9 0.2 0.8 0.1 0.9 0.2 0.8 0.1 0.9 0.5 0.5 0.02 0.98 0.1 0.9 0.02 0.98 0.2 0.8 0.02 0.98 0.1 0.9 0.02 0.98 0.2 0.8 0.2 0.8 0.02 0.98 0.2 0.8 0.2 0.8 0.2 0.8 0.5 0.5 0.1 0.9 0.5 0.5 0.1 0.9 0.2 0.8 0.1 0.9 0.02 0.98 0.02 0.98 0.02 0.98</float_array>
          <technique_common>
            <accessor source="#geom-Ariados-skin1-weights-array" count="2159" stride="1">
              <param name="WEIGHT" type="float"/>
            </accessor>
          </technique_common>
        </source>
        <joints>
          <input semantic="JOINT" source="#geom-Ariados-skin1-joints"/>
          <input semantic="INV_BIND_MATRIX" source="#geom-Ariados-skin1-bind_poses"/>
        </joints>
        <vertex_weights count="1840">
          <input semantic="JOINT" source="#geom-Ariados-skin1-joints" offset="0"/>
          <input semantic="WEIGHT" source="#geom-Ariados-skin1-weights" offset="1"/>
          <vcount>3 2 3 2 2 3 2 2 2 2 2 2 2 3 2 2 2 1 2 3 3 2 2 3 2 1 1 2 2 1 2 1 2 2 2 2 2 2 2 1 1 1 1 2 3 2 2 2 2 2 2 2 2 3 1 1 1 1 1 2 1 2 2 2 2 2 2 2 3 3 2 3 2 2 2 2 2 2 2 1 1 1 1 2 2 1 2 1 2 2 2 1 2 2 2 1 2 2 2 1 2 2 2 2 2 2 2 2 2 2 2 2 2 2 2 2 2 2 2 2 2 2 2 2 2 2 2 2 2 2 2 2 2 2 2 2 2 2 2 2 2 2 2 2 2 2 2 2 2 2 2 2 2 2 2 2 2 2 2 2 2 2 2 2 2 2 2 2 2 2 2 2 2 2 2 2 2 2 2 2 2 2 2 2 2 2 2 2 2 2 2 2 2 2 2 2 2 2 2 2 2 2 2 2 2 2 2 2 2 2 2 2 1 2 2 2 2 2 2 1 1 1 1 1 2 2 2 2 2 2 2 2 2 1 1 1 1 1 1 1 2 2 2 2 1 1 1 1 1 1 1 1 1 1 1 2 1 1 2 2 1 1 1 1 1 1 1 1 1 1 1 1 1 1 1 1 1 1 1 1 2 1 2 2 2 1 1 1 1 1 1 1 1 1 1 1 1 1 1 1 1 1 1 1 1 1 1 1 1 1 1 1 1 1 1 1 1 1 1 1 1 1 1 1 1 1 1 1 1 1 1 1 1 1 1 1 1 1 1 1 1 1 2 2 2 1 1 1 1 1 2 2 2 1 1 1 1 1 1 1 1 1 1 1 1 1 1 1 2 2 2 2 2 2 2 2 2 2 2 2 2 2 2 2 2 2 2 1 2 1 1 2 2 2 2 2 2 2 2 1 1 1 2 2 2 2 2 1 2 2 2 2 2 1 1 2 2 2 2 2 2 2 2 2 2 1 1 1 1 1 1 1 1 2 2 2 2 2 2 2 2 2 2 1 1 1 1 1 1 1 1 1 1 1 1 1 1 1 1 1 1 1 1 1 1 1 1 1 1 1 1 1 1 1 1 1 1 1 1 1 1 1 1 1 1 1 1 1 1 1 1 1 3 3 3 3 3 3 3 3 3 3 3 3 3 3 3 3 3 3 3 3 3 3 3 3 3 3 3 3 3 3 3 3 3 3 3 3 3 3 3 3 3 3 3 3 3 3 3 3 3 3 3 3 3 3 2 2 2 2 2 2 2 2 2 2 2 2 2 1 2 2 1 2 2 1 2 2 2 2 2 1 1 1 1 2 2 2 1 2 2 2 2 2 2 1 2 2 2 2 2 2 2 2 2 1 1 1 1 1 1 1 1 2 2 2 2 2 1 2 1 2 2 2 2 2 2 2 1 2 2 2 2 2 2 2 2 2 2 2 2 2 2 2 2 2 2 2 2 2 2 2 2 2 2 2 2 2 2 2 2 2 2 2 2 2 2 2 2 2 2 2 2 2 2 2 2 2 2 2 2 2 2 2 2 2 2 2 2 2 2 2 2 2 2 2 2 2 2 2 2 2 2 2 2 2 1 1 1 1 1 1 1 1 1 1 1 1 1 1 1 1 1 1 1 1 1 1 1 1 1 1 1 1 1 1 1 1 1 1 1 1 1 1 1 1 1 1 1 1 1 1 1 1 1 1 1 1 1 1 1 1 1 1 1 1 1 1 1 1 1 1 1 1 1 1 1 1 1 1 1 1 1 1 1 1 1 1 1 1 1 1 1 1 1 1 1 1 1 1 1 1 1 1 1 1 1 1 1 1 1 1 1 1 1 1 1 2 2 2 2 2 1 2 1 1 2 2 2 2 2 2 1 1 1 1 1 1 2 2 2 2 2 2 1 1 1 1 2 2 2 1 1 1 2 2 2 2 1 1 1 2 2 2 2 2 1 1 2 2 2 2 2 2 2 2 2 2 2 2 2 2 2 1 2 1 1 2 2 1 1 2 2 1 1 2 2 1 1 2 2 2 1 2 2 2 1 1 2 2 2 2 2 2 2 2 2 2 2 2 2 2 2 2 2 2 2 2 2 2 2 2 2 2 2 1 2 1 2 1 1 2 2 2 2 2 1 1 1 1 1 2 1 1 1 2 2 2 2 1 2 1 1 2 2 2 1 2 2 2 2 2 2 2 2 2 2 2 2 2 2 2 2 2 2 2 2 2 2 2 2 1 2 1 2 1 2 2 2 1 1 1 2 2 2 1 1 1 2 2 2 2 1 1 1 2 2 1 2 2 2 1 1 1 2 2 2 1 1 1 1 2 2 2 2 1 2 2 2 2 2 2 2 2 2 2 2 2 2 2 2 2 1 2 1 2 1 2 1 2 1 2 2 1 1 2 2 1 1 2 2 1 1 2 2 2 2 2 1 2 2 2 2 2 2 2 2 2 2 2 2 2 2 2 2 2 2 2 2 2 2 2 2 1 2 1 2 2 1 2 1 2 2 2 2 1 1 1 1 1 2 2 1 1 1 2 2 2 2 1 2 1 1 2 2 2 1 2 2 2 2 2 2 2 2 2 2 2 2 2 2 2 2 2 2 2 2 2 2 2 2 2 2 2 2 2 1 2 2 2 1 1 1 1 1 2 2 1 2 1 1 1 2 2 2 1 1 1 1 2 2 2 2 1 1 1 1 1 1 2 2 2 2 2 1 1 1 1 1 2 2 2 2 2 1 1 1 1 2 2 2 1 1 1 2 2 1 1 1 2 2 2 2 1 1 1 1 1 2 2 1 1 2 2 1 1 2 2 1 1 1 2 2 2 1 1 2 2 2 2 2 2 2 2 2 1 2 2 1 2 1 1 1 1 2 2 2 2 2 1 1 1 1 1 2 1 2 2 2 2 1 1 1 1 1 2 2 1 2 2 1 1 1 1 1 2 2 2 2 1 1 1 1 2 2 2 2 1 1 1 2 1 1 2 1 2 1 1 2 2 2 2 1 1 1 1 1 2 2 1 1 2 1 1 2 2 2 1 1 1 2 2 2 1 1 2 2 2 2 2 2 2 2 2 2 2 2 2 2 2 2 2 2 2 2 1 2 1 2 2 2 2 1 1 1 2 1 1 1 1 1 1 1 1 1 1 1 1 1 1 1 1 1 1 1 1 1 1 1 1 1 1 2 2 2 2 1 2 2 1 2 2 2 2 2 1 1 1 2 2 2 1 1 1 2 1 1 1 1 1 1 1 1 1 1 2 2 2 2 2 2 2 2 2 2 2 2 2 2 2 2 2 2 2 2 2 2 2 2 1 1 1 1 2 2 1 1 1 1 1 1 1 1 1 1 1 1 1 1 1 1 1 1 1 1 1 1 1 1 1 1 1 2 2 2 2 1 2 2 2 1 1 2 2 2 2 1 2 2 2 1 1 1 1 1 1 2 1 1 1 1 1 1 1 1 2 2 2 2 2 2 2 2 2 2 2 2 2 2 2 2 2 2 2 2 2 2 2 2 2 2 2 2 2 2 2 2 2 2 2 2 2 2 2 2 2 2 2 2 2 2 2 2 2 2 2 2 2 2 2 2 2 2 2 2 2 2 2 2 2 2 2 2 2 2 2 2 2 2 2 2 2 2 2 2 2 2 2 2 2 2 2 2 2 2 2 2 2 2 2 2 1 1 1 1 1 1 1 1 1 1 1 1 1 1 1 1 1 1 1 1 1 1 1 1 1 1 1 1 1 1 1 1 1 1 1 1 1 1 1 1 1 1 1 1 1 1 1 1 1 1 1 1 1 1 1 1 1 1 1 1 1 1 1 1 1 1 1 1 1 1 1 1 1 1 1 1 1 1 1 1 1 1 1 1 2 2 2 2 2 2 2 2 2 2 2 2 2 2 2 2 2 2 2 1 1 2 1 1 1 1 1 1 1 1 1 2 2 2 2 2 2 2 2 2 2 2 2 1 1 1 1 1 1 2 2 2 2 2 2 2 2 2 2 2 2 2 2 2 2 2 2 1 2 1 2 1 1 1 1 1 1 1 1 1 2 2 2 2 2 2 2 2 2 2 2 2 1 1 1 1 1 1 1 1 1 1 1 1 1 1 1 1 1 1 1 1 1 1 1 1 1 1 1 1 1 1 1 1 1 1 1 1 1 1 1 1 1 1 1</vcount>
          <v>0 1 10 2 11 3 0 4 10 5 0 6 10 7 11 8 0 9 10 10 0 11 10 12 0 13 10 14 11 15 0 16 10 17 0 18 10 19 0 20 10 21 0 22 10 23 0 24 10 25 0 26 10 27 0 28 10 29 0 30 10 31 11 32 0 33 10 34 0 35 10 36 0 37 10 38 0 0 0 39 10 40 0 41 10 42 11 43 0 44 10 45 11 46 0 47 10 48 0 49 10 50 0 51 10 52 11 53 0 54 10 55 0 0 0 0 0 56 10 57 0 58 10 59 0 0 0 60 9 61 0 0 0 62 10 63 0 64 10 65 0 66 10 67 0 68 10 69 0 70 10 71 0 72 10 73 0 74 10 75 0 0 0 0 0 0 0 0 0 76 10 77 0 78 10 79 11 80 0 81 10 82 0 83 10 84 0 85 10 86 0 87 10 88 0 89 10 90 0 91 10 92 0 93 10 94 0 95 10 96 0 97 10 98 11 99 0 0 0 0 0 0 0 0 0 0 0 100 9 101 0 0 0 102 9 103 0 104 9 105 0 106 10 107 0 108 10 109 0 110 10 111 0 112 10 113 0 114 10 115 0 116 10 117 11 118 0 119 10 120 11 121 0 122 10 123 0 124 10 125 11 126 0 127 10 128 0 129 10 130 0 131 10 132 0 133 10 134 0 135 10 136 0 137 10 138 0 139 10 140 0 0 0 0 0 0 0 0 0 141 9 142 0 143 9 144 0 0 0 145 9 146 0 0 0 147 9 148 0 149 9 150 0 151 9 152 0 0 0 153 9 154 0 155 9 156 0 157 9 158 0 0 0 159 9 160 0 161 9 162 0 163 9 164 0 0 0 165 9 166 0 167 9 168 0 169 9 170 0 171 9 172 0 173 9 174 0 175 9 176 0 177 9 178 0 179 9 180 0 181 9 182 0 183 9 184 0 185 9 186 0 187 9 188 0 189 9 190 0 191 9 192 0 193 9 194 0 195 9 196 0 197 9 198 0 199 9 200 0 201 9 202 0 203 9 204 0 205 9 206 0 207 9 208 0 209 9 210 0 211 9 212 0 213 9 214 0 215 9 216 0 217 9 218 0 219 9 220 0 221 9 222 0 223 9 224 0 225 9 226 0 227 9 228 0 229 9 230 0 231 9 232 0 233 9 234 0 235 9 236 0 237 9 238 0 239 9 240 0 241 9 242 0 243 9 244 0 245 9 246 0 247 9 248 0 249 9 250 0 251 9 252 0 253 9 254 0 255 9 256 0 257 9 258 0 259 9 260 0 261 9 262 0 263 9 264 0 265 9 266 0 267 9 268 0 269 9 270 0 271 9 272 0 273 9 274 0 275 9 276 0 277 9 278 0 279 9 280 0 281 9 282 0 283 9 284 0 285 9 286 0 287 9 288 0 289 9 290 0 291 9 292 0 293 9 294 0 295 9 296 0 297 9 298 0 299 9 300 0 301 9 302 0 303 9 304 0 305 9 306 0 307 9 308 0 309 9 310 0 311 9 312 0 313 9 314 0 315 9 316 0 317 9 318 0 319 9 320 0 321 9 322 0 323 9 324 0 325 9 326 0 327 9 328 0 329 9 330 0 331 9 332 0 333 9 334 0 335 9 336 0 337 9 338 0 339 9 340 0 341 9 342 0 343 9 344 0 345 9 346 0 347 9 348 10 349 11 350 10 351 11 352 10 353 11 354 10 355 11 356 10 357 11 358 10 359 11 360 10 361 11 362 10 363 11 364 10 365 11 366 10 367 11 368 10 369 11 370 10 371 11 372 10 373 11 374 10 375 11 376 10 377 11 378 10 379 11 380 10 381 11 382 10 383 11 384 10 385 11 386 10 387 11 388 11 0 10 389 11 390 10 391 11 392 10 393 11 394 10 395 11 396 10 397 11 398 10 399 11 400 11 0 11 0 11 0 11 0 11 0 10 401 11 402 10 403 11 404 10 405 11 406 10 407 11 408 10 409 11 410 10 411 11 412 10 413 11 414 10 415 11 416 10 417 11 418 11 0 11 0 11 0 11 0 11 0 11 0 11 0 10 419 11 420 10 421 11 422 10 423 11 424 10 425 11 426 11 0 11 0 11 0 11 0 11 0 11 0 11 0 11 0 11 0 11 0 11 0 10 427 11 428 11 0 11 0 10 429 11 430 10 431 11 432 11 0 11 0 11 0 11 0 11 0 11 0 11 0 11 0 11 0 11 0 11 0 11 0 11 0 11 0 11 0 11 0 11 0 11 0 11 0 11 0 10 433 11 434 11 0 10 435 11 436 10 437 11 438 10 439 11 440 11 0 11 0 11 0 11 0 11 0 11 0 11 0 11 0 11 0 11 0 11 0 11 0 11 0 11 0 11 0 11 0 11 0 11 0 11 0 11 0 11 0 11 0 11 0 11 0 11 0 11 0 11 0 11 0 11 0 11 0 11 0 11 0 11 0 11 0 11 0 11 0 11 0 11 0 11 0 11 0 11 0 11 0 11 0 11 0 11 0 11 0 11 0 11 0 11 0 11 0 11 0 11 0 11 0 11 0 11 0 11 0 11 0 10 441 11 442 10 443 11 444 10 445 11 446 11 0 11 0 11 0 11 0 11 0 10 447 11 448 10 449 11 450 10 451 11 452 11 0 11 0 11 0 11 0 11 0 11 0 11 0 11 0 11 0 11 0 11 0 11 0 11 0 11 0 11 0 10 453 11 454 10 455 11 456 10 457 11 458 10 459 11 460 10 461 11 462 10 463 11 464 10 465 11 466 10 467 11 468 10 469 11 470 10 471 11 472 10 473 11 474 10 475 11 476 10 477 11 478 10 479 11 480 10 481 11 482 10 483 11 484 10 485 11 486 10 487 11 488 10 489 11 490 11 0 10 491 11 492 11 0 11 0 10 493 11 494 10 495 11 496 10 497 11 498 10 499 11 500 10 501 11 502 10 503 11 504 10 505 11 506 10 507 11 508 11 0 11 0 11 0 10 509 11 510 10 511 11 512 10 513 11 514 10 515 11 516 10 517 11 518 11 0 10 519 11 520 10 521 11 522 10 523 11 524 10 525 11 526 10 527 11 528 11 0 11 0 10 529 11 530 10 531 11 532 10 533 11 534 10 535 11 536 10 537 11 538 10 539 11 540 10 541 11 542 10 543 11 544 10 545 11 546 10 547 11 548 11 0 11 0 11 0 11 0 11 0 11 0 11 0 11 0 10 549 11 550 10 551 11 552 10 553 11 554 10 555 11 556 10 557 11 558 10 559 11 560 10 561 11 562 10 563 11 564 10 565 11 566 10 567 11 568 11 0 11 0 11 0 11 0 11 0 11 0 11 0 11 0 11 0 11 0 11 0 11 0 11 0 11 0 11 0 11 0 11 0 11 0 11 0 11 0 11 0 11 0 11 0 11 0 11 0 11 0 11 0 11 0 11 0 11 0 11 0 11 0 11 0 11 0 11 0 11 0 11 0 11 0 11 0 11 0 11 0 11 0 11 0 11 0 11 0 11 0 11 0 11 0 11 0 0 569 10 570 11 571 0 572 10 573 11 574 0 575 10 576 11 577 0 578 10 579 11 580 0 581 10 582 11 583 0 584 10 585 11 586 0 587 10 588 11 589 0 590 10 591 11 592 0 593 10 594 11 595 0 596 10 597 11 598 0 599 10 600 11 601 0 602 10 603 11 604 0 605 10 606 11 607 0 608 10 609 11 610 0 611 10 612 11 613 0 614 10 615 11 616 0 617 10 618 11 619 0 620 10 621 11 622 0 623 10 624 11 625 0 626 10 627 11 628 0 629 10 630 11 631 0 632 10 633 11 634 0 635 10 636 11 637 0 638 10 639 11 640 0 641 10 642 11 643 0 644 10 645 11 646 0 647 10 648 11 649 0 650 10 651 11 652 0 653 10 654 11 655 0 656 10 657 11 658 0 659 10 660 11 661 0 662 10 663 11 664 0 665 10 666 11 667 0 668 10 669 11 670 0 671 10 672 11 673 0 674 10 675 11 676 0 677 10 678 11 679 0 680 10 681 11 682 0 683 10 684 11 685 0 686 10 687 11 688 0 689 10 690 11 691 0 692 10 693 11 694 0 695 10 696 11 697 0 698 10 699 11 700 0 701 10 702 11 703 0 704 10 705 11 706 0 707 10 708 11 709 0 710 10 711 11 712 0 713 10 714 11 715 0 716 10 717 11 718 0 719 10 720 11 721 0 722 10 723 11 724 0 725 10 726 11 727 0 728 10 729 11 730 0 731 10 732 0 733 10 734 0 735 10 736 0 737 10 738 0 739 10 740 0 741 10 742 0 743 10 744 0 745 10 746 0 747 10 748 0 749 10 750 0 751 10 752 0 753 10 754 0 755 10 756 0 0 0 757 10 758 0 759 10 760 0 0 0 761 10 762 0 763 10 764 0 0 0 765 10 766 0 767 10 768 0 769 10 770 0 771 10 772 0 773 10 774 0 0 0 0 0 0 0 0 0 775 10 776 0 777 10 778 0 779 10 780 0 0 0 781 10 782 0 783 10 784 0 785 10 786 0 787 10 788 0 789 10 790 0 791 10 792 0 0 0 793 10 794 0 795 10 796 0 797 10 798 0 799 10 800 0 801 10 802 0 803 10 804 0 805 10 806 0 807 10 808 0 809 10 810 0 0 0 0 0 0 0 0 0 0 0 0 0 0 0 0 0 811 9 812 0 813 9 814 0 815 9 816 0 817 9 818 0 819 9 820 0 0 0 821 9 822 0 0 0 823 9 824 0 825 9 826 0 827 9 828 0 829 9 830 0 831 9 832 0 833 9 834 0 835 9 836 0 0 0 837 9 838 0 839 9 840 0 841 9 842 0 843 9 844 0 845 9 846 0 847 9 848 0 849 9 850 0 851 9 852 0 853 9 854 0 855 9 856 0 857 9 858 0 859 9 860 0 861 9 862 0 863 9 864 0 865 9 866 0 867 9 868 0 869 9 870 0 871 9 872 0 873 9 874 0 875 9 876 0 877 9 878 0 879 9 880 0 881 9 882 0 883 9 884 0 885 9 886 0 887 9 888 0 889 9 890 0 891 9 892 0 893 9 894 0 895 9 896 0 897 9 898 0 899 9 900 0 901 9 902 0 903 9 904 0 905 9 906 0 907 9 908 0 909 9 910 0 911 9 912 0 913 9 914 0 915 9 916 0 917 9 918 0 919 9 920 0 921 9 922 0 923 9 924 0 925 9 926 0 927 9 928 0 929 9 930 0 931 9 932 0 933 9 934 0 935 9 936 0 937 9 938 0 939 9 940 0 941 9 942 0 943 9 944 0 945 9 946 0 947 9 948 0 949 9 950 0 951 9 952 0 953 9 954 0 955 9 956 0 957 9 958 0 959 9 960 0 961 9 962 0 963 9 964 0 965 9 966 0 967 9 968 0 969 9 970 0 971 9 972 0 973 9 974 0 975 9 976 0 977 9 978 0 979 9 980 0 981 9 982 0 983 9 984 0 985 9 986 0 987 9 988 0 989 9 990 9 0 9 0 9 0 9 0 9 0 9 0 9 0 9 0 9 0 9 0 9 0 9 0 9 0 9 0 9 0 9 0 9 0 9 0 9 0 9 0 9 0 9 0 9 0 9 0 9 0 9 0 9 0 9 0 9 0 9 0 9 0 9 0 9 0 9 0 9 0 9 0 9 0 9 0 9 0 9 0 9 0 9 0 9 0 9 0 9 0 9 0 9 0 9 0 9 0 9 0 9 0 9 0 9 0 9 0 9 0 9 0 9 0 9 0 9 0 9 0 9 0 9 0 9 0 9 0 9 0 9 0 9 0 9 0 9 0 9 0 9 0 9 0 9 0 9 0 9 0 9 0 9 0 9 0 9 0 9 0 9 0 9 0 9 0 9 0 9 0 9 0 9 0 9 0 9 0 9 0 9 0 9 0 9 0 9 0 9 0 9 0 9 0 9 0 9 0 9 0 9 0 9 0 9 0 9 0 9 0 9 0 9 0 9 0 9 0 9 0 9 0 0 991 1 992 0 993 1 994 0 995 1 996 0 997 1 998 0 999 1 1000 1 0 0 1001 1 1002 1 0 1 0 0 1003 1 1004 0 1005 1 1006 0 1007 1 1008 0 1009 1 1010 0 1011 1 1012 0 1013 1 1014 1 0 1 0 1 0 1 0 1 0 1 0 0 1015 1 1016 0 1017 1 1018 0 1019 1 1020 0 1021 1 1022 0 1023 1 1024 0 1025 1 1026 1 0 1 0 1 0 1 0 0 1027 1 1028 0 1029 1 1030 0 1031 1 1032 1 0 1 0 1 0 0 1033 1 1034 0 1035 1 1036 0 1037 1 1038 0 1039 1 1040 1 0 1 0 1 0 0 1041 1 1042 0 1043 1 1044 0 1045 1 1046 0 1047 1 1048 0 1049 1 1050 1 0 1 0 0 1051 1 1052 0 1053 1 1054 0 1055 1 1056 0 1057 1 1058 0 1059 1 1060 0 1061 1 1062 0 1063 1 1064 0 1065 1 1066 0 1067 1 1068 0 1069 1 1070 0 1071 1 1072 0 1073 1 1074 0 1075 1 1076 0 1077 1 1078 0 1079 1 1080 1 0 0 1081 1 1082 1 0 1 0 0 1083 1 1084 0 1085 1 1086 1 0 1 0 0 1087 1 1088 0 1089 1 1090 1 0 1 0 0 1091 1 1092 0 1093 1 1094 1 0 1 0 0 1095 1 1096 0 1097 1 1098 0 1099 1 1100 1 0 0 1101 1 1102 0 1103 1 1104 0 1105 1 1106 1 0 1 0 0 1107 1 1108 0 1109 1 1110 0 1111 1 1112 0 1113 1 1114 0 1115 1 1116 0 1117 1 1118 0 1119 2 1120 0 1121 2 1122 0 1123 2 1124 0 1125 2 1126 0 1127 2 1128 0 1129 2 1130 0 1131 2 1132 0 1133 2 1134 0 1135 2 1136 0 1137 2 1138 0 1139 2 1140 0 1141 2 1142 0 1143 2 1144 0 1145 2 1146 0 1147 2 1148 0 1149 2 1150 0 1151 2 1152 0 1153 2 1154 0 1155 2 1156 0 1157 2 1158 0 1159 2 1160 2 0 0 1161 2 1162 2 0 0 1163 2 1164 2 0 2 0 0 1165 2 1166 0 1167 2 1168 0 1169 2 1170 0 1171 2 1172 0 1173 2 1174 2 0 2 0 2 0 2 0 2 0 0 1175 2 1176 2 0 2 0 2 0 0 1177 2 1178 0 1179 2 1180 0 1181 2 1182 2 1183 3 1184 2 0 2 1185 3 1186 2 0 2 0 2 1187 3 1188 2 1189 3 1190 2 1191 3 1192 2 0 2 1193 3 1194 2 1195 3 1196 2 1197 3 1198 2 1199 3 1200 2 1201 3 1202 2 1203 3 1204 2 1205 3 1206 2 1207 3 1208 2 1209 3 1210 2 1211 3 1212 2 1213 3 1214 2 1215 3 1216 2 1217 3 1218 2 1219 3 1220 2 1221 3 1222 2 1223 3 1224 2 1225 3 1226 2 1227 3 1228 2 1229 3 1230 2 1231 3 1232 0 1233 5 1234 0 1235 5 1236 0 1237 5 1238 0 1239 5 1240 5 0 0 1241 5 1242 5 0 0 1243 5 1244 5 0 0 1245 5 1246 0 1247 5 1248 0 1249 5 1250 5 0 5 0 5 0 0 1251 5 1252 0 1253 5 1254 0 1255 5 1256 5 0 5 0 5 0 0 1257 5 1258 0 1259 5 1260 0 1261 5 1262 0 1263 5 1264 5 0 5 0 5 0 0 1265 5 1266 0 1267 5 1268 5 0 0 1269 5 1270 0 1271 5 1272 0 1273 5 1274 5 0 5 0 5 0 0 1275 5 1276 0 1277 5 1278 0 1279 5 1280 5 0 5 0 5 0 5 0 0 1281 5 1282 0 1283 5 1284 0 1285 5 1286 0 1287 5 1288 5 0 0 1289 5 1290 0 1291 5 1292 0 1293 5 1294 0 1295 5 1296 0 1297 5 1298 0 1299 5 1300 0 1301 5 1302 0 1303 5 1304 0 1305 5 1306 0 1307 5 1308 0 1309 5 1310 0 1311 5 1312 0 1313 5 1314 0 1315 5 1316 0 1317 5 1318 0 1319 5 1320 5 0 0 1321 5 1322 5 0 0 1323 5 1324 5 0 0 1325 5 1326 5 0 0 1327 5 1328 5 0 0 1329 5 1330 0 1331 5 1332 5 0 5 0 0 1333 5 1334 0 1335 5 1336 5 0 5 0 0 1337 5 1338 0 1339 5 1340 5 0 5 0 0 1341 5 1342 0 1343 5 1344 0 1345 5 1346 0 1347 5 1348 0 1349 5 1350 5 0 0 1351 5 1352 0 1353 5 1354 0 1355 5 1356 0 1357 5 1358 0 1359 5 1360 0 1361 6 1362 0 1363 6 1364 0 1365 6 1366 0 1367 6 1368 0 1369 6 1370 0 1371 6 1372 0 1373 6 1374 0 1375 6 1376 0 1377 6 1378 0 1379 6 1380 0 1381 6 1382 0 1383 6 1384 0 1385 6 1386 0 1387 6 1388 0 1389 6 1390 0 1391 6 1392 0 1393 6 1394 0 1395 6 1396 0 1397 6 1398 6 0 0 1399 6 1400 6 0 0 1401 6 1402 0 1403 6 1404 6 0 0 1405 6 1406 6 0 0 1407 6 1408 0 1409 6 1410 0 1411 6 1412 0 1413 6 1414 6 0 6 0 6 0 6 0 6 0 0 1415 6 1416 0 1417 6 1418 6 0 6 0 6 0 0 1419 6 1420 0 1421 6 1422 0 1423 6 1424 6 1425 7 1426 6 0 6 1427 7 1428 6 0 6 0 6 1429 7 1430 6 1431 7 1432 6 1433 7 1434 6 0 6 1435 7 1436 6 1437 7 1438 6 1439 7 1440 6 1441 7 1442 6 1443 7 1444 6 1445 7 1446 6 1447 7 1448 6 1449 7 1450 6 1451 7 1452 6 1453 7 1454 6 1455 7 1456 6 1457 7 1458 6 1459 7 1460 6 1461 7 1462 6 1463 7 1464 6 1465 7 1466 6 1467 7 1468 6 1469 7 1470 6 1471 7 1472 6 1473 7 1474 14 1475 15 1476 14 1477 15 1478 14 1479 15 1480 14 1481 15 1482 14 1483 15 1484 14 1485 15 1486 14 1487 15 1488 14 1489 15 1490 14 1491 15 1492 15 0 15 1493 16 1494 15 1495 16 1496 15 1497 16 1498 15 0 15 0 15 0 15 0 15 0 15 1499 16 1500 15 1501 16 1502 15 0 15 1503 16 1504 15 0 15 0 15 0 15 1505 16 1506 15 1507 16 1508 15 1509 16 1510 15 0 15 0 15 0 15 0 15 1511 16 1512 15 1513 16 1514 15 1515 16 1516 15 1517 16 1518 15 0 15 0 15 0 15 0 15 0 15 0 15 1519 16 1520 15 1521 16 1522 15 1523 16 1524 15 1525 16 1526 15 1527 16 1528 15 0 15 0 15 0 15 0 15 0 15 1529 16 1530 15 1531 16 1532 15 1533 16 1534 15 1535 16 1536 15 1537 16 1538 15 0 15 0 15 0 15 0 15 1539 16 1540 15 1541 16 1542 15 1543 16 1544 15 0 15 0 15 0 15 1545 16 1546 15 1547 16 1548 15 0 15 0 15 0 15 1549 16 1550 15 1551 16 1552 15 1553 16 1554 15 1555 16 1556 15 0 15 0 15 0 15 0 15 0 15 1557 16 1558 15 1559 16 1560 15 0 15 0 15 1561 16 1562 15 1563 16 1564 15 0 15 0 15 1565 16 1566 15 1567 16 1568 15 0 15 0 15 0 15 1569 16 1570 15 1571 16 1572 15 1573 16 1574 15 0 15 0 17 1575 18 1576 17 1577 18 1578 17 1579 18 1580 17 1581 18 1582 17 1583 18 1584 17 1585 18 1586 17 1587 18 1588 17 1589 18 1590 17 1591 18 1592 18 0 18 1593 19 1594 18 1595 19 1596 18 0 18 1597 19 1598 18 0 18 0 18 0 18 0 18 1599 19 1600 18 1601 19 1602 18 1603 19 1604 18 1605 19 1606 18 1607 19 1608 18 0 18 0 18 0 18 0 18 0 18 1609 19 1610 18 0 18 1611 19 1612 18 1613 19 1614 18 1615 19 1616 18 1617 19 1618 18 0 18 0 18 0 18 0 18 0 18 1619 19 1620 18 1621 19 1622 18 0 18 1623 19 1624 18 1625 19 1626 18 0 18 0 18 0 18 0 18 0 18 1627 19 1628 18 1629 19 1630 18 1631 19 1632 18 1633 19 1634 18 0 18 0 18 0 18 0 18 1635 19 1636 18 1637 19 1638 18 1639 19 1640 18 1641 19 1642 18 0 18 0 18 0 18 1643 19 1644 18 0 18 0 18 1645 19 1646 18 0 18 1647 19 1648 18 0 18 0 18 1649 19 1650 18 1651 19 1652 18 1653 19 1654 18 1655 19 1656 18 0 18 0 18 0 18 0 18 0 18 1657 19 1658 18 1659 19 1660 18 0 18 0 18 1661 19 1662 18 0 18 0 18 1663 19 1664 18 1665 19 1666 18 1667 19 1668 18 0 18 0 18 0 18 1669 19 1670 18 1671 19 1672 18 1673 19 1674 18 0 18 0 3 1675 4 1676 3 1677 4 1678 3 1679 4 1680 3 1681 4 1682 3 1683 4 1684 3 1685 4 1686 3 1687 4 1688 3 1689 4 1690 3 1691 4 1692 3 1693 4 1694 3 1695 4 1696 3 1697 4 1698 3 1699 4 1700 3 1701 4 1702 3 1703 4 1704 3 1705 4 1706 3 1707 4 1708 3 1709 4 1710 3 1711 4 1712 3 1713 4 1714 3 0 3 1715 4 1716 3 0 3 1717 4 1718 3 1719 4 1720 3 1721 4 1722 3 1723 4 1724 3 0 3 0 3 0 3 1725 4 1726 3 0 3 0 3 0 3 0 3 0 3 0 3 0 3 0 3 0 3 0 3 0 3 0 3 0 3 0 3 0 3 0 3 0 3 0 3 0 3 0 3 0 3 0 3 0 3 0 3 0 3 0 3 1727 4 1728 3 1729 4 1730 3 1731 4 1732 3 1733 4 1734 3 0 3 1735 4 1736 3 1737 4 1738 3 0 3 1739 4 1740 3 1741 4 1742 3 1743 4 1744 3 1745 4 1746 3 1747 4 1748 3 0 3 0 3 0 3 1749 4 1750 3 1751 4 1752 3 1753 4 1754 3 0 3 0 3 0 3 1755 4 1756 3 0 3 0 3 0 3 0 3 0 3 0 3 0 3 0 3 0 3 0 7 1757 8 1758 7 1759 8 1760 7 1761 8 1762 7 1763 8 1764 7 1765 8 1766 7 1767 8 1768 7 1769 8 1770 7 1771 8 1772 7 1773 8 1774 7 1775 8 1776 7 1777 8 1778 7 1779 8 1780 7 1781 8 1782 7 1783 8 1784 7 1785 8 1786 7 1787 8 1788 7 1789 8 1790 7 1791 8 1792 7 1793 8 1794 7 1795 8 1796 7 1797 8 1798 7 1799 8 1800 7 1801 8 1802 7 1803 8 1804 7 0 7 0 7 0 7 0 7 1805 8 1806 7 1807 8 1808 7 0 7 0 7 0 7 0 7 0 7 0 7 0 7 0 7 0 7 0 7 0 7 0 7 0 7 0 7 0 7 0 7 0 7 0 7 0 7 0 7 0 7 0 7 0 7 0 7 0 7 0 7 0 7 1809 8 1810 7 1811 8 1812 7 1813 8 1814 7 1815 8 1816 7 0 7 1817 8 1818 7 1819 8 1820 7 1821 8 1822 7 0 7 0 7 1823 8 1824 7 1825 8 1826 7 1827 8 1828 7 1829 8 1830 7 0 7 1831 8 1832 7 1833 8 1834 7 1835 8 1836 7 0 7 0 7 0 7 0 7 0 7 0 7 1837 8 1838 7 0 7 0 7 0 7 0 7 0 7 0 7 0 7 0 10 1839 14 1840 10 1841 14 1842 14 1843 15 1844 10 1845 14 1846 14 1847 15 1848 10 1849 14 1850 10 1851 14 1852 14 1853 15 1854 10 1855 14 1856 10 1857 14 1858 14 1859 15 1860 10 1861 14 1862 10 1863 14 1864 10 1865 14 1866 14 1867 15 1868 14 1869 15 1870 14 1871 15 1872 10 1873 14 1874 10 1875 14 1876 10 1877 14 1878 10 1879 14 1880 14 1881 15 1882 10 1883 14 1884 14 1885 15 1886 10 1887 14 1888 10 1889 14 1890 10 1891 14 1892 10 1893 14 1894 10 1895 14 1896 10 1897 14 1898 10 1899 14 1900 14 1901 15 1902 10 1903 14 1904 14 1905 15 1906 10 1907 14 1908 10 1909 14 1910 10 1911 14 1912 14 1913 15 1914 10 1915 14 1916 14 1917 15 1918 10 1919 14 1920 14 1921 15 1922 10 1923 14 1924 10 1925 14 1926 10 1927 14 1928 10 1929 14 1930 14 1931 15 1932 14 1933 15 1934 10 1935 17 1936 17 1937 18 1938 10 1939 17 1940 17 1941 18 1942 10 1943 17 1944 10 1945 17 1946 10 1947 17 1948 17 1949 18 1950 17 1951 18 1952 17 1953 18 1954 10 1955 17 1956 10 1957 17 1958 10 1959 17 1960 10 1961 17 1962 17 1963 18 1964 10 1965 17 1966 17 1967 18 1968 10 1969 17 1970 10 1971 17 1972 10 1973 17 1974 17 1975 18 1976 10 1977 17 1978 10 1979 17 1980 10 1981 17 1982 10 1983 17 1984 10 1985 17 1986 10 1987 17 1988 17 1989 18 1990 17 1991 18 1992 10 1993 17 1994 10 1995 17 1996 10 1997 17 1998 10 1999 17 2000 10 2001 17 2002 17 2003 18 2004 17 2005 18 2006 10 2007 17 2008 10 2009 17 2010 10 2011 17 2012 10 2013 17 2014 17 2015 18 2016 17 2017 18 2018 10 2019 17 2020 10 2021 17 2022 10 2023 17 2024 10 2025 17 2026 17 2027 18 2028 17 2029 18 2030 11 0 11 0 11 0 11 0 11 0 11 0 11 0 11 0 11 0 11 0 11 0 11 0 11 0 11 0 11 0 11 0 11 0 11 0 11 0 11 0 11 0 11 0 11 0 11 0 11 0 11 0 11 0 11 0 11 0 11 0 11 0 11 0 11 0 11 0 11 0 11 0 11 0 11 0 11 0 11 0 11 0 11 0 11 0 11 0 11 0 11 0 11 0 11 0 11 0 11 0 11 0 11 0 11 0 11 0 11 0 11 0 11 0 11 0 11 0 11 0 11 0 11 0 11 0 11 0 11 0 11 0 11 0 11 0 11 0 11 0 11 0 11 0 11 0 11 0 11 0 11 0 11 0 11 0 11 0 11 0 11 0 11 0 11 0 11 0 11 2031 12 2032 11 2033 12 2034 11 2035 12 2036 11 2037 12 2038 11 2039 12 2040 11 2041 12 2042 11 2043 12 2044 11 2045 12 2046 11 2047 12 2048 11 2049 12 2050 11 2051 12 2052 11 2053 12 2054 11 2055 12 2056 11 2057 12 2058 11 2059 12 2060 11 2061 12 2062 11 2063 12 2064 11 2065 12 2066 11 2067 12 2068 12 0 12 0 11 2069 12 2070 12 0 12 0 12 0 12 0 12 0 12 0 12 0 12 0 12 0 11 2071 12 2072 11 2073 12 2074 11 2075 12 2076 11 2077 12 2078 11 2079 12 2080 11 2081 12 2082 11 2083 12 2084 11 2085 12 2086 11 2087 12 2088 11 2089 12 2090 11 2091 12 2092 11 2093 12 2094 12 0 12 0 12 0 12 0 12 0 12 0 11 2095 13 2096 11 2097 13 2098 11 2099 13 2100 11 2101 13 2102 11 2103 13 2104 11 2105 13 2106 11 2107 13 2108 11 2109 13 2110 11 2111 13 2112 11 2113 13 2114 11 2115 13 2116 11 2117 13 2118 11 2119 13 2120 11 2121 13 2122 11 2123 13 2124 11 2125 13 2126 11 2127 13 2128 11 2129 13 2130 13 0 11 2131 13 2132 13 0 11 2133 13 2134 13 0 13 0 13 0 13 0 13 0 13 0 13 0 13 0 13 0 11 2135 13 2136 11 2137 13 2138 11 2139 13 2140 11 2141 13 2142 11 2143 13 2144 11 2145 13 2146 11 2147 13 2148 11 2149 13 2150 11 2151 13 2152 11 2153 13 2154 11 2155 13 2156 11 2157 13 2158 13 0 13 0 13 0 13 0 13 0 13 0 11 0 11 0 11 0 11 0 11 0 11 0 11 0 11 0 11 0 11 0 11 0 11 0 11 0 11 0 11 0 11 0 11 0 11 0 11 0 11 0 11 0 11 0 11 0 11 0 11 0 11 0 11 0 11 0 11 0 11 0 11 0 11 0 11 0 11 0 11 0 11 0 11 0</v>
        </vertex_weights>
      </skin>
    </controller>
  </library_controllers>
  <library_lights>
    <light id="EnvironmentAmbientLight" name="EnvironmentAmbientLight">
      <technique_common>
        <ambient>
          <color>0 0 0</color>
        </ambient>
      </technique_common>
    </light>
  </library_lights>
  <library_images>
    <image id="pm0168_00_BodyA1_png">
      <init_from>./images/pm0168_00_BodyA1.png</init_from>
    </image>
    <image id="pm0168_00_BodyB1_png">
      <init_from>./images/pm0168_00_BodyB1.png</init_from>
    </image>
    <image id="pm0168_00_Eye1_png">
      <init_from>./images/pm0168_00_Eye1.png</init_from>
    </image>
  </library_images>
  <library_visual_scenes>
    <visual_scene id="MaxScene">
      <node name="EnvironmentAmbientLight">
        <instance_light url="#EnvironmentAmbientLight"/>
      </node>
      <node id="node-pm0168_00" name="pm0168_00">
        <rotate>-1 0 0 -89.99998</rotate>
        <node id="node-Origin" name="Origin">
          <node id="node-Waist" name="Waist">
            <translate>-5.2e-5 20.6086 5.30089</translate>
            <rotate>-0.5773503 0.5773503 -0.5773503 -120</rotate>
            <node id="node-EndWaist" name="EndWaist">
              <translate>38.7431 0 3.8147e-6</translate>
            </node>
            <node id="node-Hips" name="Hips" sid="joint0" type="JOINT">
              <rotate>9.53674e-7 3.13349e-12 1 -179.9996</rotate>
              <node id="node-EndHips" name="EndHips">
                <translate>47.23211 -5.45697e-12 0</translate>
              </node>
              <node id="node-LFeelerB" name="LFeelerB" sid="joint1" type="JOINT">
                <translate>18.1708 10.8629 -20.41469</translate>
                <rotate>-0.696187 -0.175051 0.6961902 -199.8575</rotate>
                <node id="node-EndLFeelerB" name="EndLFeelerB">
                  <translate>51.07161 -3.8147e-6 0</translate>
                </node>
              </node>
              <node id="node-LThigh" name="LThigh" sid="joint2" type="JOINT">
                <translate>5.86548 15.93749 1.479086</translate>
                <rotate>0.3029179 -0.3029207 -0.9035927 -95.79889</rotate>
                <node id="node-LLeg" name="LLeg" sid="joint3" type="JOINT">
                  <translate>18.8192 1.19209e-7 3.8147e-6</translate>
                  <rotate>6.14291e-8 1 -1.59315e-7 -83.87823</rotate>
                  <node id="node-LFoot" name="LFoot" sid="joint4" type="JOINT">
                    <translate>34.09061 0 7.62939e-6</translate>
                    <node id="node-EndLFoot" name="EndLFoot">
                      <translate>6.914108 0 7.62939e-6</translate>
                    </node>
                  </node>
                </node>
              </node>
              <node id="node-RFeelerB" name="RFeelerB" sid="joint5" type="JOINT">
                <translate>18.1708 -10.8639 -20.41419</translate>
                <rotate>-0.6961849 0.1750704 0.6961875 -160.14</rotate>
                <node id="node-EndRFeelerB" name="EndRFeelerB">
                  <translate>51.0716 0 9.53674e-7</translate>
                </node>
              </node>
              <node id="node-RThigh" name="RThigh" sid="joint6" type="JOINT">
                <translate>5.865479 -15.9374 1.479837</translate>
                <rotate>-0.3028953 -0.3028992 0.9036075 -95.79774</rotate>
                <node id="node-RLeg" name="RLeg" sid="joint7" type="JOINT">
                  <translate>18.81921 -1.01328e-6 1.90735e-6</translate>
                  <rotate>-7.966e-8 1 3.07132e-8 -83.87817</rotate>
                  <node id="node-RFoot" name="RFoot" sid="joint8" type="JOINT">
                    <translate>34.09071 3.99351e-6 -5.34058e-5</translate>
                    <node id="node-EndRFoot" name="EndRFoot">
                      <translate>6.914078 -1.19209e-7 -3.8147e-6</translate>
                    </node>
                  </node>
                </node>
              </node>
              <node id="node-Tail" name="Tail" sid="joint9" type="JOINT">
                <translate>28.3355 -1.36e-4 -5.599295</translate>
                <rotate>0.99931 1.04645e-7 -0.03714345 -180.0003</rotate>
                <node id="node-EndTail" name="EndTail">
                  <translate>43.35059 -5.82077e-11 -1.90735e-6</translate>
                </node>
              </node>
            </node>
            <node id="node-Spine" name="Spine" sid="joint10" type="JOINT">
              <rotate>-1.34226e-5 1 -1.56533e-5 -20.75249</rotate>
              <node id="node-Head" name="Head" sid="joint11" type="JOINT">
                <translate>6.436443 0 3.8147e-6</translate>
                <rotate>1.33508e-5 -1 1.64318e-5 -20.75248</rotate>
                <node id="node-EndHead" name="EndHead">
                  <translate>30.6064 -2.91038e-11 0</translate>
                </node>
                <node id="node-LFeelerA" name="LFeelerA" sid="joint12" type="JOINT">
                  <translate>23.0682 -6.99612 7.2445</translate>
                  <rotate>0.9578001 -0.07740787 0.2768159 -175.816</rotate>
                  <node id="node-EndLFeelerA" name="EndLFeelerA">
                    <translate>9.218872 7.15256e-7 -3.8147e-6</translate>
                  </node>
                </node>
                <node id="node-RFeelerA" name="RFeelerA" sid="joint13" type="JOINT">
                  <translate>23.06831 6.99612 7.244552</translate>
                  <rotate>0.9577996 0.07741291 0.276816 -184.1834</rotate>
                  <node id="node-EndRFeelerA" name="EndRFeelerA">
                    <translate>9.218853 4.76837e-7 -3.8147e-6</translate>
                  </node>
                </node>
              </node>
              <node id="node-LArm" name="LArm" sid="joint14" type="JOINT">
                <translate>7.703061 -5.90248 3.320503</translate>
                <rotate>-0.1331945 -0.4393372 0.888393 -103.8382</rotate>
                <node id="node-LForeArm" name="LForeArm" sid="joint15" type="JOINT">
                  <translate>21.8031 -1.90735e-6 -6.67572e-6</translate>
                  <rotate>-4.77216e-8 1 2.62424e-10 -87.25352</rotate>
                  <node id="node-LHand" name="LHand" sid="joint16" type="JOINT">
                    <translate>29.56691 0 -5.72205e-5</translate>
                    <node id="node-EndLHand" name="EndLHand">
                      <translate>6.914114 -9.53674e-7 0</translate>
                    </node>
                  </node>
                </node>
              </node>
              <node id="node-RArm" name="RArm" sid="joint17" type="JOINT">
                <translate>7.703032 5.902482 3.320503</translate>
                <rotate>0.1331944 -0.4393364 -0.8883933 -103.8382</rotate>
                <node id="node-RForeArm" name="RForeArm" sid="joint18" type="JOINT">
                  <translate>21.80311 -4.76837e-6 -2.28882e-5</translate>
                  <rotate>-1.91098e-7 1 2.52472e-7 -87.25352</rotate>
                  <node id="node-RHand" name="RHand" sid="joint19" type="JOINT">
                    <translate>29.5669 0 -3.8147e-5</translate>
                    <node id="node-EndRHand" name="EndRHand">
                      <translate>6.914122 -2.86102e-6 -3.8147e-6</translate>
                    </node>
                  </node>
                </node>
              </node>
            </node>
          </node>
        </node>
        <node id="node-pm0168_00_Skin" name="pm0168_00_Skin"/>
      </node>
      <node id="node-Ariados" name="Ariados">
        <instance_controller url="#geom-Ariados-skin1">
          <skeleton>#node-Hips</skeleton>
          <skeleton>#node-Spine</skeleton>
          <bind_material>
            <technique_common>
              <instance_material symbol="BodyA" target="#BodyA-material">
                <bind_vertex_input semantic="CHANNEL1" input_semantic="TEXCOORD" input_set="0"/>
              </instance_material>
              <instance_material symbol="Eye" target="#Eye-material">
                <bind_vertex_input semantic="CHANNEL1" input_semantic="TEXCOORD" input_set="0"/>
              </instance_material>
              <instance_material symbol="BodyB" target="#BodyB-material">
                <bind_vertex_input semantic="CHANNEL1" input_semantic="TEXCOORD" input_set="0"/>
              </instance_material>
            </technique_common>
          </bind_material>
        </instance_controller>
      </node>
    </visual_scene>
  </library_visual_scenes>
  <scene>
    <instance_visual_scene url="#MaxScene"/>
  </scene>
</COLLADA>