<?xml version="1.0" encoding="utf-8"?>
<COLLADA xmlns:xsd="http://www.w3.org/2001/XMLSchema" xmlns:xsi="http://www.w3.org/2001/XMLSchema-instance" version="1.4.1" xmlns="http://www.collada.org/2005/11/COLLADASchema">
    <asset>
        <created>0001-01-01T00:00:00</created>
        <modified>0001-01-01T00:00:00</modified>
        <unit name="Meter" />
        <contributor>
            <authoring_tool>IONET Exporter</authoring_tool>
        </contributor>
    </asset>
    <library_images>
        <image id="pm0812_00_00_eye_alb-image" name="pm0812_00_00_eye_alb">
            <init_from>pm0812_00_00_eye_alb.png</init_from>
        </image>
        <image id="pm0812_00_00_eye_alb-image_0" name="pm0812_00_00_eye_alb">
            <init_from>pm0812_00_00_eye_alb.png</init_from>
        </image>
        <image id="pm0812_00_00_body_b_alb-image" name="pm0812_00_00_body_b_alb">
            <init_from>pm0812_00_00_body_b_alb.png</init_from>
        </image>
        <image id="pm0812_00_00_body_a_alb-image" name="pm0812_00_00_body_a_alb">
            <init_from>pm0812_00_00_body_a_alb.png</init_from>
        </image>
    </library_images>
    <library_materials>
        <material id="l_eye" name="l_eye">
            <instance_effect url="#l_eye-effect" />
        </material>
        <material id="r_eye" name="r_eye">
            <instance_effect url="#r_eye-effect" />
        </material>
        <material id="body_b" name="body_b">
            <instance_effect url="#body_b-effect" />
        </material>
        <material id="body_a" name="body_a">
            <instance_effect url="#body_a-effect" />
        </material>
    </library_materials>
    <library_effects>
        <effect id="l_eye-effect" name="l_eye">
            <profile_COMMON>
                <newparam sid="pm0812_00_00_eye_alb-image_surface">
                    <surface type="2D">
                        <init_from>pm0812_00_00_eye_alb-image</init_from>
                    </surface>
                </newparam>
                <newparam sid="pm0812_00_00_eye_alb-image_sampler">
                    <sampler2D>
                        <source>pm0812_00_00_eye_alb-image_surface</source>
                    </sampler2D>
                </newparam>
                <technique sid="standard">
                    <phong>
                        <emission>
                            <color sid="emission">0 0 0 1</color>
                        </emission>
                        <ambient>
                            <color sid="ambient">0 0 0 1</color>
                        </ambient>
                        <diffuse>
                            <texture texture="pm0812_00_00_eye_alb-image_sampler" texcoord="CHANNEL0" />
                        </diffuse>
                        <specular>
                            <color sid="specular">0 0 0 1</color>
                        </specular>
                        <reflective>
                            <color sid="reflective">1 1 1 1</color>
                        </reflective>
                        <shininess>
                            <float sid="shininess">50</float>
                        </shininess>
                        <reflectivity>
                            <float sid="reflectivity">1</float>
                        </reflectivity>
                        <transparency>
                            <float sid="transparency">1</float>
                        </transparency>
                    </phong>
                </technique>
            </profile_COMMON>
        </effect>
        <effect id="r_eye-effect" name="r_eye">
            <profile_COMMON>
                <newparam sid="pm0812_00_00_eye_alb-image_0_surface">
                    <surface type="2D">
                        <init_from>pm0812_00_00_eye_alb-image_0</init_from>
                    </surface>
                </newparam>
                <newparam sid="pm0812_00_00_eye_alb-image_0_sampler">
                    <sampler2D>
                        <source>pm0812_00_00_eye_alb-image_0_surface</source>
                    </sampler2D>
                </newparam>
                <technique sid="standard">
                    <phong>
                        <emission>
                            <color sid="emission">0 0 0 1</color>
                        </emission>
                        <ambient>
                            <color sid="ambient">0 0 0 1</color>
                        </ambient>
                        <diffuse>
                            <texture texture="pm0812_00_00_eye_alb-image_0_sampler" texcoord="CHANNEL0" />
                        </diffuse>
                        <specular>
                            <color sid="specular">0 0 0 1</color>
                        </specular>
                        <reflective>
                            <color sid="reflective">1 1 1 1</color>
                        </reflective>
                        <shininess>
                            <float sid="shininess">50</float>
                        </shininess>
                        <reflectivity>
                            <float sid="reflectivity">1</float>
                        </reflectivity>
                        <transparency>
                            <float sid="transparency">1</float>
                        </transparency>
                    </phong>
                </technique>
            </profile_COMMON>
        </effect>
        <effect id="body_b-effect" name="body_b">
            <profile_COMMON>
                <newparam sid="pm0812_00_00_body_b_alb-image_surface">
                    <surface type="2D">
                        <init_from>pm0812_00_00_body_b_alb-image</init_from>
                    </surface>
                </newparam>
                <newparam sid="pm0812_00_00_body_b_alb-image_sampler">
                    <sampler2D>
                        <source>pm0812_00_00_body_b_alb-image_surface</source>
                    </sampler2D>
                </newparam>
                <technique sid="standard">
                    <phong>
                        <emission>
                            <color sid="emission">0 0 0 1</color>
                        </emission>
                        <ambient>
                            <color sid="ambient">0 0 0 1</color>
                        </ambient>
                        <diffuse>
                            <texture texture="pm0812_00_00_body_b_alb-image_sampler" texcoord="CHANNEL0" />
                        </diffuse>
                        <specular>
                            <color sid="specular">0 0 0 1</color>
                        </specular>
                        <reflective>
                            <color sid="reflective">1 1 1 1</color>
                        </reflective>
                        <shininess>
                            <float sid="shininess">50</float>
                        </shininess>
                        <reflectivity>
                            <float sid="reflectivity">1</float>
                        </reflectivity>
                        <transparency>
                            <float sid="transparency">1</float>
                        </transparency>
                    </phong>
                </technique>
            </profile_COMMON>
        </effect>
        <effect id="body_a-effect" name="body_a">
            <profile_COMMON>
                <newparam sid="pm0812_00_00_body_a_alb-image_surface">
                    <surface type="2D">
                        <init_from>pm0812_00_00_body_a_alb-image</init_from>
                    </surface>
                </newparam>
                <newparam sid="pm0812_00_00_body_a_alb-image_sampler">
                    <sampler2D>
                        <source>pm0812_00_00_body_a_alb-image_surface</source>
                    </sampler2D>
                </newparam>
                <technique sid="standard">
                    <phong>
                        <emission>
                            <color sid="emission">0 0 0 1</color>
                        </emission>
                        <ambient>
                            <color sid="ambient">0 0 0 1</color>
                        </ambient>
                        <diffuse>
                            <texture texture="pm0812_00_00_body_a_alb-image_sampler" texcoord="CHANNEL0" />
                        </diffuse>
                        <specular>
                            <color sid="specular">0 0 0 1</color>
                        </specular>
                        <reflective>
                            <color sid="reflective">1 1 1 1</color>
                        </reflective>
                        <shininess>
                            <float sid="shininess">50</float>
                        </shininess>
                        <reflectivity>
                            <float sid="reflectivity">1</float>
                        </reflectivity>
                        <transparency>
                            <float sid="transparency">1</float>
                        </transparency>
                    </phong>
                </technique>
            </profile_COMMON>
        </effect>
    </library_effects>
    <library_geometries>
        <geometry id="pm0812_00_00_eye_mesh_shape_l_eye-geometry" name="pm0812_00_00_eye_mesh_shape_l_eye">
            <mesh>
                <source id="pm0812_00_00_eye_mesh_shape_l_eye-geometry-POSITION">
                    <float_array id="pm0812_00_00_eye_mesh_shape_l_eye-geometry-POSITION-array" count="99">0.02926115 0.1377216 0.0765669 0.03557948 0.138039 0.07643474 0.03384809 0.1402526 0.07319253 0.03960927 0.1379655 0.07223503 0.03241547 0.1360117 0.07862931 0.02772772 0.1328832 0.07995559 0.03934933 0.1362152 0.07565404 0.04393899 0.1336858 0.07289857 0.03702846 0.1336257 0.07890516 0.03133436 0.1323722 0.08084806 0.02792009 0.1272151 0.08274767 0.04214319 0.1327082 0.0761175 0.04636465 0.1281673 0.07504071 0.03989763 0.1319083 0.07846652 0.04372884 0.1284942 0.07759348 0.04443315 0.1246139 0.07892273 0.04698291 0.1224224 0.07739816 0.04123404 0.1287473 0.07943545 0.04336705 0.1202722 0.08112679 0.04463506 0.116991 0.08012214 0.04141232 0.1258015 0.0805951 0.03832428 0.1288059 0.08101575 0.03932592 0.1236665 0.08237144 0.04012977 0.118295 0.08325853 0.0401058 0.1147057 0.08280996 0.03451296 0.1171444 0.08409239 0.0359672 0.1201929 0.08415622 0.03055074 0.1213043 0.08420968 0.0362867 0.1254631 0.08280363 0.0332232 0.1240446 0.0837583 0.03503503 0.1285389 0.08212999 0.03189867 0.1281175 0.0827025 0.03497921 0.1318201 0.08058845</float_array>
                    <technique_common>
                        <accessor count="33" offset="0" source="pm0812_00_00_eye_mesh_shape_l_eye-geometry-POSITION-array" stride="3">
                            <param name="X" type="float" />
                            <param name="Y" type="float" />
                            <param name="Z" type="float" />
                        </accessor>
                    </technique_common>
                </source>
                <source id="pm0812_00_00_eye_mesh_shape_l_eye-geometry-NORMAL">
                    <float_array id="pm0812_00_00_eye_mesh_shape_l_eye-geometry-NORMAL-array" count="99">-0.0836792 0.7104492 0.6982422 0.230835 0.7792969 0.581543 0.1842041 0.8291016 0.5273438 0.5136719 0.7460938 0.4228516 -0.02720642 0.65625 0.753418 -0.1427002 0.5029297 0.8520508 0.5209961 0.6870117 0.5058594 0.6459961 0.5693359 0.5078125 0.3295898 0.5126953 0.7924805 -0.06039429 0.4777832 0.8759766 -0.08721924 0.3217773 0.9423828 0.6235352 0.5332031 0.5708008 0.6738281 0.4191895 0.6079102 0.4929199 0.4731445 0.7299805 0.6342773 0.4138184 0.6523438 0.6435547 0.2746582 0.7138672 0.6782227 0.2139893 0.7026367 0.534668 0.4006348 0.7436523 0.59375 0.0994873 0.7978516 0.6098633 0.01337433 0.7919922 0.5073242 0.309082 0.8041992 0.3552246 0.3779297 0.8544922 0.3684082 0.2429199 0.8969727 0.3706055 -0.01927185 0.9282227 0.3730469 -0.09564209 0.9223633 0.1045532 -0.04119873 0.9936523 0.135376 0.04440308 0.9897461 -0.01215363 0.131958 0.9907227 0.2202148 0.2717285 0.9365234 0.03341675 0.1942139 0.9799805 0.1691895 0.3569336 0.918457 -0.006343842 0.3354492 0.9418945 0.185791 0.4509277 0.8725586</float_array>
                    <technique_common>
                        <accessor count="33" offset="0" source="pm0812_00_00_eye_mesh_shape_l_eye-geometry-NORMAL-array" stride="3">
                            <param name="X" type="float" />
                            <param name="Y" type="float" />
                            <param name="Z" type="float" />
                        </accessor>
                    </technique_common>
                </source>
                <source id="pm0812_00_00_eye_mesh_shape_l_eye-geometry-TEXCOORD">
                    <float_array id="pm0812_00_00_eye_mesh_shape_l_eye-geometry-TEXCOORD-array" count="66">0.7036805 0.9086089 0.5 0.8584488 0.5000002 0.9896846 0.3108104 0.8869402 0.6334174 0.7929292 0.8176174 0.7239124 0.3775922 0.7810757 0.1895776 0.7099946 0.5 0.6762533 0.7047986 0.6613829 0.8654301 0.5051465 0.3042066 0.6468695 0.156042 0.48589 0.4109811 0.6081651 0.2868964 0.4851478 0.290722 0.3429946 0.1876985 0.2665236 0.3903605 0.490652 0.3669817 0.1921005 0.3147323 0.07978368 0.4068773 0.3857049 0.5 0.4959699 0.5 0.3156419 0.5 0.1318281 0.4999998 0.009975195 0.6969447 0.1083354 0.6362226 0.2087524 0.8173846 0.2749096 0.5943475 0.3879962 0.7077801 0.3541518 0.6155113 0.4994774 0.7218479 0.5033617 0.5886129 0.617458</float_array>
                    <technique_common>
                        <accessor count="33" offset="0" source="pm0812_00_00_eye_mesh_shape_l_eye-geometry-TEXCOORD-array" stride="2">
                            <param name="S" type="float" />
                            <param name="T" type="float" />
                        </accessor>
                    </technique_common>
                </source>
                <vertices id="pm0812_00_00_eye_mesh_shape_l_eye-vertices">
                    <input semantic="POSITION" source="#pm0812_00_00_eye_mesh_shape_l_eye-geometry-POSITION" />
                </vertices>
                <triangles count="52" material="l_eye">
                    <input semantic="VERTEX" source="#pm0812_00_00_eye_mesh_shape_l_eye-vertices" offset="0" set="0" />
                    <input semantic="NORMAL" source="#pm0812_00_00_eye_mesh_shape_l_eye-geometry-NORMAL" offset="1" set="0" />
                    <input semantic="TEXCOORD" source="#pm0812_00_00_eye_mesh_shape_l_eye-geometry-TEXCOORD" offset="2" set="0" />
                    <p>0 0 0 1 1 1 2 2 2 1 1 1 3 3 3 2 2 2 4 4 4 1 1 1 0 0 0 5 5 5 4 4 4 0 0 0 6 6 6 3 3 3 1 1 1 3 3 3 6 6 6 7 7 7 4 4 4 8 8 8 1 1 1 1 1 1 8 8 8 6 6 6 9 9 9 4 4 4 5 5 5 10 10 10 9 9 9 5 5 5 7 7 7 6 6 6 11 11 11 7 7 7 11 11 11 12 12 12 6 6 6 13 13 13 11 11 11 6 6 6 8 8 8 13 13 13 12 12 12 11 11 11 14 14 14 11 11 11 13 13 13 14 14 14 14 14 14 15 15 15 12 12 12 12 12 12 15 15 15 16 16 16 14 14 14 13 13 13 17 17 17 15 15 15 18 18 18 16 16 16 16 16 16 18 18 18 19 19 19 14 14 14 20 20 20 15 15 15 17 17 17 20 20 20 14 14 14 15 15 15 20 20 20 18 18 18 17 17 17 13 13 13 21 21 21 20 20 20 17 17 17 21 21 21 13 13 13 8 8 8 21 21 21 18 18 18 20 20 20 22 22 22 22 22 22 20 20 20 21 21 21 23 23 23 19 19 19 18 18 18 18 18 18 22 22 22 23 23 23 24 24 24 19 19 19 23 23 23 23 23 23 25 25 25 24 24 24 26 26 26 25 25 25 23 23 23 23 23 23 22 22 22 26 26 26 25 25 25 26 26 26 27 27 27 26 26 26 22 22 22 28 28 28 28 28 28 22 22 22 21 21 21 27 27 27 26 26 26 29 29 29 26 26 26 28 28 28 29 29 29 27 27 27 29 29 29 10 10 10 30 30 30 28 28 28 21 21 21 28 28 28 30 30 30 29 29 29 10 10 10 29 29 29 31 31 31 29 29 29 30 30 30 31 31 31 31 31 31 9 9 9 10 10 10 32 32 32 30 30 30 21 21 21 30 30 30 32 32 32 31 31 31 31 31 31 32 32 32 9 9 9 8 8 8 32 32 32 21 21 21 9 9 9 32 32 32 4 4 4 4 4 4 32 32 32 8 8 8</p>
                </triangles>
            </mesh>
        </geometry>
        <geometry id="pm0812_00_00_eye_mesh_shape_r_eye-geometry" name="pm0812_00_00_eye_mesh_shape_r_eye">
            <mesh>
                <source id="pm0812_00_00_eye_mesh_shape_r_eye-geometry-POSITION">
                    <float_array id="pm0812_00_00_eye_mesh_shape_r_eye-geometry-POSITION-array" count="99">-0.03557948 0.138039 0.07643474 -0.02926115 0.1377216 0.0765669 -0.03384809 0.1402526 0.07319253 -0.03960927 0.1379655 0.07223503 -0.03241547 0.1360117 0.07862931 -0.02772772 0.1328832 0.07995559 -0.03934933 0.1362152 0.07565404 -0.04393899 0.1336858 0.07289857 -0.03133436 0.1323722 0.08084806 -0.02792009 0.1272151 0.08274767 -0.03702846 0.1336257 0.07890516 -0.03497921 0.1318201 0.08058845 -0.03189868 0.1281175 0.0827025 -0.0332232 0.1240446 0.08375832 -0.03055074 0.1213043 0.08420968 -0.03503503 0.1285389 0.08212999 -0.0359672 0.1201929 0.08415622 -0.03451296 0.1171444 0.08409239 -0.03628671 0.1254631 0.08280363 -0.03832428 0.1288059 0.08101575 -0.03932593 0.1236665 0.08237145 -0.04012978 0.1182951 0.08325855 -0.0401058 0.1147057 0.08280996 -0.04463506 0.116991 0.08012214 -0.04336707 0.1202723 0.08112681 -0.04698291 0.1224224 0.07739816 -0.04141232 0.1258015 0.08059512 -0.04443315 0.1246139 0.07892273 -0.04636465 0.1281673 0.07504071 -0.04123405 0.1287473 0.07943545 -0.04372884 0.1284942 0.07759348 -0.03989763 0.1319083 0.07846652 -0.04214319 0.1327082 0.0761175</float_array>
                    <technique_common>
                        <accessor count="33" offset="0" source="pm0812_00_00_eye_mesh_shape_r_eye-geometry-POSITION-array" stride="3">
                            <param name="X" type="float" />
                            <param name="Y" type="float" />
                            <param name="Z" type="float" />
                        </accessor>
                    </technique_common>
                </source>
                <source id="pm0812_00_00_eye_mesh_shape_r_eye-geometry-NORMAL">
                    <float_array id="pm0812_00_00_eye_mesh_shape_r_eye-geometry-NORMAL-array" count="99">-0.230835 0.7792969 0.581543 0.0836792 0.7104492 0.6982422 -0.1842041 0.8291016 0.5273438 -0.5136719 0.7460938 0.4228516 0.02720642 0.65625 0.753418 0.1427002 0.5029297 0.8520508 -0.5209961 0.6870117 0.5058594 -0.6459961 0.5693359 0.5078125 0.06039429 0.4777832 0.8759766 0.08721924 0.3217773 0.9423828 -0.3295898 0.5126953 0.7924805 -0.185791 0.4509277 0.8725586 0.006340027 0.3354492 0.9418945 -0.03341675 0.1942139 0.9799805 0.01215363 0.131958 0.9907227 -0.1691895 0.3569336 0.918457 -0.135376 0.04440308 0.9897461 -0.1045532 -0.04119873 0.9936523 -0.2202148 0.2717285 0.9365234 -0.3552246 0.3779297 0.8544922 -0.3684082 0.2429199 0.8969727 -0.3706055 -0.01927185 0.9282227 -0.3730469 -0.09564209 0.9223633 -0.6098633 0.0133667 0.7919922 -0.59375 0.0994873 0.7978516 -0.6782227 0.2139893 0.7026367 -0.5073242 0.309082 0.8041992 -0.6435547 0.2746582 0.7138672 -0.6738281 0.4191895 0.6079102 -0.534668 0.4008789 0.7436523 -0.6342773 0.4138184 0.6523438 -0.4929199 0.4731445 0.7299805 -0.6235352 0.5332031 0.5708008</float_array>
                    <technique_common>
                        <accessor count="33" offset="0" source="pm0812_00_00_eye_mesh_shape_r_eye-geometry-NORMAL-array" stride="3">
                            <param name="X" type="float" />
                            <param name="Y" type="float" />
                            <param name="Z" type="float" />
                        </accessor>
                    </technique_common>
                </source>
                <source id="pm0812_00_00_eye_mesh_shape_r_eye-geometry-TEXCOORD">
                    <float_array id="pm0812_00_00_eye_mesh_shape_r_eye-geometry-TEXCOORD-array" count="66">0.5 0.8584489 0.7036804 0.9086086 0.4999998 0.9896849 0.3108105 0.8869402 0.6334174 0.7929292 0.8176178 0.7239124 0.3775921 0.7810757 0.1895776 0.7099947 0.7047986 0.6613829 0.8654301 0.5051465 0.5 0.6762534 0.588613 0.6174579 0.721848 0.5033617 0.7077801 0.354152 0.8173847 0.2749096 0.6155114 0.4994773 0.6362227 0.2087524 0.6969446 0.1083354 0.5943472 0.3879963 0.5 0.49597 0.5 0.3156427 0.5 0.1318296 0.5 0.009975195 0.3147323 0.07978368 0.3669818 0.1921005 0.1876985 0.2665237 0.4068772 0.3857049 0.290722 0.3429946 0.156042 0.48589 0.3903605 0.4906518 0.2868965 0.4851478 0.410981 0.6081651 0.3042066 0.6468695</float_array>
                    <technique_common>
                        <accessor count="33" offset="0" source="pm0812_00_00_eye_mesh_shape_r_eye-geometry-TEXCOORD-array" stride="2">
                            <param name="S" type="float" />
                            <param name="T" type="float" />
                        </accessor>
                    </technique_common>
                </source>
                <vertices id="pm0812_00_00_eye_mesh_shape_r_eye-vertices">
                    <input semantic="POSITION" source="#pm0812_00_00_eye_mesh_shape_r_eye-geometry-POSITION" />
                </vertices>
                <triangles count="52" material="r_eye">
                    <input semantic="VERTEX" source="#pm0812_00_00_eye_mesh_shape_r_eye-vertices" offset="0" set="0" />
                    <input semantic="NORMAL" source="#pm0812_00_00_eye_mesh_shape_r_eye-geometry-NORMAL" offset="1" set="0" />
                    <input semantic="TEXCOORD" source="#pm0812_00_00_eye_mesh_shape_r_eye-geometry-TEXCOORD" offset="2" set="0" />
                    <p>0 0 0 1 1 1 2 2 2 3 3 3 0 0 0 2 2 2 4 4 4 1 1 1 0 0 0 1 1 1 4 4 4 5 5 5 6 6 6 0 0 0 3 3 3 3 3 3 7 7 7 6 6 6 5 5 5 4 4 4 8 8 8 5 5 5 8 8 8 9 9 9 0 0 0 10 10 10 4 4 4 6 6 6 10 10 10 0 0 0 4 4 4 11 11 11 8 8 8 4 4 4 10 10 10 11 11 11 9 9 9 8 8 8 12 12 12 8 8 8 11 11 11 12 12 12 12 12 12 13 13 13 9 9 9 9 9 9 13 13 13 14 14 14 12 12 12 11 11 11 15 15 15 12 12 12 15 15 15 13 13 13 16 16 16 14 14 14 13 13 13 17 17 17 14 14 14 16 16 16 13 13 13 15 15 15 18 18 18 13 13 13 18 18 18 16 16 16 15 15 15 11 11 11 19 19 19 18 18 18 15 15 15 19 19 19 10 10 10 19 19 19 11 11 11 16 16 16 18 18 18 20 20 20 20 20 20 18 18 18 19 19 19 16 16 16 21 21 21 17 17 17 16 16 16 20 20 20 21 21 21 17 17 17 21 21 21 22 22 22 21 21 21 23 23 23 22 22 22 24 24 24 23 23 23 21 21 21 21 21 21 20 20 20 24 24 24 23 23 23 24 24 24 25 25 25 24 24 24 20 20 20 26 26 26 26 26 26 20 20 20 19 19 19 25 25 25 24 24 24 27 27 27 24 24 24 26 26 26 27 27 27 25 25 25 27 27 27 28 28 28 29 29 29 26 26 26 19 19 19 27 27 27 26 26 26 30 30 30 30 30 30 26 26 26 29 29 29 28 28 28 27 27 27 30 30 30 19 19 19 31 31 31 29 29 29 29 29 29 31 31 31 30 30 30 10 10 10 31 31 31 19 19 19 6 6 6 31 31 31 10 10 10 30 30 30 32 32 32 28 28 28 30 30 30 31 31 31 32 32 32 32 32 32 31 31 31 6 6 6 28 28 28 32 32 32 7 7 7 6 6 6 7 7 7 32 32 32</p>
                </triangles>
            </mesh>
        </geometry>
        <geometry id="pm0812_00_00_body_c_mesh_shape_body_b-geometry" name="pm0812_00_00_body_c_mesh_shape_body_b">
            <mesh>
                <source id="pm0812_00_00_body_c_mesh_shape_body_b-geometry-POSITION">
                    <float_array id="pm0812_00_00_body_c_mesh_shape_body_b-geometry-POSITION-array" count="3336">-3.492565E-20 0.1940319 0.009102236 -3.492564E-20 0.1956959 0.009438587 -0.004650742 0.1940851 0.007767639 -0.004808292 0.1958226 0.008105328 -0.008106583 0.1943839 0.004632337 -3.492565E-20 0.2141119 0.01383341 -0.00839674 0.1958708 0.004790904 -0.009235493 0.1949689 1.387779E-19 -0.006916706 0.2141119 0.01198009 -0.008728005 0.2338092 0.01511735 -3.492565E-20 0.2338092 0.01745601 -0.01198008 0.2141118 0.006916705 -0.00969782 0.2468077 0.01679712 -3.492565E-20 0.2468077 0.01939564 -0.01511735 0.2338092 0.008728005 -0.01679712 0.2468077 0.00969782 -0.01099698 0.2664292 0.01904734 -3.492565E-20 0.2664292 0.02199396 -3.492565E-20 0.2862039 0.02401756 -0.01904734 0.2664292 0.01099698 -0.01200878 0.2862039 0.02079984 -3.492565E-20 0.293058 0.02386429 -0.01193215 0.293058 0.02066709 -3.492565E-20 0.2950133 0.02309266 -0.01154633 0.2950133 0.0199988 -0.02079984 0.2862039 0.01200878 -0.02066709 0.293058 0.01193215 -0.0199988 0.2950133 0.01154633 -0.02199396 0.2664292 1.387779E-19 -0.02401756 0.2862039 1.387779E-19 -0.0238643 0.293058 1.387779E-19 -0.02309266 0.2950133 1.387779E-19 -0.0199988 0.2950133 -0.01154633 -0.02066709 0.293058 -0.01193215 -0.01154633 0.2950133 -0.0199988 -0.02079984 0.2862039 -0.01200878 -0.01193215 0.293058 -0.02066709 -3.492565E-20 0.2950133 -0.02309266 -3.492565E-20 0.293058 -0.02386429 -0.01200878 0.2862039 -0.02079984 -3.492565E-20 0.2862039 -0.02401756 -0.01904734 0.2664292 -0.01099698 -0.01099698 0.2664292 -0.01904734 -3.492565E-20 0.2664292 -0.02199396 -0.01939564 0.2468077 1.387779E-19 -0.01679712 0.2468077 -0.00969782 -0.00969782 0.2468077 -0.01679712 -3.492565E-20 0.2468077 -0.01939564 -3.492565E-20 0.2338092 -0.01745601 -0.008728005 0.2338092 -0.01511735 -0.01511735 0.2338092 -0.008728005 -0.01745601 0.2338092 1.387779E-19 -0.01383341 0.2141119 1.387779E-19 -0.01198008 0.2141118 -0.006916705 -0.006916706 0.2141119 -0.01198009 -3.492565E-20 0.2141119 -0.01383341 -0.009602053 0.1964067 1.387779E-19 -0.00839674 0.1958708 -0.004790904 -0.008106583 0.1943839 -0.004632337 -0.004808292 0.1958226 -0.008105328 -0.004650742 0.1940851 -0.007767639 -3.492564E-20 0.1956959 -0.009438587 -3.492565E-20 0.1940319 -0.009102236 -3.492565E-20 0.2950133 0.02309266 -3.492565E-20 0.2977515 0.01847258 -0.01154633 0.2950133 0.0199988 -0.01001106 0.2977537 0.01624868 -0.0199988 0.2950133 0.01154633 3.027407E-20 0.3004098 0.01057789 -0.01677094 0.2977537 0.00943834 -0.008840848 0.300341 0.00814789 0 0.300923 -4.622232E-35 -0.02309266 0.2950133 1.387779E-19 -0.01117715 0.3004661 1.387779E-19 -0.01922485 0.2977537 1.387779E-19 -0.01677094 0.2977537 -0.00943834 -0.0199988 0.2950133 -0.01154633 -0.008840848 0.300341 -0.00814789 3.027407E-20 0.3004098 -0.01057789 -0.01001106 0.2977537 -0.01624868 -0.01154633 0.2950133 -0.0199988 -3.492565E-20 0.2977515 -0.01847258 -3.492565E-20 0.2950133 -0.02309266 -0.009210215 0.1368446 0.09151641 -3.492565E-20 0.136267 0.08776338 -3.492565E-20 0.1363389 0.09264193 -0.008902473 0.1368448 0.08663685 -3.492565E-20 0.1386011 0.0855635 -0.01880029 0.1381887 0.0886896 -0.008856376 0.1387793 0.08466159 -3.492565E-20 0.1459286 0.0830112 -0.01735417 0.1378675 0.08439463 -0.009591565 0.1459959 0.08218379 -1.959225E-30 0.1542888 0.0758588 -0.01689803 0.1396199 0.0830033 -0.02593309 0.1405339 0.07932175 -0.02963723 0.1413526 0.08198919 -0.01595226 0.1522141 0.07474177 -3.492565E-20 0.1631847 0.06099141 -0.02388369 0.1424136 0.07850765 -0.03318706 0.144952 0.07075246 -0.03831992 0.1465411 0.07155537 -0.03006414 0.1462978 0.07144497 -0.01808809 0.1609055 0.05991626 -3.492565E-20 0.1705566 0.04609655 -0.03523226 0.1547927 0.05709421 -0.03871252 0.1532869 0.05639332 -0.04340051 0.1548511 0.05711706 -0.03912656 0.1620885 0.0422597 -0.04354368 0.1633535 0.04273603 -0.03940249 0.1726436 0.02943886 -0.03564809 0.1633461 0.04279067 -0.03460167 0.1711236 0.02865381 -0.03078249 0.1780191 0.02078135 -0.01847172 0.1686406 0.04522214 -0.03074483 0.1720804 0.02903089 -0.02759213 0.1760783 0.02105266 -0.02195848 0.1804857 0.01483944 -0.01653891 0.1755025 0.03072801 -3.492565E-20 0.176514 0.03119677 -0.02388055 0.1762958 0.02201812 -0.02183481 0.1774665 0.01692301 -0.01904887 0.17697 0.01296258 -0.01436691 0.1776865 0.01899875 -1.964929E-29 0.1781054 0.01847962 -1.906824E-30 0.1778944 0 -0.02200996 0.1767377 0.01139315 -0.01947209 0.1768458 -3.244807E-34 -0.02200996 0.1767377 -0.01139315 -0.01904887 0.17697 -0.01296258 -0.01436691 0.1776865 -0.01899875 -1.396362E-29 0.1781054 -0.01847962 -3.492565E-20 0.176514 -0.03119677 -0.02183481 0.1774665 -0.01692301 -0.02195848 0.1804857 -0.01483944 -0.01653891 0.1755025 -0.03072802 -3.492565E-20 0.1705566 -0.04609655 -0.02388055 0.1762958 -0.02201812 -0.02759213 0.1760783 -0.02105266 -0.03078249 0.1780191 -0.02078135 -0.03074484 0.1720804 -0.0290309 -0.03460167 0.1711236 -0.02865381 -0.03940251 0.1726437 -0.02943888 -0.01847172 0.1686406 -0.04522214 -0.03564809 0.1633461 -0.04279067 -0.03912656 0.1620885 -0.0422597 -0.04354368 0.1633535 -0.04273603 -0.04340051 0.1548511 -0.05711706 -0.01808809 0.1609055 -0.05991626 -3.492565E-20 0.1631847 -0.06099141 -0.03523226 0.1547927 -0.05709421 -0.03871252 0.1532869 -0.05639332 -0.03831992 0.1465411 -0.07155537 -0.03318706 0.144952 -0.07075246 -0.02963723 0.1413526 -0.08198919 -0.03006414 0.1462978 -0.07144497 -0.01595226 0.1522141 -0.07474177 -4.992628E-30 0.1542888 -0.0758588 -0.02593309 0.1405339 -0.07932175 -0.01880029 0.1381887 -0.0886896 -0.02388369 0.1424136 -0.07850765 -0.009591565 0.1459959 -0.08218379 -3.492565E-20 0.1459286 -0.0830112 -0.01689803 0.1396199 -0.0830033 -0.008856376 0.1387793 -0.08466159 -3.492565E-20 0.1386011 -0.0855635 -0.01735417 0.1378675 -0.08439463 -0.008902473 0.1368448 -0.08663685 -3.492565E-20 0.136267 -0.08776338 -0.009210215 0.1368446 -0.09151641 -3.492565E-20 0.1363389 -0.09264193 -3.492565E-20 0.1940319 0.009102236 0.004650742 0.1940851 0.007767639 -3.492564E-20 0.1956959 0.009438587 0.004808292 0.1958226 0.008105328 0.008106583 0.1943839 0.004632337 -3.492565E-20 0.2141119 0.01383341 0.00839674 0.1958708 0.004790904 0.009235493 0.1949689 1.387779E-19 0.006916707 0.2141119 0.01198009 -3.492565E-20 0.2338092 0.01745601 0.009602053 0.1964067 1.387779E-19 0.01198009 0.2141119 0.006916707 0.008728005 0.2338092 0.01511735 0.00969782 0.2468077 0.01679712 -3.492565E-20 0.2468077 0.01939564 -3.492565E-20 0.2664292 0.02199396 0.01511735 0.2338092 0.008728005 0.01099698 0.2664292 0.01904734 -3.492565E-20 0.2862039 0.02401756 0.01679712 0.2468077 0.00969782 0.01200878 0.2862039 0.02079984 -3.492565E-20 0.293058 0.02386429 0.01904734 0.2664292 0.01099698 0.01193215 0.293058 0.02066708 -3.492565E-20 0.2950133 0.02309266 0.01154633 0.2950133 0.0199988 0.02079984 0.2862039 0.01200878 0.02066708 0.2930579 0.01193214 0.0199988 0.2950133 0.01154633 0.02199396 0.2664292 1.387779E-19 0.02386429 0.2930579 1.387778E-19 0.02309266 0.2950133 1.387779E-19 0.0199988 0.2950133 -0.01154633 0.02401756 0.2862039 1.387779E-19 0.02066708 0.2930579 -0.01193214 0.01154633 0.2950133 -0.0199988 0.02079984 0.2862039 -0.01200878 0.01193215 0.293058 -0.02066708 -3.492565E-20 0.2950133 -0.02309266 -3.492565E-20 0.293058 -0.02386429 0.01200878 0.2862039 -0.02079984 -3.492565E-20 0.2862039 -0.02401756 0.01904734 0.2664292 -0.01099698 0.01099698 0.2664292 -0.01904734 -3.492565E-20 0.2664292 -0.02199396 -3.492565E-20 0.2468077 -0.01939564 0.00969782 0.2468077 -0.01679712 -3.492565E-20 0.2338092 -0.01745601 0.01679712 0.2468077 -0.00969782 0.008728005 0.2338092 -0.01511735 -3.492565E-20 0.2141119 -0.01383341 0.01939564 0.2468077 1.387779E-19 0.01745601 0.2338092 1.387779E-19 0.01511735 0.2338092 -0.008728005 0.01383341 0.2141119 1.387779E-19 0.01198009 0.2141119 -0.006916707 0.006916707 0.2141119 -0.01198009 0.00839674 0.1958708 -0.004790904 0.008106583 0.1943839 -0.004632337 0.004808292 0.1958226 -0.008105328 -3.492564E-20 0.1956959 -0.009438587 0.004650742 0.1940851 -0.007767639 -3.492565E-20 0.1940319 -0.009102236 0.01154633 0.2950133 0.0199988 -3.492565E-20 0.2977515 0.01847258 -3.492565E-20 0.2950133 0.02309266 0.01001106 0.2977537 0.01624868 0.0199988 0.2950133 0.01154633 3.027407E-20 0.3004098 0.01057789 0.01677094 0.2977537 0.00943834 0.008840848 0.300341 0.00814789 0 0.300923 -4.622232E-35 0.02309266 0.2950133 1.387779E-19 0.01117715 0.3004661 1.387779E-19 0.01922485 0.2977537 1.387779E-19 0.01677094 0.2977537 -0.00943834 0.0199988 0.2950133 -0.01154633 0.008840848 0.300341 -0.00814789 3.027407E-20 0.3004098 -0.01057789 0.01001106 0.2977537 -0.01624868 0.01154633 0.2950133 -0.0199988 -3.492565E-20 0.2977515 -0.01847258 -3.492565E-20 0.2950133 -0.02309266 -3.492565E-20 0.136267 0.08776338 0.009210215 0.1368446 0.09151641 -3.492565E-20 0.1363389 0.09264193 0.008902473 0.1368448 0.08663685 -3.492565E-20 0.1386011 0.0855635 0.01880029 0.1381887 0.0886896 0.008856376 0.1387793 0.08466159 -3.492565E-20 0.1459286 0.0830112 0.01735417 0.1378675 0.08439463 0.009591565 0.1459959 0.08218379 -1.959225E-30 0.1542888 0.0758588 0.01689803 0.1396199 0.0830033 0.02593309 0.1405339 0.07932175 0.02963723 0.1413526 0.08198919 0.01595226 0.1522141 0.07474177 -3.492565E-20 0.1631847 0.06099141 0.02388369 0.1424136 0.07850765 0.03318706 0.144952 0.07075246 0.03831992 0.1465411 0.07155537 0.03006414 0.1462978 0.07144497 0.01808809 0.1609055 0.05991626 -3.492565E-20 0.1705566 0.04609655 0.03523226 0.1547927 0.05709421 0.03871252 0.1532869 0.05639332 0.04340051 0.1548511 0.05711706 0.03912656 0.1620885 0.0422597 0.04354368 0.1633535 0.04273603 0.03940251 0.1726437 0.02943888 0.03564809 0.1633461 0.04279067 0.03460167 0.1711236 0.02865381 0.03078249 0.1780191 0.02078135 0.01847172 0.1686406 0.04522214 0.03074484 0.1720804 0.0290309 0.02759213 0.1760783 0.02105266 0.02195848 0.1804857 0.01483944 0.01653891 0.1755025 0.03072802 -3.492565E-20 0.176514 0.03119677 0.02388055 0.1762958 0.02201812 0.02183481 0.1774665 0.01692301 0.01904887 0.17697 0.01296258 0.01436691 0.1776865 0.01899875 -1.964929E-29 0.1781054 0.01847962 -1.906824E-30 0.1778944 0 0.02200996 0.1767377 0.01139315 0.01947209 0.1768458 0 0.02200996 0.1767377 -0.01139315 0.01904887 0.17697 -0.01296258 0.01436691 0.1776865 -0.01899875 -1.396362E-29 0.1781054 -0.01847962 -3.492565E-20 0.176514 -0.03119677 0.02183481 0.1774665 -0.01692301 0.02195848 0.1804857 -0.01483944 0.01653891 0.1755025 -0.03072802 -3.492565E-20 0.1705566 -0.04609655 0.02388055 0.1762958 -0.02201812 0.02759213 0.1760783 -0.02105266 0.03078249 0.1780191 -0.02078135 0.03074484 0.1720804 -0.0290309 0.03460167 0.1711236 -0.02865381 0.03940251 0.1726437 -0.02943888 0.01847172 0.1686406 -0.04522214 0.03564809 0.1633461 -0.04279067 0.03912656 0.1620885 -0.0422597 0.04354368 0.1633535 -0.04273603 0.04340051 0.1548511 -0.05711706 0.01808809 0.1609055 -0.05991626 -3.492565E-20 0.1631847 -0.06099141 0.03523226 0.1547927 -0.05709421 0.03871252 0.1532869 -0.05639332 0.03831992 0.1465411 -0.07155537 0.03318706 0.144952 -0.07075246 0.02963723 0.1413526 -0.08198919 0.03006414 0.1462978 -0.07144497 0.02593309 0.1405339 -0.07932175 0.01880029 0.1381887 -0.0886896 0.01595226 0.1522141 -0.07474177 -4.992628E-30 0.1542888 -0.0758588 0.02388369 0.1424136 -0.07850765 0.01689803 0.1396199 -0.0830033 0.009591565 0.1459959 -0.08218379 -3.492565E-20 0.1459286 -0.0830112 0.01735417 0.1378675 -0.08439463 0.008856376 0.1387793 -0.08466159 -3.492565E-20 0.1386011 -0.0855635 0.008902473 0.1368448 -0.08663685 0.009210215 0.1368446 -0.09151641 -3.492565E-20 0.136267 -0.08776338 -3.492565E-20 0.1363389 -0.09264193 -0.02200996 0.1767377 0.01139315 -0.01904887 0.17697 0.01296258 -0.02947694 0.17454 0.02044618 -0.02880195 0.1771438 0.02415904 -0.03976782 0.1715056 0.03024364 -0.01787997 0.1858752 0.01810162 -0.01603866 0.186247 0.01604016 -0.03959543 0.1741344 0.03321619 -0.05465122 0.1700494 0.03695085 -0.01878386 0.1926211 0.01860157 -0.01442614 0.192733 0.01402089 -0.02852472 0.1848722 0.02606228 -0.03952726 0.1833493 0.03360026 -0.05465119 0.1727151 0.04060898 -0.07241747 0.1696857 0.04127042 -0.0546499 0.1820726 0.03985368 -0.07240713 0.172332 0.04449891 -0.0910537 0.1695018 0.04220778 -0.07240591 0.1812568 0.04387407 -0.09105673 0.1721407 0.04562901 -0.09106287 0.1810674 0.04504996 -0.1086551 0.1720284 0.04249297 -0.1086533 0.1694074 0.0391074 -0.09108236 0.1939707 0.04076592 -0.1257885 0.1719855 0.03683357 -0.1257841 0.1694741 0.03363957 -0.1086614 0.1807739 0.04186961 -0.1397974 0.1719073 0.02842531 -0.1397902 0.1695403 0.02573576 -0.1257946 0.1800329 0.03624528 -0.1499588 0.1718955 0.01938934 -0.148672 0.1695929 0.01787301 -0.1086752 0.1925664 0.03752444 -0.1552269 0.171756 0.008672199 -0.1541447 0.1695844 0.008313166 -0.1560668 0.1695323 1.387779E-19 -0.1500306 0.1780487 0.01927088 -0.1397967 0.1790392 0.02797408 -0.1257852 0.190134 0.03240834 -0.1397076 0.1872911 0.0251488 -0.1257156 0.1988558 0.02548603 -0.1086898 0.2035595 0.02998782 -0.1395073 0.1939799 0.01988635 -0.1255342 0.2063679 0.01353139 -0.1495499 0.1846979 0.01767897 -0.149024 0.1895101 0.01385259 -0.1547565 0.1824599 0.008286475 -0.1556983 0.1774554 0.008613422 -0.1390528 0.1991492 0.01048446 -0.1575188 0.1717138 1.387779E-19 -0.1579346 0.1773095 1.387779E-19 -0.1552269 0.171756 -0.008672199 -0.1541447 0.1695844 -0.008313166 -0.148672 0.1695929 -0.01787301 -0.1556983 0.1774554 -0.008613422 -0.1564294 0.1820675 1.387779E-19 -0.1499588 0.1718955 -0.01938934 -0.1397902 0.1695403 -0.02573576 -0.1500306 0.1780487 -0.01927088 -0.1397974 0.1719073 -0.02842531 -0.1257841 0.1694741 -0.03363957 -0.1547565 0.1824599 -0.008286475 -0.1257885 0.1719855 -0.03683357 -0.1086533 0.1694074 -0.0391074 -0.1397967 0.1790392 -0.02797408 -0.1086551 0.1720284 -0.04249297 -0.0910537 0.1695018 -0.04220778 -0.1257946 0.1800329 -0.03624528 -0.1086614 0.1807739 -0.04186961 -0.09105673 0.1721407 -0.04562901 -0.09106287 0.1810674 -0.04504996 -0.07240713 0.172332 -0.04449891 -0.07241747 0.1696857 -0.04127042 -0.09108236 0.1939707 -0.04076592 -0.05465119 0.1727151 -0.04060898 -0.05465122 0.1700494 -0.03695085 -0.07240591 0.1812568 -0.04387407 -0.03959543 0.1741344 -0.03321619 -0.03976782 0.1715056 -0.03024364 -0.0546499 0.1820726 -0.03985368 -0.07242456 0.1943602 -0.03982484 -0.03952726 0.1833493 -0.03360026 -0.02880195 0.1771438 -0.02415904 -0.02947694 0.17454 -0.02044618 -0.02200996 0.1767377 -0.01139315 -0.01904887 0.17697 -0.01296258 -0.01787997 0.1858752 -0.01810162 -0.01603866 0.186247 -0.01604016 -0.01442614 0.192733 -0.01402089 -0.02852472 0.1848722 -0.02566309 -0.01878386 0.1926211 -0.01860157 -0.01493754 0.1960372 -0.0125703 -0.01134639 0.1937462 -0.009796882 -0.02932465 0.1936185 -0.02585449 -0.02048275 0.1980597 -0.0166262 -0.01544365 0.1992252 -0.007085326 -0.03969612 0.1940095 -0.03118577 -0.03017403 0.2007213 -0.02181959 -0.05471988 0.1943684 -0.03590931 -0.04035113 0.2033663 -0.02527457 -0.05445471 0.2060835 -0.02893212 -0.07230828 0.2075811 -0.03216704 -0.09108721 0.2064611 -0.0326918 -0.07206172 0.2180814 -0.01698278 -0.09102831 0.2167594 -0.01725734 -0.1086898 0.2035595 -0.02998782 -0.108693 0.2127987 -0.01600994 -0.09105063 0.2190474 1.387779E-19 -0.1086752 0.1925664 -0.03752444 -0.1257852 0.190134 -0.03240834 -0.1257156 0.1988558 -0.02548603 -0.1397076 0.1872911 -0.0251488 -0.1255342 0.2063679 -0.01353139 -0.1395073 0.1939799 -0.01988635 -0.1495499 0.1846979 -0.01767897 -0.149024 0.1895101 -0.01385259 -0.1390528 0.1991492 -0.01048446 -0.1087062 0.2152017 1.387779E-19 -0.1254324 0.208592 1.387779E-19 -0.1483355 0.1920073 -0.007482777 -0.1523763 0.1875856 -0.006673533 -0.108693 0.2127987 0.01600994 -0.09108721 0.2064611 0.0326918 -0.1385572 0.2001769 1.387779E-19 -0.1483355 0.1920073 0.007482763 -0.1477766 0.1928918 1.387779E-19 -0.1523183 0.1876246 0.006808951 -0.1530529 0.1874873 8.150375E-08 -0.07242456 0.1943602 0.03982484 -0.05471988 0.1943684 0.03590931 -0.07230828 0.2075811 0.03216704 -0.03969612 0.1940095 0.03118577 -0.05445471 0.2060835 0.02893212 -0.09102831 0.2167594 0.01725734 -0.07206172 0.2180814 0.01698278 -0.07204933 0.2207128 1.387779E-19 -0.05424432 0.2162711 0.01556182 -0.05424432 0.2162711 -0.01556182 -0.05423894 0.2189342 1.387779E-19 -0.04126791 0.2128789 -0.01406602 -0.04126791 0.2128789 0.01406602 -0.04157257 0.2159699 1.387779E-19 -0.0312467 0.2089846 -0.01230572 -0.03176484 0.2121581 1.387779E-19 -0.02185021 0.2041043 -0.00965339 -0.02232788 0.2067175 1.387779E-19 -0.0312467 0.2089846 0.01230572 -0.04035113 0.2033663 0.02527457 -0.02185021 0.2041043 0.00965339 -0.02932465 0.1936185 0.02585449 -0.03017403 0.2007213 0.02181959 -0.02048275 0.1980597 0.0166262 -0.01493754 0.1960372 0.0125703 -0.01139285 0.1937759 0.009832764 -0.01544365 0.1992252 0.007085326 -0.0112865 0.1946562 0.00497303 -0.008106583 0.1943839 0.004632337 -0.009235493 0.1949689 1.387779E-19 -0.0158118 0.201206 1.387779E-19 -0.0110816 0.1948178 1.387779E-19 -0.0112865 0.1946562 -0.00497303 -0.008106583 0.1943839 -0.004632337 -0.01134639 0.1937462 -0.009796882 -0.008106583 0.1943839 -0.004632337 -0.004650742 0.1940851 -0.007767639 -0.006947583 0.1916704 -0.01921021 -3.492565E-20 0.1940319 -0.009102236 -0.01161912 0.191722 -0.01677624 -0.01442614 0.192733 -0.01402089 -0.01339828 0.1930392 -0.0181918 -3.492565E-20 0.1923141 -0.02074073 -0.008291526 0.1947286 -0.02180546 -0.01885444 0.192204 -0.01835279 0.006947583 0.1916704 -0.01921021 0.004650742 0.1940851 -0.007767639 0.01134639 0.1937462 -0.009796882 0.008106583 0.1943839 -0.004632337 0.01161912 0.191722 -0.01677624 0.01442614 0.192733 -0.01402089 0.01339828 0.1930392 -0.0181918 0.008291526 0.1947286 -0.02180546 -3.492565E-20 0.1952263 -0.02311761 -3.492563E-20 0.1969368 -0.02536909 0.01558262 0.1941163 -0.02107014 0.009204611 0.1962315 -0.0240429 -0.009204611 0.1962315 -0.0240429 0.01885444 0.192204 -0.01835279 -3.492565E-20 0.1975016 -0.03280981 0.0117461 0.1964506 -0.03138 -0.01558262 0.1941163 -0.02107014 -0.0117461 0.1964506 -0.03138 -3.492565E-20 0.1967842 -0.04179206 0.02077249 0.1941483 -0.02912266 0.01368103 0.1956219 -0.040771 -0.01368103 0.1956219 -0.040771 -0.02077249 0.1941483 -0.02912266 -3.492565E-20 0.1921617 -0.05622426 -0.02509117 0.1929198 -0.0386906 -0.0273017 0.1910349 -0.02671335 -0.0191989 0.1889292 -0.014795 -0.01603866 0.186247 -0.01604016 -0.01486431 0.1906621 -0.05539958 -0.02143156 0.1849655 -0.01380623 -0.01904887 0.17697 -0.01296258 -0.02195848 0.1804857 -0.01483944 -0.03232368 0.1863902 -0.02351861 -0.03313312 0.1822002 -0.02137533 -0.03078249 0.1780191 -0.02078135 -0.03940251 0.1726437 -0.02943888 -0.03462967 0.1875815 -0.03557287 -0.04080429 0.1820623 -0.03303717 -0.04224323 0.1761546 -0.03077835 -0.02759185 0.1873511 -0.05371372 -0.03891181 0.1806028 -0.05043705 -0.04550713 0.1724264 -0.04681331 -0.04677204 0.1671632 -0.04428577 -0.04354368 0.1633535 -0.04273603 -0.0387715 0.1725062 -0.06532805 -0.04655357 0.1592363 -0.0591532 -0.04340051 0.1548511 -0.05711706 -0.0455137 0.1647285 -0.06170741 -0.04148736 0.1514271 -0.07396094 -0.03831992 0.1465411 -0.07155537 -0.04073589 0.1565538 -0.07643939 -0.03170492 0.1456993 -0.08545065 -0.02963723 0.1413526 -0.08198919 -0.0350473 0.1639636 -0.07920158 -0.02020699 0.1421692 -0.09268104 -0.01880029 0.1381887 -0.0886896 -0.03147803 0.1509682 -0.08761478 -0.02039963 0.1480482 -0.09464497 -0.009710636 0.1403757 -0.09605437 -0.009210215 0.1368446 -0.09151641 -3.492565E-20 0.1363389 -0.09264193 -0.01019849 0.1469696 -0.09806518 -3.492565E-20 0.1397192 -0.09730054 -3.492565E-20 0.1465899 -0.09927604 0.009710636 0.1403757 -0.09605437 0.009210215 0.1368446 -0.09151641 0.01880029 0.1381887 -0.0886896 0.02020699 0.1421692 -0.09268104 0.02963723 0.1413526 -0.08198919 0.01019849 0.1469696 -0.09806518 -3.492565E-20 0.1547519 -0.09803987 0.03170492 0.1456993 -0.08545065 0.03831992 0.1465411 -0.07155537 0.02039963 0.1480482 -0.09464497 0.01106621 0.1546745 -0.09699631 -0.01106621 0.1546745 -0.09699631 -3.492565E-20 0.163805 -0.09317599 -0.0210343 0.1545525 -0.09430613 -0.01226461 0.1629539 -0.09222902 -0.02890598 0.1565902 -0.08917306 -0.022992 0.1610802 -0.09036869 -0.02544345 0.169801 -0.08139921 -0.01373612 0.1734693 -0.08244356 -3.492565E-20 0.1750709 -0.08317713 -0.02735435 0.1792703 -0.06853969 -0.01469022 0.1826934 -0.07018375 -3.492565E-20 0.1842974 -0.07095373 0.01469022 0.1826934 -0.07018375 0.01373612 0.1734693 -0.08244356 0.01226461 0.1629539 -0.09222902 0.022992 0.1610802 -0.09036869 0.0210343 0.1545525 -0.09430613 0.02544345 0.169801 -0.08139921 0.02890598 0.1565902 -0.08917306 0.03147803 0.1509682 -0.08761478 0.0350473 0.1639636 -0.07920158 0.02735435 0.1792703 -0.06853969 0.01486431 0.1906621 -0.05539958 0.04073589 0.1565538 -0.07643939 0.02509117 0.1929198 -0.0386906 0.02759185 0.1873511 -0.05371372 0.0273017 0.1910349 -0.02671335 0.03462967 0.1875815 -0.03557287 0.03891181 0.1806028 -0.05043705 0.0191989 0.1889292 -0.014795 0.01603866 0.186247 -0.01604016 0.03232368 0.1863902 -0.02351861 0.02143156 0.1849655 -0.01380623 0.01904887 0.17697 -0.01296258 0.02195848 0.1804857 -0.01483944 0.03313312 0.1822002 -0.02137533 0.03078249 0.1780191 -0.02078135 0.03940251 0.1726437 -0.02943888 0.04080429 0.1820623 -0.03303717 0.04224323 0.1761546 -0.03077835 0.04677204 0.1671632 -0.04428577 0.04354368 0.1633535 -0.04273603 0.04550713 0.1724264 -0.04681331 0.04655357 0.1592363 -0.0591532 0.04340051 0.1548511 -0.05711706 0.0455137 0.1647285 -0.06170741 0.0387715 0.1725062 -0.06532805 0.04148736 0.1514271 -0.07396094 0.02200996 0.1767377 0.01139315 0.02947694 0.17454 0.02044618 0.01904887 0.17697 0.01296258 0.02880195 0.1771438 0.02415904 0.03976782 0.1715056 0.03024364 0.01787997 0.1858752 0.01810162 0.01603866 0.186247 0.01604016 0.03959543 0.1741344 0.03321619 0.05465122 0.1700494 0.03695085 0.01878386 0.1926211 0.01860157 0.01442614 0.192733 0.01402089 0.02852472 0.1848722 0.02606228 0.03952726 0.1833493 0.03360026 0.05465119 0.1727151 0.04060898 0.07241747 0.1696857 0.04127042 0.0546499 0.1820726 0.03985368 0.07240713 0.172332 0.04449891 0.0910537 0.1695018 0.04220778 0.07240591 0.1812568 0.04387407 0.09105673 0.1721407 0.04562901 0.09106287 0.1810674 0.04504996 0.1086551 0.1720284 0.04249297 0.1086533 0.1694074 0.0391074 0.1257885 0.1719855 0.03683357 0.1257841 0.1694741 0.03363957 0.1086614 0.1807739 0.04186961 0.09108236 0.1939707 0.04076592 0.1397974 0.1719073 0.02842531 0.1397902 0.1695403 0.02573576 0.1257946 0.1800329 0.03624528 0.1086752 0.1925664 0.03752444 0.1499588 0.1718955 0.01938934 0.148672 0.1695929 0.01787301 0.1397967 0.1790392 0.02797408 0.1552269 0.171756 0.008672199 0.1541448 0.1695844 0.00831317 0.1500306 0.1780487 0.01927088 0.1560668 0.1695323 1.387779E-19 0.1257852 0.190134 0.03240834 0.1397076 0.1872911 0.0251488 0.1257156 0.1988558 0.02548603 0.1086898 0.2035595 0.02998782 0.1395073 0.1939799 0.01988635 0.1255342 0.2063679 0.01353139 0.1495499 0.1846979 0.01767897 0.149024 0.1895101 0.01385259 0.1547565 0.1824599 0.008286475 0.1556984 0.1774555 0.008613427 0.1390528 0.1991492 0.01048446 0.1575188 0.1717138 1.387779E-19 0.1579346 0.1773095 1.387779E-19 0.1552269 0.171756 -0.008672199 0.1541448 0.1695844 -0.00831317 0.148672 0.1695929 -0.01787301 0.1556984 0.1774555 -0.008613427 0.1564294 0.1820675 1.387779E-19 0.1499588 0.1718955 -0.01938934 0.1397902 0.1695403 -0.02573576 0.1500306 0.1780487 -0.01927088 0.1397974 0.1719073 -0.02842531 0.1257841 0.1694741 -0.03363957 0.1547565 0.1824599 -0.008286475 0.1257885 0.1719855 -0.03683357 0.1086533 0.1694074 -0.0391074 0.1397967 0.1790392 -0.02797408 0.1086551 0.1720284 -0.04249297 0.0910537 0.1695018 -0.04220778 0.1257946 0.1800329 -0.03624528 0.1086614 0.1807739 -0.04186961 0.09105673 0.1721407 -0.04562901 0.1257852 0.190134 -0.03240834 0.07240713 0.172332 -0.04449891 0.07241747 0.1696857 -0.04127042 0.09106287 0.1810674 -0.04504996 0.05465119 0.1727151 -0.04060898 0.05465122 0.1700494 -0.03695085 0.07240591 0.1812568 -0.04387407 0.09108236 0.1939707 -0.04076592 0.1086752 0.1925664 -0.03752444 0.07242456 0.1943602 -0.03982484 0.1257156 0.1988558 -0.02548603 0.0546499 0.1820726 -0.03985368 0.1086898 0.2035595 -0.02998782 0.03959543 0.1741344 -0.03321619 0.03976782 0.1715056 -0.03024364 0.02880195 0.1771438 -0.02415904 0.02947694 0.17454 -0.02044618 0.03952726 0.1833493 -0.03360026 0.02200996 0.1767377 -0.01139315 0.01904887 0.17697 -0.01296258 0.05471988 0.1943684 -0.03590931 0.01787997 0.1858752 -0.01810162 0.01603866 0.186247 -0.01604016 0.01442614 0.192733 -0.01402089 0.02852472 0.1848722 -0.02566309 0.01878386 0.1926211 -0.01860157 0.01493754 0.1960372 -0.0125703 0.01134639 0.1937462 -0.009796882 0.03969612 0.1940095 -0.03118577 0.02932465 0.1936185 -0.02585449 0.02048275 0.1980597 -0.0166262 0.01544365 0.1992252 -0.007085326 0.0112865 0.1946562 -0.00497303 0.008106583 0.1943839 -0.004632337 0.009235493 0.1949689 1.387779E-19 0.02185021 0.2041043 -0.00965339 0.0110816 0.1948178 1.387779E-19 0.0158118 0.201206 1.387779E-19 0.0112865 0.1946562 0.00497303 0.008106583 0.1943839 0.004632337 0.01139285 0.1937759 0.009832764 0.01544365 0.1992252 0.007085326 0.01493754 0.1960372 0.0125703 0.02048275 0.1980597 0.0166262 0.02185021 0.2041043 0.00965339 0.02932465 0.1936185 0.02585449 0.03017403 0.2007213 0.02181959 0.02232788 0.2067175 1.387779E-19 0.0312467 0.2089846 0.01230572 0.04035113 0.2033663 0.02527457 0.03969612 0.1940095 0.03118577 0.05471988 0.1943684 0.03590931 0.05445471 0.2060835 0.02893212 0.07242456 0.1943602 0.03982484 0.07230828 0.2075811 0.03216704 0.09108721 0.2064611 0.0326918 0.09102831 0.2167594 0.01725734 0.108693 0.2127987 0.01600994 0.07206172 0.2180814 0.01698278 0.09105063 0.2190474 1.387779E-19 0.1087062 0.2152017 1.387779E-19 0.1254324 0.208592 1.387779E-19 0.108693 0.2127987 -0.01600994 0.1255342 0.2063679 -0.01353139 0.1385572 0.2001769 1.387779E-19 0.1483355 0.1920073 0.007482763 0.1390528 0.1991492 -0.01048446 0.1523183 0.1876246 0.006808951 0.1477766 0.1928918 1.387779E-19 0.1530529 0.1874873 8.150375E-08 0.1523763 0.1875856 -0.006673533 0.1483355 0.1920073 -0.007482777 0.149024 0.1895101 -0.01385259 0.1395073 0.1939799 -0.01988635 0.1495499 0.1846979 -0.01767897 0.1397076 0.1872911 -0.0251488 0.09108721 0.2064611 -0.0326918 0.09102831 0.2167594 -0.01725734 0.07230828 0.2075811 -0.03216704 0.07206172 0.2180814 -0.01698278 0.05445471 0.2060835 -0.02893212 0.07204933 0.2207128 1.387779E-19 0.05424432 0.2162711 -0.01556182 0.04035113 0.2033663 -0.02527457 0.04126791 0.2128789 -0.01406602 0.05423894 0.2189342 1.387779E-19 0.05424432 0.2162711 0.01556182 0.04126791 0.2128789 0.01406602 0.04157257 0.2159699 1.387779E-19 0.03176484 0.2121581 1.387779E-19 0.0312467 0.2089846 -0.01230572 0.03017403 0.2007213 -0.02181959 0.01139285 0.1937759 0.009832764 0.008106583 0.1943839 0.004632337 0.004650742 0.1940851 0.007767639 0.006947583 0.1916704 0.01921021 -3.492565E-20 0.1940319 0.009102236 0.01161912 0.191722 0.01677624 0.01442614 0.192733 0.01402089 0.01339828 0.1930392 0.0181918 -3.492565E-20 0.1923141 0.02074073 0.008291526 0.1947286 0.02180546 0.01885444 0.192204 0.01835279 -0.006947583 0.1916704 0.01921021 -0.004650742 0.1940851 0.007767639 -0.01139285 0.1937759 0.009832764 -0.008106583 0.1943839 0.004632337 -0.01161912 0.191722 0.01677624 -0.01442614 0.192733 0.01402089 -0.01339828 0.1930392 0.0181918 -0.008291526 0.1947286 0.02180546 -3.492565E-20 0.1952263 0.02311761 -3.492562E-20 0.1969368 0.02536909 -0.01558262 0.1941163 0.02107014 -0.009204611 0.1962315 0.0240429 0.009204611 0.1962315 0.0240429 -0.01885444 0.192204 0.01835279 -3.492565E-20 0.1975016 0.03280981 -0.0117461 0.1964506 0.03138 -0.02077249 0.1941483 0.02912266 -0.0191989 0.1889292 0.014795 -0.01603866 0.186247 0.01604016 -0.0273017 0.1910349 0.02671335 -0.02143156 0.1849655 0.01380623 -0.01904887 0.17697 0.01296258 -0.02195848 0.1804857 0.01483944 -0.03232368 0.1863902 0.02351861 -0.03313312 0.1822002 0.02137533 -0.03078249 0.1780191 0.02078135 -0.03940249 0.1726436 0.02943886 -0.04224323 0.1755021 0.03077835 -0.04354368 0.1633535 0.04273603 -0.04080429 0.1804523 0.03303717 -0.03462967 0.1875815 0.03557287 -0.02509117 0.1929198 0.0386906 -0.03891181 0.1806028 0.05043705 -0.01368103 0.1956218 0.04077099 -0.02759185 0.1873511 0.05371372 -0.01486431 0.1906621 0.05539958 -0.02735435 0.1792703 0.06853969 -3.492565E-20 0.1967842 0.04179206 -3.492565E-20 0.1921617 0.05622426 0.0117461 0.1964506 0.03138 0.01368103 0.1956219 0.040771 0.01558262 0.1941163 0.02107014 0.02077249 0.1941483 0.02912266 0.0273017 0.1910349 0.02671335 0.02509117 0.1929198 0.0386906 0.01486431 0.1906621 0.05539958 0.0191989 0.1889292 0.014795 0.01603866 0.186247 0.01604016 0.02143156 0.1849655 0.01380623 0.01904887 0.17697 0.01296258 0.02195848 0.1804857 0.01483944 0.03232368 0.1863902 0.02351861 0.03313312 0.1822002 0.02137533 0.03078249 0.1780191 0.02078135 0.03940251 0.1726437 0.02943888 0.03462967 0.1875815 0.03557287 0.04080429 0.1804523 0.03303717 0.04224323 0.1755021 0.03077835 0.04354368 0.1633535 0.04273603 0.02759185 0.1873511 0.05371372 0.03891181 0.1806028 0.05043705 0.04550713 0.1725636 0.04690507 0.04677204 0.1673003 0.04437754 0.04655357 0.1592363 0.0591532 0.04340051 0.1548511 0.05711706 0.0455137 0.1647285 0.06170741 0.0387715 0.1725062 0.06532805 0.02735435 0.1792703 0.06853969 0.04073589 0.1565538 0.07643939 0.0350473 0.1639636 0.07920158 0.04148736 0.1514271 0.07396094 0.03831992 0.1465411 0.07155537 0.03170492 0.1456993 0.08545065 0.02963723 0.1413526 0.08198919 0.03147803 0.1509682 0.08761478 0.02020699 0.1421692 0.09268104 0.01880029 0.1381887 0.0886896 0.02039963 0.1480482 0.09464497 0.02890598 0.1565902 0.08917306 0.009710636 0.1403757 0.09605437 0.009210215 0.1368446 0.09151641 -3.492565E-20 0.1363389 0.09264193 0.02544345 0.169801 0.08139921 0.0210343 0.1545525 0.09430613 0.022992 0.1610802 0.09036869 0.01469022 0.1826934 0.07018375 0.01373612 0.1734693 0.08244356 0.01226461 0.1629539 0.09222902 -3.492565E-20 0.1842974 0.07095373 0.01106621 0.1546745 0.09699631 -3.492565E-20 0.1750709 0.08317713 -3.492565E-20 0.163805 0.09317599 0.01019849 0.1469696 0.09806518 -3.492565E-20 0.1547519 0.09803987 -3.492565E-20 0.1465899 0.09927604 -3.492565E-20 0.1397192 0.09730054 -0.009710636 0.1403757 0.09605437 -0.009210215 0.1368446 0.09151641 -0.01880029 0.1381887 0.0886896 -0.01019849 0.1469696 0.09806518 -0.02020699 0.1421692 0.09268104 -0.02963723 0.1413526 0.08198919 -0.01106621 0.1546745 0.09699631 -0.02039963 0.1480482 0.09464497 -0.03170492 0.1456993 0.08545065 -0.03831992 0.1465411 0.07155537 -0.01226461 0.1629539 0.09222902 -0.0210343 0.1545525 0.09430613 -0.01373612 0.1734693 0.08244356 -0.022992 0.1610802 0.09036869 -0.03147803 0.1509682 0.08761478 -0.02890598 0.1565902 0.08917306 -0.02544345 0.169801 0.08139921 -0.01469022 0.1826934 0.07018375 -0.0350473 0.1639636 0.07920158 -0.0387715 0.1725062 0.06532805 -0.04073589 0.1565538 0.07643939 -0.04550713 0.1725636 0.04690507 -0.0455137 0.1647285 0.06170741 -0.04677204 0.1673003 0.04437754 -0.04655357 0.1592363 0.0591532 -0.04340051 0.1548511 0.05711706 -0.04148736 0.1514271 0.07396094 -0.02200996 0.1767377 0.01139315 -0.02761416 0.1767061 1.387779E-19 -0.01947209 0.1768458 -3.244807E-34 -0.02200996 0.1767377 -0.01139315 -0.02898178 0.1764368 0.01016536 -0.02947694 0.17454 0.02044618 -0.02898178 0.1764368 -0.01016536 -0.02947694 0.17454 -0.02044618 -0.04070158 0.1784215 1.387779E-19 -0.03120966 0.1751387 0.01800674 -0.03120966 0.1751387 -0.01800674 -0.04106234 0.1726974 0.02581892 -0.03976782 0.1715056 0.03024364 -0.04230621 0.1755629 0.0201912 -0.04162049 0.1774041 0.0118621 -0.05465222 0.1715991 0.03303585 -0.05465122 0.1700494 0.03695085 -0.05464999 0.1757232 0.02579655 -0.05464987 0.1789805 0.01568266 -0.07241594 0.1711775 0.03730966 -0.07241747 0.1696857 0.04127042 -0.07239737 0.1765337 0.02980189 -0.09105363 0.1709363 0.03811688 -0.0910537 0.1695018 0.04220778 -0.1086533 0.1694074 0.0391074 -0.0910572 0.1758255 0.03066381 -0.1086539 0.1706695 0.03522362 -0.1257841 0.1694741 0.03363957 -0.09105802 0.1810247 0.01835416 -0.1257754 0.1704708 0.03016829 -0.1397902 0.1695403 0.02573576 -0.1086495 0.1748013 0.02874961 -0.1397886 0.1702284 0.02295137 -0.148672 0.1695929 0.01787301 -0.1257546 0.1734675 0.02483692 -0.1086532 0.1799358 0.01695095 -0.146951 0.1701846 0.01586029 -0.1541447 0.1695844 0.008313166 -0.1397891 0.1720922 0.01856975 -0.1257607 0.1778667 0.01389269 -0.1452336 0.1711911 0.01409106 -0.1397872 0.1750058 0.0103628 -0.1496734 0.1704386 0.007385219 -0.1515082 0.1701837 0.00778933 -0.1530389 0.1702017 1.387779E-19 -0.1560668 0.1695323 1.387779E-19 -0.1541447 0.1695844 -0.008313166 -0.1511793 0.1705222 1.387779E-19 -0.1515082 0.1701837 -0.00778933 -0.146951 0.1701846 -0.01586029 -0.148672 0.1695929 -0.01787301 -0.1496734 0.1704386 -0.007385219 -0.1464045 0.1739782 1.387779E-19 -0.1452336 0.1711911 -0.01409106 -0.1397847 0.1768848 1.387779E-19 -0.1397872 0.1750058 -0.0103628 -0.1257449 0.1801546 1.387779E-19 -0.1397891 0.1720922 -0.01856975 -0.1257607 0.1778667 -0.01389269 -0.1086623 0.1823094 1.387779E-19 -0.1397886 0.1702284 -0.02295137 -0.1397902 0.1695403 -0.02573576 -0.1257546 0.1734675 -0.02483692 -0.1257754 0.1704708 -0.03016829 -0.1257841 0.1694741 -0.03363957 -0.1086532 0.1799358 -0.01695095 -0.1086495 0.1748013 -0.02874961 -0.1086539 0.1706695 -0.03522362 -0.1086533 0.1694074 -0.0391074 -0.09105802 0.1810247 -0.01835416 -0.09105363 0.1709363 -0.03811688 -0.0910537 0.1695018 -0.04220778 -0.07241747 0.1696857 -0.04127042 -0.0910572 0.1758255 -0.03066381 -0.07241594 0.1711775 -0.03730966 -0.05465122 0.1700494 -0.03695085 -0.07239737 0.1765337 -0.02980189 -0.05465222 0.1715991 -0.03303585 -0.03976782 0.1715056 -0.03024364 -0.07237859 0.1803139 -0.01769851 -0.04106234 0.1726974 -0.02581892 -0.05464999 0.1757232 -0.02579655 -0.04230621 0.1755629 -0.0201912 -0.05464987 0.1789805 -0.01568266 -0.04162049 0.1774041 -0.0118621 -0.05464959 0.1808408 1.387779E-19 -0.07237131 0.1829527 1.387779E-19 -0.07237859 0.1803139 0.01769851 -0.09105765 0.1837133 1.387779E-19 0.09105363 0.1709363 0.03811688 0.1086533 0.1694074 0.0391074 0.0910537 0.1695018 0.04220778 0.07241747 0.1696857 0.04127042 0.1086539 0.1706695 0.03522362 0.1257841 0.1694741 0.03363957 0.07241594 0.1711775 0.03730966 0.05465122 0.1700494 0.03695085 0.0910572 0.1758255 0.03066381 0.1257754 0.1704708 0.03016829 0.1397902 0.1695403 0.02573576 0.1086495 0.1748013 0.02874961 0.1397886 0.1702284 0.02295137 0.148672 0.1695929 0.01787301 0.1257546 0.1734675 0.02483692 0.146951 0.1701846 0.01586029 0.1541448 0.1695844 0.00831317 0.1397891 0.1720922 0.01856975 0.1086532 0.1799358 0.01695095 0.1452336 0.1711911 0.01409106 0.1257607 0.1778667 0.01389269 0.1397872 0.1750058 0.0103628 0.1496734 0.1704386 0.007385219 0.1515082 0.1701837 0.00778933 0.1530389 0.1702017 1.387779E-19 0.1560668 0.1695323 1.387779E-19 0.1541448 0.1695844 -0.00831317 0.1511793 0.1705222 1.387779E-19 0.1515082 0.1701837 -0.00778933 0.146951 0.1701846 -0.01586029 0.148672 0.1695929 -0.01787301 0.1496734 0.1704386 -0.007385219 0.1464045 0.1739782 1.387779E-19 0.1452336 0.1711911 -0.01409106 0.1397847 0.1768848 1.387779E-19 0.1397872 0.1750058 -0.0103628 0.1257449 0.1801546 1.387779E-19 0.1397891 0.1720922 -0.01856975 0.1257607 0.1778667 -0.01389269 0.1086623 0.1823094 1.387779E-19 0.1397886 0.1702284 -0.02295137 0.1397902 0.1695403 -0.02573576 0.1257546 0.1734675 -0.02483692 0.1257754 0.1704708 -0.03016829 0.1257841 0.1694741 -0.03363957 0.1086532 0.1799358 -0.01695095 0.1086495 0.1748013 -0.02874961 0.1086539 0.1706695 -0.03522362 0.1086533 0.1694074 -0.0391074 0.09105802 0.1810247 -0.01835416 0.09105363 0.1709363 -0.03811688 0.0910537 0.1695018 -0.04220778 0.07241747 0.1696857 -0.04127042 0.0910572 0.1758255 -0.03066381 0.07241594 0.1711775 -0.03730966 0.05465122 0.1700494 -0.03695085 0.07239737 0.1765337 -0.02980189 0.05465222 0.1715991 -0.03303585 0.03976782 0.1715056 -0.03024364 0.07237859 0.1803139 -0.01769851 0.04106234 0.1726974 -0.02581892 0.02947694 0.17454 -0.02044618 0.05464999 0.1757232 -0.02579655 0.03120966 0.1751387 -0.01800674 0.04230621 0.1755629 -0.0201912 0.02898178 0.1764368 -0.01016536 0.02200996 0.1767377 -0.01139315 0.05464987 0.1789805 -0.01568266 0.04162049 0.1774041 -0.0118621 0.02761416 0.1767061 1.387779E-19 0.01947209 0.1768458 0 0.02200996 0.1767377 0.01139315 0.04070158 0.1784215 1.387779E-19 0.02898178 0.1764368 0.01016536 0.02947694 0.17454 0.02044618 0.05464959 0.1808408 1.387779E-19 0.04162049 0.1774041 0.0118621 0.03120966 0.1751387 0.01800674 0.07237131 0.1829527 1.387779E-19 0.05464987 0.1789805 0.01568266 0.04230621 0.1755629 0.0201912 0.04106234 0.1726974 0.02581892 0.03976782 0.1715056 0.03024364 0.05464999 0.1757232 0.02579655 0.05465222 0.1715991 0.03303585 0.07239737 0.1765337 0.02980189 0.07237859 0.1803139 0.01769851 0.09105802 0.1810247 0.01835416 0.09105765 0.1837133 1.387779E-19</float_array>
                    <technique_common>
                        <accessor count="1112" offset="0" source="pm0812_00_00_body_c_mesh_shape_body_b-geometry-POSITION-array" stride="3">
                            <param name="X" type="float" />
                            <param name="Y" type="float" />
                            <param name="Z" type="float" />
                        </accessor>
                    </technique_common>
                </source>
                <source id="pm0812_00_00_body_c_mesh_shape_body_b-geometry-NORMAL">
                    <float_array id="pm0812_00_00_body_c_mesh_shape_body_b-geometry-NORMAL-array" count="2790">0 0.9223633 0.3852539 0 -0.2324219 0.972168 -0.1331787 0.9047852 0.4033203 -0.4787598 -0.2290039 0.847168 -0.3981934 0.8432617 0.3605957 0 -0.2021484 0.9790039 -0.8378906 -0.2282715 0.4953613 -0.5175781 0.8549805 0 -0.4873047 -0.2005615 0.8496094 -0.4929199 -0.1658936 0.8540039 0 -0.1658936 0.9858398 -0.8481445 -0.199585 0.4902344 -0.4951172 -0.137085 0.8574219 0 -0.137085 0.9902344 -0.8540039 -0.1658936 0.4929199 -0.8574219 -0.137085 0.4951172 -0.496582 -0.1154175 0.8598633 0 -0.1154175 0.9931641 0 -0.06878662 0.9975586 -0.8598633 -0.1154175 0.496582 -0.4987793 -0.06878662 0.8637695 0 0.09912109 0.9946289 -0.4973145 0.09912109 0.8613281 0 0.7094727 0.7041016 -0.3479004 0.6948242 0.6289063 -0.8637695 -0.06878662 0.4987793 -0.8613281 0.09912109 0.4973145 -0.640625 0.6708984 0.3720703 -0.9931641 -0.1154175 0 -0.9975586 -0.06878662 0 -0.9946289 0.09912109 0 -0.7426758 0.6689453 0 -0.640625 0.6708984 -0.3720703 -0.8613281 0.09912109 -0.4973145 -0.3479004 0.6948242 -0.6289063 -0.8637695 -0.06878662 -0.4987793 -0.4973145 0.09912109 -0.8613281 0 0.7094727 -0.7041016 0 0.09912109 -0.9946289 -0.4987793 -0.06878662 -0.8637695 0 -0.06878662 -0.9975586 -0.8598633 -0.1154175 -0.496582 -0.496582 -0.1154175 -0.8598633 0 -0.1154175 -0.9931641 -0.9902344 -0.137085 0 -0.8574219 -0.137085 -0.4951172 -0.4951172 -0.137085 -0.8574219 0 -0.137085 -0.9902344 0 -0.1658936 -0.9858398 -0.4929199 -0.1658936 -0.8540039 -0.8540039 -0.1658936 -0.4929199 -0.9858398 -0.1658936 0 -0.9799805 -0.1986084 0 -0.8481445 -0.199585 -0.4902344 -0.4873047 -0.2005615 -0.8496094 0 -0.2021484 -0.9790039 -0.9736328 -0.2263184 0 -0.8378906 -0.2282715 -0.4953613 -0.4008789 0.840332 -0.3640137 -0.4787598 -0.2290039 -0.847168 -0.1363525 0.9042969 -0.4042969 0 -0.2324219 -0.972168 0 0.9223633 -0.3852539 0 0.909668 0.4150391 -0.2028809 0.8950195 0.3967285 0 0.972168 0.2322998 -0.4111328 0.8862305 0.2114258 -0.1573486 0.9731445 0.1661377 0 1.000122 0 -0.2299805 0.9731445 0 -0.4411621 0.8969727 0 -0.4111328 0.8862305 -0.2114258 -0.1573486 0.9731445 -0.1661377 0 0.972168 -0.2322998 -0.2028809 0.8950195 -0.3967285 0 0.909668 -0.4150391 -0.1750488 -0.9121094 0.3701172 0 -0.9667969 -0.2546387 0 -0.9301758 0.3666992 -0.04647827 -0.965332 -0.255127 0 -0.440918 -0.8969727 -0.359375 -0.8613281 0.3588867 0.09552002 -0.4470215 -0.8891602 0 -0.5634766 -0.8256836 -0.1114502 -0.9638672 -0.2399902 0.1766357 -0.5683594 -0.8032227 0 -0.8100586 -0.5859375 0.2844238 -0.546875 -0.7866211 -0.1188965 -0.9414063 -0.3151855 -0.5454102 -0.8071289 0.2249756 0.2602539 -0.762207 -0.5922852 0 -0.8735352 -0.486084 0.3518066 -0.578125 -0.7358398 -0.05303955 -0.8989258 -0.4343262 -0.6411133 -0.765625 -0.04354858 0.3977051 -0.7202148 -0.5678711 0.2546387 -0.8295898 -0.4960938 0 -0.9042969 -0.4267578 0.3745117 -0.7763672 -0.5058594 -0.04681396 -0.8657227 -0.4975586 -0.652832 -0.7050781 -0.2756348 -0.04925537 -0.8354492 -0.5463867 -0.5976563 -0.6420898 -0.4790039 -0.5375977 -0.5224609 -0.6611328 0.3283691 -0.831543 -0.4470215 -0.06915283 -0.8017578 -0.5932617 -0.4868164 -0.3662109 -0.7924805 0.2181396 -0.8735352 -0.4345703 0.2717285 -0.8813477 -0.3852539 -0.1345215 -0.777832 -0.6132813 -0.5263672 -0.2424316 -0.8144531 0.1556396 -0.9311523 -0.3286133 0 -0.9541016 -0.2980957 0.1744385 -0.9526367 -0.2478027 -0.2138672 -0.862793 -0.4577637 0.3198242 -0.9140625 0.2481689 0.07202148 -0.9916992 -0.102417 0 -0.996582 -0.08135986 0 -0.9995117 0 0.1333008 -0.9902344 0.02842712 0.04556274 -0.9985352 0 0.1333008 -0.9902344 -0.02842712 0.3173828 -0.9145508 -0.2500305 0.07202148 -0.9916992 0.102417 0 -0.996582 0.08135986 0 -0.9541016 0.2980957 -0.2138672 -0.862793 0.4577637 -0.5263672 -0.2424316 0.8144531 0.1556396 -0.9311523 0.3286133 0 -0.9042969 0.4267578 0.1744385 -0.9526367 0.2478027 -0.1345215 -0.777832 0.6132813 -0.4929199 -0.3608398 0.7915039 0.2717285 -0.8813477 0.3852539 -0.06915283 -0.8017578 0.5932617 -0.5507813 -0.512207 0.6586914 0.2181396 -0.8735352 0.4345703 0.3283691 -0.831543 0.4470215 -0.04925537 -0.8354492 0.5463867 -0.6000977 -0.6381836 0.4819336 -0.6503906 -0.7070313 0.2756348 0.2546387 -0.8295898 0.4960938 0 -0.8735352 0.486084 0.3745117 -0.7763672 0.5058594 -0.04681396 -0.8657227 0.4975586 -0.6411133 -0.765625 0.04354858 -0.05303955 -0.8989258 0.4343262 -0.5454102 -0.8071289 -0.2249756 0.3977051 -0.7202148 0.5678711 0.2602539 -0.762207 0.5922852 0 -0.8100586 0.5859375 -0.1188965 -0.9414063 0.3151855 -0.359375 -0.8613281 -0.3588867 0.3518066 -0.578125 0.7358398 0.1766357 -0.5683594 0.8032227 0 -0.5634766 0.8256836 0.2844238 -0.546875 0.7866211 0.09552002 -0.4470215 0.8891602 0 -0.440918 0.8969727 -0.1114502 -0.9638672 0.2399902 -0.04647827 -0.965332 0.255127 0 -0.9667969 0.2546387 -0.1750488 -0.9121094 -0.3701172 0 -0.9301758 -0.3666992 0.1331787 0.9047852 0.4033203 0.4787598 -0.2290039 0.847168 0.3981934 0.8432617 0.3605957 0.8378906 -0.2282715 0.4953613 0.5175781 0.8549805 0 0.4873047 -0.2005615 0.8496094 0.9736328 -0.2263184 0 0.8481445 -0.199585 0.4902344 0.4929199 -0.1658936 0.8540039 0.4951172 -0.137085 0.8574219 0.8540039 -0.1658936 0.4929199 0.496582 -0.1154175 0.8598633 0.8574219 -0.137085 0.4951172 0.4987793 -0.06878662 0.8637695 0.8598633 -0.1154175 0.496582 0.4973145 0.09912109 0.8613281 0.3479004 0.6948242 0.6289063 0.8637695 -0.06878662 0.4987793 0.8613281 0.09912109 0.4973145 0.640625 0.6708984 0.3720703 0.9931641 -0.1154175 0 0.9946289 0.09912109 0 0.7426758 0.6689453 0 0.640625 0.6708984 -0.3720703 0.9975586 -0.06878662 0 0.8613281 0.09912109 -0.4973145 0.3479004 0.6948242 -0.6289063 0.8637695 -0.06878662 -0.4987793 0.4973145 0.09912109 -0.8613281 0.4987793 -0.06878662 -0.8637695 0.8598633 -0.1154175 -0.496582 0.496582 -0.1154175 -0.8598633 0.4951172 -0.137085 -0.8574219 0.8574219 -0.137085 -0.4951172 0.4929199 -0.1658936 -0.8540039 0.9902344 -0.137085 0 0.9858398 -0.1658936 0 0.8540039 -0.1658936 -0.4929199 0.9799805 -0.1986084 0 0.8481445 -0.199585 -0.4902344 0.4873047 -0.2005615 -0.8496094 0.8378906 -0.2282715 -0.4953613 0.4008789 0.840332 -0.3640137 0.4787598 -0.2290039 -0.847168 0.1363525 0.9042969 -0.4042969 0.2028809 0.8950195 0.3967285 0.4111328 0.8862305 0.2114258 0.1573486 0.9731445 0.1661377 0.2299805 0.9731445 0 0.4411621 0.8969727 0 0.4111328 0.8862305 -0.2114258 0.1573486 0.9731445 -0.1661377 0.2028809 0.8950195 -0.3967285 0.1750488 -0.9121094 0.3701172 0.04647827 -0.965332 -0.255127 0.359375 -0.8613281 0.3588867 -0.09552002 -0.4470215 -0.8891602 0.1114502 -0.9638672 -0.2399902 -0.1766357 -0.5683594 -0.8032227 -0.2844238 -0.546875 -0.7866211 0.1188965 -0.9414063 -0.3151855 0.5454102 -0.8071289 0.2249756 -0.2602539 -0.762207 -0.5922852 -0.3518066 -0.578125 -0.7358398 0.05300903 -0.8989258 -0.4343262 0.6411133 -0.765625 -0.04354858 -0.3977051 -0.7202148 -0.5678711 -0.2546387 -0.8295898 -0.4960938 -0.3745117 -0.7763672 -0.5058594 0.04681396 -0.8657227 -0.4975586 0.652832 -0.7050781 -0.2756348 0.04925537 -0.8354492 -0.5463867 0.5976563 -0.6420898 -0.4790039 0.5375977 -0.5224609 -0.6611328 -0.3283691 -0.831543 -0.4470215 0.06915283 -0.8017578 -0.5932617 0.4868164 -0.3662109 -0.7924805 -0.2181396 -0.8735352 -0.4345703 -0.2717285 -0.8813477 -0.3852539 0.1345215 -0.777832 -0.6132813 0.5263672 -0.2424316 -0.8144531 -0.1556396 -0.9311523 -0.3286133 -0.1744385 -0.9526367 -0.2478027 0.2138672 -0.862793 -0.4577637 -0.3198242 -0.9140625 0.2481689 -0.07202148 -0.9916992 -0.102417 -0.1333008 -0.9902344 0.02842712 -0.04556274 -0.9985352 0 -0.1333008 -0.9902344 -0.02842712 -0.3173828 -0.9145508 -0.2500305 -0.07202148 -0.9916992 0.102417 0.2138672 -0.862793 0.4577637 0.5263672 -0.2424316 0.8144531 -0.1556396 -0.9311523 0.3286133 -0.1744385 -0.9526367 0.2478027 0.1345215 -0.777832 0.6132813 0.4929199 -0.3608398 0.7915039 -0.2717285 -0.8813477 0.3852539 0.06915283 -0.8017578 0.5932617 0.5507813 -0.512207 0.6586914 -0.2181396 -0.8735352 0.4345703 -0.3283691 -0.831543 0.4470215 0.04925537 -0.8354492 0.5463867 0.6000977 -0.6381836 0.4819336 0.6503906 -0.7070313 0.2756348 -0.2546387 -0.8295898 0.4960938 -0.3745117 -0.7763672 0.5058594 0.04681396 -0.8657227 0.4975586 0.6411133 -0.765625 0.04354858 0.05300903 -0.8989258 0.4343262 0.5454102 -0.8071289 -0.2249756 -0.3977051 -0.7202148 0.5678711 0.1188965 -0.9414063 0.3151855 0.359375 -0.8613281 -0.3588867 -0.2602539 -0.762207 0.5922852 -0.3518066 -0.578125 0.7358398 -0.2844238 -0.546875 0.7866211 -0.1766357 -0.5683594 0.8032227 0.1114502 -0.9638672 0.2399902 -0.09552002 -0.4470215 0.8891602 0.04647827 -0.965332 0.255127 0.1750488 -0.9121094 -0.3701172 0.2878418 -0.9550781 0.06890869 0.6357422 -0.3933105 0.6635742 0.2868652 -0.9423828 0.1700439 0.6533203 -0.1716309 0.7368164 0.9858398 -0.07897949 0.145752 0.512207 -0.2736816 0.8134766 0.1206055 -0.9770508 0.1733398 0.6015625 0.2227783 0.7666016 0.5966797 0.6049805 0.5268555 0.6005859 -0.0723877 0.7958984 0.4492188 0.09661865 0.8876953 0.3093262 -0.2259521 0.9233398 0.04470825 -0.9819336 0.182373 0.2807617 0.1795654 0.9423828 0.137207 -0.2197266 0.9658203 -0.004676819 -0.9799805 0.1970215 0.1292725 0.2075195 0.9692383 -0.05154419 -0.2211914 0.9736328 -0.05987549 0.2169189 0.9741211 -0.2347412 -0.2252197 0.9453125 -0.05267334 -0.9780273 0.2005615 -0.07720947 0.4316406 0.8984375 -0.3891602 -0.2143555 0.8955078 -0.1184692 -0.965332 0.2310791 -0.2451172 0.2231445 0.9433594 -0.5566406 -0.2042236 0.8046875 -0.2064209 -0.9443359 0.2556152 -0.3964844 0.2121582 0.8930664 -0.7573242 -0.185791 0.6254883 -0.3579102 -0.8911133 0.2780762 -0.2553711 0.4470215 0.8569336 -0.9077148 -0.1994629 0.3688965 -0.4082031 -0.8959961 0.1721191 -0.4365234 -0.8994141 0 -0.7587891 0.1138306 0.640625 -0.5625 0.1751709 0.8076172 -0.3913574 0.4431152 0.8061523 -0.5405273 0.4101563 0.7338867 -0.4038086 0.6884766 0.6020508 -0.2785645 0.7026367 0.6542969 -0.5166016 0.6591797 0.5454102 -0.4223633 0.8500977 0.3132324 -0.7250977 0.3479004 0.59375 -0.6987305 0.5654297 0.4372559 -0.8950195 0.317627 0.3129883 -0.9267578 0.07110596 0.3684082 -0.5341797 0.8095703 0.2425537 -0.9780273 -0.206543 0 -0.9970703 0.07141113 0 -0.9077148 -0.1994629 -0.3688965 -0.4082031 -0.8959961 -0.1721191 -0.3579102 -0.8911133 -0.2780762 -0.9267578 0.07110596 -0.3684082 -0.9287109 0.3696289 0.0005917549 -0.7573242 -0.185791 -0.6254883 -0.2064209 -0.9443359 -0.2556152 -0.7587891 0.1138306 -0.640625 -0.5566406 -0.2042236 -0.8046875 -0.1184692 -0.965332 -0.2310791 -0.8945313 0.3171387 -0.3137207 -0.3891602 -0.2143555 -0.8955078 -0.05267334 -0.9780273 -0.2005615 -0.5625 0.1751709 -0.8076172 -0.2347412 -0.2252197 -0.9453125 -0.004676819 -0.9799805 -0.1970215 -0.3964844 0.2121582 -0.8930664 -0.2451172 0.2231445 -0.9433594 -0.05154419 -0.2211914 -0.9736328 -0.05987549 0.2169189 -0.9741211 0.137207 -0.2197266 -0.9658203 0.04470825 -0.9819336 -0.182373 -0.07720947 0.4316406 -0.8984375 0.3093262 -0.2259521 -0.9233398 0.1206055 -0.9770508 -0.1733398 0.1292725 0.2075195 -0.9692383 0.5151367 -0.2685547 -0.8134766 0.2868652 -0.9423828 -0.1700439 0.2807617 0.1795654 -0.9423828 0.1102905 0.4121094 -0.9042969 0.453125 0.09735107 -0.8857422 0.6381836 -0.3808594 -0.668457 0.2878418 -0.9550781 -0.06890869 0.6401367 -0.1838379 -0.7456055 0.8857422 -0.1710205 0.4306641 0.5605469 0.6674805 -0.489502 0.6015625 -0.07458496 -0.7949219 0.5932617 0.2196045 -0.7744141 0.644043 0.59375 -0.4816895 0.2556152 0.9326172 -0.2539063 0.5107422 0.2753906 -0.8139648 0.5454102 0.5957031 -0.5888672 0.6743164 0.6977539 -0.2399902 0.371582 0.3537598 -0.8579102 0.4445801 0.6166992 -0.6489258 0.2445068 0.3935547 -0.8857422 0.3288574 0.6420898 -0.6918945 0.2188721 0.6679688 -0.7109375 0.0715332 0.6958008 -0.7143555 -0.1112061 0.7070313 -0.6977539 0.03120422 0.9248047 -0.3786621 -0.1368408 0.9213867 -0.362793 -0.2785645 0.7026367 -0.6542969 -0.2907715 0.8920898 -0.3449707 -0.1456299 0.9892578 0 -0.2553711 0.4470215 -0.8569336 -0.3913574 0.4431152 -0.8061523 -0.4038086 0.6884766 -0.6020508 -0.5405273 0.4101563 -0.7338867 -0.4223633 0.8500977 -0.3132324 -0.5166016 0.6591797 -0.5454102 -0.7250977 0.3481445 -0.59375 -0.6992188 0.5654297 -0.4365234 -0.5341797 0.8095703 -0.2425537 -0.2900391 0.956543 0 -0.4282227 0.9033203 0 -0.6586914 0.746582 -0.09008789 -0.8188477 0.546875 -0.1728516 -0.2907715 0.8920898 0.3449707 -0.1112061 0.7070313 0.6977539 -0.5507813 0.8339844 0 -0.6586914 0.746582 0.08984375 -0.6503906 0.7587891 0.0001118183 -0.8188477 0.5463867 0.1741943 -0.8061523 0.5913086 0.0009241104 0.1102905 0.4121094 0.9042969 0.2445068 0.3935547 0.8857422 0.0715332 0.6958008 0.7143555 0.3681641 0.3574219 0.8579102 0.2188721 0.6679688 0.7109375 -0.1368408 0.9213867 0.362793 0.03120422 0.9248047 0.3786621 0.009490967 0.9995117 0 0.1878662 0.8984375 0.395752 0.1878662 0.8984375 -0.395752 0.1638184 0.9863281 0 0.3164063 0.8549805 -0.4101563 0.3164063 0.8549805 0.4101563 0.3015137 0.953125 0 0.4338379 0.8105469 -0.3933105 0.4306641 0.9023438 0 0.5424805 0.7646484 -0.3464355 0.550293 0.8344727 0 0.4338379 0.8105469 0.3933105 0.3288574 0.6420898 0.6918945 0.5424805 0.7646484 0.3464355 0.5083008 0.2849121 0.8125 0.4445801 0.6166992 0.6489258 0.5454102 0.5957031 0.5888672 0.6435547 0.59375 0.4816895 0.2580566 0.9316406 0.2543945 0.6743164 0.6977539 0.2398682 0.6542969 0.7470703 0.1156006 0.6933594 0.7202148 0 0.6591797 0.7514648 0 0.6547852 0.7460938 -0.1157227 0.03143311 0.9643555 0.2624512 0.1174927 0.9794922 0.1635742 0.06347656 0.8969727 0.4367676 0 0.9399414 0.3408203 0.06951904 0.7885742 0.6103516 -0.4375 0.8164063 0.3764648 -0.03143311 0.9643555 0.2624512 -0.2556152 0.9326172 -0.2539063 -0.1174927 0.9794922 0.1635742 -0.5605469 0.6674805 -0.489502 -0.06347656 0.8969727 0.4367676 -0.06951904 0.7885742 0.6103516 0 0.7387695 0.6733398 0 0.984375 0.1745605 0.2519531 0.940918 0.2247314 0.1196289 0.9750977 0.1864014 -0.1196289 0.9750977 0.1864014 0.4375 0.8164063 0.3764648 0 0.9995117 -0.02302551 0.1612549 0.9868164 0.00674057 -0.2519531 0.940918 0.2247314 -0.1612549 0.9868164 0.00674057 0 0.9726563 -0.2318115 0.3220215 0.9433594 0.07672119 0.182251 0.9584961 -0.2171631 -0.182251 0.9584961 -0.2171631 -0.3220215 0.9433594 0.07672119 0 0.9169922 -0.3984375 -0.3959961 0.9023438 -0.1680908 -0.4929199 0.840332 0.2247314 -0.465332 0.5683594 0.6782227 -0.1943359 0.8994141 -0.3903809 -0.4233398 0.2741699 0.8632813 -0.6347656 0.6352539 0.4394531 -0.6772461 0.1715088 0.7148438 -0.6098633 0.7880859 -0.07617188 -0.8134766 0.5727539 0.09710693 -0.8911133 0.0418396 0.4509277 -0.4238281 0.8334961 -0.3530273 -0.6630859 0.6953125 -0.2758789 -0.8818359 0.4526367 -0.128418 -0.9716797 -0.1064453 0.2088623 -0.6665039 0.6044922 -0.4353027 -0.9726563 -0.2286377 -0.04055786 -0.8798828 0.3466797 -0.3239746 -0.890625 -0.3476563 -0.2927246 -0.8344727 0.1817627 -0.5195313 -0.6938477 -0.4516602 -0.5600586 -0.6425781 0.4946289 -0.5844727 -0.4611816 -0.5092773 -0.7260742 -0.6948242 -0.03378296 -0.7177734 -0.4377441 -0.1383057 -0.8881836 -0.2327881 -0.5317383 -0.8139648 -0.2114258 -0.08532715 -0.9736328 0 -0.5375977 -0.8427734 0 -0.05932617 -0.9980469 0.2327881 -0.5317383 -0.8139648 0.4611816 -0.5092773 -0.7260742 0.2114258 -0.08532715 -0.9736328 0 0.3383789 -0.940918 0.6938477 -0.4516602 -0.5600586 0.4377441 -0.1383057 -0.8881836 0.1712646 0.3149414 -0.9331055 -0.1712646 0.3149414 -0.9331055 0 0.6020508 -0.7983398 -0.3620605 0.223999 -0.9047852 -0.1674805 0.5932617 -0.7866211 -0.5986328 0.3068848 -0.7392578 -0.3464355 0.5639648 -0.7490234 -0.3959961 0.6669922 -0.6303711 -0.1898193 0.7265625 -0.659668 0 0.7412109 -0.6708984 -0.4208984 0.7548828 -0.5024414 -0.1990967 0.8237305 -0.5302734 0 0.8442383 -0.5356445 0.1990967 0.8237305 -0.5302734 0.1898193 0.7265625 -0.659668 0.1674805 0.5932617 -0.7866211 0.3464355 0.5639648 -0.7490234 0.3620605 0.223999 -0.9047852 0.3959961 0.6669922 -0.6303711 0.5986328 0.3068848 -0.7392578 0.6948242 -0.03378296 -0.7177734 0.6425781 0.4946289 -0.5844727 0.4208984 0.7548828 -0.5024414 0.1943359 0.8994141 -0.3903809 0.8344727 0.1817627 -0.5195313 0.3959961 0.9023438 -0.1680908 0.4238281 0.8334961 -0.3530273 0.4929199 0.840332 0.2247314 0.6098633 0.7880859 -0.07617188 0.6630859 0.6953125 -0.2758789 0.465332 0.5683594 0.6782227 -0.8857422 -0.1710205 0.4306641 0.6347656 0.6352539 0.4394531 0.4233398 0.2741699 0.8632813 0.6772461 0.1715088 0.7148438 0.8134766 0.5727539 0.09710693 0.8911133 0.0418396 0.4509277 0.9716797 -0.1064453 0.2088623 0.8818359 0.4526367 -0.128418 0.9726563 -0.2286377 -0.04055786 0.8798828 0.3466797 -0.3239746 0.6665039 0.6044922 -0.4353027 0.890625 -0.3476563 -0.2927246 -0.2878418 -0.9550781 0.06890869 -0.6357422 -0.3933105 0.6635742 -0.2868652 -0.9423828 0.1700439 -0.6533203 -0.1716309 0.7368164 -0.9858398 -0.07897949 0.145752 -0.512207 -0.2736816 0.8134766 -0.1206055 -0.9770508 0.1733398 -0.6015625 0.2227783 0.7666016 -0.5966797 0.6049805 0.5268555 -0.6005859 -0.0723877 0.7958984 -0.4492188 0.09661865 0.8876953 -0.3093262 -0.2259521 0.9233398 -0.04470825 -0.9819336 0.182373 -0.2807617 0.1795654 0.9423828 -0.137207 -0.2197266 0.9658203 0.004676819 -0.9799805 0.1970215 -0.1292725 0.2075195 0.9692383 0.05154419 -0.2211914 0.9736328 0.05987549 0.2169189 0.9741211 0.2347412 -0.2252197 0.9453125 0.05267334 -0.9780273 0.2005615 0.3891602 -0.2143555 0.8955078 0.1184692 -0.965332 0.2310791 0.2451172 0.2231445 0.9433594 0.07720947 0.4316406 0.8984375 0.5566406 -0.2042236 0.8046875 0.2064209 -0.9443359 0.2556152 0.3964844 0.2121582 0.8930664 0.2553711 0.4470215 0.8569336 0.7573242 -0.185791 0.6254883 0.3579102 -0.8911133 0.2780762 0.5625 0.1751709 0.8076172 0.9077148 -0.1994629 0.3688965 0.4082031 -0.8959961 0.1721191 0.7587891 0.1138306 0.640625 0.4365234 -0.8994141 0 0.3913574 0.4431152 0.8061523 0.5405273 0.4101563 0.7338867 0.4038086 0.6884766 0.6020508 0.2785645 0.7026367 0.6542969 0.5166016 0.6591797 0.5454102 0.4223633 0.8500977 0.3132324 0.7250977 0.3479004 0.59375 0.6987305 0.5654297 0.4372559 0.8950195 0.317627 0.3129883 0.9267578 0.07110596 0.3684082 0.5341797 0.8095703 0.2425537 0.9780273 -0.206543 0 0.9970703 0.07141113 0 0.9077148 -0.1994629 -0.3688965 0.4082031 -0.8959961 -0.1721191 0.3579102 -0.8911133 -0.2780762 0.9267578 0.07110596 -0.3684082 0.9287109 0.3696289 0.0005908012 0.7573242 -0.185791 -0.6254883 0.2064209 -0.9443359 -0.2556152 0.7587891 0.1138306 -0.640625 0.5566406 -0.2042236 -0.8046875 0.1184692 -0.965332 -0.2310791 0.8945313 0.3171387 -0.3137207 0.3891602 -0.2143555 -0.8955078 0.05267334 -0.9780273 -0.2005615 0.5625 0.1751709 -0.8076172 0.2347412 -0.2252197 -0.9453125 0.004676819 -0.9799805 -0.1970215 0.3964844 0.2121582 -0.8930664 0.2451172 0.2231445 -0.9433594 0.05154419 -0.2211914 -0.9736328 0.3913574 0.4431152 -0.8061523 -0.137207 -0.2197266 -0.9658203 -0.04470825 -0.9819336 -0.182373 0.05987549 0.2169189 -0.9741211 -0.3093262 -0.2259521 -0.9233398 -0.1206055 -0.9770508 -0.1733398 -0.1292725 0.2075195 -0.9692383 0.07720947 0.4316406 -0.8984375 0.2553711 0.4470215 -0.8569336 -0.1102905 0.4121094 -0.9042969 0.4038086 0.6884766 -0.6020508 -0.2807617 0.1795654 -0.9423828 0.2785645 0.7026367 -0.6542969 -0.5151367 -0.2685547 -0.8134766 -0.2868652 -0.9423828 -0.1700439 -0.6381836 -0.3808594 -0.668457 -0.2878418 -0.9550781 -0.06890869 -0.453125 0.09735107 -0.8857422 -0.2445068 0.3935547 -0.8857422 -0.6401367 -0.1838379 -0.7456055 -0.6015625 -0.07458496 -0.7949219 -0.5932617 0.2196045 -0.7744141 -0.644043 0.59375 -0.4816895 -0.371582 0.3537598 -0.8579102 -0.5107422 0.2753906 -0.8139648 -0.5454102 0.5957031 -0.5888672 -0.6743164 0.6977539 -0.2399902 -0.6547852 0.7460938 -0.1157227 -0.5424805 0.7646484 -0.3464355 -0.6591797 0.7514648 0 -0.6933594 0.7202148 0 -0.6542969 0.7470703 0.1156006 -0.2580566 0.9316406 0.2543945 -0.6743164 0.6977539 0.2398682 -0.6435547 0.59375 0.4816895 -0.5454102 0.5957031 0.5888672 -0.5424805 0.7646484 0.3464355 -0.5083008 0.2849121 0.8125 -0.4445801 0.6166992 0.6489258 -0.550293 0.8344727 0 -0.4338379 0.8105469 0.3933105 -0.3288574 0.6420898 0.6918945 -0.3681641 0.3574219 0.8579102 -0.2445068 0.3935547 0.8857422 -0.2188721 0.6679688 0.7109375 -0.1102905 0.4121094 0.9042969 -0.0715332 0.6958008 0.7143555 0.1112061 0.7070313 0.6977539 0.1368408 0.9213867 0.362793 0.2907715 0.8920898 0.3449707 -0.03120422 0.9248047 0.3786621 0.1456299 0.9892578 0 0.2900391 0.956543 0 0.4282227 0.9033203 0 0.2907715 0.8920898 -0.3449707 0.4223633 0.8500977 -0.3132324 0.5507813 0.8339844 0 0.6586914 0.746582 0.08984375 0.5341797 0.8095703 -0.2425537 0.8188477 0.5463867 0.1741943 0.6503906 0.7587891 0.0001111627 0.8061523 0.5913086 0.0009226799 0.8188477 0.546875 -0.1728516 0.6586914 0.746582 -0.09008789 0.6992188 0.5654297 -0.4365234 0.5166016 0.6591797 -0.5454102 0.7250977 0.3481445 -0.59375 0.5405273 0.4101563 -0.7338867 0.1112061 0.7070313 -0.6977539 0.1368408 0.9213867 -0.362793 -0.0715332 0.6958008 -0.7143555 -0.03120422 0.9248047 -0.3786621 -0.2188721 0.6679688 -0.7109375 -0.009490967 0.9995117 0 -0.1878662 0.8984375 -0.395752 -0.3288574 0.6420898 -0.6918945 -0.3164063 0.8549805 -0.4101563 -0.1638184 0.9863281 0 -0.1878662 0.8984375 0.395752 -0.3164063 0.8549805 0.4101563 -0.3015137 0.953125 0 -0.4306641 0.9023438 0 -0.4338379 0.8105469 -0.3933105 -0.4445801 0.6166992 -0.6489258 -0.03222656 0.9643555 -0.2614746 -0.116272 0.9794922 -0.1623535 -0.06347656 0.8969727 -0.4367676 0 0.9399414 -0.3408203 -0.06951904 0.7885742 -0.6103516 0.4375 0.8164063 -0.3764648 0.03222656 0.9643555 -0.2614746 0.116272 0.9794922 -0.1623535 0.06347656 0.8969727 -0.4367676 0.06951904 0.7885742 -0.6103516 0 0.7387695 -0.6733398 0 0.984375 -0.1745605 -0.2519531 0.940918 -0.2247314 -0.1196289 0.9750977 -0.1864014 0.1196289 0.9750977 -0.1864014 -0.4375 0.8164063 -0.3764648 0 0.9995117 0.02302551 -0.1612549 0.9868164 -0.00674057 -0.3220215 0.9433594 -0.07672119 -0.465332 0.5683594 -0.6782227 -0.5097656 0.8295898 -0.2263184 -0.4233398 0.2741699 -0.8632813 -0.6538086 0.6289063 -0.4194336 -0.684082 0.1824951 -0.7060547 -0.8891602 0.03155518 -0.4562988 -0.8222656 0.5571289 -0.111084 -0.6303711 0.7739258 0.0562439 -0.395752 0.9023438 0.1680908 -0.6708984 0.6928711 0.2626953 -0.182251 0.9584961 0.2171631 -0.4238281 0.8334961 0.3530273 -0.1943359 0.8994141 0.3903809 -0.4208984 0.7548828 0.5024414 0 0.9726563 0.2318115 0 0.9169922 0.3984375 0.1612549 0.9868164 -0.00674057 0.182251 0.9584961 0.2171631 0.2519531 0.940918 -0.2247314 0.3220215 0.9433594 -0.07672119 0.5097656 0.8295898 -0.2263184 0.3959961 0.9023438 0.1680908 0.1943359 0.8994141 0.3903809 0.465332 0.5683594 -0.6782227 0.4233398 0.2741699 -0.8632813 0.6538086 0.6289063 -0.4194336 0.684082 0.1824951 -0.7060547 0.6303711 0.7739258 0.0562439 0.8222656 0.5571289 -0.111084 0.8891602 0.03155518 -0.4562988 0.4238281 0.8334961 0.3530273 0.6708984 0.6928711 0.2626953 0.878418 0.4614258 0.1208496 0.9731445 -0.1035156 -0.2044678 0.972168 -0.2287598 0.03973389 0.8793945 0.3464355 0.3256836 0.6655273 0.6049805 0.4365234 0.4208984 0.7548828 0.5024414 0.8344727 0.1817627 0.5195313 0.6425781 0.4946289 0.5844727 0.890625 -0.3476563 0.2927246 0.6938477 -0.4516602 0.5600586 0.6948242 -0.03378296 0.7177734 0.4611816 -0.5092773 0.7260742 0.4377441 -0.1383057 0.8881836 0.5986328 0.3068848 0.7392578 0.2327881 -0.5317383 0.8139648 0.3959961 0.6669922 0.6303711 0.3620605 0.223999 0.9047852 0.3464355 0.5639648 0.7490234 0.1990967 0.8237305 0.5302734 0.1898193 0.7265625 0.659668 0.1674805 0.5932617 0.7866211 0 0.8442383 0.5356445 0.1712646 0.3149414 0.9331055 0 0.7412109 0.6708984 0 0.6020508 0.7983398 0.2114258 -0.08532715 0.9736328 0 0.3383789 0.940918 0 -0.05932617 0.9980469 0 -0.5375977 0.8427734 -0.2327881 -0.5317383 0.8139648 -0.2114258 -0.08532715 0.9736328 -0.4611816 -0.5092773 0.7260742 -0.1712646 0.3149414 0.9331055 -0.4377441 -0.1383057 0.8881836 -0.6938477 -0.4516602 0.5600586 -0.1674805 0.5932617 0.7866211 -0.3620605 0.223999 0.9047852 -0.1898193 0.7265625 0.659668 -0.3464355 0.5639648 0.7490234 -0.6948242 -0.03378296 0.7177734 -0.5986328 0.3068848 0.7392578 -0.3959961 0.6669922 0.6303711 -0.1990967 0.8237305 0.5302734 -0.6425781 0.4946289 0.5844727 -0.6655273 0.6049805 0.4365234 -0.8344727 0.1817627 0.5195313 -0.878418 0.4614258 0.1208496 -0.8793945 0.3464355 0.3256836 -0.9731445 -0.1035156 -0.2044678 -0.972168 -0.2287598 0.03973389 -0.890625 -0.3476563 0.2927246 -0.05181885 -0.9985352 0 -0.05230713 -0.9931641 -0.100769 -0.05230713 -0.9931641 0.100769 -0.1375732 -0.9902344 0 -0.0322876 -0.9648438 -0.2602539 -0.0322876 -0.9648438 0.2602539 -0.1020508 -0.9277344 -0.3579102 -0.149292 -0.9360352 -0.3183594 -0.142334 -0.9790039 -0.1427002 -0.1189575 -0.887207 -0.4453125 -0.1418457 -0.9111328 -0.3864746 -0.1264648 -0.9726563 -0.1925049 -0.0534668 -0.8720703 -0.4863281 -0.0617981 -0.9013672 -0.4279785 0.0395813 -0.8764648 -0.4790039 0.04135132 -0.8920898 -0.4489746 0.1133423 -0.8842773 -0.4521484 0.02464294 -0.9692383 -0.243042 0.170166 -0.8950195 -0.4116211 0.130127 -0.887207 -0.4421387 0.2310791 -0.909668 -0.3444824 0.2027588 -0.8896484 -0.4082031 0.1146851 -0.9599609 -0.2536621 0.2492676 -0.9492188 -0.1898193 0.2768555 -0.8916016 -0.3571777 0.1867676 -0.949707 -0.2495117 0.4067383 -0.8837891 -0.230957 0.2924805 -0.9272461 -0.2333984 0.4130859 -0.8935547 -0.1737061 0.208374 -0.9746094 -0.08129883 0.1938477 -0.980957 0 0.3994141 -0.9165039 0 0.208374 -0.9746094 0.08129883 0.2492676 -0.9492188 0.1898193 0.4130859 -0.8935547 0.1737061 0.4716797 -0.8813477 0 0.4067383 -0.8837891 0.230957 0.2617188 -0.9648438 0 0.2924805 -0.9272461 0.2333984 0.1738281 -0.984375 0 0.2768555 -0.8916016 0.3571777 0.1867676 -0.949707 0.2495117 0.1034546 -0.9946289 0 0.2310791 -0.909668 0.3444824 0.2027588 -0.8896484 0.4082031 0.170166 -0.8950195 0.4116211 0.1146851 -0.9599609 0.2536621 0.130127 -0.887207 0.4421387 0.1133423 -0.8842773 0.4521484 0.02464294 -0.9692383 0.243042 0.0395813 -0.8764648 0.4790039 0.04135132 -0.8920898 0.4489746 -0.0534668 -0.8720703 0.4863281 -0.0617981 -0.9013672 0.4279785 -0.1189575 -0.887207 0.4453125 -0.06524658 -0.9731445 0.21875 -0.1020508 -0.9277344 0.3579102 -0.1418457 -0.9111328 0.3864746 -0.149292 -0.9360352 0.3183594 -0.1264648 -0.9726563 0.1925049 -0.142334 -0.9790039 0.1427002 -0.1260986 -0.9916992 0 -0.07092285 -0.9970703 0 -0.06524658 -0.9731445 -0.21875 0.01477814 -0.9995117 0 -0.0395813 -0.8764648 -0.4790039 -0.1133423 -0.8842773 -0.4521484 0.0534668 -0.8720703 -0.4863281 -0.04135132 -0.8920898 -0.4489746 -0.170166 -0.8950195 -0.4116211 -0.130127 -0.887207 -0.4421387 -0.2310791 -0.909668 -0.3444824 -0.2027588 -0.8896484 -0.4082031 -0.2492676 -0.9492188 -0.1898193 -0.2768555 -0.8916016 -0.3571777 -0.1146851 -0.9599609 -0.2536621 -0.4067383 -0.8837891 -0.230957 -0.1867676 -0.949707 -0.2495117 -0.2924805 -0.9272461 -0.2333984 -0.4130859 -0.8935547 -0.1737061 -0.208374 -0.9746094 -0.08129883 -0.1938477 -0.980957 0 -0.3994141 -0.9165039 0 -0.208374 -0.9746094 0.08129883 -0.2492676 -0.9492188 0.1898193 -0.4130859 -0.8935547 0.1737061 -0.4716797 -0.8813477 0 -0.4067383 -0.8837891 0.230957 -0.2617188 -0.9648438 0 -0.2924805 -0.9272461 0.2333984 -0.1738281 -0.984375 0 -0.2768555 -0.8916016 0.3571777 -0.1867676 -0.949707 0.2495117 -0.1034546 -0.9946289 0 -0.2310791 -0.909668 0.3444824 -0.2027588 -0.8896484 0.4082031 -0.170166 -0.8950195 0.4116211 -0.1146851 -0.9599609 0.2536621 -0.130127 -0.887207 0.4421387 -0.1133423 -0.8842773 0.4521484 -0.02464294 -0.9692383 0.243042 -0.0395813 -0.8764648 0.4790039 -0.04135132 -0.8920898 0.4489746 0.0534668 -0.8720703 0.4863281 0.0617981 -0.9013672 0.4279785 0.1189575 -0.887207 0.4453125 0.06524658 -0.9731445 0.21875 0.1020508 -0.9277344 0.3579102 0.1418457 -0.9111328 0.3864746 0.0322876 -0.9648438 0.2602539 0.149292 -0.9360352 0.3183594 0.05230713 -0.9931641 0.100769 0.1264648 -0.9726563 0.1925049 0.142334 -0.9790039 0.1427002 0.05181885 -0.9985352 0 0.1375732 -0.9902344 0 0.05230713 -0.9931641 -0.100769 0.1260986 -0.9916992 0 0.142334 -0.9790039 -0.1427002 0.0322876 -0.9648438 -0.2602539 0.07092285 -0.9970703 0 0.1264648 -0.9726563 -0.1925049 0.149292 -0.9360352 -0.3183594 0.1020508 -0.9277344 -0.3579102 0.1418457 -0.9111328 -0.3864746 0.1189575 -0.887207 -0.4453125 0.0617981 -0.9013672 -0.4279785 0.06524658 -0.9731445 -0.21875 -0.02464294 -0.9692383 -0.243042 -0.01477814 -0.9995117 0</float_array>
                    <technique_common>
                        <accessor count="930" offset="0" source="pm0812_00_00_body_c_mesh_shape_body_b-geometry-NORMAL-array" stride="3">
                            <param name="X" type="float" />
                            <param name="Y" type="float" />
                            <param name="Z" type="float" />
                        </accessor>
                    </technique_common>
                </source>
                <source id="pm0812_00_00_body_c_mesh_shape_body_b-geometry-TEXCOORD">
                    <float_array id="pm0812_00_00_body_c_mesh_shape_body_b-geometry-TEXCOORD-array" count="2224">0.3554688 1.347656 0.3525131 1.347656 0.3554688 1.328125 0.3525132 1.328125 0.3554688 1.308594 0.3088666 1.347656 0.3525132 1.308594 0.3555033 1.290893 0.3088666 1.328125 0.2673202 1.328125 0.2673202 1.347656 0.3088666 1.308594 0.2411246 1.328125 0.2411246 1.347656 0.2673204 1.308594 0.2411246 1.308594 0.2035072 1.328125 0.2035072 1.347656 0.1688217 1.347656 0.2035072 1.308594 0.1688217 1.328125 0.15625 1.347656 0.15625 1.328125 0.1523696 1.347656 0.1523696 1.328125 0.1688217 1.308594 0.15625 1.308594 0.1523696 1.308594 0.2035072 1.290893 0.1688217 1.290893 0.15625 1.290893 0.1523696 1.290893 0.1523696 1.271633 0.15625 1.271633 0.1523696 1.252759 0.1688217 1.271633 0.15625 1.252759 0.1523179 1.234375 0.15625 1.234375 0.1688217 1.252759 0.1688217 1.234375 0.2035072 1.271633 0.2035072 1.252759 0.2035011 1.234375 0.2411246 1.290893 0.2411246 1.271633 0.2411246 1.252759 0.2410928 1.234375 0.2673202 1.234375 0.2673202 1.252759 0.2673202 1.271633 0.2673202 1.290893 0.3088666 1.290893 0.3088666 1.271633 0.3088666 1.252759 0.3088666 1.234375 0.3525131 1.290893 0.3525132 1.271633 0.3554688 1.271633 0.3525132 1.252758 0.3554688 1.252759 0.3525131 1.234375 0.3554688 1.234375 0.3554689 1.469532 0.3554688 1.459193 0.3793536 1.463565 0.375587 1.45458 0.3971671 1.446083 0.3554688 1.442867 0.3892702 1.440912 0.3728511 1.43789 0.3554688 1.421875 0.4037504 1.421875 0.3774862 1.421875 0.3941954 1.421875 0.3892702 1.402838 0.3971671 1.397667 0.3728511 1.40586 0.3554688 1.400883 0.3755869 1.38917 0.3793535 1.380185 0.3554685 1.384557 0.3554685 1.374218 0.03512084 1.277189 0.0158022 1.284993 0.0158022 1.274894 0.034434 1.287411 0.0158022 1.291623 0.05577162 1.283576 0.03431549 1.293147 0.0158022 1.307212 0.05222768 1.292638 0.03488116 1.308561 0.0158022 1.328535 0.05108327 1.297337 0.07059451 1.30496 0.07928729 1.30004 0.046875 1.328125 0.0158022 1.36175 0.06575713 1.30876 0.08560766 1.325475 0.09694032 1.325577 0.07843906 1.325828 0.05157706 1.361299 0.0158022 1.393852 0.08829236 1.35998 0.09612024 1.359696 0.1063156 1.360287 0.09589295 1.393394 0.1052154 1.394325 0.09576261 1.426943 0.08835992 1.393546 0.08554761 1.425944 0.07796004 1.446972 0.05227168 1.393824 0.07749705 1.42601 0.07091483 1.44415 0.06100653 1.460573 0.04822655 1.425188 0.0158022 1.424852 0.06327414 1.442416 0.05892558 1.453466 0.05243601 1.460725 0.04383582 1.448633 0.01582792 1.44945 0.015625 1.484374 0.05790927 1.463478 0.05321768 1.484363 0.05809022 1.505251 0.05261949 1.508056 0.04388568 1.520184 0.01581861 1.519294 0.0158022 1.543898 0.05910785 1.515421 0.0612696 1.508295 0.0481823 1.543711 0.0158022 1.574898 0.06337625 1.526562 0.0710512 1.524892 0.07814524 1.522141 0.07746483 1.543098 0.08550525 1.54324 0.09571144 1.542348 0.05210113 1.575063 0.08803442 1.575551 0.09552236 1.575763 0.1047924 1.574918 0.1056062 1.608711 0.05132838 1.607489 0.0158022 1.606999 0.08776353 1.60891 0.09551316 1.609232 0.09615396 1.642998 0.08498724 1.643075 0.07880414 1.668153 0.07791524 1.642724 0.04689105 1.641243 0.015625 1.640625 0.070223 1.663365 0.05585682 1.684656 0.06543024 1.659644 0.03480919 1.66006 0.0158022 1.661537 0.05101066 1.67108 0.03436454 1.675453 0.0158022 1.677127 0.05220429 1.675728 0.0345588 1.681189 0.0158022 1.683757 0.03544163 1.691433 0.0158022 1.693856 0.6445313 1.347656 0.6445313 1.328125 0.6474868 1.347656 0.6474868 1.328125 0.6445313 1.308594 0.6911331 1.347656 0.6474868 1.308594 0.6444967 1.290893 0.6911331 1.328125 0.7326795 1.347656 0.6474868 1.290893 0.6911331 1.308594 0.7326795 1.328125 0.7588749 1.328125 0.7588749 1.347656 0.7964923 1.347656 0.7326795 1.308594 0.7964923 1.328125 0.8311776 1.347656 0.7588749 1.308594 0.8311776 1.328125 0.84375 1.347656 0.7964923 1.308594 0.84375 1.328125 0.8476303 1.347656 0.8476303 1.328125 0.8311776 1.308594 0.84375 1.308594 0.8476303 1.308594 0.7964923 1.290893 0.84375 1.290893 0.8476303 1.290893 0.8476303 1.271633 0.8311776 1.290893 0.84375 1.271633 0.8476303 1.252758 0.8311776 1.271633 0.84375 1.252758 0.8476822 1.234375 0.84375 1.234375 0.8311776 1.252758 0.8311776 1.234375 0.7964923 1.271633 0.7964923 1.252758 0.7964983 1.234375 0.7589068 1.234375 0.7588749 1.252758 0.7326795 1.234375 0.7588749 1.271633 0.7326795 1.252758 0.6911331 1.234375 0.7588749 1.290893 0.7326795 1.290893 0.7326795 1.271633 0.6911331 1.290893 0.6911331 1.271633 0.6911331 1.252758 0.6474868 1.271633 0.6445313 1.271633 0.6474868 1.252758 0.6474868 1.234375 0.6445313 1.252758 0.6445313 1.234375 0.6206464 1.463564 0.6445311 1.459191 0.6445311 1.46953 0.6244131 1.454579 0.6028332 1.446082 0.6445311 1.442867 0.6107301 1.440911 0.6271489 1.43789 0.6445313 1.421875 0.5962501 1.421875 0.6225139 1.421875 0.6058049 1.421875 0.6107303 1.402839 0.6028334 1.397668 0.6271492 1.40586 0.6445314 1.400884 0.6244134 1.389171 0.6206468 1.380186 0.6445314 1.384559 0.6445314 1.37422 0.9841905 1.28499 0.9648716 1.277186 0.9841905 1.274891 0.9655584 1.287409 0.9841905 1.291621 0.9442205 1.283574 0.965677 1.293145 0.9841905 1.30721 0.9477646 1.292635 0.9651113 1.308559 0.9841905 1.328535 0.948909 1.297335 0.9293975 1.304958 0.9207046 1.300038 0.953125 1.328125 0.9841905 1.361749 0.934235 1.308758 0.9143842 1.325473 0.9030514 1.325575 0.9215528 1.325826 0.9484152 1.361297 0.9841905 1.393851 0.9116994 1.359978 0.9038715 1.359695 0.893676 1.360285 0.9040987 1.393392 0.8947762 1.394324 0.904229 1.426942 0.9116319 1.393545 0.9144442 1.425943 0.9220319 1.446972 0.9477206 1.393823 0.9224949 1.426009 0.9290771 1.444149 0.9389856 1.460573 0.9517658 1.425187 0.9841905 1.424851 0.936718 1.442415 0.9410666 1.453465 0.9475562 1.460725 0.9561561 1.448632 0.9841679 1.44945 0.984375 1.484374 0.9420829 1.463477 0.9467745 1.484363 0.9419019 1.505251 0.9473727 1.508057 0.9561064 1.520184 0.984176 1.519293 0.9841905 1.543899 0.9408843 1.515422 0.9387226 1.508295 0.9518099 1.543711 0.9841905 1.574899 0.9366158 1.526563 0.9289408 1.524892 0.9218467 1.522142 0.922527 1.543099 0.9144866 1.54324 0.9042803 1.542349 0.947891 1.575065 0.9119574 1.575552 0.9044695 1.575764 0.8951992 1.574919 0.8943854 1.608712 0.9486638 1.60749 0.9841905 1.607001 0.9122282 1.608911 0.9044785 1.609233 0.9038378 1.642999 0.9150047 1.643077 0.9211878 1.668155 0.9220767 1.642726 0.929769 1.663368 0.9441354 1.684658 0.9531013 1.641245 0.984375 1.640625 0.9345618 1.659646 0.9489818 1.671082 0.9651833 1.660062 0.9841905 1.66154 0.947788 1.675731 0.965628 1.675455 0.9841905 1.677129 0.9654337 1.681192 0.9645508 1.691435 0.9841905 1.68376 0.9841905 1.693859 0.3511507 1.746654 0.3496676 1.753832 0.3274128 1.732559 0.319865 1.737986 0.2957347 1.711632 0.335893 1.771594 0.340605 1.775819 0.2902328 1.717495 0.2557314 1.694517 0.327678 1.784259 0.3379876 1.795973 0.3118491 1.752659 0.2853275 1.735748 0.2514759 1.70261 0.2079036 1.68767 0.2497934 1.721583 0.2071376 1.696115 0.1585836 1.691136 0.2081205 1.71422 0.1610729 1.699732 0.165069 1.716906 0.1185664 1.711601 0.1130311 1.704617 0.1703563 1.742543 0.07940805 1.732878 0.07195294 1.728609 0.1255469 1.727877 0.04852754 1.759511 0.04078525 1.758451 0.08854014 1.746329 0.0288474 1.787786 0.02298808 1.786098 0.1335476 1.751396 0.01756185 1.816565 0.01286012 1.815342 0.009765625 1.839996 0.03927869 1.793452 0.05919713 1.769563 0.09823579 1.765492 0.0696606 1.783292 0.1055977 1.785787 0.1402492 1.776354 0.07723975 1.79827 0.1115949 1.812582 0.05030107 1.801526 0.05714387 1.811454 0.03823221 1.822361 0.02869147 1.819543 0.08291453 1.818731 0.01506883 1.839967 0.02632278 1.839905 0.01780391 1.863343 0.01311594 1.864618 0.02354908 1.893752 0.02890033 1.860242 0.03569561 1.839852 0.02938873 1.891999 0.04163104 1.921206 0.03975749 1.886217 0.04935819 1.920061 0.07309788 1.950713 0.0384438 1.857406 0.08050197 1.946362 0.1144032 1.974267 0.05991691 1.909889 0.1198574 1.967223 0.1600632 1.987271 0.08948559 1.932808 0.1266572 1.950867 0.1624543 1.978648 0.1662577 1.961426 0.2085109 1.981796 0.2093739 1.990234 0.1712695 1.935722 0.252731 1.974866 0.2570841 1.982913 0.2092879 1.963676 0.2912809 1.959608 0.2968658 1.965401 0.2508231 1.95591 0.2109118 1.936594 0.2861306 1.941427 0.320618 1.938787 0.3282693 1.944101 0.3518592 1.929681 0.3502628 1.922543 0.3362256 1.905167 0.3406944 1.900733 0.3382765 1.880967 0.312883 1.924031 0.3278734 1.892561 0.3344483 1.872552 0.3445914 1.865593 0.3041669 1.908005 0.3210835 1.881328 0.3321052 1.856605 0.2816059 1.919594 0.2993917 1.891388 0.2492647 1.930059 0.277762 1.89733 0.2486897 1.902969 0.2127824 1.907029 0.1758302 1.907392 0.2148022 1.871667 0.1793948 1.872141 0.140853 1.902214 0.1456603 1.870308 0.1800653 1.839066 0.1344069 1.927253 0.09897679 1.913534 0.1061288 1.893153 0.07023364 1.896043 0.1118577 1.866288 0.07765698 1.88098 0.05069333 1.87802 0.05743265 1.868016 0.0831238 1.860454 0.1466302 1.839245 0.1134769 1.839425 0.0608682 1.854789 0.04928541 1.853555 0.1453668 1.808197 0.1752008 1.770809 0.08458561 1.839584 0.0607143 1.824641 0.06245065 1.839706 0.0492844 1.825729 0.04806197 1.839787 0.2100325 1.741268 0.248503 1.747427 0.2121909 1.770794 0.2809832 1.757607 0.2481769 1.774504 0.1790965 1.806007 0.2145259 1.806118 0.2153198 1.838886 0.2479896 1.807859 0.2482292 1.869605 0.2483221 1.838728 0.2738147 1.867854 0.2736093 1.809381 0.272369 1.838625 0.2944712 1.865366 0.2923468 1.838547 0.3155368 1.861124 0.3133315 1.838487 0.2942984 1.81171 0.2773377 1.779885 0.3153993 1.81583 0.3037029 1.768992 0.2990505 1.785645 0.3208577 1.795565 0.3342253 1.804372 0.344295 1.811227 0.3319829 1.820324 0.3450983 1.824823 0.3517525 1.825986 0.3495418 1.838445 0.3301247 1.838467 0.3457047 1.838451 0.3451878 1.852085 0.3518292 1.850904 0.4714825 1.739748 0.4788134 1.72814 0.4874722 1.733803 0.4833432 1.757668 0.5 1.735819 0.4716154 1.754832 0.463226 1.750609 0.4672106 1.759071 0.5 1.760068 0.4805143 1.765723 0.4534188 1.761892 0.5166568 1.757668 0.5125278 1.733803 0.5285175 1.739748 0.5211866 1.72814 0.5283846 1.754832 0.5367741 1.750609 0.5327894 1.759071 0.5194857 1.765723 0.5 1.767653 0.5 1.773272 0.5368186 1.766329 0.520938 1.771288 0.479062 1.771288 0.5465812 1.761892 0.5 1.788019 0.5250918 1.786377 0.4631814 1.766329 0.4749082 1.786377 0.5 1.805842 0.5450999 1.784905 0.527477 1.805615 0.472523 1.805615 0.4549001 1.784905 0.5 1.835731 0.4489953 1.80584 0.4389268 1.783983 0.4465076 1.753721 0.4454367 1.744576 0.4712746 1.836554 0.4353105 1.753048 0.4218963 1.741374 0.425038 1.751269 0.4231295 1.781934 0.4140454 1.778208 0.4070985 1.772042 0.3875571 1.80206 0.4264072 1.806345 0.4089587 1.807479 0.3959095 1.806705 0.4457342 1.838317 0.4191743 1.840761 0.3969242 1.843321 0.3847693 1.844078 0.3741986 1.843903 0.4203721 1.875229 0.3873842 1.882748 0.3765789 1.887461 0.3993331 1.879331 0.4013913 1.920367 0.3928546 1.93008 0.4111521 1.914914 0.4245802 1.949661 0.41813 1.959671 0.4289182 1.907976 0.4523436 1.96775 0.4483198 1.978673 0.4320037 1.940774 0.456498 1.956125 0.4773492 1.976288 0.4747372 1.987165 0.5 1.990234 0.4786243 1.962544 0.5 1.978272 0.5 1.964466 0.5226508 1.976288 0.5252628 1.987165 0.5516801 1.978673 0.5476564 1.96775 0.58187 1.959671 0.5213757 1.962544 0.5 1.948337 0.5754198 1.949661 0.6071454 1.93008 0.543502 1.956125 0.5217627 1.94703 0.4782373 1.94703 0.5 1.92819 0.4581571 1.943197 0.4765999 1.928048 0.4418463 1.932777 0.4554579 1.927799 0.4506934 1.903123 0.4739733 1.89975 0.5 1.89874 0.4466535 1.871647 0.4719757 1.86966 0.5 1.868779 0.5280243 1.86966 0.5260267 1.89975 0.5234001 1.928048 0.5445421 1.927799 0.5418429 1.943197 0.5493066 1.903123 0.5581537 1.932777 0.5679963 1.940774 0.5710818 1.907976 0.5533465 1.871647 0.5287254 1.836554 0.5888479 1.914914 0.5510047 1.80584 0.5542658 1.838317 0.5610732 1.783983 0.5735928 1.806345 0.5808257 1.840761 0.5534924 1.753721 0.5545633 1.744576 0.5768705 1.781934 0.5646895 1.753048 0.5781037 1.741374 0.574962 1.751269 0.5859546 1.778208 0.5929015 1.772042 0.6124429 1.80206 0.5910413 1.807479 0.6040905 1.806705 0.6152307 1.844078 0.6258014 1.843903 0.6030758 1.843321 0.6126158 1.882748 0.6234211 1.887461 0.6006669 1.879331 0.5796279 1.875229 0.5986087 1.920367 0.6488493 1.746654 0.6725872 1.732559 0.6503324 1.753832 0.680135 1.737986 0.7042653 1.711632 0.664107 1.771594 0.6593951 1.775819 0.7097672 1.717495 0.7442686 1.694517 0.6723219 1.784259 0.6620124 1.795973 0.688151 1.752659 0.7146725 1.735748 0.7485241 1.70261 0.7920964 1.68767 0.7502066 1.721583 0.7928623 1.696115 0.8414164 1.691136 0.7918795 1.71422 0.8389271 1.699732 0.834931 1.716906 0.8814336 1.711601 0.8869689 1.704617 0.920592 1.732878 0.9280471 1.728609 0.8744531 1.727877 0.8296436 1.742543 0.9514724 1.759511 0.9592147 1.758451 0.9114599 1.746329 0.8664524 1.751396 0.9711525 1.787786 0.9770119 1.786098 0.9408029 1.769563 0.9824381 1.816565 0.9871399 1.815342 0.9607213 1.793452 0.9902344 1.839996 0.9017643 1.765492 0.9303394 1.783292 0.8944023 1.785787 0.8597507 1.776354 0.9227602 1.79827 0.8884051 1.812582 0.9496989 1.801526 0.9428562 1.811454 0.9617678 1.822361 0.9713085 1.819543 0.9170855 1.818731 0.9849312 1.839967 0.9736772 1.839905 0.9821961 1.863343 0.986884 1.864618 0.9764509 1.893752 0.9710997 1.860242 0.9643044 1.839852 0.9706113 1.891999 0.958369 1.921206 0.9602425 1.886217 0.9506418 1.920061 0.9269021 1.950713 0.9615562 1.857406 0.919498 1.946362 0.8855968 1.974267 0.9400831 1.909889 0.8801427 1.967223 0.8399368 1.987271 0.9105144 1.932808 0.8733428 1.950867 0.8375457 1.978648 0.9010232 1.913534 0.7914891 1.981796 0.7906261 1.990234 0.8337423 1.961426 0.747269 1.974866 0.7429159 1.982913 0.7907121 1.963676 0.8287305 1.935722 0.8655931 1.927253 0.7890882 1.936594 0.8938712 1.893153 0.7491769 1.95591 0.859147 1.902214 0.7087191 1.959608 0.7031342 1.965401 0.679382 1.938787 0.6717307 1.944101 0.7138695 1.941427 0.6481408 1.929681 0.6497372 1.922543 0.7507353 1.930059 0.6637744 1.905167 0.6593057 1.900733 0.6617235 1.880967 0.687117 1.924031 0.6721266 1.892561 0.6655517 1.872552 0.6554086 1.865593 0.7183941 1.919594 0.6958332 1.908005 0.6789166 1.881328 0.6678948 1.856605 0.6548122 1.852085 0.6481708 1.850904 0.6504582 1.838445 0.6844631 1.861124 0.6542953 1.838451 0.6698753 1.838467 0.6549017 1.824823 0.6482475 1.825986 0.655705 1.811227 0.6680171 1.820324 0.6657747 1.804372 0.6791424 1.795565 0.6846007 1.81583 0.6962971 1.768992 0.7009495 1.785645 0.6866685 1.838487 0.7057017 1.81171 0.7226622 1.779885 0.7190168 1.757607 0.751497 1.747427 0.7518231 1.774504 0.7899674 1.741268 0.7878091 1.770794 0.8247992 1.770809 0.8209034 1.806007 0.8546331 1.808197 0.7854741 1.806118 0.8199347 1.839066 0.8533698 1.839245 0.8865231 1.839425 0.8543397 1.870308 0.8881423 1.866288 0.9154144 1.839584 0.9392857 1.824641 0.9168762 1.860454 0.9507156 1.825729 0.9375494 1.839706 0.951938 1.839787 0.9507146 1.853555 0.9391318 1.854789 0.9425673 1.868016 0.922343 1.88098 0.9493067 1.87802 0.9297664 1.896043 0.8241698 1.907392 0.8206052 1.872141 0.7872176 1.907029 0.7851978 1.871667 0.7513103 1.902969 0.7846802 1.838886 0.7517709 1.869605 0.722238 1.89733 0.7261852 1.867854 0.7516779 1.838728 0.7520104 1.807859 0.7263907 1.809381 0.727631 1.838625 0.7076532 1.838547 0.7055289 1.865366 0.7006083 1.891388 0.5279149 1.69253 0.5204205 1.704168 0.5118133 1.698451 0.5160656 1.674609 0.5 1.696356 0.5277359 1.677519 0.5360655 1.6818 0.5321453 1.673308 0.5 1.672105 0.5189315 1.666567 0.5458924 1.670584 0.4839344 1.674609 0.4881867 1.698451 0.4720851 1.69253 0.4795794 1.704168 0.4722641 1.677519 0.4639344 1.6818 0.4678547 1.673308 0.4810685 1.666567 0.5 1.664515 0.5 1.658893 0.4637995 1.666076 0.4795865 1.661008 0.5204136 1.661008 0.4541076 1.670584 0.5 1.644136 0.4753451 1.645938 0.4554196 1.647554 0.4472758 1.678804 0.4462581 1.687958 0.43953 1.648602 0.4361134 1.679546 0.4227687 1.691283 0.4258701 1.681375 0.4238604 1.650798 0.4148825 1.654504 0.4079594 1.660701 0.3886808 1.631116 0.3953617 1.626113 0.3741094 1.589687 0.4067813 1.624802 0.4267015 1.626413 0.4493153 1.62668 0.4192027 1.592136 0.4728163 1.626714 0.4457794 1.594274 0.471332 1.595803 0.4464284 1.560944 0.5 1.626306 0.5 1.596417 0.5246549 1.645938 0.5271837 1.626714 0.5362005 1.666076 0.5445804 1.647554 0.56047 1.648602 0.5506847 1.62668 0.528668 1.595803 0.5527242 1.678804 0.5537419 1.687958 0.5638866 1.679546 0.5772313 1.691283 0.57413 1.681375 0.5761396 1.650798 0.5851175 1.654504 0.5920406 1.660701 0.6113191 1.631116 0.5732985 1.626413 0.5932187 1.624802 0.6046383 1.626113 0.6258906 1.589687 0.5542205 1.594274 0.5807973 1.592136 0.6026571 1.589754 0.6147501 1.589204 0.6130034 1.550504 0.6238529 1.54591 0.6010025 1.55377 0.5799037 1.557625 0.5535716 1.560944 0.5894356 1.518039 0.5714766 1.524771 0.5992447 1.512682 0.6078503 1.503038 0.5762017 1.483164 0.5827194 1.473204 0.5687112 1.491989 0.5484964 1.464857 0.5525906 1.453965 0.5442654 1.476448 0.5588005 1.499901 0.5234945 1.456147 0.5261757 1.445291 0.5 1.442058 0.5497459 1.529462 0.5425243 1.489357 0.5451323 1.504766 0.528205 1.562721 0.526404 1.532649 0.5239516 1.50436 0.5 1.563409 0.5224281 1.485383 0.5 1.533484 0.5 1.504065 0.5221345 1.469876 0.5 1.483935 0.5 1.467816 0.5 1.454018 0.4765055 1.456147 0.4738243 1.445291 0.4474094 1.453965 0.4778655 1.469876 0.4515036 1.464857 0.4172806 1.473204 0.4775718 1.485383 0.4557346 1.476448 0.4237983 1.483164 0.3921497 1.503038 0.4760485 1.50436 0.4574757 1.489357 0.473596 1.532649 0.4548677 1.504766 0.4312887 1.491989 0.4411995 1.499901 0.4502541 1.529462 0.471795 1.562721 0.4285234 1.524771 0.4200963 1.557625 0.4105644 1.518039 0.3973429 1.589754 0.3989975 1.55377 0.3852499 1.589204 0.3869965 1.550504 0.376147 1.54591 0.4007553 1.512682 0.2495237 1.378179 0.2265618 1.389618 0.2265618 1.373163 0.203599 1.378179 0.2471747 1.392355 0.2683908 1.393108 0.2059488 1.392356 0.1847339 1.39311 0.2265621 1.416258 0.2633709 1.396697 0.1897538 1.396698 0.2804257 1.416163 0.2896008 1.413355 0.2678003 1.419165 0.2505208 1.417972 0.2955374 1.443289 0.3040114 1.443098 0.2788742 1.443979 0.2577813 1.444358 0.3045244 1.478857 0.3130243 1.478781 0.2862332 1.479231 0.3062438 1.516231 0.3149664 1.516277 0.3087244 1.551802 0.2885041 1.515962 0.3004885 1.551642 0.2971894 1.586324 0.2623835 1.515734 0.2898681 1.586079 0.2806669 1.614605 0.285154 1.550878 0.274788 1.614424 0.2643993 1.632911 0.2775752 1.585146 0.2598452 1.550029 0.2600957 1.629238 0.2443303 1.644655 0.2650679 1.61371 0.2541561 1.583884 0.256152 1.625324 0.2474964 1.612451 0.2422996 1.635015 0.2431589 1.638934 0.2265621 1.642156 0.2265621 1.648797 0.2087954 1.644655 0.2265625 1.638133 0.2099671 1.638934 0.1930279 1.629241 0.1887249 1.632915 0.2108251 1.635016 0.2265621 1.625953 0.196972 1.625327 0.2265621 1.611556 0.2056285 1.612451 0.2265621 1.583222 0.1880543 1.613712 0.1989669 1.583884 0.2265621 1.549716 0.1783341 1.614426 0.1724536 1.614607 0.1755468 1.585144 0.1632527 1.586078 0.1559312 1.586323 0.1932783 1.550028 0.1679692 1.550875 0.1526335 1.551638 0.144398 1.551796 0.1907416 1.515733 0.1468827 1.516228 0.1381603 1.516273 0.1401033 1.47878 0.1646214 1.515959 0.1486033 1.478855 0.1491162 1.443098 0.1668934 1.47923 0.1575896 1.443289 0.1635246 1.413356 0.1917263 1.479351 0.1726993 1.416164 0.1742517 1.443979 0.1853253 1.419166 0.195344 1.444357 0.202604 1.417972 0.2265625 1.444582 0.2265618 1.479502 0.2613993 1.479352 0.2265625 1.515625 0.693756 1.516231 0.6912754 1.551802 0.6850333 1.516277 0.6869754 1.478781 0.6995113 1.551642 0.7028105 1.586324 0.6954753 1.478857 0.6959885 1.443098 0.7114958 1.515962 0.7101316 1.586079 0.7193328 1.614605 0.7148458 1.550878 0.7252117 1.614425 0.7356004 1.632911 0.7224246 1.585146 0.739904 1.629238 0.7556696 1.644655 0.7349317 1.61371 0.7401546 1.550029 0.7438478 1.625325 0.7458436 1.583884 0.7525036 1.61245 0.7577003 1.635015 0.7568409 1.638934 0.7734379 1.642156 0.7734379 1.648797 0.7912044 1.644655 0.7734375 1.638133 0.7900327 1.638934 0.8069721 1.629242 0.8112751 1.632915 0.7891749 1.635016 0.7734379 1.625954 0.8030277 1.625327 0.7734379 1.611556 0.7943714 1.612451 0.7734377 1.583222 0.8119457 1.613712 0.8010331 1.583884 0.7734379 1.549716 0.8216659 1.614427 0.8275464 1.614607 0.8244532 1.585144 0.8367473 1.586078 0.8440689 1.586323 0.8067217 1.550028 0.832031 1.550875 0.8473666 1.551638 0.8556022 1.551796 0.8092585 1.515733 0.8531173 1.516228 0.8618397 1.516274 0.8598967 1.47878 0.8353786 1.515959 0.8513969 1.478855 0.8508839 1.443098 0.8331069 1.47923 0.8424104 1.443289 0.8364754 1.413356 0.8082736 1.479351 0.8273006 1.416164 0.8152661 1.39311 0.8257483 1.443979 0.810246 1.396698 0.8146746 1.419166 0.7940511 1.392355 0.7964008 1.378179 0.8046559 1.444357 0.7973959 1.417972 0.7734381 1.389617 0.7734381 1.373163 0.7504763 1.378178 0.7734379 1.416258 0.7528253 1.392355 0.7316091 1.393108 0.7734375 1.444582 0.7494792 1.417972 0.736629 1.396697 0.7734382 1.479502 0.7422187 1.444358 0.7321996 1.419165 0.7195741 1.416163 0.7103991 1.413355 0.7211257 1.443979 0.7044624 1.443288 0.7137668 1.479231 0.7386006 1.479352 0.7376164 1.515734 0.7734375 1.515625</float_array>
                    <technique_common>
                        <accessor count="1112" offset="0" source="pm0812_00_00_body_c_mesh_shape_body_b-geometry-TEXCOORD-array" stride="2">
                            <param name="S" type="float" />
                            <param name="T" type="float" />
                        </accessor>
                    </technique_common>
                </source>
                <vertices id="pm0812_00_00_body_c_mesh_shape_body_b-vertices">
                    <input semantic="POSITION" source="#pm0812_00_00_body_c_mesh_shape_body_b-geometry-POSITION" />
                </vertices>
                <triangles count="1856" material="body_b">
                    <input semantic="VERTEX" source="#pm0812_00_00_body_c_mesh_shape_body_b-vertices" offset="0" set="0" />
                    <input semantic="NORMAL" source="#pm0812_00_00_body_c_mesh_shape_body_b-geometry-NORMAL" offset="1" set="0" />
                    <input semantic="TEXCOORD" source="#pm0812_00_00_body_c_mesh_shape_body_b-geometry-TEXCOORD" offset="2" set="0" />
                    <p>0 0 0 1 1 1 2 2 2 2 2 2 1 1 1 3 3 3 2 2 2 3 3 3 4 4 4 5 5 5 3 3 3 1 1 1 4 4 4 3 3 3 6 6 6 4 4 4 6 6 6 7 7 7 8 8 8 3 3 3 5 5 5 8 8 8 6 6 6 3 3 3 8 8 8 5 5 5 9 9 9 9 9 9 5 5 5 10 10 10 11 11 11 6 6 6 8 8 8 9 9 9 10 10 10 12 12 12 12 12 12 10 10 10 13 13 13 14 14 14 8 8 8 9 9 9 11 11 11 8 8 8 14 14 14 15 15 15 9 9 9 12 12 12 14 14 14 9 9 9 15 15 15 12 12 12 13 13 13 16 16 16 16 16 16 13 13 13 17 17 17 18 18 18 16 16 16 17 17 17 19 19 19 12 12 12 16 16 16 15 15 15 12 12 12 19 19 19 20 20 20 16 16 16 18 18 18 20 20 20 19 19 19 16 16 16 18 18 18 21 21 21 20 20 20 20 20 20 21 21 21 22 22 22 21 21 21 23 23 23 22 22 22 22 22 22 23 23 23 24 24 24 25 25 25 19 19 19 20 20 20 20 20 20 22 22 22 25 25 25 22 22 22 24 24 24 26 26 26 25 25 25 22 22 22 26 26 26 26 26 26 24 24 24 27 27 27 25 25 25 28 28 28 19 19 19 28 28 28 15 15 15 19 19 19 25 25 25 26 26 26 29 29 29 29 29 29 28 28 28 25 25 25 26 26 26 27 27 27 30 30 30 29 29 29 26 26 26 30 30 30 30 30 30 27 27 27 31 31 31 32 32 32 30 30 30 31 31 31 33 33 33 30 30 30 32 32 32 33 33 33 29 29 29 30 30 30 34 34 34 33 33 33 32 32 32 35 35 35 29 29 29 33 33 33 29 29 29 35 35 35 28 28 28 36 36 36 33 33 33 34 34 34 36 36 36 35 35 35 33 33 33 37 37 37 36 36 36 34 34 34 38 38 38 36 36 36 37 37 37 38 38 38 39 39 39 36 36 36 39 39 39 35 35 35 36 36 36 40 40 40 39 39 39 38 38 38 28 28 28 35 35 35 41 41 41 35 35 35 39 39 39 41 41 41 39 39 39 40 40 40 42 42 42 41 41 41 39 39 39 42 42 42 42 42 42 40 40 40 43 43 43 41 41 41 44 44 44 28 28 28 44 44 44 15 15 15 28 28 28 44 44 44 14 14 14 15 15 15 42 42 42 45 45 45 41 41 41 45 45 45 44 44 44 41 41 41 43 43 43 46 46 46 42 42 42 46 46 46 45 45 45 42 42 42 47 47 47 46 46 46 43 43 43 48 48 48 46 46 46 47 47 47 49 49 49 45 45 45 46 46 46 49 49 49 46 46 46 48 48 48 50 50 50 44 44 44 45 45 45 50 50 50 45 45 45 49 49 49 51 51 51 14 14 14 44 44 44 51 51 51 44 44 44 50 50 50 51 51 51 11 11 11 14 14 14 50 50 50 52 52 52 51 51 51 52 52 52 11 11 11 51 51 51 49 49 49 53 53 53 50 50 50 53 53 53 52 52 52 50 50 50 48 48 48 54 54 54 49 49 49 54 54 54 53 53 53 49 49 49 55 55 55 54 54 54 48 48 48 56 56 56 11 11 11 52 52 52 52 52 52 53 53 53 56 56 56 6 6 6 11 11 11 56 56 56 7 7 7 6 6 6 56 56 56 56 56 56 53 53 53 57 57 57 57 57 57 7 7 7 56 56 56 53 53 53 54 54 54 57 57 57 58 58 58 7 7 7 57 57 57 57 57 57 54 54 54 59 59 59 59 59 59 58 58 58 57 57 57 54 54 54 55 55 55 59 59 59 60 60 60 58 58 58 59 59 59 59 59 59 55 55 55 61 61 61 61 61 61 60 60 60 59 59 59 62 62 62 60 60 60 61 61 61 63 23 63 64 63 64 65 24 65 65 24 65 64 63 64 66 64 66 66 64 66 67 27 67 65 24 65 68 65 68 66 64 66 64 63 64 69 66 69 67 27 67 66 64 66 70 67 70 66 64 66 68 65 68 69 66 69 66 64 66 70 67 70 71 68 71 70 67 70 68 65 68 69 66 69 72 31 72 67 27 67 70 67 70 71 68 71 73 69 73 70 67 70 73 69 73 69 66 69 74 70 74 72 31 72 69 66 69 69 66 69 73 69 73 74 70 74 74 70 74 75 71 75 72 31 72 73 69 73 75 71 75 74 70 74 72 31 72 75 71 75 76 32 76 77 72 77 73 69 73 71 68 71 77 72 77 75 71 75 73 69 73 71 68 71 78 73 78 77 72 77 75 71 75 79 74 79 76 32 76 75 71 75 77 72 77 79 74 79 78 73 78 79 74 79 77 72 77 76 32 76 79 74 79 80 34 80 81 75 81 79 74 79 78 73 78 79 74 79 81 75 81 80 34 80 80 34 80 81 75 81 82 37 82 83 76 83 84 77 84 85 78 85 86 79 86 84 77 84 83 76 83 84 77 84 86 79 86 87 80 87 88 81 88 86 79 86 83 76 83 87 80 87 86 79 86 89 82 89 89 82 89 90 83 90 87 80 87 91 84 91 86 79 86 88 81 88 86 79 86 91 84 91 89 82 89 92 85 92 90 83 90 89 82 89 92 85 92 93 86 93 90 83 90 89 82 89 91 84 91 94 87 94 94 87 94 92 85 92 89 82 89 88 81 88 95 88 95 91 84 91 91 84 91 95 88 95 94 87 94 96 89 96 95 88 95 88 81 88 97 90 97 93 86 93 92 85 92 92 85 92 94 87 94 97 90 97 97 90 97 98 91 98 93 86 93 94 87 94 95 88 95 99 92 99 97 90 97 94 87 94 99 92 99 96 89 96 100 93 100 95 88 95 101 94 101 100 93 100 96 89 96 95 88 95 102 95 102 99 92 99 102 95 102 97 90 97 99 92 99 100 93 100 102 95 102 95 88 95 103 96 103 98 91 98 97 90 97 102 95 102 103 96 103 97 90 97 103 96 103 104 97 104 98 91 98 100 93 100 105 98 105 102 95 102 105 98 105 103 96 103 102 95 102 101 94 101 106 99 106 100 93 100 106 99 106 105 98 105 100 93 100 107 100 107 106 99 106 101 94 101 107 100 107 108 101 108 106 99 106 108 101 108 105 98 105 106 99 106 109 102 109 108 101 108 107 100 107 110 103 110 108 101 108 109 102 109 111 104 111 105 98 105 108 101 108 111 104 111 103 96 103 105 98 105 112 105 112 108 101 108 110 103 110 112 105 112 111 104 111 108 101 108 110 103 110 113 106 113 112 105 112 114 107 114 103 96 103 111 104 111 114 107 114 104 97 104 103 96 103 115 108 115 111 104 111 112 105 112 115 108 115 114 107 114 111 104 111 112 105 112 113 106 113 116 109 116 112 105 112 116 109 116 115 108 115 117 110 117 116 109 116 113 106 113 118 111 118 104 97 104 114 107 114 118 111 118 114 107 114 115 108 115 119 112 119 104 97 104 118 111 118 115 108 115 116 109 116 120 113 120 115 108 115 120 113 120 118 111 118 121 114 121 116 109 116 117 110 117 121 114 121 120 113 120 116 109 116 121 114 121 117 110 117 122 115 122 118 111 118 120 113 120 123 116 123 121 114 121 123 116 123 120 113 120 118 111 118 123 116 123 119 112 119 121 114 121 122 115 122 123 116 123 119 112 119 123 116 123 124 117 124 125 118 125 124 117 124 123 116 123 122 115 122 125 118 125 123 116 123 126 119 126 127 120 127 122 115 122 127 120 127 125 118 125 122 115 122 128 121 128 129 122 129 127 120 127 129 122 129 125 118 125 127 120 127 130 123 130 125 118 125 129 122 129 125 118 125 130 123 130 131 124 131 131 124 131 130 123 130 132 125 132 133 126 133 130 123 130 129 122 129 133 126 133 129 122 129 134 127 134 132 125 132 130 123 130 135 128 135 132 125 132 135 128 135 136 129 136 133 126 133 137 130 137 130 123 130 130 123 130 137 130 137 135 128 135 134 127 134 138 131 138 133 126 133 133 126 133 138 131 138 137 130 137 139 132 139 138 131 138 134 127 134 135 128 135 137 130 137 140 133 140 137 130 137 138 131 138 140 133 140 138 131 138 139 132 139 141 134 141 140 133 140 138 131 138 141 134 141 141 134 141 139 132 139 142 135 142 135 128 135 140 133 140 143 136 143 136 129 136 135 128 135 143 136 143 140 133 140 141 134 141 144 137 144 143 136 143 140 133 140 144 137 144 141 134 141 142 135 142 145 138 145 144 137 144 141 134 141 145 138 145 145 138 145 142 135 142 146 139 146 146 139 146 147 140 147 145 138 145 143 136 143 148 141 148 136 129 136 144 137 144 148 141 148 143 136 143 136 129 136 148 141 148 149 142 149 145 138 145 150 143 150 144 137 144 150 143 150 148 141 148 144 137 144 145 138 145 147 140 147 151 144 151 151 144 151 150 143 150 145 138 145 152 145 152 151 144 151 147 140 147 153 146 153 151 144 151 152 145 152 153 146 153 150 143 150 151 144 151 154 147 154 153 146 153 152 145 152 155 148 155 148 141 148 150 143 150 155 148 155 150 143 150 153 146 153 156 149 156 149 142 149 148 141 148 156 149 156 148 141 148 155 148 155 157 150 157 149 142 149 156 149 156 158 151 158 153 146 153 154 147 154 158 151 158 155 148 155 153 146 153 154 147 154 159 152 159 158 151 158 160 153 160 156 149 156 155 148 155 160 153 160 155 148 155 158 151 158 161 154 161 157 150 157 156 149 156 162 155 162 157 150 157 161 154 161 160 153 160 163 156 163 156 149 156 156 149 156 163 156 163 161 154 161 160 153 160 158 151 158 163 156 163 164 157 164 162 155 162 161 154 161 163 156 163 164 157 164 161 154 161 165 158 165 162 155 162 164 157 164 163 156 163 158 151 158 166 159 166 163 156 163 166 159 166 164 157 164 158 151 158 159 152 159 166 159 166 167 160 167 165 158 165 164 157 164 164 157 164 166 159 166 167 160 167 166 159 166 159 152 159 167 160 167 168 161 168 165 158 165 167 160 167 167 160 167 159 152 159 169 162 169 167 160 167 169 162 169 168 161 168 168 161 168 169 162 169 170 163 170 171 0 171 172 164 172 173 1 173 173 1 173 172 164 172 174 165 174 172 164 172 175 166 175 174 165 174 174 165 174 176 5 176 173 1 173 174 165 174 175 166 175 177 167 177 175 166 175 178 168 178 177 167 177 179 169 179 176 5 176 174 165 174 177 167 177 179 169 179 174 165 174 176 5 176 179 169 179 180 10 180 177 167 177 178 168 178 181 170 181 182 171 182 179 169 179 177 167 177 181 170 181 182 171 182 177 167 177 180 10 180 179 169 179 183 172 183 179 169 179 182 171 182 183 172 183 183 172 183 184 173 184 180 10 180 180 10 180 184 173 184 185 13 185 185 13 185 184 173 184 186 17 186 183 172 183 182 171 182 187 174 187 186 17 186 184 173 184 188 175 188 188 175 188 189 18 189 186 17 186 183 172 183 190 176 190 184 173 184 184 173 184 190 176 190 188 175 188 187 174 187 190 176 190 183 172 183 191 177 191 189 18 189 188 175 188 189 18 189 191 177 191 192 21 192 188 175 188 190 176 190 193 178 193 193 178 193 191 177 191 188 175 188 192 21 192 191 177 191 194 179 194 192 21 192 194 179 194 195 23 195 195 23 195 194 179 194 196 180 196 191 177 191 197 181 197 194 179 194 197 181 197 191 177 191 193 178 193 194 179 194 198 182 198 196 180 196 194 179 194 197 181 197 198 182 198 196 180 196 198 182 198 199 183 199 200 184 200 197 181 197 193 178 193 198 182 198 201 185 201 199 183 199 199 183 199 201 185 201 202 186 202 201 185 201 203 187 203 202 186 202 197 181 197 204 188 204 198 182 198 198 182 198 204 188 204 201 185 201 204 188 204 197 181 197 200 184 200 205 189 205 203 187 203 201 185 201 204 188 204 205 189 205 201 185 201 205 189 205 206 190 206 203 187 203 207 191 207 205 189 205 204 188 204 204 188 204 200 184 200 207 191 207 208 192 208 206 190 206 205 189 205 207 191 207 208 192 208 205 189 205 208 192 208 209 37 209 206 190 206 210 38 210 209 37 209 208 192 208 211 193 211 210 38 210 208 192 208 211 193 211 208 192 208 207 191 207 212 40 212 210 38 210 211 193 211 207 191 207 213 194 213 211 193 211 207 191 207 200 184 200 213 194 213 211 193 211 214 195 214 212 40 212 211 193 211 213 194 213 214 195 214 212 40 212 214 195 214 215 43 215 214 195 214 216 47 216 215 43 215 217 196 217 216 47 216 214 195 214 213 194 213 217 196 217 214 195 214 217 196 217 218 48 218 216 47 216 213 194 213 200 184 200 219 197 219 219 197 219 217 196 217 213 194 213 220 198 220 218 48 218 217 196 217 219 197 219 220 198 220 217 196 217 220 198 220 221 55 221 218 48 218 219 197 219 200 184 200 222 199 222 200 184 200 193 178 193 222 199 222 222 199 222 193 178 193 190 176 190 222 199 222 190 176 190 223 200 223 222 199 222 223 200 223 219 197 219 223 200 223 190 176 190 187 174 187 219 197 219 223 200 223 224 201 224 224 201 224 220 198 220 219 197 219 223 200 223 187 174 187 225 202 225 223 200 223 225 202 225 224 201 224 225 202 225 187 174 187 182 171 182 225 202 225 182 171 182 181 170 181 224 201 224 225 202 225 226 203 226 225 202 225 181 170 181 226 203 226 224 201 224 227 204 227 220 198 220 226 203 226 227 204 227 224 201 224 227 204 227 221 55 221 220 198 220 226 203 226 181 170 181 228 205 228 226 203 226 228 205 228 227 204 227 178 168 178 228 205 228 181 170 181 229 206 229 228 205 228 178 168 178 227 204 227 230 207 230 221 55 221 227 204 227 228 205 228 230 207 230 229 206 229 230 207 230 228 205 228 221 55 221 230 207 230 231 61 231 232 208 232 230 207 230 229 206 229 232 208 232 231 61 231 230 207 230 233 62 233 231 61 231 232 208 232 234 180 234 235 63 235 236 23 236 237 209 237 235 63 235 234 180 234 238 183 238 237 209 237 234 180 234 235 63 235 237 209 237 239 65 239 240 210 240 237 209 237 238 183 238 239 65 239 237 209 237 241 211 241 240 210 240 241 211 241 237 209 237 242 68 242 239 65 239 241 211 241 243 186 243 240 210 240 238 183 238 241 211 241 244 212 244 242 68 242 241 211 241 240 210 240 244 212 244 245 213 245 240 210 240 243 186 243 244 212 244 240 210 240 245 213 245 245 213 245 243 186 243 246 214 246 246 214 246 244 212 244 245 213 245 246 214 246 243 186 243 247 187 247 248 215 248 242 68 242 244 212 244 248 215 248 244 212 244 246 214 246 242 68 242 248 215 248 249 73 249 246 214 246 247 187 247 250 216 250 246 214 246 250 216 250 248 215 248 248 215 248 250 216 250 249 73 249 250 216 250 247 187 247 251 190 251 249 73 249 250 216 250 252 75 252 251 190 251 252 75 252 250 216 250 253 37 253 252 75 252 251 190 251 254 77 254 255 217 255 256 78 256 257 218 257 255 217 255 254 77 254 254 77 254 258 80 258 257 218 257 257 218 257 259 219 259 255 217 255 257 218 257 258 80 258 260 220 260 258 80 258 261 83 261 260 220 260 262 221 262 259 219 259 257 218 257 260 220 260 262 221 262 257 218 257 260 220 260 261 83 261 263 222 263 261 83 261 264 86 264 263 222 263 265 223 265 262 221 262 260 220 260 265 223 265 260 220 260 263 222 263 266 224 266 259 219 259 262 221 262 265 223 265 266 224 266 262 221 262 267 225 267 259 219 259 266 224 266 263 222 263 264 86 264 268 226 268 268 226 268 265 223 265 263 222 263 264 86 264 269 91 269 268 226 268 270 227 270 266 224 266 265 223 265 270 227 270 265 223 265 268 226 268 266 224 266 271 228 271 267 225 267 267 225 267 271 228 271 272 229 272 270 227 270 273 230 273 266 224 266 270 227 270 268 226 268 273 230 273 266 224 266 273 230 273 271 228 271 268 226 268 269 91 269 274 231 274 274 231 274 273 230 273 268 226 268 275 97 275 274 231 274 269 91 269 276 232 276 271 228 271 273 230 273 276 232 276 273 230 273 274 231 274 277 233 277 272 229 272 271 228 271 277 233 277 271 228 271 276 232 276 278 234 278 272 229 272 277 233 277 279 235 279 278 234 278 277 233 277 277 233 277 276 232 276 279 235 279 280 236 280 278 234 278 279 235 279 279 235 279 281 237 281 280 236 280 276 232 276 274 231 274 282 238 282 279 235 279 276 232 276 282 238 282 283 239 283 281 237 281 279 235 279 282 238 282 283 239 283 279 235 279 283 239 283 284 240 284 281 237 281 282 238 282 274 231 274 285 241 285 285 241 285 274 231 274 275 97 275 286 242 286 283 239 283 282 238 282 285 241 285 286 242 286 282 238 282 287 243 287 284 240 284 283 239 283 286 242 286 287 243 287 283 239 283 284 240 284 287 243 287 288 244 288 275 97 275 289 245 289 285 241 285 289 245 289 286 242 286 285 241 285 290 112 290 289 245 289 275 97 275 291 246 291 287 243 287 286 242 286 289 245 289 291 246 291 286 242 286 288 244 288 287 243 287 292 247 292 292 247 292 287 243 287 291 246 291 292 247 292 293 248 293 288 244 288 294 249 294 291 246 291 289 245 289 292 247 292 291 246 291 294 249 294 290 112 290 294 249 294 289 245 289 292 247 292 294 249 294 293 248 293 295 117 295 294 249 294 290 112 290 296 118 296 294 249 294 295 117 295 296 118 296 293 248 293 294 249 294 297 250 297 293 248 293 298 251 298 298 251 298 293 248 293 296 118 296 299 252 299 298 251 298 300 253 300 296 118 296 300 253 300 298 251 298 301 254 301 300 253 300 296 118 296 296 118 296 302 124 302 301 254 301 303 125 303 301 254 301 302 124 302 304 255 304 300 253 300 301 254 301 304 255 304 305 256 305 300 253 300 306 257 306 301 254 301 303 125 303 303 125 303 307 129 307 306 257 306 304 255 304 301 254 301 308 258 308 306 257 306 308 258 308 301 254 301 304 255 304 309 259 309 305 256 305 304 255 304 308 258 308 309 259 309 305 256 305 309 259 309 310 260 310 311 261 311 308 258 308 306 257 306 311 261 311 309 259 309 308 258 308 312 262 312 310 260 310 309 259 309 312 262 312 309 259 309 311 261 311 313 263 313 310 260 310 312 262 312 306 257 306 314 264 314 311 261 311 306 257 306 307 129 307 314 264 314 311 261 311 315 265 315 312 262 312 311 261 311 314 264 314 315 265 315 312 262 312 316 266 316 313 263 313 312 262 312 315 265 315 316 266 316 313 263 313 316 266 316 317 267 317 317 267 317 316 266 316 318 268 318 314 264 314 307 129 307 319 269 319 314 264 314 319 269 319 315 265 315 319 269 319 307 129 307 320 142 320 315 265 315 321 270 321 316 266 316 315 265 315 319 269 319 321 270 321 318 268 318 316 266 316 322 271 322 316 266 316 321 270 321 322 271 322 322 271 322 323 272 323 318 268 318 324 273 324 323 272 323 322 271 322 321 270 321 324 273 324 322 271 322 323 272 323 324 273 324 325 274 325 319 269 319 326 275 326 321 270 321 326 275 326 324 273 324 321 270 321 325 274 325 324 273 324 327 276 327 324 273 324 326 275 326 327 276 327 325 274 325 327 276 327 328 277 328 329 278 329 326 275 326 319 269 319 320 142 320 329 278 329 319 269 319 330 150 330 329 278 329 320 142 320 327 276 327 326 275 326 331 279 331 331 279 331 326 275 326 329 278 329 332 280 332 327 276 327 331 279 331 329 278 329 332 280 332 331 279 331 329 278 329 330 150 330 333 281 333 333 281 333 332 280 332 329 278 329 333 281 333 330 150 330 334 155 334 335 282 335 327 276 327 332 280 332 328 277 328 327 276 327 335 282 335 332 280 332 333 281 333 336 283 336 333 281 333 334 155 334 336 283 336 336 283 336 335 282 335 332 280 332 336 283 336 334 155 334 337 158 337 335 282 335 338 284 338 328 277 328 338 284 338 335 282 335 336 283 336 337 158 337 338 284 338 336 283 336 328 277 328 338 284 338 339 285 339 340 161 340 338 284 338 337 158 337 338 284 338 340 161 340 339 285 339 339 285 339 340 161 340 341 163 341 342 119 342 343 115 343 344 286 344 344 286 344 343 115 343 345 287 345 345 287 345 346 288 346 344 286 344 343 115 343 347 289 347 345 287 345 343 115 343 348 290 348 347 289 347 349 291 349 346 288 346 345 287 345 346 288 346 349 291 349 350 292 350 348 290 348 351 293 351 347 289 347 352 294 352 351 293 351 348 290 348 345 287 345 347 289 347 353 295 353 347 289 347 351 293 351 353 295 353 349 291 349 345 287 345 354 296 354 354 296 354 345 287 345 353 295 353 350 292 350 349 291 349 355 297 355 350 292 350 355 297 355 356 298 356 357 299 357 349 291 349 354 296 354 355 297 355 349 291 349 357 299 357 356 298 356 355 297 355 358 300 358 356 298 356 358 300 358 359 301 359 360 302 360 355 297 355 357 299 357 358 300 358 355 297 355 360 302 360 359 301 359 358 300 358 361 303 361 362 304 362 358 300 358 360 302 360 361 303 361 358 300 358 362 304 362 361 303 361 363 305 363 359 301 359 361 303 361 362 304 362 363 305 363 359 301 359 363 305 363 364 306 364 362 304 362 360 302 360 365 307 365 363 305 363 366 308 366 364 306 364 364 306 364 366 308 366 367 309 367 363 305 363 362 304 362 368 310 368 363 305 363 368 310 368 366 308 366 365 307 365 368 310 368 362 304 362 366 308 366 369 311 369 367 309 367 367 309 367 369 311 369 370 312 370 366 308 366 368 310 368 371 313 371 366 308 366 371 313 371 369 311 369 372 314 372 370 312 370 369 311 369 373 315 373 370 312 370 372 314 372 374 316 374 371 313 371 368 310 368 374 316 374 368 310 368 365 307 365 372 314 372 375 317 375 373 315 373 373 315 373 375 317 375 376 318 376 376 318 376 375 317 375 377 319 377 372 314 372 369 311 369 378 320 378 378 320 378 375 317 375 372 314 372 369 311 369 371 313 371 379 321 379 378 320 378 369 311 369 379 321 379 380 322 380 379 321 379 371 313 371 380 322 380 371 313 371 374 316 374 381 323 381 379 321 379 380 322 380 381 323 381 378 320 378 379 321 379 374 316 374 382 324 382 380 322 380 382 324 382 381 323 381 380 322 380 383 325 383 382 324 382 374 316 374 365 307 365 383 325 383 374 316 374 384 326 384 381 323 381 382 324 382 383 325 383 385 327 385 382 324 382 385 327 385 384 326 384 382 324 382 384 326 384 386 328 386 381 323 381 386 328 386 378 320 378 381 323 381 387 329 387 386 328 386 384 326 384 388 330 388 378 320 378 386 328 386 386 328 386 387 329 387 388 330 388 389 331 389 378 320 378 388 330 388 389 331 389 375 317 375 378 320 378 390 332 390 387 329 387 384 326 384 390 332 390 384 326 384 385 327 385 389 331 389 391 333 391 375 317 375 377 319 377 375 317 375 391 333 391 392 334 392 391 333 391 389 331 389 393 335 393 377 319 377 391 333 391 394 336 394 377 319 377 393 335 393 394 336 394 393 335 393 395 337 395 392 334 392 396 338 396 391 333 391 391 333 391 396 338 396 393 335 393 392 334 392 389 331 389 397 339 397 397 339 397 396 338 396 392 334 392 397 339 397 389 331 389 388 330 388 395 337 395 393 335 393 398 340 398 398 340 398 399 341 399 395 337 395 396 338 396 400 342 400 393 335 393 393 335 393 400 342 400 398 340 398 401 343 401 399 341 399 398 340 398 398 340 398 400 342 400 401 343 401 399 341 399 401 343 401 402 344 402 403 345 403 400 342 400 396 338 396 403 345 403 396 338 396 397 339 397 402 344 402 401 343 401 404 346 404 402 344 402 404 346 404 405 347 405 401 343 401 400 342 400 406 348 406 405 347 405 404 346 404 407 349 407 405 347 405 407 349 407 408 350 408 401 343 401 409 351 409 404 346 404 406 348 406 409 351 409 401 343 401 404 346 404 410 352 410 407 349 407 409 351 409 410 352 410 404 346 404 408 350 408 407 349 407 411 353 411 410 352 410 412 354 412 407 349 407 407 349 407 412 354 412 411 353 411 413 355 413 408 350 408 411 353 411 411 353 411 412 354 412 413 355 413 414 356 414 408 350 408 413 355 413 410 352 410 415 357 415 412 354 412 416 358 416 414 356 414 413 355 413 417 359 417 414 356 414 416 358 416 413 355 413 412 354 412 418 360 418 413 355 413 418 360 418 416 358 416 415 357 415 418 360 418 412 354 412 419 361 419 417 359 417 416 358 416 420 362 420 417 359 417 419 361 419 416 358 416 418 360 418 421 363 421 416 358 416 421 363 421 419 361 419 422 364 422 421 363 421 418 360 418 422 364 422 418 360 418 415 357 415 419 361 419 421 363 421 423 365 423 419 361 419 424 366 424 420 362 420 423 365 423 424 366 424 419 361 419 420 362 420 424 366 424 425 367 425 426 121 426 425 367 425 427 122 427 427 122 427 425 367 425 424 366 424 424 366 424 428 368 428 427 122 427 427 122 427 428 368 428 429 369 429 429 369 429 428 368 428 430 370 430 431 371 431 428 368 428 424 366 424 431 371 431 424 366 424 423 365 423 430 370 430 428 368 428 432 372 432 431 371 431 432 372 432 428 368 428 430 370 430 432 372 432 433 373 433 430 370 430 433 373 433 434 374 434 435 375 435 432 372 432 431 371 431 433 373 433 432 372 432 436 376 436 432 372 432 435 375 435 436 376 436 434 374 434 433 373 433 437 377 437 433 373 433 436 376 436 437 377 437 435 375 435 431 371 431 438 378 438 438 378 438 431 371 431 423 365 423 436 376 436 435 375 435 439 379 439 438 378 438 423 365 423 440 380 440 440 380 440 423 365 423 421 363 421 440 380 440 421 363 421 422 364 422 438 378 438 441 381 441 435 375 435 435 375 435 441 381 441 439 379 439 442 382 442 438 378 438 440 380 440 441 381 441 438 378 438 442 382 442 443 383 443 440 380 440 422 364 422 442 382 442 440 380 440 443 383 443 443 383 443 422 364 422 444 384 444 444 384 444 422 364 422 415 357 415 445 385 445 442 382 442 443 383 443 446 386 446 443 383 443 444 384 444 445 385 445 443 383 443 446 386 446 444 384 444 415 357 415 447 387 447 446 386 446 444 384 444 448 388 448 448 388 448 444 384 444 447 387 447 449 389 449 445 385 445 446 386 446 446 386 446 448 388 448 449 389 449 447 387 447 415 357 415 450 390 450 450 390 450 415 357 415 410 352 410 409 351 409 450 390 450 410 352 410 451 391 451 450 390 450 409 351 409 406 348 406 451 391 451 409 351 409 447 387 447 450 390 450 452 392 452 452 392 452 450 390 450 451 391 451 453 393 453 451 391 451 406 348 406 451 391 451 453 393 453 452 392 452 400 342 400 453 393 453 406 348 406 454 394 454 447 387 447 452 392 452 448 388 448 447 387 447 454 394 454 452 392 452 453 393 453 455 395 455 452 392 452 455 395 455 454 394 454 456 396 456 453 393 453 400 342 400 456 396 456 455 395 455 453 393 453 456 396 456 400 342 400 403 345 403 457 397 457 455 395 455 456 396 456 403 345 403 457 397 457 456 396 456 454 394 454 455 395 455 458 398 458 457 397 457 458 398 458 455 395 455 448 388 448 454 394 454 459 399 459 449 389 449 448 388 448 459 399 459 454 394 454 458 398 458 460 400 460 459 399 459 454 394 454 460 400 460 461 401 461 458 398 458 457 397 457 460 400 460 385 327 385 459 399 459 462 402 462 457 397 457 403 345 403 462 402 462 461 401 461 457 397 457 403 345 403 397 339 397 462 402 462 459 399 459 385 327 385 463 403 463 459 399 459 463 403 463 449 389 449 463 403 463 385 327 385 383 325 383 460 400 460 390 332 390 385 327 385 464 404 464 463 403 463 383 325 383 464 404 464 383 325 383 365 307 365 465 405 465 390 332 390 460 400 460 460 400 460 458 398 458 465 405 465 461 401 461 465 405 465 458 398 458 465 405 465 466 406 466 390 332 390 466 406 466 387 329 387 390 332 390 467 407 467 465 405 465 461 401 461 467 407 467 466 406 466 465 405 465 462 402 462 467 407 467 461 401 461 387 329 387 466 406 466 468 408 468 467 407 467 468 408 468 466 406 466 388 330 388 387 329 387 468 408 468 468 408 468 397 339 397 388 330 388 469 409 469 467 407 467 462 402 462 462 402 462 397 339 397 469 409 469 469 409 469 468 408 468 467 407 467 469 409 469 397 339 397 468 408 468 470 410 470 464 404 464 365 307 365 365 307 365 360 302 360 470 410 470 360 302 360 357 299 357 470 410 470 470 410 470 357 299 357 471 411 471 357 299 357 354 296 354 471 411 471 472 412 472 464 404 464 470 410 470 471 411 471 472 412 472 470 410 470 471 411 471 354 296 354 473 413 473 354 296 354 353 295 353 473 413 473 474 414 474 472 412 472 471 411 471 473 413 473 474 414 474 471 411 471 472 412 472 475 415 475 464 404 464 475 415 475 463 403 463 464 404 464 449 389 449 463 403 463 475 415 475 476 416 476 475 415 475 472 412 472 476 416 476 449 389 449 475 415 475 474 414 474 476 416 476 472 412 472 477 417 477 449 389 449 476 416 476 477 417 477 445 385 445 449 389 449 478 418 478 476 416 476 474 414 474 478 418 478 477 417 477 476 416 476 477 417 477 479 419 479 445 385 445 479 419 479 442 382 442 445 385 445 480 420 480 477 417 477 478 418 478 480 420 480 479 419 479 477 417 477 481 421 481 442 382 442 479 419 479 480 420 480 481 421 481 479 419 479 441 381 441 442 382 442 481 421 481 482 422 482 480 420 480 478 418 478 478 418 478 474 414 474 482 422 482 483 423 483 481 421 481 480 420 480 483 423 483 480 420 480 482 422 482 481 421 481 484 424 484 441 381 441 441 381 441 484 424 484 439 379 439 483 423 483 485 425 485 481 421 481 481 421 481 485 425 485 484 424 484 482 422 482 485 425 485 483 423 483 486 426 486 439 379 439 484 424 484 436 376 436 439 379 439 486 426 486 437 377 437 436 376 436 486 426 486 487 427 487 484 424 484 485 425 485 486 426 486 484 424 484 487 427 487 488 428 488 485 425 485 482 422 482 485 425 485 488 428 488 487 427 487 482 422 482 474 414 474 489 429 489 489 429 489 488 428 488 482 422 482 489 429 489 474 414 474 473 413 473 487 427 487 488 428 488 490 430 490 473 413 473 491 431 491 489 429 489 473 413 473 353 295 353 491 431 491 492 432 492 488 428 488 489 429 489 489 429 489 491 431 491 492 432 492 488 428 488 492 432 492 490 430 490 353 295 353 351 293 351 491 431 491 492 432 492 491 431 491 493 433 493 493 433 493 491 431 491 351 293 351 490 430 490 492 432 492 493 433 493 493 433 493 351 293 351 494 434 494 494 434 494 351 293 351 352 294 352 352 294 352 495 435 495 494 434 494 496 436 496 493 433 493 494 434 494 494 434 494 495 435 495 496 436 496 490 430 490 493 433 493 496 436 496 496 436 496 495 435 495 497 437 497 497 437 497 495 435 495 498 4 498 498 4 498 499 7 499 497 437 497 500 438 500 490 430 490 496 436 496 497 437 497 500 438 500 496 436 496 487 427 487 490 430 490 500 438 500 500 438 500 486 426 486 487 427 487 437 377 437 486 426 486 500 438 500 497 437 497 499 7 499 501 439 501 501 439 501 500 438 500 497 437 497 501 439 501 499 7 499 502 440 502 501 439 501 502 440 502 500 438 500 500 438 500 502 440 502 437 377 437 502 440 502 499 7 499 503 58 503 434 374 434 437 377 437 502 440 502 434 374 434 502 440 502 503 58 503 504 374 504 505 58 505 506 60 506 504 374 504 506 60 506 507 441 507 508 62 508 507 441 507 506 60 506 509 442 509 504 374 504 507 441 507 509 442 509 510 370 510 504 374 504 507 441 507 511 443 511 509 442 509 511 443 511 510 370 510 509 442 509 508 62 508 512 444 512 507 441 507 513 445 513 511 443 511 507 441 507 512 444 512 513 445 513 507 441 507 511 443 511 514 446 514 510 370 510 508 62 508 515 447 515 512 444 512 515 447 515 508 62 508 516 208 516 517 448 517 516 208 516 518 206 518 517 448 517 515 447 515 516 208 516 519 449 519 515 447 515 517 448 517 519 449 519 517 448 517 520 450 520 519 449 519 521 451 521 515 447 515 520 450 520 521 451 521 519 449 519 522 452 522 512 444 512 515 447 515 515 447 515 521 451 521 522 452 522 523 453 523 512 444 512 522 452 522 523 453 523 513 445 513 512 444 512 522 452 522 524 454 524 523 453 523 524 454 524 513 445 513 523 453 523 525 455 525 522 452 522 521 451 521 526 456 526 524 454 524 522 452 522 526 456 526 522 452 522 525 455 525 527 457 527 513 445 513 524 454 524 525 455 525 521 451 521 528 458 528 528 458 528 521 451 521 520 450 520 524 454 524 526 456 526 529 459 529 524 454 524 529 459 529 527 457 527 526 456 526 525 455 525 530 460 530 529 459 529 526 456 526 530 460 530 531 461 531 513 445 513 527 457 527 511 443 511 513 445 513 531 461 531 511 443 511 531 461 531 514 446 514 527 457 527 529 459 529 532 462 532 532 462 532 531 461 531 527 457 527 530 460 530 533 463 533 529 459 529 529 459 529 533 463 533 532 462 532 530 460 530 525 455 525 534 464 534 528 458 528 534 464 534 525 455 525 535 465 535 533 463 533 530 460 530 534 464 534 535 465 535 530 460 530 532 462 532 533 463 533 536 466 536 537 467 537 531 461 531 532 462 532 532 462 532 536 466 536 537 467 537 531 461 531 537 467 537 514 446 514 533 463 533 538 468 538 536 466 536 535 465 535 538 468 538 533 463 533 537 467 537 536 466 536 539 469 539 514 446 514 537 467 537 540 470 540 537 467 537 539 469 539 540 470 540 514 446 514 540 470 540 541 471 541 541 471 541 510 370 510 514 446 514 510 370 510 541 471 541 542 369 542 536 466 536 543 472 543 539 469 539 536 466 536 538 468 538 543 472 543 542 369 542 541 471 541 544 473 544 545 122 545 542 369 542 544 473 544 544 473 544 546 127 546 545 122 545 541 471 541 547 474 547 544 473 544 541 471 541 540 470 540 547 474 547 548 475 548 546 127 546 544 473 544 544 473 544 547 474 547 548 475 548 549 132 549 546 127 546 548 475 548 549 132 549 548 475 548 550 135 550 540 470 540 551 476 551 547 474 547 540 470 540 539 469 539 551 476 551 547 474 547 552 477 552 548 475 548 547 474 547 551 476 551 552 477 552 550 135 550 548 475 548 553 478 553 548 475 548 552 477 552 553 478 553 539 469 539 554 479 554 551 476 551 539 469 539 543 472 543 554 479 554 551 476 551 555 480 555 552 477 552 551 476 551 554 479 554 555 480 555 552 477 552 556 481 556 553 478 553 552 477 552 555 480 555 556 481 556 553 478 553 557 482 557 550 135 550 553 478 553 556 481 556 557 482 557 550 135 550 557 482 557 558 139 558 555 480 555 559 483 559 556 481 556 560 484 560 558 139 558 557 482 557 561 140 561 558 139 558 560 484 560 556 481 556 562 485 562 557 482 557 557 482 557 562 485 562 560 484 560 556 481 556 559 483 559 562 485 562 563 486 563 561 140 561 560 484 560 564 145 564 561 140 561 563 486 563 565 487 565 560 484 560 562 485 562 563 486 563 560 484 560 565 487 565 559 483 559 565 487 565 562 485 562 566 488 566 564 145 564 563 486 563 565 487 565 566 488 566 563 486 563 567 147 567 564 145 564 566 488 566 568 489 568 565 487 565 559 483 559 569 490 569 567 147 567 566 488 566 570 152 570 567 147 567 569 490 569 571 491 571 566 488 566 565 487 565 568 489 568 571 491 571 565 487 565 569 490 569 566 488 566 572 492 572 572 492 572 566 488 566 571 491 571 569 490 569 573 493 573 570 152 570 570 152 570 573 493 573 574 162 574 574 162 574 573 493 573 575 163 575 576 494 576 569 490 569 572 492 572 573 493 573 569 490 569 576 494 576 575 163 575 573 493 573 577 495 577 576 494 576 578 496 578 573 493 573 573 493 573 578 496 578 577 495 577 579 497 579 575 163 575 577 495 577 577 495 577 578 496 578 579 497 579 580 285 580 575 163 575 579 497 579 580 285 580 579 497 579 581 277 581 581 277 581 579 497 579 582 498 582 582 498 582 583 274 583 581 277 581 579 497 579 578 496 578 584 499 584 579 497 579 584 499 584 582 498 582 576 494 576 585 500 585 578 496 578 578 496 578 585 500 585 584 499 584 586 501 586 583 274 583 582 498 582 586 501 586 587 272 587 583 274 583 582 498 582 584 499 584 588 502 588 588 502 588 586 501 586 582 498 582 584 499 584 585 500 585 589 503 589 584 499 584 589 503 589 588 502 588 590 504 590 585 500 585 576 494 576 576 494 576 572 492 572 590 504 590 585 500 585 591 505 591 589 503 589 585 500 585 590 504 590 591 505 591 590 504 590 572 492 572 592 506 592 572 492 572 571 491 571 592 506 592 591 505 591 590 504 590 593 507 593 590 504 590 592 506 592 593 507 593 592 506 592 571 491 571 594 508 594 594 508 594 571 491 571 568 489 568 593 507 593 592 506 592 595 509 595 592 506 592 594 508 594 595 509 595 596 510 596 594 508 594 568 489 568 595 509 595 594 508 594 596 510 596 593 507 593 595 509 595 597 511 597 597 511 597 595 509 595 596 510 596 591 505 591 593 507 593 598 512 598 598 512 598 593 507 593 597 511 597 596 510 596 568 489 568 599 513 599 599 513 599 568 489 568 559 483 559 555 480 555 599 513 599 559 483 559 554 479 554 599 513 599 555 480 555 543 472 543 599 513 599 554 479 554 600 514 600 596 510 596 599 513 599 600 514 600 599 513 599 543 472 543 597 511 597 596 510 596 600 514 600 538 468 538 600 514 600 543 472 543 601 515 601 597 511 597 600 514 600 601 515 601 600 514 600 538 468 538 598 512 598 597 511 597 601 515 601 538 468 538 602 516 602 601 515 601 598 512 598 601 515 601 603 517 603 603 517 603 601 515 601 602 516 602 591 505 591 598 512 598 604 518 604 604 518 604 598 512 598 603 517 603 589 503 589 591 505 591 604 518 604 604 518 604 603 517 603 605 519 605 589 503 589 604 518 604 606 520 606 606 520 606 604 518 604 605 519 605 588 502 588 589 503 589 606 520 606 605 519 605 603 517 603 607 521 607 603 517 603 602 516 602 607 521 607 606 520 606 605 519 605 608 522 608 605 519 605 607 521 607 608 522 608 588 502 588 606 520 606 609 523 609 609 523 609 606 520 606 608 522 608 609 523 609 586 501 586 588 502 588 608 522 608 607 521 607 610 524 610 610 524 610 609 523 609 608 522 608 607 521 607 602 516 602 611 525 611 607 521 607 611 525 611 610 524 610 612 526 612 602 516 602 538 468 538 612 526 612 611 525 611 602 516 602 612 526 612 538 468 538 535 465 535 613 527 613 609 523 609 610 524 610 613 527 613 586 501 586 609 523 609 614 528 614 612 526 612 535 465 535 614 528 614 535 465 535 534 464 534 615 529 615 612 526 612 614 528 614 615 529 615 611 525 611 612 526 612 616 530 616 614 528 614 534 464 534 616 530 616 534 464 534 528 458 528 617 531 617 615 529 615 614 528 614 617 531 617 614 528 614 616 530 616 615 529 615 618 532 618 611 525 611 618 532 618 615 529 615 617 531 617 619 533 619 616 530 616 528 458 528 619 533 619 528 458 528 520 450 520 520 450 520 620 534 620 619 533 619 621 535 621 617 531 617 616 530 616 621 535 621 616 530 616 619 533 619 620 534 620 622 536 622 619 533 619 622 536 622 621 535 621 619 533 619 623 253 623 622 536 622 620 534 620 622 536 622 623 253 623 624 256 624 622 536 622 624 256 624 625 537 625 625 537 625 621 535 621 622 536 622 625 537 625 624 256 624 626 260 626 627 263 627 625 537 625 626 260 626 628 538 628 617 531 617 621 535 621 625 537 625 628 538 628 621 535 621 628 538 628 618 532 618 617 531 617 629 539 629 625 537 625 627 263 627 629 539 629 628 538 628 625 537 625 627 263 627 630 540 630 629 539 629 631 267 631 630 540 630 627 263 627 629 539 629 632 541 632 628 538 628 630 540 630 632 541 632 629 539 629 632 541 632 618 532 618 628 538 628 630 540 630 631 267 631 633 542 633 633 542 633 631 267 631 634 268 634 632 541 632 630 540 630 635 543 635 635 543 635 630 540 630 633 542 633 618 532 618 632 541 632 636 544 636 636 544 636 632 541 632 635 543 635 611 525 611 618 532 618 636 544 636 610 524 610 611 525 611 636 544 636 610 524 610 636 544 636 613 527 613 613 527 613 636 544 636 635 543 635 633 542 633 613 527 613 635 543 635 637 545 637 613 527 613 633 542 633 634 268 634 637 545 637 633 542 633 637 545 637 586 501 586 613 527 613 587 272 587 637 545 637 634 268 634 637 545 637 587 272 587 586 501 586 638 250 638 639 546 639 640 248 640 640 248 640 639 546 639 641 547 641 642 548 642 641 547 641 639 546 639 641 547 641 643 549 643 640 248 640 640 248 640 643 549 643 644 550 644 645 551 645 641 547 641 642 548 642 642 548 642 646 552 646 645 551 645 643 549 643 647 553 647 644 550 644 644 550 644 647 553 647 648 554 648 649 555 649 643 549 643 641 547 641 649 555 649 647 553 647 643 549 643 650 556 650 641 547 641 645 551 645 649 555 649 641 547 641 650 556 650 645 551 645 646 552 646 651 557 651 646 552 646 652 558 652 651 557 651 645 551 645 653 559 653 650 556 650 651 557 651 653 559 653 645 551 645 651 557 651 652 558 652 654 560 654 652 558 652 655 561 655 654 560 654 651 557 651 656 562 656 653 559 653 654 560 654 656 562 656 651 557 651 654 560 654 655 561 655 657 563 657 654 560 654 658 564 658 656 562 656 657 563 657 658 564 658 654 560 654 655 561 655 659 565 659 657 563 657 659 565 659 658 564 658 657 563 657 660 566 660 659 565 659 655 561 655 660 566 660 661 567 661 659 565 659 662 568 662 661 567 661 660 566 660 663 569 663 658 564 658 659 565 659 661 567 661 663 569 663 659 565 659 664 570 664 656 562 656 658 564 658 663 569 663 664 570 664 658 564 658 662 568 662 665 571 665 661 567 661 666 572 666 665 571 665 662 568 662 667 573 667 663 569 663 661 567 661 665 571 665 667 573 667 661 567 661 667 573 667 668 574 668 663 569 663 668 574 668 664 570 664 663 569 663 665 571 665 666 572 666 669 575 669 669 575 669 666 572 666 670 576 670 671 577 671 667 573 667 665 571 665 670 576 670 672 578 672 669 575 669 673 579 673 672 578 672 670 576 670 669 575 669 674 580 674 665 571 665 672 578 672 674 580 674 669 575 669 665 571 665 674 580 674 671 577 671 673 579 673 675 581 675 672 578 672 671 577 671 676 582 676 667 573 667 676 582 676 668 574 668 667 573 667 677 583 677 676 582 676 671 577 671 674 580 674 677 583 677 671 577 671 678 584 678 668 574 668 676 582 676 676 582 676 677 583 677 678 584 678 679 585 679 668 574 668 678 584 678 679 585 679 664 570 664 668 574 668 678 584 678 677 583 677 680 586 680 681 587 681 679 585 679 678 584 678 678 584 678 680 586 680 681 587 681 682 588 682 680 586 680 677 583 677 682 588 682 677 583 677 674 580 674 683 589 683 680 586 680 682 588 682 682 588 682 674 580 674 684 590 684 684 590 684 683 589 683 682 588 682 684 590 684 674 580 674 685 591 685 685 591 685 674 580 674 672 578 672 683 589 683 686 592 686 680 586 680 681 587 681 680 586 680 686 592 686 687 593 687 685 591 685 672 578 672 672 578 672 675 581 675 687 593 687 688 594 688 685 591 685 687 593 687 675 581 675 689 595 689 687 593 687 690 596 690 689 595 689 675 581 675 691 597 691 689 595 689 690 596 690 688 594 688 687 593 687 692 598 692 692 598 692 687 593 687 689 595 689 693 599 693 685 591 685 688 594 688 688 594 688 692 598 692 693 599 693 684 590 684 685 591 685 693 599 693 694 600 694 689 595 689 691 597 691 691 597 691 695 601 695 694 600 694 692 598 692 689 595 689 696 602 696 696 602 696 689 595 689 694 600 694 694 600 694 695 601 695 697 603 697 694 600 694 697 603 697 696 602 696 698 604 698 697 603 697 695 601 695 692 598 692 696 602 696 699 605 699 693 599 693 692 598 692 699 605 699 700 606 700 697 603 697 698 604 698 701 607 701 700 606 700 698 604 698 696 602 696 697 603 697 702 608 702 703 609 703 700 606 700 701 607 701 704 610 704 703 609 703 701 607 701 700 606 700 705 611 705 697 603 697 697 603 697 705 611 705 702 608 702 703 609 703 706 612 706 700 606 700 700 606 700 706 612 706 705 611 705 707 613 707 703 609 703 704 610 704 708 614 708 702 608 702 705 611 705 704 610 704 709 615 709 707 613 707 710 616 710 709 615 709 704 610 704 707 613 707 711 617 711 703 609 703 707 613 707 709 615 709 711 617 711 703 609 703 711 617 711 706 612 706 710 616 710 712 618 712 709 615 709 713 619 713 712 618 712 710 616 710 711 617 711 709 615 709 714 620 714 709 615 709 712 618 712 714 620 714 715 621 715 706 612 706 711 617 711 711 617 711 714 620 714 715 621 715 716 622 716 705 611 705 706 612 706 716 622 716 706 612 706 715 621 715 708 614 708 705 611 705 716 622 716 715 621 715 714 620 714 717 623 717 716 622 716 718 624 718 708 614 708 714 620 714 719 625 719 717 623 717 714 620 714 712 618 712 719 625 719 715 621 715 720 626 720 716 622 716 720 626 720 718 624 718 716 622 716 712 618 712 721 627 721 719 625 719 713 619 713 721 627 721 712 618 712 722 628 722 721 627 721 713 619 713 721 627 721 722 628 722 723 629 723 723 629 723 722 628 722 724 630 724 719 625 719 721 627 721 725 631 725 721 627 721 723 629 723 725 631 725 726 252 726 727 253 727 724 630 724 724 630 724 727 253 727 723 629 723 719 625 719 725 631 725 728 632 728 717 623 717 719 625 719 728 632 728 727 253 727 729 633 729 723 629 723 727 253 727 730 534 730 729 633 729 730 534 730 731 450 731 729 633 729 725 631 725 723 629 723 732 634 732 723 629 723 729 633 729 732 634 732 729 633 729 731 450 731 733 635 733 729 633 729 733 635 733 732 634 732 734 636 734 733 635 733 731 450 731 731 450 731 735 448 735 734 636 734 725 631 725 732 634 732 736 637 736 728 632 728 725 631 725 736 637 736 732 634 732 733 635 733 737 638 737 736 637 736 732 634 732 737 638 737 738 639 738 733 635 733 734 636 734 738 639 738 737 638 737 733 635 733 734 636 734 735 448 735 739 640 739 739 640 739 738 639 738 734 636 734 739 640 739 735 448 735 740 641 740 740 641 740 735 448 735 741 206 741 741 206 741 742 168 742 740 641 740 743 642 743 738 639 738 739 640 739 740 641 740 742 168 742 744 643 744 740 641 740 745 644 745 739 640 739 744 643 744 745 644 745 740 641 740 745 644 745 743 642 743 739 640 739 744 643 744 742 168 742 746 645 746 744 643 744 746 645 746 745 644 745 746 645 746 742 168 742 747 166 747 748 646 748 746 645 746 747 166 747 745 644 745 746 645 746 749 647 749 748 646 748 749 647 749 746 645 746 750 648 750 749 647 749 748 646 748 648 554 648 750 648 750 748 646 748 648 554 648 647 553 647 750 648 750 750 648 750 751 649 751 749 647 749 750 648 750 647 553 647 751 649 751 749 647 749 752 650 752 745 644 745 749 647 749 751 649 751 752 650 752 647 553 647 753 651 753 751 649 751 753 651 753 647 553 647 649 555 649 751 649 751 754 652 754 752 650 752 751 649 751 753 651 753 754 652 754 745 644 745 752 650 752 755 653 755 755 653 755 743 642 743 745 644 745 752 650 752 754 652 754 756 654 756 752 650 752 756 654 756 755 653 755 753 651 753 757 655 757 754 652 754 757 655 757 756 654 756 754 652 754 753 651 753 649 555 649 758 656 758 758 656 758 757 655 757 753 651 753 758 656 758 649 555 649 650 556 650 758 656 758 650 556 650 759 657 759 759 657 759 650 556 650 653 559 653 757 655 757 758 656 758 760 658 760 760 658 760 758 656 758 759 657 759 759 657 759 653 559 653 761 659 761 761 659 761 653 559 653 656 562 656 761 659 761 656 562 656 664 570 664 762 660 762 759 657 759 761 659 761 760 658 760 759 657 759 762 660 762 763 661 763 761 659 761 664 570 664 762 660 762 761 659 761 763 661 763 763 661 763 664 570 664 679 585 679 764 662 764 762 660 762 763 661 763 765 663 765 763 661 763 679 585 679 764 662 764 763 661 763 765 663 765 765 663 765 679 585 679 681 587 681 766 664 766 762 660 762 764 662 764 766 664 766 760 658 760 762 660 762 764 662 764 765 663 765 767 665 767 767 665 767 766 664 766 764 662 764 765 663 765 681 587 681 768 666 768 767 665 767 765 663 765 768 666 768 768 666 768 681 587 681 769 667 769 681 587 681 686 592 686 769 667 769 768 666 768 770 668 770 767 665 767 769 667 769 771 669 771 768 666 768 768 666 768 771 669 771 770 668 770 769 667 769 686 592 686 772 670 772 770 668 770 771 669 771 720 626 720 773 671 773 772 670 772 686 592 686 773 671 773 686 592 686 683 589 683 772 670 772 774 672 774 769 667 769 769 667 769 774 672 774 771 669 771 775 673 775 773 671 773 683 589 683 775 673 775 683 589 683 684 590 684 684 590 684 693 599 693 775 673 775 776 674 776 772 670 772 773 671 773 775 673 775 776 674 776 773 671 773 775 673 775 693 599 693 777 675 777 777 675 777 776 674 776 775 673 775 777 675 777 693 599 693 778 676 778 777 675 777 778 676 778 776 674 776 778 676 778 693 599 693 699 605 699 776 674 776 779 677 779 772 670 772 776 674 776 778 676 778 779 677 779 772 670 772 779 677 779 774 672 774 780 678 780 779 677 779 778 676 778 779 677 779 780 678 780 774 672 774 699 605 699 780 678 780 778 676 778 774 672 774 780 678 780 781 679 781 774 672 774 781 679 781 771 669 771 782 680 782 780 678 780 699 605 699 780 678 780 782 680 782 781 679 781 699 605 699 696 602 696 782 680 782 771 669 771 781 679 781 718 624 718 720 626 720 771 669 771 718 624 718 781 679 781 782 680 782 783 681 783 781 679 781 783 681 783 718 624 718 782 680 782 696 602 696 783 681 783 718 624 718 783 681 783 708 614 708 783 681 783 696 602 696 702 608 702 783 681 783 702 608 702 708 614 708 784 682 784 720 626 720 715 621 715 784 682 784 770 668 770 720 626 720 717 623 717 784 682 784 715 621 715 785 683 785 770 668 770 784 682 784 767 665 767 770 668 770 785 683 785 786 684 786 784 682 784 717 623 717 786 684 786 785 683 785 784 682 784 728 632 728 786 684 786 717 623 717 787 685 787 767 665 767 785 683 785 787 685 787 785 683 785 786 684 786 788 686 788 786 684 786 728 632 728 788 686 788 787 685 787 786 684 786 736 637 736 788 686 788 728 632 728 789 687 789 767 665 767 787 685 787 789 687 789 766 664 766 767 665 767 790 688 790 787 685 787 788 686 788 790 688 790 789 687 789 787 685 787 791 689 791 788 686 788 736 637 736 736 637 736 737 638 737 791 689 791 790 688 790 788 686 788 792 690 792 792 690 792 788 686 788 791 689 791 793 691 793 789 687 789 790 688 790 792 690 792 793 691 793 790 688 790 789 687 789 794 692 794 766 664 766 793 691 793 794 692 794 789 687 789 794 692 794 760 658 760 766 664 766 795 693 795 760 658 760 794 692 794 793 691 793 795 693 795 794 692 794 757 655 757 760 658 760 795 693 795 795 693 795 756 654 756 757 655 757 796 694 796 795 693 795 793 691 793 796 694 796 793 691 793 792 690 792 795 693 795 797 695 797 756 654 756 796 694 796 797 695 797 795 693 795 792 690 792 797 695 797 796 694 796 755 653 755 756 654 756 797 695 797 798 696 798 797 695 797 792 690 792 797 695 797 798 696 798 755 653 755 791 689 791 798 696 798 792 690 792 755 653 755 798 696 798 743 642 743 799 697 799 798 696 798 791 689 791 798 696 798 799 697 799 743 642 743 791 689 791 737 638 737 799 697 799 743 642 743 799 697 799 738 639 738 799 697 799 737 638 737 738 639 738 800 646 800 801 166 801 802 164 802 800 646 800 802 164 802 803 698 803 804 0 804 803 698 803 802 164 802 805 699 805 800 646 800 803 698 803 805 699 805 806 554 806 800 646 800 803 698 803 807 700 807 805 699 805 807 700 807 806 554 806 805 699 805 808 701 808 803 698 803 804 0 804 809 702 809 807 700 807 803 698 803 808 701 808 809 702 809 803 698 803 807 700 807 810 703 810 806 554 806 808 701 808 804 0 804 811 704 811 811 704 811 804 0 804 812 2 812 813 435 813 812 2 812 814 4 814 813 435 813 811 704 811 812 2 812 815 705 815 811 704 811 813 435 813 815 705 815 813 435 813 816 294 816 815 705 815 817 706 817 811 704 811 816 294 816 817 706 817 815 705 815 811 704 811 818 707 818 808 701 808 811 704 811 817 706 817 818 707 818 808 701 808 818 707 818 819 708 819 819 708 819 809 702 809 808 701 808 818 707 818 820 709 820 819 708 819 820 709 820 809 702 809 819 708 819 821 710 821 818 707 818 817 706 817 822 711 822 820 709 820 818 707 818 822 711 822 818 707 818 821 710 821 823 712 823 809 702 809 820 709 820 817 706 817 824 713 824 821 710 821 817 706 817 816 294 816 824 713 824 820 709 820 822 711 822 825 714 825 820 709 820 825 714 825 823 712 823 822 711 822 821 710 821 826 715 826 825 714 825 822 711 822 826 715 826 824 713 824 827 716 827 821 710 821 826 715 826 821 710 821 827 716 827 828 717 828 824 713 824 816 294 816 816 294 816 829 290 829 828 717 828 830 718 830 827 716 827 824 713 824 828 717 828 830 718 830 824 713 824 829 290 829 831 719 831 828 717 828 832 115 832 831 719 831 829 290 829 831 719 831 832 115 832 833 110 833 831 719 831 834 720 834 828 717 828 834 720 834 830 718 830 828 717 828 831 719 831 833 110 833 835 721 835 835 721 835 834 720 834 831 719 831 835 721 835 833 110 833 836 106 836 837 103 837 835 721 835 836 106 836 838 722 838 835 721 835 837 103 837 837 103 837 839 102 839 838 722 838 835 721 835 840 723 840 834 720 834 838 722 838 840 723 840 835 721 835 834 720 834 841 724 841 830 718 830 840 723 840 841 724 841 834 720 834 841 724 841 842 725 842 830 718 830 830 718 830 842 725 842 827 716 827 840 723 840 843 726 843 841 724 841 842 725 842 844 727 844 827 716 827 827 716 827 844 727 844 826 715 826 841 724 841 845 728 845 842 725 842 843 726 843 845 728 845 841 724 841 845 728 845 846 729 846 842 725 842 842 725 842 846 729 846 844 727 844 845 728 845 843 726 843 847 730 847 845 728 845 847 730 847 846 729 846 844 727 844 848 731 848 826 715 826 826 715 826 848 731 848 825 714 825 846 729 846 849 732 849 844 727 844 844 727 844 849 732 849 848 731 848 825 714 825 848 731 848 850 733 850 823 712 823 825 714 825 850 733 850 848 731 848 849 732 849 851 734 851 850 733 850 848 731 848 851 734 851 850 733 850 852 735 852 823 712 823 852 735 852 809 702 809 823 712 823 807 700 807 809 702 809 852 735 852 852 735 852 810 703 810 807 700 807 853 736 853 852 735 852 850 733 850 852 735 852 853 736 853 810 703 810 850 733 850 851 734 851 853 736 853 810 703 810 853 736 853 854 737 854 853 736 853 851 734 851 855 738 855 853 736 853 855 738 855 854 737 854 851 734 851 856 739 856 855 738 855 851 734 851 849 732 849 856 739 856 810 703 810 854 737 854 857 740 857 857 740 857 806 554 806 810 703 810 806 554 806 857 740 857 858 550 858 858 550 858 857 740 857 859 741 859 860 248 860 858 550 858 859 741 859 859 741 859 861 244 861 860 248 860 857 740 857 854 737 854 862 742 862 857 740 857 862 742 862 859 741 859 863 743 863 861 244 861 859 741 859 859 741 859 862 742 862 863 743 863 864 240 864 861 244 861 863 743 863 864 240 864 863 743 863 865 237 865 854 737 854 866 744 866 862 742 862 854 737 854 855 738 855 866 744 866 862 742 862 867 745 867 863 743 863 862 742 862 866 744 866 867 745 867 865 237 865 863 743 863 868 746 868 863 743 863 867 745 867 868 746 868 865 237 865 868 746 868 869 236 869 855 738 855 870 747 870 866 744 866 855 738 855 856 739 856 870 747 870 866 744 866 871 748 871 867 745 867 866 744 866 870 747 870 871 748 871 867 745 867 872 749 872 868 746 868 867 745 867 871 748 871 872 749 872 869 236 869 868 746 868 873 750 873 868 746 868 872 749 872 873 750 873 874 751 874 869 236 869 873 750 873 875 234 875 869 236 869 874 751 874 872 749 872 876 752 876 873 750 873 873 750 873 876 752 876 874 751 874 871 748 871 877 753 877 872 749 872 872 749 872 877 753 877 876 752 876 870 747 870 878 754 878 871 748 871 871 748 871 878 754 878 877 753 877 856 739 856 878 754 878 870 747 870 876 752 876 877 753 877 879 755 879 876 752 876 879 755 879 874 751 874 877 753 877 878 754 878 880 756 880 879 755 879 877 753 877 880 756 880 874 751 874 881 757 881 875 234 875 874 751 874 879 755 879 881 757 881 875 234 875 881 757 881 882 229 882 883 758 883 882 229 882 881 757 881 879 755 879 883 758 883 881 757 881 884 225 884 882 229 882 883 758 883 879 755 879 880 756 880 885 759 885 885 759 885 883 758 883 879 755 879 886 760 886 884 225 884 883 758 883 887 219 887 884 225 884 886 760 886 888 761 888 883 758 883 885 759 885 886 760 886 883 758 883 888 761 888 885 759 885 880 756 880 889 762 889 886 760 886 890 763 890 887 219 887 887 219 887 890 763 890 891 217 891 891 217 891 890 763 890 892 78 892 880 756 880 893 764 893 889 762 889 880 756 880 878 754 878 893 764 893 894 765 894 885 759 885 889 762 889 888 761 888 885 759 885 894 765 894 889 762 889 893 764 893 895 766 895 894 765 894 889 762 889 895 766 895 878 754 878 896 767 896 893 764 893 896 767 896 878 754 878 856 739 856 849 732 849 896 767 896 856 739 856 893 764 893 897 768 897 895 766 895 893 764 893 896 767 896 897 768 897 898 769 898 894 765 894 895 766 895 895 766 895 897 768 897 898 769 898 899 770 899 896 767 896 849 732 849 896 767 896 899 770 899 897 768 897 900 771 900 894 765 894 898 769 898 900 771 900 888 761 888 894 765 894 897 768 897 901 772 901 898 769 898 897 768 897 899 770 899 901 772 901 902 773 902 900 771 900 898 769 898 898 769 898 901 772 901 902 773 902 903 774 903 888 761 888 900 771 900 903 774 903 886 760 886 888 761 888 890 763 890 886 760 886 903 774 903 900 771 900 904 775 904 903 774 903 904 775 904 900 771 900 902 773 902 903 774 903 905 776 905 890 763 890 903 774 903 904 775 904 905 776 905 890 763 890 905 776 905 906 777 906 892 78 892 890 763 890 906 777 906 907 778 907 892 78 892 906 777 906 906 777 906 905 776 905 907 778 907 908 76 908 892 78 892 907 778 907 908 76 908 907 778 907 909 81 909 905 776 905 904 775 904 910 779 910 907 778 907 905 776 905 910 779 910 909 81 909 907 778 907 911 780 911 907 778 907 910 779 910 911 780 911 911 780 911 912 89 912 909 81 909 910 779 910 904 775 904 913 781 913 904 775 904 902 773 902 913 781 913 911 780 911 910 779 910 914 782 914 910 779 910 913 781 913 914 782 914 915 783 915 912 89 912 911 780 911 914 782 914 915 783 915 911 780 911 915 783 915 916 94 916 912 89 912 913 781 913 902 773 902 917 784 917 901 772 901 917 784 917 902 773 902 914 782 914 913 781 913 918 785 918 913 781 913 917 784 917 918 785 918 919 786 919 917 784 917 901 772 901 899 770 899 919 786 919 901 772 901 918 785 918 917 784 917 920 787 920 919 786 919 920 787 920 917 784 917 914 782 914 918 785 918 921 788 921 921 788 921 915 783 915 914 782 914 918 785 918 920 787 920 922 789 922 921 788 921 918 785 918 922 789 922 923 790 923 920 787 920 919 786 919 923 790 923 922 789 922 920 787 920 924 791 924 919 786 919 899 770 899 924 791 924 923 790 923 919 786 919 849 732 849 924 791 924 899 770 899 846 729 846 924 791 924 849 732 849 846 729 846 847 730 847 924 791 924 847 730 847 923 790 923 924 791 924 925 792 925 922 789 922 923 790 923 847 730 847 925 792 925 923 790 923 925 792 925 921 788 921 922 789 922 926 793 926 925 792 925 847 730 847 847 730 847 843 726 843 926 793 926 927 794 927 921 788 921 925 792 925 926 793 926 927 794 927 925 792 925 927 794 927 915 783 915 921 788 921 843 726 843 928 795 928 926 793 926 928 795 928 843 726 843 840 723 840 838 722 838 928 795 928 840 723 840 926 793 926 928 795 928 929 796 929 929 796 929 927 794 927 926 793 926 930 797 930 928 795 928 838 722 838 928 795 928 930 797 930 929 796 929 838 722 838 839 102 839 930 797 930 929 796 929 930 797 930 931 798 931 930 797 930 839 102 839 931 798 931 929 796 929 931 798 931 927 794 927 931 798 931 839 102 839 932 100 932 927 794 927 931 798 931 933 799 933 931 798 931 932 100 932 933 799 933 933 799 933 915 783 915 927 794 927 933 799 933 932 100 932 916 94 916 933 799 933 916 94 916 915 783 915 934 119 934 935 800 935 936 120 936 936 120 936 935 800 935 937 121 937 938 801 938 935 800 935 934 119 934 934 119 934 939 286 939 938 801 938 937 121 937 935 800 935 940 802 940 940 802 940 941 367 941 937 121 937 938 801 938 942 803 942 935 800 935 942 803 942 940 802 940 935 800 935 938 801 938 939 286 939 943 804 943 944 805 944 941 367 941 940 802 940 939 286 939 945 806 945 943 804 943 946 288 946 945 806 945 939 286 939 943 804 943 947 807 947 938 801 938 945 806 945 947 807 947 943 804 943 947 807 947 948 808 948 938 801 938 948 808 948 942 803 942 938 801 938 946 288 946 949 809 949 945 806 945 950 292 950 949 809 949 946 288 946 947 807 947 945 806 945 951 810 951 951 810 951 945 806 945 949 809 949 948 808 948 947 807 947 952 811 952 952 811 952 947 807 947 951 810 951 949 809 949 950 292 950 953 812 953 953 812 953 950 292 950 954 298 954 951 810 951 949 809 949 955 813 955 955 813 955 949 809 949 953 812 953 953 812 953 954 298 954 956 814 956 956 814 956 954 298 954 957 301 957 957 301 957 958 306 958 956 814 956 959 815 959 953 812 953 956 814 956 955 813 955 953 812 953 959 815 959 956 814 956 958 306 958 960 816 960 956 814 956 960 816 960 959 815 959 958 306 958 961 309 961 960 816 960 962 817 962 955 813 955 959 815 959 960 816 960 961 309 961 963 818 963 961 309 961 964 312 964 963 818 963 959 815 959 960 816 960 965 819 965 960 816 960 963 818 963 965 819 965 959 815 959 965 819 965 962 817 962 963 818 963 964 312 964 966 820 966 967 315 967 966 820 966 964 312 964 965 819 965 963 818 963 968 821 968 963 818 963 966 820 966 968 821 968 962 817 962 965 819 965 969 822 969 965 819 965 968 821 968 969 822 969 970 823 970 966 820 966 967 315 967 967 315 967 971 318 971 970 823 970 968 821 968 966 820 966 972 824 972 970 823 970 972 824 972 966 820 966 969 822 969 968 821 968 973 825 973 968 821 968 972 824 972 973 825 973 974 826 974 972 824 972 970 823 970 973 825 973 972 824 972 975 827 975 974 826 974 975 827 975 972 824 972 974 826 974 970 823 970 976 828 976 976 828 976 975 827 975 974 826 974 970 823 970 971 318 971 977 829 977 976 828 976 970 823 970 977 829 977 977 829 977 971 318 971 978 830 978 978 830 978 971 318 971 979 319 979 980 336 980 978 830 978 979 319 979 976 828 976 977 829 977 981 831 981 981 831 981 977 829 977 978 830 978 982 832 982 978 830 978 980 336 980 978 830 978 982 832 982 981 831 981 982 832 982 980 336 980 983 833 983 983 833 983 980 336 980 984 337 984 981 831 981 982 832 982 985 834 985 983 833 983 985 834 985 982 832 982 976 828 976 981 831 981 986 835 986 985 834 985 986 835 986 981 831 981 986 835 986 975 827 975 976 828 976 987 836 987 985 834 985 983 833 983 986 835 986 988 837 988 975 827 975 985 834 985 989 838 989 986 835 986 986 835 986 989 838 989 988 837 988 987 836 987 989 838 989 985 834 985 990 839 990 975 827 975 988 837 988 988 837 988 989 838 989 990 839 990 973 825 973 975 827 975 990 839 990 987 836 987 991 840 991 989 838 989 983 833 983 991 840 991 987 836 987 990 839 990 989 838 989 992 841 992 989 838 989 991 840 991 992 841 992 993 842 993 973 825 973 990 839 990 990 839 990 992 841 992 993 842 993 969 822 969 973 825 973 993 842 993 994 843 994 991 840 991 983 833 983 984 337 984 994 843 994 983 833 983 995 341 995 994 843 994 984 337 984 992 841 992 991 840 991 996 844 996 991 840 991 994 843 994 996 844 996 994 843 994 995 341 995 997 845 997 996 844 996 994 843 994 997 845 997 997 845 997 995 341 995 998 344 998 992 841 992 996 844 996 999 846 999 993 842 993 992 841 992 999 846 999 996 844 996 997 845 997 1000 847 1000 999 846 999 996 844 996 1000 847 1000 997 845 997 998 344 998 1001 848 1001 1000 847 1000 997 845 997 1001 848 1001 1001 848 1001 998 344 998 1002 347 1002 999 846 999 1000 847 1000 1003 849 1003 1001 848 1001 1002 347 1002 1004 850 1004 1004 850 1004 1002 347 1002 1005 350 1005 1006 356 1006 1004 850 1004 1005 350 1005 1000 847 1000 1001 848 1001 1007 851 1007 1007 851 1007 1001 848 1001 1004 850 1004 1003 849 1003 1000 847 1000 1007 851 1007 1008 852 1008 1004 850 1004 1006 356 1006 1008 852 1008 1007 851 1007 1004 850 1004 1009 359 1009 1008 852 1008 1006 356 1006 1010 853 1010 1007 851 1007 1008 852 1008 1010 853 1010 1003 849 1003 1007 851 1007 1011 854 1011 1008 852 1008 1009 359 1009 1011 854 1011 1010 853 1010 1008 852 1008 1012 362 1012 1011 854 1011 1009 359 1009 1013 855 1013 1003 849 1003 1010 853 1010 1014 856 1014 1011 854 1011 1012 362 1012 1012 362 1012 941 367 941 1014 856 1014 1014 856 1014 941 367 941 944 805 944 1015 857 1015 1010 853 1010 1011 854 1011 1014 856 1014 1015 857 1015 1011 854 1011 1015 857 1015 1013 855 1013 1010 853 1010 1014 856 1014 944 805 944 1016 858 1016 1016 858 1016 1015 857 1015 1014 856 1014 1016 858 1016 944 805 944 940 802 940 1016 858 1016 1017 859 1017 1015 857 1015 1017 859 1017 1013 855 1013 1015 857 1015 1016 858 1016 940 802 940 1018 860 1018 1018 860 1018 1017 859 1017 1016 858 1016 1018 860 1018 940 802 940 942 803 942 942 803 942 1019 861 1019 1018 860 1018 1018 860 1018 1019 861 1019 1017 859 1017 942 803 942 948 808 948 1019 861 1019 1019 861 1019 948 808 948 952 811 952 1019 861 1019 1020 862 1020 1017 859 1017 1019 861 1019 952 811 952 1020 862 1020 1017 859 1017 1020 862 1020 1013 855 1013 1020 862 1020 952 811 952 1021 863 1021 952 811 952 951 810 951 1021 863 1021 1021 863 1021 951 810 951 955 813 955 1021 863 1021 955 813 955 962 817 962 1020 862 1020 1022 864 1022 1013 855 1013 1020 862 1020 1021 863 1021 1022 864 1022 1022 864 1022 1021 863 1021 962 817 962 1013 855 1013 1022 864 1022 1003 849 1003 962 817 962 969 822 969 1022 864 1022 1022 864 1022 999 846 999 1003 849 1003 1022 864 1022 969 822 969 993 842 993 993 842 993 999 846 999 1022 864 1022 1023 865 1023 1024 566 1024 1025 561 1025 1026 558 1026 1023 865 1023 1025 561 1025 1027 866 1027 1024 566 1024 1023 865 1023 1027 866 1027 1028 568 1028 1024 566 1024 1029 867 1029 1023 865 1023 1026 558 1026 1030 552 1030 1029 867 1029 1026 558 1026 1031 868 1031 1027 866 1027 1023 865 1023 1029 867 1029 1031 868 1031 1023 865 1023 1032 869 1032 1028 568 1028 1027 866 1027 1032 869 1032 1033 572 1033 1028 568 1028 1034 870 1034 1027 866 1027 1031 868 1031 1034 870 1034 1032 869 1032 1027 866 1027 1035 871 1035 1033 572 1033 1032 869 1032 1033 572 1033 1035 871 1035 1036 576 1036 1037 872 1037 1032 869 1032 1034 870 1034 1037 872 1037 1035 871 1035 1032 869 1032 1036 576 1036 1035 871 1035 1038 873 1038 1038 873 1038 1039 579 1039 1036 576 1036 1040 874 1040 1035 871 1035 1037 872 1037 1035 871 1035 1040 874 1040 1038 873 1038 1041 875 1041 1037 872 1037 1034 870 1034 1038 873 1038 1040 874 1040 1042 876 1042 1043 877 1043 1040 874 1040 1037 872 1037 1043 877 1043 1037 872 1037 1041 875 1041 1042 876 1042 1040 874 1040 1044 878 1044 1044 878 1044 1040 874 1040 1043 877 1043 1042 876 1042 1045 879 1045 1038 873 1038 1042 876 1042 1044 878 1044 1045 879 1045 1046 880 1046 1039 579 1039 1038 873 1038 1038 873 1038 1045 879 1045 1046 880 1046 1046 880 1046 1047 881 1047 1039 579 1039 1039 579 1039 1047 881 1047 1048 581 1048 1047 881 1047 1049 596 1049 1048 581 1048 1050 882 1050 1046 880 1046 1045 879 1045 1047 881 1047 1046 880 1046 1050 882 1050 1051 883 1051 1049 596 1049 1047 881 1047 1050 882 1050 1051 883 1051 1047 881 1047 1052 884 1052 1049 596 1049 1051 883 1051 1053 597 1053 1049 596 1049 1052 884 1052 1054 885 1054 1051 883 1051 1050 882 1050 1054 885 1054 1052 884 1052 1051 883 1051 1045 879 1045 1055 886 1055 1050 882 1050 1054 885 1054 1050 882 1050 1055 886 1055 1045 879 1045 1044 878 1044 1055 886 1055 1056 887 1056 1052 884 1052 1054 885 1054 1055 886 1055 1044 878 1044 1057 888 1057 1055 886 1055 1058 889 1058 1054 885 1054 1055 886 1055 1057 888 1057 1058 889 1058 1054 885 1054 1058 889 1058 1056 887 1056 1057 888 1057 1044 878 1044 1059 890 1059 1059 890 1059 1058 889 1058 1057 888 1057 1059 890 1059 1044 878 1044 1043 877 1043 1056 887 1056 1058 889 1058 1060 891 1060 1056 887 1056 1060 891 1060 1052 884 1052 1061 892 1061 1058 889 1058 1059 890 1059 1061 892 1061 1060 891 1060 1058 889 1058 1059 890 1059 1043 877 1043 1062 893 1062 1062 893 1062 1061 892 1061 1059 890 1059 1062 893 1062 1043 877 1043 1041 875 1041 1052 884 1052 1060 891 1060 1063 894 1063 1052 884 1052 1063 894 1063 1053 597 1053 1053 597 1053 1063 894 1063 1064 601 1064 1065 895 1065 1063 894 1063 1060 891 1060 1065 895 1065 1060 891 1060 1061 892 1061 1066 896 1066 1064 601 1064 1063 894 1063 1066 896 1066 1063 894 1063 1065 895 1065 1067 604 1067 1064 601 1064 1066 896 1066 1068 897 1068 1065 895 1065 1061 892 1061 1068 897 1068 1061 892 1061 1062 893 1062 1069 898 1069 1066 896 1066 1065 895 1065 1069 898 1069 1065 895 1065 1068 897 1068 1070 899 1070 1067 604 1067 1066 896 1066 1070 899 1070 1066 896 1066 1069 898 1069 1071 607 1071 1067 604 1067 1070 899 1070 1072 900 1072 1069 898 1069 1068 897 1068 1073 901 1073 1071 607 1071 1070 899 1070 1074 610 1074 1071 607 1071 1073 901 1073 1073 901 1073 1075 616 1075 1074 610 1074 1076 902 1076 1070 899 1070 1069 898 1069 1073 901 1073 1070 899 1070 1076 902 1076 1076 902 1076 1069 898 1069 1072 900 1072 1077 903 1077 1075 616 1075 1073 901 1073 1076 902 1076 1077 903 1077 1073 901 1073 1077 903 1077 1078 619 1078 1075 616 1075 1079 904 1079 1077 903 1077 1076 902 1076 1072 900 1072 1079 904 1079 1076 902 1076 1080 905 1080 1078 619 1078 1077 903 1077 1079 904 1079 1080 905 1080 1077 903 1077 1080 905 1080 1081 628 1081 1078 619 1078 1082 906 1082 1079 904 1079 1072 900 1072 1083 907 1083 1081 628 1081 1080 905 1080 1081 628 1081 1083 907 1083 1084 630 1084 1085 908 1085 1080 905 1080 1079 904 1079 1085 908 1085 1083 907 1083 1080 905 1080 1082 906 1082 1085 908 1085 1079 904 1079 1084 630 1084 1083 907 1083 1086 909 1086 1087 910 1087 1083 907 1083 1085 908 1085 1083 907 1083 1087 910 1087 1086 909 1086 1088 911 1088 1084 630 1084 1086 909 1086 1086 909 1086 1087 910 1087 1088 911 1088 1089 252 1089 1084 630 1084 1088 911 1088 1090 912 1090 1087 910 1087 1085 908 1085 1090 912 1090 1085 908 1085 1082 906 1082 1087 910 1087 1091 913 1091 1088 911 1088 1091 913 1091 1087 910 1087 1090 912 1090 1088 911 1088 1092 914 1092 1089 252 1089 1089 252 1089 1092 914 1092 1093 251 1093 1093 251 1093 1092 914 1092 1094 250 1094 1091 913 1091 1095 915 1095 1088 911 1088 1088 911 1088 1095 915 1095 1092 914 1092 1094 250 1094 1092 914 1092 1096 916 1096 1095 915 1095 1096 916 1096 1092 914 1092 1096 916 1096 1097 546 1097 1094 250 1094 1095 915 1095 1091 913 1091 1098 917 1098 1098 917 1098 1091 913 1091 1090 912 1090 1099 918 1099 1096 916 1096 1095 915 1095 1095 915 1095 1098 917 1098 1099 918 1099 1100 919 1100 1097 546 1097 1096 916 1096 1098 917 1098 1090 912 1090 1101 920 1101 1101 920 1101 1090 912 1090 1082 906 1082 1099 918 1099 1098 917 1098 1102 921 1102 1098 917 1098 1101 920 1101 1102 921 1102 1103 922 1103 1096 916 1096 1099 918 1099 1099 918 1099 1102 921 1102 1103 922 1103 1103 922 1103 1100 919 1100 1096 916 1096 1104 923 1104 1097 546 1097 1100 919 1100 1104 923 1104 1100 919 1100 1103 922 1103 1105 548 1105 1097 546 1097 1104 923 1104 1103 922 1103 1102 921 1102 1106 924 1106 1103 922 1103 1106 924 1106 1104 923 1104 1104 923 1104 1107 925 1107 1105 548 1105 1104 923 1104 1106 924 1106 1107 925 1107 1105 548 1105 1107 925 1107 1030 552 1030 1107 925 1107 1029 867 1029 1030 552 1030 1107 925 1107 1108 926 1108 1029 867 1029 1106 924 1106 1108 926 1108 1107 925 1107 1108 926 1108 1031 868 1031 1029 867 1029 1102 921 1102 1109 927 1109 1106 924 1106 1106 924 1106 1109 927 1109 1108 926 1108 1102 921 1102 1101 920 1101 1109 927 1109 1108 926 1108 1110 928 1110 1031 868 1031 1109 927 1109 1110 928 1110 1108 926 1108 1110 928 1110 1034 870 1034 1031 868 1031 1041 875 1041 1034 870 1034 1110 928 1110 1101 920 1101 1111 929 1111 1109 927 1109 1109 927 1109 1111 929 1111 1110 928 1110 1111 929 1111 1041 875 1041 1110 928 1110 1101 920 1101 1082 906 1082 1111 929 1111 1062 893 1062 1041 875 1041 1111 929 1111 1111 929 1111 1082 906 1082 1072 900 1072 1111 929 1111 1068 897 1068 1062 893 1062 1072 900 1072 1068 897 1068 1111 929 1111</p>
                </triangles>
            </mesh>
        </geometry>
        <geometry id="pm0812_00_00_body_b_mesh_shape_body_a-geometry" name="pm0812_00_00_body_b_mesh_shape_body_a">
            <mesh>
                <source id="pm0812_00_00_body_b_mesh_shape_body_a-geometry-POSITION">
                    <float_array id="pm0812_00_00_body_b_mesh_shape_body_a-geometry-POSITION-array" count="990">-1.09926E-19 0.07425874 -1.310157E-10 -8.676372E-20 0.05373187 -0.08610007 -0.01638655 0.05373187 -0.08327431 -0.03073706 0.05373834 -0.07616563 -0.03586321 0.05373593 -0.07024177 -0.0381749 0.05373187 -0.06612088 -0.04289955 0.05373593 -0.06617933 -0.05059283 0.05373834 -0.06470189 -0.06392439 0.05373187 -0.05582833 -0.07456484 0.05373187 -0.04305004 -0.08031094 0.05373187 -0.02744599 -0.0813299 0.05373834 -0.01146374 -0.07876275 0.05373593 -0.00406244 -0.07634981 0.05373187 1.387779E-19 -0.07876275 0.05373593 0.00406244 -0.0813299 0.05373834 0.01146374 -0.08031094 0.05373187 0.02744599 -0.07456484 0.05373187 0.04305004 -0.06392439 0.05373187 0.05582833 -0.05059283 0.05373834 0.06470189 -0.04289955 0.05373593 0.06617933 -0.0381749 0.05373187 0.06612088 -0.03586321 0.05373593 0.07024177 -0.03073706 0.05373834 0.07616563 -0.01638655 0.05373187 0.08327431 -8.676372E-20 0.05373187 0.08610007 -1.09926E-19 0.07425874 -1.310157E-10 -8.676372E-20 0.05373187 0.08610007 0.01638655 0.05373187 0.08327431 0.03073706 0.05373834 0.07616563 0.03586321 0.05373593 0.07024177 0.0381749 0.05373187 0.06612088 0.04289955 0.05373593 0.06617933 0.05059283 0.05373834 0.06470189 0.06392439 0.05373187 0.05582833 0.07456484 0.05373187 0.04305004 0.08031094 0.05373187 0.02744599 0.0813299 0.05373834 0.01146374 0.07876275 0.05373593 0.00406244 0.07634981 0.05373187 1.387779E-19 0.07876275 0.05373593 -0.00406244 0.0813299 0.05373834 -0.01146374 0.08031094 0.05373187 -0.02744599 0.07456484 0.05373187 -0.04305004 0.06392439 0.05373187 -0.05582833 0.05059283 0.05373834 -0.06470189 0.04289955 0.05373593 -0.06617933 0.0381749 0.05373187 -0.06612088 0.03586321 0.05373593 -0.07024177 0.03073706 0.05373834 -0.07616563 0.01638655 0.05373187 -0.08327431 -8.676372E-20 0.05373187 -0.08610007 0.00819496 0.01478459 0.04289585 -9.799331E-20 0.01482301 0.04315583 0.008124154 0.01388759 0.04250789 3.028903E-20 0.01378379 0.0427726 0.01362167 0.01394053 0.0418019 0.01392671 0.01464106 0.04212966 0.007892094 0.01277063 0.03876361 2.642497E-19 0.01259268 0.03896098 0.01322638 0.01291667 0.03821703 0.01397337 0.01347711 0.03209995 0.007830099 0.01156901 0.03104069 -3.200766E-20 0.0111363 0.0288209 0.01279354 0.0120448 0.03108009 0.01403536 0.01269354 0.0243099 0.007696599 0.01071564 0.02203467 1.010394E-14 0.01034255 0.01783494 0.01227456 0.01120432 0.02126017 0.008412273 0.01037319 0.01430192 1.916069E-30 0.009854901 0 0.02051938 0.0120448 0.02661958 0.02081269 0.01347711 0.02815127 0.01529557 0.01071714 0.01766021 0.02648372 0.01291667 0.0305629 0.02952201 0.01464106 0.03312571 0.02296697 0.01156901 0.02230141 0.01722377 0.01027189 0.009582763 0.02939068 0.01394053 0.03269766 0.03305141 0.01478459 0.02854497 0.02962422 0.01277063 0.02621656 0.03275083 0.01388759 0.02828967 0.03737404 0.01482301 0.02157791 0.02698037 0.01129764 0.01557713 0.03704216 0.01378379 0.0213863 0.0337412 0.01259268 0.01948049 0.04087498 0.01388759 0.01421822 0.04124638 0.01478459 0.01435088 0.03751632 0.01277063 0.01254705 0.04301234 0.01394053 0.009104247 0.04344871 0.01464106 0.009003951 0.0397101 0.01291667 0.00765413 0.03478606 0.01347711 0.003948684 0.03063074 0.01161639 0.008896547 0.03331292 0.0120448 0.004460515 0.0280632 0.01273386 7.902203E-19 0.02293088 0.01071564 0.004351884 0.02454913 0.01120432 2.551491E-20 0.0186297 0.01043912 0 0.03331292 0.0120448 -0.004460515 0.03478606 0.01347711 -0.003948684 0.02293088 0.01071564 -0.004351884 0.01722377 0.01027189 -0.009582763 0.0397101 0.01291667 -0.00765413 0.04344871 0.01464106 -0.009003951 0.03063074 0.01161639 -0.008896547 0.04301234 0.01394053 -0.009104247 0.04124638 0.01478459 -0.01435088 0.03751632 0.01277063 -0.01254705 0.04087498 0.01388759 -0.01421822 0.03737404 0.01482301 -0.02157791 0.02698037 0.01129764 -0.01557713 0.03704216 0.01378379 -0.0213863 0.0337412 0.01259268 -0.01948049 0.03275083 0.01388759 -0.02828967 0.03305141 0.01478459 -0.02854497 0.02962422 0.01277063 -0.02621656 0.02939068 0.01394053 -0.03269766 0.02952201 0.01464106 -0.03312571 0.02648372 0.01291667 -0.0305629 0.02081269 0.01347711 -0.02815127 0.02296697 0.01156901 -0.02230141 0.02051938 0.0120448 -0.02661958 0.0140316 0.01273386 -0.02430345 0.01529557 0.01071714 -0.01766021 0.01227456 0.01120432 -0.02126017 0.008498353 0.0103747 -0.01431787 1.010395E-14 0.01034255 -0.01783494 0.007696599 0.01071564 -0.02203467 -2.78951E-19 0.0111363 -0.0288209 0.01279354 0.0120448 -0.03108009 0.01397337 0.01347711 -0.03209995 0.007830099 0.01156901 -0.03104069 -5.752084E-19 0.01259268 -0.03896098 0.01322638 0.01291667 -0.03821703 0.01392671 0.01464106 -0.04212966 0.007892094 0.01277063 -0.03876361 -3.412477E-19 0.01378379 -0.0427726 0.01362167 0.01394053 -0.0418019 0.00819496 0.01478459 -0.04289585 0.008124154 0.01388759 -0.04250789 -2.129653E-19 0.01482301 -0.04315583 -0.00819496 0.01478459 0.04289585 -0.008124154 0.01388759 0.04250789 -9.799331E-20 0.01482301 0.04315583 3.028903E-20 0.01378379 0.0427726 -0.01362167 0.01394053 0.0418019 -0.01392671 0.01464106 0.04212966 -0.007892094 0.01277063 0.03876361 2.642497E-19 0.01259268 0.03896098 -0.01322638 0.01291667 0.03821703 -0.01397337 0.01347711 0.03209995 -0.007830099 0.01156901 0.03104069 -3.200766E-20 0.0111363 0.0288209 -0.01279354 0.0120448 0.03108009 -0.01403536 0.01269354 0.0243099 -0.007696599 0.01071564 0.02203467 1.010394E-14 0.01034255 0.01783494 -0.01227456 0.01120432 0.02126017 -0.008412273 0.01037319 0.01430192 1.916069E-30 0.009854901 0 -0.02051938 0.0120448 0.02661958 -0.02081269 0.01347711 0.02815127 -0.01529557 0.01071714 0.01766021 -0.02648372 0.01291667 0.0305629 -0.02952201 0.01464106 0.03312571 -0.02296697 0.01156901 0.02230141 -0.01722377 0.01027189 0.009582763 -0.02698037 0.01129764 0.01557713 -0.02962422 0.01277063 0.02621656 -0.02939068 0.01394053 0.03269766 -0.03305141 0.01478459 0.02854497 -0.03275083 0.01388759 0.02828967 -0.03737404 0.01482301 0.02157791 -0.03704216 0.01378379 0.0213863 -0.0337412 0.01259268 0.01948049 -0.04087498 0.01388759 0.01421822 -0.04124638 0.01478459 0.01435088 -0.03751632 0.01277063 0.01254705 -0.04301234 0.01394053 0.009104247 -0.04344871 0.01464106 0.009003951 -0.0397101 0.01291667 0.00765413 -0.03478606 0.01347711 0.003948684 -0.03331292 0.0120448 0.004460515 -0.0280632 0.01273386 -5.126646E-19 -0.03063074 0.01161639 0.008896547 -0.02293088 0.01071564 0.004351884 -0.02454913 0.01120432 2.520408E-19 -0.0186297 0.01043912 0 -0.03331292 0.0120448 -0.004460515 -0.03478606 0.01347711 -0.003948684 -0.02293088 0.01071564 -0.004351884 -0.01722377 0.01027189 -0.009582763 -0.0397101 0.01291667 -0.00765413 -0.04344871 0.01464106 -0.009003951 -0.03063074 0.01161639 -0.008896547 -0.04301234 0.01394053 -0.009104247 -0.04124638 0.01478459 -0.01435088 -0.03751632 0.01277063 -0.01254705 -0.04087498 0.01388759 -0.01421822 -0.03737404 0.01482301 -0.02157791 -0.02698037 0.01129764 -0.01557713 -0.03704216 0.01378379 -0.0213863 -0.0337412 0.01259268 -0.01948049 -0.03275083 0.01388759 -0.02828967 -0.03305141 0.01478459 -0.02854497 -0.02962422 0.01277063 -0.02621656 -0.02939068 0.01394053 -0.03269766 -0.02952201 0.01464106 -0.03312571 -0.02648372 0.01291667 -0.0305629 -0.02081269 0.01347711 -0.02815127 -0.02296697 0.01156901 -0.02230141 -0.02051938 0.0120448 -0.02661958 -0.0140316 0.01273386 -0.02430345 -0.01529557 0.01071714 -0.01766021 -0.01227456 0.01120432 -0.02126017 -0.008498353 0.0103747 -0.01431787 1.010395E-14 0.01034255 -0.01783494 -0.007696599 0.01071564 -0.02203467 -2.78951E-19 0.0111363 -0.0288209 -0.01279354 0.0120448 -0.03108009 -0.01397337 0.01347711 -0.03209995 -0.007830099 0.01156901 -0.03104069 -5.752084E-19 0.01259268 -0.03896098 -0.01322638 0.01291667 -0.03821703 -0.01392671 0.01464106 -0.04212966 -0.007892094 0.01277063 -0.03876361 -3.412477E-19 0.01378379 -0.0427726 -0.01362167 0.01394053 -0.0418019 -0.00819496 0.01478459 -0.04289585 -0.008124154 0.01388759 -0.04250789 -2.129653E-19 0.01482301 -0.04315583 -0.01198081 0.01725202 0.005910071 -0.01352745 0.01059868 0.004886858 -0.009573654 0.01695356 1.387779E-19 -0.01151999 0.01045963 -3.111526E-11 -0.0183739 0.0109344 0.006911061 -0.01779219 0.01797259 0.008358102 -0.01486719 0.00579251 0.003555676 -0.01339891 0.005739621 -5.832213E-11 -0.01841193 0.005920196 0.005028484 -0.02322036 0.01127009 0.004886858 -0.02360357 0.01869316 0.005910071 -0.02195667 0.006047882 0.003555676 -0.02522782 0.01140914 -3.111526E-11 -0.02602127 0.01896989 1.387779E-19 -0.02360357 0.01869316 -0.005910071 -0.02342495 0.006100771 -5.832213E-11 -0.02322036 0.01127009 -0.004886858 -0.01779219 0.01797259 -0.008358102 -0.02061441 0.001488897 -4.274103E-12 -0.0183739 0.0109344 -0.006911061 -0.01198081 0.01725202 -0.005910071 -0.02195667 0.006047882 -0.003555676 -0.02061441 0.001488897 -4.274103E-12 -0.01352746 0.01059868 -0.004886858 -0.009573654 0.01695356 1.387779E-19 -0.01151999 0.01045963 -3.111526E-11 -0.01841193 0.005920196 -0.005028484 -0.01486719 0.00579251 -0.003555676 -0.01339891 0.005739621 -5.832213E-11 -0.01996078 0.001475686 -0.001578928 -0.01680478 0.001411892 -0.001578928 -0.01615115 0.00139868 -4.274103E-12 -0.01838278 0.001443789 -0.002232941 -0.01766506 0.0003545073 -0.0006978342 -0.01750902 0.000291551 5.656867E-12 -0.01836644 0.0001577981 3.439211E-18 -0.01836384 0.0003064719 -0.0008549499 -0.01906052 0.0003788651 -0.0006978342 -0.01921866 0.0003213934 5.656867E-12 -0.01996078 0.001475686 0.001578928 -0.01906052 0.0003788651 0.0006978343 -0.01921866 0.0003213934 5.656867E-12 -0.01836644 0.0001577981 3.439211E-18 -0.01838278 0.001443789 0.002232941 -0.01836384 0.0003064719 0.00085495 -0.01766506 0.0003545073 0.0006978343 -0.01750902 0.000291551 5.656867E-12 -0.01615115 0.00139868 -4.274103E-12 -0.01680478 0.001411892 0.001578928 0.02360357 0.01869316 0.005910071 0.02522782 0.01140915 -3.111526E-11 0.02602127 0.01896989 1.387779E-19 0.02360357 0.01869316 -0.005910071 0.02322036 0.0112701 0.004886858 0.01779219 0.0179726 0.008358102 0.02322036 0.0112701 -0.004886858 0.01779219 0.0179726 -0.008358102 0.02342495 0.006100781 -5.832213E-11 0.0183739 0.0109344 0.006911061 0.01198081 0.01725203 0.005910071 0.0183739 0.0109344 -0.006911061 0.01198081 0.01725203 -0.005910071 0.02195667 0.006047891 -0.003555676 0.01352746 0.01059869 -0.004886858 0.009573655 0.01695356 1.387779E-19 0.01151999 0.01045964 -3.111526E-11 0.01841193 0.005920206 -0.005028484 0.01486719 0.00579252 -0.003555676 0.01339891 0.00573963 -5.832213E-11 0.01996078 0.001475696 -0.001578928 0.01680478 0.001411902 -0.001578928 0.01615115 0.00139869 -4.274106E-12 0.01838278 0.001443799 -0.002232941 0.01766506 0.0003545174 -0.0006978342 0.01750902 0.0002915611 5.656864E-12 0.01836644 0.0001578082 1.387779E-19 0.01836384 0.000306482 -0.0008549499 0.01906052 0.0003788752 -0.0006978342 0.01921866 0.0003214035 5.656864E-12 0.02061441 0.001488907 -4.274106E-12 0.02195667 0.006047891 0.003555676 0.02061441 0.001488907 -4.274106E-12 0.01841193 0.005920206 0.005028484 0.01996078 0.001475696 0.001578928 0.01906052 0.0003788752 0.0006978343 0.01921866 0.0003214035 5.656864E-12 0.01836644 0.0001578082 1.387779E-19 0.01838278 0.001443799 0.002232941 0.01836384 0.000306482 0.00085495 0.01766506 0.0003545174 0.0006978343 0.01750902 0.0002915611 5.656864E-12 0.01615115 0.00139869 -4.274106E-12 0.01680478 0.001411902 0.001578928 0.01339891 0.00573963 -5.832213E-11 0.01486719 0.00579252 0.003555676 0.01151999 0.01045964 -3.111526E-11 0.01352745 0.01059869 0.004886858 0.009573655 0.01695356 1.387779E-19</float_array>
                    <technique_common>
                        <accessor count="330" offset="0" source="pm0812_00_00_body_b_mesh_shape_body_a-geometry-POSITION-array" stride="3">
                            <param name="X" type="float" />
                            <param name="Y" type="float" />
                            <param name="Z" type="float" />
                        </accessor>
                    </technique_common>
                </source>
                <source id="pm0812_00_00_body_b_mesh_shape_body_a-geometry-NORMAL">
                    <float_array id="pm0812_00_00_body_b_mesh_shape_body_a-geometry-NORMAL-array" count="900">0 1.000122 0 0 0.9570313 -0.2895508 -0.08728027 0.9560547 -0.279541 -0.1618652 0.9526367 -0.2556152 -0.2646484 0.9423828 -0.2038574 -0.151123 0.953125 -0.2617188 -0.04418945 0.9423828 -0.3310547 -0.1405029 0.9526367 -0.2680664 -0.1986084 0.9560547 -0.2154541 -0.2507324 0.9570313 -0.1447754 -0.2858887 0.9560547 -0.06427002 -0.3022461 0.9526367 0.01235199 -0.3088379 0.9423828 0.1273193 -0.3022461 0.953125 0 -0.3088379 0.9423828 -0.1273193 -0.3022461 0.9526367 -0.01235199 -0.2858887 0.9560547 0.06427002 -0.2507324 0.9570313 0.1447754 -0.1986084 0.9560547 0.2154541 -0.1405029 0.9526367 0.2680664 -0.04418945 0.9423828 0.3310547 -0.151123 0.953125 0.2617188 -0.2646484 0.9423828 0.2038574 -0.1618652 0.9526367 0.2556152 -0.08728027 0.9560547 0.279541 0 0.9570313 0.2895508 0.08728027 0.9560547 0.279541 0.1618652 0.9526367 0.2556152 0.2646484 0.9423828 0.2038574 0.151123 0.953125 0.2617188 0.04418945 0.9423828 0.3310547 0.1405029 0.9526367 0.2680664 0.1986084 0.9560547 0.2154541 0.2507324 0.9570313 0.1447754 0.2858887 0.9560547 0.06427002 0.3022461 0.9526367 -0.01235199 0.3088379 0.9423828 -0.1273193 0.3022461 0.953125 0 0.3088379 0.9423828 0.1273193 0.3022461 0.9526367 0.01235199 0.2858887 0.9560547 -0.06427002 0.2507324 0.9570313 -0.1447754 0.1986084 0.9560547 -0.2154541 0.1405029 0.9526367 -0.2680664 0.04418945 0.9423828 -0.3310547 0.151123 0.953125 -0.2617188 0.2646484 0.9423828 -0.2038574 0.1618652 0.9526367 -0.2556152 0.08728027 0.9560547 -0.279541 0.06268311 -0.3930664 0.9169922 0 -0.3708496 0.9282227 0.04299927 -0.8930664 0.4477539 0 -0.8886719 0.4580078 0.373291 -0.8564453 0.3554688 0.6757813 -0.5532227 0.4865723 0.0352478 -0.980957 0.190918 0 -0.980957 0.192749 0.24646 -0.9536133 0.1708984 0.7197266 -0.6923828 0.04467773 0.04425049 -0.9921875 0.1152344 0 -0.9941406 0.1073608 0.2403564 -0.965332 0.09893799 0.2266846 -0.8911133 0.3925781 0.0491333 -0.9956055 0.07647705 0 -0.9985352 0.05279541 0.0748291 -0.9887695 0.1290283 0.01508331 -0.9990234 0.0385437 0 -1.000122 0 -0.03436279 -0.965332 0.2573242 -0.3210449 -0.6923828 0.6455078 0.03964233 -0.9946289 0.09179688 0.02479553 -0.9536133 0.2988281 0.08343506 -0.5532227 0.8286133 0.07373047 -0.9916992 0.1037598 0.05047607 -0.9980469 0.02700806 0.1210938 -0.8564453 0.5009766 0.7626953 -0.3930664 0.5126953 0.151001 -0.9790039 0.1346436 0.3662109 -0.8930664 0.2609863 0.8041992 -0.3708496 0.4641113 0.1054688 -0.9921875 0.05932617 0.3964844 -0.8886719 0.2290039 0.1768799 -0.9790039 0.100708 0.4091797 -0.8930664 0.1865234 0.8256836 -0.3930664 0.4042969 0.1896973 -0.9794922 0.06182861 0.4946289 -0.8564453 -0.1456299 0.7592773 -0.5532227 -0.342041 0.265625 -0.9555664 -0.1240234 0.3991699 -0.6884766 -0.6049805 0.1274414 -0.9916992 0.01198578 0.2032471 -0.9667969 -0.1540527 0.458252 -0.8886719 0 0.105957 -0.9941406 -0.008331299 0.1566162 -0.9873047 0 0.04309082 -0.9990234 0 0.2032471 -0.9667969 0.1540527 0.3991699 -0.6884766 0.6049805 0.105957 -0.9941406 0.008331299 0.05050659 -0.9980469 -0.02697754 0.265625 -0.9555664 0.1240234 0.7592773 -0.5532227 0.342041 0.1274414 -0.9916992 -0.01198578 0.4946289 -0.8564453 0.1456299 0.8256836 -0.3930664 -0.4042969 0.1896973 -0.9794922 -0.06182861 0.4091797 -0.8930664 -0.1865234 0.8041992 -0.3708496 -0.4641113 0.1054688 -0.9921875 -0.05932617 0.3964844 -0.8886719 -0.2290039 0.1768799 -0.9790039 -0.100708 0.3662109 -0.8930664 -0.2609863 0.7626953 -0.3930664 -0.5126953 0.151001 -0.9790039 -0.1346436 0.1210938 -0.8564453 -0.5009766 0.08343506 -0.5532227 -0.8286133 0.02479553 -0.9536133 -0.2988281 -0.3242188 -0.6884766 -0.6479492 0.07373047 -0.9916992 -0.1037598 -0.03625488 -0.9648438 -0.2592773 0.229126 -0.8886719 -0.3967285 0.03973389 -0.9946289 -0.09179688 0.07537842 -0.9882813 -0.1297607 0.01509094 -0.9990234 -0.03860474 0 -0.9985352 -0.05267334 0.04901123 -0.9956055 -0.07653809 0 -0.9941406 -0.1073608 0.2431641 -0.9648438 -0.09838867 0.7236328 -0.6884766 -0.04321289 0.04425049 -0.9921875 -0.1152344 0 -0.980957 -0.192749 0.24646 -0.9536133 -0.1708984 0.6757813 -0.5532227 -0.4865723 0.0352478 -0.980957 -0.190918 0 -0.8886719 -0.4580078 0.373291 -0.8564453 -0.3554688 0.06268311 -0.3930664 -0.9169922 0.04299927 -0.8930664 -0.4477539 0 -0.3708496 -0.9282227 -0.06268311 -0.3930664 0.9169922 -0.04299927 -0.8930664 0.4477539 -0.373291 -0.8564453 0.3554688 -0.6757813 -0.5532227 0.4865723 -0.0352478 -0.980957 0.190918 -0.24646 -0.9536133 0.1708984 -0.7197266 -0.6923828 0.04467773 -0.04425049 -0.9921875 0.1152344 -0.2403564 -0.965332 0.09893799 -0.2266846 -0.8911133 0.3925781 -0.0491333 -0.9956055 0.07647705 -0.0748291 -0.9887695 0.1290283 -0.01508331 -0.9990234 0.0385437 0.03436279 -0.965332 0.2573242 0.3210449 -0.6923828 0.6455078 -0.03964233 -0.9946289 0.09179688 -0.02479553 -0.9536133 0.2988281 -0.08343506 -0.5532227 0.8286133 -0.07373047 -0.9916992 0.1037598 -0.05047607 -0.9980469 0.02700806 -0.1054688 -0.9921875 0.05932617 -0.151001 -0.9790039 0.1346436 -0.1210938 -0.8564453 0.5009766 -0.7626953 -0.3930664 0.5126953 -0.3662109 -0.8930664 0.2609863 -0.8041992 -0.3708496 0.4641113 -0.3964844 -0.8886719 0.2290039 -0.1768799 -0.9790039 0.100708 -0.4091797 -0.8930664 0.1865234 -0.8256836 -0.3930664 0.4042969 -0.1896973 -0.9794922 0.06182861 -0.4946289 -0.8564453 -0.1456299 -0.7592773 -0.5532227 -0.342041 -0.265625 -0.9555664 -0.1240234 -0.3991699 -0.6884766 -0.6049805 -0.2032471 -0.9667969 -0.1540527 -0.458252 -0.8886719 0 -0.1274414 -0.9916992 0.01198578 -0.105957 -0.9941406 -0.008331299 -0.1566162 -0.9873047 0 -0.04309082 -0.9990234 0 -0.2032471 -0.9667969 0.1540527 -0.3991699 -0.6884766 0.6049805 -0.105957 -0.9941406 0.008331299 -0.05050659 -0.9980469 -0.02697754 -0.265625 -0.9555664 0.1240234 -0.7592773 -0.5532227 0.342041 -0.1274414 -0.9916992 -0.01198578 -0.4946289 -0.8564453 0.1456299 -0.8256836 -0.3930664 -0.4042969 -0.1896973 -0.9794922 -0.06182861 -0.4091797 -0.8930664 -0.1865234 -0.8041992 -0.3708496 -0.4641113 -0.1054688 -0.9921875 -0.05932617 -0.3964844 -0.8886719 -0.2290039 -0.1768799 -0.9790039 -0.100708 -0.3662109 -0.8930664 -0.2609863 -0.7626953 -0.3930664 -0.5126953 -0.151001 -0.9790039 -0.1346436 -0.1210938 -0.8564453 -0.5009766 -0.08343506 -0.5532227 -0.8286133 -0.02479553 -0.9536133 -0.2988281 0.3242188 -0.6884766 -0.6479492 -0.07373047 -0.9916992 -0.1037598 0.03625488 -0.9648438 -0.2592773 -0.229126 -0.8886719 -0.3967285 -0.03973389 -0.9946289 -0.09179688 -0.07537842 -0.9882813 -0.1297607 -0.01509094 -0.9990234 -0.03860474 -0.04901123 -0.9956055 -0.07653809 -0.2431641 -0.9648438 -0.09838867 -0.7236328 -0.6884766 -0.04321289 -0.04425049 -0.9921875 -0.1152344 -0.24646 -0.9536133 -0.1708984 -0.6757813 -0.5532227 -0.4865723 -0.0352478 -0.980957 -0.190918 -0.373291 -0.8564453 -0.3554688 -0.06268311 -0.3930664 -0.9169922 -0.04299927 -0.8930664 -0.4477539 0.6635742 -0.2607422 0.7006836 0.659668 -0.2963867 0.6904297 0.9580078 -0.2858887 0 0.9492188 -0.314209 0 -0.03387451 -0.2500305 0.9672852 -0.03814697 -0.1975098 0.9794922 0.6313477 -0.421875 0.6499023 0.9047852 -0.425293 0 -0.02156067 -0.4104004 0.9111328 -0.7099609 -0.2004395 0.6743164 -0.7192383 -0.1325684 0.6816406 -0.6611328 -0.395752 0.6367188 -0.9833984 -0.1795654 0 -0.9941406 -0.1055908 0 -0.7192383 -0.1325684 -0.6816406 -0.9208984 -0.3886719 0 -0.7099609 -0.2004395 -0.6743164 -0.03814697 -0.1975098 -0.9794922 -0.8383789 -0.5449219 0 -0.03387451 -0.2500305 -0.9672852 0.6635742 -0.2607422 -0.7006836 -0.6611328 -0.395752 -0.6367188 0.659668 -0.2963867 -0.6904297 -0.02156067 -0.4104004 -0.9111328 0.6313477 -0.421875 -0.6499023 -0.5991211 -0.5478516 -0.5830078 0.5800781 -0.5576172 -0.5927734 0.8291016 -0.5581055 0 -0.01421356 -0.5527344 -0.8325195 0.4077148 -0.8100586 -0.4204102 0.5527344 -0.8330078 0 -0.0174408 -0.9995117 0 -0.01328278 -0.8276367 -0.5605469 -0.4274902 -0.8032227 -0.4143066 -0.5683594 -0.8222656 0 -0.5991211 -0.5478516 0.5830078 -0.4274902 -0.8032227 0.4143066 -0.01421356 -0.5527344 0.8325195 -0.01328278 -0.8276367 0.5605469 0.4077148 -0.8100586 0.4204102 0.5800781 -0.5576172 0.5927734 0.7192383 -0.1325684 0.6816406 0.9833984 -0.1795654 0 0.9941406 -0.1055908 0 0.7192383 -0.1325684 -0.6816406 0.7099609 -0.2004395 0.6743164 0.03814697 -0.1975098 0.9794922 0.7099609 -0.2004395 -0.6743164 0.03814697 -0.1975098 -0.9794922 0.9208984 -0.3886719 0 0.03387451 -0.2500305 0.9672852 -0.6635742 -0.2607422 0.7006836 0.03387451 -0.2500305 -0.9672852 -0.6635742 -0.2607422 -0.7006836 0.6611328 -0.395752 -0.6367188 -0.659668 -0.2963867 -0.6904297 -0.9580078 -0.2858887 0 -0.9492188 -0.314209 0 0.02156067 -0.4104004 -0.9111328 -0.6313477 -0.421875 -0.6499023 -0.9047852 -0.425293 0 0.5991211 -0.5478516 -0.5830078 -0.5800781 -0.5576172 -0.5927734 -0.8291016 -0.5581055 0 0.01421356 -0.5527344 -0.8325195 -0.4077148 -0.8100586 -0.4204102 -0.5527344 -0.8330078 0 0.0174408 -0.9995117 0 0.01328278 -0.8276367 -0.5605469 0.4274902 -0.8032227 -0.4143066 0.5683594 -0.8222656 0 0.8383789 -0.5449219 0 0.6611328 -0.395752 0.6367188 0.02156067 -0.4104004 0.9111328 0.5991211 -0.5478516 0.5830078 0.4274902 -0.8032227 0.4143066 0.01421356 -0.5527344 0.8325195 0.01328278 -0.8276367 0.5605469 -0.4077148 -0.8100586 0.4204102 -0.5800781 -0.5576172 0.5927734 -0.6313477 -0.421875 0.6499023 -0.659668 -0.2963867 0.6904297</float_array>
                    <technique_common>
                        <accessor count="300" offset="0" source="pm0812_00_00_body_b_mesh_shape_body_a-geometry-NORMAL-array" stride="3">
                            <param name="X" type="float" />
                            <param name="Y" type="float" />
                            <param name="Z" type="float" />
                        </accessor>
                    </technique_common>
                </source>
                <source id="pm0812_00_00_body_b_mesh_shape_body_a-geometry-TEXCOORD">
                    <float_array id="pm0812_00_00_body_b_mesh_shape_body_a-geometry-TEXCOORD-array" count="660">0.1875 0.4239488 0.1874999 0.5898438 0.1559887 0.5844896 0.1282794 0.5710518 0.1181644 0.5599221 0.113467 0.5521778 0.1044197 0.5519691 0.0897412 0.5487541 0.06429738 0.5314443 0.04396105 0.5068209 0.03280461 0.4768974 0.03053683 0.446207 0.03509581 0.4318887 0.03944483 0.4239471 0.03509569 0.4160104 0.03053689 0.4016896 0.03280461 0.3709999 0.04396111 0.3410763 0.06429741 0.3164527 0.08974132 0.299143 0.1044197 0.2959287 0.1134673 0.2957186 0.1181644 0.2879758 0.1282796 0.2768452 0.1559888 0.2634076 0.1875 0.2580535 0.8125 0.4239488 0.8125 0.2580535 0.8440113 0.2634077 0.8717206 0.2768457 0.8818354 0.287975 0.8865331 0.2957197 0.8955802 0.295928 0.9102588 0.2991433 0.9357026 0.316453 0.956039 0.3410764 0.9671954 0.3709999 0.9694631 0.4016902 0.9649042 0.4160082 0.960555 0.4239504 0.9649044 0.4318867 0.9694631 0.4462076 0.9671954 0.4768974 0.9560388 0.5068209 0.9357026 0.5314445 0.9102587 0.5487541 0.8955801 0.5519691 0.886533 0.5521779 0.8818353 0.5599221 0.8717204 0.5710518 0.8440112 0.5844897 0.8124999 0.5898438 0.8015392 0.03264576 0.8003988 0.015625 0.8035181 0.03232884 0.8027189 0.015625 0.805396 0.04338449 0.8042279 0.04470438 0.811553 0.03156477 0.8109903 0.015625 0.8128994 0.04207969 0.8250718 0.0452193 0.8277355 0.03156829 0.8321412 0.0156579 0.8275222 0.04164559 0.8409853 0.04535186 0.8464742 0.03169501 0.8550733 0.01570463 0.8479896 0.0412609 0.86253 0.03264964 0.8923389 0.015625 0.8377914 0.05881202 0.8334692 0.05922866 0.8557837 0.04728091 0.8303363 0.07133698 0.8238323 0.07764482 0.8467485 0.063411 0.8725375 0.0510323 0.8255551 0.07725698 0.8331374 0.08574206 0.8389146 0.07748806 0.8343565 0.08414531 0.8473891 0.09454226 0.8604256 0.07122445 0.8484958 0.09256864 0.8524962 0.08541483 0.8630481 0.1002868 0.8623243 0.1021597 0.8663116 0.09291142 0.8735318 0.104221 0.8741045 0.1058921 0.8760497 0.09704375 0.8847002 0.08799791 0.8738456 0.07856274 0.8826619 0.08414769 0.8922971 0.07415915 0.8833423 0.06272668 0.8923058 0.06616539 0.892317 0.05395281 0.9019133 0.08415604 0.8998658 0.08800232 0.9012773 0.06273437 0.9121019 0.05104804 0.9084951 0.09706342 0.9104199 0.1059154 0.9107453 0.07858276 0.910996 0.1042455 0.9222102 0.1022019 0.9182449 0.09294575 0.9214906 0.1003277 0.937169 0.09460014 0.9241924 0.07125562 0.9360669 0.09262502 0.9320865 0.08546221 0.95023 0.08420962 0.9514444 0.08580923 0.9457017 0.07753623 0.9590484 0.07733238 0.9607668 0.07773131 0.9543138 0.07137036 0.9512627 0.05919003 0.937914 0.06345022 0.9469261 0.05888045 0.943539 0.04530811 0.9288607 0.04730415 0.936628 0.04126155 0.9221264 0.03349447 0.9296178 0.01569575 0.9381951 0.03170753 0.9525639 0.01565737 0.9571984 0.04173928 0.9595532 0.04538298 0.9569577 0.03162128 0.9737172 0.015625 0.9717543 0.04216576 0.9804395 0.04474235 0.9731252 0.03161061 0.9819903 0.015625 0.9792675 0.04342836 0.9831334 0.03268051 0.9811562 0.0323633 0.9843107 0.015625 0.1984645 0.03264618 0.1964856 0.03232932 0.1996048 0.015625 0.1972848 0.015625 0.1946077 0.04338515 0.1957757 0.04470515 0.1884502 0.03156513 0.1890133 0.015625 0.1871039 0.0420804 0.1749311 0.04522014 0.1722674 0.03156865 0.1678615 0.01565868 0.1724807 0.04164624 0.1590173 0.04535264 0.1535281 0.03169549 0.1449291 0.01570886 0.1520129 0.04126149 0.1374718 0.03264964 0.1076629 0.015625 0.1622113 0.05881315 0.1665335 0.05922985 0.1442186 0.04728174 0.1696667 0.07133842 0.1761707 0.07764649 0.153254 0.06341231 0.1274642 0.05103326 0.1395766 0.07122594 0.1610881 0.07748973 0.174448 0.07725859 0.1668654 0.08574396 0.1656462 0.0841471 0.1526134 0.09454435 0.1515065 0.09257072 0.1475061 0.08541667 0.1369538 0.1002891 0.1376778 0.102162 0.1336903 0.09291351 0.1264699 0.1042234 0.1258971 0.1058945 0.123952 0.09704584 0.1153011 0.08799982 0.1173396 0.08414936 0.1077041 0.0741607 0.1261562 0.07856447 0.1166591 0.06272799 0.1076955 0.0661667 0.1076842 0.05395383 0.09808756 0.08415788 0.1001352 0.08800423 0.09872366 0.06273568 0.08789887 0.05104899 0.09150572 0.09706557 0.08958103 0.1059178 0.08925529 0.07858443 0.08900477 0.1042479 0.07779039 0.1022043 0.08175577 0.09294784 0.07850994 0.1003299 0.06283094 0.09460235 0.07580782 0.07125705 0.06393315 0.09262705 0.06791367 0.08546412 0.04976948 0.08421135 0.04855539 0.08581114 0.054298 0.07753783 0.04095097 0.07733405 0.03923269 0.07773292 0.0456859 0.07137185 0.04873683 0.05919123 0.06208588 0.06345153 0.05307348 0.05888164 0.05646075 0.04530889 0.07113941 0.04730487 0.06337215 0.04126221 0.07787539 0.03349447 0.07038255 0.01569992 0.06180502 0.03170788 0.04743572 0.01565808 0.04280116 0.04173994 0.04044594 0.04538369 0.04304178 0.03162175 0.02628197 0.015625 0.02824481 0.04216647 0.01955916 0.04474306 0.0268739 0.03161097 0.01800855 0.015625 0.02073146 0.04342908 0.01686539 0.03268093 0.01884247 0.03236365 0.01568796 0.015625 0.07571071 0.1445313 0.07717061 0.1681587 0.06159532 0.1445311 0.06573671 0.1681587 0.08713609 0.1681587 0.08665437 0.1445313 0.07965714 0.1831766 0.07154399 0.1831766 0.08777308 0.1831766 0.09635502 0.1681587 0.09626061 0.1445313 0.09610772 0.1831766 0.1054693 0.1681587 0.1054693 0.1445313 0.114678 0.1445313 0.1054693 0.1831766 0.1145834 0.1681587 0.124284 0.1445313 0.09735405 0.1964947 0.1238068 0.1681585 0.1352271 0.1445313 0.1148307 0.1831766 0.1135838 0.1964947 0.1337674 0.1681587 0.1493422 0.1445311 0.1452009 0.1681587 0.1231649 0.1831766 0.1312807 0.1831766 0.1393937 0.1831766 0.1180745 0.1964947 0.1275273 0.1964947 0.1318597 0.1964947 0.1228432 0.1964947 0.1257042 0.2027963 0.127833 0.2054639 0.122906 0.2085475 0.1229097 0.2027965 0.1200926 0.2027965 0.1179813 0.2054639 0.09286338 0.1964947 0.09084564 0.2027963 0.09295666 0.2054639 0.08803195 0.2085474 0.08809507 0.1964947 0.08802831 0.2027963 0.08523369 0.2027964 0.08310515 0.205464 0.07907856 0.1964947 0.08341062 0.1964947 0.9037402 0.1445313 0.8945313 0.1681585 0.8945313 0.1445313 0.8853222 0.1445313 0.9036455 0.1681585 0.9133463 0.1445313 0.8854169 0.1681585 0.8757162 0.1445313 0.8945313 0.1831771 0.9128639 0.1681587 0.9242897 0.1445313 0.8761932 0.1681585 0.864773 0.1445313 0.8851697 0.1831771 0.8662326 0.1681585 0.8506579 0.1445313 0.8547992 0.1681585 0.8768353 0.183177 0.8687195 0.1831771 0.8606063 0.183177 0.8819256 0.1964952 0.8724731 0.1964952 0.8681406 0.1964952 0.8771572 0.1964952 0.8742961 0.2027969 0.8721672 0.2054645 0.8770944 0.2085479 0.8770904 0.2027969 0.8799076 0.2027971 0.882019 0.2054644 0.8864166 0.1964952 0.9038926 0.183177 0.9026465 0.1964952 0.9122274 0.1831771 0.9071372 0.1964952 0.9091549 0.2027968 0.9070438 0.2054644 0.9119688 0.2085479 0.9119056 0.1964952 0.9119723 0.2027971 0.914767 0.2027968 0.9168953 0.2054644 0.9209222 0.1964952 0.91659 0.1964952 0.9284566 0.183177 0.9203435 0.1831771 0.934264 0.1681585 0.9228299 0.1681585 0.9384054 0.1445313</float_array>
                    <technique_common>
                        <accessor count="330" offset="0" source="pm0812_00_00_body_b_mesh_shape_body_a-geometry-TEXCOORD-array" stride="2">
                            <param name="S" type="float" />
                            <param name="T" type="float" />
                        </accessor>
                    </technique_common>
                </source>
                <vertices id="pm0812_00_00_body_b_mesh_shape_body_a-vertices">
                    <input semantic="POSITION" source="#pm0812_00_00_body_b_mesh_shape_body_a-geometry-POSITION" />
                </vertices>
                <triangles count="480" material="body_a">
                    <input semantic="VERTEX" source="#pm0812_00_00_body_b_mesh_shape_body_a-vertices" offset="0" set="0" />
                    <input semantic="NORMAL" source="#pm0812_00_00_body_b_mesh_shape_body_a-geometry-NORMAL" offset="1" set="0" />
                    <input semantic="TEXCOORD" source="#pm0812_00_00_body_b_mesh_shape_body_a-geometry-TEXCOORD" offset="2" set="0" />
                    <p>0 0 0 1 1 1 2 2 2 0 0 0 2 2 2 3 3 3 0 0 0 3 3 3 4 4 4 5 5 5 0 0 0 4 4 4 5 5 5 6 6 6 0 0 0 0 0 0 6 6 6 7 7 7 0 0 0 7 7 7 8 8 8 0 0 0 8 8 8 9 9 9 0 0 0 9 9 9 10 10 10 0 0 0 10 10 10 11 11 11 0 0 0 11 11 11 12 12 12 13 13 13 0 0 0 12 12 12 13 13 13 14 14 14 0 0 0 0 0 0 14 14 14 15 15 15 0 0 0 15 15 15 16 16 16 0 0 0 16 16 16 17 17 17 0 0 0 17 17 17 18 18 18 0 0 0 18 18 18 19 19 19 0 0 0 19 19 19 20 20 20 21 21 21 0 0 0 20 20 20 21 21 21 22 22 22 0 0 0 0 0 0 22 22 22 23 23 23 0 0 0 23 23 23 24 24 24 0 0 0 24 24 24 25 25 25 26 0 26 27 25 27 28 26 28 26 0 26 28 26 28 29 27 29 26 0 26 29 27 29 30 28 30 26 0 26 30 28 30 31 29 31 26 0 26 31 29 31 32 30 32 26 0 26 32 30 32 33 31 33 26 0 26 33 31 33 34 32 34 26 0 26 34 32 34 35 33 35 26 0 26 35 33 35 36 34 36 26 0 26 36 34 36 37 35 37 26 0 26 37 35 37 38 36 38 26 0 26 38 36 38 39 37 39 26 0 26 39 37 39 40 38 40 26 0 26 40 38 40 41 39 41 26 0 26 41 39 41 42 40 42 26 0 26 42 40 42 43 41 43 26 0 26 43 41 43 44 42 44 26 0 26 44 42 44 45 43 45 26 0 26 45 43 45 46 44 46 26 0 26 46 44 46 47 45 47 26 0 26 47 45 47 48 46 48 26 0 26 48 46 48 49 47 49 26 0 26 49 47 49 50 48 50 26 0 26 50 48 50 51 1 51 52 49 52 53 50 53 54 51 54 54 51 54 53 50 53 55 52 55 56 53 56 52 49 52 54 51 54 57 54 57 52 49 52 56 53 56 55 52 55 58 55 58 54 51 54 58 55 58 56 53 56 54 51 54 59 56 59 58 55 58 55 52 55 60 57 60 57 54 57 56 53 56 60 57 60 56 53 56 58 55 58 61 58 61 57 54 57 60 57 60 59 56 59 62 59 62 58 55 58 58 55 58 62 59 62 60 57 60 63 60 63 62 59 62 59 56 59 61 58 61 60 57 60 64 61 64 60 57 60 62 59 62 64 61 64 61 58 61 64 61 64 65 62 65 62 59 62 63 60 63 66 63 66 66 63 66 64 61 64 62 59 62 66 63 66 63 60 63 67 64 67 65 62 65 64 61 64 68 65 68 68 65 68 64 61 64 66 63 66 69 66 69 66 63 66 67 64 67 66 63 66 69 66 69 68 65 68 70 67 70 69 66 69 67 64 67 68 65 68 71 68 71 65 62 65 65 62 65 71 68 71 72 69 72 69 66 69 73 70 73 68 65 68 73 70 73 71 68 71 68 65 68 72 69 72 71 68 71 74 71 74 72 69 72 74 71 74 75 72 75 76 73 76 71 68 71 73 70 73 71 68 71 76 73 76 74 71 74 77 74 77 73 70 73 69 66 69 77 74 77 69 66 69 70 67 70 75 72 75 74 71 74 78 75 78 78 75 78 79 76 79 75 72 75 74 71 74 76 73 76 80 77 80 74 71 74 80 77 80 78 75 78 81 78 81 79 76 79 78 75 78 78 75 78 80 77 80 81 78 81 79 76 79 81 78 81 82 79 82 76 73 76 73 70 73 83 80 83 83 80 83 80 77 80 76 73 76 83 80 83 73 70 73 77 74 77 80 77 80 84 81 84 81 78 81 82 79 82 81 78 81 84 81 84 85 82 85 84 81 84 80 77 80 85 82 85 80 77 80 83 80 83 86 83 86 82 79 82 84 81 84 87 84 87 82 79 82 86 83 86 85 82 85 88 85 88 84 81 84 84 81 84 88 85 88 86 83 86 85 82 85 83 80 83 88 85 88 89 86 89 87 84 87 86 83 86 88 85 88 89 86 89 86 83 86 90 87 90 87 84 87 89 86 89 91 88 91 90 87 90 89 86 89 91 88 91 89 86 89 88 85 88 92 89 92 90 87 90 91 88 91 88 85 88 83 80 83 93 90 93 92 89 92 91 88 91 94 91 94 91 88 91 88 85 88 94 91 94 94 91 94 88 85 88 93 90 93 92 89 92 94 91 94 95 92 95 93 90 93 83 80 83 96 93 96 96 93 96 94 91 94 93 90 93 96 93 96 83 80 83 77 74 77 95 92 95 94 91 94 97 94 97 97 94 97 94 91 94 96 93 96 98 95 98 96 93 96 77 74 77 96 93 96 98 95 98 97 94 97 98 95 98 77 74 77 70 67 70 97 94 97 99 96 99 95 92 95 95 92 95 99 96 99 100 97 100 101 98 101 97 94 97 98 95 98 101 98 101 99 96 99 97 94 97 98 95 98 70 67 70 102 99 102 102 99 102 101 98 101 98 95 98 100 97 100 99 96 99 103 100 103 100 97 100 103 100 103 104 101 104 105 102 105 99 96 99 101 98 101 104 101 104 103 100 103 106 103 106 106 103 106 107 104 107 104 101 104 103 100 103 99 96 99 108 105 108 103 100 103 108 105 108 106 103 106 108 105 108 99 96 99 105 102 105 109 106 109 107 104 107 106 103 106 106 103 106 108 105 108 109 106 109 107 104 107 109 106 109 110 107 110 105 102 105 101 98 101 111 108 111 111 108 111 108 105 108 105 102 105 111 108 111 101 98 101 102 99 102 108 105 108 112 109 112 109 106 109 110 107 110 109 106 109 112 109 112 113 110 113 112 109 112 108 105 108 113 110 113 108 105 108 111 108 111 114 111 114 110 107 110 112 109 112 115 112 115 110 107 110 114 111 114 113 110 113 116 113 116 112 109 112 112 109 112 116 113 116 114 111 114 113 110 113 111 108 111 116 113 116 117 114 117 115 112 115 114 111 114 116 113 116 117 114 117 114 111 114 118 115 118 115 112 115 117 114 117 119 116 119 118 115 118 117 114 117 119 116 119 117 114 117 116 113 116 120 117 120 118 115 118 119 116 119 116 113 116 111 108 111 121 118 121 116 113 116 121 118 121 119 116 119 120 117 120 119 116 119 122 119 122 119 116 119 121 118 121 122 119 122 122 119 122 123 120 123 120 117 120 121 118 121 111 108 111 124 121 124 124 121 124 122 119 122 121 118 121 124 121 124 111 108 111 102 99 102 125 122 125 123 120 123 122 119 122 125 122 125 122 119 122 124 121 124 126 123 126 124 121 124 102 99 102 124 121 124 126 123 126 125 122 125 70 67 70 126 123 126 102 99 102 127 124 127 126 123 126 70 67 70 126 123 126 127 124 127 128 125 128 128 125 128 125 122 125 126 123 126 129 126 129 128 125 128 127 124 127 125 122 125 130 127 130 123 120 123 128 125 128 130 127 130 125 122 125 123 120 123 130 127 130 131 128 131 132 129 132 128 125 128 129 126 129 132 129 132 130 127 130 128 125 128 133 130 133 132 129 132 129 126 129 131 128 131 130 127 130 134 131 134 130 127 130 132 129 132 134 131 134 131 128 131 134 131 134 135 132 135 136 133 136 132 129 132 133 130 133 134 131 134 132 129 132 136 133 136 133 130 133 137 134 137 136 133 136 135 132 135 134 131 134 138 135 138 134 131 134 136 133 136 138 135 138 138 135 138 139 136 139 135 132 135 136 133 136 137 134 137 140 137 140 138 135 138 136 133 136 140 137 140 140 137 140 139 136 139 138 135 138 141 138 141 140 137 140 137 134 137 139 136 139 140 137 140 141 138 141 142 139 142 143 140 143 144 50 144 144 50 144 143 140 143 145 52 145 143 140 143 142 139 142 146 141 146 146 141 146 142 139 142 147 142 147 148 143 148 145 52 145 143 140 143 146 141 146 148 143 148 143 140 143 149 56 149 145 52 145 148 143 148 147 142 147 150 144 150 146 141 146 150 144 150 148 143 148 146 141 146 151 145 151 150 144 150 147 142 147 148 143 148 152 146 152 149 56 149 150 144 150 152 146 152 148 143 148 149 56 149 152 146 152 153 60 153 151 145 151 154 147 154 150 144 150 154 147 154 152 146 152 150 144 150 155 148 155 154 147 154 151 145 151 152 146 152 156 149 156 153 60 153 152 146 152 154 147 154 156 149 156 153 60 153 156 149 156 157 64 157 158 150 158 154 147 154 155 148 155 156 149 156 154 147 154 158 150 158 159 151 159 157 64 157 156 149 156 156 149 156 158 150 158 159 151 159 160 67 160 157 64 157 159 151 159 158 150 158 155 148 155 161 152 161 161 152 161 155 148 155 162 153 162 159 151 159 158 150 158 163 154 163 158 150 158 161 152 161 163 154 163 162 153 162 164 155 164 161 152 161 162 153 162 165 156 165 164 155 164 163 154 163 161 152 161 166 157 166 164 155 164 166 157 166 161 152 161 159 151 159 163 154 163 167 158 167 167 158 167 160 67 160 159 151 159 166 157 166 168 159 168 163 154 163 163 154 163 168 159 168 167 158 167 169 160 169 166 157 166 164 155 164 169 160 169 168 159 168 166 157 166 164 155 164 165 156 165 170 161 170 164 155 164 170 161 170 169 160 169 165 156 165 171 162 171 170 161 170 170 161 170 171 162 171 172 163 172 169 160 169 170 161 170 172 163 172 171 162 171 173 164 173 172 163 172 174 165 174 169 160 169 172 163 172 172 163 172 173 164 173 174 165 174 175 166 175 169 160 169 174 165 174 175 166 175 168 159 168 169 160 169 173 164 173 176 167 176 174 165 174 177 168 177 176 167 176 173 164 173 175 166 175 174 165 174 178 169 178 178 169 178 174 165 174 176 167 176 175 166 175 178 169 178 168 159 168 176 167 176 177 168 177 179 170 179 179 170 179 178 169 178 176 167 176 179 170 179 177 168 177 180 171 180 180 171 180 181 172 181 179 170 179 181 172 181 178 169 178 179 170 179 182 173 182 181 172 181 180 171 180 182 173 182 183 174 183 181 172 181 181 172 181 183 174 183 178 169 178 184 175 184 183 174 183 182 173 182 168 159 168 178 169 178 185 176 185 178 169 178 183 174 183 185 176 185 185 176 185 186 177 186 168 159 168 185 176 185 183 174 183 186 177 186 168 159 168 186 177 186 167 158 167 187 178 187 183 174 183 184 175 184 186 177 186 183 174 183 187 178 187 167 158 167 186 177 186 188 179 188 186 177 186 187 178 187 188 179 188 188 179 188 160 67 160 167 158 167 187 178 187 184 175 184 189 180 189 189 180 189 184 175 184 190 181 190 191 182 191 188 179 188 187 178 187 187 178 187 189 180 189 191 182 191 188 179 188 192 183 192 160 67 160 188 179 188 191 182 191 192 183 192 190 181 190 193 184 193 189 180 189 190 181 190 194 185 194 193 184 193 191 182 191 189 180 189 195 186 195 193 184 193 194 185 194 196 187 196 194 185 194 197 188 197 196 187 196 193 184 193 198 189 198 189 180 189 193 184 193 196 187 196 198 189 198 189 180 189 198 189 198 195 186 195 196 187 196 197 188 197 199 190 199 198 189 198 196 187 196 199 190 199 197 188 197 200 191 200 199 190 199 195 186 195 201 192 201 191 182 191 198 189 198 201 192 201 195 186 195 191 182 191 201 192 201 192 183 192 202 193 202 198 189 198 199 190 199 199 190 199 200 191 200 202 193 202 203 194 203 201 192 201 198 189 198 203 194 203 198 189 198 202 193 202 200 191 200 204 195 204 202 193 202 205 196 205 204 195 204 200 191 200 203 194 203 202 193 202 206 197 206 206 197 206 202 193 202 204 195 204 203 194 203 206 197 206 201 192 201 204 195 204 205 196 205 207 198 207 207 198 207 206 197 206 204 195 204 207 198 207 205 196 205 208 199 208 208 199 208 209 200 209 207 198 207 209 200 209 206 197 206 207 198 207 210 201 210 209 200 209 208 199 208 201 192 201 206 197 206 211 202 211 209 200 209 211 202 211 206 197 206 210 201 210 212 203 212 209 200 209 212 203 212 211 202 211 209 200 209 213 204 213 212 203 212 210 201 210 211 202 211 214 205 214 201 192 201 211 202 211 212 203 212 214 205 214 201 192 201 214 205 214 192 183 192 215 206 215 212 203 212 213 204 213 214 205 214 212 203 212 215 206 215 192 183 192 214 205 214 216 207 216 214 205 214 215 206 215 216 207 216 160 67 160 192 183 192 216 207 216 217 124 217 160 67 160 216 207 216 216 207 216 218 208 218 217 124 217 218 208 218 216 207 216 215 206 215 218 208 218 219 126 219 217 124 217 213 204 213 220 209 220 215 206 215 215 206 215 220 209 220 218 208 218 221 210 221 220 209 220 213 204 213 222 211 222 219 126 219 218 208 218 218 208 218 220 209 220 222 211 222 219 126 219 222 211 222 223 130 223 221 210 221 224 212 224 220 209 220 224 212 224 222 211 222 220 209 220 221 210 221 225 213 225 224 212 224 223 130 223 222 211 222 226 214 226 226 214 226 222 211 222 224 212 224 223 130 223 226 214 226 227 134 227 224 212 224 225 213 225 228 215 228 224 212 224 228 215 228 226 214 226 225 213 225 229 216 229 228 215 228 227 134 227 226 214 226 230 217 230 226 214 226 228 215 228 230 217 230 228 215 228 229 216 229 230 217 230 230 217 230 231 138 231 227 134 227 229 216 229 231 138 231 230 217 230 232 218 232 233 219 233 234 220 234 234 220 234 233 219 233 235 221 235 232 218 232 236 222 236 233 219 233 237 223 237 236 222 236 232 218 232 238 224 238 235 221 235 233 219 233 239 225 239 235 221 235 238 224 238 240 226 240 233 219 233 236 222 236 238 224 238 233 219 233 240 226 240 237 223 237 241 227 241 236 222 236 242 228 242 241 227 241 237 223 237 240 226 240 236 222 236 243 229 243 243 229 243 236 222 236 241 227 241 242 228 242 244 230 244 241 227 241 245 231 245 244 230 244 242 228 242 245 231 245 246 232 246 244 230 244 247 233 247 241 227 241 244 230 244 243 229 243 241 227 241 247 233 247 244 230 244 246 232 246 248 234 248 244 230 244 248 234 248 247 233 247 246 232 246 249 235 249 248 234 248 250 236 250 243 229 243 247 233 247 248 234 248 249 235 249 251 237 251 249 235 249 252 238 252 251 237 251 247 233 247 248 234 248 253 239 253 248 234 248 251 237 251 253 239 253 247 233 247 253 239 253 254 236 254 251 237 251 252 238 252 255 240 255 252 238 252 256 220 256 255 240 255 255 240 255 256 220 256 257 221 257 253 239 253 251 237 251 258 241 258 251 237 251 255 240 255 258 241 258 255 240 255 257 221 257 259 242 259 258 241 258 255 240 255 259 242 259 259 242 259 257 221 257 260 225 260 253 239 253 258 241 258 261 243 261 254 236 254 253 239 253 261 243 261 259 242 259 260 225 260 262 244 262 262 244 262 260 225 260 263 245 263 258 241 258 259 242 259 264 246 264 264 246 264 259 242 259 262 244 262 261 243 261 258 241 258 264 246 264 263 245 263 265 247 265 262 244 262 262 244 262 265 247 265 264 246 264 266 248 266 265 247 265 263 245 263 267 249 267 265 247 265 266 248 266 264 246 264 265 247 265 268 250 268 268 250 268 265 247 265 267 249 267 264 246 264 269 251 269 261 243 261 268 250 268 269 251 269 264 246 264 267 249 267 269 251 269 268 250 268 261 243 261 269 251 269 254 236 254 270 252 270 269 251 269 267 249 267 254 236 254 269 251 269 270 252 270 271 253 271 243 229 243 250 236 250 271 253 271 240 226 240 243 229 243 250 236 250 272 254 272 271 253 271 273 252 273 272 254 272 250 236 250 274 249 274 272 254 272 273 252 273 275 255 275 240 226 240 271 253 271 271 253 271 272 254 272 275 255 275 275 255 275 238 224 238 240 226 240 276 256 276 272 254 272 274 249 274 275 255 275 272 254 272 276 256 276 274 249 274 277 257 277 276 256 276 276 256 276 277 257 277 275 255 275 278 248 278 277 257 277 274 249 274 279 245 279 277 257 277 278 248 278 280 258 280 238 224 238 275 255 275 275 255 275 277 257 277 280 258 280 280 258 280 277 257 277 279 245 279 280 258 280 239 225 239 238 224 238 279 245 279 239 225 239 280 258 280 281 259 281 282 260 282 283 261 283 283 261 283 282 260 282 284 262 284 285 263 285 282 260 282 281 259 281 286 264 286 285 263 285 281 259 281 284 262 284 282 260 282 287 265 287 284 262 284 287 265 287 288 266 288 285 263 285 289 267 289 282 260 282 289 267 289 287 265 287 282 260 282 290 268 290 285 263 285 286 264 286 291 269 291 290 268 290 286 264 286 288 266 288 287 265 287 292 270 292 288 266 288 292 270 292 293 271 293 294 272 294 292 270 292 287 265 287 294 272 294 287 265 287 289 267 289 293 271 293 292 270 292 295 273 295 293 271 293 295 273 295 296 274 296 296 274 296 295 273 295 297 275 297 298 276 298 295 273 295 292 270 292 298 276 298 292 270 292 294 272 294 299 277 299 297 275 297 295 273 295 299 277 299 295 273 295 298 276 298 300 278 300 297 275 297 299 277 299 301 279 301 298 276 298 294 272 294 302 280 302 300 278 300 299 277 299 303 281 303 300 278 300 302 280 302 304 282 304 299 277 299 298 276 298 302 280 302 299 277 299 304 282 304 304 282 304 298 276 298 301 279 301 302 280 302 305 283 305 303 281 303 302 280 302 304 282 304 305 283 305 303 281 303 305 283 305 306 284 306 306 284 306 305 283 305 307 285 307 305 283 305 304 282 304 308 286 308 307 285 307 305 283 305 308 286 308 304 282 304 309 287 309 308 286 308 308 286 308 309 287 309 307 285 307 301 279 301 309 287 309 304 282 304 307 285 307 309 287 309 310 288 310 309 287 309 311 289 311 310 288 310 301 279 301 311 289 311 309 287 309 301 279 301 294 272 294 311 289 311 311 289 311 294 272 294 289 267 289 312 290 312 289 267 289 285 263 285 290 268 290 312 290 312 285 263 285 312 290 312 313 289 313 289 267 289 314 291 314 312 290 312 290 268 290 315 292 315 313 289 313 312 290 312 314 291 314 315 292 315 312 290 312 315 292 315 316 293 316 313 289 313 313 289 313 316 293 316 317 288 317 317 288 317 316 293 316 318 285 318 315 292 315 319 294 319 316 293 316 319 294 319 315 292 315 314 291 314 318 285 318 316 293 316 320 295 320 316 293 316 319 294 319 320 295 320 320 295 320 321 296 321 318 285 318 319 294 319 321 296 321 320 295 320 318 285 318 321 296 321 322 284 322 321 296 321 323 281 323 322 284 322 324 297 324 323 281 323 321 296 321 324 297 324 321 296 321 319 294 319 323 281 323 324 297 324 325 278 325 324 297 324 319 294 319 326 298 326 325 278 325 324 297 324 326 298 326 326 298 326 319 294 319 314 291 314 325 278 325 326 298 326 327 275 327 326 298 326 314 291 314 328 299 328 327 275 327 326 298 326 328 299 328 328 299 328 314 291 314 290 268 290 327 275 327 328 299 328 329 274 329 328 299 328 290 268 290 291 269 291 329 274 329 328 299 328 291 269 291</p>
                </triangles>
            </mesh>
        </geometry>
        <geometry id="pm0812_00_00_body_b_mesh_shape_body_b-geometry" name="pm0812_00_00_body_b_mesh_shape_body_b">
            <mesh>
                <source id="pm0812_00_00_body_b_mesh_shape_body_b-geometry-POSITION">
                    <float_array id="pm0812_00_00_body_b_mesh_shape_body_b-geometry-POSITION-array" count="1134">-0.01403536 0.01269354 0.0243099 -0.02734862 0.01891835 0.0473692 -0.02081269 0.01347711 0.02815127 -0.03071568 0.01867791 0.04589476 -0.03279994 0.02741097 0.05681117 -0.02952201 0.01464106 0.03312571 -0.03684217 0.02701397 0.05619689 -0.03589374 0.03587903 0.06216978 -0.0352626 0.01837533 0.04345588 -0.04190958 0.01793882 0.03802514 -0.03305141 0.01478459 0.02854497 -0.04212711 0.02646135 0.05389529 -0.04039386 0.03555329 0.06174139 -0.03771911 0.044598 0.06533141 -0.05198509 0.0258085 0.04729615 -0.04238991 0.04484542 0.06537421 -0.04669878 0.03527572 0.06009237 -0.03839606 0.05087625 0.06650393 -0.04289955 0.05373593 0.06617933 -0.0381749 0.05373187 0.06612088 -0.04304005 0.05114897 0.0665127 -0.05059283 0.05373834 0.06470189 -0.04964377 0.0449824 0.06405885 -0.05073665 0.05128667 0.06517772 -0.0643389 0.05116388 0.05627566 -0.06392439 0.05373187 0.05582833 -0.07456484 0.05373187 0.04305004 -0.06327841 0.04497587 0.0557772 -0.05908144 0.03478267 0.05277829 -0.07400125 0.04490572 0.04272464 -0.06925416 0.03470022 0.03998391 -0.06114621 0.02547178 0.03530278 -0.07503768 0.05114639 0.04332303 -0.08090561 0.05116388 0.02758129 -0.08031094 0.05373187 0.02744599 -0.0813299 0.05373834 0.01146374 -0.07994367 0.04497587 0.02691211 -0.08181389 0.05128667 0.01135037 -0.07912171 0.05114897 0.004017432 -0.07876275 0.05373593 0.00406244 -0.08029847 0.0449824 0.01096335 -0.07524806 0.03478267 0.02477688 -0.07679212 0.05087625 1.387779E-19 -0.07634981 0.05373187 1.387779E-19 -0.07781068 0.04484542 0.004023635 -0.07543822 0.044598 1.387779E-19 -0.07539092 0.03527572 0.01039614 -0.07366655 0.03555329 0.004111413 -0.07178748 0.03587903 2.451198E-12 -0.06695221 0.0258085 0.02137234 -0.06773825 0.02646135 0.0095355 -0.06708901 0.02701397 0.003807811 -0.06559989 0.02741097 -7.423583E-12 -0.05388553 0.01793882 0.01728219 -0.05510386 0.01867791 0.003653184 -0.05469723 0.01891835 1.387779E-19 -0.0552652 0.01837533 0.00881037 -0.03478606 0.01347711 0.003948684 -0.0280632 0.01273386 -5.126646E-19 -0.04344871 0.01464106 0.009003951 -0.04124638 0.01478459 0.01435088 -0.0492873 0.01767352 0.02845603 -0.03737404 0.01482301 0.02157791 -0.0280632 0.01273386 -5.126646E-19 -0.05469723 0.01891835 1.387779E-19 -0.03478606 0.01347711 -0.003948684 -0.05510386 0.01867791 -0.003653184 -0.06559989 0.02741097 -7.423583E-12 -0.04344871 0.01464106 -0.009003951 -0.06708901 0.02701397 -0.003807811 -0.07178748 0.03587903 2.451198E-12 -0.0552652 0.01837533 -0.00881037 -0.05388553 0.01793882 -0.01728219 -0.04124638 0.01478459 -0.01435088 -0.06773853 0.02646158 -0.009535918 -0.07366655 0.03555329 -0.004111413 -0.07543822 0.044598 1.387779E-19 -0.06695287 0.0258091 -0.02137261 -0.07781068 0.04484542 -0.004023635 -0.07539091 0.03527603 -0.01039468 -0.07679212 0.05087625 1.387779E-19 -0.07876275 0.05373593 -0.00406244 -0.07634981 0.05373187 1.387779E-19 -0.07912171 0.05114897 -0.004017432 -0.0813299 0.05373834 -0.01146374 -0.08029847 0.0449824 -0.01096335 -0.08181389 0.05128667 -0.01135037 -0.08090561 0.05116388 -0.02758129 -0.08031094 0.05373187 -0.02744599 -0.07456484 0.05373187 -0.04305004 -0.07994367 0.04497587 -0.02691211 -0.07498021 0.03497469 -0.02472701 -0.07400125 0.04490572 -0.04272464 -0.06925368 0.03470039 -0.03998502 -0.06114667 0.02547203 -0.03530261 -0.07503768 0.05114639 -0.04332303 -0.0643389 0.05116388 -0.05627566 -0.06392439 0.05373187 -0.05582833 -0.05059283 0.05373834 -0.06470189 -0.06327841 0.04497587 -0.0557772 -0.05073665 0.05128667 -0.06517772 -0.04304005 0.05114897 -0.0665127 -0.04289955 0.05373593 -0.06617933 -0.04964377 0.0449824 -0.06405885 -0.05908144 0.03478267 -0.05277829 -0.03839606 0.05087625 -0.06650393 -0.0381749 0.05373187 -0.06612088 -0.04238991 0.04484542 -0.06537421 -0.03771911 0.044598 -0.06533141 -0.04669878 0.03527572 -0.06009237 -0.04039386 0.03555329 -0.06174139 -0.03589374 0.03587903 -0.06216978 -0.05198509 0.0258085 -0.04729615 -0.04212711 0.02646135 -0.05389529 -0.03684217 0.02701397 -0.05619689 -0.03279994 0.02741097 -0.05681117 -0.04190958 0.01793882 -0.03802514 -0.03071568 0.01867791 -0.04589476 -0.02734862 0.01891835 -0.0473692 -0.0352626 0.01837533 -0.04345588 -0.02081269 0.01347711 -0.02815127 -0.0140316 0.01273386 -0.02430345 -0.02952201 0.01464106 -0.03312571 -0.03305141 0.01478459 -0.02854497 -0.0492873 0.01767352 -0.02845603 -0.03737404 0.01482301 -0.02157791 -0.0140316 0.01273386 -0.02430345 -0.02734862 0.01891835 -0.0473692 -0.01397337 0.01347711 -0.03209995 -0.02438818 0.01867791 -0.04954794 -0.03279994 0.02741097 -0.05681117 -0.01392671 0.01464106 -0.04212966 -0.03024685 0.02701397 -0.0600047 -0.03589374 0.03587903 -0.06216978 -0.02000259 0.01837533 -0.05226624 -0.01197595 0.01793882 -0.05530733 -0.00819496 0.01478459 -0.04289585 -0.02561114 0.02646135 -0.06343079 -0.03327268 0.03555329 -0.06585281 -0.03771911 0.044598 -0.06533141 -0.01496712 0.0258085 -0.06866848 -0.03542077 0.04484542 -0.06939784 -0.02869214 0.03527572 -0.07048852 -0.03839606 0.05087625 -0.06650393 -0.03586321 0.05373593 -0.07024177 -0.0381749 0.05373187 -0.06612088 -0.03608166 0.05114897 -0.07053013 -0.03073706 0.05373834 -0.07616563 -0.0306547 0.0449824 -0.07502219 -0.03107724 0.05128667 -0.07652809 -0.0165667 0.05116388 -0.08385696 -0.01638655 0.05373187 -0.08327431 -8.676372E-20 0.05373187 -0.08610007 -0.01666527 0.04497587 -0.0826893 -0.01616662 0.03478267 -0.07755516 -9.88191E-20 0.04490572 -0.08544929 5.985495E-12 0.03470022 -0.07996782 -3.027864E-13 0.02547178 -0.07060557 -9.038034E-20 0.05114639 -0.08664605 0.0165667 0.05116388 -0.08385696 0.01638655 0.05373187 -0.08327431 0.03073706 0.05373834 -0.07616563 0.01666527 0.04497587 -0.0826893 0.03107724 0.05128667 -0.07652809 0.03608166 0.05114897 -0.07053013 0.03586321 0.05373593 -0.07024177 0.0306547 0.0449824 -0.07502219 0.01616662 0.03478267 -0.07755516 0.03839606 0.05087625 -0.06650393 0.0381749 0.05373187 -0.06612088 0.03542077 0.04484542 -0.06939784 0.03771911 0.044598 -0.06533141 0.02869214 0.03527572 -0.07048852 0.03327268 0.03555329 -0.06585281 0.03589374 0.03587903 -0.06216978 0.01496712 0.0258085 -0.06866848 0.02561114 0.02646135 -0.06343079 0.03024685 0.02701397 -0.0600047 0.03279994 0.02741097 -0.05681117 0.01197595 0.01793882 -0.05530733 0.02438818 0.01867791 -0.04954794 0.02734862 0.01891835 -0.0473692 0.02000259 0.01837533 -0.05226624 0.01397337 0.01347711 -0.03209995 0.0140316 0.01273386 -0.02430345 0.01392671 0.01464106 -0.04212966 0.00819496 0.01478459 -0.04289585 -1.470531E-19 0.01767352 -0.05691207 -2.129653E-19 0.01482301 -0.04315583 0.01403536 0.01269354 0.0243099 0.02734862 0.01891835 0.0473692 0.01397337 0.01347711 0.03209995 0.02438818 0.01867791 0.04954794 0.03279994 0.02741097 0.05681117 0.01392671 0.01464106 0.04212966 0.03024685 0.02701397 0.0600047 0.03589374 0.03587903 0.06216978 0.02000259 0.01837533 0.05226624 0.01197595 0.01793882 0.05530733 0.00819496 0.01478459 0.04289585 0.02561114 0.02646135 0.06343079 0.03327268 0.03555329 0.06585281 0.03771911 0.044598 0.06533141 0.01496712 0.0258085 0.06866848 0.03542077 0.04484542 0.06939784 0.02869214 0.03527572 0.07048852 0.03839606 0.05087625 0.06650393 0.03586321 0.05373593 0.07024177 0.0381749 0.05373187 0.06612088 0.03608166 0.05114897 0.07053013 0.03073706 0.05373834 0.07616563 0.0306547 0.0449824 0.07502219 0.03107724 0.05128667 0.07652809 0.0165667 0.05116388 0.08385696 0.01638655 0.05373187 0.08327431 -8.676372E-20 0.05373187 0.08610007 0.01666527 0.04497587 0.0826893 0.01616662 0.03478267 0.07755516 -9.88191E-20 0.04490572 0.08544929 -5.985495E-12 0.03470022 0.07996782 3.027861E-13 0.02547178 0.07060557 -9.038034E-20 0.05114639 0.08664605 -0.0165667 0.05116388 0.08385696 -0.01638655 0.05373187 0.08327431 -0.03073706 0.05373834 0.07616563 -0.01666527 0.04497587 0.0826893 -0.03107724 0.05128667 0.07652809 -0.03608166 0.05114897 0.07053013 -0.03586321 0.05373593 0.07024177 -0.0306547 0.0449824 0.07502219 -0.01616662 0.03478267 0.07755516 -0.03839606 0.05087625 0.06650393 -0.0381749 0.05373187 0.06612088 -0.03542077 0.04484542 0.06939784 -0.03771911 0.044598 0.06533141 -0.02869214 0.03527572 0.07048852 -0.03327268 0.03555329 0.06585281 -0.03589374 0.03587903 0.06216978 -0.01496712 0.0258085 0.06866848 -0.02561114 0.02646135 0.06343079 -0.03024685 0.02701397 0.0600047 -0.03279994 0.02741097 0.05681117 -0.01197595 0.01793882 0.05530733 -0.02438818 0.01867791 0.04954794 -0.02734862 0.01891835 0.0473692 -0.02000259 0.01837533 0.05226624 -0.01397337 0.01347711 0.03209995 -0.01403536 0.01269354 0.0243099 -0.01392671 0.01464106 0.04212966 -0.00819496 0.01478459 0.04289585 -1.470531E-19 0.01767352 0.05691207 -9.799331E-20 0.01482301 0.04315583 0.0280632 0.01273386 7.902203E-19 0.05469723 0.01891835 1.387779E-19 0.03478606 0.01347711 0.003948684 0.05510386 0.01867791 0.003653184 0.06559989 0.02741097 6.80495E-12 0.04344871 0.01464106 0.009003951 0.06708901 0.02701397 0.003807811 0.07178748 0.03587903 -2.451197E-12 0.0552652 0.01837533 0.00881037 0.05388553 0.01793882 0.01728219 0.04124638 0.01478459 0.01435088 0.06773825 0.02646135 0.0095355 0.07366655 0.03555329 0.004111413 0.07543822 0.044598 1.387779E-19 0.06695221 0.0258085 0.02137234 0.07781068 0.04484542 0.004023635 0.07539092 0.03527572 0.01039614 0.07679212 0.05087625 1.387779E-19 0.07876275 0.05373593 0.00406244 0.07634981 0.05373187 1.387779E-19 0.07912171 0.05114897 0.004017432 0.0813299 0.05373834 0.01146374 0.08029847 0.0449824 0.01096335 0.08181389 0.05128667 0.01135037 0.08090561 0.05116388 0.02758129 0.08031094 0.05373187 0.02744599 0.07456484 0.05373187 0.04305004 0.07994367 0.04497587 0.02691211 0.07524806 0.03478267 0.02477688 0.07400125 0.04490572 0.04272464 0.06925416 0.03470022 0.03998391 0.06114621 0.02547178 0.03530278 0.07503768 0.05114639 0.04332303 0.0643389 0.05116388 0.05627566 0.06392439 0.05373187 0.05582833 0.05059283 0.05373834 0.06470189 0.06327841 0.04497587 0.0557772 0.05073665 0.05128667 0.06517772 0.04304005 0.05114897 0.0665127 0.04289955 0.05373593 0.06617933 0.04964377 0.0449824 0.06405885 0.05908144 0.03478267 0.05277829 0.03839606 0.05087625 0.06650393 0.0381749 0.05373187 0.06612088 0.04238991 0.04484542 0.06537421 0.03771911 0.044598 0.06533141 0.04669878 0.03527572 0.06009237 0.04039386 0.03555329 0.06174139 0.03589374 0.03587903 0.06216978 0.05198509 0.0258085 0.04729615 0.04212711 0.02646135 0.05389529 0.03684217 0.02701397 0.05619689 0.03279994 0.02741097 0.05681117 0.04190958 0.01793882 0.03802514 0.03071568 0.01867791 0.04589476 0.02734862 0.01891835 0.0473692 0.0352626 0.01837533 0.04345588 0.02081269 0.01347711 0.02815127 0.01403536 0.01269354 0.0243099 0.02952201 0.01464106 0.03312571 0.03305141 0.01478459 0.02854497 0.0492873 0.01767352 0.02845603 0.03737404 0.01482301 0.02157791 0.0140316 0.01273386 -0.02430345 0.02734862 0.01891835 -0.0473692 0.02081269 0.01347711 -0.02815127 0.03071568 0.01867791 -0.04589476 0.03279994 0.02741097 -0.05681117 0.02952201 0.01464106 -0.03312571 0.03684217 0.02701397 -0.05619689 0.03589374 0.03587903 -0.06216978 0.0352626 0.01837533 -0.04345588 0.04190958 0.01793882 -0.03802514 0.03305141 0.01478459 -0.02854497 0.04212711 0.02646135 -0.05389529 0.04039386 0.03555329 -0.06174139 0.03771911 0.044598 -0.06533141 0.05198509 0.0258085 -0.04729615 0.04238991 0.04484542 -0.06537421 0.04669878 0.03527572 -0.06009237 0.03839606 0.05087625 -0.06650393 0.04289955 0.05373593 -0.06617933 0.0381749 0.05373187 -0.06612088 0.04304005 0.05114897 -0.0665127 0.05059283 0.05373834 -0.06470189 0.04964377 0.0449824 -0.06405885 0.05073665 0.05128667 -0.06517772 0.0643389 0.05116388 -0.05627566 0.06392439 0.05373187 -0.05582833 0.07456484 0.05373187 -0.04305004 0.06327841 0.04497587 -0.0557772 0.05908144 0.03478267 -0.05277829 0.07400125 0.04490572 -0.04272464 0.06925368 0.03470039 -0.03998502 0.06114667 0.02547203 -0.03530261 0.07503768 0.05114639 -0.04332303 0.08090561 0.05116388 -0.02758129 0.08031094 0.05373187 -0.02744599 0.0813299 0.05373834 -0.01146374 0.07994367 0.04497587 -0.02691211 0.08181389 0.05128667 -0.01135037 0.07912171 0.05114897 -0.004017432 0.07876275 0.05373593 -0.00406244 0.08029847 0.0449824 -0.01096335 0.07498021 0.03497469 -0.02472701 0.07679212 0.05087625 1.387779E-19 0.07634981 0.05373187 1.387779E-19 0.07781068 0.04484542 -0.004023635 0.07543822 0.044598 1.387779E-19 0.07539091 0.03527603 -0.01039468 0.07366655 0.03555329 -0.004111413 0.07178748 0.03587903 -2.451197E-12 0.06695287 0.0258091 -0.02137261 0.06773853 0.02646158 -0.009535918 0.06708901 0.02701397 -0.003807811 0.06559989 0.02741097 6.80495E-12 0.05388553 0.01793882 -0.01728219 0.05510386 0.01867791 -0.003653184 0.05469723 0.01891835 1.387779E-19 0.0552652 0.01837533 -0.00881037 0.03478606 0.01347711 -0.003948684 0.0280632 0.01273386 7.902203E-19 0.04344871 0.01464106 -0.009003951 0.04124638 0.01478459 -0.01435088 0.0492873 0.01767352 -0.02845603 0.03737404 0.01482301 -0.02157791</float_array>
                    <technique_common>
                        <accessor count="378" offset="0" source="pm0812_00_00_body_b_mesh_shape_body_b-geometry-POSITION-array" stride="3">
                            <param name="X" type="float" />
                            <param name="Y" type="float" />
                            <param name="Z" type="float" />
                        </accessor>
                    </technique_common>
                </source>
                <source id="pm0812_00_00_body_b_mesh_shape_body_b-geometry-NORMAL">
                    <float_array id="pm0812_00_00_body_b_mesh_shape_body_b-geometry-NORMAL-array" count="1008">-0.1177368 -0.9716797 0.2039795 -0.1826172 -0.9306641 0.3161621 0.01017761 -0.9594727 0.2805176 -0.06524658 -0.9067383 0.4165039 -0.3408203 -0.7314453 0.590332 -0.07965088 -0.9619141 0.2602539 -0.154541 -0.715332 0.6811523 -0.4294434 -0.5112305 0.7436523 -0.1834717 -0.8999023 0.3952637 -0.2836914 -0.9086914 0.3056641 -0.1745605 -0.9711914 0.1601563 -0.2871094 -0.7548828 0.5888672 -0.145752 -0.494873 0.8564453 -0.4707031 -0.3364258 0.8154297 -0.4135742 -0.78125 0.467041 -0.1274414 -0.3132324 0.940918 -0.3566895 -0.5424805 0.7602539 -0.4970703 -0.1077271 0.8608398 -0.04418945 0.9423828 0.3310547 -0.151123 0.953125 0.2617188 -0.1143799 -0.09075928 0.9892578 -0.1405029 0.9526367 0.2680664 -0.3991699 -0.3432617 0.8500977 -0.4331055 -0.08734131 0.8969727 -0.6669922 -0.07580566 0.7407227 -0.1986084 0.9560547 0.2154541 -0.2507324 0.9570313 0.1447754 -0.6201172 -0.357666 0.6977539 -0.5410156 -0.5761719 0.6118164 -0.8061523 -0.3642578 0.4655762 -0.6977539 -0.5917969 0.402832 -0.5253906 -0.7949219 0.3032227 -0.8637695 -0.06842041 0.4987793 -0.9750977 -0.0758667 0.2075195 -0.2858887 0.9560547 0.06427002 -0.3022461 0.9526367 -0.01235199 -0.9145508 -0.357666 0.1882324 -0.9931641 -0.08734131 -0.07324219 -0.9135742 -0.09075928 -0.3955078 -0.3088379 0.9423828 -0.1273193 -0.9355469 -0.3432617 -0.07928467 -0.8007813 -0.5761719 0.1625977 -0.9941406 -0.1077271 0 -0.3022461 0.953125 0 -0.878418 -0.3132324 -0.3598633 -0.9414063 -0.3364258 0 -0.8369141 -0.5424805 -0.07122803 -0.8144531 -0.494873 -0.3017578 -0.8588867 -0.5112305 0 -0.6113281 -0.78125 0.1246338 -0.6538086 -0.7548828 -0.04577637 -0.6669922 -0.715332 -0.206665 -0.6816406 -0.7314453 0 -0.4064941 -0.9086914 0.09295654 -0.3930664 -0.90625 -0.1529541 -0.364502 -0.9306641 0 -0.434082 -0.8999023 -0.03875732 -0.2370605 -0.9589844 -0.15271 -0.2346191 -0.9716797 0 -0.2653809 -0.9619141 -0.06124878 -0.2259521 -0.9711914 0.07104492 -0.3461914 -0.9165039 0.1999512 -0.1899414 -0.9755859 0.1096802 -0.2370605 -0.9589844 0.15271 -0.3930664 -0.90625 0.1529541 -0.2653809 -0.9619141 0.06124878 -0.6669922 -0.715332 0.206665 -0.434082 -0.8999023 0.03875732 -0.4064941 -0.9086914 -0.09295654 -0.2259521 -0.9711914 -0.07104492 -0.6567383 -0.7524414 0.04122925 -0.8144531 -0.494873 0.3017578 -0.6166992 -0.7768555 -0.1260986 -0.878418 -0.3132324 0.3598633 -0.8359375 -0.5444336 0.06304932 -0.3088379 0.9423828 0.1273193 -0.9135742 -0.09075928 0.3955078 -0.3022461 0.9526367 0.01235199 -0.9335938 -0.3498535 0.0748291 -0.9931641 -0.08734131 0.07324219 -0.9750977 -0.07580566 -0.2075195 -0.2858887 0.9560547 -0.06427002 -0.2507324 0.9570313 -0.1447754 -0.9116211 -0.3654785 -0.1870117 -0.800293 -0.5766602 -0.1624756 -0.8061523 -0.3684082 -0.4624023 -0.699707 -0.5927734 -0.3984375 -0.5288086 -0.7929688 -0.302002 -0.8637695 -0.06842041 -0.4987793 -0.6669922 -0.07580566 -0.7407227 -0.1986084 0.9560547 -0.2154541 -0.1405029 0.9526367 -0.2680664 -0.6201172 -0.357666 -0.6977539 -0.4331055 -0.08734131 -0.8969727 -0.1143799 -0.09075928 -0.9892578 -0.04418945 0.9423828 -0.3310547 -0.3991699 -0.3432617 -0.8500977 -0.5410156 -0.5761719 -0.6118164 -0.4970703 -0.1077271 -0.8608398 -0.151123 0.953125 -0.2617188 -0.1274414 -0.3132324 -0.940918 -0.4707031 -0.3364258 -0.8154297 -0.3566895 -0.5424805 -0.7602539 -0.145752 -0.494873 -0.8564453 -0.4294434 -0.5112305 -0.7436523 -0.4135742 -0.78125 -0.467041 -0.2871094 -0.7548828 -0.5888672 -0.154541 -0.715332 -0.6811523 -0.3408203 -0.7314453 -0.590332 -0.2836914 -0.9086914 -0.3056641 -0.06396484 -0.90625 -0.416748 -0.182251 -0.9306641 -0.3156738 -0.1834717 -0.8999023 -0.3952637 0.01378632 -0.9589844 -0.2814941 -0.1173096 -0.9716797 -0.2032471 -0.07965088 -0.9619141 -0.2602539 -0.1745605 -0.9711914 -0.1601563 -0.3461914 -0.9165039 -0.1999512 -0.1899414 -0.9755859 -0.1096802 -0.2507324 -0.9589844 -0.1289063 -0.3288574 -0.90625 -0.2636719 -0.1856689 -0.9619141 -0.1992188 -0.512207 -0.715332 -0.4743652 -0.2504883 -0.8999023 -0.3564453 -0.1227417 -0.9086914 -0.3984375 -0.05145264 -0.9711914 -0.2312012 -0.3664551 -0.7548828 -0.5429688 -0.668457 -0.494873 -0.5541992 -0.1977539 -0.78125 -0.5917969 -0.7509766 -0.3132324 -0.5805664 -0.4799805 -0.5424805 -0.6889648 -0.2646484 0.9423828 -0.2038574 -0.7993164 -0.09075928 -0.5932617 -0.1618652 0.9526367 -0.2556152 -0.5366211 -0.3432617 -0.7705078 -0.5600586 -0.08734131 -0.8237305 -0.3078613 -0.07580566 -0.9482422 -0.08728027 0.9560547 -0.279541 0 0.9570313 -0.2895508 -0.2941895 -0.357666 -0.8862305 -0.2592773 -0.5761719 -0.7744141 0 -0.3642578 -0.9311523 0 -0.5917969 -0.8056641 0 -0.7949219 -0.6064453 0 -0.06842041 -0.9975586 0.3078613 -0.07580566 -0.9482422 0.08728027 0.9560547 -0.279541 0.1618652 0.9526367 -0.2556152 0.2941895 -0.357666 -0.8862305 0.5600586 -0.08734131 -0.8237305 0.7993164 -0.09075928 -0.5932617 0.2646484 0.9423828 -0.2038574 0.5366211 -0.3432617 -0.7705078 0.2592773 -0.5761719 -0.7744141 0.4970703 -0.1077271 -0.8608398 0.151123 0.953125 -0.2617188 0.7509766 -0.3132324 -0.5805664 0.4707031 -0.3364258 -0.8154297 0.4799805 -0.5424805 -0.6889648 0.668457 -0.494873 -0.5541992 0.4294434 -0.5112305 -0.7436523 0.1977539 -0.78125 -0.5917969 0.3664551 -0.7548828 -0.5429688 0.512207 -0.715332 -0.4743652 0.3408203 -0.7314453 -0.590332 0.1227417 -0.9086914 -0.3984375 0.3288574 -0.90625 -0.2636719 0.182251 -0.9306641 -0.3156738 0.2504883 -0.8999023 -0.3564453 0.2507324 -0.9589844 -0.1289063 0.1173096 -0.9716797 -0.2032471 0.1856689 -0.9619141 -0.1992188 0.05145264 -0.9711914 -0.2312012 0 -0.9165039 -0.3999023 0 -0.9755859 -0.2193604 0.1177368 -0.9716797 0.2039795 0.1826172 -0.9306641 0.3161621 0.2480469 -0.9594727 0.1314697 0.328125 -0.9067383 0.2646484 0.3408203 -0.7314453 0.590332 0.1856689 -0.9619141 0.1992188 0.512207 -0.715332 0.4743652 0.4294434 -0.5112305 0.7436523 0.2504883 -0.8999023 0.3564453 0.1227417 -0.9086914 0.3984375 0.05145264 -0.9711914 0.2312012 0.3664551 -0.7548828 0.5429688 0.668457 -0.494873 0.5541992 0.4707031 -0.3364258 0.8154297 0.1977539 -0.78125 0.5917969 0.7509766 -0.3132324 0.5805664 0.4799805 -0.5424805 0.6889648 0.4970703 -0.1077271 0.8608398 0.2646484 0.9423828 0.2038574 0.151123 0.953125 0.2617188 0.7993164 -0.09075928 0.5932617 0.1618652 0.9526367 0.2556152 0.5366211 -0.3432617 0.7705078 0.5600586 -0.08734131 0.8237305 0.3078613 -0.07580566 0.9482422 0.08728027 0.9560547 0.279541 0 0.9570313 0.2895508 0.2941895 -0.357666 0.8862305 0.2592773 -0.5761719 0.7744141 0 -0.3642578 0.9311523 0 -0.5917969 0.8056641 0 -0.7949219 0.6064453 0 -0.06842041 0.9975586 -0.3078613 -0.07580566 0.9482422 -0.08728027 0.9560547 0.279541 -0.1618652 0.9526367 0.2556152 -0.2941895 -0.357666 0.8862305 -0.5600586 -0.08734131 0.8237305 -0.7993164 -0.09075928 0.5932617 -0.2646484 0.9423828 0.2038574 -0.5366211 -0.3432617 0.7705078 -0.2592773 -0.5761719 0.7744141 -0.7509766 -0.3132324 0.5805664 -0.4799805 -0.5424805 0.6889648 -0.668457 -0.494873 0.5541992 -0.1977539 -0.78125 0.5917969 -0.3664551 -0.7548828 0.5429688 -0.512207 -0.715332 0.4743652 -0.1227417 -0.9086914 0.3984375 -0.328125 -0.9067383 0.2646484 -0.2504883 -0.8999023 0.3564453 -0.2480469 -0.9594727 0.1314697 -0.1856689 -0.9619141 0.1992188 -0.05145264 -0.9711914 0.2312012 0 -0.9165039 0.3999023 0 -0.9755859 0.2193604 0.2346191 -0.9716797 0 0.364502 -0.9306641 0 0.2370605 -0.9589844 -0.15271 0.3930664 -0.90625 -0.1529541 0.6816406 -0.7314453 0 0.2653809 -0.9619141 -0.06124878 0.6669922 -0.715332 -0.206665 0.8588867 -0.5112305 0 0.434082 -0.8999023 -0.03875732 0.4064941 -0.9086914 0.09295654 0.2259521 -0.9711914 0.07104492 0.6538086 -0.7548828 -0.04577637 0.8144531 -0.494873 -0.3017578 0.9414063 -0.3364258 0 0.6113281 -0.78125 0.1246338 0.878418 -0.3132324 -0.3598633 0.8369141 -0.5424805 -0.07122803 0.9941406 -0.1077271 0 0.3088379 0.9423828 -0.1273193 0.3022461 0.953125 0 0.9135742 -0.09075928 -0.3955078 0.3022461 0.9526367 -0.01235199 0.9355469 -0.3432617 -0.07928467 0.9931641 -0.08734131 -0.07324219 0.9750977 -0.07580566 0.2075195 0.2858887 0.9560547 0.06427002 0.2507324 0.9570313 0.1447754 0.9145508 -0.357666 0.1882324 0.8007813 -0.5761719 0.1625977 0.8061523 -0.3642578 0.4655762 0.6977539 -0.5917969 0.402832 0.5253906 -0.7949219 0.3032227 0.8637695 -0.06842041 0.4987793 0.6669922 -0.07580566 0.7407227 0.1986084 0.9560547 0.2154541 0.1405029 0.9526367 0.2680664 0.6201172 -0.357666 0.6977539 0.4331055 -0.08734131 0.8969727 0.1143799 -0.09075928 0.9892578 0.04418945 0.9423828 0.3310547 0.3991699 -0.3432617 0.8500977 0.5410156 -0.5761719 0.6118164 0.1274414 -0.3132324 0.940918 0.3566895 -0.5424805 0.7602539 0.145752 -0.494873 0.8564453 0.4135742 -0.78125 0.467041 0.2871094 -0.7548828 0.5888672 0.154541 -0.715332 0.6811523 0.2836914 -0.9086914 0.3056641 0.06524658 -0.9067383 0.4165039 0.1834717 -0.8999023 0.3952637 -0.01017761 -0.9594727 0.2805176 0.07965088 -0.9619141 0.2602539 0.1745605 -0.9711914 0.1601563 0.3461914 -0.9165039 0.1999512 0.1899414 -0.9755859 0.1096802 -0.01378632 -0.9589844 -0.2814941 0.06396484 -0.90625 -0.416748 0.07965088 -0.9619141 -0.2602539 0.154541 -0.715332 -0.6811523 0.1834717 -0.8999023 -0.3952637 0.2836914 -0.9086914 -0.3056641 0.1745605 -0.9711914 -0.1601563 0.2871094 -0.7548828 -0.5888672 0.145752 -0.494873 -0.8564453 0.4135742 -0.78125 -0.467041 0.1274414 -0.3132324 -0.940918 0.3566895 -0.5424805 -0.7602539 0.04418945 0.9423828 -0.3310547 0.1143799 -0.09075928 -0.9892578 0.1405029 0.9526367 -0.2680664 0.3991699 -0.3432617 -0.8500977 0.4331055 -0.08734131 -0.8969727 0.6669922 -0.07580566 -0.7407227 0.1986084 0.9560547 -0.2154541 0.2507324 0.9570313 -0.1447754 0.6201172 -0.357666 -0.6977539 0.5410156 -0.5761719 -0.6118164 0.8061523 -0.3684082 -0.4624023 0.699707 -0.5927734 -0.3984375 0.5288086 -0.7929688 -0.302002 0.8637695 -0.06842041 -0.4987793 0.9750977 -0.0758667 -0.2075195 0.2858887 0.9560547 -0.06427002 0.3022461 0.9526367 0.01235199 0.9116211 -0.3654785 -0.1870117 0.9931641 -0.08734131 0.07324219 0.9135742 -0.09075928 0.3955078 0.3088379 0.9423828 0.1273193 0.9335938 -0.3498535 0.0748291 0.800293 -0.5766602 -0.1624756 0.878418 -0.3132324 0.3598633 0.8359375 -0.5444336 0.06304932 0.8144531 -0.494873 0.3017578 0.6166992 -0.7768555 -0.1260986 0.6567383 -0.7524414 0.04122925 0.6669922 -0.715332 0.206665 0.4064941 -0.9086914 -0.09295654 0.3930664 -0.90625 0.1529541 0.434082 -0.8999023 0.03875732 0.2370605 -0.9589844 0.15271 0.2653809 -0.9619141 0.06124878 0.2259521 -0.9711914 -0.07104492 0.3461914 -0.9165039 -0.1999512 0.1899414 -0.9755859 -0.1096802</float_array>
                    <technique_common>
                        <accessor count="336" offset="0" source="pm0812_00_00_body_b_mesh_shape_body_b-geometry-NORMAL-array" stride="3">
                            <param name="X" type="float" />
                            <param name="Y" type="float" />
                            <param name="Z" type="float" />
                        </accessor>
                    </technique_common>
                </source>
                <source id="pm0812_00_00_body_b_mesh_shape_body_b-geometry-TEXCOORD">
                    <float_array id="pm0812_00_00_body_b_mesh_shape_body_b-geometry-TEXCOORD-array" count="756">0.1376936 1.022455 0.1617143 1.076951 0.135566 1.037869 0.1545713 1.080074 0.1743331 1.107811 0.1324115 1.058992 0.16679 1.111666 0.182008 1.132613 0.1441067 1.083649 0.1256035 1.08685 0.1184106 1.059144 0.1549602 1.114815 0.1731718 1.135992 0.1870048 1.156001 0.1305754 1.119262 0.1778421 1.159416 0.1603144 1.139855 0.1888046 1.172611 0.1796956 1.180276 0.1894531 1.180166 0.1791809 1.174343 0.1640352 1.181995 0.1632271 1.163076 0.1636928 1.176769 0.132008 1.181273 0.1323529 1.186681 0.09945048 1.188482 0.1319362 1.168288 0.1316254 1.145007 0.09933031 1.170318 0.0991763 1.147001 0.09900118 1.120505 0.09941495 1.18311 0.06680036 1.181704 0.06652678 1.187116 0.03478545 1.182849 0.06670035 1.168719 0.0350588 1.177619 0.01953978 1.175398 0.01910371 1.181338 0.03534335 1.163921 0.06670351 1.145436 0.009894019 1.173793 0.009345535 1.181356 0.02068109 1.160455 0.01147426 1.157161 0.03794897 1.140664 0.02504141 1.136971 0.01616139 1.133709 0.06741322 1.119679 0.04297173 1.115555 0.03122586 1.112561 0.02350778 1.108808 0.07195617 1.087204 0.04290134 1.080812 0.03571761 1.077783 0.05341208 1.084248 0.06134677 1.038359 0.05900216 1.022455 0.06478036 1.059439 0.07878185 1.059405 0.09878863 1.088349 0.0985942 1.058934 0.3356268 1.022455 0.3593375 1.076349 0.3335388 1.037829 0.3522961 1.079433 0.3717864 1.106767 0.3304405 1.058658 0.3642274 1.110572 0.3793555 1.131208 0.3419812 1.082964 0.3237433 1.086133 0.3166393 1.058815 0.3526877 1.113687 0.370643 1.134543 0.3842895 1.154252 0.3286581 1.118104 0.3752555 1.15762 0.3579645 1.138359 0.3860739 1.17062 0.3770975 1.178179 0.3867188 1.178066 0.3765857 1.172331 0.3616592 1.179878 0.3608416 1.161225 0.3613167 1.174725 0.3300973 1.179173 0.33044 1.184507 0.2971053 1.186315 0.3300225 1.16636 0.3296992 1.143459 0.2971051 1.168406 0.2971051 1.145426 0.2971051 1.11933 0.2971051 1.181018 0.2658174 1.179658 0.2655499 1.184994 0.2342508 1.180804 0.2657135 1.166856 0.2345181 1.175647 0.2192153 1.173465 0.2187878 1.179322 0.2347928 1.162143 0.265707 1.143904 0.2097037 1.171887 0.209166 1.179344 0.2203341 1.158732 0.2112547 1.155488 0.2373521 1.139212 0.2246234 1.135578 0.2158664 1.132365 0.2663974 1.118516 0.2422944 1.114458 0.2307114 1.11151 0.2230996 1.107813 0.2708588 1.086499 0.2422085 1.080206 0.235124 1.077222 0.2525734 1.08359 0.2603764 1.038342 0.2580574 1.022455 0.2637705 1.059125 0.2775743 1.059088 0.2971053 1.087621 0.2971051 1.058617 0.4604098 1.399942 0.436821 1.34405 0.4626793 1.383413 0.4440017 1.340982 0.4244433 1.313035 0.4660175 1.362285 0.4321556 1.309239 0.4169661 1.288129 0.4545125 1.33749 0.4730718 1.334441 0.4800415 1.362251 0.4439057 1.306184 0.4258445 1.284819 0.4121594 1.264662 0.4683662 1.301936 0.421365 1.261319 0.438755 1.28106 0.4104971 1.248011 0.4196852 1.240411 0.4099112 1.240439 0.4201504 1.246358 0.4353847 1.238822 0.4360338 1.257778 0.4356833 1.24406 0.4674556 1.239816 0.467156 1.234396 0.5000001 1.232871 0.4674175 1.252822 0.4675322 1.276141 0.5000001 1.251065 0.5000001 1.27442 0.5000001 1.300958 0.5000001 1.238252 0.5325446 1.239816 0.5328442 1.234396 0.5646155 1.238822 0.5325826 1.252822 0.5643168 1.24406 0.5798497 1.246358 0.5803148 1.240411 0.5639663 1.257777 0.5324679 1.276141 0.589503 1.248011 0.5900888 1.24044 0.578635 1.261319 0.5878406 1.264662 0.5612452 1.28106 0.5741556 1.284819 0.5830341 1.288129 0.5316339 1.301936 0.5560943 1.306184 0.5678445 1.309238 0.5755568 1.313035 0.5269284 1.33444 0.5559985 1.340982 0.5631792 1.34405 0.5454877 1.33749 0.5373208 1.383413 0.5395904 1.399942 0.5339827 1.362284 0.5199587 1.362251 0.5000001 1.333165 0.5000001 1.362628 0.5326653 1.022455 0.5610436 1.075793 0.5321912 1.039013 0.5542406 1.079476 0.5745103 1.106181 0.5313033 1.060081 0.5672582 1.110497 0.5827665 1.13079 0.5442202 1.08376 0.5263169 1.087937 0.5181555 1.061097 0.5557737 1.114228 0.5740784 1.13454 0.5879813 1.154085 0.5316242 1.119517 0.5789064 1.157745 0.561335 1.138827 0.5898668 1.170705 0.5808035 1.178485 0.5905076 1.178273 0.580291 1.172588 0.565152 1.180349 0.5643304 1.16167 0.5648196 1.175183 0.5329564 1.179689 0.5332497 1.184968 0.5 1.1864 0.5328801 1.167073 0.5326336 1.144522 0.5 1.168941 0.5 1.146529 0.5 1.121063 0.5 1.181236 0.4670436 1.179689 0.4667504 1.184968 0.434848 1.180349 0.4671199 1.167073 0.4351804 1.175183 0.4197089 1.172588 0.4191965 1.178485 0.4356696 1.16167 0.4673664 1.144522 0.4101332 1.170705 0.4094923 1.178273 0.4210936 1.157745 0.4120187 1.154085 0.438665 1.138827 0.4259217 1.13454 0.4172335 1.13079 0.4683758 1.119517 0.4442264 1.114228 0.4327418 1.110497 0.4254897 1.106181 0.4736832 1.087937 0.4457595 1.079476 0.4389564 1.075793 0.4557799 1.08376 0.467809 1.039013 0.4673347 1.022455 0.4686967 1.060081 0.4818446 1.061097 0.5 1.090156 0.5 1.061883 0.9409978 1.022455 0.9642824 1.077783 0.9386532 1.038359 0.9570986 1.080812 0.9764922 1.108808 0.9352196 1.059439 0.9687741 1.112561 0.9838386 1.133709 0.9465879 1.084248 0.928044 1.087204 0.9212182 1.059405 0.9570283 1.115555 0.9749587 1.136971 0.9885257 1.157161 0.9325869 1.119679 0.9793189 1.160455 0.9620512 1.140663 0.990106 1.173793 0.9808962 1.181338 0.9906545 1.181356 0.9804602 1.175398 0.9652146 1.182848 0.9646566 1.163921 0.9649411 1.177619 0.9331996 1.181704 0.9334732 1.187116 0.9005495 1.188482 0.9332997 1.168719 0.9332964 1.145436 0.9006697 1.170318 0.9008238 1.147 0.900999 1.120505 0.9005851 1.18311 0.867992 1.181273 0.8676471 1.186681 0.8359648 1.181994 0.8680637 1.168287 0.8363072 1.176769 0.8208191 1.174343 0.8203045 1.180276 0.8367729 1.163076 0.8683746 1.145007 0.8111953 1.172611 0.8105469 1.180166 0.8221579 1.159416 0.8129953 1.156001 0.8396857 1.139854 0.8268281 1.135992 0.817992 1.132613 0.8694247 1.119262 0.84504 1.114815 0.83321 1.111665 0.8256669 1.107811 0.8743966 1.086849 0.8454288 1.080074 0.8382857 1.07695 0.8558933 1.083649 0.8644339 1.037869 0.8623064 1.022455 0.8675884 1.058992 0.8815894 1.059143 0.9012114 1.088349 0.9014058 1.058934 0.7419426 1.022455 0.764876 1.077222 0.7396237 1.038342 0.7577915 1.080206 0.7769004 1.107813 0.7362295 1.059125 0.7692885 1.11151 0.7841337 1.132365 0.7474265 1.08359 0.7291412 1.086499 0.7224257 1.059088 0.7577057 1.114458 0.7753766 1.135578 0.7887454 1.155488 0.7336026 1.118516 0.7796658 1.158732 0.7626479 1.139212 0.7902963 1.171887 0.7812121 1.179322 0.790834 1.179344 0.7807847 1.173465 0.7657491 1.180804 0.7652073 1.162143 0.7654819 1.175647 0.7341825 1.179658 0.7344501 1.184994 0.7028949 1.186315 0.7342865 1.166856 0.734293 1.143904 0.7028949 1.168406 0.7028949 1.145426 0.7028949 1.11933 0.7028949 1.181018 0.6699027 1.179173 0.66956 1.184507 0.638341 1.179878 0.6699774 1.16636 0.6386833 1.174725 0.6234144 1.17233 0.6229025 1.178179 0.6391584 1.161225 0.6703008 1.143459 0.6139261 1.17062 0.6132813 1.178066 0.6247445 1.15762 0.6157106 1.154252 0.6420356 1.138359 0.629357 1.134543 0.6206445 1.131208 0.6713419 1.118104 0.6473123 1.113687 0.6357726 1.110572 0.6282136 1.106767 0.6762567 1.086133 0.6477039 1.079433 0.6406626 1.076349 0.6580188 1.082964 0.6664612 1.037829 0.6643732 1.022455 0.6695595 1.058658 0.6833607 1.058815 0.7028949 1.087621 0.7028949 1.058617</float_array>
                    <technique_common>
                        <accessor count="378" offset="0" source="pm0812_00_00_body_b_mesh_shape_body_b-geometry-TEXCOORD-array" stride="2">
                            <param name="S" type="float" />
                            <param name="T" type="float" />
                        </accessor>
                    </technique_common>
                </source>
                <vertices id="pm0812_00_00_body_b_mesh_shape_body_b-vertices">
                    <input semantic="POSITION" source="#pm0812_00_00_body_b_mesh_shape_body_b-geometry-POSITION" />
                </vertices>
                <triangles count="576" material="body_b">
                    <input semantic="VERTEX" source="#pm0812_00_00_body_b_mesh_shape_body_b-vertices" offset="0" set="0" />
                    <input semantic="NORMAL" source="#pm0812_00_00_body_b_mesh_shape_body_b-geometry-NORMAL" offset="1" set="0" />
                    <input semantic="TEXCOORD" source="#pm0812_00_00_body_b_mesh_shape_body_b-geometry-TEXCOORD" offset="2" set="0" />
                    <p>0 0 0 1 1 1 2 2 2 2 2 2 1 1 1 3 3 3 1 1 1 4 4 4 3 3 3 2 2 2 3 3 3 5 5 5 3 3 3 4 4 4 6 6 6 7 7 7 6 6 6 4 4 4 5 5 5 3 3 3 8 8 8 6 6 6 8 8 8 3 3 3 9 9 9 5 5 5 8 8 8 10 10 10 5 5 5 9 9 9 11 11 11 8 8 8 6 6 6 11 11 11 9 9 9 8 8 8 12 12 12 6 6 6 7 7 7 12 12 12 11 11 11 6 6 6 13 13 13 12 12 12 7 7 7 14 14 14 9 9 9 11 11 11 15 15 15 12 12 12 13 13 13 16 16 16 11 11 11 12 12 12 15 15 15 16 16 16 12 12 12 16 16 16 14 14 14 11 11 11 17 17 17 15 15 15 13 13 13 18 18 18 17 17 17 19 19 19 20 20 20 17 17 17 18 18 18 20 20 20 15 15 15 17 17 17 21 21 21 20 20 20 18 18 18 20 20 20 22 22 22 15 15 15 22 22 22 16 16 16 15 15 15 23 23 23 20 20 20 21 21 21 23 23 23 22 22 22 20 20 20 21 21 21 24 24 24 23 23 23 25 25 25 24 24 24 21 21 21 26 26 26 24 24 24 25 25 25 23 23 23 27 27 27 22 22 22 24 24 24 27 27 27 23 23 23 22 22 22 28 28 28 16 16 16 27 27 27 28 28 28 22 22 22 28 28 28 14 14 14 16 16 16 27 27 27 24 24 24 29 29 29 28 28 28 27 27 27 30 30 30 30 30 30 27 27 27 29 29 29 28 28 28 31 31 31 14 14 14 30 30 30 31 31 31 28 28 28 29 29 29 24 24 24 32 32 32 32 32 32 24 24 24 26 26 26 32 32 32 26 26 26 33 33 33 32 32 32 33 33 33 29 29 29 33 33 33 26 26 26 34 34 34 34 34 34 35 35 35 33 33 33 29 29 29 33 33 33 36 36 36 29 29 29 36 36 36 30 30 30 33 33 33 35 35 35 37 37 37 33 33 33 37 37 37 36 36 36 35 35 35 38 38 38 37 37 37 39 39 39 38 38 38 35 35 35 36 36 36 37 37 37 40 40 40 37 37 37 38 38 38 40 40 40 30 30 30 36 36 36 41 41 41 36 36 36 40 40 40 41 41 41 30 30 30 41 41 41 31 31 31 39 39 39 42 42 42 38 38 38 43 43 43 42 42 42 39 39 39 38 38 38 42 42 42 44 44 44 40 40 40 38 38 38 44 44 44 44 44 44 42 42 42 45 45 45 41 41 41 40 40 40 46 46 46 40 40 40 44 44 44 46 46 46 44 44 44 45 45 45 47 47 47 46 46 46 44 44 44 47 47 47 47 47 47 45 45 45 48 48 48 41 41 41 46 46 46 49 49 49 31 31 31 41 41 41 49 49 49 46 46 46 47 47 47 50 50 50 49 49 49 46 46 46 50 50 50 47 47 47 48 48 48 51 51 51 50 50 50 47 47 47 51 51 51 51 51 51 48 48 48 52 52 52 50 50 50 53 53 53 49 49 49 51 51 51 52 52 52 54 54 54 54 54 54 52 52 52 55 55 55 51 51 51 56 56 56 50 50 50 54 54 54 56 56 56 51 51 51 56 56 56 53 53 53 50 50 50 54 54 54 55 55 55 57 57 57 57 57 57 55 55 55 58 58 58 57 57 57 59 59 59 54 54 54 54 54 54 59 59 59 56 56 56 59 59 59 53 53 53 56 56 56 60 60 60 53 53 53 59 59 59 60 60 60 61 61 61 53 53 53 53 53 53 61 61 61 49 49 49 49 49 49 61 61 61 31 31 31 62 62 62 61 61 61 60 60 60 31 31 31 61 61 61 14 14 14 10 10 10 61 61 61 62 62 62 14 14 14 61 61 61 9 9 9 9 9 9 61 61 61 10 10 10 63 58 63 64 55 64 65 63 65 65 63 65 64 55 64 66 64 66 64 55 64 67 52 67 66 64 66 65 63 65 66 64 66 68 65 68 66 64 66 67 52 67 69 66 69 70 48 70 69 66 69 67 52 67 68 65 68 66 64 66 71 67 71 69 66 69 71 67 71 66 64 66 72 68 72 68 65 68 71 67 71 73 69 73 68 65 68 72 68 72 74 70 74 71 67 71 69 66 69 74 70 74 72 68 72 71 67 71 75 71 75 69 66 69 70 48 70 75 71 75 74 70 74 69 66 69 76 45 76 75 71 75 70 48 70 77 72 77 72 68 72 74 70 74 78 73 78 75 71 75 76 45 76 79 74 79 74 70 74 75 71 75 78 73 78 79 74 79 75 71 75 79 74 79 77 72 77 74 70 74 80 42 80 78 73 78 76 45 76 81 75 81 80 42 80 82 43 82 83 76 83 80 42 80 81 75 81 83 76 83 78 73 78 80 42 80 84 77 84 83 76 83 81 75 81 83 76 83 85 78 85 78 73 78 85 78 85 79 74 79 78 73 78 86 79 86 83 76 83 84 77 84 86 79 86 85 78 85 83 76 83 84 77 84 87 80 87 86 79 86 88 81 88 87 80 87 84 77 84 89 82 89 87 80 87 88 81 88 86 79 86 90 83 90 85 78 85 87 80 87 90 83 90 86 79 86 85 78 85 91 84 91 79 74 79 90 83 90 91 84 91 85 78 85 91 84 91 77 72 77 79 74 79 90 83 90 87 80 87 92 85 92 91 84 91 90 83 90 93 86 93 93 86 93 90 83 90 92 85 92 91 84 91 94 87 94 77 72 77 93 86 93 94 87 94 91 84 91 92 85 92 87 80 87 95 88 95 95 88 95 87 80 87 89 82 89 95 88 95 89 82 89 96 89 96 95 88 95 96 89 96 92 85 92 96 89 96 89 82 89 97 90 97 97 90 97 98 91 98 96 89 96 92 85 92 96 89 96 99 92 99 92 85 92 99 92 99 93 86 93 96 89 96 98 91 98 100 93 100 96 89 96 100 93 100 99 92 99 98 91 98 101 94 101 100 93 100 102 95 102 101 94 101 98 91 98 99 92 99 100 93 100 103 96 103 100 93 100 101 94 101 103 96 103 93 86 93 99 92 99 104 97 104 99 92 99 103 96 103 104 97 104 93 86 93 104 97 104 94 87 94 102 95 102 105 98 105 101 94 101 106 99 106 105 98 105 102 95 102 101 94 101 105 98 105 107 100 107 103 96 103 101 94 101 107 100 107 107 100 107 105 98 105 108 101 108 104 97 104 103 96 103 109 102 109 103 96 103 107 100 107 109 102 109 107 100 107 108 101 108 110 103 110 109 102 109 107 100 107 110 103 110 110 103 110 108 101 108 111 104 111 104 97 104 109 102 109 112 105 112 94 87 94 104 97 104 112 105 112 109 102 109 110 103 110 113 106 113 112 105 112 109 102 109 113 106 113 110 103 110 111 104 111 114 107 114 113 106 113 110 103 110 114 107 114 114 107 114 111 104 111 115 108 115 113 106 113 116 109 116 112 105 112 114 107 114 115 108 115 117 110 117 117 110 117 115 108 115 118 111 118 114 107 114 119 112 119 113 106 113 117 110 117 119 112 119 114 107 114 119 112 119 116 109 116 113 106 113 117 110 117 118 111 118 120 113 120 120 113 120 118 111 118 121 114 121 120 113 120 122 115 122 117 110 117 117 110 117 122 115 122 119 112 119 122 115 122 116 109 116 119 112 119 123 116 123 116 109 116 122 115 122 123 116 123 124 117 124 116 109 116 116 109 116 124 117 124 112 105 112 112 105 112 124 117 124 94 87 94 125 118 125 124 117 124 123 116 123 94 87 94 124 117 124 77 72 77 73 69 73 124 117 124 125 118 125 77 72 77 124 117 124 72 68 72 72 68 72 124 117 124 73 69 73 126 114 126 127 111 127 128 119 128 128 119 128 127 111 127 129 120 129 127 111 127 130 108 130 129 120 129 128 119 128 129 120 129 131 121 131 129 120 129 130 108 130 132 122 132 133 104 133 132 122 132 130 108 130 131 121 131 129 120 129 134 123 134 132 122 132 134 123 134 129 120 129 135 124 135 131 121 131 134 123 134 136 125 136 131 121 131 135 124 135 137 126 137 134 123 134 132 122 132 137 126 137 135 124 135 134 123 134 138 127 138 132 122 132 133 104 133 138 127 138 137 126 137 132 122 132 139 101 139 138 127 138 133 104 133 140 128 140 135 124 135 137 126 137 141 129 141 138 127 138 139 101 139 142 130 142 137 126 137 138 127 138 141 129 141 142 130 142 138 127 138 142 130 142 140 128 140 137 126 137 143 98 143 141 129 141 139 101 139 144 131 144 143 98 143 145 99 145 146 132 146 143 98 143 144 131 144 146 132 146 141 129 141 143 98 143 147 133 147 146 132 146 144 131 144 146 132 146 148 134 148 141 129 141 148 134 148 142 130 142 141 129 141 149 135 149 146 132 146 147 133 147 149 135 149 148 134 148 146 132 146 147 133 147 150 136 150 149 135 149 151 137 151 150 136 150 147 133 147 152 138 152 150 136 150 151 137 151 149 135 149 153 139 153 148 134 148 150 136 150 153 139 153 149 135 149 148 134 148 154 140 154 142 130 142 153 139 153 154 140 154 148 134 148 154 140 154 140 128 140 142 130 142 153 139 153 150 136 150 155 141 155 154 140 154 153 139 153 156 142 156 156 142 156 153 139 153 155 141 155 154 140 154 157 143 157 140 128 140 156 142 156 157 143 157 154 140 154 155 141 155 150 136 150 158 144 158 158 144 158 150 136 150 152 138 152 158 144 158 152 138 152 159 145 159 158 144 158 159 145 159 155 141 155 159 145 159 152 138 152 160 146 160 160 146 160 161 147 161 159 145 159 155 141 155 159 145 159 162 148 162 155 141 155 162 148 162 156 142 156 159 145 159 161 147 161 163 149 163 159 145 159 163 149 163 162 148 162 161 147 161 164 150 164 163 149 163 165 151 165 164 150 164 161 147 161 162 148 162 163 149 163 166 152 166 163 149 163 164 150 164 166 152 166 156 142 156 162 148 162 167 153 167 162 148 162 166 152 166 167 153 167 156 142 156 167 153 167 157 143 157 165 151 165 168 154 168 164 150 164 169 155 169 168 154 168 165 151 165 164 150 164 168 154 168 170 156 170 166 152 166 164 150 164 170 156 170 170 156 170 168 154 168 171 157 171 167 153 167 166 152 166 172 158 172 166 152 166 170 156 170 172 158 172 170 156 170 171 157 171 173 159 173 172 158 172 170 156 170 173 159 173 173 159 173 171 157 171 174 160 174 167 153 167 172 158 172 175 161 175 157 143 157 167 153 167 175 161 175 172 158 172 173 159 173 176 162 176 175 161 175 172 158 172 176 162 176 173 159 173 174 160 174 177 163 177 176 162 176 173 159 173 177 163 177 177 163 177 174 160 174 178 164 178 176 162 176 179 165 179 175 161 175 177 163 177 178 164 178 180 166 180 180 166 180 178 164 178 181 167 181 177 163 177 182 168 182 176 162 176 180 166 180 182 168 182 177 163 177 182 168 182 179 165 179 176 162 176 180 166 180 181 167 181 183 169 183 183 169 183 181 167 181 184 170 184 183 169 183 185 171 185 180 166 180 180 166 180 185 171 185 182 168 182 185 171 185 179 165 179 182 168 182 186 172 186 179 165 179 185 171 185 186 172 186 187 173 187 179 165 179 179 165 179 187 173 187 175 161 175 175 161 175 187 173 187 157 143 157 188 174 188 187 173 187 186 172 186 157 143 157 187 173 187 140 128 140 136 125 136 187 173 187 188 174 188 140 128 140 187 173 187 135 124 135 135 124 135 187 173 187 136 125 136 189 175 189 190 176 190 191 177 191 191 177 191 190 176 190 192 178 192 190 176 190 193 179 193 192 178 192 191 177 191 192 178 192 194 180 194 192 178 192 193 179 193 195 181 195 196 182 196 195 181 195 193 179 193 194 180 194 192 178 192 197 183 197 195 181 195 197 183 197 192 178 192 198 184 198 194 180 194 197 183 197 199 185 199 194 180 194 198 184 198 200 186 200 197 183 197 195 181 195 200 186 200 198 184 198 197 183 197 201 187 201 195 181 195 196 182 196 201 187 201 200 186 200 195 181 195 202 188 202 201 187 201 196 182 196 203 189 203 198 184 198 200 186 200 204 190 204 201 187 201 202 188 202 205 191 205 200 186 200 201 187 201 204 190 204 205 191 205 201 187 201 205 191 205 203 189 203 200 186 200 206 192 206 204 190 204 202 188 202 207 193 207 206 192 206 208 194 208 209 195 209 206 192 206 207 193 207 209 195 209 204 190 204 206 192 206 210 196 210 209 195 209 207 193 207 209 195 209 211 197 211 204 190 204 211 197 211 205 191 205 204 190 204 212 198 212 209 195 209 210 196 210 212 198 212 211 197 211 209 195 209 210 196 210 213 199 213 212 198 212 214 200 214 213 199 213 210 196 210 215 201 215 213 199 213 214 200 214 212 198 212 216 202 216 211 197 211 213 199 213 216 202 216 212 198 212 211 197 211 217 203 217 205 191 205 216 202 216 217 203 217 211 197 211 217 203 217 203 189 203 205 191 205 216 202 216 213 199 213 218 204 218 217 203 217 216 202 216 219 205 219 219 205 219 216 202 216 218 204 218 217 203 217 220 206 220 203 189 203 219 205 219 220 206 220 217 203 217 218 204 218 213 199 213 221 207 221 221 207 221 213 199 213 215 201 215 221 207 221 215 201 215 222 208 222 221 207 221 222 208 222 218 204 218 222 208 222 215 201 215 223 209 223 223 209 223 224 210 224 222 208 222 218 204 218 222 208 222 225 211 225 218 204 218 225 211 225 219 205 219 222 208 222 224 210 224 226 212 226 222 208 222 226 212 226 225 211 225 224 210 224 227 213 227 226 212 226 228 214 228 227 213 227 224 210 224 225 211 225 226 212 226 229 215 229 226 212 226 227 213 227 229 215 229 219 205 219 225 211 225 230 216 230 225 211 225 229 215 229 230 216 230 219 205 219 230 216 230 220 206 220 228 214 228 231 17 231 227 213 227 232 19 232 231 17 231 228 214 228 227 213 227 231 17 231 233 217 233 229 215 229 227 213 227 233 217 233 233 217 233 231 17 231 234 13 234 230 216 230 229 215 229 235 218 235 229 215 229 233 217 233 235 218 235 233 217 233 234 13 234 236 219 236 235 218 235 233 217 233 236 219 236 236 219 236 234 13 234 237 7 237 230 216 230 235 218 235 238 220 238 220 206 220 230 216 230 238 220 238 235 218 235 236 219 236 239 221 239 238 220 238 235 218 235 239 221 239 236 219 236 237 7 237 240 222 240 239 221 239 236 219 236 240 222 240 240 222 240 237 7 237 241 4 241 239 221 239 242 223 242 238 220 238 240 222 240 241 4 241 243 224 243 243 224 243 241 4 241 244 1 244 240 222 240 245 225 245 239 221 239 243 224 243 245 225 245 240 222 240 245 225 245 242 223 242 239 221 239 243 224 243 244 1 244 246 226 246 246 226 246 244 1 244 247 0 247 246 226 246 248 227 248 243 224 243 243 224 243 248 227 248 245 225 245 248 227 248 242 223 242 245 225 245 249 228 249 242 223 242 248 227 248 249 228 249 250 229 250 242 223 242 242 223 242 250 229 250 238 220 238 238 220 238 250 229 250 220 206 220 251 230 251 250 229 250 249 228 249 220 206 220 250 229 250 203 189 203 199 185 199 250 229 250 251 230 251 203 189 203 250 229 250 198 184 198 198 184 198 250 229 250 199 185 199 252 231 252 253 232 253 254 233 254 254 233 254 253 232 253 255 234 255 253 232 253 256 235 256 255 234 255 254 233 254 255 234 255 257 236 257 255 234 255 256 235 256 258 237 258 259 238 259 258 237 258 256 235 256 257 236 257 255 234 255 260 239 260 258 237 258 260 239 260 255 234 255 261 240 261 257 236 257 260 239 260 262 241 262 257 236 257 261 240 261 263 242 263 260 239 260 258 237 258 263 242 263 261 240 261 260 239 260 264 243 264 258 237 258 259 238 259 264 243 264 263 242 263 258 237 258 265 244 265 264 243 264 259 238 259 266 245 266 261 240 261 263 242 263 267 246 267 264 243 264 265 244 265 268 247 268 263 242 263 264 243 264 267 246 267 268 247 268 264 243 264 268 247 268 266 245 266 263 242 263 269 248 269 267 246 267 265 244 265 270 249 270 269 248 269 271 250 271 272 251 272 269 248 269 270 249 270 272 251 272 267 246 267 269 248 269 273 252 273 272 251 272 270 249 270 272 251 272 274 253 274 267 246 267 274 253 274 268 247 268 267 246 267 275 254 275 272 251 272 273 252 273 275 254 275 274 253 274 272 251 272 273 252 273 276 255 276 275 254 275 277 256 277 276 255 276 273 252 273 278 257 278 276 255 276 277 256 277 275 254 275 279 258 279 274 253 274 276 255 276 279 258 279 275 254 275 274 253 274 280 259 280 268 247 268 279 258 279 280 259 280 274 253 274 280 259 280 266 245 266 268 247 268 279 258 279 276 255 276 281 260 281 280 259 280 279 258 279 282 261 282 282 261 282 279 258 279 281 260 281 280 259 280 283 262 283 266 245 266 282 261 282 283 262 283 280 259 280 281 260 281 276 255 276 284 263 284 284 263 284 276 255 276 278 257 278 284 263 284 278 257 278 285 264 285 284 263 284 285 264 285 281 260 281 285 264 285 278 257 278 286 265 286 286 265 286 287 266 287 285 264 285 281 260 281 285 264 285 288 267 288 281 260 281 288 267 288 282 261 282 285 264 285 287 266 287 289 268 289 285 264 285 289 268 289 288 267 288 287 266 287 290 269 290 289 268 289 291 270 291 290 269 290 287 266 287 288 267 288 289 268 289 292 271 292 289 268 289 290 269 290 292 271 292 282 261 282 288 267 288 293 272 293 288 267 288 292 271 292 293 272 293 282 261 282 293 272 293 283 262 283 291 270 291 294 192 294 290 269 290 295 194 295 294 192 294 291 270 291 290 269 290 294 192 294 296 273 296 292 271 292 290 269 290 296 273 296 296 273 296 294 192 294 297 188 297 293 272 293 292 271 292 298 274 298 292 271 292 296 273 296 298 274 298 296 273 296 297 188 297 299 275 299 298 274 298 296 273 296 299 275 299 299 275 299 297 188 297 300 182 300 293 272 293 298 274 298 301 276 301 283 262 283 293 272 293 301 276 301 298 274 298 299 275 299 302 277 302 301 276 301 298 274 298 302 277 302 299 275 299 300 182 300 303 278 303 302 277 302 299 275 299 303 278 303 303 278 303 300 182 300 304 179 304 302 277 302 305 279 305 301 276 301 303 278 303 304 179 304 306 280 306 306 280 306 304 179 304 307 176 307 303 278 303 308 281 308 302 277 302 306 280 306 308 281 308 303 278 303 308 281 308 305 279 305 302 277 302 306 280 306 307 176 307 309 282 309 309 282 309 307 176 307 310 175 310 309 282 309 311 283 311 306 280 306 306 280 306 311 283 311 308 281 308 311 283 311 305 279 305 308 281 308 312 284 312 305 279 305 311 283 311 312 284 312 313 285 313 305 279 305 305 279 305 313 285 313 301 276 301 301 276 301 313 285 313 283 262 283 314 286 314 313 285 313 312 284 312 283 262 283 313 285 313 266 245 266 262 241 262 313 285 313 314 286 314 266 245 266 313 285 313 261 240 261 261 240 261 313 285 313 262 241 262 315 170 315 316 167 316 317 287 317 317 287 317 316 167 316 318 288 318 316 167 316 319 164 319 318 288 318 317 287 317 318 288 318 320 289 320 318 288 318 319 164 319 321 290 321 322 160 322 321 290 321 319 164 319 320 289 320 318 288 318 323 291 323 321 290 321 323 291 323 318 288 318 324 292 324 320 289 320 323 291 323 325 293 325 320 289 320 324 292 324 326 294 326 323 291 323 321 290 321 326 294 326 324 292 324 323 291 323 327 295 327 321 290 321 322 160 322 327 295 327 326 294 326 321 290 321 328 157 328 327 295 327 322 160 322 329 296 329 324 292 324 326 294 326 330 297 330 327 295 327 328 157 328 331 298 331 326 294 326 327 295 327 330 297 330 331 298 331 327 295 327 331 298 331 329 296 329 326 294 326 332 154 332 330 297 330 328 157 328 333 299 333 332 154 332 334 155 334 335 300 335 332 154 332 333 299 333 335 300 335 330 297 330 332 154 332 336 301 336 335 300 335 333 299 333 335 300 335 337 302 337 330 297 330 337 302 337 331 298 331 330 297 330 338 303 338 335 300 335 336 301 336 338 303 338 337 302 337 335 300 335 336 301 336 339 304 339 338 303 338 340 305 340 339 304 339 336 301 336 341 306 341 339 304 339 340 305 340 338 303 338 342 307 342 337 302 337 339 304 339 342 307 342 338 303 338 337 302 337 343 308 343 331 298 331 342 307 342 343 308 343 337 302 337 343 308 343 329 296 329 331 298 331 342 307 342 339 304 339 344 309 344 343 308 343 342 307 342 345 310 345 345 310 345 342 307 342 344 309 344 343 308 343 346 311 346 329 296 329 345 310 345 346 311 346 343 308 343 344 309 344 339 304 339 347 312 347 347 312 347 339 304 339 341 306 341 347 312 347 341 306 341 348 313 348 347 312 347 348 313 348 344 309 344 348 313 348 341 306 341 349 314 349 349 314 349 350 315 350 348 313 348 344 309 344 348 313 348 351 316 351 344 309 344 351 316 351 345 310 345 348 313 348 350 315 350 352 317 352 348 313 348 352 317 352 351 316 351 350 315 350 353 318 353 352 317 352 354 319 354 353 318 353 350 315 350 351 316 351 352 317 352 355 320 355 352 317 352 353 318 353 355 320 355 345 310 345 351 316 351 356 321 356 351 316 351 355 320 355 356 321 356 345 310 345 356 321 356 346 311 346 354 319 354 357 248 357 353 318 353 358 250 358 357 248 357 354 319 354 353 318 353 357 248 357 359 322 359 355 320 355 353 318 353 359 322 359 359 322 359 357 248 357 360 244 360 356 321 356 355 320 355 361 323 361 355 320 355 359 322 359 361 323 361 359 322 359 360 244 360 362 324 362 361 323 361 359 322 359 362 324 362 362 324 362 360 244 360 363 238 363 356 321 356 361 323 361 364 325 364 346 311 346 356 321 356 364 325 364 361 323 361 362 324 362 365 326 365 364 325 364 361 323 361 365 326 365 362 324 362 363 238 363 366 327 366 365 326 365 362 324 362 366 327 366 366 327 366 363 238 363 367 235 367 365 326 365 368 328 368 364 325 364 366 327 366 367 235 367 369 329 369 369 329 369 367 235 367 370 232 370 366 327 366 371 330 371 365 326 365 369 329 369 371 330 371 366 327 366 371 330 371 368 328 368 365 326 365 369 329 369 370 232 370 372 331 372 372 331 372 370 232 370 373 231 373 372 331 372 374 332 374 369 329 369 369 329 369 374 332 374 371 330 371 374 332 374 368 328 368 371 330 371 375 333 375 368 328 368 374 332 374 375 333 375 376 334 376 368 328 368 368 328 368 376 334 376 364 325 364 364 325 364 376 334 376 346 311 346 377 335 377 376 334 376 375 333 375 346 311 346 376 334 376 329 296 329 325 293 325 376 334 376 377 335 377 329 296 329 376 334 376 324 292 324 324 292 324 376 334 376 325 293 325</p>
                </triangles>
            </mesh>
        </geometry>
        <geometry id="pm0812_00_00_body_a_mesh_shape_body_a-geometry" name="pm0812_00_00_body_a_mesh_shape_body_a">
            <mesh>
                <source id="pm0812_00_00_body_a_mesh_shape_body_a-geometry-POSITION">
                    <float_array id="pm0812_00_00_body_a_mesh_shape_body_a-geometry-POSITION-array" count="1863">-1.057047E-18 0.05377191 -0.08682939 -5.901112E-19 0.04832575 -0.04126556 -0.02247406 0.05377191 -0.08387062 -0.01647265 0.04832575 -0.03761749 -0.04341655 0.05377191 -0.07519592 -0.06140021 0.05377191 -0.0613965 -0.03414996 0.04832575 -0.0240532 -0.07519963 0.05377191 -0.04341285 -0.08387432 0.05377191 -0.02247036 -0.04267686 0.04832575 -0.003467522 -0.08683313 0.05377191 3.70657E-06 -0.08387424 0.05377191 0.02247775 -0.03976846 0.04832575 0.01862364 -0.0751996 0.05377191 0.04342024 -0.06140019 0.05377191 0.06140388 -0.02620419 0.04832575 0.03630093 -0.04341655 0.05377191 0.07520328 -0.009827346 0.04832575 0.04398416 -0.02596448 0.05377191 0.08227401 -0.01334491 0.05377191 0.08506608 -3.339219E-19 0.04832575 0.04519125 -5.446682E-19 0.05377191 0.08608423 0.02247406 0.05377191 -0.08387062 -5.901112E-19 0.04832575 -0.04126556 -1.057047E-18 0.05377191 -0.08682939 0.01647265 0.04832575 -0.03761749 0.04341655 0.05377191 -0.07519592 0.06140021 0.05377191 -0.0613965 0.03414996 0.04832575 -0.0240532 0.07519963 0.05377191 -0.04341285 0.08387432 0.05377191 -0.02247036 0.04267686 0.04832575 -0.003467522 0.08683313 0.05377191 3.70657E-06 0.08387424 0.05377191 0.02247775 0.03976846 0.04832575 0.01862364 0.0751996 0.05377191 0.04342024 0.06140019 0.05377191 0.06140388 0.02620419 0.04832575 0.03630093 0.04341655 0.05377191 0.07520328 0.009827346 0.04832575 0.04398416 0.02596448 0.05377191 0.08227401 0.01334491 0.05377191 0.08506608 -3.339219E-19 0.04832575 0.04519125 -5.446682E-19 0.05377191 0.08608423 -1.67064E-21 0.1785608 -0.03904766 0.01520663 0.1697567 -0.0541405 -1.927414E-18 0.1698269 -0.05588556 0.01806211 0.1779525 -0.03577435 0.02928264 0.1695637 -0.04901982 2.17791E-18 0.1839606 -0.01982814 0.04100159 0.169373 -0.04072782 0.01905688 0.1821773 -0.01829802 0.03620525 0.1766217 -0.0254422 0.04931784 0.1695273 -0.0290997 -1.847424E-19 0.186232 -8.080494E-07 0.03808099 0.1780629 -0.01304082 0.05445317 0.1696962 -0.0151392 0.01922732 0.1840497 -1.43583E-06 0.03871598 0.1784779 -1.43583E-06 0.05617639 0.1697674 -1.508444E-05 0.05437994 0.169743 0.01505193 0.03793193 0.1781961 0.01256147 0.04915388 0.1695855 0.02896706 0.01928113 0.1820768 0.01876184 1.147622E-18 0.1841002 0.01929561 0.03587154 0.1768043 0.02520015 0.0406922 0.1694653 0.04048348 0.01897518 0.1776866 0.03688589 0.02902399 0.1696589 0.0487468 -7.779321E-19 0.178874 0.03856913 0.01740387 0.1701311 0.05321902 -2.658566E-19 0.1704591 0.05532476 0.004401417 0.1171825 0.09139792 3.739533E-19 0.1165033 0.09183207 -1.100203E-19 0.125901 0.08514836 0.009531298 0.1246867 0.0844432 0.006953607 0.1185808 0.09074836 0.008653506 0.1200918 0.09012242 0.009566881 0.121426 0.08960353 -5.780727E-19 0.1288089 0.06851899 0.01022279 0.1228929 0.08887053 0.00899431 0.1277196 0.06847944 0.0162172 0.1231603 0.08395154 0.02365499 0.1184832 0.08314896 0.009490494 0.1214884 0.08950577 0.008560195 0.1202264 0.09000248 0.01753762 0.1252493 0.06861806 0.008933164 0.1246271 0.05009046 -2.472615E-19 0.1254328 0.04960791 2.602085E-19 0.1141344 0.03936201 0.01641969 0.1227731 0.05203362 0.01031644 0.1143462 0.04029058 0.02314972 0.1146173 0.04944862 0.02626224 0.1162077 0.06541499 0.01085114 0.1010401 0.04591717 0.019174 0.1027464 0.05475864 0.0206848 0.1049966 0.06716741 0.0198 0.1097525 0.08408786 0.006894235 0.1187146 0.09062897 0.01197643 0.09685247 0.06843945 0.01091344 0.1033599 0.08497996 0.004413565 0.1173437 0.09128062 2.046268E-18 0.09462421 0.06868975 5.326913E-19 0.1012992 0.08515336 -6.614747E-19 0.1166681 0.09171376 5.353042E-19 0.1008559 0.04492287 -0.01031644 0.1143462 0.04029058 -0.008933164 0.1246271 0.05009046 -2.472615E-19 0.1254328 0.04960791 -5.780727E-19 0.1288089 0.06851899 -0.01085114 0.1010401 0.04591717 2.046268E-18 0.09462421 0.06868975 -0.01641969 0.1227731 0.05203362 -0.01197643 0.09685247 0.06843945 5.326913E-19 0.1012992 0.08515336 -0.02314972 0.1146173 0.04944862 -6.614747E-19 0.1166681 0.09171376 -0.004413565 0.1173437 0.09128062 -0.01091344 0.1033599 0.08497996 -0.006894235 0.1187146 0.09062897 -0.0198 0.1097525 0.08408786 -0.008560195 0.1202264 0.09000248 -0.019174 0.1027464 0.05475864 -0.0206848 0.1049966 0.06716741 -0.02365499 0.1184832 0.08314894 -0.009490494 0.1214884 0.08950577 -0.02626224 0.1162077 0.06541499 -0.01022279 0.1228929 0.08887053 -0.01753762 0.1252493 0.06861806 -0.0162172 0.1231603 0.08395154 -0.00899431 0.1277196 0.06847944 -0.009531298 0.1246867 0.0844432 -0.009566881 0.121426 0.08960353 -0.008653506 0.1200918 0.09012242 -0.006953607 0.1185808 0.09074836 -1.100203E-19 0.125901 0.08514836 -0.004401417 0.1171825 0.09139792 3.739533E-19 0.1165033 0.09183207 -1.67064E-21 0.1785608 -0.03904766 -1.927414E-18 0.1698269 -0.05588556 -0.01520663 0.1697567 -0.0541405 -0.01806211 0.1779525 -0.03577435 -0.02928264 0.1695637 -0.04901982 2.17791E-18 0.1839606 -0.01982814 -0.04100159 0.169373 -0.04072782 -0.01905688 0.1821773 -0.01829802 -0.03620525 0.1766217 -0.0254422 -0.04931784 0.1695273 -0.0290997 -1.847424E-19 0.186232 -8.080494E-07 -0.03808099 0.1780629 -0.01304082 -0.05445317 0.1696962 -0.0151392 -0.01922732 0.1840497 -1.43583E-06 -0.03871598 0.1784779 -1.43583E-06 -0.05617639 0.1697674 -1.508444E-05 -0.05437994 0.169743 0.01505193 -0.03793193 0.1781961 0.01256147 -0.04915388 0.1695855 0.02896706 -0.01928113 0.1820768 0.01876184 1.147622E-18 0.1841002 0.01929561 -0.03587154 0.1768043 0.02520015 -0.0406922 0.1694653 0.04048348 -0.01897518 0.1776866 0.03688589 -0.02902399 0.1696589 0.0487468 -7.779321E-19 0.178874 0.03856913 -0.01740387 0.1701311 0.05321902 -2.658566E-19 0.1704591 0.05532476 0.09198037 0.058284 3.787262E-06 0.08387424 0.05377191 0.02247775 0.08683313 0.05377191 3.70657E-06 0.08884615 0.058284 0.02381004 0.0751996 0.05377191 0.04342024 0.09300407 0.06984258 0.02491506 0.09628496 0.06984258 -5.301396E-06 0.0796573 0.058284 0.04599395 0.06140019 0.05377191 0.06140388 0.08338519 0.06984258 0.04813714 0.09507195 0.08399624 0.02546037 0.09842578 0.08399624 -1.406994E-05 0.09794151 0.1007106 -1.97689E-05 0.06503993 0.058284 0.06504369 0.04341655 0.05377191 0.07520328 0.09460415 0.1007106 0.02532933 0.0947917 0.1160922 -2.238806E-05 0.08523918 0.08399624 0.04919878 0.06808372 0.06984258 0.06807841 0.04599017 0.058284 0.07966109 0.02750359 0.058284 0.08713815 0.02596448 0.05377191 0.08227401 0.04814246 0.06984258 0.08337986 0.01426642 0.058284 0.08985313 0.01334491 0.05377191 0.08506608 0.02879073 0.06984258 0.09121551 0.01504416 0.06984258 0.09385446 -5.233744E-19 0.058284 0.09085426 -5.446682E-19 0.05377191 0.08608423 -0.01334491 0.05377191 0.08506608 -4.765486E-19 0.06984258 0.09481617 -0.01426642 0.058284 0.08985313 -0.02596448 0.05377191 0.08227401 -9.206057E-20 0.08399624 0.0967759 -0.02750359 0.058284 0.08713815 -0.04341655 0.05377191 0.07520328 -0.01504416 0.06984258 0.09385446 -0.04599017 0.058284 0.07966109 -0.02879073 0.06984258 0.09121551 -0.01543347 0.08399624 0.09584395 -0.06503993 0.058284 0.06504369 -0.06140019 0.05377191 0.06140388 -0.04814246 0.06984258 0.08337986 -0.0796573 0.058284 0.04599395 -0.0751996 0.05377191 0.04342024 -0.06808372 0.06984258 0.06807841 -0.08884615 0.058284 0.02381004 -0.08387424 0.05377191 0.02247775 -0.08338519 0.06984258 0.04813714 -0.09198037 0.058284 3.787262E-06 -0.08683313 0.05377191 3.70657E-06 -0.09300407 0.06984258 0.02491506 -0.09628496 0.06984258 -5.301396E-06 -0.09507195 0.08399624 0.02546037 -0.09842578 0.08399624 -1.406994E-05 -0.09794151 0.1007106 -1.97689E-05 -0.08523918 0.08399624 0.04919878 -0.09460415 0.1007106 0.02532933 -0.0947917 0.1160922 -2.238806E-05 -0.06959751 0.08399624 0.06958342 -0.08481976 0.1007106 0.04895095 -0.09156166 0.1160922 0.02451148 -0.04984907 0.08399624 0.08473694 -0.06925505 0.1007106 0.06923526 -0.02943087 0.08399624 0.09324503 -0.05019689 0.1007106 0.08385913 -0.03014242 0.1006768 0.09216704 -0.01536069 0.1007106 0.09536168 -0.08209194 0.1160922 0.04737343 -0.06702781 0.1160922 0.0670054 -0.07785976 0.1295778 0.04492799 -0.06360228 0.1294034 0.06357343 -0.04840211 0.1146255 0.08115412 -0.08684126 0.1295778 0.02324469 -0.08990475 0.1295778 -2.433988E-05 -0.04094877 0.1113889 0.08574833 -0.07967199 0.1431165 0.0213216 -0.08248237 0.143116 -2.642831E-05 -0.07143182 0.1431179 0.04121473 -0.06865471 0.157465 0.01837133 -0.07107645 0.1574621 -2.462869E-05 -0.05617639 0.1697674 -1.508444E-05 -0.05437994 0.169743 0.01505193 -0.06155356 0.1574734 0.03551332 -0.04915388 0.1695855 0.02896706 -0.0502584 0.1574766 0.05023376 -0.0406922 0.1694653 0.04048348 -0.02902399 0.1696589 0.0487468 -0.05832397 0.1431185 0.05829753 -0.03553798 0.1574741 0.06152895 -0.02125301 0.1574691 0.06736994 -0.01740387 0.1701311 0.05321902 -0.04158259 0.1425643 0.07132343 -0.01077366 0.1574673 0.06989923 -2.658566E-19 0.1704591 0.05532476 -0.03388109 0.1450673 0.07363249 -2.700414E-20 0.1574661 0.07079526 -0.02715753 0.1418666 0.07798259 0.01077366 0.1574673 0.06989923 0.01740387 0.1701311 0.05321902 -1.194828E-18 0.1434362 0.08138876 -0.01269043 0.1429977 0.08050186 0.02125301 0.1574691 0.06736994 0.02902399 0.1696589 0.0487468 0.01269043 0.1429977 0.08050186 0.03553798 0.1574741 0.06152895 0.02715753 0.1418666 0.07798259 0.0502584 0.1574766 0.05023376 0.0406922 0.1694653 0.04048348 0.04915388 0.1695855 0.02896706 0.03388109 0.1450673 0.07363249 0.06155356 0.1574734 0.03551332 0.05437994 0.169743 0.01505193 0.05832397 0.1431185 0.05829753 0.06865471 0.157465 0.01837133 0.05617639 0.1697674 -1.508444E-05 0.07107645 0.1574621 -2.462869E-05 0.08248237 0.143116 -2.642831E-05 0.07967199 0.1431165 0.0213216 0.08990475 0.1295778 -2.433988E-05 0.07143182 0.1431179 0.04121473 0.08684126 0.1295778 0.02324469 0.07785976 0.1295778 0.04492799 0.09156166 0.1160922 0.02451148 0.08481976 0.1007106 0.04895095 0.08209194 0.1160922 0.04737343 0.06959751 0.08399624 0.06958342 0.06925505 0.1007106 0.06923526 0.06360228 0.1294034 0.06357343 0.06702781 0.1160922 0.0670054 0.05019689 0.1007106 0.08385913 0.04984907 0.08399624 0.08473694 0.02943087 0.08399624 0.09324503 0.03014242 0.1006768 0.09216704 0.01543347 0.08399624 0.09584395 0.01536069 0.1007106 0.09536168 -3.291963E-19 0.1007106 0.09628592 0.006156983 0.1103798 0.09436039 -0.006156983 0.1103798 0.09436039 -6.561008E-19 0.1091082 0.09482662 -1.398087E-29 0.1160262 0.0930579 0.01121804 0.1127718 0.09338993 0.004600459 0.1167286 0.09274699 -0.004600459 0.1167286 0.09274699 -6.614747E-19 0.1166681 0.09171376 0.004413565 0.1173437 0.09128062 -0.004413565 0.1173437 0.09128062 0.007464642 0.118077 0.09219736 0.006894235 0.1187146 0.09062897 -0.007464642 0.118077 0.09219736 -0.006894235 0.1187146 0.09062897 0.009337271 0.1198014 0.09143722 0.008560195 0.1202264 0.09000248 -0.009337271 0.1198014 0.09143722 -0.008560195 0.1202264 0.09000248 -0.01121804 0.1127718 0.09338993 -0.01490789 0.1156464 0.09220666 -0.01012401 0.1214698 0.09078012 -0.009490494 0.1214884 0.08950577 -0.01022279 0.1228929 0.08887053 -0.01716997 0.1191234 0.09079353 -0.01049116 0.123436 0.09002822 -0.009556361 0.1224475 0.09051195 -0.009566881 0.121426 0.08960353 -0.01786264 0.1232594 0.08920763 -0.008540997 0.1212477 0.09106173 -0.008653506 0.1200918 0.09012242 -0.01075362 0.1259287 0.08914703 -0.007795132 0.1253175 0.08967713 -0.007019282 0.1199646 0.09165467 -0.006953607 0.1185808 0.09074836 -0.004373634 0.118685 0.09225281 -0.004401417 0.1171825 0.09139792 -0.004200629 0.1239362 0.09052167 2.636257E-19 0.117938 0.09267068 3.739533E-19 0.1165033 0.09183207 0.004401417 0.1171825 0.09139792 8.863678E-20 0.1229401 0.09109563 0.004373634 0.118685 0.09225281 0.006953607 0.1185808 0.09074836 -3.422989E-19 0.1315479 0.08769248 0.007019282 0.1199646 0.09165467 0.008653506 0.1200918 0.09012242 0.004200629 0.1239362 0.09052167 0.008540997 0.1212477 0.09106173 0.009566881 0.121426 0.08960353 0.007795132 0.1253175 0.08967713 0.009556442 0.1224475 0.09051198 0.01022279 0.1228929 0.08887053 0.005581852 0.1315878 0.08733833 0.01075362 0.1259287 0.08914703 0.01153871 0.1313127 0.08689906 -0.005581852 0.1315878 0.08733833 -0.01153871 0.1313127 0.08689906 -0.02458005 0.1352946 0.08233126 -0.0252 0.1278589 0.08589937 -0.03128598 0.1379794 0.07904728 -0.0278713 0.1200192 0.08783696 -0.02967843 0.133569 0.08187475 -0.03409198 0.1140557 0.08769928 -0.03235902 0.1230293 0.08546853 -0.04055693 0.1166181 0.08443601 -0.03575512 0.1188374 0.08555453 -0.0446151 0.1189153 0.08180336 -0.04036883 0.1178481 0.08390748 -0.03596753 0.1197801 0.08491275 -0.03046595 0.1283574 0.08415714 -0.03296242 0.1237539 0.08472446 -0.04012977 0.118295 0.08325853 -0.0359672 0.1201929 0.08415622 -0.0332232 0.1240446 0.0837583 -0.04389336 0.1198931 0.08161556 -0.04336705 0.1202722 0.08112679 -0.0314786 0.1283467 0.08354089 -0.03189867 0.1281175 0.0827025 -0.03133436 0.1323722 0.08084806 -0.03063087 0.1330985 0.08163191 -0.03122137 0.1326593 0.08124329 -0.03241547 0.1360117 0.07862931 -0.03190794 0.1371179 0.07903538 -0.03230449 0.1364288 0.07889697 -0.03557948 0.138039 0.07643474 -0.0356179 0.1385118 0.07660425 -0.0355549 0.1393379 0.07658692 -0.03957406 0.1366536 0.07576277 -0.03934933 0.1362152 0.07565404 -0.03991192 0.1374264 0.07566731 -0.0353721 0.1403541 0.07630804 -0.04025292 0.1382943 0.07520688 -0.04734857 0.1360669 0.07215827 -0.04394149 0.1340473 0.07577537 -0.0506328 0.1289441 0.07412755 -0.04318023 0.1335368 0.07619795 -0.04576167 0.128834 0.07738905 -0.05106052 0.1214094 0.07711125 -0.04637225 0.1237131 0.07916814 -0.04535673 0.1243509 0.07927407 -0.04443315 0.1246139 0.07892273 -0.04460553 0.1287729 0.07785902 -0.04372884 0.1284942 0.07759348 -0.04214319 0.1327082 0.0761175 -0.04252521 0.1330628 0.07640509 0.01490789 0.1156464 0.09220666 0.01012401 0.1214698 0.09078012 0.009490494 0.1214884 0.08950577 0.01716997 0.1191234 0.09079353 0.01049116 0.123436 0.09002822 0.01786264 0.1232594 0.08920763 0.0278713 0.1200192 0.08783696 0.0252 0.1278589 0.08589937 0.03409198 0.1140557 0.08769928 0.02458005 0.1352946 0.08233126 0.04094877 0.1113889 0.08574833 0.04840211 0.1146255 0.08115412 0.04055693 0.1166181 0.08443601 0.05106052 0.1214094 0.07711125 0.0446151 0.1189153 0.08180336 0.03575512 0.1188374 0.08555453 0.04036883 0.1178481 0.08390748 0.03235902 0.1230293 0.08546853 0.03596753 0.1197801 0.08491275 0.04389336 0.1198931 0.08161556 0.04012977 0.118295 0.08325853 0.0359672 0.1201929 0.08415622 0.04336705 0.1202722 0.08112679 0.03296242 0.1237539 0.08472446 0.0332232 0.1240446 0.0837583 0.04535673 0.1243509 0.07927407 0.04443315 0.1246139 0.07892273 0.04637225 0.1237131 0.07916814 0.04460553 0.1287729 0.07785902 0.04372884 0.1284942 0.07759348 0.04214319 0.1327082 0.0761175 0.04576167 0.128834 0.07738905 0.0506328 0.1289441 0.07412755 0.04252521 0.1330628 0.07640509 0.03934933 0.1362152 0.07565404 0.04734857 0.1360669 0.07215827 0.03957406 0.1366536 0.07576277 0.03557948 0.138039 0.07643474 0.04318023 0.1335368 0.07619795 0.04394149 0.1340473 0.07577537 0.03991192 0.1374264 0.07566731 0.0356179 0.1385118 0.07660425 0.04025292 0.1382943 0.07520688 0.04158259 0.1425643 0.07132343 0.0353721 0.1403541 0.07630804 0.0355549 0.1393379 0.07658692 0.03128598 0.1379794 0.07904728 0.03190794 0.1371179 0.07903538 0.02967843 0.133569 0.08187475 0.03230449 0.1364288 0.07889697 0.03241547 0.1360117 0.07862931 0.03063087 0.1330985 0.08163191 0.03046595 0.1283574 0.08415714 0.03122137 0.1326593 0.08124329 0.03133436 0.1323722 0.08084806 0.0314786 0.1283467 0.08354089 0.03189867 0.1281175 0.0827025 0.09198037 0.058284 3.787262E-06 0.08683313 0.05377191 3.70657E-06 0.08884621 0.058284 -0.02380249 0.08387432 0.05377191 -0.02247036 0.09628496 0.06984258 -5.301396E-06 0.07965734 0.058284 -0.0459864 0.07519963 0.05377191 -0.04341285 0.09300412 0.06984258 -0.02492568 0.09842578 0.08399624 -1.406994E-05 0.06503994 0.058284 -0.06503616 0.06140021 0.05377191 -0.0613965 0.08338521 0.06984258 -0.04814778 0.04599017 0.058284 -0.07965355 0.04341655 0.05377191 -0.07519592 0.02247406 0.05377191 -0.08387062 0.06808374 0.06984258 -0.06808904 0.04814247 0.06984258 -0.0833905 0.02380627 0.058284 -0.08884242 -1.057047E-18 0.05377191 -0.08682939 0.04921288 0.08399624 -0.08525331 0.02492037 0.06984258 -0.09300941 -1.040428E-18 0.058284 -0.09197656 0.06959753 0.08399624 -0.06961161 -0.02380627 0.058284 -0.08884242 -0.02247406 0.05377191 -0.08387062 -6.912066E-19 0.06984258 -0.09629025 -0.04599017 0.058284 -0.07965355 -0.04341655 0.05377191 -0.07519592 -0.06140021 0.05377191 -0.0613965 -0.06503994 0.058284 -0.06503616 -0.07519963 0.05377191 -0.04341285 -0.04814247 0.06984258 -0.0833905 -0.02492037 0.06984258 -0.09300941 -0.06808374 0.06984258 -0.06808904 -0.07965734 0.058284 -0.0459864 -0.08387432 0.05377191 -0.02247036 -0.04921288 0.08399624 -0.08525331 -0.08884621 0.058284 -0.02380249 -0.08683313 0.05377191 3.70657E-06 -0.09198037 0.058284 3.787262E-06 -0.09628496 0.06984258 -5.301396E-06 -0.09300412 0.06984258 -0.02492568 -0.09842578 0.08399624 -1.406994E-05 -0.08338521 0.06984258 -0.04814778 -0.06959753 0.08399624 -0.06961161 -0.08523922 0.08399624 -0.04922697 -0.095072 0.08399624 -0.02548853 -0.09460419 0.1007106 -0.02536889 -0.09794151 0.1007106 -1.97689E-05 -0.08481981 0.1007106 -0.04899052 -0.06925508 0.1007106 -0.06927486 -0.0915617 0.1160922 -0.02455627 -0.0947917 0.1160922 -2.238806E-05 -0.08990475 0.1295778 -2.433988E-05 -0.08209197 0.1160922 -0.04741824 -0.08684132 0.1295778 -0.02329339 -0.08248237 0.143116 -2.642831E-05 -0.06702783 0.1160922 -0.06705023 -0.07785979 0.1295778 -0.04497671 -0.07967179 0.1431165 -0.02137442 -0.07107645 0.1574621 -2.462869E-05 -0.06357224 0.1295778 -0.06359659 -0.06865432 0.157465 -0.0184205 -0.05617639 0.1697674 -1.508444E-05 -0.05445317 0.1696962 -0.0151392 -0.0714318 0.1431179 -0.04126759 -0.0615535 0.1574734 -0.03556255 -0.04931784 0.1695273 -0.0290997 -0.04100159 0.169373 -0.04072782 -0.05832395 0.1431185 -0.05835038 -0.05025835 0.1574766 -0.05028298 -0.02928264 0.1695637 -0.04901982 -0.04495236 0.1295778 -0.07788412 -0.03553794 0.1574741 -0.06157816 -0.01520663 0.1697567 -0.0541405 -0.04124118 0.143118 -0.07145827 -0.01839591 0.1574682 -0.06867907 -1.927414E-18 0.1698269 -0.05588556 -0.02134803 0.143117 -0.07969837 1.189448E-19 0.1574661 -0.07110088 0.01839591 0.1574682 -0.06867907 0.01520663 0.1697567 -0.0541405 1.469023E-18 0.1431167 -0.08250877 0.03553794 0.1574741 -0.06157816 0.02928264 0.1695637 -0.04901982 0.02134803 0.143117 -0.07969837 1.298353E-18 0.1295778 -0.08992907 -0.02326904 0.1295778 -0.08686565 0.02326904 0.1295778 -0.08686565 1.492917E-18 0.1160922 -0.09481411 -0.02453389 0.1160922 -0.09158411 0.04124118 0.143118 -0.07145827 0.02453389 0.1160922 -0.09158411 0.05025835 0.1574766 -0.05028298 0.04100159 0.169373 -0.04072782 0.04495236 0.1295778 -0.07788412 0.05832395 0.1431185 -0.05835038 0.0615535 0.1574734 -0.03556255 0.04931784 0.1695273 -0.0290997 0.05445317 0.1696962 -0.0151392 0.06357224 0.1295778 -0.06359659 0.06865432 0.157465 -0.0184205 0.05617639 0.1697674 -1.508444E-05 0.07107645 0.1574621 -2.462869E-05 0.0714318 0.1431179 -0.04126759 0.07967179 0.1431165 -0.02137442 0.08248237 0.143116 -2.642831E-05 0.07785979 0.1295778 -0.04497671 0.08684132 0.1295778 -0.02329339 0.08990475 0.1295778 -2.433988E-05 0.06702783 0.1160922 -0.06705023 0.0915617 0.1160922 -0.02455627 0.0947917 0.1160922 -2.238806E-05 0.09794151 0.1007106 -1.97689E-05 0.08209197 0.1160922 -0.04741824 0.09460419 0.1007106 -0.02536889 0.08481981 0.1007106 -0.04899052 0.095072 0.08399624 -0.02548853 0.08523922 0.08399624 -0.04922697 0.06925508 0.1007106 -0.06927486 0.04897075 0.1007106 -0.08483956 0.04739585 0.1160922 -0.08211438 0.02547446 0.08399624 -0.09508607 0.02534912 0.1007106 -0.09462395 6.551442E-20 0.1007106 -0.09796127 -1.520189E-18 0.08399624 -0.09843984 -0.02547446 0.08399624 -0.09508607 -0.02534912 0.1007106 -0.09462395 -0.04897075 0.1007106 -0.08483956 -0.04739585 0.1160922 -0.08211438 -0.03301118 0.1228293 0.06840143 -0.04443315 0.1246139 0.07892273 -0.04336705 0.1202722 0.08112679 -0.04012977 0.118295 0.08325853 -0.04372884 0.1284942 0.07759348 -0.0359672 0.1201929 0.08415622 -0.04214319 0.1327082 0.0761175 -0.0332232 0.1240446 0.0837583 -0.03934933 0.1362152 0.07565404 -0.03189867 0.1281175 0.0827025 -0.03557948 0.138039 0.07643474 -0.03133436 0.1323722 0.08084806 -0.03241547 0.1360117 0.07862931 0.03301118 0.1228293 0.06840143 0.0332232 0.1240446 0.0837583 0.0359672 0.1201929 0.08415622 0.04012977 0.118295 0.08325853 0.03189867 0.1281175 0.0827025 0.04336705 0.1202722 0.08112679 0.03133436 0.1323722 0.08084806 0.04443315 0.1246139 0.07892273 0.03241547 0.1360117 0.07862931 0.04372884 0.1284942 0.07759348 0.03557948 0.138039 0.07643474 0.04214319 0.1327082 0.0761175 0.03934933 0.1362152 0.07565404</float_array>
                    <technique_common>
                        <accessor count="621" offset="0" source="pm0812_00_00_body_a_mesh_shape_body_a-geometry-POSITION-array" stride="3">
                            <param name="X" type="float" />
                            <param name="Y" type="float" />
                            <param name="Z" type="float" />
                        </accessor>
                    </technique_common>
                </source>
                <source id="pm0812_00_00_body_a_mesh_shape_body_a-geometry-NORMAL">
                    <float_array id="pm0812_00_00_body_a_mesh_shape_body_a-geometry-NORMAL-array" count="1467">0 -0.9770508 -0.2127686 0 -0.9931641 -0.1165161 -0.05841064 -0.972168 -0.2259521 -0.0480957 -0.9931641 -0.1040039 -0.1165161 -0.9741211 -0.1917725 -0.154541 -0.9741211 -0.1622314 -0.09136963 -0.9931641 -0.06933594 -0.1999512 -0.9736328 -0.1096802 -0.2181396 -0.9736328 -0.06427002 -0.116394 -0.9926758 -0.01447296 -0.2325439 -0.972168 0.005012512 -0.2254639 -0.9726563 0.05441284 -0.1106567 -0.9926758 0.04672241 -0.2025146 -0.9711914 0.1229248 -0.1712646 -0.9711914 0.1629639 -0.07800293 -0.9921875 0.09545898 -0.121582 -0.96875 0.2139893 -0.03668213 -0.9916992 0.1229248 -0.07714844 -0.972168 0.2196045 -0.03445435 -0.9677734 0.2484131 0 -0.9912109 0.1311035 0 -0.9726563 0.2316895 0.05841064 -0.972168 -0.2259521 0.0480957 -0.9931641 -0.1040039 0.1165161 -0.9741211 -0.1917725 0.154541 -0.9741211 -0.1622314 0.09136963 -0.9931641 -0.06933594 0.1999512 -0.9736328 -0.1096802 0.2181396 -0.9736328 -0.06427002 0.116394 -0.9926758 -0.01447296 0.2325439 -0.972168 0.005012512 0.2254639 -0.9726563 0.05441284 0.1106567 -0.9926758 0.04672241 0.2025146 -0.9711914 0.1229248 0.1712646 -0.9711914 0.1629639 0.07800293 -0.9921875 0.09545898 0.121582 -0.96875 0.2139893 0.03668213 -0.9916992 0.1229248 0.07714844 -0.972168 0.2196045 0.03445435 -0.9677734 0.2484131 0 0.9462891 -0.3225098 0.1459961 0.8105469 -0.5668945 0 0.8095703 -0.5864258 0.1444092 0.9394531 -0.3105469 0.2929688 0.8022461 -0.5200195 0 0.9829102 -0.18396 0.4216309 0.796875 -0.432373 0.1409912 0.9746094 -0.1716309 0.3305664 0.9145508 -0.2314453 0.5249023 0.8027344 -0.2819824 0 0.9995117 -0.0004873276 0.3769531 0.9204102 -0.1030273 0.5522461 0.8217773 -0.1376953 0.1508789 0.9882813 -0.0003228188 0.3947754 0.918457 -0.001608849 0.5620117 0.8266602 -0.0002264977 0.5512695 0.8222656 0.1390381 0.3769531 0.9204102 0.1022949 0.5214844 0.8046875 0.2827148 0.1405029 0.9746094 0.1717529 0 0.9833984 0.1791992 0.3364258 0.9135742 0.2268066 0.4228516 0.7963867 0.4321289 0.1357422 0.9335938 0.3305664 0.3093262 0.7954102 0.5205078 0 0.9384766 0.3442383 0.1502686 0.8364258 0.5268555 0 0.8613281 0.5073242 0.00674057 -0.7705078 -0.637207 0 -0.8046875 -0.5932617 0 -0.9453125 -0.3254395 -0.1807861 -0.9501953 -0.2531738 0.4580078 -0.8598633 -0.2241211 0.6586914 -0.7353516 -0.15625 0.8164063 -0.5673828 -0.1043091 0 -0.9995117 0.005191803 -0.2878418 -0.637207 -0.7143555 -0.1862793 -0.9824219 0.009399414 -0.3713379 -0.8964844 -0.2402344 -0.8881836 -0.1755371 -0.4240723 -0.5444336 -0.004238129 -0.8383789 -0.4853516 0.1478271 -0.8613281 -0.4584961 -0.8876953 0.02845764 -0.1729736 -0.8959961 0.407959 0 -0.8930664 0.4494629 0 -0.1411133 0.9897461 -0.467041 -0.8276367 0.310791 -0.2685547 -0.1085815 0.9570313 -0.8579102 -0.08746338 0.5053711 -0.984375 -0.1704102 0.03488159 -0.2790527 0.7138672 0.6416016 -0.7050781 0.6665039 0.2407227 -0.8071289 0.5771484 -0.1231079 -0.668457 0.4599609 -0.5839844 -0.3908691 0.322998 -0.8613281 -0.338623 0.9291992 -0.1452637 -0.2937012 0.7495117 -0.5927734 -0.2113037 0.470459 -0.8564453 0 0.9887695 -0.1489258 0 0.8364258 -0.5473633 0 0.5625 -0.8266602 0 0.7211914 0.6923828 0.2685547 -0.1085815 0.9570313 0.1729736 -0.8959961 0.407959 0.2790527 0.7138672 0.6416016 0.467041 -0.8276367 0.310791 0.338623 0.9291992 -0.1452637 0.8579102 -0.08746338 0.5053711 0.2113037 0.470459 -0.8564453 0.2937012 0.7495117 -0.5927734 0.3908691 0.322998 -0.8613281 0.668457 0.4599609 -0.5839844 0.4853516 0.1478271 -0.8613281 0.7050781 0.6665039 0.2407227 0.8071289 0.5771484 -0.1231079 0.8881836 -0.1755371 -0.4240723 0.5444336 -0.004238129 -0.8383789 0.984375 -0.1704102 0.03488159 0.2878418 -0.637207 -0.7143555 0.4584961 -0.8876953 0.02845764 0.3713379 -0.8964844 -0.2402344 0.1862793 -0.9824219 0.009399414 0.1807861 -0.9501953 -0.2531738 -0.8164063 -0.5673828 -0.1043091 -0.6586914 -0.7353516 -0.15625 -0.4580078 -0.8598633 -0.2241211 -0.006736755 -0.7705078 -0.637207 -0.1459961 0.8105469 -0.5668945 -0.1444092 0.9394531 -0.3105469 -0.2929688 0.8022461 -0.5200195 -0.4216309 0.796875 -0.432373 -0.1409912 0.9746094 -0.1716309 -0.3305664 0.9145508 -0.2314453 -0.5249023 0.8027344 -0.2819824 -0.3769531 0.9204102 -0.1030273 -0.5522461 0.8217773 -0.1376953 -0.1508789 0.9882813 -0.0003228188 -0.3947754 0.918457 -0.001608849 -0.5620117 0.8266602 -0.0002266169 -0.5512695 0.8222656 0.1390381 -0.3769531 0.9204102 0.1022949 -0.5214844 0.8046875 0.2827148 -0.1405029 0.9746094 0.1717529 -0.3364258 0.9135742 0.2268066 -0.4228516 0.7963867 0.4321289 -0.1357422 0.9335938 0.3305664 -0.3093262 0.7954102 0.5205078 -0.1502686 0.8364258 0.5268555 0.8696289 -0.4926758 0 0.840332 -0.4926758 0.2252197 0.9375 -0.2391357 0.2512207 0.9707031 -0.2393799 0 0.753418 -0.4924316 0.4350586 0.8408203 -0.2390137 0.4853516 0.9643555 -0.0526123 0.2583008 0.9985352 -0.05273438 0 0.9936523 0.1108398 0 0.6152344 -0.4924316 0.6152344 0.9599609 0.1109009 0.2570801 0.9638672 0.2648926 0 0.8647461 -0.05252075 0.4992676 0.6865234 -0.2392578 0.6860352 0.4414063 -0.4921875 0.75 0.265625 -0.4902344 0.8295898 0.4907227 -0.2371826 0.8378906 0.1154785 -0.4785156 0.8701172 0.2956543 -0.2337646 0.9257813 0.121582 -0.2288818 0.965332 0 -0.4707031 0.8818359 0 -0.2242432 0.9741211 -0.1154785 -0.4785156 0.8701172 0 -0.04785156 0.9985352 -0.265625 -0.4902344 0.8295898 -0.121582 -0.2288818 0.965332 -0.4414063 -0.4921875 0.75 -0.2956543 -0.2337646 0.9257813 -0.1107788 -0.06100464 0.9916992 -0.6152344 -0.4924316 0.6152344 -0.4907227 -0.2371826 0.8378906 -0.753418 -0.4924316 0.4350586 -0.6865234 -0.2392578 0.6860352 -0.840332 -0.4926758 0.2252197 -0.8408203 -0.2390137 0.4853516 -0.8696289 -0.4926758 0 -0.9375 -0.2391357 0.2512207 -0.9707031 -0.2393799 0 -0.9643555 -0.0526123 0.2583008 -0.9985352 -0.05273438 0 -0.9936523 0.1108398 0 -0.8647461 -0.05252075 0.4992676 -0.9599609 0.1109009 0.2570801 -0.9638672 0.2648926 0 -0.7075195 -0.05310059 0.7041016 -0.8603516 0.1109619 0.4968262 -0.9311523 0.2651367 0.2495117 -0.5063477 -0.04824829 0.8603516 -0.7177734 0.09912109 0.6889648 -0.3190918 -0.05325317 0.9458008 -0.5141602 0.07873535 0.8535156 -0.3266602 0.08843994 0.940918 -0.1237793 0.08398438 0.9882813 -0.8349609 0.2651367 0.4819336 -0.7128906 0.2661133 0.6484375 -0.7895508 0.4099121 0.4562988 -0.6713867 0.4074707 0.6181641 -0.5356445 0.2368164 0.8100586 -0.8808594 0.409668 0.236084 -0.9121094 0.409668 0 -0.3864746 0.2023926 0.8994141 -0.8051758 0.5517578 0.2156982 -0.8334961 0.5517578 0 -0.7216797 0.5512695 0.4172363 -0.7011719 0.6879883 0.1848145 -0.7231445 0.6904297 9.518862E-05 -0.6337891 0.6826172 0.3620605 -0.5229492 0.690918 0.4980469 -0.6166992 0.550293 0.5625 -0.361084 0.7119141 0.6015625 -0.2255859 0.7055664 0.6713867 -0.4619141 0.5854492 0.6655273 -0.104187 0.6762695 0.7290039 -0.3063965 0.6049805 0.734375 0 0.6577148 0.7529297 -0.2034912 0.5629883 0.8007813 0.104187 0.6762695 0.7290039 0 0.5688477 0.8222656 -0.1208496 0.5610352 0.8183594 0.2255859 0.7055664 0.6713867 0.1208496 0.5610352 0.8183594 0.361084 0.7119141 0.6015625 0.2034912 0.5629883 0.8007813 0.5229492 0.690918 0.4980469 0.3063965 0.6049805 0.734375 0.6337891 0.6826172 0.3620605 0.6166992 0.550293 0.5625 0.7011719 0.6879883 0.1848145 0.7231445 0.6904297 9.49502E-05 0.8334961 0.5517578 0 0.8051758 0.5517578 0.2156982 0.9121094 0.409668 0 0.7216797 0.5512695 0.4172363 0.8808594 0.409668 0.236084 0.7895508 0.4099121 0.4562988 0.9311523 0.2651367 0.2495117 0.8603516 0.1109619 0.4968262 0.8349609 0.2651367 0.4819336 0.7075195 -0.05310059 0.7041016 0.7177734 0.09912109 0.6889648 0.6713867 0.4074707 0.6181641 0.7128906 0.2661133 0.6484375 0.5141602 0.07873535 0.8535156 0.5063477 -0.04824829 0.8603516 0.3190918 -0.05325317 0.9458008 0.3266602 0.08843994 0.940918 0.1107788 -0.06100464 0.9916992 0.1237793 0.08398438 0.9882813 0 0.05319214 0.9985352 0.05682373 0.2008057 0.9775391 -0.05682373 0.2008057 0.9775391 0 0.2122803 0.9770508 0 0.3537598 0.9350586 0.1035156 0.2319336 0.9667969 0.01032257 0.3557129 0.934082 -0.01032257 0.3557129 0.934082 0.01747131 0.355957 0.934082 -0.01747131 0.355957 0.934082 -0.006710052 0.3791504 0.925293 0.006710052 0.3791504 0.925293 -0.1035156 0.2319336 0.9667969 -0.1853027 0.2364502 0.9536133 0.04208374 0.3937988 0.9179688 -0.2144775 0.262207 0.9404297 -0.08807373 0.3161621 0.9443359 -0.4023438 0.1177368 0.9077148 -0.1760254 0.3562012 0.9174805 -0.4289551 -0.004653931 0.902832 -0.1224365 0.3669434 0.921875 -0.08508301 0.3647461 0.9267578 -0.2805176 0.02764893 0.9589844 -0.1275635 0.0824585 0.9882813 -0.0567627 0.3444824 0.9370117 0 0.08843994 0.9956055 0 0.3300781 0.9438477 0.1275635 0.0824585 0.9882813 0 0.4328613 0.9013672 0.2805176 0.02764893 0.9589844 0.0567627 0.3444824 0.9370117 0.4289551 -0.004657745 0.902832 0.08508301 0.3647461 0.9267578 0.4023438 0.1177368 0.9077148 0.07287598 0.4428711 0.8935547 0.1224365 0.3669434 0.921875 0.1362305 0.4282227 0.8930664 -0.07287598 0.4428711 0.8935547 -0.1362305 0.4282227 0.8930664 -0.192749 0.4599609 0.8662109 -0.21521 0.380127 0.8994141 -0.2609863 0.4819336 0.8359375 -0.2529297 0.2653809 0.9301758 -0.2548828 0.442627 0.859375 -0.3022461 0.2412109 0.921875 -0.3076172 0.3127441 0.8984375 -0.3879395 0.270752 0.8808594 -0.3339844 0.293457 0.8955078 -0.4455566 0.2817383 0.8491211 -0.3273926 0.5395508 0.7749023 -0.5073242 0.5332031 0.6762695 -0.2800293 0.3740234 0.8837891 -0.6079102 0.4418945 0.6591797 -0.0982666 0.9501953 0.2949219 -0.6210938 0.7807617 0.06286621 -0.8852539 0.4643555 -0.01146698 -0.1738281 0.4887695 0.8544922 0.4294434 0.7124023 0.5546875 -0.5913086 0.3845215 0.7084961 -0.9736328 0.2255859 0.01922607 -0.9882813 -0.01004791 0.1518555 -0.5136719 0.3652344 0.7758789 -0.8007813 0.2050781 0.5620117 -0.8310547 -0.3066406 0.4633789 -0.4816895 0.2814941 0.8295898 -0.6801758 0.0723877 0.7290039 -0.3664551 -0.4682617 0.8037109 -0.3842773 -0.03274536 0.9223633 -0.3742676 0.241333 0.8950195 -0.03866577 0.01236725 0.9990234 0.2196045 -0.3708496 0.9018555 -0.2497559 0.2607422 0.9321289 -0.3347168 0.5214844 0.784668 -0.4279785 0.5097656 0.7456055 -0.5336914 0.4831543 0.6938477 -0.472168 0.4570313 0.753418 -0.5634766 0.3996582 0.7226563 -0.2188721 0.3352051 0.9160156 -0.4904785 0.3818359 0.7832031 -0.5673828 0.3078613 0.7631836 -0.4836426 0.3205566 0.8139648 -0.1395264 0.3962402 0.9072266 0.6357422 0.3427734 0.6914063 -0.154541 0.342041 0.9267578 0.6518555 0.07788086 0.7539063 0.5493164 -0.1264648 0.8256836 0.1483154 0.1209106 0.9814453 0.1853027 0.2364502 0.9536133 -0.04208374 0.3937988 0.9179688 0.2144775 0.262207 0.9404297 0.08807373 0.3161621 0.9443359 0.1760254 0.3562012 0.9174805 0.2529297 0.2653809 0.9301758 0.21521 0.380127 0.8994141 0.3022461 0.2412109 0.921875 0.192749 0.4599609 0.8662109 0.3864746 0.2023926 0.8994141 0.5356445 0.2368164 0.8100586 0.3879395 0.270752 0.8808594 0.5673828 0.3078613 0.7631836 0.4455566 0.2817383 0.8491211 0.3339844 0.293457 0.8955078 0.3273926 0.5395508 0.7749023 0.3076172 0.3127441 0.8984375 0.5073242 0.5332031 0.6762695 0.1738281 0.4887695 0.8544922 0.0982666 0.9501953 0.2949219 0.6210938 0.7807617 0.06286621 -0.4294434 0.7124023 0.5546875 0.6079102 0.4418945 0.6591797 0.8852539 0.4643555 -0.01146698 0.1395264 0.3962402 0.9072266 -0.6357422 0.3427734 0.6914063 0.4836426 0.3205566 0.8139648 0.154541 0.342041 0.9267578 -0.6518555 0.07788086 0.7539063 -0.5493164 -0.1264648 0.8256836 0.4904785 0.3818359 0.7832031 0.5634766 0.3996582 0.7226563 -0.1483154 0.1209106 0.9814453 -0.2196045 -0.3708496 0.9018555 0.5336914 0.4831543 0.6938477 0.03866577 0.01236725 0.9990234 0.3664551 -0.4682617 0.8037109 0.2188721 0.3352051 0.9160156 0.472168 0.4570313 0.753418 0.2497559 0.2607422 0.9321289 0.3842773 -0.03274536 0.9223633 0.4279785 0.5097656 0.7456055 0.4619141 0.5854492 0.6655273 0.3347168 0.5214844 0.784668 0.3742676 0.241333 0.8950195 0.2609863 0.4819336 0.8359375 0.4816895 0.2814941 0.8295898 0.2548828 0.442627 0.859375 0.6801758 0.0723877 0.7290039 0.8310547 -0.3066406 0.4633789 0.5136719 0.3652344 0.7758789 0.2800293 0.3740234 0.8837891 0.8007813 0.2050781 0.5620117 0.9882813 -0.01004791 0.1518555 0.5913086 0.3845215 0.7084961 0.9736328 0.2255859 0.01922607 0.840332 -0.4929199 -0.2250977 0.753418 -0.4929199 -0.4348145 0.9375 -0.239502 -0.2512207 0.6147461 -0.4929199 -0.6147461 0.840332 -0.239624 -0.4853516 0.4348145 -0.4931641 -0.7529297 0.6860352 -0.2397461 -0.6860352 0.4853516 -0.2398682 -0.840332 0.2250977 -0.4931641 -0.8398438 0.4992676 -0.0531311 -0.8647461 0.2512207 -0.2399902 -0.9375 0 -0.4931641 -0.8696289 0.7060547 -0.05307007 -0.7060547 -0.2250977 -0.4931641 -0.8398438 0 -0.2399902 -0.9707031 -0.4348145 -0.4931641 -0.7529297 -0.6147461 -0.4929199 -0.6147461 -0.4853516 -0.2398682 -0.840332 -0.2512207 -0.2399902 -0.9375 -0.6860352 -0.2397461 -0.6860352 -0.753418 -0.4929199 -0.4348145 -0.4992676 -0.0531311 -0.8647461 -0.840332 -0.4929199 -0.2250977 -0.9375 -0.239502 -0.2512207 -0.840332 -0.239624 -0.4853516 -0.7060547 -0.05307007 -0.7060547 -0.8647461 -0.05297852 -0.4992676 -0.9643555 -0.05285645 -0.2583008 -0.9599609 0.1107788 -0.2570801 -0.8603516 0.1107178 -0.4968262 -0.7026367 0.1106567 -0.7026367 -0.9311523 0.2648926 -0.2495117 -0.8349609 0.2648926 -0.4819336 -0.8808594 0.4094238 -0.236084 -0.6816406 0.2648926 -0.6816406 -0.7900391 0.4094238 -0.4560547 -0.8051758 0.5517578 -0.2156982 -0.6450195 0.4094238 -0.6450195 -0.7021484 0.6875 -0.1844482 -0.7216797 0.5517578 -0.416748 -0.6357422 0.6811523 -0.3620605 -0.5893555 0.5517578 -0.5893555 -0.519043 0.6782227 -0.5195313 -0.4560547 0.4094238 -0.7900391 -0.3605957 0.6831055 -0.6347656 -0.416748 0.5517578 -0.7216797 -0.1834717 0.6904297 -0.6992188 -0.2156982 0.5517578 -0.8051758 0 0.6933594 -0.7202148 0.1834717 0.6904297 -0.6992188 0 0.5517578 -0.8334961 0.3605957 0.6831055 -0.6347656 0.2156982 0.5517578 -0.8051758 0 0.4094238 -0.9121094 -0.236084 0.4094238 -0.8808594 0.236084 0.4094238 -0.8808594 0 0.2648926 -0.9638672 -0.2495117 0.2648926 -0.9311523 0.416748 0.5517578 -0.7216797 0.2495117 0.2648926 -0.9311523 0.519043 0.6782227 -0.5195313 0.4560547 0.4094238 -0.7900391 0.5893555 0.5517578 -0.5893555 0.6357422 0.6811523 -0.3620605 0.6450195 0.4094238 -0.6450195 0.7021484 0.6875 -0.1844482 0.7216797 0.5517578 -0.416748 0.8051758 0.5517578 -0.2156982 0.7900391 0.4094238 -0.4560547 0.8808594 0.4094238 -0.236084 0.6816406 0.2648926 -0.6816406 0.9311523 0.2648926 -0.2495117 0.8349609 0.2648926 -0.4819336 0.9599609 0.1107788 -0.2570801 0.8603516 0.1107178 -0.4968262 0.9643555 -0.05285645 -0.2583008 0.8647461 -0.05297852 -0.4992676 0.7026367 0.1106567 -0.7026367 0.4968262 0.1106567 -0.8603516 0.4819336 0.2648926 -0.8349609 0.2583008 -0.05319214 -0.9643555 0.2570801 0.1105957 -0.9599609 0 0.1105957 -0.9936523 0 -0.05322266 -0.9985352 -0.2583008 -0.05319214 -0.9643555 -0.2570801 0.1105957 -0.9599609 -0.4968262 0.1106567 -0.8603516 -0.4819336 0.2648926 -0.8349609 -0.3505859 0.4038086 0.8447266 0.3505859 0.4038086 0.8447266</float_array>
                    <technique_common>
                        <accessor count="489" offset="0" source="pm0812_00_00_body_a_mesh_shape_body_a-geometry-NORMAL-array" stride="3">
                            <param name="X" type="float" />
                            <param name="Y" type="float" />
                            <param name="Z" type="float" />
                        </accessor>
                    </technique_common>
                </source>
                <source id="pm0812_00_00_body_a_mesh_shape_body_a-geometry-TEXCOORD">
                    <float_array id="pm0812_00_00_body_a_mesh_shape_body_a-geometry-TEXCOORD-array" count="1242">0.09765625 0.625006 0.1875 0.625006 0.102336 0.6699333 0.1960219 0.6574249 0.1196342 0.7118506 0.1472123 0.7478582 0.2227834 0.692248 0.1831783 0.7755073 0.2250838 0.7929118 0.263319 0.7090332 0.2700772 0.7988803 0.315093 0.7929969 0.3068121 0.7033013 0.3570597 0.7756554 0.3931059 0.7480317 0.3416284 0.676587 0.4207586 0.7120141 0.3568599 0.6443467 0.4349741 0.6770589 0.4405661 0.6517528 0.359375 0.625006 0.4414063 0.625006 0.897664 0.6699333 0.8125 0.625006 0.9023438 0.625006 0.8039781 0.6574249 0.8803658 0.7118506 0.8527877 0.7478582 0.777217 0.6922421 0.8168217 0.7755073 0.7749162 0.7929118 0.736681 0.7090332 0.7299316 0.7988788 0.6849134 0.7929992 0.6931879 0.7033013 0.6429415 0.7756592 0.6068895 0.7480351 0.6583716 0.676587 0.5792347 0.7120126 0.6431404 0.6443462 0.5650198 0.6770527 0.5594302 0.6517434 0.640625 0.625006 0.5585938 0.625006 0.7465519 0.8594416 0.7125966 0.8905174 0.7094923 0.8594416 0.7531667 0.8950198 0.7229559 0.9196385 0.7854811 0.8593961 0.7401016 0.9441655 0.7885462 0.8966271 0.7735431 0.9315372 0.7643835 0.9612654 0.8242188 0.859375 0.7983605 0.9346663 0.7931238 0.9717191 0.8242064 0.8965229 0.8241926 0.9359315 0.8241435 0.9752457 0.8550575 0.9715785 0.8490444 0.9343362 0.8837063 0.9609674 0.8608817 0.8972111 0.8619411 0.859463 0.8743156 0.9308521 0.9077376 0.9436254 0.8974231 0.8971148 0.9248887 0.9193256 0.9007443 0.8594415 0.9338386 0.8951426 0.9377129 0.8594413 0.6117074 0.9608662 0.6118963 0.9732824 0.5952019 0.9751447 0.5964791 0.9395738 0.6107613 0.9514053 0.6097236 0.9362589 0.609681 0.9273795 0.5625681 0.9731975 0.6091843 0.9215283 0.5677692 0.9494767 0.593772 0.9243846 0.5919589 0.9043438 0.6121328 0.8958575 0.6112239 0.8740934 0.5697927 0.9323259 0.5329713 0.9425664 0.5220186 0.9566262 0.4999999 0.921875 0.5415687 0.9328549 0.517256 0.92207 0.5400751 0.9156306 0.565484 0.9095986 0.518633 0.8887385 0.5407 0.8865085 0.5611228 0.881228 0.5899546 0.8741141 0.6088724 0.8553498 0.5531595 0.8591954 0.5837344 0.8507739 0.606257 0.8404948 0.5405772 0.841809 0.5774707 0.8256096 0.6054844 0.8277202 0.4999999 0.8920535 0.4827439 0.92207 0.4670287 0.9425664 0.4779813 0.9566262 0.4374316 0.9731975 0.4813669 0.8887385 0.4594226 0.841809 0.4584312 0.9328549 0.4468405 0.8591954 0.4225294 0.8256095 0.4599248 0.9156306 0.3945156 0.8277202 0.3937429 0.8404948 0.4162655 0.8507739 0.3911276 0.8553498 0.4100452 0.8741141 0.3887761 0.8740934 0.4592999 0.8865085 0.4388772 0.881228 0.4080411 0.9043438 0.3878672 0.8958575 0.4345158 0.9095986 0.3908157 0.9215283 0.4302072 0.9323259 0.4062279 0.9243846 0.4322306 0.9494767 0.4035208 0.9395738 0.390319 0.9273795 0.3902764 0.9362589 0.3892388 0.9514053 0.404798 0.9751447 0.3882926 0.9608663 0.3881037 0.9732825 0.2534481 0.8594413 0.2905076 0.8594413 0.2874033 0.8905172 0.2468333 0.8950197 0.277044 0.9196382 0.2145189 0.859396 0.2598984 0.9441655 0.2114539 0.8966271 0.2264569 0.9315369 0.2356166 0.9612651 0.1757813 0.859375 0.2016396 0.9346662 0.2068763 0.971719 0.1757937 0.8965229 0.1758075 0.9359314 0.1758566 0.9752455 0.1449428 0.9715784 0.1509557 0.9343362 0.1162939 0.9609673 0.1391183 0.8972111 0.138059 0.859463 0.1256846 0.930852 0.0922626 0.9436253 0.1025771 0.8971146 0.07511166 0.9193255 0.09925595 0.8594415 0.06616166 0.8951426 0.06228711 0.8594416 0.7714844 0.03088051 0.7252342 0.015625 0.7714844 0.015625 0.7252342 0.03088051 0.6796504 0.015625 0.7252342 0.0543561 0.7714844 0.0543561 0.6796504 0.03088051 0.6358256 0.015625 0.6796504 0.0543561 0.7252342 0.08219588 0.7714844 0.08219588 0.7714844 0.1149582 0.6358256 0.03088051 0.5934531 0.015625 0.7252342 0.1149582 0.7714844 0.1440961 0.6796504 0.08219588 0.6358256 0.0543561 0.5934531 0.03088051 0.5549002 0.03088051 0.5549002 0.015625 0.5934531 0.0543561 0.5277414 0.03088051 0.5275006 0.015625 0.5549002 0.0543561 0.5279328 0.0543561 0.5 0.03088051 0.5 0.015625 0.4724994 0.015625 0.5 0.0543561 0.4722586 0.03088051 0.4450998 0.015625 0.5 0.08219588 0.4450998 0.03088051 0.4065469 0.015625 0.4720672 0.0543561 0.4065469 0.03088051 0.4450998 0.0543561 0.4719719 0.08219582 0.3641744 0.03088051 0.3641744 0.015625 0.4065469 0.0543561 0.3203496 0.03088051 0.3203496 0.015625 0.3641744 0.0543561 0.2747658 0.03088051 0.2747658 0.015625 0.3203496 0.0543561 0.2285156 0.03088051 0.2285156 0.015625 0.2747658 0.0543561 0.2285156 0.0543561 0.2747658 0.08219582 0.2285156 0.08219582 0.2285156 0.1149582 0.3203496 0.08219582 0.2747658 0.1149582 0.2285156 0.1440961 0.3641744 0.08219582 0.3203496 0.1149582 0.2747658 0.1440961 0.4065469 0.08219582 0.3641744 0.1149582 0.4450998 0.08219582 0.4065469 0.1149582 0.4450998 0.1149582 0.4719589 0.1149582 0.3203496 0.1440961 0.3641744 0.1440961 0.3203496 0.1725888 0.3641744 0.1725888 0.4066381 0.1416928 0.2747658 0.1725888 0.2285156 0.1725888 0.4226743 0.1358007 0.2747658 0.2055714 0.2285156 0.2055714 0.3203496 0.2055714 0.2747658 0.2502155 0.2285156 0.2502155 0.2285156 0.2929688 0.2747658 0.2929688 0.3203496 0.2502155 0.3203496 0.2929688 0.3641744 0.2502155 0.3641744 0.2929688 0.4080232 0.2929688 0.3641744 0.2055714 0.409373 0.2502155 0.4471498 0.2502155 0.4462321 0.2929688 0.4091511 0.2053233 0.4735374 0.2502155 0.5 0.2929688 0.4257531 0.2143416 0.5 0.2502155 0.4423876 0.2059636 0.5264626 0.2502155 0.5537679 0.2929688 0.5 0.2097833 0.4732671 0.2097833 0.5528502 0.2502155 0.5919768 0.2929688 0.5267329 0.2097833 0.590627 0.2502155 0.5576124 0.2059636 0.6358256 0.2502155 0.6358256 0.2929688 0.6796504 0.2929688 0.5742468 0.2143416 0.6796504 0.2502155 0.7252342 0.2929688 0.6358256 0.2055714 0.7252342 0.2502155 0.7714844 0.2929688 0.7714844 0.2502155 0.7714844 0.2055714 0.7252342 0.2055714 0.7714844 0.1725888 0.6796504 0.2055714 0.7252342 0.1725888 0.6796504 0.1725888 0.7252342 0.1440961 0.6796504 0.1149582 0.6796504 0.1440961 0.6358256 0.08219588 0.6358256 0.1149582 0.6358256 0.1725888 0.6358256 0.1440961 0.5934531 0.1149582 0.5934531 0.08219588 0.5549002 0.08219588 0.5549002 0.1149582 0.528028 0.08219588 0.528041 0.1149582 0.5 0.1149582 0.5116 0.1331634 0.4884001 0.1331635 0.5 0.1309483 0.5 0.1436539 0.5212063 0.137799 0.5088581 0.1450463 0.4911419 0.1450461 0.5 0.1450292 0.5080085 0.1461471 0.4919915 0.1461472 0.5143707 0.1479114 0.5129559 0.1491676 0.4856293 0.1479114 0.4870441 0.1491676 0.5179836 0.1513798 0.5160626 0.1519551 0.4820164 0.1513798 0.4839374 0.1519551 0.4787937 0.137799 0.4719625 0.1437551 0.4806063 0.1552951 0.4822688 0.1548102 0.4815664 0.1574402 0.4673858 0.1506206 0.48002 0.1597 0.483024 0.1571133 0.4829956 0.1552092 0.4659553 0.1599997 0.4844816 0.1545879 0.4844229 0.1526111 0.4797137 0.1650058 0.485518 0.1632396 0.4878474 0.1519354 0.4880563 0.149603 0.4919488 0.149592 0.491932 0.1470505 0.4924077 0.1600264 0.5 0.1478149 0.5000002 0.145389 0.5080684 0.1470472 0.5 0.1578513 0.5080512 0.149592 0.5119437 0.149603 0.5 0.1781995 0.5121526 0.1519355 0.5155771 0.1526111 0.5075923 0.1600264 0.5155184 0.1545879 0.5170044 0.1552092 0.514482 0.1632396 0.5169759 0.1571133 0.5184335 0.1574402 0.5104682 0.1781995 0.5202863 0.1650058 0.5223535 0.1781995 0.4895318 0.1781995 0.4776465 0.1781995 0.4503645 0.1895601 0.451009 0.1705852 0.4353526 0.1935589 0.4468793 0.1524543 0.4402412 0.1821174 0.435727 0.1409009 0.4375502 0.159308 0.4222984 0.1471438 0.4314948 0.1514404 0.4133406 0.1520902 0.4222497 0.1550661 0.4307274 0.1572726 0.4402709 0.1709343 0.4360148 0.1614487 0.4222081 0.1567465 0.4300064 0.1588861 0.4346755 0.1628277 0.4148256 0.1598579 0.4155248 0.1609801 0.4380344 0.1707698 0.4363742 0.1702251 0.4347069 0.1724066 0.4372078 0.1770951 0.4356068 0.1734269 0.4321334 0.1744602 0.4333141 0.1824824 0.4324791 0.1755292 0.4250427 0.1750739 0.4250885 0.1761837 0.4251753 0.1868973 0.4173953 0.1760074 0.4176608 0.1748347 0.4161789 0.1834898 0.4252775 0.1979232 0.4151767 0.1930019 0.3996443 0.1892198 0.4090356 0.1816785 0.3962282 0.1725888 0.4115535 0.1777326 0.4074374 0.1725888 0.3984681 0.1569811 0.408066 0.1619465 0.4104074 0.164948 0.4118884 0.1660788 0.40982 0.1714455 0.4114343 0.1719277 0.4139122 0.1735638 0.4129552 0.1747683 0.5280375 0.1437551 0.5193937 0.1552951 0.5177312 0.1548102 0.5326143 0.1506206 0.5199799 0.1597 0.5340448 0.1599997 0.5531207 0.1524543 0.548991 0.1705851 0.564273 0.1409009 0.5496355 0.1895601 0.5773257 0.1358007 0.5933619 0.1416928 0.5777016 0.1471438 0.6015319 0.1569811 0.5866594 0.1520902 0.5685052 0.1514404 0.5777503 0.1550661 0.5624498 0.159308 0.5692726 0.1572726 0.5851743 0.1598579 0.5777919 0.1567465 0.5699937 0.1588861 0.5844753 0.16098 0.5639852 0.1614487 0.5653245 0.1628277 0.5895927 0.164948 0.5881118 0.1660789 0.591934 0.1619465 0.5901801 0.1714455 0.5885658 0.1719277 0.5860878 0.1735638 0.5925624 0.1725888 0.6037719 0.1725888 0.5870448 0.1747683 0.5823392 0.1748347 0.6003557 0.1892198 0.5826047 0.1760073 0.5749573 0.1750739 0.5884465 0.1777326 0.5909644 0.1816785 0.5838212 0.1834898 0.5749115 0.1761837 0.5848233 0.1930019 0.5908489 0.2053233 0.5747226 0.1979232 0.5748247 0.1868973 0.5646474 0.1935589 0.5666859 0.1824824 0.5597588 0.1821174 0.5675209 0.1755292 0.5678666 0.1744602 0.5627922 0.177095 0.5597291 0.1709342 0.5643932 0.1734269 0.5652931 0.1724066 0.5619656 0.1707698 0.5636258 0.1702251 0.7714844 0.574851 0.7714844 0.5898438 0.7270879 0.574851 0.7270879 0.5898438 0.7714844 0.5513754 0.6816703 0.574851 0.6816703 0.5898438 0.7270879 0.5513754 0.7714844 0.5235357 0.6369002 0.574851 0.6369002 0.5898438 0.6816703 0.5513754 0.5928738 0.574851 0.5928738 0.5898438 0.5469381 0.5898438 0.6369002 0.5513754 0.5928738 0.5513754 0.5469381 0.574851 0.5 0.5898438 0.5928738 0.5235357 0.5469381 0.5513754 0.5 0.574851 0.6369002 0.5235357 0.4530619 0.574851 0.4530619 0.5898438 0.5 0.5513754 0.4071262 0.574851 0.4071262 0.5898438 0.3630998 0.5898438 0.3630998 0.574851 0.3183297 0.5898438 0.4071262 0.5513754 0.4530619 0.5513754 0.3630998 0.5513754 0.3183297 0.574851 0.2729121 0.5898438 0.4071262 0.5235357 0.2729121 0.574851 0.2285156 0.5898438 0.2285156 0.574851 0.2285156 0.5513754 0.2729121 0.5513754 0.2285156 0.5235357 0.3183297 0.5513754 0.3630998 0.5235357 0.3183297 0.5235357 0.2729121 0.5235357 0.2729121 0.4907734 0.2285156 0.4907734 0.3183297 0.4907734 0.3630998 0.4907734 0.2729121 0.4616354 0.2285156 0.4616354 0.2285156 0.4331427 0.3183297 0.4616354 0.2729121 0.4331427 0.2285156 0.4001602 0.3630998 0.4616354 0.3183297 0.4331427 0.2729121 0.4001602 0.2285156 0.355516 0.3630998 0.4331427 0.2729121 0.355516 0.2285156 0.3125 0.2729121 0.3125 0.3183297 0.4001602 0.3183297 0.355516 0.3183297 0.3125 0.3630998 0.3125 0.3630998 0.4001602 0.3630998 0.355516 0.4071262 0.3125 0.4071262 0.4331427 0.4071262 0.355516 0.4530619 0.3125 0.4071262 0.4001602 0.4530619 0.355516 0.5 0.3125 0.4530619 0.4001602 0.5 0.355516 0.5469381 0.355516 0.5469381 0.3125 0.5 0.4001602 0.5928738 0.355516 0.5928738 0.3125 0.5469381 0.4001601 0.5 0.4331427 0.4530619 0.4331427 0.5469381 0.4331427 0.5 0.4616354 0.4530619 0.4616354 0.5928738 0.4001601 0.5469381 0.4616354 0.6369002 0.355516 0.6369002 0.3125 0.5928738 0.4331427 0.6369002 0.4001601 0.6816703 0.355516 0.6816703 0.3125 0.7270879 0.3125 0.6369002 0.4331427 0.7270879 0.355516 0.7714844 0.3125 0.7714844 0.355516 0.6816703 0.4001601 0.7270879 0.4001601 0.7714844 0.4001601 0.6816703 0.4331427 0.7270879 0.4331427 0.7714844 0.4331427 0.6369002 0.4616354 0.7270879 0.4616354 0.7714844 0.4616354 0.7714844 0.4907734 0.6816703 0.4616354 0.7270879 0.4907734 0.6816703 0.4907734 0.7270879 0.5235357 0.6816703 0.5235357 0.6369002 0.4907734 0.5928738 0.4907734 0.5928738 0.4616354 0.5469381 0.5235357 0.5469381 0.4907734 0.5 0.4907734 0.5 0.5235357 0.4530619 0.5235357 0.4530619 0.4907734 0.4071262 0.4907734 0.4071262 0.4616354 0.07034016 0.7864548 0.04960668 0.7743707 0.05853105 0.7637564 0.06993908 0.7600349 0.04707515 0.7859448 0.08199143 0.7643889 0.05082703 0.7990009 0.09068274 0.7744838 0.05910027 0.8085001 0.09364629 0.7867463 0.0703125 0.8125 0.09019828 0.7995897 0.08193624 0.8087302 0.9296598 0.7864548 0.9093167 0.7744827 0.9180081 0.7643875 0.9300609 0.7600335 0.906353 0.7867455 0.9414693 0.763755 0.9098011 0.7995894 0.9503939 0.7743697 0.9180634 0.8087302 0.9529248 0.7859448 0.9296875 0.8125 0.949173 0.7990009 0.9409 0.8085</float_array>
                    <technique_common>
                        <accessor count="621" offset="0" source="pm0812_00_00_body_a_mesh_shape_body_a-geometry-TEXCOORD-array" stride="2">
                            <param name="S" type="float" />
                            <param name="T" type="float" />
                        </accessor>
                    </technique_common>
                </source>
                <vertices id="pm0812_00_00_body_a_mesh_shape_body_a-vertices">
                    <input semantic="POSITION" source="#pm0812_00_00_body_a_mesh_shape_body_a-geometry-POSITION" />
                </vertices>
                <triangles count="962" material="body_a">
                    <input semantic="VERTEX" source="#pm0812_00_00_body_a_mesh_shape_body_a-vertices" offset="0" set="0" />
                    <input semantic="NORMAL" source="#pm0812_00_00_body_a_mesh_shape_body_a-geometry-NORMAL" offset="1" set="0" />
                    <input semantic="TEXCOORD" source="#pm0812_00_00_body_a_mesh_shape_body_a-geometry-TEXCOORD" offset="2" set="0" />
                    <p>0 0 0 1 1 1 2 2 2 2 2 2 1 1 1 3 3 3 4 4 4 2 2 2 3 3 3 4 4 4 3 3 3 5 5 5 5 5 5 3 3 3 6 6 6 7 7 7 5 5 5 6 6 6 7 7 7 6 6 6 8 8 8 8 8 8 6 6 6 9 9 9 10 10 10 8 8 8 9 9 9 10 10 10 9 9 9 11 11 11 11 11 11 9 9 9 12 12 12 13 13 13 11 11 11 12 12 12 13 13 13 12 12 12 14 14 14 14 14 14 12 12 12 15 15 15 16 16 16 14 14 14 15 15 15 15 15 15 17 17 17 16 16 16 16 16 16 17 17 17 18 18 18 17 17 17 19 19 19 18 18 18 17 17 17 20 20 20 19 19 19 19 19 19 20 20 20 21 21 21 22 22 22 23 1 23 24 0 24 25 23 25 23 1 23 22 22 22 26 24 26 25 23 25 22 22 22 27 25 27 25 23 25 26 24 26 28 26 28 25 23 25 27 25 27 29 27 29 28 26 28 27 25 27 30 28 30 28 26 28 29 27 29 31 29 31 28 26 28 30 28 30 32 30 32 31 29 31 30 28 30 33 31 33 31 29 31 32 30 32 34 32 34 31 29 31 33 31 33 35 33 35 34 32 34 33 31 33 36 34 36 34 32 34 35 33 35 37 35 37 34 32 34 36 34 36 38 36 38 37 35 37 36 34 36 38 36 38 39 37 39 37 35 37 40 38 40 39 37 39 38 36 38 41 39 41 39 37 39 40 38 40 39 37 39 41 39 41 42 20 42 42 20 42 41 39 41 43 21 43 44 40 44 45 41 45 46 42 46 44 40 44 47 43 47 45 41 45 47 43 47 48 44 48 45 41 45 49 45 49 47 43 47 44 40 44 47 43 47 50 46 50 48 44 48 51 47 51 47 43 47 49 45 49 47 43 47 52 48 52 50 46 50 51 47 51 52 48 52 47 43 47 50 46 50 52 48 52 53 49 53 54 50 54 51 47 51 49 45 49 55 51 55 53 49 53 52 48 52 51 47 51 55 51 55 52 48 52 56 52 56 53 49 53 55 51 55 57 53 57 51 47 51 54 50 54 57 53 57 55 51 55 51 47 51 58 54 58 56 52 56 55 51 55 57 53 57 58 54 58 55 51 55 59 55 59 56 52 56 58 54 58 59 55 59 58 54 58 60 56 60 60 56 60 58 54 58 61 57 61 61 57 61 58 54 58 57 53 57 60 56 60 61 57 61 62 58 62 54 50 54 63 59 63 57 53 57 63 59 63 61 57 61 57 53 57 64 60 64 63 59 63 54 50 54 62 58 62 61 57 61 65 61 65 65 61 65 61 57 61 63 59 63 62 58 62 65 61 65 66 62 66 64 60 64 67 63 67 63 59 63 63 59 63 67 63 67 65 61 65 65 61 65 67 63 67 66 62 66 66 62 66 67 63 67 68 64 68 69 65 69 67 63 67 64 60 64 70 66 70 68 64 68 67 63 67 69 65 69 70 66 70 67 63 67 71 67 71 70 66 70 69 65 69 72 68 72 73 69 73 74 70 74 72 68 72 74 70 74 75 71 75 76 72 76 72 68 72 75 71 75 75 71 75 77 73 77 76 72 76 75 71 75 78 74 78 77 73 77 74 70 74 79 75 79 75 71 75 80 76 80 78 74 78 75 71 75 75 71 75 79 75 79 81 77 81 82 78 82 80 76 80 75 71 75 75 71 75 81 77 81 82 78 82 80 76 80 82 78 82 83 79 83 83 79 83 84 80 84 80 76 80 83 79 83 85 81 85 84 80 84 82 78 82 81 77 81 86 82 86 83 79 83 82 78 82 86 82 86 81 77 81 79 75 79 87 83 87 87 83 87 79 75 79 88 84 88 88 84 88 89 85 89 87 83 87 90 86 90 81 77 81 87 83 87 86 82 86 81 77 81 90 86 90 90 86 90 87 83 87 91 87 91 87 83 87 89 85 89 91 87 91 90 86 90 92 88 92 86 82 86 90 86 90 91 87 91 92 88 92 86 82 86 92 88 92 93 89 93 83 79 83 86 82 86 93 89 93 92 88 92 91 87 91 94 90 94 95 91 95 93 89 93 92 88 92 92 88 92 94 90 94 95 91 95 96 92 96 83 79 83 93 89 93 96 92 96 93 89 93 95 91 95 97 93 97 83 79 83 96 92 96 85 81 85 83 79 83 97 93 97 98 94 98 85 81 85 97 93 97 99 95 99 96 92 96 95 91 95 99 95 99 97 93 97 96 92 96 99 95 99 95 91 95 94 90 94 100 96 100 98 94 98 97 93 97 100 96 100 97 93 97 99 95 99 101 97 101 98 94 98 100 96 100 102 98 102 99 95 99 94 90 94 103 99 103 101 97 101 100 96 100 100 96 100 99 95 99 103 99 103 103 99 103 99 95 99 102 98 102 104 100 104 101 97 101 103 99 103 102 98 102 94 90 94 105 101 105 91 87 91 105 101 105 94 90 94 89 85 89 105 101 105 91 87 91 106 102 106 105 101 105 89 85 89 106 102 106 89 85 89 107 103 107 107 103 107 89 85 89 108 84 108 109 75 109 107 103 107 108 84 108 110 104 110 105 101 105 106 102 106 111 98 111 105 101 105 110 104 110 112 105 112 106 102 106 107 103 107 111 98 111 110 104 110 113 106 113 111 98 111 113 106 113 114 99 114 115 107 115 110 104 110 106 102 106 112 105 112 115 107 115 106 102 106 116 100 116 114 99 114 117 108 117 114 99 114 118 109 118 117 108 117 114 99 114 113 106 113 118 109 118 117 108 117 118 109 118 119 110 119 118 109 118 120 111 120 119 110 119 118 109 118 113 106 113 120 111 120 119 110 119 120 111 120 121 112 121 113 106 113 110 104 110 122 113 122 115 107 115 122 113 122 110 104 110 120 111 120 113 106 113 123 114 123 113 106 113 122 113 122 123 114 123 121 112 121 120 111 120 124 115 124 120 111 120 123 114 123 124 115 124 124 115 124 125 116 125 121 112 121 123 114 123 122 113 122 126 117 126 122 113 122 115 107 115 126 117 126 123 114 123 126 117 126 124 115 124 124 115 124 127 118 127 125 116 125 115 107 115 128 119 128 126 117 126 124 115 124 126 117 126 128 119 128 112 105 112 128 119 128 115 107 115 127 118 127 124 115 124 129 120 129 124 115 124 128 119 128 129 120 129 128 119 128 112 105 112 130 121 130 128 119 128 130 121 130 129 120 129 130 121 130 112 105 112 107 103 107 130 121 130 107 103 107 109 75 109 129 120 129 131 122 131 127 118 127 129 120 129 130 121 130 131 122 131 130 121 130 109 75 109 131 122 131 127 118 127 131 122 131 132 123 132 131 122 131 133 124 133 132 123 132 131 122 131 134 125 134 133 124 133 131 122 131 109 75 109 135 70 135 134 125 134 131 122 131 136 126 136 136 126 136 131 122 131 135 70 135 136 126 136 135 70 135 137 69 137 138 40 138 139 42 139 140 127 140 138 40 138 140 127 140 141 128 141 141 128 141 140 127 140 142 129 142 141 128 141 143 45 143 138 40 138 141 128 141 142 129 142 144 130 144 145 131 145 143 45 143 141 128 141 141 128 141 144 130 144 146 132 146 145 131 145 141 128 141 146 132 146 144 130 144 147 133 147 146 132 146 145 131 145 148 50 148 143 45 143 147 133 147 149 134 149 146 132 146 149 134 149 145 131 145 146 132 146 150 135 150 149 134 149 147 133 147 151 136 151 148 50 148 145 131 145 145 131 145 149 134 149 151 136 151 150 135 150 152 137 152 149 134 149 151 136 151 149 134 149 152 137 152 153 138 153 152 137 152 150 135 150 154 139 154 152 137 152 153 138 153 155 140 155 152 137 152 154 139 154 155 140 155 151 136 151 152 137 152 154 139 154 156 141 156 155 140 155 151 136 151 157 142 157 148 50 148 151 136 151 155 140 155 157 142 157 148 50 148 157 142 157 158 60 158 155 140 155 156 141 156 159 143 159 159 143 159 157 142 157 155 140 155 156 141 156 160 144 160 159 143 159 161 145 161 158 60 158 157 142 157 157 142 157 159 143 159 161 145 161 161 145 161 159 143 159 160 144 160 161 145 161 160 144 160 162 146 162 163 65 163 158 60 158 161 145 161 164 147 164 161 145 161 162 146 162 164 147 164 163 65 163 161 145 161 165 67 165 163 65 163 164 147 164 166 148 166 167 31 167 168 30 168 169 149 169 167 31 167 166 148 166 169 149 169 170 33 170 167 31 167 166 148 166 171 150 171 169 149 169 172 151 172 171 150 171 166 148 166 173 152 173 170 33 170 169 149 169 173 152 173 174 34 174 170 33 170 171 150 171 175 153 175 169 149 169 169 149 169 175 153 175 173 152 173 172 151 172 176 154 176 171 150 171 171 150 171 176 154 176 175 153 175 177 155 177 176 154 176 172 151 172 177 155 177 178 156 178 176 154 176 179 157 179 174 34 174 173 152 173 173 152 173 175 153 175 179 157 179 179 157 179 180 36 180 174 34 174 176 154 176 178 156 178 181 158 181 178 156 178 182 159 182 181 158 181 175 153 175 176 154 176 183 160 183 176 154 176 181 158 181 183 160 183 179 157 179 175 153 175 184 161 184 175 153 175 183 160 183 184 161 184 185 162 185 180 36 180 179 157 179 179 157 179 184 161 184 185 162 185 185 162 185 186 163 186 180 36 180 180 36 180 186 163 186 187 38 187 185 162 185 184 161 184 188 164 188 189 165 189 187 38 187 186 163 186 190 39 190 187 38 187 189 165 189 185 162 185 191 166 191 186 163 186 188 164 188 191 166 191 185 162 185 186 163 186 192 167 192 189 165 189 191 166 191 192 167 192 186 163 186 193 168 193 190 39 190 189 165 189 194 21 194 190 39 190 193 168 193 194 21 194 193 168 193 195 19 195 193 168 193 189 165 189 196 169 196 196 169 196 189 165 189 192 167 192 195 19 195 193 168 193 197 170 197 193 168 193 196 169 196 197 170 197 195 19 195 197 170 197 198 18 198 196 169 196 192 167 192 199 171 199 198 18 198 197 170 197 200 172 200 198 18 198 200 172 200 201 16 201 197 170 197 196 169 196 202 173 202 197 170 197 202 173 202 200 172 200 196 169 196 199 171 199 202 173 202 201 16 201 200 172 200 203 174 203 200 172 200 202 173 202 204 175 204 200 172 200 204 175 204 203 174 203 202 173 202 205 176 205 204 175 204 202 173 202 199 171 199 205 176 205 203 174 203 206 177 206 201 16 201 201 16 201 206 177 206 207 14 207 203 174 203 204 175 204 208 178 208 206 177 206 209 179 209 207 14 207 207 14 207 209 179 209 210 13 210 206 177 206 203 174 203 211 180 211 211 180 211 203 174 203 208 178 208 209 179 209 212 181 212 210 13 210 210 13 210 212 181 212 213 11 213 209 179 209 206 177 206 214 182 214 209 179 209 214 182 214 212 181 212 214 182 214 206 177 206 211 180 211 212 181 212 215 183 215 213 11 213 213 11 213 215 183 215 216 10 216 212 181 212 217 184 217 215 183 215 212 181 212 214 182 214 217 184 217 215 183 215 217 184 217 218 185 218 217 184 217 219 186 219 218 185 218 217 184 217 214 182 214 219 186 219 218 185 218 219 186 219 220 187 220 220 187 220 219 186 219 221 188 221 219 186 219 214 182 214 222 189 222 214 182 214 211 180 211 222 189 222 221 188 221 219 186 219 223 190 223 219 186 219 222 189 222 223 190 223 221 188 221 223 190 223 224 191 224 222 189 222 211 180 211 225 192 225 223 190 223 222 189 222 226 193 226 222 189 222 225 192 225 226 193 226 224 191 224 223 190 223 227 194 227 223 190 223 226 193 226 227 194 227 211 180 211 228 195 228 225 192 225 208 178 208 228 195 228 211 180 211 226 193 226 225 192 225 229 196 229 208 178 208 230 197 230 228 195 228 204 175 204 230 197 230 208 178 208 204 175 204 205 176 205 230 197 230 228 195 228 231 198 231 225 192 225 225 192 225 231 198 231 229 196 229 230 197 230 232 199 232 228 195 228 228 195 228 232 199 232 231 198 231 205 176 205 233 200 233 230 197 230 233 200 233 232 199 232 230 197 230 199 171 199 233 200 233 205 176 205 226 193 226 229 196 229 234 201 234 227 194 227 226 193 226 234 201 234 234 201 234 229 196 229 235 202 235 229 196 229 231 198 231 235 202 235 236 203 236 227 194 227 234 201 234 237 204 237 234 201 234 235 202 235 236 203 236 234 201 234 237 204 237 235 202 235 231 198 231 238 205 238 239 206 239 227 194 227 236 203 236 239 206 239 224 191 224 227 194 227 240 207 240 224 191 224 239 206 239 231 198 231 241 208 241 238 205 238 231 198 231 232 199 232 241 208 241 242 209 242 240 207 240 239 206 239 243 210 243 240 207 240 242 209 242 244 211 244 239 206 239 236 203 236 242 209 242 239 206 239 244 211 244 245 212 245 243 210 243 242 209 242 246 213 246 243 210 243 245 212 245 246 213 246 245 212 245 247 138 247 247 138 247 245 212 245 248 139 248 245 212 245 242 209 242 249 214 249 245 212 245 249 214 249 248 139 248 249 214 249 242 209 242 244 211 244 248 139 248 249 214 249 250 141 250 249 214 249 251 215 251 250 141 250 249 214 249 244 211 244 251 215 251 250 141 250 251 215 251 252 144 252 251 215 251 253 146 253 252 144 252 244 211 244 236 203 236 254 216 254 251 215 251 244 211 244 254 216 254 254 216 254 236 203 236 237 204 237 255 217 255 253 146 253 251 215 251 255 217 255 251 215 251 254 216 254 256 218 256 253 146 253 255 217 255 257 147 257 253 146 253 256 218 256 255 217 255 254 216 254 258 219 258 257 147 257 256 218 256 259 220 259 260 67 260 257 147 257 259 220 259 255 217 255 261 221 261 256 218 256 255 217 255 258 219 258 261 221 261 260 67 260 259 220 259 262 222 262 261 221 261 263 223 263 256 218 256 264 224 264 260 67 260 262 222 262 265 66 265 260 67 260 264 224 264 262 222 262 259 220 259 266 225 266 266 225 266 264 224 264 262 222 262 259 220 259 256 218 256 267 226 267 266 225 266 259 220 259 267 226 267 256 218 256 263 223 263 267 226 267 265 66 265 264 224 264 268 227 268 265 66 265 268 227 268 269 64 269 270 228 270 264 224 264 266 225 266 264 224 264 270 228 270 268 227 268 269 64 269 268 227 268 271 229 271 268 227 268 270 228 270 272 230 272 273 231 273 269 64 269 271 229 271 274 62 274 269 64 269 273 231 273 273 231 273 275 58 275 274 62 274 271 229 271 268 227 268 276 232 276 276 232 276 268 227 268 272 230 272 277 233 277 275 58 275 273 231 273 277 233 277 278 56 278 275 58 275 271 229 271 279 234 279 273 231 273 280 235 280 278 56 278 277 233 277 280 235 280 281 55 281 278 56 278 282 236 282 281 55 281 280 235 280 282 236 282 280 235 280 283 237 283 283 237 283 280 235 280 284 238 284 280 235 280 277 233 277 284 238 284 283 237 283 284 238 284 285 239 285 277 233 277 273 231 273 286 240 286 284 238 284 277 233 277 286 240 286 286 240 286 273 231 273 279 234 279 285 239 285 284 238 284 287 241 287 284 238 284 286 240 286 287 241 287 285 239 285 287 241 287 182 159 182 287 241 287 286 240 286 288 242 288 286 240 286 279 234 279 288 242 288 182 159 182 287 241 287 289 243 289 287 241 287 288 242 288 289 243 289 181 158 181 182 159 182 289 243 289 181 158 181 289 243 289 290 244 290 183 160 183 181 158 181 290 244 290 289 243 289 288 242 288 291 245 291 290 244 290 289 243 289 291 245 291 183 160 183 290 244 290 292 246 292 184 161 184 183 160 183 292 246 292 290 244 290 291 245 291 293 247 293 292 246 292 290 244 290 293 247 293 288 242 288 294 248 294 291 245 291 288 242 288 279 234 279 294 248 294 293 247 293 291 245 291 295 249 295 291 245 291 294 248 294 295 249 295 293 247 293 296 250 296 292 246 292 293 247 293 295 249 295 296 250 296 292 246 292 297 251 297 184 161 184 292 246 292 296 250 296 297 251 297 184 161 184 297 251 297 188 164 188 298 252 298 188 164 188 297 251 297 191 166 191 188 164 188 298 252 298 296 250 296 299 253 299 297 251 297 297 251 297 299 253 299 298 252 298 298 252 298 300 254 300 191 166 191 191 166 191 300 254 300 192 167 192 199 171 199 192 167 192 300 254 300 301 255 301 300 254 300 298 252 298 301 255 301 199 171 199 300 254 300 299 253 299 301 255 301 298 252 298 302 256 302 199 171 199 301 255 301 302 256 302 233 200 233 199 171 199 303 257 303 302 256 302 301 255 301 304 258 304 233 200 233 302 256 302 303 257 303 305 259 305 302 256 302 304 258 304 302 256 302 305 259 305 303 257 303 306 260 306 305 259 305 306 260 306 304 258 304 305 259 305 303 257 303 301 255 301 307 261 307 308 262 308 306 260 306 303 257 303 303 257 303 307 261 307 308 262 308 309 263 309 304 258 304 306 260 306 306 260 306 308 262 308 310 100 310 306 260 306 310 100 310 309 263 309 310 100 310 308 262 308 311 97 311 309 263 309 310 100 310 312 108 312 308 262 308 313 264 313 311 97 311 308 262 308 307 261 307 313 264 313 311 97 311 313 264 313 314 94 314 309 263 309 312 108 312 315 265 315 315 265 315 312 108 312 316 110 316 313 264 313 317 266 317 314 94 314 307 261 307 317 266 317 313 264 313 314 94 314 317 266 317 318 81 318 315 265 315 316 110 316 319 267 319 319 267 319 316 110 316 320 112 320 321 268 321 309 263 309 315 265 315 315 265 315 319 267 319 321 268 321 304 258 304 309 263 309 321 268 321 304 258 304 321 268 321 233 200 233 322 269 322 233 200 233 321 268 321 321 268 321 319 267 319 322 269 322 232 199 232 233 200 233 322 269 322 320 112 320 323 270 323 319 267 319 319 267 319 323 270 323 322 269 322 324 116 324 323 270 323 320 112 320 324 116 324 325 118 325 323 270 323 322 269 322 323 270 323 326 271 326 322 269 322 326 271 326 232 199 232 323 270 323 325 118 325 327 272 327 323 270 323 327 272 327 326 271 326 327 272 327 325 118 325 328 273 328 328 273 328 325 118 325 329 123 329 326 271 326 327 272 327 330 274 330 329 123 329 331 275 331 328 273 328 332 124 332 331 275 331 329 123 329 327 272 327 328 273 328 333 276 333 333 276 333 330 274 330 327 272 327 334 277 334 328 273 328 331 275 331 334 277 334 333 276 333 328 273 328 332 124 332 335 278 335 331 275 331 331 275 331 335 278 335 334 277 334 336 125 336 335 278 335 332 124 332 335 278 335 336 125 336 337 279 337 337 279 337 336 125 336 338 126 338 335 278 335 339 280 339 334 277 334 335 278 335 337 279 337 339 280 339 337 279 337 338 126 338 340 281 340 340 281 340 338 126 338 341 69 341 342 68 342 340 281 340 341 69 341 340 281 340 343 282 343 337 279 337 337 279 337 343 282 343 339 280 339 344 283 344 340 281 340 342 68 342 340 281 340 344 283 344 343 282 343 345 72 345 344 283 344 342 68 342 343 282 343 346 284 346 339 280 339 347 285 347 344 283 344 345 72 345 348 73 348 347 285 347 345 72 345 343 282 343 344 283 344 349 286 349 347 285 347 349 286 349 344 283 344 343 282 343 349 286 349 346 284 346 350 287 350 347 285 347 348 73 348 351 74 351 350 287 350 348 73 348 347 285 347 352 288 352 349 286 349 350 287 350 352 288 352 347 285 347 353 289 353 350 287 350 351 74 351 352 288 352 350 287 350 353 289 353 354 76 354 353 289 353 351 74 351 349 286 349 352 288 352 355 290 355 349 286 349 355 290 355 346 284 346 353 289 353 356 291 356 352 288 352 355 290 355 266 225 266 346 284 346 355 290 355 352 288 352 357 292 357 357 292 357 352 288 352 356 291 356 355 290 355 270 228 270 266 225 266 355 290 355 357 292 357 270 228 270 266 225 266 358 293 358 346 284 346 339 280 339 346 284 346 358 293 358 339 280 339 358 293 358 334 277 334 358 293 358 266 225 266 267 226 267 359 294 359 334 277 334 358 293 358 359 294 359 358 293 358 267 226 267 333 276 333 334 277 334 359 294 359 267 226 267 360 295 360 359 294 359 360 295 360 267 226 267 263 223 263 361 296 361 333 276 333 359 294 359 359 294 359 360 295 360 361 296 361 330 274 330 333 276 333 361 296 361 263 223 263 362 297 362 360 295 360 330 274 330 361 296 361 363 298 363 330 274 330 363 298 363 326 271 326 232 199 232 326 271 326 363 298 363 364 299 364 361 296 361 360 295 360 360 295 360 362 297 362 364 299 364 232 199 232 363 298 363 365 300 365 232 199 232 365 300 365 241 208 241 363 298 363 361 296 361 366 301 366 241 208 241 365 300 365 367 302 367 241 208 241 367 302 367 238 205 238 363 298 363 368 303 368 365 300 365 367 302 367 365 300 365 368 303 368 366 301 366 368 303 368 363 298 363 238 205 238 367 302 367 369 304 369 367 302 367 368 303 368 370 305 370 367 302 367 370 305 370 369 304 369 366 301 366 371 306 371 368 303 368 370 305 370 368 303 368 371 306 371 366 301 366 361 296 361 372 307 372 372 307 372 361 296 361 364 299 364 373 308 373 371 306 371 366 301 366 366 301 366 372 307 372 373 308 373 371 306 371 374 309 374 370 305 370 373 308 373 375 310 375 371 306 371 375 310 375 374 309 374 371 306 371 376 311 376 375 310 375 373 308 373 374 309 374 377 312 377 370 305 370 369 304 369 370 305 370 377 312 377 378 313 378 377 312 377 374 309 374 379 314 379 376 311 376 373 308 373 373 308 373 372 307 372 379 314 379 380 315 380 376 311 376 379 314 379 381 316 381 380 315 380 379 314 379 379 314 379 372 307 372 382 317 382 382 317 382 372 307 372 364 299 364 381 316 381 379 314 379 383 318 383 382 317 382 383 318 383 379 314 379 381 316 381 383 318 383 384 319 384 364 299 364 385 320 385 382 317 382 384 319 384 383 318 383 386 321 386 383 318 383 382 317 382 386 321 386 386 321 386 382 317 382 385 320 385 384 319 384 386 321 386 387 322 387 362 297 362 385 320 385 364 299 364 387 322 387 386 321 386 388 323 388 385 320 385 388 323 388 386 321 386 385 320 385 362 297 362 389 324 389 389 324 389 388 323 388 385 320 385 390 325 390 387 322 387 388 323 388 391 326 391 387 322 387 390 325 390 392 327 392 388 323 388 389 324 389 390 325 390 388 323 388 392 327 392 389 324 389 362 297 362 393 328 393 362 297 362 263 223 263 393 328 393 393 328 393 263 223 263 261 221 261 258 219 258 393 328 393 261 221 261 394 329 394 389 324 389 393 328 393 394 329 394 393 328 393 258 219 258 392 327 392 389 324 389 394 329 394 258 219 258 395 330 395 394 329 394 258 219 258 254 216 254 395 330 395 254 216 254 237 204 237 395 330 395 394 329 394 396 331 396 392 327 392 394 329 394 395 330 395 396 331 396 395 330 395 237 204 237 397 332 397 397 332 397 396 331 396 395 330 395 392 327 392 396 331 396 398 333 398 398 333 398 390 325 390 392 327 392 399 334 399 396 331 396 397 332 397 399 334 399 398 333 398 396 331 396 237 204 237 400 335 400 397 332 397 235 202 235 400 335 400 237 204 237 400 335 400 235 202 235 238 205 238 238 205 238 369 304 369 400 335 400 401 336 401 397 332 397 400 335 400 400 335 400 369 304 369 401 336 401 399 334 399 397 332 397 401 336 401 369 304 369 377 312 377 401 336 401 401 336 401 377 312 377 402 337 402 402 337 402 399 334 399 401 336 401 378 313 378 402 337 402 377 312 377 403 338 403 402 337 402 378 313 378 404 339 404 399 334 399 402 337 402 403 338 403 404 339 404 402 337 402 404 339 404 398 333 398 399 334 399 403 338 403 405 340 405 404 339 404 404 339 404 405 340 405 406 341 406 404 339 404 407 342 407 398 333 398 404 339 404 406 341 406 407 342 407 407 342 407 390 325 390 398 333 398 406 341 406 391 326 391 407 342 407 407 342 407 391 326 391 390 325 390 408 343 408 307 261 307 301 255 301 408 343 408 317 266 317 307 261 307 299 253 299 408 343 408 301 255 301 317 266 317 408 343 408 409 344 409 409 344 409 318 81 318 317 266 317 410 80 410 318 81 318 409 344 409 410 80 410 409 344 409 354 76 354 408 343 408 411 345 411 409 344 409 408 343 408 299 253 299 411 345 411 354 76 354 409 344 409 412 346 412 409 344 409 411 345 411 412 346 412 412 346 412 353 289 353 354 76 354 412 346 412 356 291 356 353 289 353 411 345 411 413 347 413 412 346 412 413 347 413 356 291 356 412 346 412 413 347 413 411 345 411 414 348 414 299 253 299 414 348 414 411 345 411 413 347 413 415 349 415 356 291 356 413 347 413 414 348 414 415 349 415 356 291 356 415 349 415 357 292 357 299 253 299 416 350 416 414 348 414 417 351 417 357 292 357 415 349 415 270 228 270 357 292 357 417 351 417 417 351 417 272 230 272 270 228 270 299 253 299 418 352 418 416 350 416 296 250 296 418 352 418 299 253 299 296 250 296 419 353 419 418 352 418 295 249 295 419 353 419 296 250 296 420 354 420 416 350 416 418 352 418 419 353 419 420 354 420 418 352 418 421 355 421 419 353 419 295 249 295 294 248 294 421 355 421 295 249 295 422 356 422 420 354 420 419 353 419 421 355 421 422 356 422 419 353 419 423 357 423 416 350 416 420 354 420 416 350 416 423 357 423 414 348 414 420 354 420 422 356 422 424 358 424 424 358 424 423 357 423 420 354 420 414 348 414 423 357 423 425 359 425 414 348 414 425 359 425 415 349 415 426 360 426 423 357 423 424 358 424 423 357 423 426 360 426 425 359 425 424 358 424 422 356 422 427 361 427 428 362 428 426 360 426 424 358 424 427 361 427 428 362 428 424 358 424 429 363 429 426 360 426 428 362 428 430 364 430 428 362 428 427 361 427 429 363 429 431 365 431 426 360 426 425 359 425 426 360 426 431 365 431 432 366 432 431 365 431 429 363 429 433 367 433 430 364 430 427 361 427 434 368 434 430 364 430 433 367 433 422 356 422 435 369 435 427 361 427 427 361 427 435 369 435 433 367 433 435 369 435 422 356 422 421 355 421 436 370 436 434 368 434 433 367 433 437 371 437 434 368 434 436 370 436 436 370 436 438 372 438 437 371 437 439 373 439 433 367 433 435 369 435 436 370 436 433 367 433 439 373 439 440 374 440 435 369 435 421 355 421 439 373 439 435 369 435 440 374 440 440 374 440 421 355 421 294 248 294 436 370 436 441 375 441 438 372 438 438 372 438 441 375 441 442 376 442 294 248 294 443 377 443 440 374 440 279 234 279 443 377 443 294 248 294 442 376 442 441 375 441 444 378 444 442 376 442 444 378 444 445 379 445 436 370 436 446 380 446 441 375 441 446 380 446 444 378 444 441 375 441 439 373 439 446 380 446 436 370 436 440 374 440 447 381 447 439 373 439 447 381 447 446 380 446 439 373 439 443 377 443 447 381 447 440 374 440 448 382 448 444 378 444 446 380 446 446 380 446 447 381 447 448 382 448 445 379 445 444 378 444 449 383 449 448 382 448 449 383 449 444 378 444 447 381 447 443 377 443 450 384 450 448 382 448 447 381 447 450 384 450 451 385 451 443 377 443 279 234 279 450 384 450 443 377 443 451 385 451 271 229 271 451 385 451 279 234 279 271 229 271 276 232 276 451 385 451 276 232 276 452 386 452 451 385 451 451 385 451 452 386 452 450 384 450 272 230 272 452 386 452 276 232 276 450 384 450 453 387 453 448 382 448 452 386 452 453 387 453 450 384 450 453 387 453 449 383 449 448 382 448 454 388 454 452 386 452 272 230 272 454 388 454 453 387 453 452 386 452 272 230 272 417 351 417 454 388 454 453 387 453 455 389 455 449 383 449 455 389 455 453 387 453 454 388 454 454 388 454 417 351 417 456 390 456 454 388 454 456 390 456 455 389 455 415 349 415 456 390 456 417 351 417 449 383 449 455 389 455 457 391 457 457 391 457 445 379 445 449 383 449 458 392 458 445 379 445 457 391 457 455 389 455 456 390 456 459 393 459 455 389 455 459 393 459 457 391 457 460 394 460 456 390 456 415 349 415 460 394 460 459 393 459 456 390 456 415 349 415 425 359 425 460 394 460 431 365 431 460 394 460 425 359 425 461 395 461 458 392 458 457 391 457 457 391 457 459 393 459 461 395 461 462 396 462 458 392 458 461 395 461 463 397 463 459 393 459 460 394 460 459 393 459 463 397 463 461 395 461 463 397 463 460 394 460 431 365 431 463 397 463 462 396 462 461 395 461 432 366 432 463 397 463 431 365 431 464 398 464 462 396 462 463 397 463 432 366 432 464 398 464 463 397 463 465 148 465 466 30 466 467 399 467 467 399 467 466 30 466 468 28 468 467 399 467 469 151 469 465 148 465 467 399 467 468 28 468 470 400 470 470 400 470 468 28 468 471 27 471 472 401 472 469 151 469 467 399 467 470 400 470 472 401 472 467 399 467 472 401 472 473 155 473 469 151 469 470 400 470 471 27 471 474 402 474 474 402 474 471 27 471 475 25 475 476 403 476 472 401 472 470 400 470 474 402 474 475 25 475 477 404 477 477 404 477 475 25 475 478 24 478 479 22 479 477 404 477 478 24 478 474 402 474 480 405 480 470 400 470 470 400 470 480 405 480 476 403 476 477 404 477 481 406 481 474 402 474 474 402 474 481 406 481 480 405 480 482 407 482 477 404 477 479 22 479 482 407 482 481 406 481 477 404 477 483 0 483 482 407 482 479 22 479 481 406 481 484 408 484 480 405 480 485 409 485 481 406 481 482 407 482 485 409 485 484 408 484 481 406 481 486 410 486 482 407 482 483 0 483 480 405 480 484 408 484 487 411 487 480 405 480 487 411 487 476 403 476 486 410 486 483 0 483 488 412 488 488 412 488 483 0 483 489 2 489 490 413 490 482 407 482 486 410 486 488 412 488 490 413 490 486 410 486 485 409 485 482 407 482 490 413 490 488 412 488 489 2 489 491 414 491 491 414 491 489 2 489 492 4 492 493 5 493 491 414 491 492 4 492 494 415 494 491 414 491 493 5 493 495 7 495 494 415 494 493 5 493 496 416 496 488 412 488 491 414 491 491 414 491 494 415 494 496 416 496 497 417 497 488 412 488 496 416 496 497 417 497 490 413 490 488 412 488 496 416 496 494 415 494 498 418 498 499 419 499 494 415 494 495 7 495 494 415 494 499 419 499 498 418 498 500 8 500 499 419 499 495 7 495 496 416 496 498 418 498 501 420 501 501 420 501 497 417 497 496 416 496 502 421 502 499 419 499 500 8 500 503 10 503 502 421 502 500 8 500 504 183 504 502 421 502 503 10 503 504 183 504 505 185 505 502 421 502 502 421 502 505 185 505 506 422 506 502 421 502 506 422 506 499 419 499 505 185 505 507 187 507 506 422 506 498 418 498 499 419 499 508 423 508 499 419 499 506 422 506 508 423 508 498 418 498 508 423 508 509 424 509 501 420 501 498 418 498 509 424 509 508 423 508 506 422 506 510 425 510 509 424 509 508 423 508 510 425 510 506 422 506 507 187 507 511 426 511 510 425 510 506 422 506 511 426 511 511 426 511 507 187 507 512 427 512 512 427 512 507 187 507 513 188 513 510 425 510 511 426 511 514 428 514 514 428 514 511 426 511 512 427 512 509 424 509 510 425 510 515 429 515 515 429 515 510 425 510 514 428 514 512 427 512 513 188 513 516 430 516 516 430 516 513 188 513 517 191 517 518 207 518 516 430 516 517 191 517 514 428 514 512 427 512 519 431 519 519 431 519 512 427 512 516 430 516 520 432 520 516 430 516 518 207 518 520 432 520 519 431 519 516 430 516 521 210 521 520 432 520 518 207 518 522 433 522 514 428 514 519 431 519 515 429 515 514 428 514 522 433 522 523 434 523 519 431 519 520 432 520 523 434 523 522 433 522 519 431 519 524 435 524 520 432 520 521 210 521 524 435 524 523 434 523 520 432 520 525 213 525 524 435 524 521 210 521 526 436 526 522 433 522 523 434 523 527 437 527 524 435 524 525 213 525 525 213 525 528 138 528 527 437 527 527 437 527 528 138 528 529 135 529 530 438 530 523 434 523 524 435 524 527 437 527 530 438 530 524 435 524 530 438 530 526 436 526 523 434 523 527 437 527 529 135 529 531 439 531 531 439 531 530 438 530 527 437 527 531 439 531 529 135 529 532 133 532 533 130 533 531 439 531 532 133 532 531 439 531 534 440 534 530 438 530 534 440 534 526 436 526 530 438 530 535 441 535 531 439 531 533 130 533 535 441 535 534 440 534 531 439 531 536 129 536 535 441 535 533 130 533 534 440 534 537 442 537 526 436 526 538 443 538 535 441 535 536 129 536 539 127 539 538 443 538 536 129 536 535 441 535 540 444 540 534 440 534 538 443 538 540 444 540 535 441 535 540 444 540 537 442 537 534 440 534 541 445 541 538 443 538 539 127 539 539 127 539 542 42 542 541 445 541 538 443 538 543 446 543 540 444 540 541 445 541 543 446 543 538 443 538 541 445 541 542 42 542 544 447 544 541 445 541 544 447 544 543 446 543 542 42 542 545 448 545 544 447 544 546 41 546 545 448 545 542 42 542 543 446 543 544 447 544 547 449 547 546 41 546 548 450 548 545 448 545 549 44 549 548 450 548 546 41 546 545 448 545 550 451 550 544 447 544 544 447 544 550 451 550 547 449 547 545 448 545 548 450 548 550 451 550 547 449 547 551 452 551 543 446 543 547 449 547 550 451 550 551 452 551 543 446 543 552 453 552 540 444 540 543 446 543 551 452 551 552 453 552 540 444 540 552 453 552 537 442 537 551 452 551 550 451 550 553 454 553 551 452 551 554 455 554 552 453 552 551 452 551 553 454 553 554 455 554 552 453 552 555 456 555 537 442 537 552 453 552 554 455 554 555 456 555 550 451 550 556 457 556 553 454 553 550 451 550 548 450 548 556 457 556 554 455 554 553 454 553 557 458 557 548 450 548 558 459 558 556 457 556 548 450 548 549 44 549 558 459 558 558 459 558 549 44 549 559 46 559 553 454 553 556 457 556 560 460 560 553 454 553 560 460 560 557 458 557 556 457 556 558 459 558 561 461 561 556 457 556 561 461 561 560 460 560 558 459 558 559 46 559 562 462 562 558 459 558 562 462 562 561 461 561 562 462 562 559 46 559 563 49 563 563 49 563 564 52 564 562 462 562 560 460 560 561 461 561 565 463 565 562 462 562 564 52 564 566 464 566 564 52 564 567 55 567 566 464 566 566 464 566 567 55 567 568 236 568 561 461 561 562 462 562 569 465 569 562 462 562 566 464 566 569 465 569 561 461 561 569 465 569 565 463 565 566 464 566 568 236 568 570 466 570 569 465 569 566 464 566 570 466 570 570 466 570 568 236 568 571 237 571 569 465 569 570 466 570 572 467 572 565 463 565 569 465 569 572 467 572 570 466 570 571 237 571 573 468 573 572 467 572 570 466 570 573 468 573 573 468 573 571 237 571 574 239 574 565 463 565 572 467 572 575 469 575 573 468 573 574 239 574 576 470 576 576 470 576 574 239 574 577 159 577 578 156 578 576 470 576 577 159 577 572 467 572 573 468 573 579 471 579 579 471 579 573 468 573 576 470 576 575 469 575 572 467 572 579 471 579 580 472 580 576 470 576 578 156 578 580 472 580 579 471 579 576 470 576 473 155 473 580 472 580 578 156 578 581 473 581 579 471 579 580 472 580 581 473 581 575 469 575 579 471 579 582 474 582 580 472 580 473 155 473 582 474 582 581 473 581 580 472 580 582 474 582 473 155 473 472 401 472 472 401 472 583 475 583 582 474 582 583 475 583 581 473 581 582 474 582 476 403 476 583 475 583 472 401 472 476 403 476 487 411 487 583 475 583 583 475 583 584 476 584 581 473 581 487 411 487 584 476 584 583 475 583 584 476 584 575 469 575 581 473 581 487 411 487 585 477 585 584 476 584 484 408 484 585 477 585 487 411 487 584 476 584 586 478 586 575 469 575 585 477 585 586 478 586 584 476 584 586 478 586 565 463 565 575 469 575 560 460 560 565 463 565 586 478 586 557 458 557 560 460 560 586 478 586 587 479 587 585 477 585 484 408 484 587 479 587 484 408 484 485 409 485 588 480 588 586 478 586 585 477 585 557 458 557 586 478 586 588 480 588 588 480 588 585 477 585 587 479 587 490 413 490 587 479 587 485 409 485 589 481 589 557 458 557 588 480 588 554 455 554 557 458 557 589 481 589 590 482 590 588 480 588 587 479 587 589 481 589 588 480 588 590 482 590 590 482 590 587 479 587 490 413 490 554 455 554 589 481 589 555 456 555 590 482 590 490 413 490 591 483 591 591 483 591 490 413 490 497 417 497 591 483 591 497 417 497 501 420 501 589 481 589 590 482 590 592 484 592 592 484 592 590 482 590 591 483 591 555 456 555 589 481 589 592 484 592 593 485 593 591 483 591 501 420 501 592 484 592 591 483 591 593 485 593 501 420 501 509 424 509 593 485 593 593 485 593 509 424 509 515 429 515 555 456 555 592 484 592 594 486 594 594 486 594 592 484 592 593 485 593 593 485 593 515 429 515 594 486 594 537 442 537 555 456 555 594 486 594 594 486 594 515 429 515 522 433 522 537 442 537 594 486 594 526 436 526 526 436 526 594 486 594 522 433 522 595 487 595 596 338 596 597 313 597 595 487 595 597 313 597 598 309 598 595 487 595 599 340 599 596 338 596 595 487 595 598 309 598 600 310 600 601 341 601 599 340 599 595 487 595 595 487 595 600 310 600 602 311 602 595 487 595 603 326 603 601 341 601 595 487 595 602 311 602 604 315 604 595 487 595 605 322 605 603 326 603 595 487 595 604 315 604 606 316 606 595 487 595 607 319 607 605 322 605 595 487 595 606 316 606 607 319 607 608 488 608 609 366 609 610 363 610 608 488 608 610 363 610 611 362 611 608 488 608 612 398 612 609 366 609 608 488 608 611 362 611 613 364 613 608 488 608 614 396 614 612 398 612 608 488 608 613 364 613 615 368 615 608 488 608 616 392 616 614 396 614 608 488 608 615 368 615 617 371 617 608 488 608 618 379 618 616 392 616 617 371 617 619 372 619 608 488 608 608 488 608 620 376 620 618 379 618 608 488 608 619 372 619 620 376 620</p>
                </triangles>
            </mesh>
        </geometry>
    </library_geometries>
    <library_controllers>
        <controller id="pm0812_00_00_eye_mesh_shape_l_eye-controller" name="pm0812_00_00_eye_mesh_shape_l_eye">
            <skin source="#pm0812_00_00_eye_mesh_shape_l_eye-geometry">
                <bind_shape_matrix>1 0 0 0 0 1 0 0 0 0 1 0 0 0 0 1</bind_shape_matrix>
                <source id="pm0812_00_00_eye_mesh_shape_l_eye-joints">
                    <Name_array id="pm0812_00_00_eye_mesh_shape_l_eye-joints-array" count="1">spine</Name_array>
                    <technique_common>
                        <accessor count="1" offset="0" source="#pm0812_00_00_eye_mesh_shape_l_eye-joints-array" stride="1">
                            <param name="JOINT" type="Name" />
                        </accessor>
                    </technique_common>
                </source>
                <source id="pm0812_00_00_eye_mesh_shape_l_eye-matrices">
                    <float_array id="pm0812_00_00_eye_mesh_shape_l_eye-matrices-array" count="16">1.059605E-06 1.000001 1E-06 -0.05663615 -0.999999 1.059605E-06 1E-06 9.966247E-07 1E-06 1E-06 1.000001 1E-06 1E-06 1E-06 1E-06 1.000001</float_array>
                    <technique_common>
                        <accessor count="1" offset="0" source="#pm0812_00_00_eye_mesh_shape_l_eye-matrices-array" stride="16">
                            <param name="TRANSFORM" type="float4x4" />
                        </accessor>
                    </technique_common>
                </source>
                <source id="pm0812_00_00_eye_mesh_shape_l_eye-weights">
                    <float_array id="pm0812_00_00_eye_mesh_shape_l_eye-weights-array" count="1">1</float_array>
                    <technique_common>
                        <accessor count="1" offset="0" source="#pm0812_00_00_eye_mesh_shape_l_eye-weights-array" stride="1">
                            <param name="WEIGHT" type="float" />
                        </accessor>
                    </technique_common>
                </source>
                <joints>
                    <input semantic="JOINT" source="#pm0812_00_00_eye_mesh_shape_l_eye-joints" />
                    <input semantic="INV_BIND_MATRIX" source="#pm0812_00_00_eye_mesh_shape_l_eye-matrices" />
                </joints>
                <vertex_weights count="33">
                    <input semantic="JOINT" source="#pm0812_00_00_eye_mesh_shape_l_eye-joints" offset="0" set="0" />
                    <input semantic="WEIGHT" source="#pm0812_00_00_eye_mesh_shape_l_eye-weights" offset="1" set="0" />
                    <vcount>1 1 1 1 1 1 1 1 1 1 1 1 1 1 1 1 1 1 1 1 1 1 1 1 1 1 1 1 1 1 1 1 1</vcount>
                    <v>0 0 0 0 0 0 0 0 0 0 0 0 0 0 0 0 0 0 0 0 0 0 0 0 0 0 0 0 0 0 0 0 0 0 0 0 0 0 0 0 0 0 0 0 0 0 0 0 0 0 0 0 0 0 0 0 0 0 0 0 0 0 0 0 0 0</v>
                </vertex_weights>
            </skin>
        </controller>
        <controller id="pm0812_00_00_eye_mesh_shape_r_eye-controller" name="pm0812_00_00_eye_mesh_shape_r_eye">
            <skin source="#pm0812_00_00_eye_mesh_shape_r_eye-geometry">
                <bind_shape_matrix>1 0 0 0 0 1 0 0 0 0 1 0 0 0 0 1</bind_shape_matrix>
                <source id="pm0812_00_00_eye_mesh_shape_r_eye-joints">
                    <Name_array id="pm0812_00_00_eye_mesh_shape_r_eye-joints-array" count="1">spine</Name_array>
                    <technique_common>
                        <accessor count="1" offset="0" source="#pm0812_00_00_eye_mesh_shape_r_eye-joints-array" stride="1">
                            <param name="JOINT" type="Name" />
                        </accessor>
                    </technique_common>
                </source>
                <source id="pm0812_00_00_eye_mesh_shape_r_eye-matrices">
                    <float_array id="pm0812_00_00_eye_mesh_shape_r_eye-matrices-array" count="16">1.059605E-06 1.000001 1E-06 -0.05663615 -0.999999 1.059605E-06 1E-06 9.966247E-07 1E-06 1E-06 1.000001 1E-06 1E-06 1E-06 1E-06 1.000001</float_array>
                    <technique_common>
                        <accessor count="1" offset="0" source="#pm0812_00_00_eye_mesh_shape_r_eye-matrices-array" stride="16">
                            <param name="TRANSFORM" type="float4x4" />
                        </accessor>
                    </technique_common>
                </source>
                <source id="pm0812_00_00_eye_mesh_shape_r_eye-weights">
                    <float_array id="pm0812_00_00_eye_mesh_shape_r_eye-weights-array" count="1">1</float_array>
                    <technique_common>
                        <accessor count="1" offset="0" source="#pm0812_00_00_eye_mesh_shape_r_eye-weights-array" stride="1">
                            <param name="WEIGHT" type="float" />
                        </accessor>
                    </technique_common>
                </source>
                <joints>
                    <input semantic="JOINT" source="#pm0812_00_00_eye_mesh_shape_r_eye-joints" />
                    <input semantic="INV_BIND_MATRIX" source="#pm0812_00_00_eye_mesh_shape_r_eye-matrices" />
                </joints>
                <vertex_weights count="33">
                    <input semantic="JOINT" source="#pm0812_00_00_eye_mesh_shape_r_eye-joints" offset="0" set="0" />
                    <input semantic="WEIGHT" source="#pm0812_00_00_eye_mesh_shape_r_eye-weights" offset="1" set="0" />
                    <vcount>1 1 1 1 1 1 1 1 1 1 1 1 1 1 1 1 1 1 1 1 1 1 1 1 1 1 1 1 1 1 1 1 1</vcount>
                    <v>0 0 0 0 0 0 0 0 0 0 0 0 0 0 0 0 0 0 0 0 0 0 0 0 0 0 0 0 0 0 0 0 0 0 0 0 0 0 0 0 0 0 0 0 0 0 0 0 0 0 0 0 0 0 0 0 0 0 0 0 0 0 0 0 0 0</v>
                </vertex_weights>
            </skin>
        </controller>
        <controller id="pm0812_00_00_body_c_mesh_shape_body_b-controller" name="pm0812_00_00_body_c_mesh_shape_body_b">
            <skin source="#pm0812_00_00_body_c_mesh_shape_body_b-geometry">
                <bind_shape_matrix>1 0 0 0 0 1 0 0 0 0 1 0 0 0 0 1</bind_shape_matrix>
                <source id="pm0812_00_00_body_c_mesh_shape_body_b-joints">
                    <Name_array id="pm0812_00_00_body_c_mesh_shape_body_b-joints-array" count="12">spine feeler_a_01 feeler_a_02 feeler_a_03 feeler_b_01 feeler_b_02 right_feeler_01 right_feeler_02 feeler_c_01 feeler_c_02 left_feeler_01 left_feeler_02</Name_array>
                    <technique_common>
                        <accessor count="12" offset="0" source="#pm0812_00_00_body_c_mesh_shape_body_b-joints-array" stride="1">
                            <param name="JOINT" type="Name" />
                        </accessor>
                    </technique_common>
                </source>
                <source id="pm0812_00_00_body_c_mesh_shape_body_b-matrices">
                    <float_array id="pm0812_00_00_body_c_mesh_shape_body_b-matrices-array" count="192">1.059605E-06 1.000001 1E-06 -0.05663615 -0.999999 1.059605E-06 1E-06 9.966247E-07 1E-06 1E-06 1.000001 1E-06 1E-06 1E-06 1E-06 1.000001 1.059605E-06 1.000001 1E-06 -0.1948972 -0.999999 1.059605E-06 1E-06 9.966247E-07 1E-06 1E-06 1.000001 1E-06 1E-06 1E-06 1E-06 1.000001 1.059605E-06 1.000001 1E-06 -0.2398184 -0.999999 1.059605E-06 1E-06 9.966247E-07 1E-06 1E-06 1.000001 1E-06 1E-06 1E-06 1E-06 1.000001 1.059605E-06 1.000001 1E-06 -0.2940624 -0.999999 1.059605E-06 1E-06 9.966247E-07 1E-06 1E-06 1.000001 1E-06 1E-06 1E-06 1E-06 1.000001 9.565894E-07 -0.295254 0.9554196 0.03521714 1.000001 8.529726E-07 1E-06 1.019665E-06 1.140473E-06 0.9554197 0.2952559 -0.1841482 1E-06 1E-06 1E-06 1.000001 9.050158E-07 -0.6460291 0.7633132 0.0757356 1.000001 8.529726E-07 1E-06 1.019665E-06 1.112228E-06 0.7633132 0.646031 -0.1678987 1E-06 1E-06 1E-06 1.000001 -0.9818157 0.1898331 1E-06 -0.05177607 -0.1898311 -0.9818157 1E-06 0.1804604 1E-06 1E-06 1.000001 1E-06 1E-06 1E-06 1E-06 1.000001 -0.9773001 -0.2118547 1E-06 -0.01938322 0.2118567 -0.9773001 1E-06 0.2045968 1E-06 1E-06 1.000001 1E-06 1E-06 1E-06 1E-06 1.000001 1.00679E-06 -0.2440769 -0.9697547 0.02890584 1.000001 1.027818E-06 1E-06 9.870604E-07 1.026977E-06 -0.9697548 0.2440788 0.1851664 1E-06 1E-06 1E-06 1.000001 1.016845E-06 -0.6055566 -0.7958005 0.06671303 1.000001 1.027818E-06 1E-06 9.870604E-07 1.022138E-06 -0.7958006 0.6055586 0.1728568 1E-06 1E-06 1E-06 1.000001 0.9818169 0.1898369 1E-06 -0.05177679 -0.1898349 0.9818169 1E-06 -0.1804581 1E-06 1E-06 1.000001 1E-06 1E-06 1E-06 1E-06 1.000001 0.9773028 -0.2118517 1E-06 -0.01938381 0.2118537 0.9773028 1E-06 -0.2045948 1E-06 1E-06 1.000001 1E-06 1E-06 1E-06 1E-06 1.000001</float_array>
                    <technique_common>
                        <accessor count="12" offset="0" source="#pm0812_00_00_body_c_mesh_shape_body_b-matrices-array" stride="16">
                            <param name="TRANSFORM" type="float4x4" />
                        </accessor>
                    </technique_common>
                </source>
                <source id="pm0812_00_00_body_c_mesh_shape_body_b-weights">
                    <float_array id="pm0812_00_00_body_c_mesh_shape_body_b-weights-array" count="89">0.7499962 0.2500038 0.4899977 0.5100023 0.00999466 0.9100023 0.08000305 1 0.7600061 0.2399939 0.4099947 0.5900053 0.1300069 0.8599985 0.6599985 0.3300069 0.6699932 0.2 0.8 0.1100023 0.8899977 0.1600061 0.8399939 0.02999924 0.9700007 0.9900053 0.0399939 0.9600061 0.08999771 0.05000382 0.9499962 0.119997 0.880003 0.1400015 0.1000076 0.9000076 0.1799954 0.8200046 0.1900053 0.8099946 0.4200046 0.5799954 0.280003 0.7199969 0.2999924 0.6999924 0.6 0.4 0.8500038 0.1499962 0.9300069 0.5000076 0.4699931 0.02000458 0.9799954 0.5300069 0.4800031 0.5199969 0.3499962 0.6500038 0.2299992 0.7700008 0.319997 0.680003 0.2599985 0.7400015 0.2200046 0.7799954 0.1700008 0.8299992 0.3100023 0.6899977 0.5700008 0.4299992 0.2099947 0.7900053 0.05999848 0.3600061 0.6399939 0.3400015 0.3700007 0.6299992 0.9400015 0.06999313 0.2699931 0.7300069 0.2899977 0.7100023 0.919997</float_array>
                    <technique_common>
                        <accessor count="89" offset="0" source="#pm0812_00_00_body_c_mesh_shape_body_b-weights-array" stride="1">
                            <param name="WEIGHT" type="float" />
                        </accessor>
                    </technique_common>
                </source>
                <joints>
                    <input semantic="JOINT" source="#pm0812_00_00_body_c_mesh_shape_body_b-joints" />
                    <input semantic="INV_BIND_MATRIX" source="#pm0812_00_00_body_c_mesh_shape_body_b-matrices" />
                </joints>
                <vertex_weights count="1112">
                    <input semantic="JOINT" source="#pm0812_00_00_body_c_mesh_shape_body_b-joints" offset="0" set="0" />
                    <input semantic="WEIGHT" source="#pm0812_00_00_body_c_mesh_shape_body_b-weights" offset="1" set="0" />
                    <vcount>2 2 2 2 2 3 2 1 3 2 2 3 2 2 2 2 3 3 3 3 3 2 2 2 2 3 2 2 3 3 2 2 2 2 2 3 2 2 2 3 3 3 3 3 2 2 2 2 2 2 2 2 3 3 3 3 2 2 1 2 1 2 1 2 2 2 2 2 2 2 2 1 2 2 2 2 2 2 2 2 2 2 2 2 2 1 2 2 2 2 2 2 2 2 2 2 2 2 2 2 2 2 2 2 2 2 2 2 2 2 2 2 2 3 2 2 3 1 2 2 3 1 3 3 3 1 2 2 2 3 3 3 2 2 2 2 2 2 2 2 2 2 2 2 2 2 2 2 2 2 2 2 2 2 2 2 2 2 2 2 2 2 2 2 2 2 2 2 2 2 1 2 2 2 2 2 3 2 1 3 2 2 3 2 2 2 3 2 3 3 2 3 2 3 2 2 2 3 2 2 3 2 2 2 3 2 2 3 2 2 2 3 3 3 3 3 2 2 2 2 2 3 2 2 2 3 3 3 2 1 2 2 1 1 2 2 2 2 2 2 2 2 1 2 2 2 2 2 2 2 2 2 2 2 2 2 1 2 2 2 2 2 2 2 2 2 2 2 2 2 2 2 2 2 2 2 2 2 2 2 2 2 2 2 3 2 2 3 1 2 2 3 1 3 3 3 1 2 2 2 3 3 3 2 2 2 2 2 2 2 2 2 2 2 2 2 2 2 2 2 2 2 2 2 2 2 2 2 2 2 2 2 2 2 2 2 2 2 2 2 2 1 2 3 3 3 2 3 2 2 2 3 2 3 2 2 2 2 2 2 2 2 2 2 2 2 2 2 2 2 2 2 2 2 2 1 1 1 2 2 2 2 2 2 2 2 2 2 1 1 2 1 1 1 1 2 1 1 2 2 2 2 2 1 2 2 2 2 2 2 2 2 2 2 2 2 2 2 2 2 2 2 2 2 3 3 2 3 3 2 1 3 3 2 1 3 3 2 2 3 2 2 2 2 2 2 2 2 2 2 2 2 2 2 2 2 2 2 2 2 2 2 1 2 2 2 2 2 1 1 2 2 2 2 2 2 2 2 2 2 2 2 2 2 3 3 3 3 3 2 3 3 3 3 2 2 2 1 2 1 2 1 1 1 1 1 1 2 1 2 1 2 2 2 2 2 1 1 1 2 1 2 2 2 2 2 2 2 2 2 2 2 2 2 2 2 2 2 2 2 2 2 2 2 2 3 2 2 2 2 2 2 2 2 2 2 2 2 2 2 2 2 2 2 2 2 2 2 2 2 2 2 2 2 2 1 2 1 2 2 2 2 2 2 2 2 2 2 2 2 2 2 2 2 2 2 2 2 2 2 2 2 2 2 2 2 2 2 2 2 2 2 2 2 2 2 2 2 2 2 2 2 2 3 2 2 2 2 2 2 2 2 2 2 2 2 2 2 2 3 3 3 2 3 2 2 2 3 2 3 2 2 2 2 2 2 2 2 2 2 2 2 2 2 2 2 2 2 2 2 2 2 1 1 2 1 2 2 2 2 2 2 2 2 1 1 2 1 1 1 1 2 1 1 2 2 2 2 2 1 2 2 2 2 2 2 2 2 2 2 2 2 2 2 2 2 2 2 2 2 2 2 2 3 3 2 2 3 2 3 2 1 3 3 2 1 2 3 3 2 1 1 1 3 1 2 1 2 2 2 2 3 3 3 3 3 3 2 2 2 2 2 2 2 2 2 2 2 2 2 2 2 2 2 2 1 2 1 1 2 2 2 2 2 2 2 2 2 2 2 2 2 2 2 2 2 2 3 3 3 2 2 2 2 2 2 2 2 2 2 2 2 2 2 2 2 2 2 2 2 2 2 2 2 2 3 3 3 2 2 3 2 3 1 3 3 3 2 2 2 2 2 2 2 2 2 2 2 2 2 3 2 2 3 3 2 2 2 2 2 3 1 3 3 3 2 2 2 2 2 2 2 2 2 2 2 2 2 2 2 2 2 2 2 2 2 2 2 2 2 2 2 1 2 2 2 2 2 2 2 2 2 2 2 2 2 1 2 2 2 2 2 2 2 2 2 2 2 2 2 2 2 2 2 2 2 2 2 2 2 2 2 2 2 2 3 2 2 3 3 3 3 3 3 3 2 2 2 3 2 2 2 2 2 2 2 2 2 2 2 2 2 2 2 2 2 2 2 2 2 2 1 2 2 2 2 1 1 1 1 1 1 1 2 2 1 2 2 2 2 2 2 2 2 2 2 2 2 2 2 2 2 2 2 2 2 2 2 2 2 2 2 2 2 2 2 2 2 3 2 2 2 2 2 2 2 2 2 2 2 2 2 2 2 2 2 2 2 2 1 2 2 2 2 2 1 1 1 1 1 1 1 2 2 1 2 2 2 2 2 2 2 2 2 2 2 2 2 2 2 2 2 2 2 2 2 2 2 2 2 2 2 2 2 3 2 3 2 3 2 2 3 3 2 2 3 3 3 2 3 3 2 2 2 2 2 2 2 2 2 2 2</vcount>
                    <v>0 0 1 1 0 2 1 3 0 0 1 1 0 2 1 3 0 0 1 1 0 4 1 5 2 6 0 2 1 3 0 7 0 4 1 5 2 6 1 8 2 9 1 8 2 9 0 4 1 5 2 6 1 10 2 11 1 10 2 11 1 8 2 9 1 10 2 11 1 12 2 13 3 4 1 12 2 13 3 4 1 4 2 14 3 15 1 12 2 13 3 4 1 4 2 14 3 15 2 15 3 16 2 15 3 16 2 9 3 8 2 9 3 8 1 4 2 14 3 15 2 15 3 16 2 9 3 8 1 12 2 13 3 4 1 4 2 14 3 15 2 15 3 16 2 9 3 8 2 9 3 8 2 15 3 16 2 9 3 8 1 4 2 14 3 15 2 15 3 16 2 9 3 8 2 15 3 16 1 4 2 14 3 15 1 4 2 14 3 15 1 12 2 13 3 4 1 12 2 13 3 4 1 12 2 13 3 4 1 10 2 11 1 10 2 11 1 10 2 11 1 10 2 11 1 8 2 9 1 8 2 9 1 8 2 9 1 8 2 9 0 4 1 5 2 6 0 4 1 5 2 6 0 4 1 5 2 6 0 4 1 5 2 6 0 2 1 3 0 2 1 3 0 7 0 2 1 3 0 7 0 2 1 3 0 7 2 9 3 8 2 17 3 18 2 9 3 8 2 17 3 18 2 9 3 8 2 19 3 20 2 17 3 18 2 21 3 22 3 7 2 9 3 8 2 19 3 20 2 17 3 18 2 17 3 18 2 9 3 8 2 21 3 22 2 19 3 20 2 17 3 18 2 9 3 8 2 17 3 18 2 9 3 8 4 23 5 24 4 4 5 25 5 7 4 26 5 27 4 23 5 24 4 28 5 5 4 29 5 30 4 31 5 32 4 28 5 5 4 33 5 13 4 1 5 0 4 34 5 35 4 36 5 37 4 38 5 39 4 1 5 0 4 40 5 41 4 36 5 37 4 42 5 43 4 44 5 45 4 1 5 0 4 40 5 41 4 46 5 47 4 40 5 41 4 40 5 41 4 40 5 41 4 46 5 47 4 46 5 47 4 48 5 49 4 46 5 47 4 48 5 49 0 26 4 50 5 23 4 46 5 47 4 48 5 49 0 26 4 50 5 23 4 7 4 48 5 49 4 48 5 49 0 26 4 50 5 23 4 7 0 51 6 52 7 23 0 3 4 52 5 53 0 3 4 52 5 53 0 7 0 38 6 39 0 38 6 39 0 38 6 39 0 51 6 52 7 23 0 51 8 2 9 4 0 51 8 2 9 4 8 35 9 34 0 21 8 22 0 21 8 22 8 35 9 34 8 16 9 15 8 54 9 53 8 54 9 53 8 54 9 53 8 35 9 34 8 35 9 34 8 35 9 34 8 16 9 15 8 16 9 15 8 16 9 15 8 16 9 15 8 2 9 3 8 52 9 55 8 52 9 55 8 56 9 57 8 2 9 3 8 58 9 59 8 15 9 16 8 60 9 61 8 62 9 63 8 42 9 43 8 64 9 65 8 66 9 67 8 34 9 35 8 66 9 67 8 68 9 69 8 33 9 13 8 49 9 48 8 28 9 5 8 29 9 30 8 19 9 20 8 29 9 30 8 53 9 54 8 26 9 27 9 7 0 0 1 1 0 0 1 1 0 2 1 3 0 2 1 3 0 0 1 1 0 4 1 5 2 6 0 2 1 3 0 7 0 4 1 5 2 6 1 8 2 9 0 2 1 3 0 4 1 5 2 6 1 8 2 9 1 10 2 11 1 10 2 11 1 12 2 13 3 4 1 8 2 9 1 12 2 13 3 4 1 4 2 14 3 15 1 10 2 11 1 4 2 14 3 15 2 15 3 16 1 12 2 13 3 4 2 15 3 16 2 9 3 8 2 9 3 8 1 4 2 14 3 15 2 15 3 16 2 9 3 8 1 12 2 13 3 4 2 15 3 16 2 9 3 8 2 9 3 8 1 4 2 14 3 15 2 15 3 16 2 9 3 8 1 4 2 14 3 15 2 15 3 16 2 9 3 8 2 15 3 16 1 4 2 14 3 15 1 4 2 14 3 15 1 12 2 13 3 4 1 12 2 13 3 4 1 12 2 13 3 4 1 10 2 11 1 10 2 11 1 8 2 9 1 10 2 11 1 8 2 9 0 4 1 5 2 6 1 10 2 11 1 8 2 9 1 8 2 9 0 4 1 5 2 6 0 4 1 5 2 6 0 4 1 5 2 6 0 2 1 3 0 7 0 2 1 3 0 2 1 3 0 7 0 7 2 9 3 8 2 17 3 18 2 9 3 8 2 17 3 18 2 9 3 8 2 19 3 20 2 17 3 18 2 21 3 22 3 7 2 9 3 8 2 19 3 20 2 17 3 18 2 17 3 18 2 9 3 8 2 21 3 22 2 19 3 20 2 17 3 18 2 9 3 8 2 17 3 18 2 9 3 8 4 4 5 25 4 23 5 24 5 7 4 26 5 27 4 23 5 24 4 28 5 5 4 29 5 30 4 31 5 32 4 28 5 5 4 33 5 13 4 1 5 0 4 34 5 35 4 36 5 37 4 38 5 39 4 1 5 0 4 40 5 41 4 36 5 37 4 42 5 43 4 44 5 45 4 1 5 0 4 40 5 41 4 46 5 47 4 40 5 41 4 40 5 41 4 40 5 41 4 46 5 47 4 46 5 47 4 48 5 49 4 46 5 47 4 48 5 49 0 26 4 50 5 23 4 46 5 47 4 48 5 49 0 26 4 50 5 23 4 7 4 48 5 49 4 48 5 49 0 26 4 50 5 23 4 7 0 51 10 52 11 23 0 3 4 52 5 53 0 3 4 52 5 53 0 7 0 38 10 39 0 38 10 39 0 38 10 39 0 51 10 52 11 23 0 51 8 2 9 4 0 51 8 2 9 4 8 35 9 34 0 21 8 22 0 21 8 22 8 35 9 34 8 16 9 15 8 54 9 53 8 54 9 53 8 54 9 53 8 35 9 34 8 35 9 34 8 35 9 34 8 16 9 15 8 16 9 15 8 16 9 15 8 16 9 15 8 2 9 3 8 52 9 55 8 52 9 55 8 56 9 57 8 2 9 3 8 58 9 59 8 15 9 16 8 60 9 61 8 62 9 63 8 66 9 67 8 34 9 35 8 42 9 43 8 64 9 65 8 66 9 67 8 49 9 48 8 68 9 69 8 33 9 13 8 19 9 20 8 28 9 5 8 29 9 30 8 29 9 30 8 26 9 27 8 53 9 54 9 7 0 38 6 39 0 51 6 52 7 23 0 21 6 65 7 34 0 66 6 63 7 34 6 18 7 17 0 70 6 14 7 23 0 46 6 47 6 18 7 17 6 71 7 70 0 1 6 43 7 23 0 37 4 36 0 12 6 61 7 34 6 18 7 17 6 71 7 70 6 72 7 73 6 71 7 70 6 72 7 73 6 56 7 57 6 72 7 73 6 56 7 57 6 56 7 57 6 58 7 59 6 58 7 59 6 56 7 57 6 74 7 75 6 74 7 75 6 58 7 59 6 28 7 5 6 28 7 5 6 74 7 75 6 53 7 54 6 53 7 54 6 58 7 59 7 7 7 7 7 7 6 53 7 54 6 28 7 5 6 74 7 75 6 28 7 5 6 74 7 75 6 58 7 59 6 28 7 5 6 74 7 75 6 53 7 54 6 53 7 54 7 7 7 7 6 28 7 5 7 7 7 7 7 7 7 7 6 53 7 54 7 7 7 7 6 53 7 54 6 28 7 5 6 53 7 54 6 28 7 5 6 74 7 75 7 7 6 74 7 75 6 58 7 59 6 28 7 5 6 58 7 59 6 56 7 57 6 74 7 75 6 58 7 59 6 56 7 57 6 56 7 57 6 72 7 73 6 72 7 73 6 56 7 57 6 71 7 70 6 71 7 70 6 72 7 73 6 18 7 17 6 18 7 17 6 71 7 70 6 72 7 73 6 18 7 17 0 74 6 71 7 34 0 49 6 0 7 34 0 38 6 39 0 51 6 52 7 23 0 70 6 14 7 23 0 46 6 47 0 7 0 12 6 61 7 34 0 1 6 43 7 23 0 46 6 47 0 7 0 28 6 39 7 34 0 60 6 65 7 23 0 47 6 46 6 18 7 17 0 76 6 22 7 34 6 71 7 70 6 18 7 17 6 71 7 70 6 72 7 73 6 56 7 57 6 72 7 73 6 56 7 57 6 58 7 59 6 58 7 59 6 56 7 57 6 58 7 59 6 74 7 75 6 74 7 75 6 28 7 5 6 74 7 75 6 28 7 5 6 53 7 54 6 53 7 54 6 28 7 5 6 58 7 59 6 74 7 75 6 53 7 54 7 7 6 58 7 59 6 56 7 57 6 28 7 5 6 53 7 54 6 53 7 54 7 7 7 7 6 72 7 73 6 71 7 70 6 72 7 73 6 18 7 17 6 71 7 70 6 56 7 57 6 72 7 73 6 72 7 73 6 71 7 70 6 71 7 70 6 71 7 70 6 18 7 17 6 18 7 17 6 18 7 17 0 76 6 22 7 34 0 76 6 22 7 34 0 17 6 61 7 23 0 68 6 18 7 23 0 76 6 22 7 34 6 18 7 17 0 17 6 61 7 23 0 28 6 39 7 34 0 76 6 22 7 34 0 60 6 65 7 23 0 46 6 47 0 27 4 26 0 47 6 46 0 7 0 0 1 1 0 7 0 58 6 59 0 7 0 7 0 7 0 7 0 7 0 7 0 37 8 36 0 7 0 37 8 36 0 7 0 16 8 15 0 37 8 36 0 52 8 55 0 77 8 78 0 37 8 36 0 7 0 7 0 7 0 37 8 36 0 7 0 16 8 15 0 52 8 55 0 52 8 55 0 68 8 69 0 15 8 16 0 60 8 61 0 60 8 61 0 77 8 78 8 54 9 53 8 54 9 53 0 15 8 16 8 54 9 53 8 35 9 34 8 54 9 53 8 35 9 34 8 35 9 34 8 54 9 53 8 16 9 15 8 35 9 34 8 54 9 53 0 79 8 14 0 46 6 47 8 16 9 15 0 21 8 22 0 51 6 52 7 23 0 21 8 22 8 54 9 53 8 54 9 53 8 54 9 53 8 35 9 34 8 35 9 34 8 35 9 34 8 35 9 34 8 16 9 15 8 16 9 15 8 16 9 15 8 16 9 15 8 16 9 15 8 2 9 3 8 51 9 51 8 2 9 3 8 51 9 51 8 80 9 81 8 58 9 59 8 80 9 81 8 9 9 8 8 60 9 61 8 77 9 78 8 31 9 32 8 34 9 35 8 1 9 0 8 33 9 13 8 26 9 27 8 26 9 27 9 7 8 76 9 82 9 7 8 53 9 54 8 26 9 27 8 26 9 27 8 34 9 35 8 31 9 32 8 60 9 61 8 76 9 82 8 83 9 50 8 9 9 8 8 58 9 59 8 33 9 13 8 19 9 20 8 19 9 20 8 33 9 13 8 38 9 39 8 36 9 37 8 84 9 85 8 60 9 61 8 79 9 14 8 70 9 71 8 86 9 87 8 56 9 57 8 52 9 55 8 52 9 55 8 52 9 55 8 70 9 71 8 36 9 37 8 60 9 61 8 38 9 39 8 79 9 14 8 84 9 85 8 1 9 0 8 77 9 78 8 56 9 57 8 16 9 15 8 80 9 81 8 35 9 34 8 16 9 15 8 54 9 53 8 35 9 34 8 16 9 15 0 79 8 14 0 46 10 47 8 54 9 53 0 21 8 22 0 51 10 52 11 23 0 21 8 22 8 54 9 53 8 54 9 53 8 35 9 34 8 35 9 34 8 35 9 34 8 16 9 15 8 16 9 15 8 16 9 15 8 51 9 51 8 2 9 3 8 51 9 51 8 2 9 3 8 80 9 81 0 38 10 39 0 21 10 65 11 34 0 51 10 52 11 23 0 66 10 63 11 34 10 18 11 17 0 70 10 14 11 23 0 46 10 47 10 18 11 17 10 71 11 70 0 1 10 43 11 23 0 37 4 36 0 12 10 61 11 34 10 18 11 17 10 71 11 70 10 72 11 73 10 71 11 70 10 72 11 73 10 56 11 57 10 72 11 73 10 56 11 57 10 56 11 57 10 58 11 59 10 58 11 59 10 74 11 75 10 74 11 75 10 58 11 59 10 56 11 57 10 28 11 5 10 28 11 5 10 74 11 75 10 58 11 59 10 53 11 54 10 53 11 54 10 28 11 5 11 7 11 7 10 53 11 54 11 7 10 74 11 75 10 28 11 5 10 74 11 75 10 58 11 59 10 28 11 5 10 74 11 75 10 53 11 54 10 53 11 54 11 7 11 7 10 28 11 5 11 7 11 7 11 7 11 7 10 53 11 54 11 7 11 7 10 53 11 54 10 28 11 5 10 53 11 54 10 28 11 5 10 74 11 75 11 7 10 74 11 75 10 58 11 59 10 28 11 5 10 58 11 59 10 56 11 57 10 74 11 75 10 58 11 59 10 56 11 57 10 74 11 75 10 72 11 73 10 72 11 73 10 56 11 57 10 71 11 70 10 71 11 70 10 72 11 73 10 56 11 57 10 58 11 59 10 72 11 73 10 74 11 75 10 71 11 70 10 58 11 59 10 18 11 17 10 18 11 17 0 74 10 71 11 34 0 49 10 0 11 34 10 18 11 17 0 38 10 39 0 51 10 52 11 23 10 71 11 70 0 70 10 14 11 23 0 46 10 47 0 7 0 12 10 61 11 34 0 1 10 43 11 23 0 46 10 47 0 7 10 18 11 17 0 28 10 39 11 34 0 60 10 65 11 23 0 47 10 46 0 7 0 7 0 7 0 17 10 61 11 23 0 7 0 58 10 59 0 7 0 0 1 1 0 27 4 26 0 47 10 46 0 46 10 47 0 60 10 65 11 23 0 17 10 61 11 23 0 28 10 39 11 34 0 76 10 22 11 34 0 68 10 18 11 23 0 76 10 22 11 34 10 18 11 17 10 18 11 17 10 71 11 70 10 71 11 70 10 72 11 73 10 72 11 73 10 56 11 57 10 56 11 57 10 58 11 59 10 72 11 73 10 56 11 57 10 58 11 59 10 74 11 75 10 58 11 59 10 74 11 75 10 28 11 5 10 53 11 54 10 28 11 5 11 7 10 53 11 54 11 7 11 7 10 53 11 54 10 53 11 54 10 28 11 5 10 53 11 54 10 28 11 5 10 56 11 57 10 56 11 57 10 72 11 73 10 72 11 73 10 71 11 70 10 72 11 73 10 71 11 70 10 18 11 17 10 18 11 17 10 71 11 70 10 71 11 70 10 18 11 17 10 18 11 17 0 76 10 22 11 34 0 76 10 22 11 34 0 76 10 22 11 34 0 27 4 26 0 0 1 1 0 0 1 1 0 48 4 49 0 0 1 1 0 48 4 49 0 37 4 36 0 14 4 79 0 48 4 49 0 56 4 57 0 73 4 72 0 48 4 49 0 0 1 1 0 27 4 26 0 0 1 1 0 48 4 49 0 37 4 36 0 14 4 79 0 56 4 57 0 52 4 55 0 62 4 63 0 73 4 72 0 58 4 59 0 58 4 59 0 73 4 72 0 26 4 50 5 23 0 26 4 50 5 23 0 26 4 50 5 23 0 58 4 59 0 46 6 47 0 26 4 50 5 23 0 80 4 81 0 51 6 52 7 23 4 7 0 26 4 50 5 23 0 26 4 50 5 23 0 26 4 50 5 23 4 48 5 49 4 48 5 49 4 46 5 47 4 48 5 49 4 48 5 49 4 48 5 49 4 46 5 47 4 48 5 49 4 46 5 47 4 46 5 47 4 40 5 41 4 48 5 49 4 46 5 47 0 26 4 50 5 23 4 48 5 49 0 73 4 72 0 26 4 50 5 23 0 26 4 50 5 23 4 48 5 49 4 46 5 47 0 58 4 59 0 46 10 47 0 80 4 81 0 51 10 52 11 23 4 7 0 26 4 50 5 23 0 26 4 50 5 23 0 26 4 50 5 23 4 48 5 49 4 48 5 49 4 48 5 49 4 48 5 49 4 46 5 47 4 46 5 47 4 46 5 47 4 46 5 47 4 46 5 47 4 40 5 41 4 40 5 41 4 40 5 41 4 40 5 41 4 40 5 41 4 86 5 87 4 64 5 65 4 86 5 87 4 44 5 45 4 38 5 39 4 38 5 39 4 36 5 37 4 34 5 35 4 28 5 5 4 34 5 35 4 36 5 37 4 23 5 24 4 23 5 24 5 7 4 84 5 85 4 31 5 32 4 68 5 69 4 40 5 41 4 42 5 43 4 33 5 13 4 40 5 41 4 6 5 88 4 42 5 43 4 33 5 13 4 29 5 30 4 76 5 82 4 53 5 54 5 7 4 23 5 24 4 23 5 24 4 28 5 5 4 29 5 30 4 34 5 35 4 38 5 39 4 6 5 88 4 34 5 35 4 38 5 39 4 44 5 45 4 33 5 13 4 31 5 32 4 42 5 43 4 68 5 69 4 36 5 37 4 36 5 37 4 84 5 85 4 40 5 41 4 64 5 65 4 40 5 41 4 86 5 87 4 46 5 47 4 40 5 41 4 46 5 47 4 40 5 41 4 40 5 41 4 86 5 87 0 38 6 39 0 12 6 37 7 29 0 38 6 39 0 38 6 39 0 31 6 69 7 29 0 21 6 65 7 34 0 31 6 69 7 29 0 49 6 0 7 34 0 53 6 18 7 36 0 21 6 65 7 34 0 21 6 65 7 34 6 18 7 17 6 18 7 17 6 18 7 17 0 4 6 18 7 38 6 71 7 70 6 71 7 70 6 71 7 70 6 71 7 70 6 72 7 73 6 72 7 73 6 72 7 73 6 56 7 57 6 56 7 57 6 58 7 59 6 56 7 57 6 58 7 59 6 74 7 75 6 56 7 57 6 74 7 75 6 28 7 5 6 58 7 59 6 28 7 5 6 53 7 54 6 74 7 75 6 58 7 59 6 53 7 54 7 7 6 28 7 5 6 74 7 75 6 53 7 54 6 28 7 5 7 7 7 7 7 7 7 7 7 7 7 7 7 7 6 53 7 54 6 53 7 54 7 7 6 53 7 54 6 53 7 54 6 28 7 5 6 28 7 5 6 74 7 75 6 28 7 5 6 74 7 75 6 58 7 59 6 28 7 5 6 28 7 5 6 74 7 75 6 74 7 75 6 74 7 75 6 58 7 59 6 58 7 59 6 58 7 59 6 58 7 59 6 56 7 57 6 56 7 57 6 56 7 57 6 72 7 73 6 56 7 57 6 72 7 73 6 71 7 70 6 72 7 73 6 71 7 70 6 18 7 17 6 72 7 73 6 18 7 17 6 71 7 70 6 18 7 17 6 71 7 70 0 4 6 18 7 38 6 71 7 70 6 72 7 73 6 72 7 73 6 56 7 57 10 56 11 57 10 58 11 59 10 56 11 57 10 72 11 73 10 58 11 59 10 74 11 75 10 72 11 73 10 71 11 70 10 56 11 57 10 74 11 75 10 28 11 5 10 58 11 59 10 28 11 5 10 53 11 54 10 74 11 75 10 53 11 54 11 7 10 28 11 5 10 58 11 59 10 53 11 54 10 74 11 75 10 28 11 5 11 7 11 7 11 7 11 7 11 7 11 7 11 7 10 53 11 54 10 53 11 54 11 7 10 53 11 54 10 53 11 54 10 28 11 5 10 28 11 5 10 74 11 75 10 28 11 5 10 74 11 75 10 58 11 59 10 28 11 5 10 28 11 5 10 74 11 75 10 74 11 75 10 74 11 75 10 58 11 59 10 58 11 59 10 58 11 59 10 58 11 59 10 56 11 57 10 56 11 57 10 56 11 57 10 72 11 73 10 56 11 57 10 72 11 73 10 71 11 70 10 72 11 73 10 71 11 70 10 18 11 17 10 72 11 73 10 18 11 17 0 49 10 0 11 34 10 71 11 70 0 21 10 65 11 34 10 18 11 17 0 31 10 69 11 29 0 38 10 39 10 71 11 70 0 4 10 18 11 38 0 12 10 37 11 29 0 38 10 39 0 38 10 39 0 53 10 18 11 36 0 31 10 69 11 29 0 21 10 65 11 34 10 71 11 70 0 4 10 18 11 38 0 21 10 65 11 34 10 72 11 73 10 71 11 70 10 18 11 17 10 18 11 17 10 18 11 17 10 71 11 70 10 71 11 70 10 72 11 73 10 72 11 73 10 56 11 57 10 56 11 57</v>
                </vertex_weights>
            </skin>
        </controller>
        <controller id="pm0812_00_00_body_b_mesh_shape_body_a-controller" name="pm0812_00_00_body_b_mesh_shape_body_a">
            <skin source="#pm0812_00_00_body_b_mesh_shape_body_a-geometry">
                <bind_shape_matrix>1 0 0 0 0 1 0 0 0 0 1 0 0 0 0 1</bind_shape_matrix>
                <source id="pm0812_00_00_body_b_mesh_shape_body_a-joints">
                    <Name_array id="pm0812_00_00_body_b_mesh_shape_body_a-joints-array" count="6">spine hips right_crotch right_leg_01 left_crotch left_leg_01</Name_array>
                    <technique_common>
                        <accessor count="6" offset="0" source="#pm0812_00_00_body_b_mesh_shape_body_a-joints-array" stride="1">
                            <param name="JOINT" type="Name" />
                        </accessor>
                    </technique_common>
                </source>
                <source id="pm0812_00_00_body_b_mesh_shape_body_a-matrices">
                    <float_array id="pm0812_00_00_body_b_mesh_shape_body_a-matrices-array" count="96">1.059605E-06 1.000001 1E-06 -0.05663615 -0.999999 1.059605E-06 1E-06 9.966247E-07 1E-06 1E-06 1.000001 1E-06 1E-06 1E-06 1E-06 1.000001 8.529726E-07 -0.999999 1E-06 0.05661815 1.000001 8.529726E-07 1E-06 1.008325E-06 1E-06 1E-06 1.000001 1E-06 1E-06 1E-06 1E-06 1.000001 8.529726E-07 -0.999999 1E-06 0.167663 1.000001 8.529726E-07 1E-06 0.01338681 1E-06 1E-06 1.000001 1E-06 1E-06 1E-06 1E-06 1.000001 -0.008047039 -0.9999667 1E-06 0.01238353 0.9999687 -0.008047039 1E-06 0.01845056 1E-06 1E-06 1.000001 1E-06 1E-06 1E-06 1E-06 1.000001 8.529726E-07 -0.999999 1E-06 0.1676634 1.000001 8.529726E-07 1E-06 -0.01338481 1E-06 1E-06 1.000001 1E-06 1E-06 1E-06 1E-06 1.000001 0.008044991 -0.9999667 1E-06 0.0123836 0.9999687 0.008044991 1E-06 -0.01844852 1E-06 1E-06 1.000001 1E-06 1E-06 1E-06 1E-06 1.000001</float_array>
                    <technique_common>
                        <accessor count="6" offset="0" source="#pm0812_00_00_body_b_mesh_shape_body_a-matrices-array" stride="16">
                            <param name="TRANSFORM" type="float4x4" />
                        </accessor>
                    </technique_common>
                </source>
                <source id="pm0812_00_00_body_b_mesh_shape_body_a-weights">
                    <float_array id="pm0812_00_00_body_b_mesh_shape_body_a-weights-array" count="9">1 0.5700008 0.4299992 0.6500038 0.3499962 0.3300069 0.6699932 0.06999313 0.9300069</float_array>
                    <technique_common>
                        <accessor count="9" offset="0" source="#pm0812_00_00_body_b_mesh_shape_body_a-weights-array" stride="1">
                            <param name="WEIGHT" type="float" />
                        </accessor>
                    </technique_common>
                </source>
                <joints>
                    <input semantic="JOINT" source="#pm0812_00_00_body_b_mesh_shape_body_a-joints" />
                    <input semantic="INV_BIND_MATRIX" source="#pm0812_00_00_body_b_mesh_shape_body_a-matrices" />
                </joints>
                <vertex_weights count="330">
                    <input semantic="JOINT" source="#pm0812_00_00_body_b_mesh_shape_body_a-joints" offset="0" set="0" />
                    <input semantic="WEIGHT" source="#pm0812_00_00_body_b_mesh_shape_body_a-weights" offset="1" set="0" />
                    <vcount>1 2 2 2 2 2 2 2 2 2 2 2 2 2 2 2 2 2 2 2 2 2 2 2 2 2 1 2 2 2 2 2 2 2 2 2 2 2 2 2 2 2 2 2 2 2 2 2 2 2 2 2 1 1 1 1 1 1 1 1 1 1 1 1 1 1 1 1 1 1 1 1 1 1 1 1 1 1 1 1 1 1 1 1 1 1 1 1 1 1 1 1 1 1 1 1 1 1 1 1 1 1 1 1 1 1 1 1 1 1 1 1 1 1 1 1 1 1 1 1 1 1 1 1 1 1 1 1 1 1 1 1 1 1 1 1 1 1 1 1 1 1 1 1 1 1 1 1 1 1 1 1 1 1 1 1 1 1 1 1 1 1 1 1 1 1 1 1 1 1 1 1 1 1 1 1 1 1 1 1 1 1 1 1 1 1 1 1 1 1 1 1 1 1 1 1 1 1 1 1 1 1 1 1 1 1 1 1 1 1 1 1 1 1 1 1 1 1 1 1 1 1 1 1 1 1 1 1 1 1 1 1 1 2 1 2 2 1 2 2 2 2 1 2 2 1 1 2 2 1 2 2 1 2 2 2 1 2 2 2 2 2 2 2 2 1 1 1 1 1 1 2 1 1 1 2 1 1 1 2 2 1 2 1 1 2 1 2 1 2 2 1 2 1 2 2 1 2 2 2 2 2 2 2 2 1 1 1 1 1 1 2 2 2 2 2 1 1 1 2 1 1 1 2 2 2 2 2 2 1</vcount>
                    <v>0 0 0 1 1 2 0 1 1 2 0 1 1 2 0 1 1 2 0 1 1 2 0 1 1 2 0 1 1 2 0 1 1 2 0 1 1 2 0 1 1 2 0 1 1 2 0 1 1 2 0 1 1 2 0 1 1 2 0 1 1 2 0 1 1 2 0 1 1 2 0 1 1 2 0 1 1 2 0 1 1 2 0 1 1 2 0 1 1 2 0 1 1 2 0 1 1 2 0 1 1 2 0 0 0 1 1 2 0 1 1 2 0 1 1 2 0 1 1 2 0 1 1 2 0 1 1 2 0 1 1 2 0 1 1 2 0 1 1 2 0 1 1 2 0 1 1 2 0 1 1 2 0 1 1 2 0 1 1 2 0 1 1 2 0 1 1 2 0 1 1 2 0 1 1 2 0 1 1 2 0 1 1 2 0 1 1 2 0 1 1 2 0 1 1 2 0 1 1 2 0 1 1 2 1 0 1 0 1 0 1 0 1 0 1 0 1 0 1 0 1 0 1 0 1 0 1 0 1 0 1 0 1 0 1 0 1 0 1 0 1 0 1 0 1 0 1 0 1 0 1 0 1 0 1 0 1 0 1 0 1 0 1 0 1 0 1 0 1 0 1 0 1 0 1 0 1 0 1 0 1 0 1 0 1 0 1 0 1 0 1 0 1 0 1 0 1 0 1 0 1 0 1 0 1 0 1 0 1 0 1 0 1 0 1 0 1 0 1 0 1 0 1 0 1 0 1 0 1 0 1 0 1 0 1 0 1 0 1 0 1 0 1 0 1 0 1 0 1 0 1 0 1 0 1 0 1 0 1 0 1 0 1 0 1 0 1 0 1 0 1 0 1 0 1 0 1 0 1 0 1 0 1 0 1 0 1 0 1 0 1 0 1 0 1 0 1 0 1 0 1 0 1 0 1 0 1 0 1 0 1 0 1 0 1 0 1 0 1 0 1 0 1 0 1 0 1 0 1 0 1 0 1 0 1 0 1 0 1 0 1 0 1 0 1 0 1 0 1 0 1 0 1 0 1 0 1 0 1 0 1 0 1 0 1 0 1 0 1 0 1 0 1 0 1 0 1 0 1 0 1 0 1 0 1 0 1 0 1 0 1 0 1 0 1 0 1 0 1 0 1 0 1 0 1 0 1 0 1 0 1 0 1 0 1 0 1 0 1 0 1 0 1 0 1 0 1 0 1 0 1 0 1 0 1 0 1 0 1 0 1 0 1 0 1 0 1 0 1 0 1 0 1 0 1 0 1 0 1 0 1 0 1 0 2 0 2 3 3 4 2 0 2 3 3 4 2 3 3 4 2 0 2 5 3 6 2 5 3 6 2 5 3 6 2 3 3 4 2 0 2 5 3 6 2 3 3 4 2 0 2 0 2 5 3 6 2 3 3 4 2 0 2 7 3 8 2 3 3 4 2 0 2 5 3 6 2 7 3 8 2 3 3 4 2 0 2 3 3 4 2 5 3 6 2 5 3 6 2 5 3 6 2 7 3 8 2 7 3 8 2 7 3 8 2 7 3 8 3 0 3 0 3 0 3 0 3 0 3 0 2 7 3 8 3 0 3 0 3 0 2 7 3 8 3 0 3 0 3 0 2 7 3 8 2 7 3 8 4 0 4 3 5 4 4 0 4 0 4 3 5 4 4 0 4 3 5 4 4 0 4 5 5 6 4 3 5 4 4 0 4 3 5 4 4 0 4 5 5 6 4 3 5 4 4 0 4 3 5 4 4 5 5 6 4 5 5 6 4 5 5 6 4 7 5 8 4 7 5 8 4 7 5 8 4 7 5 8 5 0 5 0 5 0 5 0 5 0 5 0 4 7 5 8 4 5 5 6 4 7 5 8 4 5 5 6 4 7 5 8 5 0 5 0 5 0 4 7 5 8 5 0 5 0 5 0 4 7 5 8 4 7 5 8 4 5 5 6 4 5 5 6 4 3 5 4 4 3 5 4 4 0</v>
                </vertex_weights>
            </skin>
        </controller>
        <controller id="pm0812_00_00_body_b_mesh_shape_body_b-controller" name="pm0812_00_00_body_b_mesh_shape_body_b">
            <skin source="#pm0812_00_00_body_b_mesh_shape_body_b-geometry">
                <bind_shape_matrix>1 0 0 0 0 1 0 0 0 0 1 0 0 0 0 1</bind_shape_matrix>
                <source id="pm0812_00_00_body_b_mesh_shape_body_b-joints">
                    <Name_array id="pm0812_00_00_body_b_mesh_shape_body_b-joints-array" count="2">hips spine</Name_array>
                    <technique_common>
                        <accessor count="2" offset="0" source="#pm0812_00_00_body_b_mesh_shape_body_b-joints-array" stride="1">
                            <param name="JOINT" type="Name" />
                        </accessor>
                    </technique_common>
                </source>
                <source id="pm0812_00_00_body_b_mesh_shape_body_b-matrices">
                    <float_array id="pm0812_00_00_body_b_mesh_shape_body_b-matrices-array" count="32">8.529726E-07 -0.999999 1E-06 0.05661815 1.000001 8.529726E-07 1E-06 1.008325E-06 1E-06 1E-06 1.000001 1E-06 1E-06 1E-06 1E-06 1.000001 1.059605E-06 1.000001 1E-06 -0.05663615 -0.999999 1.059605E-06 1E-06 9.966247E-07 1E-06 1E-06 1.000001 1E-06 1E-06 1E-06 1E-06 1.000001</float_array>
                    <technique_common>
                        <accessor count="2" offset="0" source="#pm0812_00_00_body_b_mesh_shape_body_b-matrices-array" stride="16">
                            <param name="TRANSFORM" type="float4x4" />
                        </accessor>
                    </technique_common>
                </source>
                <source id="pm0812_00_00_body_b_mesh_shape_body_b-weights">
                    <float_array id="pm0812_00_00_body_b_mesh_shape_body_b-weights-array" count="13">1 0.06999313 0.9300069 0.2399939 0.7600061 0.3600061 0.6399939 0.4699931 0.5300069 0.5400015 0.4599985 0.5700008 0.4299992</float_array>
                    <technique_common>
                        <accessor count="13" offset="0" source="#pm0812_00_00_body_b_mesh_shape_body_b-weights-array" stride="1">
                            <param name="WEIGHT" type="float" />
                        </accessor>
                    </technique_common>
                </source>
                <joints>
                    <input semantic="JOINT" source="#pm0812_00_00_body_b_mesh_shape_body_b-joints" />
                    <input semantic="INV_BIND_MATRIX" source="#pm0812_00_00_body_b_mesh_shape_body_b-matrices" />
                </joints>
                <vertex_weights count="378">
                    <input semantic="JOINT" source="#pm0812_00_00_body_b_mesh_shape_body_b-joints" offset="0" set="0" />
                    <input semantic="WEIGHT" source="#pm0812_00_00_body_b_mesh_shape_body_b-weights" offset="1" set="0" />
                    <vcount>1 2 1 2 2 1 2 2 2 2 1 2 2 2 2 2 2 2 2 2 2 2 2 2 2 2 2 2 2 2 2 2 2 2 2 2 2 2 2 2 2 2 2 2 2 2 2 2 2 2 2 2 2 2 2 2 2 1 1 1 1 2 1 1 2 1 2 2 1 2 2 2 2 1 2 2 2 2 2 2 2 2 2 2 2 2 2 2 2 2 2 2 2 2 2 2 2 2 2 2 2 2 2 2 2 2 2 2 2 2 2 2 2 2 2 2 2 2 2 2 1 1 1 1 2 1 1 2 1 2 2 1 2 2 2 2 1 2 2 2 2 2 2 2 2 2 2 2 2 2 2 2 2 2 2 2 2 2 2 2 2 2 2 2 2 2 2 2 2 2 2 2 2 2 2 2 2 2 2 2 2 2 2 1 1 1 1 2 1 1 2 1 2 2 1 2 2 2 2 1 2 2 2 2 2 2 2 2 2 2 2 2 2 2 2 2 2 2 2 2 2 2 2 2 2 2 2 2 2 2 2 2 2 2 2 2 2 2 2 2 2 2 2 2 2 2 1 1 1 1 2 1 1 2 1 2 2 1 2 2 2 2 1 2 2 2 2 2 2 2 2 2 2 2 2 2 2 2 2 2 2 2 2 2 2 2 2 2 2 2 2 2 2 2 2 2 2 2 2 2 2 2 2 2 2 2 2 2 2 1 1 1 1 2 1 1 2 1 2 2 1 2 2 2 2 1 2 2 2 2 2 2 2 2 2 2 2 2 2 2 2 2 2 2 2 2 2 2 2 2 2 2 2 2 2 2 2 2 2 2 2 2 2 2 2 2 2 2 2 2 2 2 1 1 1 1 2 1</vcount>
                    <v>0 0 1 1 0 2 0 0 1 1 0 2 1 3 0 4 0 0 1 3 0 4 1 5 0 6 1 1 0 2 1 1 0 2 0 0 1 3 0 4 1 5 0 6 1 7 0 8 1 3 0 4 1 7 0 8 1 5 0 6 1 9 0 10 1 11 0 12 1 11 0 12 1 9 0 10 1 11 0 12 1 7 0 8 1 9 0 10 1 9 0 10 1 11 0 12 1 11 0 12 1 7 0 8 1 5 0 6 1 7 0 8 1 5 0 6 1 3 0 4 1 9 0 10 1 9 0 10 1 11 0 12 1 11 0 12 1 7 0 8 1 9 0 10 1 9 0 10 1 11 0 12 1 7 0 8 1 5 0 6 1 9 0 10 1 11 0 12 1 7 0 8 1 7 0 8 1 5 0 6 1 5 0 6 1 5 0 6 1 3 0 4 1 3 0 4 1 3 0 4 1 3 0 4 1 1 0 2 1 1 0 2 1 1 0 2 1 1 0 2 0 0 0 0 0 0 0 0 1 1 0 2 0 0 0 0 1 1 0 2 0 0 1 1 0 2 1 3 0 4 0 0 1 3 0 4 1 5 0 6 1 1 0 2 1 1 0 2 0 0 1 3 0 4 1 5 0 6 1 7 0 8 1 3 0 4 1 7 0 8 1 5 0 6 1 9 0 10 1 11 0 12 1 11 0 12 1 9 0 10 1 11 0 12 1 7 0 8 1 9 0 10 1 9 0 10 1 11 0 12 1 11 0 12 1 7 0 8 1 5 0 6 1 7 0 8 1 5 0 6 1 3 0 4 1 9 0 10 1 9 0 10 1 11 0 12 1 11 0 12 1 7 0 8 1 9 0 10 1 9 0 10 1 11 0 12 1 7 0 8 1 5 0 6 1 9 0 10 1 11 0 12 1 7 0 8 1 7 0 8 1 5 0 6 1 5 0 6 1 5 0 6 1 3 0 4 1 3 0 4 1 3 0 4 1 3 0 4 1 1 0 2 1 1 0 2 1 1 0 2 1 1 0 2 0 0 0 0 0 0 0 0 1 1 0 2 0 0 0 0 1 1 0 2 0 0 1 1 0 2 1 3 0 4 0 0 1 3 0 4 1 5 0 6 1 1 0 2 1 1 0 2 0 0 1 3 0 4 1 5 0 6 1 7 0 8 1 3 0 4 1 7 0 8 1 5 0 6 1 9 0 10 1 11 0 12 1 11 0 12 1 9 0 10 1 11 0 12 1 7 0 8 1 9 0 10 1 9 0 10 1 11 0 12 1 11 0 12 1 7 0 8 1 5 0 6 1 7 0 8 1 5 0 6 1 3 0 4 1 9 0 10 1 9 0 10 1 11 0 12 1 11 0 12 1 7 0 8 1 9 0 10 1 9 0 10 1 11 0 12 1 7 0 8 1 5 0 6 1 9 0 10 1 11 0 12 1 7 0 8 1 7 0 8 1 5 0 6 1 5 0 6 1 5 0 6 1 3 0 4 1 3 0 4 1 3 0 4 1 3 0 4 1 1 0 2 1 1 0 2 1 1 0 2 1 1 0 2 0 0 0 0 0 0 0 0 1 1 0 2 0 0 0 0 1 1 0 2 0 0 1 1 0 2 1 3 0 4 0 0 1 3 0 4 1 5 0 6 1 1 0 2 1 1 0 2 0 0 1 3 0 4 1 5 0 6 1 7 0 8 1 3 0 4 1 7 0 8 1 5 0 6 1 9 0 10 1 11 0 12 1 11 0 12 1 9 0 10 1 11 0 12 1 7 0 8 1 9 0 10 1 9 0 10 1 11 0 12 1 11 0 12 1 7 0 8 1 5 0 6 1 7 0 8 1 5 0 6 1 3 0 4 1 9 0 10 1 9 0 10 1 11 0 12 1 11 0 12 1 7 0 8 1 9 0 10 1 9 0 10 1 11 0 12 1 7 0 8 1 5 0 6 1 9 0 10 1 11 0 12 1 7 0 8 1 7 0 8 1 5 0 6 1 5 0 6 1 5 0 6 1 3 0 4 1 3 0 4 1 3 0 4 1 3 0 4 1 1 0 2 1 1 0 2 1 1 0 2 1 1 0 2 0 0 0 0 0 0 0 0 1 1 0 2 0 0 0 0 1 1 0 2 0 0 1 1 0 2 1 3 0 4 0 0 1 3 0 4 1 5 0 6 1 1 0 2 1 1 0 2 0 0 1 3 0 4 1 5 0 6 1 7 0 8 1 3 0 4 1 7 0 8 1 5 0 6 1 9 0 10 1 11 0 12 1 11 0 12 1 9 0 10 1 11 0 12 1 7 0 8 1 9 0 10 1 9 0 10 1 11 0 12 1 11 0 12 1 7 0 8 1 5 0 6 1 7 0 8 1 5 0 6 1 3 0 4 1 9 0 10 1 9 0 10 1 11 0 12 1 11 0 12 1 7 0 8 1 9 0 10 1 9 0 10 1 11 0 12 1 7 0 8 1 5 0 6 1 9 0 10 1 11 0 12 1 7 0 8 1 7 0 8 1 5 0 6 1 5 0 6 1 5 0 6 1 3 0 4 1 3 0 4 1 3 0 4 1 3 0 4 1 1 0 2 1 1 0 2 1 1 0 2 1 1 0 2 0 0 0 0 0 0 0 0 1 1 0 2 0 0 0 0 1 1 0 2 0 0 1 1 0 2 1 3 0 4 0 0 1 3 0 4 1 5 0 6 1 1 0 2 1 1 0 2 0 0 1 3 0 4 1 5 0 6 1 7 0 8 1 3 0 4 1 7 0 8 1 5 0 6 1 9 0 10 1 11 0 12 1 11 0 12 1 9 0 10 1 11 0 12 1 7 0 8 1 9 0 10 1 9 0 10 1 11 0 12 1 11 0 12 1 7 0 8 1 5 0 6 1 7 0 8 1 5 0 6 1 3 0 4 1 9 0 10 1 9 0 10 1 11 0 12 1 11 0 12 1 7 0 8 1 9 0 10 1 9 0 10 1 11 0 12 1 7 0 8 1 5 0 6 1 9 0 10 1 11 0 12 1 7 0 8 1 7 0 8 1 5 0 6 1 5 0 6 1 5 0 6 1 3 0 4 1 3 0 4 1 3 0 4 1 3 0 4 1 1 0 2 1 1 0 2 1 1 0 2 1 1 0 2 0 0 0 0 0 0 0 0 1 1 0 2 0 0</v>
                </vertex_weights>
            </skin>
        </controller>
        <controller id="pm0812_00_00_body_a_mesh_shape_body_a-controller" name="pm0812_00_00_body_a_mesh_shape_body_a">
            <skin source="#pm0812_00_00_body_a_mesh_shape_body_a-geometry">
                <bind_shape_matrix>1 0 0 0 0 1 0 0 0 0 1 0 0 0 0 1</bind_shape_matrix>
                <source id="pm0812_00_00_body_a_mesh_shape_body_a-joints">
                    <Name_array id="pm0812_00_00_body_a_mesh_shape_body_a-joints-array" count="12">spine hips upper_jaw left_upper_jaw lower_jaw right_upper_jaw right_upper_eyelid_01 right_upper_eyelid_02 right_lower_eyelid left_lower_eyelid left_upper_eyelid_01 left_upper_eyelid_02</Name_array>
                    <technique_common>
                        <accessor count="12" offset="0" source="#pm0812_00_00_body_a_mesh_shape_body_a-joints-array" stride="1">
                            <param name="JOINT" type="Name" />
                        </accessor>
                    </technique_common>
                </source>
                <source id="pm0812_00_00_body_a_mesh_shape_body_a-matrices">
                    <float_array id="pm0812_00_00_body_a_mesh_shape_body_a-matrices-array" count="192">1.059605E-06 1.000001 1E-06 -0.05663615 -0.999999 1.059605E-06 1E-06 9.966247E-07 1E-06 1E-06 1.000001 1E-06 1E-06 1E-06 1E-06 1.000001 8.529726E-07 -0.999999 1E-06 0.05661815 1.000001 8.529726E-07 1E-06 1.008325E-06 1E-06 1E-06 1.000001 1E-06 1E-06 1E-06 1E-06 1.000001 1.013692E-06 0.229715 0.9732592 -0.0329196 1.000001 8.553104E-07 1.020082E-06 1.011606E-06 1.145434E-06 0.9732593 -0.229713 -0.09414972 1E-06 1E-06 1E-06 1.000001 -0.02236093 0.2803932 0.9596262 -0.02364819 0.05935679 -0.9577988 0.2812431 0.09152856 0.9979876 0.06324929 0.004776247 -0.0185736 1E-06 1E-06 1E-06 1.000001 1.017746E-06 0.2977362 0.9546495 0.03798924 -0.999999 1.059605E-06 1E-06 9.966247E-07 9.430985E-07 -0.9546475 0.2977361 0.08369879 1E-06 1E-06 1E-06 1.000001 0.02236284 0.2803941 0.9596258 -0.02364828 0.05935671 0.9578004 -0.2812419 -0.09152652 -0.9979855 0.06324914 0.004776142 -0.01857361 1E-06 1E-06 1E-06 1.000001 -0.3055342 0.4687198 0.8288261 -0.0831586 -0.9216105 0.07321778 -0.3811442 -0.01384602 -0.2393328 -0.8803069 0.4096072 0.08290801 1E-06 1E-06 1E-06 1.000001 -0.3055342 0.4687198 0.8288261 -0.1414325 -0.9216105 0.07321778 -0.3811442 -0.01384598 -0.2393328 -0.8803069 0.4096072 0.08290793 1E-06 1E-06 1E-06 1.000001 -0.3613701 0.1433605 0.9213368 -0.03598869 0.9260463 -0.06018887 0.3725847 0.01352631 0.1088695 0.98784 -0.1110058 -0.1045864 1E-06 1E-06 1E-06 1.000001 0.3613721 0.1433605 0.9213368 -0.03598868 0.9260463 0.06019076 -0.3725826 -0.01352426 -0.1088674 0.98784 -0.1110058 -0.1045862 1E-06 1E-06 1E-06 1.000001 0.3055362 0.4687197 0.8288261 -0.08315852 -0.9216104 -0.07321566 0.3811462 0.01384798 0.2393347 -0.8803069 0.4096072 0.08290786 1E-06 1E-06 1E-06 1.000001 0.3055362 0.4687197 0.8288261 -0.1414324 -0.9216104 -0.07321566 0.3811462 0.01384798 0.2393347 -0.8803069 0.4096072 0.08290785 1E-06 1E-06 1E-06 1.000001</float_array>
                    <technique_common>
                        <accessor count="12" offset="0" source="#pm0812_00_00_body_a_mesh_shape_body_a-matrices-array" stride="16">
                            <param name="TRANSFORM" type="float4x4" />
                        </accessor>
                    </technique_common>
                </source>
                <source id="pm0812_00_00_body_a_mesh_shape_body_a-weights">
                    <float_array id="pm0812_00_00_body_a_mesh_shape_body_a-weights-array" count="83">0.5700008 0.4299992 1 0.1900053 0.7799954 0.02999924 0.119997 0.880003 0.5300069 0.4699931 0.3700007 0.3300069 0.2999924 0.3100023 0.4099947 0.3400015 0.2500038 0.1799954 0.02000458 0.919997 0.08000305 0.5400015 0.06999313 0.3900054 0.7499962 0.2299992 0.3799954 0.4500038 0.2 0.3499962 0.2899977 0.1300069 0.680003 0.9300069 0.9499962 0.05000382 0.6999924 0.8200046 0.7100023 0.2599985 0.319997 0.1400015 0.6299992 0.6599985 0.6099946 0.8699932 0.9600061 0.0399939 0.1700008 0.1499962 0.7400015 0.1100023 0.6399939 0.5499962 0.4599985 0.2699931 0.7300069 0.2099947 0.05999848 0.1600061 0.5600061 0.280003 0.4800031 0.3600061 0.7199969 0.6 0.5000076 0.8500038 0.9000076 0.1000076 0.7900053 0.00999466 0.9900053 0.8399939 0.8299992 0.2399939 0.6899977 0.5799954 0.2200046 0.08999771 0.4399939 0.7700008 0.5100023</float_array>
                    <technique_common>
                        <accessor count="83" offset="0" source="#pm0812_00_00_body_a_mesh_shape_body_a-weights-array" stride="1">
                            <param name="WEIGHT" type="float" />
                        </accessor>
                    </technique_common>
                </source>
                <joints>
                    <input semantic="JOINT" source="#pm0812_00_00_body_a_mesh_shape_body_a-joints" />
                    <input semantic="INV_BIND_MATRIX" source="#pm0812_00_00_body_a_mesh_shape_body_a-matrices" />
                </joints>
                <vertex_weights count="621">
                    <input semantic="JOINT" source="#pm0812_00_00_body_a_mesh_shape_body_a-joints" offset="0" set="0" />
                    <input semantic="WEIGHT" source="#pm0812_00_00_body_a_mesh_shape_body_a-weights" offset="1" set="0" />
                    <vcount>2 2 2 2 2 2 2 2 2 2 2 2 2 2 2 2 2 2 2 2 2 2 2 2 2 2 2 2 2 2 2 2 2 2 2 2 2 2 2 2 2 2 2 2 1 1 1 1 1 1 1 1 1 1 1 1 1 1 1 1 1 1 1 1 1 1 1 1 1 1 1 1 3 2 2 3 3 3 4 2 3 3 4 3 3 3 3 2 1 1 2 1 2 3 2 3 3 3 3 3 3 3 2 2 2 2 1 2 1 2 2 2 2 3 2 2 2 3 3 3 3 3 3 3 3 3 3 3 3 4 3 3 4 3 3 2 3 2 1 1 1 1 1 1 1 1 1 1 1 1 1 1 1 1 1 1 1 1 1 1 1 1 1 1 1 1 2 2 2 2 2 2 2 2 2 2 2 2 2 2 2 2 1 2 2 2 2 2 2 2 2 2 2 2 2 2 2 2 2 3 2 2 2 2 2 3 2 2 2 2 2 2 2 2 2 2 2 2 2 2 2 2 2 2 1 2 2 1 2 2 2 2 2 3 1 1 1 1 1 1 1 1 1 1 1 1 1 1 1 1 1 1 1 1 1 1 1 1 1 1 1 1 1 1 1 1 1 1 1 1 1 1 1 1 1 1 1 1 1 1 1 1 1 1 1 1 1 1 1 1 2 1 2 2 1 1 2 2 2 2 3 3 3 3 3 2 2 3 3 3 2 3 3 3 3 3 3 3 3 3 3 3 3 3 3 3 3 3 4 4 2 3 3 4 3 3 3 3 3 3 2 2 3 2 3 3 1 3 3 3 3 4 3 4 3 2 4 2 2 2 1 2 3 2 3 1 2 2 2 2 1 2 2 2 2 2 2 2 2 3 3 3 3 3 3 3 3 3 3 3 3 3 3 2 3 1 3 1 3 2 1 2 2 2 3 3 3 3 3 3 3 3 3 2 2 2 1 1 1 1 2 1 2 2 1 2 2 2 2 2 2 2 2 2 2 2 3 3 3 2 1 3 3 1 3 3 3 3 3 3 3 1 2 3 3 3 3 3 3 3 2 3 3 3 3 2 2 2 2 2 2 2 2 2 2 2 2 2 2 2 2 2 2 2 2 2 2 2 2 2 2 2 2 2 2 2 2 2 2 2 2 2 2 2 2 2 2 2 2 2 2 2 2 2 2 2 1 1 1 1 1 1 1 1 1 1 1 1 1 1 1 1 1 1 1 1 1 1 1 1 1 1 1 1 1 1 1 1 1 1 1 1 1 1 1 1 1 1 1 1 1 1 1 1 1 1 1 1 1 1 1 1 1 1 1 1 1 1 2 1 2 2 2 2 2 2 1 2 2 2 2 2 2 2 1 1 2 2 2 3 2 3 2 3 3 3 3 3 1 2 2 2 3 2 3 2 3 3 3 3 3</vcount>
                    <v>0 0 1 1 0 0 1 1 0 0 1 1 0 0 1 1 0 0 1 1 0 0 1 1 0 0 1 1 0 0 1 1 0 0 1 1 0 0 1 1 0 0 1 1 0 0 1 1 0 0 1 1 0 0 1 1 0 0 1 1 0 0 1 1 0 0 1 1 0 0 1 1 0 0 1 1 0 0 1 1 0 0 1 1 0 0 1 1 0 0 1 1 0 0 1 1 0 0 1 1 0 0 1 1 0 0 1 1 0 0 1 1 0 0 1 1 0 0 1 1 0 0 1 1 0 0 1 1 0 0 1 1 0 0 1 1 0 0 1 1 0 0 1 1 0 0 1 1 0 0 1 1 0 0 1 1 0 0 1 1 0 0 1 1 0 0 1 1 0 0 1 1 0 0 1 1 0 2 0 2 0 2 0 2 0 2 0 2 0 2 0 2 0 2 0 2 0 2 0 2 0 2 0 2 0 2 0 2 0 2 0 2 0 2 0 2 0 2 0 2 0 2 0 2 0 2 0 2 0 2 0 2 0 3 2 4 3 5 0 6 2 7 0 8 2 9 0 10 2 11 3 12 0 13 2 0 3 6 0 14 2 15 3 16 0 1 2 17 4 18 3 10 0 19 2 20 0 21 4 22 3 23 0 24 2 22 3 17 0 10 2 25 4 18 3 26 0 27 4 28 3 29 0 30 4 11 3 26 0 31 4 0 3 12 0 32 2 22 3 16 0 33 3 22 0 2 0 2 0 33 3 22 0 2 0 34 4 35 0 36 4 6 3 17 0 37 4 17 0 38 4 39 3 5 0 21 4 40 3 41 0 10 4 27 3 17 0 6 4 36 3 17 0 42 4 40 3 35 0 12 4 0 3 31 0 17 4 24 3 22 0 43 4 15 0 23 4 44 0 16 4 24 0 7 4 6 0 2 0 33 5 22 0 2 0 19 2 20 0 37 4 17 0 43 4 15 0 33 5 22 0 42 4 40 5 35 0 23 4 44 0 34 4 35 0 16 4 24 0 17 4 24 5 22 0 12 4 0 5 31 0 6 4 36 5 17 0 10 4 27 5 17 0 31 4 0 5 12 0 38 4 39 5 5 0 21 4 40 5 41 0 27 4 28 5 29 0 30 4 11 5 26 0 36 4 6 5 17 0 8 4 20 5 23 0 32 2 22 5 16 0 10 2 25 4 18 5 26 0 24 2 22 5 17 0 10 2 11 5 12 0 1 2 17 4 18 5 10 0 14 2 15 5 16 0 13 2 0 5 6 0 8 2 9 0 3 2 4 5 5 0 6 2 7 0 2 0 2 0 2 0 2 0 2 0 2 0 2 0 2 0 2 0 2 0 2 0 2 0 2 0 2 0 2 0 2 0 2 0 2 0 2 0 2 0 2 0 2 0 2 0 2 0 2 0 2 0 2 0 2 0 42 1 10 0 0 1 1 0 0 1 1 0 42 1 10 0 0 1 1 0 24 1 16 0 24 1 16 0 42 1 10 0 0 1 1 0 24 1 16 0 45 1 31 0 45 1 31 0 46 1 47 0 42 1 10 0 0 1 1 0 46 1 47 0 2 0 45 1 31 0 24 1 16 0 42 1 10 0 42 1 10 0 0 1 1 0 24 1 16 0 42 1 10 0 0 1 1 0 24 1 16 0 24 1 16 0 42 1 10 0 0 1 1 0 0 1 1 0 24 1 16 0 42 1 10 0 0 1 1 0 32 4 48 1 49 0 42 1 10 0 0 1 1 0 24 1 16 0 42 1 10 0 24 1 16 0 50 4 51 1 49 0 42 1 10 0 0 1 1 0 24 1 16 0 42 1 10 0 0 1 1 0 24 1 16 0 42 1 10 0 0 1 1 0 24 1 16 0 42 1 10 0 0 1 1 0 24 1 16 0 24 1 16 0 45 1 31 0 45 1 31 0 46 1 47 0 45 1 31 0 46 1 47 0 2 0 45 1 31 0 46 1 47 0 2 0 45 1 31 0 46 1 47 0 45 1 31 0 46 1 47 0 46 1 47 0 52 4 13 1 35 0 2 0 2 0 2 0 2 0 2 0 2 0 2 0 2 0 2 0 2 0 2 0 2 0 2 0 2 0 2 0 2 0 2 0 2 0 2 0 2 0 2 0 2 0 2 0 2 0 2 0 2 0 2 0 2 0 2 0 2 0 2 0 2 0 2 0 2 0 2 0 2 0 2 0 2 0 2 0 2 0 2 0 2 0 2 0 2 0 2 0 2 0 2 0 2 0 2 0 2 0 2 0 2 0 2 0 2 0 2 0 2 0 46 1 47 0 2 0 45 1 31 0 46 1 47 0 2 0 2 0 46 1 47 0 45 1 31 0 45 1 31 0 46 1 47 0 50 4 51 1 49 0 52 4 13 1 35 0 0 4 23 1 47 0 1 4 53 3 18 0 1 4 53 5 18 0 54 4 21 0 55 4 56 0 15 4 53 3 51 0 57 4 56 3 58 0 57 4 56 5 58 0 16 4 24 0 17 4 24 3 22 0 17 4 24 5 22 0 49 4 32 3 48 0 6 4 36 3 17 0 49 4 32 5 48 0 6 4 36 5 17 0 59 4 60 3 61 0 31 4 0 3 12 0 59 4 60 5 61 0 31 4 0 5 12 0 15 4 53 5 51 0 15 4 9 5 3 0 12 4 11 5 10 0 30 4 11 5 26 0 8 4 20 5 23 0 62 4 16 5 55 0 8 4 20 5 23 0 1 2 3 4 18 5 63 0 1 2 17 4 18 5 10 0 64 5 61 0 14 2 15 5 16 0 14 2 15 5 16 0 65 2 22 4 18 5 13 0 32 2 49 5 48 0 13 2 0 5 6 0 13 2 0 5 6 0 3 2 4 5 5 0 3 2 4 5 5 0 65 2 10 5 5 0 6 2 7 0 6 2 7 0 3 2 4 3 5 0 66 2 66 0 3 2 4 3 5 0 13 2 0 3 6 0 2 0 13 2 0 3 6 0 14 2 15 3 16 0 65 2 10 3 5 0 14 2 15 3 16 0 1 2 17 4 18 3 10 0 32 2 49 3 48 0 1 2 3 4 18 3 63 0 21 4 22 3 23 0 33 3 22 0 65 2 22 4 18 3 13 0 37 3 17 0 33 5 22 0 37 5 17 0 2 0 34 5 35 0 67 6 18 7 31 0 34 5 35 0 7 6 20 7 47 0 2 0 68 8 69 0 36 8 12 0 24 8 16 0 24 8 16 8 2 0 39 8 50 0 34 6 35 0 70 8 57 0 71 8 72 0 39 8 50 0 73 8 59 0 17 8 37 0 48 8 74 0 7 6 35 7 22 0 7 6 69 7 18 0 8 6 25 7 75 0 76 6 6 7 3 0 77 6 48 7 16 0 78 6 62 7 12 0 8 6 48 7 12 0 55 6 10 7 63 0 5 6 43 7 13 0 79 6 8 7 26 0 54 6 57 7 11 0 55 6 29 7 26 0 57 6 80 7 29 0 8 6 48 7 12 0 67 7 49 0 67 6 18 7 31 0 2 0 7 6 22 7 35 0 2 0 76 6 6 7 3 0 34 6 35 0 2 0 68 8 69 0 37 8 17 0 81 8 25 0 7 6 35 7 22 0 7 6 69 7 18 0 82 6 28 7 30 0 0 6 49 7 61 0 15 4 9 3 3 0 12 4 11 3 10 0 30 4 11 3 26 0 62 4 16 3 55 0 8 4 20 3 23 0 64 3 61 0 34 3 35 0 34 3 35 0 2 0 2 0 2 0 2 0 36 9 12 0 2 0 24 9 16 0 24 9 16 9 2 0 68 9 69 0 39 9 50 0 17 9 37 0 71 9 72 0 39 9 50 0 48 9 74 0 70 9 57 0 73 9 59 0 37 9 17 0 81 9 25 0 68 9 69 0 7 10 35 11 22 0 7 10 69 11 18 0 82 10 28 11 30 0 34 10 35 0 2 0 0 10 49 11 61 0 57 10 80 11 29 0 2 0 55 10 29 11 26 0 5 10 43 11 13 0 76 10 6 11 3 0 7 10 22 11 35 0 8 10 48 11 12 0 79 10 8 11 26 0 67 10 18 11 31 0 2 0 67 11 49 0 54 10 57 11 11 0 67 10 18 11 31 0 8 10 48 11 12 0 7 10 20 11 47 0 55 10 10 11 63 0 78 10 62 11 12 0 76 10 6 11 3 0 34 10 35 0 77 10 48 11 16 0 8 10 25 11 75 0 7 10 35 11 22 0 7 10 69 11 18 0 42 1 10 0 0 1 1 0 42 1 10 0 0 1 1 0 24 1 16 0 42 1 10 0 0 1 1 0 24 1 16 0 45 1 31 0 42 1 10 0 0 1 1 0 24 1 16 0 42 1 10 0 0 1 1 0 0 1 1 0 24 1 16 0 24 1 16 0 42 1 10 0 0 1 1 0 45 1 31 0 24 1 16 0 42 1 10 0 45 1 31 0 42 1 10 0 0 1 1 0 24 1 16 0 42 1 10 0 0 1 1 0 0 1 1 0 42 1 10 0 0 1 1 0 24 1 16 0 24 1 16 0 24 1 16 0 42 1 10 0 0 1 1 0 45 1 31 0 42 1 10 0 0 1 1 0 42 1 10 0 24 1 16 0 24 1 16 0 45 1 31 0 24 1 16 0 45 1 31 0 45 1 31 0 45 1 31 0 46 1 47 0 46 1 47 0 46 1 47 0 46 1 47 0 2 0 2 0 2 0 2 0 2 0 2 0 2 0 2 0 2 0 2 0 2 0 2 0 2 0 2 0 2 0 2 0 2 0 2 0 2 0 2 0 2 0 2 0 2 0 2 0 2 0 2 0 2 0 2 0 2 0 2 0 2 0 2 0 2 0 2 0 2 0 2 0 2 0 2 0 2 0 2 0 2 0 2 0 2 0 2 0 2 0 2 0 2 0 2 0 2 0 2 0 2 0 2 0 2 0 2 0 2 0 2 0 2 0 2 0 2 0 2 0 2 0 2 0 46 1 47 0 2 0 46 1 47 0 46 1 47 0 45 1 31 0 45 1 31 0 46 1 47 0 46 1 47 0 2 0 45 1 31 0 46 1 47 0 46 1 47 0 45 1 31 0 45 1 31 0 46 1 47 0 46 1 47 0 2 0 2 0 81 8 25 0 48 8 74 0 71 8 72 0 7 6 69 7 18 0 39 8 50 0 82 6 28 7 30 0 73 8 59 0 57 6 80 7 29 0 7 6 69 7 18 0 5 6 43 7 13 0 8 6 25 7 75 0 78 6 62 7 12 0 2 0 73 9 59 0 39 9 50 0 71 9 72 0 7 10 69 11 18 0 48 9 74 0 8 10 25 11 75 0 81 9 25 0 78 10 62 11 12 0 7 10 69 11 18 0 5 10 43 11 13 0 82 10 28 11 30 0 57 10 80 11 29</v>
                </vertex_weights>
            </skin>
        </controller>
    </library_controllers>
    <library_visual_scenes>
        <visual_scene id="Scene" name="Scene">
            <node id="pm0812_00_00" sid="pm0812_00_00" name="pm0812_00_00" type="JOINT">
                <matrix sid="transform">1 0 0 0 0 1 0 0 0 0 1 0 0 0 0 1</matrix>
                <node id="origin" sid="origin" name="origin" type="JOINT">
                    <matrix sid="transform">1 0 0 0 0 1 0 0 0 0 1 0 0 0 0 1</matrix>
                    <node id="waist" sid="waist" name="waist" type="JOINT">
                        <matrix sid="transform">5.960464E-08 -0.9999999 0 -1.972152E-33 0.9999999 5.960464E-08 0 0.05662714 0 0 1 3.85186E-36 0 0 0 1</matrix>
                        <node id="spine" sid="spine" name="spine" type="JOINT">
                            <matrix sid="transform">1 0 0 1E-05 0 1 0 3.469447E-20 0 0 1 1.387779E-19 0 0 0 1</matrix>
                            <node id="feeler_a_01" sid="feeler_a_01" name="feeler_a_01" type="JOINT">
                                <matrix sid="transform">1 0 0 0.1382611 0 1 0 -1.693538E-17 0 0 1 0 0 0 0 1</matrix>
                                <node id="feeler_a_02" sid="feeler_a_02" name="feeler_a_02" type="JOINT">
                                    <matrix sid="transform">1 0 0 0.04492123 0 1 0 1.02694E-17 0 0 1 -1.784763E-20 0 0 0 1</matrix>
                                    <node id="feeler_a_03" sid="feeler_a_03" name="feeler_a_03" type="JOINT">
                                        <matrix sid="transform">1 0 0 0.054244 0 1 0 9.784113E-18 0 0 1 2.875029E-26 0 0 0 1</matrix>
                                    </node>
                                </node>
                            </node>
                            <node id="feeler_b_01" sid="feeler_b_01" name="feeler_b_01" type="JOINT">
                                <matrix sid="transform">-0.2952548 -8.742277E-08 0.9554185 0.1297002 2.5812E-08 -0.9999999 -8.352534E-08 -1.788472E-17 0.9554185 3.552714E-15 0.2952549 0.02072481 0 0 0 1</matrix>
                                <node id="feeler_b_02" sid="feeler_b_02" name="feeler_b_02" type="JOINT">
                                    <matrix sid="transform">0.9200259 0 0.3918574 0.03133107 0 1 0 -5.094931E-19 -0.3918574 0 0.9200259 -1.831868E-17 0 0 0 1</matrix>
                                </node>
                            </node>
                            <node id="feeler_c_01" sid="feeler_c_01" name="feeler_c_01" type="JOINT">
                                <matrix sid="transform">-0.2440778 8.742278E-08 -0.9697556 0.1299831 -2.133797E-08 -1 -8.477873E-08 -1.765583E-17 -0.9697556 0 0.2440779 -0.01716414 0 0 0 1</matrix>
                                <node id="feeler_c_02" sid="feeler_c_02" name="feeler_c_02" type="JOINT">
                                    <matrix sid="transform">0.9195362 0 -0.3930054 0.03549398 0 1 0 -3.730211E-19 0.3930054 0 0.9195362 3.275158E-17 0 0 0 1</matrix>
                                </node>
                            </node>
                            <node id="left_feeler_01" sid="left_feeler_01" name="left_feeler_01" type="JOINT">
                                <matrix sid="transform">0.189836 0.9818158 0 0.1303697 -0.9818158 0.189836 0 -0.01657863 0 0 1 0 0 0 0 1</matrix>
                                <node id="left_feeler_02" sid="left_feeler_02" name="left_feeler_02" type="JOINT">
                                    <matrix sid="transform">0.919313 0.3935272 0 0.04655692 -0.3935272 0.919313 0 -1.224977E-17 0 0 1 6.338489E-18 0 0 0 1</matrix>
                                </node>
                            </node>
                            <node id="right_feeler_01" sid="right_feeler_01" name="right_feeler_01" type="JOINT">
                                <matrix sid="transform">0.189832 -0.9818165 0 0.1303699 0.9818165 0.189832 0 0.0165786 0 0 1 1.107026E-43 0 0 0 1</matrix>
                                <node id="right_feeler_02" sid="right_feeler_02" name="right_feeler_02" type="JOINT">
                                    <matrix sid="transform">0.9193133 -0.3935265 0 0.04655696 0.3935265 0.9193133 0 1.483412E-17 0 0 1 6.33849E-18 0 0 0 1</matrix>
                                </node>
                            </node>
                            <node id="upper_jaw" sid="upper_jaw" name="upper_jaw" type="JOINT">
                                <matrix sid="transform">0.229714 -8.508493E-08 0.9732582 0.04255813 0 -1 -8.742278E-08 -2.759987E-15 0.9732582 2.008224E-08 -0.229714 0.0104125 0 0 0 1</matrix>
                            </node>
                            <node id="lower_jaw" sid="lower_jaw" name="lower_jaw" type="JOINT">
                                <matrix sid="transform">0.2977352 0 -0.9546485 0.0119544 0 1 0 -1.72501E-15 0.9546485 0 0.2977352 -0.06118521 0 0 0 1</matrix>
                            </node>
                            <node id="left_upper_jaw" sid="left_upper_jaw" name="left_upper_jaw" type="JOINT">
                                <matrix sid="transform">0.2803922 -0.9577994 0.06324846 0.03883376 0.02236181 -0.05935574 -0.9979863 -0.01257568 0.9596249 0.2812419 0.004775345 -0.002958329 0 0 0 1</matrix>
                            </node>
                            <node id="right_upper_jaw" sid="right_upper_jaw" name="right_upper_jaw" type="JOINT">
                                <matrix sid="transform">0.2803931 0.9577991 0.06324825 0.03883375 -0.0223617 -0.0593555 0.9979863 0.0125757 0.9596246 -0.2812428 0.004775226 -0.00295833 0 0 0 1</matrix>
                            </node>
                            <node id="left_upper_eyelid_01" sid="left_upper_eyelid_01" name="left_upper_eyelid_01" type="JOINT">
                                <matrix sid="transform">0.4687187 -0.0732167 -0.880308 0.05633868 -0.3055352 0.9216114 -0.2393338 -0.01832728 0.8288251 0.3811453 0.4096063 0.02968782 0 0 0 1</matrix>
                                <node id="left_upper_eyelid_02" sid="left_upper_eyelid_02" name="left_upper_eyelid_02" type="JOINT">
                                    <matrix sid="transform">1 0 0 0.05827387 0 1 0 1.110223E-17 0 0 1 -1.065814E-16 0 0 0 1</matrix>
                                </node>
                            </node>
                            <node id="left_lower_eyelid" sid="left_lower_eyelid" name="left_lower_eyelid" type="JOINT">
                                <matrix sid="transform">0.1433598 0.06018971 0.9878384 0.05265167 -0.3613708 -0.9260442 0.1088683 -0.01414437 0.9213353 -0.3725834 -0.1110064 0.01650942 0 0 0 1</matrix>
                            </node>
                            <node id="right_upper_eyelid_01" sid="right_upper_eyelid_01" name="right_upper_eyelid_01" type="JOINT">
                                <matrix sid="transform">0.4687187 0.0732167 -0.880308 0.05633885 0.3055352 0.9216114 0.2393338 0.0183273 0.8288251 -0.3811453 0.4096063 0.0296878 0 0 0 1</matrix>
                                <node id="right_upper_eyelid_02" sid="right_upper_eyelid_02" name="right_upper_eyelid_02" type="JOINT">
                                    <matrix sid="transform">1 0 0 0.05827388 0 1 0 -4.1101E-08 0 0 1 7.4412E-08 0 0 0 1</matrix>
                                </node>
                            </node>
                            <node id="right_lower_eyelid" sid="right_lower_eyelid" name="right_lower_eyelid" type="JOINT">
                                <matrix sid="transform">0.1433598 -0.06018971 0.9878384 0.05265185 0.3613708 -0.9260442 -0.1088683 0.0141444 0.9213353 0.3725834 -0.1110064 0.0165094 0 0 0 1</matrix>
                            </node>
                            <node id="pointlight2" sid="pointlight2" name="pointlight2" type="JOINT">
                                <matrix sid="transform">5.960464E-08 0.9999999 0 0.08336286 -0.9999999 5.960464E-08 0 0.037 0 0 1 0.08 0 0 0 1</matrix>
                            </node>
                            <node id="pointlight1" sid="pointlight1" name="pointlight1" type="JOINT">
                                <matrix sid="transform">5.960464E-08 0.9999999 0 0.08382586 -0.9999999 5.960464E-08 0 -0.03711198 0 0 1 0.0800207 0 0 0 1</matrix>
                            </node>
                        </node>
                        <node id="hips" sid="hips" name="hips" type="JOINT">
                            <matrix sid="transform">-1 -8.742278E-08 0 -1E-05 8.742278E-08 -1 0 1.040834E-19 0 0 1 1.387779E-19 0 0 0 1</matrix>
                            <node id="left_crotch" sid="left_crotch" name="left_crotch" type="JOINT">
                                <matrix sid="transform">1 0 0 -0.1110453 0 1 0 0.01338582 0 0 1 0 0 0 0 1</matrix>
                                <node id="left_leg_01" sid="left_leg_01" name="left_leg_01" type="JOINT">
                                    <matrix sid="transform">0.9999676 -0.008044138 0 0.1551318 0.008044138 0.9999676 0 0.004963507 0 0 1 7.654416E-19 0 0 0 1</matrix>
                                </node>
                            </node>
                            <node id="right_crotch" sid="right_crotch" name="right_crotch" type="JOINT">
                                <matrix sid="transform">1 0 0 -0.1110449 0 1 0 -0.0133858 0 0 1 1.107026E-43 0 0 0 1</matrix>
                                <node id="right_leg_01" sid="right_leg_01" name="right_leg_01" type="JOINT">
                                    <matrix sid="transform">0.9999676 0.008047892 0 0.1551314 -0.008047892 0.9999676 0 -0.0049635 0 0 1 4.065876E-18 0 0 0 1</matrix>
                                </node>
                            </node>
                        </node>
                    </node>
                </node>
                <node id="lod_group" sid="lod_group" name="lod_group" type="JOINT">
                    <matrix sid="transform">1 0 0 0 0 1 0 0 0 0 1 0 0 0 0 1</matrix>
                    <node id="lod0" sid="lod0" name="lod0" type="JOINT">
                        <matrix sid="transform">1 0 0 0 0 1 0 0 0 0 1 0 0 0 0 1</matrix>
                        <node id="pm0812_00_00_eye_mesh" sid="pm0812_00_00_eye_mesh" name="pm0812_00_00_eye_mesh" type="JOINT">
                            <matrix sid="transform">1 0 0 0 0 1 0 0 0 0 1 0 0 0 0 1</matrix>
                        </node>
                        <node id="pm0812_00_00_body_c_mesh" sid="pm0812_00_00_body_c_mesh" name="pm0812_00_00_body_c_mesh" type="JOINT">
                            <matrix sid="transform">1 0 0 0 0 1 0 0 0 0 1 0 0 0 0 1</matrix>
                        </node>
                        <node id="pm0812_00_00_body_b_mesh" sid="pm0812_00_00_body_b_mesh" name="pm0812_00_00_body_b_mesh" type="JOINT">
                            <matrix sid="transform">1 0 0 0 0 1 0 0 0 0 1 0 0 0 0 1</matrix>
                        </node>
                        <node id="pm0812_00_00_body_a_mesh" sid="pm0812_00_00_body_a_mesh" name="pm0812_00_00_body_a_mesh" type="JOINT">
                            <matrix sid="transform">1 0 0 0 0 1 0 0 0 0 1 0 0 0 0 1</matrix>
                        </node>
                    </node>
                    <node id="lod1" sid="lod1" name="lod1" type="JOINT">
                        <matrix sid="transform">1 0 0 0 0 1 0 0 0 0 1 0 0 0 0 1</matrix>
                        <node id="pm0812_00_00_eye_mesh_lod1" sid="pm0812_00_00_eye_mesh_lod1" name="pm0812_00_00_eye_mesh_lod1" type="JOINT">
                            <matrix sid="transform">1 0 0 0 0 1 0 0 0 0 1 0 0 0 0 1</matrix>
                        </node>
                        <node id="pm0812_00_00_body_c_mesh_lod1" sid="pm0812_00_00_body_c_mesh_lod1" name="pm0812_00_00_body_c_mesh_lod1" type="JOINT">
                            <matrix sid="transform">1 0 0 0 0 1 0 0 0 0 1 0 0 0 0 1</matrix>
                        </node>
                        <node id="pm0812_00_00_body_b_mesh_lod1" sid="pm0812_00_00_body_b_mesh_lod1" name="pm0812_00_00_body_b_mesh_lod1" type="JOINT">
                            <matrix sid="transform">1 0 0 0 0 1 0 0 0 0 1 0 0 0 0 1</matrix>
                        </node>
                        <node id="pm0812_00_00_body_a_mesh_lod1" sid="pm0812_00_00_body_a_mesh_lod1" name="pm0812_00_00_body_a_mesh_lod1" type="JOINT">
                            <matrix sid="transform">1 0 0 0 0 1 0 0 0 0 1 0 0 0 0 1</matrix>
                        </node>
                    </node>
                    <node id="lod2" sid="lod2" name="lod2" type="JOINT">
                        <matrix sid="transform">1 0 0 0 0 1 0 0 0 0 1 0 0 0 0 1</matrix>
                        <node id="pm0812_00_00_eye_mesh_lod2" sid="pm0812_00_00_eye_mesh_lod2" name="pm0812_00_00_eye_mesh_lod2" type="JOINT">
                            <matrix sid="transform">1 0 0 0 0 1 0 0 0 0 1 0 0 0 0 1</matrix>
                        </node>
                        <node id="pm0812_00_00_body_c_mesh_lod2" sid="pm0812_00_00_body_c_mesh_lod2" name="pm0812_00_00_body_c_mesh_lod2" type="JOINT">
                            <matrix sid="transform">1 0 0 0 0 1 0 0 0 0 1 0 0 0 0 1</matrix>
                        </node>
                        <node id="pm0812_00_00_body_b_mesh_lod2" sid="pm0812_00_00_body_b_mesh_lod2" name="pm0812_00_00_body_b_mesh_lod2" type="JOINT">
                            <matrix sid="transform">1 0 0 0 0 1 0 0 0 0 1 0 0 0 0 1</matrix>
                        </node>
                        <node id="pm0812_00_00_body_a_mesh_lod2" sid="pm0812_00_00_body_a_mesh_lod2" name="pm0812_00_00_body_a_mesh_lod2" type="JOINT">
                            <matrix sid="transform">1 0 0 0 0 1 0 0 0 0 1 0 0 0 0 1</matrix>
                        </node>
                    </node>
                </node>
            </node>
            <node id="pm0812_00_00_eye_mesh_shape_l_eye" sid="pm0812_00_00_eye_mesh_shape_l_eye" name="pm0812_00_00_eye_mesh_shape_l_eye">
                <instance_controller url="#pm0812_00_00_eye_mesh_shape_l_eye-controller">
                    <skeleton>#pm0812_00_00</skeleton>
                    <bind_material>
                        <technique_common>
                            <instance_material target="#l_eye" symbol="l_eye" />
                        </technique_common>
                    </bind_material>
                </instance_controller>
            </node>
            <node id="pm0812_00_00_eye_mesh_shape_r_eye" sid="pm0812_00_00_eye_mesh_shape_r_eye" name="pm0812_00_00_eye_mesh_shape_r_eye">
                <instance_controller url="#pm0812_00_00_eye_mesh_shape_r_eye-controller">
                    <skeleton>#pm0812_00_00</skeleton>
                    <bind_material>
                        <technique_common>
                            <instance_material target="#r_eye" symbol="r_eye" />
                        </technique_common>
                    </bind_material>
                </instance_controller>
            </node>
            <node id="pm0812_00_00_body_c_mesh_shape_body_b" sid="pm0812_00_00_body_c_mesh_shape_body_b" name="pm0812_00_00_body_c_mesh_shape_body_b">
                <instance_controller url="#pm0812_00_00_body_c_mesh_shape_body_b-controller">
                    <skeleton>#pm0812_00_00</skeleton>
                    <bind_material>
                        <technique_common>
                            <instance_material target="#body_b" symbol="body_b" />
                        </technique_common>
                    </bind_material>
                </instance_controller>
            </node>
            <node id="pm0812_00_00_body_b_mesh_shape_body_a" sid="pm0812_00_00_body_b_mesh_shape_body_a" name="pm0812_00_00_body_b_mesh_shape_body_a">
                <instance_controller url="#pm0812_00_00_body_b_mesh_shape_body_a-controller">
                    <skeleton>#pm0812_00_00</skeleton>
                    <bind_material>
                        <technique_common>
                            <instance_material target="#body_a" symbol="body_a" />
                        </technique_common>
                    </bind_material>
                </instance_controller>
            </node>
            <node id="pm0812_00_00_body_b_mesh_shape_body_b" sid="pm0812_00_00_body_b_mesh_shape_body_b" name="pm0812_00_00_body_b_mesh_shape_body_b">
                <instance_controller url="#pm0812_00_00_body_b_mesh_shape_body_b-controller">
                    <skeleton>#pm0812_00_00</skeleton>
                    <bind_material>
                        <technique_common>
                            <instance_material target="#body_b" symbol="body_b" />
                        </technique_common>
                    </bind_material>
                </instance_controller>
            </node>
            <node id="pm0812_00_00_body_a_mesh_shape_body_a" sid="pm0812_00_00_body_a_mesh_shape_body_a" name="pm0812_00_00_body_a_mesh_shape_body_a">
                <instance_controller url="#pm0812_00_00_body_a_mesh_shape_body_a-controller">
                    <skeleton>#pm0812_00_00</skeleton>
                    <bind_material>
                        <technique_common>
                            <instance_material target="#body_a" symbol="body_a" />
                        </technique_common>
                    </bind_material>
                </instance_controller>
            </node>
        </visual_scene>
    </library_visual_scenes>
    <scene>
        <instance_visual_scene url="#Scene" />
    </scene>
</COLLADA>