mtllib pm0812_00_00.mtl
v 0.02926115 0.1377216 0.0765669
vt 0.7036805 0.9086089
vn -0.0836792 0.7104492 0.6982422
v 0.03557948 0.138039 0.07643474
vt 0.5 0.8584488
vn 0.230835 0.7792969 0.581543
v 0.03384809 0.1402526 0.07319253
vt 0.5000002 0.9896846
vn 0.1842041 0.8291016 0.5273438
v 0.03960927 0.1379655 0.07223503
vt 0.3108104 0.8869402
vn 0.5136719 0.7460938 0.4228516
v 0.03241547 0.1360117 0.07862931
vt 0.6334174 0.7929292
vn -0.02720642 0.65625 0.753418
v 0.02772772 0.1328832 0.07995559
vt 0.8176174 0.7239124
vn -0.1427002 0.5029297 0.8520508
v 0.03934933 0.1362152 0.07565404
vt 0.3775922 0.7810757
vn 0.5209961 0.6870117 0.5058594
v 0.04393899 0.1336858 0.07289857
vt 0.1895776 0.7099946
vn 0.6459961 0.5693359 0.5078125
v 0.03702846 0.1336257 0.07890516
vt 0.5 0.6762533
vn 0.3295898 0.5126953 0.7924805
v 0.03133436 0.1323722 0.08084806
vt 0.7047986 0.6613829
vn -0.06039429 0.4777832 0.8759766
v 0.02792009 0.1272151 0.08274767
vt 0.8654301 0.5051465
vn -0.08721924 0.3217773 0.9423828
v 0.04214319 0.1327082 0.0761175
vt 0.3042066 0.6468695
vn 0.6235352 0.5332031 0.5708008
v 0.04636465 0.1281673 0.07504071
vt 0.156042 0.48589
vn 0.6738281 0.4191895 0.6079102
v 0.03989763 0.1319083 0.07846652
vt 0.4109811 0.6081651
vn 0.4929199 0.4731445 0.7299805
v 0.04372884 0.1284942 0.07759348
vt 0.2868964 0.4851478
vn 0.6342773 0.4138184 0.6523438
v 0.04443315 0.1246139 0.07892273
vt 0.290722 0.3429946
vn 0.6435547 0.2746582 0.7138672
v 0.04698291 0.1224224 0.07739816
vt 0.1876985 0.2665236
vn 0.6782227 0.2139893 0.7026367
v 0.04123404 0.1287473 0.07943545
vt 0.3903605 0.490652
vn 0.534668 0.4006348 0.7436523
v 0.04336705 0.1202722 0.08112679
vt 0.3669817 0.1921005
vn 0.59375 0.0994873 0.7978516
v 0.04463506 0.116991 0.08012214
vt 0.3147323 0.07978368
vn 0.6098633 0.01337433 0.7919922
v 0.04141232 0.1258015 0.0805951
vt 0.4068773 0.3857049
vn 0.5073242 0.309082 0.8041992
v 0.03832428 0.1288059 0.08101575
vt 0.5 0.4959699
vn 0.3552246 0.3779297 0.8544922
v 0.03932592 0.1236665 0.08237144
vt 0.5 0.3156419
vn 0.3684082 0.2429199 0.8969727
v 0.04012977 0.118295 0.08325853
vt 0.5 0.1318281
vn 0.3706055 -0.01927185 0.9282227
v 0.0401058 0.1147057 0.08280996
vt 0.4999998 0.009975195
vn 0.3730469 -0.09564209 0.9223633
v 0.03451296 0.1171444 0.08409239
vt 0.6969447 0.1083354
vn 0.1045532 -0.04119873 0.9936523
v 0.0359672 0.1201929 0.08415622
vt 0.6362226 0.2087524
vn 0.135376 0.04440308 0.9897461
v 0.03055074 0.1213043 0.08420968
vt 0.8173846 0.2749096
vn -0.01215363 0.131958 0.9907227
v 0.0362867 0.1254631 0.08280363
vt 0.5943475 0.3879962
vn 0.2202148 0.2717285 0.9365234
v 0.0332232 0.1240446 0.0837583
vt 0.7077801 0.3541518
vn 0.03341675 0.1942139 0.9799805
v 0.03503503 0.1285389 0.08212999
vt 0.6155113 0.4994774
vn 0.1691895 0.3569336 0.918457
v 0.03189867 0.1281175 0.0827025
vt 0.7218479 0.5033617
vn -0.006343842 0.3354492 0.9418945
v 0.03497921 0.1318201 0.08058845
vt 0.5886129 0.617458
vn 0.185791 0.4509277 0.8725586
o pm0812_00_00_eye_mesh_shape_l_eye
g polygon_0
usemtl l_eye
f 1/1/1 2/2/2 3/3/3
f 2/2/2 4/4/4 3/3/3
f 5/5/5 2/2/2 1/1/1
f 6/6/6 5/5/5 1/1/1
f 7/7/7 4/4/4 2/2/2
f 4/4/4 7/7/7 8/8/8
f 5/5/5 9/9/9 2/2/2
f 2/2/2 9/9/9 7/7/7
f 10/10/10 5/5/5 6/6/6
f 11/11/11 10/10/10 6/6/6
f 8/8/8 7/7/7 12/12/12
f 8/8/8 12/12/12 13/13/13
f 7/7/7 14/14/14 12/12/12
f 7/7/7 9/9/9 14/14/14
f 13/13/13 12/12/12 15/15/15
f 12/12/12 14/14/14 15/15/15
f 15/15/15 16/16/16 13/13/13
f 13/13/13 16/16/16 17/17/17
f 15/15/15 14/14/14 18/18/18
f 16/16/16 19/19/19 17/17/17
f 17/17/17 19/19/19 20/20/20
f 15/15/15 21/21/21 16/16/16
f 18/18/18 21/21/21 15/15/15
f 16/16/16 21/21/21 19/19/19
f 18/18/18 14/14/14 22/22/22
f 21/21/21 18/18/18 22/22/22
f 14/14/14 9/9/9 22/22/22
f 19/19/19 21/21/21 23/23/23
f 23/23/23 21/21/21 22/22/22
f 24/24/24 20/20/20 19/19/19
f 19/19/19 23/23/23 24/24/24
f 25/25/25 20/20/20 24/24/24
f 24/24/24 26/26/26 25/25/25
f 27/27/27 26/26/26 24/24/24
f 24/24/24 23/23/23 27/27/27
f 26/26/26 27/27/27 28/28/28
f 27/27/27 23/23/23 29/29/29
f 29/29/29 23/23/23 22/22/22
f 28/28/28 27/27/27 30/30/30
f 27/27/27 29/29/29 30/30/30
f 28/28/28 30/30/30 11/11/11
f 31/31/31 29/29/29 22/22/22
f 29/29/29 31/31/31 30/30/30
f 11/11/11 30/30/30 32/32/32
f 30/30/30 31/31/31 32/32/32
f 32/32/32 10/10/10 11/11/11
f 33/33/33 31/31/31 22/22/22
f 31/31/31 33/33/33 32/32/32
f 32/32/32 33/33/33 10/10/10
f 9/9/9 33/33/33 22/22/22
f 10/10/10 33/33/33 5/5/5
f 5/5/5 33/33/33 9/9/9
v -0.03557948 0.138039 0.07643474
vt 0.5 0.8584489
vn -0.230835 0.7792969 0.581543
v -0.02926115 0.1377216 0.0765669
vt 0.7036804 0.9086086
vn 0.0836792 0.7104492 0.6982422
v -0.03384809 0.1402526 0.07319253
vt 0.4999998 0.9896849
vn -0.1842041 0.8291016 0.5273438
v -0.03960927 0.1379655 0.07223503
vt 0.3108105 0.8869402
vn -0.5136719 0.7460938 0.4228516
v -0.03241547 0.1360117 0.07862931
vn 0.02720642 0.65625 0.753418
v -0.02772772 0.1328832 0.07995559
vt 0.8176178 0.7239124
vn 0.1427002 0.5029297 0.8520508
v -0.03934933 0.1362152 0.07565404
vt 0.3775921 0.7810757
vn -0.5209961 0.6870117 0.5058594
v -0.04393899 0.1336858 0.07289857
vt 0.1895776 0.7099947
vn -0.6459961 0.5693359 0.5078125
v -0.03133436 0.1323722 0.08084806
vn 0.06039429 0.4777832 0.8759766
v -0.02792009 0.1272151 0.08274767
vn 0.08721924 0.3217773 0.9423828
v -0.03702846 0.1336257 0.07890516
vt 0.5 0.6762534
vn -0.3295898 0.5126953 0.7924805
v -0.03497921 0.1318201 0.08058845
vt 0.588613 0.6174579
vn -0.185791 0.4509277 0.8725586
v -0.03189868 0.1281175 0.0827025
vt 0.721848 0.5033617
vn 0.006340027 0.3354492 0.9418945
v -0.0332232 0.1240446 0.08375832
vt 0.7077801 0.354152
vn -0.03341675 0.1942139 0.9799805
v -0.03055074 0.1213043 0.08420968
vt 0.8173847 0.2749096
vn 0.01215363 0.131958 0.9907227
v -0.03503503 0.1285389 0.08212999
vt 0.6155114 0.4994773
vn -0.1691895 0.3569336 0.918457
v -0.0359672 0.1201929 0.08415622
vt 0.6362227 0.2087524
vn -0.135376 0.04440308 0.9897461
v -0.03451296 0.1171444 0.08409239
vt 0.6969446 0.1083354
vn -0.1045532 -0.04119873 0.9936523
v -0.03628671 0.1254631 0.08280363
vt 0.5943472 0.3879963
vn -0.2202148 0.2717285 0.9365234
v -0.03832428 0.1288059 0.08101575
vt 0.5 0.49597
vn -0.3552246 0.3779297 0.8544922
v -0.03932593 0.1236665 0.08237145
vt 0.5 0.3156427
vn -0.3684082 0.2429199 0.8969727
v -0.04012978 0.1182951 0.08325855
vt 0.5 0.1318296
vn -0.3706055 -0.01927185 0.9282227
v -0.0401058 0.1147057 0.08280996
vt 0.5 0.009975195
vn -0.3730469 -0.09564209 0.9223633
v -0.04463506 0.116991 0.08012214
vn -0.6098633 0.0133667 0.7919922
v -0.04336707 0.1202723 0.08112681
vt 0.3669818 0.1921005
vn -0.59375 0.0994873 0.7978516
v -0.04698291 0.1224224 0.07739816
vt 0.1876985 0.2665237
vn -0.6782227 0.2139893 0.7026367
v -0.04141232 0.1258015 0.08059512
vt 0.4068772 0.3857049
vn -0.5073242 0.309082 0.8041992
v -0.04443315 0.1246139 0.07892273
vn -0.6435547 0.2746582 0.7138672
v -0.04636465 0.1281673 0.07504071
vn -0.6738281 0.4191895 0.6079102
v -0.04123405 0.1287473 0.07943545
vt 0.3903605 0.4906518
vn -0.534668 0.4008789 0.7436523
v -0.04372884 0.1284942 0.07759348
vt 0.2868965 0.4851478
vn -0.6342773 0.4138184 0.6523438
v -0.03989763 0.1319083 0.07846652
vt 0.410981 0.6081651
vn -0.4929199 0.4731445 0.7299805
v -0.04214319 0.1327082 0.0761175
vn -0.6235352 0.5332031 0.5708008
o pm0812_00_00_eye_mesh_shape_r_eye
g polygon_0
usemtl r_eye
f 34/34/34 35/35/35 36/36/36
f 37/37/37 34/34/34 36/36/36
f 38/5/38 35/35/35 34/34/34
f 35/35/35 38/5/38 39/38/39
f 40/39/40 34/34/34 37/37/37
f 37/37/37 41/40/41 40/39/40
f 39/38/39 38/5/38 42/10/42
f 39/38/39 42/10/42 43/11/43
f 34/34/34 44/41/44 38/5/38
f 40/39/40 44/41/44 34/34/34
f 38/5/38 45/42/45 42/10/42
f 38/5/38 44/41/44 45/42/45
f 43/11/43 42/10/42 46/43/46
f 42/10/42 45/42/45 46/43/46
f 46/43/46 47/44/47 43/11/43
f 43/11/43 47/44/47 48/45/48
f 46/43/46 45/42/45 49/46/49
f 46/43/46 49/46/49 47/44/47
f 50/47/50 48/45/48 47/44/47
f 51/48/51 48/45/48 50/47/50
f 47/44/47 49/46/49 52/49/52
f 47/44/47 52/49/52 50/47/50
f 49/46/49 45/42/45 53/50/53
f 52/49/52 49/46/49 53/50/53
f 44/41/44 53/50/53 45/42/45
f 50/47/50 52/49/52 54/51/54
f 54/51/54 52/49/52 53/50/53
f 50/47/50 55/52/55 51/48/51
f 50/47/50 54/51/54 55/52/55
f 51/48/51 55/52/55 56/53/56
f 55/52/55 57/20/57 56/53/56
f 58/54/58 57/20/57 55/52/55
f 55/52/55 54/51/54 58/54/58
f 57/20/57 58/54/58 59/55/59
f 58/54/58 54/51/54 60/56/60
f 60/56/60 54/51/54 53/50/53
f 59/55/59 58/54/58 61/16/61
f 58/54/58 60/56/60 61/16/61
f 59/55/59 61/16/61 62/13/62
f 63/57/63 60/56/60 53/50/53
f 61/16/61 60/56/60 64/58/64
f 64/58/64 60/56/60 63/57/63
f 62/13/62 61/16/61 64/58/64
f 53/50/53 65/59/65 63/57/63
f 63/57/63 65/59/65 64/58/64
f 44/41/44 65/59/65 53/50/53
f 40/39/40 65/59/65 44/41/44
f 64/58/64 66/12/66 62/13/62
f 64/58/64 65/59/65 66/12/66
f 66/12/66 65/59/65 40/39/40
f 62/13/62 66/12/66 41/40/41
f 40/39/40 41/40/41 66/12/66
v -3.492565E-20 0.1940319 0.009102236
vt 0.3554688 1.347656
vn 0 0.9223633 0.3852539
v -3.492564E-20 0.1956959 0.009438587
vt 0.3525131 1.347656
vn 0 -0.2324219 0.972168
v -0.004650742 0.1940851 0.007767639
vt 0.3554688 1.328125
vn -0.1331787 0.9047852 0.4033203
v -0.004808292 0.1958226 0.008105328
vt 0.3525132 1.328125
vn -0.4787598 -0.2290039 0.847168
v -0.008106583 0.1943839 0.004632337
vt 0.3554688 1.308594
vn -0.3981934 0.8432617 0.3605957
v -3.492565E-20 0.2141119 0.01383341
vt 0.3088666 1.347656
vn 0 -0.2021484 0.9790039
v -0.00839674 0.1958708 0.004790904
vt 0.3525132 1.308594
vn -0.8378906 -0.2282715 0.4953613
v -0.009235493 0.1949689 1.387779E-19
vt 0.3555033 1.290893
vn -0.5175781 0.8549805 0
v -0.006916706 0.2141119 0.01198009
vt 0.3088666 1.328125
vn -0.4873047 -0.2005615 0.8496094
v -0.008728005 0.2338092 0.01511735
vt 0.2673202 1.328125
vn -0.4929199 -0.1658936 0.8540039
v -3.492565E-20 0.2338092 0.01745601
vt 0.2673202 1.347656
vn 0 -0.1658936 0.9858398
v -0.01198008 0.2141118 0.006916705
vt 0.3088666 1.308594
vn -0.8481445 -0.199585 0.4902344
v -0.00969782 0.2468077 0.01679712
vt 0.2411246 1.328125
vn -0.4951172 -0.137085 0.8574219
v -3.492565E-20 0.2468077 0.01939564
vt 0.2411246 1.347656
vn 0 -0.137085 0.9902344
v -0.01511735 0.2338092 0.008728005
vt 0.2673204 1.308594
vn -0.8540039 -0.1658936 0.4929199
v -0.01679712 0.2468077 0.00969782
vt 0.2411246 1.308594
vn -0.8574219 -0.137085 0.4951172
v -0.01099698 0.2664292 0.01904734
vt 0.2035072 1.328125
vn -0.496582 -0.1154175 0.8598633
v -3.492565E-20 0.2664292 0.02199396
vt 0.2035072 1.347656
vn 0 -0.1154175 0.9931641
v -3.492565E-20 0.2862039 0.02401756
vt 0.1688217 1.347656
vn 0 -0.06878662 0.9975586
v -0.01904734 0.2664292 0.01099698
vt 0.2035072 1.308594
vn -0.8598633 -0.1154175 0.496582
v -0.01200878 0.2862039 0.02079984
vt 0.1688217 1.328125
vn -0.4987793 -0.06878662 0.8637695
v -3.492565E-20 0.293058 0.02386429
vt 0.15625 1.347656
vn 0 0.09912109 0.9946289
v -0.01193215 0.293058 0.02066709
vt 0.15625 1.328125
vn -0.4973145 0.09912109 0.8613281
v -3.492565E-20 0.2950133 0.02309266
vt 0.1523696 1.347656
vn 0 0.7094727 0.7041016
v -0.01154633 0.2950133 0.0199988
vt 0.1523696 1.328125
vn -0.3479004 0.6948242 0.6289063
v -0.02079984 0.2862039 0.01200878
vt 0.1688217 1.308594
vn -0.8637695 -0.06878662 0.4987793
v -0.02066709 0.293058 0.01193215
vt 0.15625 1.308594
vn -0.8613281 0.09912109 0.4973145
v -0.0199988 0.2950133 0.01154633
vt 0.1523696 1.308594
vn -0.640625 0.6708984 0.3720703
v -0.02199396 0.2664292 1.387779E-19
vt 0.2035072 1.290893
vn -0.9931641 -0.1154175 0
v -0.02401756 0.2862039 1.387779E-19
vt 0.1688217 1.290893
vn -0.9975586 -0.06878662 0
v -0.0238643 0.293058 1.387779E-19
vt 0.15625 1.290893
vn -0.9946289 0.09912109 0
v -0.02309266 0.2950133 1.387779E-19
vt 0.1523696 1.290893
vn -0.7426758 0.6689453 0
v -0.0199988 0.2950133 -0.01154633
vt 0.1523696 1.271633
vn -0.640625 0.6708984 -0.3720703
v -0.02066709 0.293058 -0.01193215
vt 0.15625 1.271633
vn -0.8613281 0.09912109 -0.4973145
v -0.01154633 0.2950133 -0.0199988
vt 0.1523696 1.252759
vn -0.3479004 0.6948242 -0.6289063
v -0.02079984 0.2862039 -0.01200878
vt 0.1688217 1.271633
vn -0.8637695 -0.06878662 -0.4987793
v -0.01193215 0.293058 -0.02066709
vt 0.15625 1.252759
vn -0.4973145 0.09912109 -0.8613281
v -3.492565E-20 0.2950133 -0.02309266
vt 0.1523179 1.234375
vn 0 0.7094727 -0.7041016
v -3.492565E-20 0.293058 -0.02386429
vt 0.15625 1.234375
vn 0 0.09912109 -0.9946289
v -0.01200878 0.2862039 -0.02079984
vt 0.1688217 1.252759
vn -0.4987793 -0.06878662 -0.8637695
v -3.492565E-20 0.2862039 -0.02401756
vt 0.1688217 1.234375
vn 0 -0.06878662 -0.9975586
v -0.01904734 0.2664292 -0.01099698
vt 0.2035072 1.271633
vn -0.8598633 -0.1154175 -0.496582
v -0.01099698 0.2664292 -0.01904734
vt 0.2035072 1.252759
vn -0.496582 -0.1154175 -0.8598633
v -3.492565E-20 0.2664292 -0.02199396
vt 0.2035011 1.234375
vn 0 -0.1154175 -0.9931641
v -0.01939564 0.2468077 1.387779E-19
vt 0.2411246 1.290893
vn -0.9902344 -0.137085 0
v -0.01679712 0.2468077 -0.00969782
vt 0.2411246 1.271633
vn -0.8574219 -0.137085 -0.4951172
v -0.00969782 0.2468077 -0.01679712
vt 0.2411246 1.252759
vn -0.4951172 -0.137085 -0.8574219
v -3.492565E-20 0.2468077 -0.01939564
vt 0.2410928 1.234375
vn 0 -0.137085 -0.9902344
v -3.492565E-20 0.2338092 -0.01745601
vt 0.2673202 1.234375
vn 0 -0.1658936 -0.9858398
v -0.008728005 0.2338092 -0.01511735
vt 0.2673202 1.252759
vn -0.4929199 -0.1658936 -0.8540039
v -0.01511735 0.2338092 -0.008728005
vt 0.2673202 1.271633
vn -0.8540039 -0.1658936 -0.4929199
v -0.01745601 0.2338092 1.387779E-19
vt 0.2673202 1.290893
vn -0.9858398 -0.1658936 0
v -0.01383341 0.2141119 1.387779E-19
vt 0.3088666 1.290893
vn -0.9799805 -0.1986084 0
v -0.01198008 0.2141118 -0.006916705
vt 0.3088666 1.271633
vn -0.8481445 -0.199585 -0.4902344
v -0.006916706 0.2141119 -0.01198009
vt 0.3088666 1.252759
vn -0.4873047 -0.2005615 -0.8496094
v -3.492565E-20 0.2141119 -0.01383341
vt 0.3088666 1.234375
vn 0 -0.2021484 -0.9790039
v -0.009602053 0.1964067 1.387779E-19
vt 0.3525131 1.290893
vn -0.9736328 -0.2263184 0
v -0.00839674 0.1958708 -0.004790904
vt 0.3525132 1.271633
vn -0.8378906 -0.2282715 -0.4953613
v -0.008106583 0.1943839 -0.004632337
vt 0.3554688 1.271633
vn -0.4008789 0.840332 -0.3640137
v -0.004808292 0.1958226 -0.008105328
vt 0.3525132 1.252758
vn -0.4787598 -0.2290039 -0.847168
v -0.004650742 0.1940851 -0.007767639
vt 0.3554688 1.252759
vn -0.1363525 0.9042969 -0.4042969
v -3.492564E-20 0.1956959 -0.009438587
vt 0.3525131 1.234375
vn 0 -0.2324219 -0.972168
v -3.492565E-20 0.1940319 -0.009102236
vt 0.3554688 1.234375
vn 0 0.9223633 -0.3852539
vt 0.3554689 1.469532
v -3.492565E-20 0.2977515 0.01847258
vt 0.3554688 1.459193
vn 0 0.909668 0.4150391
vt 0.3793536 1.463565
v -0.01001106 0.2977537 0.01624868
vt 0.375587 1.45458
vn -0.2028809 0.8950195 0.3967285
vt 0.3971671 1.446083
v 3.027407E-20 0.3004098 0.01057789
vt 0.3554688 1.442867
vn 0 0.972168 0.2322998
v -0.01677094 0.2977537 0.00943834
vt 0.3892702 1.440912
vn -0.4111328 0.8862305 0.2114258
v -0.008840848 0.300341 0.00814789
vt 0.3728511 1.43789
vn -0.1573486 0.9731445 0.1661377
v 0 0.300923 -4.622232E-35
vt 0.3554688 1.421875
vn 0 1.000122 0
vt 0.4037504 1.421875
v -0.01117715 0.3004661 1.387779E-19
vt 0.3774862 1.421875
vn -0.2299805 0.9731445 0
v -0.01922485 0.2977537 1.387779E-19
vt 0.3941954 1.421875
vn -0.4411621 0.8969727 0
v -0.01677094 0.2977537 -0.00943834
vt 0.3892702 1.402838
vn -0.4111328 0.8862305 -0.2114258
vt 0.3971671 1.397667
v -0.008840848 0.300341 -0.00814789
vt 0.3728511 1.40586
vn -0.1573486 0.9731445 -0.1661377
v 3.027407E-20 0.3004098 -0.01057789
vt 0.3554688 1.400883
vn 0 0.972168 -0.2322998
v -0.01001106 0.2977537 -0.01624868
vt 0.3755869 1.38917
vn -0.2028809 0.8950195 -0.3967285
vt 0.3793535 1.380185
v -3.492565E-20 0.2977515 -0.01847258
vt 0.3554685 1.384557
vn 0 0.909668 -0.4150391
vt 0.3554685 1.374218
v -0.009210215 0.1368446 0.09151641
vt 0.03512084 1.277189
vn -0.1750488 -0.9121094 0.3701172
v -3.492565E-20 0.136267 0.08776338
vt 0.0158022 1.284993
vn 0 -0.9667969 -0.2546387
v -3.492565E-20 0.1363389 0.09264193
vt 0.0158022 1.274894
vn 0 -0.9301758 0.3666992
v -0.008902473 0.1368448 0.08663685
vt 0.034434 1.287411
vn -0.04647827 -0.965332 -0.255127
v -3.492565E-20 0.1386011 0.0855635
vt 0.0158022 1.291623
vn 0 -0.440918 -0.8969727
v -0.01880029 0.1381887 0.0886896
vt 0.05577162 1.283576
vn -0.359375 -0.8613281 0.3588867
v -0.008856376 0.1387793 0.08466159
vt 0.03431549 1.293147
vn 0.09552002 -0.4470215 -0.8891602
v -3.492565E-20 0.1459286 0.0830112
vt 0.0158022 1.307212
vn 0 -0.5634766 -0.8256836
v -0.01735417 0.1378675 0.08439463
vt 0.05222768 1.292638
vn -0.1114502 -0.9638672 -0.2399902
v -0.009591565 0.1459959 0.08218379
vt 0.03488116 1.308561
vn 0.1766357 -0.5683594 -0.8032227
v -1.959225E-30 0.1542888 0.0758588
vt 0.0158022 1.328535
vn 0 -0.8100586 -0.5859375
v -0.01689803 0.1396199 0.0830033
vt 0.05108327 1.297337
vn 0.2844238 -0.546875 -0.7866211
v -0.02593309 0.1405339 0.07932175
vt 0.07059451 1.30496
vn -0.1188965 -0.9414063 -0.3151855
v -0.02963723 0.1413526 0.08198919
vt 0.07928729 1.30004
vn -0.5454102 -0.8071289 0.2249756
v -0.01595226 0.1522141 0.07474177
vt 0.046875 1.328125
vn 0.2602539 -0.762207 -0.5922852
v -3.492565E-20 0.1631847 0.06099141
vt 0.0158022 1.36175
vn 0 -0.8735352 -0.486084
v -0.02388369 0.1424136 0.07850765
vt 0.06575713 1.30876
vn 0.3518066 -0.578125 -0.7358398
v -0.03318706 0.144952 0.07075246
vt 0.08560766 1.325475
vn -0.05303955 -0.8989258 -0.4343262
v -0.03831992 0.1465411 0.07155537
vt 0.09694032 1.325577
vn -0.6411133 -0.765625 -0.04354858
v -0.03006414 0.1462978 0.07144497
vt 0.07843906 1.325828
vn 0.3977051 -0.7202148 -0.5678711
v -0.01808809 0.1609055 0.05991626
vt 0.05157706 1.361299
vn 0.2546387 -0.8295898 -0.4960938
v -3.492565E-20 0.1705566 0.04609655
vt 0.0158022 1.393852
vn 0 -0.9042969 -0.4267578
v -0.03523226 0.1547927 0.05709421
vt 0.08829236 1.35998
vn 0.3745117 -0.7763672 -0.5058594
v -0.03871252 0.1532869 0.05639332
vt 0.09612024 1.359696
vn -0.04681396 -0.8657227 -0.4975586
v -0.04340051 0.1548511 0.05711706
vt 0.1063156 1.360287
vn -0.652832 -0.7050781 -0.2756348
v -0.03912656 0.1620885 0.0422597
vt 0.09589295 1.393394
vn -0.04925537 -0.8354492 -0.5463867
v -0.04354368 0.1633535 0.04273603
vt 0.1052154 1.394325
vn -0.5976563 -0.6420898 -0.4790039
v -0.03940249 0.1726436 0.02943886
vt 0.09576261 1.426943
vn -0.5375977 -0.5224609 -0.6611328
v -0.03564809 0.1633461 0.04279067
vt 0.08835992 1.393546
vn 0.3283691 -0.831543 -0.4470215
v -0.03460167 0.1711236 0.02865381
vt 0.08554761 1.425944
vn -0.06915283 -0.8017578 -0.5932617
v -0.03078249 0.1780191 0.02078135
vt 0.07796004 1.446972
vn -0.4868164 -0.3662109 -0.7924805
v -0.01847172 0.1686406 0.04522214
vt 0.05227168 1.393824
vn 0.2181396 -0.8735352 -0.4345703
v -0.03074483 0.1720804 0.02903089
vt 0.07749705 1.42601
vn 0.2717285 -0.8813477 -0.3852539
v -0.02759213 0.1760783 0.02105266
vt 0.07091483 1.44415
vn -0.1345215 -0.777832 -0.6132813
v -0.02195848 0.1804857 0.01483944
vt 0.06100653 1.460573
vn -0.5263672 -0.2424316 -0.8144531
v -0.01653891 0.1755025 0.03072801
vt 0.04822655 1.425188
vn 0.1556396 -0.9311523 -0.3286133
v -3.492565E-20 0.176514 0.03119677
vt 0.0158022 1.424852
vn 0 -0.9541016 -0.2980957
v -0.02388055 0.1762958 0.02201812
vt 0.06327414 1.442416
vn 0.1744385 -0.9526367 -0.2478027
v -0.02183481 0.1774665 0.01692301
vt 0.05892558 1.453466
vn -0.2138672 -0.862793 -0.4577637
v -0.01904887 0.17697 0.01296258
vt 0.05243601 1.460725
vn 0.3198242 -0.9140625 0.2481689
v -0.01436691 0.1776865 0.01899875
vt 0.04383582 1.448633
vn 0.07202148 -0.9916992 -0.102417
v -1.964929E-29 0.1781054 0.01847962
vt 0.01582792 1.44945
vn 0 -0.996582 -0.08135986
v -1.906824E-30 0.1778944 0
vt 0.015625 1.484374
vn 0 -0.9995117 0
v -0.02200996 0.1767377 0.01139315
vt 0.05790927 1.463478
vn 0.1333008 -0.9902344 0.02842712
v -0.01947209 0.1768458 -3.244807E-34
vt 0.05321768 1.484363
vn 0.04556274 -0.9985352 0
v -0.02200996 0.1767377 -0.01139315
vt 0.05809022 1.505251
vn 0.1333008 -0.9902344 -0.02842712
v -0.01904887 0.17697 -0.01296258
vt 0.05261949 1.508056
vn 0.3173828 -0.9145508 -0.2500305
v -0.01436691 0.1776865 -0.01899875
vt 0.04388568 1.520184
vn 0.07202148 -0.9916992 0.102417
v -1.396362E-29 0.1781054 -0.01847962
vt 0.01581861 1.519294
vn 0 -0.996582 0.08135986
v -3.492565E-20 0.176514 -0.03119677
vt 0.0158022 1.543898
vn 0 -0.9541016 0.2980957
v -0.02183481 0.1774665 -0.01692301
vt 0.05910785 1.515421
vn -0.2138672 -0.862793 0.4577637
v -0.02195848 0.1804857 -0.01483944
vt 0.0612696 1.508295
vn -0.5263672 -0.2424316 0.8144531
v -0.01653891 0.1755025 -0.03072802
vt 0.0481823 1.543711
vn 0.1556396 -0.9311523 0.3286133
v -3.492565E-20 0.1705566 -0.04609655
vt 0.0158022 1.574898
vn 0 -0.9042969 0.4267578
v -0.02388055 0.1762958 -0.02201812
vt 0.06337625 1.526562
vn 0.1744385 -0.9526367 0.2478027
v -0.02759213 0.1760783 -0.02105266
vt 0.0710512 1.524892
vn -0.1345215 -0.777832 0.6132813
v -0.03078249 0.1780191 -0.02078135
vt 0.07814524 1.522141
vn -0.4929199 -0.3608398 0.7915039
v -0.03074484 0.1720804 -0.0290309
vt 0.07746483 1.543098
vn 0.2717285 -0.8813477 0.3852539
v -0.03460167 0.1711236 -0.02865381
vt 0.08550525 1.54324
vn -0.06915283 -0.8017578 0.5932617
v -0.03940251 0.1726437 -0.02943888
vt 0.09571144 1.542348
vn -0.5507813 -0.512207 0.6586914
v -0.01847172 0.1686406 -0.04522214
vt 0.05210113 1.575063
vn 0.2181396 -0.8735352 0.4345703
v -0.03564809 0.1633461 -0.04279067
vt 0.08803442 1.575551
vn 0.3283691 -0.831543 0.4470215
v -0.03912656 0.1620885 -0.0422597
vt 0.09552236 1.575763
vn -0.04925537 -0.8354492 0.5463867
v -0.04354368 0.1633535 -0.04273603
vt 0.1047924 1.574918
vn -0.6000977 -0.6381836 0.4819336
v -0.04340051 0.1548511 -0.05711706
vt 0.1056062 1.608711
vn -0.6503906 -0.7070313 0.2756348
v -0.01808809 0.1609055 -0.05991626
vt 0.05132838 1.607489
vn 0.2546387 -0.8295898 0.4960938
v -3.492565E-20 0.1631847 -0.06099141
vt 0.0158022 1.606999
vn 0 -0.8735352 0.486084
v -0.03523226 0.1547927 -0.05709421
vt 0.08776353 1.60891
vn 0.3745117 -0.7763672 0.5058594
v -0.03871252 0.1532869 -0.05639332
vt 0.09551316 1.609232
vn -0.04681396 -0.8657227 0.4975586
v -0.03831992 0.1465411 -0.07155537
vt 0.09615396 1.642998
vn -0.6411133 -0.765625 0.04354858
v -0.03318706 0.144952 -0.07075246
vt 0.08498724 1.643075
vn -0.05303955 -0.8989258 0.4343262
v -0.02963723 0.1413526 -0.08198919
vt 0.07880414 1.668153
vn -0.5454102 -0.8071289 -0.2249756
v -0.03006414 0.1462978 -0.07144497
vt 0.07791524 1.642724
vn 0.3977051 -0.7202148 0.5678711
v -0.01595226 0.1522141 -0.07474177
vt 0.04689105 1.641243
vn 0.2602539 -0.762207 0.5922852
v -4.992628E-30 0.1542888 -0.0758588
vt 0.015625 1.640625
vn 0 -0.8100586 0.5859375
v -0.02593309 0.1405339 -0.07932175
vt 0.070223 1.663365
vn -0.1188965 -0.9414063 0.3151855
v -0.01880029 0.1381887 -0.0886896
vt 0.05585682 1.684656
vn -0.359375 -0.8613281 -0.3588867
v -0.02388369 0.1424136 -0.07850765
vt 0.06543024 1.659644
vn 0.3518066 -0.578125 0.7358398
v -0.009591565 0.1459959 -0.08218379
vt 0.03480919 1.66006
vn 0.1766357 -0.5683594 0.8032227
v -3.492565E-20 0.1459286 -0.0830112
vt 0.0158022 1.661537
vn 0 -0.5634766 0.8256836
v -0.01689803 0.1396199 -0.0830033
vt 0.05101066 1.67108
vn 0.2844238 -0.546875 0.7866211
v -0.008856376 0.1387793 -0.08466159
vt 0.03436454 1.675453
vn 0.09552002 -0.4470215 0.8891602
v -3.492565E-20 0.1386011 -0.0855635
vt 0.0158022 1.677127
vn 0 -0.440918 0.8969727
v -0.01735417 0.1378675 -0.08439463
vt 0.05220429 1.675728
vn -0.1114502 -0.9638672 0.2399902
v -0.008902473 0.1368448 -0.08663685
vt 0.0345588 1.681189
vn -0.04647827 -0.965332 0.255127
v -3.492565E-20 0.136267 -0.08776338
vt 0.0158022 1.683757
vn 0 -0.9667969 0.2546387
v -0.009210215 0.1368446 -0.09151641
vt 0.03544163 1.691433
vn -0.1750488 -0.9121094 -0.3701172
v -3.492565E-20 0.1363389 -0.09264193
vt 0.0158022 1.693856
vn 0 -0.9301758 -0.3666992
vt 0.6445313 1.347656
v 0.004650742 0.1940851 0.007767639
vt 0.6445313 1.328125
vn 0.1331787 0.9047852 0.4033203
vt 0.6474868 1.347656
v 0.004808292 0.1958226 0.008105328
vt 0.6474868 1.328125
vn 0.4787598 -0.2290039 0.847168
v 0.008106583 0.1943839 0.004632337
vt 0.6445313 1.308594
vn 0.3981934 0.8432617 0.3605957
vt 0.6911331 1.347656
v 0.00839674 0.1958708 0.004790904
vt 0.6474868 1.308594
vn 0.8378906 -0.2282715 0.4953613
v 0.009235493 0.1949689 1.387779E-19
vt 0.6444967 1.290893
vn 0.5175781 0.8549805 0
v 0.006916707 0.2141119 0.01198009
vt 0.6911331 1.328125
vn 0.4873047 -0.2005615 0.8496094
vt 0.7326795 1.347656
v 0.009602053 0.1964067 1.387779E-19
vt 0.6474868 1.290893
vn 0.9736328 -0.2263184 0
v 0.01198009 0.2141119 0.006916707
vt 0.6911331 1.308594
vn 0.8481445 -0.199585 0.4902344
v 0.008728005 0.2338092 0.01511735
vt 0.7326795 1.328125
vn 0.4929199 -0.1658936 0.8540039
v 0.00969782 0.2468077 0.01679712
vt 0.7588749 1.328125
vn 0.4951172 -0.137085 0.8574219
vt 0.7588749 1.347656
vt 0.7964923 1.347656
v 0.01511735 0.2338092 0.008728005
vt 0.7326795 1.308594
vn 0.8540039 -0.1658936 0.4929199
v 0.01099698 0.2664292 0.01904734
vt 0.7964923 1.328125
vn 0.496582 -0.1154175 0.8598633
vt 0.8311776 1.347656
v 0.01679712 0.2468077 0.00969782
vt 0.7588749 1.308594
vn 0.8574219 -0.137085 0.4951172
v 0.01200878 0.2862039 0.02079984
vt 0.8311776 1.328125
vn 0.4987793 -0.06878662 0.8637695
vt 0.84375 1.347656
v 0.01904734 0.2664292 0.01099698
vt 0.7964923 1.308594
vn 0.8598633 -0.1154175 0.496582
v 0.01193215 0.293058 0.02066708
vt 0.84375 1.328125
vn 0.4973145 0.09912109 0.8613281
vt 0.8476303 1.347656
v 0.01154633 0.2950133 0.0199988
vt 0.8476303 1.328125
vn 0.3479004 0.6948242 0.6289063
v 0.02079984 0.2862039 0.01200878
vt 0.8311776 1.308594
vn 0.8637695 -0.06878662 0.4987793
v 0.02066708 0.2930579 0.01193214
vt 0.84375 1.308594
vn 0.8613281 0.09912109 0.4973145
v 0.0199988 0.2950133 0.01154633
vt 0.8476303 1.308594
vn 0.640625 0.6708984 0.3720703
v 0.02199396 0.2664292 1.387779E-19
vt 0.7964923 1.290893
vn 0.9931641 -0.1154175 0
v 0.02386429 0.2930579 1.387778E-19
vt 0.84375 1.290893
vn 0.9946289 0.09912109 0
v 0.02309266 0.2950133 1.387779E-19
vt 0.8476303 1.290893
vn 0.7426758 0.6689453 0
v 0.0199988 0.2950133 -0.01154633
vt 0.8476303 1.271633
vn 0.640625 0.6708984 -0.3720703
v 0.02401756 0.2862039 1.387779E-19
vt 0.8311776 1.290893
vn 0.9975586 -0.06878662 0
v 0.02066708 0.2930579 -0.01193214
vt 0.84375 1.271633
vn 0.8613281 0.09912109 -0.4973145
v 0.01154633 0.2950133 -0.0199988
vt 0.8476303 1.252758
vn 0.3479004 0.6948242 -0.6289063
v 0.02079984 0.2862039 -0.01200878
vt 0.8311776 1.271633
vn 0.8637695 -0.06878662 -0.4987793
v 0.01193215 0.293058 -0.02066708
vt 0.84375 1.252758
vn 0.4973145 0.09912109 -0.8613281
vt 0.8476822 1.234375
vt 0.84375 1.234375
v 0.01200878 0.2862039 -0.02079984
vt 0.8311776 1.252758
vn 0.4987793 -0.06878662 -0.8637695
vt 0.8311776 1.234375
v 0.01904734 0.2664292 -0.01099698
vt 0.7964923 1.271633
vn 0.8598633 -0.1154175 -0.496582
v 0.01099698 0.2664292 -0.01904734
vt 0.7964923 1.252758
vn 0.496582 -0.1154175 -0.8598633
vt 0.7964983 1.234375
vt 0.7589068 1.234375
v 0.00969782 0.2468077 -0.01679712
vt 0.7588749 1.252758
vn 0.4951172 -0.137085 -0.8574219
vt 0.7326795 1.234375
v 0.01679712 0.2468077 -0.00969782
vt 0.7588749 1.271633
vn 0.8574219 -0.137085 -0.4951172
v 0.008728005 0.2338092 -0.01511735
vt 0.7326795 1.252758
vn 0.4929199 -0.1658936 -0.8540039
vt 0.6911331 1.234375
v 0.01939564 0.2468077 1.387779E-19
vt 0.7588749 1.290893
vn 0.9902344 -0.137085 0
v 0.01745601 0.2338092 1.387779E-19
vt 0.7326795 1.290893
vn 0.9858398 -0.1658936 0
v 0.01511735 0.2338092 -0.008728005
vt 0.7326795 1.271633
vn 0.8540039 -0.1658936 -0.4929199
v 0.01383341 0.2141119 1.387779E-19
vt 0.6911331 1.290893
vn 0.9799805 -0.1986084 0
v 0.01198009 0.2141119 -0.006916707
vt 0.6911331 1.271633
vn 0.8481445 -0.199585 -0.4902344
v 0.006916707 0.2141119 -0.01198009
vt 0.6911331 1.252758
vn 0.4873047 -0.2005615 -0.8496094
v 0.00839674 0.1958708 -0.004790904
vt 0.6474868 1.271633
vn 0.8378906 -0.2282715 -0.4953613
v 0.008106583 0.1943839 -0.004632337
vt 0.6445313 1.271633
vn 0.4008789 0.840332 -0.3640137
v 0.004808292 0.1958226 -0.008105328
vt 0.6474868 1.252758
vn 0.4787598 -0.2290039 -0.847168
vt 0.6474868 1.234375
v 0.004650742 0.1940851 -0.007767639
vt 0.6445313 1.252758
vn 0.1363525 0.9042969 -0.4042969
vt 0.6445313 1.234375
vt 0.6206464 1.463564
vt 0.6445311 1.459191
vt 0.6445311 1.46953
v 0.01001106 0.2977537 0.01624868
vt 0.6244131 1.454579
vn 0.2028809 0.8950195 0.3967285
vt 0.6028332 1.446082
vt 0.6445311 1.442867
v 0.01677094 0.2977537 0.00943834
vt 0.6107301 1.440911
vn 0.4111328 0.8862305 0.2114258
v 0.008840848 0.300341 0.00814789
vt 0.6271489 1.43789
vn 0.1573486 0.9731445 0.1661377
vt 0.6445313 1.421875
vt 0.5962501 1.421875
v 0.01117715 0.3004661 1.387779E-19
vt 0.6225139 1.421875
vn 0.2299805 0.9731445 0
v 0.01922485 0.2977537 1.387779E-19
vt 0.6058049 1.421875
vn 0.4411621 0.8969727 0
v 0.01677094 0.2977537 -0.00943834
vt 0.6107303 1.402839
vn 0.4111328 0.8862305 -0.2114258
vt 0.6028334 1.397668
v 0.008840848 0.300341 -0.00814789
vt 0.6271492 1.40586
vn 0.1573486 0.9731445 -0.1661377
vt 0.6445314 1.400884
v 0.01001106 0.2977537 -0.01624868
vt 0.6244134 1.389171
vn 0.2028809 0.8950195 -0.3967285
vt 0.6206468 1.380186
vt 0.6445314 1.384559
vt 0.6445314 1.37422
vt 0.9841905 1.28499
v 0.009210215 0.1368446 0.09151641
vt 0.9648716 1.277186
vn 0.1750488 -0.9121094 0.3701172
vt 0.9841905 1.274891
v 0.008902473 0.1368448 0.08663685
vt 0.9655584 1.287409
vn 0.04647827 -0.965332 -0.255127
vt 0.9841905 1.291621
v 0.01880029 0.1381887 0.0886896
vt 0.9442205 1.283574
vn 0.359375 -0.8613281 0.3588867
v 0.008856376 0.1387793 0.08466159
vt 0.965677 1.293145
vn -0.09552002 -0.4470215 -0.8891602
vt 0.9841905 1.30721
v 0.01735417 0.1378675 0.08439463
vt 0.9477646 1.292635
vn 0.1114502 -0.9638672 -0.2399902
v 0.009591565 0.1459959 0.08218379
vt 0.9651113 1.308559
vn -0.1766357 -0.5683594 -0.8032227
vt 0.9841905 1.328535
v 0.01689803 0.1396199 0.0830033
vt 0.948909 1.297335
vn -0.2844238 -0.546875 -0.7866211
v 0.02593309 0.1405339 0.07932175
vt 0.9293975 1.304958
vn 0.1188965 -0.9414063 -0.3151855
v 0.02963723 0.1413526 0.08198919
vt 0.9207046 1.300038
vn 0.5454102 -0.8071289 0.2249756
v 0.01595226 0.1522141 0.07474177
vt 0.953125 1.328125
vn -0.2602539 -0.762207 -0.5922852
vt 0.9841905 1.361749
v 0.02388369 0.1424136 0.07850765
vt 0.934235 1.308758
vn -0.3518066 -0.578125 -0.7358398
v 0.03318706 0.144952 0.07075246
vt 0.9143842 1.325473
vn 0.05300903 -0.8989258 -0.4343262
v 0.03831992 0.1465411 0.07155537
vt 0.9030514 1.325575
vn 0.6411133 -0.765625 -0.04354858
v 0.03006414 0.1462978 0.07144497
vt 0.9215528 1.325826
vn -0.3977051 -0.7202148 -0.5678711
v 0.01808809 0.1609055 0.05991626
vt 0.9484152 1.361297
vn -0.2546387 -0.8295898 -0.4960938
vt 0.9841905 1.393851
v 0.03523226 0.1547927 0.05709421
vt 0.9116994 1.359978
vn -0.3745117 -0.7763672 -0.5058594
v 0.03871252 0.1532869 0.05639332
vt 0.9038715 1.359695
vn 0.04681396 -0.8657227 -0.4975586
v 0.04340051 0.1548511 0.05711706
vt 0.893676 1.360285
vn 0.652832 -0.7050781 -0.2756348
v 0.03912656 0.1620885 0.0422597
vt 0.9040987 1.393392
vn 0.04925537 -0.8354492 -0.5463867
v 0.04354368 0.1633535 0.04273603
vt 0.8947762 1.394324
vn 0.5976563 -0.6420898 -0.4790039
v 0.03940251 0.1726437 0.02943888
vt 0.904229 1.426942
vn 0.5375977 -0.5224609 -0.6611328
v 0.03564809 0.1633461 0.04279067
vt 0.9116319 1.393545
vn -0.3283691 -0.831543 -0.4470215
v 0.03460167 0.1711236 0.02865381
vt 0.9144442 1.425943
vn 0.06915283 -0.8017578 -0.5932617
v 0.03078249 0.1780191 0.02078135
vt 0.9220319 1.446972
vn 0.4868164 -0.3662109 -0.7924805
v 0.01847172 0.1686406 0.04522214
vt 0.9477206 1.393823
vn -0.2181396 -0.8735352 -0.4345703
v 0.03074484 0.1720804 0.0290309
vt 0.9224949 1.426009
vn -0.2717285 -0.8813477 -0.3852539
v 0.02759213 0.1760783 0.02105266
vt 0.9290771 1.444149
vn 0.1345215 -0.777832 -0.6132813
v 0.02195848 0.1804857 0.01483944
vt 0.9389856 1.460573
vn 0.5263672 -0.2424316 -0.8144531
v 0.01653891 0.1755025 0.03072802
vt 0.9517658 1.425187
vn -0.1556396 -0.9311523 -0.3286133
vt 0.9841905 1.424851
v 0.02388055 0.1762958 0.02201812
vt 0.936718 1.442415
vn -0.1744385 -0.9526367 -0.2478027
v 0.02183481 0.1774665 0.01692301
vt 0.9410666 1.453465
vn 0.2138672 -0.862793 -0.4577637
v 0.01904887 0.17697 0.01296258
vt 0.9475562 1.460725
vn -0.3198242 -0.9140625 0.2481689
v 0.01436691 0.1776865 0.01899875
vt 0.9561561 1.448632
vn -0.07202148 -0.9916992 -0.102417
vt 0.9841679 1.44945
vt 0.984375 1.484374
v 0.02200996 0.1767377 0.01139315
vt 0.9420829 1.463477
vn -0.1333008 -0.9902344 0.02842712
v 0.01947209 0.1768458 0
vt 0.9467745 1.484363
vn -0.04556274 -0.9985352 0
v 0.02200996 0.1767377 -0.01139315
vt 0.9419019 1.505251
vn -0.1333008 -0.9902344 -0.02842712
v 0.01904887 0.17697 -0.01296258
vt 0.9473727 1.508057
vn -0.3173828 -0.9145508 -0.2500305
v 0.01436691 0.1776865 -0.01899875
vt 0.9561064 1.520184
vn -0.07202148 -0.9916992 0.102417
vt 0.984176 1.519293
vt 0.9841905 1.543899
v 0.02183481 0.1774665 -0.01692301
vt 0.9408843 1.515422
vn 0.2138672 -0.862793 0.4577637
v 0.02195848 0.1804857 -0.01483944
vt 0.9387226 1.508295
vn 0.5263672 -0.2424316 0.8144531
v 0.01653891 0.1755025 -0.03072802
vt 0.9518099 1.543711
vn -0.1556396 -0.9311523 0.3286133
vt 0.9841905 1.574899
v 0.02388055 0.1762958 -0.02201812
vt 0.9366158 1.526563
vn -0.1744385 -0.9526367 0.2478027
v 0.02759213 0.1760783 -0.02105266
vt 0.9289408 1.524892
vn 0.1345215 -0.777832 0.6132813
v 0.03078249 0.1780191 -0.02078135
vt 0.9218467 1.522142
vn 0.4929199 -0.3608398 0.7915039
v 0.03074484 0.1720804 -0.0290309
vt 0.922527 1.543099
vn -0.2717285 -0.8813477 0.3852539
v 0.03460167 0.1711236 -0.02865381
vt 0.9144866 1.54324
vn 0.06915283 -0.8017578 0.5932617
v 0.03940251 0.1726437 -0.02943888
vt 0.9042803 1.542349
vn 0.5507813 -0.512207 0.6586914
v 0.01847172 0.1686406 -0.04522214
vt 0.947891 1.575065
vn -0.2181396 -0.8735352 0.4345703
v 0.03564809 0.1633461 -0.04279067
vt 0.9119574 1.575552
vn -0.3283691 -0.831543 0.4470215
v 0.03912656 0.1620885 -0.0422597
vt 0.9044695 1.575764
vn 0.04925537 -0.8354492 0.5463867
v 0.04354368 0.1633535 -0.04273603
vt 0.8951992 1.574919
vn 0.6000977 -0.6381836 0.4819336
v 0.04340051 0.1548511 -0.05711706
vt 0.8943854 1.608712
vn 0.6503906 -0.7070313 0.2756348
v 0.01808809 0.1609055 -0.05991626
vt 0.9486638 1.60749
vn -0.2546387 -0.8295898 0.4960938
vt 0.9841905 1.607001
v 0.03523226 0.1547927 -0.05709421
vt 0.9122282 1.608911
vn -0.3745117 -0.7763672 0.5058594
v 0.03871252 0.1532869 -0.05639332
vt 0.9044785 1.609233
vn 0.04681396 -0.8657227 0.4975586
v 0.03831992 0.1465411 -0.07155537
vt 0.9038378 1.642999
vn 0.6411133 -0.765625 0.04354858
v 0.03318706 0.144952 -0.07075246
vt 0.9150047 1.643077
vn 0.05300903 -0.8989258 0.4343262
v 0.02963723 0.1413526 -0.08198919
vt 0.9211878 1.668155
vn 0.5454102 -0.8071289 -0.2249756
v 0.03006414 0.1462978 -0.07144497
vt 0.9220767 1.642726
vn -0.3977051 -0.7202148 0.5678711
v 0.02593309 0.1405339 -0.07932175
vt 0.929769 1.663368
vn 0.1188965 -0.9414063 0.3151855
v 0.01880029 0.1381887 -0.0886896
vt 0.9441354 1.684658
vn 0.359375 -0.8613281 -0.3588867
v 0.01595226 0.1522141 -0.07474177
vt 0.9531013 1.641245
vn -0.2602539 -0.762207 0.5922852
vt 0.984375 1.640625
v 0.02388369 0.1424136 -0.07850765
vt 0.9345618 1.659646
vn -0.3518066 -0.578125 0.7358398
v 0.01689803 0.1396199 -0.0830033
vt 0.9489818 1.671082
vn -0.2844238 -0.546875 0.7866211
v 0.009591565 0.1459959 -0.08218379
vt 0.9651833 1.660062
vn -0.1766357 -0.5683594 0.8032227
vt 0.9841905 1.66154
v 0.01735417 0.1378675 -0.08439463
vt 0.947788 1.675731
vn 0.1114502 -0.9638672 0.2399902
v 0.008856376 0.1387793 -0.08466159
vt 0.965628 1.675455
vn -0.09552002 -0.4470215 0.8891602
vt 0.9841905 1.677129
v 0.008902473 0.1368448 -0.08663685
vt 0.9654337 1.681192
vn 0.04647827 -0.965332 0.255127
v 0.009210215 0.1368446 -0.09151641
vt 0.9645508 1.691435
vn 0.1750488 -0.9121094 -0.3701172
vt 0.9841905 1.68376
vt 0.9841905 1.693859
vt 0.3511507 1.746654
vt 0.3496676 1.753832
v -0.02947694 0.17454 0.02044618
vt 0.3274128 1.732559
vn 0.2878418 -0.9550781 0.06890869
v -0.02880195 0.1771438 0.02415904
vt 0.319865 1.737986
vn 0.6357422 -0.3933105 0.6635742
v -0.03976782 0.1715056 0.03024364
vt 0.2957347 1.711632
vn 0.2868652 -0.9423828 0.1700439
v -0.01787997 0.1858752 0.01810162
vt 0.335893 1.771594
vn 0.6533203 -0.1716309 0.7368164
v -0.01603866 0.186247 0.01604016
vt 0.340605 1.775819
vn 0.9858398 -0.07897949 0.145752
v -0.03959543 0.1741344 0.03321619
vt 0.2902328 1.717495
vn 0.512207 -0.2736816 0.8134766
v -0.05465122 0.1700494 0.03695085
vt 0.2557314 1.694517
vn 0.1206055 -0.9770508 0.1733398
v -0.01878386 0.1926211 0.01860157
vt 0.327678 1.784259
vn 0.6015625 0.2227783 0.7666016
v -0.01442614 0.192733 0.01402089
vt 0.3379876 1.795973
vn 0.5966797 0.6049805 0.5268555
v -0.02852472 0.1848722 0.02606228
vt 0.3118491 1.752659
vn 0.6005859 -0.0723877 0.7958984
v -0.03952726 0.1833493 0.03360026
vt 0.2853275 1.735748
vn 0.4492188 0.09661865 0.8876953
v -0.05465119 0.1727151 0.04060898
vt 0.2514759 1.70261
vn 0.3093262 -0.2259521 0.9233398
v -0.07241747 0.1696857 0.04127042
vt 0.2079036 1.68767
vn 0.04470825 -0.9819336 0.182373
v -0.0546499 0.1820726 0.03985368
vt 0.2497934 1.721583
vn 0.2807617 0.1795654 0.9423828
v -0.07240713 0.172332 0.04449891
vt 0.2071376 1.696115
vn 0.137207 -0.2197266 0.9658203
v -0.0910537 0.1695018 0.04220778
vt 0.1585836 1.691136
vn -0.004676819 -0.9799805 0.1970215
v -0.07240591 0.1812568 0.04387407
vt 0.2081205 1.71422
vn 0.1292725 0.2075195 0.9692383
v -0.09105673 0.1721407 0.04562901
vt 0.1610729 1.699732
vn -0.05154419 -0.2211914 0.9736328
v -0.09106287 0.1810674 0.04504996
vt 0.165069 1.716906
vn -0.05987549 0.2169189 0.9741211
v -0.1086551 0.1720284 0.04249297
vt 0.1185664 1.711601
vn -0.2347412 -0.2252197 0.9453125
v -0.1086533 0.1694074 0.0391074
vt 0.1130311 1.704617
vn -0.05267334 -0.9780273 0.2005615
v -0.09108236 0.1939707 0.04076592
vt 0.1703563 1.742543
vn -0.07720947 0.4316406 0.8984375
v -0.1257885 0.1719855 0.03683357
vt 0.07940805 1.732878
vn -0.3891602 -0.2143555 0.8955078
v -0.1257841 0.1694741 0.03363957
vt 0.07195294 1.728609
vn -0.1184692 -0.965332 0.2310791
v -0.1086614 0.1807739 0.04186961
vt 0.1255469 1.727877
vn -0.2451172 0.2231445 0.9433594
v -0.1397974 0.1719073 0.02842531
vt 0.04852754 1.759511
vn -0.5566406 -0.2042236 0.8046875
v -0.1397902 0.1695403 0.02573576
vt 0.04078525 1.758451
vn -0.2064209 -0.9443359 0.2556152
v -0.1257946 0.1800329 0.03624528
vt 0.08854014 1.746329
vn -0.3964844 0.2121582 0.8930664
v -0.1499588 0.1718955 0.01938934
vt 0.0288474 1.787786
vn -0.7573242 -0.185791 0.6254883
v -0.148672 0.1695929 0.01787301
vt 0.02298808 1.786098
vn -0.3579102 -0.8911133 0.2780762
v -0.1086752 0.1925664 0.03752444
vt 0.1335476 1.751396
vn -0.2553711 0.4470215 0.8569336
v -0.1552269 0.171756 0.008672199
vt 0.01756185 1.816565
vn -0.9077148 -0.1994629 0.3688965
v -0.1541447 0.1695844 0.008313166
vt 0.01286012 1.815342
vn -0.4082031 -0.8959961 0.1721191
v -0.1560668 0.1695323 1.387779E-19
vt 0.009765625 1.839996
vn -0.4365234 -0.8994141 0
v -0.1500306 0.1780487 0.01927088
vt 0.03927869 1.793452
vn -0.7587891 0.1138306 0.640625
v -0.1397967 0.1790392 0.02797408
vt 0.05919713 1.769563
vn -0.5625 0.1751709 0.8076172
v -0.1257852 0.190134 0.03240834
vt 0.09823579 1.765492
vn -0.3913574 0.4431152 0.8061523
v -0.1397076 0.1872911 0.0251488
vt 0.0696606 1.783292
vn -0.5405273 0.4101563 0.7338867
v -0.1257156 0.1988558 0.02548603
vt 0.1055977 1.785787
vn -0.4038086 0.6884766 0.6020508
v -0.1086898 0.2035595 0.02998782
vt 0.1402492 1.776354
vn -0.2785645 0.7026367 0.6542969
v -0.1395073 0.1939799 0.01988635
vt 0.07723975 1.79827
vn -0.5166016 0.6591797 0.5454102
v -0.1255342 0.2063679 0.01353139
vt 0.1115949 1.812582
vn -0.4223633 0.8500977 0.3132324
v -0.1495499 0.1846979 0.01767897
vt 0.05030107 1.801526
vn -0.7250977 0.3479004 0.59375
v -0.149024 0.1895101 0.01385259
vt 0.05714387 1.811454
vn -0.6987305 0.5654297 0.4372559
v -0.1547565 0.1824599 0.008286475
vt 0.03823221 1.822361
vn -0.8950195 0.317627 0.3129883
v -0.1556983 0.1774554 0.008613422
vt 0.02869147 1.819543
vn -0.9267578 0.07110596 0.3684082
v -0.1390528 0.1991492 0.01048446
vt 0.08291453 1.818731
vn -0.5341797 0.8095703 0.2425537
v -0.1575188 0.1717138 1.387779E-19
vt 0.01506883 1.839967
vn -0.9780273 -0.206543 0
v -0.1579346 0.1773095 1.387779E-19
vt 0.02632278 1.839905
vn -0.9970703 0.07141113 0
v -0.1552269 0.171756 -0.008672199
vt 0.01780391 1.863343
vn -0.9077148 -0.1994629 -0.3688965
v -0.1541447 0.1695844 -0.008313166
vt 0.01311594 1.864618
vn -0.4082031 -0.8959961 -0.1721191
v -0.148672 0.1695929 -0.01787301
vt 0.02354908 1.893752
vn -0.3579102 -0.8911133 -0.2780762
v -0.1556983 0.1774554 -0.008613422
vt 0.02890033 1.860242
vn -0.9267578 0.07110596 -0.3684082
v -0.1564294 0.1820675 1.387779E-19
vt 0.03569561 1.839852
vn -0.9287109 0.3696289 0.0005917549
v -0.1499588 0.1718955 -0.01938934
vt 0.02938873 1.891999
vn -0.7573242 -0.185791 -0.6254883
v -0.1397902 0.1695403 -0.02573576
vt 0.04163104 1.921206
vn -0.2064209 -0.9443359 -0.2556152
v -0.1500306 0.1780487 -0.01927088
vt 0.03975749 1.886217
vn -0.7587891 0.1138306 -0.640625
v -0.1397974 0.1719073 -0.02842531
vt 0.04935819 1.920061
vn -0.5566406 -0.2042236 -0.8046875
v -0.1257841 0.1694741 -0.03363957
vt 0.07309788 1.950713
vn -0.1184692 -0.965332 -0.2310791
v -0.1547565 0.1824599 -0.008286475
vt 0.0384438 1.857406
vn -0.8945313 0.3171387 -0.3137207
v -0.1257885 0.1719855 -0.03683357
vt 0.08050197 1.946362
vn -0.3891602 -0.2143555 -0.8955078
v -0.1086533 0.1694074 -0.0391074
vt 0.1144032 1.974267
vn -0.05267334 -0.9780273 -0.2005615
v -0.1397967 0.1790392 -0.02797408
vt 0.05991691 1.909889
vn -0.5625 0.1751709 -0.8076172
v -0.1086551 0.1720284 -0.04249297
vt 0.1198574 1.967223
vn -0.2347412 -0.2252197 -0.9453125
v -0.0910537 0.1695018 -0.04220778
vt 0.1600632 1.987271
vn -0.004676819 -0.9799805 -0.1970215
v -0.1257946 0.1800329 -0.03624528
vt 0.08948559 1.932808
vn -0.3964844 0.2121582 -0.8930664
v -0.1086614 0.1807739 -0.04186961
vt 0.1266572 1.950867
vn -0.2451172 0.2231445 -0.9433594
v -0.09105673 0.1721407 -0.04562901
vt 0.1624543 1.978648
vn -0.05154419 -0.2211914 -0.9736328
v -0.09106287 0.1810674 -0.04504996
vt 0.1662577 1.961426
vn -0.05987549 0.2169189 -0.9741211
v -0.07240713 0.172332 -0.04449891
vt 0.2085109 1.981796
vn 0.137207 -0.2197266 -0.9658203
v -0.07241747 0.1696857 -0.04127042
vt 0.2093739 1.990234
vn 0.04470825 -0.9819336 -0.182373
v -0.09108236 0.1939707 -0.04076592
vt 0.1712695 1.935722
vn -0.07720947 0.4316406 -0.8984375
v -0.05465119 0.1727151 -0.04060898
vt 0.252731 1.974866
vn 0.3093262 -0.2259521 -0.9233398
v -0.05465122 0.1700494 -0.03695085
vt 0.2570841 1.982913
vn 0.1206055 -0.9770508 -0.1733398
v -0.07240591 0.1812568 -0.04387407
vt 0.2092879 1.963676
vn 0.1292725 0.2075195 -0.9692383
v -0.03959543 0.1741344 -0.03321619
vt 0.2912809 1.959608
vn 0.5151367 -0.2685547 -0.8134766
v -0.03976782 0.1715056 -0.03024364
vt 0.2968658 1.965401
vn 0.2868652 -0.9423828 -0.1700439
v -0.0546499 0.1820726 -0.03985368
vt 0.2508231 1.95591
vn 0.2807617 0.1795654 -0.9423828
v -0.07242456 0.1943602 -0.03982484
vt 0.2109118 1.936594
vn 0.1102905 0.4121094 -0.9042969
v -0.03952726 0.1833493 -0.03360026
vt 0.2861306 1.941427
vn 0.453125 0.09735107 -0.8857422
v -0.02880195 0.1771438 -0.02415904
vt 0.320618 1.938787
vn 0.6381836 -0.3808594 -0.668457
v -0.02947694 0.17454 -0.02044618
vt 0.3282693 1.944101
vn 0.2878418 -0.9550781 -0.06890869
vt 0.3518592 1.929681
vt 0.3502628 1.922543
v -0.01787997 0.1858752 -0.01810162
vt 0.3362256 1.905167
vn 0.6401367 -0.1838379 -0.7456055
v -0.01603866 0.186247 -0.01604016
vt 0.3406944 1.900733
vn 0.8857422 -0.1710205 0.4306641
v -0.01442614 0.192733 -0.01402089
vt 0.3382765 1.880967
vn 0.5605469 0.6674805 -0.489502
v -0.02852472 0.1848722 -0.02566309
vt 0.312883 1.924031
vn 0.6015625 -0.07458496 -0.7949219
v -0.01878386 0.1926211 -0.01860157
vt 0.3278734 1.892561
vn 0.5932617 0.2196045 -0.7744141
v -0.01493754 0.1960372 -0.0125703
vt 0.3344483 1.872552
vn 0.644043 0.59375 -0.4816895
v -0.01134639 0.1937462 -0.009796882
vt 0.3445914 1.865593
vn 0.2556152 0.9326172 -0.2539063
v -0.02932465 0.1936185 -0.02585449
vt 0.3041669 1.908005
vn 0.5107422 0.2753906 -0.8139648
v -0.02048275 0.1980597 -0.0166262
vt 0.3210835 1.881328
vn 0.5454102 0.5957031 -0.5888672
v -0.01544365 0.1992252 -0.007085326
vt 0.3321052 1.856605
vn 0.6743164 0.6977539 -0.2399902
v -0.03969612 0.1940095 -0.03118577
vt 0.2816059 1.919594
vn 0.371582 0.3537598 -0.8579102
v -0.03017403 0.2007213 -0.02181959
vt 0.2993917 1.891388
vn 0.4445801 0.6166992 -0.6489258
v -0.05471988 0.1943684 -0.03590931
vt 0.2492647 1.930059
vn 0.2445068 0.3935547 -0.8857422
v -0.04035113 0.2033663 -0.02527457
vt 0.277762 1.89733
vn 0.3288574 0.6420898 -0.6918945
v -0.05445471 0.2060835 -0.02893212
vt 0.2486897 1.902969
vn 0.2188721 0.6679688 -0.7109375
v -0.07230828 0.2075811 -0.03216704
vt 0.2127824 1.907029
vn 0.0715332 0.6958008 -0.7143555
v -0.09108721 0.2064611 -0.0326918
vt 0.1758302 1.907392
vn -0.1112061 0.7070313 -0.6977539
v -0.07206172 0.2180814 -0.01698278
vt 0.2148022 1.871667
vn 0.03120422 0.9248047 -0.3786621
v -0.09102831 0.2167594 -0.01725734
vt 0.1793948 1.872141
vn -0.1368408 0.9213867 -0.362793
v -0.1086898 0.2035595 -0.02998782
vt 0.140853 1.902214
vn -0.2785645 0.7026367 -0.6542969
v -0.108693 0.2127987 -0.01600994
vt 0.1456603 1.870308
vn -0.2907715 0.8920898 -0.3449707
v -0.09105063 0.2190474 1.387779E-19
vt 0.1800653 1.839066
vn -0.1456299 0.9892578 0
v -0.1086752 0.1925664 -0.03752444
vt 0.1344069 1.927253
vn -0.2553711 0.4470215 -0.8569336
v -0.1257852 0.190134 -0.03240834
vt 0.09897679 1.913534
vn -0.3913574 0.4431152 -0.8061523
v -0.1257156 0.1988558 -0.02548603
vt 0.1061288 1.893153
vn -0.4038086 0.6884766 -0.6020508
v -0.1397076 0.1872911 -0.0251488
vt 0.07023364 1.896043
vn -0.5405273 0.4101563 -0.7338867
v -0.1255342 0.2063679 -0.01353139
vt 0.1118577 1.866288
vn -0.4223633 0.8500977 -0.3132324
v -0.1395073 0.1939799 -0.01988635
vt 0.07765698 1.88098
vn -0.5166016 0.6591797 -0.5454102
v -0.1495499 0.1846979 -0.01767897
vt 0.05069333 1.87802
vn -0.7250977 0.3481445 -0.59375
v -0.149024 0.1895101 -0.01385259
vt 0.05743265 1.868016
vn -0.6992188 0.5654297 -0.4365234
v -0.1390528 0.1991492 -0.01048446
vt 0.0831238 1.860454
vn -0.5341797 0.8095703 -0.2425537
v -0.1087062 0.2152017 1.387779E-19
vt 0.1466302 1.839245
vn -0.2900391 0.956543 0
v -0.1254324 0.208592 1.387779E-19
vt 0.1134769 1.839425
vn -0.4282227 0.9033203 0
v -0.1483355 0.1920073 -0.007482777
vt 0.0608682 1.854789
vn -0.6586914 0.746582 -0.09008789
v -0.1523763 0.1875856 -0.006673533
vt 0.04928541 1.853555
vn -0.8188477 0.546875 -0.1728516
v -0.108693 0.2127987 0.01600994
vt 0.1453668 1.808197
vn -0.2907715 0.8920898 0.3449707
v -0.09108721 0.2064611 0.0326918
vt 0.1752008 1.770809
vn -0.1112061 0.7070313 0.6977539
v -0.1385572 0.2001769 1.387779E-19
vt 0.08458561 1.839584
vn -0.5507813 0.8339844 0
v -0.1483355 0.1920073 0.007482763
vt 0.0607143 1.824641
vn -0.6586914 0.746582 0.08984375
v -0.1477766 0.1928918 1.387779E-19
vt 0.06245065 1.839706
vn -0.6503906 0.7587891 0.0001118183
v -0.1523183 0.1876246 0.006808951
vt 0.0492844 1.825729
vn -0.8188477 0.5463867 0.1741943
v -0.1530529 0.1874873 8.150375E-08
vt 0.04806197 1.839787
vn -0.8061523 0.5913086 0.0009241104
v -0.07242456 0.1943602 0.03982484
vt 0.2100325 1.741268
vn 0.1102905 0.4121094 0.9042969
v -0.05471988 0.1943684 0.03590931
vt 0.248503 1.747427
vn 0.2445068 0.3935547 0.8857422
v -0.07230828 0.2075811 0.03216704
vt 0.2121909 1.770794
vn 0.0715332 0.6958008 0.7143555
v -0.03969612 0.1940095 0.03118577
vt 0.2809832 1.757607
vn 0.3681641 0.3574219 0.8579102
v -0.05445471 0.2060835 0.02893212
vt 0.2481769 1.774504
vn 0.2188721 0.6679688 0.7109375
v -0.09102831 0.2167594 0.01725734
vt 0.1790965 1.806007
vn -0.1368408 0.9213867 0.362793
v -0.07206172 0.2180814 0.01698278
vt 0.2145259 1.806118
vn 0.03120422 0.9248047 0.3786621
v -0.07204933 0.2207128 1.387779E-19
vt 0.2153198 1.838886
vn 0.009490967 0.9995117 0
v -0.05424432 0.2162711 0.01556182
vt 0.2479896 1.807859
vn 0.1878662 0.8984375 0.395752
v -0.05424432 0.2162711 -0.01556182
vt 0.2482292 1.869605
vn 0.1878662 0.8984375 -0.395752
v -0.05423894 0.2189342 1.387779E-19
vt 0.2483221 1.838728
vn 0.1638184 0.9863281 0
v -0.04126791 0.2128789 -0.01406602
vt 0.2738147 1.867854
vn 0.3164063 0.8549805 -0.4101563
v -0.04126791 0.2128789 0.01406602
vt 0.2736093 1.809381
vn 0.3164063 0.8549805 0.4101563
v -0.04157257 0.2159699 1.387779E-19
vt 0.272369 1.838625
vn 0.3015137 0.953125 0
v -0.0312467 0.2089846 -0.01230572
vt 0.2944712 1.865366
vn 0.4338379 0.8105469 -0.3933105
v -0.03176484 0.2121581 1.387779E-19
vt 0.2923468 1.838547
vn 0.4306641 0.9023438 0
v -0.02185021 0.2041043 -0.00965339
vt 0.3155368 1.861124
vn 0.5424805 0.7646484 -0.3464355
v -0.02232788 0.2067175 1.387779E-19
vt 0.3133315 1.838487
vn 0.550293 0.8344727 0
v -0.0312467 0.2089846 0.01230572
vt 0.2942984 1.81171
vn 0.4338379 0.8105469 0.3933105
v -0.04035113 0.2033663 0.02527457
vt 0.2773377 1.779885
vn 0.3288574 0.6420898 0.6918945
v -0.02185021 0.2041043 0.00965339
vt 0.3153993 1.81583
vn 0.5424805 0.7646484 0.3464355
v -0.02932465 0.1936185 0.02585449
vt 0.3037029 1.768992
vn 0.5083008 0.2849121 0.8125
v -0.03017403 0.2007213 0.02181959
vt 0.2990505 1.785645
vn 0.4445801 0.6166992 0.6489258
v -0.02048275 0.1980597 0.0166262
vt 0.3208577 1.795565
vn 0.5454102 0.5957031 0.5888672
v -0.01493754 0.1960372 0.0125703
vt 0.3342253 1.804372
vn 0.6435547 0.59375 0.4816895
v -0.01139285 0.1937759 0.009832764
vt 0.344295 1.811227
vn 0.2580566 0.9316406 0.2543945
v -0.01544365 0.1992252 0.007085326
vt 0.3319829 1.820324
vn 0.6743164 0.6977539 0.2398682
v -0.0112865 0.1946562 0.00497303
vt 0.3450983 1.824823
vn 0.6542969 0.7470703 0.1156006
vt 0.3517525 1.825986
vt 0.3495418 1.838445
v -0.0158118 0.201206 1.387779E-19
vt 0.3301247 1.838467
vn 0.6933594 0.7202148 0
v -0.0110816 0.1948178 1.387779E-19
vt 0.3457047 1.838451
vn 0.6591797 0.7514648 0
v -0.0112865 0.1946562 -0.00497303
vt 0.3451878 1.852085
vn 0.6547852 0.7460938 -0.1157227
vt 0.3518292 1.850904
vt 0.4714825 1.739748
vt 0.4788134 1.72814
vt 0.4874722 1.733803
v -0.006947583 0.1916704 -0.01921021
vt 0.4833432 1.757668
vn 0.03143311 0.9643555 0.2624512
vt 0.5 1.735819
v -0.01161912 0.191722 -0.01677624
vt 0.4716154 1.754832
vn 0.1174927 0.9794922 0.1635742
vt 0.463226 1.750609
v -0.01339828 0.1930392 -0.0181918
vt 0.4672106 1.759071
vn 0.06347656 0.8969727 0.4367676
v -3.492565E-20 0.1923141 -0.02074073
vt 0.5 1.760068
vn 0 0.9399414 0.3408203
v -0.008291526 0.1947286 -0.02180546
vt 0.4805143 1.765723
vn 0.06951904 0.7885742 0.6103516
v -0.01885444 0.192204 -0.01835279
vt 0.4534188 1.761892
vn -0.4375 0.8164063 0.3764648
v 0.006947583 0.1916704 -0.01921021
vt 0.5166568 1.757668
vn -0.03143311 0.9643555 0.2624512
vt 0.5125278 1.733803
v 0.01134639 0.1937462 -0.009796882
vt 0.5285175 1.739748
vn -0.2556152 0.9326172 -0.2539063
vt 0.5211866 1.72814
v 0.01161912 0.191722 -0.01677624
vt 0.5283846 1.754832
vn -0.1174927 0.9794922 0.1635742
v 0.01442614 0.192733 -0.01402089
vt 0.5367741 1.750609
vn -0.5605469 0.6674805 -0.489502
v 0.01339828 0.1930392 -0.0181918
vt 0.5327894 1.759071
vn -0.06347656 0.8969727 0.4367676
v 0.008291526 0.1947286 -0.02180546
vt 0.5194857 1.765723
vn -0.06951904 0.7885742 0.6103516
v -3.492565E-20 0.1952263 -0.02311761
vt 0.5 1.767653
vn 0 0.7387695 0.6733398
v -3.492563E-20 0.1969368 -0.02536909
vt 0.5 1.773272
vn 0 0.984375 0.1745605
v 0.01558262 0.1941163 -0.02107014
vt 0.5368186 1.766329
vn 0.2519531 0.940918 0.2247314
v 0.009204611 0.1962315 -0.0240429
vt 0.520938 1.771288
vn 0.1196289 0.9750977 0.1864014
v -0.009204611 0.1962315 -0.0240429
vt 0.479062 1.771288
vn -0.1196289 0.9750977 0.1864014
v 0.01885444 0.192204 -0.01835279
vt 0.5465812 1.761892
vn 0.4375 0.8164063 0.3764648
v -3.492565E-20 0.1975016 -0.03280981
vt 0.5 1.788019
vn 0 0.9995117 -0.02302551
v 0.0117461 0.1964506 -0.03138
vt 0.5250918 1.786377
vn 0.1612549 0.9868164 0.00674057
v -0.01558262 0.1941163 -0.02107014
vt 0.4631814 1.766329
vn -0.2519531 0.940918 0.2247314
v -0.0117461 0.1964506 -0.03138
vt 0.4749082 1.786377
vn -0.1612549 0.9868164 0.00674057
v -3.492565E-20 0.1967842 -0.04179206
vt 0.5 1.805842
vn 0 0.9726563 -0.2318115
v 0.02077249 0.1941483 -0.02912266
vt 0.5450999 1.784905
vn 0.3220215 0.9433594 0.07672119
v 0.01368103 0.1956219 -0.040771
vt 0.527477 1.805615
vn 0.182251 0.9584961 -0.2171631
v -0.01368103 0.1956219 -0.040771
vt 0.472523 1.805615
vn -0.182251 0.9584961 -0.2171631
v -0.02077249 0.1941483 -0.02912266
vt 0.4549001 1.784905
vn -0.3220215 0.9433594 0.07672119
v -3.492565E-20 0.1921617 -0.05622426
vt 0.5 1.835731
vn 0 0.9169922 -0.3984375
v -0.02509117 0.1929198 -0.0386906
vt 0.4489953 1.80584
vn -0.3959961 0.9023438 -0.1680908
v -0.0273017 0.1910349 -0.02671335
vt 0.4389268 1.783983
vn -0.4929199 0.840332 0.2247314
v -0.0191989 0.1889292 -0.014795
vt 0.4465076 1.753721
vn -0.465332 0.5683594 0.6782227
vt 0.4454367 1.744576
v -0.01486431 0.1906621 -0.05539958
vt 0.4712746 1.836554
vn -0.1943359 0.8994141 -0.3903809
v -0.02143156 0.1849655 -0.01380623
vt 0.4353105 1.753048
vn -0.4233398 0.2741699 0.8632813
vt 0.4218963 1.741374
vt 0.425038 1.751269
v -0.03232368 0.1863902 -0.02351861
vt 0.4231295 1.781934
vn -0.6347656 0.6352539 0.4394531
v -0.03313312 0.1822002 -0.02137533
vt 0.4140454 1.778208
vn -0.6772461 0.1715088 0.7148438
vt 0.4070985 1.772042
vt 0.3875571 1.80206
v -0.03462967 0.1875815 -0.03557287
vt 0.4264072 1.806345
vn -0.6098633 0.7880859 -0.07617188
v -0.04080429 0.1820623 -0.03303717
vt 0.4089587 1.807479
vn -0.8134766 0.5727539 0.09710693
v -0.04224323 0.1761546 -0.03077835
vt 0.3959095 1.806705
vn -0.8911133 0.0418396 0.4509277
v -0.02759185 0.1873511 -0.05371372
vt 0.4457342 1.838317
vn -0.4238281 0.8334961 -0.3530273
v -0.03891181 0.1806028 -0.05043705
vt 0.4191743 1.840761
vn -0.6630859 0.6953125 -0.2758789
v -0.04550713 0.1724264 -0.04681331
vt 0.3969242 1.843321
vn -0.8818359 0.4526367 -0.128418
v -0.04677204 0.1671632 -0.04428577
vt 0.3847693 1.844078
vn -0.9716797 -0.1064453 0.2088623
vt 0.3741986 1.843903
v -0.0387715 0.1725062 -0.06532805
vt 0.4203721 1.875229
vn -0.6665039 0.6044922 -0.4353027
v -0.04655357 0.1592363 -0.0591532
vt 0.3873842 1.882748
vn -0.9726563 -0.2286377 -0.04055786
vt 0.3765789 1.887461
v -0.0455137 0.1647285 -0.06170741
vt 0.3993331 1.879331
vn -0.8798828 0.3466797 -0.3239746
v -0.04148736 0.1514271 -0.07396094
vt 0.4013913 1.920367
vn -0.890625 -0.3476563 -0.2927246
vt 0.3928546 1.93008
v -0.04073589 0.1565538 -0.07643939
vt 0.4111521 1.914914
vn -0.8344727 0.1817627 -0.5195313
v -0.03170492 0.1456993 -0.08545065
vt 0.4245802 1.949661
vn -0.6938477 -0.4516602 -0.5600586
vt 0.41813 1.959671
v -0.0350473 0.1639636 -0.07920158
vt 0.4289182 1.907976
vn -0.6425781 0.4946289 -0.5844727
v -0.02020699 0.1421692 -0.09268104
vt 0.4523436 1.96775
vn -0.4611816 -0.5092773 -0.7260742
vt 0.4483198 1.978673
v -0.03147803 0.1509682 -0.08761478
vt 0.4320037 1.940774
vn -0.6948242 -0.03378296 -0.7177734
v -0.02039963 0.1480482 -0.09464497
vt 0.456498 1.956125
vn -0.4377441 -0.1383057 -0.8881836
v -0.009710636 0.1403757 -0.09605437
vt 0.4773492 1.976288
vn -0.2327881 -0.5317383 -0.8139648
vt 0.4747372 1.987165
vt 0.5 1.990234
v -0.01019849 0.1469696 -0.09806518
vt 0.4786243 1.962544
vn -0.2114258 -0.08532715 -0.9736328
v -3.492565E-20 0.1397192 -0.09730054
vt 0.5 1.978272
vn 0 -0.5375977 -0.8427734
v -3.492565E-20 0.1465899 -0.09927604
vt 0.5 1.964466
vn 0 -0.05932617 -0.9980469
v 0.009710636 0.1403757 -0.09605437
vt 0.5226508 1.976288
vn 0.2327881 -0.5317383 -0.8139648
vt 0.5252628 1.987165
vt 0.5516801 1.978673
v 0.02020699 0.1421692 -0.09268104
vt 0.5476564 1.96775
vn 0.4611816 -0.5092773 -0.7260742
vt 0.58187 1.959671
v 0.01019849 0.1469696 -0.09806518
vt 0.5213757 1.962544
vn 0.2114258 -0.08532715 -0.9736328
v -3.492565E-20 0.1547519 -0.09803987
vt 0.5 1.948337
vn 0 0.3383789 -0.940918
v 0.03170492 0.1456993 -0.08545065
vt 0.5754198 1.949661
vn 0.6938477 -0.4516602 -0.5600586
vt 0.6071454 1.93008
v 0.02039963 0.1480482 -0.09464497
vt 0.543502 1.956125
vn 0.4377441 -0.1383057 -0.8881836
v 0.01106621 0.1546745 -0.09699631
vt 0.5217627 1.94703
vn 0.1712646 0.3149414 -0.9331055
v -0.01106621 0.1546745 -0.09699631
vt 0.4782373 1.94703
vn -0.1712646 0.3149414 -0.9331055
v -3.492565E-20 0.163805 -0.09317599
vt 0.5 1.92819
vn 0 0.6020508 -0.7983398
v -0.0210343 0.1545525 -0.09430613
vt 0.4581571 1.943197
vn -0.3620605 0.223999 -0.9047852
v -0.01226461 0.1629539 -0.09222902
vt 0.4765999 1.928048
vn -0.1674805 0.5932617 -0.7866211
v -0.02890598 0.1565902 -0.08917306
vt 0.4418463 1.932777
vn -0.5986328 0.3068848 -0.7392578
v -0.022992 0.1610802 -0.09036869
vt 0.4554579 1.927799
vn -0.3464355 0.5639648 -0.7490234
v -0.02544345 0.169801 -0.08139921
vt 0.4506934 1.903123
vn -0.3959961 0.6669922 -0.6303711
v -0.01373612 0.1734693 -0.08244356
vt 0.4739733 1.89975
vn -0.1898193 0.7265625 -0.659668
v -3.492565E-20 0.1750709 -0.08317713
vt 0.5 1.89874
vn 0 0.7412109 -0.6708984
v -0.02735435 0.1792703 -0.06853969
vt 0.4466535 1.871647
vn -0.4208984 0.7548828 -0.5024414
v -0.01469022 0.1826934 -0.07018375
vt 0.4719757 1.86966
vn -0.1990967 0.8237305 -0.5302734
v -3.492565E-20 0.1842974 -0.07095373
vt 0.5 1.868779
vn 0 0.8442383 -0.5356445
v 0.01469022 0.1826934 -0.07018375
vt 0.5280243 1.86966
vn 0.1990967 0.8237305 -0.5302734
v 0.01373612 0.1734693 -0.08244356
vt 0.5260267 1.89975
vn 0.1898193 0.7265625 -0.659668
v 0.01226461 0.1629539 -0.09222902
vt 0.5234001 1.928048
vn 0.1674805 0.5932617 -0.7866211
v 0.022992 0.1610802 -0.09036869
vt 0.5445421 1.927799
vn 0.3464355 0.5639648 -0.7490234
v 0.0210343 0.1545525 -0.09430613
vt 0.5418429 1.943197
vn 0.3620605 0.223999 -0.9047852
v 0.02544345 0.169801 -0.08139921
vt 0.5493066 1.903123
vn 0.3959961 0.6669922 -0.6303711
v 0.02890598 0.1565902 -0.08917306
vt 0.5581537 1.932777
vn 0.5986328 0.3068848 -0.7392578
v 0.03147803 0.1509682 -0.08761478
vt 0.5679963 1.940774
vn 0.6948242 -0.03378296 -0.7177734
v 0.0350473 0.1639636 -0.07920158
vt 0.5710818 1.907976
vn 0.6425781 0.4946289 -0.5844727
v 0.02735435 0.1792703 -0.06853969
vt 0.5533465 1.871647
vn 0.4208984 0.7548828 -0.5024414
v 0.01486431 0.1906621 -0.05539958
vt 0.5287254 1.836554
vn 0.1943359 0.8994141 -0.3903809
v 0.04073589 0.1565538 -0.07643939
vt 0.5888479 1.914914
vn 0.8344727 0.1817627 -0.5195313
v 0.02509117 0.1929198 -0.0386906
vt 0.5510047 1.80584
vn 0.3959961 0.9023438 -0.1680908
v 0.02759185 0.1873511 -0.05371372
vt 0.5542658 1.838317
vn 0.4238281 0.8334961 -0.3530273
v 0.0273017 0.1910349 -0.02671335
vt 0.5610732 1.783983
vn 0.4929199 0.840332 0.2247314
v 0.03462967 0.1875815 -0.03557287
vt 0.5735928 1.806345
vn 0.6098633 0.7880859 -0.07617188
v 0.03891181 0.1806028 -0.05043705
vt 0.5808257 1.840761
vn 0.6630859 0.6953125 -0.2758789
v 0.0191989 0.1889292 -0.014795
vt 0.5534924 1.753721
vn 0.465332 0.5683594 0.6782227
v 0.01603866 0.186247 -0.01604016
vt 0.5545633 1.744576
vn -0.8857422 -0.1710205 0.4306641
v 0.03232368 0.1863902 -0.02351861
vt 0.5768705 1.781934
vn 0.6347656 0.6352539 0.4394531
v 0.02143156 0.1849655 -0.01380623
vt 0.5646895 1.753048
vn 0.4233398 0.2741699 0.8632813
vt 0.5781037 1.741374
vt 0.574962 1.751269
v 0.03313312 0.1822002 -0.02137533
vt 0.5859546 1.778208
vn 0.6772461 0.1715088 0.7148438
vt 0.5929015 1.772042
vt 0.6124429 1.80206
v 0.04080429 0.1820623 -0.03303717
vt 0.5910413 1.807479
vn 0.8134766 0.5727539 0.09710693
v 0.04224323 0.1761546 -0.03077835
vt 0.6040905 1.806705
vn 0.8911133 0.0418396 0.4509277
v 0.04677204 0.1671632 -0.04428577
vt 0.6152307 1.844078
vn 0.9716797 -0.1064453 0.2088623
vt 0.6258014 1.843903
v 0.04550713 0.1724264 -0.04681331
vt 0.6030758 1.843321
vn 0.8818359 0.4526367 -0.128418
v 0.04655357 0.1592363 -0.0591532
vt 0.6126158 1.882748
vn 0.9726563 -0.2286377 -0.04055786
vt 0.6234211 1.887461
v 0.0455137 0.1647285 -0.06170741
vt 0.6006669 1.879331
vn 0.8798828 0.3466797 -0.3239746
v 0.0387715 0.1725062 -0.06532805
vt 0.5796279 1.875229
vn 0.6665039 0.6044922 -0.4353027
v 0.04148736 0.1514271 -0.07396094
vt 0.5986087 1.920367
vn 0.890625 -0.3476563 -0.2927246
vt 0.6488493 1.746654
v 0.02947694 0.17454 0.02044618
vt 0.6725872 1.732559
vn -0.2878418 -0.9550781 0.06890869
vt 0.6503324 1.753832
v 0.02880195 0.1771438 0.02415904
vt 0.680135 1.737986
vn -0.6357422 -0.3933105 0.6635742
v 0.03976782 0.1715056 0.03024364
vt 0.7042653 1.711632
vn -0.2868652 -0.9423828 0.1700439
v 0.01787997 0.1858752 0.01810162
vt 0.664107 1.771594
vn -0.6533203 -0.1716309 0.7368164
v 0.01603866 0.186247 0.01604016
vt 0.6593951 1.775819
vn -0.9858398 -0.07897949 0.145752
v 0.03959543 0.1741344 0.03321619
vt 0.7097672 1.717495
vn -0.512207 -0.2736816 0.8134766
v 0.05465122 0.1700494 0.03695085
vt 0.7442686 1.694517
vn -0.1206055 -0.9770508 0.1733398
v 0.01878386 0.1926211 0.01860157
vt 0.6723219 1.784259
vn -0.6015625 0.2227783 0.7666016
v 0.01442614 0.192733 0.01402089
vt 0.6620124 1.795973
vn -0.5966797 0.6049805 0.5268555
v 0.02852472 0.1848722 0.02606228
vt 0.688151 1.752659
vn -0.6005859 -0.0723877 0.7958984
v 0.03952726 0.1833493 0.03360026
vt 0.7146725 1.735748
vn -0.4492188 0.09661865 0.8876953
v 0.05465119 0.1727151 0.04060898
vt 0.7485241 1.70261
vn -0.3093262 -0.2259521 0.9233398
v 0.07241747 0.1696857 0.04127042
vt 0.7920964 1.68767
vn -0.04470825 -0.9819336 0.182373
v 0.0546499 0.1820726 0.03985368
vt 0.7502066 1.721583
vn -0.2807617 0.1795654 0.9423828
v 0.07240713 0.172332 0.04449891
vt 0.7928623 1.696115
vn -0.137207 -0.2197266 0.9658203
v 0.0910537 0.1695018 0.04220778
vt 0.8414164 1.691136
vn 0.004676819 -0.9799805 0.1970215
v 0.07240591 0.1812568 0.04387407
vt 0.7918795 1.71422
vn -0.1292725 0.2075195 0.9692383
v 0.09105673 0.1721407 0.04562901
vt 0.8389271 1.699732
vn 0.05154419 -0.2211914 0.9736328
v 0.09106287 0.1810674 0.04504996
vt 0.834931 1.716906
vn 0.05987549 0.2169189 0.9741211
v 0.1086551 0.1720284 0.04249297
vt 0.8814336 1.711601
vn 0.2347412 -0.2252197 0.9453125
v 0.1086533 0.1694074 0.0391074
vt 0.8869689 1.704617
vn 0.05267334 -0.9780273 0.2005615
v 0.1257885 0.1719855 0.03683357
vt 0.920592 1.732878
vn 0.3891602 -0.2143555 0.8955078
v 0.1257841 0.1694741 0.03363957
vt 0.9280471 1.728609
vn 0.1184692 -0.965332 0.2310791
v 0.1086614 0.1807739 0.04186961
vt 0.8744531 1.727877
vn 0.2451172 0.2231445 0.9433594
v 0.09108236 0.1939707 0.04076592
vt 0.8296436 1.742543
vn 0.07720947 0.4316406 0.8984375
v 0.1397974 0.1719073 0.02842531
vt 0.9514724 1.759511
vn 0.5566406 -0.2042236 0.8046875
v 0.1397902 0.1695403 0.02573576
vt 0.9592147 1.758451
vn 0.2064209 -0.9443359 0.2556152
v 0.1257946 0.1800329 0.03624528
vt 0.9114599 1.746329
vn 0.3964844 0.2121582 0.8930664
v 0.1086752 0.1925664 0.03752444
vt 0.8664524 1.751396
vn 0.2553711 0.4470215 0.8569336
v 0.1499588 0.1718955 0.01938934
vt 0.9711525 1.787786
vn 0.7573242 -0.185791 0.6254883
v 0.148672 0.1695929 0.01787301
vt 0.9770119 1.786098
vn 0.3579102 -0.8911133 0.2780762
v 0.1397967 0.1790392 0.02797408
vt 0.9408029 1.769563
vn 0.5625 0.1751709 0.8076172
v 0.1552269 0.171756 0.008672199
vt 0.9824381 1.816565
vn 0.9077148 -0.1994629 0.3688965
v 0.1541448 0.1695844 0.00831317
vt 0.9871399 1.815342
vn 0.4082031 -0.8959961 0.1721191
v 0.1500306 0.1780487 0.01927088
vt 0.9607213 1.793452
vn 0.7587891 0.1138306 0.640625
v 0.1560668 0.1695323 1.387779E-19
vt 0.9902344 1.839996
vn 0.4365234 -0.8994141 0
v 0.1257852 0.190134 0.03240834
vt 0.9017643 1.765492
vn 0.3913574 0.4431152 0.8061523
v 0.1397076 0.1872911 0.0251488
vt 0.9303394 1.783292
vn 0.5405273 0.4101563 0.7338867
v 0.1257156 0.1988558 0.02548603
vt 0.8944023 1.785787
vn 0.4038086 0.6884766 0.6020508
v 0.1086898 0.2035595 0.02998782
vt 0.8597507 1.776354
vn 0.2785645 0.7026367 0.6542969
v 0.1395073 0.1939799 0.01988635
vt 0.9227602 1.79827
vn 0.5166016 0.6591797 0.5454102
v 0.1255342 0.2063679 0.01353139
vt 0.8884051 1.812582
vn 0.4223633 0.8500977 0.3132324
v 0.1495499 0.1846979 0.01767897
vt 0.9496989 1.801526
vn 0.7250977 0.3479004 0.59375
v 0.149024 0.1895101 0.01385259
vt 0.9428562 1.811454
vn 0.6987305 0.5654297 0.4372559
v 0.1547565 0.1824599 0.008286475
vt 0.9617678 1.822361
vn 0.8950195 0.317627 0.3129883
v 0.1556984 0.1774555 0.008613427
vt 0.9713085 1.819543
vn 0.9267578 0.07110596 0.3684082
v 0.1390528 0.1991492 0.01048446
vt 0.9170855 1.818731
vn 0.5341797 0.8095703 0.2425537
v 0.1575188 0.1717138 1.387779E-19
vt 0.9849312 1.839967
vn 0.9780273 -0.206543 0
v 0.1579346 0.1773095 1.387779E-19
vt 0.9736772 1.839905
vn 0.9970703 0.07141113 0
v 0.1552269 0.171756 -0.008672199
vt 0.9821961 1.863343
vn 0.9077148 -0.1994629 -0.3688965
v 0.1541448 0.1695844 -0.00831317
vt 0.986884 1.864618
vn 0.4082031 -0.8959961 -0.1721191
v 0.148672 0.1695929 -0.01787301
vt 0.9764509 1.893752
vn 0.3579102 -0.8911133 -0.2780762
v 0.1556984 0.1774555 -0.008613427
vt 0.9710997 1.860242
vn 0.9267578 0.07110596 -0.3684082
v 0.1564294 0.1820675 1.387779E-19
vt 0.9643044 1.839852
vn 0.9287109 0.3696289 0.0005908012
v 0.1499588 0.1718955 -0.01938934
vt 0.9706113 1.891999
vn 0.7573242 -0.185791 -0.6254883
v 0.1397902 0.1695403 -0.02573576
vt 0.958369 1.921206
vn 0.2064209 -0.9443359 -0.2556152
v 0.1500306 0.1780487 -0.01927088
vt 0.9602425 1.886217
vn 0.7587891 0.1138306 -0.640625
v 0.1397974 0.1719073 -0.02842531
vt 0.9506418 1.920061
vn 0.5566406 -0.2042236 -0.8046875
v 0.1257841 0.1694741 -0.03363957
vt 0.9269021 1.950713
vn 0.1184692 -0.965332 -0.2310791
v 0.1547565 0.1824599 -0.008286475
vt 0.9615562 1.857406
vn 0.8945313 0.3171387 -0.3137207
v 0.1257885 0.1719855 -0.03683357
vt 0.919498 1.946362
vn 0.3891602 -0.2143555 -0.8955078
v 0.1086533 0.1694074 -0.0391074
vt 0.8855968 1.974267
vn 0.05267334 -0.9780273 -0.2005615
v 0.1397967 0.1790392 -0.02797408
vt 0.9400831 1.909889
vn 0.5625 0.1751709 -0.8076172
v 0.1086551 0.1720284 -0.04249297
vt 0.8801427 1.967223
vn 0.2347412 -0.2252197 -0.9453125
v 0.0910537 0.1695018 -0.04220778
vt 0.8399368 1.987271
vn 0.004676819 -0.9799805 -0.1970215
v 0.1257946 0.1800329 -0.03624528
vt 0.9105144 1.932808
vn 0.3964844 0.2121582 -0.8930664
v 0.1086614 0.1807739 -0.04186961
vt 0.8733428 1.950867
vn 0.2451172 0.2231445 -0.9433594
v 0.09105673 0.1721407 -0.04562901
vt 0.8375457 1.978648
vn 0.05154419 -0.2211914 -0.9736328
v 0.1257852 0.190134 -0.03240834
vt 0.9010232 1.913534
vn 0.3913574 0.4431152 -0.8061523
v 0.07240713 0.172332 -0.04449891
vt 0.7914891 1.981796
vn -0.137207 -0.2197266 -0.9658203
v 0.07241747 0.1696857 -0.04127042
vt 0.7906261 1.990234
vn -0.04470825 -0.9819336 -0.182373
v 0.09106287 0.1810674 -0.04504996
vt 0.8337423 1.961426
vn 0.05987549 0.2169189 -0.9741211
v 0.05465119 0.1727151 -0.04060898
vt 0.747269 1.974866
vn -0.3093262 -0.2259521 -0.9233398
v 0.05465122 0.1700494 -0.03695085
vt 0.7429159 1.982913
vn -0.1206055 -0.9770508 -0.1733398
v 0.07240591 0.1812568 -0.04387407
vt 0.7907121 1.963676
vn -0.1292725 0.2075195 -0.9692383
v 0.09108236 0.1939707 -0.04076592
vt 0.8287305 1.935722
vn 0.07720947 0.4316406 -0.8984375
v 0.1086752 0.1925664 -0.03752444
vt 0.8655931 1.927253
vn 0.2553711 0.4470215 -0.8569336
v 0.07242456 0.1943602 -0.03982484
vt 0.7890882 1.936594
vn -0.1102905 0.4121094 -0.9042969
v 0.1257156 0.1988558 -0.02548603
vt 0.8938712 1.893153
vn 0.4038086 0.6884766 -0.6020508
v 0.0546499 0.1820726 -0.03985368
vt 0.7491769 1.95591
vn -0.2807617 0.1795654 -0.9423828
v 0.1086898 0.2035595 -0.02998782
vt 0.859147 1.902214
vn 0.2785645 0.7026367 -0.6542969
v 0.03959543 0.1741344 -0.03321619
vt 0.7087191 1.959608
vn -0.5151367 -0.2685547 -0.8134766
v 0.03976782 0.1715056 -0.03024364
vt 0.7031342 1.965401
vn -0.2868652 -0.9423828 -0.1700439
v 0.02880195 0.1771438 -0.02415904
vt 0.679382 1.938787
vn -0.6381836 -0.3808594 -0.668457
v 0.02947694 0.17454 -0.02044618
vt 0.6717307 1.944101
vn -0.2878418 -0.9550781 -0.06890869
v 0.03952726 0.1833493 -0.03360026
vt 0.7138695 1.941427
vn -0.453125 0.09735107 -0.8857422
vt 0.6481408 1.929681
vt 0.6497372 1.922543
v 0.05471988 0.1943684 -0.03590931
vt 0.7507353 1.930059
vn -0.2445068 0.3935547 -0.8857422
v 0.01787997 0.1858752 -0.01810162
vt 0.6637744 1.905167
vn -0.6401367 -0.1838379 -0.7456055
vt 0.6593057 1.900733
vt 0.6617235 1.880967
v 0.02852472 0.1848722 -0.02566309
vt 0.687117 1.924031
vn -0.6015625 -0.07458496 -0.7949219
v 0.01878386 0.1926211 -0.01860157
vt 0.6721266 1.892561
vn -0.5932617 0.2196045 -0.7744141
v 0.01493754 0.1960372 -0.0125703
vt 0.6655517 1.872552
vn -0.644043 0.59375 -0.4816895
vt 0.6554086 1.865593
v 0.03969612 0.1940095 -0.03118577
vt 0.7183941 1.919594
vn -0.371582 0.3537598 -0.8579102
v 0.02932465 0.1936185 -0.02585449
vt 0.6958332 1.908005
vn -0.5107422 0.2753906 -0.8139648
v 0.02048275 0.1980597 -0.0166262
vt 0.6789166 1.881328
vn -0.5454102 0.5957031 -0.5888672
v 0.01544365 0.1992252 -0.007085326
vt 0.6678948 1.856605
vn -0.6743164 0.6977539 -0.2399902
v 0.0112865 0.1946562 -0.00497303
vt 0.6548122 1.852085
vn -0.6547852 0.7460938 -0.1157227
vt 0.6481708 1.850904
vt 0.6504582 1.838445
v 0.02185021 0.2041043 -0.00965339
vt 0.6844631 1.861124
vn -0.5424805 0.7646484 -0.3464355
v 0.0110816 0.1948178 1.387779E-19
vt 0.6542953 1.838451
vn -0.6591797 0.7514648 0
v 0.0158118 0.201206 1.387779E-19
vt 0.6698753 1.838467
vn -0.6933594 0.7202148 0
v 0.0112865 0.1946562 0.00497303
vt 0.6549017 1.824823
vn -0.6542969 0.7470703 0.1156006
vt 0.6482475 1.825986
v 0.01139285 0.1937759 0.009832764
vt 0.655705 1.811227
vn -0.2580566 0.9316406 0.2543945
v 0.01544365 0.1992252 0.007085326
vt 0.6680171 1.820324
vn -0.6743164 0.6977539 0.2398682
v 0.01493754 0.1960372 0.0125703
vt 0.6657747 1.804372
vn -0.6435547 0.59375 0.4816895
v 0.02048275 0.1980597 0.0166262
vt 0.6791424 1.795565
vn -0.5454102 0.5957031 0.5888672
v 0.02185021 0.2041043 0.00965339
vt 0.6846007 1.81583
vn -0.5424805 0.7646484 0.3464355
v 0.02932465 0.1936185 0.02585449
vt 0.6962971 1.768992
vn -0.5083008 0.2849121 0.8125
v 0.03017403 0.2007213 0.02181959
vt 0.7009495 1.785645
vn -0.4445801 0.6166992 0.6489258
v 0.02232788 0.2067175 1.387779E-19
vt 0.6866685 1.838487
vn -0.550293 0.8344727 0
v 0.0312467 0.2089846 0.01230572
vt 0.7057017 1.81171
vn -0.4338379 0.8105469 0.3933105
v 0.04035113 0.2033663 0.02527457
vt 0.7226622 1.779885
vn -0.3288574 0.6420898 0.6918945
v 0.03969612 0.1940095 0.03118577
vt 0.7190168 1.757607
vn -0.3681641 0.3574219 0.8579102
v 0.05471988 0.1943684 0.03590931
vt 0.751497 1.747427
vn -0.2445068 0.3935547 0.8857422
v 0.05445471 0.2060835 0.02893212
vt 0.7518231 1.774504
vn -0.2188721 0.6679688 0.7109375
v 0.07242456 0.1943602 0.03982484
vt 0.7899674 1.741268
vn -0.1102905 0.4121094 0.9042969
v 0.07230828 0.2075811 0.03216704
vt 0.7878091 1.770794
vn -0.0715332 0.6958008 0.7143555
v 0.09108721 0.2064611 0.0326918
vt 0.8247992 1.770809
vn 0.1112061 0.7070313 0.6977539
v 0.09102831 0.2167594 0.01725734
vt 0.8209034 1.806007
vn 0.1368408 0.9213867 0.362793
v 0.108693 0.2127987 0.01600994
vt 0.8546331 1.808197
vn 0.2907715 0.8920898 0.3449707
v 0.07206172 0.2180814 0.01698278
vt 0.7854741 1.806118
vn -0.03120422 0.9248047 0.3786621
v 0.09105063 0.2190474 1.387779E-19
vt 0.8199347 1.839066
vn 0.1456299 0.9892578 0
v 0.1087062 0.2152017 1.387779E-19
vt 0.8533698 1.839245
vn 0.2900391 0.956543 0
v 0.1254324 0.208592 1.387779E-19
vt 0.8865231 1.839425
vn 0.4282227 0.9033203 0
v 0.108693 0.2127987 -0.01600994
vt 0.8543397 1.870308
vn 0.2907715 0.8920898 -0.3449707
v 0.1255342 0.2063679 -0.01353139
vt 0.8881423 1.866288
vn 0.4223633 0.8500977 -0.3132324
v 0.1385572 0.2001769 1.387779E-19
vt 0.9154144 1.839584
vn 0.5507813 0.8339844 0
v 0.1483355 0.1920073 0.007482763
vt 0.9392857 1.824641
vn 0.6586914 0.746582 0.08984375
v 0.1390528 0.1991492 -0.01048446
vt 0.9168762 1.860454
vn 0.5341797 0.8095703 -0.2425537
v 0.1523183 0.1876246 0.006808951
vt 0.9507156 1.825729
vn 0.8188477 0.5463867 0.1741943
v 0.1477766 0.1928918 1.387779E-19
vt 0.9375494 1.839706
vn 0.6503906 0.7587891 0.0001111627
v 0.1530529 0.1874873 8.150375E-08
vt 0.951938 1.839787
vn 0.8061523 0.5913086 0.0009226799
v 0.1523763 0.1875856 -0.006673533
vt 0.9507146 1.853555
vn 0.8188477 0.546875 -0.1728516
v 0.1483355 0.1920073 -0.007482777
vt 0.9391318 1.854789
vn 0.6586914 0.746582 -0.09008789
v 0.149024 0.1895101 -0.01385259
vt 0.9425673 1.868016
vn 0.6992188 0.5654297 -0.4365234
v 0.1395073 0.1939799 -0.01988635
vt 0.922343 1.88098
vn 0.5166016 0.6591797 -0.5454102
v 0.1495499 0.1846979 -0.01767897
vt 0.9493067 1.87802
vn 0.7250977 0.3481445 -0.59375
v 0.1397076 0.1872911 -0.0251488
vt 0.9297664 1.896043
vn 0.5405273 0.4101563 -0.7338867
v 0.09108721 0.2064611 -0.0326918
vt 0.8241698 1.907392
vn 0.1112061 0.7070313 -0.6977539
v 0.09102831 0.2167594 -0.01725734
vt 0.8206052 1.872141
vn 0.1368408 0.9213867 -0.362793
v 0.07230828 0.2075811 -0.03216704
vt 0.7872176 1.907029
vn -0.0715332 0.6958008 -0.7143555
v 0.07206172 0.2180814 -0.01698278
vt 0.7851978 1.871667
vn -0.03120422 0.9248047 -0.3786621
v 0.05445471 0.2060835 -0.02893212
vt 0.7513103 1.902969
vn -0.2188721 0.6679688 -0.7109375
v 0.07204933 0.2207128 1.387779E-19
vt 0.7846802 1.838886
vn -0.009490967 0.9995117 0
v 0.05424432 0.2162711 -0.01556182
vt 0.7517709 1.869605
vn -0.1878662 0.8984375 -0.395752
v 0.04035113 0.2033663 -0.02527457
vt 0.722238 1.89733
vn -0.3288574 0.6420898 -0.6918945
v 0.04126791 0.2128789 -0.01406602
vt 0.7261852 1.867854
vn -0.3164063 0.8549805 -0.4101563
v 0.05423894 0.2189342 1.387779E-19
vt 0.7516779 1.838728
vn -0.1638184 0.9863281 0
v 0.05424432 0.2162711 0.01556182
vt 0.7520104 1.807859
vn -0.1878662 0.8984375 0.395752
v 0.04126791 0.2128789 0.01406602
vt 0.7263907 1.809381
vn -0.3164063 0.8549805 0.4101563
v 0.04157257 0.2159699 1.387779E-19
vt 0.727631 1.838625
vn -0.3015137 0.953125 0
v 0.03176484 0.2121581 1.387779E-19
vt 0.7076532 1.838547
vn -0.4306641 0.9023438 0
v 0.0312467 0.2089846 -0.01230572
vt 0.7055289 1.865366
vn -0.4338379 0.8105469 -0.3933105
v 0.03017403 0.2007213 -0.02181959
vt 0.7006083 1.891388
vn -0.4445801 0.6166992 -0.6489258
vt 0.5279149 1.69253
vt 0.5204205 1.704168
vt 0.5118133 1.698451
v 0.006947583 0.1916704 0.01921021
vt 0.5160656 1.674609
vn -0.03222656 0.9643555 -0.2614746
vt 0.5 1.696356
v 0.01161912 0.191722 0.01677624
vt 0.5277359 1.677519
vn -0.116272 0.9794922 -0.1623535
vt 0.5360655 1.6818
v 0.01339828 0.1930392 0.0181918
vt 0.5321453 1.673308
vn -0.06347656 0.8969727 -0.4367676
v -3.492565E-20 0.1923141 0.02074073
vt 0.5 1.672105
vn 0 0.9399414 -0.3408203
v 0.008291526 0.1947286 0.02180546
vt 0.5189315 1.666567
vn -0.06951904 0.7885742 -0.6103516
v 0.01885444 0.192204 0.01835279
vt 0.5458924 1.670584
vn 0.4375 0.8164063 -0.3764648
v -0.006947583 0.1916704 0.01921021
vt 0.4839344 1.674609
vn 0.03222656 0.9643555 -0.2614746
vt 0.4881867 1.698451
vt 0.4720851 1.69253
vt 0.4795794 1.704168
v -0.01161912 0.191722 0.01677624
vt 0.4722641 1.677519
vn 0.116272 0.9794922 -0.1623535
vt 0.4639344 1.6818
v -0.01339828 0.1930392 0.0181918
vt 0.4678547 1.673308
vn 0.06347656 0.8969727 -0.4367676
v -0.008291526 0.1947286 0.02180546
vt 0.4810685 1.666567
vn 0.06951904 0.7885742 -0.6103516
v -3.492565E-20 0.1952263 0.02311761
vt 0.5 1.664515
vn 0 0.7387695 -0.6733398
v -3.492562E-20 0.1969368 0.02536909
vt 0.5 1.658893
vn 0 0.984375 -0.1745605
v -0.01558262 0.1941163 0.02107014
vt 0.4637995 1.666076
vn -0.2519531 0.940918 -0.2247314
v -0.009204611 0.1962315 0.0240429
vt 0.4795865 1.661008
vn -0.1196289 0.9750977 -0.1864014
v 0.009204611 0.1962315 0.0240429
vt 0.5204136 1.661008
vn 0.1196289 0.9750977 -0.1864014
v -0.01885444 0.192204 0.01835279
vt 0.4541076 1.670584
vn -0.4375 0.8164063 -0.3764648
v -3.492565E-20 0.1975016 0.03280981
vt 0.5 1.644136
vn 0 0.9995117 0.02302551
v -0.0117461 0.1964506 0.03138
vt 0.4753451 1.645938
vn -0.1612549 0.9868164 -0.00674057
v -0.02077249 0.1941483 0.02912266
vt 0.4554196 1.647554
vn -0.3220215 0.9433594 -0.07672119
v -0.0191989 0.1889292 0.014795
vt 0.4472758 1.678804
vn -0.465332 0.5683594 -0.6782227
vt 0.4462581 1.687958
v -0.0273017 0.1910349 0.02671335
vt 0.43953 1.648602
vn -0.5097656 0.8295898 -0.2263184
v -0.02143156 0.1849655 0.01380623
vt 0.4361134 1.679546
vn -0.4233398 0.2741699 -0.8632813
vt 0.4227687 1.691283
vt 0.4258701 1.681375
v -0.03232368 0.1863902 0.02351861
vt 0.4238604 1.650798
vn -0.6538086 0.6289063 -0.4194336
v -0.03313312 0.1822002 0.02137533
vt 0.4148825 1.654504
vn -0.684082 0.1824951 -0.7060547
vt 0.4079594 1.660701
vt 0.3886808 1.631116
v -0.04224323 0.1755021 0.03077835
vt 0.3953617 1.626113
vn -0.8891602 0.03155518 -0.4562988
vt 0.3741094 1.589687
v -0.04080429 0.1804523 0.03303717
vt 0.4067813 1.624802
vn -0.8222656 0.5571289 -0.111084
v -0.03462967 0.1875815 0.03557287
vt 0.4267015 1.626413
vn -0.6303711 0.7739258 0.0562439
v -0.02509117 0.1929198 0.0386906
vt 0.4493153 1.62668
vn -0.395752 0.9023438 0.1680908
v -0.03891181 0.1806028 0.05043705
vt 0.4192027 1.592136
vn -0.6708984 0.6928711 0.2626953
v -0.01368103 0.1956218 0.04077099
vt 0.4728163 1.626714
vn -0.182251 0.9584961 0.2171631
v -0.02759185 0.1873511 0.05371372
vt 0.4457794 1.594274
vn -0.4238281 0.8334961 0.3530273
v -0.01486431 0.1906621 0.05539958
vt 0.471332 1.595803
vn -0.1943359 0.8994141 0.3903809
v -0.02735435 0.1792703 0.06853969
vt 0.4464284 1.560944
vn -0.4208984 0.7548828 0.5024414
v -3.492565E-20 0.1967842 0.04179206
vt 0.5 1.626306
vn 0 0.9726563 0.2318115
v -3.492565E-20 0.1921617 0.05622426
vt 0.5 1.596417
vn 0 0.9169922 0.3984375
v 0.0117461 0.1964506 0.03138
vt 0.5246549 1.645938
vn 0.1612549 0.9868164 -0.00674057
v 0.01368103 0.1956219 0.040771
vt 0.5271837 1.626714
vn 0.182251 0.9584961 0.2171631
v 0.01558262 0.1941163 0.02107014
vt 0.5362005 1.666076
vn 0.2519531 0.940918 -0.2247314
v 0.02077249 0.1941483 0.02912266
vt 0.5445804 1.647554
vn 0.3220215 0.9433594 -0.07672119
v 0.0273017 0.1910349 0.02671335
vt 0.56047 1.648602
vn 0.5097656 0.8295898 -0.2263184
v 0.02509117 0.1929198 0.0386906
vt 0.5506847 1.62668
vn 0.3959961 0.9023438 0.1680908
v 0.01486431 0.1906621 0.05539958
vt 0.528668 1.595803
vn 0.1943359 0.8994141 0.3903809
v 0.0191989 0.1889292 0.014795
vt 0.5527242 1.678804
vn 0.465332 0.5683594 -0.6782227
vt 0.5537419 1.687958
v 0.02143156 0.1849655 0.01380623
vt 0.5638866 1.679546
vn 0.4233398 0.2741699 -0.8632813
vt 0.5772313 1.691283
vt 0.57413 1.681375
v 0.03232368 0.1863902 0.02351861
vt 0.5761396 1.650798
vn 0.6538086 0.6289063 -0.4194336
v 0.03313312 0.1822002 0.02137533
vt 0.5851175 1.654504
vn 0.684082 0.1824951 -0.7060547
vt 0.5920406 1.660701
vt 0.6113191 1.631116
v 0.03462967 0.1875815 0.03557287
vt 0.5732985 1.626413
vn 0.6303711 0.7739258 0.0562439
v 0.04080429 0.1804523 0.03303717
vt 0.5932187 1.624802
vn 0.8222656 0.5571289 -0.111084
v 0.04224323 0.1755021 0.03077835
vt 0.6046383 1.626113
vn 0.8891602 0.03155518 -0.4562988
vt 0.6258906 1.589687
v 0.02759185 0.1873511 0.05371372
vt 0.5542205 1.594274
vn 0.4238281 0.8334961 0.3530273
v 0.03891181 0.1806028 0.05043705
vt 0.5807973 1.592136
vn 0.6708984 0.6928711 0.2626953
v 0.04550713 0.1725636 0.04690507
vt 0.6026571 1.589754
vn 0.878418 0.4614258 0.1208496
v 0.04677204 0.1673003 0.04437754
vt 0.6147501 1.589204
vn 0.9731445 -0.1035156 -0.2044678
v 0.04655357 0.1592363 0.0591532
vt 0.6130034 1.550504
vn 0.972168 -0.2287598 0.03973389
vt 0.6238529 1.54591
v 0.0455137 0.1647285 0.06170741
vt 0.6010025 1.55377
vn 0.8793945 0.3464355 0.3256836
v 0.0387715 0.1725062 0.06532805
vt 0.5799037 1.557625
vn 0.6655273 0.6049805 0.4365234
v 0.02735435 0.1792703 0.06853969
vt 0.5535716 1.560944
vn 0.4208984 0.7548828 0.5024414
v 0.04073589 0.1565538 0.07643939
vt 0.5894356 1.518039
vn 0.8344727 0.1817627 0.5195313
v 0.0350473 0.1639636 0.07920158
vt 0.5714766 1.524771
vn 0.6425781 0.4946289 0.5844727
v 0.04148736 0.1514271 0.07396094
vt 0.5992447 1.512682
vn 0.890625 -0.3476563 0.2927246
vt 0.6078503 1.503038
v 0.03170492 0.1456993 0.08545065
vt 0.5762017 1.483164
vn 0.6938477 -0.4516602 0.5600586
vt 0.5827194 1.473204
v 0.03147803 0.1509682 0.08761478
vt 0.5687112 1.491989
vn 0.6948242 -0.03378296 0.7177734
v 0.02020699 0.1421692 0.09268104
vt 0.5484964 1.464857
vn 0.4611816 -0.5092773 0.7260742
vt 0.5525906 1.453965
v 0.02039963 0.1480482 0.09464497
vt 0.5442654 1.476448
vn 0.4377441 -0.1383057 0.8881836
v 0.02890598 0.1565902 0.08917306
vt 0.5588005 1.499901
vn 0.5986328 0.3068848 0.7392578
v 0.009710636 0.1403757 0.09605437
vt 0.5234945 1.456147
vn 0.2327881 -0.5317383 0.8139648
vt 0.5261757 1.445291
vt 0.5 1.442058
v 0.02544345 0.169801 0.08139921
vt 0.5497459 1.529462
vn 0.3959961 0.6669922 0.6303711
v 0.0210343 0.1545525 0.09430613
vt 0.5425243 1.489357
vn 0.3620605 0.223999 0.9047852
v 0.022992 0.1610802 0.09036869
vt 0.5451323 1.504766
vn 0.3464355 0.5639648 0.7490234
v 0.01469022 0.1826934 0.07018375
vt 0.528205 1.562721
vn 0.1990967 0.8237305 0.5302734
v 0.01373612 0.1734693 0.08244356
vt 0.526404 1.532649
vn 0.1898193 0.7265625 0.659668
v 0.01226461 0.1629539 0.09222902
vt 0.5239516 1.50436
vn 0.1674805 0.5932617 0.7866211
v -3.492565E-20 0.1842974 0.07095373
vt 0.5 1.563409
vn 0 0.8442383 0.5356445
v 0.01106621 0.1546745 0.09699631
vt 0.5224281 1.485383
vn 0.1712646 0.3149414 0.9331055
v -3.492565E-20 0.1750709 0.08317713
vt 0.5 1.533484
vn 0 0.7412109 0.6708984
v -3.492565E-20 0.163805 0.09317599
vt 0.5 1.504065
vn 0 0.6020508 0.7983398
v 0.01019849 0.1469696 0.09806518
vt 0.5221345 1.469876
vn 0.2114258 -0.08532715 0.9736328
v -3.492565E-20 0.1547519 0.09803987
vt 0.5 1.483935
vn 0 0.3383789 0.940918
v -3.492565E-20 0.1465899 0.09927604
vt 0.5 1.467816
vn 0 -0.05932617 0.9980469
v -3.492565E-20 0.1397192 0.09730054
vt 0.5 1.454018
vn 0 -0.5375977 0.8427734
v -0.009710636 0.1403757 0.09605437
vt 0.4765055 1.456147
vn -0.2327881 -0.5317383 0.8139648
vt 0.4738243 1.445291
vt 0.4474094 1.453965
v -0.01019849 0.1469696 0.09806518
vt 0.4778655 1.469876
vn -0.2114258 -0.08532715 0.9736328
v -0.02020699 0.1421692 0.09268104
vt 0.4515036 1.464857
vn -0.4611816 -0.5092773 0.7260742
vt 0.4172806 1.473204
v -0.01106621 0.1546745 0.09699631
vt 0.4775718 1.485383
vn -0.1712646 0.3149414 0.9331055
v -0.02039963 0.1480482 0.09464497
vt 0.4557346 1.476448
vn -0.4377441 -0.1383057 0.8881836
v -0.03170492 0.1456993 0.08545065
vt 0.4237983 1.483164
vn -0.6938477 -0.4516602 0.5600586
vt 0.3921497 1.503038
v -0.01226461 0.1629539 0.09222902
vt 0.4760485 1.50436
vn -0.1674805 0.5932617 0.7866211
v -0.0210343 0.1545525 0.09430613
vt 0.4574757 1.489357
vn -0.3620605 0.223999 0.9047852
v -0.01373612 0.1734693 0.08244356
vt 0.473596 1.532649
vn -0.1898193 0.7265625 0.659668
v -0.022992 0.1610802 0.09036869
vt 0.4548677 1.504766
vn -0.3464355 0.5639648 0.7490234
v -0.03147803 0.1509682 0.08761478
vt 0.4312887 1.491989
vn -0.6948242 -0.03378296 0.7177734
v -0.02890598 0.1565902 0.08917306
vt 0.4411995 1.499901
vn -0.5986328 0.3068848 0.7392578
v -0.02544345 0.169801 0.08139921
vt 0.4502541 1.529462
vn -0.3959961 0.6669922 0.6303711
v -0.01469022 0.1826934 0.07018375
vt 0.471795 1.562721
vn -0.1990967 0.8237305 0.5302734
v -0.0350473 0.1639636 0.07920158
vt 0.4285234 1.524771
vn -0.6425781 0.4946289 0.5844727
v -0.0387715 0.1725062 0.06532805
vt 0.4200963 1.557625
vn -0.6655273 0.6049805 0.4365234
v -0.04073589 0.1565538 0.07643939
vt 0.4105644 1.518039
vn -0.8344727 0.1817627 0.5195313
v -0.04550713 0.1725636 0.04690507
vt 0.3973429 1.589754
vn -0.878418 0.4614258 0.1208496
v -0.0455137 0.1647285 0.06170741
vt 0.3989975 1.55377
vn -0.8793945 0.3464355 0.3256836
v -0.04677204 0.1673003 0.04437754
vt 0.3852499 1.589204
vn -0.9731445 -0.1035156 -0.2044678
v -0.04655357 0.1592363 0.0591532
vt 0.3869965 1.550504
vn -0.972168 -0.2287598 0.03973389
vt 0.376147 1.54591
v -0.04148736 0.1514271 0.07396094
vt 0.4007553 1.512682
vn -0.890625 -0.3476563 0.2927246
vt 0.2495237 1.378179
v -0.02761416 0.1767061 1.387779E-19
vt 0.2265618 1.389618
vn -0.05181885 -0.9985352 0
vt 0.2265618 1.373163
vt 0.203599 1.378179
v -0.02898178 0.1764368 0.01016536
vt 0.2471747 1.392355
vn -0.05230713 -0.9931641 -0.100769
vt 0.2683908 1.393108
v -0.02898178 0.1764368 -0.01016536
vt 0.2059488 1.392356
vn -0.05230713 -0.9931641 0.100769
vt 0.1847339 1.39311
v -0.04070158 0.1784215 1.387779E-19
vt 0.2265621 1.416258
vn -0.1375732 -0.9902344 0
v -0.03120966 0.1751387 0.01800674
vt 0.2633709 1.396697
vn -0.0322876 -0.9648438 -0.2602539
v -0.03120966 0.1751387 -0.01800674
vt 0.1897538 1.396698
vn -0.0322876 -0.9648438 0.2602539
v -0.04106234 0.1726974 0.02581892
vt 0.2804257 1.416163
vn -0.1020508 -0.9277344 -0.3579102
vt 0.2896008 1.413355
v -0.04230621 0.1755629 0.0201912
vt 0.2678003 1.419165
vn -0.149292 -0.9360352 -0.3183594
v -0.04162049 0.1774041 0.0118621
vt 0.2505208 1.417972
vn -0.142334 -0.9790039 -0.1427002
v -0.05465222 0.1715991 0.03303585
vt 0.2955374 1.443289
vn -0.1189575 -0.887207 -0.4453125
vt 0.3040114 1.443098
v -0.05464999 0.1757232 0.02579655
vt 0.2788742 1.443979
vn -0.1418457 -0.9111328 -0.3864746
v -0.05464987 0.1789805 0.01568266
vt 0.2577813 1.444358
vn -0.1264648 -0.9726563 -0.1925049
v -0.07241594 0.1711775 0.03730966
vt 0.3045244 1.478857
vn -0.0534668 -0.8720703 -0.4863281
vt 0.3130243 1.478781
v -0.07239737 0.1765337 0.02980189
vt 0.2862332 1.479231
vn -0.0617981 -0.9013672 -0.4279785
v -0.09105363 0.1709363 0.03811688
vt 0.3062438 1.516231
vn 0.0395813 -0.8764648 -0.4790039
vt 0.3149664 1.516277
vt 0.3087244 1.551802
v -0.0910572 0.1758255 0.03066381
vt 0.2885041 1.515962
vn 0.04135132 -0.8920898 -0.4489746
v -0.1086539 0.1706695 0.03522362
vt 0.3004885 1.551642
vn 0.1133423 -0.8842773 -0.4521484
vt 0.2971894 1.586324
v -0.09105802 0.1810247 0.01835416
vt 0.2623835 1.515734
vn 0.02464294 -0.9692383 -0.243042
v -0.1257754 0.1704708 0.03016829
vt 0.2898681 1.586079
vn 0.170166 -0.8950195 -0.4116211
vt 0.2806669 1.614605
v -0.1086495 0.1748013 0.02874961
vt 0.285154 1.550878
vn 0.130127 -0.887207 -0.4421387
v -0.1397886 0.1702284 0.02295137
vt 0.274788 1.614424
vn 0.2310791 -0.909668 -0.3444824
vt 0.2643993 1.632911
v -0.1257546 0.1734675 0.02483692
vt 0.2775752 1.585146
vn 0.2027588 -0.8896484 -0.4082031
v -0.1086532 0.1799358 0.01695095
vt 0.2598452 1.550029
vn 0.1146851 -0.9599609 -0.2536621
v -0.146951 0.1701846 0.01586029
vt 0.2600957 1.629238
vn 0.2492676 -0.9492188 -0.1898193
vt 0.2443303 1.644655
v -0.1397891 0.1720922 0.01856975
vt 0.2650679 1.61371
vn 0.2768555 -0.8916016 -0.3571777
v -0.1257607 0.1778667 0.01389269
vt 0.2541561 1.583884
vn 0.1867676 -0.949707 -0.2495117
v -0.1452336 0.1711911 0.01409106
vt 0.256152 1.625324
vn 0.4067383 -0.8837891 -0.230957
v -0.1397872 0.1750058 0.0103628
vt 0.2474964 1.612451
vn 0.2924805 -0.9272461 -0.2333984
v -0.1496734 0.1704386 0.007385219
vt 0.2422996 1.635015
vn 0.4130859 -0.8935547 -0.1737061
v -0.1515082 0.1701837 0.00778933
vt 0.2431589 1.638934
vn 0.208374 -0.9746094 -0.08129883
v -0.1530389 0.1702017 1.387779E-19
vt 0.2265621 1.642156
vn 0.1938477 -0.980957 0
vt 0.2265621 1.648797
vt 0.2087954 1.644655
v -0.1511793 0.1705222 1.387779E-19
vt 0.2265625 1.638133
vn 0.3994141 -0.9165039 0
v -0.1515082 0.1701837 -0.00778933
vt 0.2099671 1.638934
vn 0.208374 -0.9746094 0.08129883
v -0.146951 0.1701846 -0.01586029
vt 0.1930279 1.629241
vn 0.2492676 -0.9492188 0.1898193
vt 0.1887249 1.632915
v -0.1496734 0.1704386 -0.007385219
vt 0.2108251 1.635016
vn 0.4130859 -0.8935547 0.1737061
v -0.1464045 0.1739782 1.387779E-19
vt 0.2265621 1.625953
vn 0.4716797 -0.8813477 0
v -0.1452336 0.1711911 -0.01409106
vt 0.196972 1.625327
vn 0.4067383 -0.8837891 0.230957
v -0.1397847 0.1768848 1.387779E-19
vt 0.2265621 1.611556
vn 0.2617188 -0.9648438 0
v -0.1397872 0.1750058 -0.0103628
vt 0.2056285 1.612451
vn 0.2924805 -0.9272461 0.2333984
v -0.1257449 0.1801546 1.387779E-19
vt 0.2265621 1.583222
vn 0.1738281 -0.984375 0
v -0.1397891 0.1720922 -0.01856975
vt 0.1880543 1.613712
vn 0.2768555 -0.8916016 0.3571777
v -0.1257607 0.1778667 -0.01389269
vt 0.1989669 1.583884
vn 0.1867676 -0.949707 0.2495117
v -0.1086623 0.1823094 1.387779E-19
vt 0.2265621 1.549716
vn 0.1034546 -0.9946289 0
v -0.1397886 0.1702284 -0.02295137
vt 0.1783341 1.614426
vn 0.2310791 -0.909668 0.3444824
vt 0.1724536 1.614607
v -0.1257546 0.1734675 -0.02483692
vt 0.1755468 1.585144
vn 0.2027588 -0.8896484 0.4082031
v -0.1257754 0.1704708 -0.03016829
vt 0.1632527 1.586078
vn 0.170166 -0.8950195 0.4116211
vt 0.1559312 1.586323
v -0.1086532 0.1799358 -0.01695095
vt 0.1932783 1.550028
vn 0.1146851 -0.9599609 0.2536621
v -0.1086495 0.1748013 -0.02874961
vt 0.1679692 1.550875
vn 0.130127 -0.887207 0.4421387
v -0.1086539 0.1706695 -0.03522362
vt 0.1526335 1.551638
vn 0.1133423 -0.8842773 0.4521484
vt 0.144398 1.551796
v -0.09105802 0.1810247 -0.01835416
vt 0.1907416 1.515733
vn 0.02464294 -0.9692383 0.243042
v -0.09105363 0.1709363 -0.03811688
vt 0.1468827 1.516228
vn 0.0395813 -0.8764648 0.4790039
vt 0.1381603 1.516273
vt 0.1401033 1.47878
v -0.0910572 0.1758255 -0.03066381
vt 0.1646214 1.515959
vn 0.04135132 -0.8920898 0.4489746
v -0.07241594 0.1711775 -0.03730966
vt 0.1486033 1.478855
vn -0.0534668 -0.8720703 0.4863281
vt 0.1491162 1.443098
v -0.07239737 0.1765337 -0.02980189
vt 0.1668934 1.47923
vn -0.0617981 -0.9013672 0.4279785
v -0.05465222 0.1715991 -0.03303585
vt 0.1575896 1.443289
vn -0.1189575 -0.887207 0.4453125
vt 0.1635246 1.413356
v -0.07237859 0.1803139 -0.01769851
vt 0.1917263 1.479351
vn -0.06524658 -0.9731445 0.21875
v -0.04106234 0.1726974 -0.02581892
vt 0.1726993 1.416164
vn -0.1020508 -0.9277344 0.3579102
v -0.05464999 0.1757232 -0.02579655
vt 0.1742517 1.443979
vn -0.1418457 -0.9111328 0.3864746
v -0.04230621 0.1755629 -0.0201912
vt 0.1853253 1.419166
vn -0.149292 -0.9360352 0.3183594
v -0.05464987 0.1789805 -0.01568266
vt 0.195344 1.444357
vn -0.1264648 -0.9726563 0.1925049
v -0.04162049 0.1774041 -0.0118621
vt 0.202604 1.417972
vn -0.142334 -0.9790039 0.1427002
v -0.05464959 0.1808408 1.387779E-19
vt 0.2265625 1.444582
vn -0.1260986 -0.9916992 0
v -0.07237131 0.1829527 1.387779E-19
vt 0.2265618 1.479502
vn -0.07092285 -0.9970703 0
v -0.07237859 0.1803139 0.01769851
vt 0.2613993 1.479352
vn -0.06524658 -0.9731445 -0.21875
v -0.09105765 0.1837133 1.387779E-19
vt 0.2265625 1.515625
vn 0.01477814 -0.9995117 0
v 0.09105363 0.1709363 0.03811688
vt 0.693756 1.516231
vn -0.0395813 -0.8764648 -0.4790039
vt 0.6912754 1.551802
vt 0.6850333 1.516277
vt 0.6869754 1.478781
v 0.1086539 0.1706695 0.03522362
vt 0.6995113 1.551642
vn -0.1133423 -0.8842773 -0.4521484
vt 0.7028105 1.586324
v 0.07241594 0.1711775 0.03730966
vt 0.6954753 1.478857
vn 0.0534668 -0.8720703 -0.4863281
vt 0.6959885 1.443098
v 0.0910572 0.1758255 0.03066381
vt 0.7114958 1.515962
vn -0.04135132 -0.8920898 -0.4489746
v 0.1257754 0.1704708 0.03016829
vt 0.7101316 1.586079
vn -0.170166 -0.8950195 -0.4116211
vt 0.7193328 1.614605
v 0.1086495 0.1748013 0.02874961
vt 0.7148458 1.550878
vn -0.130127 -0.887207 -0.4421387
v 0.1397886 0.1702284 0.02295137
vt 0.7252117 1.614425
vn -0.2310791 -0.909668 -0.3444824
vt 0.7356004 1.632911
v 0.1257546 0.1734675 0.02483692
vt 0.7224246 1.585146
vn -0.2027588 -0.8896484 -0.4082031
v 0.146951 0.1701846 0.01586029
vt 0.739904 1.629238
vn -0.2492676 -0.9492188 -0.1898193
vt 0.7556696 1.644655
v 0.1397891 0.1720922 0.01856975
vt 0.7349317 1.61371
vn -0.2768555 -0.8916016 -0.3571777
v 0.1086532 0.1799358 0.01695095
vt 0.7401546 1.550029
vn -0.1146851 -0.9599609 -0.2536621
v 0.1452336 0.1711911 0.01409106
vt 0.7438478 1.625325
vn -0.4067383 -0.8837891 -0.230957
v 0.1257607 0.1778667 0.01389269
vt 0.7458436 1.583884
vn -0.1867676 -0.949707 -0.2495117
v 0.1397872 0.1750058 0.0103628
vt 0.7525036 1.61245
vn -0.2924805 -0.9272461 -0.2333984
v 0.1496734 0.1704386 0.007385219
vt 0.7577003 1.635015
vn -0.4130859 -0.8935547 -0.1737061
v 0.1515082 0.1701837 0.00778933
vt 0.7568409 1.638934
vn -0.208374 -0.9746094 -0.08129883
v 0.1530389 0.1702017 1.387779E-19
vt 0.7734379 1.642156
vn -0.1938477 -0.980957 0
vt 0.7734379 1.648797
vt 0.7912044 1.644655
v 0.1511793 0.1705222 1.387779E-19
vt 0.7734375 1.638133
vn -0.3994141 -0.9165039 0
v 0.1515082 0.1701837 -0.00778933
vt 0.7900327 1.638934
vn -0.208374 -0.9746094 0.08129883
v 0.146951 0.1701846 -0.01586029
vt 0.8069721 1.629242
vn -0.2492676 -0.9492188 0.1898193
vt 0.8112751 1.632915
v 0.1496734 0.1704386 -0.007385219
vt 0.7891749 1.635016
vn -0.4130859 -0.8935547 0.1737061
v 0.1464045 0.1739782 1.387779E-19
vt 0.7734379 1.625954
vn -0.4716797 -0.8813477 0
v 0.1452336 0.1711911 -0.01409106
vt 0.8030277 1.625327
vn -0.4067383 -0.8837891 0.230957
v 0.1397847 0.1768848 1.387779E-19
vt 0.7734379 1.611556
vn -0.2617188 -0.9648438 0
v 0.1397872 0.1750058 -0.0103628
vt 0.7943714 1.612451
vn -0.2924805 -0.9272461 0.2333984
v 0.1257449 0.1801546 1.387779E-19
vt 0.7734377 1.583222
vn -0.1738281 -0.984375 0
v 0.1397891 0.1720922 -0.01856975
vt 0.8119457 1.613712
vn -0.2768555 -0.8916016 0.3571777
v 0.1257607 0.1778667 -0.01389269
vt 0.8010331 1.583884
vn -0.1867676 -0.949707 0.2495117
v 0.1086623 0.1823094 1.387779E-19
vt 0.7734379 1.549716
vn -0.1034546 -0.9946289 0
v 0.1397886 0.1702284 -0.02295137
vt 0.8216659 1.614427
vn -0.2310791 -0.909668 0.3444824
vt 0.8275464 1.614607
v 0.1257546 0.1734675 -0.02483692
vt 0.8244532 1.585144
vn -0.2027588 -0.8896484 0.4082031
v 0.1257754 0.1704708 -0.03016829
vt 0.8367473 1.586078
vn -0.170166 -0.8950195 0.4116211
vt 0.8440689 1.586323
v 0.1086532 0.1799358 -0.01695095
vt 0.8067217 1.550028
vn -0.1146851 -0.9599609 0.2536621
v 0.1086495 0.1748013 -0.02874961
vt 0.832031 1.550875
vn -0.130127 -0.887207 0.4421387
v 0.1086539 0.1706695 -0.03522362
vt 0.8473666 1.551638
vn -0.1133423 -0.8842773 0.4521484
vt 0.8556022 1.551796
v 0.09105802 0.1810247 -0.01835416
vt 0.8092585 1.515733
vn -0.02464294 -0.9692383 0.243042
v 0.09105363 0.1709363 -0.03811688
vt 0.8531173 1.516228
vn -0.0395813 -0.8764648 0.4790039
vt 0.8618397 1.516274
vt 0.8598967 1.47878
v 0.0910572 0.1758255 -0.03066381
vt 0.8353786 1.515959
vn -0.04135132 -0.8920898 0.4489746
v 0.07241594 0.1711775 -0.03730966
vt 0.8513969 1.478855
vn 0.0534668 -0.8720703 0.4863281
vt 0.8508839 1.443098
v 0.07239737 0.1765337 -0.02980189
vt 0.8331069 1.47923
vn 0.0617981 -0.9013672 0.4279785
v 0.05465222 0.1715991 -0.03303585
vt 0.8424104 1.443289
vn 0.1189575 -0.887207 0.4453125
vt 0.8364754 1.413356
v 0.07237859 0.1803139 -0.01769851
vt 0.8082736 1.479351
vn 0.06524658 -0.9731445 0.21875
v 0.04106234 0.1726974 -0.02581892
vt 0.8273006 1.416164
vn 0.1020508 -0.9277344 0.3579102
vt 0.8152661 1.39311
v 0.05464999 0.1757232 -0.02579655
vt 0.8257483 1.443979
vn 0.1418457 -0.9111328 0.3864746
v 0.03120966 0.1751387 -0.01800674
vt 0.810246 1.396698
vn 0.0322876 -0.9648438 0.2602539
v 0.04230621 0.1755629 -0.0201912
vt 0.8146746 1.419166
vn 0.149292 -0.9360352 0.3183594
v 0.02898178 0.1764368 -0.01016536
vt 0.7940511 1.392355
vn 0.05230713 -0.9931641 0.100769
vt 0.7964008 1.378179
v 0.05464987 0.1789805 -0.01568266
vt 0.8046559 1.444357
vn 0.1264648 -0.9726563 0.1925049
v 0.04162049 0.1774041 -0.0118621
vt 0.7973959 1.417972
vn 0.142334 -0.9790039 0.1427002
v 0.02761416 0.1767061 1.387779E-19
vt 0.7734381 1.389617
vn 0.05181885 -0.9985352 0
vt 0.7734381 1.373163
vt 0.7504763 1.378178
v 0.04070158 0.1784215 1.387779E-19
vt 0.7734379 1.416258
vn 0.1375732 -0.9902344 0
v 0.02898178 0.1764368 0.01016536
vt 0.7528253 1.392355
vn 0.05230713 -0.9931641 -0.100769
vt 0.7316091 1.393108
v 0.05464959 0.1808408 1.387779E-19
vt 0.7734375 1.444582
vn 0.1260986 -0.9916992 0
v 0.04162049 0.1774041 0.0118621
vt 0.7494792 1.417972
vn 0.142334 -0.9790039 -0.1427002
v 0.03120966 0.1751387 0.01800674
vt 0.736629 1.396697
vn 0.0322876 -0.9648438 -0.2602539
v 0.07237131 0.1829527 1.387779E-19
vt 0.7734382 1.479502
vn 0.07092285 -0.9970703 0
v 0.05464987 0.1789805 0.01568266
vt 0.7422187 1.444358
vn 0.1264648 -0.9726563 -0.1925049
v 0.04230621 0.1755629 0.0201912
vt 0.7321996 1.419165
vn 0.149292 -0.9360352 -0.3183594
v 0.04106234 0.1726974 0.02581892
vt 0.7195741 1.416163
vn 0.1020508 -0.9277344 -0.3579102
vt 0.7103991 1.413355
v 0.05464999 0.1757232 0.02579655
vt 0.7211257 1.443979
vn 0.1418457 -0.9111328 -0.3864746
v 0.05465222 0.1715991 0.03303585
vt 0.7044624 1.443288
vn 0.1189575 -0.887207 -0.4453125
v 0.07239737 0.1765337 0.02980189
vt 0.7137668 1.479231
vn 0.0617981 -0.9013672 -0.4279785
v 0.07237859 0.1803139 0.01769851
vt 0.7386006 1.479352
vn 0.06524658 -0.9731445 -0.21875
v 0.09105802 0.1810247 0.01835416
vt 0.7376164 1.515734
vn -0.02464294 -0.9692383 -0.243042
v 0.09105765 0.1837133 1.387779E-19
vt 0.7734375 1.515625
vn -0.01477814 -0.9995117 0
o pm0812_00_00_body_c_mesh_shape_body_b
g polygon_0
usemtl body_b
f 67/60/67 68/61/68 69/62/69
f 69/62/69 68/61/68 70/63/70
f 69/62/69 70/63/70 71/64/71
f 72/65/72 70/63/70 68/61/68
f 71/64/71 70/63/70 73/66/73
f 71/64/71 73/66/73 74/67/74
f 75/68/75 70/63/70 72/65/72
f 75/68/75 73/66/73 70/63/70
f 75/68/75 72/65/72 76/69/76
f 76/69/76 72/65/72 77/70/77
f 78/71/78 73/66/73 75/68/75
f 76/69/76 77/70/77 79/72/79
f 79/72/79 77/70/77 80/73/80
f 81/74/81 75/68/75 76/69/76
f 78/71/78 75/68/75 81/74/81
f 82/75/82 76/69/76 79/72/79
f 81/74/81 76/69/76 82/75/82
f 79/72/79 80/73/80 83/76/83
f 83/76/83 80/73/80 84/77/84
f 85/78/85 83/76/83 84/77/84
f 86/79/86 79/72/79 83/76/83
f 82/75/82 79/72/79 86/79/86
f 87/80/87 83/76/83 85/78/85
f 87/80/87 86/79/86 83/76/83
f 85/78/85 88/81/88 87/80/87
f 87/80/87 88/81/88 89/82/89
f 88/81/88 90/83/90 89/82/89
f 89/82/89 90/83/90 91/84/91
f 92/85/92 86/79/86 87/80/87
f 87/80/87 89/82/89 92/85/92
f 89/82/89 91/84/91 93/86/93
f 92/85/92 89/82/89 93/86/93
f 93/86/93 91/84/91 94/87/94
f 92/85/92 95/88/95 86/79/86
f 95/88/95 82/75/82 86/79/86
f 92/85/92 93/86/93 96/89/96
f 96/89/96 95/88/95 92/85/92
f 93/86/93 94/87/94 97/90/97
f 96/89/96 93/86/93 97/90/97
f 97/90/97 94/87/94 98/91/98
f 99/92/99 97/90/97 98/91/98
f 100/93/100 97/90/97 99/92/99
f 100/93/100 96/89/96 97/90/97
f 101/94/101 100/93/100 99/92/99
f 102/95/102 96/89/96 100/93/100
f 96/89/96 102/95/102 95/88/95
f 103/96/103 100/93/100 101/94/101
f 103/96/103 102/95/102 100/93/100
f 104/97/104 103/96/103 101/94/101
f 105/98/105 103/96/103 104/97/104
f 105/98/105 106/99/106 103/96/103
f 106/99/106 102/95/102 103/96/103
f 107/100/107 106/99/106 105/98/105
f 95/88/95 102/95/102 108/101/108
f 102/95/102 106/99/106 108/101/108
f 106/99/106 107/100/107 109/102/109
f 108/101/108 106/99/106 109/102/109
f 109/102/109 107/100/107 110/103/110
f 108/101/108 111/104/111 95/88/95
f 111/104/111 82/75/82 95/88/95
f 111/104/111 81/74/81 82/75/82
f 109/102/109 112/105/112 108/101/108
f 112/105/112 111/104/111 108/101/108
f 110/103/110 113/106/113 109/102/109
f 113/106/113 112/105/112 109/102/109
f 114/107/114 113/106/113 110/103/110
f 115/108/115 113/106/113 114/107/114
f 116/109/116 112/105/112 113/106/113
f 116/109/116 113/106/113 115/108/115
f 117/110/117 111/104/111 112/105/112
f 117/110/117 112/105/112 116/109/116
f 118/111/118 81/74/81 111/104/111
f 118/111/118 111/104/111 117/110/117
f 118/111/118 78/71/78 81/74/81
f 117/110/117 119/112/119 118/111/118
f 119/112/119 78/71/78 118/111/118
f 116/109/116 120/113/120 117/110/117
f 120/113/120 119/112/119 117/110/117
f 115/108/115 121/114/121 116/109/116
f 121/114/121 120/113/120 116/109/116
f 122/115/122 121/114/121 115/108/115
f 123/116/123 78/71/78 119/112/119
f 119/112/119 120/113/120 123/116/123
f 73/66/73 78/71/78 123/116/123
f 74/67/74 73/66/73 123/116/123
f 123/116/123 120/113/120 124/117/124
f 124/117/124 74/67/74 123/116/123
f 120/113/120 121/114/121 124/117/124
f 125/118/125 74/67/74 124/117/124
f 124/117/124 121/114/121 126/119/126
f 126/119/126 125/118/125 124/117/124
f 121/114/121 122/115/122 126/119/126
f 127/120/127 125/118/125 126/119/126
f 126/119/126 122/115/122 128/121/128
f 128/121/128 127/120/127 126/119/126
f 129/122/129 127/120/127 128/121/128
f 90/123/90 130/124/130 91/125/91
f 91/125/91 130/124/130 131/126/131
f 131/126/131 94/127/94 91/125/91
f 132/128/132 131/126/131 130/124/130
f 133/129/133 94/127/94 131/126/131
f 134/130/134 131/126/131 132/128/132
f 133/129/133 131/126/131 134/130/134
f 135/131/135 134/130/134 132/128/132
f 133/129/133 98/132/98 94/127/94
f 134/130/134 135/131/135 136/133/136
f 134/130/134 136/133/136 133/129/133
f 137/134/137 98/132/98 133/129/133
f 133/129/133 136/133/136 137/134/137
f 137/134/137 138/135/138 98/132/98
f 136/133/136 138/135/138 137/134/137
f 98/132/98 138/135/138 99/136/99
f 139/137/139 136/133/136 135/131/135
f 139/137/139 138/135/138 136/133/136
f 135/131/135 140/138/140 139/137/139
f 138/135/138 141/139/141 99/136/99
f 138/135/138 139/137/139 141/139/141
f 140/138/140 141/139/141 139/137/139
f 99/136/99 141/139/141 101/140/101
f 142/141/142 141/139/141 140/138/140
f 141/139/141 142/141/142 101/140/101
f 101/140/101 142/141/142 104/142/104
f 143/143/143 144/144/144 145/145/145
f 146/146/146 144/144/144 143/143/143
f 144/144/144 146/146/146 147/147/147
f 148/148/148 146/146/146 143/143/143
f 147/147/147 146/146/146 149/149/149
f 149/149/149 150/150/150 147/147/147
f 151/151/151 146/146/146 148/148/148
f 146/146/146 151/151/151 149/149/149
f 152/152/152 150/150/150 149/149/149
f 152/152/152 153/153/153 150/150/150
f 149/149/149 151/151/151 154/154/154
f 154/154/154 152/152/152 149/149/149
f 148/148/148 155/155/155 151/151/151
f 151/151/151 155/155/155 154/154/154
f 156/156/156 155/155/155 148/148/148
f 157/157/157 153/153/153 152/152/152
f 152/152/152 154/154/154 157/157/157
f 157/157/157 158/158/158 153/153/153
f 154/154/154 155/155/155 159/159/159
f 157/157/157 154/154/154 159/159/159
f 156/156/156 160/160/160 155/155/155
f 161/161/161 160/160/160 156/156/156
f 155/155/155 162/162/162 159/159/159
f 162/162/162 157/157/157 159/159/159
f 160/160/160 162/162/162 155/155/155
f 163/163/163 158/158/158 157/157/157
f 162/162/162 163/163/163 157/157/157
f 163/163/163 164/164/164 158/158/158
f 160/160/160 165/165/165 162/162/162
f 165/165/165 163/163/163 162/162/162
f 161/161/161 166/166/166 160/160/160
f 166/166/166 165/165/165 160/160/160
f 167/167/167 166/166/166 161/161/161
f 167/167/167 168/168/168 166/166/166
f 168/168/168 165/165/165 166/166/166
f 169/169/169 168/168/168 167/167/167
f 170/170/170 168/168/168 169/169/169
f 171/171/171 165/165/165 168/168/168
f 171/171/171 163/163/163 165/165/165
f 172/172/172 168/168/168 170/170/170
f 172/172/172 171/171/171 168/168/168
f 170/170/170 173/173/173 172/172/172
f 174/174/174 163/163/163 171/171/171
f 174/174/174 164/164/164 163/163/163
f 175/175/175 171/171/171 172/172/172
f 175/175/175 174/174/174 171/171/171
f 172/172/172 173/173/173 176/176/176
f 172/172/172 176/176/176 175/175/175
f 177/177/177 176/176/176 173/173/173
f 178/178/178 164/164/164 174/174/174
f 178/178/178 174/174/174 175/175/175
f 179/179/179 164/164/164 178/178/178
f 175/175/175 176/176/176 180/180/180
f 175/175/175 180/180/180 178/178/178
f 181/181/181 176/176/176 177/177/177
f 181/181/181 180/180/180 176/176/176
f 181/181/181 177/177/177 182/182/182
f 178/178/178 180/180/180 183/183/183
f 181/181/181 183/183/183 180/180/180
f 178/178/178 183/183/183 179/179/179
f 181/181/181 182/182/182 183/183/183
f 179/179/179 183/183/183 184/184/184
f 185/185/185 184/184/184 183/183/183
f 182/182/182 185/185/185 183/183/183
f 186/186/186 187/187/187 182/182/182
f 187/187/187 185/185/185 182/182/182
f 188/188/188 189/189/189 187/187/187
f 189/189/189 185/185/185 187/187/187
f 190/190/190 185/185/185 189/189/189
f 185/185/185 190/190/190 191/191/191
f 191/191/191 190/190/190 192/192/192
f 193/193/193 190/190/190 189/189/189
f 193/193/193 189/189/189 194/194/194
f 192/192/192 190/190/190 195/195/195
f 192/192/192 195/195/195 196/196/196
f 193/193/193 197/197/197 190/190/190
f 190/190/190 197/197/197 195/195/195
f 194/194/194 198/198/198 193/193/193
f 193/193/193 198/198/198 197/197/197
f 199/199/199 198/198/198 194/194/194
f 195/195/195 197/197/197 200/200/200
f 197/197/197 198/198/198 200/200/200
f 198/198/198 199/199/199 201/201/201
f 200/200/200 198/198/198 201/201/201
f 201/201/201 199/199/199 202/202/202
f 195/195/195 200/200/200 203/203/203
f 196/196/196 195/195/195 203/203/203
f 200/200/200 201/201/201 204/204/204
f 203/203/203 200/200/200 204/204/204
f 201/201/201 202/202/202 205/205/205
f 204/204/204 201/201/201 205/205/205
f 205/205/205 202/202/202 206/206/206
f 206/206/206 207/207/207 205/205/205
f 203/203/203 208/208/208 196/196/196
f 204/204/204 208/208/208 203/203/203
f 196/196/196 208/208/208 209/209/209
f 205/205/205 210/210/210 204/204/204
f 210/210/210 208/208/208 204/204/204
f 205/205/205 207/207/207 211/211/211
f 211/211/211 210/210/210 205/205/205
f 212/212/212 211/211/211 207/207/207
f 213/213/213 211/211/211 212/212/212
f 213/213/213 210/210/210 211/211/211
f 214/214/214 213/213/213 212/212/212
f 215/215/215 208/208/208 210/210/210
f 215/215/215 210/210/210 213/213/213
f 216/216/216 209/209/209 208/208/208
f 216/216/216 208/208/208 215/215/215
f 217/217/217 209/209/209 216/216/216
f 218/218/218 213/213/213 214/214/214
f 218/218/218 215/215/215 213/213/213
f 214/214/214 219/219/219 218/218/218
f 220/220/220 216/216/216 215/215/215
f 220/220/220 215/215/215 218/218/218
f 221/221/221 217/217/217 216/216/216
f 222/222/222 217/217/217 221/221/221
f 220/220/220 223/223/223 216/216/216
f 216/216/216 223/223/223 221/221/221
f 220/220/220 218/218/218 223/223/223
f 224/224/224 222/222/222 221/221/221
f 223/223/223 224/224/224 221/221/221
f 225/225/225 222/222/222 224/224/224
f 223/223/223 218/218/218 226/226/226
f 223/223/223 226/226/226 224/224/224
f 218/218/218 219/219/219 226/226/226
f 227/227/227 225/225/225 224/224/224
f 224/224/224 226/226/226 227/227/227
f 226/226/226 219/219/219 227/227/227
f 228/228/228 225/225/225 227/227/227
f 227/227/227 219/219/219 229/229/229
f 227/227/227 229/229/229 228/228/228
f 228/228/228 229/229/229 230/230/230
f 67/231/67 231/232/231 68/233/68
f 68/233/68 231/232/231 232/234/232
f 231/232/231 233/235/233 232/234/232
f 232/234/232 72/236/72 68/233/68
f 232/234/232 233/235/233 234/237/234
f 233/235/233 235/238/235 234/237/234
f 236/239/236 72/236/72 232/234/232
f 234/237/234 236/239/236 232/234/232
f 72/236/72 236/239/236 77/240/77
f 234/237/234 235/238/235 237/241/237
f 238/242/238 236/239/236 234/237/234
f 237/241/237 238/242/238 234/237/234
f 77/240/77 236/239/236 239/243/239
f 236/239/236 238/242/238 239/243/239
f 239/243/239 240/244/240 77/240/77
f 77/240/77 240/244/240 80/245/80
f 80/245/80 240/244/240 84/246/84
f 239/243/239 238/242/238 241/247/241
f 84/246/84 240/244/240 242/248/242
f 242/248/242 85/249/85 84/246/84
f 239/243/239 243/250/243 240/244/240
f 240/244/240 243/250/243 242/248/242
f 241/247/241 243/250/243 239/243/239
f 244/251/244 85/249/85 242/248/242
f 85/249/85 244/251/244 88/252/88
f 242/248/242 243/250/243 245/253/245
f 245/253/245 244/251/244 242/248/242
f 88/252/88 244/251/244 246/254/246
f 88/252/88 246/254/246 90/255/90
f 90/255/90 246/254/246 247/256/247
f 244/251/244 248/257/248 246/254/246
f 248/257/248 244/251/244 245/253/245
f 246/254/246 249/258/249 247/256/247
f 246/254/246 248/257/248 249/258/249
f 247/256/247 249/258/249 250/259/250
f 251/260/251 248/257/248 245/253/245
f 249/258/249 252/261/252 250/259/250
f 250/259/250 252/261/252 253/262/253
f 252/261/252 254/263/254 253/262/253
f 248/257/248 255/264/255 249/258/249
f 249/258/249 255/264/255 252/261/252
f 255/264/255 248/257/248 251/260/251
f 256/265/256 254/263/254 252/261/252
f 255/264/255 256/265/256 252/261/252
f 256/265/256 257/266/257 254/263/254
f 258/267/258 256/265/256 255/264/255
f 255/264/255 251/260/251 258/267/258
f 259/268/259 257/266/257 256/265/256
f 258/267/258 259/268/259 256/265/256
f 259/268/259 104/269/104 257/266/257
f 105/270/105 104/269/104 259/268/259
f 260/271/260 105/270/105 259/268/259
f 260/271/260 259/268/259 258/267/258
f 107/272/107 105/270/105 260/271/260
f 258/267/258 261/273/261 260/271/260
f 258/267/258 251/260/251 261/273/261
f 260/271/260 262/274/262 107/272/107
f 260/271/260 261/273/261 262/274/262
f 107/272/107 262/274/262 110/275/110
f 262/274/262 114/276/114 110/275/110
f 263/277/263 114/276/114 262/274/262
f 261/273/261 263/277/263 262/274/262
f 263/277/263 115/278/115 114/276/114
f 261/273/261 251/260/251 264/279/264
f 264/279/264 263/277/263 261/273/261
f 265/280/265 115/278/115 263/277/263
f 264/279/264 265/280/265 263/277/263
f 265/280/265 122/281/122 115/278/115
f 264/279/264 251/260/251 266/282/266
f 251/260/251 245/253/245 266/282/266
f 266/282/266 245/253/245 243/250/243
f 266/282/266 243/250/243 267/283/267
f 266/282/266 267/283/267 264/279/264
f 267/283/267 243/250/243 241/247/241
f 264/279/264 267/283/267 268/284/268
f 268/284/268 265/280/265 264/279/264
f 267/283/267 241/247/241 269/285/269
f 267/283/267 269/285/269 268/284/268
f 269/285/269 241/247/241 238/242/238
f 269/285/269 238/242/238 237/241/237
f 268/284/268 269/285/269 270/286/270
f 269/285/269 237/241/237 270/286/270
f 268/284/268 271/287/271 265/280/265
f 270/286/270 271/287/271 268/284/268
f 271/287/271 122/281/122 265/280/265
f 270/286/270 237/241/237 272/288/272
f 270/286/270 272/288/272 271/287/271
f 235/238/235 272/288/272 237/241/237
f 273/289/273 272/288/272 235/238/235
f 271/287/271 274/290/274 122/281/122
f 271/287/271 272/288/272 274/290/274
f 273/289/273 274/290/274 272/288/272
f 122/281/122 274/290/274 128/291/128
f 275/292/275 274/290/274 273/289/273
f 275/292/275 128/291/128 274/290/274
f 129/293/129 128/291/128 275/292/275
f 247/294/247 130/295/130 90/296/90
f 276/297/276 130/295/130 247/294/247
f 250/298/250 276/297/276 247/294/247
f 130/295/130 276/297/276 132/299/132
f 277/300/277 276/297/276 250/298/250
f 132/299/132 276/297/276 278/301/278
f 277/300/277 278/301/278 276/297/276
f 135/302/135 132/299/132 278/301/278
f 253/303/253 277/300/277 250/298/250
f 278/301/278 279/304/279 135/302/135
f 278/301/278 277/300/277 279/304/279
f 280/305/280 277/300/277 253/303/253
f 279/304/279 277/300/277 280/305/280
f 280/305/280 253/303/253 281/306/281
f 281/306/281 279/304/279 280/305/280
f 281/306/281 253/303/253 254/307/254
f 282/308/282 135/302/135 279/304/279
f 282/308/282 279/304/279 281/306/281
f 135/302/135 282/308/282 140/309/140
f 281/306/281 254/307/254 283/310/283
f 281/306/281 283/310/283 282/308/282
f 282/308/282 283/310/283 140/309/140
f 283/310/283 254/307/254 257/311/257
f 140/309/140 283/310/283 142/312/142
f 257/311/257 142/312/142 283/310/283
f 104/313/104 142/312/142 257/311/257
f 144/314/144 284/315/284 145/316/145
f 285/317/285 284/315/284 144/314/144
f 144/314/144 147/318/147 285/317/285
f 285/317/285 286/319/286 284/315/284
f 285/317/285 147/318/147 287/320/287
f 147/318/147 150/321/150 287/320/287
f 288/322/288 286/319/286 285/317/285
f 287/320/287 288/322/288 285/317/285
f 287/320/287 150/321/150 289/323/289
f 150/321/150 153/324/153 289/323/289
f 290/325/290 288/322/288 287/320/287
f 290/325/290 287/320/287 289/323/289
f 291/326/291 286/319/286 288/322/288
f 290/325/290 291/326/291 288/322/288
f 292/327/292 286/319/286 291/326/291
f 289/323/289 153/324/153 293/328/293
f 293/328/293 290/325/290 289/323/289
f 153/324/153 158/329/158 293/328/293
f 294/330/294 291/326/291 290/325/290
f 294/330/294 290/325/290 293/328/293
f 291/326/291 295/331/295 292/327/292
f 292/327/292 295/331/295 296/332/296
f 294/330/294 297/333/297 291/326/291
f 294/330/294 293/328/293 297/333/297
f 291/326/291 297/333/297 295/331/295
f 293/328/293 158/329/158 298/334/298
f 298/334/298 297/333/297 293/328/293
f 164/335/164 298/334/298 158/329/158
f 299/336/299 295/331/295 297/333/297
f 299/336/299 297/333/297 298/334/298
f 300/337/300 296/332/296 295/331/295
f 300/337/300 295/331/295 299/336/299
f 301/338/301 296/332/296 300/337/300
f 302/339/302 301/338/301 300/337/300
f 300/337/300 299/336/299 302/339/302
f 303/340/303 301/338/301 302/339/302
f 302/339/302 304/341/304 303/340/303
f 299/336/299 298/334/298 305/342/305
f 302/339/302 299/336/299 305/342/305
f 306/343/306 304/341/304 302/339/302
f 305/342/305 306/343/306 302/339/302
f 306/343/306 307/344/307 304/341/304
f 305/342/305 298/334/298 308/345/308
f 308/345/308 298/334/298 164/335/164
f 309/346/309 306/343/306 305/342/305
f 308/345/308 309/346/309 305/342/305
f 310/347/310 307/344/307 306/343/306
f 309/346/309 310/347/310 306/343/306
f 307/344/307 310/347/310 311/348/311
f 164/335/164 312/349/312 308/345/308
f 312/349/312 309/346/309 308/345/308
f 179/350/179 312/349/312 164/335/164
f 313/351/313 310/347/310 309/346/309
f 312/349/312 313/351/313 309/346/309
f 311/348/311 310/347/310 314/352/314
f 314/352/314 310/347/310 313/351/313
f 314/352/314 315/353/315 311/348/311
f 316/354/316 313/351/313 312/349/312
f 314/352/314 313/351/313 316/354/316
f 179/350/179 316/354/316 312/349/312
f 314/352/314 316/354/316 315/353/315
f 184/355/184 316/354/316 179/350/179
f 185/356/185 316/354/316 184/355/184
f 185/356/185 315/353/315 316/354/316
f 317/357/317 315/353/315 318/358/318
f 318/358/318 315/353/315 185/356/185
f 319/359/319 318/358/318 320/360/320
f 185/356/185 320/360/320 318/358/318
f 321/361/321 320/360/320 185/356/185
f 185/356/185 191/362/191 321/361/321
f 192/363/192 321/361/321 191/362/191
f 322/364/322 320/360/320 321/361/321
f 322/364/322 323/365/323 320/360/320
f 324/366/324 321/361/321 192/363/192
f 192/363/192 196/367/196 324/366/324
f 322/364/322 321/361/321 325/368/325
f 324/366/324 325/368/325 321/361/321
f 322/364/322 326/369/326 323/365/323
f 322/364/322 325/368/325 326/369/326
f 323/365/323 326/369/326 327/370/327
f 328/371/328 325/368/325 324/366/324
f 328/371/328 326/369/326 325/368/325
f 329/372/329 327/370/327 326/369/326
f 329/372/329 326/369/326 328/371/328
f 330/373/330 327/370/327 329/372/329
f 324/366/324 331/374/331 328/371/328
f 324/366/324 196/367/196 331/374/331
f 328/371/328 332/375/332 329/372/329
f 328/371/328 331/374/331 332/375/332
f 329/372/329 333/376/333 330/373/330
f 329/372/329 332/375/332 333/376/333
f 330/373/330 333/376/333 334/377/334
f 334/377/334 333/376/333 335/378/335
f 331/374/331 196/367/196 336/379/336
f 331/374/331 336/379/336 332/375/332
f 336/379/336 196/367/196 209/380/209
f 332/375/332 337/381/337 333/376/333
f 332/375/332 336/379/336 337/381/337
f 335/378/335 333/376/333 338/382/338
f 333/376/333 337/381/337 338/382/338
f 338/382/338 339/383/339 335/378/335
f 340/384/340 339/383/339 338/382/338
f 337/381/337 340/384/340 338/382/338
f 339/383/339 340/384/340 341/385/341
f 336/379/336 342/386/342 337/381/337
f 342/386/342 340/384/340 337/381/337
f 341/385/341 340/384/340 343/387/343
f 340/384/340 342/386/342 343/387/343
f 341/385/341 343/387/343 344/388/344
f 345/389/345 342/386/342 336/379/336
f 209/380/209 345/389/345 336/379/336
f 217/390/217 345/389/345 209/380/209
f 343/387/343 342/386/342 346/391/346
f 346/391/346 342/386/342 345/389/345
f 347/392/347 343/387/343 346/391/346
f 345/389/345 347/392/347 346/391/346
f 345/389/345 217/390/217 348/393/348
f 348/393/348 347/392/347 345/389/345
f 348/393/348 217/390/217 222/394/222
f 349/395/349 343/387/343 347/392/347
f 344/388/344 343/387/343 349/395/349
f 347/392/347 348/393/348 350/396/350
f 348/393/348 222/394/222 350/396/350
f 350/396/350 349/395/349 347/392/347
f 350/396/350 222/394/222 225/397/225
f 349/395/349 351/398/351 344/388/344
f 351/398/351 349/395/349 350/396/350
f 225/397/225 351/398/351 350/396/350
f 344/388/344 351/398/351 352/399/352
f 228/400/228 351/398/351 225/397/225
f 351/398/351 228/400/228 352/399/352
f 352/399/352 228/400/228 230/401/230
f 186/402/186 182/403/182 353/404/353
f 353/404/353 182/403/182 354/405/354
f 354/405/354 355/406/355 353/404/353
f 182/403/182 356/407/356 354/405/354
f 182/403/182 357/408/357 356/407/356
f 358/409/358 355/406/355 354/405/354
f 355/406/355 358/409/358 359/410/359
f 357/408/357 360/411/360 356/407/356
f 361/412/361 360/411/360 357/408/357
f 354/405/354 356/407/356 362/413/362
f 356/407/356 360/411/360 362/413/362
f 358/409/358 354/405/354 363/414/363
f 363/414/363 354/405/354 362/413/362
f 359/410/359 358/409/358 364/415/364
f 359/410/359 364/415/364 365/416/365
f 366/417/366 358/409/358 363/414/363
f 364/415/364 358/409/358 366/417/366
f 365/416/365 364/415/364 367/418/367
f 365/416/365 367/418/367 368/419/368
f 369/420/369 364/415/364 366/417/366
f 367/418/367 364/415/364 369/420/369
f 368/419/368 367/418/367 370/421/370
f 371/422/371 367/418/367 369/420/369
f 370/421/370 367/418/367 371/422/371
f 370/421/370 372/423/372 368/419/368
f 370/421/370 371/422/371 372/423/372
f 368/419/368 372/423/372 373/424/373
f 371/422/371 369/420/369 374/425/374
f 372/423/372 375/426/375 373/424/373
f 373/424/373 375/426/375 376/427/376
f 372/423/372 371/422/371 377/428/377
f 372/423/372 377/428/377 375/426/375
f 374/425/374 377/428/377 371/422/371
f 375/426/375 378/429/378 376/427/376
f 376/427/376 378/429/378 379/430/379
f 375/426/375 377/428/377 380/431/380
f 375/426/375 380/431/380 378/429/378
f 381/432/381 379/430/379 378/429/378
f 382/433/382 379/430/379 381/432/381
f 383/434/383 380/431/380 377/428/377
f 383/434/383 377/428/377 374/425/374
f 381/432/381 384/435/384 382/433/382
f 382/433/382 384/435/384 385/436/385
f 385/436/385 384/435/384 386/437/386
f 381/432/381 378/429/378 387/438/387
f 387/438/387 384/435/384 381/432/381
f 378/429/378 380/431/380 388/439/388
f 387/438/387 378/429/378 388/439/388
f 389/440/389 388/439/388 380/431/380
f 389/440/389 380/431/380 383/434/383
f 390/441/390 388/439/388 389/440/389
f 390/441/390 387/438/387 388/439/388
f 383/434/383 391/442/391 389/440/389
f 391/442/391 390/441/390 389/440/389
f 392/443/392 391/442/391 383/434/383
f 374/425/374 392/443/392 383/434/383
f 393/444/393 390/441/390 391/442/391
f 392/443/392 394/445/394 391/442/391
f 394/445/394 393/444/393 391/442/391
f 393/444/393 395/446/395 390/441/390
f 395/446/395 387/438/387 390/441/390
f 396/447/396 395/446/395 393/444/393
f 397/448/397 387/438/387 395/446/395
f 395/446/395 396/447/396 397/448/397
f 398/449/398 387/438/387 397/448/397
f 398/449/398 384/435/384 387/438/387
f 399/450/399 396/447/396 393/444/393
f 399/450/399 393/444/393 394/445/394
f 398/449/398 400/451/400 384/435/384
f 386/437/386 384/435/384 400/451/400
f 401/452/401 400/451/400 398/449/398
f 402/453/402 386/437/386 400/451/400
f 403/454/403 386/437/386 402/453/402
f 403/454/403 402/453/402 404/455/404
f 401/452/401 405/456/405 400/451/400
f 400/451/400 405/456/405 402/453/402
f 401/452/401 398/449/398 406/457/406
f 406/457/406 405/456/405 401/452/401
f 406/457/406 398/449/398 397/448/397
f 404/455/404 402/453/402 407/458/407
f 407/458/407 408/459/408 404/455/404
f 405/456/405 409/460/409 402/453/402
f 402/453/402 409/460/409 407/458/407
f 410/461/410 408/459/408 407/458/407
f 407/458/407 409/460/409 410/461/410
f 408/459/408 410/461/410 411/462/411
f 412/463/412 409/460/409 405/456/405
f 412/463/412 405/456/405 406/457/406
f 411/462/411 410/461/410 413/464/413
f 411/462/411 413/464/413 414/465/414
f 410/461/410 409/460/409 415/466/415
f 414/465/414 413/464/413 416/467/416
f 414/465/414 416/467/416 417/468/417
f 410/461/410 418/469/418 413/464/413
f 415/466/415 418/469/418 410/461/410
f 413/464/413 419/470/419 416/467/416
f 418/469/418 419/470/419 413/464/413
f 417/468/417 416/467/416 420/471/420
f 419/470/419 421/472/421 416/467/416
f 416/467/416 421/472/421 420/471/420
f 422/473/422 417/468/417 420/471/420
f 420/471/420 421/472/421 422/473/422
f 423/474/423 417/468/417 422/473/422
f 419/470/419 424/475/424 421/472/421
f 425/476/425 423/474/423 422/473/422
f 426/477/426 423/474/423 425/476/425
f 422/473/422 421/472/421 427/478/427
f 422/473/422 427/478/427 425/476/425
f 424/475/424 427/478/427 421/472/421
f 428/479/428 426/477/426 425/476/425
f 429/480/429 426/477/426 428/479/428
f 425/476/425 427/478/427 430/481/430
f 425/476/425 430/481/430 428/479/428
f 431/482/431 430/481/430 427/478/427
f 431/482/431 427/478/427 424/475/424
f 428/479/428 430/481/430 432/483/432
f 428/479/428 433/484/433 429/480/429
f 432/483/432 433/484/433 428/479/428
f 429/480/429 433/484/433 434/485/434
f 188/486/188 434/485/434 189/487/189
f 189/487/189 434/485/434 433/484/433
f 433/484/433 435/488/435 189/487/189
f 189/487/189 435/488/435 436/489/436
f 436/489/436 435/488/435 437/490/437
f 438/491/438 435/488/435 433/484/433
f 438/491/438 433/484/433 432/483/432
f 437/490/437 435/488/435 439/492/439
f 438/491/438 439/492/439 435/488/435
f 437/490/437 439/492/439 440/493/440
f 437/490/437 440/493/440 441/494/441
f 442/495/442 439/492/439 438/491/438
f 440/493/440 439/492/439 443/496/443
f 439/492/439 442/495/442 443/496/443
f 441/494/441 440/493/440 444/497/444
f 440/493/440 443/496/443 444/497/444
f 442/495/442 438/491/438 445/498/445
f 445/498/445 438/491/438 432/483/432
f 443/496/443 442/495/442 446/499/446
f 445/498/445 432/483/432 447/500/447
f 447/500/447 432/483/432 430/481/430
f 447/500/447 430/481/430 431/482/431
f 445/498/445 448/501/448 442/495/442
f 442/495/442 448/501/448 446/499/446
f 449/502/449 445/498/445 447/500/447
f 448/501/448 445/498/445 449/502/449
f 450/503/450 447/500/447 431/482/431
f 449/502/449 447/500/447 450/503/450
f 450/503/450 431/482/431 451/504/451
f 451/504/451 431/482/431 424/475/424
f 452/505/452 449/502/449 450/503/450
f 453/506/453 450/503/450 451/504/451
f 452/505/452 450/503/450 453/506/453
f 451/504/451 424/475/424 454/507/454
f 453/506/453 451/504/451 455/508/455
f 455/508/455 451/504/451 454/507/454
f 456/509/456 452/505/452 453/506/453
f 453/506/453 455/508/455 456/509/456
f 454/507/454 424/475/424 457/510/457
f 457/510/457 424/475/424 419/470/419
f 418/469/418 457/510/457 419/470/419
f 458/511/458 457/510/457 418/469/418
f 415/466/415 458/511/458 418/469/418
f 454/507/454 457/510/457 459/512/459
f 459/512/459 457/510/457 458/511/458
f 460/513/460 458/511/458 415/466/415
f 458/511/458 460/513/460 459/512/459
f 409/460/409 460/513/460 415/466/415
f 461/514/461 454/507/454 459/512/459
f 455/508/455 454/507/454 461/514/461
f 459/512/459 460/513/460 462/515/462
f 459/512/459 462/515/462 461/514/461
f 463/516/463 460/513/460 409/460/409
f 463/516/463 462/515/462 460/513/460
f 463/516/463 409/460/409 412/463/412
f 464/517/464 462/515/462 463/516/463
f 412/463/412 464/517/464 463/516/463
f 461/514/461 462/515/462 465/518/465
f 464/517/464 465/518/465 462/515/462
f 455/508/455 461/514/461 466/519/466
f 456/509/456 455/508/455 466/519/466
f 461/514/461 465/518/465 467/520/467
f 466/519/466 461/514/461 467/520/467
f 468/521/468 465/518/465 464/517/464
f 467/520/467 394/445/394 466/519/466
f 469/522/469 464/517/464 412/463/412
f 469/522/469 468/521/468 464/517/464
f 412/463/412 406/457/406 469/522/469
f 466/519/466 394/445/394 470/523/470
f 466/519/466 470/523/470 456/509/456
f 470/523/470 394/445/394 392/443/392
f 467/520/467 399/450/399 394/445/394
f 471/524/471 470/523/470 392/443/392
f 471/524/471 392/443/392 374/425/374
f 472/525/472 399/450/399 467/520/467
f 467/520/467 465/518/465 472/525/472
f 468/521/468 472/525/472 465/518/465
f 472/525/472 473/526/473 399/450/399
f 473/526/473 396/447/396 399/450/399
f 474/527/474 472/525/472 468/521/468
f 474/527/474 473/526/473 472/525/472
f 469/522/469 474/527/474 468/521/468
f 396/447/396 473/526/473 475/528/475
f 474/527/474 475/528/475 473/526/473
f 397/448/397 396/447/396 475/528/475
f 475/528/475 406/457/406 397/448/397
f 476/529/476 474/527/474 469/522/469
f 469/522/469 406/457/406 476/529/476
f 476/529/476 475/528/475 474/527/474
f 476/529/476 406/457/406 475/528/475
f 477/530/477 471/524/471 374/425/374
f 374/425/374 369/420/369 477/530/477
f 369/420/369 366/417/366 477/530/477
f 477/530/477 366/417/366 478/531/478
f 366/417/366 363/414/363 478/531/478
f 479/532/479 471/524/471 477/530/477
f 478/531/478 479/532/479 477/530/477
f 478/531/478 363/414/363 480/533/480
f 363/414/363 362/413/362 480/533/480
f 481/534/481 479/532/479 478/531/478
f 480/533/480 481/534/481 478/531/478
f 479/532/479 482/535/482 471/524/471
f 482/535/482 470/523/470 471/524/471
f 456/509/456 470/523/470 482/535/482
f 483/536/483 482/535/482 479/532/479
f 483/536/483 456/509/456 482/535/482
f 481/534/481 483/536/483 479/532/479
f 484/537/484 456/509/456 483/536/483
f 484/537/484 452/505/452 456/509/456
f 485/538/485 483/536/483 481/534/481
f 485/538/485 484/537/484 483/536/483
f 484/537/484 486/539/486 452/505/452
f 486/539/486 449/502/449 452/505/452
f 487/540/487 484/537/484 485/538/485
f 487/540/487 486/539/486 484/537/484
f 488/541/488 449/502/449 486/539/486
f 487/540/487 488/541/488 486/539/486
f 448/501/448 449/502/449 488/541/488
f 489/542/489 487/540/487 485/538/485
f 485/538/485 481/534/481 489/542/489
f 490/543/490 488/541/488 487/540/487
f 490/543/490 487/540/487 489/542/489
f 488/541/488 491/544/491 448/501/448
f 448/501/448 491/544/491 446/499/446
f 490/543/490 492/545/492 488/541/488
f 488/541/488 492/545/492 491/544/491
f 489/542/489 492/545/492 490/543/490
f 493/546/493 446/499/446 491/544/491
f 443/496/443 446/499/446 493/546/493
f 444/497/444 443/496/443 493/546/493
f 494/547/494 491/544/491 492/545/492
f 493/546/493 491/544/491 494/547/494
f 495/548/495 492/545/492 489/542/489
f 492/545/492 495/548/495 494/547/494
f 489/542/489 481/534/481 496/549/496
f 496/549/496 495/548/495 489/542/489
f 496/549/496 481/534/481 480/533/480
f 494/547/494 495/548/495 497/550/497
f 480/533/480 498/551/498 496/549/496
f 480/533/480 362/413/362 498/551/498
f 499/552/499 495/548/495 496/549/496
f 496/549/496 498/551/498 499/552/499
f 495/548/495 499/552/499 497/550/497
f 362/413/362 360/411/360 498/551/498
f 499/552/499 498/551/498 500/553/500
f 500/553/500 498/551/498 360/411/360
f 497/550/497 499/552/499 500/553/500
f 500/553/500 360/411/360 501/554/501
f 501/554/501 360/411/360 361/412/361
f 361/412/361 502/555/502 501/554/501
f 503/556/503 500/553/500 501/554/501
f 501/554/501 502/555/502 503/556/503
f 497/550/497 500/553/500 503/556/503
f 503/556/503 502/555/502 504/557/504
f 504/557/504 502/555/502 71/558/71
f 71/558/71 74/559/74 504/557/504
f 505/560/505 497/550/497 503/556/503
f 504/557/504 505/560/505 503/556/503
f 494/547/494 497/550/497 505/560/505
f 505/560/505 493/546/493 494/547/494
f 444/497/444 493/546/493 505/560/505
f 504/557/504 74/559/74 506/561/506
f 506/561/506 505/560/505 504/557/504
f 506/561/506 74/559/74 507/562/507
f 506/561/506 507/562/507 505/560/505
f 505/560/505 507/562/507 444/497/444
f 507/562/507 74/559/74 125/563/125
f 441/494/441 444/497/444 507/562/507
f 441/494/441 507/562/507 125/563/125
f 441/564/441 125/565/125 127/566/127
f 441/564/441 127/566/127 508/567/508
f 129/568/129 508/567/508 127/566/127
f 509/569/509 441/564/441 508/567/508
f 509/569/509 437/570/437 441/564/441
f 508/567/508 510/571/510 509/569/509
f 510/571/510 437/570/437 509/569/509
f 129/568/129 511/572/511 508/567/508
f 512/573/512 510/571/510 508/567/508
f 511/572/511 512/573/512 508/567/508
f 510/571/510 513/574/513 437/570/437
f 129/568/129 514/575/514 511/572/511
f 514/575/514 129/568/129 275/576/275
f 515/577/515 275/576/275 273/578/273
f 515/577/515 514/575/514 275/576/275
f 516/579/516 514/575/514 515/577/515
f 516/579/516 515/577/515 517/580/517
f 516/579/516 518/581/518 514/575/514
f 517/580/517 518/581/518 516/579/516
f 519/582/519 511/572/511 514/575/514
f 514/575/514 518/581/518 519/582/519
f 520/583/520 511/572/511 519/582/519
f 520/583/520 512/573/512 511/572/511
f 519/582/519 521/584/521 520/583/520
f 521/584/521 512/573/512 520/583/520
f 522/585/522 519/582/519 518/581/518
f 523/586/523 521/584/521 519/582/519
f 523/586/523 519/582/519 522/585/522
f 524/587/524 512/573/512 521/584/521
f 522/585/522 518/581/518 525/588/525
f 525/588/525 518/581/518 517/580/517
f 521/584/521 523/586/523 526/589/526
f 521/584/521 526/589/526 524/587/524
f 523/586/523 522/585/522 527/590/527
f 526/589/526 523/586/523 527/590/527
f 528/591/528 512/573/512 524/587/524
f 510/571/510 512/573/512 528/591/528
f 510/571/510 528/591/528 513/574/513
f 524/587/524 526/589/526 529/592/529
f 529/592/529 528/591/528 524/587/524
f 527/590/527 530/593/530 526/589/526
f 526/589/526 530/593/530 529/592/529
f 527/590/527 522/585/522 531/594/531
f 525/588/525 531/594/531 522/585/522
f 532/595/532 530/593/530 527/590/527
f 531/594/531 532/595/532 527/590/527
f 529/592/529 530/593/530 533/596/533
f 534/597/534 528/591/528 529/592/529
f 529/592/529 533/596/533 534/597/534
f 528/591/528 534/597/534 513/574/513
f 530/593/530 535/598/535 533/596/533
f 532/595/532 535/598/535 530/593/530
f 534/597/534 533/596/533 536/599/536
f 513/574/513 534/597/534 537/600/537
f 534/597/534 536/599/536 537/600/537
f 513/574/513 537/600/537 538/601/538
f 538/601/538 437/570/437 513/574/513
f 437/570/437 538/601/538 436/602/436
f 533/596/533 539/603/539 536/599/536
f 533/596/533 535/598/535 539/603/539
f 436/602/436 538/601/538 540/604/540
f 189/605/189 436/602/436 540/604/540
f 540/604/540 194/606/194 189/605/189
f 538/601/538 541/607/541 540/604/540
f 538/601/538 537/600/537 541/607/541
f 542/608/542 194/606/194 540/604/540
f 540/604/540 541/607/541 542/608/542
f 199/609/199 194/606/194 542/608/542
f 199/609/199 542/608/542 202/610/202
f 537/600/537 543/611/543 541/607/541
f 537/600/537 536/599/536 543/611/543
f 541/607/541 544/612/544 542/608/542
f 541/607/541 543/611/543 544/612/544
f 202/610/202 542/608/542 545/613/545
f 542/608/542 544/612/544 545/613/545
f 536/599/536 546/614/546 543/611/543
f 536/599/536 539/603/539 546/614/546
f 543/611/543 547/615/547 544/612/544
f 543/611/543 546/614/546 547/615/547
f 544/612/544 548/616/548 545/613/545
f 544/612/544 547/615/547 548/616/548
f 545/613/545 549/617/549 202/610/202
f 545/613/545 548/616/548 549/617/549
f 202/610/202 549/617/549 206/618/206
f 547/615/547 550/619/550 548/616/548
f 551/620/551 206/618/206 549/617/549
f 207/621/207 206/618/206 551/620/551
f 548/616/548 552/622/552 549/617/549
f 549/617/549 552/622/552 551/620/551
f 548/616/548 550/619/550 552/622/552
f 553/623/553 207/621/207 551/620/551
f 212/624/212 207/621/207 553/623/553
f 554/625/554 551/620/551 552/622/552
f 553/623/553 551/620/551 554/625/554
f 550/619/550 554/625/554 552/622/552
f 555/626/555 212/624/212 553/623/553
f 554/625/554 555/626/555 553/623/553
f 214/627/214 212/624/212 555/626/555
f 556/628/556 554/625/554 550/619/550
f 557/629/557 214/627/214 555/626/555
f 219/630/219 214/627/214 557/629/557
f 558/631/558 555/626/555 554/625/554
f 556/628/556 558/631/558 554/625/554
f 557/629/557 555/626/555 559/632/559
f 559/632/559 555/626/555 558/631/558
f 557/629/557 560/633/560 219/630/219
f 219/630/219 560/633/560 229/634/229
f 229/634/229 560/633/560 230/635/230
f 561/636/561 557/629/557 559/632/559
f 560/633/560 557/629/557 561/636/561
f 230/635/230 560/633/560 562/637/562
f 561/636/561 563/638/563 560/633/560
f 560/633/560 563/638/563 562/637/562
f 564/639/564 230/635/230 562/637/562
f 562/637/562 563/638/563 564/639/564
f 352/640/352 230/635/230 564/639/564
f 352/640/352 564/639/564 344/641/344
f 344/641/344 564/639/564 565/642/565
f 565/642/565 341/643/341 344/641/344
f 564/639/564 563/638/563 566/644/566
f 564/639/564 566/644/566 565/642/565
f 561/636/561 567/645/567 563/638/563
f 563/638/563 567/645/567 566/644/566
f 568/646/568 341/643/341 565/642/565
f 568/646/568 339/647/339 341/643/341
f 565/642/565 566/644/566 569/648/569
f 569/648/569 568/646/568 565/642/565
f 566/644/566 567/645/567 570/649/570
f 566/644/566 570/649/570 569/648/569
f 571/650/571 567/645/567 561/636/561
f 561/636/561 559/632/559 571/650/571
f 567/645/567 572/651/572 570/649/570
f 567/645/567 571/650/571 572/651/572
f 571/650/571 559/632/559 573/652/573
f 559/632/559 558/631/558 573/652/573
f 572/651/572 571/650/571 574/653/574
f 571/650/571 573/652/573 574/653/574
f 573/652/573 558/631/558 575/654/575
f 575/654/575 558/631/558 556/628/556
f 574/653/574 573/652/573 576/655/576
f 573/652/573 575/654/575 576/655/576
f 577/656/577 575/654/575 556/628/556
f 576/655/576 575/654/575 577/656/577
f 574/653/574 576/655/576 578/657/578
f 578/657/578 576/655/576 577/656/577
f 572/651/572 574/653/574 579/658/579
f 579/658/579 574/653/574 578/657/578
f 577/656/577 556/628/556 580/659/580
f 580/659/580 556/628/556 550/619/550
f 547/615/547 580/659/580 550/619/550
f 546/614/546 580/659/580 547/615/547
f 539/603/539 580/659/580 546/614/546
f 581/660/581 577/656/577 580/659/580
f 581/660/581 580/659/580 539/603/539
f 578/657/578 577/656/577 581/660/581
f 535/598/535 581/660/581 539/603/539
f 582/661/582 578/657/578 581/660/581
f 582/661/582 581/660/581 535/598/535
f 579/658/579 578/657/578 582/661/582
f 535/598/535 583/662/583 582/661/582
f 579/658/579 582/661/582 584/663/584
f 584/663/584 582/661/582 583/662/583
f 572/651/572 579/658/579 585/664/585
f 585/664/585 579/658/579 584/663/584
f 570/649/570 572/651/572 585/664/585
f 585/664/585 584/663/584 586/665/586
f 570/649/570 585/664/585 587/666/587
f 587/666/587 585/664/585 586/665/586
f 569/648/569 570/649/570 587/666/587
f 586/665/586 584/663/584 588/667/588
f 584/663/584 583/662/583 588/667/588
f 587/666/587 586/665/586 589/668/589
f 586/665/586 588/667/588 589/668/589
f 569/648/569 587/666/587 590/669/590
f 590/669/590 587/666/587 589/668/589
f 590/669/590 568/646/568 569/648/569
f 589/668/589 588/667/588 591/670/591
f 591/670/591 590/669/590 589/668/589
f 588/667/588 583/662/583 592/671/592
f 588/667/588 592/671/592 591/670/591
f 593/672/593 583/662/583 535/598/535
f 593/672/593 592/671/592 583/662/583
f 593/672/593 535/598/535 532/595/532
f 594/673/594 590/669/590 591/670/591
f 594/673/594 568/646/568 590/669/590
f 595/674/595 593/672/593 532/595/532
f 595/674/595 532/595/532 531/594/531
f 596/675/596 593/672/593 595/674/595
f 596/675/596 592/671/592 593/672/593
f 597/676/597 595/674/595 531/594/531
f 597/676/597 531/594/531 525/588/525
f 598/677/598 596/675/596 595/674/595
f 598/677/598 595/674/595 597/676/597
f 596/675/596 599/678/599 592/671/592
f 599/678/599 596/675/596 598/677/598
f 600/679/600 597/676/597 525/588/525
f 600/679/600 525/588/525 517/580/517
f 517/580/517 601/680/601 600/679/600
f 602/681/602 598/677/598 597/676/597
f 602/681/602 597/676/597 600/679/600
f 601/680/601 603/682/603 600/679/600
f 603/682/603 602/681/602 600/679/600
f 320/683/320 603/682/603 601/680/601
f 603/682/603 320/683/320 323/684/323
f 603/682/603 323/684/323 604/685/604
f 604/685/604 602/681/602 603/682/603
f 604/685/604 323/684/323 327/686/327
f 330/687/330 604/685/604 327/686/327
f 605/688/605 598/677/598 602/681/602
f 604/685/604 605/688/605 602/681/602
f 605/688/605 599/678/599 598/677/598
f 606/689/606 604/685/604 330/687/330
f 606/689/606 605/688/605 604/685/604
f 330/687/330 607/690/607 606/689/606
f 334/691/334 607/690/607 330/687/330
f 606/689/606 608/692/608 605/688/605
f 607/690/607 608/692/608 606/689/606
f 608/692/608 599/678/599 605/688/605
f 607/690/607 334/691/334 609/693/609
f 609/693/609 334/691/334 335/694/335
f 608/692/608 607/690/607 610/695/610
f 610/695/610 607/690/607 609/693/609
f 599/678/599 608/692/608 611/696/611
f 611/696/611 608/692/608 610/695/610
f 592/671/592 599/678/599 611/696/611
f 591/670/591 592/671/592 611/696/611
f 591/670/591 611/696/611 594/673/594
f 594/673/594 611/696/611 610/695/610
f 609/693/609 594/673/594 610/695/610
f 612/697/612 594/673/594 609/693/609
f 335/694/335 612/697/612 609/693/609
f 612/697/612 568/646/568 594/673/594
f 339/647/339 612/697/612 335/694/335
f 612/697/612 339/647/339 568/646/568
f 317/698/317 613/699/613 315/700/315
f 315/700/315 613/699/613 614/701/614
f 615/702/615 614/701/614 613/699/613
f 614/701/614 616/703/616 315/700/315
f 315/700/315 616/703/616 617/704/617
f 618/705/618 614/701/614 615/702/615
f 615/702/615 619/706/619 618/705/618
f 616/703/616 620/707/620 617/704/617
f 617/704/617 620/707/620 621/708/621
f 622/709/622 616/703/616 614/701/614
f 622/709/622 620/707/620 616/703/616
f 623/710/623 614/701/614 618/705/618
f 622/709/622 614/701/614 623/710/623
f 618/705/618 619/706/619 624/711/624
f 619/706/619 625/712/625 624/711/624
f 618/705/618 626/713/626 623/710/623
f 624/711/624 626/713/626 618/705/618
f 624/711/624 625/712/625 627/714/627
f 625/712/625 628/715/628 627/714/627
f 624/711/624 629/716/629 626/713/626
f 627/714/627 629/716/629 624/711/624
f 627/714/627 628/715/628 630/717/630
f 627/714/627 631/718/631 629/716/629
f 630/717/630 631/718/631 627/714/627
f 628/715/628 632/719/632 630/717/630
f 632/719/632 631/718/631 630/717/630
f 633/720/633 632/719/632 628/715/628
f 633/720/633 634/721/634 632/719/632
f 635/722/635 634/721/634 633/720/633
f 636/723/636 631/718/631 632/719/632
f 634/721/634 636/723/636 632/719/632
f 637/724/637 629/716/629 631/718/631
f 636/723/636 637/724/637 631/718/631
f 635/722/635 638/725/638 634/721/634
f 639/726/639 638/725/638 635/722/635
f 640/727/640 636/723/636 634/721/634
f 638/725/638 640/727/640 634/721/634
f 640/727/640 641/728/641 636/723/636
f 641/728/641 637/724/637 636/723/636
f 638/725/638 639/726/639 642/729/642
f 642/729/642 639/726/639 643/730/643
f 644/731/644 640/727/640 638/725/638
f 643/730/643 645/732/645 642/729/642
f 646/733/646 645/732/645 643/730/643
f 642/729/642 647/734/647 638/725/638
f 645/732/645 647/734/647 642/729/642
f 638/725/638 647/734/647 644/731/644
f 646/733/646 648/735/648 645/732/645
f 644/731/644 649/736/649 640/727/640
f 649/736/649 641/728/641 640/727/640
f 650/737/650 649/736/649 644/731/644
f 647/734/647 650/737/650 644/731/644
f 651/738/651 641/728/641 649/736/649
f 649/736/649 650/737/650 651/738/651
f 652/739/652 641/728/641 651/738/651
f 652/739/652 637/724/637 641/728/641
f 651/738/651 650/737/650 653/740/653
f 654/741/654 652/739/652 651/738/651
f 651/738/651 653/740/653 654/741/654
f 655/742/655 653/740/653 650/737/650
f 655/742/655 650/737/650 647/734/647
f 656/743/656 653/740/653 655/742/655
f 655/742/655 647/734/647 657/744/657
f 657/744/657 656/743/656 655/742/655
f 657/744/657 647/734/647 658/745/658
f 658/745/658 647/734/647 645/732/645
f 656/743/656 659/746/659 653/740/653
f 654/741/654 653/740/653 659/746/659
f 660/747/660 658/745/658 645/732/645
f 645/732/645 648/735/648 660/747/660
f 661/748/661 658/745/658 660/747/660
f 648/735/648 662/749/662 660/747/660
f 663/750/663 662/749/662 648/735/648
f 664/751/664 662/749/662 663/750/663
f 661/748/661 660/747/660 665/752/665
f 665/752/665 660/747/660 662/749/662
f 666/753/666 658/745/658 661/748/661
f 661/748/661 665/752/665 666/753/666
f 657/744/657 658/745/658 666/753/666
f 667/754/667 662/749/662 664/751/664
f 664/751/664 668/755/668 667/754/667
f 665/752/665 662/749/662 669/756/669
f 669/756/669 662/749/662 667/754/667
f 667/754/667 668/755/668 670/757/670
f 667/754/667 670/757/670 669/756/669
f 671/758/671 670/757/670 668/755/668
f 665/752/665 669/756/669 672/759/672
f 666/753/666 665/752/665 672/759/672
f 673/760/673 670/757/670 671/758/671
f 674/761/674 673/760/673 671/758/671
f 669/756/669 670/757/670 675/762/675
f 676/763/676 673/760/673 674/761/674
f 677/764/677 676/763/676 674/761/674
f 673/760/673 678/765/678 670/757/670
f 670/757/670 678/765/678 675/762/675
f 676/763/676 679/766/679 673/760/673
f 673/760/673 679/766/679 678/765/678
f 680/767/680 676/763/676 677/764/677
f 681/768/681 675/762/675 678/765/678
f 677/764/677 682/769/682 680/767/680
f 683/770/683 682/769/682 677/764/677
f 680/767/680 684/771/684 676/763/676
f 680/767/680 682/769/682 684/771/684
f 676/763/676 684/771/684 679/766/679
f 683/770/683 685/772/685 682/769/682
f 686/773/686 685/772/685 683/770/683
f 684/771/684 682/769/682 687/774/687
f 682/769/682 685/772/685 687/774/687
f 688/775/688 679/766/679 684/771/684
f 684/771/684 687/774/687 688/775/688
f 689/776/689 678/765/678 679/766/679
f 689/776/689 679/766/679 688/775/688
f 681/768/681 678/765/678 689/776/689
f 688/775/688 687/774/687 690/777/690
f 689/776/689 691/778/691 681/768/681
f 687/774/687 692/779/692 690/777/690
f 687/774/687 685/772/685 692/779/692
f 688/775/688 693/780/693 689/776/689
f 693/780/693 691/778/691 689/776/689
f 685/772/685 694/781/694 692/779/692
f 686/773/686 694/781/694 685/772/685
f 695/782/695 694/781/694 686/773/686
f 694/781/694 695/782/695 696/783/696
f 696/783/696 695/782/695 697/784/697
f 692/779/692 694/781/694 698/785/698
f 694/781/694 696/783/696 698/785/698
f 319/786/319 320/787/320 697/784/697
f 697/784/697 320/787/320 696/783/696
f 692/779/692 698/785/698 699/788/699
f 690/777/690 692/779/692 699/788/699
f 320/787/320 700/789/700 696/783/696
f 320/787/320 601/790/601 700/789/700
f 601/790/601 517/791/517 700/789/700
f 698/785/698 696/783/696 701/792/701
f 696/783/696 700/789/700 701/792/701
f 700/789/700 517/791/517 702/793/702
f 700/789/700 702/793/702 701/792/701
f 703/794/703 702/793/702 517/791/517
f 517/791/517 515/795/515 703/794/703
f 698/785/698 701/792/701 704/796/704
f 699/788/699 698/785/698 704/796/704
f 701/792/701 702/793/702 705/797/705
f 704/796/704 701/792/701 705/797/705
f 706/798/706 702/793/702 703/794/703
f 706/798/706 705/797/705 702/793/702
f 703/794/703 515/795/515 707/799/707
f 707/799/707 706/798/706 703/794/703
f 707/799/707 515/795/515 708/800/708
f 708/800/708 515/795/515 273/801/273
f 273/801/273 235/802/235 708/800/708
f 709/803/709 706/798/706 707/799/707
f 708/800/708 235/802/235 710/804/710
f 708/800/708 711/805/711 707/799/707
f 710/804/710 711/805/711 708/800/708
f 711/805/711 709/803/709 707/799/707
f 710/804/710 235/802/235 712/806/712
f 710/804/710 712/806/712 711/805/711
f 712/806/712 235/802/235 233/807/233
f 713/808/713 712/806/712 233/807/233
f 711/805/711 712/806/712 714/809/714
f 713/808/713 714/809/714 712/806/712
f 715/810/715 714/809/714 713/808/713
f 621/708/621 715/810/715 713/808/713
f 621/708/621 620/707/620 715/810/715
f 715/810/715 716/811/716 714/809/714
f 715/810/715 620/707/620 716/811/716
f 714/809/714 717/812/717 711/805/711
f 714/809/714 716/811/716 717/812/717
f 620/707/620 718/813/718 716/811/716
f 718/813/718 620/707/620 622/709/622
f 716/811/716 719/814/719 717/812/717
f 716/811/716 718/813/718 719/814/719
f 711/805/711 717/812/717 720/815/720
f 720/815/720 709/803/709 711/805/711
f 717/812/717 719/814/719 721/816/721
f 717/812/717 721/816/721 720/815/720
f 718/813/718 722/817/722 719/814/719
f 722/817/722 721/816/721 719/814/719
f 718/813/718 622/709/622 723/818/723
f 723/818/723 722/817/722 718/813/718
f 723/818/723 622/709/622 623/710/623
f 723/818/723 623/710/623 724/819/724
f 724/819/724 623/710/623 626/713/626
f 722/817/722 723/818/723 725/820/725
f 725/820/725 723/818/723 724/819/724
f 724/819/724 626/713/626 726/821/726
f 726/821/726 626/713/626 629/716/629
f 726/821/726 629/716/629 637/724/637
f 727/822/727 724/819/724 726/821/726
f 725/820/725 724/819/724 727/822/727
f 728/823/728 726/821/726 637/724/637
f 727/822/727 726/821/726 728/823/728
f 728/823/728 637/724/637 652/739/652
f 729/824/729 727/822/727 728/823/728
f 730/825/730 728/823/728 652/739/652
f 729/824/729 728/823/728 730/825/730
f 730/825/730 652/739/652 654/741/654
f 731/826/731 727/822/727 729/824/729
f 731/826/731 725/820/725 727/822/727
f 729/824/729 730/825/730 732/827/732
f 732/827/732 731/826/731 729/824/729
f 730/825/730 654/741/654 733/828/733
f 732/827/732 730/825/730 733/828/733
f 733/828/733 654/741/654 734/829/734
f 654/741/654 659/746/659 734/829/734
f 733/828/733 735/830/735 732/827/732
f 734/829/734 736/831/736 733/828/733
f 733/828/733 736/831/736 735/830/735
f 734/829/734 659/746/659 737/832/737
f 735/830/735 736/831/736 693/780/693
f 738/833/738 737/832/737 659/746/659
f 738/833/738 659/746/659 656/743/656
f 737/832/737 739/834/739 734/829/734
f 734/829/734 739/834/739 736/831/736
f 740/835/740 738/833/738 656/743/656
f 740/835/740 656/743/656 657/744/657
f 657/744/657 666/753/666 740/835/740
f 741/836/741 737/832/737 738/833/738
f 740/835/740 741/836/741 738/833/738
f 740/835/740 666/753/666 742/837/742
f 742/837/742 741/836/741 740/835/740
f 742/837/742 666/753/666 743/838/743
f 742/837/742 743/838/743 741/836/741
f 743/838/743 666/753/666 672/759/672
f 741/836/741 744/839/744 737/832/737
f 741/836/741 743/838/743 744/839/744
f 737/832/737 744/839/744 739/834/739
f 745/840/745 744/839/744 743/838/743
f 744/839/744 745/840/745 739/834/739
f 672/759/672 745/840/745 743/838/743
f 739/834/739 745/840/745 746/841/746
f 739/834/739 746/841/746 736/831/736
f 747/842/747 745/840/745 672/759/672
f 745/840/745 747/842/747 746/841/746
f 672/759/672 669/756/669 747/842/747
f 736/831/736 746/841/746 691/778/691
f 693/780/693 736/831/736 691/778/691
f 746/841/746 747/842/747 748/843/748
f 746/841/746 748/843/748 691/778/691
f 747/842/747 669/756/669 748/843/748
f 691/778/691 748/843/748 681/768/681
f 748/843/748 669/756/669 675/762/675
f 748/843/748 675/762/675 681/768/681
f 749/844/749 693/780/693 688/775/688
f 749/844/749 735/830/735 693/780/693
f 690/777/690 749/844/749 688/775/688
f 750/845/750 735/830/735 749/844/749
f 732/827/732 735/830/735 750/845/750
f 751/846/751 749/844/749 690/777/690
f 751/846/751 750/845/750 749/844/749
f 699/788/699 751/846/751 690/777/690
f 752/847/752 732/827/732 750/845/750
f 752/847/752 750/845/750 751/846/751
f 753/848/753 751/846/751 699/788/699
f 753/848/753 752/847/752 751/846/751
f 704/796/704 753/848/753 699/788/699
f 754/849/754 732/827/732 752/847/752
f 754/849/754 731/826/731 732/827/732
f 755/850/755 752/847/752 753/848/753
f 755/850/755 754/849/754 752/847/752
f 756/851/756 753/848/753 704/796/704
f 704/796/704 705/797/705 756/851/756
f 755/850/755 753/848/753 757/852/757
f 757/852/757 753/848/753 756/851/756
f 758/853/758 754/849/754 755/850/755
f 757/852/757 758/853/758 755/850/755
f 754/849/754 759/854/759 731/826/731
f 758/853/758 759/854/759 754/849/754
f 759/854/759 725/820/725 731/826/731
f 760/855/760 725/820/725 759/854/759
f 758/853/758 760/855/760 759/854/759
f 722/817/722 725/820/725 760/855/760
f 760/855/760 721/816/721 722/817/722
f 761/856/761 760/855/760 758/853/758
f 761/856/761 758/853/758 757/852/757
f 760/855/760 762/857/762 721/816/721
f 761/856/761 762/857/762 760/855/760
f 757/852/757 762/857/762 761/856/761
f 720/815/720 721/816/721 762/857/762
f 763/858/763 762/857/762 757/852/757
f 762/857/762 763/858/763 720/815/720
f 756/851/756 763/858/763 757/852/757
f 720/815/720 763/858/763 709/803/709
f 764/859/764 763/858/763 756/851/756
f 763/858/763 764/859/764 709/803/709
f 756/851/756 705/797/705 764/859/764
f 709/803/709 764/859/764 706/798/706
f 764/859/764 705/797/705 706/798/706
f 713/860/713 233/861/233 231/862/231
f 713/860/713 231/862/231 765/863/765
f 67/864/67 765/863/765 231/862/231
f 766/865/766 713/860/713 765/863/765
f 766/865/766 621/866/621 713/860/713
f 765/863/765 767/867/767 766/865/766
f 767/867/767 621/866/621 766/865/766
f 768/868/768 765/863/765 67/864/67
f 769/869/769 767/867/767 765/863/765
f 768/868/768 769/869/769 765/863/765
f 767/867/767 770/870/770 621/866/621
f 768/868/768 67/864/67 771/871/771
f 771/871/771 67/864/67 69/872/69
f 502/873/502 69/872/69 71/874/71
f 502/873/502 771/871/771 69/872/69
f 772/875/772 771/871/771 502/873/502
f 772/875/772 502/873/502 361/876/361
f 772/875/772 773/877/773 771/871/771
f 361/876/361 773/877/773 772/875/772
f 771/871/771 774/878/774 768/868/768
f 771/871/771 773/877/773 774/878/774
f 768/868/768 774/878/774 775/879/775
f 775/879/775 769/869/769 768/868/768
f 774/878/774 776/880/776 775/879/775
f 776/880/776 769/869/769 775/879/775
f 777/881/777 774/878/774 773/877/773
f 778/882/778 776/880/776 774/878/774
f 778/882/778 774/878/774 777/881/777
f 779/883/779 769/869/769 776/880/776
f 773/877/773 780/884/780 777/881/777
f 773/877/773 361/876/361 780/884/780
f 776/880/776 778/882/778 781/885/781
f 776/880/776 781/885/781 779/883/779
f 778/882/778 777/881/777 782/886/782
f 781/885/781 778/882/778 782/886/782
f 780/884/780 783/887/783 777/881/777
f 782/886/782 777/881/777 783/887/783
f 784/888/784 780/884/780 361/876/361
f 361/876/361 357/889/357 784/888/784
f 785/890/785 783/887/783 780/884/780
f 784/888/784 785/890/785 780/884/780
f 357/889/357 786/891/786 784/888/784
f 182/892/182 786/891/786 357/889/357
f 786/891/786 182/892/182 177/893/177
f 786/891/786 787/894/787 784/888/784
f 787/894/787 785/890/785 784/888/784
f 786/891/786 177/893/177 788/895/788
f 788/895/788 787/894/787 786/891/786
f 788/895/788 177/893/177 173/896/173
f 170/897/170 788/895/788 173/896/173
f 789/898/789 788/895/788 170/897/170
f 170/897/170 169/899/169 789/898/789
f 788/895/788 790/900/790 787/894/787
f 789/898/789 790/900/790 788/895/788
f 787/894/787 791/901/791 785/890/785
f 790/900/790 791/901/791 787/894/787
f 791/901/791 792/902/792 785/890/785
f 785/890/785 792/902/792 783/887/783
f 790/900/790 793/903/793 791/901/791
f 792/902/792 794/904/794 783/887/783
f 783/887/783 794/904/794 782/886/782
f 791/901/791 795/905/795 792/902/792
f 793/903/793 795/905/795 791/901/791
f 795/905/795 796/906/796 792/902/792
f 792/902/792 796/906/796 794/904/794
f 795/905/795 793/903/793 797/907/797
f 795/905/795 797/907/797 796/906/796
f 794/904/794 798/908/798 782/886/782
f 782/886/782 798/908/798 781/885/781
f 796/906/796 799/909/799 794/904/794
f 794/904/794 799/909/799 798/908/798
f 781/885/781 798/908/798 800/910/800
f 779/883/779 781/885/781 800/910/800
f 798/908/798 799/909/799 801/911/801
f 800/910/800 798/908/798 801/911/801
f 800/910/800 802/912/802 779/883/779
f 802/912/802 769/869/769 779/883/779
f 767/867/767 769/869/769 802/912/802
f 802/912/802 770/870/770 767/867/767
f 803/913/803 802/912/802 800/910/800
f 802/912/802 803/913/803 770/870/770
f 800/910/800 801/911/801 803/913/803
f 770/870/770 803/913/803 804/914/804
f 803/913/803 801/911/801 805/915/805
f 803/913/803 805/915/805 804/914/804
f 801/911/801 806/916/806 805/915/805
f 801/911/801 799/909/799 806/916/806
f 770/870/770 804/914/804 807/917/807
f 807/917/807 621/866/621 770/870/770
f 621/866/621 807/917/807 617/918/617
f 617/918/617 807/917/807 808/919/808
f 315/920/315 617/918/617 808/919/808
f 808/919/808 311/921/311 315/920/315
f 807/917/807 804/914/804 809/922/809
f 807/917/807 809/922/809 808/919/808
f 810/923/810 311/921/311 808/919/808
f 808/919/808 809/922/809 810/923/810
f 307/924/307 311/921/311 810/923/810
f 307/924/307 810/923/810 304/925/304
f 804/914/804 811/926/811 809/922/809
f 804/914/804 805/915/805 811/926/811
f 809/922/809 812/927/812 810/923/810
f 809/922/809 811/926/811 812/927/812
f 304/925/304 810/923/810 813/928/813
f 810/923/810 812/927/812 813/928/813
f 304/925/304 813/928/813 303/929/303
f 805/915/805 814/930/814 811/926/811
f 805/915/805 806/916/806 814/930/814
f 811/926/811 815/931/815 812/927/812
f 811/926/811 814/930/814 815/931/815
f 812/927/812 816/932/816 813/928/813
f 812/927/812 815/931/815 816/932/816
f 303/929/303 813/928/813 817/933/817
f 813/928/813 816/932/816 817/933/817
f 818/934/818 303/929/303 817/933/817
f 301/935/301 303/929/303 818/934/818
f 816/932/816 819/936/819 817/933/817
f 817/933/817 819/936/819 818/934/818
f 815/931/815 820/937/820 816/932/816
f 816/932/816 820/937/820 819/936/819
f 814/930/814 821/938/821 815/931/815
f 815/931/815 821/938/821 820/937/820
f 806/916/806 821/938/821 814/930/814
f 819/936/819 820/937/820 822/939/822
f 819/936/819 822/939/822 818/934/818
f 820/937/820 821/938/821 823/940/823
f 822/939/822 820/937/820 823/940/823
f 818/934/818 824/941/824 301/935/301
f 818/934/818 822/939/822 824/941/824
f 301/935/301 824/941/824 296/942/296
f 825/943/825 296/942/296 824/941/824
f 822/939/822 825/943/825 824/941/824
f 292/944/292 296/942/296 825/943/825
f 822/939/822 823/940/823 826/945/826
f 826/945/826 825/943/825 822/939/822
f 827/946/827 292/944/292 825/943/825
f 286/947/286 292/944/292 827/946/827
f 828/948/828 825/943/825 826/945/826
f 827/946/827 825/943/825 828/948/828
f 826/945/826 823/940/823 829/949/829
f 827/946/827 830/950/830 286/947/286
f 286/947/286 830/950/830 284/951/284
f 284/951/284 830/950/830 145/952/145
f 823/940/823 831/953/831 829/949/829
f 823/940/823 821/938/821 831/953/831
f 832/954/832 826/945/826 829/949/829
f 828/948/828 826/945/826 832/954/832
f 829/949/829 831/953/831 833/955/833
f 832/954/832 829/949/829 833/955/833
f 821/938/821 834/956/834 831/953/831
f 834/956/834 821/938/821 806/916/806
f 799/909/799 834/956/834 806/916/806
f 831/953/831 835/957/835 833/955/833
f 831/953/831 834/956/834 835/957/835
f 836/958/836 832/954/832 833/955/833
f 833/955/833 835/957/835 836/958/836
f 837/959/837 834/956/834 799/909/799
f 834/956/834 837/959/837 835/957/835
f 838/960/838 832/954/832 836/958/836
f 838/960/838 828/948/828 832/954/832
f 835/957/835 839/961/839 836/958/836
f 835/957/835 837/959/837 839/961/839
f 840/962/840 838/960/838 836/958/836
f 836/958/836 839/961/839 840/962/840
f 841/963/841 828/948/828 838/960/838
f 841/963/841 827/946/827 828/948/828
f 830/950/830 827/946/827 841/963/841
f 838/960/838 842/964/842 841/963/841
f 842/964/842 838/960/838 840/962/840
f 841/963/841 843/965/843 830/950/830
f 841/963/841 842/964/842 843/965/843
f 830/950/830 843/965/843 844/966/844
f 145/952/145 830/950/830 844/966/844
f 845/967/845 145/952/145 844/966/844
f 844/966/844 843/965/843 845/967/845
f 143/968/143 145/952/145 845/967/845
f 143/968/143 845/967/845 148/969/148
f 843/965/843 842/964/842 846/970/846
f 845/967/845 843/965/843 846/970/846
f 148/969/148 845/967/845 847/971/847
f 845/967/845 846/970/846 847/971/847
f 847/971/847 156/972/156 148/969/148
f 846/970/846 842/964/842 848/973/848
f 842/964/842 840/962/840 848/973/848
f 847/971/847 846/970/846 849/974/849
f 846/970/846 848/973/848 849/974/849
f 850/975/850 156/972/156 847/971/847
f 849/974/849 850/975/850 847/971/847
f 850/975/850 161/976/161 156/972/156
f 848/973/848 840/962/840 851/977/851
f 839/961/839 851/977/851 840/962/840
f 849/974/849 848/973/848 852/978/852
f 848/973/848 851/977/851 852/978/852
f 853/979/853 851/977/851 839/961/839
f 837/959/837 853/979/853 839/961/839
f 852/978/852 851/977/851 854/980/854
f 853/979/853 854/980/854 851/977/851
f 849/974/849 852/978/852 855/981/855
f 855/981/855 850/975/850 849/974/849
f 852/978/852 854/980/854 856/982/856
f 855/981/855 852/978/852 856/982/856
f 857/983/857 854/980/854 853/979/853
f 857/983/857 856/982/856 854/980/854
f 858/984/858 853/979/853 837/959/837
f 858/984/858 857/983/857 853/979/853
f 799/909/799 858/984/858 837/959/837
f 796/906/796 858/984/858 799/909/799
f 796/906/796 797/907/797 858/984/858
f 797/907/797 857/983/857 858/984/858
f 859/985/859 856/982/856 857/983/857
f 797/907/797 859/985/859 857/983/857
f 859/985/859 855/981/855 856/982/856
f 860/986/860 859/985/859 797/907/797
f 797/907/797 793/903/793 860/986/860
f 861/987/861 855/981/855 859/985/859
f 860/986/860 861/987/861 859/985/859
f 861/987/861 850/975/850 855/981/855
f 793/903/793 862/988/862 860/986/860
f 862/988/862 793/903/793 790/900/790
f 789/898/789 862/988/862 790/900/790
f 860/986/860 862/988/862 863/989/863
f 863/989/863 861/987/861 860/986/860
f 864/990/864 862/988/862 789/898/789
f 862/988/862 864/990/864 863/989/863
f 789/898/789 169/899/169 864/990/864
f 863/989/863 864/990/864 865/991/865
f 864/990/864 169/899/169 865/991/865
f 863/989/863 865/991/865 861/987/861
f 865/991/865 169/899/169 167/992/167
f 861/987/861 865/991/865 866/993/866
f 865/991/865 167/992/167 866/993/866
f 866/993/866 850/975/850 861/987/861
f 866/993/866 167/992/167 161/976/161
f 866/993/866 161/976/161 850/975/850
f 186/994/186 867/995/867 187/996/187
f 187/996/187 867/995/867 188/997/188
f 868/998/868 867/995/867 186/994/186
f 186/994/186 353/999/353 868/998/868
f 188/997/188 867/995/867 869/1000/869
f 869/1000/869 434/1001/434 188/997/188
f 868/998/868 870/1002/870 867/995/867
f 870/1002/870 869/1000/869 867/995/867
f 868/998/868 353/999/353 871/1003/871
f 872/1004/872 434/1001/434 869/1000/869
f 353/999/353 873/1005/873 871/1003/871
f 355/1006/355 873/1005/873 353/999/353
f 871/1003/871 874/1007/874 868/998/868
f 873/1005/873 874/1007/874 871/1003/871
f 874/1007/874 875/1008/875 868/998/868
f 875/1008/875 870/1002/870 868/998/868
f 355/1006/355 876/1009/876 873/1005/873
f 359/1010/359 876/1009/876 355/1006/355
f 874/1007/874 873/1005/873 877/1011/877
f 877/1011/877 873/1005/873 876/1009/876
f 875/1008/875 874/1007/874 878/1012/878
f 878/1012/878 874/1007/874 877/1011/877
f 876/1009/876 359/1010/359 879/1013/879
f 879/1013/879 359/1010/359 365/1014/365
f 877/1011/877 876/1009/876 880/1015/880
f 880/1015/880 876/1009/876 879/1013/879
f 879/1013/879 365/1014/365 881/1016/881
f 881/1016/881 365/1014/365 368/1017/368
f 368/1017/368 373/1018/373 881/1016/881
f 882/1019/882 879/1013/879 881/1016/881
f 880/1015/880 879/1013/879 882/1019/882
f 881/1016/881 373/1018/373 883/1020/883
f 881/1016/881 883/1020/883 882/1019/882
f 373/1018/373 376/1021/376 883/1020/883
f 884/1022/884 880/1015/880 882/1019/882
f 883/1020/883 376/1021/376 885/1023/885
f 376/1021/376 379/1024/379 885/1023/885
f 882/1019/882 883/1020/883 886/1025/886
f 883/1020/883 885/1023/885 886/1025/886
f 882/1019/882 886/1025/886 884/1022/884
f 885/1023/885 379/1024/379 887/1026/887
f 382/1027/382 887/1026/887 379/1024/379
f 886/1025/886 885/1023/885 888/1028/888
f 885/1023/885 887/1026/887 888/1028/888
f 884/1022/884 886/1025/886 889/1029/889
f 886/1025/886 888/1028/888 889/1029/889
f 890/1030/890 887/1026/887 382/1027/382
f 382/1027/382 385/1031/385 890/1030/890
f 888/1028/888 887/1026/887 891/1032/891
f 890/1030/890 891/1032/891 887/1026/887
f 889/1029/889 888/1028/888 892/1033/892
f 888/1028/888 891/1032/891 892/1033/892
f 893/1034/893 891/1032/891 890/1030/890
f 892/1033/892 891/1032/891 894/1035/894
f 893/1034/893 894/1035/894 891/1032/891
f 893/1034/893 890/1030/890 895/1036/895
f 895/1036/895 894/1035/894 893/1034/893
f 890/1030/890 385/1031/385 896/1037/896
f 895/1036/895 890/1030/890 896/1037/896
f 896/1037/896 385/1031/385 897/1038/897
f 897/1038/897 385/1031/385 386/1039/386
f 403/1040/403 897/1038/897 386/1039/386
f 895/1036/895 896/1037/896 898/1041/898
f 898/1041/898 896/1037/896 897/1038/897
f 899/1042/899 897/1038/897 403/1040/403
f 897/1038/897 899/1042/899 898/1041/898
f 899/1042/899 403/1040/403 900/1043/900
f 900/1043/900 403/1040/403 404/1044/404
f 898/1041/898 899/1042/899 901/1045/901
f 900/1043/900 901/1045/901 899/1042/899
f 895/1036/895 898/1041/898 902/1046/902
f 901/1045/901 902/1046/902 898/1041/898
f 902/1046/902 894/1035/894 895/1036/895
f 903/1047/903 901/1045/901 900/1043/900
f 902/1046/902 904/1048/904 894/1035/894
f 901/1045/901 905/1049/905 902/1046/902
f 902/1046/902 905/1049/905 904/1048/904
f 903/1047/903 905/1049/905 901/1045/901
f 906/1050/906 894/1035/894 904/1048/904
f 904/1048/904 905/1049/905 906/1050/906
f 892/1033/892 894/1035/894 906/1050/906
f 903/1047/903 907/1051/907 905/1049/905
f 900/1043/900 907/1051/907 903/1047/903
f 906/1050/906 905/1049/905 908/1052/908
f 905/1049/905 907/1051/907 908/1052/908
f 909/1053/909 892/1033/892 906/1050/906
f 906/1050/906 908/1052/908 909/1053/909
f 889/1029/889 892/1033/892 909/1053/909
f 910/1054/910 907/1051/907 900/1043/900
f 404/1044/404 910/1054/910 900/1043/900
f 408/1055/408 910/1054/910 404/1044/404
f 908/1052/908 907/1051/907 911/1056/911
f 907/1051/907 910/1054/910 911/1056/911
f 910/1054/910 408/1055/408 912/1057/912
f 911/1056/911 910/1054/910 912/1057/912
f 912/1057/912 408/1055/408 411/1058/411
f 908/1052/908 911/1056/911 913/1059/913
f 909/1053/909 908/1052/908 913/1059/913
f 911/1056/911 912/1057/912 914/1060/914
f 913/1059/913 911/1056/911 914/1060/914
f 912/1057/912 411/1058/411 915/1061/915
f 914/1060/914 912/1057/912 915/1061/915
f 915/1061/915 411/1058/411 414/1062/414
f 913/1059/913 914/1060/914 916/1063/916
f 915/1061/915 414/1062/414 917/1064/917
f 917/1064/917 414/1062/414 417/1065/417
f 423/1066/423 917/1064/917 417/1065/417
f 914/1060/914 915/1061/915 918/1067/918
f 918/1067/918 915/1061/915 917/1064/917
f 916/1063/916 914/1060/914 918/1067/918
f 919/1068/919 917/1064/917 423/1066/423
f 919/1068/919 918/1067/918 917/1064/917
f 426/1069/426 919/1068/919 423/1066/423
f 920/1070/920 918/1067/918 919/1068/919
f 920/1070/920 916/1063/916 918/1067/918
f 921/1071/921 919/1068/919 426/1069/426
f 921/1071/921 920/1070/920 919/1068/919
f 429/1072/429 921/1071/921 426/1069/426
f 922/1073/922 916/1063/916 920/1070/920
f 923/1074/923 921/1071/921 429/1072/429
f 429/1072/429 434/1001/434 923/1074/923
f 923/1074/923 434/1001/434 872/1004/872
f 924/1075/924 920/1070/920 921/1071/921
f 923/1074/923 924/1075/924 921/1071/921
f 924/1075/924 922/1073/922 920/1070/920
f 923/1074/923 872/1004/872 925/1076/925
f 925/1076/925 924/1075/924 923/1074/923
f 925/1076/925 872/1004/872 869/1000/869
f 925/1076/925 926/1077/926 924/1075/924
f 926/1077/926 922/1073/922 924/1075/924
f 925/1076/925 869/1000/869 927/1078/927
f 927/1078/927 926/1077/926 925/1076/925
f 927/1078/927 869/1000/869 870/1002/870
f 870/1002/870 928/1079/928 927/1078/927
f 927/1078/927 928/1079/928 926/1077/926
f 870/1002/870 875/1008/875 928/1079/928
f 928/1079/928 875/1008/875 878/1012/878
f 928/1079/928 929/1080/929 926/1077/926
f 928/1079/928 878/1012/878 929/1080/929
f 926/1077/926 929/1080/929 922/1073/922
f 929/1080/929 878/1012/878 930/1081/930
f 878/1012/878 877/1011/877 930/1081/930
f 930/1081/930 877/1011/877 880/1015/880
f 930/1081/930 880/1015/880 884/1022/884
f 929/1080/929 931/1082/931 922/1073/922
f 929/1080/929 930/1081/930 931/1082/931
f 931/1082/931 930/1081/930 884/1022/884
f 922/1073/922 931/1082/931 916/1063/916
f 884/1022/884 889/1029/889 931/1082/931
f 931/1082/931 913/1059/913 916/1063/916
f 931/1082/931 889/1029/889 909/1053/909
f 909/1053/909 913/1059/913 931/1082/931
f 932/1083/932 633/1084/633 628/1085/628
f 625/1086/625 932/1083/932 628/1085/628
f 933/1087/933 633/1084/633 932/1083/932
f 933/1087/933 635/1088/635 633/1084/633
f 934/1089/934 932/1083/932 625/1086/625
f 619/1090/619 934/1089/934 625/1086/625
f 935/1091/935 933/1087/933 932/1083/932
f 934/1089/934 935/1091/935 932/1083/932
f 936/1092/936 635/1088/635 933/1087/933
f 936/1092/936 639/1093/639 635/1088/635
f 937/1094/937 933/1087/933 935/1091/935
f 937/1094/937 936/1092/936 933/1087/933
f 938/1095/938 639/1093/639 936/1092/936
f 639/1093/639 938/1095/938 643/1096/643
f 939/1097/939 936/1092/936 937/1094/937
f 939/1097/939 938/1095/938 936/1092/936
f 643/1096/643 938/1095/938 940/1098/940
f 940/1098/940 646/1099/646 643/1096/643
f 941/1100/941 938/1095/938 939/1097/939
f 938/1095/938 941/1100/941 940/1098/940
f 942/1101/942 939/1097/939 937/1094/937
f 940/1098/940 941/1100/941 943/1102/943
f 944/1103/944 941/1100/941 939/1097/939
f 944/1103/944 939/1097/939 942/1101/942
f 943/1102/943 941/1100/941 945/1104/945
f 945/1104/945 941/1100/941 944/1103/944
f 943/1102/943 946/1105/946 940/1098/940
f 943/1102/943 945/1104/945 946/1105/946
f 947/1106/947 646/1099/646 940/1098/940
f 940/1098/940 946/1105/946 947/1106/947
f 947/1106/947 948/1107/948 646/1099/646
f 646/1099/646 948/1107/948 648/1108/648
f 948/1107/948 663/1109/663 648/1108/648
f 949/1110/949 947/1106/947 946/1105/946
f 948/1107/948 947/1106/947 949/1110/949
f 950/1111/950 663/1109/663 948/1107/948
f 949/1110/949 950/1111/950 948/1107/948
f 951/1112/951 663/1109/663 950/1111/950
f 664/1113/664 663/1109/663 951/1112/951
f 952/1114/952 950/1111/950 949/1110/949
f 952/1114/952 951/1112/951 950/1111/950
f 946/1105/946 953/1115/953 949/1110/949
f 952/1114/952 949/1110/949 953/1115/953
f 946/1105/946 945/1104/945 953/1115/953
f 954/1116/954 951/1112/951 952/1114/952
f 953/1115/953 945/1104/945 955/1117/955
f 953/1115/953 956/1118/956 952/1114/952
f 953/1115/953 955/1117/955 956/1118/956
f 952/1114/952 956/1118/956 954/1116/954
f 955/1117/955 945/1104/945 957/1119/957
f 957/1119/957 956/1118/956 955/1117/955
f 957/1119/957 945/1104/945 944/1103/944
f 954/1116/954 956/1118/956 958/1120/958
f 954/1116/954 958/1120/958 951/1112/951
f 959/1121/959 956/1118/956 957/1119/957
f 959/1121/959 958/1120/958 956/1118/956
f 957/1119/957 944/1103/944 960/1122/960
f 960/1122/960 959/1121/959 957/1119/957
f 960/1122/960 944/1103/944 942/1101/942
f 951/1112/951 958/1120/958 961/1123/961
f 951/1112/951 961/1123/961 664/1113/664
f 664/1113/664 961/1123/961 668/1124/668
f 962/1125/962 961/1123/961 958/1120/958
f 962/1125/962 958/1120/958 959/1121/959
f 963/1126/963 668/1124/668 961/1123/961
f 963/1126/963 961/1123/961 962/1125/962
f 671/1127/671 668/1124/668 963/1126/963
f 964/1128/964 962/1125/962 959/1121/959
f 964/1128/964 959/1121/959 960/1122/960
f 965/1129/965 963/1126/963 962/1125/962
f 965/1129/965 962/1125/962 964/1128/964
f 966/1130/966 671/1127/671 963/1126/963
f 966/1130/966 963/1126/963 965/1129/965
f 674/1131/674 671/1127/671 966/1130/966
f 967/1132/967 965/1129/965 964/1128/964
f 968/1133/968 674/1131/674 966/1130/966
f 677/1134/677 674/1131/674 968/1133/968
f 968/1133/968 683/1135/683 677/1134/677
f 969/1136/969 966/1130/966 965/1129/965
f 968/1133/968 966/1130/966 969/1136/969
f 969/1136/969 965/1129/965 967/1132/967
f 970/1137/970 683/1135/683 968/1133/968
f 969/1136/969 970/1137/970 968/1133/968
f 970/1137/970 686/1138/686 683/1135/683
f 971/1139/971 970/1137/970 969/1136/969
f 967/1132/967 971/1139/971 969/1136/969
f 972/1140/972 686/1138/686 970/1137/970
f 971/1139/971 972/1140/972 970/1137/970
f 972/1140/972 695/1141/695 686/1138/686
f 973/1142/973 971/1139/971 967/1132/967
f 974/1143/974 695/1141/695 972/1140/972
f 695/1141/695 974/1143/974 697/1144/697
f 975/1145/975 972/1140/972 971/1139/971
f 975/1145/975 974/1143/974 972/1140/972
f 973/1142/973 975/1145/975 971/1139/971
f 697/1144/697 974/1143/974 976/1146/976
f 977/1147/977 974/1143/974 975/1145/975
f 974/1143/974 977/1147/977 976/1146/976
f 978/1148/978 697/1144/697 976/1146/976
f 976/1146/976 977/1147/977 978/1148/978
f 319/1149/319 697/1144/697 978/1148/978
f 979/1150/979 977/1147/977 975/1145/975
f 979/1150/979 975/1145/975 973/1142/973
f 977/1147/977 980/1151/980 978/1148/978
f 980/1151/980 977/1147/977 979/1150/979
f 978/1148/978 981/1152/981 319/1149/319
f 319/1149/319 981/1152/981 318/1153/318
f 318/1153/318 981/1152/981 317/1154/317
f 980/1151/980 982/1155/982 978/1148/978
f 978/1148/978 982/1155/982 981/1152/981
f 317/1154/317 981/1152/981 983/1156/983
f 982/1155/982 983/1156/983 981/1152/981
f 983/1156/983 613/1157/613 317/1154/317
f 982/1155/982 980/1151/980 984/1158/984
f 984/1158/984 980/1151/980 979/1150/979
f 985/1159/985 983/1156/983 982/1155/982
f 982/1155/982 984/1158/984 985/1159/985
f 986/1160/986 613/1157/613 983/1156/983
f 984/1158/984 979/1150/979 987/1161/987
f 987/1161/987 979/1150/979 973/1142/973
f 985/1159/985 984/1158/984 988/1162/988
f 984/1158/984 987/1161/987 988/1162/988
f 989/1163/989 983/1156/983 985/1159/985
f 985/1159/985 988/1162/988 989/1163/989
f 989/1163/989 986/1160/986 983/1156/983
f 990/1164/990 613/1157/613 986/1160/986
f 990/1164/990 986/1160/986 989/1163/989
f 615/1165/615 613/1157/613 990/1164/990
f 989/1163/989 988/1162/988 991/1166/991
f 989/1163/989 991/1166/991 990/1164/990
f 990/1164/990 992/1167/992 615/1165/615
f 990/1164/990 991/1166/991 992/1167/992
f 615/1165/615 992/1167/992 619/1090/619
f 992/1167/992 934/1089/934 619/1090/619
f 992/1167/992 993/1168/993 934/1089/934
f 991/1166/991 993/1168/993 992/1167/992
f 993/1168/993 935/1091/935 934/1089/934
f 988/1162/988 994/1169/994 991/1166/991
f 991/1166/991 994/1169/994 993/1168/993
f 988/1162/988 987/1161/987 994/1169/994
f 993/1168/993 995/1170/995 935/1091/935
f 994/1169/994 995/1170/995 993/1168/993
f 995/1170/995 937/1094/937 935/1091/935
f 942/1101/942 937/1094/937 995/1170/995
f 987/1161/987 996/1171/996 994/1169/994
f 994/1169/994 996/1171/996 995/1170/995
f 996/1171/996 942/1101/942 995/1170/995
f 987/1161/987 973/1142/973 996/1171/996
f 960/1122/960 942/1101/942 996/1171/996
f 996/1171/996 973/1142/973 967/1132/967
f 996/1171/996 964/1128/964 960/1122/960
f 967/1132/967 964/1128/964 996/1171/996
v -1.09926E-19 0.07425874 -1.310157E-10
vt 0.1875 0.4239488
v -8.676372E-20 0.05373187 -0.08610007
vt 0.1874999 0.5898438
vn 0 0.9570313 -0.2895508
v -0.01638655 0.05373187 -0.08327431
vt 0.1559887 0.5844896
vn -0.08728027 0.9560547 -0.279541
v -0.03073706 0.05373834 -0.07616563
vt 0.1282794 0.5710518
vn -0.1618652 0.9526367 -0.2556152
v -0.03586321 0.05373593 -0.07024177
vt 0.1181644 0.5599221
vn -0.2646484 0.9423828 -0.2038574
v -0.0381749 0.05373187 -0.06612088
vt 0.113467 0.5521778
vn -0.151123 0.953125 -0.2617188
v -0.04289955 0.05373593 -0.06617933
vt 0.1044197 0.5519691
vn -0.04418945 0.9423828 -0.3310547
v -0.05059283 0.05373834 -0.06470189
vt 0.0897412 0.5487541
vn -0.1405029 0.9526367 -0.2680664
v -0.06392439 0.05373187 -0.05582833
vt 0.06429738 0.5314443
vn -0.1986084 0.9560547 -0.2154541
v -0.07456484 0.05373187 -0.04305004
vt 0.04396105 0.5068209
vn -0.2507324 0.9570313 -0.1447754
v -0.08031094 0.05373187 -0.02744599
vt 0.03280461 0.4768974
vn -0.2858887 0.9560547 -0.06427002
v -0.0813299 0.05373834 -0.01146374
vt 0.03053683 0.446207
vn -0.3022461 0.9526367 0.01235199
v -0.07876275 0.05373593 -0.00406244
vt 0.03509581 0.4318887
vn -0.3088379 0.9423828 0.1273193
v -0.07634981 0.05373187 1.387779E-19
vt 0.03944483 0.4239471
vn -0.3022461 0.953125 0
v -0.07876275 0.05373593 0.00406244
vt 0.03509569 0.4160104
vn -0.3088379 0.9423828 -0.1273193
v -0.0813299 0.05373834 0.01146374
vt 0.03053689 0.4016896
vn -0.3022461 0.9526367 -0.01235199
v -0.08031094 0.05373187 0.02744599
vt 0.03280461 0.3709999
vn -0.2858887 0.9560547 0.06427002
v -0.07456484 0.05373187 0.04305004
vt 0.04396111 0.3410763
vn -0.2507324 0.9570313 0.1447754
v -0.06392439 0.05373187 0.05582833
vt 0.06429741 0.3164527
vn -0.1986084 0.9560547 0.2154541
v -0.05059283 0.05373834 0.06470189
vt 0.08974132 0.299143
vn -0.1405029 0.9526367 0.2680664
v -0.04289955 0.05373593 0.06617933
vt 0.1044197 0.2959287
vn -0.04418945 0.9423828 0.3310547
v -0.0381749 0.05373187 0.06612088
vt 0.1134673 0.2957186
vn -0.151123 0.953125 0.2617188
v -0.03586321 0.05373593 0.07024177
vt 0.1181644 0.2879758
vn -0.2646484 0.9423828 0.2038574
v -0.03073706 0.05373834 0.07616563
vt 0.1282796 0.2768452
vn -0.1618652 0.9526367 0.2556152
v -0.01638655 0.05373187 0.08327431
vt 0.1559888 0.2634076
vn -0.08728027 0.9560547 0.279541
v -8.676372E-20 0.05373187 0.08610007
vt 0.1875 0.2580535
vn 0 0.9570313 0.2895508
vt 0.8125 0.4239488
vt 0.8125 0.2580535
v 0.01638655 0.05373187 0.08327431
vt 0.8440113 0.2634077
vn 0.08728027 0.9560547 0.279541
v 0.03073706 0.05373834 0.07616563
vt 0.8717206 0.2768457
vn 0.1618652 0.9526367 0.2556152
v 0.03586321 0.05373593 0.07024177
vt 0.8818354 0.287975
vn 0.2646484 0.9423828 0.2038574
v 0.0381749 0.05373187 0.06612088
vt 0.8865331 0.2957197
vn 0.151123 0.953125 0.2617188
v 0.04289955 0.05373593 0.06617933
vt 0.8955802 0.295928
vn 0.04418945 0.9423828 0.3310547
v 0.05059283 0.05373834 0.06470189
vt 0.9102588 0.2991433
vn 0.1405029 0.9526367 0.2680664
v 0.06392439 0.05373187 0.05582833
vt 0.9357026 0.316453
vn 0.1986084 0.9560547 0.2154541
v 0.07456484 0.05373187 0.04305004
vt 0.956039 0.3410764
vn 0.2507324 0.9570313 0.1447754
v 0.08031094 0.05373187 0.02744599
vt 0.9671954 0.3709999
vn 0.2858887 0.9560547 0.06427002
v 0.0813299 0.05373834 0.01146374
vt 0.9694631 0.4016902
vn 0.3022461 0.9526367 -0.01235199
v 0.07876275 0.05373593 0.00406244
vt 0.9649042 0.4160082
vn 0.3088379 0.9423828 -0.1273193
v 0.07634981 0.05373187 1.387779E-19
vt 0.960555 0.4239504
vn 0.3022461 0.953125 0
v 0.07876275 0.05373593 -0.00406244
vt 0.9649044 0.4318867
vn 0.3088379 0.9423828 0.1273193
v 0.0813299 0.05373834 -0.01146374
vt 0.9694631 0.4462076
vn 0.3022461 0.9526367 0.01235199
v 0.08031094 0.05373187 -0.02744599
vt 0.9671954 0.4768974
vn 0.2858887 0.9560547 -0.06427002
v 0.07456484 0.05373187 -0.04305004
vt 0.9560388 0.5068209
vn 0.2507324 0.9570313 -0.1447754
v 0.06392439 0.05373187 -0.05582833
vt 0.9357026 0.5314445
vn 0.1986084 0.9560547 -0.2154541
v 0.05059283 0.05373834 -0.06470189
vt 0.9102587 0.5487541
vn 0.1405029 0.9526367 -0.2680664
v 0.04289955 0.05373593 -0.06617933
vt 0.8955801 0.5519691
vn 0.04418945 0.9423828 -0.3310547
v 0.0381749 0.05373187 -0.06612088
vt 0.886533 0.5521779
vn 0.151123 0.953125 -0.2617188
v 0.03586321 0.05373593 -0.07024177
vt 0.8818353 0.5599221
vn 0.2646484 0.9423828 -0.2038574
v 0.03073706 0.05373834 -0.07616563
vt 0.8717204 0.5710518
vn 0.1618652 0.9526367 -0.2556152
v 0.01638655 0.05373187 -0.08327431
vt 0.8440112 0.5844897
vn 0.08728027 0.9560547 -0.279541
vt 0.8124999 0.5898438
v 0.00819496 0.01478459 0.04289585
vt 0.8015392 0.03264576
vn 0.06268311 -0.3930664 0.9169922
v -9.799331E-20 0.01482301 0.04315583
vt 0.8003988 0.015625
vn 0 -0.3708496 0.9282227
v 0.008124154 0.01388759 0.04250789
vt 0.8035181 0.03232884
vn 0.04299927 -0.8930664 0.4477539
v 3.028903E-20 0.01378379 0.0427726
vt 0.8027189 0.015625
vn 0 -0.8886719 0.4580078
v 0.01362167 0.01394053 0.0418019
vt 0.805396 0.04338449
vn 0.373291 -0.8564453 0.3554688
v 0.01392671 0.01464106 0.04212966
vt 0.8042279 0.04470438
vn 0.6757813 -0.5532227 0.4865723
v 0.007892094 0.01277063 0.03876361
vt 0.811553 0.03156477
vn 0.0352478 -0.980957 0.190918
v 2.642497E-19 0.01259268 0.03896098
vt 0.8109903 0.015625
vn 0 -0.980957 0.192749
v 0.01322638 0.01291667 0.03821703
vt 0.8128994 0.04207969
vn 0.24646 -0.9536133 0.1708984
v 0.01397337 0.01347711 0.03209995
vt 0.8250718 0.0452193
vn 0.7197266 -0.6923828 0.04467773
v 0.007830099 0.01156901 0.03104069
vt 0.8277355 0.03156829
vn 0.04425049 -0.9921875 0.1152344
v -3.200766E-20 0.0111363 0.0288209
vt 0.8321412 0.0156579
vn 0 -0.9941406 0.1073608
v 0.01279354 0.0120448 0.03108009
vt 0.8275222 0.04164559
vn 0.2403564 -0.965332 0.09893799
v 0.01403536 0.01269354 0.0243099
vt 0.8409853 0.04535186
vn 0.2266846 -0.8911133 0.3925781
v 0.007696599 0.01071564 0.02203467
vt 0.8464742 0.03169501
vn 0.0491333 -0.9956055 0.07647705
v 1.010394E-14 0.01034255 0.01783494
vt 0.8550733 0.01570463
vn 0 -0.9985352 0.05279541
v 0.01227456 0.01120432 0.02126017
vt 0.8479896 0.0412609
vn 0.0748291 -0.9887695 0.1290283
v 0.008412273 0.01037319 0.01430192
vt 0.86253 0.03264964
vn 0.01508331 -0.9990234 0.0385437
v 1.916069E-30 0.009854901 0
vt 0.8923389 0.015625
vn 0 -1.000122 0
v 0.02051938 0.0120448 0.02661958
vt 0.8377914 0.05881202
vn -0.03436279 -0.965332 0.2573242
v 0.02081269 0.01347711 0.02815127
vt 0.8334692 0.05922866
vn -0.3210449 -0.6923828 0.6455078
v 0.01529557 0.01071714 0.01766021
vt 0.8557837 0.04728091
vn 0.03964233 -0.9946289 0.09179688
v 0.02648372 0.01291667 0.0305629
vt 0.8303363 0.07133698
vn 0.02479553 -0.9536133 0.2988281
v 0.02952201 0.01464106 0.03312571
vt 0.8238323 0.07764482
vn 0.08343506 -0.5532227 0.8286133
v 0.02296697 0.01156901 0.02230141
vt 0.8467485 0.063411
vn 0.07373047 -0.9916992 0.1037598
v 0.01722377 0.01027189 0.009582763
vt 0.8725375 0.0510323
vn 0.05047607 -0.9980469 0.02700806
v 0.02939068 0.01394053 0.03269766
vt 0.8255551 0.07725698
vn 0.1210938 -0.8564453 0.5009766
v 0.03305141 0.01478459 0.02854497
vt 0.8331374 0.08574206
vn 0.7626953 -0.3930664 0.5126953
v 0.02962422 0.01277063 0.02621656
vt 0.8389146 0.07748806
vn 0.151001 -0.9790039 0.1346436
v 0.03275083 0.01388759 0.02828967
vt 0.8343565 0.08414531
vn 0.3662109 -0.8930664 0.2609863
v 0.03737404 0.01482301 0.02157791
vt 0.8473891 0.09454226
vn 0.8041992 -0.3708496 0.4641113
v 0.02698037 0.01129764 0.01557713
vt 0.8604256 0.07122445
vn 0.1054688 -0.9921875 0.05932617
v 0.03704216 0.01378379 0.0213863
vt 0.8484958 0.09256864
vn 0.3964844 -0.8886719 0.2290039
v 0.0337412 0.01259268 0.01948049
vt 0.8524962 0.08541483
vn 0.1768799 -0.9790039 0.100708
v 0.04087498 0.01388759 0.01421822
vt 0.8630481 0.1002868
vn 0.4091797 -0.8930664 0.1865234
v 0.04124638 0.01478459 0.01435088
vt 0.8623243 0.1021597
vn 0.8256836 -0.3930664 0.4042969
v 0.03751632 0.01277063 0.01254705
vt 0.8663116 0.09291142
vn 0.1896973 -0.9794922 0.06182861
v 0.04301234 0.01394053 0.009104247
vt 0.8735318 0.104221
vn 0.4946289 -0.8564453 -0.1456299
v 0.04344871 0.01464106 0.009003951
vt 0.8741045 0.1058921
vn 0.7592773 -0.5532227 -0.342041
v 0.0397101 0.01291667 0.00765413
vt 0.8760497 0.09704375
vn 0.265625 -0.9555664 -0.1240234
v 0.03478606 0.01347711 0.003948684
vt 0.8847002 0.08799791
vn 0.3991699 -0.6884766 -0.6049805
v 0.03063074 0.01161639 0.008896547
vt 0.8738456 0.07856274
vn 0.1274414 -0.9916992 0.01198578
v 0.03331292 0.0120448 0.004460515
vt 0.8826619 0.08414769
vn 0.2032471 -0.9667969 -0.1540527
v 0.0280632 0.01273386 7.902203E-19
vt 0.8922971 0.07415915
vn 0.458252 -0.8886719 0
v 0.02293088 0.01071564 0.004351884
vt 0.8833423 0.06272668
vn 0.105957 -0.9941406 -0.008331299
v 0.02454913 0.01120432 2.551491E-20
vt 0.8923058 0.06616539
vn 0.1566162 -0.9873047 0
v 0.0186297 0.01043912 0
vt 0.892317 0.05395281
vn 0.04309082 -0.9990234 0
v 0.03331292 0.0120448 -0.004460515
vt 0.9019133 0.08415604
vn 0.2032471 -0.9667969 0.1540527
v 0.03478606 0.01347711 -0.003948684
vt 0.8998658 0.08800232
vn 0.3991699 -0.6884766 0.6049805
v 0.02293088 0.01071564 -0.004351884
vt 0.9012773 0.06273437
vn 0.105957 -0.9941406 0.008331299
v 0.01722377 0.01027189 -0.009582763
vt 0.9121019 0.05104804
vn 0.05050659 -0.9980469 -0.02697754
v 0.0397101 0.01291667 -0.00765413
vt 0.9084951 0.09706342
vn 0.265625 -0.9555664 0.1240234
v 0.04344871 0.01464106 -0.009003951
vt 0.9104199 0.1059154
vn 0.7592773 -0.5532227 0.342041
v 0.03063074 0.01161639 -0.008896547
vt 0.9107453 0.07858276
vn 0.1274414 -0.9916992 -0.01198578
v 0.04301234 0.01394053 -0.009104247
vt 0.910996 0.1042455
vn 0.4946289 -0.8564453 0.1456299
v 0.04124638 0.01478459 -0.01435088
vt 0.9222102 0.1022019
vn 0.8256836 -0.3930664 -0.4042969
v 0.03751632 0.01277063 -0.01254705
vt 0.9182449 0.09294575
vn 0.1896973 -0.9794922 -0.06182861
v 0.04087498 0.01388759 -0.01421822
vt 0.9214906 0.1003277
vn 0.4091797 -0.8930664 -0.1865234
v 0.03737404 0.01482301 -0.02157791
vt 0.937169 0.09460014
vn 0.8041992 -0.3708496 -0.4641113
v 0.02698037 0.01129764 -0.01557713
vt 0.9241924 0.07125562
vn 0.1054688 -0.9921875 -0.05932617
v 0.03704216 0.01378379 -0.0213863
vt 0.9360669 0.09262502
vn 0.3964844 -0.8886719 -0.2290039
v 0.0337412 0.01259268 -0.01948049
vt 0.9320865 0.08546221
vn 0.1768799 -0.9790039 -0.100708
v 0.03275083 0.01388759 -0.02828967
vt 0.95023 0.08420962
vn 0.3662109 -0.8930664 -0.2609863
v 0.03305141 0.01478459 -0.02854497
vt 0.9514444 0.08580923
vn 0.7626953 -0.3930664 -0.5126953
v 0.02962422 0.01277063 -0.02621656
vt 0.9457017 0.07753623
vn 0.151001 -0.9790039 -0.1346436
v 0.02939068 0.01394053 -0.03269766
vt 0.9590484 0.07733238
vn 0.1210938 -0.8564453 -0.5009766
v 0.02952201 0.01464106 -0.03312571
vt 0.9607668 0.07773131
vn 0.08343506 -0.5532227 -0.8286133
v 0.02648372 0.01291667 -0.0305629
vt 0.9543138 0.07137036
vn 0.02479553 -0.9536133 -0.2988281
v 0.02081269 0.01347711 -0.02815127
vt 0.9512627 0.05919003
vn -0.3242188 -0.6884766 -0.6479492
v 0.02296697 0.01156901 -0.02230141
vt 0.937914 0.06345022
vn 0.07373047 -0.9916992 -0.1037598
v 0.02051938 0.0120448 -0.02661958
vt 0.9469261 0.05888045
vn -0.03625488 -0.9648438 -0.2592773
v 0.0140316 0.01273386 -0.02430345
vt 0.943539 0.04530811
vn 0.229126 -0.8886719 -0.3967285
v 0.01529557 0.01071714 -0.01766021
vt 0.9288607 0.04730415
vn 0.03973389 -0.9946289 -0.09179688
v 0.01227456 0.01120432 -0.02126017
vt 0.936628 0.04126155
vn 0.07537842 -0.9882813 -0.1297607
v 0.008498353 0.0103747 -0.01431787
vt 0.9221264 0.03349447
vn 0.01509094 -0.9990234 -0.03860474
v 1.010395E-14 0.01034255 -0.01783494
vt 0.9296178 0.01569575
vn 0 -0.9985352 -0.05267334
v 0.007696599 0.01071564 -0.02203467
vt 0.9381951 0.03170753
vn 0.04901123 -0.9956055 -0.07653809
v -2.78951E-19 0.0111363 -0.0288209
vt 0.9525639 0.01565737
vn 0 -0.9941406 -0.1073608
v 0.01279354 0.0120448 -0.03108009
vt 0.9571984 0.04173928
vn 0.2431641 -0.9648438 -0.09838867
v 0.01397337 0.01347711 -0.03209995
vt 0.9595532 0.04538298
vn 0.7236328 -0.6884766 -0.04321289
v 0.007830099 0.01156901 -0.03104069
vt 0.9569577 0.03162128
vn 0.04425049 -0.9921875 -0.1152344
v -5.752084E-19 0.01259268 -0.03896098
vt 0.9737172 0.015625
vn 0 -0.980957 -0.192749
v 0.01322638 0.01291667 -0.03821703
vt 0.9717543 0.04216576
vn 0.24646 -0.9536133 -0.1708984
v 0.01392671 0.01464106 -0.04212966
vt 0.9804395 0.04474235
vn 0.6757813 -0.5532227 -0.4865723
v 0.007892094 0.01277063 -0.03876361
vt 0.9731252 0.03161061
vn 0.0352478 -0.980957 -0.190918
v -3.412477E-19 0.01378379 -0.0427726
vt 0.9819903 0.015625
vn 0 -0.8886719 -0.4580078
v 0.01362167 0.01394053 -0.0418019
vt 0.9792675 0.04342836
vn 0.373291 -0.8564453 -0.3554688
v 0.00819496 0.01478459 -0.04289585
vt 0.9831334 0.03268051
vn 0.06268311 -0.3930664 -0.9169922
v 0.008124154 0.01388759 -0.04250789
vt 0.9811562 0.0323633
vn 0.04299927 -0.8930664 -0.4477539
v -2.129653E-19 0.01482301 -0.04315583
vt 0.9843107 0.015625
vn 0 -0.3708496 -0.9282227
v -0.00819496 0.01478459 0.04289585
vt 0.1984645 0.03264618
vn -0.06268311 -0.3930664 0.9169922
v -0.008124154 0.01388759 0.04250789
vt 0.1964856 0.03232932
vn -0.04299927 -0.8930664 0.4477539
vt 0.1996048 0.015625
vt 0.1972848 0.015625
v -0.01362167 0.01394053 0.0418019
vt 0.1946077 0.04338515
vn -0.373291 -0.8564453 0.3554688
v -0.01392671 0.01464106 0.04212966
vt 0.1957757 0.04470515
vn -0.6757813 -0.5532227 0.4865723
v -0.007892094 0.01277063 0.03876361
vt 0.1884502 0.03156513
vn -0.0352478 -0.980957 0.190918
vt 0.1890133 0.015625
v -0.01322638 0.01291667 0.03821703
vt 0.1871039 0.0420804
vn -0.24646 -0.9536133 0.1708984
v -0.01397337 0.01347711 0.03209995
vt 0.1749311 0.04522014
vn -0.7197266 -0.6923828 0.04467773
v -0.007830099 0.01156901 0.03104069
vt 0.1722674 0.03156865
vn -0.04425049 -0.9921875 0.1152344
vt 0.1678615 0.01565868
v -0.01279354 0.0120448 0.03108009
vt 0.1724807 0.04164624
vn -0.2403564 -0.965332 0.09893799
v -0.01403536 0.01269354 0.0243099
vt 0.1590173 0.04535264
vn -0.2266846 -0.8911133 0.3925781
v -0.007696599 0.01071564 0.02203467
vt 0.1535281 0.03169549
vn -0.0491333 -0.9956055 0.07647705
vt 0.1449291 0.01570886
v -0.01227456 0.01120432 0.02126017
vt 0.1520129 0.04126149
vn -0.0748291 -0.9887695 0.1290283
v -0.008412273 0.01037319 0.01430192
vt 0.1374718 0.03264964
vn -0.01508331 -0.9990234 0.0385437
vt 0.1076629 0.015625
v -0.02051938 0.0120448 0.02661958
vt 0.1622113 0.05881315
vn 0.03436279 -0.965332 0.2573242
v -0.02081269 0.01347711 0.02815127
vt 0.1665335 0.05922985
vn 0.3210449 -0.6923828 0.6455078
v -0.01529557 0.01071714 0.01766021
vt 0.1442186 0.04728174
vn -0.03964233 -0.9946289 0.09179688
v -0.02648372 0.01291667 0.0305629
vt 0.1696667 0.07133842
vn -0.02479553 -0.9536133 0.2988281
v -0.02952201 0.01464106 0.03312571
vt 0.1761707 0.07764649
vn -0.08343506 -0.5532227 0.8286133
v -0.02296697 0.01156901 0.02230141
vt 0.153254 0.06341231
vn -0.07373047 -0.9916992 0.1037598
v -0.01722377 0.01027189 0.009582763
vt 0.1274642 0.05103326
vn -0.05047607 -0.9980469 0.02700806
v -0.02698037 0.01129764 0.01557713
vt 0.1395766 0.07122594
vn -0.1054688 -0.9921875 0.05932617
v -0.02962422 0.01277063 0.02621656
vt 0.1610881 0.07748973
vn -0.151001 -0.9790039 0.1346436
v -0.02939068 0.01394053 0.03269766
vt 0.174448 0.07725859
vn -0.1210938 -0.8564453 0.5009766
v -0.03305141 0.01478459 0.02854497
vt 0.1668654 0.08574396
vn -0.7626953 -0.3930664 0.5126953
v -0.03275083 0.01388759 0.02828967
vt 0.1656462 0.0841471
vn -0.3662109 -0.8930664 0.2609863
v -0.03737404 0.01482301 0.02157791
vt 0.1526134 0.09454435
vn -0.8041992 -0.3708496 0.4641113
v -0.03704216 0.01378379 0.0213863
vt 0.1515065 0.09257072
vn -0.3964844 -0.8886719 0.2290039
v -0.0337412 0.01259268 0.01948049
vt 0.1475061 0.08541667
vn -0.1768799 -0.9790039 0.100708
v -0.04087498 0.01388759 0.01421822
vt 0.1369538 0.1002891
vn -0.4091797 -0.8930664 0.1865234
v -0.04124638 0.01478459 0.01435088
vt 0.1376778 0.102162
vn -0.8256836 -0.3930664 0.4042969
v -0.03751632 0.01277063 0.01254705
vt 0.1336903 0.09291351
vn -0.1896973 -0.9794922 0.06182861
v -0.04301234 0.01394053 0.009104247
vt 0.1264699 0.1042234
vn -0.4946289 -0.8564453 -0.1456299
v -0.04344871 0.01464106 0.009003951
vt 0.1258971 0.1058945
vn -0.7592773 -0.5532227 -0.342041
v -0.0397101 0.01291667 0.00765413
vt 0.123952 0.09704584
vn -0.265625 -0.9555664 -0.1240234
v -0.03478606 0.01347711 0.003948684
vt 0.1153011 0.08799982
vn -0.3991699 -0.6884766 -0.6049805
v -0.03331292 0.0120448 0.004460515
vt 0.1173396 0.08414936
vn -0.2032471 -0.9667969 -0.1540527
v -0.0280632 0.01273386 -5.126646E-19
vt 0.1077041 0.0741607
vn -0.458252 -0.8886719 0
v -0.03063074 0.01161639 0.008896547
vt 0.1261562 0.07856447
vn -0.1274414 -0.9916992 0.01198578
v -0.02293088 0.01071564 0.004351884
vt 0.1166591 0.06272799
vn -0.105957 -0.9941406 -0.008331299
v -0.02454913 0.01120432 2.520408E-19
vt 0.1076955 0.0661667
vn -0.1566162 -0.9873047 0
v -0.0186297 0.01043912 0
vt 0.1076842 0.05395383
vn -0.04309082 -0.9990234 0
v -0.03331292 0.0120448 -0.004460515
vt 0.09808756 0.08415788
vn -0.2032471 -0.9667969 0.1540527
v -0.03478606 0.01347711 -0.003948684
vt 0.1001352 0.08800423
vn -0.3991699 -0.6884766 0.6049805
v -0.02293088 0.01071564 -0.004351884
vt 0.09872366 0.06273568
vn -0.105957 -0.9941406 0.008331299
v -0.01722377 0.01027189 -0.009582763
vt 0.08789887 0.05104899
vn -0.05050659 -0.9980469 -0.02697754
v -0.0397101 0.01291667 -0.00765413
vt 0.09150572 0.09706557
vn -0.265625 -0.9555664 0.1240234
v -0.04344871 0.01464106 -0.009003951
vt 0.08958103 0.1059178
vn -0.7592773 -0.5532227 0.342041
v -0.03063074 0.01161639 -0.008896547
vt 0.08925529 0.07858443
vn -0.1274414 -0.9916992 -0.01198578
v -0.04301234 0.01394053 -0.009104247
vt 0.08900477 0.1042479
vn -0.4946289 -0.8564453 0.1456299
v -0.04124638 0.01478459 -0.01435088
vt 0.07779039 0.1022043
vn -0.8256836 -0.3930664 -0.4042969
v -0.03751632 0.01277063 -0.01254705
vt 0.08175577 0.09294784
vn -0.1896973 -0.9794922 -0.06182861
v -0.04087498 0.01388759 -0.01421822
vt 0.07850994 0.1003299
vn -0.4091797 -0.8930664 -0.1865234
v -0.03737404 0.01482301 -0.02157791
vt 0.06283094 0.09460235
vn -0.8041992 -0.3708496 -0.4641113
v -0.02698037 0.01129764 -0.01557713
vt 0.07580782 0.07125705
vn -0.1054688 -0.9921875 -0.05932617
v -0.03704216 0.01378379 -0.0213863
vt 0.06393315 0.09262705
vn -0.3964844 -0.8886719 -0.2290039
v -0.0337412 0.01259268 -0.01948049
vt 0.06791367 0.08546412
vn -0.1768799 -0.9790039 -0.100708
v -0.03275083 0.01388759 -0.02828967
vt 0.04976948 0.08421135
vn -0.3662109 -0.8930664 -0.2609863
v -0.03305141 0.01478459 -0.02854497
vt 0.04855539 0.08581114
vn -0.7626953 -0.3930664 -0.5126953
v -0.02962422 0.01277063 -0.02621656
vt 0.054298 0.07753783
vn -0.151001 -0.9790039 -0.1346436
v -0.02939068 0.01394053 -0.03269766
vt 0.04095097 0.07733405
vn -0.1210938 -0.8564453 -0.5009766
v -0.02952201 0.01464106 -0.03312571
vt 0.03923269 0.07773292
vn -0.08343506 -0.5532227 -0.8286133
v -0.02648372 0.01291667 -0.0305629
vt 0.0456859 0.07137185
vn -0.02479553 -0.9536133 -0.2988281
v -0.02081269 0.01347711 -0.02815127
vt 0.04873683 0.05919123
vn 0.3242188 -0.6884766 -0.6479492
v -0.02296697 0.01156901 -0.02230141
vt 0.06208588 0.06345153
vn -0.07373047 -0.9916992 -0.1037598
v -0.02051938 0.0120448 -0.02661958
vt 0.05307348 0.05888164
vn 0.03625488 -0.9648438 -0.2592773
v -0.0140316 0.01273386 -0.02430345
vt 0.05646075 0.04530889
vn -0.229126 -0.8886719 -0.3967285
v -0.01529557 0.01071714 -0.01766021
vt 0.07113941 0.04730487
vn -0.03973389 -0.9946289 -0.09179688
v -0.01227456 0.01120432 -0.02126017
vt 0.06337215 0.04126221
vn -0.07537842 -0.9882813 -0.1297607
v -0.008498353 0.0103747 -0.01431787
vt 0.07787539 0.03349447
vn -0.01509094 -0.9990234 -0.03860474
vt 0.07038255 0.01569992
v -0.007696599 0.01071564 -0.02203467
vt 0.06180502 0.03170788
vn -0.04901123 -0.9956055 -0.07653809
vt 0.04743572 0.01565808
v -0.01279354 0.0120448 -0.03108009
vt 0.04280116 0.04173994
vn -0.2431641 -0.9648438 -0.09838867
v -0.01397337 0.01347711 -0.03209995
vt 0.04044594 0.04538369
vn -0.7236328 -0.6884766 -0.04321289
v -0.007830099 0.01156901 -0.03104069
vt 0.04304178 0.03162175
vn -0.04425049 -0.9921875 -0.1152344
vt 0.02628197 0.015625
v -0.01322638 0.01291667 -0.03821703
vt 0.02824481 0.04216647
vn -0.24646 -0.9536133 -0.1708984
v -0.01392671 0.01464106 -0.04212966
vt 0.01955916 0.04474306
vn -0.6757813 -0.5532227 -0.4865723
v -0.007892094 0.01277063 -0.03876361
vt 0.0268739 0.03161097
vn -0.0352478 -0.980957 -0.190918
vt 0.01800855 0.015625
v -0.01362167 0.01394053 -0.0418019
vt 0.02073146 0.04342908
vn -0.373291 -0.8564453 -0.3554688
v -0.00819496 0.01478459 -0.04289585
vt 0.01686539 0.03268093
vn -0.06268311 -0.3930664 -0.9169922
v -0.008124154 0.01388759 -0.04250789
vt 0.01884247 0.03236365
vn -0.04299927 -0.8930664 -0.4477539
vt 0.01568796 0.015625
v -0.01198081 0.01725202 0.005910071
vt 0.07571071 0.1445313
vn 0.6635742 -0.2607422 0.7006836
v -0.01352745 0.01059868 0.004886858
vt 0.07717061 0.1681587
vn 0.659668 -0.2963867 0.6904297
v -0.009573654 0.01695356 1.387779E-19
vt 0.06159532 0.1445311
vn 0.9580078 -0.2858887 0
v -0.01151999 0.01045963 -3.111526E-11
vt 0.06573671 0.1681587
vn 0.9492188 -0.314209 0
v -0.0183739 0.0109344 0.006911061
vt 0.08713609 0.1681587
vn -0.03387451 -0.2500305 0.9672852
v -0.01779219 0.01797259 0.008358102
vt 0.08665437 0.1445313
vn -0.03814697 -0.1975098 0.9794922
v -0.01486719 0.00579251 0.003555676
vt 0.07965714 0.1831766
vn 0.6313477 -0.421875 0.6499023
v -0.01339891 0.005739621 -5.832213E-11
vt 0.07154399 0.1831766
vn 0.9047852 -0.425293 0
v -0.01841193 0.005920196 0.005028484
vt 0.08777308 0.1831766
vn -0.02156067 -0.4104004 0.9111328
v -0.02322036 0.01127009 0.004886858
vt 0.09635502 0.1681587
vn -0.7099609 -0.2004395 0.6743164
v -0.02360357 0.01869316 0.005910071
vt 0.09626061 0.1445313
vn -0.7192383 -0.1325684 0.6816406
v -0.02195667 0.006047882 0.003555676
vt 0.09610772 0.1831766
vn -0.6611328 -0.395752 0.6367188
v -0.02522782 0.01140914 -3.111526E-11
vt 0.1054693 0.1681587
vn -0.9833984 -0.1795654 0
v -0.02602127 0.01896989 1.387779E-19
vt 0.1054693 0.1445313
vn -0.9941406 -0.1055908 0
v -0.02360357 0.01869316 -0.005910071
vt 0.114678 0.1445313
vn -0.7192383 -0.1325684 -0.6816406
v -0.02342495 0.006100771 -5.832213E-11
vt 0.1054693 0.1831766
vn -0.9208984 -0.3886719 0
v -0.02322036 0.01127009 -0.004886858
vt 0.1145834 0.1681587
vn -0.7099609 -0.2004395 -0.6743164
v -0.01779219 0.01797259 -0.008358102
vt 0.124284 0.1445313
vn -0.03814697 -0.1975098 -0.9794922
v -0.02061441 0.001488897 -4.274103E-12
vt 0.09735405 0.1964947
vn -0.8383789 -0.5449219 0
v -0.0183739 0.0109344 -0.006911061
vt 0.1238068 0.1681585
vn -0.03387451 -0.2500305 -0.9672852
v -0.01198081 0.01725202 -0.005910071
vt 0.1352271 0.1445313
vn 0.6635742 -0.2607422 -0.7006836
v -0.02195667 0.006047882 -0.003555676
vt 0.1148307 0.1831766
vn -0.6611328 -0.395752 -0.6367188
vt 0.1135838 0.1964947
v -0.01352746 0.01059868 -0.004886858
vt 0.1337674 0.1681587
vn 0.659668 -0.2963867 -0.6904297
vt 0.1493422 0.1445311
vt 0.1452009 0.1681587
v -0.01841193 0.005920196 -0.005028484
vt 0.1231649 0.1831766
vn -0.02156067 -0.4104004 -0.9111328
v -0.01486719 0.00579251 -0.003555676
vt 0.1312807 0.1831766
vn 0.6313477 -0.421875 -0.6499023
vt 0.1393937 0.1831766
v -0.01996078 0.001475686 -0.001578928
vt 0.1180745 0.1964947
vn -0.5991211 -0.5478516 -0.5830078
v -0.01680478 0.001411892 -0.001578928
vt 0.1275273 0.1964947
vn 0.5800781 -0.5576172 -0.5927734
v -0.01615115 0.00139868 -4.274103E-12
vt 0.1318597 0.1964947
vn 0.8291016 -0.5581055 0
v -0.01838278 0.001443789 -0.002232941
vt 0.1228432 0.1964947
vn -0.01421356 -0.5527344 -0.8325195
v -0.01766506 0.0003545073 -0.0006978342
vt 0.1257042 0.2027963
vn 0.4077148 -0.8100586 -0.4204102
v -0.01750902 0.000291551 5.656867E-12
vt 0.127833 0.2054639
vn 0.5527344 -0.8330078 0
v -0.01836644 0.0001577981 3.439211E-18
vt 0.122906 0.2085475
vn -0.0174408 -0.9995117 0
v -0.01836384 0.0003064719 -0.0008549499
vt 0.1229097 0.2027965
vn -0.01328278 -0.8276367 -0.5605469
v -0.01906052 0.0003788651 -0.0006978342
vt 0.1200926 0.2027965
vn -0.4274902 -0.8032227 -0.4143066
v -0.01921866 0.0003213934 5.656867E-12
vt 0.1179813 0.2054639
vn -0.5683594 -0.8222656 0
v -0.01996078 0.001475686 0.001578928
vt 0.09286338 0.1964947
vn -0.5991211 -0.5478516 0.5830078
v -0.01906052 0.0003788651 0.0006978343
vt 0.09084564 0.2027963
vn -0.4274902 -0.8032227 0.4143066
vt 0.09295666 0.2054639
vt 0.08803195 0.2085474
v -0.01838278 0.001443789 0.002232941
vt 0.08809507 0.1964947
vn -0.01421356 -0.5527344 0.8325195
v -0.01836384 0.0003064719 0.00085495
vt 0.08802831 0.2027963
vn -0.01328278 -0.8276367 0.5605469
v -0.01766506 0.0003545073 0.0006978343
vt 0.08523369 0.2027964
vn 0.4077148 -0.8100586 0.4204102
vt 0.08310515 0.205464
vt 0.07907856 0.1964947
v -0.01680478 0.001411892 0.001578928
vt 0.08341062 0.1964947
vn 0.5800781 -0.5576172 0.5927734
v 0.02360357 0.01869316 0.005910071
vt 0.9037402 0.1445313
vn 0.7192383 -0.1325684 0.6816406
v 0.02522782 0.01140915 -3.111526E-11
vt 0.8945313 0.1681585
vn 0.9833984 -0.1795654 0
v 0.02602127 0.01896989 1.387779E-19
vt 0.8945313 0.1445313
vn 0.9941406 -0.1055908 0
v 0.02360357 0.01869316 -0.005910071
vt 0.8853222 0.1445313
vn 0.7192383 -0.1325684 -0.6816406
v 0.02322036 0.0112701 0.004886858
vt 0.9036455 0.1681585
vn 0.7099609 -0.2004395 0.6743164
v 0.01779219 0.0179726 0.008358102
vt 0.9133463 0.1445313
vn 0.03814697 -0.1975098 0.9794922
v 0.02322036 0.0112701 -0.004886858
vt 0.8854169 0.1681585
vn 0.7099609 -0.2004395 -0.6743164
v 0.01779219 0.0179726 -0.008358102
vt 0.8757162 0.1445313
vn 0.03814697 -0.1975098 -0.9794922
v 0.02342495 0.006100781 -5.832213E-11
vt 0.8945313 0.1831771
vn 0.9208984 -0.3886719 0
v 0.0183739 0.0109344 0.006911061
vt 0.9128639 0.1681587
vn 0.03387451 -0.2500305 0.9672852
v 0.01198081 0.01725203 0.005910071
vt 0.9242897 0.1445313
vn -0.6635742 -0.2607422 0.7006836
v 0.0183739 0.0109344 -0.006911061
vt 0.8761932 0.1681585
vn 0.03387451 -0.2500305 -0.9672852
v 0.01198081 0.01725203 -0.005910071
vt 0.864773 0.1445313
vn -0.6635742 -0.2607422 -0.7006836
v 0.02195667 0.006047891 -0.003555676
vt 0.8851697 0.1831771
vn 0.6611328 -0.395752 -0.6367188
v 0.01352746 0.01059869 -0.004886858
vt 0.8662326 0.1681585
vn -0.659668 -0.2963867 -0.6904297
v 0.009573655 0.01695356 1.387779E-19
vt 0.8506579 0.1445313
vn -0.9580078 -0.2858887 0
v 0.01151999 0.01045964 -3.111526E-11
vt 0.8547992 0.1681585
vn -0.9492188 -0.314209 0
v 0.01841193 0.005920206 -0.005028484
vt 0.8768353 0.183177
vn 0.02156067 -0.4104004 -0.9111328
v 0.01486719 0.00579252 -0.003555676
vt 0.8687195 0.1831771
vn -0.6313477 -0.421875 -0.6499023
v 0.01339891 0.00573963 -5.832213E-11
vt 0.8606063 0.183177
vn -0.9047852 -0.425293 0
v 0.01996078 0.001475696 -0.001578928
vt 0.8819256 0.1964952
vn 0.5991211 -0.5478516 -0.5830078
v 0.01680478 0.001411902 -0.001578928
vt 0.8724731 0.1964952
vn -0.5800781 -0.5576172 -0.5927734
v 0.01615115 0.00139869 -4.274106E-12
vt 0.8681406 0.1964952
vn -0.8291016 -0.5581055 0
v 0.01838278 0.001443799 -0.002232941
vt 0.8771572 0.1964952
vn 0.01421356 -0.5527344 -0.8325195
v 0.01766506 0.0003545174 -0.0006978342
vt 0.8742961 0.2027969
vn -0.4077148 -0.8100586 -0.4204102
v 0.01750902 0.0002915611 5.656864E-12
vt 0.8721672 0.2054645
vn -0.5527344 -0.8330078 0
v 0.01836644 0.0001578082 1.387779E-19
vt 0.8770944 0.2085479
vn 0.0174408 -0.9995117 0
v 0.01836384 0.000306482 -0.0008549499
vt 0.8770904 0.2027969
vn 0.01328278 -0.8276367 -0.5605469
v 0.01906052 0.0003788752 -0.0006978342
vt 0.8799076 0.2027971
vn 0.4274902 -0.8032227 -0.4143066
v 0.01921866 0.0003214035 5.656864E-12
vt 0.882019 0.2054644
vn 0.5683594 -0.8222656 0
v 0.02061441 0.001488907 -4.274106E-12
vt 0.8864166 0.1964952
vn 0.8383789 -0.5449219 0
v 0.02195667 0.006047891 0.003555676
vt 0.9038926 0.183177
vn 0.6611328 -0.395752 0.6367188
vt 0.9026465 0.1964952
v 0.01841193 0.005920206 0.005028484
vt 0.9122274 0.1831771
vn 0.02156067 -0.4104004 0.9111328
v 0.01996078 0.001475696 0.001578928
vt 0.9071372 0.1964952
vn 0.5991211 -0.5478516 0.5830078
v 0.01906052 0.0003788752 0.0006978343
vt 0.9091549 0.2027968
vn 0.4274902 -0.8032227 0.4143066
vt 0.9070438 0.2054644
vt 0.9119688 0.2085479
v 0.01838278 0.001443799 0.002232941
vt 0.9119056 0.1964952
vn 0.01421356 -0.5527344 0.8325195
v 0.01836384 0.000306482 0.00085495
vt 0.9119723 0.2027971
vn 0.01328278 -0.8276367 0.5605469
v 0.01766506 0.0003545174 0.0006978343
vt 0.914767 0.2027968
vn -0.4077148 -0.8100586 0.4204102
vt 0.9168953 0.2054644
vt 0.9209222 0.1964952
v 0.01680478 0.001411902 0.001578928
vt 0.91659 0.1964952
vn -0.5800781 -0.5576172 0.5927734
vt 0.9284566 0.183177
v 0.01486719 0.00579252 0.003555676
vt 0.9203435 0.1831771
vn -0.6313477 -0.421875 0.6499023
vt 0.934264 0.1681585
v 0.01352745 0.01059869 0.004886858
vt 0.9228299 0.1681585
vn -0.659668 -0.2963867 0.6904297
vt 0.9384054 0.1445313
o pm0812_00_00_body_b_mesh_shape_body_a
g polygon_0
usemtl body_a
f 997/1172/135 998/1173/997 999/1174/998
f 997/1172/135 999/1174/998 1000/1175/999
f 997/1172/135 1000/1175/999 1001/1176/1000
f 1002/1177/1001 997/1172/135 1001/1176/1000
f 1002/1177/1001 1003/1178/1002 997/1172/135
f 997/1172/135 1003/1178/1002 1004/1179/1003
f 997/1172/135 1004/1179/1003 1005/1180/1004
f 997/1172/135 1005/1180/1004 1006/1181/1005
f 997/1172/135 1006/1181/1005 1007/1182/1006
f 997/1172/135 1007/1182/1006 1008/1183/1007
f 997/1172/135 1008/1183/1007 1009/1184/1008
f 1010/1185/1009 997/1172/135 1009/1184/1008
f 1010/1185/1009 1011/1186/1010 997/1172/135
f 997/1172/135 1011/1186/1010 1012/1187/1011
f 997/1172/135 1012/1187/1011 1013/1188/1012
f 997/1172/135 1013/1188/1012 1014/1189/1013
f 997/1172/135 1014/1189/1013 1015/1190/1014
f 997/1172/135 1015/1190/1014 1016/1191/1015
f 997/1172/135 1016/1191/1015 1017/1192/1016
f 1018/1193/1017 997/1172/135 1017/1192/1016
f 1018/1193/1017 1019/1194/1018 997/1172/135
f 997/1172/135 1019/1194/1018 1020/1195/1019
f 997/1172/135 1020/1195/1019 1021/1196/1020
f 997/1172/135 1021/1196/1020 1022/1197/1021
f 997/1198/135 1022/1199/1021 1023/1200/1022
f 997/1198/135 1023/1200/1022 1024/1201/1023
f 997/1198/135 1024/1201/1023 1025/1202/1024
f 997/1198/135 1025/1202/1024 1026/1203/1025
f 997/1198/135 1026/1203/1025 1027/1204/1026
f 997/1198/135 1027/1204/1026 1028/1205/1027
f 997/1198/135 1028/1205/1027 1029/1206/1028
f 997/1198/135 1029/1206/1028 1030/1207/1029
f 997/1198/135 1030/1207/1029 1031/1208/1030
f 997/1198/135 1031/1208/1030 1032/1209/1031
f 997/1198/135 1032/1209/1031 1033/1210/1032
f 997/1198/135 1033/1210/1032 1034/1211/1033
f 997/1198/135 1034/1211/1033 1035/1212/1034
f 997/1198/135 1035/1212/1034 1036/1213/1035
f 997/1198/135 1036/1213/1035 1037/1214/1036
f 997/1198/135 1037/1214/1036 1038/1215/1037
f 997/1198/135 1038/1215/1037 1039/1216/1038
f 997/1198/135 1039/1216/1038 1040/1217/1039
f 997/1198/135 1040/1217/1039 1041/1218/1040
f 997/1198/135 1041/1218/1040 1042/1219/1041
f 997/1198/135 1042/1219/1041 1043/1220/1042
f 997/1198/135 1043/1220/1042 1044/1221/1043
f 997/1198/135 1044/1221/1043 1045/1222/1044
f 997/1198/135 1045/1222/1044 998/1223/997
f 1046/1224/1045 1047/1225/1046 1048/1226/1047
f 1048/1226/1047 1047/1225/1046 1049/1227/1048
f 1050/1228/1049 1046/1224/1045 1048/1226/1047
f 1051/1229/1050 1046/1224/1045 1050/1228/1049
f 1049/1227/1048 1052/1230/1051 1048/1226/1047
f 1052/1230/1051 1050/1228/1049 1048/1226/1047
f 1053/1231/1052 1052/1230/1051 1049/1227/1048
f 1054/1232/1053 1051/1229/1050 1050/1228/1049
f 1054/1232/1053 1050/1228/1049 1052/1230/1051
f 1055/1233/1054 1051/1229/1050 1054/1232/1053
f 1053/1231/1052 1056/1234/1055 1052/1230/1051
f 1052/1230/1051 1056/1234/1055 1054/1232/1053
f 1057/1235/1056 1056/1234/1055 1053/1231/1052
f 1055/1233/1054 1054/1232/1053 1058/1236/1057
f 1054/1232/1053 1056/1234/1055 1058/1236/1057
f 1055/1233/1054 1058/1236/1057 1059/1237/1058
f 1056/1234/1055 1057/1235/1056 1060/1238/1059
f 1060/1238/1059 1058/1236/1057 1056/1234/1055
f 1060/1238/1059 1057/1235/1056 1061/1239/1060
f 1059/1237/1058 1058/1236/1057 1062/1240/1061
f 1062/1240/1061 1058/1236/1057 1060/1238/1059
f 1063/1241/1062 1060/1238/1059 1061/1239/1060
f 1060/1238/1059 1063/1241/1062 1062/1240/1061
f 1064/1242/1063 1063/1241/1062 1061/1239/1060
f 1062/1240/1061 1065/1243/1064 1059/1237/1058
f 1059/1237/1058 1065/1243/1064 1066/1244/1065
f 1063/1241/1062 1067/1245/1066 1062/1240/1061
f 1067/1245/1066 1065/1243/1064 1062/1240/1061
f 1066/1244/1065 1065/1243/1064 1068/1246/1067
f 1066/1244/1065 1068/1246/1067 1069/1247/1068
f 1070/1248/1069 1065/1243/1064 1067/1245/1066
f 1065/1243/1064 1070/1248/1069 1068/1246/1067
f 1071/1249/1070 1067/1245/1066 1063/1241/1062
f 1071/1249/1070 1063/1241/1062 1064/1242/1063
f 1069/1247/1068 1068/1246/1067 1072/1250/1071
f 1072/1250/1071 1073/1251/1072 1069/1247/1068
f 1068/1246/1067 1070/1248/1069 1074/1252/1073
f 1068/1246/1067 1074/1252/1073 1072/1250/1071
f 1075/1253/1074 1073/1251/1072 1072/1250/1071
f 1072/1250/1071 1074/1252/1073 1075/1253/1074
f 1073/1251/1072 1075/1253/1074 1076/1254/1075
f 1070/1248/1069 1067/1245/1066 1077/1255/1076
f 1077/1255/1076 1074/1252/1073 1070/1248/1069
f 1077/1255/1076 1067/1245/1066 1071/1249/1070
f 1074/1252/1073 1078/1256/1077 1075/1253/1074
f 1076/1254/1075 1075/1253/1074 1078/1256/1077
f 1079/1257/1078 1078/1256/1077 1074/1252/1073
f 1079/1257/1078 1074/1252/1073 1077/1255/1076
f 1080/1258/1079 1076/1254/1075 1078/1256/1077
f 1081/1259/1080 1076/1254/1075 1080/1258/1079
f 1079/1257/1078 1082/1260/1081 1078/1256/1077
f 1078/1256/1077 1082/1260/1081 1080/1258/1079
f 1079/1257/1078 1077/1255/1076 1082/1260/1081
f 1083/1261/1082 1081/1259/1080 1080/1258/1079
f 1082/1260/1081 1083/1261/1082 1080/1258/1079
f 1084/1262/1083 1081/1259/1080 1083/1261/1082
f 1085/1263/1084 1084/1262/1083 1083/1261/1082
f 1085/1263/1084 1083/1261/1082 1082/1260/1081
f 1086/1264/1085 1084/1262/1083 1085/1263/1084
f 1082/1260/1081 1077/1255/1076 1087/1265/1086
f 1086/1264/1085 1085/1263/1084 1088/1266/1087
f 1085/1263/1084 1082/1260/1081 1088/1266/1087
f 1088/1266/1087 1082/1260/1081 1087/1265/1086
f 1086/1264/1085 1088/1266/1087 1089/1267/1088
f 1087/1265/1086 1077/1255/1076 1090/1268/1089
f 1090/1268/1089 1088/1266/1087 1087/1265/1086
f 1090/1268/1089 1077/1255/1076 1071/1249/1070
f 1089/1267/1088 1088/1266/1087 1091/1269/1090
f 1091/1269/1090 1088/1266/1087 1090/1268/1089
f 1092/1270/1091 1090/1268/1089 1071/1249/1070
f 1090/1268/1089 1092/1270/1091 1091/1269/1090
f 1092/1270/1091 1071/1249/1070 1064/1242/1063
f 1091/1269/1090 1093/1271/1092 1089/1267/1088
f 1089/1267/1088 1093/1271/1092 1094/1272/1093
f 1095/1273/1094 1091/1269/1090 1092/1270/1091
f 1095/1273/1094 1093/1271/1092 1091/1269/1090
f 1092/1270/1091 1064/1242/1063 1096/1274/1095
f 1096/1274/1095 1095/1273/1094 1092/1270/1091
f 1094/1272/1093 1093/1271/1092 1097/1275/1096
f 1094/1272/1093 1097/1275/1096 1098/1276/1097
f 1099/1277/1098 1093/1271/1092 1095/1273/1094
f 1098/1276/1097 1097/1275/1096 1100/1278/1099
f 1100/1278/1099 1101/1279/1100 1098/1276/1097
f 1097/1275/1096 1093/1271/1092 1102/1280/1101
f 1097/1275/1096 1102/1280/1101 1100/1278/1099
f 1102/1280/1101 1093/1271/1092 1099/1277/1098
f 1103/1281/1102 1101/1279/1100 1100/1278/1099
f 1100/1278/1099 1102/1280/1101 1103/1281/1102
f 1101/1279/1100 1103/1281/1102 1104/1282/1103
f 1099/1277/1098 1095/1273/1094 1105/1283/1104
f 1105/1283/1104 1102/1280/1101 1099/1277/1098
f 1105/1283/1104 1095/1273/1094 1096/1274/1095
f 1102/1280/1101 1106/1284/1105 1103/1281/1102
f 1104/1282/1103 1103/1281/1102 1106/1284/1105
f 1107/1285/1106 1106/1284/1105 1102/1280/1101
f 1107/1285/1106 1102/1280/1101 1105/1283/1104
f 1108/1286/1107 1104/1282/1103 1106/1284/1105
f 1109/1287/1108 1104/1282/1103 1108/1286/1107
f 1107/1285/1106 1110/1288/1109 1106/1284/1105
f 1106/1284/1105 1110/1288/1109 1108/1286/1107
f 1107/1285/1106 1105/1283/1104 1110/1288/1109
f 1111/1289/1110 1109/1287/1108 1108/1286/1107
f 1110/1288/1109 1111/1289/1110 1108/1286/1107
f 1112/1290/1111 1109/1287/1108 1111/1289/1110
f 1113/1291/1112 1112/1290/1111 1111/1289/1110
f 1113/1291/1112 1111/1289/1110 1110/1288/1109
f 1114/1292/1113 1112/1290/1111 1113/1291/1112
f 1110/1288/1109 1105/1283/1104 1115/1293/1114
f 1110/1288/1109 1115/1293/1114 1113/1291/1112
f 1114/1292/1113 1113/1291/1112 1116/1294/1115
f 1113/1291/1112 1115/1293/1114 1116/1294/1115
f 1116/1294/1115 1117/1295/1116 1114/1292/1113
f 1115/1293/1114 1105/1283/1104 1118/1296/1117
f 1118/1296/1117 1116/1294/1115 1115/1293/1114
f 1118/1296/1117 1105/1283/1104 1096/1274/1095
f 1119/1297/1118 1117/1295/1116 1116/1294/1115
f 1119/1297/1118 1116/1294/1115 1118/1296/1117
f 1120/1298/1119 1118/1296/1117 1096/1274/1095
f 1118/1296/1117 1120/1298/1119 1119/1297/1118
f 1064/1242/1063 1120/1298/1119 1096/1274/1095
f 1121/1299/1120 1120/1298/1119 1064/1242/1063
f 1120/1298/1119 1121/1299/1120 1122/1300/1121
f 1122/1300/1121 1119/1297/1118 1120/1298/1119
f 1123/1301/1122 1122/1300/1121 1121/1299/1120
f 1119/1297/1118 1124/1302/1123 1117/1295/1116
f 1122/1300/1121 1124/1302/1123 1119/1297/1118
f 1117/1295/1116 1124/1302/1123 1125/1303/1124
f 1126/1304/1125 1122/1300/1121 1123/1301/1122
f 1126/1304/1125 1124/1302/1123 1122/1300/1121
f 1127/1305/1126 1126/1304/1125 1123/1301/1122
f 1125/1303/1124 1124/1302/1123 1128/1306/1127
f 1124/1302/1123 1126/1304/1125 1128/1306/1127
f 1125/1303/1124 1128/1306/1127 1129/1307/1128
f 1130/1308/1129 1126/1304/1125 1127/1305/1126
f 1128/1306/1127 1126/1304/1125 1130/1308/1129
f 1127/1305/1126 1131/1309/1130 1130/1308/1129
f 1129/1307/1128 1128/1306/1127 1132/1310/1131
f 1128/1306/1127 1130/1308/1129 1132/1310/1131
f 1132/1310/1131 1133/1311/1132 1129/1307/1128
f 1130/1308/1129 1131/1309/1130 1134/1312/1133
f 1132/1310/1131 1130/1308/1129 1134/1312/1133
f 1134/1312/1133 1133/1311/1132 1132/1310/1131
f 1135/1313/1134 1134/1312/1133 1131/1309/1130
f 1133/1311/1132 1134/1312/1133 1135/1313/1134
f 1136/1314/1135 1137/1315/1136 1047/1316/1046
f 1047/1316/1046 1137/1315/1136 1049/1317/1048
f 1137/1315/1136 1136/1314/1135 1138/1318/1137
f 1138/1318/1137 1136/1314/1135 1139/1319/1138
f 1140/1320/1139 1049/1317/1048 1137/1315/1136
f 1138/1318/1137 1140/1320/1139 1137/1315/1136
f 1053/1321/1052 1049/1317/1048 1140/1320/1139
f 1139/1319/1138 1141/1322/1140 1138/1318/1137
f 1141/1322/1140 1140/1320/1139 1138/1318/1137
f 1142/1323/1141 1141/1322/1140 1139/1319/1138
f 1140/1320/1139 1143/1324/1142 1053/1321/1052
f 1141/1322/1140 1143/1324/1142 1140/1320/1139
f 1053/1321/1052 1143/1324/1142 1057/1325/1056
f 1142/1323/1141 1144/1326/1143 1141/1322/1140
f 1144/1326/1143 1143/1324/1142 1141/1322/1140
f 1145/1327/1144 1144/1326/1143 1142/1323/1141
f 1143/1324/1142 1146/1328/1145 1057/1325/1056
f 1143/1324/1142 1144/1326/1143 1146/1328/1145
f 1057/1325/1056 1146/1328/1145 1061/1329/1060
f 1147/1330/1146 1144/1326/1143 1145/1327/1144
f 1146/1328/1145 1144/1326/1143 1147/1330/1146
f 1148/1331/1147 1061/1329/1060 1146/1328/1145
f 1146/1328/1145 1147/1330/1146 1148/1331/1147
f 1064/1332/1063 1061/1329/1060 1148/1331/1147
f 1147/1330/1146 1145/1327/1144 1149/1333/1148
f 1149/1333/1148 1145/1327/1144 1150/1334/1149
f 1148/1331/1147 1147/1330/1146 1151/1335/1150
f 1147/1330/1146 1149/1333/1148 1151/1335/1150
f 1150/1334/1149 1152/1336/1151 1149/1333/1148
f 1150/1334/1149 1153/1337/1152 1152/1336/1151
f 1151/1335/1150 1149/1333/1148 1154/1338/1153
f 1152/1336/1151 1154/1338/1153 1149/1333/1148
f 1148/1331/1147 1151/1335/1150 1155/1339/1154
f 1155/1339/1154 1064/1332/1063 1148/1331/1147
f 1154/1338/1153 1156/1340/1155 1151/1335/1150
f 1151/1335/1150 1156/1340/1155 1155/1339/1154
f 1157/1341/1156 1154/1338/1153 1152/1336/1151
f 1157/1341/1156 1156/1340/1155 1154/1338/1153
f 1152/1336/1151 1153/1337/1152 1158/1342/1157
f 1152/1336/1151 1158/1342/1157 1157/1341/1156
f 1153/1337/1152 1159/1343/1158 1158/1342/1157
f 1158/1342/1157 1159/1343/1158 1160/1344/1159
f 1157/1341/1156 1158/1342/1157 1160/1344/1159
f 1159/1343/1158 1161/1345/1160 1160/1344/1159
f 1162/1346/1161 1157/1341/1156 1160/1344/1159
f 1160/1344/1159 1161/1345/1160 1162/1346/1161
f 1163/1347/1162 1157/1341/1156 1162/1346/1161
f 1163/1347/1162 1156/1340/1155 1157/1341/1156
f 1161/1345/1160 1164/1348/1163 1162/1346/1161
f 1165/1349/1164 1164/1348/1163 1161/1345/1160
f 1163/1347/1162 1162/1346/1161 1166/1350/1165
f 1166/1350/1165 1162/1346/1161 1164/1348/1163
f 1163/1347/1162 1166/1350/1165 1156/1340/1155
f 1164/1348/1163 1165/1349/1164 1167/1351/1166
f 1167/1351/1166 1166/1350/1165 1164/1348/1163
f 1167/1351/1166 1165/1349/1164 1168/1352/1167
f 1168/1352/1167 1169/1353/1168 1167/1351/1166
f 1169/1353/1168 1166/1350/1165 1167/1351/1166
f 1170/1354/1169 1169/1353/1168 1168/1352/1167
f 1170/1354/1169 1171/1355/1170 1169/1353/1168
f 1169/1353/1168 1171/1355/1170 1166/1350/1165
f 1172/1356/1171 1171/1355/1170 1170/1354/1169
f 1156/1340/1155 1166/1350/1165 1173/1357/1172
f 1166/1350/1165 1171/1355/1170 1173/1357/1172
f 1173/1357/1172 1174/1358/1173 1156/1340/1155
f 1173/1357/1172 1171/1355/1170 1174/1358/1173
f 1156/1340/1155 1174/1358/1173 1155/1339/1154
f 1175/1359/1174 1171/1355/1170 1172/1356/1171
f 1174/1358/1173 1171/1355/1170 1175/1359/1174
f 1155/1339/1154 1174/1358/1173 1176/1360/1175
f 1174/1358/1173 1175/1359/1174 1176/1360/1175
f 1176/1360/1175 1064/1332/1063 1155/1339/1154
f 1175/1359/1174 1172/1356/1171 1177/1361/1176
f 1177/1361/1176 1172/1356/1171 1178/1362/1177
f 1179/1363/1178 1176/1360/1175 1175/1359/1174
f 1175/1359/1174 1177/1361/1176 1179/1363/1178
f 1176/1360/1175 1180/1364/1179 1064/1332/1063
f 1176/1360/1175 1179/1363/1178 1180/1364/1179
f 1178/1362/1177 1181/1365/1180 1177/1361/1176
f 1178/1362/1177 1182/1366/1181 1181/1365/1180
f 1179/1363/1178 1177/1361/1176 1183/1367/1182
f 1181/1365/1180 1182/1366/1181 1184/1368/1183
f 1182/1366/1181 1185/1369/1184 1184/1368/1183
f 1181/1365/1180 1186/1370/1185 1177/1361/1176
f 1181/1365/1180 1184/1368/1183 1186/1370/1185
f 1177/1361/1176 1186/1370/1185 1183/1367/1182
f 1184/1368/1183 1185/1369/1184 1187/1371/1186
f 1186/1370/1185 1184/1368/1183 1187/1371/1186
f 1185/1369/1184 1188/1372/1187 1187/1371/1186
f 1183/1367/1182 1189/1373/1188 1179/1363/1178
f 1186/1370/1185 1189/1373/1188 1183/1367/1182
f 1179/1363/1178 1189/1373/1188 1180/1364/1179
f 1190/1374/1189 1186/1370/1185 1187/1371/1186
f 1187/1371/1186 1188/1372/1187 1190/1374/1189
f 1191/1375/1190 1189/1373/1188 1186/1370/1185
f 1191/1375/1190 1186/1370/1185 1190/1374/1189
f 1188/1372/1187 1192/1376/1191 1190/1374/1189
f 1193/1377/1192 1192/1376/1191 1188/1372/1187
f 1191/1375/1190 1190/1374/1189 1194/1378/1193
f 1194/1378/1193 1190/1374/1189 1192/1376/1191
f 1191/1375/1190 1194/1378/1193 1189/1373/1188
f 1192/1376/1191 1193/1377/1192 1195/1379/1194
f 1195/1379/1194 1194/1378/1193 1192/1376/1191
f 1195/1379/1194 1193/1377/1192 1196/1380/1195
f 1196/1380/1195 1197/1381/1196 1195/1379/1194
f 1197/1381/1196 1194/1378/1193 1195/1379/1194
f 1198/1382/1197 1197/1381/1196 1196/1380/1195
f 1189/1373/1188 1194/1378/1193 1199/1383/1198
f 1197/1381/1196 1199/1383/1198 1194/1378/1193
f 1198/1382/1197 1200/1384/1199 1197/1381/1196
f 1200/1384/1199 1199/1383/1198 1197/1381/1196
f 1201/1385/1200 1200/1384/1199 1198/1382/1197
f 1199/1383/1198 1202/1386/1201 1189/1373/1188
f 1199/1383/1198 1200/1384/1199 1202/1386/1201
f 1189/1373/1188 1202/1386/1201 1180/1364/1179
f 1203/1387/1202 1200/1384/1199 1201/1385/1200
f 1202/1386/1201 1200/1384/1199 1203/1387/1202
f 1180/1364/1179 1202/1386/1201 1204/1388/1203
f 1202/1386/1201 1203/1387/1202 1204/1388/1203
f 1064/1332/1063 1180/1364/1179 1204/1388/1203
f 1121/1389/1120 1064/1332/1063 1204/1388/1203
f 1204/1388/1203 1205/1390/1204 1121/1389/1120
f 1205/1390/1204 1204/1388/1203 1203/1387/1202
f 1205/1390/1204 1123/1391/1122 1121/1389/1120
f 1201/1385/1200 1206/1392/1205 1203/1387/1202
f 1203/1387/1202 1206/1392/1205 1205/1390/1204
f 1207/1393/1206 1206/1392/1205 1201/1385/1200
f 1208/1394/1207 1123/1391/1122 1205/1390/1204
f 1205/1390/1204 1206/1392/1205 1208/1394/1207
f 1123/1391/1122 1208/1394/1207 1127/1395/1126
f 1207/1393/1206 1209/1396/1208 1206/1392/1205
f 1209/1396/1208 1208/1394/1207 1206/1392/1205
f 1207/1393/1206 1210/1397/1209 1209/1396/1208
f 1127/1395/1126 1208/1394/1207 1211/1398/1210
f 1211/1398/1210 1208/1394/1207 1209/1396/1208
f 1127/1395/1126 1211/1398/1210 1131/1399/1130
f 1209/1396/1208 1210/1397/1209 1212/1400/1211
f 1209/1396/1208 1212/1400/1211 1211/1398/1210
f 1210/1397/1209 1213/1401/1212 1212/1400/1211
f 1131/1399/1130 1211/1398/1210 1214/1402/1213
f 1211/1398/1210 1212/1400/1211 1214/1402/1213
f 1212/1400/1211 1213/1401/1212 1214/1402/1213
f 1214/1402/1213 1135/1403/1134 1131/1399/1130
f 1213/1401/1212 1135/1403/1134 1214/1402/1213
f 1215/1404/1214 1216/1405/1215 1217/1406/1216
f 1217/1406/1216 1216/1405/1215 1218/1407/1217
f 1215/1404/1214 1219/1408/1218 1216/1405/1215
f 1220/1409/1219 1219/1408/1218 1215/1404/1214
f 1221/1410/1220 1218/1407/1217 1216/1405/1215
f 1222/1411/1221 1218/1407/1217 1221/1410/1220
f 1223/1412/1222 1216/1405/1215 1219/1408/1218
f 1221/1410/1220 1216/1405/1215 1223/1412/1222
f 1220/1409/1219 1224/1413/1223 1219/1408/1218
f 1225/1414/1224 1224/1413/1223 1220/1409/1219
f 1223/1412/1222 1219/1408/1218 1226/1415/1225
f 1226/1415/1225 1219/1408/1218 1224/1413/1223
f 1225/1414/1224 1227/1416/1226 1224/1413/1223
f 1228/1417/1227 1227/1416/1226 1225/1414/1224
f 1228/1417/1227 1229/1418/1228 1227/1416/1226
f 1230/1419/1229 1224/1413/1223 1227/1416/1226
f 1226/1415/1225 1224/1413/1223 1230/1419/1229
f 1227/1416/1226 1229/1418/1228 1231/1420/1230
f 1227/1416/1226 1231/1420/1230 1230/1419/1229
f 1229/1418/1228 1232/1421/1231 1231/1420/1230
f 1233/1422/1232 1226/1415/1225 1230/1419/1229
f 1231/1420/1230 1232/1421/1231 1234/1423/1233
f 1232/1421/1231 1235/1424/1234 1234/1423/1233
f 1230/1419/1229 1231/1420/1230 1236/1425/1235
f 1231/1420/1230 1234/1423/1233 1236/1425/1235
f 1230/1419/1229 1236/1425/1235 1233/1426/1232
f 1234/1423/1233 1235/1424/1234 1237/1427/1236
f 1235/1424/1234 1217/1428/1216 1237/1427/1236
f 1237/1427/1236 1217/1428/1216 1218/1429/1217
f 1236/1425/1235 1234/1423/1233 1238/1430/1237
f 1234/1423/1233 1237/1427/1236 1238/1430/1237
f 1237/1427/1236 1218/1429/1217 1239/1431/1238
f 1238/1430/1237 1237/1427/1236 1239/1431/1238
f 1239/1431/1238 1218/1429/1217 1222/1432/1221
f 1236/1425/1235 1238/1430/1237 1240/1433/1239
f 1233/1426/1232 1236/1425/1235 1240/1433/1239
f 1239/1431/1238 1222/1432/1221 1241/1434/1240
f 1241/1434/1240 1222/1432/1221 1242/1435/1241
f 1238/1430/1237 1239/1431/1238 1243/1436/1242
f 1243/1436/1242 1239/1431/1238 1241/1434/1240
f 1240/1433/1239 1238/1430/1237 1243/1436/1242
f 1242/1435/1241 1244/1437/1243 1241/1434/1240
f 1241/1434/1240 1244/1437/1243 1243/1436/1242
f 1245/1438/1244 1244/1437/1243 1242/1435/1241
f 1246/1439/1245 1244/1437/1243 1245/1438/1244
f 1243/1436/1242 1244/1437/1243 1247/1440/1246
f 1247/1440/1246 1244/1437/1243 1246/1439/1245
f 1243/1436/1242 1248/1441/1247 1240/1433/1239
f 1247/1440/1246 1248/1441/1247 1243/1436/1242
f 1246/1439/1245 1248/1441/1247 1247/1440/1246
f 1240/1433/1239 1248/1441/1247 1233/1426/1232
f 1249/1442/1248 1248/1441/1247 1246/1439/1245
f 1233/1426/1232 1248/1441/1247 1249/1442/1248
f 1250/1443/1249 1226/1415/1225 1233/1422/1232
f 1250/1443/1249 1223/1412/1222 1226/1415/1225
f 1233/1422/1232 1251/1444/1250 1250/1443/1249
f 1249/1445/1248 1251/1444/1250 1233/1422/1232
f 1246/1446/1245 1251/1444/1250 1249/1445/1248
f 1252/1447/1251 1223/1412/1222 1250/1443/1249
f 1250/1443/1249 1251/1444/1250 1252/1447/1251
f 1252/1447/1251 1221/1410/1220 1223/1412/1222
f 1253/1448/1252 1251/1444/1250 1246/1446/1245
f 1252/1447/1251 1251/1444/1250 1253/1448/1252
f 1246/1446/1245 1254/1449/1253 1253/1448/1252
f 1253/1448/1252 1254/1449/1253 1252/1447/1251
f 1245/1450/1244 1254/1449/1253 1246/1446/1245
f 1242/1451/1241 1254/1449/1253 1245/1450/1244
f 1255/1452/1254 1221/1410/1220 1252/1447/1251
f 1252/1447/1251 1254/1449/1253 1255/1452/1254
f 1255/1452/1254 1254/1449/1253 1242/1451/1241
f 1255/1452/1254 1222/1411/1221 1221/1410/1220
f 1242/1451/1241 1222/1411/1221 1255/1452/1254
f 1256/1453/1255 1257/1454/1256 1258/1455/1257
f 1258/1455/1257 1257/1454/1256 1259/1456/1258
f 1260/1457/1259 1257/1454/1256 1256/1453/1255
f 1261/1458/1260 1260/1457/1259 1256/1453/1255
f 1259/1456/1258 1257/1454/1256 1262/1459/1261
f 1259/1456/1258 1262/1459/1261 1263/1460/1262
f 1260/1457/1259 1264/1461/1263 1257/1454/1256
f 1264/1461/1263 1262/1459/1261 1257/1454/1256
f 1265/1462/1264 1260/1457/1259 1261/1458/1260
f 1266/1463/1265 1265/1462/1264 1261/1458/1260
f 1263/1460/1262 1262/1459/1261 1267/1464/1266
f 1263/1460/1262 1267/1464/1266 1268/1465/1267
f 1269/1466/1268 1267/1464/1266 1262/1459/1261
f 1269/1466/1268 1262/1459/1261 1264/1461/1263
f 1268/1465/1267 1267/1464/1266 1270/1467/1269
f 1268/1465/1267 1270/1467/1269 1271/1468/1270
f 1271/1468/1270 1270/1467/1269 1272/1469/1271
f 1273/1470/1272 1270/1467/1269 1267/1464/1266
f 1273/1470/1272 1267/1464/1266 1269/1466/1268
f 1274/1471/1273 1272/1469/1271 1270/1467/1269
f 1274/1471/1273 1270/1467/1269 1273/1470/1272
f 1275/1472/1274 1272/1469/1271 1274/1471/1273
f 1276/1473/1275 1273/1470/1272 1269/1466/1268
f 1277/1474/1276 1275/1472/1274 1274/1471/1273
f 1278/1475/1277 1275/1472/1274 1277/1474/1276
f 1279/1476/1278 1274/1471/1273 1273/1470/1272
f 1277/1474/1276 1274/1471/1273 1279/1476/1278
f 1279/1476/1278 1273/1470/1272 1276/1473/1275
f 1277/1474/1276 1280/1477/1279 1278/1475/1277
f 1277/1474/1276 1279/1476/1278 1280/1477/1279
f 1278/1475/1277 1280/1477/1279 1281/1478/1280
f 1281/1478/1280 1280/1477/1279 1282/1479/1281
f 1280/1477/1279 1279/1476/1278 1283/1480/1282
f 1282/1479/1281 1280/1477/1279 1283/1480/1282
f 1279/1476/1278 1284/1481/1283 1283/1480/1282
f 1283/1480/1282 1284/1481/1283 1282/1479/1281
f 1276/1473/1275 1284/1481/1283 1279/1476/1278
f 1282/1479/1281 1284/1481/1283 1285/1482/1284
f 1284/1481/1283 1286/1483/1285 1285/1482/1284
f 1276/1473/1275 1286/1483/1285 1284/1481/1283
f 1276/1473/1275 1269/1466/1268 1286/1483/1285
f 1286/1483/1285 1269/1466/1268 1264/1461/1263
f 1287/1484/1286 1264/1461/1263 1260/1457/1259
f 1265/1462/1264 1287/1484/1286 1260/1457/1259
f 1287/1484/1286 1286/1485/1285 1264/1461/1263
f 1288/1486/1287 1287/1484/1286 1265/1462/1264
f 1289/1487/1288 1286/1485/1285 1287/1484/1286
f 1288/1486/1287 1289/1487/1288 1287/1484/1286
f 1289/1487/1288 1290/1488/1289 1286/1485/1285
f 1286/1485/1285 1290/1488/1289 1285/1489/1284
f 1285/1489/1284 1290/1488/1289 1282/1490/1281
f 1289/1487/1288 1291/1491/1290 1290/1488/1289
f 1291/1491/1290 1289/1487/1288 1288/1486/1287
f 1282/1490/1281 1290/1488/1289 1292/1492/1291
f 1290/1488/1289 1291/1491/1290 1292/1492/1291
f 1292/1492/1291 1293/1493/1292 1282/1490/1281
f 1291/1491/1290 1293/1493/1292 1292/1492/1291
f 1282/1490/1281 1293/1493/1292 1281/1494/1280
f 1293/1493/1292 1278/1495/1277 1281/1494/1280
f 1294/1496/1293 1278/1495/1277 1293/1493/1292
f 1294/1496/1293 1293/1493/1292 1291/1491/1290
f 1278/1495/1277 1294/1496/1293 1275/1497/1274
f 1294/1496/1293 1291/1491/1290 1295/1498/1294
f 1275/1497/1274 1294/1496/1293 1295/1498/1294
f 1295/1498/1294 1291/1491/1290 1288/1486/1287
f 1275/1497/1274 1295/1498/1294 1272/1499/1271
f 1295/1498/1294 1288/1486/1287 1296/1500/1295
f 1272/1499/1271 1295/1498/1294 1296/1500/1295
f 1296/1500/1295 1288/1486/1287 1265/1462/1264
f 1272/1499/1271 1296/1500/1295 1271/1501/1270
f 1296/1500/1295 1265/1462/1264 1266/1463/1265
f 1271/1501/1270 1296/1500/1295 1266/1463/1265
vt 0.1376936 1.022455
vn -0.1177368 -0.9716797 0.2039795
v -0.02734862 0.01891835 0.0473692
vt 0.1617143 1.076951
vn -0.1826172 -0.9306641 0.3161621
vt 0.135566 1.037869
vn 0.01017761 -0.9594727 0.2805176
v -0.03071568 0.01867791 0.04589476
vt 0.1545713 1.080074
vn -0.06524658 -0.9067383 0.4165039
v -0.03279994 0.02741097 0.05681117
vt 0.1743331 1.107811
vn -0.3408203 -0.7314453 0.590332
vt 0.1324115 1.058992
vn -0.07965088 -0.9619141 0.2602539
v -0.03684217 0.02701397 0.05619689
vt 0.16679 1.111666
vn -0.154541 -0.715332 0.6811523
v -0.03589374 0.03587903 0.06216978
vt 0.182008 1.132613
vn -0.4294434 -0.5112305 0.7436523
v -0.0352626 0.01837533 0.04345588
vt 0.1441067 1.083649
vn -0.1834717 -0.8999023 0.3952637
v -0.04190958 0.01793882 0.03802514
vt 0.1256035 1.08685
vn -0.2836914 -0.9086914 0.3056641
vt 0.1184106 1.059144
vn -0.1745605 -0.9711914 0.1601563
v -0.04212711 0.02646135 0.05389529
vt 0.1549602 1.114815
vn -0.2871094 -0.7548828 0.5888672
v -0.04039386 0.03555329 0.06174139
vt 0.1731718 1.135992
vn -0.145752 -0.494873 0.8564453
v -0.03771911 0.044598 0.06533141
vt 0.1870048 1.156001
vn -0.4707031 -0.3364258 0.8154297
v -0.05198509 0.0258085 0.04729615
vt 0.1305754 1.119262
vn -0.4135742 -0.78125 0.467041
v -0.04238991 0.04484542 0.06537421
vt 0.1778421 1.159416
vn -0.1274414 -0.3132324 0.940918
v -0.04669878 0.03527572 0.06009237
vt 0.1603144 1.139855
vn -0.3566895 -0.5424805 0.7602539
v -0.03839606 0.05087625 0.06650393
vt 0.1888046 1.172611
vn -0.4970703 -0.1077271 0.8608398
vt 0.1796956 1.180276
vt 0.1894531 1.180166
v -0.04304005 0.05114897 0.0665127
vt 0.1791809 1.174343
vn -0.1143799 -0.09075928 0.9892578
vt 0.1640352 1.181995
v -0.04964377 0.0449824 0.06405885
vt 0.1632271 1.163076
vn -0.3991699 -0.3432617 0.8500977
v -0.05073665 0.05128667 0.06517772
vt 0.1636928 1.176769
vn -0.4331055 -0.08734131 0.8969727
v -0.0643389 0.05116388 0.05627566
vt 0.132008 1.181273
vn -0.6669922 -0.07580566 0.7407227
vt 0.1323529 1.186681
vt 0.09945048 1.188482
v -0.06327841 0.04497587 0.0557772
vt 0.1319362 1.168288
vn -0.6201172 -0.357666 0.6977539
v -0.05908144 0.03478267 0.05277829
vt 0.1316254 1.145007
vn -0.5410156 -0.5761719 0.6118164
v -0.07400125 0.04490572 0.04272464
vt 0.09933031 1.170318
vn -0.8061523 -0.3642578 0.4655762
v -0.06925416 0.03470022 0.03998391
vt 0.0991763 1.147001
vn -0.6977539 -0.5917969 0.402832
v -0.06114621 0.02547178 0.03530278
vt 0.09900118 1.120505
vn -0.5253906 -0.7949219 0.3032227
v -0.07503768 0.05114639 0.04332303
vt 0.09941495 1.18311
vn -0.8637695 -0.06842041 0.4987793
v -0.08090561 0.05116388 0.02758129
vt 0.06680036 1.181704
vn -0.9750977 -0.0758667 0.2075195
vt 0.06652678 1.187116
vt 0.03478545 1.182849
v -0.07994367 0.04497587 0.02691211
vt 0.06670035 1.168719
vn -0.9145508 -0.357666 0.1882324
v -0.08181389 0.05128667 0.01135037
vt 0.0350588 1.177619
vn -0.9931641 -0.08734131 -0.07324219
v -0.07912171 0.05114897 0.004017432
vt 0.01953978 1.175398
vn -0.9135742 -0.09075928 -0.3955078
vt 0.01910371 1.181338
v -0.08029847 0.0449824 0.01096335
vt 0.03534335 1.163921
vn -0.9355469 -0.3432617 -0.07928467
v -0.07524806 0.03478267 0.02477688
vt 0.06670351 1.145436
vn -0.8007813 -0.5761719 0.1625977
v -0.07679212 0.05087625 1.387779E-19
vt 0.009894019 1.173793
vn -0.9941406 -0.1077271 0
vt 0.009345535 1.181356
v -0.07781068 0.04484542 0.004023635
vt 0.02068109 1.160455
vn -0.878418 -0.3132324 -0.3598633
v -0.07543822 0.044598 1.387779E-19
vt 0.01147426 1.157161
vn -0.9414063 -0.3364258 0
v -0.07539092 0.03527572 0.01039614
vt 0.03794897 1.140664
vn -0.8369141 -0.5424805 -0.07122803
v -0.07366655 0.03555329 0.004111413
vt 0.02504141 1.136971
vn -0.8144531 -0.494873 -0.3017578
v -0.07178748 0.03587903 2.451198E-12
vt 0.01616139 1.133709
vn -0.8588867 -0.5112305 0
v -0.06695221 0.0258085 0.02137234
vt 0.06741322 1.119679
vn -0.6113281 -0.78125 0.1246338
v -0.06773825 0.02646135 0.0095355
vt 0.04297173 1.115555
vn -0.6538086 -0.7548828 -0.04577637
v -0.06708901 0.02701397 0.003807811
vt 0.03122586 1.112561
vn -0.6669922 -0.715332 -0.206665
v -0.06559989 0.02741097 -7.423583E-12
vt 0.02350778 1.108808
vn -0.6816406 -0.7314453 0
v -0.05388553 0.01793882 0.01728219
vt 0.07195617 1.087204
vn -0.4064941 -0.9086914 0.09295654
v -0.05510386 0.01867791 0.003653184
vt 0.04290134 1.080812
vn -0.3930664 -0.90625 -0.1529541
v -0.05469723 0.01891835 1.387779E-19
vt 0.03571761 1.077783
vn -0.364502 -0.9306641 0
v -0.0552652 0.01837533 0.00881037
vt 0.05341208 1.084248
vn -0.434082 -0.8999023 -0.03875732
vt 0.06134677 1.038359
vn -0.2370605 -0.9589844 -0.15271
vt 0.05900216 1.022455
vn -0.2346191 -0.9716797 0
vt 0.06478036 1.059439
vn -0.2653809 -0.9619141 -0.06124878
vt 0.07878185 1.059405
vn -0.2259521 -0.9711914 0.07104492
v -0.0492873 0.01767352 0.02845603
vt 0.09878863 1.088349
vn -0.3461914 -0.9165039 0.1999512
vt 0.0985942 1.058934
vn -0.1899414 -0.9755859 0.1096802
vt 0.3356268 1.022455
vt 0.3593375 1.076349
vt 0.3335388 1.037829
vn -0.2370605 -0.9589844 0.15271
v -0.05510386 0.01867791 -0.003653184
vt 0.3522961 1.079433
vn -0.3930664 -0.90625 0.1529541
vt 0.3717864 1.106767
vt 0.3304405 1.058658
vn -0.2653809 -0.9619141 0.06124878
v -0.06708901 0.02701397 -0.003807811
vt 0.3642274 1.110572
vn -0.6669922 -0.715332 0.206665
vt 0.3793555 1.131208
v -0.0552652 0.01837533 -0.00881037
vt 0.3419812 1.082964
vn -0.434082 -0.8999023 0.03875732
v -0.05388553 0.01793882 -0.01728219
vt 0.3237433 1.086133
vn -0.4064941 -0.9086914 -0.09295654
vt 0.3166393 1.058815
vn -0.2259521 -0.9711914 -0.07104492
v -0.06773853 0.02646158 -0.009535918
vt 0.3526877 1.113687
vn -0.6567383 -0.7524414 0.04122925
v -0.07366655 0.03555329 -0.004111413
vt 0.370643 1.134543
vn -0.8144531 -0.494873 0.3017578
vt 0.3842895 1.154252
v -0.06695287 0.0258091 -0.02137261
vt 0.3286581 1.118104
vn -0.6166992 -0.7768555 -0.1260986
v -0.07781068 0.04484542 -0.004023635
vt 0.3752555 1.15762
vn -0.878418 -0.3132324 0.3598633
v -0.07539091 0.03527603 -0.01039468
vt 0.3579645 1.138359
vn -0.8359375 -0.5444336 0.06304932
vt 0.3860739 1.17062
vt 0.3770975 1.178179
vt 0.3867188 1.178066
v -0.07912171 0.05114897 -0.004017432
vt 0.3765857 1.172331
vn -0.9135742 -0.09075928 0.3955078
vt 0.3616592 1.179878
v -0.08029847 0.0449824 -0.01096335
vt 0.3608416 1.161225
vn -0.9335938 -0.3498535 0.0748291
v -0.08181389 0.05128667 -0.01135037
vt 0.3613167 1.174725
vn -0.9931641 -0.08734131 0.07324219
v -0.08090561 0.05116388 -0.02758129
vt 0.3300973 1.179173
vn -0.9750977 -0.07580566 -0.2075195
vt 0.33044 1.184507
vt 0.2971053 1.186315
v -0.07994367 0.04497587 -0.02691211
vt 0.3300225 1.16636
vn -0.9116211 -0.3654785 -0.1870117
v -0.07498021 0.03497469 -0.02472701
vt 0.3296992 1.143459
vn -0.800293 -0.5766602 -0.1624756
v -0.07400125 0.04490572 -0.04272464
vt 0.2971051 1.168406
vn -0.8061523 -0.3684082 -0.4624023
v -0.06925368 0.03470039 -0.03998502
vt 0.2971051 1.145426
vn -0.699707 -0.5927734 -0.3984375
v -0.06114667 0.02547203 -0.03530261
vt 0.2971051 1.11933
vn -0.5288086 -0.7929688 -0.302002
v -0.07503768 0.05114639 -0.04332303
vt 0.2971051 1.181018
vn -0.8637695 -0.06842041 -0.4987793
v -0.0643389 0.05116388 -0.05627566
vt 0.2658174 1.179658
vn -0.6669922 -0.07580566 -0.7407227
vt 0.2655499 1.184994
vt 0.2342508 1.180804
v -0.06327841 0.04497587 -0.0557772
vt 0.2657135 1.166856
vn -0.6201172 -0.357666 -0.6977539
v -0.05073665 0.05128667 -0.06517772
vt 0.2345181 1.175647
vn -0.4331055 -0.08734131 -0.8969727
v -0.04304005 0.05114897 -0.0665127
vt 0.2192153 1.173465
vn -0.1143799 -0.09075928 -0.9892578
vt 0.2187878 1.179322
v -0.04964377 0.0449824 -0.06405885
vt 0.2347928 1.162143
vn -0.3991699 -0.3432617 -0.8500977
v -0.05908144 0.03478267 -0.05277829
vt 0.265707 1.143904
vn -0.5410156 -0.5761719 -0.6118164
v -0.03839606 0.05087625 -0.06650393
vt 0.2097037 1.171887
vn -0.4970703 -0.1077271 -0.8608398
vt 0.209166 1.179344
v -0.04238991 0.04484542 -0.06537421
vt 0.2203341 1.158732
vn -0.1274414 -0.3132324 -0.940918
v -0.03771911 0.044598 -0.06533141
vt 0.2112547 1.155488
vn -0.4707031 -0.3364258 -0.8154297
v -0.04669878 0.03527572 -0.06009237
vt 0.2373521 1.139212
vn -0.3566895 -0.5424805 -0.7602539
v -0.04039386 0.03555329 -0.06174139
vt 0.2246234 1.135578
vn -0.145752 -0.494873 -0.8564453
v -0.03589374 0.03587903 -0.06216978
vt 0.2158664 1.132365
vn -0.4294434 -0.5112305 -0.7436523
v -0.05198509 0.0258085 -0.04729615
vt 0.2663974 1.118516
vn -0.4135742 -0.78125 -0.467041
v -0.04212711 0.02646135 -0.05389529
vt 0.2422944 1.114458
vn -0.2871094 -0.7548828 -0.5888672
v -0.03684217 0.02701397 -0.05619689
vt 0.2307114 1.11151
vn -0.154541 -0.715332 -0.6811523
v -0.03279994 0.02741097 -0.05681117
vt 0.2230996 1.107813
vn -0.3408203 -0.7314453 -0.590332
v -0.04190958 0.01793882 -0.03802514
vt 0.2708588 1.086499
vn -0.2836914 -0.9086914 -0.3056641
v -0.03071568 0.01867791 -0.04589476
vt 0.2422085 1.080206
vn -0.06396484 -0.90625 -0.416748
v -0.02734862 0.01891835 -0.0473692
vt 0.235124 1.077222
vn -0.182251 -0.9306641 -0.3156738
v -0.0352626 0.01837533 -0.04345588
vt 0.2525734 1.08359
vn -0.1834717 -0.8999023 -0.3952637
vt 0.2603764 1.038342
vn 0.01378632 -0.9589844 -0.2814941
vt 0.2580574 1.022455
vn -0.1173096 -0.9716797 -0.2032471
vt 0.2637705 1.059125
vn -0.07965088 -0.9619141 -0.2602539
vt 0.2775743 1.059088
vn -0.1745605 -0.9711914 -0.1601563
v -0.0492873 0.01767352 -0.02845603
vt 0.2971053 1.087621
vn -0.3461914 -0.9165039 -0.1999512
vt 0.2971051 1.058617
vn -0.1899414 -0.9755859 -0.1096802
vt 0.4604098 1.399942
vt 0.436821 1.34405
vt 0.4626793 1.383413
vn -0.2507324 -0.9589844 -0.1289063
v -0.02438818 0.01867791 -0.04954794
vt 0.4440017 1.340982
vn -0.3288574 -0.90625 -0.2636719
vt 0.4244433 1.313035
vt 0.4660175 1.362285
vn -0.1856689 -0.9619141 -0.1992188
v -0.03024685 0.02701397 -0.0600047
vt 0.4321556 1.309239
vn -0.512207 -0.715332 -0.4743652
vt 0.4169661 1.288129
v -0.02000259 0.01837533 -0.05226624
vt 0.4545125 1.33749
vn -0.2504883 -0.8999023 -0.3564453
v -0.01197595 0.01793882 -0.05530733
vt 0.4730718 1.334441
vn -0.1227417 -0.9086914 -0.3984375
vt 0.4800415 1.362251
vn -0.05145264 -0.9711914 -0.2312012
v -0.02561114 0.02646135 -0.06343079
vt 0.4439057 1.306184
vn -0.3664551 -0.7548828 -0.5429688
v -0.03327268 0.03555329 -0.06585281
vt 0.4258445 1.284819
vn -0.668457 -0.494873 -0.5541992
vt 0.4121594 1.264662
v -0.01496712 0.0258085 -0.06866848
vt 0.4683662 1.301936
vn -0.1977539 -0.78125 -0.5917969
v -0.03542077 0.04484542 -0.06939784
vt 0.421365 1.261319
vn -0.7509766 -0.3132324 -0.5805664
v -0.02869214 0.03527572 -0.07048852
vt 0.438755 1.28106
vn -0.4799805 -0.5424805 -0.6889648
vt 0.4104971 1.248011
vt 0.4196852 1.240411
vt 0.4099112 1.240439
v -0.03608166 0.05114897 -0.07053013
vt 0.4201504 1.246358
vn -0.7993164 -0.09075928 -0.5932617
vt 0.4353847 1.238822
v -0.0306547 0.0449824 -0.07502219
vt 0.4360338 1.257778
vn -0.5366211 -0.3432617 -0.7705078
v -0.03107724 0.05128667 -0.07652809
vt 0.4356833 1.24406
vn -0.5600586 -0.08734131 -0.8237305
v -0.0165667 0.05116388 -0.08385696
vt 0.4674556 1.239816
vn -0.3078613 -0.07580566 -0.9482422
vt 0.467156 1.234396
vt 0.5000001 1.232871
v -0.01666527 0.04497587 -0.0826893
vt 0.4674175 1.252822
vn -0.2941895 -0.357666 -0.8862305
v -0.01616662 0.03478267 -0.07755516
vt 0.4675322 1.276141
vn -0.2592773 -0.5761719 -0.7744141
v -9.88191E-20 0.04490572 -0.08544929
vt 0.5000001 1.251065
vn 0 -0.3642578 -0.9311523
v 5.985495E-12 0.03470022 -0.07996782
vt 0.5000001 1.27442
vn 0 -0.5917969 -0.8056641
v -3.027864E-13 0.02547178 -0.07060557
vt 0.5000001 1.300958
vn 0 -0.7949219 -0.6064453
v -9.038034E-20 0.05114639 -0.08664605
vt 0.5000001 1.238252
vn 0 -0.06842041 -0.9975586
v 0.0165667 0.05116388 -0.08385696
vt 0.5325446 1.239816
vn 0.3078613 -0.07580566 -0.9482422
vt 0.5328442 1.234396
vt 0.5646155 1.238822
v 0.01666527 0.04497587 -0.0826893
vt 0.5325826 1.252822
vn 0.2941895 -0.357666 -0.8862305
v 0.03107724 0.05128667 -0.07652809
vt 0.5643168 1.24406
vn 0.5600586 -0.08734131 -0.8237305
v 0.03608166 0.05114897 -0.07053013
vt 0.5798497 1.246358
vn 0.7993164 -0.09075928 -0.5932617
vt 0.5803148 1.240411
v 0.0306547 0.0449824 -0.07502219
vt 0.5639663 1.257777
vn 0.5366211 -0.3432617 -0.7705078
v 0.01616662 0.03478267 -0.07755516
vt 0.5324679 1.276141
vn 0.2592773 -0.5761719 -0.7744141
v 0.03839606 0.05087625 -0.06650393
vt 0.589503 1.248011
vn 0.4970703 -0.1077271 -0.8608398
vt 0.5900888 1.24044
v 0.03542077 0.04484542 -0.06939784
vt 0.578635 1.261319
vn 0.7509766 -0.3132324 -0.5805664
v 0.03771911 0.044598 -0.06533141
vt 0.5878406 1.264662
vn 0.4707031 -0.3364258 -0.8154297
v 0.02869214 0.03527572 -0.07048852
vt 0.5612452 1.28106
vn 0.4799805 -0.5424805 -0.6889648
v 0.03327268 0.03555329 -0.06585281
vt 0.5741556 1.284819
vn 0.668457 -0.494873 -0.5541992
v 0.03589374 0.03587903 -0.06216978
vt 0.5830341 1.288129
vn 0.4294434 -0.5112305 -0.7436523
v 0.01496712 0.0258085 -0.06866848
vt 0.5316339 1.301936
vn 0.1977539 -0.78125 -0.5917969
v 0.02561114 0.02646135 -0.06343079
vt 0.5560943 1.306184
vn 0.3664551 -0.7548828 -0.5429688
v 0.03024685 0.02701397 -0.0600047
vt 0.5678445 1.309238
vn 0.512207 -0.715332 -0.4743652
v 0.03279994 0.02741097 -0.05681117
vt 0.5755568 1.313035
vn 0.3408203 -0.7314453 -0.590332
v 0.01197595 0.01793882 -0.05530733
vt 0.5269284 1.33444
vn 0.1227417 -0.9086914 -0.3984375
v 0.02438818 0.01867791 -0.04954794
vt 0.5559985 1.340982
vn 0.3288574 -0.90625 -0.2636719
v 0.02734862 0.01891835 -0.0473692
vt 0.5631792 1.34405
vn 0.182251 -0.9306641 -0.3156738
v 0.02000259 0.01837533 -0.05226624
vt 0.5454877 1.33749
vn 0.2504883 -0.8999023 -0.3564453
vt 0.5373208 1.383413
vn 0.2507324 -0.9589844 -0.1289063
vt 0.5395904 1.399942
vn 0.1173096 -0.9716797 -0.2032471
vt 0.5339827 1.362284
vn 0.1856689 -0.9619141 -0.1992188
vt 0.5199587 1.362251
vn 0.05145264 -0.9711914 -0.2312012
v -1.470531E-19 0.01767352 -0.05691207
vt 0.5000001 1.333165
vn 0 -0.9165039 -0.3999023
vt 0.5000001 1.362628
vn 0 -0.9755859 -0.2193604
vt 0.5326653 1.022455
vn 0.1177368 -0.9716797 0.2039795
v 0.02734862 0.01891835 0.0473692
vt 0.5610436 1.075793
vn 0.1826172 -0.9306641 0.3161621
vt 0.5321912 1.039013
vn 0.2480469 -0.9594727 0.1314697
v 0.02438818 0.01867791 0.04954794
vt 0.5542406 1.079476
vn 0.328125 -0.9067383 0.2646484
v 0.03279994 0.02741097 0.05681117
vt 0.5745103 1.106181
vn 0.3408203 -0.7314453 0.590332
vt 0.5313033 1.060081
vn 0.1856689 -0.9619141 0.1992188
v 0.03024685 0.02701397 0.0600047
vt 0.5672582 1.110497
vn 0.512207 -0.715332 0.4743652
v 0.03589374 0.03587903 0.06216978
vt 0.5827665 1.13079
vn 0.4294434 -0.5112305 0.7436523
v 0.02000259 0.01837533 0.05226624
vt 0.5442202 1.08376
vn 0.2504883 -0.8999023 0.3564453
v 0.01197595 0.01793882 0.05530733
vt 0.5263169 1.087937
vn 0.1227417 -0.9086914 0.3984375
vt 0.5181555 1.061097
vn 0.05145264 -0.9711914 0.2312012
v 0.02561114 0.02646135 0.06343079
vt 0.5557737 1.114228
vn 0.3664551 -0.7548828 0.5429688
v 0.03327268 0.03555329 0.06585281
vt 0.5740784 1.13454
vn 0.668457 -0.494873 0.5541992
v 0.03771911 0.044598 0.06533141
vt 0.5879813 1.154085
vn 0.4707031 -0.3364258 0.8154297
v 0.01496712 0.0258085 0.06866848
vt 0.5316242 1.119517
vn 0.1977539 -0.78125 0.5917969
v 0.03542077 0.04484542 0.06939784
vt 0.5789064 1.157745
vn 0.7509766 -0.3132324 0.5805664
v 0.02869214 0.03527572 0.07048852
vt 0.561335 1.138827
vn 0.4799805 -0.5424805 0.6889648
v 0.03839606 0.05087625 0.06650393
vt 0.5898668 1.170705
vn 0.4970703 -0.1077271 0.8608398
vt 0.5808035 1.178485
vt 0.5905076 1.178273
v 0.03608166 0.05114897 0.07053013
vt 0.580291 1.172588
vn 0.7993164 -0.09075928 0.5932617
vt 0.565152 1.180349
v 0.0306547 0.0449824 0.07502219
vt 0.5643304 1.16167
vn 0.5366211 -0.3432617 0.7705078
v 0.03107724 0.05128667 0.07652809
vt 0.5648196 1.175183
vn 0.5600586 -0.08734131 0.8237305
v 0.0165667 0.05116388 0.08385696
vt 0.5329564 1.179689
vn 0.3078613 -0.07580566 0.9482422
vt 0.5332497 1.184968
vt 0.5 1.1864
v 0.01666527 0.04497587 0.0826893
vt 0.5328801 1.167073
vn 0.2941895 -0.357666 0.8862305
v 0.01616662 0.03478267 0.07755516
vt 0.5326336 1.144522
vn 0.2592773 -0.5761719 0.7744141
v -9.88191E-20 0.04490572 0.08544929
vt 0.5 1.168941
vn 0 -0.3642578 0.9311523
v -5.985495E-12 0.03470022 0.07996782
vt 0.5 1.146529
vn 0 -0.5917969 0.8056641
v 3.027861E-13 0.02547178 0.07060557
vt 0.5 1.121063
vn 0 -0.7949219 0.6064453
v -9.038034E-20 0.05114639 0.08664605
vt 0.5 1.181236
vn 0 -0.06842041 0.9975586
v -0.0165667 0.05116388 0.08385696
vt 0.4670436 1.179689
vn -0.3078613 -0.07580566 0.9482422
vt 0.4667504 1.184968
vt 0.434848 1.180349
v -0.01666527 0.04497587 0.0826893
vt 0.4671199 1.167073
vn -0.2941895 -0.357666 0.8862305
v -0.03107724 0.05128667 0.07652809
vt 0.4351804 1.175183
vn -0.5600586 -0.08734131 0.8237305
v -0.03608166 0.05114897 0.07053013
vt 0.4197089 1.172588
vn -0.7993164 -0.09075928 0.5932617
vt 0.4191965 1.178485
v -0.0306547 0.0449824 0.07502219
vt 0.4356696 1.16167
vn -0.5366211 -0.3432617 0.7705078
v -0.01616662 0.03478267 0.07755516
vt 0.4673664 1.144522
vn -0.2592773 -0.5761719 0.7744141
vt 0.4101332 1.170705
vt 0.4094923 1.178273
v -0.03542077 0.04484542 0.06939784
vt 0.4210936 1.157745
vn -0.7509766 -0.3132324 0.5805664
vt 0.4120187 1.154085
v -0.02869214 0.03527572 0.07048852
vt 0.438665 1.138827
vn -0.4799805 -0.5424805 0.6889648
v -0.03327268 0.03555329 0.06585281
vt 0.4259217 1.13454
vn -0.668457 -0.494873 0.5541992
vt 0.4172335 1.13079
v -0.01496712 0.0258085 0.06866848
vt 0.4683758 1.119517
vn -0.1977539 -0.78125 0.5917969
v -0.02561114 0.02646135 0.06343079
vt 0.4442264 1.114228
vn -0.3664551 -0.7548828 0.5429688
v -0.03024685 0.02701397 0.0600047
vt 0.4327418 1.110497
vn -0.512207 -0.715332 0.4743652
vt 0.4254897 1.106181
v -0.01197595 0.01793882 0.05530733
vt 0.4736832 1.087937
vn -0.1227417 -0.9086914 0.3984375
v -0.02438818 0.01867791 0.04954794
vt 0.4457595 1.079476
vn -0.328125 -0.9067383 0.2646484
vt 0.4389564 1.075793
v -0.02000259 0.01837533 0.05226624
vt 0.4557799 1.08376
vn -0.2504883 -0.8999023 0.3564453
vt 0.467809 1.039013
vn -0.2480469 -0.9594727 0.1314697
vt 0.4673347 1.022455
vt 0.4686967 1.060081
vn -0.1856689 -0.9619141 0.1992188
vt 0.4818446 1.061097
vn -0.05145264 -0.9711914 0.2312012
v -1.470531E-19 0.01767352 0.05691207
vt 0.5 1.090156
vn 0 -0.9165039 0.3999023
vt 0.5 1.061883
vn 0 -0.9755859 0.2193604
vt 0.9409978 1.022455
vn 0.2346191 -0.9716797 0
v 0.05469723 0.01891835 1.387779E-19
vt 0.9642824 1.077783
vn 0.364502 -0.9306641 0
vt 0.9386532 1.038359
vn 0.2370605 -0.9589844 -0.15271
v 0.05510386 0.01867791 0.003653184
vt 0.9570986 1.080812
vn 0.3930664 -0.90625 -0.1529541
v 0.06559989 0.02741097 6.80495E-12
vt 0.9764922 1.108808
vn 0.6816406 -0.7314453 0
vt 0.9352196 1.059439
vn 0.2653809 -0.9619141 -0.06124878
v 0.06708901 0.02701397 0.003807811
vt 0.9687741 1.112561
vn 0.6669922 -0.715332 -0.206665
v 0.07178748 0.03587903 -2.451197E-12
vt 0.9838386 1.133709
vn 0.8588867 -0.5112305 0
v 0.0552652 0.01837533 0.00881037
vt 0.9465879 1.084248
vn 0.434082 -0.8999023 -0.03875732
v 0.05388553 0.01793882 0.01728219
vt 0.928044 1.087204
vn 0.4064941 -0.9086914 0.09295654
vt 0.9212182 1.059405
vn 0.2259521 -0.9711914 0.07104492
v 0.06773825 0.02646135 0.0095355
vt 0.9570283 1.115555
vn 0.6538086 -0.7548828 -0.04577637
v 0.07366655 0.03555329 0.004111413
vt 0.9749587 1.136971
vn 0.8144531 -0.494873 -0.3017578
v 0.07543822 0.044598 1.387779E-19
vt 0.9885257 1.157161
vn 0.9414063 -0.3364258 0
v 0.06695221 0.0258085 0.02137234
vt 0.9325869 1.119679
vn 0.6113281 -0.78125 0.1246338
v 0.07781068 0.04484542 0.004023635
vt 0.9793189 1.160455
vn 0.878418 -0.3132324 -0.3598633
v 0.07539092 0.03527572 0.01039614
vt 0.9620512 1.140663
vn 0.8369141 -0.5424805 -0.07122803
v 0.07679212 0.05087625 1.387779E-19
vt 0.990106 1.173793
vn 0.9941406 -0.1077271 0
vt 0.9808962 1.181338
vt 0.9906545 1.181356
v 0.07912171 0.05114897 0.004017432
vt 0.9804602 1.175398
vn 0.9135742 -0.09075928 -0.3955078
vt 0.9652146 1.182848
v 0.08029847 0.0449824 0.01096335
vt 0.9646566 1.163921
vn 0.9355469 -0.3432617 -0.07928467
v 0.08181389 0.05128667 0.01135037
vt 0.9649411 1.177619
vn 0.9931641 -0.08734131 -0.07324219
v 0.08090561 0.05116388 0.02758129
vt 0.9331996 1.181704
vn 0.9750977 -0.07580566 0.2075195
vt 0.9334732 1.187116
vt 0.9005495 1.188482
v 0.07994367 0.04497587 0.02691211
vt 0.9332997 1.168719
vn 0.9145508 -0.357666 0.1882324
v 0.07524806 0.03478267 0.02477688
vt 0.9332964 1.145436
vn 0.8007813 -0.5761719 0.1625977
v 0.07400125 0.04490572 0.04272464
vt 0.9006697 1.170318
vn 0.8061523 -0.3642578 0.4655762
v 0.06925416 0.03470022 0.03998391
vt 0.9008238 1.147
vn 0.6977539 -0.5917969 0.402832
v 0.06114621 0.02547178 0.03530278
vt 0.900999 1.120505
vn 0.5253906 -0.7949219 0.3032227
v 0.07503768 0.05114639 0.04332303
vt 0.9005851 1.18311
vn 0.8637695 -0.06842041 0.4987793
v 0.0643389 0.05116388 0.05627566
vt 0.867992 1.181273
vn 0.6669922 -0.07580566 0.7407227
vt 0.8676471 1.186681
vt 0.8359648 1.181994
v 0.06327841 0.04497587 0.0557772
vt 0.8680637 1.168287
vn 0.6201172 -0.357666 0.6977539
v 0.05073665 0.05128667 0.06517772
vt 0.8363072 1.176769
vn 0.4331055 -0.08734131 0.8969727
v 0.04304005 0.05114897 0.0665127
vt 0.8208191 1.174343
vn 0.1143799 -0.09075928 0.9892578
vt 0.8203045 1.180276
v 0.04964377 0.0449824 0.06405885
vt 0.8367729 1.163076
vn 0.3991699 -0.3432617 0.8500977
v 0.05908144 0.03478267 0.05277829
vt 0.8683746 1.145007
vn 0.5410156 -0.5761719 0.6118164
vt 0.8111953 1.172611
vt 0.8105469 1.180166
v 0.04238991 0.04484542 0.06537421
vt 0.8221579 1.159416
vn 0.1274414 -0.3132324 0.940918
vt 0.8129953 1.156001
v 0.04669878 0.03527572 0.06009237
vt 0.8396857 1.139854
vn 0.3566895 -0.5424805 0.7602539
v 0.04039386 0.03555329 0.06174139
vt 0.8268281 1.135992
vn 0.145752 -0.494873 0.8564453
vt 0.817992 1.132613
v 0.05198509 0.0258085 0.04729615
vt 0.8694247 1.119262
vn 0.4135742 -0.78125 0.467041
v 0.04212711 0.02646135 0.05389529
vt 0.84504 1.114815
vn 0.2871094 -0.7548828 0.5888672
v 0.03684217 0.02701397 0.05619689
vt 0.83321 1.111665
vn 0.154541 -0.715332 0.6811523
vt 0.8256669 1.107811
v 0.04190958 0.01793882 0.03802514
vt 0.8743966 1.086849
vn 0.2836914 -0.9086914 0.3056641
v 0.03071568 0.01867791 0.04589476
vt 0.8454288 1.080074
vn 0.06524658 -0.9067383 0.4165039
vt 0.8382857 1.07695
v 0.0352626 0.01837533 0.04345588
vt 0.8558933 1.083649
vn 0.1834717 -0.8999023 0.3952637
vt 0.8644339 1.037869
vn -0.01017761 -0.9594727 0.2805176
vt 0.8623064 1.022455
vt 0.8675884 1.058992
vn 0.07965088 -0.9619141 0.2602539
vt 0.8815894 1.059143
vn 0.1745605 -0.9711914 0.1601563
v 0.0492873 0.01767352 0.02845603
vt 0.9012114 1.088349
vn 0.3461914 -0.9165039 0.1999512
vt 0.9014058 1.058934
vn 0.1899414 -0.9755859 0.1096802
vt 0.7419426 1.022455
vt 0.764876 1.077222
vt 0.7396237 1.038342
vn -0.01378632 -0.9589844 -0.2814941
v 0.03071568 0.01867791 -0.04589476
vt 0.7577915 1.080206
vn 0.06396484 -0.90625 -0.416748
vt 0.7769004 1.107813
vt 0.7362295 1.059125
vn 0.07965088 -0.9619141 -0.2602539
v 0.03684217 0.02701397 -0.05619689
vt 0.7692885 1.11151
vn 0.154541 -0.715332 -0.6811523
vt 0.7841337 1.132365
v 0.0352626 0.01837533 -0.04345588
vt 0.7474265 1.08359
vn 0.1834717 -0.8999023 -0.3952637
v 0.04190958 0.01793882 -0.03802514
vt 0.7291412 1.086499
vn 0.2836914 -0.9086914 -0.3056641
vt 0.7224257 1.059088
vn 0.1745605 -0.9711914 -0.1601563
v 0.04212711 0.02646135 -0.05389529
vt 0.7577057 1.114458
vn 0.2871094 -0.7548828 -0.5888672
v 0.04039386 0.03555329 -0.06174139
vt 0.7753766 1.135578
vn 0.145752 -0.494873 -0.8564453
vt 0.7887454 1.155488
v 0.05198509 0.0258085 -0.04729615
vt 0.7336026 1.118516
vn 0.4135742 -0.78125 -0.467041
v 0.04238991 0.04484542 -0.06537421
vt 0.7796658 1.158732
vn 0.1274414 -0.3132324 -0.940918
v 0.04669878 0.03527572 -0.06009237
vt 0.7626479 1.139212
vn 0.3566895 -0.5424805 -0.7602539
vt 0.7902963 1.171887
vt 0.7812121 1.179322
vt 0.790834 1.179344
v 0.04304005 0.05114897 -0.0665127
vt 0.7807847 1.173465
vn 0.1143799 -0.09075928 -0.9892578
vt 0.7657491 1.180804
v 0.04964377 0.0449824 -0.06405885
vt 0.7652073 1.162143
vn 0.3991699 -0.3432617 -0.8500977
v 0.05073665 0.05128667 -0.06517772
vt 0.7654819 1.175647
vn 0.4331055 -0.08734131 -0.8969727
v 0.0643389 0.05116388 -0.05627566
vt 0.7341825 1.179658
vn 0.6669922 -0.07580566 -0.7407227
vt 0.7344501 1.184994
vt 0.7028949 1.186315
v 0.06327841 0.04497587 -0.0557772
vt 0.7342865 1.166856
vn 0.6201172 -0.357666 -0.6977539
v 0.05908144 0.03478267 -0.05277829
vt 0.734293 1.143904
vn 0.5410156 -0.5761719 -0.6118164
v 0.07400125 0.04490572 -0.04272464
vt 0.7028949 1.168406
vn 0.8061523 -0.3684082 -0.4624023
v 0.06925368 0.03470039 -0.03998502
vt 0.7028949 1.145426
vn 0.699707 -0.5927734 -0.3984375
v 0.06114667 0.02547203 -0.03530261
vt 0.7028949 1.11933
vn 0.5288086 -0.7929688 -0.302002
v 0.07503768 0.05114639 -0.04332303
vt 0.7028949 1.181018
vn 0.8637695 -0.06842041 -0.4987793
v 0.08090561 0.05116388 -0.02758129
vt 0.6699027 1.179173
vn 0.9750977 -0.0758667 -0.2075195
vt 0.66956 1.184507
vt 0.638341 1.179878
v 0.07994367 0.04497587 -0.02691211
vt 0.6699774 1.16636
vn 0.9116211 -0.3654785 -0.1870117
v 0.08181389 0.05128667 -0.01135037
vt 0.6386833 1.174725
vn 0.9931641 -0.08734131 0.07324219
v 0.07912171 0.05114897 -0.004017432
vt 0.6234144 1.17233
vn 0.9135742 -0.09075928 0.3955078
vt 0.6229025 1.178179
v 0.08029847 0.0449824 -0.01096335
vt 0.6391584 1.161225
vn 0.9335938 -0.3498535 0.0748291
v 0.07498021 0.03497469 -0.02472701
vt 0.6703008 1.143459
vn 0.800293 -0.5766602 -0.1624756
vt 0.6139261 1.17062
vt 0.6132813 1.178066
v 0.07781068 0.04484542 -0.004023635
vt 0.6247445 1.15762
vn 0.878418 -0.3132324 0.3598633
vt 0.6157106 1.154252
v 0.07539091 0.03527603 -0.01039468
vt 0.6420356 1.138359
vn 0.8359375 -0.5444336 0.06304932
v 0.07366655 0.03555329 -0.004111413
vt 0.629357 1.134543
vn 0.8144531 -0.494873 0.3017578
vt 0.6206445 1.131208
v 0.06695287 0.0258091 -0.02137261
vt 0.6713419 1.118104
vn 0.6166992 -0.7768555 -0.1260986
v 0.06773853 0.02646158 -0.009535918
vt 0.6473123 1.113687
vn 0.6567383 -0.7524414 0.04122925
v 0.06708901 0.02701397 -0.003807811
vt 0.6357726 1.110572
vn 0.6669922 -0.715332 0.206665
vt 0.6282136 1.106767
v 0.05388553 0.01793882 -0.01728219
vt 0.6762567 1.086133
vn 0.4064941 -0.9086914 -0.09295654
v 0.05510386 0.01867791 -0.003653184
vt 0.6477039 1.079433
vn 0.3930664 -0.90625 0.1529541
vt 0.6406626 1.076349
v 0.0552652 0.01837533 -0.00881037
vt 0.6580188 1.082964
vn 0.434082 -0.8999023 0.03875732
vt 0.6664612 1.037829
vn 0.2370605 -0.9589844 0.15271
vt 0.6643732 1.022455
vt 0.6695595 1.058658
vn 0.2653809 -0.9619141 0.06124878
vt 0.6833607 1.058815
vn 0.2259521 -0.9711914 -0.07104492
v 0.0492873 0.01767352 -0.02845603
vt 0.7028949 1.087621
vn 0.3461914 -0.9165039 -0.1999512
vt 0.7028949 1.058617
vn 0.1899414 -0.9755859 -0.1096802
o pm0812_00_00_body_b_mesh_shape_body_b
g polygon_0
usemtl body_b
f 1145/1502/1296 1297/1503/1297 1150/1504/1298
f 1150/1504/1298 1297/1503/1297 1298/1505/1299
f 1297/1503/1297 1299/1506/1300 1298/1505/1299
f 1150/1504/1298 1298/1505/1299 1153/1507/1301
f 1298/1505/1299 1299/1506/1300 1300/1508/1302
f 1301/1509/1303 1300/1508/1302 1299/1506/1300
f 1153/1507/1301 1298/1505/1299 1302/1510/1304
f 1300/1508/1302 1302/1510/1304 1298/1505/1299
f 1303/1511/1305 1153/1507/1301 1302/1510/1304
f 1159/1512/1306 1153/1507/1301 1303/1511/1305
f 1304/1513/1307 1302/1510/1304 1300/1508/1302
f 1304/1513/1307 1303/1511/1305 1302/1510/1304
f 1305/1514/1308 1300/1508/1302 1301/1509/1303
f 1305/1514/1308 1304/1513/1307 1300/1508/1302
f 1306/1515/1309 1305/1514/1308 1301/1509/1303
f 1307/1516/1310 1303/1511/1305 1304/1513/1307
f 1308/1517/1311 1305/1514/1308 1306/1515/1309
f 1309/1518/1312 1304/1513/1307 1305/1514/1308
f 1308/1517/1311 1309/1518/1312 1305/1514/1308
f 1309/1518/1312 1307/1516/1310 1304/1513/1307
f 1310/1519/1313 1308/1517/1311 1306/1515/1309
f 1017/1520/1016 1310/1519/1313 1018/1521/1017
f 1311/1522/1314 1310/1519/1313 1017/1520/1016
f 1311/1522/1314 1308/1517/1311 1310/1519/1313
f 1016/1523/1015 1311/1522/1314 1017/1520/1016
f 1311/1522/1314 1312/1524/1315 1308/1517/1311
f 1312/1524/1315 1309/1518/1312 1308/1517/1311
f 1313/1525/1316 1311/1522/1314 1016/1523/1015
f 1313/1525/1316 1312/1524/1315 1311/1522/1314
f 1016/1523/1015 1314/1526/1317 1313/1525/1316
f 1015/1527/1014 1314/1526/1317 1016/1523/1015
f 1014/1528/1013 1314/1526/1317 1015/1527/1014
f 1313/1525/1316 1315/1529/1318 1312/1524/1315
f 1314/1526/1317 1315/1529/1318 1313/1525/1316
f 1312/1524/1315 1316/1530/1319 1309/1518/1312
f 1315/1529/1318 1316/1530/1319 1312/1524/1315
f 1316/1530/1319 1307/1516/1310 1309/1518/1312
f 1315/1529/1318 1314/1526/1317 1317/1531/1320
f 1316/1530/1319 1315/1529/1318 1318/1532/1321
f 1318/1532/1321 1315/1529/1318 1317/1531/1320
f 1316/1530/1319 1319/1533/1322 1307/1516/1310
f 1318/1532/1321 1319/1533/1322 1316/1530/1319
f 1317/1531/1320 1314/1526/1317 1320/1534/1323
f 1320/1534/1323 1314/1526/1317 1014/1528/1013
f 1320/1534/1323 1014/1528/1013 1321/1535/1324
f 1320/1534/1323 1321/1535/1324 1317/1531/1320
f 1321/1535/1324 1014/1528/1013 1013/1536/1012
f 1013/1536/1012 1012/1537/1011 1321/1535/1324
f 1317/1531/1320 1321/1535/1324 1322/1538/1325
f 1317/1531/1320 1322/1538/1325 1318/1532/1321
f 1321/1535/1324 1012/1537/1011 1323/1539/1326
f 1321/1535/1324 1323/1539/1326 1322/1538/1325
f 1012/1537/1011 1324/1540/1327 1323/1539/1326
f 1011/1541/1010 1324/1540/1327 1012/1537/1011
f 1322/1538/1325 1323/1539/1326 1325/1542/1328
f 1323/1539/1326 1324/1540/1327 1325/1542/1328
f 1318/1532/1321 1322/1538/1325 1326/1543/1329
f 1322/1538/1325 1325/1542/1328 1326/1543/1329
f 1318/1532/1321 1326/1543/1329 1319/1533/1322
f 1011/1541/1010 1327/1544/1330 1324/1540/1327
f 1010/1545/1009 1327/1544/1330 1011/1541/1010
f 1324/1540/1327 1327/1544/1330 1328/1546/1331
f 1325/1542/1328 1324/1540/1327 1328/1546/1331
f 1328/1546/1331 1327/1544/1330 1329/1547/1332
f 1326/1543/1329 1325/1542/1328 1330/1548/1333
f 1325/1542/1328 1328/1546/1331 1330/1548/1333
f 1328/1546/1331 1329/1547/1332 1331/1549/1334
f 1330/1548/1333 1328/1546/1331 1331/1549/1334
f 1331/1549/1334 1329/1547/1332 1332/1550/1335
f 1326/1543/1329 1330/1548/1333 1333/1551/1336
f 1319/1533/1322 1326/1543/1329 1333/1551/1336
f 1330/1548/1333 1331/1549/1334 1334/1552/1337
f 1333/1551/1336 1330/1548/1333 1334/1552/1337
f 1331/1549/1334 1332/1550/1335 1335/1553/1338
f 1334/1552/1337 1331/1549/1334 1335/1553/1338
f 1335/1553/1338 1332/1550/1335 1336/1554/1339
f 1334/1552/1337 1337/1555/1340 1333/1551/1336
f 1335/1553/1338 1336/1554/1339 1338/1556/1341
f 1338/1556/1341 1336/1554/1339 1339/1557/1342
f 1335/1553/1338 1340/1558/1343 1334/1552/1337
f 1338/1556/1341 1340/1558/1343 1335/1553/1338
f 1340/1558/1343 1337/1555/1340 1334/1552/1337
f 1338/1556/1341 1339/1557/1342 1170/1559/1344
f 1170/1559/1344 1339/1557/1342 1172/1560/1345
f 1170/1559/1344 1168/1561/1346 1338/1556/1341
f 1338/1556/1341 1168/1561/1346 1340/1558/1343
f 1168/1561/1346 1337/1555/1340 1340/1558/1343
f 1165/1562/1347 1337/1555/1340 1168/1561/1346
f 1165/1562/1347 1341/1563/1348 1337/1555/1340
f 1337/1555/1340 1341/1563/1348 1333/1551/1336
f 1333/1551/1336 1341/1563/1348 1319/1533/1322
f 1161/1564/1349 1341/1563/1348 1165/1562/1347
f 1319/1533/1322 1341/1563/1348 1307/1516/1310
f 1159/1512/1306 1341/1563/1348 1161/1564/1349
f 1307/1516/1310 1341/1563/1348 1303/1511/1305
f 1303/1511/1305 1341/1563/1348 1159/1512/1306
f 1172/1565/1345 1339/1566/1342 1178/1567/1350
f 1178/1567/1350 1339/1566/1342 1342/1568/1351
f 1339/1566/1342 1336/1569/1339 1342/1568/1351
f 1178/1567/1350 1342/1568/1351 1182/1570/1352
f 1342/1568/1351 1336/1569/1339 1343/1571/1353
f 1332/1572/1335 1343/1571/1353 1336/1569/1339
f 1182/1570/1352 1342/1568/1351 1344/1573/1354
f 1343/1571/1353 1344/1573/1354 1342/1568/1351
f 1345/1574/1355 1182/1570/1352 1344/1573/1354
f 1185/1575/1356 1182/1570/1352 1345/1574/1355
f 1346/1576/1357 1344/1573/1354 1343/1571/1353
f 1346/1576/1357 1345/1574/1355 1344/1573/1354
f 1347/1577/1358 1343/1571/1353 1332/1572/1335
f 1347/1577/1358 1346/1576/1357 1343/1571/1353
f 1329/1578/1332 1347/1577/1358 1332/1572/1335
f 1348/1579/1359 1345/1574/1355 1346/1576/1357
f 1349/1580/1360 1347/1577/1358 1329/1578/1332
f 1350/1581/1361 1346/1576/1357 1347/1577/1358
f 1349/1580/1360 1350/1581/1361 1347/1577/1358
f 1350/1581/1361 1348/1579/1359 1346/1576/1357
f 1327/1582/1330 1349/1580/1360 1329/1578/1332
f 1009/1583/1008 1327/1582/1330 1010/1584/1009
f 1351/1585/1362 1327/1582/1330 1009/1583/1008
f 1351/1585/1362 1349/1580/1360 1327/1582/1330
f 1008/1586/1007 1351/1585/1362 1009/1583/1008
f 1351/1585/1362 1352/1587/1363 1349/1580/1360
f 1352/1587/1363 1350/1581/1361 1349/1580/1360
f 1353/1588/1364 1351/1585/1362 1008/1586/1007
f 1353/1588/1364 1352/1587/1363 1351/1585/1362
f 1008/1586/1007 1354/1589/1365 1353/1588/1364
f 1007/1590/1006 1354/1589/1365 1008/1586/1007
f 1006/1591/1005 1354/1589/1365 1007/1590/1006
f 1353/1588/1364 1355/1592/1366 1352/1587/1363
f 1354/1589/1365 1355/1592/1366 1353/1588/1364
f 1352/1587/1363 1356/1593/1367 1350/1581/1361
f 1355/1592/1366 1356/1593/1367 1352/1587/1363
f 1356/1593/1367 1348/1579/1359 1350/1581/1361
f 1355/1592/1366 1354/1589/1365 1357/1594/1368
f 1356/1593/1367 1355/1592/1366 1358/1595/1369
f 1358/1595/1369 1355/1592/1366 1357/1594/1368
f 1356/1593/1367 1359/1596/1370 1348/1579/1359
f 1358/1595/1369 1359/1596/1370 1356/1593/1367
f 1357/1594/1368 1354/1589/1365 1360/1597/1371
f 1360/1597/1371 1354/1589/1365 1006/1591/1005
f 1360/1597/1371 1006/1591/1005 1361/1598/1372
f 1360/1597/1371 1361/1598/1372 1357/1594/1368
f 1361/1598/1372 1006/1591/1005 1005/1599/1004
f 1005/1599/1004 1004/1600/1003 1361/1598/1372
f 1357/1594/1368 1361/1598/1372 1362/1601/1373
f 1357/1594/1368 1362/1601/1373 1358/1595/1369
f 1361/1598/1372 1004/1600/1003 1363/1602/1374
f 1361/1598/1372 1363/1602/1374 1362/1601/1373
f 1004/1600/1003 1364/1603/1375 1363/1602/1374
f 1003/1604/1002 1364/1603/1375 1004/1600/1003
f 1362/1601/1373 1363/1602/1374 1365/1605/1376
f 1363/1602/1374 1364/1603/1375 1365/1605/1376
f 1358/1595/1369 1362/1601/1373 1366/1606/1377
f 1362/1601/1373 1365/1605/1376 1366/1606/1377
f 1358/1595/1369 1366/1606/1377 1359/1596/1370
f 1003/1604/1002 1367/1607/1378 1364/1603/1375
f 1002/1608/1001 1367/1607/1378 1003/1604/1002
f 1364/1603/1375 1367/1607/1378 1368/1609/1379
f 1365/1605/1376 1364/1603/1375 1368/1609/1379
f 1368/1609/1379 1367/1607/1378 1369/1610/1380
f 1366/1606/1377 1365/1605/1376 1370/1611/1381
f 1365/1605/1376 1368/1609/1379 1370/1611/1381
f 1368/1609/1379 1369/1610/1380 1371/1612/1382
f 1370/1611/1381 1368/1609/1379 1371/1612/1382
f 1371/1612/1382 1369/1610/1380 1372/1613/1383
f 1366/1606/1377 1370/1611/1381 1373/1614/1384
f 1359/1596/1370 1366/1606/1377 1373/1614/1384
f 1370/1611/1381 1371/1612/1382 1374/1615/1385
f 1373/1614/1384 1370/1611/1381 1374/1615/1385
f 1371/1612/1382 1372/1613/1383 1375/1616/1386
f 1374/1615/1385 1371/1612/1382 1375/1616/1386
f 1375/1616/1386 1372/1613/1383 1376/1617/1387
f 1374/1615/1385 1377/1618/1388 1373/1614/1384
f 1375/1616/1386 1376/1617/1387 1378/1619/1389
f 1378/1619/1389 1376/1617/1387 1379/1620/1390
f 1375/1616/1386 1380/1621/1391 1374/1615/1385
f 1378/1619/1389 1380/1621/1391 1375/1616/1386
f 1380/1621/1391 1377/1618/1388 1374/1615/1385
f 1378/1619/1389 1379/1620/1390 1198/1622/1392
f 1198/1622/1392 1379/1620/1390 1201/1623/1393
f 1198/1622/1392 1196/1624/1394 1378/1619/1389
f 1378/1619/1389 1196/1624/1394 1380/1621/1391
f 1196/1624/1394 1377/1618/1388 1380/1621/1391
f 1193/1625/1395 1377/1618/1388 1196/1624/1394
f 1193/1625/1395 1381/1626/1396 1377/1618/1388
f 1377/1618/1388 1381/1626/1396 1373/1614/1384
f 1373/1614/1384 1381/1626/1396 1359/1596/1370
f 1188/1627/1397 1381/1626/1396 1193/1625/1395
f 1359/1596/1370 1381/1626/1396 1348/1579/1359
f 1185/1575/1356 1381/1626/1396 1188/1627/1397
f 1348/1579/1359 1381/1626/1396 1345/1574/1355
f 1345/1574/1355 1381/1626/1396 1185/1575/1356
f 1201/1628/1393 1379/1629/1390 1207/1630/1398
f 1207/1630/1398 1379/1629/1390 1382/1631/1399
f 1379/1629/1390 1376/1632/1387 1382/1631/1399
f 1207/1630/1398 1382/1631/1399 1210/1633/1400
f 1382/1631/1399 1376/1632/1387 1383/1634/1401
f 1372/1635/1383 1383/1634/1401 1376/1632/1387
f 1210/1633/1400 1382/1631/1399 1384/1636/1402
f 1383/1634/1401 1384/1636/1402 1382/1631/1399
f 1385/1637/1403 1210/1633/1400 1384/1636/1402
f 1213/1638/1404 1210/1633/1400 1385/1637/1403
f 1386/1639/1405 1384/1636/1402 1383/1634/1401
f 1386/1639/1405 1385/1637/1403 1384/1636/1402
f 1387/1640/1406 1383/1634/1401 1372/1635/1383
f 1387/1640/1406 1386/1639/1405 1383/1634/1401
f 1369/1641/1380 1387/1640/1406 1372/1635/1383
f 1388/1642/1407 1385/1637/1403 1386/1639/1405
f 1389/1643/1408 1387/1640/1406 1369/1641/1380
f 1390/1644/1409 1386/1639/1405 1387/1640/1406
f 1389/1643/1408 1390/1644/1409 1387/1640/1406
f 1390/1644/1409 1388/1642/1407 1386/1639/1405
f 1367/1645/1378 1389/1643/1408 1369/1641/1380
f 1001/1646/1000 1367/1645/1378 1002/1647/1001
f 1391/1648/1410 1367/1645/1378 1001/1646/1000
f 1391/1648/1410 1389/1643/1408 1367/1645/1378
f 1000/1649/999 1391/1648/1410 1001/1646/1000
f 1391/1648/1410 1392/1650/1411 1389/1643/1408
f 1392/1650/1411 1390/1644/1409 1389/1643/1408
f 1393/1651/1412 1391/1648/1410 1000/1649/999
f 1393/1651/1412 1392/1650/1411 1391/1648/1410
f 1000/1649/999 1394/1652/1413 1393/1651/1412
f 999/1653/998 1394/1652/1413 1000/1649/999
f 998/1654/997 1394/1652/1413 999/1653/998
f 1393/1651/1412 1395/1655/1414 1392/1650/1411
f 1394/1652/1413 1395/1655/1414 1393/1651/1412
f 1392/1650/1411 1396/1656/1415 1390/1644/1409
f 1395/1655/1414 1396/1656/1415 1392/1650/1411
f 1396/1656/1415 1388/1642/1407 1390/1644/1409
f 1395/1655/1414 1394/1652/1413 1397/1657/1416
f 1396/1656/1415 1395/1655/1414 1398/1658/1417
f 1398/1658/1417 1395/1655/1414 1397/1657/1416
f 1396/1656/1415 1399/1659/1418 1388/1642/1407
f 1398/1658/1417 1399/1659/1418 1396/1656/1415
f 1397/1657/1416 1394/1652/1413 1400/1660/1419
f 1400/1660/1419 1394/1652/1413 998/1654/997
f 1400/1660/1419 998/1654/997 1401/1661/1420
f 1400/1660/1419 1401/1661/1420 1397/1657/1416
f 1401/1661/1420 998/1654/997 1045/1662/1044
f 1045/1662/1044 1044/1663/1043 1401/1661/1420
f 1397/1657/1416 1401/1661/1420 1402/1664/1421
f 1397/1657/1416 1402/1664/1421 1398/1658/1417
f 1401/1661/1420 1044/1663/1043 1403/1665/1422
f 1401/1661/1420 1403/1665/1422 1402/1664/1421
f 1044/1663/1043 1404/1666/1423 1403/1665/1422
f 1043/1667/1042 1404/1666/1423 1044/1663/1043
f 1402/1664/1421 1403/1665/1422 1405/1668/1424
f 1403/1665/1422 1404/1666/1423 1405/1668/1424
f 1398/1658/1417 1402/1664/1421 1406/1669/1425
f 1402/1664/1421 1405/1668/1424 1406/1669/1425
f 1398/1658/1417 1406/1669/1425 1399/1659/1418
f 1043/1667/1042 1407/1670/1426 1404/1666/1423
f 1042/1671/1041 1407/1670/1426 1043/1667/1042
f 1404/1666/1423 1407/1670/1426 1408/1672/1427
f 1405/1668/1424 1404/1666/1423 1408/1672/1427
f 1408/1672/1427 1407/1670/1426 1409/1673/1428
f 1406/1669/1425 1405/1668/1424 1410/1674/1429
f 1405/1668/1424 1408/1672/1427 1410/1674/1429
f 1408/1672/1427 1409/1673/1428 1411/1675/1430
f 1410/1674/1429 1408/1672/1427 1411/1675/1430
f 1411/1675/1430 1409/1673/1428 1412/1676/1431
f 1406/1669/1425 1410/1674/1429 1413/1677/1432
f 1399/1659/1418 1406/1669/1425 1413/1677/1432
f 1410/1674/1429 1411/1675/1430 1414/1678/1433
f 1413/1677/1432 1410/1674/1429 1414/1678/1433
f 1411/1675/1430 1412/1676/1431 1415/1679/1434
f 1414/1678/1433 1411/1675/1430 1415/1679/1434
f 1415/1679/1434 1412/1676/1431 1416/1680/1435
f 1414/1678/1433 1417/1681/1436 1413/1677/1432
f 1415/1679/1434 1416/1680/1435 1418/1682/1437
f 1418/1682/1437 1416/1680/1435 1419/1683/1438
f 1415/1679/1434 1420/1684/1439 1414/1678/1433
f 1418/1682/1437 1420/1684/1439 1415/1679/1434
f 1420/1684/1439 1417/1681/1436 1414/1678/1433
f 1418/1682/1437 1419/1683/1438 1125/1685/1440
f 1125/1685/1440 1419/1683/1438 1117/1686/1441
f 1125/1685/1440 1129/1687/1442 1418/1682/1437
f 1418/1682/1437 1129/1687/1442 1420/1684/1439
f 1129/1687/1442 1417/1681/1436 1420/1684/1439
f 1133/1688/1443 1417/1681/1436 1129/1687/1442
f 1133/1688/1443 1421/1689/1444 1417/1681/1436
f 1417/1681/1436 1421/1689/1444 1413/1677/1432
f 1413/1677/1432 1421/1689/1444 1399/1659/1418
f 1135/1690/1445 1421/1689/1444 1133/1688/1443
f 1399/1659/1418 1421/1689/1444 1388/1642/1407
f 1213/1638/1404 1421/1689/1444 1135/1690/1445
f 1388/1642/1407 1421/1689/1444 1385/1637/1403
f 1385/1637/1403 1421/1689/1444 1213/1638/1404
f 1059/1691/1446 1422/1692/1447 1055/1693/1448
f 1055/1693/1448 1422/1692/1447 1423/1694/1449
f 1422/1692/1447 1424/1695/1450 1423/1694/1449
f 1055/1693/1448 1423/1694/1449 1051/1696/1451
f 1423/1694/1449 1424/1695/1450 1425/1697/1452
f 1426/1698/1453 1425/1697/1452 1424/1695/1450
f 1051/1696/1451 1423/1694/1449 1427/1699/1454
f 1425/1697/1452 1427/1699/1454 1423/1694/1449
f 1428/1700/1455 1051/1696/1451 1427/1699/1454
f 1046/1701/1456 1051/1696/1451 1428/1700/1455
f 1429/1702/1457 1427/1699/1454 1425/1697/1452
f 1429/1702/1457 1428/1700/1455 1427/1699/1454
f 1430/1703/1458 1425/1697/1452 1426/1698/1453
f 1430/1703/1458 1429/1702/1457 1425/1697/1452
f 1431/1704/1459 1430/1703/1458 1426/1698/1453
f 1432/1705/1460 1428/1700/1455 1429/1702/1457
f 1433/1706/1461 1430/1703/1458 1431/1704/1459
f 1434/1707/1462 1429/1702/1457 1430/1703/1458
f 1433/1706/1461 1434/1707/1462 1430/1703/1458
f 1434/1707/1462 1432/1705/1460 1429/1702/1457
f 1435/1708/1463 1433/1706/1461 1431/1704/1459
f 1025/1709/1024 1435/1708/1463 1026/1710/1025
f 1436/1711/1464 1435/1708/1463 1025/1709/1024
f 1436/1711/1464 1433/1706/1461 1435/1708/1463
f 1024/1712/1023 1436/1711/1464 1025/1709/1024
f 1436/1711/1464 1437/1713/1465 1433/1706/1461
f 1437/1713/1465 1434/1707/1462 1433/1706/1461
f 1438/1714/1466 1436/1711/1464 1024/1712/1023
f 1438/1714/1466 1437/1713/1465 1436/1711/1464
f 1024/1712/1023 1439/1715/1467 1438/1714/1466
f 1023/1716/1022 1439/1715/1467 1024/1712/1023
f 1022/1717/1021 1439/1715/1467 1023/1716/1022
f 1438/1714/1466 1440/1718/1468 1437/1713/1465
f 1439/1715/1467 1440/1718/1468 1438/1714/1466
f 1437/1713/1465 1441/1719/1469 1434/1707/1462
f 1440/1718/1468 1441/1719/1469 1437/1713/1465
f 1441/1719/1469 1432/1705/1460 1434/1707/1462
f 1440/1718/1468 1439/1715/1467 1442/1720/1470
f 1441/1719/1469 1440/1718/1468 1443/1721/1471
f 1443/1721/1471 1440/1718/1468 1442/1720/1470
f 1441/1719/1469 1444/1722/1472 1432/1705/1460
f 1443/1721/1471 1444/1722/1472 1441/1719/1469
f 1442/1720/1470 1439/1715/1467 1445/1723/1473
f 1445/1723/1473 1439/1715/1467 1022/1717/1021
f 1445/1723/1473 1022/1717/1021 1446/1724/1474
f 1445/1723/1473 1446/1724/1474 1442/1720/1470
f 1446/1724/1474 1022/1717/1021 1021/1725/1020
f 1021/1725/1020 1020/1726/1019 1446/1724/1474
f 1442/1720/1470 1446/1724/1474 1447/1727/1475
f 1442/1720/1470 1447/1727/1475 1443/1721/1471
f 1446/1724/1474 1020/1726/1019 1448/1728/1476
f 1446/1724/1474 1448/1728/1476 1447/1727/1475
f 1020/1726/1019 1449/1729/1477 1448/1728/1476
f 1019/1730/1018 1449/1729/1477 1020/1726/1019
f 1447/1727/1475 1448/1728/1476 1450/1731/1478
f 1448/1728/1476 1449/1729/1477 1450/1731/1478
f 1443/1721/1471 1447/1727/1475 1451/1732/1479
f 1447/1727/1475 1450/1731/1478 1451/1732/1479
f 1443/1721/1471 1451/1732/1479 1444/1722/1472
f 1019/1730/1018 1310/1733/1313 1449/1729/1477
f 1018/1734/1017 1310/1733/1313 1019/1730/1018
f 1449/1729/1477 1310/1733/1313 1452/1735/1480
f 1450/1731/1478 1449/1729/1477 1452/1735/1480
f 1452/1735/1480 1310/1733/1313 1306/1736/1309
f 1451/1732/1479 1450/1731/1478 1453/1737/1481
f 1450/1731/1478 1452/1735/1480 1453/1737/1481
f 1452/1735/1480 1306/1736/1309 1454/1738/1482
f 1453/1737/1481 1452/1735/1480 1454/1738/1482
f 1454/1738/1482 1306/1736/1309 1301/1739/1303
f 1451/1732/1479 1453/1737/1481 1455/1740/1483
f 1444/1722/1472 1451/1732/1479 1455/1740/1483
f 1453/1737/1481 1454/1738/1482 1456/1741/1484
f 1455/1740/1483 1453/1737/1481 1456/1741/1484
f 1454/1738/1482 1301/1739/1303 1457/1742/1485
f 1456/1741/1484 1454/1738/1482 1457/1742/1485
f 1457/1742/1485 1301/1739/1303 1299/1743/1300
f 1456/1741/1484 1458/1744/1486 1455/1740/1483
f 1457/1742/1485 1299/1743/1300 1459/1745/1487
f 1459/1745/1487 1299/1743/1300 1297/1746/1297
f 1457/1742/1485 1460/1747/1488 1456/1741/1484
f 1459/1745/1487 1460/1747/1488 1457/1742/1485
f 1460/1747/1488 1458/1744/1486 1456/1741/1484
f 1459/1745/1487 1297/1746/1297 1142/1748/1489
f 1142/1748/1489 1297/1746/1297 1145/1749/1296
f 1142/1748/1489 1139/1750/1490 1459/1745/1487
f 1459/1745/1487 1139/1750/1490 1460/1747/1488
f 1139/1750/1490 1458/1744/1486 1460/1747/1488
f 1136/1751/1491 1458/1744/1486 1139/1750/1490
f 1136/1751/1491 1461/1752/1492 1458/1744/1486
f 1458/1744/1486 1461/1752/1492 1455/1740/1483
f 1455/1740/1483 1461/1752/1492 1444/1722/1472
f 1047/1753/1493 1461/1752/1492 1136/1751/1491
f 1444/1722/1472 1461/1752/1492 1432/1705/1460
f 1046/1701/1456 1461/1752/1492 1047/1753/1493
f 1432/1705/1460 1461/1752/1492 1428/1700/1455
f 1428/1700/1455 1461/1752/1492 1046/1701/1456
f 1089/1754/1494 1462/1755/1495 1086/1756/1496
f 1086/1756/1496 1462/1755/1495 1463/1757/1497
f 1462/1755/1495 1464/1758/1498 1463/1757/1497
f 1086/1756/1496 1463/1757/1497 1084/1759/1499
f 1463/1757/1497 1464/1758/1498 1465/1760/1500
f 1466/1761/1501 1465/1760/1500 1464/1758/1498
f 1084/1759/1499 1463/1757/1497 1467/1762/1502
f 1465/1760/1500 1467/1762/1502 1463/1757/1497
f 1468/1763/1503 1084/1759/1499 1467/1762/1502
f 1081/1764/1504 1084/1759/1499 1468/1763/1503
f 1469/1765/1505 1467/1762/1502 1465/1760/1500
f 1469/1765/1505 1468/1763/1503 1467/1762/1502
f 1470/1766/1506 1465/1760/1500 1466/1761/1501
f 1470/1766/1506 1469/1765/1505 1465/1760/1500
f 1471/1767/1507 1470/1766/1506 1466/1761/1501
f 1472/1768/1508 1468/1763/1503 1469/1765/1505
f 1473/1769/1509 1470/1766/1506 1471/1767/1507
f 1474/1770/1510 1469/1765/1505 1470/1766/1506
f 1473/1769/1509 1474/1770/1510 1470/1766/1506
f 1474/1770/1510 1472/1768/1508 1469/1765/1505
f 1475/1771/1511 1473/1769/1509 1471/1767/1507
f 1033/1772/1032 1475/1771/1511 1034/1773/1033
f 1476/1774/1512 1475/1771/1511 1033/1772/1032
f 1476/1774/1512 1473/1769/1509 1475/1771/1511
f 1032/1775/1031 1476/1774/1512 1033/1772/1032
f 1476/1774/1512 1477/1776/1513 1473/1769/1509
f 1477/1776/1513 1474/1770/1510 1473/1769/1509
f 1478/1777/1514 1476/1774/1512 1032/1775/1031
f 1478/1777/1514 1477/1776/1513 1476/1774/1512
f 1032/1775/1031 1479/1778/1515 1478/1777/1514
f 1031/1779/1030 1479/1778/1515 1032/1775/1031
f 1030/1780/1029 1479/1778/1515 1031/1779/1030
f 1478/1777/1514 1480/1781/1516 1477/1776/1513
f 1479/1778/1515 1480/1781/1516 1478/1777/1514
f 1477/1776/1513 1481/1782/1517 1474/1770/1510
f 1480/1781/1516 1481/1782/1517 1477/1776/1513
f 1481/1782/1517 1472/1768/1508 1474/1770/1510
f 1480/1781/1516 1479/1778/1515 1482/1783/1518
f 1481/1782/1517 1480/1781/1516 1483/1784/1519
f 1483/1784/1519 1480/1781/1516 1482/1783/1518
f 1481/1782/1517 1484/1785/1520 1472/1768/1508
f 1483/1784/1519 1484/1785/1520 1481/1782/1517
f 1482/1783/1518 1479/1778/1515 1485/1786/1521
f 1485/1786/1521 1479/1778/1515 1030/1780/1029
f 1485/1786/1521 1030/1780/1029 1486/1787/1522
f 1485/1786/1521 1486/1787/1522 1482/1783/1518
f 1486/1787/1522 1030/1780/1029 1029/1788/1028
f 1029/1788/1028 1028/1789/1027 1486/1787/1522
f 1482/1783/1518 1486/1787/1522 1487/1790/1523
f 1482/1783/1518 1487/1790/1523 1483/1784/1519
f 1486/1787/1522 1028/1789/1027 1488/1791/1524
f 1486/1787/1522 1488/1791/1524 1487/1790/1523
f 1028/1789/1027 1489/1792/1525 1488/1791/1524
f 1027/1793/1026 1489/1792/1525 1028/1789/1027
f 1487/1790/1523 1488/1791/1524 1490/1794/1526
f 1488/1791/1524 1489/1792/1525 1490/1794/1526
f 1483/1784/1519 1487/1790/1523 1491/1795/1527
f 1487/1790/1523 1490/1794/1526 1491/1795/1527
f 1483/1784/1519 1491/1795/1527 1484/1785/1520
f 1027/1793/1026 1435/1796/1463 1489/1792/1525
f 1026/1797/1025 1435/1796/1463 1027/1793/1026
f 1489/1792/1525 1435/1796/1463 1492/1798/1528
f 1490/1794/1526 1489/1792/1525 1492/1798/1528
f 1492/1798/1528 1435/1796/1463 1431/1799/1459
f 1491/1795/1527 1490/1794/1526 1493/1800/1529
f 1490/1794/1526 1492/1798/1528 1493/1800/1529
f 1492/1798/1528 1431/1799/1459 1494/1801/1530
f 1493/1800/1529 1492/1798/1528 1494/1801/1530
f 1494/1801/1530 1431/1799/1459 1426/1802/1453
f 1491/1795/1527 1493/1800/1529 1495/1803/1531
f 1484/1785/1520 1491/1795/1527 1495/1803/1531
f 1493/1800/1529 1494/1801/1530 1496/1804/1532
f 1495/1803/1531 1493/1800/1529 1496/1804/1532
f 1494/1801/1530 1426/1802/1453 1497/1805/1533
f 1496/1804/1532 1494/1801/1530 1497/1805/1533
f 1497/1805/1533 1426/1802/1453 1424/1806/1450
f 1496/1804/1532 1498/1807/1534 1495/1803/1531
f 1497/1805/1533 1424/1806/1450 1499/1808/1535
f 1499/1808/1535 1424/1806/1450 1422/1809/1447
f 1497/1805/1533 1500/1810/1536 1496/1804/1532
f 1499/1808/1535 1500/1810/1536 1497/1805/1533
f 1500/1810/1536 1498/1807/1534 1496/1804/1532
f 1499/1808/1535 1422/1809/1447 1066/1811/1537
f 1066/1811/1537 1422/1809/1447 1059/1812/1446
f 1066/1811/1537 1069/1813/1538 1499/1808/1535
f 1499/1808/1535 1069/1813/1538 1500/1810/1536
f 1069/1813/1538 1498/1807/1534 1500/1810/1536
f 1073/1814/1539 1498/1807/1534 1069/1813/1538
f 1073/1814/1539 1501/1815/1540 1498/1807/1534
f 1498/1807/1534 1501/1815/1540 1495/1803/1531
f 1495/1803/1531 1501/1815/1540 1484/1785/1520
f 1076/1816/1541 1501/1815/1540 1073/1814/1539
f 1484/1785/1520 1501/1815/1540 1472/1768/1508
f 1081/1764/1504 1501/1815/1540 1076/1816/1541
f 1472/1768/1508 1501/1815/1540 1468/1763/1503
f 1468/1763/1503 1501/1815/1540 1081/1764/1504
f 1117/1817/1441 1419/1818/1438 1114/1819/1542
f 1114/1819/1542 1419/1818/1438 1502/1820/1543
f 1419/1818/1438 1416/1821/1435 1502/1820/1543
f 1114/1819/1542 1502/1820/1543 1112/1822/1544
f 1502/1820/1543 1416/1821/1435 1503/1823/1545
f 1412/1824/1431 1503/1823/1545 1416/1821/1435
f 1112/1822/1544 1502/1820/1543 1504/1825/1546
f 1503/1823/1545 1504/1825/1546 1502/1820/1543
f 1505/1826/1547 1112/1822/1544 1504/1825/1546
f 1109/1827/1548 1112/1822/1544 1505/1826/1547
f 1506/1828/1549 1504/1825/1546 1503/1823/1545
f 1506/1828/1549 1505/1826/1547 1504/1825/1546
f 1507/1829/1550 1503/1823/1545 1412/1824/1431
f 1507/1829/1550 1506/1828/1549 1503/1823/1545
f 1409/1830/1428 1507/1829/1550 1412/1824/1431
f 1508/1831/1551 1505/1826/1547 1506/1828/1549
f 1509/1832/1552 1507/1829/1550 1409/1830/1428
f 1510/1833/1553 1506/1828/1549 1507/1829/1550
f 1509/1832/1552 1510/1833/1553 1507/1829/1550
f 1510/1833/1553 1508/1831/1551 1506/1828/1549
f 1407/1834/1426 1509/1832/1552 1409/1830/1428
f 1041/1835/1040 1407/1834/1426 1042/1836/1041
f 1511/1837/1554 1407/1834/1426 1041/1835/1040
f 1511/1837/1554 1509/1832/1552 1407/1834/1426
f 1040/1838/1039 1511/1837/1554 1041/1835/1040
f 1511/1837/1554 1512/1839/1555 1509/1832/1552
f 1512/1839/1555 1510/1833/1553 1509/1832/1552
f 1513/1840/1556 1511/1837/1554 1040/1838/1039
f 1513/1840/1556 1512/1839/1555 1511/1837/1554
f 1040/1838/1039 1514/1841/1557 1513/1840/1556
f 1039/1842/1038 1514/1841/1557 1040/1838/1039
f 1038/1843/1037 1514/1841/1557 1039/1842/1038
f 1513/1840/1556 1515/1844/1558 1512/1839/1555
f 1514/1841/1557 1515/1844/1558 1513/1840/1556
f 1512/1839/1555 1516/1845/1559 1510/1833/1553
f 1515/1844/1558 1516/1845/1559 1512/1839/1555
f 1516/1845/1559 1508/1831/1551 1510/1833/1553
f 1515/1844/1558 1514/1841/1557 1517/1846/1560
f 1516/1845/1559 1515/1844/1558 1518/1847/1561
f 1518/1847/1561 1515/1844/1558 1517/1846/1560
f 1516/1845/1559 1519/1848/1562 1508/1831/1551
f 1518/1847/1561 1519/1848/1562 1516/1845/1559
f 1517/1846/1560 1514/1841/1557 1520/1849/1563
f 1520/1849/1563 1514/1841/1557 1038/1843/1037
f 1520/1849/1563 1038/1843/1037 1521/1850/1564
f 1520/1849/1563 1521/1850/1564 1517/1846/1560
f 1521/1850/1564 1038/1843/1037 1037/1851/1036
f 1037/1851/1036 1036/1852/1035 1521/1850/1564
f 1517/1846/1560 1521/1850/1564 1522/1853/1565
f 1517/1846/1560 1522/1853/1565 1518/1847/1561
f 1521/1850/1564 1036/1852/1035 1523/1854/1566
f 1521/1850/1564 1523/1854/1566 1522/1853/1565
f 1036/1852/1035 1524/1855/1567 1523/1854/1566
f 1035/1856/1034 1524/1855/1567 1036/1852/1035
f 1522/1853/1565 1523/1854/1566 1525/1857/1568
f 1523/1854/1566 1524/1855/1567 1525/1857/1568
f 1518/1847/1561 1522/1853/1565 1526/1858/1569
f 1522/1853/1565 1525/1857/1568 1526/1858/1569
f 1518/1847/1561 1526/1858/1569 1519/1848/1562
f 1035/1856/1034 1475/1859/1511 1524/1855/1567
f 1034/1860/1033 1475/1859/1511 1035/1856/1034
f 1524/1855/1567 1475/1859/1511 1527/1861/1570
f 1525/1857/1568 1524/1855/1567 1527/1861/1570
f 1527/1861/1570 1475/1859/1511 1471/1862/1507
f 1526/1858/1569 1525/1857/1568 1528/1863/1571
f 1525/1857/1568 1527/1861/1570 1528/1863/1571
f 1527/1861/1570 1471/1862/1507 1529/1864/1572
f 1528/1863/1571 1527/1861/1570 1529/1864/1572
f 1529/1864/1572 1471/1862/1507 1466/1865/1501
f 1526/1858/1569 1528/1863/1571 1530/1866/1573
f 1519/1848/1562 1526/1858/1569 1530/1866/1573
f 1528/1863/1571 1529/1864/1572 1531/1867/1574
f 1530/1866/1573 1528/1863/1571 1531/1867/1574
f 1529/1864/1572 1466/1865/1501 1532/1868/1575
f 1531/1867/1574 1529/1864/1572 1532/1868/1575
f 1532/1868/1575 1466/1865/1501 1464/1869/1498
f 1531/1867/1574 1533/1870/1576 1530/1866/1573
f 1532/1868/1575 1464/1869/1498 1534/1871/1577
f 1534/1871/1577 1464/1869/1498 1462/1872/1495
f 1532/1868/1575 1535/1873/1578 1531/1867/1574
f 1534/1871/1577 1535/1873/1578 1532/1868/1575
f 1535/1873/1578 1533/1870/1576 1531/1867/1574
f 1534/1871/1577 1462/1872/1495 1094/1874/1579
f 1094/1874/1579 1462/1872/1495 1089/1875/1494
f 1094/1874/1579 1098/1876/1580 1534/1871/1577
f 1534/1871/1577 1098/1876/1580 1535/1873/1578
f 1098/1876/1580 1533/1870/1576 1535/1873/1578
f 1101/1877/1581 1533/1870/1576 1098/1876/1580
f 1101/1877/1581 1536/1878/1582 1533/1870/1576
f 1533/1870/1576 1536/1878/1582 1530/1866/1573
f 1530/1866/1573 1536/1878/1582 1519/1848/1562
f 1104/1879/1583 1536/1878/1582 1101/1877/1581
f 1519/1848/1562 1536/1878/1582 1508/1831/1551
f 1109/1827/1548 1536/1878/1582 1104/1879/1583
f 1508/1831/1551 1536/1878/1582 1505/1826/1547
f 1505/1826/1547 1536/1878/1582 1109/1827/1548
v -1.057047E-18 0.05377191 -0.08682939
vt 0.09765625 0.625006
vn 0 -0.9770508 -0.2127686
v -5.901112E-19 0.04832575 -0.04126556
vt 0.1875 0.625006
vn 0 -0.9931641 -0.1165161
v -0.02247406 0.05377191 -0.08387062
vt 0.102336 0.6699333
vn -0.05841064 -0.972168 -0.2259521
v -0.01647265 0.04832575 -0.03761749
vt 0.1960219 0.6574249
vn -0.0480957 -0.9931641 -0.1040039
v -0.04341655 0.05377191 -0.07519592
vt 0.1196342 0.7118506
vn -0.1165161 -0.9741211 -0.1917725
v -0.06140021 0.05377191 -0.0613965
vt 0.1472123 0.7478582
vn -0.154541 -0.9741211 -0.1622314
v -0.03414996 0.04832575 -0.0240532
vt 0.2227834 0.692248
vn -0.09136963 -0.9931641 -0.06933594
v -0.07519963 0.05377191 -0.04341285
vt 0.1831783 0.7755073
vn -0.1999512 -0.9736328 -0.1096802
v -0.08387432 0.05377191 -0.02247036
vt 0.2250838 0.7929118
vn -0.2181396 -0.9736328 -0.06427002
v -0.04267686 0.04832575 -0.003467522
vt 0.263319 0.7090332
vn -0.116394 -0.9926758 -0.01447296
v -0.08683313 0.05377191 3.70657E-06
vt 0.2700772 0.7988803
vn -0.2325439 -0.972168 0.005012512
v -0.08387424 0.05377191 0.02247775
vt 0.315093 0.7929969
vn -0.2254639 -0.9726563 0.05441284
v -0.03976846 0.04832575 0.01862364
vt 0.3068121 0.7033013
vn -0.1106567 -0.9926758 0.04672241
v -0.0751996 0.05377191 0.04342024
vt 0.3570597 0.7756554
vn -0.2025146 -0.9711914 0.1229248
v -0.06140019 0.05377191 0.06140388
vt 0.3931059 0.7480317
vn -0.1712646 -0.9711914 0.1629639
v -0.02620419 0.04832575 0.03630093
vt 0.3416284 0.676587
vn -0.07800293 -0.9921875 0.09545898
v -0.04341655 0.05377191 0.07520328
vt 0.4207586 0.7120141
vn -0.121582 -0.96875 0.2139893
v -0.009827346 0.04832575 0.04398416
vt 0.3568599 0.6443467
vn -0.03668213 -0.9916992 0.1229248
v -0.02596448 0.05377191 0.08227401
vt 0.4349741 0.6770589
vn -0.07714844 -0.972168 0.2196045
v -0.01334491 0.05377191 0.08506608
vt 0.4405661 0.6517528
vn -0.03445435 -0.9677734 0.2484131
v -3.339219E-19 0.04832575 0.04519125
vt 0.359375 0.625006
vn 0 -0.9912109 0.1311035
v -5.446682E-19 0.05377191 0.08608423
vt 0.4414063 0.625006
vn 0 -0.9726563 0.2316895
v 0.02247406 0.05377191 -0.08387062
vt 0.897664 0.6699333
vn 0.05841064 -0.972168 -0.2259521
vt 0.8125 0.625006
vt 0.9023438 0.625006
v 0.01647265 0.04832575 -0.03761749
vt 0.8039781 0.6574249
vn 0.0480957 -0.9931641 -0.1040039
v 0.04341655 0.05377191 -0.07519592
vt 0.8803658 0.7118506
vn 0.1165161 -0.9741211 -0.1917725
v 0.06140021 0.05377191 -0.0613965
vt 0.8527877 0.7478582
vn 0.154541 -0.9741211 -0.1622314
v 0.03414996 0.04832575 -0.0240532
vt 0.777217 0.6922421
vn 0.09136963 -0.9931641 -0.06933594
v 0.07519963 0.05377191 -0.04341285
vt 0.8168217 0.7755073
vn 0.1999512 -0.9736328 -0.1096802
v 0.08387432 0.05377191 -0.02247036
vt 0.7749162 0.7929118
vn 0.2181396 -0.9736328 -0.06427002
v 0.04267686 0.04832575 -0.003467522
vt 0.736681 0.7090332
vn 0.116394 -0.9926758 -0.01447296
v 0.08683313 0.05377191 3.70657E-06
vt 0.7299316 0.7988788
vn 0.2325439 -0.972168 0.005012512
v 0.08387424 0.05377191 0.02247775
vt 0.6849134 0.7929992
vn 0.2254639 -0.9726563 0.05441284
v 0.03976846 0.04832575 0.01862364
vt 0.6931879 0.7033013
vn 0.1106567 -0.9926758 0.04672241
v 0.0751996 0.05377191 0.04342024
vt 0.6429415 0.7756592
vn 0.2025146 -0.9711914 0.1229248
v 0.06140019 0.05377191 0.06140388
vt 0.6068895 0.7480351
vn 0.1712646 -0.9711914 0.1629639
v 0.02620419 0.04832575 0.03630093
vt 0.6583716 0.676587
vn 0.07800293 -0.9921875 0.09545898
v 0.04341655 0.05377191 0.07520328
vt 0.5792347 0.7120126
vn 0.121582 -0.96875 0.2139893
v 0.009827346 0.04832575 0.04398416
vt 0.6431404 0.6443462
vn 0.03668213 -0.9916992 0.1229248
v 0.02596448 0.05377191 0.08227401
vt 0.5650198 0.6770527
vn 0.07714844 -0.972168 0.2196045
v 0.01334491 0.05377191 0.08506608
vt 0.5594302 0.6517434
vn 0.03445435 -0.9677734 0.2484131
vt 0.640625 0.625006
vt 0.5585938 0.625006
v -1.67064E-21 0.1785608 -0.03904766
vt 0.7465519 0.8594416
vn 0 0.9462891 -0.3225098
v 0.01520663 0.1697567 -0.0541405
vt 0.7125966 0.8905174
vn 0.1459961 0.8105469 -0.5668945
v -1.927414E-18 0.1698269 -0.05588556
vt 0.7094923 0.8594416
vn 0 0.8095703 -0.5864258
v 0.01806211 0.1779525 -0.03577435
vt 0.7531667 0.8950198
vn 0.1444092 0.9394531 -0.3105469
v 0.02928264 0.1695637 -0.04901982
vt 0.7229559 0.9196385
vn 0.2929688 0.8022461 -0.5200195
v 2.17791E-18 0.1839606 -0.01982814
vt 0.7854811 0.8593961
vn 0 0.9829102 -0.18396
v 0.04100159 0.169373 -0.04072782
vt 0.7401016 0.9441655
vn 0.4216309 0.796875 -0.432373
v 0.01905688 0.1821773 -0.01829802
vt 0.7885462 0.8966271
vn 0.1409912 0.9746094 -0.1716309
v 0.03620525 0.1766217 -0.0254422
vt 0.7735431 0.9315372
vn 0.3305664 0.9145508 -0.2314453
v 0.04931784 0.1695273 -0.0290997
vt 0.7643835 0.9612654
vn 0.5249023 0.8027344 -0.2819824
v -1.847424E-19 0.186232 -8.080494E-07
vt 0.8242188 0.859375
vn 0 0.9995117 -0.0004873276
v 0.03808099 0.1780629 -0.01304082
vt 0.7983605 0.9346663
vn 0.3769531 0.9204102 -0.1030273
v 0.05445317 0.1696962 -0.0151392
vt 0.7931238 0.9717191
vn 0.5522461 0.8217773 -0.1376953
v 0.01922732 0.1840497 -1.43583E-06
vt 0.8242064 0.8965229
vn 0.1508789 0.9882813 -0.0003228188
v 0.03871598 0.1784779 -1.43583E-06
vt 0.8241926 0.9359315
vn 0.3947754 0.918457 -0.001608849
v 0.05617639 0.1697674 -1.508444E-05
vt 0.8241435 0.9752457
vn 0.5620117 0.8266602 -0.0002264977
v 0.05437994 0.169743 0.01505193
vt 0.8550575 0.9715785
vn 0.5512695 0.8222656 0.1390381
v 0.03793193 0.1781961 0.01256147
vt 0.8490444 0.9343362
vn 0.3769531 0.9204102 0.1022949
v 0.04915388 0.1695855 0.02896706
vt 0.8837063 0.9609674
vn 0.5214844 0.8046875 0.2827148
v 0.01928113 0.1820768 0.01876184
vt 0.8608817 0.8972111
vn 0.1405029 0.9746094 0.1717529
v 1.147622E-18 0.1841002 0.01929561
vt 0.8619411 0.859463
vn 0 0.9833984 0.1791992
v 0.03587154 0.1768043 0.02520015
vt 0.8743156 0.9308521
vn 0.3364258 0.9135742 0.2268066
v 0.0406922 0.1694653 0.04048348
vt 0.9077376 0.9436254
vn 0.4228516 0.7963867 0.4321289
v 0.01897518 0.1776866 0.03688589
vt 0.8974231 0.8971148
vn 0.1357422 0.9335938 0.3305664
v 0.02902399 0.1696589 0.0487468
vt 0.9248887 0.9193256
vn 0.3093262 0.7954102 0.5205078
v -7.779321E-19 0.178874 0.03856913
vt 0.9007443 0.8594415
vn 0 0.9384766 0.3442383
v 0.01740387 0.1701311 0.05321902
vt 0.9338386 0.8951426
vn 0.1502686 0.8364258 0.5268555
v -2.658566E-19 0.1704591 0.05532476
vt 0.9377129 0.8594413
vn 0 0.8613281 0.5073242
v 0.004401417 0.1171825 0.09139792
vt 0.6117074 0.9608662
vn 0.00674057 -0.7705078 -0.637207
v 3.739533E-19 0.1165033 0.09183207
vt 0.6118963 0.9732824
vn 0 -0.8046875 -0.5932617
v -1.100203E-19 0.125901 0.08514836
vt 0.5952019 0.9751447
vn 0 -0.9453125 -0.3254395
v 0.009531298 0.1246867 0.0844432
vt 0.5964791 0.9395738
vn -0.1807861 -0.9501953 -0.2531738
v 0.006953607 0.1185808 0.09074836
vt 0.6107613 0.9514053
vn 0.4580078 -0.8598633 -0.2241211
v 0.008653506 0.1200918 0.09012242
vt 0.6097236 0.9362589
vn 0.6586914 -0.7353516 -0.15625
v 0.009566881 0.121426 0.08960353
vt 0.609681 0.9273795
vn 0.8164063 -0.5673828 -0.1043091
v -5.780727E-19 0.1288089 0.06851899
vt 0.5625681 0.9731975
vn 0 -0.9995117 0.005191803
v 0.01022279 0.1228929 0.08887053
vt 0.6091843 0.9215283
vn -0.2878418 -0.637207 -0.7143555
v 0.00899431 0.1277196 0.06847944
vt 0.5677692 0.9494767
vn -0.1862793 -0.9824219 0.009399414
v 0.0162172 0.1231603 0.08395154
vt 0.593772 0.9243846
vn -0.3713379 -0.8964844 -0.2402344
v 0.02365499 0.1184832 0.08314896
vt 0.5919589 0.9043438
vn -0.8881836 -0.1755371 -0.4240723
v 0.009490494 0.1214884 0.08950577
vt 0.6121328 0.8958575
vn -0.5444336 -0.004238129 -0.8383789
v 0.008560195 0.1202264 0.09000248
vt 0.6112239 0.8740934
vn -0.4853516 0.1478271 -0.8613281
v 0.01753762 0.1252493 0.06861806
vt 0.5697927 0.9323259
vn -0.4584961 -0.8876953 0.02845764
v 0.008933164 0.1246271 0.05009046
vt 0.5329713 0.9425664
vn -0.1729736 -0.8959961 0.407959
v -2.472615E-19 0.1254328 0.04960791
vt 0.5220186 0.9566262
vn 0 -0.8930664 0.4494629
v 2.602085E-19 0.1141344 0.03936201
vt 0.4999999 0.921875
vn 0 -0.1411133 0.9897461
v 0.01641969 0.1227731 0.05203362
vt 0.5415687 0.9328549
vn -0.467041 -0.8276367 0.310791
v 0.01031644 0.1143462 0.04029058
vt 0.517256 0.92207
vn -0.2685547 -0.1085815 0.9570313
v 0.02314972 0.1146173 0.04944862
vt 0.5400751 0.9156306
vn -0.8579102 -0.08746338 0.5053711
v 0.02626224 0.1162077 0.06541499
vt 0.565484 0.9095986
vn -0.984375 -0.1704102 0.03488159
v 0.01085114 0.1010401 0.04591717
vt 0.518633 0.8887385
vn -0.2790527 0.7138672 0.6416016
v 0.019174 0.1027464 0.05475864
vt 0.5407 0.8865085
vn -0.7050781 0.6665039 0.2407227
v 0.0206848 0.1049966 0.06716741
vt 0.5611228 0.881228
vn -0.8071289 0.5771484 -0.1231079
v 0.0198 0.1097525 0.08408786
vt 0.5899546 0.8741141
vn -0.668457 0.4599609 -0.5839844
v 0.006894235 0.1187146 0.09062897
vt 0.6088724 0.8553498
vn -0.3908691 0.322998 -0.8613281
v 0.01197643 0.09685247 0.06843945
vt 0.5531595 0.8591954
vn -0.338623 0.9291992 -0.1452637
v 0.01091344 0.1033599 0.08497996
vt 0.5837344 0.8507739
vn -0.2937012 0.7495117 -0.5927734
v 0.004413565 0.1173437 0.09128062
vt 0.606257 0.8404948
vn -0.2113037 0.470459 -0.8564453
v 2.046268E-18 0.09462421 0.06868975
vt 0.5405772 0.841809
vn 0 0.9887695 -0.1489258
v 5.326913E-19 0.1012992 0.08515336
vt 0.5774707 0.8256096
vn 0 0.8364258 -0.5473633
v -6.614747E-19 0.1166681 0.09171376
vt 0.6054844 0.8277202
vn 0 0.5625 -0.8266602
v 5.353042E-19 0.1008559 0.04492287
vt 0.4999999 0.8920535
vn 0 0.7211914 0.6923828
v -0.01031644 0.1143462 0.04029058
vt 0.4827439 0.92207
vn 0.2685547 -0.1085815 0.9570313
v -0.008933164 0.1246271 0.05009046
vt 0.4670287 0.9425664
vn 0.1729736 -0.8959961 0.407959
vt 0.4779813 0.9566262
vt 0.4374316 0.9731975
v -0.01085114 0.1010401 0.04591717
vt 0.4813669 0.8887385
vn 0.2790527 0.7138672 0.6416016
vt 0.4594226 0.841809
v -0.01641969 0.1227731 0.05203362
vt 0.4584312 0.9328549
vn 0.467041 -0.8276367 0.310791
v -0.01197643 0.09685247 0.06843945
vt 0.4468405 0.8591954
vn 0.338623 0.9291992 -0.1452637
vt 0.4225294 0.8256095
v -0.02314972 0.1146173 0.04944862
vt 0.4599248 0.9156306
vn 0.8579102 -0.08746338 0.5053711
vt 0.3945156 0.8277202
v -0.004413565 0.1173437 0.09128062
vt 0.3937429 0.8404948
vn 0.2113037 0.470459 -0.8564453
v -0.01091344 0.1033599 0.08497996
vt 0.4162655 0.8507739
vn 0.2937012 0.7495117 -0.5927734
v -0.006894235 0.1187146 0.09062897
vt 0.3911276 0.8553498
vn 0.3908691 0.322998 -0.8613281
v -0.0198 0.1097525 0.08408786
vt 0.4100452 0.8741141
vn 0.668457 0.4599609 -0.5839844
v -0.008560195 0.1202264 0.09000248
vt 0.3887761 0.8740934
vn 0.4853516 0.1478271 -0.8613281
v -0.019174 0.1027464 0.05475864
vt 0.4592999 0.8865085
vn 0.7050781 0.6665039 0.2407227
v -0.0206848 0.1049966 0.06716741
vt 0.4388772 0.881228
vn 0.8071289 0.5771484 -0.1231079
v -0.02365499 0.1184832 0.08314894
vt 0.4080411 0.9043438
vn 0.8881836 -0.1755371 -0.4240723
v -0.009490494 0.1214884 0.08950577
vt 0.3878672 0.8958575
vn 0.5444336 -0.004238129 -0.8383789
v -0.02626224 0.1162077 0.06541499
vt 0.4345158 0.9095986
vn 0.984375 -0.1704102 0.03488159
v -0.01022279 0.1228929 0.08887053
vt 0.3908157 0.9215283
vn 0.2878418 -0.637207 -0.7143555
v -0.01753762 0.1252493 0.06861806
vt 0.4302072 0.9323259
vn 0.4584961 -0.8876953 0.02845764
v -0.0162172 0.1231603 0.08395154
vt 0.4062279 0.9243846
vn 0.3713379 -0.8964844 -0.2402344
v -0.00899431 0.1277196 0.06847944
vt 0.4322306 0.9494767
vn 0.1862793 -0.9824219 0.009399414
v -0.009531298 0.1246867 0.0844432
vt 0.4035208 0.9395738
vn 0.1807861 -0.9501953 -0.2531738
v -0.009566881 0.121426 0.08960353
vt 0.390319 0.9273795
vn -0.8164063 -0.5673828 -0.1043091
v -0.008653506 0.1200918 0.09012242
vt 0.3902764 0.9362589
vn -0.6586914 -0.7353516 -0.15625
v -0.006953607 0.1185808 0.09074836
vt 0.3892388 0.9514053
vn -0.4580078 -0.8598633 -0.2241211
vt 0.404798 0.9751447
v -0.004401417 0.1171825 0.09139792
vt 0.3882926 0.9608663
vn -0.006736755 -0.7705078 -0.637207
vt 0.3881037 0.9732825
vt 0.2534481 0.8594413
vt 0.2905076 0.8594413
v -0.01520663 0.1697567 -0.0541405
vt 0.2874033 0.8905172
vn -0.1459961 0.8105469 -0.5668945
v -0.01806211 0.1779525 -0.03577435
vt 0.2468333 0.8950197
vn -0.1444092 0.9394531 -0.3105469
v -0.02928264 0.1695637 -0.04901982
vt 0.277044 0.9196382
vn -0.2929688 0.8022461 -0.5200195
vt 0.2145189 0.859396
v -0.04100159 0.169373 -0.04072782
vt 0.2598984 0.9441655
vn -0.4216309 0.796875 -0.432373
v -0.01905688 0.1821773 -0.01829802
vt 0.2114539 0.8966271
vn -0.1409912 0.9746094 -0.1716309
v -0.03620525 0.1766217 -0.0254422
vt 0.2264569 0.9315369
vn -0.3305664 0.9145508 -0.2314453
v -0.04931784 0.1695273 -0.0290997
vt 0.2356166 0.9612651
vn -0.5249023 0.8027344 -0.2819824
vt 0.1757813 0.859375
v -0.03808099 0.1780629 -0.01304082
vt 0.2016396 0.9346662
vn -0.3769531 0.9204102 -0.1030273
v -0.05445317 0.1696962 -0.0151392
vt 0.2068763 0.971719
vn -0.5522461 0.8217773 -0.1376953
v -0.01922732 0.1840497 -1.43583E-06
vt 0.1757937 0.8965229
vn -0.1508789 0.9882813 -0.0003228188
v -0.03871598 0.1784779 -1.43583E-06
vt 0.1758075 0.9359314
vn -0.3947754 0.918457 -0.001608849
v -0.05617639 0.1697674 -1.508444E-05
vt 0.1758566 0.9752455
vn -0.5620117 0.8266602 -0.0002266169
v -0.05437994 0.169743 0.01505193
vt 0.1449428 0.9715784
vn -0.5512695 0.8222656 0.1390381
v -0.03793193 0.1781961 0.01256147
vt 0.1509557 0.9343362
vn -0.3769531 0.9204102 0.1022949
v -0.04915388 0.1695855 0.02896706
vt 0.1162939 0.9609673
vn -0.5214844 0.8046875 0.2827148
v -0.01928113 0.1820768 0.01876184
vt 0.1391183 0.8972111
vn -0.1405029 0.9746094 0.1717529
vt 0.138059 0.859463
v -0.03587154 0.1768043 0.02520015
vt 0.1256846 0.930852
vn -0.3364258 0.9135742 0.2268066
v -0.0406922 0.1694653 0.04048348
vt 0.0922626 0.9436253
vn -0.4228516 0.7963867 0.4321289
v -0.01897518 0.1776866 0.03688589
vt 0.1025771 0.8971146
vn -0.1357422 0.9335938 0.3305664
v -0.02902399 0.1696589 0.0487468
vt 0.07511166 0.9193255
vn -0.3093262 0.7954102 0.5205078
vt 0.09925595 0.8594415
v -0.01740387 0.1701311 0.05321902
vt 0.06616166 0.8951426
vn -0.1502686 0.8364258 0.5268555
vt 0.06228711 0.8594416
v 0.09198037 0.058284 3.787262E-06
vt 0.7714844 0.03088051
vn 0.8696289 -0.4926758 0
vt 0.7252342 0.015625
vt 0.7714844 0.015625
v 0.08884615 0.058284 0.02381004
vt 0.7252342 0.03088051
vn 0.840332 -0.4926758 0.2252197
vt 0.6796504 0.015625
v 0.09300407 0.06984258 0.02491506
vt 0.7252342 0.0543561
vn 0.9375 -0.2391357 0.2512207
v 0.09628496 0.06984258 -5.301396E-06
vt 0.7714844 0.0543561
vn 0.9707031 -0.2393799 0
v 0.0796573 0.058284 0.04599395
vt 0.6796504 0.03088051
vn 0.753418 -0.4924316 0.4350586
vt 0.6358256 0.015625
v 0.08338519 0.06984258 0.04813714
vt 0.6796504 0.0543561
vn 0.8408203 -0.2390137 0.4853516
v 0.09507195 0.08399624 0.02546037
vt 0.7252342 0.08219588
vn 0.9643555 -0.0526123 0.2583008
v 0.09842578 0.08399624 -1.406994E-05
vt 0.7714844 0.08219588
vn 0.9985352 -0.05273438 0
v 0.09794151 0.1007106 -1.97689E-05
vt 0.7714844 0.1149582
vn 0.9936523 0.1108398 0
v 0.06503993 0.058284 0.06504369
vt 0.6358256 0.03088051
vn 0.6152344 -0.4924316 0.6152344
vt 0.5934531 0.015625
v 0.09460415 0.1007106 0.02532933
vt 0.7252342 0.1149582
vn 0.9599609 0.1109009 0.2570801
v 0.0947917 0.1160922 -2.238806E-05
vt 0.7714844 0.1440961
vn 0.9638672 0.2648926 0
v 0.08523918 0.08399624 0.04919878
vt 0.6796504 0.08219588
vn 0.8647461 -0.05252075 0.4992676
v 0.06808372 0.06984258 0.06807841
vt 0.6358256 0.0543561
vn 0.6865234 -0.2392578 0.6860352
v 0.04599017 0.058284 0.07966109
vt 0.5934531 0.03088051
vn 0.4414063 -0.4921875 0.75
v 0.02750359 0.058284 0.08713815
vt 0.5549002 0.03088051
vn 0.265625 -0.4902344 0.8295898
vt 0.5549002 0.015625
v 0.04814246 0.06984258 0.08337986
vt 0.5934531 0.0543561
vn 0.4907227 -0.2371826 0.8378906
v 0.01426642 0.058284 0.08985313
vt 0.5277414 0.03088051
vn 0.1154785 -0.4785156 0.8701172
vt 0.5275006 0.015625
v 0.02879073 0.06984258 0.09121551
vt 0.5549002 0.0543561
vn 0.2956543 -0.2337646 0.9257813
v 0.01504416 0.06984258 0.09385446
vt 0.5279328 0.0543561
vn 0.121582 -0.2288818 0.965332
v -5.233744E-19 0.058284 0.09085426
vt 0.5 0.03088051
vn 0 -0.4707031 0.8818359
vt 0.5 0.015625
vt 0.4724994 0.015625
v -4.765486E-19 0.06984258 0.09481617
vt 0.5 0.0543561
vn 0 -0.2242432 0.9741211
v -0.01426642 0.058284 0.08985313
vt 0.4722586 0.03088051
vn -0.1154785 -0.4785156 0.8701172
vt 0.4450998 0.015625
v -9.206057E-20 0.08399624 0.0967759
vt 0.5 0.08219588
vn 0 -0.04785156 0.9985352
v -0.02750359 0.058284 0.08713815
vt 0.4450998 0.03088051
vn -0.265625 -0.4902344 0.8295898
vt 0.4065469 0.015625
v -0.01504416 0.06984258 0.09385446
vt 0.4720672 0.0543561
vn -0.121582 -0.2288818 0.965332
v -0.04599017 0.058284 0.07966109
vt 0.4065469 0.03088051
vn -0.4414063 -0.4921875 0.75
v -0.02879073 0.06984258 0.09121551
vt 0.4450998 0.0543561
vn -0.2956543 -0.2337646 0.9257813
v -0.01543347 0.08399624 0.09584395
vt 0.4719719 0.08219582
vn -0.1107788 -0.06100464 0.9916992
v -0.06503993 0.058284 0.06504369
vt 0.3641744 0.03088051
vn -0.6152344 -0.4924316 0.6152344
vt 0.3641744 0.015625
v -0.04814246 0.06984258 0.08337986
vt 0.4065469 0.0543561
vn -0.4907227 -0.2371826 0.8378906
v -0.0796573 0.058284 0.04599395
vt 0.3203496 0.03088051
vn -0.753418 -0.4924316 0.4350586
vt 0.3203496 0.015625
v -0.06808372 0.06984258 0.06807841
vt 0.3641744 0.0543561
vn -0.6865234 -0.2392578 0.6860352
v -0.08884615 0.058284 0.02381004
vt 0.2747658 0.03088051
vn -0.840332 -0.4926758 0.2252197
vt 0.2747658 0.015625
v -0.08338519 0.06984258 0.04813714
vt 0.3203496 0.0543561
vn -0.8408203 -0.2390137 0.4853516
v -0.09198037 0.058284 3.787262E-06
vt 0.2285156 0.03088051
vn -0.8696289 -0.4926758 0
vt 0.2285156 0.015625
v -0.09300407 0.06984258 0.02491506
vt 0.2747658 0.0543561
vn -0.9375 -0.2391357 0.2512207
v -0.09628496 0.06984258 -5.301396E-06
vt 0.2285156 0.0543561
vn -0.9707031 -0.2393799 0
v -0.09507195 0.08399624 0.02546037
vt 0.2747658 0.08219582
vn -0.9643555 -0.0526123 0.2583008
v -0.09842578 0.08399624 -1.406994E-05
vt 0.2285156 0.08219582
vn -0.9985352 -0.05273438 0
v -0.09794151 0.1007106 -1.97689E-05
vt 0.2285156 0.1149582
vn -0.9936523 0.1108398 0
v -0.08523918 0.08399624 0.04919878
vt 0.3203496 0.08219582
vn -0.8647461 -0.05252075 0.4992676
v -0.09460415 0.1007106 0.02532933
vt 0.2747658 0.1149582
vn -0.9599609 0.1109009 0.2570801
v -0.0947917 0.1160922 -2.238806E-05
vt 0.2285156 0.1440961
vn -0.9638672 0.2648926 0
v -0.06959751 0.08399624 0.06958342
vt 0.3641744 0.08219582
vn -0.7075195 -0.05310059 0.7041016
v -0.08481976 0.1007106 0.04895095
vt 0.3203496 0.1149582
vn -0.8603516 0.1109619 0.4968262
v -0.09156166 0.1160922 0.02451148
vt 0.2747658 0.1440961
vn -0.9311523 0.2651367 0.2495117
v -0.04984907 0.08399624 0.08473694
vt 0.4065469 0.08219582
vn -0.5063477 -0.04824829 0.8603516
v -0.06925505 0.1007106 0.06923526
vt 0.3641744 0.1149582
vn -0.7177734 0.09912109 0.6889648
v -0.02943087 0.08399624 0.09324503
vt 0.4450998 0.08219582
vn -0.3190918 -0.05325317 0.9458008
v -0.05019689 0.1007106 0.08385913
vt 0.4065469 0.1149582
vn -0.5141602 0.07873535 0.8535156
v -0.03014242 0.1006768 0.09216704
vt 0.4450998 0.1149582
vn -0.3266602 0.08843994 0.940918
v -0.01536069 0.1007106 0.09536168
vt 0.4719589 0.1149582
vn -0.1237793 0.08398438 0.9882813
v -0.08209194 0.1160922 0.04737343
vt 0.3203496 0.1440961
vn -0.8349609 0.2651367 0.4819336
v -0.06702781 0.1160922 0.0670054
vt 0.3641744 0.1440961
vn -0.7128906 0.2661133 0.6484375
v -0.07785976 0.1295778 0.04492799
vt 0.3203496 0.1725888
vn -0.7895508 0.4099121 0.4562988
v -0.06360228 0.1294034 0.06357343
vt 0.3641744 0.1725888
vn -0.6713867 0.4074707 0.6181641
v -0.04840211 0.1146255 0.08115412
vt 0.4066381 0.1416928
vn -0.5356445 0.2368164 0.8100586
v -0.08684126 0.1295778 0.02324469
vt 0.2747658 0.1725888
vn -0.8808594 0.409668 0.236084
v -0.08990475 0.1295778 -2.433988E-05
vt 0.2285156 0.1725888
vn -0.9121094 0.409668 0
v -0.04094877 0.1113889 0.08574833
vt 0.4226743 0.1358007
vn -0.3864746 0.2023926 0.8994141
v -0.07967199 0.1431165 0.0213216
vt 0.2747658 0.2055714
vn -0.8051758 0.5517578 0.2156982
v -0.08248237 0.143116 -2.642831E-05
vt 0.2285156 0.2055714
vn -0.8334961 0.5517578 0
v -0.07143182 0.1431179 0.04121473
vt 0.3203496 0.2055714
vn -0.7216797 0.5512695 0.4172363
v -0.06865471 0.157465 0.01837133
vt 0.2747658 0.2502155
vn -0.7011719 0.6879883 0.1848145
v -0.07107645 0.1574621 -2.462869E-05
vt 0.2285156 0.2502155
vn -0.7231445 0.6904297 9.518862E-05
vt 0.2285156 0.2929688
vt 0.2747658 0.2929688
v -0.06155356 0.1574734 0.03551332
vt 0.3203496 0.2502155
vn -0.6337891 0.6826172 0.3620605
vt 0.3203496 0.2929688
v -0.0502584 0.1574766 0.05023376
vt 0.3641744 0.2502155
vn -0.5229492 0.690918 0.4980469
vt 0.3641744 0.2929688
vt 0.4080232 0.2929688
v -0.05832397 0.1431185 0.05829753
vt 0.3641744 0.2055714
vn -0.6166992 0.550293 0.5625
v -0.03553798 0.1574741 0.06152895
vt 0.409373 0.2502155
vn -0.361084 0.7119141 0.6015625
v -0.02125301 0.1574691 0.06736994
vt 0.4471498 0.2502155
vn -0.2255859 0.7055664 0.6713867
vt 0.4462321 0.2929688
v -0.04158259 0.1425643 0.07132343
vt 0.4091511 0.2053233
vn -0.4619141 0.5854492 0.6655273
v -0.01077366 0.1574673 0.06989923
vt 0.4735374 0.2502155
vn -0.104187 0.6762695 0.7290039
vt 0.5 0.2929688
v -0.03388109 0.1450673 0.07363249
vt 0.4257531 0.2143416
vn -0.3063965 0.6049805 0.734375
v -2.700414E-20 0.1574661 0.07079526
vt 0.5 0.2502155
vn 0 0.6577148 0.7529297
v -0.02715753 0.1418666 0.07798259
vt 0.4423876 0.2059636
vn -0.2034912 0.5629883 0.8007813
v 0.01077366 0.1574673 0.06989923
vt 0.5264626 0.2502155
vn 0.104187 0.6762695 0.7290039
vt 0.5537679 0.2929688
v -1.194828E-18 0.1434362 0.08138876
vt 0.5 0.2097833
vn 0 0.5688477 0.8222656
v -0.01269043 0.1429977 0.08050186
vt 0.4732671 0.2097833
vn -0.1208496 0.5610352 0.8183594
v 0.02125301 0.1574691 0.06736994
vt 0.5528502 0.2502155
vn 0.2255859 0.7055664 0.6713867
vt 0.5919768 0.2929688
v 0.01269043 0.1429977 0.08050186
vt 0.5267329 0.2097833
vn 0.1208496 0.5610352 0.8183594
v 0.03553798 0.1574741 0.06152895
vt 0.590627 0.2502155
vn 0.361084 0.7119141 0.6015625
v 0.02715753 0.1418666 0.07798259
vt 0.5576124 0.2059636
vn 0.2034912 0.5629883 0.8007813
v 0.0502584 0.1574766 0.05023376
vt 0.6358256 0.2502155
vn 0.5229492 0.690918 0.4980469
vt 0.6358256 0.2929688
vt 0.6796504 0.2929688
v 0.03388109 0.1450673 0.07363249
vt 0.5742468 0.2143416
vn 0.3063965 0.6049805 0.734375
v 0.06155356 0.1574734 0.03551332
vt 0.6796504 0.2502155
vn 0.6337891 0.6826172 0.3620605
vt 0.7252342 0.2929688
v 0.05832397 0.1431185 0.05829753
vt 0.6358256 0.2055714
vn 0.6166992 0.550293 0.5625
v 0.06865471 0.157465 0.01837133
vt 0.7252342 0.2502155
vn 0.7011719 0.6879883 0.1848145
vt 0.7714844 0.2929688
v 0.07107645 0.1574621 -2.462869E-05
vt 0.7714844 0.2502155
vn 0.7231445 0.6904297 9.49502E-05
v 0.08248237 0.143116 -2.642831E-05
vt 0.7714844 0.2055714
vn 0.8334961 0.5517578 0
v 0.07967199 0.1431165 0.0213216
vt 0.7252342 0.2055714
vn 0.8051758 0.5517578 0.2156982
v 0.08990475 0.1295778 -2.433988E-05
vt 0.7714844 0.1725888
vn 0.9121094 0.409668 0
v 0.07143182 0.1431179 0.04121473
vt 0.6796504 0.2055714
vn 0.7216797 0.5512695 0.4172363
v 0.08684126 0.1295778 0.02324469
vt 0.7252342 0.1725888
vn 0.8808594 0.409668 0.236084
v 0.07785976 0.1295778 0.04492799
vt 0.6796504 0.1725888
vn 0.7895508 0.4099121 0.4562988
v 0.09156166 0.1160922 0.02451148
vt 0.7252342 0.1440961
vn 0.9311523 0.2651367 0.2495117
v 0.08481976 0.1007106 0.04895095
vt 0.6796504 0.1149582
vn 0.8603516 0.1109619 0.4968262
v 0.08209194 0.1160922 0.04737343
vt 0.6796504 0.1440961
vn 0.8349609 0.2651367 0.4819336
v 0.06959751 0.08399624 0.06958342
vt 0.6358256 0.08219588
vn 0.7075195 -0.05310059 0.7041016
v 0.06925505 0.1007106 0.06923526
vt 0.6358256 0.1149582
vn 0.7177734 0.09912109 0.6889648
v 0.06360228 0.1294034 0.06357343
vt 0.6358256 0.1725888
vn 0.6713867 0.4074707 0.6181641
v 0.06702781 0.1160922 0.0670054
vt 0.6358256 0.1440961
vn 0.7128906 0.2661133 0.6484375
v 0.05019689 0.1007106 0.08385913
vt 0.5934531 0.1149582
vn 0.5141602 0.07873535 0.8535156
v 0.04984907 0.08399624 0.08473694
vt 0.5934531 0.08219588
vn 0.5063477 -0.04824829 0.8603516
v 0.02943087 0.08399624 0.09324503
vt 0.5549002 0.08219588
vn 0.3190918 -0.05325317 0.9458008
v 0.03014242 0.1006768 0.09216704
vt 0.5549002 0.1149582
vn 0.3266602 0.08843994 0.940918
v 0.01543347 0.08399624 0.09584395
vt 0.528028 0.08219588
vn 0.1107788 -0.06100464 0.9916992
v 0.01536069 0.1007106 0.09536168
vt 0.528041 0.1149582
vn 0.1237793 0.08398438 0.9882813
v -3.291963E-19 0.1007106 0.09628592
vt 0.5 0.1149582
vn 0 0.05319214 0.9985352
v 0.006156983 0.1103798 0.09436039
vt 0.5116 0.1331634
vn 0.05682373 0.2008057 0.9775391
v -0.006156983 0.1103798 0.09436039
vt 0.4884001 0.1331635
vn -0.05682373 0.2008057 0.9775391
v -6.561008E-19 0.1091082 0.09482662
vt 0.5 0.1309483
vn 0 0.2122803 0.9770508
v -1.398087E-29 0.1160262 0.0930579
vt 0.5 0.1436539
vn 0 0.3537598 0.9350586
v 0.01121804 0.1127718 0.09338993
vt 0.5212063 0.137799
vn 0.1035156 0.2319336 0.9667969
v 0.004600459 0.1167286 0.09274699
vt 0.5088581 0.1450463
vn 0.01032257 0.3557129 0.934082
v -0.004600459 0.1167286 0.09274699
vt 0.4911419 0.1450461
vn -0.01032257 0.3557129 0.934082
vt 0.5 0.1450292
vt 0.5080085 0.1461471
vt 0.4919915 0.1461472
v 0.007464642 0.118077 0.09219736
vt 0.5143707 0.1479114
vn 0.01747131 0.355957 0.934082
vt 0.5129559 0.1491676
v -0.007464642 0.118077 0.09219736
vt 0.4856293 0.1479114
vn -0.01747131 0.355957 0.934082
vt 0.4870441 0.1491676
v 0.009337271 0.1198014 0.09143722
vt 0.5179836 0.1513798
vn -0.006710052 0.3791504 0.925293
vt 0.5160626 0.1519551
v -0.009337271 0.1198014 0.09143722
vt 0.4820164 0.1513798
vn 0.006710052 0.3791504 0.925293
vt 0.4839374 0.1519551
v -0.01121804 0.1127718 0.09338993
vt 0.4787937 0.137799
vn -0.1035156 0.2319336 0.9667969
v -0.01490789 0.1156464 0.09220666
vt 0.4719625 0.1437551
vn -0.1853027 0.2364502 0.9536133
v -0.01012401 0.1214698 0.09078012
vt 0.4806063 0.1552951
vn 0.04208374 0.3937988 0.9179688
vt 0.4822688 0.1548102
vt 0.4815664 0.1574402
v -0.01716997 0.1191234 0.09079353
vt 0.4673858 0.1506206
vn -0.2144775 0.262207 0.9404297
v -0.01049116 0.123436 0.09002822
vt 0.48002 0.1597
vn -0.08807373 0.3161621 0.9443359
v -0.009556361 0.1224475 0.09051195
vt 0.483024 0.1571133
vn -0.4023438 0.1177368 0.9077148
vt 0.4829956 0.1552092
v -0.01786264 0.1232594 0.08920763
vt 0.4659553 0.1599997
vn -0.1760254 0.3562012 0.9174805
v -0.008540997 0.1212477 0.09106173
vt 0.4844816 0.1545879
vn -0.4289551 -0.004653931 0.902832
vt 0.4844229 0.1526111
v -0.01075362 0.1259287 0.08914703
vt 0.4797137 0.1650058
vn -0.1224365 0.3669434 0.921875
v -0.007795132 0.1253175 0.08967713
vt 0.485518 0.1632396
vn -0.08508301 0.3647461 0.9267578
v -0.007019282 0.1199646 0.09165467
vt 0.4878474 0.1519354
vn -0.2805176 0.02764893 0.9589844
vt 0.4880563 0.149603
v -0.004373634 0.118685 0.09225281
vt 0.4919488 0.149592
vn -0.1275635 0.0824585 0.9882813
vt 0.491932 0.1470505
v -0.004200629 0.1239362 0.09052167
vt 0.4924077 0.1600264
vn -0.0567627 0.3444824 0.9370117
v 2.636257E-19 0.117938 0.09267068
vt 0.5 0.1478149
vn 0 0.08843994 0.9956055
vt 0.5000002 0.145389
vt 0.5080684 0.1470472
v 8.863678E-20 0.1229401 0.09109563
vt 0.5 0.1578513
vn 0 0.3300781 0.9438477
v 0.004373634 0.118685 0.09225281
vt 0.5080512 0.149592
vn 0.1275635 0.0824585 0.9882813
vt 0.5119437 0.149603
v -3.422989E-19 0.1315479 0.08769248
vt 0.5 0.1781995
vn 0 0.4328613 0.9013672
v 0.007019282 0.1199646 0.09165467
vt 0.5121526 0.1519355
vn 0.2805176 0.02764893 0.9589844
vt 0.5155771 0.1526111
v 0.004200629 0.1239362 0.09052167
vt 0.5075923 0.1600264
vn 0.0567627 0.3444824 0.9370117
v 0.008540997 0.1212477 0.09106173
vt 0.5155184 0.1545879
vn 0.4289551 -0.004657745 0.902832
vt 0.5170044 0.1552092
v 0.007795132 0.1253175 0.08967713
vt 0.514482 0.1632396
vn 0.08508301 0.3647461 0.9267578
v 0.009556442 0.1224475 0.09051198
vt 0.5169759 0.1571133
vn 0.4023438 0.1177368 0.9077148
vt 0.5184335 0.1574402
v 0.005581852 0.1315878 0.08733833
vt 0.5104682 0.1781995
vn 0.07287598 0.4428711 0.8935547
v 0.01075362 0.1259287 0.08914703
vt 0.5202863 0.1650058
vn 0.1224365 0.3669434 0.921875
v 0.01153871 0.1313127 0.08689906
vt 0.5223535 0.1781995
vn 0.1362305 0.4282227 0.8930664
v -0.005581852 0.1315878 0.08733833
vt 0.4895318 0.1781995
vn -0.07287598 0.4428711 0.8935547
v -0.01153871 0.1313127 0.08689906
vt 0.4776465 0.1781995
vn -0.1362305 0.4282227 0.8930664
v -0.02458005 0.1352946 0.08233126
vt 0.4503645 0.1895601
vn -0.192749 0.4599609 0.8662109
v -0.0252 0.1278589 0.08589937
vt 0.451009 0.1705852
vn -0.21521 0.380127 0.8994141
v -0.03128598 0.1379794 0.07904728
vt 0.4353526 0.1935589
vn -0.2609863 0.4819336 0.8359375
v -0.0278713 0.1200192 0.08783696
vt 0.4468793 0.1524543
vn -0.2529297 0.2653809 0.9301758
v -0.02967843 0.133569 0.08187475
vt 0.4402412 0.1821174
vn -0.2548828 0.442627 0.859375
v -0.03409198 0.1140557 0.08769928
vt 0.435727 0.1409009
vn -0.3022461 0.2412109 0.921875
v -0.03235902 0.1230293 0.08546853
vt 0.4375502 0.159308
vn -0.3076172 0.3127441 0.8984375
v -0.04055693 0.1166181 0.08443601
vt 0.4222984 0.1471438
vn -0.3879395 0.270752 0.8808594
v -0.03575512 0.1188374 0.08555453
vt 0.4314948 0.1514404
vn -0.3339844 0.293457 0.8955078
v -0.0446151 0.1189153 0.08180336
vt 0.4133406 0.1520902
vn -0.4455566 0.2817383 0.8491211
v -0.04036883 0.1178481 0.08390748
vt 0.4222497 0.1550661
vn -0.3273926 0.5395508 0.7749023
v -0.03596753 0.1197801 0.08491275
vt 0.4307274 0.1572726
vn -0.5073242 0.5332031 0.6762695
v -0.03046595 0.1283574 0.08415714
vt 0.4402709 0.1709343
vn -0.2800293 0.3740234 0.8837891
v -0.03296242 0.1237539 0.08472446
vt 0.4360148 0.1614487
vn -0.6079102 0.4418945 0.6591797
v -0.04012977 0.118295 0.08325853
vt 0.4222081 0.1567465
vn -0.0982666 0.9501953 0.2949219
vt 0.4300064 0.1588861
vn -0.6210938 0.7807617 0.06286621
v -0.0332232 0.1240446 0.0837583
vt 0.4346755 0.1628277
vn -0.8852539 0.4643555 -0.01146698
v -0.04389336 0.1198931 0.08161556
vt 0.4148256 0.1598579
vn -0.1738281 0.4887695 0.8544922
v -0.04336705 0.1202722 0.08112679
vt 0.4155248 0.1609801
vn 0.4294434 0.7124023 0.5546875
v -0.0314786 0.1283467 0.08354089
vt 0.4380344 0.1707698
vn -0.5913086 0.3845215 0.7084961
v -0.03189867 0.1281175 0.0827025
vt 0.4363742 0.1702251
vn -0.9736328 0.2255859 0.01922607
vt 0.4347069 0.1724066
vn -0.9882813 -0.01004791 0.1518555
v -0.03063087 0.1330985 0.08163191
vt 0.4372078 0.1770951
vn -0.5136719 0.3652344 0.7758789
v -0.03122137 0.1326593 0.08124329
vt 0.4356068 0.1734269
vn -0.8007813 0.2050781 0.5620117
vt 0.4321334 0.1744602
vn -0.8310547 -0.3066406 0.4633789
v -0.03190794 0.1371179 0.07903538
vt 0.4333141 0.1824824
vn -0.4816895 0.2814941 0.8295898
v -0.03230449 0.1364288 0.07889697
vt 0.4324791 0.1755292
vn -0.6801758 0.0723877 0.7290039
vt 0.4250427 0.1750739
vn -0.3664551 -0.4682617 0.8037109
v -0.0356179 0.1385118 0.07660425
vt 0.4250885 0.1761837
vn -0.3842773 -0.03274536 0.9223633
v -0.0355549 0.1393379 0.07658692
vt 0.4251753 0.1868973
vn -0.3742676 0.241333 0.8950195
v -0.03957406 0.1366536 0.07576277
vt 0.4173953 0.1760074
vn -0.03866577 0.01236725 0.9990234
vt 0.4176608 0.1748347
vn 0.2196045 -0.3708496 0.9018555
v -0.03991192 0.1374264 0.07566731
vt 0.4161789 0.1834898
vn -0.2497559 0.2607422 0.9321289
v -0.0353721 0.1403541 0.07630804
vt 0.4252775 0.1979232
vn -0.3347168 0.5214844 0.784668
v -0.04025292 0.1382943 0.07520688
vt 0.4151767 0.1930019
vn -0.4279785 0.5097656 0.7456055
v -0.04734857 0.1360669 0.07215827
vt 0.3996443 0.1892198
vn -0.5336914 0.4831543 0.6938477
v -0.04394149 0.1340473 0.07577537
vt 0.4090356 0.1816785
vn -0.472168 0.4570313 0.753418
v -0.0506328 0.1289441 0.07412755
vt 0.3962282 0.1725888
vn -0.5634766 0.3996582 0.7226563
v -0.04318023 0.1335368 0.07619795
vt 0.4115535 0.1777326
vn -0.2188721 0.3352051 0.9160156
v -0.04576167 0.128834 0.07738905
vt 0.4074374 0.1725888
vn -0.4904785 0.3818359 0.7832031
v -0.05106052 0.1214094 0.07711125
vt 0.3984681 0.1569811
vn -0.5673828 0.3078613 0.7631836
v -0.04637225 0.1237131 0.07916814
vt 0.408066 0.1619465
vn -0.4836426 0.3205566 0.8139648
v -0.04535673 0.1243509 0.07927407
vt 0.4104074 0.164948
vn -0.1395264 0.3962402 0.9072266
vt 0.4118884 0.1660788
vn 0.6357422 0.3427734 0.6914063
v -0.04460553 0.1287729 0.07785902
vt 0.40982 0.1714455
vn -0.154541 0.342041 0.9267578
vt 0.4114343 0.1719277
vn 0.6518555 0.07788086 0.7539063
vt 0.4139122 0.1735638
vn 0.5493164 -0.1264648 0.8256836
v -0.04252521 0.1330628 0.07640509
vt 0.4129552 0.1747683
vn 0.1483154 0.1209106 0.9814453
v 0.01490789 0.1156464 0.09220666
vt 0.5280375 0.1437551
vn 0.1853027 0.2364502 0.9536133
v 0.01012401 0.1214698 0.09078012
vt 0.5193937 0.1552951
vn -0.04208374 0.3937988 0.9179688
vt 0.5177312 0.1548102
v 0.01716997 0.1191234 0.09079353
vt 0.5326143 0.1506206
vn 0.2144775 0.262207 0.9404297
v 0.01049116 0.123436 0.09002822
vt 0.5199799 0.1597
vn 0.08807373 0.3161621 0.9443359
v 0.01786264 0.1232594 0.08920763
vt 0.5340448 0.1599997
vn 0.1760254 0.3562012 0.9174805
v 0.0278713 0.1200192 0.08783696
vt 0.5531207 0.1524543
vn 0.2529297 0.2653809 0.9301758
v 0.0252 0.1278589 0.08589937
vt 0.548991 0.1705851
vn 0.21521 0.380127 0.8994141
v 0.03409198 0.1140557 0.08769928
vt 0.564273 0.1409009
vn 0.3022461 0.2412109 0.921875
v 0.02458005 0.1352946 0.08233126
vt 0.5496355 0.1895601
vn 0.192749 0.4599609 0.8662109
v 0.04094877 0.1113889 0.08574833
vt 0.5773257 0.1358007
vn 0.3864746 0.2023926 0.8994141
v 0.04840211 0.1146255 0.08115412
vt 0.5933619 0.1416928
vn 0.5356445 0.2368164 0.8100586
v 0.04055693 0.1166181 0.08443601
vt 0.5777016 0.1471438
vn 0.3879395 0.270752 0.8808594
v 0.05106052 0.1214094 0.07711125
vt 0.6015319 0.1569811
vn 0.5673828 0.3078613 0.7631836
v 0.0446151 0.1189153 0.08180336
vt 0.5866594 0.1520902
vn 0.4455566 0.2817383 0.8491211
v 0.03575512 0.1188374 0.08555453
vt 0.5685052 0.1514404
vn 0.3339844 0.293457 0.8955078
v 0.04036883 0.1178481 0.08390748
vt 0.5777503 0.1550661
vn 0.3273926 0.5395508 0.7749023
v 0.03235902 0.1230293 0.08546853
vt 0.5624498 0.159308
vn 0.3076172 0.3127441 0.8984375
v 0.03596753 0.1197801 0.08491275
vt 0.5692726 0.1572726
vn 0.5073242 0.5332031 0.6762695
v 0.04389336 0.1198931 0.08161556
vt 0.5851743 0.1598579
vn 0.1738281 0.4887695 0.8544922
vt 0.5777919 0.1567465
vn 0.0982666 0.9501953 0.2949219
vt 0.5699937 0.1588861
vn 0.6210938 0.7807617 0.06286621
vt 0.5844753 0.16098
vn -0.4294434 0.7124023 0.5546875
v 0.03296242 0.1237539 0.08472446
vt 0.5639852 0.1614487
vn 0.6079102 0.4418945 0.6591797
vt 0.5653245 0.1628277
vn 0.8852539 0.4643555 -0.01146698
v 0.04535673 0.1243509 0.07927407
vt 0.5895927 0.164948
vn 0.1395264 0.3962402 0.9072266
vt 0.5881118 0.1660789
vn -0.6357422 0.3427734 0.6914063
v 0.04637225 0.1237131 0.07916814
vt 0.591934 0.1619465
vn 0.4836426 0.3205566 0.8139648
v 0.04460553 0.1287729 0.07785902
vt 0.5901801 0.1714455
vn 0.154541 0.342041 0.9267578
vt 0.5885658 0.1719277
vn -0.6518555 0.07788086 0.7539063
vt 0.5860878 0.1735638
vn -0.5493164 -0.1264648 0.8256836
v 0.04576167 0.128834 0.07738905
vt 0.5925624 0.1725888
vn 0.4904785 0.3818359 0.7832031
v 0.0506328 0.1289441 0.07412755
vt 0.6037719 0.1725888
vn 0.5634766 0.3996582 0.7226563
v 0.04252521 0.1330628 0.07640509
vt 0.5870448 0.1747683
vn -0.1483154 0.1209106 0.9814453
vt 0.5823392 0.1748347
vn -0.2196045 -0.3708496 0.9018555
v 0.04734857 0.1360669 0.07215827
vt 0.6003557 0.1892198
vn 0.5336914 0.4831543 0.6938477
v 0.03957406 0.1366536 0.07576277
vt 0.5826047 0.1760073
vn 0.03866577 0.01236725 0.9990234
vt 0.5749573 0.1750739
vn 0.3664551 -0.4682617 0.8037109
v 0.04318023 0.1335368 0.07619795
vt 0.5884465 0.1777326
vn 0.2188721 0.3352051 0.9160156
v 0.04394149 0.1340473 0.07577537
vt 0.5909644 0.1816785
vn 0.472168 0.4570313 0.753418
v 0.03991192 0.1374264 0.07566731
vt 0.5838212 0.1834898
vn 0.2497559 0.2607422 0.9321289
v 0.0356179 0.1385118 0.07660425
vt 0.5749115 0.1761837
vn 0.3842773 -0.03274536 0.9223633
v 0.04025292 0.1382943 0.07520688
vt 0.5848233 0.1930019
vn 0.4279785 0.5097656 0.7456055
v 0.04158259 0.1425643 0.07132343
vt 0.5908489 0.2053233
vn 0.4619141 0.5854492 0.6655273
v 0.0353721 0.1403541 0.07630804
vt 0.5747226 0.1979232
vn 0.3347168 0.5214844 0.784668
v 0.0355549 0.1393379 0.07658692
vt 0.5748247 0.1868973
vn 0.3742676 0.241333 0.8950195
v 0.03128598 0.1379794 0.07904728
vt 0.5646474 0.1935589
vn 0.2609863 0.4819336 0.8359375
v 0.03190794 0.1371179 0.07903538
vt 0.5666859 0.1824824
vn 0.4816895 0.2814941 0.8295898
v 0.02967843 0.133569 0.08187475
vt 0.5597588 0.1821174
vn 0.2548828 0.442627 0.859375
v 0.03230449 0.1364288 0.07889697
vt 0.5675209 0.1755292
vn 0.6801758 0.0723877 0.7290039
vt 0.5678666 0.1744602
vn 0.8310547 -0.3066406 0.4633789
v 0.03063087 0.1330985 0.08163191
vt 0.5627922 0.177095
vn 0.5136719 0.3652344 0.7758789
v 0.03046595 0.1283574 0.08415714
vt 0.5597291 0.1709342
vn 0.2800293 0.3740234 0.8837891
v 0.03122137 0.1326593 0.08124329
vt 0.5643932 0.1734269
vn 0.8007813 0.2050781 0.5620117
vt 0.5652931 0.1724066
vn 0.9882813 -0.01004791 0.1518555
v 0.0314786 0.1283467 0.08354089
vt 0.5619656 0.1707698
vn 0.5913086 0.3845215 0.7084961
vt 0.5636258 0.1702251
vn 0.9736328 0.2255859 0.01922607
vt 0.7714844 0.574851
vt 0.7714844 0.5898438
v 0.08884621 0.058284 -0.02380249
vt 0.7270879 0.574851
vn 0.840332 -0.4929199 -0.2250977
vt 0.7270879 0.5898438
vt 0.7714844 0.5513754
v 0.07965734 0.058284 -0.0459864
vt 0.6816703 0.574851
vn 0.753418 -0.4929199 -0.4348145
vt 0.6816703 0.5898438
v 0.09300412 0.06984258 -0.02492568
vt 0.7270879 0.5513754
vn 0.9375 -0.239502 -0.2512207
vt 0.7714844 0.5235357
v 0.06503994 0.058284 -0.06503616
vt 0.6369002 0.574851
vn 0.6147461 -0.4929199 -0.6147461
vt 0.6369002 0.5898438
v 0.08338521 0.06984258 -0.04814778
vt 0.6816703 0.5513754
vn 0.840332 -0.239624 -0.4853516
v 0.04599017 0.058284 -0.07965355
vt 0.5928738 0.574851
vn 0.4348145 -0.4931641 -0.7529297
vt 0.5928738 0.5898438
vt 0.5469381 0.5898438
v 0.06808374 0.06984258 -0.06808904
vt 0.6369002 0.5513754
vn 0.6860352 -0.2397461 -0.6860352
v 0.04814247 0.06984258 -0.0833905
vt 0.5928738 0.5513754
vn 0.4853516 -0.2398682 -0.840332
v 0.02380627 0.058284 -0.08884242
vt 0.5469381 0.574851
vn 0.2250977 -0.4931641 -0.8398438
vt 0.5 0.5898438
v 0.04921288 0.08399624 -0.08525331
vt 0.5928738 0.5235357
vn 0.4992676 -0.0531311 -0.8647461
v 0.02492037 0.06984258 -0.09300941
vt 0.5469381 0.5513754
vn 0.2512207 -0.2399902 -0.9375
v -1.040428E-18 0.058284 -0.09197656
vt 0.5 0.574851
vn 0 -0.4931641 -0.8696289
v 0.06959753 0.08399624 -0.06961161
vt 0.6369002 0.5235357
vn 0.7060547 -0.05307007 -0.7060547
v -0.02380627 0.058284 -0.08884242
vt 0.4530619 0.574851
vn -0.2250977 -0.4931641 -0.8398438
vt 0.4530619 0.5898438
v -6.912066E-19 0.06984258 -0.09629025
vt 0.5 0.5513754
vn 0 -0.2399902 -0.9707031
v -0.04599017 0.058284 -0.07965355
vt 0.4071262 0.574851
vn -0.4348145 -0.4931641 -0.7529297
vt 0.4071262 0.5898438
vt 0.3630998 0.5898438
v -0.06503994 0.058284 -0.06503616
vt 0.3630998 0.574851
vn -0.6147461 -0.4929199 -0.6147461
vt 0.3183297 0.5898438
v -0.04814247 0.06984258 -0.0833905
vt 0.4071262 0.5513754
vn -0.4853516 -0.2398682 -0.840332
v -0.02492037 0.06984258 -0.09300941
vt 0.4530619 0.5513754
vn -0.2512207 -0.2399902 -0.9375
v -0.06808374 0.06984258 -0.06808904
vt 0.3630998 0.5513754
vn -0.6860352 -0.2397461 -0.6860352
v -0.07965734 0.058284 -0.0459864
vt 0.3183297 0.574851
vn -0.753418 -0.4929199 -0.4348145
vt 0.2729121 0.5898438
v -0.04921288 0.08399624 -0.08525331
vt 0.4071262 0.5235357
vn -0.4992676 -0.0531311 -0.8647461
v -0.08884621 0.058284 -0.02380249
vt 0.2729121 0.574851
vn -0.840332 -0.4929199 -0.2250977
vt 0.2285156 0.5898438
vt 0.2285156 0.574851
vt 0.2285156 0.5513754
v -0.09300412 0.06984258 -0.02492568
vt 0.2729121 0.5513754
vn -0.9375 -0.239502 -0.2512207
vt 0.2285156 0.5235357
v -0.08338521 0.06984258 -0.04814778
vt 0.3183297 0.5513754
vn -0.840332 -0.239624 -0.4853516
v -0.06959753 0.08399624 -0.06961161
vt 0.3630998 0.5235357
vn -0.7060547 -0.05307007 -0.7060547
v -0.08523922 0.08399624 -0.04922697
vt 0.3183297 0.5235357
vn -0.8647461 -0.05297852 -0.4992676
v -0.095072 0.08399624 -0.02548853
vt 0.2729121 0.5235357
vn -0.9643555 -0.05285645 -0.2583008
v -0.09460419 0.1007106 -0.02536889
vt 0.2729121 0.4907734
vn -0.9599609 0.1107788 -0.2570801
vt 0.2285156 0.4907734
v -0.08481981 0.1007106 -0.04899052
vt 0.3183297 0.4907734
vn -0.8603516 0.1107178 -0.4968262
v -0.06925508 0.1007106 -0.06927486
vt 0.3630998 0.4907734
vn -0.7026367 0.1106567 -0.7026367
v -0.0915617 0.1160922 -0.02455627
vt 0.2729121 0.4616354
vn -0.9311523 0.2648926 -0.2495117
vt 0.2285156 0.4616354
vt 0.2285156 0.4331427
v -0.08209197 0.1160922 -0.04741824
vt 0.3183297 0.4616354
vn -0.8349609 0.2648926 -0.4819336
v -0.08684132 0.1295778 -0.02329339
vt 0.2729121 0.4331427
vn -0.8808594 0.4094238 -0.236084
vt 0.2285156 0.4001602
v -0.06702783 0.1160922 -0.06705023
vt 0.3630998 0.4616354
vn -0.6816406 0.2648926 -0.6816406
v -0.07785979 0.1295778 -0.04497671
vt 0.3183297 0.4331427
vn -0.7900391 0.4094238 -0.4560547
v -0.07967179 0.1431165 -0.02137442
vt 0.2729121 0.4001602
vn -0.8051758 0.5517578 -0.2156982
vt 0.2285156 0.355516
v -0.06357224 0.1295778 -0.06359659
vt 0.3630998 0.4331427
vn -0.6450195 0.4094238 -0.6450195
v -0.06865432 0.157465 -0.0184205
vt 0.2729121 0.355516
vn -0.7021484 0.6875 -0.1844482
vt 0.2285156 0.3125
vt 0.2729121 0.3125
v -0.0714318 0.1431179 -0.04126759
vt 0.3183297 0.4001602
vn -0.7216797 0.5517578 -0.416748
v -0.0615535 0.1574734 -0.03556255
vt 0.3183297 0.355516
vn -0.6357422 0.6811523 -0.3620605
vt 0.3183297 0.3125
vt 0.3630998 0.3125
v -0.05832395 0.1431185 -0.05835038
vt 0.3630998 0.4001602
vn -0.5893555 0.5517578 -0.5893555
v -0.05025835 0.1574766 -0.05028298
vt 0.3630998 0.355516
vn -0.519043 0.6782227 -0.5195313
vt 0.4071262 0.3125
v -0.04495236 0.1295778 -0.07788412
vt 0.4071262 0.4331427
vn -0.4560547 0.4094238 -0.7900391
v -0.03553794 0.1574741 -0.06157816
vt 0.4071262 0.355516
vn -0.3605957 0.6831055 -0.6347656
vt 0.4530619 0.3125
v -0.04124118 0.143118 -0.07145827
vt 0.4071262 0.4001602
vn -0.416748 0.5517578 -0.7216797
v -0.01839591 0.1574682 -0.06867907
vt 0.4530619 0.355516
vn -0.1834717 0.6904297 -0.6992188
vt 0.5 0.3125
v -0.02134803 0.143117 -0.07969837
vt 0.4530619 0.4001602
vn -0.2156982 0.5517578 -0.8051758
v 1.189448E-19 0.1574661 -0.07110088
vt 0.5 0.355516
vn 0 0.6933594 -0.7202148
v 0.01839591 0.1574682 -0.06867907
vt 0.5469381 0.355516
vn 0.1834717 0.6904297 -0.6992188
vt 0.5469381 0.3125
v 1.469023E-18 0.1431167 -0.08250877
vt 0.5 0.4001602
vn 0 0.5517578 -0.8334961
v 0.03553794 0.1574741 -0.06157816
vt 0.5928738 0.355516
vn 0.3605957 0.6831055 -0.6347656
vt 0.5928738 0.3125
v 0.02134803 0.143117 -0.07969837
vt 0.5469381 0.4001601
vn 0.2156982 0.5517578 -0.8051758
v 1.298353E-18 0.1295778 -0.08992907
vt 0.5 0.4331427
vn 0 0.4094238 -0.9121094
v -0.02326904 0.1295778 -0.08686565
vt 0.4530619 0.4331427
vn -0.236084 0.4094238 -0.8808594
v 0.02326904 0.1295778 -0.08686565
vt 0.5469381 0.4331427
vn 0.236084 0.4094238 -0.8808594
v 1.492917E-18 0.1160922 -0.09481411
vt 0.5 0.4616354
vn 0 0.2648926 -0.9638672
v -0.02453389 0.1160922 -0.09158411
vt 0.4530619 0.4616354
vn -0.2495117 0.2648926 -0.9311523
v 0.04124118 0.143118 -0.07145827
vt 0.5928738 0.4001601
vn 0.416748 0.5517578 -0.7216797
v 0.02453389 0.1160922 -0.09158411
vt 0.5469381 0.4616354
vn 0.2495117 0.2648926 -0.9311523
v 0.05025835 0.1574766 -0.05028298
vt 0.6369002 0.355516
vn 0.519043 0.6782227 -0.5195313
vt 0.6369002 0.3125
v 0.04495236 0.1295778 -0.07788412
vt 0.5928738 0.4331427
vn 0.4560547 0.4094238 -0.7900391
v 0.05832395 0.1431185 -0.05835038
vt 0.6369002 0.4001601
vn 0.5893555 0.5517578 -0.5893555
v 0.0615535 0.1574734 -0.03556255
vt 0.6816703 0.355516
vn 0.6357422 0.6811523 -0.3620605
vt 0.6816703 0.3125
vt 0.7270879 0.3125
v 0.06357224 0.1295778 -0.06359659
vt 0.6369002 0.4331427
vn 0.6450195 0.4094238 -0.6450195
v 0.06865432 0.157465 -0.0184205
vt 0.7270879 0.355516
vn 0.7021484 0.6875 -0.1844482
vt 0.7714844 0.3125
vt 0.7714844 0.355516
v 0.0714318 0.1431179 -0.04126759
vt 0.6816703 0.4001601
vn 0.7216797 0.5517578 -0.416748
v 0.07967179 0.1431165 -0.02137442
vt 0.7270879 0.4001601
vn 0.8051758 0.5517578 -0.2156982
vt 0.7714844 0.4001601
v 0.07785979 0.1295778 -0.04497671
vt 0.6816703 0.4331427
vn 0.7900391 0.4094238 -0.4560547
v 0.08684132 0.1295778 -0.02329339
vt 0.7270879 0.4331427
vn 0.8808594 0.4094238 -0.236084
vt 0.7714844 0.4331427
v 0.06702783 0.1160922 -0.06705023
vt 0.6369002 0.4616354
vn 0.6816406 0.2648926 -0.6816406
v 0.0915617 0.1160922 -0.02455627
vt 0.7270879 0.4616354
vn 0.9311523 0.2648926 -0.2495117
vt 0.7714844 0.4616354
vt 0.7714844 0.4907734
v 0.08209197 0.1160922 -0.04741824
vt 0.6816703 0.4616354
vn 0.8349609 0.2648926 -0.4819336
v 0.09460419 0.1007106 -0.02536889
vt 0.7270879 0.4907734
vn 0.9599609 0.1107788 -0.2570801
v 0.08481981 0.1007106 -0.04899052
vt 0.6816703 0.4907734
vn 0.8603516 0.1107178 -0.4968262
v 0.095072 0.08399624 -0.02548853
vt 0.7270879 0.5235357
vn 0.9643555 -0.05285645 -0.2583008
v 0.08523922 0.08399624 -0.04922697
vt 0.6816703 0.5235357
vn 0.8647461 -0.05297852 -0.4992676
v 0.06925508 0.1007106 -0.06927486
vt 0.6369002 0.4907734
vn 0.7026367 0.1106567 -0.7026367
v 0.04897075 0.1007106 -0.08483956
vt 0.5928738 0.4907734
vn 0.4968262 0.1106567 -0.8603516
v 0.04739585 0.1160922 -0.08211438
vt 0.5928738 0.4616354
vn 0.4819336 0.2648926 -0.8349609
v 0.02547446 0.08399624 -0.09508607
vt 0.5469381 0.5235357
vn 0.2583008 -0.05319214 -0.9643555
v 0.02534912 0.1007106 -0.09462395
vt 0.5469381 0.4907734
vn 0.2570801 0.1105957 -0.9599609
v 6.551442E-20 0.1007106 -0.09796127
vt 0.5 0.4907734
vn 0 0.1105957 -0.9936523
v -1.520189E-18 0.08399624 -0.09843984
vt 0.5 0.5235357
vn 0 -0.05322266 -0.9985352
v -0.02547446 0.08399624 -0.09508607
vt 0.4530619 0.5235357
vn -0.2583008 -0.05319214 -0.9643555
v -0.02534912 0.1007106 -0.09462395
vt 0.4530619 0.4907734
vn -0.2570801 0.1105957 -0.9599609
v -0.04897075 0.1007106 -0.08483956
vt 0.4071262 0.4907734
vn -0.4968262 0.1106567 -0.8603516
v -0.04739585 0.1160922 -0.08211438
vt 0.4071262 0.4616354
vn -0.4819336 0.2648926 -0.8349609
v -0.03301118 0.1228293 0.06840143
vt 0.07034016 0.7864548
vn -0.3505859 0.4038086 0.8447266
vt 0.04960668 0.7743707
vt 0.05853105 0.7637564
vt 0.06993908 0.7600349
vt 0.04707515 0.7859448
vt 0.08199143 0.7643889
vt 0.05082703 0.7990009
vt 0.09068274 0.7744838
vt 0.05910027 0.8085001
vt 0.09364629 0.7867463
vt 0.0703125 0.8125
vt 0.09019828 0.7995897
vt 0.08193624 0.8087302
v 0.03301118 0.1228293 0.06840143
vt 0.9296598 0.7864548
vn 0.3505859 0.4038086 0.8447266
vt 0.9093167 0.7744827
vt 0.9180081 0.7643875
vt 0.9300609 0.7600335
vt 0.906353 0.7867455
vt 0.9414693 0.763755
vt 0.9098011 0.7995894
vt 0.9503939 0.7743697
vt 0.9180634 0.8087302
vt 0.9529248 0.7859448
vt 0.9296875 0.8125
vt 0.949173 0.7990009
vt 0.9409 0.8085
o pm0812_00_00_body_a_mesh_shape_body_a
g polygon_0
usemtl body_a
f 1537/1880/1584 1538/1881/1585 1539/1882/1586
f 1539/1882/1586 1538/1881/1585 1540/1883/1587
f 1541/1884/1588 1539/1882/1586 1540/1883/1587
f 1541/1884/1588 1540/1883/1587 1542/1885/1589
f 1542/1885/1589 1540/1883/1587 1543/1886/1590
f 1544/1887/1591 1542/1885/1589 1543/1886/1590
f 1544/1887/1591 1543/1886/1590 1545/1888/1592
f 1545/1888/1592 1543/1886/1590 1546/1889/1593
f 1547/1890/1594 1545/1888/1592 1546/1889/1593
f 1547/1890/1594 1546/1889/1593 1548/1891/1595
f 1548/1891/1595 1546/1889/1593 1549/1892/1596
f 1550/1893/1597 1548/1891/1595 1549/1892/1596
f 1550/1893/1597 1549/1892/1596 1551/1894/1598
f 1551/1894/1598 1549/1892/1596 1552/1895/1599
f 1553/1896/1600 1551/1894/1598 1552/1895/1599
f 1552/1895/1599 1554/1897/1601 1553/1896/1600
f 1553/1896/1600 1554/1897/1601 1555/1898/1602
f 1554/1897/1601 1556/1899/1603 1555/1898/1602
f 1554/1897/1601 1557/1900/1604 1556/1899/1603
f 1556/1899/1603 1557/1900/1604 1558/1901/1605
f 1559/1902/1606 1538/1903/1585 1537/1904/1584
f 1560/1905/1607 1538/1903/1585 1559/1902/1606
f 1561/1906/1608 1560/1905/1607 1559/1902/1606
f 1562/1907/1609 1560/1905/1607 1561/1906/1608
f 1563/1908/1610 1560/1905/1607 1562/1907/1609
f 1564/1909/1611 1563/1908/1610 1562/1907/1609
f 1565/1910/1612 1563/1908/1610 1564/1909/1611
f 1566/1911/1613 1563/1908/1610 1565/1910/1612
f 1567/1912/1614 1566/1911/1613 1565/1910/1612
f 1568/1913/1615 1566/1911/1613 1567/1912/1614
f 1569/1914/1616 1566/1911/1613 1568/1913/1615
f 1570/1915/1617 1569/1914/1616 1568/1913/1615
f 1571/1916/1618 1569/1914/1616 1570/1915/1617
f 1572/1917/1619 1569/1914/1616 1571/1916/1618
f 1573/1918/1620 1572/1917/1619 1571/1916/1618
f 1573/1918/1620 1574/1919/1621 1572/1917/1619
f 1575/1920/1622 1574/1919/1621 1573/1918/1620
f 1576/1921/1623 1574/1919/1621 1575/1920/1622
f 1574/1919/1621 1576/1921/1623 1557/1922/1604
f 1557/1922/1604 1576/1921/1623 1558/1923/1605
f 1577/1924/1624 1578/1925/1625 1579/1926/1626
f 1577/1924/1624 1580/1927/1627 1578/1925/1625
f 1580/1927/1627 1581/1928/1628 1578/1925/1625
f 1582/1929/1629 1580/1927/1627 1577/1924/1624
f 1580/1927/1627 1583/1930/1630 1581/1928/1628
f 1584/1931/1631 1580/1927/1627 1582/1929/1629
f 1580/1927/1627 1585/1932/1632 1583/1930/1630
f 1584/1931/1631 1585/1932/1632 1580/1927/1627
f 1583/1930/1630 1585/1932/1632 1586/1933/1633
f 1587/1934/1634 1584/1931/1631 1582/1929/1629
f 1588/1935/1635 1586/1933/1633 1585/1932/1632
f 1584/1931/1631 1588/1935/1635 1585/1932/1632
f 1589/1936/1636 1586/1933/1633 1588/1935/1635
f 1590/1937/1637 1584/1931/1631 1587/1934/1634
f 1590/1937/1637 1588/1935/1635 1584/1931/1631
f 1591/1938/1638 1589/1936/1636 1588/1935/1635
f 1590/1937/1637 1591/1938/1638 1588/1935/1635
f 1592/1939/1639 1589/1936/1636 1591/1938/1638
f 1592/1939/1639 1591/1938/1638 1593/1940/1640
f 1593/1940/1640 1591/1938/1638 1594/1941/1641
f 1594/1941/1641 1591/1938/1638 1590/1937/1637
f 1593/1940/1640 1594/1941/1641 1595/1942/1642
f 1587/1934/1634 1596/1943/1643 1590/1937/1637
f 1596/1943/1643 1594/1941/1641 1590/1937/1637
f 1597/1944/1644 1596/1943/1643 1587/1934/1634
f 1595/1942/1642 1594/1941/1641 1598/1945/1645
f 1598/1945/1645 1594/1941/1641 1596/1943/1643
f 1595/1942/1642 1598/1945/1645 1599/1946/1646
f 1597/1944/1644 1600/1947/1647 1596/1943/1643
f 1596/1943/1643 1600/1947/1647 1598/1945/1645
f 1598/1945/1645 1600/1947/1647 1599/1946/1646
f 1599/1946/1646 1600/1947/1647 1601/1948/1648
f 1602/1949/1649 1600/1947/1647 1597/1944/1644
f 1603/1950/1650 1601/1948/1648 1600/1947/1647
f 1602/1949/1649 1603/1950/1650 1600/1947/1647
f 1604/1951/1651 1603/1950/1650 1602/1949/1649
f 1605/1952/1652 1606/1953/1653 1607/1954/1654
f 1605/1952/1652 1607/1954/1654 1608/1955/1655
f 1609/1956/1656 1605/1952/1652 1608/1955/1655
f 1608/1955/1655 1610/1957/1657 1609/1956/1656
f 1608/1955/1655 1611/1958/1658 1610/1957/1657
f 1607/1954/1654 1612/1959/1659 1608/1955/1655
f 1613/1960/1660 1611/1958/1658 1608/1955/1655
f 1608/1955/1655 1612/1959/1659 1614/1961/1661
f 1615/1962/1662 1613/1960/1660 1608/1955/1655
f 1608/1955/1655 1614/1961/1661 1615/1962/1662
f 1613/1960/1660 1615/1962/1662 1616/1963/1663
f 1616/1963/1663 1617/1964/1664 1613/1960/1660
f 1616/1963/1663 1618/1965/1665 1617/1964/1664
f 1615/1962/1662 1614/1961/1661 1619/1966/1666
f 1616/1963/1663 1615/1962/1662 1619/1966/1666
f 1614/1961/1661 1612/1959/1659 1620/1967/1667
f 1620/1967/1667 1612/1959/1659 1621/1968/1668
f 1621/1968/1668 1622/1969/1669 1620/1967/1667
f 1623/1970/1670 1614/1961/1661 1620/1967/1667
f 1619/1966/1666 1614/1961/1661 1623/1970/1670
f 1623/1970/1670 1620/1967/1667 1624/1971/1671
f 1620/1967/1667 1622/1969/1669 1624/1971/1671
f 1623/1970/1670 1625/1972/1672 1619/1966/1666
f 1623/1970/1670 1624/1971/1671 1625/1972/1672
f 1619/1966/1666 1625/1972/1672 1626/1973/1673
f 1616/1963/1663 1619/1966/1666 1626/1973/1673
f 1625/1972/1672 1624/1971/1671 1627/1974/1674
f 1628/1975/1675 1626/1973/1673 1625/1972/1672
f 1625/1972/1672 1627/1974/1674 1628/1975/1675
f 1629/1976/1676 1616/1963/1663 1626/1973/1673
f 1629/1976/1676 1626/1973/1673 1628/1975/1675
f 1630/1977/1677 1616/1963/1663 1629/1976/1676
f 1618/1965/1665 1616/1963/1663 1630/1977/1677
f 1631/1978/1678 1618/1965/1665 1630/1977/1677
f 1632/1979/1679 1629/1976/1676 1628/1975/1675
f 1632/1979/1679 1630/1977/1677 1629/1976/1676
f 1632/1979/1679 1628/1975/1675 1627/1974/1674
f 1633/1980/1680 1631/1978/1678 1630/1977/1677
f 1633/1980/1680 1630/1977/1677 1632/1979/1679
f 1634/1981/1681 1631/1978/1678 1633/1980/1680
f 1635/1982/1682 1632/1979/1679 1627/1974/1674
f 1636/1983/1683 1634/1981/1681 1633/1980/1680
f 1633/1980/1680 1632/1979/1679 1636/1983/1683
f 1636/1983/1683 1632/1979/1679 1635/1982/1682
f 1637/1984/1684 1634/1981/1681 1636/1983/1683
f 1635/1982/1682 1627/1974/1674 1638/1985/1685
f 1624/1971/1671 1638/1985/1685 1627/1974/1674
f 1622/1969/1669 1638/1985/1685 1624/1971/1671
f 1639/1986/1686 1638/1985/1685 1622/1969/1669
f 1639/1986/1686 1622/1969/1669 1640/1987/1687
f 1640/1987/1687 1622/1969/1669 1621/1988/1668
f 1612/1989/1659 1640/1987/1687 1621/1988/1668
f 1641/1990/1688 1638/1985/1685 1639/1986/1686
f 1635/1991/1682 1638/1985/1685 1641/1990/1688
f 1642/1992/1689 1639/1986/1686 1640/1987/1687
f 1635/1991/1682 1641/1990/1688 1643/1993/1690
f 1635/1991/1682 1643/1993/1690 1636/1994/1683
f 1644/1995/1691 1641/1990/1688 1639/1986/1686
f 1642/1992/1689 1644/1995/1691 1639/1986/1686
f 1637/1996/1684 1636/1994/1683 1645/1997/1692
f 1636/1994/1683 1646/1998/1693 1645/1997/1692
f 1636/1994/1683 1643/1993/1690 1646/1998/1693
f 1645/1997/1692 1646/1998/1693 1647/1999/1694
f 1646/1998/1693 1648/2000/1695 1647/1999/1694
f 1646/1998/1693 1643/1993/1690 1648/2000/1695
f 1647/1999/1694 1648/2000/1695 1649/2001/1696
f 1643/1993/1690 1641/1990/1688 1650/2002/1697
f 1644/1995/1691 1650/2002/1697 1641/1990/1688
f 1648/2000/1695 1643/1993/1690 1651/2003/1698
f 1643/1993/1690 1650/2002/1697 1651/2003/1698
f 1649/2001/1696 1648/2000/1695 1652/2004/1699
f 1648/2000/1695 1651/2003/1698 1652/2004/1699
f 1652/2004/1699 1653/2005/1700 1649/2001/1696
f 1651/2003/1698 1650/2002/1697 1654/2006/1701
f 1650/2002/1697 1644/1995/1691 1654/2006/1701
f 1651/2003/1698 1654/2006/1701 1652/2004/1699
f 1652/2004/1699 1655/2007/1702 1653/2005/1700
f 1644/1995/1691 1656/2008/1703 1654/2006/1701
f 1652/2004/1699 1654/2006/1701 1656/2008/1703
f 1642/1992/1689 1656/2008/1703 1644/1995/1691
f 1655/2007/1702 1652/2004/1699 1657/2009/1704
f 1652/2004/1699 1656/2008/1703 1657/2009/1704
f 1656/2008/1703 1642/1992/1689 1658/2010/1705
f 1656/2008/1703 1658/2010/1705 1657/2009/1704
f 1658/2010/1705 1642/1992/1689 1640/1987/1687
f 1658/2010/1705 1640/1987/1687 1612/1989/1659
f 1657/2009/1704 1659/2011/1706 1655/2007/1702
f 1657/2009/1704 1658/2010/1705 1659/2011/1706
f 1658/2010/1705 1612/1989/1659 1659/2011/1706
f 1655/2007/1702 1659/2011/1706 1660/2012/1707
f 1659/2011/1706 1661/2013/1708 1660/2012/1707
f 1659/2011/1706 1662/2014/1709 1661/2013/1708
f 1659/2011/1706 1612/1989/1659 1607/2015/1654
f 1662/2014/1709 1659/2011/1706 1663/2016/1710
f 1663/2016/1710 1659/2011/1706 1607/2015/1654
f 1663/2016/1710 1607/2015/1654 1606/2017/1653
f 1577/2018/1624 1579/2019/1626 1664/2020/1711
f 1577/2018/1624 1664/2020/1711 1665/2021/1712
f 1665/2021/1712 1664/2020/1711 1666/2022/1713
f 1665/2021/1712 1582/2023/1629 1577/2018/1624
f 1665/2021/1712 1666/2022/1713 1667/2024/1714
f 1668/2025/1715 1582/2023/1629 1665/2021/1712
f 1665/2021/1712 1667/2024/1714 1669/2026/1716
f 1668/2025/1715 1665/2021/1712 1669/2026/1716
f 1667/2024/1714 1670/2027/1717 1669/2026/1716
f 1668/2025/1715 1587/2028/1634 1582/2023/1629
f 1670/2027/1717 1671/2029/1718 1669/2026/1716
f 1671/2029/1718 1668/2025/1715 1669/2026/1716
f 1672/2030/1719 1671/2029/1718 1670/2027/1717
f 1673/2031/1720 1587/2028/1634 1668/2025/1715
f 1668/2025/1715 1671/2029/1718 1673/2031/1720
f 1672/2030/1719 1674/2032/1721 1671/2029/1718
f 1673/2031/1720 1671/2029/1718 1674/2032/1721
f 1675/2033/1722 1674/2032/1721 1672/2030/1719
f 1676/2034/1723 1674/2032/1721 1675/2033/1722
f 1677/2035/1724 1674/2032/1721 1676/2034/1723
f 1677/2035/1724 1673/2031/1720 1674/2032/1721
f 1676/2034/1723 1678/2036/1725 1677/2035/1724
f 1673/2031/1720 1679/2037/1726 1587/2028/1634
f 1673/2031/1720 1677/2035/1724 1679/2037/1726
f 1587/2028/1634 1679/2037/1726 1597/2038/1644
f 1677/2035/1724 1678/2036/1725 1680/2039/1727
f 1680/2039/1727 1679/2037/1726 1677/2035/1724
f 1678/2036/1725 1681/2040/1728 1680/2039/1727
f 1682/2041/1729 1597/2038/1644 1679/2037/1726
f 1679/2037/1726 1680/2039/1727 1682/2041/1729
f 1682/2041/1729 1680/2039/1727 1681/2040/1728
f 1682/2041/1729 1681/2040/1728 1683/2042/1730
f 1602/2043/1649 1597/2038/1644 1682/2041/1729
f 1684/2044/1731 1682/2041/1729 1683/2042/1730
f 1684/2044/1731 1602/2043/1649 1682/2041/1729
f 1604/2045/1651 1602/2043/1649 1684/2044/1731
f 1685/2046/1732 1568/2047/1615 1567/2048/1614
f 1686/2049/1733 1568/2047/1615 1685/2046/1732
f 1686/2049/1733 1570/2050/1617 1568/2047/1615
f 1685/2046/1732 1687/2051/1734 1686/2049/1733
f 1688/2052/1735 1687/2051/1734 1685/2046/1732
f 1689/2053/1736 1570/2050/1617 1686/2049/1733
f 1689/2053/1736 1571/2054/1618 1570/2050/1617
f 1687/2051/1734 1690/2055/1737 1686/2049/1733
f 1686/2049/1733 1690/2055/1737 1689/2053/1736
f 1688/2052/1735 1691/2056/1738 1687/2051/1734
f 1687/2051/1734 1691/2056/1738 1690/2055/1737
f 1692/2057/1739 1691/2056/1738 1688/2052/1735
f 1692/2057/1739 1693/2058/1740 1691/2056/1738
f 1694/2059/1741 1571/2054/1618 1689/2053/1736
f 1689/2053/1736 1690/2055/1737 1694/2059/1741
f 1694/2059/1741 1573/2060/1620 1571/2054/1618
f 1691/2056/1738 1693/2058/1740 1695/2061/1742
f 1693/2058/1740 1696/2062/1743 1695/2061/1742
f 1690/2055/1737 1691/2056/1738 1697/2063/1744
f 1691/2056/1738 1695/2061/1742 1697/2063/1744
f 1694/2059/1741 1690/2055/1737 1698/2064/1745
f 1690/2055/1737 1697/2063/1744 1698/2064/1745
f 1699/2065/1746 1573/2060/1620 1694/2059/1741
f 1694/2059/1741 1698/2064/1745 1699/2065/1746
f 1699/2065/1746 1700/2066/1747 1573/2060/1620
f 1573/2060/1620 1700/2066/1747 1575/2067/1622
f 1699/2065/1746 1698/2064/1745 1701/2068/1748
f 1702/2069/1749 1575/2067/1622 1700/2066/1747
f 1576/2070/1623 1575/2067/1622 1702/2069/1749
f 1699/2065/1746 1703/2071/1750 1700/2066/1747
f 1701/2068/1748 1703/2071/1750 1699/2065/1746
f 1700/2066/1747 1704/2072/1751 1702/2069/1749
f 1703/2071/1750 1704/2072/1751 1700/2066/1747
f 1705/2073/1752 1576/2070/1623 1702/2069/1749
f 1558/2074/1605 1576/2070/1623 1705/2073/1752
f 1558/2074/1605 1705/2073/1752 1556/2075/1603
f 1705/2073/1752 1702/2069/1749 1706/2076/1753
f 1706/2076/1753 1702/2069/1749 1704/2072/1751
f 1556/2075/1603 1705/2073/1752 1707/2077/1754
f 1705/2073/1752 1706/2076/1753 1707/2077/1754
f 1556/2075/1603 1707/2077/1754 1555/2078/1602
f 1706/2076/1753 1704/2072/1751 1708/2079/1755
f 1555/2078/1602 1707/2077/1754 1709/2080/1756
f 1555/2078/1602 1709/2080/1756 1553/2081/1600
f 1707/2077/1754 1706/2076/1753 1710/2082/1757
f 1707/2077/1754 1710/2082/1757 1709/2080/1756
f 1706/2076/1753 1708/2079/1755 1710/2082/1757
f 1553/2081/1600 1709/2080/1756 1711/2083/1758
f 1709/2080/1756 1710/2082/1757 1712/2084/1759
f 1709/2080/1756 1712/2084/1759 1711/2083/1758
f 1710/2082/1757 1713/2085/1760 1712/2084/1759
f 1710/2082/1757 1708/2079/1755 1713/2085/1760
f 1711/2083/1758 1714/2086/1761 1553/2081/1600
f 1553/2081/1600 1714/2086/1761 1551/2087/1598
f 1711/2083/1758 1712/2084/1759 1715/2088/1762
f 1714/2086/1761 1716/2089/1763 1551/2087/1598
f 1551/2087/1598 1716/2089/1763 1550/2090/1597
f 1714/2086/1761 1711/2083/1758 1717/2091/1764
f 1717/2091/1764 1711/2083/1758 1715/2088/1762
f 1716/2089/1763 1718/2092/1765 1550/2090/1597
f 1550/2090/1597 1718/2092/1765 1548/2093/1595
f 1716/2089/1763 1714/2086/1761 1719/2094/1766
f 1716/2089/1763 1719/2094/1766 1718/2092/1765
f 1719/2094/1766 1714/2086/1761 1717/2091/1764
f 1718/2092/1765 1720/2095/1767 1548/2093/1595
f 1548/2093/1595 1720/2095/1767 1547/2096/1594
f 1718/2092/1765 1721/2097/1768 1720/2095/1767
f 1718/2092/1765 1719/2094/1766 1721/2097/1768
f 1720/2095/1767 1721/2097/1768 1722/2098/1769
f 1721/2097/1768 1723/2099/1770 1722/2098/1769
f 1721/2097/1768 1719/2094/1766 1723/2099/1770
f 1722/2098/1769 1723/2099/1770 1724/2100/1771
f 1724/2100/1771 1723/2099/1770 1725/2101/1772
f 1723/2099/1770 1719/2094/1766 1726/2102/1773
f 1719/2094/1766 1717/2091/1764 1726/2102/1773
f 1725/2101/1772 1723/2099/1770 1727/2103/1774
f 1723/2099/1770 1726/2102/1773 1727/2103/1774
f 1725/2101/1772 1727/2103/1774 1728/2104/1775
f 1726/2102/1773 1717/2091/1764 1729/2105/1776
f 1727/2103/1774 1726/2102/1773 1730/2106/1777
f 1726/2102/1773 1729/2105/1776 1730/2106/1777
f 1728/2104/1775 1727/2103/1774 1731/2107/1778
f 1727/2103/1774 1730/2106/1777 1731/2107/1778
f 1717/2091/1764 1732/2108/1779 1729/2105/1776
f 1715/2088/1762 1732/2108/1779 1717/2091/1764
f 1730/2106/1777 1729/2105/1776 1733/2109/1780
f 1715/2088/1762 1734/2110/1781 1732/2108/1779
f 1712/2084/1759 1734/2110/1781 1715/2088/1762
f 1712/2084/1759 1713/2085/1760 1734/2110/1781
f 1732/2108/1779 1735/2111/1782 1729/2105/1776
f 1729/2105/1776 1735/2111/1782 1733/2109/1780
f 1734/2110/1781 1736/2112/1783 1732/2108/1779
f 1732/2108/1779 1736/2112/1783 1735/2111/1782
f 1713/2085/1760 1737/2113/1784 1734/2110/1781
f 1737/2113/1784 1736/2112/1783 1734/2110/1781
f 1708/2079/1755 1737/2113/1784 1713/2085/1760
f 1730/2106/1777 1733/2109/1780 1738/2114/1785
f 1731/2107/1778 1730/2106/1777 1738/2114/1785
f 1738/2114/1785 1733/2109/1780 1739/2115/1786
f 1733/2109/1780 1735/2111/1782 1739/2115/1786
f 1740/2116/1787 1731/2107/1778 1738/2114/1785
f 1741/2117/1788 1738/2114/1785 1739/2115/1786
f 1740/2116/1787 1738/2114/1785 1741/2117/1788
f 1739/2115/1786 1735/2111/1782 1742/2118/1789
f 1743/2119/1790 1731/2107/1778 1740/2116/1787
f 1743/2119/1790 1728/2104/1775 1731/2107/1778
f 1744/2120/1791 1728/2104/1775 1743/2119/1790
f 1735/2111/1782 1745/2121/1792 1742/2118/1789
f 1735/2111/1782 1736/2112/1783 1745/2121/1792
f 1746/2122/1793 1744/2120/1791 1743/2119/1790
f 1747/2123/1794 1744/2120/1791 1746/2122/1793
f 1748/2124/1795 1743/2119/1790 1740/2116/1787
f 1746/2122/1793 1743/2119/1790 1748/2124/1795
f 1749/2125/1796 1747/2123/1794 1746/2122/1793
f 1750/2126/1797 1747/2123/1794 1749/2125/1796
f 1750/2126/1797 1749/2125/1796 1675/2127/1722
f 1675/2127/1722 1749/2125/1796 1676/2128/1723
f 1749/2125/1796 1746/2122/1793 1751/2129/1798
f 1749/2125/1796 1751/2129/1798 1676/2128/1723
f 1751/2129/1798 1746/2122/1793 1748/2124/1795
f 1676/2128/1723 1751/2129/1798 1678/2130/1725
f 1751/2129/1798 1752/2131/1799 1678/2130/1725
f 1751/2129/1798 1748/2124/1795 1752/2131/1799
f 1678/2130/1725 1752/2131/1799 1681/2132/1728
f 1752/2131/1799 1683/2133/1730 1681/2132/1728
f 1748/2124/1795 1740/2116/1787 1753/2134/1800
f 1752/2131/1799 1748/2124/1795 1753/2134/1800
f 1753/2134/1800 1740/2116/1787 1741/2117/1788
f 1754/2135/1801 1683/2133/1730 1752/2131/1799
f 1754/2135/1801 1752/2131/1799 1753/2134/1800
f 1755/2136/1802 1683/2133/1730 1754/2135/1801
f 1684/2137/1731 1683/2133/1730 1755/2136/1802
f 1754/2135/1801 1753/2134/1800 1756/2138/1803
f 1684/2137/1731 1755/2136/1802 1757/2139/1804
f 1604/2140/1651 1684/2137/1731 1757/2139/1804
f 1754/2135/1801 1758/2141/1805 1755/2136/1802
f 1754/2135/1801 1756/2138/1803 1758/2141/1805
f 1604/2140/1651 1757/2139/1804 1759/2142/1806
f 1758/2141/1805 1760/2143/1807 1755/2136/1802
f 1761/2144/1808 1604/2140/1651 1759/2142/1806
f 1603/2145/1650 1604/2140/1651 1761/2144/1808
f 1759/2142/1806 1757/2139/1804 1762/2146/1809
f 1762/2146/1809 1761/2144/1808 1759/2142/1806
f 1757/2139/1804 1755/2136/1802 1763/2147/1810
f 1762/2146/1809 1757/2139/1804 1763/2147/1810
f 1755/2136/1802 1760/2143/1807 1763/2147/1810
f 1603/2145/1650 1761/2144/1808 1764/2148/1811
f 1603/2145/1650 1764/2148/1811 1601/2149/1648
f 1765/2150/1812 1761/2144/1808 1762/2146/1809
f 1761/2144/1808 1765/2150/1812 1764/2148/1811
f 1601/2149/1648 1764/2148/1811 1766/2151/1813
f 1764/2148/1811 1765/2150/1812 1767/2152/1814
f 1768/2153/1815 1601/2149/1648 1766/2151/1813
f 1599/2154/1646 1601/2149/1648 1768/2153/1815
f 1768/2153/1815 1595/2155/1642 1599/2154/1646
f 1766/2151/1813 1764/2148/1811 1769/2156/1816
f 1769/2156/1816 1764/2148/1811 1767/2152/1814
f 1770/2157/1817 1595/2155/1642 1768/2153/1815
f 1770/2157/1817 1593/2158/1640 1595/2155/1642
f 1766/2151/1813 1771/2159/1818 1768/2153/1815
f 1772/2160/1819 1593/2158/1640 1770/2157/1817
f 1772/2160/1819 1592/2161/1639 1593/2158/1640
f 1773/2162/1820 1592/2161/1639 1772/2160/1819
f 1773/2162/1820 1772/2160/1819 1774/2163/1821
f 1774/2163/1821 1772/2160/1819 1775/2164/1822
f 1772/2160/1819 1770/2157/1817 1775/2164/1822
f 1774/2163/1821 1775/2164/1822 1776/2165/1823
f 1770/2157/1817 1768/2153/1815 1777/2166/1824
f 1775/2164/1822 1770/2157/1817 1777/2166/1824
f 1777/2166/1824 1768/2153/1815 1771/2159/1818
f 1776/2165/1823 1775/2164/1822 1778/2167/1825
f 1775/2164/1822 1777/2166/1824 1778/2167/1825
f 1776/2165/1823 1778/2167/1825 1696/2062/1743
f 1778/2167/1825 1777/2166/1824 1779/2168/1826
f 1777/2166/1824 1771/2159/1818 1779/2168/1826
f 1696/2062/1743 1778/2167/1825 1780/2169/1827
f 1778/2167/1825 1779/2168/1826 1780/2169/1827
f 1695/2061/1742 1696/2062/1743 1780/2169/1827
f 1695/2061/1742 1780/2169/1827 1781/2170/1828
f 1697/2063/1744 1695/2061/1742 1781/2170/1828
f 1780/2169/1827 1779/2168/1826 1782/2171/1829
f 1781/2170/1828 1780/2169/1827 1782/2171/1829
f 1697/2063/1744 1781/2170/1828 1783/2172/1830
f 1698/2064/1745 1697/2063/1744 1783/2172/1830
f 1781/2170/1828 1782/2171/1829 1784/2173/1831
f 1783/2172/1830 1781/2170/1828 1784/2173/1831
f 1779/2168/1826 1785/2174/1832 1782/2171/1829
f 1779/2168/1826 1771/2159/1818 1785/2174/1832
f 1784/2173/1831 1782/2171/1829 1786/2175/1833
f 1782/2171/1829 1785/2174/1832 1786/2175/1833
f 1784/2173/1831 1787/2176/1834 1783/2172/1830
f 1784/2173/1831 1786/2175/1833 1787/2176/1834
f 1783/2172/1830 1788/2177/1835 1698/2064/1745
f 1783/2172/1830 1787/2176/1834 1788/2177/1835
f 1698/2064/1745 1788/2177/1835 1701/2068/1748
f 1789/2178/1836 1701/2068/1748 1788/2177/1835
f 1703/2071/1750 1701/2068/1748 1789/2178/1836
f 1787/2176/1834 1790/2179/1837 1788/2177/1835
f 1788/2177/1835 1790/2179/1837 1789/2178/1836
f 1789/2178/1836 1791/2180/1838 1703/2071/1750
f 1703/2071/1750 1791/2180/1838 1704/2072/1751
f 1708/2079/1755 1704/2072/1751 1791/2180/1838
f 1792/2181/1839 1791/2180/1838 1789/2178/1836
f 1792/2181/1839 1708/2079/1755 1791/2180/1838
f 1790/2179/1837 1792/2181/1839 1789/2178/1836
f 1793/2182/1840 1708/2079/1755 1792/2181/1839
f 1793/2182/1840 1737/2113/1784 1708/2079/1755
f 1794/2183/1841 1793/2182/1840 1792/2181/1839
f 1795/2184/1842 1737/2113/1784 1793/2182/1840
f 1794/2183/1841 1796/2185/1843 1793/2182/1840
f 1795/2184/1842 1793/2182/1840 1796/2185/1843
f 1794/2183/1841 1797/2186/1844 1796/2185/1843
f 1797/2186/1844 1795/2184/1842 1796/2185/1843
f 1794/2183/1841 1792/2181/1839 1798/2187/1845
f 1799/2188/1846 1797/2186/1844 1794/2183/1841
f 1794/2183/1841 1798/2187/1845 1799/2188/1846
f 1800/2189/1847 1795/2184/1842 1797/2186/1844
f 1797/2186/1844 1799/2188/1846 1637/2190/1684
f 1797/2186/1844 1637/2190/1684 1800/2189/1847
f 1637/2190/1684 1799/2188/1846 1634/2191/1681
f 1800/2189/1847 1637/2190/1684 1645/2192/1692
f 1799/2188/1846 1801/2193/1848 1634/2191/1681
f 1799/2188/1846 1798/2187/1845 1801/2193/1848
f 1634/2191/1681 1801/2193/1848 1631/2194/1678
f 1800/2189/1847 1645/2192/1692 1802/2195/1849
f 1802/2195/1849 1645/2192/1692 1647/2196/1694
f 1801/2193/1848 1803/2197/1850 1631/2194/1678
f 1798/2187/1845 1803/2197/1850 1801/2193/1848
f 1631/2194/1678 1803/2197/1850 1618/2198/1665
f 1802/2195/1849 1647/2196/1694 1804/2199/1851
f 1804/2199/1851 1647/2196/1694 1649/2200/1696
f 1805/2201/1852 1800/2189/1847 1802/2195/1849
f 1802/2195/1849 1804/2199/1851 1805/2201/1852
f 1795/2184/1842 1800/2189/1847 1805/2201/1852
f 1795/2184/1842 1805/2201/1852 1737/2113/1784
f 1806/2202/1853 1737/2113/1784 1805/2201/1852
f 1805/2201/1852 1804/2199/1851 1806/2202/1853
f 1736/2112/1783 1737/2113/1784 1806/2202/1853
f 1649/2200/1696 1807/2203/1854 1804/2199/1851
f 1804/2199/1851 1807/2203/1854 1806/2202/1853
f 1653/2204/1700 1807/2203/1854 1649/2200/1696
f 1653/2204/1700 1655/2205/1702 1807/2203/1854
f 1806/2202/1853 1807/2203/1854 1808/2206/1855
f 1806/2202/1853 1808/2206/1855 1736/2112/1783
f 1807/2203/1854 1655/2205/1702 1809/2207/1856
f 1807/2203/1854 1809/2207/1856 1808/2206/1855
f 1809/2207/1856 1655/2205/1702 1810/2208/1857
f 1810/2208/1857 1655/2205/1702 1660/2209/1707
f 1808/2206/1855 1809/2207/1856 1811/2210/1858
f 1660/2209/1707 1812/2211/1859 1810/2208/1857
f 1661/2212/1708 1812/2211/1859 1660/2209/1707
f 1809/2207/1856 1810/2208/1857 1813/2213/1860
f 1813/2213/1860 1811/2210/1858 1809/2207/1856
f 1814/2214/1861 1810/2208/1857 1812/2211/1859
f 1814/2214/1861 1813/2213/1860 1810/2208/1857
f 1661/2212/1708 1815/2215/1862 1812/2211/1859
f 1812/2211/1859 1815/2215/1862 1814/2214/1861
f 1662/2216/1709 1815/2215/1862 1661/2212/1708
f 1815/2215/1862 1662/2216/1709 1816/2217/1863
f 1816/2217/1863 1662/2216/1709 1663/2218/1710
f 1815/2215/1862 1817/2219/1864 1814/2214/1861
f 1815/2215/1862 1816/2217/1863 1817/2219/1864
f 1816/2217/1863 1663/2218/1710 1818/2220/1865
f 1818/2220/1865 1663/2218/1710 1606/2221/1653
f 1605/2222/1652 1818/2220/1865 1606/2221/1653
f 1818/2220/1865 1819/2223/1866 1816/2217/1863
f 1816/2217/1863 1819/2223/1866 1817/2219/1864
f 1820/2224/1867 1818/2220/1865 1605/2222/1652
f 1818/2220/1865 1820/2224/1867 1819/2223/1866
f 1609/2225/1656 1820/2224/1867 1605/2222/1652
f 1819/2223/1866 1821/2226/1868 1817/2219/1864
f 1822/2227/1869 1820/2224/1867 1609/2225/1656
f 1610/2228/1657 1822/2227/1869 1609/2225/1656
f 1819/2223/1866 1820/2224/1867 1823/2229/1870
f 1822/2227/1869 1823/2229/1870 1820/2224/1867
f 1819/2223/1866 1823/2229/1870 1821/2226/1868
f 1824/2230/1871 1822/2227/1869 1610/2228/1657
f 1611/2231/1658 1824/2230/1871 1610/2228/1657
f 1822/2227/1869 1825/2232/1872 1823/2229/1870
f 1824/2230/1871 1825/2232/1872 1822/2227/1869
f 1826/2233/1873 1824/2230/1871 1611/2231/1658
f 1825/2232/1872 1824/2230/1871 1826/2233/1873
f 1613/2234/1660 1826/2233/1873 1611/2231/1658
f 1823/2229/1870 1825/2232/1872 1827/2235/1874
f 1823/2229/1870 1827/2235/1874 1821/2226/1868
f 1826/2233/1873 1828/2236/1875 1825/2232/1872
f 1827/2235/1874 1762/2146/1809 1821/2226/1868
f 1827/2235/1874 1825/2232/1872 1829/2237/1876
f 1829/2237/1876 1825/2232/1872 1828/2236/1875
f 1827/2235/1874 1765/2150/1812 1762/2146/1809
f 1827/2235/1874 1829/2237/1876 1765/2150/1812
f 1762/2146/1809 1830/2238/1877 1821/2226/1868
f 1817/2219/1864 1821/2226/1868 1830/2238/1877
f 1817/2219/1864 1830/2238/1877 1814/2214/1861
f 1830/2238/1877 1762/2146/1809 1763/2147/1810
f 1831/2239/1878 1814/2214/1861 1830/2238/1877
f 1831/2239/1878 1830/2238/1877 1763/2147/1810
f 1813/2213/1860 1814/2214/1861 1831/2239/1878
f 1763/2147/1810 1832/2240/1879 1831/2239/1878
f 1832/2240/1879 1763/2147/1810 1760/2143/1807
f 1833/2241/1880 1813/2213/1860 1831/2239/1878
f 1831/2239/1878 1832/2240/1879 1833/2241/1880
f 1811/2210/1858 1813/2213/1860 1833/2241/1880
f 1760/2143/1807 1834/2242/1881 1832/2240/1879
f 1811/2210/1858 1833/2241/1880 1835/2243/1882
f 1811/2210/1858 1835/2243/1882 1808/2206/1855
f 1736/2112/1783 1808/2206/1855 1835/2243/1882
f 1836/2244/1883 1833/2241/1880 1832/2240/1879
f 1832/2240/1879 1834/2242/1881 1836/2244/1883
f 1736/2112/1783 1835/2243/1882 1837/2245/1884
f 1736/2112/1783 1837/2245/1884 1745/2121/1792
f 1835/2243/1882 1833/2241/1880 1838/2246/1885
f 1745/2121/1792 1837/2245/1884 1839/2247/1886
f 1745/2121/1792 1839/2247/1886 1742/2118/1789
f 1835/2243/1882 1840/2248/1887 1837/2245/1884
f 1839/2247/1886 1837/2245/1884 1840/2248/1887
f 1838/2246/1885 1840/2248/1887 1835/2243/1882
f 1742/2118/1789 1839/2247/1886 1841/2249/1888
f 1839/2247/1886 1840/2248/1887 1842/2250/1889
f 1839/2247/1886 1842/2250/1889 1841/2249/1888
f 1838/2246/1885 1843/2251/1890 1840/2248/1887
f 1842/2250/1889 1840/2248/1887 1843/2251/1890
f 1838/2246/1885 1833/2241/1880 1844/2252/1891
f 1844/2252/1891 1833/2241/1880 1836/2244/1883
f 1845/2253/1892 1843/2251/1890 1838/2246/1885
f 1838/2246/1885 1844/2252/1891 1845/2253/1892
f 1843/2251/1890 1846/2254/1893 1842/2250/1889
f 1845/2253/1892 50/2255/1894 1843/2251/1890
f 50/2255/1894 1846/2254/1893 1843/2251/1890
f 1847/2256/1895 50/2255/1894 1845/2253/1892
f 1846/2254/1893 1848/2257/1896 1842/2250/1889
f 1841/2249/1888 1842/2250/1889 1848/2257/1896
f 1849/2258/1897 1848/2257/1896 1846/2254/1893
f 1850/2259/1898 1847/2256/1895 1845/2253/1892
f 1845/2253/1892 1844/2252/1891 1850/2259/1898
f 1851/2260/1899 1847/2256/1895 1850/2259/1898
f 42/2261/1900 1851/2260/1899 1850/2259/1898
f 1850/2259/1898 1844/2252/1891 1852/2262/1901
f 1852/2262/1901 1844/2252/1891 1836/2244/1883
f 42/2261/1900 1850/2259/1898 1853/2263/1902
f 1852/2262/1901 1853/2263/1902 1850/2259/1898
f 42/2261/1900 1853/2263/1902 38/2264/1903
f 1836/2244/1883 1854/2265/1904 1852/2262/1901
f 38/2264/1903 1853/2263/1902 1855/2266/1905
f 1853/2263/1902 1852/2262/1901 1855/2266/1905
f 1855/2266/1905 1852/2262/1901 1854/2265/1904
f 38/2264/1903 1855/2266/1905 34/2267/1906
f 1834/2242/1881 1854/2265/1904 1836/2244/1883
f 34/2267/1906 1855/2266/1905 1856/2268/1907
f 1854/2265/1904 1856/2268/1907 1855/2266/1905
f 1854/2265/1904 1834/2242/1881 1857/2269/1908
f 1857/2269/1908 1856/2268/1907 1854/2265/1904
f 1858/2270/1909 34/2267/1906 1856/2268/1907
f 40/2271/1910 34/2267/1906 1858/2270/1909
f 1859/2272/1911 1856/2268/1907 1857/2269/1908
f 1858/2270/1909 1856/2268/1907 1859/2272/1911
f 1857/2269/1908 1834/2242/1881 1860/2273/1912
f 1834/2242/1881 1760/2143/1807 1860/2273/1912
f 1860/2273/1912 1760/2143/1807 1758/2141/1805
f 1756/2138/1803 1860/2273/1912 1758/2141/1805
f 1861/2274/1913 1857/2269/1908 1860/2273/1912
f 1861/2274/1913 1860/2273/1912 1756/2138/1803
f 1859/2272/1911 1857/2269/1908 1861/2274/1913
f 1756/2138/1803 1862/2275/1914 1861/2274/1913
f 1756/2138/1803 1753/2134/1800 1862/2275/1914
f 1753/2134/1800 1741/2117/1788 1862/2275/1914
f 1861/2274/1913 1863/2276/1915 1859/2272/1911
f 1861/2274/1913 1862/2275/1914 1863/2276/1915
f 1862/2275/1914 1741/2117/1788 1864/2277/1916
f 1864/2277/1916 1863/2276/1915 1862/2275/1914
f 1859/2272/1911 1863/2276/1915 1865/2278/1917
f 1865/2278/1917 1858/2270/1909 1859/2272/1911
f 1866/2279/1918 1863/2276/1915 1864/2277/1916
f 1866/2279/1918 1865/2278/1917 1863/2276/1915
f 1741/2117/1788 1867/2280/1919 1864/2277/1916
f 1739/2115/1786 1867/2280/1919 1741/2117/1788
f 1867/2280/1919 1739/2115/1786 1742/2118/1789
f 1742/2118/1789 1841/2249/1888 1867/2280/1919
f 1868/2281/1920 1864/2277/1916 1867/2280/1919
f 1867/2280/1919 1841/2249/1888 1868/2281/1920
f 1866/2279/1918 1864/2277/1916 1868/2281/1920
f 1841/2249/1888 1848/2257/1896 1868/2281/1920
f 1868/2281/1920 1848/2257/1896 1869/2282/1921
f 1869/2282/1921 1866/2279/1918 1868/2281/1920
f 1849/2258/1897 1869/2282/1921 1848/2257/1896
f 61/2283/1922 1869/2282/1921 1849/2258/1897
f 1870/2284/1923 1866/2279/1918 1869/2282/1921
f 61/2283/1922 1870/2284/1923 1869/2282/1921
f 1870/2284/1923 1865/2278/1917 1866/2279/1918
f 61/2283/1922 64/2285/1924 1870/2284/1923
f 1870/2284/1923 64/2285/1924 66/2286/1925
f 1870/2284/1923 1871/2287/1926 1865/2278/1917
f 1870/2284/1923 66/2286/1925 1871/2287/1926
f 1871/2287/1926 1858/2270/1909 1865/2278/1917
f 66/2286/1925 40/2271/1910 1871/2287/1926
f 1871/2287/1926 40/2271/1910 1858/2270/1909
f 1872/2288/1927 1798/2187/1845 1792/2181/1839
f 1872/2288/1927 1803/2197/1850 1798/2187/1845
f 1790/2179/1837 1872/2288/1927 1792/2181/1839
f 1803/2197/1850 1872/2288/1927 1873/2289/1928
f 1873/2289/1928 1618/2198/1665 1803/2197/1850
f 1617/2290/1664 1618/2198/1665 1873/2289/1928
f 1617/2290/1664 1873/2289/1928 1613/2234/1660
f 1872/2288/1927 1874/2291/1929 1873/2289/1928
f 1872/2288/1927 1790/2179/1837 1874/2291/1929
f 1613/2234/1660 1873/2289/1928 1875/2292/1930
f 1873/2289/1928 1874/2291/1929 1875/2292/1930
f 1875/2292/1930 1826/2233/1873 1613/2234/1660
f 1875/2292/1930 1828/2236/1875 1826/2233/1873
f 1874/2291/1929 1876/2293/1931 1875/2292/1930
f 1876/2293/1931 1828/2236/1875 1875/2292/1930
f 1876/2293/1931 1874/2291/1929 1877/2294/1932
f 1790/2179/1837 1877/2294/1932 1874/2291/1929
f 1876/2293/1931 1878/2295/1933 1828/2236/1875
f 1876/2293/1931 1877/2294/1932 1878/2295/1933
f 1828/2236/1875 1878/2295/1933 1829/2237/1876
f 1790/2179/1837 1879/2296/1934 1877/2294/1932
f 1880/2297/1935 1829/2237/1876 1878/2295/1933
f 1765/2150/1812 1829/2237/1876 1880/2297/1935
f 1880/2297/1935 1767/2152/1814 1765/2150/1812
f 1790/2179/1837 1881/2298/1936 1879/2296/1934
f 1787/2176/1834 1881/2298/1936 1790/2179/1837
f 1787/2176/1834 1882/2299/1937 1881/2298/1936
f 1786/2175/1833 1882/2299/1937 1787/2176/1834
f 1883/2300/1938 1879/2296/1934 1881/2298/1936
f 1882/2299/1937 1883/2300/1938 1881/2298/1936
f 1884/2301/1939 1882/2299/1937 1786/2175/1833
f 1785/2174/1832 1884/2301/1939 1786/2175/1833
f 1885/2302/1940 1883/2300/1938 1882/2299/1937
f 1884/2301/1939 1885/2302/1940 1882/2299/1937
f 1886/2303/1941 1879/2296/1934 1883/2300/1938
f 1879/2296/1934 1886/2303/1941 1877/2294/1932
f 1883/2300/1938 1885/2302/1940 1887/2304/1942
f 1887/2304/1942 1886/2303/1941 1883/2300/1938
f 1877/2294/1932 1886/2303/1941 1888/2305/1943
f 1877/2294/1932 1888/2305/1943 1878/2295/1933
f 1889/2306/1944 1886/2303/1941 1887/2304/1942
f 1886/2303/1941 1889/2306/1944 1888/2305/1943
f 1887/2304/1942 1885/2302/1940 1890/2307/1945
f 24/2308/1946 1889/2306/1944 1887/2304/1942
f 1890/2307/1945 24/2308/1946 1887/2304/1942
f 27/2309/1947 1889/2306/1944 24/2308/1946
f 19/2310/1948 24/2308/1946 1890/2307/1945
f 27/2309/1947 1891/2311/1949 1889/2306/1944
f 1888/2305/1943 1889/2306/1944 1891/2311/1949
f 30/2312/1950 1891/2311/1949 27/2309/1947
f 1892/2313/1951 19/2310/1948 1890/2307/1945
f 16/2314/1952 19/2310/1948 1892/2313/1951
f 1885/2302/1940 1893/2315/1953 1890/2307/1945
f 1890/2307/1945 1893/2315/1953 1892/2313/1951
f 1893/2315/1953 1885/2302/1940 1884/2301/1939
f 1894/2316/1954 16/2314/1952 1892/2313/1951
f 15/2317/1955 16/2314/1952 1894/2316/1954
f 1894/2316/1954 12/2318/1956 15/2317/1955
f 1895/2319/1957 1892/2313/1951 1893/2315/1953
f 1894/2316/1954 1892/2313/1951 1895/2319/1957
f 1896/2320/1958 1893/2315/1953 1884/2301/1939
f 1895/2319/1957 1893/2315/1953 1896/2320/1958
f 1896/2320/1958 1884/2301/1939 1785/2174/1832
f 1894/2316/1954 1897/2321/1959 12/2318/1956
f 12/2318/1956 1897/2321/1959 7/2322/1960
f 1785/2174/1832 1898/2323/1961 1896/2320/1958
f 1771/2159/1818 1898/2323/1961 1785/2174/1832
f 7/2322/1960 1897/2321/1959 1899/2324/1962
f 7/2322/1960 1899/2324/1962 2/2325/1963
f 1894/2316/1954 1900/2326/1964 1897/2321/1959
f 1900/2326/1964 1899/2324/1962 1897/2321/1959
f 1895/2319/1957 1900/2326/1964 1894/2316/1954
f 1896/2320/1958 1901/2327/1965 1895/2319/1957
f 1901/2327/1965 1900/2326/1964 1895/2319/1957
f 1898/2323/1961 1901/2327/1965 1896/2320/1958
f 1902/2328/1966 1899/2324/1962 1900/2326/1964
f 1900/2326/1964 1901/2327/1965 1902/2328/1966
f 2/2325/1963 1899/2324/1962 1903/2329/1967
f 1902/2328/1966 1903/2329/1967 1899/2324/1962
f 1901/2327/1965 1898/2323/1961 1904/2330/1968
f 1902/2328/1966 1901/2327/1965 1904/2330/1968
f 1905/2331/1969 1898/2323/1961 1771/2159/1818
f 1904/2330/1968 1898/2323/1961 1905/2331/1969
f 1766/2151/1813 1905/2331/1969 1771/2159/1818
f 1766/2151/1813 1769/2156/1816 1905/2331/1969
f 1769/2156/1816 1906/2332/1970 1905/2331/1969
f 1905/2331/1969 1906/2332/1970 1904/2330/1968
f 1767/2152/1814 1906/2332/1970 1769/2156/1816
f 1904/2330/1968 1907/2333/1971 1902/2328/1966
f 1906/2332/1970 1907/2333/1971 1904/2330/1968
f 1907/2333/1971 1903/2329/1967 1902/2328/1966
f 1908/2334/1972 1906/2332/1970 1767/2152/1814
f 1908/2334/1972 1907/2333/1971 1906/2332/1970
f 1767/2152/1814 1880/2297/1935 1908/2334/1972
f 1907/2333/1971 1909/2335/1973 1903/2329/1967
f 1909/2335/1973 1907/2333/1971 1908/2334/1972
f 1908/2334/1972 1880/2297/1935 1910/2336/1974
f 1908/2334/1972 1910/2336/1974 1909/2335/1973
f 1878/2295/1933 1910/2336/1974 1880/2297/1935
f 1903/2329/1967 1909/2335/1973 1911/2337/1975
f 1911/2337/1975 2/2325/1963 1903/2329/1967
f 5/2338/1976 2/2325/1963 1911/2337/1975
f 1909/2335/1973 1910/2336/1974 1912/2339/1977
f 1909/2335/1973 1912/2339/1977 1911/2337/1975
f 1913/2340/1978 1910/2336/1974 1878/2295/1933
f 1913/2340/1978 1912/2339/1977 1910/2336/1974
f 1878/2295/1933 1888/2305/1943 1913/2340/1978
f 1891/2311/1949 1913/2340/1978 1888/2305/1943
f 1914/2341/1979 5/2338/1976 1911/2337/1975
f 1911/2337/1975 1912/2339/1977 1914/2341/1979
f 10/2342/1980 5/2338/1976 1914/2341/1979
f 1915/2343/1981 1912/2339/1977 1913/2340/1978
f 1912/2339/1977 1915/2343/1981 1914/2341/1979
f 1915/2343/1981 1913/2340/1978 1891/2311/1949
f 1915/2343/1981 10/2342/1980 1914/2341/1979
f 30/2312/1950 1915/2343/1981 1891/2311/1949
f 32/2344/1982 10/2342/1980 1915/2343/1981
f 30/2312/1950 32/2344/1982 1915/2343/1981
f 1685/2345/1732 1567/2346/1614 1916/2347/1983
f 1916/2347/1983 1567/2346/1614 1565/2348/1612
f 1916/2347/1983 1688/2349/1735 1685/2345/1732
f 1916/2347/1983 1565/2348/1612 1917/2350/1984
f 1917/2350/1984 1565/2348/1612 1564/2351/1611
f 1918/2352/1985 1688/2349/1735 1916/2347/1983
f 1917/2350/1984 1918/2352/1985 1916/2347/1983
f 1918/2352/1985 1692/2353/1739 1688/2349/1735
f 1917/2350/1984 1564/2351/1611 1919/2354/1986
f 1919/2354/1986 1564/2351/1611 1562/2355/1609
f 1920/2356/1987 1918/2352/1985 1917/2350/1984
f 1919/2354/1986 1562/2355/1609 1921/2357/1988
f 1921/2357/1988 1562/2355/1609 1561/2358/1608
f 1559/2359/1606 1921/2357/1988 1561/2358/1608
f 1919/2354/1986 1922/2360/1989 1917/2350/1984
f 1917/2350/1984 1922/2360/1989 1920/2356/1987
f 1921/2357/1988 1923/2361/1990 1919/2354/1986
f 1919/2354/1986 1923/2361/1990 1922/2360/1989
f 1924/2362/1991 1921/2357/1988 1559/2359/1606
f 1924/2362/1991 1923/2361/1990 1921/2357/1988
f 1537/2363/1584 1924/2362/1991 1559/2359/1606
f 1923/2361/1990 1925/2364/1992 1922/2360/1989
f 1926/2365/1993 1923/2361/1990 1924/2362/1991
f 1926/2365/1993 1925/2364/1992 1923/2361/1990
f 1927/2366/1994 1924/2362/1991 1537/2363/1584
f 1922/2360/1989 1925/2364/1992 1928/2367/1995
f 1922/2360/1989 1928/2367/1995 1920/2356/1987
f 1927/2366/1994 1537/2363/1584 1929/2368/1996
f 1929/2368/1996 1537/2363/1584 1539/2369/1586
f 1930/2370/1997 1924/2362/1991 1927/2366/1994
f 1929/2368/1996 1930/2370/1997 1927/2366/1994
f 1926/2365/1993 1924/2362/1991 1930/2370/1997
f 1929/2368/1996 1539/2369/1586 1931/2371/1998
f 1931/2371/1998 1539/2369/1586 1541/2372/1588
f 1542/2373/1589 1931/2371/1998 1541/2372/1588
f 1932/2374/1999 1931/2371/1998 1542/2373/1589
f 1544/2375/1591 1932/2374/1999 1542/2373/1589
f 1933/2376/2000 1929/2368/1996 1931/2371/1998
f 1931/2371/1998 1932/2374/1999 1933/2376/2000
f 1934/2377/2001 1929/2368/1996 1933/2376/2000
f 1934/2377/2001 1930/2370/1997 1929/2368/1996
f 1933/2376/2000 1932/2374/1999 1935/2378/2002
f 1936/2379/2003 1932/2374/1999 1544/2375/1591
f 1932/2374/1999 1936/2379/2003 1935/2378/2002
f 1545/2380/1592 1936/2379/2003 1544/2375/1591
f 1933/2376/2000 1935/2378/2002 1937/2381/2004
f 1937/2381/2004 1934/2377/2001 1933/2376/2000
f 1938/2382/2005 1936/2379/2003 1545/2380/1592
f 1547/2383/1594 1938/2382/2005 1545/2380/1592
f 1720/2384/1767 1938/2382/2005 1547/2383/1594
f 1720/2384/1767 1722/2385/1769 1938/2382/2005
f 1938/2382/2005 1722/2385/1769 1939/2386/2006
f 1938/2382/2005 1939/2386/2006 1936/2379/2003
f 1722/2385/1769 1724/2387/1771 1939/2386/2006
f 1935/2378/2002 1936/2379/2003 1940/2388/2007
f 1936/2379/2003 1939/2386/2006 1940/2388/2007
f 1935/2378/2002 1940/2388/2007 1941/2389/2008
f 1937/2381/2004 1935/2378/2002 1941/2389/2008
f 1940/2388/2007 1939/2386/2006 1942/2390/2009
f 1941/2389/2008 1940/2388/2007 1942/2390/2009
f 1939/2386/2006 1724/2387/1771 1943/2391/2010
f 1942/2390/2009 1939/2386/2006 1943/2391/2010
f 1943/2391/2010 1724/2387/1771 1944/2392/2011
f 1944/2392/2011 1724/2387/1771 1725/2393/1772
f 1942/2390/2009 1943/2391/2010 1945/2394/2012
f 1945/2394/2012 1943/2391/2010 1944/2392/2011
f 1941/2389/2008 1942/2390/2009 1946/2395/2013
f 1946/2395/2013 1942/2390/2009 1945/2394/2012
f 1944/2392/2011 1725/2393/1772 1947/2396/2014
f 1947/2396/2014 1725/2393/1772 1728/2397/1775
f 1744/2398/1791 1947/2396/2014 1728/2397/1775
f 1945/2394/2012 1944/2392/2011 1948/2399/2015
f 1948/2399/2015 1944/2392/2011 1947/2396/2014
f 1949/2400/2016 1947/2396/2014 1744/2398/1791
f 1949/2400/2016 1948/2399/2015 1947/2396/2014
f 1747/2401/1794 1949/2400/2016 1744/2398/1791
f 1950/2402/2017 1945/2394/2012 1948/2399/2015
f 1946/2395/2013 1945/2394/2012 1950/2402/2017
f 1951/2403/2018 1948/2399/2015 1949/2400/2016
f 1951/2403/2018 1950/2402/2017 1948/2399/2015
f 1952/2404/2019 1949/2400/2016 1747/2401/1794
f 1952/2404/2019 1951/2403/2018 1949/2400/2016
f 1750/2405/1797 1952/2404/2019 1747/2401/1794
f 1953/2406/2020 1950/2402/2017 1951/2403/2018
f 1954/2407/2021 1952/2404/2019 1750/2405/1797
f 1750/2405/1797 1675/2408/1722 1954/2407/2021
f 1954/2407/2021 1675/2408/1722 1672/2409/1719
f 1955/2410/2022 1951/2403/2018 1952/2404/2019
f 1954/2407/2021 1955/2410/2022 1952/2404/2019
f 1955/2410/2022 1953/2406/2020 1951/2403/2018
f 1954/2407/2021 1672/2409/1719 1956/2411/2023
f 1956/2411/2023 1955/2410/2022 1954/2407/2021
f 1956/2411/2023 1672/2409/1719 1670/2412/1717
f 1667/2413/1714 1956/2411/2023 1670/2412/1717
f 1956/2411/2023 1957/2414/2024 1955/2410/2022
f 1957/2414/2024 1953/2406/2020 1955/2410/2022
f 1958/2415/2025 1956/2411/2023 1667/2413/1714
f 1958/2415/2025 1957/2414/2024 1956/2411/2023
f 1666/2416/1713 1958/2415/2025 1667/2413/1714
f 1957/2414/2024 1959/2417/2026 1953/2406/2020
f 1960/2418/2027 1958/2415/2025 1666/2416/1713
f 1664/2419/1711 1960/2418/2027 1666/2416/1713
f 1958/2415/2025 1961/2420/2028 1957/2414/2024
f 1960/2418/2027 1961/2420/2028 1958/2415/2025
f 1961/2420/2028 1959/2417/2026 1957/2414/2024
f 1962/2421/2029 1960/2418/2027 1664/2419/1711
f 1664/2419/1711 1579/2422/1626 1962/2421/2029
f 1960/2418/2027 1963/2423/2030 1961/2420/2028
f 1962/2421/2029 1963/2423/2030 1960/2418/2027
f 1962/2421/2029 1579/2422/1626 1964/2424/2031
f 1962/2421/2029 1964/2424/2031 1963/2423/2030
f 1579/2422/1626 1965/2425/2032 1964/2424/2031
f 1578/2426/1625 1965/2425/2032 1579/2422/1626
f 1963/2423/2030 1964/2424/2031 1966/2427/2033
f 1578/2426/1625 1967/2428/2034 1965/2425/2032
f 1581/2429/1628 1967/2428/2034 1578/2426/1625
f 1965/2425/2032 1968/2430/2035 1964/2424/2031
f 1964/2424/2031 1968/2430/2035 1966/2427/2033
f 1965/2425/2032 1967/2428/2034 1968/2430/2035
f 1966/2427/2033 1969/2431/2036 1963/2423/2030
f 1966/2427/2033 1968/2430/2035 1969/2431/2036
f 1963/2423/2030 1970/2432/2037 1961/2420/2028
f 1963/2423/2030 1969/2431/2036 1970/2432/2037
f 1961/2420/2028 1970/2432/2037 1959/2417/2026
f 1969/2431/2036 1968/2430/2035 1971/2433/2038
f 1969/2431/2036 1972/2434/2039 1970/2432/2037
f 1969/2431/2036 1971/2433/2038 1972/2434/2039
f 1970/2432/2037 1973/2435/2040 1959/2417/2026
f 1970/2432/2037 1972/2434/2039 1973/2435/2040
f 1968/2430/2035 1974/2436/2041 1971/2433/2038
f 1968/2430/2035 1967/2428/2034 1974/2436/2041
f 1972/2434/2039 1971/2433/2038 1975/2437/2042
f 1967/2428/2034 1976/2438/2043 1974/2436/2041
f 1967/2428/2034 1581/2429/1628 1976/2438/2043
f 1976/2438/2043 1581/2429/1628 1583/2439/1630
f 1971/2433/2038 1974/2436/2041 1977/2440/2044
f 1971/2433/2038 1977/2440/2044 1975/2437/2042
f 1974/2436/2041 1976/2438/2043 1978/2441/2045
f 1974/2436/2041 1978/2441/2045 1977/2440/2044
f 1976/2438/2043 1583/2439/1630 1979/2442/2046
f 1976/2438/2043 1979/2442/2046 1978/2441/2045
f 1979/2442/2046 1583/2439/1630 1586/2443/1633
f 1586/2443/1633 1589/2444/1636 1979/2442/2046
f 1977/2440/2044 1978/2441/2045 1980/2445/2047
f 1979/2442/2046 1589/2444/1636 1981/2446/2048
f 1589/2444/1636 1592/2447/1639 1981/2446/2048
f 1981/2446/2048 1592/2447/1639 1773/2448/1820
f 1978/2441/2045 1979/2442/2046 1982/2449/2049
f 1979/2442/2046 1981/2446/2048 1982/2449/2049
f 1978/2441/2045 1982/2449/2049 1980/2445/2047
f 1981/2446/2048 1773/2448/1820 1983/2450/2050
f 1982/2449/2049 1981/2446/2048 1983/2450/2050
f 1983/2450/2050 1773/2448/1820 1774/2451/1821
f 1982/2449/2049 1983/2450/2050 1984/2452/2051
f 1980/2445/2047 1982/2449/2049 1984/2452/2051
f 1983/2450/2050 1774/2451/1821 1985/2453/2052
f 1984/2452/2051 1983/2450/2050 1985/2453/2052
f 1985/2453/2052 1774/2451/1821 1776/2454/1823
f 1980/2445/2047 1984/2452/2051 1986/2455/2053
f 1985/2453/2052 1776/2454/1823 1987/2456/2054
f 1987/2456/2054 1776/2454/1823 1696/2457/1743
f 1693/2458/1740 1987/2456/2054 1696/2457/1743
f 1984/2452/2051 1985/2453/2052 1988/2459/2055
f 1988/2459/2055 1985/2453/2052 1987/2456/2054
f 1986/2455/2053 1984/2452/2051 1988/2459/2055
f 1989/2460/2056 1987/2456/2054 1693/2458/1740
f 1989/2460/2056 1988/2459/2055 1987/2456/2054
f 1692/2353/1739 1989/2460/2056 1693/2458/1740
f 1990/2461/2057 1988/2459/2055 1989/2460/2056
f 1990/2461/2057 1986/2455/2053 1988/2459/2055
f 1991/2462/2058 1989/2460/2056 1692/2353/1739
f 1991/2462/2058 1990/2461/2057 1989/2460/2056
f 1991/2462/2058 1692/2353/1739 1918/2352/1985
f 1918/2352/1985 1992/2463/2059 1991/2462/2058
f 1992/2463/2059 1990/2461/2057 1991/2462/2058
f 1920/2356/1987 1992/2463/2059 1918/2352/1985
f 1920/2356/1987 1928/2367/1995 1992/2463/2059
f 1992/2463/2059 1993/2464/2060 1990/2461/2057
f 1928/2367/1995 1993/2464/2060 1992/2463/2059
f 1993/2464/2060 1986/2455/2053 1990/2461/2057
f 1928/2367/1995 1994/2465/2061 1993/2464/2060
f 1925/2364/1992 1994/2465/2061 1928/2367/1995
f 1993/2464/2060 1995/2466/2062 1986/2455/2053
f 1994/2465/2061 1995/2466/2062 1993/2464/2060
f 1995/2466/2062 1980/2445/2047 1986/2455/2053
f 1977/2440/2044 1980/2445/2047 1995/2466/2062
f 1975/2437/2042 1977/2440/2044 1995/2466/2062
f 1996/2467/2063 1994/2465/2061 1925/2364/1992
f 1996/2467/2063 1925/2364/1992 1926/2365/1993
f 1997/2468/2064 1995/2466/2062 1994/2465/2061
f 1975/2437/2042 1995/2466/2062 1997/2468/2064
f 1997/2468/2064 1994/2465/2061 1996/2467/2063
f 1930/2370/1997 1996/2467/2063 1926/2365/1993
f 1998/2469/2065 1975/2437/2042 1997/2468/2064
f 1972/2434/2039 1975/2437/2042 1998/2469/2065
f 1999/2470/2066 1997/2468/2064 1996/2467/2063
f 1998/2469/2065 1997/2468/2064 1999/2470/2066
f 1999/2470/2066 1996/2467/2063 1930/2370/1997
f 1972/2434/2039 1998/2469/2065 1973/2435/2040
f 1999/2470/2066 1930/2370/1997 2000/2471/2067
f 2000/2471/2067 1930/2370/1997 1934/2377/2001
f 2000/2471/2067 1934/2377/2001 1937/2381/2004
f 1998/2469/2065 1999/2470/2066 2001/2472/2068
f 2001/2472/2068 1999/2470/2066 2000/2471/2067
f 1973/2435/2040 1998/2469/2065 2001/2472/2068
f 2002/2473/2069 2000/2471/2067 1937/2381/2004
f 2001/2472/2068 2000/2471/2067 2002/2473/2069
f 1937/2381/2004 1941/2389/2008 2002/2473/2069
f 2002/2473/2069 1941/2389/2008 1946/2395/2013
f 1973/2435/2040 2001/2472/2068 2003/2474/2070
f 2003/2474/2070 2001/2472/2068 2002/2473/2069
f 2002/2473/2069 1946/2395/2013 2003/2474/2070
f 1959/2417/2026 1973/2435/2040 2003/2474/2070
f 2003/2474/2070 1946/2395/2013 1950/2402/2017
f 1959/2417/2026 2003/2474/2070 1953/2406/2020
f 1953/2406/2020 2003/2474/2070 1950/2402/2017
f 2004/2475/2071 61/2476/1922 1849/2477/1897
f 2004/2475/2071 1849/2477/1897 1846/2478/1893
f 2004/2475/2071 64/2479/1924 61/2476/1922
f 2004/2475/2071 1846/2478/1893 50/2480/1894
f 66/2481/1925 64/2479/1924 2004/2475/2071
f 2004/2475/2071 50/2480/1894 1847/2482/1895
f 2004/2475/2071 40/2483/1910 66/2481/1925
f 2004/2475/2071 1847/2482/1895 1851/2484/1899
f 2004/2475/2071 34/2485/1906 40/2483/1910
f 2004/2475/2071 1851/2484/1899 42/2486/1900
f 2004/2475/2071 38/2487/1903 34/2485/1906
f 2004/2475/2071 42/2486/1900 38/2487/1903
f 2005/2488/2072 30/2489/1950 27/2490/1947
f 2005/2488/2072 27/2490/1947 24/2491/1946
f 2005/2488/2072 32/2492/1982 30/2489/1950
f 2005/2488/2072 24/2491/1946 19/2493/1948
f 2005/2488/2072 10/2494/1980 32/2492/1982
f 2005/2488/2072 19/2493/1948 16/2495/1952
f 2005/2488/2072 5/2496/1976 10/2494/1980
f 2005/2488/2072 16/2495/1952 15/2497/1955
f 2005/2488/2072 2/2498/1963 5/2496/1976
f 15/2497/1955 12/2499/1956 2005/2488/2072
f 2005/2488/2072 7/2500/1960 2/2498/1963
f 2005/2488/2072 12/2499/1956 7/2500/1960
