<?xml version="1.0" encoding="utf-8"?>
<COLLADA xmlns:xsd="http://www.w3.org/2001/XMLSchema" xmlns:xsi="http://www.w3.org/2001/XMLSchema-instance" version="1.4.1" xmlns="http://www.collada.org/2005/11/COLLADASchema">
    <asset>
        <created>0001-01-01T00:00:00</created>
        <modified>0001-01-01T00:00:00</modified>
        <unit name="Meter" />
        <contributor>
            <authoring_tool>IONET Exporter</authoring_tool>
        </contributor>
    </asset>
    <library_images>
        <image id="pm0812_00_00_eye_alb-image" name="pm0812_00_00_eye_alb">
            <init_from>pm0812_00_00_eye_alb.png</init_from>
        </image>
        <image id="pm0812_00_00_eye_alb-image_0" name="pm0812_00_00_eye_alb">
            <init_from>pm0812_00_00_eye_alb.png</init_from>
        </image>
        <image id="pm0812_00_00_body_b_alb-image" name="pm0812_00_00_body_b_alb">
            <init_from>pm0812_00_00_body_b_alb.png</init_from>
        </image>
        <image id="pm0812_00_00_body_a_alb-image" name="pm0812_00_00_body_a_alb">
            <init_from>pm0812_00_00_body_a_alb.png</init_from>
        </image>
    </library_images>
    <library_materials>
        <material id="l_eye" name="l_eye">
            <instance_effect url="#l_eye-effect" />
        </material>
        <material id="r_eye" name="r_eye">
            <instance_effect url="#r_eye-effect" />
        </material>
        <material id="body_b" name="body_b">
            <instance_effect url="#body_b-effect" />
        </material>
        <material id="body_a" name="body_a">
            <instance_effect url="#body_a-effect" />
        </material>
    </library_materials>
    <library_effects>
        <effect id="l_eye-effect" name="l_eye">
            <profile_COMMON>
                <newparam sid="pm0812_00_00_eye_alb-image_surface">
                    <surface type="2D">
                        <init_from>pm0812_00_00_eye_alb-image</init_from>
                    </surface>
                </newparam>
                <newparam sid="pm0812_00_00_eye_alb-image_sampler">
                    <sampler2D>
                        <source>pm0812_00_00_eye_alb-image_surface</source>
                    </sampler2D>
                </newparam>
                <technique sid="standard">
                    <phong>
                        <emission>
                            <color sid="emission">0 0 0 1</color>
                        </emission>
                        <ambient>
                            <color sid="ambient">0 0 0 1</color>
                        </ambient>
                        <diffuse>
                            <texture texture="pm0812_00_00_eye_alb-image_sampler" texcoord="CHANNEL0" />
                        </diffuse>
                        <specular>
                            <color sid="specular">0 0 0 1</color>
                        </specular>
                        <reflective>
                            <color sid="reflective">1 1 1 1</color>
                        </reflective>
                        <shininess>
                            <float sid="shininess">50</float>
                        </shininess>
                        <reflectivity>
                            <float sid="reflectivity">1</float>
                        </reflectivity>
                        <transparency>
                            <float sid="transparency">1</float>
                        </transparency>
                    </phong>
                </technique>
            </profile_COMMON>
        </effect>
        <effect id="r_eye-effect" name="r_eye">
            <profile_COMMON>
                <newparam sid="pm0812_00_00_eye_alb-image_0_surface">
                    <surface type="2D">
                        <init_from>pm0812_00_00_eye_alb-image_0</init_from>
                    </surface>
                </newparam>
                <newparam sid="pm0812_00_00_eye_alb-image_0_sampler">
                    <sampler2D>
                        <source>pm0812_00_00_eye_alb-image_0_surface</source>
                    </sampler2D>
                </newparam>
                <technique sid="standard">
                    <phong>
                        <emission>
                            <color sid="emission">0 0 0 1</color>
                        </emission>
                        <ambient>
                            <color sid="ambient">0 0 0 1</color>
                        </ambient>
                        <diffuse>
                            <texture texture="pm0812_00_00_eye_alb-image_0_sampler" texcoord="CHANNEL0" />
                        </diffuse>
                        <specular>
                            <color sid="specular">0 0 0 1</color>
                        </specular>
                        <reflective>
                            <color sid="reflective">1 1 1 1</color>
                        </reflective>
                        <shininess>
                            <float sid="shininess">50</float>
                        </shininess>
                        <reflectivity>
                            <float sid="reflectivity">1</float>
                        </reflectivity>
                        <transparency>
                            <float sid="transparency">1</float>
                        </transparency>
                    </phong>
                </technique>
            </profile_COMMON>
        </effect>
        <effect id="body_b-effect" name="body_b">
            <profile_COMMON>
                <newparam sid="pm0812_00_00_body_b_alb-image_surface">
                    <surface type="2D">
                        <init_from>pm0812_00_00_body_b_alb-image</init_from>
                    </surface>
                </newparam>
                <newparam sid="pm0812_00_00_body_b_alb-image_sampler">
                    <sampler2D>
                        <source>pm0812_00_00_body_b_alb-image_surface</source>
                    </sampler2D>
                </newparam>
                <technique sid="standard">
                    <phong>
                        <emission>
                            <color sid="emission">0 0 0 1</color>
                        </emission>
                        <ambient>
                            <color sid="ambient">0 0 0 1</color>
                        </ambient>
                        <diffuse>
                            <texture texture="pm0812_00_00_body_b_alb-image_sampler" texcoord="CHANNEL0" />
                        </diffuse>
                        <specular>
                            <color sid="specular">0 0 0 1</color>
                        </specular>
                        <reflective>
                            <color sid="reflective">1 1 1 1</color>
                        </reflective>
                        <shininess>
                            <float sid="shininess">50</float>
                        </shininess>
                        <reflectivity>
                            <float sid="reflectivity">1</float>
                        </reflectivity>
                        <transparency>
                            <float sid="transparency">1</float>
                        </transparency>
                    </phong>
                </technique>
            </profile_COMMON>
        </effect>
        <effect id="body_a-effect" name="body_a">
            <profile_COMMON>
                <newparam sid="pm0812_00_00_body_a_alb-image_surface">
                    <surface type="2D">
                        <init_from>pm0812_00_00_body_a_alb-image</init_from>
                    </surface>
                </newparam>
                <newparam sid="pm0812_00_00_body_a_alb-image_sampler">
                    <sampler2D>
                        <source>pm0812_00_00_body_a_alb-image_surface</source>
                    </sampler2D>
                </newparam>
                <technique sid="standard">
                    <phong>
                        <emission>
                            <color sid="emission">0 0 0 1</color>
                        </emission>
                        <ambient>
                            <color sid="ambient">0 0 0 1</color>
                        </ambient>
                        <diffuse>
                            <texture texture="pm0812_00_00_body_a_alb-image_sampler" texcoord="CHANNEL0" />
                        </diffuse>
                        <specular>
                            <color sid="specular">0 0 0 1</color>
                        </specular>
                        <reflective>
                            <color sid="reflective">1 1 1 1</color>
                        </reflective>
                        <shininess>
                            <float sid="shininess">50</float>
                        </shininess>
                        <reflectivity>
                            <float sid="reflectivity">1</float>
                        </reflectivity>
                        <transparency>
                            <float sid="transparency">1</float>
                        </transparency>
                    </phong>
                </technique>
            </profile_COMMON>
        </effect>
    </library_effects>
    <library_geometries>
        <geometry id="pm0812_00_00_eye_mesh_shape_lod2_l_eye-geometry" name="pm0812_00_00_eye_mesh_shape_lod2_l_eye">
            <mesh>
                <source id="pm0812_00_00_eye_mesh_shape_lod2_l_eye-geometry-POSITION">
                    <float_array id="pm0812_00_00_eye_mesh_shape_lod2_l_eye-geometry-POSITION-array" count="45">0.03241547 0.1360117 0.07862931 0.03189867 0.1281175 0.0827025 0.0332232 0.1240446 0.0837583 0.03241547 0.1360117 0.07862931 0.0332232 0.1240446 0.0837583 0.03557948 0.138039 0.07643474 0.04012977 0.118295 0.08325853 0.04012977 0.118295 0.08325853 0.04443315 0.1246139 0.07892273 0.03557948 0.138039 0.07643474 0.03934933 0.1362152 0.07565404 0.03934933 0.1362152 0.07565404 0.04443315 0.1246139 0.07892273 0.04214319 0.1327082 0.0761175 0.04372884 0.1284942 0.07759348</float_array>
                    <technique_common>
                        <accessor count="15" offset="0" source="pm0812_00_00_eye_mesh_shape_lod2_l_eye-geometry-POSITION-array" stride="3">
                            <param name="X" type="float" />
                            <param name="Y" type="float" />
                            <param name="Z" type="float" />
                        </accessor>
                    </technique_common>
                </source>
                <source id="pm0812_00_00_eye_mesh_shape_lod2_l_eye-geometry-NORMAL">
                    <float_array id="pm0812_00_00_eye_mesh_shape_lod2_l_eye-geometry-NORMAL-array" count="27">0.3342285 0.4089355 0.8486328 0.5107422 0.3674316 0.7768555 0.46875 0.402832 0.7856445 0.3679199 0.3815918 0.8476563 0.338623 0.3666992 0.8662109 0.3061523 0.3469238 0.8862305 0.3344727 0.3803711 0.8618164 0.2932129 0.3859863 0.8745117 0.331543 0.4682617 0.8188477</float_array>
                    <technique_common>
                        <accessor count="9" offset="0" source="pm0812_00_00_eye_mesh_shape_lod2_l_eye-geometry-NORMAL-array" stride="3">
                            <param name="X" type="float" />
                            <param name="Y" type="float" />
                            <param name="Z" type="float" />
                        </accessor>
                    </technique_common>
                </source>
                <source id="pm0812_00_00_eye_mesh_shape_lod2_l_eye-geometry-TEXCOORD">
                    <float_array id="pm0812_00_00_eye_mesh_shape_lod2_l_eye-geometry-TEXCOORD-array" count="18">0.8176174 0.7239124 0.8415238 0.6145294 0.8654301 0.5051465 0.5642139 0.8054262 0.4999998 0.009975195 0.1876985 0.2665236 0.4375122 0.8461832 0.3108104 0.8869402 0.2492545 0.5767319</float_array>
                    <technique_common>
                        <accessor count="9" offset="0" source="pm0812_00_00_eye_mesh_shape_lod2_l_eye-geometry-TEXCOORD-array" stride="2">
                            <param name="S" type="float" />
                            <param name="T" type="float" />
                        </accessor>
                    </technique_common>
                </source>
                <vertices id="pm0812_00_00_eye_mesh_shape_lod2_l_eye-vertices">
                    <input semantic="POSITION" source="#pm0812_00_00_eye_mesh_shape_lod2_l_eye-geometry-POSITION" />
                </vertices>
                <triangles count="7" material="l_eye">
                    <input semantic="VERTEX" source="#pm0812_00_00_eye_mesh_shape_lod2_l_eye-vertices" offset="0" set="0" />
                    <input semantic="NORMAL" source="#pm0812_00_00_eye_mesh_shape_lod2_l_eye-geometry-NORMAL" offset="1" set="0" />
                    <input semantic="TEXCOORD" source="#pm0812_00_00_eye_mesh_shape_lod2_l_eye-geometry-TEXCOORD" offset="2" set="0" />
                    <p>0 0 0 1 1 1 2 2 2 3 0 0 4 2 2 5 3 3 5 3 3 4 2 2 6 4 4 7 4 4 8 5 5 9 6 3 9 6 3 8 5 5 10 6 6 11 7 6 12 5 5 13 8 7 13 8 7 12 5 5 14 7 8</p>
                </triangles>
            </mesh>
        </geometry>
        <geometry id="pm0812_00_00_eye_mesh_shape_lod2_r_eye-geometry" name="pm0812_00_00_eye_mesh_shape_lod2_r_eye">
            <mesh>
                <source id="pm0812_00_00_eye_mesh_shape_lod2_r_eye-geometry-POSITION">
                    <float_array id="pm0812_00_00_eye_mesh_shape_lod2_r_eye-geometry-POSITION-array" count="45">-0.03241547 0.1360117 0.07862931 -0.0332232 0.1240446 0.0837583 -0.03189867 0.1281175 0.0827025 -0.03934933 0.1362152 0.07565404 -0.04214319 0.1327082 0.0761175 -0.04443315 0.1246139 0.07892273 -0.04372884 0.1284942 0.07759348 -0.04012977 0.118295 0.08325853 -0.03557948 0.138039 0.07643474 -0.04443315 0.1246139 0.07892273 -0.03934933 0.1362152 0.07565404 -0.03241547 0.1360117 0.07862931 -0.03557948 0.138039 0.07643474 -0.0332232 0.1240446 0.0837583 -0.04012977 0.118295 0.08325853</float_array>
                    <technique_common>
                        <accessor count="15" offset="0" source="pm0812_00_00_eye_mesh_shape_lod2_r_eye-geometry-POSITION-array" stride="3">
                            <param name="X" type="float" />
                            <param name="Y" type="float" />
                            <param name="Z" type="float" />
                        </accessor>
                    </technique_common>
                </source>
                <source id="pm0812_00_00_eye_mesh_shape_lod2_r_eye-geometry-NORMAL">
                    <float_array id="pm0812_00_00_eye_mesh_shape_lod2_r_eye-geometry-NORMAL-array" count="27">-0.3342285 0.4089355 0.8486328 -0.46875 0.402832 0.7856445 -0.5107422 0.3674316 0.7768555 -0.2932129 0.3859863 0.8745117 -0.331543 0.4682617 0.8188477 -0.3061523 0.3469238 0.8862305 -0.338623 0.3666992 0.8662109 -0.3344727 0.3803711 0.8618164 -0.3679199 0.3815918 0.8476563</float_array>
                    <technique_common>
                        <accessor count="9" offset="0" source="pm0812_00_00_eye_mesh_shape_lod2_r_eye-geometry-NORMAL-array" stride="3">
                            <param name="X" type="float" />
                            <param name="Y" type="float" />
                            <param name="Z" type="float" />
                        </accessor>
                    </technique_common>
                </source>
                <source id="pm0812_00_00_eye_mesh_shape_lod2_r_eye-geometry-TEXCOORD">
                    <float_array id="pm0812_00_00_eye_mesh_shape_lod2_r_eye-geometry-TEXCOORD-array" count="18">0.8176178 0.7239124 0.8654301 0.5051465 0.8415239 0.6145294 0.4375123 0.8461832 0.3108105 0.8869402 0.1876985 0.2665237 0.2492545 0.5767319 0.5 0.009975195 0.5642141 0.8054262</float_array>
                    <technique_common>
                        <accessor count="9" offset="0" source="pm0812_00_00_eye_mesh_shape_lod2_r_eye-geometry-TEXCOORD-array" stride="2">
                            <param name="S" type="float" />
                            <param name="T" type="float" />
                        </accessor>
                    </technique_common>
                </source>
                <vertices id="pm0812_00_00_eye_mesh_shape_lod2_r_eye-vertices">
                    <input semantic="POSITION" source="#pm0812_00_00_eye_mesh_shape_lod2_r_eye-geometry-POSITION" />
                </vertices>
                <triangles count="7" material="r_eye">
                    <input semantic="VERTEX" source="#pm0812_00_00_eye_mesh_shape_lod2_r_eye-vertices" offset="0" set="0" />
                    <input semantic="NORMAL" source="#pm0812_00_00_eye_mesh_shape_lod2_r_eye-geometry-NORMAL" offset="1" set="0" />
                    <input semantic="TEXCOORD" source="#pm0812_00_00_eye_mesh_shape_lod2_r_eye-geometry-TEXCOORD" offset="2" set="0" />
                    <p>0 0 0 1 1 1 2 2 2 3 3 3 4 4 4 5 5 5 5 5 5 4 4 4 6 3 6 7 6 7 8 7 8 9 5 5 9 5 5 8 7 8 10 7 3 11 0 0 12 8 8 13 1 1 13 1 1 12 8 8 14 6 7</p>
                </triangles>
            </mesh>
        </geometry>
        <geometry id="pm0812_00_00_body_c_mesh_shape_lod2_body_b-geometry" name="pm0812_00_00_body_c_mesh_shape_lod2_body_b">
            <mesh>
                <source id="pm0812_00_00_body_c_mesh_shape_lod2_body_b-geometry-POSITION">
                    <float_array id="pm0812_00_00_body_c_mesh_shape_lod2_body_b-geometry-POSITION-array" count="1131">-0.02398293 0.2956006 -5.372217E-05 -0.02001467 0.2663172 0.01143536 -7.054584E-08 0.295754 0.02386196 -0.09112697 0.1711197 0.04593392 -0.05421242 0.1723724 0.04152026 -0.0911159 0.1945622 0.04165445 -0.0409651 0.2136053 0.01478786 -0.05421242 0.1723724 0.04152026 -0.01371933 0.1931522 0.01470287 -0.1261263 0.1712921 0.03757218 -0.09112697 0.1711197 0.04593392 -0.0911159 0.1945622 0.04165445 -0.1574069 0.182493 6.213393E-05 -0.1565228 0.1704978 -1.677151E-05 -0.1494672 0.1698194 0.01854892 -0.01865984 0.1761407 0.01325644 -0.05421242 0.1723724 0.04152026 -0.09118412 0.1847733 2.830056E-05 -0.09118412 0.1847733 2.830056E-05 -0.05421242 0.1723724 0.04152026 -0.09112697 0.1711197 0.04593392 -0.09112697 0.1711197 0.04593392 -0.1261263 0.1712921 0.03757218 -0.09118412 0.1847733 2.830056E-05 -0.1261263 0.1712921 0.03757218 -0.1494672 0.1698194 0.01854892 -0.09118412 0.1847733 2.830056E-05 -0.1494672 0.1698194 0.01854892 -0.1261263 0.1712921 0.03757218 -0.1403504 0.1876947 0.02590005 -0.1494672 0.1698194 0.01854892 -0.1565228 0.1704978 -1.677151E-05 -0.09118412 0.1847733 2.830056E-05 -0.01387229 0.1932118 -0.01477306 -0.01531648 0.2017956 -2.327741E-05 -0.01371933 0.1931522 0.01470287 -0.01371933 0.1931522 0.01470287 -0.008213256 0.1945507 0.004710575 -0.01387229 0.1932118 -0.01477306 6.801296E-06 0.1764722 -0.03118642 0.01881663 0.1763093 -0.01302889 -2.200182E-30 0.1778944 0 6.801296E-06 0.1764722 -0.03118642 -2.200182E-30 0.1778944 0 -0.01881663 0.1763093 -0.01302889 -0.01371933 0.1931522 0.01470287 -1.361551E-06 0.193826 0.01015011 -0.008213256 0.1945507 0.004710575 0.01371933 0.1931522 0.01470287 0.008213256 0.1945507 0.004710575 -1.361551E-06 0.193826 0.01015011 -0.04005269 0.172194 -0.02872213 -0.04757226 0.1593098 -0.05929972 -0.0388177 0.1456065 -0.07141942 -0.02398293 0.2956006 -5.372217E-05 -7.054584E-08 0.295754 0.02386196 4.489597E-07 0.2957631 -0.02385308 -0.008213256 0.1945507 0.004710575 -1.361551E-06 0.193826 0.01015011 -0.0148192 0.2138854 -0.000342525 4.45402E-06 0.1538745 -0.07559552 -0.0388177 0.1456065 -0.07141942 3.074377E-06 0.1361808 -0.08790329 -0.008213256 0.1945507 0.004710575 -0.0148192 0.2138854 -0.000342525 -0.008278722 0.1945996 -0.005589705 -0.008278722 0.1945996 -0.005589705 -4.968103E-06 0.2135681 -0.01475248 0.008278722 0.1945996 -0.005589705 0.0148192 0.2138854 -0.000342525 -1.361551E-06 0.193826 0.01015011 0.008213256 0.1945507 0.004710575 -2.200182E-30 0.1778944 0 0.01881663 0.1763093 -0.01302889 0.01865984 0.1761407 0.01325644 0.04005269 0.172194 -0.02872213 0.01387229 0.1932118 -0.01477306 0.01881663 0.1763093 -0.01302889 0.04757226 0.1593098 -0.05929972 0.04005269 0.172194 -0.02872213 0.0388177 0.1456065 -0.07141942 0.0388177 0.1456065 -0.07141942 3.074377E-06 0.1361808 -0.08790329 0.01908987 0.1375803 -0.089518 -0.01865984 0.1761407 0.01325644 -0.01371933 0.1931522 0.01470287 -0.05421242 0.1723724 0.04152026 3.074377E-06 0.1361808 -0.08790329 0.0388177 0.1456065 -0.07141942 4.45402E-06 0.1538745 -0.07559552 0.01881663 0.1763093 -0.01302889 0.01387229 0.1932118 -0.01477306 0.05418521 0.1725521 -0.04155593 0.01881663 0.1763093 -0.01302889 0.05418521 0.1725521 -0.04155593 0.01865984 0.1761407 0.01325644 0.0148192 0.2138854 -0.000342525 0.008213256 0.1945507 0.004710575 0.008278722 0.1945996 -0.005589705 0.008278722 0.1945996 -0.005589705 0.008213256 0.1945507 0.004710575 0.01387229 0.1932118 -0.01477306 0.1494607 0.1697219 -0.01858135 0.1565228 0.1704978 -1.677151E-05 0.09118412 0.1847733 2.830056E-05 0.1494607 0.1697219 -0.01858135 0.1260645 0.1712346 -0.037541 0.1403084 0.1879998 -0.02567531 0.1260645 0.1712346 -0.037541 0.1494607 0.1697219 -0.01858135 0.09118412 0.1847733 2.830056E-05 0.09113899 0.1711295 -0.04596219 0.1260645 0.1712346 -0.037541 0.09118412 0.1847733 2.830056E-05 0.1574069 0.182493 6.213393E-05 0.1565228 0.1704978 -1.677151E-05 0.1494607 0.1697219 -0.01858135 0.1260645 0.1712346 -0.037541 0.09113899 0.1711295 -0.04596219 0.0910553 0.1944904 -0.04169844 0.02398293 0.2956006 -5.372217E-05 0.01189167 0.2663851 -0.01962874 4.489597E-07 0.2957631 -0.02385308 -2.200182E-30 0.1778944 0 0.01865984 0.1761407 0.01325644 -7.633794E-07 0.1764664 0.03116642 0.01371933 0.1931522 0.01470287 0.04305939 0.1756115 0.03009839 0.01865984 0.1761407 0.01325644 0.05421242 0.1723724 0.04152026 0.01371933 0.1931522 0.01470287 0.01865984 0.1761407 0.01325644 0.02398293 0.2956006 -5.372217E-05 4.489597E-07 0.2957631 -0.02385308 -7.054584E-08 0.295754 0.02386196 0.01387229 0.1932118 -0.01477306 0.008213256 0.1945507 0.004710575 0.01371933 0.1931522 0.01470287 0.01387229 0.1932118 -0.01477306 0.01371933 0.1931522 0.01470287 0.01531648 0.2017956 -2.327741E-05 0.09118412 0.1847733 2.830056E-05 0.1565228 0.1704978 -1.677151E-05 0.1494672 0.1698194 0.01854892 0.1403504 0.1876947 0.02590005 0.1261263 0.1712921 0.03757218 0.1494672 0.1698194 0.01854892 0.09118412 0.1847733 2.830056E-05 0.1494672 0.1698194 0.01854892 0.1261263 0.1712921 0.03757218 0.09118412 0.1847733 2.830056E-05 0.1261263 0.1712921 0.03757218 0.09112697 0.1711197 0.04593392 -0.01865984 0.1761407 0.01325644 -0.04305939 0.1756115 0.03009839 -0.01371933 0.1931522 0.01470287 0.09118412 0.1847733 2.830056E-05 0.09112697 0.1711197 0.04593392 0.05421242 0.1723724 0.04152026 0.01865984 0.1761407 0.01325644 0.09118412 0.1847733 2.830056E-05 0.05421242 0.1723724 0.04152026 0.1574069 0.182493 6.213393E-05 0.1494672 0.1698194 0.01854892 0.1565228 0.1704978 -1.677151E-05 0.1261263 0.1712921 0.03757218 0.0911159 0.1945622 0.04165445 0.09112697 0.1711197 0.04593392 0.01371933 0.1931522 0.01470287 0.05421242 0.1723724 0.04152026 0.0409651 0.2136053 0.01478786 0.0911159 0.1945622 0.04165445 0.05421242 0.1723724 0.04152026 0.09112697 0.1711197 0.04593392 0.02398293 0.2956006 -5.372217E-05 -7.054584E-08 0.295754 0.02386196 0.02001467 0.2663172 0.01143536 -0.01881663 0.1763093 -0.01302889 -2.200182E-30 0.1778944 0 -0.01865984 0.1761407 0.01325644 -0.01881663 0.1763093 -0.01302889 -0.01387229 0.1932118 -0.01477306 -0.04005269 0.172194 -0.02872213 -0.0388177 0.1456065 -0.07141942 -0.01908987 0.1375803 -0.089518 3.074377E-06 0.1361808 -0.08790329 -0.05418521 0.1725521 -0.04155593 -0.01387229 0.1932118 -0.01477306 -0.01881663 0.1763093 -0.01302889 -0.01865984 0.1761407 0.01325644 -0.05418521 0.1725521 -0.04155593 -0.01881663 0.1763093 -0.01302889 -0.01387229 0.1932118 -0.01477306 -0.008213256 0.1945507 0.004710575 -0.008278722 0.1945996 -0.005589705 -0.09118412 0.1847733 2.830056E-05 -0.1565228 0.1704978 -1.677151E-05 -0.1494607 0.1697219 -0.01858135 -0.1403084 0.1879998 -0.02567531 -0.1260645 0.1712346 -0.037541 -0.1494607 0.1697219 -0.01858135 -0.09118412 0.1847733 2.830056E-05 -0.1494607 0.1697219 -0.01858135 -0.1260645 0.1712346 -0.037541 -0.09118412 0.1847733 2.830056E-05 -0.1260645 0.1712346 -0.037541 -0.09113899 0.1711295 -0.04596219 -0.1574069 0.182493 6.213393E-05 -0.1494607 0.1697219 -0.01858135 -0.1565228 0.1704978 -1.677151E-05 -0.1260645 0.1712346 -0.037541 -0.0910553 0.1944904 -0.04169844 -0.09113899 0.1711295 -0.04596219 -0.01865984 0.1761407 0.01325644 -2.200182E-30 0.1778944 0 -7.633794E-07 0.1764664 0.03116642 -0.02398293 0.2956006 -5.372217E-05 4.489597E-07 0.2957631 -0.02385308 -0.01189167 0.2663851 -0.01962874 0.01865984 0.1761407 0.01325644 0.04305939 0.1756115 0.03009839 0.0436938 0.1628187 0.04232177 -7.633794E-07 0.1764664 0.03116642 0.01865984 0.1761407 0.01325644 1.100715E-05 0.1544208 0.07599562 0.02661514 0.1397473 0.07955918 0.04759033 0.1591374 0.05938936 -1.87137E-06 0.1364616 0.08786748 0.01894861 0.1376363 0.08959133 -0.01865984 0.1761407 0.01325644 -0.0436938 0.1628187 0.04232177 -0.04305939 0.1756115 0.03009839 -0.01865984 0.1761407 0.01325644 -7.633794E-07 0.1764664 0.03116642 1.100715E-05 0.1544208 0.07599562 -0.02661514 0.1397473 0.07955918 -0.04759033 0.1591374 0.05938936 -1.87137E-06 0.1364616 0.08786748 -0.01894861 0.1376363 0.08959133 -7.054584E-08 0.295754 0.02386196 -0.02001467 0.2663172 0.01143536 7.50546E-07 0.2661554 0.02302619 -1.361551E-06 0.193826 0.01015011 0.02001467 0.2663172 0.01143536 7.50546E-07 0.2661554 0.02302619 -1.361551E-06 0.193826 0.01015011 -7.054584E-08 0.295754 0.02386196 0.09118412 0.1847733 2.830056E-05 0.05418521 0.1725521 -0.04155593 0.09113899 0.1711295 -0.04596219 0.01865984 0.1761407 0.01325644 -0.01371933 0.1931522 0.01470287 0.01371933 0.1931522 0.01470287 -1.361551E-06 0.193826 0.01015011 6.204335E-07 0.1978521 0.04180269 0.01371933 0.1931522 0.01470287 0.03527384 0.1883715 0.03589126 0.01371933 0.1931522 0.01470287 0.04305939 0.1756115 0.03009839 0.04759033 0.1591374 0.05938936 0.0436938 0.1628187 0.04232177 0.02964994 0.1568989 0.08987427 0.02661514 0.1397473 0.07955918 0.01894861 0.1376363 0.08959133 -8.226028E-07 0.1759386 0.08379968 -0.03527384 0.1883715 0.03589126 -0.01371933 0.1931522 0.01470287 1.121053E-05 0.1544272 0.09905717 -1.87137E-06 0.1364616 0.08786748 -0.01894861 0.1376363 0.08959133 -0.02964994 0.1568989 0.08987427 -0.02661514 0.1397473 0.07955918 -0.04759033 0.1591374 0.05938936 -0.04305939 0.1756115 0.03009839 -0.0436938 0.1628187 0.04232177 -0.01371933 0.1931522 0.01470287 -0.09118412 0.1847733 2.830056E-05 -0.09113899 0.1711295 -0.04596219 -0.05418521 0.1725521 -0.04155593 -0.01865984 0.1761407 0.01325644 -0.0388177 0.1456065 -0.07141942 4.45402E-06 0.1538745 -0.07559552 -0.04005269 0.172194 -0.02872213 6.801296E-06 0.1764722 -0.03118642 -0.01881663 0.1763093 -0.01302889 0.01881663 0.1763093 -0.01302889 6.801296E-06 0.1764722 -0.03118642 0.04005269 0.172194 -0.02872213 4.45402E-06 0.1538745 -0.07559552 0.0388177 0.1456065 -0.07141942 -0.01387229 0.1932118 -0.01477306 -0.008278722 0.1945996 -0.005589705 0.008278722 0.1945996 -0.005589705 0.01387229 0.1932118 -0.01477306 -0.02529611 0.1939644 -0.0387177 0.02529611 0.1939644 -0.0387177 -0.02529611 0.1939644 -0.0387177 0.0417549 0.182433 -0.03281709 0.01387229 0.1932118 -0.01477306 0.04005269 0.172194 -0.02872213 0.01387229 0.1932118 -0.01477306 0.04757226 0.1593098 -0.05929972 0.01485053 0.1835847 -0.07074967 0.0388177 0.1456065 -0.07141942 0.02952428 0.1568781 -0.0899794 -0.01387229 0.1932118 -0.01477306 -0.0417549 0.182433 -0.03281709 -0.01387229 0.1932118 -0.01477306 -0.04005269 0.172194 -0.02872213 -0.04757226 0.1593098 -0.05929972 -0.03929713 0.1732671 -0.06586213 -0.02952428 0.1568781 -0.0899794 -0.0388177 0.1456065 -0.07141942 -3.790066E-05 0.1547801 -0.09910674 -0.01908987 0.1375803 -0.089518 -0.0388177 0.1456065 -0.07141942 0.01908987 0.1375803 -0.089518 0.0388177 0.1456065 -0.07141942 3.074377E-06 0.1361808 -0.08790329 -0.0148192 0.2138854 -0.000342525 -4.968103E-06 0.2135681 -0.01475248 -0.008278722 0.1945996 -0.005589705 -0.01189167 0.2663851 -0.01962874 4.489597E-07 0.2957631 -0.02385308 -0.02001467 0.2663172 0.01143536 -0.02398293 0.2956006 -5.372217E-05 -1.361551E-06 0.193826 0.01015011 0.02001467 0.2663172 0.01143536 -1.361551E-06 0.193826 0.01015011 0.0148192 0.2138854 -0.000342525 0.02398293 0.2956006 -5.372217E-05 0.01189167 0.2663851 -0.01962874 -4.968103E-06 0.2135681 -0.01475248 0.008278722 0.1945996 -0.005589705 4.489597E-07 0.2957631 -0.02385308 -0.0409651 0.2136053 0.01478786 -0.01371933 0.1931522 0.01470287 -0.01531648 0.2017956 -2.327741E-05 -0.01387229 0.1932118 -0.01477306 -0.0409582 0.213681 -0.01469943 -0.0911159 0.1945622 0.04165445 -0.05421242 0.1723724 0.04152026 -0.01387229 0.1932118 -0.01477306 -0.05418521 0.1725521 -0.04155593 -0.09110003 0.2177762 0.01757554 -0.0910553 0.1944904 -0.04169844 -0.09113899 0.1711295 -0.04596219 -0.0913491 0.2177438 -0.01751894 -0.1260622 0.2072911 0.0136284 -0.1403084 0.1879998 -0.02567531 -0.1260645 0.1712346 -0.037541 -0.1403504 0.1876947 0.02590005 -0.1261263 0.1712921 0.03757218 -0.1574069 0.182493 6.213393E-05 -0.1494607 0.1697219 -0.01858135 -0.1494672 0.1698194 0.01854892 0.09113899 0.1711295 -0.04596219 0.05418521 0.1725521 -0.04155593 0.0910553 0.1944904 -0.04169844 0.0409582 0.213681 -0.01469943 0.01387229 0.1932118 -0.01477306 0.01387229 0.1932118 -0.01477306 0.01531648 0.2017956 -2.327741E-05 0.01371933 0.1931522 0.01470287 0.0409651 0.2136053 0.01478786 0.1403084 0.1879998 -0.02567531 0.1260645 0.1712346 -0.037541 0.0913491 0.2177438 -0.01751894 0.09110003 0.2177762 0.01757554 0.05421242 0.1723724 0.04152026 0.0911159 0.1945622 0.04165445 0.1260622 0.2072911 0.0136284 0.1261263 0.1712921 0.03757218 0.1403504 0.1876947 0.02590005 0.1574069 0.182493 6.213393E-05 0.1494607 0.1697219 -0.01858135 0.1494672 0.1698194 0.01854892</float_array>
                    <technique_common>
                        <accessor count="377" offset="0" source="pm0812_00_00_body_c_mesh_shape_lod2_body_b-geometry-POSITION-array" stride="3">
                            <param name="X" type="float" />
                            <param name="Y" type="float" />
                            <param name="Z" type="float" />
                        </accessor>
                    </technique_common>
                </source>
                <source id="pm0812_00_00_body_c_mesh_shape_lod2_body_b-geometry-NORMAL">
                    <float_array id="pm0812_00_00_body_c_mesh_shape_lod2_body_b-geometry-NORMAL-array" count="432">-0.996582 0.07653809 -0.009002686 -0.9106445 -0.0960083 0.4016113 0 0.1472168 0.9887695 -0.05709839 0.1791992 0.9819336 0.296875 0.3935547 0.8696289 -0.004295349 0.5214844 0.8525391 0.2724609 0.7929688 0.5439453 0.5112305 0.3681641 0.7763672 -0.3613281 0.2629395 0.894043 -0.7832031 0.6191406 -0.05056763 -0.9970703 -0.07348633 -0.001958847 -0.7900391 0.1185913 0.6005859 -0.008735657 -0.9985352 -0.05273438 -0.05325317 -0.96875 -0.2420654 -0.002204895 -0.9995117 0.01571655 0.02880859 -0.9580078 -0.2849121 0.1420898 -0.9658203 -0.2145996 0.204834 -0.96875 -0.1376953 -0.5522461 0.5009766 0.6655273 0.2133789 -0.9765625 0.002708435 0.5136719 0.3652344 -0.7758789 0.6591797 0.7514648 7.83205E-05 -0.2719727 0.9296875 -0.2480469 -0.1734619 0.9838867 0.04232788 -0.2231445 0.949707 0.2181396 0 -0.9287109 0.3706055 -0.2583008 -0.9501953 -0.1739502 0 -0.9995117 -0.002174377 0.2580566 -0.9501953 -0.1739502 0 0.9897461 0.1425781 0.2719727 0.9296875 -0.2480469 0.1734619 0.9838867 0.04232788 -0.1245728 -0.7963867 0.5908203 -0.9804688 -0.1947021 -0.01693726 0.1741943 -0.8139648 0.5537109 -0.006580353 0.9995117 0.0001909733 0 1.000122 0.0001909733 -0.8217773 -0.1362305 0.5527344 0 -0.2102051 0.9775391 -0.9760742 -0.2165527 0.005805969 0 -0.7983398 0.6015625 0 -0.7290039 0.684082 -0.5996094 -0.3220215 -0.7319336 0 -0.2496338 -0.9682617 0.5996094 -0.3217773 -0.7324219 0.9760742 -0.2166748 0.005664825 0.8217773 -0.1362305 0.5527344 0.008735657 -0.9985352 -0.05273438 0.1246338 -0.7963867 0.5908203 0.159668 0.9736328 0.161377 0.605957 0.2548828 0.7529297 0.9013672 0.3308105 -0.2775879 -0.1741943 -0.8139648 0.5537109 0.3203125 -0.7250977 -0.6088867 0.6191406 -0.2432861 0.7460938 -0.5136719 0.3652344 -0.7758789 -0.1392822 -0.8408203 -0.5224609 0.05862427 0.9916992 -0.1141357 -0.2052002 -0.9682617 0.140625 -0.2133789 -0.9765625 0.002708435 0.002204895 -0.9995117 0.01571655 0.7871094 0.1240845 -0.6035156 0.3642578 0.2641602 -0.8925781 0.5356445 0.6645508 -0.5200195 -0.1436768 -0.9658203 0.2145996 -0.03225708 -0.9580078 0.2841797 0.7832031 0.6191406 -0.05056763 0.9970703 -0.07348633 -0.001958847 0.05929565 0.1793213 -0.9819336 0.03408813 0.5424805 -0.8388672 0.996582 0.07647705 -0.008987427 0.6875 -0.07952881 -0.7211914 0 0.1436768 -0.9892578 0 -0.9370117 -0.3486328 0.8701172 0.0859375 -0.4846191 0.5668945 0.08972168 -0.8183594 -0.296875 0.3935547 0.8696289 -0.5112305 0.3681641 0.7763672 -0.6191406 -0.2432861 0.7460938 0.006580353 0.9995117 0.0001910925 -0.6591797 0.7514648 7.83205E-05 -0.204834 -0.96875 -0.1376953 0.5522461 0.5009766 0.6655273 0.3613281 0.2629395 0.894043 0.7900391 0.1185913 0.6005859 -0.1420898 -0.9658203 -0.2145996 -0.02880859 -0.9580078 -0.2849121 -0.5668945 0.08972168 -0.8183594 -0.8701172 0.0859375 -0.4846191 0.05325317 -0.96875 -0.2420654 0.004295349 0.5214844 0.8525391 0.05709839 0.1791992 0.9819336 -0.2724609 0.7929688 0.5439453 0.9106445 -0.0960083 0.4016113 -0.605957 0.2548828 0.7529297 -0.3200684 -0.7260742 -0.6083984 0.1392822 -0.8408203 -0.5224609 -0.08062744 0.9912109 -0.100708 0.2052002 -0.9682617 0.140625 -0.5356445 0.6645508 -0.5200195 -0.3642578 0.2641602 -0.8925781 -0.7871094 0.1240845 -0.6035156 0.1436768 -0.9658203 0.2145996 0.03225708 -0.9580078 0.2841797 -0.03408813 0.5424805 -0.8388672 -0.05929565 0.1793213 -0.9819336 -0.6875 -0.07952881 -0.7211914 -0.004089355 -0.8764648 -0.480957 0 -0.8149414 -0.5791016 0.09197998 -0.90625 -0.4116211 0.9272461 0.1939697 0.3200684 7.599592E-05 -0.7172852 -0.6962891 0.2854004 -0.574707 0.7666016 0.00409317 -0.8764648 -0.480957 -0.09185791 -0.90625 -0.4116211 -0.9272461 0.1939697 0.3200684 -0.2854004 -0.574707 0.7666016 0 -0.1314697 0.9912109 0 0.9506836 0.3085938 0.5083008 0.8286133 0.2337646 0.5620117 0.4936523 0.6630859 0 0.8173828 0.5751953 -0.5083008 0.8286133 0.2337646 0 0.1365967 0.9902344 -0.5620117 0.4936523 0.6630859 -0.243042 0.9331055 -0.2644043 0.2384033 0.9545898 -0.1776123 0.7836914 0.6181641 -0.05404663 0.1588135 0.8334961 -0.5283203 0.8178711 -0.2077637 -0.5356445 0.543457 0.4030762 -0.7358398 -0.8022461 0.5708008 0.1729736 -0.4355469 0.7294922 -0.5268555 -0.3979492 0.5029297 -0.7670898 -0.8178711 -0.2077637 -0.5356445 -0.03225708 0.355957 -0.9335938 0.2678223 0.8046875 -0.5292969 -0.07110596 0.925293 0.3720703 -0.1424561 0.9140625 -0.3793945 -0.4641113 0.8686523 0.1706543 -0.2678223 0.8046875 -0.5292969 0.1424561 0.9140625 -0.3793945 0.07110596 0.925293 0.3720703 0.4641113 0.8686523 0.1706543</float_array>
                    <technique_common>
                        <accessor count="144" offset="0" source="pm0812_00_00_body_c_mesh_shape_lod2_body_b-geometry-NORMAL-array" stride="3">
                            <param name="X" type="float" />
                            <param name="Y" type="float" />
                            <param name="Z" type="float" />
                        </accessor>
                    </technique_common>
                </source>
                <source id="pm0812_00_00_body_c_mesh_shape_lod2_body_b-geometry-TEXCOORD">
                    <float_array id="pm0812_00_00_body_c_mesh_shape_lod2_body_b-geometry-TEXCOORD-array" count="380">0.1523696 1.290893 0.2035072 1.308594 0.1523696 1.347656 0.1610729 1.699732 0.2514759 1.70261 0.1703563 1.742543 0.2736093 1.809381 0.3379876 1.795973 0.07940805 1.732878 0.03569561 1.839852 0.009765625 1.839996 0.02298808 1.786098 0.2495237 1.378179 0.3040114 1.443098 0.2265625 1.515625 0.3149664 1.516277 0.2971894 1.586324 0.2643993 1.632911 0.0696606 1.783292 0.2265621 1.648797 0.3382765 1.880967 0.3301247 1.838467 0.3517525 1.825986 0.9841905 1.543899 0.9473727 1.508057 0.984375 1.484374 0.0158022 1.543898 0.015625 1.484374 0.05261949 1.508056 0.4639344 1.6818 0.5 1.696356 0.4795794 1.704168 0.5360655 1.6818 0.5204205 1.704168 0.09571144 1.542348 0.1056062 1.608711 0.09615396 1.642998 0.4037504 1.421875 0.3554689 1.469532 0.3554685 1.374218 0.3554688 1.308594 0.3554688 1.347656 0.3088666 1.290893 0.015625 1.640625 0.0158022 1.683757 0.3554688 1.271633 0.3088666 1.234375 0.3554688 1.234375 0.6911331 1.290893 0.6445313 1.347656 0.6445313 1.308594 0.9475562 1.460725 0.6124429 1.80206 0.5367741 1.750609 0.5781037 1.741374 0.8943854 1.608712 0.9042803 1.542349 0.9038378 1.642999 0.9841905 1.68376 0.9441354 1.684658 0.3496676 1.753832 0.984375 1.640625 0.6497372 1.922543 0.6617235 1.880967 0.747269 1.974866 0.7964008 1.378179 0.8508839 1.443098 0.7504763 1.378178 0.6445313 1.271633 0.6481708 1.850904 0.6482475 1.825986 0.8112751 1.632915 0.7734379 1.648797 0.7734375 1.515625 0.9764509 1.893752 0.919498 1.946362 0.9297664 1.896043 0.8440689 1.586323 0.8618397 1.516274 0.9643044 1.839852 0.9902344 1.839996 0.8375457 1.978648 0.8287305 1.935722 0.8476303 1.290893 0.7964923 1.252758 0.8476822 1.234375 0.9841905 1.424851 0.6046383 1.626113 0.5772313 1.691283 0.7485241 1.70261 0.6620124 1.795973 0.6503324 1.753832 0.5962501 1.421875 0.6445314 1.37422 0.6445311 1.46953 0.6698753 1.838467 0.7356004 1.632911 0.9303394 1.783292 0.920592 1.732878 0.9770119 1.786098 0.7028105 1.586324 0.6850333 1.516277 0.4227687 1.691283 0.3953617 1.626113 0.6959885 1.443098 0.8296436 1.742543 0.8389271 1.699732 0.7263907 1.809381 0.8476303 1.347656 0.7964923 1.308594 0.05243601 1.460725 0.4218963 1.741374 0.463226 1.750609 0.3875571 1.80206 0.05585682 1.684656 0.252731 1.974866 0.3502628 1.922543 0.1491162 1.443098 0.203599 1.378179 0.3518292 1.850904 0.1887249 1.632915 0.07023364 1.896043 0.08050197 1.946362 0.02354908 1.893752 0.1559312 1.586323 0.1381603 1.516273 0.1712695 1.935722 0.1624543 1.978648 0.0158022 1.424852 0.1523179 1.234375 0.2035072 1.252759 0.904229 1.426942 0.8947762 1.394324 0.9841905 1.328535 0.9293975 1.304958 0.893676 1.360285 0.9841905 1.28499 0.9442205 1.283574 0.1052154 1.394325 0.09576261 1.426943 0.0158022 1.328535 0.07059451 1.30496 0.1063156 1.360287 0.0158022 1.284993 0.05577162 1.283576 0.2035072 1.347656 0.7964923 1.347656 0.5 1.626306 0.5732985 1.626413 0.6130034 1.550504 0.6258906 1.589687 0.5588005 1.499901 0.5827194 1.473204 0.5525906 1.453965 0.5 1.533484 0.4267015 1.626413 0.5 1.483935 0.5 1.442058 0.4474094 1.453965 0.4411995 1.499901 0.4172806 1.473204 0.3869965 1.550504 0.3741094 1.589687 0.4788134 1.72814 0.5211866 1.72814 0.4489953 1.80584 0.5510047 1.80584 0.5910413 1.807479 0.6126158 1.882748 0.5280243 1.86966 0.6071454 1.93008 0.5581537 1.932777 0.4089587 1.807479 0.3873842 1.882748 0.4203721 1.875229 0.4418463 1.932777 0.3928546 1.93008 0.5 1.948337 0.4483198 1.978673 0.5516801 1.978673 0.5 1.990234 0.6911331 1.234375 0.2738147 1.867854 0.1790965 1.806007 0.1793948 1.872141 0.1115949 1.812582 0.7261852 1.867854 0.8206052 1.872141 0.8209034 1.806007 0.8884051 1.812582</float_array>
                    <technique_common>
                        <accessor count="190" offset="0" source="pm0812_00_00_body_c_mesh_shape_lod2_body_b-geometry-TEXCOORD-array" stride="2">
                            <param name="S" type="float" />
                            <param name="T" type="float" />
                        </accessor>
                    </technique_common>
                </source>
                <vertices id="pm0812_00_00_body_c_mesh_shape_lod2_body_b-vertices">
                    <input semantic="POSITION" source="#pm0812_00_00_body_c_mesh_shape_lod2_body_b-geometry-POSITION" />
                </vertices>
                <triangles count="212" material="body_b">
                    <input semantic="VERTEX" source="#pm0812_00_00_body_c_mesh_shape_lod2_body_b-vertices" offset="0" set="0" />
                    <input semantic="NORMAL" source="#pm0812_00_00_body_c_mesh_shape_lod2_body_b-geometry-NORMAL" offset="1" set="0" />
                    <input semantic="TEXCOORD" source="#pm0812_00_00_body_c_mesh_shape_lod2_body_b-geometry-TEXCOORD" offset="2" set="0" />
                    <p>0 0 0 1 1 1 2 2 2 3 3 3 4 4 4 5 5 5 6 6 6 7 4 4 8 7 7 9 8 8 10 3 3 11 5 5 12 9 9 13 10 10 14 11 11 15 12 12 16 13 13 17 14 14 18 14 14 19 13 13 20 15 15 21 15 15 22 16 16 23 14 14 24 16 16 25 17 17 26 14 14 27 11 11 28 8 8 29 18 18 30 17 17 31 19 19 32 14 14 33 20 20 34 21 21 35 7 7 36 22 7 37 23 22 38 24 20 39 25 23 40 26 24 41 27 25 42 25 26 43 27 27 44 28 28 45 22 29 46 29 30 47 23 31 48 30 32 49 31 33 50 29 30 51 32 34 52 33 35 53 34 36 54 35 37 55 36 38 56 36 39 57 37 40 58 38 41 59 39 42 60 40 43 61 34 36 62 41 44 63 37 40 64 39 42 65 42 45 66 42 45 67 43 46 68 44 47 69 45 48 70 38 49 71 46 50 72 27 25 73 26 24 74 47 51 75 48 52 76 49 53 77 50 54 78 51 55 79 48 56 80 52 57 81 52 57 82 41 58 83 53 59 84 54 60 85 7 7 86 4 4 87 41 58 88 52 57 89 40 61 90 26 62 91 55 63 92 56 64 93 26 65 94 56 66 95 47 67 96 45 48 97 46 50 98 44 68 99 57 69 100 31 70 101 49 63 102 58 71 103 59 72 104 60 73 105 61 74 106 62 75 107 63 76 108 64 77 109 58 71 110 60 73 111 65 78 112 64 77 113 60 73 114 66 79 115 67 80 116 61 74 117 62 75 118 68 81 119 69 82 120 70 83 121 71 84 122 72 85 123 27 25 124 47 51 125 73 86 126 30 32 127 74 87 128 75 88 129 76 89 130 77 90 131 78 91 132 79 92 133 36 93 134 36 94 135 49 63 136 31 70 137 30 90 138 55 63 139 77 90 140 80 95 141 60 73 142 59 72 143 81 96 144 82 97 145 83 98 146 84 99 147 60 73 148 81 96 149 85 100 150 60 73 151 85 100 152 86 101 153 87 102 154 88 103 155 22 29 156 60 73 157 86 101 158 89 104 159 47 67 160 60 73 161 89 104 162 66 79 163 84 99 164 67 80 165 83 98 166 90 105 167 91 106 168 77 90 169 76 89 170 92 107 171 90 105 172 76 89 173 91 106 174 70 83 175 2 108 176 93 109 177 28 28 178 27 27 179 12 110 180 94 111 181 24 112 182 32 113 183 34 36 184 95 114 185 41 44 186 96 115 187 20 20 188 28 116 189 12 12 190 96 117 191 28 118 192 24 20 193 23 22 194 97 119 195 14 14 196 19 19 197 98 120 198 99 121 199 100 122 200 101 123 201 14 14 202 98 120 203 102 124 204 14 14 205 102 124 206 103 125 207 9 9 208 101 123 209 10 10 210 100 122 211 104 126 212 105 127 213 12 110 214 27 27 215 73 128 216 0 0 217 72 129 218 106 130 219 75 51 220 74 131 221 107 132 222 73 86 223 47 51 221 107 132 221 107 132 224 108 133 222 73 86 225 109 134 224 108 133 221 107 132 221 107 132 226 110 135 225 109 134 224 108 133 225 109 134 227 111 136 225 109 134 228 112 137 227 111 136 229 87 110 230 113 138 231 88 139 232 12 110 233 73 128 230 113 138 233 73 128 234 108 140 230 113 138 230 113 138 234 108 140 235 114 141 236 115 142 230 113 138 235 114 141 237 111 143 235 114 141 234 108 140 235 114 141 237 111 143 238 116 144 239 2 2 240 1 1 241 117 145 240 1 1 242 38 41 241 117 145 243 93 109 244 117 146 245 38 49 243 93 109 246 2 108 244 117 146 247 60 73 248 56 66 249 65 78 250 47 67 248 56 66 247 60 73 251 22 29 252 30 32 253 29 30 251 22 29 254 118 147 252 30 32 255 30 32 254 118 147 256 119 148 257 30 32 256 119 148 258 74 87 259 110 149 260 107 150 258 74 87 258 74 87 256 119 148 259 110 149 259 110 149 256 119 148 261 120 151 262 109 152 259 110 149 261 120 151 263 112 153 262 109 152 261 120 151 264 121 154 256 119 148 254 118 147 261 120 151 256 119 148 264 121 154 265 122 155 254 118 147 266 22 29 254 118 147 265 122 155 264 121 154 261 120 151 267 123 156 263 112 153 261 120 151 264 121 154 267 123 156 268 111 157 263 112 153 269 116 158 263 112 153 267 123 156 269 116 158 264 121 154 270 124 159 267 123 156 269 116 158 267 123 156 270 124 159 265 122 155 270 124 159 264 121 154 270 124 159 271 114 160 269 116 158 270 124 159 272 115 161 271 114 160 265 122 155 272 115 161 270 124 159 265 122 155 273 88 103 272 115 161 273 88 103 274 113 162 272 115 161 273 88 103 265 122 155 275 22 29 276 14 14 277 103 125 278 96 117 279 12 12 276 14 14 278 96 117 280 34 36 281 40 43 282 32 34 282 32 34 281 40 43 283 25 26 284 28 28 282 32 34 283 25 26 285 26 24 286 25 23 287 48 56 286 25 23 288 40 61 287 48 56 287 48 56 288 40 61 289 52 57 290 24 112 291 97 163 292 57 164 293 49 53 290 24 112 292 57 164 294 125 165 290 24 112 293 49 53 293 49 53 295 126 166 296 125 165 297 127 167 295 126 166 298 49 53 299 48 52 297 127 167 300 49 53 299 48 52 301 51 168 297 127 167 297 127 167 302 128 169 295 126 166 301 51 168 302 128 169 297 127 167 295 126 166 302 128 169 296 125 165 303 129 170 304 130 171 301 51 168 304 130 171 302 128 169 301 51 168 305 24 112 296 125 165 306 131 172 307 24 112 306 131 172 308 32 113 306 131 172 309 33 173 308 32 113 296 125 165 310 132 174 306 131 172 306 131 172 310 132 174 309 33 173 296 125 165 302 128 169 310 132 174 311 133 175 309 33 173 310 132 174 302 128 169 311 133 175 310 132 174 309 33 173 311 133 175 312 134 176 313 135 177 311 133 175 302 128 169 313 135 177 302 128 169 304 130 171 314 95 178 315 134 176 311 133 175 311 133 175 313 135 177 314 95 178 316 53 179 313 135 177 304 130 171 314 95 178 313 135 177 316 53 179 304 130 171 317 129 170 316 53 179 316 53 179 318 41 180 314 95 178 319 39 42 320 43 46 321 42 45 322 106 130 323 72 129 320 43 46 320 43 46 319 39 42 322 106 130 319 39 42 324 1 1 322 106 130 324 1 1 325 0 0 322 106 130 319 39 42 326 38 41 324 1 1 327 93 109 328 38 49 329 45 48 330 70 83 327 93 109 331 71 84 327 93 109 329 45 48 331 71 84 331 71 84 329 45 48 332 43 181 329 45 48 333 44 68 332 43 181 334 72 85 331 71 84 332 43 181 335 6 6 336 7 7 337 21 21 337 21 21 338 20 20 339 136 182 337 21 21 339 136 182 335 6 6 340 5 5 341 4 4 335 6 6 342 20 20 343 96 115 339 136 182 335 6 6 344 137 183 340 5 5 335 6 6 339 136 182 344 137 183 345 104 126 343 96 115 346 105 127 339 136 182 343 96 115 345 104 126 344 137 183 339 136 182 347 138 184 347 138 184 339 136 182 345 104 126 344 137 183 348 139 185 340 5 5 344 137 183 347 138 184 348 139 185 347 138 184 345 104 126 349 99 121 345 104 126 350 100 122 349 99 121 347 138 184 349 99 121 348 139 185 340 5 5 351 18 18 352 8 8 340 5 5 348 139 185 351 18 18 349 99 121 353 9 9 348 139 185 348 139 185 353 9 9 351 18 18 353 9 9 349 99 121 354 101 123 353 9 9 355 11 11 351 18 18 356 68 81 357 56 64 358 69 82 359 140 186 357 56 64 360 55 63 358 69 82 357 56 64 359 140 186 359 140 186 361 55 63 362 80 95 362 80 95 363 77 90 364 92 107 364 92 107 359 140 186 362 80 95 358 69 82 365 63 76 366 62 75 359 140 186 367 141 187 358 69 82 367 141 187 365 63 76 358 69 82 364 92 107 368 142 188 359 140 186 359 140 186 368 142 188 367 141 187 364 92 107 369 76 89 370 90 105 368 142 188 364 92 107 370 90 105 371 143 189 367 141 187 368 142 188 368 142 188 370 90 105 371 143 189 371 143 189 365 63 76 367 141 187 370 90 105 372 83 98 373 82 97 371 143 189 370 90 105 373 82 97 371 143 189 374 66 79 365 63 76 373 82 97 374 66 79 371 143 189 374 66 79 375 61 74 365 63 76 374 66 79 373 82 97 376 84 99</p>
                </triangles>
            </mesh>
        </geometry>
        <geometry id="pm0812_00_00_body_b_mesh_shape_lod2_body_b-geometry" name="pm0812_00_00_body_b_mesh_shape_lod2_body_b">
            <mesh>
                <source id="pm0812_00_00_body_b_mesh_shape_lod2_body_b-geometry-POSITION">
                    <float_array id="pm0812_00_00_body_b_mesh_shape_lod2_body_b-geometry-POSITION-array" count="282">8.23358E-09 0.05383768 -0.08716273 0.03867919 0.054064 -0.06700169 0.03341013 0.02687086 -0.05750139 0.05971177 0.03403108 -0.05320048 0.03867919 0.054064 -0.06700169 0.07557466 0.05394449 -0.04332481 0.07557466 0.05394449 -0.04332481 0.07737287 0.05403706 2.485707E-05 0.06644818 0.02676739 8.155047E-05 0.07596001 0.03399779 0.0249091 0.07737287 0.05403706 2.485707E-05 0.07542124 0.05419283 0.04348729 0.07542124 0.05419283 0.04348729 0.03874352 0.05387139 0.06700741 0.05946715 0.03427533 0.05363479 5.625546E-05 0.05399732 0.08713294 0.01492816 0.02516319 0.06951848 0.03874352 0.05387139 0.06700741 8.23358E-09 0.05383768 -0.08716273 -0.03341013 0.02687086 -0.05750139 -0.03867919 0.054064 -0.06700169 -0.07557466 0.05394449 -0.04332481 -0.03867919 0.054064 -0.06700169 -0.05971177 0.03403108 -0.05320048 -0.07737287 0.05403706 2.485707E-05 -0.07557466 0.05394449 -0.04332481 -0.06644818 0.02676739 8.155045E-05 -0.07542124 0.05419283 0.04348729 -0.07737287 0.05403706 2.485707E-05 -0.07596001 0.03399779 0.0249091 -0.05946715 0.03427533 0.05363479 -0.03874352 0.05387139 0.06700741 -0.07542124 0.05419283 0.04348729 0.01492816 0.02516319 0.06951848 5.625546E-05 0.05399732 0.08713294 -0.03874352 0.05387139 0.06700741 -0.02806887 0.01236441 -5.601604E-06 -0.06644818 0.02676739 8.155045E-05 -0.04384333 0.01365237 -0.009088826 -0.05971177 0.03403108 -0.05320048 -0.07557466 0.05394449 -0.04332481 -0.02968639 0.01359465 -0.0332615 -0.03341013 0.02687086 -0.05750139 -0.01406948 0.01171772 -0.02448006 -0.03867919 0.054064 -0.06700169 -0.01406948 0.01171772 -0.02448006 -0.03341013 0.02687086 -0.05750139 -0.0139485 0.01397455 -0.04222657 1.116519E-09 0.02465563 -0.07129429 8.23358E-09 0.05383768 -0.08716273 -1.692681E-07 0.01322564 -0.04278221 0.0139485 0.01397455 -0.04222657 0.03341013 0.02687086 -0.05750139 0.01406948 0.01171772 -0.02448006 8.23358E-09 0.05383768 -0.08716273 0.01406948 0.01171772 -0.02448006 0.03341013 0.02687086 -0.05750139 0.02968639 0.01359465 -0.0332615 0.05971177 0.03403108 -0.05320048 0.03867919 0.054064 -0.06700169 0.04384333 0.01365237 -0.009088826 0.06644818 0.02676739 8.155047E-05 0.02806887 0.01236441 -5.601604E-06 0.07557466 0.05394449 -0.04332481 0.02806887 0.01236441 -5.601604E-06 0.06644818 0.02676739 8.155047E-05 0.0436779 0.01360238 0.00909898 0.07596001 0.03399779 0.0249091 0.07737287 0.05403706 2.485707E-05 0.02978606 0.01363338 0.03336051 0.0141202 0.01181259 0.02447292 0.02764003 0.01799079 0.04780655 0.05946715 0.03427533 0.05363479 0.07542124 0.05419283 0.04348729 0.03874352 0.05387139 0.06700741 -0.02806887 0.01236441 -5.601604E-06 -0.0436779 0.01360238 0.00909898 -0.06644818 0.02676739 8.155045E-05 -0.07596001 0.03399779 0.0249091 -0.07737287 0.05403706 2.485707E-05 -0.02978606 0.01363338 0.03336051 -0.0141202 0.01181259 0.02447292 -0.02764003 0.01799079 0.04780655 -0.05946715 0.03427533 0.05363479 -0.03874352 0.05387139 0.06700741 -0.07542124 0.05419283 0.04348729 0.0141202 0.01181259 0.02447292 0.02764003 0.01799079 0.04780655 -5.778267E-05 0.0133799 0.04248078 0.01492816 0.02516319 0.06951848 0.03874352 0.05387139 0.06700741 -0.02764003 0.01799079 0.04780655 -0.0141202 0.01181259 0.02447292 -0.03874352 0.05387139 0.06700741</float_array>
                    <technique_common>
                        <accessor count="94" offset="0" source="pm0812_00_00_body_b_mesh_shape_lod2_body_b-geometry-POSITION-array" stride="3">
                            <param name="X" type="float" />
                            <param name="Y" type="float" />
                            <param name="Z" type="float" />
                        </accessor>
                    </technique_common>
                </source>
                <source id="pm0812_00_00_body_b_mesh_shape_lod2_body_b-geometry-NORMAL">
                    <float_array id="pm0812_00_00_body_b_mesh_shape_lod2_body_b-geometry-NORMAL-array" count="132">0 -0.447998 -0.8935547 0.416748 -0.309082 -0.8544922 0.3322754 -0.6455078 -0.6870117 0.6264648 -0.5673828 -0.5332031 0.8452148 -0.4350586 -0.3098145 0.9482422 -0.3088379 -0.06665039 0.7294922 -0.675293 -0.1079712 0.8173828 -0.5576172 0.1424561 0.8544922 -0.1811523 0.4863281 0.4082031 -0.3603516 0.8383789 0.4650879 -0.5820313 0.6665039 -0.1200562 -0.5615234 0.8183594 0.1147461 -0.6303711 0.7670898 -0.3322754 -0.6455078 -0.6870117 -0.416748 -0.309082 -0.8544922 -0.8452148 -0.4350586 -0.3098145 -0.6264648 -0.5673828 -0.5332031 -0.9482422 -0.3088379 -0.06665039 -0.7294922 -0.675293 -0.1079712 -0.8544922 -0.1811523 0.4863281 -0.8173828 -0.5576172 0.1424561 -0.4650879 -0.5820313 0.6665039 -0.3100586 -0.482666 0.8188477 -0.1824951 -0.9829102 -0.001162529 -0.40625 -0.9116211 -0.0607605 -0.223999 -0.9272461 -0.2988281 -0.08087158 -0.9907227 -0.1071777 -0.2661133 -0.9194336 -0.2890625 0 -0.640625 -0.7670898 0 -0.9677734 -0.2504883 0.2661133 -0.9194336 -0.2890625 0.08087158 -0.9907227 -0.1071777 0.223999 -0.9272461 -0.2988281 0.40625 -0.9116211 -0.06079102 0.1824951 -0.9829102 -0.001162529 0.3544922 -0.934082 0.0375061 0.2995605 -0.9228516 0.2414551 0.07495117 -0.9912109 0.1049194 0.3310547 -0.8105469 0.4824219 -0.3544922 -0.934082 0.0375061 -0.2995605 -0.9228516 0.2414551 -0.07507324 -0.9912109 0.1047363 -0.2805176 -0.7216797 0.6323242 -0.01346588 -0.956543 0.2910156</float_array>
                    <technique_common>
                        <accessor count="44" offset="0" source="pm0812_00_00_body_b_mesh_shape_lod2_body_b-geometry-NORMAL-array" stride="3">
                            <param name="X" type="float" />
                            <param name="Y" type="float" />
                            <param name="Z" type="float" />
                        </accessor>
                    </technique_common>
                </source>
                <source id="pm0812_00_00_body_b_mesh_shape_lod2_body_b-geometry-TEXCOORD">
                    <float_array id="pm0812_00_00_body_b_mesh_shape_lod2_body_b-geometry-TEXCOORD-array" count="124">0.5000001 1.232871 0.5900888 1.24044 0.5755568 1.313035 0.734293 1.143904 0.790834 1.179344 0.7028949 1.186315 0.6132813 1.178066 0.6282136 1.106767 0.9332964 1.145436 0.9906545 1.181356 0.9005495 1.188482 0.8105469 1.180166 0.8683746 1.145007 0.5 1.1864 0.5316242 1.119517 0.5905076 1.178273 0.4244433 1.313035 0.4099112 1.240439 0.2971053 1.186315 0.209166 1.179344 0.265707 1.143904 0.3867188 1.178066 0.3717864 1.106767 0.09945048 1.188482 0.009345535 1.181356 0.06670351 1.145436 0.1316254 1.145007 0.1894531 1.180166 0.4094923 1.178273 0.3356268 1.022455 0.3304405 1.058658 0.2637705 1.059125 0.2230996 1.107813 0.2580574 1.022455 0.4604098 1.399942 0.4660175 1.362285 0.5000001 1.300958 0.5000001 1.362628 0.5339827 1.362284 0.5395904 1.399942 0.7419426 1.022455 0.7769004 1.107813 0.7362295 1.059125 0.6695595 1.058658 0.6643732 1.022455 0.9409978 1.022455 0.9764922 1.108808 0.9352196 1.059439 0.8675884 1.058992 0.8623064 1.022455 0.8382857 1.07695 0.05900216 1.022455 0.06478036 1.059439 0.02350778 1.108808 0.1324115 1.058992 0.1376936 1.022455 0.1617143 1.076951 0.5326653 1.022455 0.5610436 1.075793 0.5 1.061883 0.4389564 1.075793 0.4673347 1.022455</float_array>
                    <technique_common>
                        <accessor count="62" offset="0" source="pm0812_00_00_body_b_mesh_shape_lod2_body_b-geometry-TEXCOORD-array" stride="2">
                            <param name="S" type="float" />
                            <param name="T" type="float" />
                        </accessor>
                    </technique_common>
                </source>
                <vertices id="pm0812_00_00_body_b_mesh_shape_lod2_body_b-vertices">
                    <input semantic="POSITION" source="#pm0812_00_00_body_b_mesh_shape_lod2_body_b-geometry-POSITION" />
                </vertices>
                <triangles count="58" material="body_b">
                    <input semantic="VERTEX" source="#pm0812_00_00_body_b_mesh_shape_lod2_body_b-vertices" offset="0" set="0" />
                    <input semantic="NORMAL" source="#pm0812_00_00_body_b_mesh_shape_lod2_body_b-geometry-NORMAL" offset="1" set="0" />
                    <input semantic="TEXCOORD" source="#pm0812_00_00_body_b_mesh_shape_lod2_body_b-geometry-TEXCOORD" offset="2" set="0" />
                    <p>0 0 0 1 1 1 2 2 2 3 3 3 4 1 4 5 4 5 6 4 5 7 5 6 8 6 7 9 7 8 10 5 9 11 8 10 12 8 10 13 9 11 14 10 12 15 11 13 16 12 14 17 9 15 18 0 0 19 13 16 20 14 17 21 15 18 22 14 19 23 16 20 24 17 21 25 15 18 26 18 22 27 19 23 28 17 24 29 20 25 30 21 26 31 22 27 32 19 23 33 12 14 34 11 13 35 22 28 36 23 29 37 18 22 38 24 30 37 18 22 39 16 20 38 24 30 40 15 18 39 16 20 37 18 22 38 24 30 39 16 20 41 25 31 41 25 31 39 16 20 42 13 32 43 26 33 41 25 31 42 13 32 44 14 19 42 13 32 39 16 20 45 26 34 46 13 16 47 27 35 46 13 16 48 28 36 47 27 35 49 0 0 48 28 36 46 13 16 47 27 35 48 28 36 50 29 37 50 29 37 48 28 36 51 30 38 51 30 38 48 28 36 52 2 2 53 31 39 51 30 38 52 2 2 54 0 0 52 2 2 48 28 36 55 31 40 56 2 41 57 32 42 56 2 41 58 3 3 57 32 42 59 1 4 58 3 3 56 2 41 57 32 42 58 3 3 60 33 43 60 33 43 58 3 3 61 6 7 62 34 44 60 33 43 61 6 7 58 3 3 63 4 5 61 6 7 64 34 45 65 6 46 66 35 47 65 6 46 67 7 8 66 35 47 68 5 9 67 7 8 65 6 46 66 35 47 67 7 8 69 36 48 70 37 49 69 36 48 71 38 50 69 36 48 67 7 8 71 38 50 71 38 50 67 7 8 72 10 12 73 8 10 72 10 12 67 7 8 74 9 11 71 38 50 72 10 12 75 23 51 76 39 52 77 18 53 76 39 52 78 20 25 77 18 53 79 17 24 77 18 53 78 20 25 80 40 54 78 20 25 76 39 52 81 41 55 82 42 56 80 40 54 82 42 56 78 20 25 80 40 54 83 21 26 78 20 25 82 42 56 83 21 26 82 42 56 84 22 27 85 19 23 78 20 25 83 21 26 86 37 57 87 38 58 88 43 59 89 12 14 87 38 58 90 9 15 87 38 58 89 12 14 88 43 59 88 43 59 89 12 14 91 42 60 92 41 61 88 43 59 91 42 60 93 22 28 91 42 60 89 12 14</p>
                </triangles>
            </mesh>
        </geometry>
        <geometry id="pm0812_00_00_body_b_mesh_shape_lod2_body_a-geometry" name="pm0812_00_00_body_b_mesh_shape_lod2_body_a">
            <mesh>
                <source id="pm0812_00_00_body_b_mesh_shape_lod2_body_a-geometry-POSITION">
                    <float_array id="pm0812_00_00_body_b_mesh_shape_lod2_body_a-geometry-POSITION-array" count="234">-1.09926E-19 0.07425874 -1.310157E-10 0.03867919 0.054064 -0.06700169 8.23358E-09 0.05383768 -0.08716273 -1.09926E-19 0.07425874 -1.310157E-10 0.07557466 0.05394449 -0.04332481 0.03867919 0.054064 -0.06700169 -1.09926E-19 0.07425874 -1.310157E-10 0.03874352 0.05387139 0.06700741 0.07542124 0.05419283 0.04348729 -1.09926E-19 0.07425874 -1.310157E-10 5.625546E-05 0.05399732 0.08713294 0.03874352 0.05387139 0.06700741 -1.09926E-19 0.07425874 -1.310157E-10 8.23358E-09 0.05383768 -0.08716273 -0.03867919 0.054064 -0.06700169 -1.09926E-19 0.07425874 -1.310157E-10 -0.03867919 0.054064 -0.06700169 -0.07557466 0.05394449 -0.04332481 -1.09926E-19 0.07425874 -1.310157E-10 -0.07542124 0.05419283 0.04348729 -0.03874352 0.05387139 0.06700741 -1.09926E-19 0.07425874 -1.310157E-10 -0.03874352 0.05387139 0.06700741 5.625546E-05 0.05399732 0.08713294 -1.09926E-19 0.07425874 -1.310157E-10 0.07737287 0.05403706 2.485707E-05 0.07557466 0.05394449 -0.04332481 0.07542124 0.05419283 0.04348729 -1.09926E-19 0.07425874 -1.310157E-10 -0.07557466 0.05394449 -0.04332481 -0.07737287 0.05403706 2.485707E-05 -0.07542124 0.05419283 0.04348729 0.01406948 0.01171772 -0.02448006 -1.692681E-07 0.01322564 -0.04278221 0.0139485 0.01397455 -0.04222657 2.371088E-06 0.008787134 1.753851E-05 0.02968639 0.01359465 -0.0332615 0.04384333 0.01365237 -0.009088826 0.02806887 0.01236441 -5.601604E-06 0.0436779 0.01360238 0.00909898 0.0141202 0.01181259 0.02447292 0.02978606 0.01363338 0.03336051 -5.778267E-05 0.0133799 0.04248078 0.01619089 0.0006352848 6.22606E-06 0.009573655 0.01695356 1.387779E-19 0.01198081 0.01725203 -0.005910071 0.01779219 0.0179726 -0.008358102 0.02360357 0.01869316 -0.005910071 0.0235916 0.005890796 2.475318E-07 0.02602127 0.01896989 1.387779E-19 0.02360357 0.01869316 0.005910071 0.01619089 0.0006352848 6.22606E-06 0.01779219 0.0179726 0.008358102 0.01198081 0.01725203 0.005910071 0.009573655 0.01695356 1.387779E-19 -0.01198081 0.01725202 -0.005910071 -0.009573654 0.01695356 1.387779E-19 -0.01619089 0.0006352748 6.22606E-06 -0.01779219 0.01797259 -0.008358102 -0.02360357 0.01869316 -0.005910071 -0.0235916 0.005890787 2.475318E-07 -0.02602127 0.01896989 1.387779E-19 -0.02360357 0.01869316 0.005910071 -0.01619089 0.0006352748 6.22606E-06 -0.01779219 0.01797259 0.008358102 -0.01198081 0.01725202 0.005910071 -0.009573654 0.01695356 1.387779E-19 -0.01406948 0.01171772 -0.02448006 -0.0139485 0.01397455 -0.04222657 -1.692681E-07 0.01322564 -0.04278221 2.371088E-06 0.008787134 1.753851E-05 -0.04384333 0.01365237 -0.009088826 -0.02968639 0.01359465 -0.0332615 -0.02806887 0.01236441 -5.601604E-06 -0.0436779 0.01360238 0.00909898 -0.0141202 0.01181259 0.02447292 -0.02978606 0.01363338 0.03336051 -5.778267E-05 0.0133799 0.04248078</float_array>
                    <technique_common>
                        <accessor count="78" offset="0" source="pm0812_00_00_body_b_mesh_shape_lod2_body_a-geometry-POSITION-array" stride="3">
                            <param name="X" type="float" />
                            <param name="Y" type="float" />
                            <param name="Z" type="float" />
                        </accessor>
                    </technique_common>
                </source>
                <source id="pm0812_00_00_body_b_mesh_shape_lod2_body_a-geometry-NORMAL">
                    <float_array id="pm0812_00_00_body_b_mesh_shape_lod2_body_a-geometry-NORMAL-array" count="156">0 1.000122 -0.0001887083 0.1256104 0.9672852 -0.2189941 0 0.9736328 -0.2280273 0.1967773 0.9736328 -0.1131592 0.1257324 0.9667969 0.2214355 0.1933594 0.9741211 0.1140747 0 0.9736328 0.2264404 -0.1256104 0.9672852 -0.2189941 -0.1967773 0.9736328 -0.1131592 -0.1933594 0.9741211 0.1140747 -0.1256104 0.9667969 0.2215576 0.2526855 0.9672852 -0.002334595 -0.2526855 0.9672852 -0.002334595 0.08087158 -0.9907227 -0.1071777 0 -0.9677734 -0.2504883 0.2661133 -0.9194336 -0.2890625 0 -0.9995117 0.001932144 0.223999 -0.9272461 -0.2988281 0.40625 -0.9116211 -0.06079102 0.1824951 -0.9829102 -0.001162529 0.3544922 -0.934082 0.0375061 0.07495117 -0.9912109 0.1049194 0.2995605 -0.9228516 0.2414551 -0.01346588 -0.956543 0.2910156 -0.1605225 -0.9868164 0.0003809929 -0.9262695 -0.3757324 -8.845329E-05 -0.6010742 -0.3986816 -0.6923828 0.1032104 -0.4396973 -0.8916016 0.5991211 -0.3596191 -0.7148438 0.715332 -0.6982422 -0.0002118349 0.9829102 -0.1826172 0 0.5996094 -0.359375 0.7148438 0.1031494 -0.439209 0.8920898 -0.6010742 -0.3981934 0.6923828 0.6010742 -0.3986816 -0.6923828 0.9262695 -0.3757324 -8.845329E-05 0.1605225 -0.9868164 0.0003805161 -0.1032104 -0.4396973 -0.8916016 -0.5991211 -0.3596191 -0.7148438 -0.715332 -0.6982422 -0.0002118349 -0.9829102 -0.1826172 0 -0.5996094 -0.359375 0.7148438 -0.1031494 -0.439209 0.8920898 0.6010742 -0.3981934 0.6923828 -0.08087158 -0.9907227 -0.1071777 -0.2661133 -0.9194336 -0.2890625 -0.40625 -0.9116211 -0.0607605 -0.223999 -0.9272461 -0.2988281 -0.1824951 -0.9829102 -0.001162529 -0.3544922 -0.934082 0.0375061 -0.07507324 -0.9912109 0.1047363 -0.2995605 -0.9228516 0.2414551</float_array>
                    <technique_common>
                        <accessor count="52" offset="0" source="pm0812_00_00_body_b_mesh_shape_lod2_body_a-geometry-NORMAL-array" stride="3">
                            <param name="X" type="float" />
                            <param name="Y" type="float" />
                            <param name="Z" type="float" />
                        </accessor>
                    </technique_common>
                </source>
                <source id="pm0812_00_00_body_b_mesh_shape_lod2_body_a-geometry-TEXCOORD">
                    <float_array id="pm0812_00_00_body_b_mesh_shape_lod2_body_a-geometry-TEXCOORD-array" count="124">0.8125 0.4239488 0.886533 0.5521779 0.8124999 0.5898438 0.9560388 0.5068209 0.8865331 0.2957197 0.956039 0.3410764 0.8125 0.2580535 0.1875 0.4239488 0.1874999 0.5898438 0.113467 0.5521778 0.04396105 0.5068209 0.04396111 0.3410763 0.1134673 0.2957186 0.1875 0.2580535 0.960555 0.4239504 0.03944483 0.4239471 0.943539 0.04530811 0.9819903 0.015625 0.9804395 0.04474235 0.8923389 0.015625 0.9607668 0.07773131 0.9104199 0.1059154 0.8922971 0.07415915 0.8741045 0.1058921 0.8409853 0.04535186 0.8238323 0.07764482 0.8027189 0.015625 0.8681406 0.1964952 0.8506579 0.1445313 0.864773 0.1445313 0.8757162 0.1445313 0.8853222 0.1445313 0.8945313 0.1831771 0.8945313 0.1445313 0.9037402 0.1445313 0.9209222 0.1964952 0.9133463 0.1445313 0.9242897 0.1445313 0.9384054 0.1445313 0.1352271 0.1445313 0.1493422 0.1445311 0.1318597 0.1964947 0.124284 0.1445313 0.114678 0.1445313 0.1054693 0.1831766 0.1054693 0.1445313 0.09626061 0.1445313 0.07907856 0.1964947 0.08665437 0.1445313 0.07571071 0.1445313 0.06159532 0.1445311 0.05646075 0.04530889 0.01955916 0.04474306 0.01800855 0.015625 0.1076629 0.015625 0.08958103 0.1059178 0.03923269 0.07773292 0.1077041 0.0741607 0.1258971 0.1058945 0.1590173 0.04535264 0.1761707 0.07764649 0.1972848 0.015625</float_array>
                    <technique_common>
                        <accessor count="62" offset="0" source="pm0812_00_00_body_b_mesh_shape_lod2_body_a-geometry-TEXCOORD-array" stride="2">
                            <param name="S" type="float" />
                            <param name="T" type="float" />
                        </accessor>
                    </technique_common>
                </source>
                <vertices id="pm0812_00_00_body_b_mesh_shape_lod2_body_a-vertices">
                    <input semantic="POSITION" source="#pm0812_00_00_body_b_mesh_shape_lod2_body_a-geometry-POSITION" />
                </vertices>
                <triangles count="50" material="body_a">
                    <input semantic="VERTEX" source="#pm0812_00_00_body_b_mesh_shape_lod2_body_a-vertices" offset="0" set="0" />
                    <input semantic="NORMAL" source="#pm0812_00_00_body_b_mesh_shape_lod2_body_a-geometry-NORMAL" offset="1" set="0" />
                    <input semantic="TEXCOORD" source="#pm0812_00_00_body_b_mesh_shape_lod2_body_a-geometry-TEXCOORD" offset="2" set="0" />
                    <p>0 0 0 1 1 1 2 2 2 3 0 0 4 3 3 5 1 1 6 0 0 7 4 4 8 5 5 9 0 0 10 6 6 11 4 4 12 0 7 13 2 8 14 7 9 15 0 7 16 7 9 17 8 10 18 0 7 19 9 11 20 10 12 21 0 7 22 10 12 23 6 13 24 0 0 25 11 14 26 3 3 24 0 0 27 5 5 25 11 14 28 0 7 29 8 10 30 12 15 28 0 7 30 12 15 31 9 11 32 13 16 33 14 17 34 15 18 32 13 16 35 16 19 33 14 17 32 13 16 36 17 20 37 18 21 35 16 19 32 13 16 37 18 21 35 16 19 37 18 21 38 19 22 38 19 22 39 20 23 35 16 19 35 16 19 39 20 23 40 21 24 40 21 24 39 20 23 41 22 25 40 21 24 42 23 26 35 16 19 43 24 27 44 25 28 45 26 29 46 27 30 43 24 27 45 26 29 46 27 30 47 28 31 43 24 27 48 29 32 43 24 27 47 28 31 48 29 32 47 28 31 49 30 33 50 31 34 48 29 32 49 30 33 51 24 35 48 29 32 50 31 34 51 24 35 50 31 34 52 32 36 53 33 37 51 24 35 52 32 36 54 25 38 51 24 35 53 33 37 55 34 39 56 35 40 57 36 41 58 37 42 55 34 39 57 36 41 59 38 43 58 37 42 57 36 41 59 38 43 57 36 41 60 39 44 61 40 45 59 38 43 60 39 44 60 39 44 62 41 46 61 40 45 60 39 44 63 36 47 62 41 46 64 42 48 62 41 46 63 36 47 64 42 48 63 36 47 65 43 49 63 36 47 66 35 50 65 43 49 67 44 51 68 45 52 69 14 53 67 44 51 69 14 53 70 16 54 67 44 51 71 46 55 72 47 56 70 16 54 71 46 55 67 44 51 73 48 57 71 46 55 70 16 54 70 16 54 74 49 58 73 48 57 70 16 54 75 50 59 74 49 58 75 50 59 76 51 60 74 49 58 70 16 54 77 23 61 75 50 59</p>
                </triangles>
            </mesh>
        </geometry>
        <geometry id="pm0812_00_00_body_a_mesh_shape_lod2_body_a-geometry" name="pm0812_00_00_body_a_mesh_shape_lod2_body_a">
            <mesh>
                <source id="pm0812_00_00_body_a_mesh_shape_lod2_body_a-geometry-POSITION">
                    <float_array id="pm0812_00_00_body_a_mesh_shape_lod2_body_a-geometry-POSITION-array" count="420">-0.009827346 0.04832575 0.04398416 -3.339219E-19 0.04832575 0.04519125 -3.594984E-06 0.05336776 0.08707269 -0.04390284 0.05292542 0.07563618 -0.02620419 0.04832575 0.03630093 -0.03976846 0.04832575 0.01862364 -0.07542906 0.05299221 0.0437085 -0.08778095 0.05327996 -5.023541E-06 -0.04267686 0.04832575 -0.003467522 -0.08454456 0.05304746 -0.02287827 -0.03414996 0.04832575 -0.0240532 -0.04392798 0.05299962 -0.07572738 -0.01647265 0.04832575 -0.03761749 -5.901112E-19 0.04832575 -0.04126556 7.582339E-10 0.0533318 -0.0878024 0.009827346 0.04832575 0.04398416 -3.594984E-06 0.05336776 0.08707269 -3.339219E-19 0.04832575 0.04519125 0.04390284 0.05292542 0.07563618 0.02620419 0.04832575 0.03630093 0.03976846 0.04832575 0.01862364 0.07542906 0.05299221 0.0437085 0.08778095 0.05327996 -5.023541E-06 0.04267686 0.04832575 -0.003467522 0.08454456 0.05304746 -0.02287827 0.03414996 0.04832575 -0.0240532 0.04392798 0.05299962 -0.07572738 0.01647265 0.04832575 -0.03761749 -5.901112E-19 0.04832575 -0.04126556 7.582339E-10 0.0533318 -0.0878024 1.923836E-09 0.1705641 -0.05665815 -4.74713E-08 0.1872993 3.496782E-05 0.02957644 0.1704927 -0.04945685 0.0568073 0.1706257 -9.078356E-05 0.04963003 0.1704563 0.02936129 0.02930492 0.1705605 0.04924533 -7.893352E-08 0.1708596 0.05546571 1.923836E-09 0.1705641 -0.05665815 -0.02957644 0.1704927 -0.04945685 -4.74713E-08 0.1872993 3.496782E-05 -0.0568073 0.1706257 -9.078356E-05 -0.04963003 0.1704563 0.02936129 -0.02930492 0.1705605 0.04924533 -7.893352E-08 0.1708596 0.05546571 -0.010977 0.1233244 0.09096054 1.200597E-05 0.1290033 0.06804221 -1.575517E-05 0.1165033 0.09183207 -0.02404158 0.1181976 0.08334985 -7.827467E-06 0.1166681 0.09171376 -1.671483E-07 0.1004813 0.08584005 -7.366073E-08 0.09420507 0.0690415 -0.02314972 0.1146173 0.04944862 -2.472615E-19 0.1254328 0.04960791 5.353042E-19 0.1008559 0.04492287 2.602085E-19 0.1141344 0.03936201 0.02314972 0.1146173 0.04944862 -2.472615E-19 0.1254328 0.04960791 -7.366073E-08 0.09420507 0.0690415 1.200597E-05 0.1290033 0.06804221 0.02404158 0.1181976 0.08334987 -1.671483E-07 0.1004813 0.08584005 -7.827467E-06 0.1166681 0.09171376 0.010977 0.1233244 0.09096054 -1.575517E-05 0.1165033 0.09183207 -0.07542906 0.05299221 0.0437085 -0.08430946 0.0696557 0.04863837 -0.08778095 0.05327996 -5.023541E-06 -0.09900244 0.1007969 6.636136E-05 -0.04390284 0.05292542 0.07563618 -0.07870988 0.1299877 0.04542768 -0.08324017 0.1436751 -4.570108E-05 -0.0568073 0.1706257 -9.078356E-05 -0.05044115 0.08392978 0.0856232 -3.594984E-06 0.05336776 0.08707269 -0.04963003 0.1704563 0.02936129 -0.04443315 0.1246139 0.07892273 -0.04372884 0.1284942 0.07759348 -0.04214319 0.1327082 0.0761175 -0.04012977 0.118295 0.08325853 -0.03934933 0.1362152 0.07565404 -0.0332232 0.1240446 0.0837583 -0.03557948 0.138039 0.07643474 -0.02930492 0.1705605 0.04924533 -0.01074627 0.1583185 0.07026239 -7.893352E-08 0.1708596 0.05546571 -0.03241547 0.1360117 0.07862931 0.01074627 0.1583185 0.07026239 0.02930492 0.1705605 0.04924533 -0.010977 0.1233244 0.09096054 -0.03189867 0.1281175 0.0827025 0.03557948 0.138039 0.07643474 0.04963003 0.1704563 0.02936129 0.03241547 0.1360117 0.07862931 0.03934933 0.1362152 0.07565404 0.04214319 0.1327082 0.0761175 0.010977 0.1233244 0.09096054 0.03189867 0.1281175 0.0827025 0.0332232 0.1240446 0.0837583 -1.575517E-05 0.1165033 0.09183207 0.05044115 0.08392978 0.0856232 0.04012977 0.118295 0.08325853 0.04443315 0.1246139 0.07892273 -2.232526E-09 0.0839759 0.09710833 -7.827467E-06 0.1166681 0.09171376 0.04390284 0.05292542 0.07563618 0.08430946 0.0696557 0.04863837 0.07542906 0.05299221 0.0437085 0.08778095 0.05327996 -5.023541E-06 0.09900244 0.1007969 6.636136E-05 0.07870988 0.1299877 0.04542768 0.08324017 0.1436751 -4.570108E-05 0.04372884 0.1284942 0.07759348 0.0568073 0.1706257 -9.078356E-05 0.08778095 0.05327996 -5.023541E-06 0.08454456 0.05304746 -0.02287827 0.08614929 0.08378442 -0.04974402 0.09900244 0.1007969 6.636136E-05 0.04392798 0.05299962 -0.07572738 0.08766625 0.1301725 -0.02361941 0.08324017 0.1436751 -4.570108E-05 0.0568073 0.1706257 -9.078356E-05 0.04965968 0.08394309 -0.0862218 0.05901162 0.1436537 -0.05896773 0.02957644 0.1704927 -0.04945685 7.582339E-10 0.0533318 -0.0878024 0.02354212 0.1300729 -0.08777159 1.923836E-09 0.1705641 -0.05665815 7.406297E-10 0.1006154 -0.09902493 -0.02354212 0.1300729 -0.08777159 -0.02957644 0.1704927 -0.04945685 -0.04965968 0.08394309 -0.0862218 -0.04392798 0.05299962 -0.07572738 -0.05901162 0.1436537 -0.05896773 -0.0568073 0.1706257 -9.078356E-05 -0.08614929 0.08378442 -0.04974402 -0.08454456 0.05304746 -0.02287827 -0.08778095 0.05327996 -5.023541E-06 -0.09900244 0.1007969 6.636136E-05 -0.08766625 0.1301725 -0.02361941 -0.08324017 0.1436751 -4.570108E-05</float_array>
                    <technique_common>
                        <accessor count="140" offset="0" source="pm0812_00_00_body_a_mesh_shape_lod2_body_a-geometry-POSITION-array" stride="3">
                            <param name="X" type="float" />
                            <param name="Y" type="float" />
                            <param name="Z" type="float" />
                        </accessor>
                    </technique_common>
                </source>
                <source id="pm0812_00_00_body_a_mesh_shape_lod2_body_a-geometry-NORMAL">
                    <float_array id="pm0812_00_00_body_a_mesh_shape_lod2_body_a-geometry-NORMAL-array" count="291">-0.02711487 -0.9926758 0.1137085 0 -0.9926758 0.1195068 0 -0.7290039 0.684082 -0.2990723 -0.7646484 0.5698242 -0.07476807 -0.9936523 0.08251953 -0.09814453 -0.9941406 0.04467773 -0.3632813 -0.9077148 0.2089844 -0.7871094 -0.6162109 0.008346558 -0.102417 -0.9946289 -0.01094055 -0.5341797 -0.8076172 -0.248291 -0.08795166 -0.9936523 -0.06665039 -0.3496094 -0.7797852 -0.5180664 -0.04318237 -0.9946289 -0.09088135 0 -0.9941406 -0.1064453 0 -0.7080078 -0.7060547 0.02709961 -0.9926758 0.1137085 0.2990723 -0.7646484 0.5698242 0.07476807 -0.9936523 0.08251953 0.09814453 -0.9941406 0.04467773 0.3632813 -0.9077148 0.2089844 0.7871094 -0.6162109 0.008346558 0.102417 -0.9946289 -0.01094055 0.5341797 -0.8076172 -0.248291 0.08795166 -0.9936523 -0.06665039 0.3496094 -0.7797852 -0.5180664 0.04318237 -0.9946289 -0.09088135 0 0.8164063 -0.5766602 0 0.9990234 -0.03842163 0.3276367 0.8457031 -0.4208984 0.5258789 0.847168 -0.07250977 0.500061 0.8120117 0.2993164 0.2958984 0.8544922 0.4257813 0 0.9238281 0.3823242 -0.3276367 0.8457031 -0.4208984 -0.5258789 0.847168 -0.07250977 -0.500061 0.8120117 0.2993164 -0.2958984 0.8544922 0.4257813 0.1641846 -0.8237305 -0.5424805 -0.0001046062 -0.9975586 0.06365967 -0.0002397299 -0.8847656 -0.4650879 0.9775391 -0.03442383 -0.2069092 0.0001026988 0.3557129 -0.9345703 0 0.7861328 -0.6171875 0 0.9985352 -0.04559326 0.9536133 0.1148071 0.2773438 0.0001046062 -0.9077148 0.4191895 0 0.8623047 0.5058594 0 -0.15271 0.987793 -0.9536133 0.1152344 0.2773438 -0.9775391 -0.03375244 -0.2072754 -0.1640625 -0.8232422 -0.5424805 -0.8720703 -0.09686279 0.479248 -0.9980469 0.02809143 0.0534668 -0.7998047 0.3549805 0.4836426 -0.8286133 0.550293 0.1015015 -0.546875 -0.05389404 0.8349609 -0.6552734 0.2255859 0.7202148 -0.6088867 0.4060059 0.6811523 -0.5478516 0.5932617 0.5893555 -0.3688965 0.173584 0.9125977 -0.5405273 0.6142578 0.5742188 -0.2919922 0.1800537 0.9389648 -0.4228516 0.625 0.6552734 -0.1621094 0.6323242 0.7573242 -0.199707 0.4980469 0.8432617 0.1623535 0.6323242 0.7568359 -0.1619873 0.279541 0.9458008 -0.2553711 0.4006348 0.8793945 0.4228516 0.625 0.6552734 0.199707 0.4980469 0.8432617 0.5405273 0.6142578 0.5742188 0.5478516 0.5932617 0.5893555 0.1622314 0.2792969 0.9462891 0.2553711 0.4006348 0.8793945 0.2919922 0.1800537 0.9389648 0 0.126709 0.9916992 0.546875 -0.05392456 0.8349609 0.3688965 0.173584 0.9125977 0.6552734 0.2255859 0.7202148 0 -0.102356 0.9946289 0 0.1627197 0.9863281 0.8720703 -0.09686279 0.479248 0.9980469 0.02809143 0.0534668 0.7998047 0.3549805 0.4836426 0.8286133 0.550293 0.1015015 0.6088867 0.4060059 0.6811523 0.840332 -0.08325195 -0.5351563 0.8417969 0.4160156 -0.3427734 0.5205078 -0.02642822 -0.8530273 0.6347656 0.5014648 -0.5874023 0.2763672 0.4206543 -0.8637695 0 -0.005256653 -0.9995117 -0.2763672 0.4206543 -0.8637695 -0.5205078 -0.02642822 -0.8530273 -0.6347656 0.5014648 -0.5874023 -0.840332 -0.08325195 -0.5351563 -0.8417969 0.4160156 -0.3427734</float_array>
                    <technique_common>
                        <accessor count="97" offset="0" source="pm0812_00_00_body_a_mesh_shape_lod2_body_a-geometry-NORMAL-array" stride="3">
                            <param name="X" type="float" />
                            <param name="Y" type="float" />
                            <param name="Z" type="float" />
                        </accessor>
                    </technique_common>
                </source>
                <source id="pm0812_00_00_body_a_mesh_shape_lod2_body_a-geometry-TEXCOORD">
                    <float_array id="pm0812_00_00_body_a_mesh_shape_lod2_body_a-geometry-TEXCOORD-array" count="280">0.3568599 0.6443467 0.359375 0.625006 0.4414063 0.625006 0.4207586 0.7120141 0.3416284 0.676587 0.3068121 0.7033013 0.3570597 0.7756554 0.2700772 0.7988803 0.263319 0.7090332 0.2250838 0.7929118 0.2227834 0.692248 0.1196342 0.7118506 0.1960219 0.6574249 0.1875 0.625006 0.09765625 0.625006 0.6431404 0.6443462 0.5585938 0.625006 0.640625 0.625006 0.5792347 0.7120126 0.6583716 0.676587 0.6931879 0.7033013 0.6429415 0.7756592 0.7299316 0.7988788 0.736681 0.7090332 0.7749162 0.7929118 0.777217 0.6922421 0.8803658 0.7118506 0.8039781 0.6574249 0.8125 0.625006 0.9023438 0.625006 0.7094923 0.8594416 0.8242188 0.859375 0.7229559 0.9196385 0.8241435 0.9752457 0.8837063 0.9609674 0.9248887 0.9193256 0.9377129 0.8594413 0.2905076 0.8594413 0.277044 0.9196382 0.1757813 0.859375 0.1758566 0.9752455 0.1162939 0.9609673 0.07511166 0.9193255 0.06228711 0.8594416 0.3908157 0.9215283 0.4374316 0.9731975 0.3881037 0.9732825 0.4080411 0.9043438 0.3945156 0.8277202 0.4225294 0.8256095 0.4594226 0.841809 0.4599248 0.9156306 0.4779813 0.9566262 0.4999999 0.8920535 0.4999999 0.921875 0.5400751 0.9156306 0.5220186 0.9566262 0.5405772 0.841809 0.5625681 0.9731975 0.5919589 0.9043438 0.5774707 0.8256096 0.6054844 0.8277202 0.6091843 0.9215283 0.6118963 0.9732824 0.3203496 0.015625 0.3203496 0.0543561 0.2285156 0.015625 0.2285156 0.1149582 0.4065469 0.015625 0.3203496 0.1725888 0.2285156 0.2055714 0.2285156 0.2929688 0.4065469 0.08219582 0.5 0.015625 0.3203496 0.2929688 0.4104074 0.164948 0.4127921 0.178975 0.4151767 0.1930019 0.4222984 0.1471438 0.4202207 0.1931411 0.4346755 0.1628277 0.4252647 0.1932804 0.4080232 0.2929688 0.4735374 0.2502155 0.5 0.2929688 0.4353526 0.1935589 0.5264626 0.2502155 0.5919768 0.2929688 0.48002 0.1597 0.435014 0.1781933 0.5747353 0.1932804 0.6796504 0.2929688 0.5646474 0.1935589 0.5797793 0.1931411 0.5848233 0.1930019 0.5199799 0.1597 0.564986 0.1781933 0.5653245 0.1628277 0.5000002 0.145389 0.5934531 0.08219588 0.5777016 0.1471438 0.5895927 0.164948 0.5 0.08219588 0.5 0.1450292 0.5934531 0.015625 0.6796504 0.0543561 0.6796504 0.015625 0.7714844 0.015625 0.7714844 0.1149582 0.6796504 0.1725888 0.7714844 0.2055714 0.587208 0.1789749 0.7714844 0.2929688 0.7714844 0.5898438 0.7270879 0.5898438 0.6816703 0.5235357 0.7714844 0.4907734 0.5928738 0.5898438 0.7270879 0.4331427 0.7714844 0.4001601 0.7714844 0.3125 0.5928738 0.5235357 0.6369002 0.4001601 0.5928738 0.3125 0.5 0.5898438 0.5469381 0.4331427 0.5 0.3125 0.5 0.4907734 0.4530619 0.4331427 0.4071262 0.3125 0.4071262 0.5235357 0.4071262 0.5898438 0.3630998 0.4001602 0.2285156 0.3125 0.3183297 0.5235357 0.2729121 0.5898438 0.2285156 0.5898438 0.2285156 0.4907734 0.2729121 0.4331427 0.2285156 0.4001602</float_array>
                    <technique_common>
                        <accessor count="140" offset="0" source="pm0812_00_00_body_a_mesh_shape_lod2_body_a-geometry-TEXCOORD-array" stride="2">
                            <param name="S" type="float" />
                            <param name="T" type="float" />
                        </accessor>
                    </technique_common>
                </source>
                <vertices id="pm0812_00_00_body_a_mesh_shape_lod2_body_a-vertices">
                    <input semantic="POSITION" source="#pm0812_00_00_body_a_mesh_shape_lod2_body_a-geometry-POSITION" />
                </vertices>
                <triangles count="156" material="body_a">
                    <input semantic="VERTEX" source="#pm0812_00_00_body_a_mesh_shape_lod2_body_a-vertices" offset="0" set="0" />
                    <input semantic="NORMAL" source="#pm0812_00_00_body_a_mesh_shape_lod2_body_a-geometry-NORMAL" offset="1" set="0" />
                    <input semantic="TEXCOORD" source="#pm0812_00_00_body_a_mesh_shape_lod2_body_a-geometry-TEXCOORD" offset="2" set="0" />
                    <p>0 0 0 1 1 1 2 2 2 0 0 0 2 2 2 3 3 3 4 4 4 0 0 0 3 3 3 3 3 3 5 5 5 4 4 4 6 6 6 5 5 5 3 3 3 6 6 6 7 7 7 5 5 5 7 7 7 8 8 8 5 5 5 7 7 7 9 9 9 8 8 8 9 9 9 10 10 10 8 8 8 11 11 11 10 10 10 9 9 9 11 11 11 12 12 12 10 10 10 11 11 11 13 13 13 12 12 12 14 14 14 13 13 13 11 11 11 15 15 15 16 2 16 17 1 17 16 2 16 15 15 15 18 16 18 18 16 18 15 15 15 19 17 19 19 17 19 20 18 20 18 16 18 18 16 18 20 18 20 21 19 21 21 19 21 20 18 20 22 20 22 20 18 20 23 21 23 22 20 22 22 20 22 23 21 23 24 22 24 23 21 23 25 23 25 24 22 24 24 22 24 25 23 25 26 24 26 25 23 25 27 25 27 26 24 26 27 25 27 28 13 28 26 24 26 26 24 26 28 13 28 29 14 29 30 26 30 31 27 31 32 28 32 33 29 33 32 28 32 31 27 31 34 30 34 33 29 33 31 27 31 34 30 34 31 27 31 35 31 35 36 32 36 35 31 35 31 27 31 37 26 37 38 33 38 39 27 39 40 34 40 39 27 39 38 33 38 39 27 39 40 34 40 41 35 41 39 27 39 41 35 41 42 36 42 42 36 42 43 32 43 39 27 39 44 37 44 45 38 45 46 39 46 47 40 47 45 38 45 44 37 44 48 41 48 47 40 47 44 37 44 49 42 49 47 40 47 48 41 48 50 43 50 47 40 47 49 42 49 47 40 47 51 44 51 45 38 45 50 43 50 51 44 51 47 40 47 52 45 52 45 38 45 51 44 51 50 43 50 53 46 53 51 44 51 52 45 52 51 44 51 54 47 54 51 44 51 53 46 53 54 47 54 54 47 54 53 46 53 55 48 55 56 45 56 54 47 54 55 48 55 57 43 57 55 48 55 53 46 53 56 45 56 55 48 55 58 38 58 57 43 57 59 49 59 55 48 55 59 49 59 58 38 58 55 48 55 60 42 60 59 49 59 57 43 57 60 42 60 61 41 61 59 49 59 61 41 61 62 50 62 59 49 59 59 49 59 62 50 62 58 38 58 63 39 63 58 38 58 62 50 62 64 6 64 65 51 65 66 7 66 66 7 66 65 51 65 67 52 67 64 6 64 68 3 68 65 51 65 69 53 69 67 52 67 65 51 65 70 54 70 67 52 67 69 53 69 71 34 71 70 54 70 69 53 69 65 51 65 68 3 68 72 55 72 65 51 65 72 55 72 69 53 69 73 2 73 72 55 72 68 3 68 71 34 71 69 53 69 74 35 74 69 53 69 72 55 72 75 56 75 75 56 75 76 57 76 69 53 69 69 53 69 76 57 76 77 58 77 77 58 77 74 35 74 69 53 69 72 55 72 78 59 78 75 56 75 77 58 77 79 60 79 74 35 74 72 55 72 80 61 80 78 59 78 74 35 74 79 60 79 81 62 81 74 35 74 81 62 81 82 36 82 82 36 82 81 62 81 83 63 83 84 32 84 82 36 82 83 63 83 83 63 83 81 62 81 85 64 85 84 32 84 83 63 83 86 65 86 87 31 87 84 32 84 86 65 86 85 64 85 88 66 88 83 63 83 89 67 89 88 66 88 85 64 85 80 61 80 88 66 88 89 67 89 88 66 88 80 61 80 72 55 72 86 65 86 90 68 90 87 31 87 87 31 87 90 68 90 91 30 91 92 69 92 90 68 90 86 65 86 91 30 91 90 68 90 93 70 93 91 30 91 93 70 93 94 71 94 95 72 95 92 69 92 86 65 86 95 72 95 86 65 86 83 63 83 95 72 95 96 73 96 92 69 92 88 66 88 95 72 95 83 63 83 97 74 97 96 73 96 95 72 95 95 72 95 88 66 88 98 75 98 99 76 99 97 74 97 95 72 95 100 77 100 97 74 97 99 76 99 99 76 99 101 78 101 100 77 100 72 55 72 102 79 102 88 66 88 88 66 88 102 79 102 103 80 103 102 79 102 95 72 95 103 80 103 99 76 99 95 72 95 102 79 102 73 2 73 102 79 102 72 55 72 73 2 73 99 76 99 102 79 102 73 2 73 104 16 104 99 76 99 104 16 104 105 81 105 99 76 99 106 19 106 105 81 105 104 16 104 107 20 107 105 81 105 106 19 106 107 20 107 108 82 108 105 81 105 99 76 99 105 81 105 109 83 109 108 82 108 109 83 109 105 81 105 109 83 109 101 78 101 99 76 99 110 84 110 109 83 109 108 82 108 109 83 109 111 85 111 101 78 101 110 84 110 112 29 112 109 83 109 109 83 109 94 71 94 111 85 111 112 29 112 91 30 91 109 83 109 94 71 94 109 83 109 91 30 91 113 20 113 114 22 114 115 86 115 113 20 113 115 86 115 116 82 116 115 86 115 114 22 114 117 24 117 115 86 115 118 87 118 116 82 116 118 87 118 119 84 119 116 82 116 120 29 120 119 84 119 118 87 118 115 86 115 117 24 117 121 88 121 122 89 122 120 29 120 118 87 118 115 86 115 122 89 122 118 87 118 121 88 121 122 89 122 115 86 115 123 28 123 120 29 120 122 89 122 121 88 121 117 24 117 124 14 124 125 90 125 123 28 123 122 89 122 121 88 121 125 90 125 122 89 122 126 26 126 123 28 123 125 90 125 127 91 127 121 88 121 124 14 124 127 91 127 125 90 125 121 88 121 128 92 128 126 26 126 125 90 125 125 90 125 127 91 127 128 92 128 126 26 126 128 92 128 129 33 129 127 91 127 124 14 124 130 93 130 128 92 128 127 91 127 130 93 130 130 93 130 124 14 124 131 11 131 129 33 129 128 92 128 132 94 132 130 93 130 132 94 132 128 92 128 129 33 129 132 94 132 133 34 133 134 95 134 130 93 130 131 11 131 130 93 130 134 95 134 132 94 132 135 9 135 134 95 134 131 11 131 136 7 136 134 95 134 135 9 135 134 95 134 136 7 136 137 52 137 133 34 133 132 94 132 138 96 138 132 94 132 134 95 134 138 96 138 134 95 134 137 52 137 138 96 138 133 34 133 138 96 138 139 54 139 139 54 139 138 96 138 137 52 137</p>
                </triangles>
            </mesh>
        </geometry>
    </library_geometries>
    <library_controllers>
        <controller id="pm0812_00_00_eye_mesh_shape_lod2_l_eye-controller" name="pm0812_00_00_eye_mesh_shape_lod2_l_eye">
            <skin source="#pm0812_00_00_eye_mesh_shape_lod2_l_eye-geometry">
                <bind_shape_matrix>1 0 0 0 0 1 0 0 0 0 1 0 0 0 0 1</bind_shape_matrix>
                <source id="pm0812_00_00_eye_mesh_shape_lod2_l_eye-joints">
                    <Name_array id="pm0812_00_00_eye_mesh_shape_lod2_l_eye-joints-array" count="4">spine left_upper_eyelid_02 left_upper_eyelid_01 left_lower_eyelid</Name_array>
                    <technique_common>
                        <accessor count="4" offset="0" source="#pm0812_00_00_eye_mesh_shape_lod2_l_eye-joints-array" stride="1">
                            <param name="JOINT" type="Name" />
                        </accessor>
                    </technique_common>
                </source>
                <source id="pm0812_00_00_eye_mesh_shape_lod2_l_eye-matrices">
                    <float_array id="pm0812_00_00_eye_mesh_shape_lod2_l_eye-matrices-array" count="64">1.059605E-06 1.000001 1E-06 -0.05663615 -0.999999 1.059605E-06 1E-06 9.966247E-07 1E-06 1E-06 1.000001 1E-06 1E-06 1E-06 1E-06 1.000001 0.3055362 0.4687197 0.8288261 -0.1414324 -0.9216104 -0.07321566 0.3811462 0.01384798 0.2393347 -0.8803069 0.4096072 0.08290785 1E-06 1E-06 1E-06 1.000001 0.3055362 0.4687197 0.8288261 -0.08315852 -0.9216104 -0.07321566 0.3811462 0.01384798 0.2393347 -0.8803069 0.4096072 0.08290786 1E-06 1E-06 1E-06 1.000001 0.3613721 0.1433605 0.9213368 -0.03598868 0.9260463 0.06019076 -0.3725826 -0.01352426 -0.1088674 0.98784 -0.1110058 -0.1045862 1E-06 1E-06 1E-06 1.000001</float_array>
                    <technique_common>
                        <accessor count="4" offset="0" source="#pm0812_00_00_eye_mesh_shape_lod2_l_eye-matrices-array" stride="16">
                            <param name="TRANSFORM" type="float4x4" />
                        </accessor>
                    </technique_common>
                </source>
                <source id="pm0812_00_00_eye_mesh_shape_lod2_l_eye-weights">
                    <float_array id="pm0812_00_00_eye_mesh_shape_lod2_l_eye-weights-array" count="21">0.2200046 0.2999924 0.4800031 0.880003 0.02000458 0.1000076 0.8399939 0.1600061 0.02999924 0.3100023 0.6599985 0.00999466 0.9900053 0.7700008 0.2299992 0.2099947 0.3499962 0.4399939 0.5100023 0.2899977 0.2</float_array>
                    <technique_common>
                        <accessor count="21" offset="0" source="#pm0812_00_00_eye_mesh_shape_lod2_l_eye-weights-array" stride="1">
                            <param name="WEIGHT" type="float" />
                        </accessor>
                    </technique_common>
                </source>
                <joints>
                    <input semantic="JOINT" source="#pm0812_00_00_eye_mesh_shape_lod2_l_eye-joints" />
                    <input semantic="INV_BIND_MATRIX" source="#pm0812_00_00_eye_mesh_shape_lod2_l_eye-matrices" />
                </joints>
                <vertex_weights count="15">
                    <input semantic="JOINT" source="#pm0812_00_00_eye_mesh_shape_lod2_l_eye-joints" offset="0" set="0" />
                    <input semantic="WEIGHT" source="#pm0812_00_00_eye_mesh_shape_lod2_l_eye-weights" offset="1" set="0" />
                    <vcount>3 3 2 3 2 3 2 2 2 3 3 3 2 3 3</vcount>
                    <v>0 0 1 1 2 2 0 3 1 4 2 5 0 6 3 7 0 0 1 1 2 2 0 6 3 7 0 8 1 9 2 10 0 11 3 12 0 11 3 12 0 13 3 14 0 8 1 9 2 10 0 15 1 16 2 17 0 15 1 16 2 17 0 13 3 14 0 18 1 19 2 20 0 3 1 4 2 5</v>
                </vertex_weights>
            </skin>
        </controller>
        <controller id="pm0812_00_00_eye_mesh_shape_lod2_r_eye-controller" name="pm0812_00_00_eye_mesh_shape_lod2_r_eye">
            <skin source="#pm0812_00_00_eye_mesh_shape_lod2_r_eye-geometry">
                <bind_shape_matrix>1 0 0 0 0 1 0 0 0 0 1 0 0 0 0 1</bind_shape_matrix>
                <source id="pm0812_00_00_eye_mesh_shape_lod2_r_eye-joints">
                    <Name_array id="pm0812_00_00_eye_mesh_shape_lod2_r_eye-joints-array" count="4">right_upper_eyelid_02 right_upper_eyelid_01 spine right_lower_eyelid</Name_array>
                    <technique_common>
                        <accessor count="4" offset="0" source="#pm0812_00_00_eye_mesh_shape_lod2_r_eye-joints-array" stride="1">
                            <param name="JOINT" type="Name" />
                        </accessor>
                    </technique_common>
                </source>
                <source id="pm0812_00_00_eye_mesh_shape_lod2_r_eye-matrices">
                    <float_array id="pm0812_00_00_eye_mesh_shape_lod2_r_eye-matrices-array" count="64">-0.3055342 0.4687198 0.8288261 -0.1414325 -0.9216105 0.07321778 -0.3811442 -0.01384598 -0.2393328 -0.8803069 0.4096072 0.08290793 1E-06 1E-06 1E-06 1.000001 -0.3055342 0.4687198 0.8288261 -0.0831586 -0.9216105 0.07321778 -0.3811442 -0.01384602 -0.2393328 -0.8803069 0.4096072 0.08290801 1E-06 1E-06 1E-06 1.000001 1.059605E-06 1.000001 1E-06 -0.05663615 -0.999999 1.059605E-06 1E-06 9.966247E-07 1E-06 1E-06 1.000001 1E-06 1E-06 1E-06 1E-06 1.000001 -0.3613701 0.1433605 0.9213368 -0.03598869 0.9260463 -0.06018887 0.3725847 0.01352631 0.1088695 0.98784 -0.1110058 -0.1045864 1E-06 1E-06 1E-06 1.000001</float_array>
                    <technique_common>
                        <accessor count="4" offset="0" source="#pm0812_00_00_eye_mesh_shape_lod2_r_eye-matrices-array" stride="16">
                            <param name="TRANSFORM" type="float4x4" />
                        </accessor>
                    </technique_common>
                </source>
                <source id="pm0812_00_00_eye_mesh_shape_lod2_r_eye-weights">
                    <float_array id="pm0812_00_00_eye_mesh_shape_lod2_r_eye-weights-array" count="21">0.2999924 0.4800031 0.2200046 0.8399939 0.1600061 0.02000458 0.1000076 0.880003 0.3499962 0.4399939 0.2099947 0.2899977 0.2 0.5100023 0.7700008 0.2299992 0.00999466 0.9900053 0.3100023 0.6599985 0.02999924</float_array>
                    <technique_common>
                        <accessor count="21" offset="0" source="#pm0812_00_00_eye_mesh_shape_lod2_r_eye-weights-array" stride="1">
                            <param name="WEIGHT" type="float" />
                        </accessor>
                    </technique_common>
                </source>
                <joints>
                    <input semantic="JOINT" source="#pm0812_00_00_eye_mesh_shape_lod2_r_eye-joints" />
                    <input semantic="INV_BIND_MATRIX" source="#pm0812_00_00_eye_mesh_shape_lod2_r_eye-matrices" />
                </joints>
                <vertex_weights count="15">
                    <input semantic="JOINT" source="#pm0812_00_00_eye_mesh_shape_lod2_r_eye-joints" offset="0" set="0" />
                    <input semantic="WEIGHT" source="#pm0812_00_00_eye_mesh_shape_lod2_r_eye-weights" offset="1" set="0" />
                    <vcount>3 2 3 3 3 2 3 2 3 2 3 3 3 2 2</vcount>
                    <v>0 0 1 1 2 2 2 3 3 4 0 5 1 6 2 7 0 8 1 9 2 10 0 11 1 12 2 13 2 14 3 15 0 5 1 6 2 7 2 16 3 17 0 18 1 19 2 20 2 14 3 15 0 8 1 9 2 10 0 0 1 1 2 2 0 18 1 19 2 20 2 3 3 4 2 16 3 17</v>
                </vertex_weights>
            </skin>
        </controller>
        <controller id="pm0812_00_00_body_c_mesh_shape_lod2_body_b-controller" name="pm0812_00_00_body_c_mesh_shape_lod2_body_b">
            <skin source="#pm0812_00_00_body_c_mesh_shape_lod2_body_b-geometry">
                <bind_shape_matrix>1 0 0 0 0 1 0 0 0 0 1 0 0 0 0 1</bind_shape_matrix>
                <source id="pm0812_00_00_body_c_mesh_shape_lod2_body_b-joints">
                    <Name_array id="pm0812_00_00_body_c_mesh_shape_lod2_body_b-joints-array" count="12">feeler_a_03 feeler_a_02 feeler_a_01 right_feeler_01 right_feeler_02 feeler_b_01 spine feeler_c_01 feeler_c_02 left_feeler_01 left_feeler_02 feeler_b_02</Name_array>
                    <technique_common>
                        <accessor count="12" offset="0" source="#pm0812_00_00_body_c_mesh_shape_lod2_body_b-joints-array" stride="1">
                            <param name="JOINT" type="Name" />
                        </accessor>
                    </technique_common>
                </source>
                <source id="pm0812_00_00_body_c_mesh_shape_lod2_body_b-matrices">
                    <float_array id="pm0812_00_00_body_c_mesh_shape_lod2_body_b-matrices-array" count="192">1.059605E-06 1.000001 1E-06 -0.2940624 -0.999999 1.059605E-06 1E-06 9.966247E-07 1E-06 1E-06 1.000001 1E-06 1E-06 1E-06 1E-06 1.000001 1.059605E-06 1.000001 1E-06 -0.2398184 -0.999999 1.059605E-06 1E-06 9.966247E-07 1E-06 1E-06 1.000001 1E-06 1E-06 1E-06 1E-06 1.000001 1.059605E-06 1.000001 1E-06 -0.1948972 -0.999999 1.059605E-06 1E-06 9.966247E-07 1E-06 1E-06 1.000001 1E-06 1E-06 1E-06 1E-06 1.000001 -0.9818157 0.1898331 1E-06 -0.05177607 -0.1898311 -0.9818157 1E-06 0.1804604 1E-06 1E-06 1.000001 1E-06 1E-06 1E-06 1E-06 1.000001 -0.9773001 -0.2118547 1E-06 -0.01938322 0.2118567 -0.9773001 1E-06 0.2045968 1E-06 1E-06 1.000001 1E-06 1E-06 1E-06 1E-06 1.000001 9.565894E-07 -0.295254 0.9554196 0.03521714 1.000001 8.529726E-07 1E-06 1.019665E-06 1.140473E-06 0.9554197 0.2952559 -0.1841482 1E-06 1E-06 1E-06 1.000001 1.059605E-06 1.000001 1E-06 -0.05663615 -0.999999 1.059605E-06 1E-06 9.966247E-07 1E-06 1E-06 1.000001 1E-06 1E-06 1E-06 1E-06 1.000001 1.00679E-06 -0.2440769 -0.9697547 0.02890584 1.000001 1.027818E-06 1E-06 9.870604E-07 1.026977E-06 -0.9697548 0.2440788 0.1851664 1E-06 1E-06 1E-06 1.000001 1.016845E-06 -0.6055566 -0.7958005 0.06671303 1.000001 1.027818E-06 1E-06 9.870604E-07 1.022138E-06 -0.7958006 0.6055586 0.1728568 1E-06 1E-06 1E-06 1.000001 0.9818169 0.1898369 1E-06 -0.05177679 -0.1898349 0.9818169 1E-06 -0.1804581 1E-06 1E-06 1.000001 1E-06 1E-06 1E-06 1E-06 1.000001 0.9773028 -0.2118517 1E-06 -0.01938381 0.2118537 0.9773028 1E-06 -0.2045948 1E-06 1E-06 1.000001 1E-06 1E-06 1E-06 1E-06 1.000001 9.050158E-07 -0.6460291 0.7633132 0.0757356 1.000001 8.529726E-07 1E-06 1.019665E-06 1.112228E-06 0.7633132 0.646031 -0.1678987 1E-06 1E-06 1E-06 1.000001</float_array>
                    <technique_common>
                        <accessor count="12" offset="0" source="#pm0812_00_00_body_c_mesh_shape_lod2_body_b-matrices-array" stride="16">
                            <param name="TRANSFORM" type="float4x4" />
                        </accessor>
                    </technique_common>
                </source>
                <source id="pm0812_00_00_body_c_mesh_shape_lod2_body_b-weights">
                    <float_array id="pm0812_00_00_body_c_mesh_shape_lod2_body_b-weights-array" count="89">0.7600061 0.2399939 0.00999466 0.8599985 0.1300069 0.4800031 0.5199969 0.6899977 0.3100023 0.8 0.2 0.194995 0.805005 0.2099947 0.7900053 1 0.02000458 0.9799954 0.4449989 0.0280003 0.02400244 0.5029984 0.08999771 0.9100023 0.06599527 0.9340047 0.6500038 0.3499962 0.2829938 0.7170062 0.9000076 0.1000076 0.007995727 0.4599985 0.0290074 0.2269932 0.01399252 0.758999 0.7989929 0.1989929 0.001998932 0.5000076 0.08000305 0.2579995 0.7420005 0.01899748 0.9810025 0.07899596 0.9029984 0.01800565 0.01100175 0.8590066 0.1499962 0.8489967 0.001007095 0.8500038 0.4 0.6 0.7499962 0.2500038 0.8189975 0.1810025 0.5799954 0.4200046 0.9900053 0.9109941 0.08900587 0.8579996 0.1320058 0.1490044 0.8509957 0.1519951 0.8480049 0.8200046 0.1799954 0.7199969 0.280003 0.9420004 0.05799954 0.4699931 0.5300069 0.2699931 0.7300069 0.4899977 0.5100023 0.06900129 0.9309987 0.4789959 0.521004</float_array>
                    <technique_common>
                        <accessor count="89" offset="0" source="#pm0812_00_00_body_c_mesh_shape_lod2_body_b-weights-array" stride="1">
                            <param name="WEIGHT" type="float" />
                        </accessor>
                    </technique_common>
                </source>
                <joints>
                    <input semantic="JOINT" source="#pm0812_00_00_body_c_mesh_shape_lod2_body_b-joints" />
                    <input semantic="INV_BIND_MATRIX" source="#pm0812_00_00_body_c_mesh_shape_lod2_body_b-matrices" />
                </joints>
                <vertex_weights count="377">
                    <input semantic="JOINT" source="#pm0812_00_00_body_c_mesh_shape_lod2_body_b-joints" offset="0" set="0" />
                    <input semantic="WEIGHT" source="#pm0812_00_00_body_c_mesh_shape_lod2_body_b-weights" offset="1" set="0" />
                    <vcount>2 3 2 2 2 2 2 2 2 2 2 2 1 1 2 4 2 2 2 2 2 2 2 2 2 2 2 2 2 2 2 1 2 2 2 2 2 2 2 2 4 1 2 1 4 2 3 2 2 2 3 3 2 2 2 2 2 2 3 3 2 2 2 2 3 1 1 3 1 3 3 2 1 4 4 3 2 4 2 3 2 2 2 2 4 2 2 2 2 2 4 2 2 4 2 4 3 2 1 1 2 2 2 1 2 2 2 2 2 2 2 2 2 2 1 1 2 2 2 2 2 3 2 1 4 3 2 2 4 2 2 4 2 2 2 2 2 2 2 2 2 2 1 2 2 2 2 2 2 2 2 2 2 4 2 2 2 2 2 4 2 2 1 2 1 2 2 2 2 2 2 2 2 2 2 2 3 4 1 4 4 2 3 2 2 2 2 2 4 4 2 4 2 2 1 2 1 2 2 2 2 2 2 2 2 2 2 1 2 1 2 2 2 4 1 3 2 2 3 4 2 2 3 4 2 2 2 2 2 4 2 2 4 3 2 2 2 2 2 2 3 3 3 3 3 3 2 2 2 2 4 2 2 3 2 2 2 2 2 2 2 2 2 2 2 2 2 2 2 2 2 2 2 2 2 2 2 2 2 4 2 2 3 2 4 4 2 3 2 2 2 1 1 2 2 2 2 2 2 3 2 2 2 2 2 2 2 2 3 2 2 2 2 2 2 2 2 2 2 3 3 1 3 2 3 2 3 3 3 3 2 3 3 1 2 2 2 2 2 2 2 2 2 2 2 2 2 2 2 2 2 2 2 1 2 2 2 2 2 2 2 2 2 2 2 2 2 2 2 2 2 2 2 2 1 2 2</vcount>
                    <v>0 0 1 1 0 2 1 3 2 4 0 0 1 1 3 5 4 6 3 7 4 8 3 5 4 6 3 9 4 10 3 7 4 8 5 11 6 12 3 13 4 14 3 5 4 6 3 5 4 6 4 15 4 15 3 16 4 17 3 18 4 19 5 20 6 21 3 7 4 8 3 5 4 6 3 5 4 6 3 7 4 8 3 5 4 6 3 5 4 6 3 13 4 14 3 5 4 6 3 13 4 14 3 16 4 17 3 5 4 6 3 16 4 17 3 13 4 14 3 22 4 23 3 16 4 17 4 15 3 5 4 6 7 24 6 25 3 26 6 27 5 11 6 12 5 11 6 12 2 28 6 29 7 24 6 25 7 30 8 31 7 32 6 21 9 33 10 34 6 15 7 30 8 31 6 15 7 32 3 33 4 34 6 21 5 11 6 12 2 35 5 36 6 37 2 28 6 29 5 11 6 12 2 28 6 29 2 35 5 36 6 37 3 38 4 39 6 40 7 41 8 41 7 27 8 26 0 0 1 1 0 0 1 1 0 0 1 1 2 28 6 29 2 35 5 36 6 37 1 42 2 23 6 2 7 43 8 44 7 27 8 26 7 45 8 46 2 28 6 29 1 42 2 23 6 2 6 15 6 15 1 47 2 48 6 49 6 15 1 42 2 23 6 2 2 35 5 36 6 37 2 28 6 29 6 15 7 32 6 21 9 33 10 34 5 20 6 21 9 18 10 19 6 40 9 38 10 39 7 24 6 25 7 32 6 21 9 33 10 34 7 41 8 41 6 40 9 38 10 39 7 27 8 26 7 27 8 26 7 45 8 46 7 31 8 30 3 18 4 19 5 20 6 21 5 11 6 12 3 7 4 8 7 45 8 46 7 27 8 26 7 43 8 44 7 32 6 21 9 33 10 34 7 24 6 25 9 7 10 8 7 32 6 21 9 33 10 34 9 7 10 8 5 20 6 21 9 18 10 19 1 42 2 23 6 2 2 28 6 29 6 15 6 15 2 28 6 29 7 24 6 25 9 16 10 17 10 15 9 5 10 6 9 16 10 17 9 13 10 14 9 22 10 23 9 13 10 14 9 16 10 17 9 5 10 6 9 5 10 6 9 13 10 14 9 5 10 6 10 15 10 15 9 16 10 17 9 13 10 14 9 5 10 6 9 5 10 6 0 0 1 1 0 50 1 51 2 4 0 0 1 1 6 15 5 20 6 21 9 18 10 19 11 52 5 53 6 54 5 11 6 12 11 52 5 55 5 20 6 21 9 18 10 19 9 7 10 8 5 11 6 12 5 20 6 21 9 18 10 19 0 0 1 1 0 0 1 1 0 0 1 1 7 24 6 25 2 28 6 29 5 11 6 12 7 24 6 25 5 11 6 12 6 27 9 26 9 5 10 6 10 15 9 16 10 17 9 22 10 23 9 13 10 14 9 16 10 17 9 5 10 6 9 16 10 17 9 13 10 14 9 5 10 6 9 13 10 14 9 5 10 6 3 18 4 19 5 20 6 21 11 52 5 55 5 11 6 12 9 5 10 6 9 5 10 6 9 7 10 8 5 20 6 21 9 18 10 19 9 5 10 6 9 7 10 8 10 15 9 16 10 17 10 15 9 13 10 14 9 5 10 6 9 5 10 6 5 11 6 12 9 7 10 8 9 9 10 10 9 5 10 6 9 7 10 8 9 5 10 6 0 0 1 1 0 0 1 1 0 2 1 3 2 4 7 32 3 33 4 34 6 21 6 15 3 18 4 19 5 20 6 21 7 32 3 33 4 34 6 21 7 24 6 25 3 38 4 39 6 40 7 27 8 26 7 31 8 30 7 45 8 46 3 7 4 8 7 24 6 25 7 32 3 33 4 34 6 21 3 18 4 19 5 20 6 21 3 7 4 8 7 32 3 33 4 34 6 21 7 24 6 25 2 28 6 29 6 15 3 5 4 6 4 15 3 16 4 17 3 22 4 23 3 13 4 14 3 16 4 17 3 5 4 6 3 16 4 17 3 13 4 14 3 5 4 6 3 13 4 14 3 5 4 6 4 15 3 16 4 17 4 15 3 13 4 14 3 5 4 6 3 5 4 6 3 18 4 19 5 20 6 21 6 15 11 52 5 53 6 54 0 0 1 1 0 0 1 1 0 50 1 51 2 4 5 20 6 21 9 18 10 19 11 52 5 55 11 56 5 57 11 52 5 53 6 54 5 20 6 21 9 18 10 19 11 58 5 59 11 60 5 61 11 62 5 63 11 64 5 2 11 65 5 66 3 18 4 19 5 20 6 21 11 56 5 57 11 52 5 55 3 18 4 19 5 20 6 21 11 52 5 53 6 54 11 58 5 59 11 60 5 61 11 62 5 63 11 64 5 2 11 65 5 66 0 0 1 1 0 2 1 3 2 4 0 2 1 67 2 68 2 35 5 36 6 37 0 2 1 3 2 4 0 2 1 67 2 68 2 35 5 36 6 37 0 0 1 1 9 5 10 6 9 7 10 8 9 5 10 6 5 20 6 21 9 18 10 19 5 11 6 12 5 11 6 12 2 35 5 36 6 37 11 69 5 70 5 11 6 12 11 71 5 72 5 11 6 12 11 52 5 55 11 62 5 63 11 56 5 57 11 73 5 74 11 60 5 61 11 65 5 66 11 75 5 76 11 71 5 72 5 11 6 12 11 77 5 78 11 64 5 2 11 65 5 66 11 73 5 74 11 60 5 61 11 62 5 63 11 52 5 55 11 56 5 57 5 11 6 12 3 5 4 6 3 5 4 6 3 7 4 8 3 18 4 19 5 20 6 21 7 27 8 26 7 43 8 44 3 38 4 39 6 40 7 30 8 31 7 32 3 33 4 34 6 21 7 32 6 21 9 33 10 34 7 30 8 31 6 40 9 38 10 39 7 43 8 44 7 27 8 26 7 24 6 25 6 15 6 15 7 24 6 25 7 30 8 31 7 30 8 31 7 30 8 31 7 30 8 31 7 24 6 25 6 40 9 38 10 39 7 24 6 25 7 41 8 41 7 79 8 80 7 27 8 26 7 81 8 82 7 24 6 25 7 30 8 31 7 24 6 25 3 38 4 39 6 40 7 41 8 41 7 83 8 84 7 81 8 82 7 27 8 26 7 85 8 86 7 31 8 30 7 27 8 26 7 31 8 30 7 27 8 26 7 45 8 46 1 42 2 23 6 2 1 47 2 48 6 49 6 15 0 50 1 51 2 4 0 0 1 1 0 2 1 3 2 4 0 0 1 1 2 35 5 36 6 37 0 2 1 3 2 4 2 35 5 36 6 37 1 42 2 23 6 2 0 0 1 1 0 50 1 51 2 4 1 47 2 48 6 49 6 15 0 0 1 1 3 9 4 10 5 11 6 12 3 26 6 27 7 24 6 25 3 9 4 10 3 5 4 6 3 7 4 8 7 24 6 25 3 7 4 8 3 5 4 6 3 5 4 6 3 5 4 6 3 87 4 88 3 13 4 14 3 22 4 23 3 13 4 14 3 22 4 23 3 13 4 14 4 15 3 16 4 17 3 16 4 17 9 5 10 6 9 7 10 8 9 5 10 6 9 9 10 10 7 24 6 25 7 24 6 25 6 27 9 26 5 11 6 12 9 9 10 10 9 22 10 23 9 13 10 14 9 87 10 88 9 5 10 6 9 7 10 8 9 5 10 6 9 13 10 14 9 13 10 14 9 22 10 23 10 15 9 16 10 17 9 16 10 17</v>
                </vertex_weights>
            </skin>
        </controller>
        <controller id="pm0812_00_00_body_b_mesh_shape_lod2_body_b-controller" name="pm0812_00_00_body_b_mesh_shape_lod2_body_b">
            <skin source="#pm0812_00_00_body_b_mesh_shape_lod2_body_b-geometry">
                <bind_shape_matrix>1 0 0 0 0 1 0 0 0 0 1 0 0 0 0 1</bind_shape_matrix>
                <source id="pm0812_00_00_body_b_mesh_shape_lod2_body_b-joints">
                    <Name_array id="pm0812_00_00_body_b_mesh_shape_lod2_body_b-joints-array" count="2">spine hips</Name_array>
                    <technique_common>
                        <accessor count="2" offset="0" source="#pm0812_00_00_body_b_mesh_shape_lod2_body_b-joints-array" stride="1">
                            <param name="JOINT" type="Name" />
                        </accessor>
                    </technique_common>
                </source>
                <source id="pm0812_00_00_body_b_mesh_shape_lod2_body_b-matrices">
                    <float_array id="pm0812_00_00_body_b_mesh_shape_lod2_body_b-matrices-array" count="32">1.059605E-06 1.000001 1E-06 -0.05663615 -0.999999 1.059605E-06 1E-06 9.966247E-07 1E-06 1E-06 1.000001 1E-06 1E-06 1E-06 1E-06 1.000001 8.529726E-07 -0.999999 1E-06 0.05661815 1.000001 8.529726E-07 1E-06 1.008325E-06 1E-06 1E-06 1.000001 1E-06 1E-06 1E-06 1E-06 1.000001</float_array>
                    <technique_common>
                        <accessor count="2" offset="0" source="#pm0812_00_00_body_b_mesh_shape_lod2_body_b-matrices-array" stride="16">
                            <param name="TRANSFORM" type="float4x4" />
                        </accessor>
                    </technique_common>
                </source>
                <source id="pm0812_00_00_body_b_mesh_shape_lod2_body_b-weights">
                    <float_array id="pm0812_00_00_body_b_mesh_shape_lod2_body_b-weights-array" count="15">0.5689937 0.4310063 0.5700008 0.4299992 0.2399939 0.7600061 0.3600061 0.6399939 0.358999 0.641001 0.241001 0.758999 1 0.06999313 0.9300069</float_array>
                    <technique_common>
                        <accessor count="15" offset="0" source="#pm0812_00_00_body_b_mesh_shape_lod2_body_b-weights-array" stride="1">
                            <param name="WEIGHT" type="float" />
                        </accessor>
                    </technique_common>
                </source>
                <joints>
                    <input semantic="JOINT" source="#pm0812_00_00_body_b_mesh_shape_lod2_body_b-joints" />
                    <input semantic="INV_BIND_MATRIX" source="#pm0812_00_00_body_b_mesh_shape_lod2_body_b-matrices" />
                </joints>
                <vertex_weights count="94">
                    <input semantic="JOINT" source="#pm0812_00_00_body_b_mesh_shape_lod2_body_b-joints" offset="0" set="0" />
                    <input semantic="WEIGHT" source="#pm0812_00_00_body_b_mesh_shape_lod2_body_b-weights" offset="1" set="0" />
                    <vcount>2 2 2 2 2 2 2 2 2 2 2 2 2 2 2 2 2 2 2 2 2 2 2 2 2 2 2 2 2 2 2 2 2 2 2 2 1 2 1 2 2 1 2 1 2 1 2 1 2 2 1 1 2 1 2 1 2 1 2 2 1 2 1 2 1 2 1 2 2 1 1 2 2 2 2 1 1 2 2 2 1 1 2 2 2 2 1 2 1 2 2 2 1 2</vcount>
                    <v>0 0 1 1 0 2 1 3 0 4 1 5 0 6 1 7 0 2 1 3 0 2 1 3 0 2 1 3 0 2 1 3 0 4 1 5 0 8 1 9 0 2 1 3 0 2 1 3 0 2 1 3 0 2 1 3 0 6 1 7 0 2 1 3 0 10 1 11 0 2 1 3 0 0 1 1 0 4 1 5 0 2 1 3 0 2 1 3 0 2 1 3 0 6 1 7 0 2 1 3 0 2 1 3 0 4 1 5 0 2 1 3 0 2 1 3 0 8 1 9 0 6 1 7 0 2 1 3 0 2 1 3 0 10 1 11 0 2 1 3 0 2 1 3 1 12 0 4 1 5 1 12 0 6 1 7 0 2 1 3 1 12 0 4 1 5 1 12 0 2 1 3 1 12 0 4 1 5 1 12 0 4 1 5 0 0 1 1 1 12 1 12 0 4 1 5 1 12 0 0 1 1 1 12 0 4 1 5 1 12 0 6 1 7 0 2 1 3 1 12 0 4 1 5 1 12 0 2 1 3 1 12 0 4 1 5 1 12 0 8 1 9 0 2 1 3 1 12 1 12 0 13 1 14 0 6 1 7 0 2 1 3 0 2 1 3 1 12 1 12 0 4 1 5 0 8 1 9 0 2 1 3 1 12 1 12 0 13 1 14 0 6 1 7 0 2 1 3 0 2 1 3 1 12 0 13 1 14 1 12 0 10 1 11 0 2 1 3 0 13 1 14 1 12 0 2 1 3</v>
                </vertex_weights>
            </skin>
        </controller>
        <controller id="pm0812_00_00_body_b_mesh_shape_lod2_body_a-controller" name="pm0812_00_00_body_b_mesh_shape_lod2_body_a">
            <skin source="#pm0812_00_00_body_b_mesh_shape_lod2_body_a-geometry">
                <bind_shape_matrix>1 0 0 0 0 1 0 0 0 0 1 0 0 0 0 1</bind_shape_matrix>
                <source id="pm0812_00_00_body_b_mesh_shape_lod2_body_a-joints">
                    <Name_array id="pm0812_00_00_body_b_mesh_shape_lod2_body_a-joints-array" count="6">spine hips left_leg_01 left_crotch right_crotch right_leg_01</Name_array>
                    <technique_common>
                        <accessor count="6" offset="0" source="#pm0812_00_00_body_b_mesh_shape_lod2_body_a-joints-array" stride="1">
                            <param name="JOINT" type="Name" />
                        </accessor>
                    </technique_common>
                </source>
                <source id="pm0812_00_00_body_b_mesh_shape_lod2_body_a-matrices">
                    <float_array id="pm0812_00_00_body_b_mesh_shape_lod2_body_a-matrices-array" count="96">1.059605E-06 1.000001 1E-06 -0.05663615 -0.999999 1.059605E-06 1E-06 9.966247E-07 1E-06 1E-06 1.000001 1E-06 1E-06 1E-06 1E-06 1.000001 8.529726E-07 -0.999999 1E-06 0.05661815 1.000001 8.529726E-07 1E-06 1.008325E-06 1E-06 1E-06 1.000001 1E-06 1E-06 1E-06 1E-06 1.000001 0.008044991 -0.9999667 1E-06 0.0123836 0.9999687 0.008044991 1E-06 -0.01844852 1E-06 1E-06 1.000001 1E-06 1E-06 1E-06 1E-06 1.000001 8.529726E-07 -0.999999 1E-06 0.1676634 1.000001 8.529726E-07 1E-06 -0.01338481 1E-06 1E-06 1.000001 1E-06 1E-06 1E-06 1E-06 1.000001 8.529726E-07 -0.999999 1E-06 0.167663 1.000001 8.529726E-07 1E-06 0.01338681 1E-06 1E-06 1.000001 1E-06 1E-06 1E-06 1E-06 1.000001 -0.008047039 -0.9999667 1E-06 0.01238353 0.9999687 -0.008047039 1E-06 0.01845056 1E-06 1E-06 1.000001 1E-06 1E-06 1E-06 1E-06 1.000001</float_array>
                    <technique_common>
                        <accessor count="6" offset="0" source="#pm0812_00_00_body_b_mesh_shape_lod2_body_a-matrices-array" stride="16">
                            <param name="TRANSFORM" type="float4x4" />
                        </accessor>
                    </technique_common>
                </source>
                <source id="pm0812_00_00_body_b_mesh_shape_lod2_body_a-weights">
                    <float_array id="pm0812_00_00_body_b_mesh_shape_lod2_body_a-weights-array" count="9">1 0.5700008 0.4299992 0.5689937 0.4310063 0.9510033 0.04899672 0.6740063 0.3259937</float_array>
                    <technique_common>
                        <accessor count="9" offset="0" source="#pm0812_00_00_body_b_mesh_shape_lod2_body_a-weights-array" stride="1">
                            <param name="WEIGHT" type="float" />
                        </accessor>
                    </technique_common>
                </source>
                <joints>
                    <input semantic="JOINT" source="#pm0812_00_00_body_b_mesh_shape_lod2_body_a-joints" />
                    <input semantic="INV_BIND_MATRIX" source="#pm0812_00_00_body_b_mesh_shape_lod2_body_a-matrices" />
                </joints>
                <vertex_weights count="78">
                    <input semantic="JOINT" source="#pm0812_00_00_body_b_mesh_shape_lod2_body_a-joints" offset="0" set="0" />
                    <input semantic="WEIGHT" source="#pm0812_00_00_body_b_mesh_shape_lod2_body_a-weights" offset="1" set="0" />
                    <vcount>1 2 2 1 2 2 1 2 2 1 2 2 1 2 2 1 2 2 1 2 2 1 2 2 1 2 2 2 1 2 2 2 1 1 1 1 1 1 1 1 1 1 1 2 1 1 1 1 2 1 1 2 1 1 1 1 1 2 1 1 2 1 1 2 1 1 1 1 1 1 1 1 1 1 1 1 1 1</vcount>
                    <v>0 0 0 1 1 2 0 3 1 4 0 0 0 1 1 2 0 1 1 2 0 0 0 1 1 2 0 1 1 2 0 0 0 1 1 2 0 1 1 2 0 0 0 3 1 4 0 1 1 2 0 0 0 1 1 2 0 1 1 2 0 0 0 1 1 2 0 1 1 2 0 0 0 1 1 2 0 1 1 2 0 0 0 1 1 2 0 1 1 2 0 1 1 2 0 0 0 1 1 2 0 1 1 2 0 1 1 2 1 0 1 0 1 0 1 0 1 0 1 0 1 0 1 0 1 0 1 0 1 0 2 5 3 6 3 0 3 0 3 0 3 0 2 7 3 8 3 0 3 0 2 5 3 6 3 0 3 0 3 0 4 0 4 0 5 5 4 6 4 0 4 0 5 7 4 8 4 0 4 0 5 5 4 6 4 0 4 0 4 0 1 0 1 0 1 0 1 0 1 0 1 0 1 0 1 0 1 0 1 0 1 0</v>
                </vertex_weights>
            </skin>
        </controller>
        <controller id="pm0812_00_00_body_a_mesh_shape_lod2_body_a-controller" name="pm0812_00_00_body_a_mesh_shape_lod2_body_a">
            <skin source="#pm0812_00_00_body_a_mesh_shape_lod2_body_a-geometry">
                <bind_shape_matrix>1 0 0 0 0 1 0 0 0 0 1 0 0 0 0 1</bind_shape_matrix>
                <source id="pm0812_00_00_body_a_mesh_shape_lod2_body_a-joints">
                    <Name_array id="pm0812_00_00_body_a_mesh_shape_lod2_body_a-joints-array" count="12">spine hips lower_jaw right_upper_jaw upper_jaw left_upper_jaw right_lower_eyelid right_upper_eyelid_02 right_upper_eyelid_01 left_upper_eyelid_02 left_upper_eyelid_01 left_lower_eyelid</Name_array>
                    <technique_common>
                        <accessor count="12" offset="0" source="#pm0812_00_00_body_a_mesh_shape_lod2_body_a-joints-array" stride="1">
                            <param name="JOINT" type="Name" />
                        </accessor>
                    </technique_common>
                </source>
                <source id="pm0812_00_00_body_a_mesh_shape_lod2_body_a-matrices">
                    <float_array id="pm0812_00_00_body_a_mesh_shape_lod2_body_a-matrices-array" count="192">1.059605E-06 1.000001 1E-06 -0.05663615 -0.999999 1.059605E-06 1E-06 9.966247E-07 1E-06 1E-06 1.000001 1E-06 1E-06 1E-06 1E-06 1.000001 8.529726E-07 -0.999999 1E-06 0.05661815 1.000001 8.529726E-07 1E-06 1.008325E-06 1E-06 1E-06 1.000001 1E-06 1E-06 1E-06 1E-06 1.000001 1.017746E-06 0.2977362 0.9546495 0.03798924 -0.999999 1.059605E-06 1E-06 9.966247E-07 9.430985E-07 -0.9546475 0.2977361 0.08369879 1E-06 1E-06 1E-06 1.000001 0.02236284 0.2803941 0.9596258 -0.02364828 0.05935671 0.9578004 -0.2812419 -0.09152652 -0.9979855 0.06324914 0.004776142 -0.01857361 1E-06 1E-06 1E-06 1.000001 1.013692E-06 0.229715 0.9732592 -0.0329196 1.000001 8.553104E-07 1.020082E-06 1.011606E-06 1.145434E-06 0.9732593 -0.229713 -0.09414972 1E-06 1E-06 1E-06 1.000001 -0.02236093 0.2803932 0.9596262 -0.02364819 0.05935679 -0.9577988 0.2812431 0.09152856 0.9979876 0.06324929 0.004776247 -0.0185736 1E-06 1E-06 1E-06 1.000001 -0.3613701 0.1433605 0.9213368 -0.03598869 0.9260463 -0.06018887 0.3725847 0.01352631 0.1088695 0.98784 -0.1110058 -0.1045864 1E-06 1E-06 1E-06 1.000001 -0.3055342 0.4687198 0.8288261 -0.1414325 -0.9216105 0.07321778 -0.3811442 -0.01384598 -0.2393328 -0.8803069 0.4096072 0.08290793 1E-06 1E-06 1E-06 1.000001 -0.3055342 0.4687198 0.8288261 -0.0831586 -0.9216105 0.07321778 -0.3811442 -0.01384602 -0.2393328 -0.8803069 0.4096072 0.08290801 1E-06 1E-06 1E-06 1.000001 0.3055362 0.4687197 0.8288261 -0.1414324 -0.9216104 -0.07321566 0.3811462 0.01384798 0.2393347 -0.8803069 0.4096072 0.08290785 1E-06 1E-06 1E-06 1.000001 0.3055362 0.4687197 0.8288261 -0.08315852 -0.9216104 -0.07321566 0.3811462 0.01384798 0.2393347 -0.8803069 0.4096072 0.08290786 1E-06 1E-06 1E-06 1.000001 0.3613721 0.1433605 0.9213368 -0.03598868 0.9260463 0.06019076 -0.3725826 -0.01352426 -0.1088674 0.98784 -0.1110058 -0.1045862 1E-06 1E-06 1E-06 1.000001</float_array>
                    <technique_common>
                        <accessor count="12" offset="0" source="#pm0812_00_00_body_a_mesh_shape_lod2_body_a-matrices-array" stride="16">
                            <param name="TRANSFORM" type="float4x4" />
                        </accessor>
                    </technique_common>
                </source>
                <source id="pm0812_00_00_body_a_mesh_shape_lod2_body_a-weights">
                    <float_array id="pm0812_00_00_body_a_mesh_shape_lod2_body_a-weights-array" count="55">0.5700008 0.4299992 0.5739986 0.4260014 0.5730068 0.4269932 0.5709926 0.4290074 1 0.1089952 0.3810025 0.5100023 0.9219959 0.07800412 0.119997 0.880003 0.203006 0.3479972 0.4489967 0.7499962 0.2500038 0.6099946 0.3900054 0.3430076 0.6569924 0.05000382 0.9499962 0.9600061 0.0399939 0.8699932 0.1300069 0.7700008 0.2299992 0.02000458 0.1000076 0.2899977 0.2 0.00999466 0.9900053 0.3499962 0.4399939 0.2099947 0.8399939 0.1600061 0.3100023 0.6599985 0.02999924 0.2999924 0.4800031 0.2200046 0.1700008 0.680003 0.1499962 0.958999 0.04100099</float_array>
                    <technique_common>
                        <accessor count="55" offset="0" source="#pm0812_00_00_body_a_mesh_shape_lod2_body_a-weights-array" stride="1">
                            <param name="WEIGHT" type="float" />
                        </accessor>
                    </technique_common>
                </source>
                <joints>
                    <input semantic="JOINT" source="#pm0812_00_00_body_a_mesh_shape_lod2_body_a-joints" />
                    <input semantic="INV_BIND_MATRIX" source="#pm0812_00_00_body_a_mesh_shape_lod2_body_a-matrices" />
                </joints>
                <vertex_weights count="140">
                    <input semantic="JOINT" source="#pm0812_00_00_body_a_mesh_shape_lod2_body_a-joints" offset="0" set="0" />
                    <input semantic="WEIGHT" source="#pm0812_00_00_body_a_mesh_shape_lod2_body_a-weights" offset="1" set="0" />
                    <vcount>2 2 2 2 2 2 2 2 2 2 2 2 2 2 2 2 2 2 2 2 2 2 2 2 2 2 2 2 2 2 1 1 1 1 1 1 1 1 1 1 1 1 1 1 3 2 2 3 2 2 2 2 1 2 1 2 1 2 2 3 2 2 3 2 2 2 2 2 2 1 1 1 2 2 1 2 3 3 2 3 2 3 1 1 1 3 1 1 3 3 3 1 3 3 3 3 3 2 2 2 2 2 3 2 2 2 2 2 2 1 1 3 1 2 2 2 2 2 1 1 1 2 1 1 2 1 1 2 1 1 2 2 1 1 2 2 2 2 1 1</vcount>
                    <v>0 0 1 1 0 0 1 1 0 2 1 3 0 0 1 1 0 0 1 1 0 0 1 1 0 0 1 1 0 4 1 5 0 0 1 1 0 6 1 7 0 0 1 1 0 0 1 1 0 0 1 1 0 0 1 1 0 2 1 3 0 0 1 1 0 2 1 3 0 0 1 1 0 0 1 1 0 0 1 1 0 0 1 1 0 0 1 1 0 4 1 5 0 0 1 1 0 6 1 7 0 0 1 1 0 0 1 1 0 0 1 1 0 0 1 1 0 2 1 3 0 8 0 8 0 8 0 8 0 8 0 8 0 8 0 8 0 8 0 8 0 8 0 8 0 8 0 8 2 9 3 10 0 11 0 12 4 13 0 14 4 15 2 16 3 17 0 18 2 19 0 20 2 21 0 22 2 23 0 24 2 25 0 26 0 8 2 14 0 15 0 8 2 25 0 26 0 8 2 23 0 24 0 12 4 13 5 17 2 16 0 18 2 21 0 22 2 19 0 20 5 10 2 9 0 11 0 14 4 15 0 0 1 1 0 19 1 20 0 4 1 5 0 27 1 28 0 0 1 1 0 8 0 8 0 8 0 29 1 30 0 2 1 3 0 8 0 31 6 32 7 33 8 34 0 15 7 35 8 36 0 11 0 37 6 38 7 39 8 40 0 41 0 42 6 43 7 44 8 45 0 46 0 8 0 8 0 8 7 47 8 48 0 49 0 8 0 8 2 9 3 10 0 11 7 33 8 34 0 15 0 46 9 44 10 45 0 8 0 49 9 47 10 48 0 41 9 39 10 40 0 11 9 35 10 36 5 10 2 9 0 11 0 15 9 33 10 34 0 42 11 43 0 14 4 15 0 29 1 30 0 37 11 38 0 31 11 32 2 50 0 51 1 52 2 19 0 20 0 0 1 1 0 19 1 20 0 0 1 1 0 4 1 5 0 27 1 28 0 8 0 8 0 15 9 33 10 34 0 8 0 4 1 5 0 6 1 7 0 29 1 30 0 27 1 28 0 0 1 1 0 8 0 8 0 8 0 29 1 30 0 8 0 8 0 2 1 3 0 8 0 8 0 53 1 54 0 8 0 8 0 29 1 30 0 0 1 1 0 8 0 8 0 29 1 30 0 6 1 7 0 4 1 5 0 27 1 28 0 8 0 8</v>
                </vertex_weights>
            </skin>
        </controller>
    </library_controllers>
    <library_visual_scenes>
        <visual_scene id="Scene" name="Scene">
            <node id="pm0812_00_00" sid="pm0812_00_00" name="pm0812_00_00" type="JOINT">
                <matrix sid="transform">1 0 0 0 0 1 0 0 0 0 1 0 0 0 0 1</matrix>
                <node id="origin" sid="origin" name="origin" type="JOINT">
                    <matrix sid="transform">1 0 0 0 0 1 0 0 0 0 1 0 0 0 0 1</matrix>
                    <node id="waist" sid="waist" name="waist" type="JOINT">
                        <matrix sid="transform">5.960464E-08 -0.9999999 0 -1.972152E-33 0.9999999 5.960464E-08 0 0.05662714 0 0 1 3.85186E-36 0 0 0 1</matrix>
                        <node id="spine" sid="spine" name="spine" type="JOINT">
                            <matrix sid="transform">1 0 0 1E-05 0 1 0 3.469447E-20 0 0 1 1.387779E-19 0 0 0 1</matrix>
                            <node id="feeler_a_01" sid="feeler_a_01" name="feeler_a_01" type="JOINT">
                                <matrix sid="transform">1 0 0 0.1382611 0 1 0 -1.693538E-17 0 0 1 0 0 0 0 1</matrix>
                                <node id="feeler_a_02" sid="feeler_a_02" name="feeler_a_02" type="JOINT">
                                    <matrix sid="transform">1 0 0 0.04492123 0 1 0 1.02694E-17 0 0 1 -1.784763E-20 0 0 0 1</matrix>
                                    <node id="feeler_a_03" sid="feeler_a_03" name="feeler_a_03" type="JOINT">
                                        <matrix sid="transform">1 0 0 0.054244 0 1 0 9.784113E-18 0 0 1 2.875029E-26 0 0 0 1</matrix>
                                    </node>
                                </node>
                            </node>
                            <node id="feeler_b_01" sid="feeler_b_01" name="feeler_b_01" type="JOINT">
                                <matrix sid="transform">-0.2952548 -8.742277E-08 0.9554185 0.1297002 2.5812E-08 -0.9999999 -8.352534E-08 -1.788472E-17 0.9554185 3.552714E-15 0.2952549 0.02072481 0 0 0 1</matrix>
                                <node id="feeler_b_02" sid="feeler_b_02" name="feeler_b_02" type="JOINT">
                                    <matrix sid="transform">0.9200259 0 0.3918574 0.03133107 0 1 0 -5.094931E-19 -0.3918574 0 0.9200259 -1.831868E-17 0 0 0 1</matrix>
                                </node>
                            </node>
                            <node id="feeler_c_01" sid="feeler_c_01" name="feeler_c_01" type="JOINT">
                                <matrix sid="transform">-0.2440778 8.742278E-08 -0.9697556 0.1299831 -2.133797E-08 -1 -8.477873E-08 -1.765583E-17 -0.9697556 0 0.2440779 -0.01716414 0 0 0 1</matrix>
                                <node id="feeler_c_02" sid="feeler_c_02" name="feeler_c_02" type="JOINT">
                                    <matrix sid="transform">0.9195362 0 -0.3930054 0.03549398 0 1 0 -3.730211E-19 0.3930054 0 0.9195362 3.275158E-17 0 0 0 1</matrix>
                                </node>
                            </node>
                            <node id="left_feeler_01" sid="left_feeler_01" name="left_feeler_01" type="JOINT">
                                <matrix sid="transform">0.189836 0.9818158 0 0.1303697 -0.9818158 0.189836 0 -0.01657863 0 0 1 0 0 0 0 1</matrix>
                                <node id="left_feeler_02" sid="left_feeler_02" name="left_feeler_02" type="JOINT">
                                    <matrix sid="transform">0.919313 0.3935272 0 0.04655692 -0.3935272 0.919313 0 -1.224977E-17 0 0 1 6.338489E-18 0 0 0 1</matrix>
                                </node>
                            </node>
                            <node id="right_feeler_01" sid="right_feeler_01" name="right_feeler_01" type="JOINT">
                                <matrix sid="transform">0.189832 -0.9818165 0 0.1303699 0.9818165 0.189832 0 0.0165786 0 0 1 1.107026E-43 0 0 0 1</matrix>
                                <node id="right_feeler_02" sid="right_feeler_02" name="right_feeler_02" type="JOINT">
                                    <matrix sid="transform">0.9193133 -0.3935265 0 0.04655696 0.3935265 0.9193133 0 1.483412E-17 0 0 1 6.33849E-18 0 0 0 1</matrix>
                                </node>
                            </node>
                            <node id="upper_jaw" sid="upper_jaw" name="upper_jaw" type="JOINT">
                                <matrix sid="transform">0.229714 -8.508493E-08 0.9732582 0.04255813 0 -1 -8.742278E-08 -2.759987E-15 0.9732582 2.008224E-08 -0.229714 0.0104125 0 0 0 1</matrix>
                            </node>
                            <node id="lower_jaw" sid="lower_jaw" name="lower_jaw" type="JOINT">
                                <matrix sid="transform">0.2977352 0 -0.9546485 0.0119544 0 1 0 -1.72501E-15 0.9546485 0 0.2977352 -0.06118521 0 0 0 1</matrix>
                            </node>
                            <node id="left_upper_jaw" sid="left_upper_jaw" name="left_upper_jaw" type="JOINT">
                                <matrix sid="transform">0.2803922 -0.9577994 0.06324846 0.03883376 0.02236181 -0.05935574 -0.9979863 -0.01257568 0.9596249 0.2812419 0.004775345 -0.002958329 0 0 0 1</matrix>
                            </node>
                            <node id="right_upper_jaw" sid="right_upper_jaw" name="right_upper_jaw" type="JOINT">
                                <matrix sid="transform">0.2803931 0.9577991 0.06324825 0.03883375 -0.0223617 -0.0593555 0.9979863 0.0125757 0.9596246 -0.2812428 0.004775226 -0.00295833 0 0 0 1</matrix>
                            </node>
                            <node id="left_upper_eyelid_01" sid="left_upper_eyelid_01" name="left_upper_eyelid_01" type="JOINT">
                                <matrix sid="transform">0.4687187 -0.0732167 -0.880308 0.05633868 -0.3055352 0.9216114 -0.2393338 -0.01832728 0.8288251 0.3811453 0.4096063 0.02968782 0 0 0 1</matrix>
                                <node id="left_upper_eyelid_02" sid="left_upper_eyelid_02" name="left_upper_eyelid_02" type="JOINT">
                                    <matrix sid="transform">1 0 0 0.05827387 0 1 0 1.110223E-17 0 0 1 -1.065814E-16 0 0 0 1</matrix>
                                </node>
                            </node>
                            <node id="left_lower_eyelid" sid="left_lower_eyelid" name="left_lower_eyelid" type="JOINT">
                                <matrix sid="transform">0.1433598 0.06018971 0.9878384 0.05265167 -0.3613708 -0.9260442 0.1088683 -0.01414437 0.9213353 -0.3725834 -0.1110064 0.01650942 0 0 0 1</matrix>
                            </node>
                            <node id="right_upper_eyelid_01" sid="right_upper_eyelid_01" name="right_upper_eyelid_01" type="JOINT">
                                <matrix sid="transform">0.4687187 0.0732167 -0.880308 0.05633885 0.3055352 0.9216114 0.2393338 0.0183273 0.8288251 -0.3811453 0.4096063 0.0296878 0 0 0 1</matrix>
                                <node id="right_upper_eyelid_02" sid="right_upper_eyelid_02" name="right_upper_eyelid_02" type="JOINT">
                                    <matrix sid="transform">1 0 0 0.05827388 0 1 0 -4.1101E-08 0 0 1 7.4412E-08 0 0 0 1</matrix>
                                </node>
                            </node>
                            <node id="right_lower_eyelid" sid="right_lower_eyelid" name="right_lower_eyelid" type="JOINT">
                                <matrix sid="transform">0.1433598 -0.06018971 0.9878384 0.05265185 0.3613708 -0.9260442 -0.1088683 0.0141444 0.9213353 0.3725834 -0.1110064 0.0165094 0 0 0 1</matrix>
                            </node>
                            <node id="pointlight2" sid="pointlight2" name="pointlight2" type="JOINT">
                                <matrix sid="transform">5.960464E-08 0.9999999 0 0.08336286 -0.9999999 5.960464E-08 0 0.037 0 0 1 0.08 0 0 0 1</matrix>
                            </node>
                            <node id="pointlight1" sid="pointlight1" name="pointlight1" type="JOINT">
                                <matrix sid="transform">5.960464E-08 0.9999999 0 0.08382586 -0.9999999 5.960464E-08 0 -0.03711198 0 0 1 0.0800207 0 0 0 1</matrix>
                            </node>
                        </node>
                        <node id="hips" sid="hips" name="hips" type="JOINT">
                            <matrix sid="transform">-1 -8.742278E-08 0 -1E-05 8.742278E-08 -1 0 1.040834E-19 0 0 1 1.387779E-19 0 0 0 1</matrix>
                            <node id="left_crotch" sid="left_crotch" name="left_crotch" type="JOINT">
                                <matrix sid="transform">1 0 0 -0.1110453 0 1 0 0.01338582 0 0 1 0 0 0 0 1</matrix>
                                <node id="left_leg_01" sid="left_leg_01" name="left_leg_01" type="JOINT">
                                    <matrix sid="transform">0.9999676 -0.008044138 0 0.1551318 0.008044138 0.9999676 0 0.004963507 0 0 1 7.654416E-19 0 0 0 1</matrix>
                                </node>
                            </node>
                            <node id="right_crotch" sid="right_crotch" name="right_crotch" type="JOINT">
                                <matrix sid="transform">1 0 0 -0.1110449 0 1 0 -0.0133858 0 0 1 1.107026E-43 0 0 0 1</matrix>
                                <node id="right_leg_01" sid="right_leg_01" name="right_leg_01" type="JOINT">
                                    <matrix sid="transform">0.9999676 0.008047892 0 0.1551314 -0.008047892 0.9999676 0 -0.0049635 0 0 1 4.065876E-18 0 0 0 1</matrix>
                                </node>
                            </node>
                        </node>
                    </node>
                </node>
                <node id="lod_group" sid="lod_group" name="lod_group" type="JOINT">
                    <matrix sid="transform">1 0 0 0 0 1 0 0 0 0 1 0 0 0 0 1</matrix>
                    <node id="lod0" sid="lod0" name="lod0" type="JOINT">
                        <matrix sid="transform">1 0 0 0 0 1 0 0 0 0 1 0 0 0 0 1</matrix>
                        <node id="pm0812_00_00_eye_mesh" sid="pm0812_00_00_eye_mesh" name="pm0812_00_00_eye_mesh" type="JOINT">
                            <matrix sid="transform">1 0 0 0 0 1 0 0 0 0 1 0 0 0 0 1</matrix>
                        </node>
                        <node id="pm0812_00_00_body_c_mesh" sid="pm0812_00_00_body_c_mesh" name="pm0812_00_00_body_c_mesh" type="JOINT">
                            <matrix sid="transform">1 0 0 0 0 1 0 0 0 0 1 0 0 0 0 1</matrix>
                        </node>
                        <node id="pm0812_00_00_body_b_mesh" sid="pm0812_00_00_body_b_mesh" name="pm0812_00_00_body_b_mesh" type="JOINT">
                            <matrix sid="transform">1 0 0 0 0 1 0 0 0 0 1 0 0 0 0 1</matrix>
                        </node>
                        <node id="pm0812_00_00_body_a_mesh" sid="pm0812_00_00_body_a_mesh" name="pm0812_00_00_body_a_mesh" type="JOINT">
                            <matrix sid="transform">1 0 0 0 0 1 0 0 0 0 1 0 0 0 0 1</matrix>
                        </node>
                    </node>
                    <node id="lod1" sid="lod1" name="lod1" type="JOINT">
                        <matrix sid="transform">1 0 0 0 0 1 0 0 0 0 1 0 0 0 0 1</matrix>
                        <node id="pm0812_00_00_eye_mesh_lod1" sid="pm0812_00_00_eye_mesh_lod1" name="pm0812_00_00_eye_mesh_lod1" type="JOINT">
                            <matrix sid="transform">1 0 0 0 0 1 0 0 0 0 1 0 0 0 0 1</matrix>
                        </node>
                        <node id="pm0812_00_00_body_c_mesh_lod1" sid="pm0812_00_00_body_c_mesh_lod1" name="pm0812_00_00_body_c_mesh_lod1" type="JOINT">
                            <matrix sid="transform">1 0 0 0 0 1 0 0 0 0 1 0 0 0 0 1</matrix>
                        </node>
                        <node id="pm0812_00_00_body_b_mesh_lod1" sid="pm0812_00_00_body_b_mesh_lod1" name="pm0812_00_00_body_b_mesh_lod1" type="JOINT">
                            <matrix sid="transform">1 0 0 0 0 1 0 0 0 0 1 0 0 0 0 1</matrix>
                        </node>
                        <node id="pm0812_00_00_body_a_mesh_lod1" sid="pm0812_00_00_body_a_mesh_lod1" name="pm0812_00_00_body_a_mesh_lod1" type="JOINT">
                            <matrix sid="transform">1 0 0 0 0 1 0 0 0 0 1 0 0 0 0 1</matrix>
                        </node>
                    </node>
                    <node id="lod2" sid="lod2" name="lod2" type="JOINT">
                        <matrix sid="transform">1 0 0 0 0 1 0 0 0 0 1 0 0 0 0 1</matrix>
                        <node id="pm0812_00_00_eye_mesh_lod2" sid="pm0812_00_00_eye_mesh_lod2" name="pm0812_00_00_eye_mesh_lod2" type="JOINT">
                            <matrix sid="transform">1 0 0 0 0 1 0 0 0 0 1 0 0 0 0 1</matrix>
                        </node>
                        <node id="pm0812_00_00_body_c_mesh_lod2" sid="pm0812_00_00_body_c_mesh_lod2" name="pm0812_00_00_body_c_mesh_lod2" type="JOINT">
                            <matrix sid="transform">1 0 0 0 0 1 0 0 0 0 1 0 0 0 0 1</matrix>
                        </node>
                        <node id="pm0812_00_00_body_b_mesh_lod2" sid="pm0812_00_00_body_b_mesh_lod2" name="pm0812_00_00_body_b_mesh_lod2" type="JOINT">
                            <matrix sid="transform">1 0 0 0 0 1 0 0 0 0 1 0 0 0 0 1</matrix>
                        </node>
                        <node id="pm0812_00_00_body_a_mesh_lod2" sid="pm0812_00_00_body_a_mesh_lod2" name="pm0812_00_00_body_a_mesh_lod2" type="JOINT">
                            <matrix sid="transform">1 0 0 0 0 1 0 0 0 0 1 0 0 0 0 1</matrix>
                        </node>
                    </node>
                </node>
            </node>
            <node id="pm0812_00_00_eye_mesh_shape_lod2_l_eye" sid="pm0812_00_00_eye_mesh_shape_lod2_l_eye" name="pm0812_00_00_eye_mesh_shape_lod2_l_eye">
                <instance_controller url="#pm0812_00_00_eye_mesh_shape_lod2_l_eye-controller">
                    <skeleton>#pm0812_00_00</skeleton>
                    <bind_material>
                        <technique_common>
                            <instance_material target="#l_eye" symbol="l_eye" />
                        </technique_common>
                    </bind_material>
                </instance_controller>
            </node>
            <node id="pm0812_00_00_eye_mesh_shape_lod2_r_eye" sid="pm0812_00_00_eye_mesh_shape_lod2_r_eye" name="pm0812_00_00_eye_mesh_shape_lod2_r_eye">
                <instance_controller url="#pm0812_00_00_eye_mesh_shape_lod2_r_eye-controller">
                    <skeleton>#pm0812_00_00</skeleton>
                    <bind_material>
                        <technique_common>
                            <instance_material target="#r_eye" symbol="r_eye" />
                        </technique_common>
                    </bind_material>
                </instance_controller>
            </node>
            <node id="pm0812_00_00_body_c_mesh_shape_lod2_body_b" sid="pm0812_00_00_body_c_mesh_shape_lod2_body_b" name="pm0812_00_00_body_c_mesh_shape_lod2_body_b">
                <instance_controller url="#pm0812_00_00_body_c_mesh_shape_lod2_body_b-controller">
                    <skeleton>#pm0812_00_00</skeleton>
                    <bind_material>
                        <technique_common>
                            <instance_material target="#body_b" symbol="body_b" />
                        </technique_common>
                    </bind_material>
                </instance_controller>
            </node>
            <node id="pm0812_00_00_body_b_mesh_shape_lod2_body_b" sid="pm0812_00_00_body_b_mesh_shape_lod2_body_b" name="pm0812_00_00_body_b_mesh_shape_lod2_body_b">
                <instance_controller url="#pm0812_00_00_body_b_mesh_shape_lod2_body_b-controller">
                    <skeleton>#pm0812_00_00</skeleton>
                    <bind_material>
                        <technique_common>
                            <instance_material target="#body_b" symbol="body_b" />
                        </technique_common>
                    </bind_material>
                </instance_controller>
            </node>
            <node id="pm0812_00_00_body_b_mesh_shape_lod2_body_a" sid="pm0812_00_00_body_b_mesh_shape_lod2_body_a" name="pm0812_00_00_body_b_mesh_shape_lod2_body_a">
                <instance_controller url="#pm0812_00_00_body_b_mesh_shape_lod2_body_a-controller">
                    <skeleton>#pm0812_00_00</skeleton>
                    <bind_material>
                        <technique_common>
                            <instance_material target="#body_a" symbol="body_a" />
                        </technique_common>
                    </bind_material>
                </instance_controller>
            </node>
            <node id="pm0812_00_00_body_a_mesh_shape_lod2_body_a" sid="pm0812_00_00_body_a_mesh_shape_lod2_body_a" name="pm0812_00_00_body_a_mesh_shape_lod2_body_a">
                <instance_controller url="#pm0812_00_00_body_a_mesh_shape_lod2_body_a-controller">
                    <skeleton>#pm0812_00_00</skeleton>
                    <bind_material>
                        <technique_common>
                            <instance_material target="#body_a" symbol="body_a" />
                        </technique_common>
                    </bind_material>
                </instance_controller>
            </node>
        </visual_scene>
    </library_visual_scenes>
    <scene>
        <instance_visual_scene url="#Scene" />
    </scene>
</COLLADA>