mtllib pm0285_00_00.mtl
v 0.009442673 0.2198187 0.1823769
vt 0.9718663 1.86335
vn -0.00446701 -0.007995605 -0.9995117
v 6.093175E-21 0.1893487 0.1831594
vt 0.9708761 1.845156
vn 0 0.004356384 -0.9995117
v 2.287747E-20 0.2246549 0.1818836
vt 0.9807196 1.855845
vn 0 -0.03610229 -0.9990234
v 0.01452526 0.1891524 0.1819665
vt 0.9572546 1.856803
vn -0.1067505 0.03034973 -0.9936523
v 0.01873573 0.214849 0.1828729
vt 0.963675 1.870894
vn -0.03074646 0.0390625 -0.9985352
v 0.02651704 0.1883456 0.1781095
vt 0.9453685 1.867198
vn -0.230835 0.300293 -0.925293
v 0.0283006 0.2096138 0.1833925
vt 0.9556973 1.880219
vn 0.1784668 0.2230225 -0.9580078
v 0.03797287 0.2040564 0.1839728
vt 0.9495631 1.893307
vn 0.1096191 0.4216309 -0.8999023
v 0.03818624 0.1866399 0.1713762
vt 0.9309287 1.876234
vn -0.3432617 0.6850586 -0.6420898
v 0.04582768 0.1992486 0.1842982
vt 0.9465675 1.910153
vn -0.4260254 0.08978271 -0.8999023
v 0.04593105 0.1905493 0.1695772
vt 0.9292644 1.897304
vn -0.8061523 0.5366211 -0.2476807
v 0.04623725 0.1863028 0.1567871
vt 0.910862 1.886804
vn -0.9213867 0.3520508 -0.163208
v 0.04882944 0.1986754 0.1684172
vt 0.9304587 1.907591
vn -0.9902344 -0.07672119 -0.1123657
v 0.0498489 0.198056 0.156303
vt 0.9150469 1.909703
vn -0.9907227 -0.1324463 0.02958679
v 0.04914816 0.1860002 0.1421044
vt 0.8910273 1.898953
vn -0.9584961 -0.197876 0.2033691
v 0.0447869 0.2071062 0.1686716
vt 0.9336555 1.920751
vn -0.6850586 -0.7060547 -0.1773682
v 0.03780096 0.2037704 0.1840982
vt 0.9513608 1.927084
vn -0.4545898 -0.7973633 -0.3959961
v 0.04276669 0.2050964 0.1396623
vt 0.8980017 1.928809
vn -0.7988281 -0.5473633 0.2479248
v 0.04530524 0.1857701 0.1279399
vt 0.8725314 1.912241
vn -0.8691406 -0.2463379 0.4279785
v 0.04468976 0.2079908 0.155494
vt 0.9181184 1.924377
vn -0.7255859 -0.6870117 0.02345276
v 0.03171538 0.214449 0.1702059
vt 0.9396937 1.939605
vn -0.4750977 -0.8320313 -0.2849121
v 0.02835072 0.2089577 0.1837099
vt 0.9542103 1.94085
vn -0.4084473 -0.809082 -0.4221191
v 0.01890048 0.2141449 0.183137
vt 0.9565006 1.954978
vn -0.4064941 -0.8129883 -0.4160156
v 0.0329905 0.2177197 0.1541196
vt 0.9206622 1.943114
vn -0.5424805 -0.8393555 0.01589966
v 0.01647771 0.2217498 0.1703152
vt 0.944713 1.961547
vn -0.373291 -0.8789063 -0.2961426
v 0.00945024 0.2193321 0.1825641
vt 0.9574817 1.970006
vn -0.3735352 -0.8588867 -0.3496094
v 2.21697E-21 0.2269765 0.1716943
vt 0.9482685 1.984375
vn 0 -0.9794922 -0.2010498
v -1.43321E-22 0.2245194 0.1819912
vt 0.9569393 1.984375
vn 0 -0.9726563 -0.2320557
v 0.01743292 0.2251808 0.1532026
vt 0.9239585 1.963367
vn -0.3012695 -0.9526367 0.0333252
v 2.199499E-19 0.2279739 0.1530367
vt 0.9269058 1.984375
vn 0 -0.9970703 0.07543945
v 6.151722E-19 0.2255963 0.1363761
vt 0.9061643 1.984375
vn 0 -0.9770508 0.2109375
v 0.03209402 0.2163623 0.1375316
vt 0.9010832 1.946532
vn -0.5654297 -0.793457 0.223999
v 0.01716812 0.2226519 0.1364393
vt 0.9034351 1.964845
vn -0.2893066 -0.9331055 0.2111816
v 0.01607564 0.2186578 0.1222039
vt 0.8855546 1.966906
vn -0.2802734 -0.8378906 0.4675293
v -1.22452E-18 0.2210883 0.1217706
vt 0.8858434 1.984375
vn 0 -0.8740234 0.4851074
v -1.232288E-18 0.2121378 0.1107865
vt 0.8682032 1.984375
vn 0 -0.6298828 0.7763672
v 0.0303962 0.2114501 0.1233519
vt 0.8830982 1.94928
vn -0.5698242 -0.6655273 0.480957
v 0.01358525 0.207995 0.1123671
vt 0.8676329 1.968089
vn -0.2807617 -0.5224609 0.8046875
v 3.850641E-20 0.1975332 0.1047392
vt 0.8492738 1.984375
vn 0 -0.2258301 0.9741211
v 0.03982045 0.2003553 0.1256062
vt 0.879216 1.932963
vn -0.7602539 -0.4204102 0.4943848
v 0.03391347 0.1855058 0.1147252
vt 0.8540791 1.933232
vn -0.5825195 -0.2340088 0.777832
v 0.02435272 0.1984213 0.1127491
vt 0.8610328 1.95215
vn -0.4328613 -0.2988281 0.8500977
v 0.01622105 0.1854883 0.1069931
vt 0.8407387 1.959865
vn -0.3007813 -0.1732178 0.9375
v 1.488039E-21 0.1853084 0.1048575
vt 0.8359375 1.984375
vn 0 0.009666443 0.9995117
v -0.009442673 0.2198187 0.1823769
vt 0.02813375 1.86335
vn 0.00446701 -0.007995605 -0.9995117
vt 0.01928043 1.855845
vt 0.0291239 1.845156
v -0.01452526 0.1891524 0.1819665
vt 0.04274535 1.856803
vn 0.1067505 0.03034973 -0.9936523
v -0.01873573 0.214849 0.1828729
vt 0.03632498 1.870894
vn 0.03074646 0.0390625 -0.9985352
v -0.02651704 0.1883456 0.1781095
vt 0.05463147 1.867198
vn 0.230835 0.300293 -0.925293
v -0.0283006 0.2096138 0.1833925
vt 0.0443027 1.880219
vn -0.1784668 0.2230225 -0.9580078
v -0.03797287 0.2040564 0.1839728
vt 0.05043685 1.893307
vn -0.1096191 0.4216309 -0.8999023
v -0.03818624 0.1866399 0.1713762
vt 0.06907129 1.876234
vn 0.3432617 0.6850586 -0.6420898
v -0.04582768 0.1992486 0.1842982
vt 0.05343246 1.910153
vn 0.4260254 0.08978271 -0.8999023
v -0.04593105 0.1905493 0.1695772
vt 0.07073557 1.897304
vn 0.8061523 0.5366211 -0.2476807
v -0.04623725 0.1863028 0.1567871
vt 0.08913803 1.886804
vn 0.9213867 0.3520508 -0.163208
v -0.04882944 0.1986754 0.1684172
vt 0.06954134 1.907591
vn 0.9902344 -0.07672119 -0.1123657
v -0.0498489 0.198056 0.156303
vt 0.08495307 1.909703
vn 0.9907227 -0.1324463 0.02957153
v -0.04914816 0.1860002 0.1421044
vt 0.1089727 1.898953
vn 0.9584961 -0.197876 0.2033691
v -0.0447869 0.2071062 0.1686716
vt 0.0663445 1.920751
vn 0.6850586 -0.7060547 -0.1773682
v -0.03780096 0.2037704 0.1840982
vt 0.04863918 1.927084
vn 0.4545898 -0.7973633 -0.3959961
v -0.04276669 0.2050964 0.1396623
vt 0.1019983 1.928809
vn 0.7988281 -0.5473633 0.2479248
v -0.04530524 0.1857701 0.1279399
vt 0.1274686 1.912241
vn 0.8691406 -0.2463379 0.4279785
v -0.04468976 0.2079908 0.155494
vt 0.08188164 1.924377
vn 0.7255859 -0.6870117 0.02345276
v -0.03171538 0.214449 0.1702059
vt 0.06030631 1.939605
vn 0.4750977 -0.8320313 -0.2849121
v -0.02835072 0.2089577 0.1837099
vt 0.04578972 1.94085
vn 0.4084473 -0.809082 -0.4221191
v -0.01890048 0.2141449 0.183137
vt 0.04349935 1.954978
vn 0.4064941 -0.8129883 -0.4160156
v -0.0329905 0.2177197 0.1541196
vt 0.07933784 1.943114
vn 0.5424805 -0.8393555 0.01589966
v -0.01647771 0.2217498 0.1703152
vt 0.055287 1.961547
vn 0.373291 -0.8789063 -0.2961426
v -0.00945024 0.2193321 0.1825641
vt 0.04251826 1.970006
vn 0.3735352 -0.8588867 -0.3496094
vt 0.05173147 1.984375
vt 0.04306066 1.984375
v -0.01743292 0.2251808 0.1532026
vt 0.07604146 1.963367
vn 0.3012695 -0.9526367 0.0333252
vt 0.07309425 1.984375
vt 0.09383571 1.984375
v -0.03209402 0.2163623 0.1375316
vt 0.09891677 1.946532
vn 0.5654297 -0.793457 0.223999
v -0.01716812 0.2226519 0.1364393
vt 0.09656489 1.964845
vn 0.2893066 -0.9331055 0.2111816
v -0.01607564 0.2186578 0.1222039
vt 0.1144454 1.966906
vn 0.2802734 -0.8378906 0.4675293
vt 0.1141566 1.984375
vt 0.1317968 1.984375
v -0.0303962 0.2114501 0.1233519
vt 0.1169018 1.94928
vn 0.5698242 -0.6655273 0.480957
v -0.01358525 0.207995 0.1123671
vt 0.1323671 1.968089
vn 0.2807617 -0.5224609 0.8046875
vt 0.1507262 1.984375
v -0.03982045 0.2003553 0.1256062
vt 0.120784 1.932963
vn 0.7602539 -0.4204102 0.4943848
v -0.03391347 0.1855058 0.1147252
vt 0.1459209 1.933232
vn 0.5825195 -0.2340088 0.777832
v -0.02435272 0.1984213 0.1127491
vt 0.1389672 1.95215
vn 0.4328613 -0.2988281 0.8500977
v -0.01622105 0.1854883 0.1069931
vt 0.1592613 1.959865
vn 0.3007813 -0.1732178 0.9375
vt 0.1640625 1.984375
v 0.1993107 0.1706066 2.67827E-05
vt 0.9570313 1.261719
vn 0.9458008 0.3239746 6.759167E-05
v 0.2032465 0.1582117 0.03345786
vt 0.9355085 1.209951
vn 0.7910156 0.6074219 0.06414795
v 0.2035593 0.1516859 2.67827E-05
vt 0.9765625 1.242188
vn 0.8139648 0.5800781 -0.001155853
v 0.1916856 0.1708613 0.05138469
vt 0.8961801 1.208278
vn 0.9199219 0.3017578 0.2490234
v 0.1939909 0.1905758 1.294773E-05
vt 0.9335938 1.285156
vn 0.9560547 0.2927246 0
v 0.191923 0.1582117 0.07244071
vt 0.8847582 1.171266
vn 0.715332 0.6025391 0.3520508
v 0.1869227 0.1905876 0.05011275
vt 0.875782 1.234023
vn 0.9233398 0.291748 0.2480469
v 0.1862413 0.2117765 2.535271E-05
vt 0.9074194 1.311131
vn 0.9365234 0.3498535 0.0003106594
v 0.1724916 0.1705716 0.09952784
vt 0.829444 1.161941
vn 0.8266602 0.2949219 0.4782715
v 0.1754471 0.1515613 0.1007615
vt 0.845844 1.135863
vn 0.7124023 0.565918 0.4138184
v 0.1586323 0.1584383 0.1286816
vt 0.7961477 1.119355
vn 0.6728516 0.5898438 0.4458008
v 0.1680075 0.1905758 0.09702615
vt 0.8122095 1.189941
vn 0.8276367 0.2932129 0.4777832
v 0.1405753 0.1707834 0.1403262
vt 0.7574849 1.1247
vn 0.6811523 0.2895508 0.671875
v 0.1305031 0.159117 0.1579415
vt 0.7385342 1.093145
vn 0.4650879 0.605957 0.6445313
v 0.1798953 0.2117765 0.04814171
vt 0.8533505 1.262413
vn 0.9038086 0.3513184 0.2423096
v 0.1779969 0.2328852 0.0002591024
vt 0.8828125 1.335938
vn 0.909668 0.4143066 0.004451752
v 0.1612898 0.2117765 0.09297901
vt 0.793459 1.220973
vn 0.8095703 0.3537598 0.4672852
v 0.171664 0.2327642 0.04625545
vt 0.8306254 1.290825
vn 0.8754883 0.4199219 0.2373047
v 0.1681041 0.2512577 0.0002876357
vt 0.8586522 1.360097
vn 0.8540039 0.5195313 0.009048462
v 0.1316925 0.2117765 0.1314816
vt 0.7287568 1.186819
vn 0.6606445 0.354248 0.6611328
v 0.1539298 0.2327726 0.08913027
vt 0.7740778 1.251714
vn 0.7871094 0.4150391 0.4555664
v 0.161857 0.2509104 0.0439911
vt 0.8094541 1.316867
vn 0.8222656 0.5219727 0.2260742
v 0.1369111 0.1905851 0.136938
vt 0.7434226 1.154038
vn 0.6748047 0.2990723 0.6738281
v 0.1486339 0.2710866 0.03969087
vt 0.7854773 1.348737
vn 0.7636719 0.6103516 0.208252
v 0.1545673 0.2713458 0.0002722043
vt 0.8304338 1.388281
vn 0.7895508 0.612793 0.008827209
v 0.139237 0.2884242 3.544015E-05
vt 0.8029414 1.41386
vn 0.7021484 0.7119141 0.004787445
v 0.09996656 0.1707436 0.1729582
vt 0.6821587 1.092316
vn 0.534668 0.2961426 0.7910156
v 0.1021475 0.1524197 0.1756206
vt 0.6928453 1.063666
vn 0.4250488 0.5805664 0.6938477
v 0.07355068 0.1583531 0.1919137
vt 0.6373981 1.054456
vn 0.333252 0.6499023 0.6821289
v 0.09698521 0.1905763 0.1680442
vt 0.6713742 1.1246
vn 0.5483398 0.3029785 0.7792969
v 0.06572417 0.1708056 0.1880557
vt 0.6202404 1.072597
vn 0.340332 0.3425293 0.8754883
v 0.0786576 0.1823815 0.1789786
vt 0.6401238 1.100607
vn 0.3825684 0.2744141 0.8818359
v 0.05174428 0.1708309 0.1921267
vt 0.5953832 1.06227
vn 0.2304688 0.3537598 0.90625
v 0.03504334 0.158102 0.2032693
vt 0.5689144 1.023571
vn 0.09350586 0.6445313 0.7587891
v 0.05994251 0.1819258 0.1865408
vt 0.6063232 1.08903
vn 0.3232422 0.2739258 0.9052734
v 0.02451163 0.170773 0.1983355
vt 0.5460228 1.047793
vn 0.09613037 0.3334961 0.9375
v -2.620477E-17 0.1514374 0.206809
vt 0.5 1.010369
vn 0 0.5917969 0.8056641
v 0.04759903 0.184966 0.1891633
vt 0.5843482 1.083499
vn 0.2039795 0.2900391 0.9345703
v 0.05692936 0.1937125 0.1840098
vt 0.5985644 1.109754
vn 0.3217773 0.2724609 0.90625
v 0.07717941 0.1922845 0.1765527
vt 0.6354536 1.116942
vn 0.3811035 0.2741699 0.8828125
v 0.05406179 0.1946888 0.1843605
vt 0.5935035 1.109071
vn 0.2419434 0.2866211 0.9267578
v 0.04829791 0.1978807 0.1845625
vt 0.5829599 1.108991
vn 0.2180176 0.3215332 0.9213867
v 0.07373851 0.2013856 0.1752302
vt 0.6275634 1.130805
vn 0.3959961 0.3181152 0.8608398
v 0.03949854 0.2019744 0.1852437
vt 0.5669959 1.098381
vn 0.1811523 0.3303223 0.9257813
vt 0.5780998 1.109159
vn 0.3937988 0.7138672 0.5786133
vt 0.5639193 1.101661
vn 0.3046875 0.6210938 0.7216797
v 0.02446959 0.1901571 0.1918577
vt 0.5426929 1.073393
vn 0.1269531 0.300293 0.9448242
v 0.02956784 0.2066423 0.1852134
vt 0.5491524 1.096124
vn 0.1759033 0.3530273 0.918457
vt 0.5464128 1.101771
vn 0.2895508 0.5976563 0.7470703
v 0.01924637 0.2122917 0.1847439
vt 0.5315218 1.099411
vn 0.130249 0.3464355 0.9287109
vt 0.5304602 1.105175
vn 0.2976074 0.6123047 0.7319336
v 1.206333E-19 0.1707283 0.1997909
vt 0.5 1.050017
vn 0 0.326416 0.9448242
v 0.009630913 0.2176265 0.1842965
vt 0.5154629 1.102383
vn 0.1337891 0.3508301 0.9267578
vt 0.5152544 1.10842
vn 0.3078613 0.6464844 0.6977539
v 6.930966E-20 0.1968386 0.1922836
vt 0.5 1.082849
vn 0 0.3056641 0.9516602
v 1.999202E-20 0.2227544 0.183834
vt 0.5 1.103078
vn 0 0.4194336 0.9072266
vt 0.5 1.109369
vn 0 0.6948242 0.71875
vt 0.4847456 1.10842
vn -0.3078613 0.6464844 0.6977539
v -0.009630913 0.2176265 0.1842965
vt 0.4845371 1.102383
vn -0.1337891 0.3508301 0.9267578
vt 0.4695398 1.105175
vn -0.2976074 0.6123047 0.7319336
v -0.01924638 0.2122917 0.1847439
vt 0.4684782 1.099411
vn -0.130249 0.3464355 0.9287109
vt 0.4535872 1.101771
vn -0.2895508 0.5976563 0.7470703
v -0.02446959 0.1901571 0.1918577
vt 0.4573071 1.073393
vn -0.1269531 0.300293 0.9448242
v -0.02956784 0.2066423 0.1852134
vt 0.4508476 1.096124
vn -0.1759033 0.3530273 0.918457
vt 0.4360807 1.101661
vn -0.3046875 0.6210938 0.7216797
v -0.03949854 0.2019744 0.1852437
vt 0.4330041 1.098381
vn -0.1811523 0.3303223 0.9257813
vt 0.4219002 1.109159
vn -0.3937988 0.7138672 0.5786133
v -0.04829791 0.1978807 0.1845625
vt 0.4170401 1.108991
vn -0.2180176 0.3215332 0.9213867
v -0.04759903 0.184966 0.1891633
vt 0.4156518 1.083499
vn -0.2039795 0.2900391 0.9345703
v -0.05406179 0.1946888 0.1843605
vt 0.4064965 1.109071
vn -0.2419434 0.2866211 0.9267578
v -0.02451163 0.170773 0.1983355
vt 0.4539772 1.047793
vn -0.09613037 0.3334961 0.9375
v -0.03504334 0.158102 0.2032693
vt 0.4310856 1.023571
vn -0.09350586 0.6445313 0.7587891
v -0.05692936 0.1937125 0.1840098
vt 0.4014356 1.109754
vn -0.3217773 0.2724609 0.90625
v -0.05174428 0.1708309 0.1921267
vt 0.4046168 1.06227
vn -0.2304688 0.3537598 0.90625
v -0.07355068 0.1583531 0.1919137
vt 0.3626019 1.054456
vn -0.333252 0.6499023 0.6821289
v -0.05994251 0.1819258 0.1865408
vt 0.3936768 1.08903
vn -0.3232422 0.2739258 0.9052734
v -0.06572417 0.1708056 0.1880557
vt 0.3797596 1.072597
vn -0.340332 0.3425293 0.8754883
v -0.09996656 0.1707436 0.1729582
vt 0.3178413 1.092316
vn -0.534668 0.2961426 0.7910156
v -0.1021475 0.1524197 0.1756206
vt 0.3071547 1.063666
vn -0.4250488 0.5805664 0.6938477
v -0.0786576 0.1823815 0.1789786
vt 0.3598762 1.100607
vn -0.3825684 0.2744141 0.8818359
v -0.1305031 0.159117 0.1579415
vt 0.2614658 1.093145
vn -0.4650879 0.605957 0.6445313
v -0.07717941 0.1922845 0.1765527
vt 0.3645464 1.116942
vn -0.3811035 0.2741699 0.8828125
v -0.1405753 0.1707834 0.1403262
vt 0.2425151 1.1247
vn -0.6811523 0.2895508 0.671875
v -0.1586323 0.1584383 0.1286816
vt 0.2038523 1.119355
vn -0.6728516 0.5898438 0.4458008
v -0.09698521 0.1905763 0.1680442
vt 0.3286258 1.1246
vn -0.5483398 0.3029785 0.7792969
v -0.1369111 0.1905851 0.136938
vt 0.2565774 1.154038
vn -0.6748047 0.2990723 0.6738281
v -0.1724916 0.1705716 0.09952784
vt 0.170556 1.161941
vn -0.8266602 0.2949219 0.4782715
v -0.1754471 0.1515613 0.1007615
vt 0.154156 1.135863
vn -0.7124023 0.565918 0.4138184
v -0.191923 0.1582117 0.07244071
vt 0.1152418 1.171266
vn -0.715332 0.6025391 0.3520508
v -0.1680075 0.1905758 0.09702615
vt 0.1877905 1.189941
vn -0.8276367 0.2932129 0.4777832
v -0.1916856 0.1708613 0.05138469
vt 0.1038199 1.208278
vn -0.9199219 0.3017578 0.2490234
v -0.2032465 0.1582117 0.03345786
vt 0.06449151 1.209951
vn -0.7910156 0.6074219 0.06414795
v -0.1993107 0.1706066 2.67827E-05
vt 0.04296875 1.261719
vn -0.9458008 0.3239746 6.759167E-05
v -0.2035593 0.1516859 2.67827E-05
vt 0.0234375 1.242188
vn -0.8139648 0.5800781 -0.001155853
v -0.1939909 0.1905758 1.294773E-05
vt 0.06640625 1.285156
vn -0.9560547 0.2927246 0
v -0.1869227 0.1905876 0.05011275
vt 0.124218 1.234023
vn -0.9233398 0.291748 0.2480469
v -0.1862413 0.2117765 2.535271E-05
vt 0.09258056 1.311131
vn -0.9365234 0.3498535 0.0003106594
v -0.1798953 0.2117765 0.04814171
vt 0.1466495 1.262413
vn -0.9038086 0.3513184 0.2423096
v -0.1779969 0.2328852 0.0002591024
vt 0.1171875 1.335938
vn -0.909668 0.4143066 0.004451752
v -0.1612898 0.2117765 0.09297901
vt 0.206541 1.220973
vn -0.8095703 0.3537598 0.4672852
v -0.171664 0.2327642 0.04625545
vt 0.1693746 1.290825
vn -0.8754883 0.4199219 0.2373047
v -0.1681041 0.2512577 0.0002876357
vt 0.1413478 1.360097
vn -0.8540039 0.5195313 0.009048462
v -0.1316925 0.2117765 0.1314816
vt 0.2712432 1.186819
vn -0.6606445 0.354248 0.6611328
v -0.1539298 0.2327726 0.08913027
vt 0.2259222 1.251714
vn -0.7871094 0.4150391 0.4555664
v -0.161857 0.2509104 0.0439911
vt 0.1905459 1.316867
vn -0.8222656 0.5219727 0.2260742
v -0.1486339 0.2710866 0.03969087
vt 0.2145227 1.348737
vn -0.7636719 0.6103516 0.208252
v -0.1545673 0.2713458 0.0002722043
vt 0.1695662 1.388281
vn -0.7895508 0.612793 0.008827209
v -0.139237 0.2884242 3.544015E-05
vt 0.1970586 1.41386
vn -0.7021484 0.7119141 0.004787445
v -0.1452252 0.251387 0.08376181
vt 0.2434434 1.281314
vn -0.746582 0.515625 0.4199219
v -0.1339191 0.2878757 0.03587114
vt 0.2380767 1.377295
vn -0.6816406 0.7070313 0.1872559
v -0.1208066 0.3044685 -5.939915E-05
vt 0.2265626 1.441406
vn -0.605957 0.7949219 0.001671791
v -0.1336343 0.2710866 0.0770255
vt 0.2636162 1.314336
vn -0.6943359 0.6103516 0.3806152
v -0.1203682 0.2881333 0.06948718
vt 0.2834475 1.346106
vn -0.6245117 0.7045898 0.3364258
v -0.1155962 0.3044885 0.03099869
vt 0.2643624 1.409344
vn -0.5922852 0.7895508 0.1590576
v -0.09880288 0.3186189 -0.0001607135
vt 0.2559932 1.470744
vn -0.5063477 0.8618164 -0.001636505
v -0.1045158 0.3044925 0.06047511
vt 0.3047882 1.380439
vn -0.5429688 0.7880859 0.2880859
v -0.09485111 0.31853 0.02554838
vt 0.290352 1.442249
vn -0.4938965 0.8598633 0.1274414
v -0.07686838 0.3298229 -0.0008541831
vt 0.2851563 1.5
vn -0.4448242 0.8955078 -0.001974106
v -0.0727475 0.3300867 0.01976399
vt 0.3161503 1.474914
vn -0.4350586 0.8935547 0.1067505
v -0.06674566 0.3299889 0.03805117
vt 0.3472139 1.453952
vn -0.3825684 0.8984375 0.2145996
v -0.08635725 0.3184379 0.05020339
vt 0.3265402 1.416048
vn -0.4450684 0.862793 0.2387695
v -0.06849859 0.3191 0.07157069
vt 0.3706464 1.396755
vn -0.3657227 0.8691406 0.331543
v -0.05150018 0.3307617 0.0557072
vt 0.3894588 1.435345
vn -0.3190918 0.9013672 0.291748
v -0.08494233 0.305839 0.0861342
vt 0.3513806 1.358841
vn -0.451416 0.7963867 0.4020996
v -0.0506583 0.3199376 0.08519498
vt 0.4077997 1.384634
vn -0.248291 0.8764648 0.411377
v -0.03963958 0.3310089 0.06448168
vt 0.4173893 1.425681
vn -0.2143555 0.9052734 0.3654785
v -0.0192976 0.3309608 0.07324988
vt 0.460708 1.417373
vn -0.1289063 0.9038086 0.4074707
v -0.06111253 0.3066002 0.104817
vt 0.3972842 1.343391
vn -0.3103027 0.8125 0.4926758
v -0.02604485 0.3199828 0.09548845
vt 0.453821 1.375578
vn -0.1335449 0.878418 0.4580078
v -1.147443E-17 0.3309337 0.07695036
vt 0.5 1.41355
vn 0 0.9013672 0.432373
v -0.070743 0.2906857 0.1221381
vt 0.3856947 1.303387
vn -0.3781738 0.7285156 0.5708008
v -0.03169477 0.3068316 0.1169328
vt 0.4478956 1.333465
vn -0.1595459 0.824707 0.5419922
v -1.080387E-17 0.3201291 0.0992185
vt 0.5 1.372303
vn 0 0.8789063 0.4760742
v -0.09877717 0.2890241 0.0987854
vt 0.3330507 1.321563
vn -0.5288086 0.7070313 0.46875
v -0.1098172 0.2717939 0.1094848
vt 0.3169299 1.28735
vn -0.5952148 0.6132813 0.5185547
v -0.07829855 0.2736859 0.1357618
vt 0.374495 1.26738
vn -0.4274902 0.6567383 0.6206055
v -0.03666436 0.2915442 0.1367043
vt 0.4420525 1.292185
vn -0.1938477 0.7514648 0.6298828
v -0.1191243 0.2522601 0.1190146
vt 0.3008513 1.252094
vn -0.6411133 0.4851074 0.59375
v -0.08302997 0.2595713 0.144118
vt 0.3660014 1.240501
vn -0.5253906 0.5522461 0.6464844
v -0.1254976 0.2326666 0.1257612
vt 0.2865896 1.219771
vn -0.6533203 0.3930664 0.6464844
v -0.0848569 0.253296 0.1474366
vt 0.3623613 1.228981
vn -0.5415039 0.4394531 0.7158203
v -0.06353958 0.2583201 0.1571504
vt 0.3989797 1.226674
vn -0.3693848 0.5917969 0.7158203
v -0.09275273 0.2117722 0.1612672
vt 0.3400291 1.15979
vn -0.5332031 0.3493652 0.7700195
v -0.08834836 0.2332076 0.1545324
vt 0.3508159 1.195626
vn -0.5336914 0.3676758 0.7607422
v -0.07373851 0.2013856 0.1752302
vt 0.3724366 1.130805
vn -0.3959961 0.3181152 0.8608398
v -0.07118746 0.2124703 0.1724583
vt 0.3788824 1.148924
vn -0.4042969 0.3376465 0.8496094
v -0.05396887 0.1971891 0.1840508
vt 0.4071263 1.115805
vn -0.3098145 0.2946777 0.9038086
vt 0.4064965 1.111809
vn -0.1326904 0.1265869 0.9829102
vt 0.4168578 1.11489
vn -0.06787109 0.1402588 0.9873047
v -0.04839459 0.2120293 0.1807033
vt 0.4174769 1.140506
vn -0.2507324 0.3056641 0.9179688
v -0.0431759 0.2033867 0.1841165
vt 0.4256216 1.125269
vn -0.1329346 0.2453613 0.9599609
vt 0.4208787 1.116496
vn -0.05905151 0.1313477 0.9892578
vt 0.4346967 1.120865
vn 0.01789856 0.02391052 0.9995117
v -0.02881579 0.2116326 0.183749
vt 0.4504023 1.135328
vn -0.09680176 0.2120361 0.972168
vt 0.4511788 1.127885
vn 0.03656006 0.005420685 0.9990234
vt 0.4673637 1.135579
vn 0.0770874 -0.04421997 0.9956055
v -0.03345289 0.2192313 0.1811432
vt 0.4430503 1.149255
vn -0.1407471 0.2670898 0.953125
v -0.01920898 0.2170477 0.1832934
vt 0.4669957 1.14315
vn -0.05734253 0.1773682 0.9824219
vt 0.4837629 1.143361
vn 0.1020508 -0.09301758 0.9902344
v -0.02284573 0.2240364 0.1811901
vt 0.4613017 1.154674
vn -0.107666 0.2709961 0.9560547
v -0.009604488 0.2224709 0.1828992
vt 0.4835927 1.151279
vn -0.04055786 0.1713867 0.9838867
vt 0.5 1.151134
vn 0 -0.1263428 0.9916992
v -0.03037319 0.2261206 0.1796347
vt 0.4490213 1.159834
vn -0.1298828 0.2897949 0.9477539
v 5.355908E-31 0.2278942 0.182505
vt 0.5 1.158959
vn 0 0.2330322 0.972168
v -0.01215668 0.2287208 0.1809693
vt 0.4797127 1.16161
vn -0.1017456 0.3110352 0.9448242
v -0.03478988 0.2243649 0.1794985
vt 0.4413663 1.157954
vn -0.1623535 0.2854004 0.9443359
v 0.009604488 0.2224709 0.1828992
vt 0.5164073 1.151279
vn 0.04055786 0.1713867 0.9838867
vt 0.5162371 1.143361
vn -0.1020508 -0.09301758 0.9902344
v -0.03903856 0.2259578 0.1780774
vt 0.4343126 1.161536
vn -0.2087402 0.3134766 0.9262695
v 0.01920898 0.2170477 0.1832934
vt 0.5330043 1.14315
vn 0.05734253 0.1773682 0.9824219
vt 0.5326363 1.135579
vn -0.0770874 -0.04421997 0.9956055
v -0.03467677 0.2266451 0.1786308
vt 0.4420546 1.165263
vn -0.1650391 0.4643555 0.8701172
v 0.02881579 0.2116326 0.183749
vt 0.5495977 1.135328
vn 0.09680176 0.2120361 0.972168
vt 0.5488212 1.127885
vn -0.03656006 0.005420685 0.9990234
vt 0.5653033 1.120865
vn -0.01789856 0.02391052 0.9995117
v 0.02284573 0.2240364 0.1811901
vt 0.5386983 1.154674
vn 0.107666 0.2709961 0.9560547
v 0.0431759 0.2033867 0.1841165
vt 0.5743784 1.125269
vn 0.1329346 0.2453613 0.9599609
vt 0.5791213 1.116496
vn 0.05905151 0.1313477 0.9892578
vt 0.5831422 1.11489
vn 0.06787109 0.1402588 0.9873047
v 0.03345289 0.2192313 0.1811432
vt 0.5569497 1.149255
vn 0.1407471 0.2670898 0.953125
v 0.05396887 0.1971891 0.1840508
vt 0.5928737 1.115805
vn 0.3098145 0.2946777 0.9038086
vt 0.5935035 1.111809
vn 0.1326904 0.1265869 0.9829102
v 0.04839459 0.2120293 0.1807033
vt 0.5825231 1.140506
vn 0.2507324 0.3056641 0.9179688
v 0.07118746 0.2124703 0.1724583
vt 0.6211176 1.148924
vn 0.4042969 0.3376465 0.8496094
v 0.03478988 0.2243649 0.1794985
vt 0.5586337 1.157954
vn 0.1623535 0.2854004 0.9443359
v 0.09275273 0.2117722 0.1612672
vt 0.6599709 1.15979
vn 0.5332031 0.3493652 0.7700195
v 0.03037319 0.2261206 0.1796347
vt 0.5509787 1.159834
vn 0.1298828 0.2897949 0.9477539
v 0.1254976 0.2326666 0.1257612
vt 0.7134104 1.219771
vn 0.6533203 0.3930664 0.6464844
v 0.08834836 0.2332076 0.1545324
vt 0.6491841 1.195626
vn 0.5336914 0.3676758 0.7607422
v 0.1191243 0.2522601 0.1190146
vt 0.6991487 1.252094
vn 0.6411133 0.4851074 0.59375
v 0.067635 0.2341408 0.1654056
vt 0.6128417 1.185335
vn 0.4125977 0.3481445 0.8413086
v 0.0848569 0.253296 0.1474366
vt 0.6376387 1.228981
vn 0.5415039 0.4394531 0.7158203
v 0.04708501 0.2261382 0.1758637
vt 0.5795118 1.164002
vn 0.296875 0.3371582 0.8930664
v 0.1452252 0.251387 0.08376181
vt 0.7565566 1.281314
vn 0.746582 0.515625 0.4199219
v 0.1336343 0.2710866 0.0770255
vt 0.7363838 1.314336
vn 0.6943359 0.6103516 0.3806152
v 0.03903856 0.2259578 0.1780774
vt 0.5656874 1.161536
vn 0.2087402 0.3134766 0.9262695
v 0.1203682 0.2881333 0.06948718
vt 0.7165525 1.346106
vn 0.6245117 0.7045898 0.3364258
v 0.03467677 0.2266451 0.1786308
vt 0.5579454 1.165263
vn 0.1650391 0.4643555 0.8701172
v 0.1098172 0.2717939 0.1094848
vt 0.6830701 1.28735
vn 0.5952148 0.6132813 0.5185547
v 0.08302997 0.2595713 0.144118
vt 0.6339986 1.240501
vn 0.5253906 0.5522461 0.6464844
v 0.09877717 0.2890241 0.0987854
vt 0.6669493 1.321563
vn 0.5288086 0.7070313 0.46875
v 0.07829855 0.2736859 0.1357618
vt 0.625505 1.26738
vn 0.4274902 0.6567383 0.6206055
v 0.06353958 0.2583201 0.1571504
vt 0.6010203 1.226674
vn 0.3693848 0.5917969 0.7158203
v 0.1339191 0.2878757 0.03587114
vt 0.7619233 1.377295
vn 0.6816406 0.7070313 0.1872559
v 0.1208066 0.3044685 -5.939915E-05
vt 0.7734374 1.441406
vn 0.605957 0.7949219 0.001671791
v 0.1045158 0.3044925 0.06047511
vt 0.6952118 1.380439
vn 0.5429688 0.7880859 0.2880859
v 0.1155962 0.3044885 0.03099869
vt 0.7356376 1.409344
vn 0.5922852 0.7895508 0.1590576
v 0.09880288 0.3186189 -0.0001607135
vt 0.7440068 1.470744
vn 0.5063477 0.8618164 -0.001636505
v 0.08494233 0.305839 0.0861342
vt 0.6486194 1.358841
vn 0.451416 0.7963867 0.4020996
v 0.09485111 0.31853 0.02554838
vt 0.709648 1.442249
vn 0.4938965 0.8598633 0.1274414
v 0.07686838 0.3298229 -0.0008541831
vt 0.7148438 1.5
vn 0.4448242 0.8955078 -0.001974106
v 0.0727475 0.3300867 0.01976399
vt 0.6838497 1.474914
vn 0.4350586 0.8935547 0.1067505
v 0.06674566 0.3299889 0.03805117
vt 0.6527861 1.453952
vn 0.3825684 0.8984375 0.2145996
v 0.08635725 0.3184379 0.05020339
vt 0.6734598 1.416048
vn 0.4450684 0.862793 0.2387695
v 0.06849859 0.3191 0.07157069
vt 0.6293536 1.396755
vn 0.3657227 0.8691406 0.331543
v 0.05150018 0.3307617 0.0557072
vt 0.6105412 1.435345
vn 0.3190918 0.9013672 0.291748
v 0.070743 0.2906857 0.1221381
vt 0.6143053 1.303387
vn 0.3781738 0.7285156 0.5708008
v 0.06111253 0.3066002 0.104817
vt 0.6027158 1.343391
vn 0.3103027 0.8125 0.4926758
v 0.0506583 0.3199376 0.08519498
vt 0.5922003 1.384634
vn 0.248291 0.8764648 0.411377
v 0.03963958 0.3310089 0.06448168
vt 0.5826107 1.425681
vn 0.2143555 0.9052734 0.3654785
v 0.0192976 0.3309608 0.07324988
vt 0.539292 1.417373
vn 0.1289063 0.9038086 0.4074707
v 0.02604485 0.3199828 0.09548845
vt 0.546179 1.375578
vn 0.1335449 0.878418 0.4580078
v 0.03169477 0.3068316 0.1169328
vt 0.5521044 1.333465
vn 0.1595459 0.824707 0.5419922
v -6.640878E-19 0.3068096 0.1221248
vt 0.4999999 1.328402
vn 0 0.8286133 0.559082
v 0.03666436 0.2915442 0.1367043
vt 0.5579475 1.292185
vn 0.1938477 0.7514648 0.6298828
v 0.04066828 0.2750818 0.1537268
vt 0.5634763 1.253771
vn 0.2163086 0.6860352 0.6938477
v -9.406722E-19 0.2912794 0.1429844
vt 0.4999999 1.285806
vn 0 0.7583008 0.6513672
v -0.04066828 0.2750818 0.1537268
vt 0.4365237 1.253771
vn -0.2163086 0.6860352 0.6938477
v -1.028039E-18 0.275266 0.1590056
vt 0.4999996 1.249133
vn 0 0.6977539 0.7158203
v 0.04353021 0.2584606 0.1653013
vt 0.5683705 1.218791
vn 0.2519531 0.5546875 0.7924805
v 0.0220321 0.2586111 0.1703061
vt 0.5343396 1.214487
vn 0.1182251 0.5927734 0.7963867
v 0.06435972 0.2555772 0.1590113
vt 0.6024013 1.221216
vn 0.4123535 0.4069824 0.8144531
v 0.04382147 0.2557551 0.166571
vt 0.5691539 1.213642
vn 0.2685547 0.190918 0.9438477
v 0.06448486 0.2533345 0.1591643
vt 0.6034697 1.217676
vn 0.4172363 0.3220215 0.8496094
v 0.04448377 0.2533608 0.1661834
vt 0.5710489 1.209763
vn 0.2922363 0.1503906 0.9443359
v 0.04540415 0.2437453 0.1696061
vt 0.5750613 1.193392
vn 0.2956543 0.3452148 0.890625
v 0.0463857 0.2342111 0.1730115
vt 0.577233 1.177527
vn 0.3010254 0.3452148 0.8886719
v 0.04093077 0.2298917 0.1761772
vt 0.5685375 1.168625
vn 0.237915 0.3400879 0.909668
v 0.04104527 0.2380619 0.1729444
vt 0.5679038 1.182708
vn 0.2207031 0.3544922 0.9082031
v 0.03743337 0.2277086 0.177697
vt 0.562608 1.16708
vn 0.07720947 0.4404297 0.894043
v 0.04114287 0.2340519 0.1745023
vt 0.568496 1.175827
vn 0.2299805 0.3505859 0.9077148
v 0.03865031 0.2307122 0.1762887
vt 0.5646014 1.17043
vn -0.006839752 0.3977051 0.9169922
v 0.0343482 0.2288911 0.1765677
vt 0.5574519 1.169462
vn 0.1126709 0.8286133 0.5478516
v 0.03569586 0.2294851 0.1760821
vt 0.5596677 1.170311
vn -0.3852539 0.6513672 0.6533203
v 0.03629558 0.2317838 0.1750664
vt 0.5606059 1.172639
vn -0.6591797 0.3679199 0.6547852
v 0.03180815 0.2278142 0.1787079
vt 0.5529686 1.165892
vn 0.2548828 0.4372559 0.8623047
v 0.03874006 0.2342752 0.1748714
vt 0.5647568 1.174149
vn -0.0435791 0.3654785 0.9296875
v 0.03632931 0.2345575 0.1739698
vt 0.5606921 1.174869
vn -0.7128906 0.2536621 0.6533203
v 0.03293834 0.2295369 0.1765776
vt 0.5550765 1.169851
vn 0.6147461 0.6337891 0.4689941
v 0.03865838 0.2381092 0.1733798
vt 0.5644655 1.178499
vn -0.04760742 0.3557129 0.9331055
v 0.0362564 0.2377404 0.1727324
vt 0.5607054 1.176968
vn -0.7241211 0.2154541 0.6542969
v 0.03600981 0.2409265 0.1715262
vt 0.5605601 1.177441
vn -0.7211914 0.1824951 0.6679688
v 0.03835518 0.2419474 0.1719279
vt 0.5639882 1.181025
vn -0.04263306 0.3461914 0.9370117
v 0.03569746 0.2437067 0.1704918
vt 0.5602612 1.177945
vn -0.6694336 0.09692383 0.7363281
v 0.04074035 0.2420758 0.1714238
vt 0.5670081 1.189417
vn 0.2166748 0.3532715 0.909668
v 0.03790745 0.2455205 0.1706072
vt 0.5634562 1.182257
vn -0.002822876 0.3173828 0.9477539
v 0.03486576 0.2460323 0.1697334
vt 0.5591274 1.177976
vn -0.3757324 -0.1013794 0.9208984
v 0.04011005 0.2462519 0.1699002
vt 0.5654375 1.196374
vn 0.2039795 0.3547363 0.9121094
v 0.03638656 0.2485756 0.1696909
vt 0.5611157 1.182798
vn 0.08538818 0.2775879 0.956543
v 0.03345589 0.2466782 0.1697433
vt 0.5568451 1.177859
vn 0.1641846 -0.2700195 0.9482422
v 0.0378192 0.2502643 0.1687517
vt 0.5609789 1.202765
vn 0.1777344 0.3679199 0.9125977
v 0.03351795 0.2497448 0.1697681
vt 0.5563675 1.182456
vn 0.1756592 0.251709 0.9516602
v 0.03340253 0.25202 0.168888
vt 0.5534765 1.204815
vn 0.1622314 0.425293 0.8901367
v 0.03076134 0.2486812 0.1707018
vt 0.5516233 1.181503
vn 0.2629395 0.2744141 0.9248047
v 0.03210823 0.2460841 0.1702289
vt 0.5545469 1.177481
vn 0.6713867 -0.1245728 0.7299805
v 0.02915384 0.2504271 0.170309
vt 0.5466837 1.201066
vn 0.1542969 0.3796387 0.9116211
v 0.02231879 0.2532623 0.1702189
vt 0.5356161 1.204648
vn 0.1206665 0.05993652 0.9907227
v 0.02726162 0.2464933 0.1722093
vt 0.5438361 1.193836
vn 0.1424561 0.3666992 0.9189453
v 0.0295444 0.2456776 0.1721101
vt 0.5492945 1.180234
vn 0.3442383 0.3110352 0.8857422
v 0.03150852 0.2437855 0.1712447
vt 0.5532822 1.177131
vn 0.8911133 0.06359863 0.4482422
v 0.02704953 0.242333 0.1738842
vt 0.5437877 1.186696
vn 0.1411133 0.3618164 0.9213867
v 0.02945466 0.2421146 0.1735274
vt 0.5488223 1.178857
vn 0.3786621 0.3383789 0.8613281
v 0.03147478 0.2410117 0.1723412
vt 0.5529384 1.176548
vn 0.9189453 0.1483154 0.364502
v 0.02253339 0.2429698 0.1743058
vt 0.5360813 1.186713
vn 0.09881592 0.3693848 0.9238281
v 0.02953635 0.2382806 0.1750191
vt 0.5486851 1.176475
vn 0.3823242 0.3474121 0.855957
v 0.03154769 0.2378288 0.1735786
vt 0.5527459 1.175853
vn 0.9179688 0.1816406 0.3515625
v 0.03179429 0.2346427 0.1747848
vt 0.5530385 1.173965
vn 0.9091797 0.2198486 0.3530273
v 0.02714712 0.238323 0.175442
vt 0.5442538 1.179943
vn 0.1416016 0.3581543 0.9223633
v 0.02983954 0.2344425 0.176471
vt 0.5491599 1.172553
vn 0.3776855 0.357666 0.8540039
v 0.03210663 0.2318625 0.1758191
vt 0.5535626 1.171935
vn 0.8642578 0.3371582 0.3723145
v 0.02745205 0.2343091 0.1769627
vt 0.5450628 1.173147
vn 0.1268311 0.3464355 0.9291992
v 0.03028728 0.2308693 0.1777917
vt 0.5501463 1.168686
vn 0.3400879 0.3911133 0.8549805
v 0.02808235 0.230133 0.1784862
vt 0.5466292 1.166112
vn 0.1186523 0.3398438 0.9326172
v 0.02272736 0.2342703 0.177613
vt 0.5371785 1.172252
vn 0.109314 0.3486328 0.9306641
v 0.01215668 0.2287208 0.1809693
vt 0.5202873 1.16161
vn 0.1017456 0.3110352 0.9448242
v 3.399761E-21 0.2340348 0.1801994
vt 0.5 1.168693
vn 0 0.3632813 0.9316406
v 6.647098E-20 0.253296 0.1722094
vt 0.4999999 1.20337
vn 0 0.208374 0.9780273
v -0.02272736 0.2342703 0.177613
vt 0.4628215 1.172252
vn -0.109314 0.3486328 0.9306641
v -0.02253339 0.2429698 0.1743058
vt 0.4639187 1.186713
vn -0.09881592 0.3693848 0.9238281
v 0.02204608 0.255875 0.1714089
vt 0.5345185 1.209443
vn 0.1448975 0.03482056 0.9887695
v 3.899866E-10 0.2588685 0.1723039
vt 0.4999999 1.213307
vn 0 0.5698242 0.8212891
v 1.367042E-10 0.2559493 0.1732807
vt 0.4999999 1.208163
vn 0 -0.01420593 0.9995117
v -0.02204607 0.255875 0.1714089
vt 0.4654814 1.209443
vn -0.1448975 0.03482056 0.9887695
v -0.02203209 0.2586111 0.1703061
vt 0.4656602 1.214486
vn -0.1182251 0.5927734 0.7963867
v -0.02231879 0.2532623 0.1702189
vt 0.4643838 1.204648
vn -0.1206665 0.05993652 0.9907227
v -0.04382147 0.2557551 0.166571
vt 0.4308461 1.213642
vn -0.2685547 0.190918 0.9438477
v -0.04353021 0.2584606 0.1653013
vt 0.4316295 1.218791
vn -0.2519531 0.5546875 0.7924805
v -0.06435972 0.2555772 0.1590113
vt 0.3975987 1.221216
vn -0.4123535 0.4069824 0.8144531
v -0.04448377 0.2533608 0.1661834
vt 0.4289511 1.209763
vn -0.2922363 0.1503906 0.9443359
v -0.06448486 0.2533345 0.1591643
vt 0.3965304 1.217676
vn -0.4172363 0.3220215 0.8496094
v -0.067635 0.2341408 0.1654056
vt 0.3871583 1.185335
vn -0.4125977 0.3481445 0.8413086
v -0.04540415 0.2437453 0.1696061
vt 0.4249387 1.193392
vn -0.2956543 0.3452148 0.890625
v -0.04708501 0.2261382 0.1758637
vt 0.4204882 1.164002
vn -0.296875 0.3371582 0.8930664
v -0.0463857 0.2342111 0.1730115
vt 0.422767 1.177527
vn -0.3010254 0.3452148 0.8886719
v -0.04093077 0.2298917 0.1761772
vt 0.4314625 1.168625
vn -0.237915 0.3400879 0.909668
v -0.03743337 0.2277086 0.177697
vt 0.437392 1.16708
vn -0.07720947 0.4404297 0.894043
v -0.04114287 0.2340519 0.1745023
vt 0.431504 1.175827
vn -0.2299805 0.3505859 0.9077148
v -0.0343482 0.2288911 0.1765677
vt 0.4425481 1.169462
vn -0.1127319 0.8286133 0.5478516
v -0.03865031 0.2307122 0.1762887
vt 0.4353986 1.17043
vn 0.006839752 0.3977051 0.9169922
v -0.03569586 0.2294851 0.1760821
vt 0.4403323 1.170311
vn 0.3852539 0.6513672 0.6533203
v -0.03629558 0.2317838 0.1750664
vt 0.4393941 1.172639
vn 0.6591797 0.3679199 0.6547852
v -0.03180815 0.2278142 0.1787079
vt 0.4470314 1.165892
vn -0.2548828 0.4372559 0.8623047
v -0.03293834 0.2295369 0.1765776
vt 0.4449235 1.169851
vn -0.6147461 0.6337891 0.4689941
v -0.03874006 0.2342752 0.1748714
vt 0.4352432 1.174149
vn 0.0435791 0.3654785 0.9296875
v -0.03632931 0.2345575 0.1739698
vt 0.4393079 1.174869
vn 0.7128906 0.2536621 0.6533203
v -0.03028728 0.2308693 0.1777917
vt 0.4498537 1.168686
vn -0.3400879 0.3911133 0.8549805
v -0.03210663 0.2318625 0.1758191
vt 0.4464374 1.171935
vn -0.8642578 0.3371582 0.3723145
v -0.02808235 0.230133 0.1784862
vt 0.4533708 1.166112
vn -0.1186523 0.3398438 0.9326172
v -0.02745205 0.2343091 0.1769627
vt 0.4549372 1.173147
vn -0.1268311 0.3464355 0.9291992
v -0.02983954 0.2344425 0.176471
vt 0.4508401 1.172553
vn -0.3776855 0.357666 0.8540039
v -0.03179429 0.2346427 0.1747848
vt 0.4469615 1.173965
vn -0.9091797 0.2198486 0.3530273
v -0.02714712 0.238323 0.175442
vt 0.4557462 1.179943
vn -0.1416016 0.3581543 0.9223633
v -0.02953635 0.2382806 0.1750191
vt 0.4513149 1.176475
vn -0.3823242 0.3474121 0.855957
v -0.03154769 0.2378288 0.1735786
vt 0.4472541 1.175853
vn -0.9179688 0.1816406 0.3515625
v -0.03147478 0.2410117 0.1723412
vt 0.4470616 1.176548
vn -0.9189453 0.1483154 0.364502
v -0.02945466 0.2421146 0.1735274
vt 0.4511777 1.178857
vn -0.3786621 0.3383789 0.8613281
v -0.03150852 0.2437855 0.1712447
vt 0.4467178 1.177131
vn -0.8911133 0.06359863 0.4482422
v -0.02704953 0.242333 0.1738842
vt 0.4562123 1.186696
vn -0.1411133 0.3618164 0.9213867
v -0.0295444 0.2456776 0.1721101
vt 0.4507055 1.180234
vn -0.3442383 0.3110352 0.8857422
v -0.03210823 0.2460841 0.1702289
vt 0.4454531 1.177481
vn -0.6713867 -0.1245728 0.7299805
v -0.02726162 0.2464933 0.1722093
vt 0.4561639 1.193836
vn -0.1424561 0.3666992 0.9189453
v -0.03076134 0.2486812 0.1707018
vt 0.4483767 1.181503
vn -0.2629395 0.2744141 0.9248047
v -0.03345589 0.2466782 0.1697433
vt 0.4431549 1.177859
vn -0.1641846 -0.2700195 0.9482422
v -0.02915384 0.2504271 0.170309
vt 0.4533163 1.201066
vn -0.1542969 0.3796387 0.9116211
v -0.03340253 0.25202 0.168888
vt 0.4465235 1.204815
vn -0.1622314 0.425293 0.8901367
v -0.03351795 0.2497448 0.1697681
vt 0.4436325 1.182456
vn -0.1756592 0.251709 0.9516602
v -0.0378192 0.2502643 0.1687517
vt 0.4390211 1.202765
vn -0.1777344 0.3679199 0.9125977
v -0.03638656 0.2485756 0.1696909
vt 0.4388843 1.182798
vn -0.08538818 0.2775879 0.956543
v -0.03486576 0.2460323 0.1697334
vt 0.4408726 1.177976
vn 0.3757324 -0.1013794 0.9208984
v -0.04011005 0.2462519 0.1699002
vt 0.4345625 1.196374
vn -0.2039795 0.3547363 0.9121094
v -0.03790745 0.2455205 0.1706072
vt 0.4365438 1.182257
vn 0.002822876 0.3173828 0.9477539
v -0.03569746 0.2437067 0.1704918
vt 0.4397388 1.177945
vn 0.6694336 0.09692383 0.7363281
v -0.04074035 0.2420758 0.1714238
vt 0.4329919 1.189417
vn -0.2166748 0.3532715 0.909668
v -0.03835518 0.2419474 0.1719279
vt 0.4360118 1.181025
vn 0.04263306 0.3461914 0.9370117
v -0.03600981 0.2409265 0.1715262
vt 0.4394399 1.177441
vn 0.7211914 0.1824951 0.6679688
v -0.04104527 0.2380619 0.1729444
vt 0.4320962 1.182708
vn -0.2207031 0.3544922 0.9082031
v -0.03865838 0.2381092 0.1733798
vt 0.4355345 1.178499
vn 0.04760742 0.3557129 0.9331055
v -0.0362564 0.2377404 0.1727324
vt 0.4392946 1.176968
vn 0.7241211 0.2154541 0.6542969
v 0.2032465 0.1582117 -0.0334043
vt 0.9217101 1.812608
vn 0.7875977 0.6118164 -0.06811523
vt 0.9492188 1.757813
vt 0.96875 1.777344
v 0.1916856 0.1708613 -0.05133113
vt 0.8831969 1.813462
vn 0.9204102 0.3012695 -0.2489014
v 0.191923 0.1582117 -0.07238715
vt 0.8702247 1.850966
vn 0.7192383 0.5947266 -0.3581543
vt 0.9257813 1.734375
v 0.1724916 0.1705716 -0.09947427
vt 0.8162338 1.863963
vn 0.8266602 0.2946777 -0.4782715
v 0.1754471 0.1515613 -0.1007079
vt 0.8324075 1.891397
vn 0.7109375 0.5712891 -0.4091797
v 0.1586323 0.1584383 -0.128628
vt 0.7818347 1.908012
vn 0.6611328 0.605957 -0.4416504
v 0.1869343 0.1905873 -0.05010395
vt 0.864374 1.787674
vn 0.9233398 0.291748 -0.2481689
v 0.1405753 0.1707834 -0.1402726
vt 0.7430021 1.902069
vn 0.6757813 0.2873535 -0.6782227
v 0.1305031 0.159117 -0.157888
vt 0.7222409 1.93363
vn 0.449707 0.6196289 -0.6430664
v 0.1680075 0.1905758 -0.09701424
vt 0.8000094 1.835167
vn 0.8276367 0.2929688 -0.4780273
v 0.09928897 0.1704534 -0.1717611
vt 0.6650487 1.930434
vn 0.4736328 0.310791 -0.8237305
v 0.1021475 0.1524197 -0.1755671
vt 0.6738814 1.958985
vn 0.3999023 0.5942383 -0.6972656
v 0.07308219 0.1577027 -0.190946
vt 0.6206281 1.964815
vn 0.3361816 0.6298828 -0.699707
v 0.1368816 0.1905861 -0.1368966
vt 0.7301466 1.871746
vn 0.6728516 0.2912598 -0.6796875
v 0.05167734 0.170779 -0.1918974
vt 0.5839696 1.948086
vn 0.2590332 0.2961426 -0.9189453
v 0.03474908 0.1583907 -0.2017233
vt 0.5567619 1.973982
vn 0.09259033 0.6176758 -0.7802734
v 0.0968807 0.1905993 -0.167477
vt 0.6562715 1.898326
vn 0.4814453 0.2856445 -0.828125
v 0.1316925 0.2117765 -0.131431
vt 0.7166637 1.838114
vn 0.6611328 0.3503418 -0.6630859
v -1.284606E-17 0.1707272 -0.1997389
vt 0.5 1.955116
vn 0 0.3327637 -0.9428711
v -3.266167E-17 0.1514374 -0.2067554
vt 0.5 1.988281
vn 0 0.5810547 -0.8134766
v -0.03474908 0.1583907 -0.2017233
vt 0.4432381 1.973982
vn -0.09259033 0.6176758 -0.7802734
v 0.05012773 0.1906043 -0.1871012
vt 0.5789763 1.915388
vn 0.2568359 0.2824707 -0.9238281
v 0.09312067 0.2117765 -0.1609751
vt 0.6468629 1.863453
vn 0.4707031 0.3503418 -0.8095703
v 0.04838158 0.2120326 -0.1802344
vt 0.5742478 1.879187
vn 0.2521973 0.3525391 -0.9008789
v 6.314399E-20 0.190578 -0.194021
vt 0.5 1.92134
vn 0 0.2819824 -0.9589844
v 1.289238E-19 0.2123355 -0.1874232
vt 0.5 1.884691
vn 0 0.3532715 -0.9350586
v -0.05012773 0.1906043 -0.1871012
vt 0.4210237 1.915388
vn -0.2568359 0.2824707 -0.9238281
v -0.05167734 0.170779 -0.1918974
vt 0.4160304 1.948086
vn -0.2590332 0.2961426 -0.9189453
v -0.07308219 0.1577027 -0.190946
vt 0.3793719 1.964815
vn -0.3361816 0.6298828 -0.699707
v -0.04838158 0.2120326 -0.1802344
vt 0.4257522 1.879187
vn -0.2521973 0.3525391 -0.9008789
v -0.09928897 0.1704534 -0.1717611
vt 0.3349513 1.930434
vn -0.4736328 0.310791 -0.8237305
v -0.1021475 0.1524197 -0.1755671
vt 0.3261186 1.958985
vn -0.3999023 0.5942383 -0.6972656
v -0.0968807 0.1905993 -0.167477
vt 0.3437285 1.898326
vn -0.4814453 0.2856445 -0.828125
v -0.1305031 0.159117 -0.157888
vt 0.2777591 1.93363
vn -0.449707 0.6196289 -0.6430664
v 2.846134E-19 0.2330721 -0.178158
vt 0.5 1.84798
vn 0 0.4240723 -0.9052734
v -0.1405753 0.1707834 -0.1402726
vt 0.2569979 1.902069
vn -0.6757813 0.2873535 -0.6782227
v -0.1586323 0.1584383 -0.128628
vt 0.2181653 1.908012
vn -0.6611328 0.605957 -0.4416504
v 0.04597495 0.232732 -0.1713324
vt 0.5693601 1.84282
vn 0.2424316 0.4145508 -0.8769531
v -0.1724916 0.1705716 -0.09947427
vt 0.1837662 1.863963
vn -0.8266602 0.2946777 -0.4782715
v -0.1754471 0.1515613 -0.1007079
vt 0.1675925 1.891397
vn -0.7109375 0.5712891 -0.4091797
v -0.191923 0.1582117 -0.07238715
vt 0.1297753 1.850966
vn -0.7192383 0.5947266 -0.3581543
v -0.1368816 0.1905861 -0.1368966
vt 0.2698534 1.871746
vn -0.6728516 0.2912598 -0.6796875
v -0.1680075 0.1905758 -0.09701424
vt 0.1999906 1.835167
vn -0.8276367 0.2929688 -0.4780273
v -0.1916856 0.1708613 -0.05133113
vt 0.1168031 1.813462
vn -0.9204102 0.3012695 -0.2489014
v -0.2032465 0.1582117 -0.0334043
vt 0.07828993 1.812608
vn -0.7875977 0.6118164 -0.0680542
vt 0.05078125 1.757813
vt 0.03125 1.777344
vt 0.07421875 1.734375
v -0.1869343 0.1905873 -0.05010395
vt 0.135626 1.787674
vn -0.9233398 0.291748 -0.2481689
v -0.1798953 0.2117765 -0.048091
vt 0.1564291 1.759185
vn -0.9047852 0.3496094 -0.2425537
vt 0.1004933 1.708267
v -0.1612897 0.2117765 -0.09292828
vt 0.2174612 1.803396
vn -0.8105469 0.3515625 -0.4680176
v -0.1316925 0.2117765 -0.131431
vt 0.2833363 1.838114
vn -0.6611328 0.3503418 -0.6630859
v -0.1541499 0.2328852 -0.08873934
vt 0.2352449 1.771758
vn -0.793457 0.3994141 -0.458252
v -0.09312067 0.2117765 -0.1609751
vt 0.3531371 1.863453
vn -0.4707031 0.3503418 -0.8095703
v -0.1258628 0.2328852 -0.1256037
vt 0.2971414 1.804513
vn -0.6479492 0.3981934 -0.6484375
v -0.04597495 0.232732 -0.1713324
vt 0.4306399 1.84282
vn -0.2424316 0.4145508 -0.8769531
v -0.08899847 0.2328852 -0.1538907
vt 0.3626891 1.828139
vn -0.4575195 0.4020996 -0.7924805
v 5.586689E-19 0.2517292 -0.1684768
vt 0.5 1.813904
vn 0 0.4916992 -0.8706055
v -0.0437335 0.2517318 -0.1627134
vt 0.4350594 1.809022
vn -0.2287598 0.4914551 -0.8398438
v -0.08448296 0.2517424 -0.1458154
vt 0.3712502 1.795366
vn -0.434082 0.4951172 -0.7524414
v -0.1194707 0.2517498 -0.1189435
vt 0.3097699 1.773102
vn -0.6132813 0.4992676 -0.6113281
v -0.07785996 0.2710866 -0.1349726
vt 0.3813882 1.759334
vn -0.3967285 0.612793 -0.6831055
v -0.110381 0.2707443 -0.1098119
vt 0.3239022 1.738822
vn -0.559082 0.6162109 -0.5541992
v -0.1463184 0.251752 -0.08392811
vt 0.2515653 1.742349
vn -0.7490234 0.5063477 -0.4262695
v -0.0402241 0.2710866 -0.1502071
vt 0.4402314 1.771359
vn -0.2102051 0.605957 -0.7666016
v -0.1343866 0.2710866 -0.07772376
vt 0.2712371 1.710141
vn -0.6826172 0.6186523 -0.3886719
v -0.1719318 0.2328852 -0.0458099
vt 0.1779013 1.730345
vn -0.8837891 0.4047852 -0.2344971
vt 0.125 1.683594
vt 0.149237 1.657753
v -0.1628588 0.2515424 -0.04345669
vt 0.1982405 1.703801
vn -0.8295898 0.5141602 -0.215332
vt 0.1774789 1.6308
v -0.1491903 0.2710866 -0.04010696
vt 0.2223266 1.67347
vn -0.762207 0.6162109 -0.1975098
vt 0.2049714 1.605222
v -0.1208484 0.2887232 -0.06981157
vt 0.2903324 1.677237
vn -0.6044922 0.7167969 -0.3461914
v -0.1342826 0.288318 -0.03602929
vt 0.2454503 1.644033
vn -0.6787109 0.7119141 -0.1777344
vt 0.234375 1.578125
v -0.09822747 0.2883137 -0.09838692
vt 0.3397238 1.702815
vn -0.4943848 0.7167969 -0.4909668
v -0.1044834 0.3044173 -0.06056039
vt 0.3106307 1.643238
vn -0.5170898 0.8017578 -0.2988281
v -0.1154697 0.3044908 -0.03126083
vt 0.2713872 1.612211
vn -0.5795898 0.7993164 -0.1561279
vt 0.2638839 1.548694
v -0.06987461 0.2886515 -0.1208937
vt 0.3912321 1.721825
vn -0.3549805 0.7158203 -0.6005859
v -0.09460702 0.3185309 -0.02586543
vt 0.2971365 1.579678
vn -0.4904785 0.8603516 -0.1368408
vt 0.2928903 1.519531
v -0.07256541 0.3300188 -0.02002896
vt 0.3223575 1.548803
vn -0.4377441 0.890625 -0.1199341
v -0.0667 0.329784 -0.03812949
vt 0.3517123 1.572768
vn -0.3869629 0.8930664 -0.2285156
v -0.08454433 0.3187723 -0.0493109
vt 0.3331311 1.605787
vn -0.4362793 0.862793 -0.2539063
v -0.06843638 0.3185331 -0.07088224
vt 0.3738141 1.628583
vn -0.362793 0.8613281 -0.3552246
v -0.05216526 0.3300298 -0.05485101
vt 0.3898362 1.592374
vn -0.3239746 0.8925781 -0.3127441
v -0.03930065 0.3298742 -0.06634117
vt 0.4214324 1.602777
vn -0.2169189 0.8964844 -0.3859863
v -0.08400901 0.3045878 -0.0856221
vt 0.3569054 1.665986
vn -0.4272461 0.7983398 -0.4233398
v -0.04988394 0.3187319 -0.08493437
vt 0.4118029 1.640737
vn -0.2558594 0.8632813 -0.4343262
v -0.01893248 0.3299314 -0.07396939
vt 0.4628968 1.608176
vn -0.1182251 0.8984375 -0.4223633
v -0.06094056 0.3045017 -0.1045352
vt 0.4010155 1.682834
vn -0.3088379 0.7978516 -0.5170898
v -0.02546697 0.3185294 -0.09610491
vt 0.4564918 1.650652
vn -0.1396484 0.8647461 -0.4819336
v -1.827799E-18 0.329984 -0.07681654
vt 0.5 1.609928
vn 0 0.8999023 -0.4353027
v -0.03612773 0.2889069 -0.1348092
vt 0.445269 1.732583
vn -0.1881104 0.7133789 -0.6743164
v -0.03113588 0.3049397 -0.1165876
vt 0.4507295 1.692288
vn -0.1647949 0.7993164 -0.5771484
v -3.252085E-18 0.3184884 -0.1000723
vt 0.5 1.654082
vn 0 0.8657227 -0.500061
v -4.550126E-18 0.3050233 -0.121138
vt 0.5 1.695945
vn 0 0.7988281 -0.6010742
v -5.710693E-18 0.2890347 -0.140022
vt 0.5 1.736853
vn 0 0.7143555 -0.6992188
v 9.847169E-19 0.2710866 -0.1565455
vt 0.5 1.776837
vn 0 0.6035156 -0.796875
v 0.0402241 0.2710866 -0.1502071
vt 0.5597686 1.771359
vn 0.2102051 0.605957 -0.7666016
v 0.03612773 0.2889069 -0.1348092
vt 0.554731 1.732583
vn 0.1881104 0.7133789 -0.6743164
v 0.03113588 0.3049397 -0.1165876
vt 0.5492705 1.692288
vn 0.1647949 0.7993164 -0.5771484
v 0.02546697 0.3185294 -0.09610491
vt 0.5435082 1.650652
vn 0.1396484 0.8647461 -0.4819336
v 0.01893248 0.3299314 -0.07396939
vt 0.5371032 1.608176
vn 0.1182251 0.8984375 -0.4223633
v 0.06094056 0.3045017 -0.1045352
vt 0.5989845 1.682834
vn 0.3088379 0.7978516 -0.5170898
v 0.04988394 0.3187319 -0.08493437
vt 0.5881971 1.640737
vn 0.2558594 0.8632813 -0.4343262
v 0.03930065 0.3298742 -0.06634117
vt 0.5785676 1.602777
vn 0.2169189 0.8964844 -0.3859863
v 0.06987461 0.2886515 -0.1208937
vt 0.6087679 1.721825
vn 0.3549805 0.7158203 -0.6005859
v 0.06843638 0.3185331 -0.07088224
vt 0.6261859 1.628583
vn 0.362793 0.8613281 -0.3552246
v 0.05216526 0.3300298 -0.05485101
vt 0.6101638 1.592374
vn 0.3239746 0.8925781 -0.3127441
v 0.0667 0.329784 -0.03812949
vt 0.6482877 1.572768
vn 0.3869629 0.8930664 -0.2285156
v 0.08400901 0.3045878 -0.0856221
vt 0.6430946 1.665986
vn 0.4272461 0.7983398 -0.4233398
v 0.08454433 0.3187723 -0.0493109
vt 0.6668689 1.605787
vn 0.4362793 0.862793 -0.2539063
v 0.09460702 0.3185309 -0.02586543
vt 0.7028635 1.579678
vn 0.4904785 0.8603516 -0.1368408
v 0.07256541 0.3300188 -0.02002896
vt 0.6776425 1.548803
vn 0.4377441 0.890625 -0.1199341
vt 0.7071097 1.519531
vt 0.7361161 1.548694
v 0.1154697 0.3044908 -0.03126083
vt 0.7286128 1.612211
vn 0.5795898 0.7993164 -0.1561279
vt 0.765625 1.578125
v 0.1044834 0.3044173 -0.06056039
vt 0.6893693 1.643238
vn 0.5170898 0.8017578 -0.2988281
v 0.1342826 0.288318 -0.03602929
vt 0.7545497 1.644033
vn 0.6787109 0.7119141 -0.1777344
vt 0.7950286 1.605222
v 0.09822747 0.2883137 -0.09838692
vt 0.6602762 1.702815
vn 0.4943848 0.7167969 -0.4909668
v 0.1208484 0.2887232 -0.06981157
vt 0.7096676 1.677237
vn 0.6044922 0.7167969 -0.3461914
v 0.1491903 0.2710866 -0.04010696
vt 0.7776734 1.67347
vn 0.762207 0.6162109 -0.1975098
vt 0.8225211 1.6308
v 0.07785996 0.2710866 -0.1349726
vt 0.6186118 1.759334
vn 0.3967285 0.612793 -0.6831055
v 0.110381 0.2707443 -0.1098119
vt 0.6760978 1.738822
vn 0.559082 0.6162109 -0.5541992
v 0.1343866 0.2710866 -0.07772376
vt 0.7287629 1.710141
vn 0.6826172 0.6186523 -0.3886719
v 0.1628588 0.2515424 -0.04345669
vt 0.8017595 1.703801
vn 0.8295898 0.5141602 -0.215332
vt 0.850763 1.657753
v 0.1463184 0.251752 -0.08392811
vt 0.7484347 1.742349
vn 0.7490234 0.5063477 -0.4262695
v 0.1719318 0.2328852 -0.0458099
vt 0.8220987 1.730345
vn 0.8837891 0.4047852 -0.2344971
vt 0.875 1.683594
vt 0.8995067 1.708267
v 0.1194707 0.2517498 -0.1189435
vt 0.6902301 1.773102
vn 0.6132813 0.4992676 -0.6113281
v 0.1541499 0.2328852 -0.08873934
vt 0.7647551 1.771758
vn 0.793457 0.3994141 -0.458252
v 0.1798953 0.2117765 -0.048091
vt 0.8435709 1.759185
vn 0.9047852 0.3496094 -0.2425537
v 0.1612897 0.2117765 -0.09292828
vt 0.7825388 1.803396
vn 0.8105469 0.3515625 -0.4680176
v 0.1258628 0.2328852 -0.1256037
vt 0.7028586 1.804513
vn 0.6479492 0.3981934 -0.6484375
v 0.08448296 0.2517424 -0.1458154
vt 0.6287498 1.795366
vn 0.434082 0.4951172 -0.7524414
v 0.08899847 0.2328852 -0.1538907
vt 0.6373109 1.828139
vn 0.4575195 0.4020996 -0.7924805
v 0.0437335 0.2517318 -0.1627134
vt 0.5649406 1.809022
vn 0.2287598 0.4914551 -0.8398438
v 0.0164832 0.393764 -0.06163543
vt 0.7836275 1.034446
vn 0.4274902 0.8886719 -0.1640625
v -3.229395E-23 0.3960195 -0.06478634
vt 0.7788661 1.011719
vn 0 0.9599609 -0.279541
v 0.01447195 0.395518 -0.0574175
vt 0.7886852 1.030444
vn 0.2012939 0.9501953 0.2373047
v -2.06163E-24 0.3972788 -0.05992455
vt 0.7844865 1.011719
vn 0 0.9731445 0.229248
v 0.02648091 0.3865282 -0.0516852
vt 0.8012841 1.048084
vn 0.7504883 0.6113281 0.2504883
v -3.790095E-21 0.3918954 -0.04623359
vt 0.8036432 1.011719
vn 0 0.7954102 0.6054688
v 0.02340461 0.3893814 -0.04778157
vt 0.8036432 1.041797
vn 0.3061523 0.7680664 0.5620117
v 0.02848951 0.3732976 -0.03953939
vt 0.8258193 1.050796
vn 0.7993164 0.3051758 0.5170898
v -2.191209E-20 0.3790691 -0.03253306
vt 0.8294245 1.011719
vn 0 0.6499023 0.7597656
v 0.02344371 0.3756546 -0.03413869
vt 0.8294245 1.04084
vn 0.3393555 0.5776367 0.7416992
v 0.02420526 0.3589724 -0.03214291
vt 0.8433425 1.047092
vn 0.7871094 0.1085205 0.6064453
v 0.01910244 0.36154 -0.02525073
vt 0.8526164 1.040129
vn -0.3908691 0.7470703 0.5371094
v -3.813182E-20 0.3636875 -0.02059635
vt 0.8541576 1.011719
vn 0 0.605957 0.7949219
v 0.009133797 0.3507831 -0.01147641
vt 0.8746907 1.02381
vn -0.3173828 0.8388672 0.4414063
v -6.788865E-20 0.3507707 -0.00969299
vt 0.8764641 1.011719
vn 0 0.7529297 0.6572266
v -1.716821E-18 0.3477193 0.0008987702
vt 0.890625 1.011719
vn 0 0.9995117 -0.003721237
v 0.02058103 0.3636874 -0.005603083
vt 0.8802024 1.046929
vn -0.7578125 0.6049805 0.243042
v 0.010485 0.3508082 -0.002160859
vt 0.8868529 1.025985
vn -0.6274414 0.7519531 0.2004395
v 0.0147005 0.3507942 0.005924689
vt 0.8977276 1.030962
vn -0.5302734 0.8339844 -0.1508789
v 0.006857446 0.3509455 0.01067531
vt 0.9041619 1.020913
vn -0.3876953 0.7529297 -0.5307617
v -2.566989E-17 0.3508101 0.01672124
vt 0.9116954 1.011719
vn 0 0.8320313 -0.5537109
v 0.01298298 0.3636874 0.01890701
vt 0.9215586 1.033504
vn -0.4655762 0.6064453 -0.644043
v -1.429025E-16 0.36154 0.03327041
vt 0.9381964 1.011719
vn 0 0.7397461 -0.6723633
v 0.0305744 0.36154 0.01102503
vt 0.906484 1.056314
vn -0.6357422 0.7456055 -0.1972656
v 0.01974211 0.3790691 0.02874418
vt 0.9422635 1.04752
vn -0.4494629 0.6450195 -0.6171875
v 0.001489408 0.3755905 0.0434359
vt 0.9583043 1.023698
vn -0.7114258 0.574707 -0.4042969
v -1.331835E-16 0.3589724 0.04184006
vt 0.9497017 1.011719
vn -0.9956055 0.08856201 0.006889343
v 0.00113443 0.3730033 0.0498384
vt 0.9650453 1.017478
vn -0.9584961 0.2666016 0.09643555
v 0.009736594 0.3893814 0.05405238
vt 0.9786718 1.037496
vn -0.5820313 0.7631836 -0.2788086
v 0.009696961 0.3864665 0.05884626
vt 0.9844655 1.033103
vn -0.7573242 0.5859375 0.2866211
v 0.0226253 0.3955181 0.05660678
vt 0.9852732 1.054614
vn -0.3041992 0.949707 -0.07147217
v 0.0234741 0.393764 0.06120194
vt 0.9917017 1.054703
vn -0.2521973 0.8837891 0.3930664
v 0.03851683 0.3960195 0.05418196
vt 0.984112 1.076172
vn 0.1635742 0.9599609 0.2259521
v 0.0276402 0.3918955 0.03915187
vt 0.9623294 1.061516
vn -0.3591309 0.7905273 -0.4958496
v 0.03566264 0.3972788 0.05024618
vt 0.9783834 1.07225
vn -0.1343994 0.9731445 -0.1855469
v 0.04578169 0.3955181 0.03984457
vt 0.9645292 1.084792
vn 0.02349854 0.9501953 -0.3105469
v 0.04988947 0.3937694 0.04208888
vt 0.9669245 1.091527
vn 0.4316406 0.8935547 -0.1226196
v 0.04736609 0.3893814 0.02681334
vt 0.9465046 1.084792
vn -0.08972168 0.7651367 -0.637207
v 0.05242383 0.3866162 0.028053
vt 0.9439819 1.092896
vn 0.4553223 0.6181641 -0.6401367
v 0.0464712 0.3732849 0.0172006
vt 0.9221196 1.080469
vn 0.347168 0.2907715 -0.8911133
v 0.03989121 0.3759666 0.01595574
vt 0.925751 1.071682
vn -0.1688232 0.5771484 -0.7983398
v 0.03869589 0.358972 0.01374814
vt 0.9101704 1.067214
vn 0.2932129 0.1027832 -0.9501953
v 0.03193958 0.3790691 -0.00932639
vt 0.8730478 1.070754
vn -0.7260742 0.6469727 0.2303467
v 0.04094791 0.3759666 0.01258633
vt 0.9007925 1.079651
vn -0.6005859 0.5742188 0.5551758
vn -0.2893066 0.1033936 0.9511719
v 0.0472009 0.373285 0.01480647
vt 0.9089998 1.084433
vn -0.2133789 0.265625 0.9399414
v 0.05306929 0.3893814 0.00829931
vt 0.8942357 1.102565
vn -0.4492188 0.7631836 0.4633789
v 0.05777344 0.3865777 0.01022586
vt 0.9003844 1.10625
vn 0.009033203 0.590332 0.8066406
v 0.06429106 0.3937694 -0.002367517
vt 0.8827846 1.120304
vn 0.2756348 0.8911133 0.3601074
v 0.02615833 0.3756546 -0.0321685
vt 0.8451009 1.062675
vn -0.8105469 0.5751953 -0.1088257
vn -0.7866211 0.09118652 -0.6098633
v 0.03044537 0.3732976 -0.03812505
vt 0.8347105 1.063281
vn -0.7050781 0.2788086 -0.6518555
v 0.05966063 0.3955181 -0.003053094
vt 0.8800905 1.114256
vn -0.1678467 0.949707 0.2626953
v 0.0394659 0.3893814 -0.03611796
vt 0.8380814 1.087135
vn -0.6274414 0.7666016 -0.1325684
v 0.04231239 0.386505 -0.04009585
vt 0.8307387 1.087793
vn -0.4445801 0.5878906 -0.675293
v 0.06250707 0.3960195 -0.01887197
vt 0.8595026 1.119141
vn 0.2666016 0.9599609 -0.08166504
v 0.05128932 0.3955181 -0.03038646
vt 0.8444448 1.104602
vn -0.2858887 0.949707 -0.1253662
v 0.05473663 0.393764 -0.03354115
vt 0.8390438 1.108475
vn 0.03289795 0.8862305 -0.4614258
v 0.04476841 0.3918954 -0.01343652
vt 0.866243 1.094751
vn -0.5805664 0.793457 0.1796875
v 0.0578572 0.3972788 -0.01745229
vt 0.8612218 1.113458
vn -0.2191162 0.9731445 0.0670166
v -0.0164832 0.393764 -0.06163543
vt 0.2163725 1.034446
vn -0.4274902 0.8886719 -0.1640625
v -0.01447195 0.395518 -0.0574175
vt 0.2113148 1.030444
vn -0.2012939 0.9501953 0.2373047
vt 0.2211339 1.011719
vt 0.2155135 1.011719
v -0.02648091 0.3865282 -0.0516852
vt 0.1987159 1.048084
vn -0.7504883 0.6113281 0.2504883
vt 0.1963568 1.011719
v -0.02340461 0.3893814 -0.04778157
vt 0.1963568 1.041797
vn -0.3061523 0.7680664 0.5620117
v -0.02848951 0.3732976 -0.03953939
vt 0.1741807 1.050796
vn -0.7993164 0.3051758 0.5170898
vt 0.1705755 1.011719
v -0.02344371 0.3756546 -0.03413869
vt 0.1705755 1.04084
vn -0.3393555 0.5776367 0.7416992
v -0.02420526 0.3589724 -0.03214291
vt 0.1566575 1.047092
vn -0.7871094 0.1085205 0.6064453
v -0.01910244 0.36154 -0.02525073
vt 0.1473836 1.040129
vn 0.3908691 0.7470703 0.5371094
vt 0.1458424 1.011719
v -0.009133797 0.3507831 -0.01147641
vt 0.1253093 1.02381
vn 0.3173828 0.8388672 0.4414063
vt 0.1235359 1.011719
vt 0.109375 1.011719
v -0.02058103 0.3636874 -0.005603083
vt 0.1197976 1.046929
vn 0.7578125 0.6049805 0.243042
v -0.010485 0.3508082 -0.002160859
vt 0.1131471 1.025985
vn 0.6274414 0.7519531 0.2004395
v -0.0147005 0.3507942 0.005924689
vt 0.1022724 1.030962
vn 0.5302734 0.8339844 -0.1508789
v -0.006857446 0.3509455 0.01067531
vt 0.09583807 1.020913
vn 0.3876953 0.7529297 -0.5307617
vt 0.08830464 1.011719
v -0.01298298 0.3636874 0.01890701
vt 0.07844144 1.033504
vn 0.4655762 0.6064453 -0.644043
vt 0.06180364 1.011719
v -0.0305744 0.36154 0.01102503
vt 0.09351599 1.056314
vn 0.6357422 0.7456055 -0.1972656
v -0.01974211 0.3790691 0.02874418
vt 0.05773652 1.04752
vn 0.4494629 0.6450195 -0.6171875
v -0.001489408 0.3755905 0.0434359
vt 0.04169571 1.023698
vn 0.7114258 0.574707 -0.4042969
vt 0.05029827 1.011719
vn 0.9956055 0.08856201 0.006889343
v -0.00113443 0.3730033 0.0498384
vt 0.03495473 1.017478
vn 0.9584961 0.2666016 0.09643555
v -0.009736594 0.3893814 0.05405238
vt 0.02132821 1.037496
vn 0.5820313 0.7631836 -0.2788086
v -0.009696961 0.3864665 0.05884626
vt 0.01553446 1.033103
vn 0.7573242 0.5859375 0.2866211
v -0.0226253 0.3955181 0.05660678
vt 0.01472676 1.054614
vn 0.3041992 0.949707 -0.07147217
v -0.0234741 0.393764 0.06120194
vt 0.008298337 1.054703
vn 0.2521973 0.8837891 0.3930664
v -0.03851683 0.3960195 0.05418196
vt 0.01588798 1.076172
vn -0.1635742 0.9599609 0.2259521
v -0.0276402 0.3918955 0.03915187
vt 0.03767055 1.061516
vn 0.3591309 0.7905273 -0.4958496
v -0.03566264 0.3972788 0.05024618
vt 0.02161664 1.07225
vn 0.1343994 0.9731445 -0.1855469
v -0.04578169 0.3955181 0.03984457
vt 0.03547084 1.084792
vn -0.02349854 0.9501953 -0.3105469
v -0.04988947 0.3937694 0.04208888
vt 0.03307551 1.091527
vn -0.4316406 0.8935547 -0.1226196
v -0.04736609 0.3893814 0.02681334
vt 0.05349541 1.084792
vn 0.08972168 0.7651367 -0.637207
v -0.05242383 0.3866162 0.028053
vt 0.05601805 1.092896
vn -0.4553223 0.6181641 -0.6401367
v -0.0464712 0.3732849 0.0172006
vt 0.07788044 1.080469
vn -0.347168 0.2907715 -0.8911133
v -0.03989121 0.3759666 0.01595574
vt 0.07424897 1.071682
vn 0.1688232 0.5771484 -0.7983398
v -0.03869589 0.358972 0.01374814
vt 0.08982956 1.067214
vn -0.2932129 0.1027832 -0.9501953
v -0.03193958 0.3790691 -0.00932639
vt 0.1269522 1.070754
vn 0.7260742 0.6469727 0.2303467
v -0.04094791 0.3759666 0.01258633
vt 0.09920752 1.079651
vn 0.6005859 0.5742188 0.5551758
vn 0.2893066 0.1033936 0.9511719
v -0.0472009 0.373285 0.01480647
vt 0.0910002 1.084433
vn 0.2133789 0.265625 0.9399414
v -0.05306929 0.3893814 0.00829931
vt 0.1057643 1.102565
vn 0.4492188 0.7631836 0.4633789
v -0.05777344 0.3865777 0.01022586
vt 0.09961557 1.10625
vn -0.009033203 0.590332 0.8066406
v -0.06429106 0.3937694 -0.002367517
vt 0.1172154 1.120304
vn -0.2756348 0.8911133 0.3601074
v -0.02615833 0.3756546 -0.0321685
vt 0.1548991 1.062675
vn 0.8105469 0.5751953 -0.1088257
vn 0.7866211 0.09118652 -0.6098633
v -0.03044537 0.3732976 -0.03812505
vt 0.1652895 1.063281
vn 0.7050781 0.2788086 -0.6518555
v -0.0394659 0.3893814 -0.03611796
vt 0.1619186 1.087135
vn 0.6274414 0.7666016 -0.1325684
v -0.04231239 0.386505 -0.04009585
vt 0.1692613 1.087793
vn 0.4445801 0.5878906 -0.675293
v -0.04476841 0.3918954 -0.01343652
vt 0.133757 1.094751
vn 0.5805664 0.793457 0.1796875
v -0.05128932 0.3955181 -0.03038646
vt 0.1555552 1.104602
vn 0.2858887 0.949707 -0.1253662
v -0.05473663 0.393764 -0.03354115
vt 0.1609562 1.108475
vn -0.03289795 0.8862305 -0.4614258
v -0.06250707 0.3960195 -0.01887197
vt 0.1404974 1.119141
vn -0.2666016 0.9599609 -0.08166504
v -0.0578572 0.3972788 -0.01745229
vt 0.1387782 1.113458
vn 0.2191162 0.9731445 0.0670166
v -0.05966063 0.3955181 -0.003053094
vt 0.1199095 1.114256
vn 0.1678467 0.949707 0.2626953
vt 0.6166546 1.526952
v 0.03292272 0.2440332 0.1670514
vt 0.616961 1.522262
vn 0.1134644 -0.7192383 0.6850586
vt 0.6194433 1.526515
vt 0.6139406 1.52616
v 0.034123 0.2435064 0.1670912
vt 0.6184899 1.521882
vn -0.7446289 -0.364502 0.5585938
v 0.03177976 0.2435223 0.167439
vt 0.6155109 1.521641
vn 0.8823242 -0.3925781 0.2578125
vt 0.6230924 1.523347
vt 0.6107026 1.522549
v 0.03483886 0.241569 0.1678022
vt 0.6197037 1.519511
vn -0.9335938 -0.06756592 0.3515625
v 0.03127821 0.2415909 0.1683249
vt 0.6146756 1.519122
vn 0.9941406 -0.1052856 0.001131058
vt 0.6250567 1.518303
vt 0.6094052 1.517263
v 0.03511584 0.2392473 0.1687459
vt 0.6203568 1.516205
vn -0.9555664 0.02253723 0.2927246
v 0.03126031 0.2392695 0.1693081
vt 0.6145236 1.515763
vn 0.9975586 -0.01507568 -0.06164551
vt 0.6259314 1.512554
vt 0.6093415 1.511411
v 0.03532344 0.2365535 0.169761
vt 0.6208465 1.512272
vn -0.9580078 0.05953979 0.2788086
v 0.0313343 0.2366062 0.1704198
vt 0.6145775 1.511746
vn 0.996582 0.02166748 -0.07556152
v 0.03541283 0.2339226 0.1709551
vt 0.6209058 1.508294
vn -0.9580078 0.09893799 0.2687988
v 0.03155821 0.2339468 0.1715222
vt 0.6149096 1.507776
vn 0.9941406 0.06051636 -0.08532715
vt 0.62562 1.50686
vt 0.6103594 1.505565
v 0.03539356 0.2315983 0.171931
vt 0.6207857 1.504889
vn -0.9438477 0.2036133 0.2590332
v 0.03183345 0.2316214 0.1724566
vt 0.6156779 1.5044
vn 0.9814453 0.1657715 -0.09173584
vt 0.6244966 1.501804
vt 0.6125483 1.500567
v 0.03489136 0.2296656 0.1728134
vt 0.6200305 1.502265
vn -0.7866211 0.574707 0.223999
v 0.03254683 0.2296787 0.1731543
vt 0.6169405 1.501897
vn 0.840332 0.5366211 -0.07403564
vt 0.6216594 1.498079
vt 0.6162308 1.497466
v 0.03374733 0.2291524 0.1731953
vt 0.61855 1.501385
vn 0.03466797 0.996582 0.07019043
vt 0.6190279 1.497111
v -0.0313343 0.2366062 0.1704198
vt 0.3854225 1.511746
vn -0.996582 0.02166748 -0.07556152
vt 0.3906585 1.511411
v -0.03126031 0.2392695 0.1693081
vt 0.3854764 1.515763
vn -0.9975586 -0.01507568 -0.06164551
v -0.03155821 0.2339468 0.1715222
vt 0.3850904 1.507776
vn -0.9941406 0.06051636 -0.08532715
vt 0.3905948 1.517263
vt 0.3896406 1.505565
v -0.03127821 0.2415909 0.1683249
vt 0.3853244 1.519122
vn -0.9941406 -0.1052856 0.001131058
v -0.03183345 0.2316214 0.1724566
vt 0.3843221 1.5044
vn -0.9814453 0.1657715 -0.09173584
vt 0.3892974 1.522549
vt 0.3874517 1.500567
v -0.03177976 0.2435223 0.167439
vt 0.3844891 1.521641
vn -0.8823242 -0.3925781 0.2578125
v -0.03254683 0.2296787 0.1731543
vt 0.3830595 1.501897
vn -0.840332 0.5366211 -0.07403564
vt 0.3860594 1.52616
vt 0.3837692 1.497466
v -0.03292272 0.2440332 0.1670514
vt 0.383039 1.522262
vn -0.1134644 -0.7192383 0.6850586
v -0.03374733 0.2291524 0.1731953
vt 0.38145 1.501385
vn -0.03466797 0.996582 0.07019043
vt 0.3833454 1.526952
vt 0.3809721 1.497111
vt 0.3805567 1.526515
vt 0.3783406 1.498079
v -0.034123 0.2435064 0.1670912
vt 0.3815101 1.521882
vn 0.7446289 -0.364502 0.5585938
v -0.03489136 0.2296656 0.1728134
vt 0.3799695 1.502265
vn 0.7866211 0.574707 0.223999
vt 0.3769076 1.523347
vt 0.3755034 1.501804
v -0.03483886 0.241569 0.1678022
vt 0.3802963 1.519511
vn 0.9335938 -0.06756592 0.3515625
v -0.03539356 0.2315983 0.171931
vt 0.3792143 1.504889
vn 0.9438477 0.2036133 0.2590332
vt 0.3749433 1.518303
vt 0.37438 1.50686
v -0.03511584 0.2392473 0.1687459
vt 0.3796432 1.516205
vn 0.9555664 0.02253723 0.2927246
v -0.03541283 0.2339226 0.1709551
vt 0.3790942 1.508294
vn 0.9580078 0.09893799 0.2687988
vt 0.3740686 1.512554
v -0.03532344 0.2365535 0.169761
vt 0.3791535 1.512272
vn 0.9580078 0.05953979 0.2788086
v -0.06523789 0.04691884 0.05666996
vt 0.142251 1.439515
vn 0 0.668457 0.7431641
v -0.08610596 0.03516021 0.05984093
vt 0.1517247 1.414201
vn -0.3911133 0.2496338 0.8857422
v -0.06523789 0.03519401 0.06370228
vt 0.1542259 1.439515
vn 0 0.2600098 0.965332
v -0.04436989 0.03516021 0.05984093
vt 0.1517416 1.46481
vn 0.3911133 0.2496338 0.8857422
v -0.08412413 0.04617128 0.05310591
vt 0.1389036 1.418507
vn -0.3034668 0.6459961 0.699707
v -0.1031041 0.03515461 0.04667953
vt 0.1363318 1.392192
vn -0.7436523 0.2316895 0.6264648
v -0.04635165 0.04617128 0.05310591
vt 0.1389182 1.46053
vn 0.3034668 0.6459961 0.699707
v -0.02737164 0.03515461 0.04667954
vt 0.1363991 1.486853
vn 0.7436523 0.2316895 0.6264648
v -0.06523789 0.05741556 0.04286563
vt 0.125213 1.439515
vn 0 0.8710938 0.4902344
v -0.09955253 0.04469066 0.04220518
vt 0.1278549 1.40024
vn -0.6230469 0.5869141 0.5161133
v -0.1143761 0.03485333 0.0259428
vt 0.1111337 1.377433
vn -0.9233398 0.2247314 0.3105469
v -0.08236443 0.05581256 0.04133373
vt 0.1240233 1.42159
vn -0.2410889 0.8461914 0.4746094
v -0.1089091 0.04616789 0.02339488
vt 0.1068865 1.390228
vn -0.7685547 0.5908203 0.2440186
v -0.1188877 0.03514124 2.678283E-05
vt 0.08203125 1.375124
vn -0.9726563 0.2314453 0
v -0.0947809 0.05267375 0.0362175
vt 0.1194225 1.407821
vn -0.4919434 0.7700195 0.4057617
v -0.06523789 0.06583959 0.02227638
vt 0.1036454 1.439515
vn 0 0.972168 0.2331543
v -0.08308291 0.06404385 0.02171305
vt 0.1032221 1.421893
vn -0.2575684 0.9414063 0.2156982
v -0.09924499 0.05586825 0.0210709
vt 0.1034626 1.403895
vn -0.546875 0.8129883 0.1975098
v -0.1124766 0.04688952 2.678264E-05
vt 0.08205277 1.387977
vn -0.796875 0.6035156 0
v -0.1089091 0.0461679 -0.02334133
vt 0.0572685 1.390216
vn -0.7685547 0.5908203 -0.2440186
v -0.1143761 0.03485334 -0.02588925
vt 0.05311751 1.377396
vn -0.9233398 0.2247314 -0.3105469
v -0.1009261 0.05744811 2.678255E-05
vt 0.08204621 1.403106
vn -0.5615234 0.8271484 0
v -0.09955254 0.04469066 -0.04215163
vt 0.03623849 1.400209
vn -0.6230469 0.5869141 -0.5161133
v -0.1031041 0.03515461 -0.046626
vt 0.0277968 1.392155
vn -0.7436523 0.2316895 -0.6264648
v -0.09924501 0.05586826 -0.02101734
vt 0.0606336 1.403891
vn -0.546875 0.8129883 -0.1975098
v -0.09478091 0.05267376 -0.03616394
vt 0.04464978 1.407802
vn -0.4919434 0.7700195 -0.4057617
v -0.08377359 0.06586288 2.678242E-05
vt 0.08203036 1.421426
vn -0.2770996 0.9604492 0
v -0.08308292 0.06404385 -0.0216595
vt 0.06083047 1.421889
vn -0.2575684 0.9414063 -0.2156982
v -0.06523789 0.06760734 2.678226E-05
vt 0.08203125 1.439515
vn 0 1.000122 0
v -0.08236444 0.05581257 -0.04128017
vt 0.03999597 1.421571
vn -0.2410889 0.8461914 -0.4746094
v -0.06523789 0.06583959 -0.02222282
vt 0.06040907 1.439515
vn 0 0.972168 -0.2331543
v -0.08412414 0.04617128 -0.05305236
vt 0.02506727 1.418455
vn -0.3034668 0.6459961 -0.699707
v -0.08610597 0.03516021 -0.05978739
vt 0.01217276 1.414083
vn -0.3911133 0.2496338 -0.8857422
v -0.06523789 0.05741556 -0.04281208
vt 0.03870761 1.439515
vn 0 0.8710938 -0.4902344
v -0.06523789 0.04691884 -0.05661643
vt 0.02174938 1.439515
vn 0 0.668457 -0.7431641
v -0.06523789 0.03519401 -0.06364874
vt 0.009834588 1.439515
vn 0 0.2600098 -0.965332
v -0.04436988 0.03516021 -0.05978738
vt 0.01215547 1.464918
vn 0.3911133 0.2496338 -0.8857422
v -0.04635165 0.04617128 -0.05305236
vt 0.02505296 1.460574
vn 0.3034668 0.6459961 -0.699707
v -0.02737164 0.03515461 -0.04662599
vt 0.02773124 1.486878
vn 0.7436523 0.2316895 -0.6264648
v -0.04811134 0.05581257 -0.04128017
vt 0.03998417 1.457479
vn 0.2410889 0.8461914 -0.4746094
v -0.03092321 0.04469066 -0.04215162
vt 0.03619748 1.47884
vn 0.6230469 0.5869141 -0.5161133
v -0.01609967 0.03485334 -0.02588924
vt 0.05306953 1.501704
vn 0.9233398 0.2247314 -0.3105469
v -0.04739286 0.06404385 -0.02165949
vt 0.06082243 1.457179
vn 0.2575684 0.9414063 -0.2156982
v -0.03569487 0.05267376 -0.03616394
vt 0.04462415 1.471256
vn 0.4919434 0.7700195 -0.4057617
v -0.02156665 0.04616789 -0.02334132
vt 0.05723417 1.488864
vn 0.7685547 0.5908203 -0.2440186
v -0.01158808 0.03514124 2.678283E-05
vt 0.08203125 1.503906
vn 0.9726563 0.2314453 0
v -0.03123078 0.05586826 -0.02101734
vt 0.06061321 1.475181
vn 0.546875 0.8129883 -0.1975098
v -0.04670219 0.06586288 2.678242E-05
vt 0.08203071 1.457646
vn 0.2770996 0.9604492 0
v -0.01799911 0.04688952 2.678264E-05
vt 0.08205277 1.491078
vn 0.796875 0.6035156 0
v -0.02954969 0.05744811 2.678255E-05
vt 0.08204639 1.475961
vn 0.5615234 0.8271484 0
v -0.04739286 0.06404385 0.02171306
vt 0.1032307 1.45718
vn 0.2575684 0.9414063 0.2156982
v -0.03123078 0.05586826 0.0210709
vt 0.1034836 1.475185
vn 0.546875 0.8129883 0.1975098
v -0.02156665 0.04616789 0.02339488
vt 0.1069203 1.488865
vn 0.7685547 0.5908203 0.2440186
v -0.01609967 0.03485334 0.0259428
vt 0.111178 1.501688
vn 0.9233398 0.2247314 0.3105469
v -0.03569487 0.05267375 0.0362175
vt 0.1194488 1.471246
vn 0.4919434 0.7700195 0.4057617
v -0.03092321 0.04469066 0.04220518
vt 0.1278968 1.478821
vn 0.6230469 0.5869141 0.5161133
v -0.04811134 0.05581256 0.04133373
vt 0.1240355 1.457468
vn 0.2410889 0.8461914 0.4746094
v 4.661895E-21 0.1981102 0.1765835
vt 0.5 1.472655
vn 0 0.7143555 0.6992188
vt 0.4817784 1.461091
vn -0.1694336 0.6210938 0.7646484
vt 0.4999999 1.459523
vn 0 0.6230469 0.7817383
vt 0.5182212 1.461091
vn 0.1694336 0.6210938 0.7646484
v -0.01443319 0.1972004 0.1751509
vt 0.483151 1.47384
vn -0.1778564 0.7104492 0.6806641
vt 0.4666417 1.465762
vn -0.3459473 0.59375 0.7260742
v 0.01443319 0.1972004 0.1751509
vt 0.5168483 1.47384
vn 0.1778564 0.7104492 0.6806641
vt 0.533358 1.465762
vn 0.3459473 0.59375 0.7260742
v 3.835847E-21 0.2062078 0.1660886
vt 0.5 1.48912
vn 0 0.8925781 0.4499512
v -0.02747194 0.1953302 0.172068
vt 0.4677625 1.477045
vn -0.3703613 0.684082 0.6274414
vt 0.4526488 1.475702
vn -0.5585938 0.5117188 0.6518555
v -0.01464003 0.2049097 0.1655752
vt 0.4840015 1.489573
vn -0.1942139 0.8798828 0.4326172
v -0.03828559 0.1914484 0.1674177
vt 0.4538594 1.48115
vn -0.5908203 0.6015625 0.5366211
vt 0.4411497 1.493546
vn -0.8178711 0.5390625 0.1986084
v -0.02849889 0.200946 0.1634793
vt 0.4684781 1.490902
vn -0.3903809 0.8359375 0.3847656
v -0.03931775 0.1953618 0.1594044
vt 0.4543037 1.493755
vn -0.6538086 0.7006836 0.2839355
v -0.04022391 0.1971378 0.1503661
vt 0.45525 1.507681
vn -0.6645508 0.7382813 0.1134644
vt 0.4383987 1.514715
vn -0.8149414 0.5766602 -0.04855347
v -0.02896949 0.2037813 0.1520664
vt 0.4684787 1.507138
vn -0.402832 0.9067383 0.1219482
v -0.01478227 0.2082857 0.1529899
vt 0.4845212 1.506961
vn -0.2070313 0.9677734 0.1428223
v -0.04071028 0.1965982 0.139715
vt 0.4550805 1.521331
vn -0.6469727 0.7495117 -0.1374512
vt 0.4432617 1.535639
vn -0.7768555 0.5424805 -0.3188477
v -0.0289916 0.2040018 0.1394314
vt 0.4684787 1.522687
vn -0.4089355 0.9042969 -0.1220093
v -0.03928615 0.1946624 0.127837
vt 0.4549367 1.53511
vn -0.6425781 0.6845703 -0.3425293
vt 0.4558703 1.554552
vn -0.4699707 0.5473633 -0.6918945
v -0.01497765 0.2087745 0.1390459
vt 0.4844877 1.523691
vn -0.2167969 0.96875 -0.119873
v -0.02839436 0.2001389 0.1267931
vt 0.4684787 1.536873
vn -0.3898926 0.8422852 -0.3713379
v -0.02733477 0.1945321 0.1181097
vt 0.4677632 1.548409
vn -0.3713379 0.6733398 -0.6386719
vt 0.4779351 1.56716
vn -0.1737061 0.5410156 -0.8222656
v -0.01514234 0.2049863 0.1255342
vt 0.4832695 1.538421
vn -0.217041 0.8828125 -0.4160156
v -0.01478912 0.1968931 0.1142157
vt 0.4824687 1.553121
vn -0.1884766 0.6850586 -0.703125
vt 0.5 1.570313
vn 0 0.5424805 -0.8398438
v 1.086231E-21 0.2066579 0.1247345
vt 0.5 1.539309
vn 0 0.9018555 -0.4311523
v 3.19958E-20 0.198175 0.1131293
vt 0.5 1.553858
vn 0 0.6850586 -0.7280273
v 0.01478912 0.1968931 0.1142157
vt 0.5175309 1.553121
vn 0.1884766 0.6850586 -0.703125
vt 0.5220648 1.56716
vn 0.1737061 0.5410156 -0.8222656
v 1.120559E-21 0.2105198 0.1389428
vt 0.5 1.523914
vn 0 0.9926758 -0.1168823
v 0.02733477 0.1945321 0.1181097
vt 0.5322368 1.548408
vn 0.3713379 0.6733398 -0.6386719
vt 0.5441298 1.554552
vn 0.4699707 0.5473633 -0.6918945
v 0.01514234 0.2049863 0.1255342
vt 0.5167301 1.538421
vn 0.217041 0.8828125 -0.4160156
v 0.01497765 0.2087745 0.1390459
vt 0.5155123 1.523691
vn 0.2167969 0.96875 -0.119873
v 2.29276E-21 0.2099887 0.1533791
vt 0.5 1.506961
vn 0 0.9882813 0.151123
v 0.01478227 0.2082857 0.1529899
vt 0.5154788 1.506961
vn 0.2070313 0.9677734 0.1428223
v 0.01464003 0.2049097 0.1655752
vt 0.5159985 1.489573
vn 0.1942139 0.8798828 0.4326172
v 0.02896949 0.2037813 0.1520664
vt 0.5315207 1.507138
vn 0.402832 0.9067383 0.1219482
v 0.02747194 0.1953302 0.172068
vt 0.5322375 1.477045
vn 0.3703613 0.684082 0.6274414
vt 0.5473503 1.475702
vn 0.5585938 0.5117188 0.6518555
v 0.02849889 0.200946 0.1634793
vt 0.5315212 1.490901
vn 0.3903809 0.8359375 0.3847656
v 0.03828559 0.1914484 0.1674177
vt 0.5461398 1.48115
vn 0.5908203 0.6015625 0.5366211
vt 0.5588503 1.493546
vn 0.8178711 0.5390625 0.1986084
v 0.03931775 0.1953618 0.1594044
vt 0.5456958 1.493755
vn 0.6538086 0.7006836 0.2839355
v 0.04022391 0.1971378 0.1503661
vt 0.54475 1.507681
vn 0.6645508 0.7382813 0.1134644
vt 0.5616013 1.514715
vn 0.8149414 0.5766602 -0.04855347
v 0.0289916 0.2040018 0.1394314
vt 0.5315212 1.522687
vn 0.4089355 0.9042969 -0.1220093
v 0.04071028 0.1965982 0.139715
vt 0.544919 1.521331
vn 0.6469727 0.7495117 -0.1374512
vt 0.5567383 1.535639
vn 0.7768555 0.5424805 -0.3188477
v 0.02839436 0.2001389 0.1267931
vt 0.5315212 1.536873
vn 0.3898926 0.8422852 -0.3713379
v 0.03928615 0.1946624 0.127837
vt 0.5450633 1.53511
vn 0.6425781 0.6845703 -0.3425293
v 0.06523789 0.03519401 0.06370228
vt 0.8457741 1.439515
v 0.08610596 0.03516021 0.05984093
vt 0.8482753 1.414201
v 0.06523789 0.04691884 0.05666996
vt 0.857749 1.439515
v 0.04436989 0.03516021 0.05984093
vt 0.8482584 1.46481
v 0.08412413 0.04617128 0.05310591
vt 0.8610964 1.418507
v 0.1031041 0.03515461 0.04667953
vt 0.8636682 1.392192
v 0.04635165 0.04617128 0.05310591
vt 0.8610818 1.46053
v 0.02737164 0.03515461 0.04667954
vt 0.8636009 1.486853
v 0.06523789 0.05741556 0.04286563
vt 0.874787 1.439515
v 0.09955253 0.04469066 0.04220518
vt 0.8721451 1.40024
v 0.1143761 0.03485333 0.0259428
vt 0.8888663 1.377433
v 0.08236443 0.05581256 0.04133373
vt 0.8759767 1.42159
v 0.1089091 0.04616789 0.02339488
vt 0.8931135 1.390228
v 0.1188877 0.03514124 2.678283E-05
vt 0.9179688 1.375124
v 0.0947809 0.05267375 0.0362175
vt 0.8805774 1.407821
v 0.06523789 0.06583959 0.02227638
vt 0.8963546 1.439515
v 0.08308291 0.06404385 0.02171305
vt 0.8967779 1.421893
v 0.09924499 0.05586825 0.0210709
vt 0.8965374 1.403895
v 0.1124766 0.04688952 2.678264E-05
vt 0.9179472 1.387977
v 0.1089091 0.0461679 -0.02334133
vt 0.9427315 1.390216
v 0.1143761 0.03485334 -0.02588925
vt 0.9468825 1.377396
v 0.1009261 0.05744811 2.678255E-05
vt 0.9179538 1.403106
v 0.09955254 0.04469066 -0.04215163
vt 0.9637615 1.400209
v 0.1031041 0.03515461 -0.046626
vt 0.9722032 1.392155
v 0.09924501 0.05586826 -0.02101734
vt 0.9393664 1.403891
v 0.09478091 0.05267376 -0.03616394
vt 0.9553502 1.407802
v 0.08377359 0.06586288 2.678242E-05
vt 0.9179696 1.421426
v 0.08308292 0.06404385 -0.0216595
vt 0.9391695 1.421889
v 0.06523789 0.06760734 2.678226E-05
vt 0.9179688 1.439515
v 0.08236444 0.05581257 -0.04128017
vt 0.960004 1.421571
v 0.06523789 0.06583959 -0.02222282
vt 0.9395909 1.439515
v 0.08412414 0.04617128 -0.05305236
vt 0.9749327 1.418455
v 0.08610597 0.03516021 -0.05978739
vt 0.9878272 1.414083
v 0.06523789 0.05741556 -0.04281208
vt 0.9612924 1.439515
v 0.06523789 0.04691884 -0.05661643
vt 0.9782506 1.439515
v 0.06523789 0.03519401 -0.06364874
vt 0.9901654 1.439515
v 0.04436988 0.03516021 -0.05978738
vt 0.9878445 1.464918
v 0.04635165 0.04617128 -0.05305236
vt 0.974947 1.460574
v 0.02737164 0.03515461 -0.04662599
vt 0.9722688 1.486878
v 0.04811134 0.05581257 -0.04128017
vt 0.9600158 1.457479
v 0.03092321 0.04469066 -0.04215162
vt 0.9638025 1.47884
v 0.01609967 0.03485334 -0.02588924
vt 0.9469305 1.501704
v 0.04739286 0.06404385 -0.02165949
vt 0.9391776 1.457179
v 0.03569487 0.05267376 -0.03616394
vt 0.9553759 1.471256
v 0.02156665 0.04616789 -0.02334132
vt 0.9427658 1.488864
v 0.01158808 0.03514124 2.678283E-05
vt 0.9179688 1.503906
v 0.03123078 0.05586826 -0.02101734
vt 0.9393868 1.475181
v 0.04670219 0.06586288 2.678242E-05
vt 0.9179693 1.457646
v 0.01799911 0.04688952 2.678264E-05
vt 0.9179472 1.491078
v 0.02954969 0.05744811 2.678255E-05
vt 0.9179536 1.475961
v 0.04739286 0.06404385 0.02171306
vt 0.8967693 1.45718
v 0.03123078 0.05586826 0.0210709
vt 0.8965164 1.475185
v 0.02156665 0.04616789 0.02339488
vt 0.8930797 1.488865
v 0.01609967 0.03485334 0.0259428
vt 0.888822 1.501688
v 0.03569487 0.05267375 0.0362175
vt 0.8805512 1.471246
v 0.03092321 0.04469066 0.04220518
vt 0.8721032 1.478821
v 0.04811134 0.05581256 0.04133373
vt 0.8759645 1.457468
vt 0.9469305 1.52564
v 0.01119321 0.02022549 2.67827E-05
vt 0.9179688 1.536494
vn -0.984375 -0.1760254 0
vt 0.9179688 1.523438
vt 0.888822 1.525656
v 0.01575585 0.02053476 -0.02601698
vt 0.9430426 1.538312
vn -0.9345703 -0.1656494 -0.3137207
vt 0.9722688 1.540466
v 0.01575585 0.02053476 0.02607054
vt 0.8927634 1.538334
vn -0.9345703 -0.1656494 0.3137207
vt 0.8636009 1.54049
v 0.02711071 0.02022549 -0.04696603
vt 0.9632496 1.550443
vn -0.753418 -0.1676025 -0.6352539
vt 0.9878445 1.562426
v 0.02711072 0.02022549 0.04701958
vt 0.8726732 1.550471
vn -0.753418 -0.1676025 0.6352539
vt 0.8482584 1.562533
v 0.04427047 0.02022549 -0.06024492
vt 0.9749891 1.567903
vn -0.3952637 -0.1834717 -0.8999023
vt 0.9901654 1.587829
v 0.04427047 0.02022549 0.06029847
vt 0.8610993 1.567973
vn -0.3952637 -0.1834717 0.8999023
vt 0.8457741 1.587829
v 0.06523789 0.02022549 -0.06406327
vt 0.9769626 1.587829
vn 0 -0.1951904 -0.9804688
v 0.06523789 0.02022549 0.06411681
vt 0.8589748 1.587829
vn 0 -0.1951904 0.9804688
v 0.08620531 0.02022549 -0.06024493
vt 0.9749783 1.607774
vn 0.3952637 -0.1834717 -0.8999023
vt 0.9878272 1.613261
v 0.06523789 0.01012683 -0.05835519
vt 0.9670911 1.587829
vn 0 -0.6660156 -0.7456055
v 0.1033651 0.02022549 -0.04696603
vt 0.9631731 1.62519
vn 0.753418 -0.1676025 -0.6352539
vt 0.9722032 1.635189
v 0.08455151 0.01011403 -0.05472615
vt 0.9650297 1.604546
vn 0.2958984 -0.6430664 -0.7060547
v 0.04592429 0.01011403 -0.05472615
vt 0.9650647 1.571129
vn -0.2958984 -0.6430664 -0.7060547
v 0.1147199 0.02053476 -0.02601699
vt 0.942951 1.637232
vn 0.9345703 -0.1656494 -0.3137207
vt 0.9468825 1.649948
v 0.1004893 0.01016315 -0.04333044
vt 0.9557796 1.618678
vn 0.6225586 -0.5869141 -0.5166016
v 0.06523789 0.003284606 -0.04748253
vt 0.9570398 1.587829
vn 0 -0.9282227 -0.3710938
v 0.08296309 0.003284606 -0.04528511
vt 0.9553407 1.602519
vn 0.1546631 -0.9125977 -0.3781738
v 0.02998645 0.01016315 -0.04333043
vt 0.9558856 1.55693
vn -0.6225586 -0.5869141 -0.5166016
v 0.04751269 0.003284606 -0.04528511
vt 0.9553888 1.573103
vn -0.1546631 -0.9125977 -0.3781738
v 0.0202309 0.01012092 -0.02388099
vt 0.9390544 1.548232
vn -0.7709961 -0.5898438 -0.2388916
v 0.03553576 0.003284606 -0.03640582
vt 0.9484437 1.563164
vn -0.3532715 -0.8896484 -0.2880859
v 0.05242118 0.0010321 -0.03088543
vt 0.9430781 1.577337
vn -0.02549744 -0.9956055 -0.08557129
v 0.01649015 0.01006679 2.678268E-05
vt 0.9179688 1.546565
vn -0.7958984 -0.6044922 0
v 0.0279444 0.003284606 -0.02180764
vt 0.9363897 1.557035
vn -0.4370117 -0.8901367 -0.1264648
v 0.02023091 0.01012092 0.02393455
vt 0.8968046 1.548266
vn -0.7709961 -0.5898438 0.2388916
v 0.02564258 0.003284606 2.678259E-05
vt 0.9179688 1.555764
vn -0.4289551 -0.902832 0
v 0.02998646 0.01016315 0.04338399
vt 0.8800721 1.556968
vn -0.6225586 -0.5869141 0.5166016
v 0.04312926 0.0010321 -0.02705668
vt 0.9400911 1.569393
vn -0.09130859 -0.9931641 -0.0723877
v 0.03978855 0.0010321 -0.01572167
vt 0.9310398 1.56748
vn -0.1019897 -0.9941406 -0.02058411
v 0.0518835 0.0010321 -0.01620222
vt 0.9311324 1.577351
vn 0 -1.000122 0
v 0.03853049 0.0010321 2.678077E-05
vt 0.9179688 1.566724
vn -0.100769 -0.9946289 0
v 0.05136663 0.0010321 2.678067E-05
vt 0.9179688 1.576767
v 0.03978855 0.0010321 0.01577523
vt 0.9049355 1.56749
vn -0.1019897 -0.9941406 0.02058411
v 0.0279444 0.003284606 0.0218612
vt 0.8995273 1.557063
vn -0.4370117 -0.8901367 0.1264648
v 0.0518835 0.0010321 0.01625578
vt 0.905045 1.577421
v 0.03553576 0.003284606 0.03645938
vt 0.8875522 1.563207
vn -0.3532715 -0.8896484 0.2880859
v 0.04312927 0.0010321 0.02711024
vt 0.8958463 1.569393
vn -0.09130859 -0.9931641 0.0723877
v 0.05242118 0.0010321 0.03093899
vt 0.8930352 1.577374
vn -0.02549744 -0.9956055 0.08557129
v 0.04751269 0.003284606 0.04533866
vt 0.8806868 1.573138
vn -0.1546631 -0.9125977 0.3781738
v 0.04592429 0.01011403 0.0547797
vt 0.8710184 1.571179
vn -0.2958984 -0.6430664 0.7060547
v 0.06523789 0.003284606 0.04753608
vt 0.8790276 1.587829
vn 0 -0.9282227 0.3710938
v 0.06523789 0.01012683 0.05840874
vt 0.8684196 1.587829
vn 0 -0.6660156 0.7456055
v 0.06523789 0.0010321 0.03208539
vt 0.8921589 1.587829
vn 0 -0.9960938 0.08404541
v 0.0862053 0.02022549 0.06029847
vt 0.8611088 1.607689
vn 0.3952637 -0.1834717 0.8999023
vt 0.8482753 1.613143
v 0.06523789 0.0010321 0.01667735
vt 0.9047379 1.587829
v 0.1033651 0.02022549 0.04701957
vt 0.8727523 1.625143
vn 0.753418 -0.1676025 0.6352539
vt 0.8636682 1.635151
v 0.0845515 0.01011403 0.0547797
vt 0.8710521 1.604475
vn 0.2958984 -0.6430664 0.7060547
v 0.1147199 0.02053476 0.02607054
vt 0.8928563 1.637179
vn 0.9345703 -0.1656494 0.3137207
vt 0.8888663 1.649911
v 0.1004893 0.01016315 0.04338399
vt 0.8801821 1.618613
vn 0.6225586 -0.5869141 0.5166016
v 0.08296309 0.003284606 0.04533866
vt 0.8807335 1.602455
vn 0.1546631 -0.9125977 0.3781738
v 0.0780546 0.0010321 0.03093898
vt 0.8930777 1.598149
vn 0.02549744 -0.9956055 0.08557129
v 0.09494001 0.003284606 0.03645938
vt 0.8876719 1.612314
vn 0.3532715 -0.8896484 0.2880859
v 0.1102448 0.01012092 0.02393454
vt 0.8969429 1.627155
vn 0.7709961 -0.5898438 0.2388916
v 0.1192826 0.0202255 2.67827E-05
vt 0.9179688 1.639162
vn 0.984375 -0.1760254 0
vt 0.9179688 1.652219
v 0.1102449 0.01012092 -0.023881
vt 0.9389185 1.627235
vn 0.7709961 -0.5898438 -0.2388916
v 0.1139856 0.01006679 2.678268E-05
vt 0.9179688 1.629019
vn 0.7958984 -0.6044922 0
v 0.1048332 0.003284606 2.678259E-05
vt 0.9179688 1.619807
vn 0.4289551 -0.902832 0
v 0.1025314 0.003284606 0.0218612
vt 0.8996392 1.618389
vn 0.4370117 -0.8901367 0.1264648
v 0.08734652 0.0010321 0.02711024
vt 0.8958463 1.606264
vn 0.09130859 -0.9931641 0.0723877
v 0.09068722 0.0010321 0.01577523
vt 0.9050619 1.607997
vn 0.1019897 -0.9941406 0.02058411
v 0.07859228 0.0010321 0.01625578
vt 0.9050422 1.598265
vn 0 -0.9995117 0
v 0.09194528 0.0010321 2.678077E-05
vt 0.9179688 1.608852
vn 0.100769 -0.9946289 0
v 0.06523789 0.0010321 2.678056E-05
vt 0.9179688 1.587829
v 0.07910915 0.0010321 2.678067E-05
vt 0.9179688 1.59889
v 0.06523789 0.0010321 -0.01662379
vt 0.9314675 1.587829
v 0.07859229 0.0010321 -0.01620222
vt 0.9311277 1.598366
v 0.09068724 0.0010321 -0.01572167
vt 0.9309158 1.608056
vn 0.1019897 -0.9941406 -0.02058411
v 0.06523789 0.0010321 -0.03203183
vt 0.9437788 1.587829
vn 0 -0.9960938 -0.08404541
v 0.07805461 0.0010321 -0.03088543
vt 0.943031 1.598227
vn 0.02549744 -0.9956055 -0.08557129
v 0.08734652 0.0010321 -0.02705668
vt 0.9400911 1.606264
vn 0.09130859 -0.9931641 -0.0723877
v 0.1025314 0.003284606 -0.02180764
vt 0.9362792 1.618462
vn 0.4370117 -0.8901367 -0.1264648
v 0.09494002 0.003284606 -0.03640582
vt 0.9483258 1.612394
vn 0.3532715 -0.8896484 -0.2880859
v -0.01119321 0.02022549 2.67827E-05
vt 0.08203125 1.536494
vt 0.05306953 1.52564
vt 0.08203125 1.523438
vt 0.111178 1.525656
v -0.01575585 0.02053476 -0.02601698
vt 0.05695736 1.538312
vt 0.02773124 1.540466
v -0.01575585 0.02053476 0.02607054
vt 0.1072366 1.538334
vt 0.1363991 1.54049
v -0.02711071 0.02022549 -0.04696603
vt 0.03675044 1.550443
vt 0.01215547 1.562426
v -0.02711072 0.02022549 0.04701958
vt 0.1273268 1.550471
vt 0.1517416 1.562533
v -0.04427047 0.02022549 -0.06024492
vt 0.02501094 1.567903
vt 0.009834588 1.587829
v -0.04427047 0.02022549 0.06029847
vt 0.1389007 1.567973
vt 0.1542259 1.587829
v -0.06523789 0.02022549 -0.06406327
vt 0.02303743 1.587829
v -0.06523789 0.02022549 0.06411681
vt 0.1410252 1.587829
v -0.08620531 0.02022549 -0.06024493
vt 0.02502167 1.607774
vt 0.01217276 1.613261
v -0.0862053 0.02022549 0.06029847
vt 0.1388912 1.607689
vt 0.1517247 1.613143
v -0.06523789 0.01012683 0.05840874
vt 0.1315804 1.587829
v -0.1033651 0.02022549 0.04701957
vt 0.1272477 1.625143
vt 0.1363318 1.635151
v -0.0845515 0.01011403 0.0547797
vt 0.1289479 1.604475
v -0.04592429 0.01011403 0.0547797
vt 0.1289816 1.571179
v -0.06523789 0.003284606 0.04753608
vt 0.1209724 1.587829
v -0.02998646 0.01016315 0.04338399
vt 0.1199279 1.556968
v -0.04751269 0.003284606 0.04533866
vt 0.1193132 1.573138
v -0.02023091 0.01012092 0.02393455
vt 0.1031954 1.548266
v -0.03553576 0.003284606 0.03645938
vt 0.1124478 1.563207
v -0.05242118 0.0010321 0.03093899
vt 0.1069648 1.577374
v -0.0279444 0.003284606 0.0218612
vt 0.1004727 1.557063
v -0.04312927 0.0010321 0.02711024
vt 0.1041537 1.569393
v -0.01649015 0.01006679 2.678268E-05
vt 0.08203125 1.546565
v -0.02564258 0.003284606 2.678259E-05
vt 0.08203125 1.555764
v -0.0202309 0.01012092 -0.02388099
vt 0.06094563 1.548232
v -0.03978855 0.0010321 0.01577523
vt 0.09506452 1.56749
v -0.02998645 0.01016315 -0.04333043
vt 0.04411441 1.55693
v -0.0279444 0.003284606 -0.02180764
vt 0.06361026 1.557035
v -0.04592429 0.01011403 -0.05472615
vt 0.0349353 1.571129
v -0.03553576 0.003284606 -0.03640582
vt 0.05155629 1.563164
v -0.04751269 0.003284606 -0.04528511
vt 0.04461122 1.573103
v -0.06523789 0.01012683 -0.05835519
vt 0.03290892 1.587829
v -0.06523789 0.003284606 -0.04748253
vt 0.04296023 1.587829
v -0.05242118 0.0010321 -0.03088543
vt 0.0569219 1.577337
v -0.08455151 0.01011403 -0.05472615
vt 0.03497028 1.604546
v -0.1033651 0.02022549 -0.04696603
vt 0.03682691 1.62519
vt 0.0277968 1.635189
v -0.08296309 0.003284606 -0.04528511
vt 0.04465926 1.602519
v -0.1147199 0.02053476 -0.02601699
vt 0.05704904 1.637232
vt 0.05311751 1.649948
v -0.1004893 0.01016315 -0.04333044
vt 0.04422045 1.618678
v -0.1192826 0.0202255 2.67827E-05
vt 0.08203125 1.639162
vt 0.08203125 1.652219
vt 0.1111337 1.649911
v -0.1102449 0.01012092 -0.023881
vt 0.06108147 1.627235
v -0.09494002 0.003284606 -0.03640582
vt 0.05167419 1.612394
v -0.1147199 0.02053476 0.02607054
vt 0.1071437 1.637179
v -0.1139856 0.01006679 2.678268E-05
vt 0.08203125 1.629019
v -0.1004893 0.01016315 0.04338399
vt 0.1198179 1.618613
v -0.1102448 0.01012092 0.02393454
vt 0.1030571 1.627155
v -0.08296309 0.003284606 0.04533866
vt 0.1192665 1.602455
v -0.09494001 0.003284606 0.03645938
vt 0.1123281 1.612314
v -0.0780546 0.0010321 0.03093898
vt 0.1069223 1.598149
v -0.06523789 0.0010321 0.03208539
vt 0.1078411 1.587829
v -0.08734652 0.0010321 0.02711024
vt 0.1041537 1.606264
v -0.06523789 0.0010321 0.01667735
vt 0.09526211 1.587829
v -0.1025314 0.003284606 0.0218612
vt 0.1003608 1.618389
v -0.07859228 0.0010321 0.01625578
vt 0.09495777 1.598265
v -0.09068722 0.0010321 0.01577523
vt 0.0949381 1.607997
v -0.1048332 0.003284606 2.678259E-05
vt 0.08203125 1.619807
v -0.07910915 0.0010321 2.678067E-05
vt 0.08203125 1.59889
v -0.1025314 0.003284606 -0.02180764
vt 0.06372076 1.618462
v -0.09194528 0.0010321 2.678077E-05
vt 0.08203125 1.608852
v -0.09068724 0.0010321 -0.01572167
vt 0.06908423 1.608056
v -0.08734652 0.0010321 -0.02705668
vt 0.05990887 1.606264
v -0.07805461 0.0010321 -0.03088543
vt 0.05696905 1.598227
v -0.07859229 0.0010321 -0.01620222
vt 0.06887233 1.598366
v -0.06523789 0.0010321 2.678056E-05
vt 0.08203125 1.587829
v -0.06523789 0.0010321 -0.03203183
vt 0.05622125 1.587829
v -0.06523789 0.0010321 -0.01662379
vt 0.06853253 1.587829
v -0.0518835 0.0010321 0.01625578
vt 0.09495503 1.577421
v -0.0518835 0.0010321 -0.01620222
vt 0.06886756 1.577351
v -0.05136663 0.0010321 2.678067E-05
vt 0.08203125 1.576767
v -0.03853049 0.0010321 2.678077E-05
vt 0.08203125 1.566724
v -0.03978855 0.0010321 -0.01572167
vt 0.06896025 1.56748
v -0.04312926 0.0010321 -0.02705668
vt 0.05990887 1.569393
o pm0285_00_00_body_mesh_shape_body_b
g polygon_0
usemtl body_b
f 1/1/1 2/2/2 3/3/3
f 2/2/2 1/1/1 4/4/4
f 4/4/4 1/1/1 5/5/5
f 5/5/5 6/6/6 4/4/4
f 6/6/6 5/5/5 7/7/7
f 8/8/8 6/6/6 7/7/7
f 6/6/6 8/8/8 9/9/9
f 10/10/10 9/9/9 8/8/8
f 9/9/9 10/10/10 11/11/11
f 9/9/9 11/11/11 12/12/12
f 10/10/10 13/13/13 11/11/11
f 12/12/12 11/11/11 14/14/14
f 14/14/14 11/11/11 13/13/13
f 12/12/12 14/14/14 15/15/15
f 10/10/10 16/16/16 13/13/13
f 13/13/13 16/16/16 14/14/14
f 17/17/17 16/16/16 10/10/10
f 14/14/14 18/18/18 15/15/15
f 15/15/15 18/18/18 19/19/19
f 14/14/14 16/16/16 20/20/20
f 14/14/14 20/20/20 18/18/18
f 16/16/16 17/17/17 21/21/21
f 16/16/16 21/21/21 20/20/20
f 22/22/22 21/21/21 17/17/17
f 22/22/22 23/23/23 21/21/21
f 20/20/20 21/21/21 24/24/24
f 20/20/20 24/24/24 18/18/18
f 21/21/21 23/23/23 25/25/25
f 25/25/25 24/24/24 21/21/21
f 25/25/25 23/23/23 26/26/26
f 27/27/27 26/26/26 28/28/28
f 25/25/25 26/26/26 27/27/27
f 27/27/27 29/29/29 25/25/25
f 24/24/24 25/25/25 29/29/29
f 29/29/29 27/27/27 30/30/30
f 30/30/30 31/31/31 29/29/29
f 24/24/24 29/29/29 32/32/32
f 18/18/18 24/24/24 32/32/32
f 29/29/29 31/31/31 33/33/33
f 32/32/32 29/29/29 33/33/33
f 31/31/31 34/34/34 33/33/33
f 35/35/35 34/34/34 31/31/31
f 35/35/35 36/36/36 34/34/34
f 32/32/32 33/33/33 37/37/37
f 37/37/37 33/33/33 34/34/34
f 34/34/34 36/36/36 38/38/38
f 37/37/37 34/34/34 38/38/38
f 36/36/36 39/39/39 38/38/38
f 40/40/40 32/32/32 37/37/37
f 18/18/18 32/32/32 40/40/40
f 19/19/19 18/18/18 40/40/40
f 40/40/40 41/41/41 19/19/19
f 37/37/37 38/38/38 42/42/42
f 40/40/40 37/37/37 42/42/42
f 40/40/40 42/42/42 41/41/41
f 38/38/38 39/39/39 42/42/42
f 42/42/42 43/43/43 41/41/41
f 39/39/39 43/43/43 42/42/42
f 39/39/39 44/44/44 43/43/43
f 45/45/45 3/46/3 2/47/2
f 46/48/46 45/45/45 2/47/2
f 47/49/47 45/45/45 46/48/46
f 48/50/48 47/49/47 46/48/46
f 47/49/47 48/50/48 49/51/49
f 48/50/48 50/52/50 49/51/49
f 50/52/50 48/50/48 51/53/51
f 51/53/51 52/54/52 50/52/50
f 52/54/52 51/53/51 53/55/53
f 51/53/51 54/56/54 53/55/53
f 52/54/52 53/55/53 55/57/55
f 56/58/56 53/55/53 54/56/54
f 55/57/55 53/55/53 56/58/56
f 54/56/54 57/59/57 56/58/56
f 52/54/52 55/57/55 58/60/58
f 56/58/56 58/60/58 55/57/55
f 58/60/58 59/61/59 52/54/52
f 56/58/56 57/59/57 60/62/60
f 57/59/57 61/63/61 60/62/60
f 62/64/62 58/60/58 56/58/56
f 56/58/56 60/62/60 62/64/62
f 59/61/59 58/60/58 63/65/63
f 58/60/58 62/64/62 63/65/63
f 63/65/63 64/66/64 59/61/59
f 64/66/64 63/65/63 65/67/65
f 63/65/63 62/64/62 66/68/66
f 62/64/62 60/62/60 66/68/66
f 65/67/65 63/65/63 67/69/67
f 66/68/66 67/69/67 63/65/63
f 68/70/68 65/67/65 67/69/67
f 68/70/68 27/71/27 28/72/28
f 68/70/68 67/69/67 27/71/27
f 69/73/69 27/71/27 67/69/67
f 67/69/67 66/68/66 69/73/69
f 27/71/27 69/73/69 30/74/30
f 30/74/30 69/73/69 31/75/31
f 66/68/66 70/76/70 69/73/69
f 66/68/66 60/62/60 70/76/70
f 31/75/31 69/73/69 71/77/71
f 69/73/69 70/76/70 71/77/71
f 71/77/71 72/78/72 31/75/31
f 31/75/31 72/78/72 35/79/35
f 35/79/35 72/78/72 36/80/36
f 70/76/70 73/81/73 71/77/71
f 71/77/71 73/81/73 72/78/72
f 36/80/36 72/78/72 74/82/74
f 73/81/73 74/82/74 72/78/72
f 36/80/36 74/82/74 39/83/39
f 70/76/70 75/84/75 73/81/73
f 60/62/60 75/84/75 70/76/70
f 60/62/60 61/63/61 75/84/75
f 61/63/61 76/85/76 75/84/75
f 73/81/73 77/86/77 74/82/74
f 75/84/75 77/86/77 73/81/73
f 75/84/75 76/85/76 77/86/77
f 39/83/39 74/82/74 77/86/77
f 77/86/77 76/85/76 78/87/78
f 39/83/39 77/86/77 78/87/78
f 39/83/39 78/87/78 44/88/44
f 79/89/79 80/90/80 81/91/81
f 82/92/82 80/90/80 79/89/79
f 79/89/79 83/93/83 82/92/82
f 82/92/82 84/94/84 80/90/80
f 82/92/82 83/93/83 85/95/85
f 86/96/86 85/95/85 83/93/83
f 87/97/87 84/94/84 82/92/82
f 88/98/88 84/94/84 87/97/87
f 87/97/87 89/99/89 88/98/88
f 82/92/82 90/100/90 87/97/87
f 85/95/85 90/100/90 82/92/82
f 91/101/91 89/99/89 87/97/87
f 87/97/87 90/100/90 91/101/91
f 91/101/91 92/102/92 89/99/89
f 93/103/93 85/95/85 86/96/86
f 86/96/86 94/104/94 93/103/93
f 95/105/95 85/95/85 93/103/93
f 90/100/90 85/95/85 95/105/95
f 93/103/93 94/104/94 96/106/96
f 93/103/93 96/106/96 95/105/95
f 94/104/94 97/107/97 96/106/96
f 98/108/98 90/100/90 95/105/95
f 95/105/95 96/106/96 99/109/99
f 95/105/95 99/109/99 98/108/98
f 96/106/96 97/107/97 100/110/100
f 96/106/96 100/110/100 99/109/99
f 101/111/101 90/100/90 98/108/98
f 91/101/91 90/100/90 101/111/101
f 97/107/97 102/112/102 100/110/100
f 103/113/103 102/112/102 97/107/97
f 104/114/104 102/112/102 103/113/103
f 101/111/101 105/115/105 91/101/91
f 105/115/105 92/102/92 91/101/91
f 106/116/106 92/102/92 105/115/105
f 105/115/105 107/117/107 106/116/106
f 108/118/108 105/115/105 101/111/101
f 98/108/98 108/118/108 101/111/101
f 107/117/107 105/115/105 109/119/109
f 108/118/108 110/120/110 105/115/105
f 105/115/105 110/120/110 109/119/109
f 107/117/107 109/119/109 111/121/111
f 111/121/111 112/122/112 107/117/107
f 109/119/109 110/120/110 113/123/113
f 109/119/109 113/123/113 111/121/111
f 111/121/111 114/124/114 112/122/112
f 112/122/112 114/124/114 115/125/115
f 111/121/111 113/123/113 116/126/116
f 111/121/111 116/126/116 114/124/114
f 113/123/113 110/120/110 117/127/117
f 113/123/113 117/127/117 116/126/116
f 110/120/110 118/128/118 117/127/117
f 118/128/118 110/120/110 108/118/108
f 116/126/116 117/127/117 119/129/119
f 120/130/120 116/126/116 119/129/119
f 121/131/121 117/127/117 118/128/118
f 108/118/108 121/131/121 118/128/118
f 122/132/122 116/126/116 120/130/120
f 120/130/120 10/133/123 122/132/122
f 122/132/122 10/133/123 8/134/124
f 116/126/116 122/132/122 123/135/125
f 114/124/114 116/126/116 123/135/125
f 122/132/122 8/134/124 124/136/126
f 123/135/125 122/132/122 124/136/126
f 124/136/126 8/134/124 7/137/127
f 124/136/126 7/137/127 125/138/128
f 123/135/125 124/136/126 125/138/128
f 125/138/128 7/137/127 5/139/129
f 114/124/114 123/135/125 126/140/130
f 115/125/115 114/124/114 126/140/130
f 5/139/129 127/141/131 125/138/128
f 1/142/132 127/141/131 5/139/129
f 123/135/125 125/138/128 128/143/133
f 128/143/133 125/138/128 127/141/131
f 126/140/130 123/135/125 128/143/133
f 1/142/132 129/144/134 127/141/131
f 127/141/131 129/144/134 128/143/133
f 3/145/135 129/144/134 1/142/132
f 3/145/135 45/146/136 129/144/134
f 129/144/134 45/146/136 130/147/137
f 130/147/137 128/143/133 129/144/134
f 47/148/138 130/147/137 45/146/136
f 131/149/139 130/147/137 47/148/138
f 130/147/137 131/149/139 128/143/133
f 49/150/140 131/149/139 47/148/138
f 128/143/133 131/149/139 132/151/141
f 132/151/141 126/140/130 128/143/133
f 133/152/142 131/149/139 49/150/140
f 133/152/142 132/151/141 131/149/139
f 49/150/140 50/153/143 133/152/142
f 133/152/142 50/153/143 134/154/144
f 134/154/144 132/151/141 133/152/142
f 50/153/143 52/155/145 134/154/144
f 134/154/144 52/155/145 135/156/146
f 134/154/144 135/156/146 136/157/147
f 136/157/147 132/151/141 134/154/144
f 136/157/147 135/156/146 137/158/148
f 138/159/149 126/140/130 132/151/141
f 136/157/147 138/159/149 132/151/141
f 126/140/130 138/159/149 115/125/115
f 115/125/115 138/159/149 139/160/150
f 137/158/148 140/161/151 136/157/147
f 139/160/150 138/159/149 141/162/152
f 141/162/152 138/159/149 136/157/147
f 141/162/152 142/163/153 139/160/150
f 143/164/154 141/162/152 136/157/147
f 136/157/147 140/161/151 143/164/154
f 142/163/153 141/162/152 144/165/155
f 144/165/155 141/162/152 143/164/154
f 142/163/153 144/165/155 145/166/156
f 142/163/153 145/166/156 146/167/157
f 147/168/158 144/165/155 143/164/154
f 145/166/156 144/165/155 147/168/158
f 143/164/154 140/161/151 147/168/158
f 145/166/156 148/169/159 146/167/157
f 149/170/160 147/168/158 140/161/151
f 150/171/161 148/169/159 145/166/156
f 150/171/161 151/172/162 148/169/159
f 145/166/156 147/168/158 152/173/163
f 152/173/163 147/168/158 149/170/160
f 150/171/161 145/166/156 153/174/164
f 153/174/164 145/166/156 152/173/163
f 150/171/161 154/175/165 151/172/162
f 151/172/162 154/175/165 155/176/166
f 154/175/165 156/177/167 155/176/166
f 157/178/168 150/171/161 153/174/164
f 154/175/165 150/171/161 157/178/168
f 158/179/169 156/177/167 154/175/165
f 154/175/165 157/178/168 158/179/169
f 158/179/169 159/180/170 156/177/167
f 159/180/170 160/181/171 161/182/172
f 158/179/169 160/181/171 159/180/170
f 160/181/171 158/179/169 162/183/173
f 162/183/173 158/179/169 163/184/174
f 158/179/169 157/178/168 163/184/174
f 163/184/174 164/185/175 162/183/173
f 165/186/176 164/185/175 163/184/174
f 164/185/175 165/186/176 166/187/177
f 167/188/178 163/184/174 157/178/168
f 165/186/176 163/184/174 167/188/178
f 166/187/177 165/186/176 168/189/179
f 165/186/176 167/188/178 168/189/179
f 166/187/177 168/189/179 169/190/180
f 167/188/178 157/178/168 170/191/181
f 170/191/181 157/178/168 153/174/164
f 152/173/163 170/191/181 153/174/164
f 168/189/179 167/188/178 171/192/182
f 167/188/178 170/191/181 171/192/182
f 169/190/180 168/189/179 172/193/183
f 168/189/179 171/192/182 172/193/183
f 172/193/183 173/194/184 169/190/180
f 169/190/180 173/194/184 174/195/185
f 174/195/185 173/194/184 175/196/186
f 172/193/183 171/192/182 176/197/187
f 175/196/186 173/194/184 177/198/188
f 175/196/186 177/198/188 178/199/189
f 172/193/183 179/200/190 173/194/184
f 176/197/187 179/200/190 172/193/183
f 177/198/188 173/194/184 180/201/191
f 180/201/191 173/194/184 179/200/190
f 178/199/189 177/198/188 181/202/192
f 178/199/189 181/202/192 182/203/193
f 180/201/191 183/204/194 177/198/188
f 177/198/188 183/204/194 181/202/192
f 182/203/193 181/202/192 184/205/195
f 182/203/193 184/205/195 185/206/196
f 185/206/196 184/205/195 186/207/197
f 184/205/195 187/208/198 186/207/197
f 181/202/192 188/209/199 184/205/195
f 188/209/199 187/208/198 184/205/195
f 183/204/194 188/209/199 181/202/192
f 188/209/199 189/210/200 187/208/198
f 187/208/198 189/210/200 190/211/201
f 183/204/194 191/212/202 188/209/199
f 188/209/199 191/212/202 189/210/200
f 189/210/200 192/213/203 190/211/201
f 190/211/201 192/213/203 193/214/204
f 192/213/203 194/215/205 193/214/204
f 189/210/200 195/216/206 192/213/203
f 191/212/202 195/216/206 189/210/200
f 196/217/207 194/215/205 192/213/203
f 195/216/206 196/217/207 192/213/203
f 196/217/207 197/218/208 194/215/205
f 191/212/202 198/219/209 195/216/206
f 199/220/210 196/217/207 195/216/206
f 198/219/209 199/220/210 195/216/206
f 200/221/211 197/218/208 196/217/207
f 199/220/210 200/221/211 196/217/207
f 183/204/194 201/222/212 191/212/202
f 201/222/212 198/219/209 191/212/202
f 180/201/191 201/222/212 183/204/194
f 180/201/191 202/223/213 201/222/212
f 179/200/190 202/223/213 180/201/191
f 201/222/212 203/224/214 198/219/209
f 202/223/213 203/224/214 201/222/212
f 204/225/215 199/220/210 198/219/209
f 198/219/209 203/224/214 204/225/215
f 179/200/190 205/226/216 202/223/213
f 176/197/187 205/226/216 179/200/190
f 171/192/182 205/226/216 176/197/187
f 202/223/213 206/227/217 203/224/214
f 205/226/216 206/227/217 202/223/213
f 207/228/218 205/226/216 171/192/182
f 171/192/182 170/191/181 207/228/218
f 208/229/219 206/227/217 205/226/216
f 207/228/218 208/229/219 205/226/216
f 203/224/214 206/227/217 209/230/220
f 206/227/217 208/229/219 209/230/220
f 170/191/181 210/231/221 207/228/218
f 210/231/221 170/191/181 152/173/163
f 211/232/222 208/229/219 207/228/218
f 207/228/218 210/231/221 211/232/222
f 152/173/163 212/233/223 210/231/221
f 149/170/160 212/233/223 152/173/163
f 140/161/151 212/233/223 149/170/160
f 210/231/221 213/234/224 211/232/222
f 210/231/221 212/233/223 213/234/224
f 214/235/225 212/233/223 140/161/151
f 140/161/151 137/236/226 214/235/225
f 135/237/227 214/235/225 137/236/226
f 214/235/225 215/238/228 212/233/223
f 215/238/228 213/234/224 212/233/223
f 135/237/227 216/239/229 214/235/225
f 214/235/225 216/239/229 215/238/228
f 52/240/230 216/239/229 135/237/227
f 52/240/230 59/241/231 216/239/229
f 216/239/229 59/241/231 217/242/232
f 217/242/232 59/241/231 64/243/233
f 65/244/234 217/242/232 64/243/233
f 217/242/232 218/245/235 216/239/229
f 216/239/229 218/245/235 215/238/228
f 219/246/236 217/242/232 65/244/234
f 68/247/237 219/246/236 65/244/234
f 220/248/238 217/242/232 219/246/236
f 218/245/235 217/242/232 220/248/238
f 221/249/239 219/246/236 68/247/237
f 221/249/239 220/248/238 219/246/236
f 28/250/240 221/249/239 68/247/237
f 222/251/241 218/245/235 220/248/238
f 223/252/242 221/249/239 28/250/240
f 224/253/243 220/248/238 221/249/239
f 221/249/239 223/252/242 224/253/243
f 225/254/244 218/245/235 222/251/241
f 218/245/235 225/254/244 215/238/228
f 28/250/240 226/255/245 223/252/242
f 26/256/246 226/255/245 28/250/240
f 215/238/228 225/254/244 227/257/247
f 26/256/246 228/258/248 226/255/245
f 23/259/249 228/258/248 26/256/246
f 229/260/250 227/257/247 225/254/244
f 225/254/244 222/251/241 229/260/250
f 23/259/249 230/261/251 228/258/248
f 22/262/252 230/261/251 23/259/249
f 17/263/253 230/261/251 22/262/252
f 228/258/248 231/264/254 226/255/245
f 230/261/251 231/264/254 228/258/248
f 232/265/255 230/261/251 17/263/253
f 10/266/256 232/265/255 17/263/253
f 10/266/256 120/267/257 232/265/255
f 230/261/251 232/265/255 233/268/258
f 233/268/258 231/264/254 230/261/251
f 232/265/255 120/267/257 234/269/259
f 234/269/259 120/267/257 119/270/260
f 117/127/117 234/269/259 119/270/260
f 234/269/259 117/127/117 121/131/121
f 235/271/261 232/265/255 234/269/259
f 235/271/261 234/269/259 121/131/121
f 233/268/258 232/265/255 235/271/261
f 236/272/262 235/271/261 121/131/121
f 235/271/261 237/273/263 233/268/258
f 236/272/262 121/131/121 238/274/264
f 238/274/264 121/131/121 108/118/108
f 238/274/264 108/118/108 98/108/98
f 237/273/263 239/275/265 233/268/258
f 233/268/258 239/275/265 231/264/254
f 98/108/98 240/276/266 238/274/264
f 98/108/98 99/109/99 240/276/266
f 238/274/264 240/276/266 241/277/267
f 238/274/264 241/277/267 236/272/262
f 99/109/99 242/278/268 240/276/266
f 236/272/262 241/277/267 243/279/269
f 240/276/266 244/280/270 241/277/267
f 241/277/267 244/280/270 243/279/269
f 242/278/268 244/280/270 240/276/266
f 243/279/269 245/281/271 236/272/262
f 236/272/262 245/281/271 235/271/261
f 246/282/272 242/278/268 99/109/99
f 99/109/99 100/110/100 246/282/272
f 100/110/100 247/283/273 246/282/272
f 246/282/272 247/283/273 242/278/268
f 102/112/102 247/283/273 100/110/100
f 235/271/261 245/281/271 248/284/274
f 248/284/274 237/273/263 235/271/261
f 102/112/102 249/285/275 247/283/273
f 237/273/263 248/284/274 250/286/276
f 250/286/276 239/275/265 237/273/263
f 242/278/268 247/283/273 251/287/277
f 249/285/275 251/287/277 247/283/273
f 251/287/277 252/288/278 242/278/268
f 242/278/268 252/288/278 244/280/270
f 253/289/279 251/287/277 249/285/275
f 252/288/278 251/287/277 254/290/280
f 253/289/279 254/290/280 251/287/277
f 252/288/278 255/291/281 244/280/270
f 254/290/280 255/291/281 252/288/278
f 256/292/282 249/285/275 102/112/102
f 256/292/282 102/112/102 104/114/104
f 104/114/104 257/293/283 256/292/282
f 256/292/282 258/294/284 249/285/275
f 249/285/275 258/294/284 253/289/279
f 256/292/282 257/293/283 259/295/285
f 259/295/285 258/294/284 256/292/282
f 257/293/283 260/296/286 259/295/285
f 253/289/279 258/294/284 261/297/287
f 259/295/285 260/296/286 262/298/288
f 260/296/286 263/299/289 262/298/288
f 262/298/288 263/299/289 264/300/290
f 264/300/290 265/301/291 262/298/288
f 259/295/285 266/302/292 258/294/284
f 262/298/288 266/302/292 259/295/285
f 262/298/288 265/301/291 266/302/292
f 258/294/284 266/302/292 261/297/287
f 266/302/292 265/301/291 267/303/293
f 261/297/287 266/302/292 267/303/293
f 267/303/293 265/301/291 268/304/294
f 253/289/279 261/297/287 269/305/295
f 269/305/295 254/290/280 253/289/279
f 261/297/287 267/303/293 270/306/296
f 269/305/295 261/297/287 270/306/296
f 267/303/293 268/304/294 271/307/297
f 270/306/296 267/303/293 271/307/297
f 271/307/297 268/304/294 272/308/298
f 272/308/298 273/309/299 271/307/297
f 271/307/297 273/309/299 274/310/300
f 271/307/297 274/310/300 270/306/296
f 273/309/299 197/218/208 274/310/300
f 274/310/300 197/218/208 200/221/211
f 270/306/296 274/310/300 275/311/301
f 200/221/211 275/311/301 274/310/300
f 270/306/296 275/311/301 269/305/295
f 276/312/302 275/311/301 200/221/211
f 276/312/302 200/221/211 199/220/210
f 269/305/295 275/311/301 277/313/303
f 276/312/302 277/313/303 275/311/301
f 277/313/303 254/290/280 269/305/295
f 204/225/215 276/312/302 199/220/210
f 278/314/304 254/290/280 277/313/303
f 279/315/305 277/313/303 276/312/302
f 279/315/305 276/312/302 204/225/215
f 277/313/303 279/315/305 278/314/304
f 278/314/304 255/291/281 254/290/280
f 204/225/215 280/316/306 279/315/305
f 204/225/215 203/224/214 280/316/306
f 209/230/220 280/316/306 203/224/214
f 278/314/304 279/315/305 281/317/307
f 279/315/305 280/316/306 281/317/307
f 282/318/308 255/291/281 278/314/304
f 278/314/304 281/317/307 283/319/309
f 278/314/304 283/319/309 282/318/308
f 282/318/308 284/320/310 255/291/281
f 244/280/270 255/291/281 284/320/310
f 282/318/308 283/319/309 285/321/311
f 285/321/311 284/320/310 282/318/308
f 244/280/270 284/320/310 286/322/312
f 243/279/269 244/280/270 286/322/312
f 286/322/312 284/320/310 287/323/313
f 287/323/313 284/320/310 285/321/311
f 286/322/312 288/324/314 243/279/269
f 286/322/312 287/323/313 288/324/314
f 243/279/269 288/324/314 289/325/315
f 245/281/271 243/279/269 289/325/315
f 245/281/271 289/325/315 290/326/316
f 248/284/274 245/281/271 290/326/316
f 289/325/315 288/324/314 291/327/317
f 248/284/274 290/326/316 292/328/318
f 250/286/276 248/284/274 292/328/318
f 290/326/316 289/325/315 293/329/319
f 289/325/315 291/327/317 293/329/319
f 292/328/318 290/326/316 294/330/320
f 290/326/316 293/329/319 294/330/320
f 250/286/276 292/328/318 295/331/321
f 292/328/318 294/330/320 296/332/322
f 295/331/321 292/328/318 296/332/322
f 296/332/322 294/330/320 297/333/323
f 250/286/276 295/331/321 298/334/324
f 294/330/320 299/335/325 297/333/323
f 294/330/320 293/329/319 299/335/325
f 293/329/319 291/327/317 299/335/325
f 297/333/323 299/335/325 300/336/326
f 298/334/324 295/331/321 301/337/327
f 298/334/324 239/275/265 250/286/276
f 299/335/325 302/338/328 300/336/326
f 299/335/325 291/327/317 302/338/328
f 300/336/326 302/338/328 303/339/329
f 302/338/328 304/340/330 303/339/329
f 305/341/331 304/340/330 302/338/328
f 302/338/328 291/327/317 305/341/331
f 305/341/331 306/342/332 304/340/330
f 305/341/331 291/327/317 307/343/333
f 291/327/317 288/324/314 307/343/333
f 308/344/334 306/342/332 305/341/331
f 305/341/331 307/343/333 308/344/334
f 308/344/334 309/345/335 306/342/332
f 288/324/314 310/346/336 307/343/333
f 308/344/334 307/343/333 310/346/336
f 287/323/313 310/346/336 288/324/314
f 311/347/337 309/345/335 308/344/334
f 310/346/336 311/347/337 308/344/334
f 311/347/337 312/348/338 309/345/335
f 313/349/339 311/347/337 310/346/336
f 310/346/336 287/323/313 313/349/339
f 314/350/340 312/348/338 311/347/337
f 311/347/337 313/349/339 314/350/340
f 313/349/339 287/323/313 315/351/341
f 314/350/340 313/349/339 315/351/341
f 314/350/340 316/352/342 312/348/338
f 312/348/338 316/352/342 317/353/343
f 318/354/344 314/350/340 315/351/341
f 316/352/342 314/350/340 318/354/344
f 319/355/345 315/351/341 287/323/313
f 319/355/345 318/354/344 315/351/341
f 285/321/311 319/355/345 287/323/313
f 318/354/344 320/356/346 316/352/342
f 318/354/344 319/355/345 320/356/346
f 321/357/347 317/353/343 316/352/342
f 316/352/342 320/356/346 321/357/347
f 322/358/348 317/353/343 321/357/347
f 323/359/349 321/357/347 320/356/346
f 321/357/347 324/360/350 322/358/348
f 324/360/350 321/357/347 323/359/349
f 322/358/348 324/360/350 325/361/351
f 323/359/349 320/356/346 326/362/352
f 326/362/352 320/356/346 319/355/345
f 324/360/350 327/363/353 325/361/351
f 325/361/351 327/363/353 328/364/354
f 327/363/353 329/365/355 328/364/354
f 323/359/349 330/366/356 324/360/350
f 324/360/350 330/366/356 327/363/353
f 323/359/349 326/362/352 330/366/356
f 331/367/357 329/365/355 327/363/353
f 330/366/356 331/367/357 327/363/353
f 329/365/355 331/367/357 332/368/358
f 333/369/359 331/367/357 330/366/356
f 332/368/358 331/367/357 334/370/360
f 333/369/359 334/370/360 331/367/357
f 334/370/360 301/337/327 332/368/358
f 298/334/324 301/337/327 334/370/360
f 335/371/361 298/334/324 334/370/360
f 335/371/361 334/370/360 333/369/359
f 239/275/265 298/334/324 335/371/361
f 335/371/361 231/264/254 239/275/265
f 336/372/362 335/371/361 333/369/359
f 231/264/254 335/371/361 336/372/362
f 330/366/356 336/372/362 333/369/359
f 330/366/356 326/362/352 336/372/362
f 231/264/254 336/372/362 337/373/363
f 226/255/245 231/264/254 337/373/363
f 226/255/245 337/373/363 223/252/242
f 338/374/364 337/373/363 336/372/362
f 223/252/242 337/373/363 338/374/364
f 336/372/362 326/362/352 338/374/364
f 224/253/243 223/252/242 338/374/364
f 338/374/364 326/362/352 339/375/365
f 319/355/345 339/375/365 326/362/352
f 340/376/366 224/253/243 338/374/364
f 220/248/238 224/253/243 340/376/366
f 339/375/365 341/377/367 338/374/364
f 338/374/364 341/377/367 340/376/366
f 319/355/345 342/378/368 339/375/365
f 342/378/368 319/355/345 285/321/311
f 285/321/311 283/319/309 342/378/368
f 283/319/309 343/379/369 342/378/368
f 283/319/309 281/317/307 343/379/369
f 339/375/365 342/378/368 344/380/370
f 342/378/368 343/379/369 344/380/370
f 345/381/371 339/375/365 344/380/370
f 343/379/369 345/381/371 344/380/370
f 281/317/307 346/382/372 343/379/369
f 346/382/372 345/381/371 343/379/369
f 280/316/306 346/382/372 281/317/307
f 347/383/373 339/375/365 345/381/371
f 347/383/373 341/377/367 339/375/365
f 346/382/372 348/384/374 345/381/371
f 348/384/374 347/383/373 345/381/371
f 280/316/306 349/385/375 346/382/372
f 349/385/375 348/384/374 346/382/372
f 349/385/375 280/316/306 209/230/220
f 350/386/376 349/385/375 209/230/220
f 348/384/374 349/385/375 350/386/376
f 209/230/220 208/229/219 350/386/376
f 350/386/376 351/387/377 348/384/374
f 351/387/377 347/383/373 348/384/374
f 350/386/376 208/229/219 352/388/378
f 352/388/378 351/387/377 350/386/376
f 352/388/378 208/229/219 353/389/379
f 353/389/379 208/229/219 211/232/222
f 211/232/222 213/234/224 353/389/379
f 354/390/380 352/388/378 353/389/379
f 354/390/380 351/387/377 352/388/378
f 353/389/379 213/234/224 355/391/381
f 355/391/381 213/234/224 215/238/228
f 215/238/228 227/257/247 355/391/381
f 353/389/379 355/391/381 356/392/382
f 354/390/380 353/389/379 356/392/382
f 355/391/381 227/257/247 357/393/383
f 357/393/383 356/392/382 355/391/381
f 227/257/247 358/394/384 357/393/383
f 358/394/384 227/257/247 229/260/250
f 359/395/385 356/392/382 357/393/383
f 229/260/250 360/396/386 358/394/384
f 357/393/383 358/394/384 361/397/387
f 357/393/383 361/397/387 359/395/385
f 358/394/384 360/396/386 362/398/388
f 358/394/384 362/398/388 361/397/387
f 361/397/387 362/398/388 363/399/389
f 364/400/390 360/396/386 229/260/250
f 229/260/250 222/251/241 364/400/390
f 365/401/391 360/396/386 364/400/390
f 361/397/387 363/399/389 366/402/392
f 359/395/385 361/397/387 366/402/392
f 366/402/392 363/399/389 367/403/393
f 368/404/394 365/401/391 364/400/390
f 369/405/395 365/401/391 368/404/394
f 370/406/396 364/400/390 222/251/241
f 368/404/394 364/400/390 370/406/396
f 220/248/238 370/406/396 222/251/241
f 220/248/238 340/376/366 370/406/396
f 371/407/397 368/404/394 370/406/396
f 370/406/396 340/376/366 371/407/397
f 372/408/398 369/405/395 368/404/394
f 372/408/398 368/404/394 371/407/397
f 373/409/399 369/405/395 372/408/398
f 371/407/397 340/376/366 374/410/400
f 374/410/400 372/408/398 371/407/397
f 340/376/366 341/377/367 374/410/400
f 375/411/401 373/409/399 372/408/398
f 375/411/401 372/408/398 374/410/400
f 376/412/402 373/409/399 375/411/401
f 375/411/401 377/413/403 376/412/402
f 378/414/404 377/413/403 375/411/401
f 374/410/400 378/414/404 375/411/401
f 378/414/404 379/415/405 377/413/403
f 374/410/400 341/377/367 380/416/406
f 380/416/406 378/414/404 374/410/400
f 381/417/407 379/415/405 378/414/404
f 378/414/404 380/416/406 381/417/407
f 379/415/405 381/417/407 382/418/408
f 341/377/367 383/419/409 380/416/406
f 381/417/407 380/416/406 383/419/409
f 347/383/373 383/419/409 341/377/367
f 382/418/408 381/417/407 384/420/410
f 381/417/407 383/419/409 384/420/410
f 384/420/410 385/421/411 382/418/408
f 383/419/409 347/383/373 386/422/412
f 384/420/410 383/419/409 386/422/412
f 347/383/373 387/423/413 386/422/412
f 351/387/377 387/423/413 347/383/373
f 386/422/412 388/424/414 384/420/410
f 387/423/413 388/424/414 386/422/412
f 388/424/414 385/421/411 384/420/410
f 351/387/377 389/425/415 387/423/413
f 387/423/413 389/425/415 388/424/414
f 390/426/416 385/421/411 388/424/414
f 388/424/414 389/425/415 390/426/416
f 391/427/417 385/421/411 390/426/416
f 351/387/377 392/428/418 389/425/415
f 392/428/418 390/426/416 389/425/415
f 351/387/377 354/390/380 392/428/418
f 393/429/419 391/427/417 390/426/416
f 393/429/419 390/426/416 392/428/418
f 394/430/420 391/427/417 393/429/419
f 392/428/418 354/390/380 395/431/421
f 395/431/421 393/429/419 392/428/418
f 396/432/422 394/430/420 393/429/419
f 396/432/422 393/429/419 395/431/421
f 397/433/423 394/430/420 396/432/422
f 354/390/380 398/434/424 395/431/421
f 398/434/424 396/432/422 395/431/421
f 356/392/382 398/434/424 354/390/380
f 356/392/382 359/395/385 398/434/424
f 366/402/392 398/434/424 359/395/385
f 399/435/425 397/433/423 396/432/422
f 399/435/425 396/432/422 398/434/424
f 399/435/425 398/434/424 366/402/392
f 400/436/426 397/433/423 399/435/425
f 366/402/392 367/403/393 399/435/425
f 399/435/425 367/403/393 400/436/426
f 401/437/427 79/438/79 81/439/81
f 402/440/428 79/438/79 401/437/427
f 402/440/428 401/437/427 403/441/429
f 79/438/79 402/440/428 83/442/83
f 402/440/428 403/441/429 404/443/430
f 404/443/430 403/441/429 405/444/431
f 406/445/432 404/443/430 405/444/431
f 83/442/83 402/440/428 407/446/433
f 408/447/434 404/443/430 406/445/432
f 408/447/434 406/445/432 409/448/435
f 404/443/430 410/449/436 402/440/428
f 404/443/430 408/447/434 410/449/436
f 402/440/428 410/449/436 407/446/433
f 408/447/434 409/448/435 411/450/437
f 411/450/437 409/448/435 412/451/438
f 413/452/439 411/450/437 412/451/438
f 410/449/436 408/447/434 414/453/440
f 408/447/434 411/450/437 414/453/440
f 415/454/441 411/450/437 413/452/439
f 415/454/441 413/452/439 416/455/442
f 414/453/440 411/450/437 417/456/443
f 411/450/437 415/454/441 417/456/443
f 418/457/444 410/449/436 414/453/440
f 415/454/441 416/455/442 419/458/445
f 419/458/445 416/455/442 420/459/446
f 420/459/446 421/460/447 419/458/445
f 417/456/443 415/454/441 422/461/448
f 415/454/441 419/458/445 422/461/448
f 423/462/449 414/453/440 417/456/443
f 418/457/444 414/453/440 423/462/449
f 424/463/450 417/456/443 422/461/448
f 423/462/449 417/456/443 424/463/450
f 422/461/448 419/458/445 425/464/451
f 424/463/450 422/461/448 426/465/452
f 426/465/452 422/461/448 425/464/451
f 419/458/445 427/466/453 425/464/451
f 427/466/453 426/465/452 425/464/451
f 419/458/445 421/460/447 428/467/454
f 428/467/454 427/466/453 419/458/445
f 428/467/454 421/460/447 429/468/455
f 430/469/456 426/465/452 427/466/453
f 428/467/454 429/468/455 431/470/457
f 431/470/457 429/468/455 432/471/458
f 428/467/454 433/472/459 427/466/453
f 431/470/457 433/472/459 428/467/454
f 433/472/459 430/469/456 427/466/453
f 432/471/458 434/473/460 431/470/457
f 426/465/452 430/469/456 435/474/461
f 426/465/452 435/474/461 424/463/450
f 431/470/457 434/473/460 436/475/462
f 436/475/462 434/473/460 437/476/463
f 424/463/450 435/474/461 438/477/464
f 424/463/450 438/477/464 423/462/449
f 436/475/462 437/476/463 439/478/465
f 439/478/465 437/476/463 440/479/466
f 440/479/466 441/480/467 439/478/465
f 436/475/462 442/481/468 431/470/457
f 431/470/457 442/481/468 433/472/459
f 439/478/465 443/482/469 436/475/462
f 436/475/462 443/482/469 442/481/468
f 439/478/465 441/480/467 444/483/470
f 444/483/470 443/482/469 439/478/465
f 444/483/470 441/480/467 445/484/471
f 160/485/171 445/484/471 161/486/172
f 444/483/470 445/484/471 160/485/171
f 160/485/171 162/487/173 444/483/470
f 444/483/470 162/487/173 446/488/472
f 446/488/472 443/482/469 444/483/470
f 162/487/173 447/489/473 446/488/472
f 164/490/175 447/489/473 162/487/173
f 446/488/472 448/491/474 443/482/469
f 447/489/473 448/491/474 446/488/472
f 448/491/474 449/492/475 443/482/469
f 443/482/469 449/492/475 442/481/468
f 448/491/474 447/489/473 450/493/476
f 449/492/475 451/494/477 442/481/468
f 442/481/468 451/494/477 433/472/459
f 451/494/477 430/469/456 433/472/459
f 449/492/475 448/491/474 452/495/478
f 449/492/475 452/495/478 451/494/477
f 452/495/478 448/491/474 450/493/476
f 430/469/456 451/494/477 453/496/479
f 435/474/461 430/469/456 453/496/479
f 451/494/477 452/495/478 454/497/480
f 453/496/479 451/494/477 454/497/480
f 435/474/461 453/496/479 455/498/481
f 435/474/461 455/498/481 438/477/464
f 453/496/479 454/497/480 456/499/482
f 455/498/481 453/496/479 456/499/482
f 454/497/480 452/495/478 457/500/483
f 456/499/482 454/497/480 457/500/483
f 457/500/483 452/495/478 458/501/484
f 452/495/478 450/493/476 458/501/484
f 457/500/483 459/502/485 456/499/482
f 458/501/484 460/503/486 457/500/483
f 457/500/483 460/503/486 459/502/485
f 458/501/484 450/493/476 461/504/487
f 456/499/482 459/502/485 462/505/488
f 456/499/482 462/505/488 455/498/481
f 461/504/487 463/506/489 458/501/484
f 458/501/484 463/506/489 460/503/486
f 450/493/476 464/507/490 461/504/487
f 450/493/476 447/489/473 464/507/490
f 447/489/473 164/490/175 464/507/490
f 464/507/490 164/490/175 166/508/177
f 166/508/177 169/509/180 464/507/490
f 464/507/490 169/509/180 465/510/491
f 461/504/487 464/507/490 465/510/491
f 169/509/180 174/511/185 465/510/491
f 465/510/491 466/512/492 461/504/487
f 465/510/491 174/511/185 466/512/492
f 461/504/487 466/512/492 463/506/489
f 175/513/186 466/512/492 174/511/185
f 463/506/489 466/512/492 467/514/493
f 467/514/493 460/503/486 463/506/489
f 468/515/494 466/512/492 175/513/186
f 467/514/493 466/512/492 468/515/494
f 175/513/186 178/516/189 468/515/494
f 469/517/495 460/503/486 467/514/493
f 469/517/495 459/502/485 460/503/486
f 467/514/493 468/515/494 470/518/496
f 467/514/493 470/518/496 469/517/495
f 468/515/494 178/516/189 471/519/497
f 470/518/496 468/515/494 471/519/497
f 178/516/189 182/520/193 471/519/497
f 472/521/498 459/502/485 469/517/495
f 472/521/498 462/505/488 459/502/485
f 471/519/497 182/520/193 473/522/499
f 182/520/193 185/523/196 473/522/499
f 473/522/499 185/523/196 474/524/500
f 475/525/501 473/522/499 474/524/500
f 476/526/502 471/519/497 473/522/499
f 476/526/502 473/522/499 475/525/501
f 470/518/496 471/519/497 476/526/502
f 476/526/502 475/525/501 477/527/503
f 477/527/503 475/525/501 478/528/504
f 479/529/505 477/527/503 478/528/504
f 470/518/496 476/526/502 480/530/506
f 480/530/506 476/526/502 477/527/503
f 469/517/495 470/518/496 480/530/506
f 481/531/507 477/527/503 479/529/505
f 481/531/507 480/530/506 477/527/503
f 482/532/508 481/531/507 479/529/505
f 483/533/509 469/517/495 480/530/506
f 483/533/509 480/530/506 481/531/507
f 472/521/498 469/517/495 483/533/509
f 484/534/510 481/531/507 482/532/508
f 484/534/510 483/533/509 481/531/507
f 485/535/511 484/534/510 482/532/508
f 472/521/498 483/533/509 486/536/512
f 486/536/512 462/505/488 472/521/498
f 487/537/513 483/533/509 484/534/510
f 486/536/512 483/533/509 487/537/513
f 488/538/514 484/534/510 485/535/511
f 488/538/514 487/537/513 484/534/510
f 489/539/515 486/536/512 487/537/513
f 489/539/515 487/537/513 488/538/514
f 486/536/512 490/540/516 462/505/488
f 490/540/516 486/536/512 489/539/515
f 462/505/488 490/540/516 491/541/517
f 455/498/481 462/505/488 491/541/517
f 490/540/516 492/542/518 491/541/517
f 492/542/518 455/498/481 491/541/517
f 489/539/515 493/543/519 490/540/516
f 493/543/519 492/542/518 490/540/516
f 488/538/514 494/544/520 489/539/515
f 494/544/520 493/543/519 489/539/515
f 488/538/514 485/535/511 495/545/521
f 495/545/521 494/544/520 488/538/514
f 495/545/521 485/535/511 496/546/522
f 494/544/520 497/547/523 493/543/519
f 494/544/520 495/545/521 497/547/523
f 495/545/521 496/546/522 498/548/524
f 497/547/523 495/545/521 498/548/524
f 498/548/524 496/546/522 499/549/525
f 493/543/519 497/547/523 500/550/526
f 493/543/519 500/550/526 492/542/518
f 498/548/524 499/549/525 501/551/527
f 501/551/527 499/549/525 502/552/528
f 502/552/528 503/553/529 501/551/527
f 497/547/523 498/548/524 504/554/530
f 504/554/530 498/548/524 501/551/527
f 501/551/527 503/553/529 505/555/531
f 501/551/527 505/555/531 504/554/530
f 505/555/531 503/553/529 506/556/532
f 506/556/532 503/553/529 507/557/533
f 507/557/533 263/558/289 506/556/532
f 506/556/532 263/558/289 260/559/286
f 506/556/532 260/559/286 508/560/534
f 508/560/534 505/555/531 506/556/532
f 508/560/534 260/559/286 257/561/283
f 504/554/530 505/555/531 509/562/535
f 509/562/535 505/555/531 508/560/534
f 508/560/534 257/561/283 510/563/536
f 510/563/536 509/562/535 508/560/534
f 510/563/536 257/561/283 104/564/104
f 504/554/530 509/562/535 511/565/537
f 511/565/537 497/547/523 504/554/530
f 500/550/526 497/547/523 511/565/537
f 512/566/538 509/562/535 510/563/536
f 511/565/537 509/562/535 512/566/538
f 510/563/536 104/564/104 513/567/539
f 510/563/536 513/567/539 512/566/538
f 513/567/539 104/564/104 103/568/103
f 500/550/526 511/565/537 514/569/540
f 492/542/518 500/550/526 514/569/540
f 511/565/537 512/566/538 515/570/541
f 514/569/540 511/565/537 515/570/541
f 512/566/538 513/567/539 516/571/542
f 515/570/541 512/566/538 516/571/542
f 103/568/103 517/572/543 513/567/539
f 97/573/97 517/572/543 103/568/103
f 516/571/542 513/567/539 518/574/544
f 518/574/544 513/567/539 517/572/543
f 517/572/543 97/573/97 519/575/545
f 519/575/545 518/574/544 517/572/543
f 519/575/545 97/573/97 94/576/94
f 86/577/86 519/575/545 94/576/94
f 520/578/546 516/571/542 518/574/544
f 515/570/541 516/571/542 520/578/546
f 521/579/547 518/574/544 519/575/545
f 521/579/547 520/578/546 518/574/544
f 522/580/548 519/575/545 86/577/86
f 522/580/548 521/579/547 519/575/545
f 86/577/86 83/442/83 522/580/548
f 522/580/548 83/442/83 407/446/433
f 522/580/548 407/446/433 523/581/549
f 523/581/549 521/579/547 522/580/548
f 523/581/549 407/446/433 410/449/436
f 523/581/549 410/449/436 418/457/444
f 521/579/547 523/581/549 524/582/550
f 524/582/550 523/581/549 418/457/444
f 524/582/550 520/578/546 521/579/547
f 423/462/449 524/582/550 418/457/444
f 524/582/550 525/583/551 520/578/546
f 525/583/551 515/570/541 520/578/546
f 514/569/540 515/570/541 525/583/551
f 526/584/552 524/582/550 423/462/449
f 526/584/552 525/583/551 524/582/550
f 423/462/449 438/477/464 526/584/552
f 527/585/553 514/569/540 525/583/551
f 526/584/552 527/585/553 525/583/551
f 438/477/464 527/585/553 526/584/552
f 492/542/518 514/569/540 527/585/553
f 438/477/464 455/498/481 527/585/553
f 527/585/553 455/498/481 492/542/518
f 528/586/554 529/587/555 530/588/556
f 530/588/556 529/587/555 531/589/557
f 530/588/556 532/590/558 528/586/554
f 533/591/559 530/588/556 531/589/557
f 534/592/560 532/590/558 530/588/556
f 534/592/560 530/588/556 533/591/559
f 534/592/560 535/593/561 532/590/558
f 536/594/562 534/592/560 533/591/559
f 537/595/563 535/593/561 534/592/560
f 537/595/563 534/592/560 536/594/562
f 537/595/563 538/596/564 535/593/561
f 539/597/565 538/596/564 537/595/563
f 536/594/562 539/597/565 537/595/563
f 540/598/566 539/597/565 536/594/562
f 540/598/566 541/599/567 539/597/565
f 542/600/568 541/599/567 540/598/566
f 543/601/569 541/599/567 542/600/568
f 541/599/567 544/602/570 539/597/565
f 543/601/569 545/603/571 541/599/567
f 545/603/571 544/602/570 541/599/567
f 543/601/569 546/604/572 545/603/571
f 545/603/571 546/604/572 544/602/570
f 543/601/569 547/605/573 546/604/572
f 543/601/569 548/606/574 547/605/573
f 547/605/573 548/606/574 549/607/575
f 547/605/573 549/607/575 546/604/572
f 549/607/575 548/606/574 550/608/576
f 544/602/570 546/604/572 551/609/577
f 546/604/572 549/607/575 551/609/577
f 549/607/575 550/608/576 552/610/578
f 549/607/575 552/610/578 551/609/577
f 552/610/578 550/608/576 553/611/579
f 550/608/576 554/612/580 553/611/579
f 553/611/579 554/612/580 555/613/581
f 553/611/579 555/613/581 556/614/582
f 553/611/579 556/614/582 552/610/578
f 556/614/582 555/613/581 557/615/583
f 556/614/582 557/615/583 558/616/584
f 558/616/584 557/615/583 559/617/585
f 559/617/585 560/618/586 558/616/584
f 556/614/582 558/616/584 561/619/587
f 552/610/578 556/614/582 561/619/587
f 558/616/584 560/618/586 562/620/588
f 561/619/587 558/616/584 562/620/588
f 560/618/586 563/621/589 562/620/588
f 562/620/588 563/621/589 561/619/587
f 564/622/590 563/621/589 560/618/586
f 561/619/587 563/621/589 565/623/591
f 563/621/589 564/622/590 565/623/591
f 565/623/591 552/610/578 561/619/587
f 565/623/591 564/622/590 566/624/592
f 567/625/593 565/623/591 566/624/592
f 568/626/594 552/610/578 565/623/591
f 568/626/594 565/623/591 567/625/593
f 551/609/577 552/610/578 568/626/594
f 569/627/595 568/626/594 567/625/593
f 551/609/577 568/626/594 569/627/595
f 544/602/570 551/609/577 570/628/596
f 544/602/570 570/628/596 539/597/565
f 570/628/596 551/609/577 571/629/597
f 551/609/577 569/627/598 571/629/597
f 571/629/597 569/627/598 572/630/599
f 571/629/597 572/630/599 573/631/600
f 571/629/597 573/631/600 570/628/596
f 573/631/600 572/630/599 574/632/601
f 574/632/601 575/633/602 573/631/600
f 539/597/565 570/628/596 576/634/603
f 539/597/565 576/634/603 538/596/604
f 538/596/604 576/634/603 577/635/605
f 573/631/600 575/633/602 578/636/606
f 576/634/603 579/637/607 577/635/605
f 576/634/603 570/628/596 579/637/607
f 577/635/605 579/637/607 580/638/608
f 575/633/602 581/639/609 578/636/606
f 579/637/607 582/640/610 580/638/608
f 580/638/608 582/640/610 583/641/611
f 583/641/611 582/640/610 581/639/609
f 579/637/607 570/628/596 584/642/612
f 584/642/612 582/640/610 579/637/607
f 570/628/596 573/631/600 584/642/612
f 573/631/600 578/636/606 584/642/612
f 581/639/609 582/640/610 585/643/613
f 585/643/613 582/640/610 584/642/612
f 578/636/606 581/639/609 585/643/613
f 584/642/612 578/636/606 585/643/613
f 586/644/614 587/645/615 529/646/555
f 529/646/555 587/645/615 531/647/557
f 588/648/616 587/645/615 586/644/614
f 531/647/557 587/645/615 533/649/559
f 589/650/617 587/645/615 588/648/616
f 533/649/559 587/645/615 589/650/617
f 590/651/618 589/650/617 588/648/616
f 589/650/617 536/652/562 533/649/559
f 591/653/619 589/650/617 590/651/618
f 591/653/619 536/652/562 589/650/617
f 592/654/620 591/653/619 590/651/618
f 593/655/621 591/653/619 592/654/620
f 593/655/621 536/652/562 591/653/619
f 540/656/566 536/652/562 593/655/621
f 594/657/622 540/656/566 593/655/621
f 542/658/568 540/656/566 594/657/622
f 543/659/569 542/658/568 594/657/622
f 593/655/621 595/660/623 594/657/622
f 543/659/569 594/657/622 596/661/624
f 594/657/622 595/660/623 596/661/624
f 543/659/569 596/661/624 597/662/625
f 596/661/624 595/660/623 597/662/625
f 543/659/569 597/662/625 598/663/626
f 543/659/569 598/663/626 548/664/574
f 598/663/626 599/665/627 548/664/574
f 597/662/625 599/665/627 598/663/626
f 548/664/574 599/665/627 550/666/576
f 597/662/625 595/660/623 600/667/628
f 600/667/628 599/665/627 597/662/625
f 599/665/627 601/668/629 550/666/576
f 599/665/627 600/667/628 601/668/629
f 550/666/576 601/668/629 602/669/630
f 550/666/576 602/669/630 554/670/631
f 554/670/631 602/669/630 603/671/632
f 602/669/630 604/672/633 603/671/632
f 602/669/630 601/668/629 604/672/633
f 603/671/632 604/672/633 605/673/634
f 604/672/633 606/674/635 605/673/634
f 605/673/634 606/674/635 607/675/636
f 607/675/636 606/674/635 608/676/637
f 609/677/638 606/674/635 604/672/633
f 604/672/633 601/668/629 609/677/638
f 608/676/637 606/674/635 610/678/639
f 610/678/639 606/674/635 609/677/638
f 611/679/640 608/676/637 610/678/639
f 609/677/638 611/679/640 610/678/639
f 612/680/641 608/676/637 611/679/640
f 613/681/642 611/679/640 609/677/638
f 613/681/642 612/680/641 611/679/640
f 601/668/629 613/681/642 609/677/638
f 614/682/643 612/680/641 613/681/642
f 613/681/642 615/683/644 614/682/643
f 616/684/645 613/681/642 601/668/629
f 616/684/645 615/683/644 613/681/642
f 601/668/629 600/667/628 616/684/645
f 615/683/644 616/684/645 617/685/646
f 617/685/646 616/684/645 600/667/628
f 595/660/623 618/686/647 600/667/628
f 595/660/623 593/655/621 618/686/647
f 600/667/628 618/686/647 619/687/648
f 600/667/628 619/687/648 617/685/649
f 617/685/649 619/687/648 620/688/650
f 619/687/648 621/689/651 620/688/650
f 619/687/648 618/686/647 621/689/651
f 620/688/650 621/689/651 622/690/652
f 621/689/651 623/691/653 622/690/652
f 618/686/647 593/655/621 624/692/654
f 592/654/655 624/692/654 593/655/621
f 625/693/656 624/692/654 592/654/655
f 624/692/654 625/693/656 626/694/657
f 624/692/654 626/694/657 618/686/647
f 626/694/657 625/693/656 627/695/658
f 618/686/647 626/694/657 628/696/659
f 621/689/651 618/686/647 628/696/659
f 626/694/657 627/695/658 629/697/660
f 626/694/657 629/697/660 628/696/659
f 629/697/660 627/695/658 630/698/661
f 630/698/661 631/699/662 629/697/660
f 628/696/659 629/697/660 632/700/663
f 629/697/660 631/699/662 632/700/663
f 628/696/659 633/701/664 621/689/651
f 632/700/663 633/701/664 628/696/659
f 631/699/662 633/701/664 632/700/663
f 633/701/664 623/691/653 621/689/651
f 623/691/653 633/701/664 631/699/662
f 312/702/338 634/703/665 309/704/335
f 317/705/343 634/703/665 312/702/338
f 309/704/335 634/703/665 635/706/666
f 636/707/667 634/703/665 317/705/343
f 309/704/335 635/706/666 306/708/332
f 322/709/348 636/707/667 317/705/343
f 306/708/332 635/706/666 637/710/668
f 638/711/669 636/707/667 322/709/348
f 637/710/668 304/712/330 306/708/332
f 325/713/351 638/711/669 322/709/348
f 639/714/670 304/712/330 637/710/668
f 640/715/671 638/711/669 325/713/351
f 304/712/330 639/714/670 303/716/329
f 328/717/354 640/715/671 325/713/351
f 303/716/329 639/714/670 641/718/672
f 642/719/673 640/715/671 328/717/354
f 643/720/674 303/716/329 641/718/672
f 328/717/354 644/721/675 642/719/673
f 300/722/326 303/716/329 643/720/674
f 329/723/355 644/721/675 328/717/354
f 643/720/674 645/724/676 300/722/326
f 329/723/355 646/725/677 644/721/675
f 300/722/326 645/724/676 297/726/323
f 332/727/358 646/725/677 329/723/355
f 645/724/676 647/728/678 297/726/323
f 332/727/358 648/729/679 646/725/677
f 297/726/323 647/728/678 296/730/322
f 301/731/327 648/729/679 332/727/358
f 647/728/678 649/732/680 296/730/322
f 648/729/679 301/731/327 649/732/680
f 296/730/322 649/732/680 295/733/321
f 649/732/680 301/731/327 295/733/321
f 650/734/681 376/735/402 651/736/682
f 652/737/683 376/735/402 650/734/681
f 651/736/682 376/735/402 377/738/403
f 373/739/399 376/735/402 652/737/683
f 651/736/682 377/738/403 653/740/684
f 654/741/685 373/739/399 652/737/683
f 653/740/684 377/738/403 379/742/405
f 369/743/395 373/739/399 654/741/685
f 653/740/684 379/742/405 655/744/686
f 656/745/687 369/743/395 654/741/685
f 655/744/686 379/742/405 382/746/408
f 365/747/391 369/743/395 656/745/687
f 655/744/686 382/746/408 657/748/688
f 658/749/689 365/747/391 656/745/687
f 657/748/688 382/746/408 385/750/411
f 360/751/386 365/747/391 658/749/689
f 391/752/417 657/748/688 385/750/411
f 658/749/689 362/753/388 360/751/386
f 659/754/690 657/748/688 391/752/417
f 660/755/691 362/753/388 658/749/689
f 394/756/420 659/754/690 391/752/417
f 660/755/691 363/757/389 362/753/388
f 661/758/692 659/754/690 394/756/420
f 662/759/693 363/757/389 660/755/691
f 394/756/420 397/760/423 661/758/692
f 363/757/389 662/759/693 367/761/393
f 661/758/692 397/760/423 663/762/694
f 367/761/393 662/759/693 664/763/695
f 400/764/426 663/762/694 397/760/423
f 367/761/393 664/763/695 400/764/426
f 665/765/696 663/762/694 400/764/426
f 400/764/426 664/763/695 665/765/696
f 666/766/697 667/767/698 668/768/699
f 669/769/700 666/766/697 668/768/699
f 670/770/701 667/767/698 666/766/697
f 667/767/698 670/770/701 671/771/702
f 672/772/703 666/766/697 669/769/700
f 673/773/704 672/772/703 669/769/700
f 674/774/705 670/770/701 666/766/697
f 666/766/697 672/772/703 674/774/705
f 671/771/702 670/770/701 675/775/706
f 675/775/706 676/776/707 671/771/702
f 677/777/708 670/770/701 674/774/705
f 670/770/701 677/777/708 675/775/706
f 678/778/709 676/776/707 675/775/706
f 676/776/707 678/778/709 679/779/710
f 675/775/706 677/777/708 680/780/711
f 680/780/711 678/778/709 675/775/706
f 681/781/712 677/777/708 674/774/705
f 677/777/708 682/782/713 680/780/711
f 682/782/713 677/777/708 681/781/712
f 683/783/714 678/778/709 680/780/711
f 680/780/711 682/782/713 683/783/714
f 679/779/710 678/778/709 684/784/715
f 678/778/709 683/783/714 684/784/715
f 684/784/715 685/785/716 679/779/710
f 679/779/710 685/785/716 686/786/717
f 684/784/715 683/783/714 687/787/718
f 685/785/716 688/788/719 686/786/717
f 686/786/717 688/788/719 689/789/720
f 685/785/716 684/784/715 690/790/721
f 690/790/721 684/784/715 687/787/718
f 688/788/719 685/785/716 691/791/722
f 691/791/722 685/785/716 690/790/721
f 683/783/714 692/792/723 687/787/718
f 692/792/723 690/790/721 687/787/718
f 682/782/713 692/792/723 683/783/714
f 690/790/721 693/793/724 691/791/722
f 693/793/724 690/790/721 692/792/723
f 692/792/723 682/782/713 694/794/725
f 694/794/725 693/793/724 692/792/723
f 694/794/725 682/782/713 681/781/712
f 691/791/722 693/793/724 695/795/726
f 695/795/726 688/788/719 691/791/722
f 693/793/724 696/796/727 695/795/726
f 696/796/727 693/793/724 694/794/725
f 697/797/728 688/788/719 695/795/726
f 688/788/719 697/797/728 689/789/720
f 689/789/720 697/797/728 698/798/729
f 699/799/730 697/797/728 695/795/726
f 695/795/726 696/796/727 699/799/730
f 697/797/728 700/800/731 698/798/729
f 700/800/731 697/797/728 699/799/730
f 698/798/729 700/800/731 701/801/732
f 700/800/731 702/802/733 701/801/732
f 703/803/734 702/802/733 700/800/731
f 699/799/730 703/803/734 700/800/731
f 702/802/733 703/803/734 704/804/735
f 696/796/727 705/805/736 699/799/730
f 705/805/736 703/803/734 699/799/730
f 704/804/735 703/803/734 706/806/737
f 703/803/734 705/805/736 706/806/737
f 706/806/737 707/807/738 704/804/735
f 708/808/739 705/805/736 696/796/727
f 694/794/725 708/808/739 696/796/727
f 706/806/737 705/805/736 709/809/740
f 705/805/736 708/808/739 709/809/740
f 710/810/741 707/807/738 706/806/737
f 709/809/740 710/810/741 706/806/737
f 707/807/738 710/810/741 711/811/742
f 709/809/740 708/808/739 712/812/743
f 712/812/743 710/810/741 709/809/740
f 713/813/744 708/808/739 694/794/725
f 708/808/739 713/813/744 712/812/743
f 711/811/742 710/810/741 714/814/745
f 710/810/741 712/812/743 714/814/745
f 712/812/743 713/813/744 715/815/746
f 714/814/745 712/812/743 715/815/746
f 694/794/725 716/816/747 713/813/744
f 681/781/712 716/816/747 694/794/725
f 713/813/744 717/817/748 715/815/746
f 717/817/748 714/814/745 715/815/746
f 716/816/747 717/817/748 713/813/744
f 714/814/745 718/818/749 711/811/742
f 718/818/749 714/814/745 717/817/748
f 711/811/742 718/818/749 719/819/750
f 717/817/748 716/816/747 720/820/751
f 720/820/751 718/818/749 717/817/748
f 718/818/749 721/821/752 719/819/750
f 721/821/752 718/818/749 720/820/751
f 719/819/750 721/821/752 673/773/704
f 721/821/752 672/772/703 673/773/704
f 720/820/751 716/816/747 722/822/753
f 722/822/753 721/821/752 720/820/751
f 672/772/703 721/821/752 722/822/753
f 716/816/747 681/781/712 722/822/753
f 674/774/705 672/772/703 722/822/753
f 722/822/753 681/781/712 674/774/705
f 723/823/754 46/824/755 2/825/756
f 4/826/757 723/823/754 2/825/756
f 724/827/758 46/824/755 723/823/754
f 46/824/755 724/827/758 48/828/759
f 725/829/760 723/823/754 4/826/757
f 4/826/757 6/830/761 725/829/760
f 726/831/762 724/827/758 723/823/754
f 723/823/754 725/829/760 726/831/762
f 48/828/759 724/827/758 727/832/763
f 48/828/759 727/832/763 51/833/764
f 728/834/765 724/827/758 726/831/762
f 728/834/765 727/832/763 724/827/758
f 51/833/764 727/832/763 729/835/766
f 54/836/767 51/833/764 729/835/766
f 730/837/768 729/835/766 727/832/763
f 730/837/768 727/832/763 728/834/765
f 54/836/767 729/835/766 731/838/769
f 731/838/769 729/835/766 730/837/768
f 732/839/770 54/836/767 731/838/769
f 57/840/771 54/836/767 732/839/770
f 733/841/772 731/838/769 730/837/768
f 732/839/770 731/838/769 733/841/772
f 728/834/765 734/842/773 730/837/768
f 730/837/768 734/842/773 733/841/772
f 57/840/771 732/839/770 735/843/774
f 57/840/771 735/843/774 61/844/775
f 736/845/776 732/839/770 733/841/772
f 735/843/774 732/839/770 736/845/776
f 61/844/775 735/843/774 737/846/777
f 736/845/776 737/846/777 735/843/774
f 737/846/777 76/847/778 61/844/775
f 733/841/772 738/848/779 736/845/776
f 734/842/773 738/848/779 733/841/772
f 739/849/780 737/846/777 736/845/776
f 737/846/777 740/850/781 76/847/778
f 740/850/781 737/846/777 739/849/780
f 76/847/778 740/850/781 78/851/782
f 736/845/776 741/852/783 739/849/780
f 739/849/780 741/852/783 740/850/781
f 738/848/779 741/852/783 736/845/776
f 78/851/782 740/850/781 742/853/784
f 740/850/781 741/852/783 742/853/784
f 742/853/784 44/854/785 78/851/782
f 741/852/783 738/848/779 743/855/786
f 741/852/783 743/855/786 742/853/784
f 744/856/787 44/854/785 742/853/784
f 742/853/784 743/855/786 744/856/787
f 745/857/788 44/854/785 744/856/787
f 743/855/786 745/857/788 744/856/787
f 43/858/789 44/854/785 745/857/788
f 743/855/786 738/848/779 746/859/790
f 738/848/779 734/842/773 746/859/790
f 43/858/789 745/857/788 747/860/791
f 747/860/791 41/861/792 43/858/789
f 748/862/793 745/857/788 743/855/786
f 745/857/788 748/862/793 747/860/791
f 749/863/794 743/855/786 746/859/790
f 748/862/793 743/855/786 749/863/794
f 746/859/790 734/842/773 750/864/795
f 728/834/765 750/864/795 734/842/773
f 726/831/762 750/864/795 728/834/765
f 751/865/796 746/859/790 750/864/795
f 749/863/794 746/859/790 751/865/796
f 726/831/762 752/866/797 750/864/795
f 750/864/795 752/866/797 751/865/796
f 726/831/762 725/829/760 752/866/797
f 751/865/796 753/867/798 749/863/794
f 725/829/760 754/868/799 752/866/797
f 725/829/760 6/830/761 754/868/799
f 9/869/800 754/868/799 6/830/761
f 752/866/797 755/870/801 751/865/796
f 752/866/797 754/868/799 755/870/801
f 751/865/796 755/870/801 753/867/798
f 756/871/802 754/868/799 9/869/800
f 754/868/799 756/871/802 755/870/801
f 12/872/803 756/871/802 9/869/800
f 755/870/801 756/871/802 757/873/804
f 12/872/803 757/873/804 756/871/802
f 755/870/801 757/873/804 753/867/798
f 757/873/804 12/872/803 758/874/805
f 753/867/798 757/873/804 758/874/805
f 758/874/805 12/872/803 15/875/806
f 749/863/794 753/867/798 759/876/807
f 753/867/798 758/874/805 759/876/807
f 749/863/794 759/876/807 748/862/793
f 760/877/808 758/874/805 15/875/806
f 759/876/807 758/874/805 760/877/808
f 19/878/809 760/877/808 15/875/806
f 748/862/793 759/876/807 761/879/810
f 747/860/791 748/862/793 761/879/810
f 762/880/811 759/876/807 760/877/808
f 761/879/810 759/876/807 762/880/811
f 762/880/811 760/877/808 19/878/809
f 761/879/810 762/880/811 747/860/791
f 41/861/792 762/880/811 19/878/809
f 747/860/791 762/880/811 41/861/792
f 763/881/699 764/882/700 765/883/697
f 763/881/699 765/883/697 766/884/698
f 765/883/697 764/882/700 767/885/703
f 764/882/700 768/886/704 767/885/703
f 766/884/698 765/883/697 769/887/701
f 769/887/701 770/888/702 766/884/698
f 767/885/703 771/889/705 765/883/697
f 765/883/697 771/889/705 769/887/701
f 767/885/703 768/886/704 772/890/752
f 768/886/704 773/891/750 772/890/752
f 774/892/753 771/889/705 767/885/703
f 772/890/752 774/892/753 767/885/703
f 772/890/752 773/891/750 775/893/749
f 773/891/750 776/894/742 775/893/749
f 777/895/751 774/892/753 772/890/752
f 775/893/749 777/895/751 772/890/752
f 771/889/705 774/892/753 778/896/712
f 774/892/753 777/895/751 779/897/747
f 778/896/712 774/892/753 779/897/747
f 780/898/748 777/895/751 775/893/749
f 779/897/747 777/895/751 780/898/748
f 775/893/749 776/894/742 781/899/745
f 781/899/745 780/898/748 775/893/749
f 781/899/745 776/894/742 782/900/741
f 782/900/741 776/894/742 783/901/738
f 784/902/746 780/898/748 781/899/745
f 783/901/738 785/903/737 782/900/741
f 786/904/735 785/903/737 783/901/738
f 787/905/743 781/899/745 782/900/741
f 784/902/746 781/899/745 787/905/743
f 785/903/737 788/906/740 782/900/741
f 782/900/741 788/906/740 787/905/743
f 784/902/746 789/907/744 780/898/748
f 784/902/746 787/905/743 789/907/744
f 780/898/748 789/907/744 779/897/747
f 787/905/743 788/906/740 790/908/739
f 789/907/744 787/905/743 790/908/739
f 789/907/744 791/909/725 779/897/747
f 790/908/739 791/909/725 789/907/744
f 779/897/747 791/909/725 778/896/712
f 790/908/739 788/906/740 792/910/736
f 788/906/740 785/903/737 792/910/736
f 793/911/727 791/909/725 790/908/739
f 792/910/736 793/911/727 790/908/739
f 792/910/736 785/903/737 794/912/734
f 785/903/737 786/904/735 794/912/734
f 794/912/734 786/904/735 795/913/733
f 794/912/734 796/914/730 792/910/736
f 796/914/730 793/911/727 792/910/736
f 795/913/733 797/915/731 794/912/734
f 797/915/731 796/914/730 794/912/734
f 798/916/732 797/915/731 795/913/733
f 798/916/732 799/917/729 797/915/731
f 797/915/731 799/917/729 800/918/728
f 800/918/728 796/914/730 797/915/731
f 799/917/729 801/919/720 800/918/728
f 802/920/726 796/914/730 800/918/728
f 796/914/730 802/920/726 793/911/727
f 800/918/728 801/919/720 803/921/719
f 803/921/719 802/920/726 800/918/728
f 801/919/720 804/922/717 803/921/719
f 793/911/727 802/920/726 805/923/724
f 805/923/724 791/909/725 793/911/727
f 806/924/722 802/920/726 803/921/719
f 802/920/726 806/924/722 805/923/724
f 803/921/719 804/922/717 807/925/716
f 807/925/716 806/924/722 803/921/719
f 804/922/717 808/926/710 807/925/716
f 805/923/724 806/924/722 809/927/721
f 809/927/721 806/924/722 807/925/716
f 810/928/723 791/909/725 805/923/724
f 809/927/721 810/928/723 805/923/724
f 807/925/716 808/926/710 811/929/715
f 811/929/715 809/927/721 807/925/716
f 812/930/718 810/928/723 809/927/721
f 812/930/718 809/927/721 811/929/715
f 813/931/713 791/909/725 810/928/723
f 778/896/712 791/909/725 813/931/713
f 812/930/718 814/932/714 810/928/723
f 812/930/718 811/929/715 814/932/714
f 810/928/723 814/932/714 813/931/713
f 811/929/715 808/926/710 815/933/709
f 814/932/714 811/929/715 815/933/709
f 815/933/709 808/926/710 816/934/707
f 814/932/714 817/935/711 813/931/713
f 815/933/709 817/935/711 814/932/714
f 816/934/707 818/936/706 815/933/709
f 818/936/706 817/935/711 815/933/709
f 770/888/702 818/936/706 816/934/707
f 818/936/706 770/888/702 769/887/701
f 813/931/713 817/935/711 819/937/708
f 817/935/711 818/936/706 819/937/708
f 819/937/708 818/936/706 769/887/701
f 819/937/708 778/896/712 813/931/713
f 769/887/701 771/889/705 819/937/708
f 771/889/705 778/896/712 819/937/708
f 804/938/717 820/939/812 808/940/710
f 820/939/812 816/941/707 808/940/710
f 821/942/813 820/939/812 804/938/717
f 801/943/720 821/942/813 804/938/717
f 822/944/814 816/941/707 820/939/812
f 816/941/707 822/944/814 770/945/702
f 823/946/815 821/942/813 801/943/720
f 801/943/720 799/947/729 823/946/815
f 770/945/702 822/944/814 824/948/816
f 770/945/702 824/948/816 766/949/698
f 823/946/815 799/947/729 825/950/817
f 799/947/729 798/951/732 825/950/817
f 766/949/698 824/948/816 826/952/818
f 826/952/818 763/953/699 766/949/698
f 825/950/817 798/951/732 827/954/819
f 828/955/820 763/953/699 826/952/818
f 827/954/819 798/951/732 829/956/821
f 829/956/821 798/951/732 795/957/733
f 827/954/819 830/958/822 825/950/817
f 827/954/819 829/956/821 830/958/822
f 829/956/821 795/957/733 831/959/823
f 831/959/823 795/957/733 786/960/735
f 830/958/822 829/956/821 832/961/824
f 829/956/821 831/959/823 832/961/824
f 825/950/817 830/958/822 833/962/825
f 833/962/825 823/946/815 825/950/817
f 831/959/823 786/960/735 834/963/826
f 834/963/826 786/960/735 783/964/738
f 832/961/824 831/959/823 835/965/827
f 831/959/823 834/963/826 835/965/827
f 830/958/822 832/961/824 836/966/828
f 830/958/822 836/966/828 833/962/825
f 832/961/824 835/965/827 837/967/829
f 836/966/828 832/961/824 837/967/829
f 838/968/830 823/946/815 833/962/825
f 823/946/815 838/968/830 821/942/813
f 833/962/825 839/969/831 838/968/830
f 833/962/825 836/966/828 839/969/831
f 821/942/813 838/968/830 840/970/832
f 840/970/832 820/939/812 821/942/813
f 838/968/830 839/969/831 841/971/833
f 838/968/830 841/971/833 840/970/832
f 836/966/828 842/972/834 839/969/831
f 842/972/834 841/971/833 839/969/831
f 843/973/835 820/939/812 840/970/832
f 840/970/832 841/971/833 844/974/836
f 845/975/837 820/939/812 843/973/835
f 822/944/814 820/939/812 845/975/837
f 843/973/835 840/970/832 846/976/838
f 843/973/835 846/976/838 845/975/837
f 846/976/838 840/970/832 844/974/836
f 847/977/839 822/944/814 845/975/837
f 824/948/816 822/944/814 847/977/839
f 848/978/840 844/974/836 841/971/833
f 848/978/840 841/971/833 842/972/834
f 849/979/841 844/974/836 848/978/840
f 849/979/841 846/976/838 844/974/836
f 850/980/842 848/978/840 842/972/834
f 849/979/841 848/978/840 850/980/842
f 851/981/843 846/976/838 849/979/841
f 852/982/842 849/979/841 850/980/842
f 851/981/843 849/979/841 852/982/842
f 851/981/843 853/983/844 846/976/838
f 851/981/843 852/982/842 853/983/844
f 846/976/838 853/983/844 854/984/845
f 845/975/837 846/976/838 854/984/845
f 853/983/844 852/982/842 855/985/842
f 856/986/846 845/975/837 854/984/845
f 847/977/839 845/975/837 856/986/846
f 853/983/844 857/987/847 854/984/845
f 854/984/845 857/987/847 856/986/846
f 855/985/842 857/987/847 853/983/844
f 857/987/847 858/988/848 856/986/846
f 858/988/848 857/987/847 855/985/842
f 859/989/849 847/977/839 856/986/846
f 856/986/846 858/988/848 859/989/849
f 860/990/850 847/977/839 859/989/849
f 860/990/850 824/948/816 847/977/839
f 826/952/818 824/948/816 860/990/850
f 861/991/851 860/990/850 859/989/849
f 858/988/848 861/991/851 859/989/849
f 862/992/852 826/952/818 860/990/850
f 862/992/852 860/990/850 861/991/851
f 828/955/820 826/952/818 862/992/852
f 863/993/853 861/991/851 858/988/848
f 828/955/820 862/992/852 864/994/854
f 864/994/854 763/953/699 828/955/820
f 764/995/700 763/953/699 864/994/854
f 863/993/853 858/988/848 865/996/842
f 865/996/842 858/988/848 855/985/842
f 866/997/855 764/995/700 864/994/854
f 768/998/704 764/995/700 866/997/855
f 864/994/854 862/992/852 867/999/856
f 867/999/856 866/997/855 864/994/854
f 862/992/852 861/991/851 867/999/856
f 866/997/855 868/1000/857 768/998/704
f 768/998/704 868/1000/857 773/1001/750
f 869/1002/858 866/997/855 867/999/856
f 866/997/855 869/1002/858 868/1000/857
f 867/999/856 861/991/851 870/1003/859
f 867/999/856 870/1003/859 869/1002/858
f 861/991/851 871/1004/860 870/1003/859
f 863/993/853 871/1004/860 861/991/851
f 863/993/853 865/996/842 871/1004/860
f 869/1002/858 870/1003/859 872/1005/861
f 871/1004/860 872/1005/861 870/1003/859
f 868/1000/857 869/1002/858 873/1006/862
f 869/1002/858 872/1005/861 873/1006/862
f 868/1000/857 874/1007/863 773/1001/750
f 873/1006/862 874/1007/863 868/1000/857
f 773/1001/750 874/1007/863 776/1008/742
f 874/1007/863 783/964/738 776/1008/742
f 834/963/826 783/964/738 874/1007/863
f 834/963/826 874/1007/863 875/1009/864
f 835/965/827 834/963/826 875/1009/864
f 876/1010/865 874/1007/863 873/1006/862
f 875/1009/864 874/1007/863 876/1010/865
f 876/1010/865 873/1006/862 877/1011/866
f 876/1010/865 877/1011/866 875/1009/864
f 873/1006/862 872/1005/861 878/1012/867
f 877/1011/866 873/1006/862 878/1012/867
f 879/1013/868 878/1012/867 872/1005/861
f 879/1013/868 872/1005/861 871/1004/860
f 880/1014/869 878/1012/867 879/1013/868
f 880/1014/869 877/1011/866 878/1012/867
f 881/1015/870 879/1013/868 871/1004/860
f 880/1014/869 879/1013/868 881/1015/870
f 871/1004/860 865/996/842 881/1015/870
f 882/1016/871 877/1011/866 880/1014/869
f 865/996/842 883/1017/870 881/1015/870
f 855/985/842 883/1017/870 865/996/842
f 852/982/842 883/1017/870 855/985/842
f 850/980/842 883/1017/870 852/982/842
f 884/1018/842 880/1014/869 881/1015/870
f 881/1015/870 883/1017/870 884/1018/842
f 882/1016/871 880/1014/869 884/1018/842
f 885/1019/842 883/1017/870 850/980/842
f 842/972/834 885/1019/842 850/980/842
f 884/1018/842 883/1017/870 886/1020/842
f 886/1020/842 883/1017/870 885/1019/842
f 882/1016/871 884/1018/842 887/1021/872
f 887/1021/872 884/1018/842 886/1020/842
f 882/1016/871 887/1021/872 877/1011/866
f 888/1022/873 885/1019/842 842/972/834
f 888/1022/873 842/972/834 836/966/828
f 888/1022/873 889/1023/874 885/1019/842
f 888/1022/873 836/966/828 889/1023/874
f 885/1019/842 889/1023/874 886/1020/842
f 889/1023/874 836/966/828 837/967/829
f 886/1020/842 890/1024/875 887/1021/872
f 889/1023/874 890/1024/875 886/1020/842
f 877/1011/866 887/1021/872 891/1025/876
f 887/1021/872 890/1024/875 891/1025/876
f 875/1009/864 877/1011/866 891/1025/876
f 890/1024/875 889/1023/874 892/1026/877
f 891/1025/876 890/1024/875 892/1026/877
f 892/1026/877 889/1023/874 837/967/829
f 892/1026/877 875/1009/864 891/1025/876
f 837/967/829 835/965/827 892/1026/877
f 835/965/827 875/1009/864 892/1026/877
f 893/1027/863 707/1028/738 711/1029/742
f 719/1030/750 893/1027/863 711/1029/742
f 894/1031/826 707/1028/738 893/1027/863
f 894/1031/826 704/1032/735 707/1028/738
f 895/1033/857 893/1027/863 719/1030/750
f 673/1034/704 895/1033/857 719/1030/750
f 896/1035/823 704/1032/735 894/1031/826
f 896/1035/823 702/1036/733 704/1032/735
f 897/1037/855 895/1033/857 673/1034/704
f 673/1034/704 669/1038/700 897/1037/855
f 898/1039/821 702/1036/733 896/1035/823
f 898/1039/821 701/1040/732 702/1036/733
f 897/1037/855 669/1038/700 899/1041/854
f 669/1038/700 668/1042/699 899/1041/854
f 900/1043/819 701/1040/732 898/1039/821
f 899/1041/854 668/1042/699 901/1044/820
f 902/1045/817 701/1040/732 900/1043/819
f 698/1046/729 701/1040/732 902/1045/817
f 901/1044/820 668/1042/699 903/1047/818
f 903/1047/818 668/1042/699 667/1048/698
f 904/1049/852 899/1041/854 901/1044/820
f 903/1047/818 904/1049/852 901/1044/820
f 667/1048/698 905/1050/816 903/1047/818
f 671/1051/702 905/1050/816 667/1048/698
f 906/1052/850 904/1049/852 903/1047/818
f 905/1050/816 906/1052/850 903/1047/818
f 907/1053/856 899/1041/854 904/1049/852
f 899/1041/854 907/1053/856 897/1037/855
f 906/1052/850 908/1054/851 904/1049/852
f 904/1049/852 908/1054/851 907/1053/856
f 897/1037/855 907/1053/856 909/1055/858
f 909/1055/858 895/1033/857 897/1037/855
f 907/1053/856 908/1054/851 910/1056/859
f 907/1053/856 910/1056/859 909/1055/858
f 911/1057/862 895/1033/857 909/1055/858
f 895/1033/857 911/1057/862 893/1027/863
f 909/1055/858 910/1056/859 912/1058/861
f 909/1055/858 912/1058/861 911/1057/862
f 913/1059/860 912/1058/861 910/1056/859
f 910/1056/859 908/1054/851 913/1059/860
f 911/1057/862 912/1058/861 914/1060/867
f 915/1061/868 912/1058/861 913/1059/860
f 915/1061/868 914/1060/867 912/1058/861
f 893/1027/863 911/1057/862 916/1062/865
f 914/1060/867 917/1063/866 911/1057/862
f 911/1057/862 917/1063/866 916/1062/865
f 916/1062/865 918/1064/864 893/1027/863
f 916/1062/865 917/1063/866 918/1064/864
f 893/1027/863 918/1064/864 894/1031/826
f 919/1065/869 914/1060/867 915/1061/868
f 919/1065/869 917/1063/866 914/1060/867
f 918/1064/864 920/1066/827 894/1031/826
f 894/1031/826 920/1066/827 896/1035/823
f 918/1064/864 917/1063/866 921/1067/876
f 920/1066/827 922/1068/824 896/1035/823
f 896/1035/823 922/1068/824 898/1039/821
f 918/1064/864 923/1069/877 920/1066/827
f 921/1067/876 923/1069/877 918/1064/864
f 920/1066/827 924/1070/829 922/1068/824
f 923/1069/877 924/1070/829 920/1066/827
f 922/1068/824 925/1071/822 898/1039/821
f 898/1039/821 925/1071/822 900/1043/819
f 925/1071/822 902/1045/817 900/1043/819
f 924/1070/829 926/1072/828 922/1068/824
f 922/1068/824 926/1072/828 925/1071/822
f 924/1070/829 923/1069/877 927/1073/874
f 927/1073/874 926/1072/828 924/1070/829
f 928/1074/825 902/1045/817 925/1071/822
f 925/1071/822 926/1072/828 928/1074/825
f 902/1045/817 928/1074/825 929/1075/815
f 929/1075/815 698/1046/729 902/1045/817
f 689/1076/720 698/1046/729 929/1075/815
f 928/1074/825 926/1072/828 930/1077/831
f 929/1075/815 931/1078/813 689/1076/720
f 689/1076/720 931/1078/813 686/1079/717
f 929/1075/815 928/1074/825 932/1080/830
f 932/1080/830 931/1078/813 929/1075/815
f 928/1074/825 930/1077/831 932/1080/830
f 931/1078/813 933/1081/812 686/1079/717
f 686/1079/717 933/1081/812 679/1082/710
f 933/1081/812 676/1083/707 679/1082/710
f 934/1084/832 931/1078/813 932/1080/830
f 931/1078/813 934/1084/832 933/1081/812
f 932/1080/830 930/1077/831 935/1085/833
f 935/1085/833 934/1084/832 932/1080/830
f 936/1086/814 676/1083/707 933/1081/812
f 676/1083/707 936/1086/814 671/1051/702
f 671/1051/702 936/1086/814 905/1050/816
f 933/1081/812 934/1084/832 937/1087/835
f 936/1086/814 938/1088/839 905/1050/816
f 938/1088/839 906/1052/850 905/1050/816
f 933/1081/812 939/1089/837 936/1086/814
f 937/1087/835 939/1089/837 933/1081/812
f 939/1089/837 938/1088/839 936/1086/814
f 938/1088/839 940/1090/849 906/1052/850
f 940/1090/849 908/1054/851 906/1052/850
f 941/1091/846 940/1090/849 938/1088/839
f 939/1089/837 941/1091/846 938/1088/839
f 942/1092/848 908/1054/851 940/1090/849
f 940/1090/849 941/1091/846 942/1092/848
f 943/1093/853 908/1054/851 942/1092/848
f 913/1059/860 908/1054/851 943/1093/853
f 942/1092/848 941/1091/846 944/1094/847
f 945/1095/842 913/1059/860 943/1093/853
f 942/1092/848 945/1095/842 943/1093/853
f 941/1091/846 946/1096/845 944/1094/847
f 946/1096/845 941/1091/846 939/1089/837
f 944/1094/847 947/1097/870 942/1092/848
f 947/1097/870 945/1095/842 942/1092/848
f 944/1094/847 946/1096/845 948/1098/844
f 948/1098/844 947/1097/870 944/1094/847
f 939/1089/837 949/1099/838 946/1096/845
f 946/1096/845 949/1099/838 948/1098/844
f 937/1087/835 949/1099/838 939/1089/837
f 934/1084/832 949/1099/838 937/1087/835
f 947/1097/870 948/1098/844 950/1100/870
f 951/1101/836 949/1099/838 934/1084/832
f 951/1101/836 934/1084/832 935/1085/833
f 948/1098/844 949/1099/838 952/1102/843
f 950/1100/870 948/1098/844 952/1102/843
f 952/1102/843 949/1099/838 953/1103/841
f 953/1103/841 949/1099/838 951/1101/836
f 953/1103/841 950/1100/870 952/1102/843
f 935/1085/833 954/1104/840 951/1101/836
f 951/1101/836 954/1104/840 953/1103/841
f 954/1104/840 935/1085/833 955/1105/834
f 955/1105/834 935/1085/833 930/1077/831
f 954/1104/840 956/1106/842 953/1103/841
f 956/1106/842 950/1100/870 953/1103/841
f 955/1105/834 956/1106/842 954/1104/840
f 930/1077/831 926/1072/828 955/1105/834
f 950/1100/870 956/1106/842 957/1107/870
f 957/1107/870 947/1097/870 950/1100/870
f 945/1095/842 947/1097/870 957/1107/870
f 955/1105/834 926/1072/828 958/1108/873
f 958/1108/873 926/1072/828 927/1073/874
f 956/1106/842 955/1105/834 959/1109/842
f 959/1109/842 955/1105/834 958/1108/873
f 957/1107/870 956/1106/842 959/1109/842
f 927/1073/874 959/1109/842 958/1108/873
f 957/1107/870 960/1110/842 945/1095/842
f 960/1110/842 913/1059/860 945/1095/842
f 913/1059/860 960/1110/842 915/1061/868
f 915/1061/868 960/1110/842 919/1065/869
f 959/1109/842 961/1111/842 957/1107/870
f 961/1111/842 959/1109/842 927/1073/874
f 962/1112/842 960/1110/842 957/1107/870
f 960/1110/842 962/1112/842 919/1065/869
f 957/1107/870 961/1111/842 962/1112/842
f 919/1065/869 962/1112/842 963/1113/871
f 963/1113/871 917/1063/866 919/1065/869
f 962/1112/842 964/1114/872 963/1113/871
f 964/1114/872 917/1063/866 963/1113/871
f 961/1111/842 964/1114/872 962/1112/842
f 921/1067/876 917/1063/866 964/1114/872
f 964/1114/872 961/1111/842 965/1115/875
f 965/1115/875 921/1067/876 964/1114/872
f 965/1115/875 961/1111/842 927/1073/874
f 923/1069/877 921/1067/876 965/1115/875
f 927/1073/874 923/1069/877 965/1115/875
v 0.1686027 0.1418504 0.09687599
vt 0.7056803 0.6704296
vn 0.5415039 -0.114563 -0.8325195
v 0.187403 0.1187189 0.1110149
vt 0.7165082 0.6373438
vn 0.7172852 -0.1122437 -0.6870117
v 0.1629005 0.1211351 0.09489372
vt 0.7308137 0.6624373
vn 0.1485596 -0.9848633 0.08770752
v 0.177168 0.1087075 0.1084398
vt 0.7329142 0.6373438
vn 0.0380249 -0.6669922 -0.7436523
v 0.1442984 0.1171686 0.1190923
vt 0.7681543 0.65625
vn 0.03790283 -0.9941406 -0.1009521
v 0.1997468 0.09763487 0.131584
vt 0.7284265 0.5969239
vn 0.8037109 -0.2038574 -0.5581055
v 0.1528564 0.1031464 0.1274114
vt 0.7695313 0.6352497
vn -0.3981934 -0.7661133 -0.5039063
v 0.1204395 0.1180799 0.1444236
vt 0.8096646 0.65625
vn -0.1251221 -0.9916992 0.0112915
v 0.190952 0.08931964 0.1300288
vt 0.7415721 0.5995312
vn 0.02639771 -0.7597656 -0.6489258
v 0.204886 0.08062296 0.1515312
vt 0.7403448 0.5651416
vn 0.8481445 -0.3381348 -0.4074707
v 0.1281818 0.1034484 0.1533813
vt 0.8117864 0.6346434
vn -0.5195313 -0.7744141 -0.3601074
v 0.09679075 0.1191323 0.1612092
vt 0.8454912 0.662437
vn 0.08294678 -0.9794922 0.1821289
v 0.1976214 0.07402743 0.1507314
vt 0.7518793 0.568598
vn 0.05950928 -0.8208008 -0.5673828
v 0.2052398 0.06724316 0.1710776
vt 0.7602087 0.5413048
vn 0.8666992 -0.486084 -0.1099243
v 0.169497 0.08428174 0.1468383
vt 0.7732455 0.5977599
vn -0.3413086 -0.8134766 -0.4699707
v 0.1491447 0.08428162 0.168517
vt 0.8083113 0.5968
vn -0.4926758 -0.8129883 -0.3095703
v 0.1105468 0.109523 0.1785583
vt 0.8474771 0.6347141
vn -0.7216797 -0.6870117 0.07971191
v 0.1007758 0.1337087 0.1732451
vt 0.8663832 0.6609766
vn -0.8105469 -0.1442871 0.5668945
v 0.1137661 0.1196195 0.1885184
vt 0.863501 0.6326172
vn -0.6474609 -0.1361084 0.7495117
v 0.1359839 0.09770298 0.1994414
vt 0.8569303 0.5948046
vn -0.5161133 -0.2188721 0.8276367
v 0.1337072 0.0893099 0.1910167
vt 0.8412606 0.5956532
vn -0.6484375 -0.7578125 0.06658936
v 0.1559065 0.08043323 0.2039773
vt 0.838024 0.5617188
vn -0.3574219 -0.3393555 0.8696289
v 0.1546511 0.07383757 0.1967778
vt 0.828617 0.5656675
vn -0.5595703 -0.8222656 0.09753418
v 0.1769563 0.06651508 0.2022561
vt 0.8143913 0.5380859
vn -0.04586792 -0.4919434 0.8691406
v 0.1667355 0.07025793 0.1803896
vt 0.803825 0.56718
vn -0.4399414 -0.8510742 -0.2849121
v 0.1738632 0.06286944 0.1971606
vt 0.8116739 0.5449914
vn -0.4130859 -0.9018555 0.1234131
v 0.1848915 0.05977256 0.191098
vt 0.7982098 0.5408042
vn -0.2683105 -0.9541016 -0.1295166
v 0.1892011 0.06214906 0.1958009
vt 0.8002115 0.5333593
vn 0.4245605 -0.6010742 0.6767578
v 0.199311 0.06214907 0.1850321
vt 0.7813052 0.5333593
vn 0.71875 -0.5986328 0.3525391
v 0.1823729 0.07003251 0.1635415
vt 0.7763439 0.5679666
vn -0.3120117 -0.8525391 -0.4187012
v 0.1943455 0.0597725 0.1810278
vt 0.7818912 0.5410483
vn -0.1330566 -0.9575195 -0.2543945
v 0.199398 0.06379574 0.1682456
vt 0.7660608 0.5483611
vn 0.107666 -0.8969727 -0.4282227
vt 0.8199202 0.1796482
v 0.1922838 0.1188777 0.106144
vt 0.8034773 0.2105911
vn -0.1796875 -0.1257324 0.9755859
vt 0.7987507 0.1727786
vn -0.3845215 -0.1001587 0.9174805
v 0.1846796 0.1088298 0.09888367
vt 0.8205615 0.2083435
vn -0.5727539 -0.6894531 0.442627
v 0.1740219 0.1176177 0.06306317
vt 0.859375 0.1835938
vn 0.07403564 -0.9916992 0.1047363
v 0.2178398 0.09770298 0.1040972
vt 0.8150474 0.2504331
vn -0.0276947 -0.2298584 0.9726563
v 0.1879985 0.1030147 0.06828063
vt 0.8578634 0.2083331
vn -0.6079102 -0.7919922 -0.04919434
v 0.1811282 0.1177198 0.03215265
vt 0.8988297 0.1835938
vn 0.1870117 -0.9790039 -0.07958984
v 0.2116558 0.0893099 0.09793965
vt 0.829381 0.2475587
vn -0.5161133 -0.7670898 0.380127
v 0.2373613 0.08043323 0.09806415
vt 0.8318367 0.2814895
vn 0.1252441 -0.3393555 0.9321289
v 0.1970912 0.1030146 0.03364038
vt 0.9008303 0.2089244
vn -0.5673828 -0.7851563 -0.2468262
v 0.2326744 0.07383757 0.09245693
vt 0.8429192 0.2768027
vn -0.4360352 -0.8222656 0.3642578
v 0.2547303 0.06651508 0.08604869
vt 0.8554695 0.3034885
vn 0.3947754 -0.4919434 0.7753906
v 0.2137752 0.08428162 0.0707356
vt 0.8626611 0.2459086
vn -0.5756836 -0.8168945 -0.0266571
v 0.2495039 0.06286944 0.08318243
vt 0.860381 0.2967712
vn -0.2958984 -0.9018555 0.3134766
v 0.2349456 0.07025793 0.07222211
vt 0.8679305 0.2753646
vn -0.5234375 -0.8510742 -0.02670288
v 0.2560233 0.05977256 0.07241788
vt 0.8750614 0.3022008
vn -0.2971191 -0.9541016 0.02206421
v 0.2621071 0.06214906 0.07433591
vt 0.8743757 0.3098489
vn 0.7060547 -0.6010742 0.3737793
v 0.2654781 0.06214907 0.0599549
vt 0.8932819 0.3098489
vn 0.7988281 -0.5986328 -0.0541687
v 0.2205615 0.08428174 0.04178507
vt 0.89823 0.2451669
vn -0.5327148 -0.8100586 -0.243042
v 0.2400639 0.07003251 0.04981254
vt 0.8953908 0.2746021
vn -0.4794922 -0.8525391 -0.206543
v 0.2591757 0.0597725 0.05896983
vt 0.8914719 0.3018962
vn -0.2424316 -0.9575195 -0.1538086
v 0.2636353 0.06724316 0.04490556
vt 0.9121883 0.3003958
vn 0.6953125 -0.486084 -0.5283203
v 0.2571602 0.06379574 0.04537381
vt 0.9062883 0.2937143
vn -0.1208496 -0.8969727 -0.4248047
v 0.2468645 0.07402743 0.0310944
vt 0.9196591 0.2736726
vn -0.2322998 -0.8208008 -0.5209961
v 0.2535558 0.08062296 0.02815475
vt 0.9310946 0.2767631
vn 0.5307617 -0.3381348 -0.7768555
v 0.2307373 0.08931964 0.01650019
vt 0.9311063 0.2452312
vn -0.3105469 -0.7509766 -0.5825195
v 0.2391314 0.09763487 0.01344961
vt 0.9452743 0.2484037
vn 0.4145508 -0.1970215 -0.8881836
v 0.2092299 0.1088298 0.005355286
vt 0.9380371 0.2094058
vn -0.3232422 -0.6616211 -0.6762695
v 0.2194189 0.1188784 0.002765466
vt 0.9547274 0.2105911
vn 0.2766113 -0.09326172 -0.9560547
v 0.1854523 0.1227726 2.67827E-05
vt 0.9382843 0.1788247
vn 0.2692871 -0.9628906 0.007022858
v 0.1972655 0.1420466 2.67827E-05
vt 0.9594538 0.1775053
vn 0.0670166 -0.1082764 -0.9916992
v -2.229946E-17 0.1429377 -0.1990784
vt 0.9886585 0.8580935
vn -0.9794922 -0.1401367 -0.1437988
v 0.004686804 0.1193235 -0.2202722
vt 0.9763153 0.8911795
vn -0.9453125 -0.1237793 -0.3015137
v -4.462645E-18 0.1136034 -0.1857147
vt 0.9533947 0.8580935
vn 0 -0.9384766 -0.3439941
v 0.007221375 0.1092752 -0.2100708
vt 0.9592128 0.8878448
vn -0.7124023 -0.6704102 0.2044678
v 0.01536189 0.09763487 -0.2391046
vt 0.9663464 0.928992
vn -0.8862305 -0.2110596 -0.411377
v 0.03292312 0.1149973 -0.18289
vt 0.9179688 0.8671875
vn 0.008018494 -0.9833984 -0.1787109
v 0.01841246 0.08931964 -0.2307106
vt 0.9512535 0.9250854
vn -0.5839844 -0.7451172 0.3217773
v 0.03006702 0.08062296 -0.253529
vt 0.950846 0.9573513
vn -0.7768555 -0.3381348 -0.5307617
v 0.03543779 0.1034602 -0.1977818
vt 0.9211945 0.8889678
vn -0.2166748 -0.8203125 0.5288086
v 0.03300667 0.07402743 -0.2468378
vt 0.9395198 0.9540374
vn -0.5209961 -0.8208008 0.2322998
v 0.04681784 0.06724316 -0.2636085
vt 0.928534 0.9809842
vn -0.5283203 -0.486084 -0.6953125
v 0.04369735 0.08428174 -0.2205347
vt 0.9186752 0.9250314
vn -0.2462158 -0.8022461 0.543457
v 0.07002341 0.1034602 -0.1885047
vt 0.8790211 0.8886887
vn -0.04968262 -0.8071289 0.5874023
v 0.06751787 0.1164844 -0.1735315
vt 0.8786065 0.8655114
vn 0.1297607 -0.9848633 -0.1107178
v 0.07264788 0.08428162 -0.2137485
vt 0.8837194 0.9252269
vn -0.02975464 -0.809082 0.5859375
v 0.1006022 0.1092753 -0.1850226
vt 0.8408692 0.8876986
vn 0.4892578 -0.6816406 0.543457
v 0.09679075 0.1191323 -0.1611556
vt 0.8421351 0.8580935
vn 0.1071777 -0.9765625 -0.1853027
v 0.107902 0.1193236 -0.1925861
vt 0.8232288 0.8911795
vn 0.9770508 -0.1114502 0.1789551
v 0.09851661 0.1432339 -0.1695106
vt 0.8116907 0.8533669
vn 0.9257813 -0.08496094 0.3671875
v 0.1060095 0.09770298 -0.217813
vt 0.8374085 0.928992
vn 0.9726563 -0.2287598 0.03338623
v 0.09985192 0.0893099 -0.211629
vt 0.8510249 0.9255689
vn 0.3771973 -0.7607422 0.5273438
v 0.09997642 0.08043323 -0.2373345
vt 0.8515881 0.9573513
vn 0.9321289 -0.3393555 -0.1252441
v 0.0943692 0.07383757 -0.2326476
vt 0.8631406 0.9540834
vn 0.3642578 -0.8222656 0.4360352
v 0.08796096 0.06651508 -0.2547035
vt 0.875221 0.9809842
vn 0.7753906 -0.4919434 -0.3947754
v 0.07413439 0.07025793 -0.2349188
vt 0.8882546 0.9544205
vn -0.02670288 -0.8510742 0.5234375
v 0.0850947 0.06286944 -0.2494771
vt 0.8802336 0.9749323
vn 0.3134766 -0.9018555 0.2958984
v 0.07433014 0.05977256 -0.2559966
vt 0.8944535 0.982082
vn 0.02206421 -0.9541016 0.2971191
v 0.07624818 0.06214906 -0.2620803
vt 0.8941272 0.9904373
vn 0.3737793 -0.6010742 -0.7060547
v 0.06186717 0.06214907 -0.2654513
vt 0.9096279 0.9904373
vn -0.0541687 -0.5986328 -0.7988281
v 0.05172482 0.07003251 -0.2400371
vt 0.9153797 0.954618
vn -0.206543 -0.8525391 0.4794922
v 0.0608821 0.0597725 -0.259149
vt 0.9096279 0.9823258
vn -0.1538086 -0.9575195 0.2424316
v 0.04728609 0.06379574 -0.2571334
vt 0.9258098 0.9742116
vn -0.4248047 -0.8969727 0.1208496
v 0.1629005 0.1211351 -0.09484015
vt 0.9656847 0.8252647
vn 0.159668 -0.9853516 -0.05645752
v 0.1887776 0.1187185 -0.1130551
vt 0.984591 0.7921788
vn 0.7324219 -0.1356201 0.6669922
v 0.1686027 0.1418504 -0.09682242
vt 0.9893174 0.8347179
vn 0.5634766 -0.1269531 0.815918
v 0.1786331 0.1087075 -0.1101637
vt 0.9671103 0.7961775
vn 0.09185791 -0.6831055 0.7241211
v 0.1442984 0.1171686 -0.1190388
vt 0.9296875 0.8203125
vn 0.04663086 -0.9931641 0.1044922
v 0.2009866 0.09770298 -0.1365928
vt 0.9704113 0.7543663
vn 0.8256836 -0.2186279 0.5200195
v 0.1537482 0.1031464 -0.1283621
vt 0.9293731 0.7969054
vn -0.3615723 -0.7856445 0.5009766
v 0.1204395 0.1180799 -0.1443701
vt 0.8880771 0.820312
vn -0.118103 -0.9926758 -0.003854752
v 0.192562 0.0893099 -0.1343161
vt 0.9570675 0.7580237
vn 0.07452393 -0.7685547 0.6347656
v 0.2055226 0.08043323 -0.1565154
vt 0.9562316 0.7260069
vn 0.8696289 -0.3393555 0.3574219
v 0.1282814 0.1034484 -0.1535399
vt 0.8870219 0.7969054
vn -0.5024414 -0.777832 0.3759766
vt 0.8540856 0.823718
v 0.1700623 0.08428162 -0.1497536
vt 0.9249276 0.7590928
vn -0.307373 -0.8212891 0.4797363
v 0.1983231 0.07383757 -0.15526
vt 0.9451349 0.7295334
vn 0.09753418 -0.8222656 0.5595703
v 0.2038013 0.06651508 -0.1775652
vt 0.9325987 0.7023741
vn 0.8691406 -0.4919434 0.04586792
vt 0.8238876 0.8347179
vn -0.8408203 -0.1184692 -0.5273438
v 0.1127762 0.1196199 -0.1881942
vt 0.8333409 0.7921788
vn -0.6958008 -0.1040039 -0.7099609
v 0.1098732 0.109523 -0.1781435
vt 0.8503281 0.7958305
vn -0.7592773 -0.6450195 -0.08227539
v 0.1331293 0.09763487 -0.2003557
vt 0.8431261 0.7543663
vn -0.5571289 -0.1972656 -0.8061523
v 0.1315741 0.08931964 -0.1915609
vt 0.857491 0.7571876
vn -0.6552734 -0.7543945 -0.02775574
v 0.1530765 0.08062296 -0.205495
vt 0.8617003 0.7212803
vn -0.4074707 -0.3381348 -0.8481445
v 0.1483835 0.08428174 -0.1701059
vt 0.8902318 0.7590928
vn -0.4736328 -0.8144531 0.3342285
v 0.1522767 0.07402743 -0.1982304
vt 0.8716598 0.7272267
vn -0.5673828 -0.8208008 -0.05950928
v 0.1726229 0.06724316 -0.2058487
vt 0.8806065 0.7023741
vn -0.1099243 -0.486084 -0.8666992
v 0.1819348 0.07025793 -0.1673444
vt 0.9209032 0.7294804
vn -0.2849121 -0.8510742 0.4399414
v 0.1650867 0.07003251 -0.1829818
vt 0.894931 0.7287058
vn -0.4187012 -0.8525391 0.3120117
v 0.1697908 0.06379574 -0.2000069
vt 0.8859454 0.708988
vn -0.4282227 -0.8969727 -0.107666
v 0.1825731 0.0597725 -0.1949545
vt 0.9005842 0.701033
vn -0.2543945 -0.9575195 0.1330566
v 0.1865773 0.06214907 -0.1999199
vt 0.8995128 0.6929209
vn 0.3525391 -0.5986328 -0.71875
v 0.1926432 0.05977256 -0.1855004
vt 0.9161149 0.7011809
vn -0.1295166 -0.9541016 0.2683105
v 0.1973462 0.06214906 -0.1898101
vt 0.9184189 0.6929209
vn 0.6767578 -0.6010742 -0.4245605
v 0.1987059 0.06286944 -0.1744721
vt 0.9284928 0.7087015
vn 0.1234131 -0.9018555 0.4130859
vt 0.8323303 0.6905192
vn -0.4172363 -0.08447266 -0.9047852
v 0.190268 0.118878 -0.1065191
vt 0.8276039 0.7283317
vn -0.2138672 -0.0947876 -0.972168
vt 0.8134239 0.6971383
v 0.1828925 0.1088298 -0.0990222
vt 0.8112536 0.7250752
vn -0.6147461 -0.675293 -0.4064941
v 0.1740219 0.1176177 -0.0630096
vt 0.7730894 0.7002255
vn 0.07635498 -0.9921875 -0.09613037
v 0.2138053 0.09763487 -0.1066455
vt 0.8181508 0.7661442
vn -0.07843018 -0.2067871 -0.9750977
v 0.1871676 0.1030147 -0.06852911
vt 0.7746283 0.7246364
vn -0.6191406 -0.78125 0.0760498
v 0.2080611 0.08931964 -0.09980653
vt 0.804319 0.7624193
vn -0.5512695 -0.7578125 -0.3476563
v 0.2336497 0.08062296 -0.1011226
vt 0.8039709 0.7945036
vn 0.07110596 -0.3381348 -0.9379883
v 0.1811282 0.1177198 -0.03209909
vt 0.734375 0.6992188
vn 0.1895752 -0.9775391 0.08740234
v 0.2293248 0.07402743 -0.09523117
vt 0.792918 0.7912021
vn -0.4619141 -0.8208008 -0.3352051
v 0.2507543 0.06724316 -0.09165575
vt 0.7850647 0.8181364
vn 0.3381348 -0.486084 -0.8056641
v 0.211891 0.08428174 -0.07282126
vt 0.7723264 0.7619879
vn -0.5800781 -0.8120117 0.05947876
v 0.2453808 0.06379574 -0.08801266
vt 0.7794556 0.8113835
vn -0.3171387 -0.8969727 -0.307373
v 0.2327943 0.07003251 -0.07562048
vt 0.7694759 0.7919756
vn -0.5185547 -0.8525391 0.06091309
v 0.2539243 0.0597725 -0.07724595
vt 0.7647016 0.8195687
vn -0.2868652 -0.9575195 -0.01198578
v 0.2598748 0.06214907 -0.07954402
vt 0.7661585 0.8275895
vn 0.6645508 -0.5986328 -0.4462891
v 0.2579183 0.05977256 -0.06402341
vt 0.7486683 0.8198537
vn -0.24646 -0.9541016 0.1677246
v 0.264146 0.06214906 -0.06540421
vt 0.7472521 0.8275895
vn 0.7983398 -0.6010742 -0.02931213
v 0.2636139 0.06651508 -0.05157226
vt 0.7294331 0.8196836
vn 0.7294922 -0.4919434 0.4743652
v 0.2395665 0.07025793 -0.05365406
vt 0.743263 0.7926283
vn -0.4667969 -0.8510742 0.2386475
v 0.2576545 0.06286944 -0.05144129
vt 0.7348977 0.8136235
vn -0.09967041 -0.9018555 0.4194336
v 0.247717 0.07383757 -0.03499457
vt 0.7198328 0.7945643
vn -0.1954346 -0.8222656 0.5336914
v 0.2545796 0.08043323 -0.03248205
vt 0.7096677 0.7992302
vn 0.5742188 -0.3393555 0.7446289
v 0.2204892 0.08428162 -0.04435623
vt 0.7380545 0.7631013
vn -0.5151367 -0.8129883 0.2700195
v 0.2322557 0.0893099 -0.01973713
vt 0.7064681 0.7665407
vn -0.2658691 -0.7597656 0.5932617
v 0.24069 0.09770298 -0.01749649
vt 0.6938555 0.7722467
vn 0.4589844 -0.2220459 0.8598633
v 0.1973425 0.1030147 -0.0341788
vt 0.7322736 0.7257726
vn -0.550293 -0.7910156 0.2661133
v 0.2103643 0.1088298 -0.006276622
vt 0.6948444 0.7278886
vn -0.2749023 -0.6728516 0.6860352
v 0.220633 0.118878 -0.004005997
vt 0.6780433 0.7330582
vn 0.3088379 -0.1262207 0.9423828
vt 0.69526 0.6905192
vt 0.6716272 0.6905192
vn 0.09869385 -0.1243286 0.9873047
vt 0.1914455 0.9882813
v -0.1007758 0.1337087 0.1732451
vt 0.1772656 0.9741015
vn -0.9291992 -0.1104736 -0.3525391
v -0.1075612 0.119311 0.1907742
vt 0.1819923 0.9457421
vn -0.9775391 -0.1022949 -0.182373
v -0.105703 0.1281676 0.2020884
vt 0.1988502 0.9457421
vn -0.6347656 0.5698242 0.5209961
v -0.1079412 0.09763487 0.2138321
vt 0.1914455 0.9079297
vn -0.9746094 -0.2045898 -0.08605957
vt 0.2318656 0.9882813
v -0.1057486 0.1049116 0.2234554
vt 0.2058648 0.9104909
vn -0.699707 0.4575195 0.5478516
v -0.1024184 0.08062298 0.2336765
vt 0.2056251 0.8795702
vn -0.9379883 -0.3381348 0.07110596
v -0.0785047 0.1325563 0.2164605
vt 0.2354553 0.9457421
vn -0.3239746 0.6713867 0.6660156
vt 0.28125 0.9882813
v -0.1003274 0.08645432 0.2419153
vt 0.218081 0.8822065
vn -0.7026367 0.3439941 0.6220703
v -0.0929515 0.06724317 0.2507811
vt 0.2292578 0.8559375
vn -0.8056641 -0.486084 0.3381348
v -0.08172071 0.1093941 0.2367769
vt 0.2387602 0.9106899
vn -0.3417969 0.6206055 0.7055664
v -0.04450016 0.1325564 0.2267318
vt 0.2776912 0.9457421
vn -0.1001587 0.6738281 0.7314453
v -0.09202439 0.07565487 0.2538718
vt 0.2335513 0.8654329
vn -0.6743164 0.1638184 0.7192383
v -0.05309223 0.1093892 0.2454297
vt 0.2739681 0.9106964
vn -0.1115723 0.6196289 0.7763672
v -0.08107214 0.07087675 0.2623285
vt 0.2491007 0.857319
vn -0.3962402 0.2246094 0.8901367
v -0.08083977 0.06214908 0.2599016
vt 0.2481643 0.8464844
vn -0.4462891 -0.5986328 0.6645508
v -0.0828957 0.08948787 0.2523821
vt 0.2428849 0.8816686
vn -0.3540039 0.5361328 0.765625
v -0.06784957 0.07087675 0.2663224
vt 0.2649356 0.8571957
vn -0.1740723 0.2344971 0.9560547
v -0.06669995 0.06214907 0.2641727
vt 0.2670704 0.8464844
vn -0.02931213 -0.6010742 0.7983398
v -0.05286799 0.06651508 0.2636406
vt 0.2828612 0.8544317
vn 0.4743652 -0.4919434 0.7294922
v -0.06073936 0.0894873 0.2590751
vt 0.2697817 0.8816496
vn -0.1314697 0.5366211 0.8330078
v -0.05518417 0.07457352 0.2659653
vt 0.2784556 0.8636615
vn 0.1540527 0.1557617 0.9755859
v -0.04006257 0.08626599 0.2603344
vt 0.2943431 0.8815994
vn 0.2408447 0.3356934 0.9101563
v -0.03377779 0.08043323 0.2546064
vt 0.3059773 0.8780961
vn 0.7446289 -0.3393555 0.5742188
v -0.0254233 0.1049654 0.2479275
vt 0.3071012 0.9105245
vn 0.2719727 0.4528809 0.8486328
v -0.01879224 0.09770299 0.2407168
vt 0.3212106 0.9079722
vn 0.8642578 -0.2307129 0.4462891
v -0.01270143 0.1273599 0.2313763
vt 0.3161842 0.9457421
vn 0.2340088 0.5698242 0.7871094
v -0.006080156 0.1193103 0.2214277
vt 0.3332422 0.9457421
vn 0.9243164 -0.1832275 0.3344727
vt 0.3237891 0.9882813
v -1.671745E-17 0.1392947 0.2089952
vt 0.3379688 0.9788281
vn 0.9428711 -0.1837158 0.2763672
vt 0.3445913 0.8476564
v -0.1137661 0.1196195 0.1885184
vt 0.3373054 0.8901954
vn 0.6474609 -0.1361084 0.7495117
vt 0.3304117 0.861836
vn 0.8105469 -0.1442871 0.5668945
v -0.1247241 0.1281215 0.1928856
vt 0.3540968 0.8901954
vn -0.1625977 0.5771484 0.7998047
v -0.1359839 0.09770298 0.1994414
vt 0.3493179 0.928008
vn 0.5161133 -0.2188721 0.8276367
vt 0.3871304 0.8476564
v -0.1453319 0.1049654 0.2023704
vt 0.3631606 0.928008
vn -0.1809082 0.4692383 0.8637695
v -0.1559065 0.08043323 0.2039773
vt 0.36579 0.9592772
vn 0.3574219 -0.3393555 0.8696289
v -0.1501587 0.1326874 0.1739029
vt 0.391714 0.8901954
vn -0.4431152 0.6801758 0.5830078
vt 0.4375 0.8476563
v -0.1642133 0.08626599 0.2057955
vt 0.3763997 0.9563673
vn -0.246582 0.3356934 0.9086914
v -0.1769563 0.06651508 0.2022561
vt 0.3891352 0.981512
vn 0.04586792 -0.4919434 0.8691406
v -0.168045 0.1093892 0.1863728
vt 0.3961966 0.928008
vn -0.4763184 0.6328125 0.6098633
v -0.1748333 0.1323854 0.147933
vt 0.4344096 0.8901954
vn -0.6113281 0.6767578 0.409668
v -0.1801245 0.07457352 0.2031112
vt 0.3931064 0.9730153
vn -0.354248 0.1557617 0.921875
v -0.1814903 0.0894873 0.1943665
vt 0.4011455 0.9563673
vn -0.5302734 0.5366211 0.6557617
v -0.1912716 0.07087674 0.1970878
vt 0.4071513 0.9792988
vn -0.6289063 0.2344971 0.7407227
v -0.1892011 0.06214906 0.1958009
vt 0.4060367 0.9894533
vn -0.4245605 -0.6010742 0.6767578
v -0.199311 0.06214907 0.1850321
vt 0.4246058 0.9894533
vn -0.71875 -0.5986328 0.3525391
v -0.1885116 0.1093941 0.164565
vt 0.4310249 0.928008
vn -0.640625 0.6333008 0.4328613
v -0.1973317 0.08948789 0.177492
vt 0.4279537 0.9563673
vn -0.6894531 0.5361328 0.486084
v -0.2007257 0.07087675 0.1870177
vt 0.4231836 0.9793172
vn -0.7880859 0.2246094 0.5727539
v -0.2052398 0.06724316 0.1710776
vt 0.4440221 0.9815483
vn -0.8666992 -0.486084 -0.1099243
v -0.2059823 0.07565485 0.1742178
vt 0.4384638 0.9723304
vn -0.9438477 0.1638184 0.2858887
v -0.2071947 0.08645433 0.1597117
vt 0.4520466 0.9563673
vn -0.9199219 0.3439941 0.1873779
v -0.204886 0.08062296 0.1515312
vt 0.4637846 0.9610938
vn -0.8481445 -0.3381348 -0.4074707
v -0.2026596 0.1049116 0.1410143
vt 0.4624184 0.928008
vn -0.8725586 0.4726563 0.1216431
v -0.1997468 0.09763487 0.131584
vt 0.4756421 0.9301661
vn -0.8037109 -0.2038574 -0.5581055
v -0.1914714 0.1277099 0.1217961
vt 0.4717761 0.8901954
vn -0.809082 0.5732422 0.1264648
v -0.187403 0.1187189 0.1110149
vt 0.4892647 0.8901954
vn -0.7172852 -0.1122437 -0.6870117
vt 0.4784652 0.8476563
v -0.1686027 0.1418504 0.09687599
vt 0.4911148 0.8511165
vn -0.5415039 -0.114563 -0.8325195
v -0.1629005 0.1211351 0.09489372
vt 0.2691863 0.6624373
vn -0.1485596 -0.9848633 0.08770752
vt 0.2834918 0.6373438
vt 0.2943197 0.6704296
v -0.177168 0.1087075 0.1084398
vt 0.2670858 0.6373438
vn -0.0380249 -0.6669922 -0.7436523
v -0.1442984 0.1171686 0.1190923
vt 0.2318457 0.65625
vn -0.03790283 -0.9941406 -0.1009521
vt 0.2715735 0.5969239
v -0.1528564 0.1031464 0.1274114
vt 0.2304688 0.6352497
vn 0.3981934 -0.7661133 -0.5039063
v -0.1204395 0.1180799 0.1444236
vt 0.1903354 0.65625
vn 0.1251221 -0.9916992 0.0112915
v -0.190952 0.08931964 0.1300288
vt 0.2584279 0.5995312
vn -0.02639771 -0.7597656 -0.6489258
vt 0.2596552 0.5651416
v -0.1281818 0.1034484 0.1533813
vt 0.1882136 0.6346434
vn 0.5195313 -0.7744141 -0.3601074
v -0.09679075 0.1191323 0.1612092
vt 0.1545088 0.662437
vn -0.08294678 -0.9794922 0.1821289
v -0.1976214 0.07402743 0.1507314
vt 0.2481207 0.568598
vn -0.05950928 -0.8208008 -0.5673828
vt 0.2397913 0.5413048
v -0.169497 0.08428174 0.1468383
vt 0.2267545 0.5977599
vn 0.3413086 -0.8134766 -0.4699707
v -0.1491447 0.08428162 0.168517
vt 0.1916887 0.5968
vn 0.4926758 -0.8129883 -0.3095703
v -0.1105468 0.109523 0.1785583
vt 0.1525229 0.6347141
vn 0.7216797 -0.6870117 0.07971191
vt 0.1336168 0.6609766
vt 0.136499 0.6326172
vt 0.1430697 0.5948046
v -0.1337072 0.0893099 0.1910167
vt 0.1587394 0.5956532
vn 0.6484375 -0.7578125 0.06658936
vt 0.161976 0.5617188
v -0.1546511 0.07383757 0.1967778
vt 0.171383 0.5656675
vn 0.5595703 -0.8222656 0.09753418
vt 0.1856087 0.5380859
v -0.1667355 0.07025793 0.1803896
vt 0.196175 0.56718
vn 0.4399414 -0.8510742 -0.2849121
v -0.1738632 0.06286944 0.1971606
vt 0.1883261 0.5449914
vn 0.4130859 -0.9018555 0.1234131
v -0.1848915 0.05977256 0.191098
vt 0.2017902 0.5408042
vn 0.2683105 -0.9541016 -0.1295166
vt 0.1997885 0.5333593
vt 0.2186948 0.5333593
v -0.1823729 0.07003251 0.1635415
vt 0.2236561 0.5679666
vn 0.3120117 -0.8525391 -0.4187012
v -0.1943455 0.0597725 0.1810278
vt 0.2181088 0.5410483
vn 0.1330566 -0.9575195 -0.2543945
v -0.199398 0.06379574 0.1682456
vt 0.2339392 0.5483611
vn -0.107666 -0.8969727 -0.4282227
vt 0.4762843 0.8281251
v -0.1922838 0.1188777 0.106144
vt 0.4808594 0.785586
vn 0.1796875 -0.1257324 0.9755859
vt 0.4903126 0.828125
vn 0.3845215 -0.1001587 0.9174805
v -0.2039902 0.127416 0.1047577
vt 0.4649829 0.785586
vn -0.5253906 0.5717773 0.6293945
v -0.2178398 0.09770298 0.1040972
vt 0.470068 0.7456264
vn 0.0276947 -0.2298584 0.9726563
vt 0.4335938 0.828125
v -0.2274 0.1049654 0.1019599
vt 0.456225 0.7479159
vn -0.5854492 0.4716797 0.6591797
v -0.2373613 0.08043323 0.09806415
vt 0.4572266 0.7146875
vn -0.1252441 -0.3393555 0.9321289
v -0.2170905 0.1322348 0.07591703
vt 0.4288672 0.785586
vn -0.6669922 0.6801758 0.3029785
vt 0.384406 0.828125
v -0.2454643 0.08626599 0.09548537
vt 0.4451306 0.7187178
vn -0.6679688 0.3356934 0.6635742
v -0.2547303 0.06651508 0.08604869
vt 0.4335938 0.6923674
vn -0.3947754 -0.4919434 0.7753906
v -0.2390712 0.1093892 0.076749
vt 0.4238858 0.7487569
vn -0.7143555 0.6337891 0.2946777
v -0.2261832 0.1322348 0.04127677
vt 0.3870863 0.785586
vn -0.7348633 0.6743164 0.06713867
v -0.2579016 0.07457352 0.08520515
vt 0.4287446 0.7016227
vn -0.7675781 0.1557617 0.6210938
v -0.2547121 0.0894873 0.0769491
vt 0.4201787 0.7194141
vn -0.7871094 0.5366211 0.3027344
v -0.2645436 0.07087674 0.07441516
vt 0.4140281 0.6957812
vn -0.9150391 0.2344971 0.3273926
v -0.2621071 0.06214906 0.07433591
vt 0.4146876 0.6863281
vn -0.7060547 -0.6010742 0.3737793
v -0.2654781 0.06214907 0.0599549
vt 0.3957813 0.6863281
vn -0.7988281 -0.5986328 -0.0541687
v -0.2458919 0.1093941 0.04762961
vt 0.3892909 0.74939
vn -0.7739258 0.6298828 0.06057739
v -0.259994 0.08948789 0.05441464
vt 0.3932324 0.7194141
vn -0.840332 0.5361328 0.07629395
v -0.267696 0.07087675 0.06096711
vt 0.3978121 0.6957812
vn -0.96875 0.2246094 0.1019287
v -0.2636353 0.06724316 0.04490556
vt 0.3768751 0.6957812
vn -0.6953125 -0.486084 -0.5283203
v -0.2658484 0.07565485 0.04725382
vt 0.3827339 0.7044545
vn -0.9604492 0.1638184 -0.2243652
v -0.2596453 0.08645433 0.03408493
vt 0.3693529 0.7194141
vn -0.8901367 0.3439941 -0.2976074
v -0.2535558 0.08062296 0.02815475
vt 0.3581203 0.7146875
vn -0.5307617 -0.3381348 -0.7768555
v -0.2463692 0.1049116 0.02016011
vt 0.3574251 0.7495662
vn -0.8212891 0.4660645 -0.328125
v -0.2391314 0.09763487 0.01344961
vt 0.3437891 0.7477735
vn -0.4145508 -0.1970215 -0.8881836
v -0.2281641 0.1278199 0.01032536
vt 0.3507447 0.785586
vn -0.7680664 0.5761719 -0.2775879
v -0.2194189 0.1188784 0.002765466
vt 0.3343359 0.785586
vn -0.2766113 -0.09326172 -0.9560547
vt 0.339214 0.8281252
v -0.1972655 0.1420466 2.67827E-05
vt 0.3296095 0.8186719
vn -0.0670166 -0.1082764 -0.9916992
vt 0.2012493 0.1727786
vt 0.1965227 0.2105911
vt 0.1800798 0.1796482
v -0.1846796 0.1088298 0.09888367
vt 0.1794385 0.2083435
vn 0.5727539 -0.6894531 0.442627
v -0.1740219 0.1176177 0.06306317
vt 0.140625 0.1835938
vn -0.07403564 -0.9916992 0.1047363
vt 0.1849526 0.2504331
v -0.1879985 0.1030147 0.06828063
vt 0.1421366 0.2083331
vn 0.6079102 -0.7919922 -0.04919434
v -0.2116558 0.0893099 0.09793965
vt 0.170619 0.2475587
vn 0.5161133 -0.7670898 0.380127
vt 0.1681633 0.2814895
v -0.1811282 0.1177198 0.03215265
vt 0.1011703 0.1835938
vn -0.1870117 -0.9790039 -0.07958984
v -0.2326744 0.07383757 0.09245693
vt 0.1570808 0.2768027
vn 0.4360352 -0.8222656 0.3642578
vt 0.1445305 0.3034885
v -0.2137752 0.08428162 0.0707356
vt 0.1373389 0.2459086
vn 0.5756836 -0.8168945 -0.0266571
v -0.1970912 0.1030146 0.03364038
vt 0.09916967 0.2089244
vn 0.5673828 -0.7851563 -0.2468262
v -0.2495039 0.06286944 0.08318243
vt 0.139619 0.2967712
vn 0.2958984 -0.9018555 0.3134766
v -0.2349456 0.07025793 0.07222211
vt 0.1320695 0.2753646
vn 0.5234375 -0.8510742 -0.02670288
v -0.2560233 0.05977256 0.07241788
vt 0.1249386 0.3022008
vn 0.2971191 -0.9541016 0.02206421
vt 0.1256243 0.3098489
vt 0.1067181 0.3098489
v -0.2205615 0.08428174 0.04178507
vt 0.10177 0.2451669
vn 0.5327148 -0.8100586 -0.243042
v -0.2400639 0.07003251 0.04981254
vt 0.1046092 0.2746021
vn 0.4794922 -0.8525391 -0.206543
v -0.2591757 0.0597725 0.05896983
vt 0.1085281 0.3018962
vn 0.2424316 -0.9575195 -0.1538086
vt 0.08781171 0.3003958
v -0.2571602 0.06379574 0.04537381
vt 0.09371173 0.2937143
vn 0.1208496 -0.8969727 -0.4248047
v -0.2468645 0.07402743 0.0310944
vt 0.08034092 0.2736726
vn 0.2322998 -0.8208008 -0.5209961
vt 0.06890541 0.2767631
v -0.2307373 0.08931964 0.01650019
vt 0.06889373 0.2452312
vn 0.3105469 -0.7509766 -0.5825195
vt 0.05472571 0.2484037
v -0.2092299 0.1088298 0.005355286
vt 0.0619629 0.2094058
vn 0.3232422 -0.6616211 -0.6762695
vt 0.04527265 0.2105911
v -0.1854523 0.1227726 2.67827E-05
vt 0.06171566 0.1788247
vn -0.2692871 -0.9628906 0.007022858
vt 0.04054624 0.1775053
vt 0.1514475 0.1523438
v -0.107902 0.1193236 -0.1925861
vt 0.1609007 0.1098047
vn -0.9770508 -0.1114502 0.1789551
v -0.09851661 0.1432339 -0.1695106
vt 0.1656272 0.1476172
vn -0.9257813 -0.08496094 0.3671875
v -0.106577 0.1278616 -0.2043032
vt 0.1443609 0.1097671
vn -0.6171875 0.5849609 -0.5253906
v -0.1060095 0.09770298 -0.217813
vt 0.1514475 0.07199228
vn -0.9726563 -0.2287598 0.03338623
vt 0.1111456 0.1523438
v -0.1038722 0.1049654 -0.2273732
vt 0.1366395 0.07406521
vn -0.6625977 0.4624023 -0.5883789
v -0.09997642 0.08043323 -0.2373345
vt 0.1372678 0.04363275
vn -0.9321289 -0.3393555 -0.1252441
v -0.07781464 0.1326804 -0.2175508
vt 0.1072873 0.1100051
vn -0.2963867 0.6914063 -0.6582031
vt 0.0625 0.1523438
v -0.09739764 0.08626599 -0.2454375
vt 0.1247751 0.04634994
vn -0.6635742 0.3356934 -0.6679688
v -0.08796096 0.06651508 -0.2547035
vt 0.1136351 0.01999998
vn -0.7753906 -0.4919434 -0.3947754
v -0.07866127 0.1093892 -0.2390445
vt 0.1028402 0.07416826
vn -0.2983398 0.6240234 -0.7216797
v -0.04322902 0.1326804 -0.226828
vt 0.0648613 0.1095798
vn -0.07598877 0.6801758 -0.7285156
v -0.08711742 0.07457352 -0.2578748
vt 0.1085157 0.0285219
vn -0.6210938 0.1557617 -0.7675781
v -0.07886139 0.0894873 -0.2546853
vt 0.09926403 0.04569966
vn -0.3027344 0.5366211 -0.7871094
v -0.07632744 0.07087674 -0.2645168
vt 0.0940941 0.02148426
vn -0.3273926 0.2344971 -0.9150391
v -0.07624818 0.06214906 -0.2620803
vt 0.09472877 0.01054692
vn -0.3737793 -0.6010742 -0.7060547
v -0.06186717 0.06214907 -0.2654513
vt 0.0781858 0.01054692
vn 0.0541687 -0.5986328 -0.7988281
v -0.04954188 0.1093941 -0.2458652
vt 0.06712717 0.07419461
vn -0.06063843 0.6191406 -0.7822266
v -0.05632691 0.08948789 -0.2599672
vt 0.07178724 0.0453949
vn -0.07629395 0.5361328 -0.840332
v -0.06287939 0.07087675 -0.2676692
vt 0.0781858 0.02121544
vn -0.1019287 0.2246094 -0.96875
v -0.04681784 0.06724316 -0.2636085
vt 0.05927956 0.01999998
vn 0.5283203 -0.486084 -0.6953125
v -0.04916609 0.07565485 -0.2658216
vt 0.06199574 0.02919686
vn 0.2243652 0.1638184 -0.9604492
v -0.0359972 0.08645433 -0.2596185
vt 0.04684687 0.0456776
vn 0.2976074 0.3439941 -0.8901367
v -0.03006702 0.08062296 -0.253529
vt 0.0356468 0.04363275
vn 0.7768555 -0.3381348 -0.5307617
v -0.02207238 0.1049116 -0.2463424
vt 0.03369868 0.07432932
vn 0.3212891 0.4567871 -0.8291016
v -0.01536189 0.09763487 -0.2391046
vt 0.01910388 0.07199228
vn 0.8862305 -0.2110596 -0.411377
v -0.01112296 0.1282654 -0.2282039
vt 0.0262605 0.1109741
vn 0.2429199 0.5771484 -0.7792969
v -0.004686804 0.1193235 -0.2202722
vt 0.009650707 0.1098047
vn 0.9453125 -0.1237793 -0.3015137
vt 0.02383029 0.1501678
vt 0.009650707 0.1476172
vn 0.9794922 -0.1401367 -0.1437988
vt 0.04660529 0.8580935
vt 0.02368473 0.8911795
vt 0.0113415 0.8580935
v -0.007221375 0.1092752 -0.2100708
vt 0.04078716 0.8878448
vn 0.7124023 -0.6704102 0.2044678
vt 0.03365356 0.928992
v -0.03292312 0.1149973 -0.18289
vt 0.08203125 0.8671875
vn -0.008018494 -0.9833984 -0.1787109
v -0.01841246 0.08931964 -0.2307106
vt 0.04874647 0.9250854
vn 0.5839844 -0.7451172 0.3217773
vt 0.04915398 0.9573513
v -0.03543779 0.1034602 -0.1977818
vt 0.07880551 0.8889678
vn 0.2166748 -0.8203125 0.5288086
v -0.03300667 0.07402743 -0.2468378
vt 0.06048018 0.9540374
vn 0.5209961 -0.8208008 0.2322998
vt 0.07146597 0.9809842
v -0.04369735 0.08428174 -0.2205347
vt 0.08132476 0.9250314
vn 0.2462158 -0.8022461 0.543457
v -0.07002341 0.1034602 -0.1885047
vt 0.1209789 0.8886887
vn 0.04968262 -0.8071289 0.5874023
v -0.06751787 0.1164844 -0.1735315
vt 0.1213935 0.8655114
vn -0.1297607 -0.9848633 -0.1107178
v -0.07264788 0.08428162 -0.2137485
vt 0.1162806 0.9252269
vn 0.02975464 -0.809082 0.5859375
v -0.1006022 0.1092753 -0.1850226
vt 0.1591308 0.8876986
vn -0.4892578 -0.6816406 0.543457
v -0.09679075 0.1191323 -0.1611556
vt 0.1578649 0.8580935
vn -0.1071777 -0.9765625 -0.1853027
vt 0.1883093 0.8533669
vt 0.1767712 0.8911795
vt 0.1625915 0.928992
v -0.09985192 0.0893099 -0.211629
vt 0.1489751 0.9255689
vn -0.3771973 -0.7607422 0.5273438
vt 0.1484119 0.9573513
v -0.0943692 0.07383757 -0.2326476
vt 0.1368594 0.9540834
vn -0.3642578 -0.8222656 0.4360352
vt 0.1247791 0.9809842
v -0.07413439 0.07025793 -0.2349188
vt 0.1117454 0.9544205
vn 0.02670288 -0.8510742 0.5234375
v -0.0850947 0.06286944 -0.2494771
vt 0.1197664 0.9749323
vn -0.3134766 -0.9018555 0.2958984
v -0.07433014 0.05977256 -0.2559966
vt 0.1055465 0.982082
vn -0.02206421 -0.9541016 0.2971191
vt 0.1058728 0.9904373
vt 0.09037215 0.9904373
v -0.05172482 0.07003251 -0.2400371
vt 0.0846203 0.954618
vn 0.206543 -0.8525391 0.4794922
v -0.0608821 0.0597725 -0.259149
vt 0.09037215 0.9823258
vn 0.1538086 -0.9575195 0.2424316
v -0.04728609 0.06379574 -0.2571334
vt 0.0741902 0.9742116
vn 0.4248047 -0.8969727 0.1208496
vt 0.4296584 0.515625
vt 0.4438381 0.5203515
vn 0.8408203 -0.1184692 -0.5273438
v -0.1127762 0.1196199 -0.1881942
vt 0.4391116 0.5628906
vn 0.6958008 -0.1040039 -0.7099609
v -0.1237437 0.1285254 -0.1919327
vt 0.4218087 0.5604637
vn -0.144165 0.5839844 -0.7983398
v -0.1331293 0.09763487 -0.2003557
vt 0.4277954 0.6007031
vn 0.5571289 -0.1972656 -0.8061523
vt 0.3867188 0.515625
v -0.1425596 0.1049116 -0.2032685
vt 0.4136317 0.5987651
vn -0.1274414 0.473877 -0.8710938
v -0.1530765 0.08062296 -0.205495
vt 0.4107521 0.6337891
vn 0.4074707 -0.3381348 -0.8481445
v -0.1495931 0.1326874 -0.1747267
vt 0.3844099 0.5600863
vn -0.4226074 0.6865234 -0.5913086
v -0.1612569 0.08645433 -0.2078036
vt 0.3998599 0.6285105
vn -0.1873779 0.3439941 -0.9199219
v -0.1726229 0.06724316 -0.2058487
vt 0.3918459 0.6526953
vn 0.1099243 -0.486084 -0.8666992
v -0.1661103 0.1093941 -0.1891205
vt 0.3810717 0.5983194
vn -0.4365234 0.6386719 -0.6333008
v -0.1750598 0.1323854 -0.1495489
vt 0.3421201 0.5600854
vn -0.5874023 0.6943359 -0.4147949
vt 0.3378588 0.515625
v -0.1879181 0.1093892 -0.1686539
vt 0.3463382 0.5983791
vn -0.6069336 0.6455078 -0.4626465
v -0.1934746 0.127306 -0.1238268
vt 0.3046091 0.5615193
vn -0.7978516 0.5878906 -0.1308594
vt 0.2973146 0.515625
v -0.1887776 0.1187185 -0.1130551
vt 0.2878615 0.5676171
vn -0.7324219 -0.1356201 0.6669922
v -0.1686027 0.1418504 -0.09682242
vt 0.2831349 0.5203515
vn -0.5634766 -0.1269531 0.815918
v -0.2009866 0.09770298 -0.1365928
vt 0.3000864 0.6007031
vn -0.8256836 -0.2186279 0.5200195
v -0.2039157 0.1049654 -0.1459408
vt 0.3140466 0.5984706
vn -0.8554688 0.4897461 -0.1676025
v -0.2055226 0.08043323 -0.1565154
vt 0.3114942 0.6290625
vn -0.8696289 -0.3393555 0.3574219
v -0.2073407 0.08626599 -0.1648222
vt 0.3240805 0.6273412
vn -0.9086914 0.3356934 -0.246582
v -0.2038013 0.06651508 -0.1775652
vt 0.3351271 0.6574218
vn -0.8691406 -0.4919434 0.04586792
v -0.1959118 0.0894873 -0.1820992
vt 0.3489811 0.6280288
vn -0.6557617 0.5366211 -0.5302734
v -0.2046565 0.07457352 -0.1807334
vt 0.3399274 0.6470515
vn -0.921875 0.1557617 -0.354248
v -0.1986331 0.07087674 -0.1918805
vt 0.3540334 0.6526953
vn -0.7407227 0.2344971 -0.6289063
v -0.1973462 0.06214906 -0.1898101
vt 0.3540334 0.6621484
vn -0.6767578 -0.6010742 -0.4245605
v -0.1865773 0.06214907 -0.1999199
vt 0.3729397 0.6621484
vn -0.3525391 -0.5986328 -0.71875
v -0.1790373 0.08948789 -0.1979406
vt 0.3760555 0.6277297
vn -0.486084 0.5361328 -0.6894531
v -0.1885629 0.07087675 -0.2013346
vt 0.3709923 0.6526953
vn -0.5727539 0.2246094 -0.7880859
v -0.1757631 0.07565485 -0.2065912
vt 0.3862505 0.6438899
vn -0.2858887 0.1638184 -0.9438477
vt 0.01068258 0.8347179
vt 0.01540899 0.7921788
v -0.1629005 0.1211351 -0.09484015
vt 0.03431535 0.8252647
vn -0.159668 -0.9853516 -0.05645752
v -0.1786331 0.1087075 -0.1101637
vt 0.03288972 0.7961775
vn -0.09185791 -0.6831055 0.7241211
v -0.1442984 0.1171686 -0.1190388
vt 0.0703125 0.8203125
vn -0.04663086 -0.9931641 0.1044922
vt 0.0295887 0.7543663
v -0.1537482 0.1031464 -0.1283621
vt 0.07062685 0.7969054
vn 0.3615723 -0.7856445 0.5009766
v -0.1204395 0.1180799 -0.1443701
vt 0.1119229 0.820312
vn 0.118103 -0.9926758 -0.003854752
v -0.192562 0.0893099 -0.1343161
vt 0.04293251 0.7580237
vn -0.07452393 -0.7685547 0.6347656
vt 0.04376841 0.7260069
v -0.1282814 0.1034484 -0.1535399
vt 0.1129781 0.7969054
vn 0.5024414 -0.777832 0.3759766
v -0.1983231 0.07383757 -0.15526
vt 0.05486512 0.7295334
vn -0.09753418 -0.8222656 0.5595703
vt 0.1459144 0.823718
vt 0.06740129 0.7023741
vt 0.1666591 0.7921788
vt 0.1761124 0.8347179
v -0.1098732 0.109523 -0.1781435
vt 0.1496719 0.7958305
vn 0.7592773 -0.6450195 -0.08227539
vt 0.1568739 0.7543663
v -0.1315741 0.08931964 -0.1915609
vt 0.142509 0.7571876
vn 0.6552734 -0.7543945 -0.02775574
vt 0.1382997 0.7212803
v -0.1522767 0.07402743 -0.1982304
vt 0.1283402 0.7272267
vn 0.5673828 -0.8208008 -0.05950928
vt 0.1193935 0.7023741
v -0.1483835 0.08428174 -0.1701059
vt 0.1097682 0.7590928
vn 0.4736328 -0.8144531 0.3342285
v -0.1700623 0.08428162 -0.1497536
vt 0.07507241 0.7590928
vn 0.307373 -0.8212891 0.4797363
v -0.1819348 0.07025793 -0.1673444
vt 0.07909679 0.7294804
vn 0.2849121 -0.8510742 0.4399414
v -0.1650867 0.07003251 -0.1829818
vt 0.105069 0.7287058
vn 0.4187012 -0.8525391 0.3120117
v -0.1987059 0.06286944 -0.1744721
vt 0.07150722 0.7087015
vn -0.1234131 -0.9018555 0.4130859
v -0.1926432 0.05977256 -0.1855004
vt 0.08388507 0.7011809
vn 0.1295166 -0.9541016 0.2683105
vt 0.08158112 0.6929209
vt 0.1004872 0.6929209
v -0.1825731 0.0597725 -0.1949545
vt 0.09941578 0.701033
vn 0.2543945 -0.9575195 0.1330566
v -0.1697908 0.06379574 -0.2000069
vt 0.1140546 0.708988
vn 0.4282227 -0.8969727 -0.107666
vt 0.167671 0.4960938
vt 0.1557872 0.4929152
vn 0.4172363 -0.08447266 -0.9047852
v -0.190268 0.118878 -0.1065191
vt 0.1605139 0.4535546
vn 0.2138672 -0.0947876 -0.972168
v -0.2016683 0.1278199 -0.1045837
vt 0.1770538 0.4549034
vn -0.5161133 0.5703125 -0.6386719
v -0.2138053 0.09763487 -0.1066455
vt 0.1699672 0.4157423
vn 0.07843018 -0.2067871 -0.9750977
vt 0.2109375 0.4960938
v -0.2234287 0.1049116 -0.1044529
vt 0.1841466 0.4184626
vn -0.5463867 0.465332 -0.6958008
v -0.2336497 0.08062296 -0.1011226
vt 0.1841466 0.3873828
vn -0.07110596 -0.3381348 -0.9379883
v -0.2160162 0.1322348 -0.07707421
vt 0.2125061 0.4535549
vn -0.6650391 0.6723633 -0.3239746
v -0.2418885 0.08645433 -0.09903169
vt 0.1956986 0.3901209
vn -0.6220703 0.3439941 -0.7026367
v -0.2507543 0.06724316 -0.09165575
vt 0.2030529 0.3637501
vn -0.3381348 -0.486084 -0.8056641
v -0.2367501 0.1093941 -0.08042497
vt 0.2161711 0.4182826
vn -0.6992188 0.6289063 -0.3381348
v -0.226191 0.1322348 -0.04272391
vt 0.2550451 0.4535549
vn -0.7304688 0.6767578 -0.08734131
vt 0.2597717 0.4960939
v -0.2454029 0.1093892 -0.05179649
vt 0.2503185 0.4174186
vn -0.7685547 0.6303711 -0.1066895
v -0.229918 0.127416 -0.01124336
vt 0.2944492 0.4506488
vn -0.7753906 0.5732422 0.263916
vt 0.3023107 0.4960938
v -0.220633 0.118878 -0.004005997
vt 0.311764 0.4488281
vn -0.3088379 -0.1262207 0.9423828
vt 0.3164907 0.4913673
vn -0.09869385 -0.1243286 0.9873047
v -0.24069 0.09770298 -0.01749649
vt 0.2975841 0.4110157
vn -0.4589844 -0.2220459 0.8598633
v -0.2479007 0.1049654 -0.02412756
vt 0.2835884 0.4148831
vn -0.8398438 0.467041 0.2758789
v -0.2545796 0.08043323 -0.03248205
vt 0.2786779 0.3826562
vn -0.5742188 -0.3393555 0.7446289
v -0.2603076 0.08626599 -0.03876682
vt 0.2682697 0.3874387
vn -0.9101563 0.3356934 0.2408447
v -0.2636139 0.06651508 -0.05157226
vt 0.2584636 0.3622179
vn -0.7294922 -0.4919434 0.4743652
v -0.2590483 0.0894873 -0.05944362
vt 0.2450141 0.3886164
vn -0.8330078 0.5366211 -0.1314697
v -0.2659386 0.07457352 -0.05388843
vt 0.2533244 0.3707873
vn -0.9755859 0.1557617 0.1540527
v -0.2662956 0.07087674 -0.06655384
vt 0.2394077 0.3645551
vn -0.9560547 0.2344971 -0.1740723
v -0.264146 0.06214906 -0.06540421
vt 0.2408656 0.3542968
vn -0.7983398 -0.6010742 -0.02931213
v -0.2598748 0.06214907 -0.07954402
vt 0.2219591 0.3542968
vn -0.6645508 -0.5986328 -0.4462891
v -0.2523553 0.08948789 -0.08159998
vt 0.2189993 0.3890634
vn -0.765625 0.5361328 -0.3540039
v -0.2623017 0.07087675 -0.07977639
vt 0.2235607 0.3648692
vn -0.8901367 0.2246094 -0.3962402
v -0.253845 0.07565485 -0.09072866
vt 0.2085886 0.3729855
vn -0.7192383 0.1638184 -0.6743164
vt 0.1865761 0.6971383
vt 0.1723961 0.7283317
vt 0.1676697 0.6905192
v -0.1828925 0.1088298 -0.0990222
vt 0.1887464 0.7250752
vn 0.6147461 -0.675293 -0.4064941
v -0.1740219 0.1176177 -0.0630096
vt 0.2269106 0.7002255
vn -0.07635498 -0.9921875 -0.09613037
vt 0.1818492 0.7661442
v -0.1871676 0.1030147 -0.06852911
vt 0.2253717 0.7246364
vn 0.6191406 -0.78125 0.0760498
v -0.2080611 0.08931964 -0.09980653
vt 0.195681 0.7624193
vn 0.5512695 -0.7578125 -0.3476563
vt 0.1960291 0.7945036
v -0.1811282 0.1177198 -0.03209909
vt 0.265625 0.6992188
vn -0.1895752 -0.9775391 0.08740234
v -0.2293248 0.07402743 -0.09523117
vt 0.207082 0.7912021
vn 0.4619141 -0.8208008 -0.3352051
vt 0.2149353 0.8181364
v -0.211891 0.08428174 -0.07282126
vt 0.2276736 0.7619879
vn 0.5800781 -0.8120117 0.05947876
v -0.1973425 0.1030147 -0.0341788
vt 0.2677264 0.7257726
vn 0.550293 -0.7910156 0.2661133
v -0.2453808 0.06379574 -0.08801266
vt 0.2205444 0.8113835
vn 0.3171387 -0.8969727 -0.307373
v -0.2103643 0.1088298 -0.006276622
vt 0.3051556 0.7278886
vn 0.2749023 -0.6728516 0.6860352
vt 0.30474 0.6905192
vt 0.3283728 0.6905192
vt 0.3219567 0.7330582
vt 0.3061445 0.7722467
v -0.2322557 0.0893099 -0.01973713
vt 0.2935319 0.7665407
vn 0.2658691 -0.7597656 0.5932617
vt 0.2903323 0.7992302
v -0.2204892 0.08428162 -0.04435623
vt 0.2619455 0.7631013
vn 0.5151367 -0.8129883 0.2700195
v -0.247717 0.07383757 -0.03499457
vt 0.2801672 0.7945643
vn 0.1954346 -0.8222656 0.5336914
vt 0.2705669 0.8196836
v -0.2395665 0.07025793 -0.05365406
vt 0.256737 0.7926283
vn 0.4667969 -0.8510742 0.2386475
v -0.2576545 0.06286944 -0.05144129
vt 0.2651023 0.8136235
vn 0.09967041 -0.9018555 0.4194336
v -0.2579183 0.05977256 -0.06402341
vt 0.2513317 0.8198537
vn 0.24646 -0.9541016 0.1677246
vt 0.2527479 0.8275895
vt 0.2338415 0.8275895
v -0.2327943 0.07003251 -0.07562048
vt 0.2305241 0.7919756
vn 0.5185547 -0.8525391 0.06091309
v -0.2539243 0.0597725 -0.07724595
vt 0.2352984 0.8195687
vn 0.2868652 -0.9575195 -0.01198578
vt 0.8085545 0.9882813
v 0.1075612 0.119311 0.1907742
vt 0.8180077 0.9457421
vn 0.9775391 -0.1022949 -0.182373
vt 0.8227344 0.9741015
vn 0.9291992 -0.1104736 -0.3525391
v 0.105703 0.1281676 0.2020884
vt 0.8011498 0.9457421
vn 0.6347656 0.5698242 0.5209961
v 0.1079412 0.09763487 0.2138321
vt 0.8085545 0.9079297
vn 0.9746094 -0.2045898 -0.08605957
vt 0.7681344 0.9882813
v 0.1057486 0.1049116 0.2234554
vt 0.7941352 0.9104909
vn 0.699707 0.4575195 0.5478516
v 0.1024184 0.08062298 0.2336765
vt 0.7943749 0.8795702
vn 0.9379883 -0.3381348 0.07110596
v 0.0785047 0.1325563 0.2164605
vt 0.7645447 0.9457421
vn 0.3239746 0.6713867 0.6660156
vt 0.71875 0.9882813
v 0.1003274 0.08645432 0.2419153
vt 0.781919 0.8822065
vn 0.7026367 0.3439941 0.6220703
v 0.0929515 0.06724317 0.2507811
vt 0.7707422 0.8559375
vn 0.8056641 -0.486084 0.3381348
v 0.08172071 0.1093941 0.2367769
vt 0.7612398 0.9106899
vn 0.3417969 0.6206055 0.7055664
v 0.04450016 0.1325564 0.2267318
vt 0.7223088 0.9457421
vn 0.1001587 0.6738281 0.7314453
v 0.09202439 0.07565487 0.2538718
vt 0.7664487 0.8654329
vn 0.6743164 0.1638184 0.7192383
v 0.01270143 0.1273599 0.2313763
vt 0.6838158 0.9457421
vn -0.2340088 0.5698242 0.7871094
vt 0.6762109 0.9882813
vt 0.6620312 0.9788281
vn -0.9428711 -0.1837158 0.2763672
v 0.006080156 0.1193103 0.2214277
vt 0.6667578 0.9457421
vn -0.9243164 -0.1832275 0.3344727
v 0.01879224 0.09770299 0.2407168
vt 0.6787894 0.9079722
vn -0.8642578 -0.2307129 0.4462891
v 0.0254233 0.1049654 0.2479275
vt 0.6928988 0.9105245
vn -0.2719727 0.4528809 0.8486328
v 0.03377779 0.08043323 0.2546064
vt 0.6940227 0.8780961
vn -0.7446289 -0.3393555 0.5742188
v 0.05309223 0.1093892 0.2454297
vt 0.7260319 0.9106964
vn 0.1115723 0.6196289 0.7763672
v 0.04006257 0.08626599 0.2603344
vt 0.7056569 0.8815994
vn -0.2408447 0.3356934 0.9101563
v 0.05286799 0.06651508 0.2636406
vt 0.7171388 0.8544317
vn -0.4743652 -0.4919434 0.7294922
v 0.06073936 0.0894873 0.2590751
vt 0.7302183 0.8816496
vn 0.1314697 0.5366211 0.8330078
v 0.05518417 0.07457352 0.2659653
vt 0.7215444 0.8636615
vn -0.1540527 0.1557617 0.9755859
v 0.06784957 0.07087675 0.2663224
vt 0.7350644 0.8571957
vn 0.1740723 0.2344971 0.9560547
v 0.06669995 0.06214907 0.2641727
vt 0.7329296 0.8464844
vn 0.02931213 -0.6010742 0.7983398
v 0.08083977 0.06214908 0.2599016
vt 0.7518357 0.8464844
vn 0.4462891 -0.5986328 0.6645508
v 0.0828957 0.08948787 0.2523821
vt 0.7571151 0.8816686
vn 0.3540039 0.5361328 0.765625
v 0.08107214 0.07087675 0.2623285
vt 0.7508993 0.857319
vn 0.3962402 0.2246094 0.8901367
vt 0.6554087 0.8476564
vt 0.6695883 0.861836
vt 0.6626946 0.8901954
v 0.1247241 0.1281215 0.1928856
vt 0.6459032 0.8901954
vn 0.1625977 0.5771484 0.7998047
vt 0.6128696 0.8476564
vt 0.6506821 0.928008
v 0.1501587 0.1326874 0.1739029
vt 0.608286 0.8901954
vn 0.4431152 0.6801758 0.5830078
v 0.1453319 0.1049654 0.2023704
vt 0.6368394 0.928008
vn 0.1809082 0.4692383 0.8637695
vt 0.63421 0.9592772
vt 0.5625 0.8476563
v 0.1642133 0.08626599 0.2057955
vt 0.6236003 0.9563673
vn 0.246582 0.3356934 0.9086914
vt 0.6108648 0.981512
v 0.168045 0.1093892 0.1863728
vt 0.6038034 0.928008
vn 0.4763184 0.6328125 0.6098633
v 0.1748333 0.1323854 0.147933
vt 0.5655904 0.8901954
vn 0.6113281 0.6767578 0.409668
v 0.1801245 0.07457352 0.2031112
vt 0.6068936 0.9730153
vn 0.354248 0.1557617 0.921875
v 0.1814903 0.0894873 0.1943665
vt 0.5988545 0.9563673
vn 0.5302734 0.5366211 0.6557617
v 0.1912716 0.07087674 0.1970878
vt 0.5928487 0.9792988
vn 0.6289063 0.2344971 0.7407227
vt 0.5939633 0.9894533
vt 0.5753942 0.9894533
v 0.1885116 0.1093941 0.164565
vt 0.5689751 0.928008
vn 0.640625 0.6333008 0.4328613
v 0.1973317 0.08948789 0.177492
vt 0.5720463 0.9563673
vn 0.6894531 0.5361328 0.486084
v 0.2007257 0.07087675 0.1870177
vt 0.5768164 0.9793172
vn 0.7880859 0.2246094 0.5727539
vt 0.5559779 0.9815483
v 0.2059823 0.07565485 0.1742178
vt 0.5615362 0.9723304
vn 0.9438477 0.1638184 0.2858887
v 0.2071947 0.08645433 0.1597117
vt 0.5479534 0.9563673
vn 0.9199219 0.3439941 0.1873779
vt 0.5362154 0.9610938
v 0.2026596 0.1049116 0.1410143
vt 0.5375816 0.928008
vn 0.8725586 0.4726563 0.1216431
vt 0.5243579 0.9301661
v 0.1914714 0.1277099 0.1217961
vt 0.5282239 0.8901954
vn 0.809082 0.5732422 0.1264648
vt 0.5107353 0.8901954
vt 0.5215348 0.8476563
vt 0.5088852 0.8511165
vt 0.5237157 0.8281251
vt 0.5096874 0.828125
vt 0.5191406 0.785586
v 0.2039902 0.127416 0.1047577
vt 0.5350171 0.785586
vn 0.5253906 0.5717773 0.6293945
vt 0.5664063 0.828125
vt 0.529932 0.7456264
v 0.2170905 0.1322348 0.07591703
vt 0.5711328 0.785586
vn 0.6669922 0.6801758 0.3029785
v 0.2274 0.1049654 0.1019599
vt 0.543775 0.7479159
vn 0.5854492 0.4716797 0.6591797
vt 0.5427734 0.7146875
vt 0.615594 0.828125
v 0.2454643 0.08626599 0.09548537
vt 0.5548694 0.7187178
vn 0.6679688 0.3356934 0.6635742
vt 0.5664063 0.6923674
v 0.2390712 0.1093892 0.076749
vt 0.5761142 0.7487569
vn 0.7143555 0.6337891 0.2946777
v 0.2261832 0.1322348 0.04127677
vt 0.6129137 0.785586
vn 0.7348633 0.6743164 0.06713867
v 0.2579016 0.07457352 0.08520515
vt 0.5712554 0.7016227
vn 0.7675781 0.1557617 0.6210938
v 0.2547121 0.0894873 0.0769491
vt 0.5798213 0.7194141
vn 0.7871094 0.5366211 0.3027344
v 0.2645436 0.07087674 0.07441516
vt 0.5859719 0.6957812
vn 0.9150391 0.2344971 0.3273926
vt 0.5853124 0.6863281
vt 0.6042187 0.6863281
v 0.2458919 0.1093941 0.04762961
vt 0.6107091 0.74939
vn 0.7739258 0.6298828 0.06057739
v 0.259994 0.08948789 0.05441464
vt 0.6067676 0.7194141
vn 0.840332 0.5361328 0.07629395
v 0.267696 0.07087675 0.06096711
vt 0.6021879 0.6957812
vn 0.96875 0.2246094 0.1019287
vt 0.6231249 0.6957812
v 0.2658484 0.07565485 0.04725382
vt 0.6172661 0.7044545
vn 0.9604492 0.1638184 -0.2243652
v 0.2596453 0.08645433 0.03408493
vt 0.6306471 0.7194141
vn 0.8901367 0.3439941 -0.2976074
vt 0.6418797 0.7146875
v 0.2463692 0.1049116 0.02016011
vt 0.6425749 0.7495662
vn 0.8212891 0.4660645 -0.328125
vt 0.6562109 0.7477735
v 0.2281641 0.1278199 0.01032536
vt 0.6492553 0.785586
vn 0.7680664 0.5761719 -0.2775879
vt 0.6656641 0.785586
vt 0.660786 0.8281252
vt 0.6703905 0.8186719
vt 0.6976893 0.4960938
vt 0.6835093 0.4913673
vt 0.688236 0.4488281
v 0.229918 0.127416 -0.01124336
vt 0.7055508 0.4506488
vn 0.7753906 0.5732422 0.263916
vt 0.7402283 0.4960939
vt 0.7024159 0.4110157
v 0.226191 0.1322348 -0.04272391
vt 0.7449549 0.4535549
vn 0.7304688 0.6767578 -0.08734131
v 0.2479007 0.1049654 -0.02412756
vt 0.7164116 0.4148831
vn 0.8398438 0.467041 0.2758789
vt 0.7213221 0.3826562
vt 0.7890625 0.4960938
v 0.2603076 0.08626599 -0.03876682
vt 0.7317303 0.3874387
vn 0.9101563 0.3356934 0.2408447
vt 0.7415364 0.3622179
v 0.2454029 0.1093892 -0.05179649
vt 0.7496815 0.4174186
vn 0.7685547 0.6303711 -0.1066895
v 0.2160162 0.1322348 -0.07707421
vt 0.7874939 0.4535549
vn 0.6650391 0.6723633 -0.3239746
v 0.2659386 0.07457352 -0.05388843
vt 0.7466756 0.3707873
vn 0.9755859 0.1557617 0.1540527
v 0.2590483 0.0894873 -0.05944362
vt 0.7549859 0.3886164
vn 0.8330078 0.5366211 -0.1314697
v 0.2662956 0.07087674 -0.06655384
vt 0.7605923 0.3645551
vn 0.9560547 0.2344971 -0.1740723
vt 0.7591344 0.3542968
vt 0.7780409 0.3542968
v 0.2367501 0.1093941 -0.08042497
vt 0.7838289 0.4182826
vn 0.6992188 0.6289063 -0.3381348
v 0.2523553 0.08948789 -0.08159998
vt 0.7810007 0.3890634
vn 0.765625 0.5361328 -0.3540039
v 0.2623017 0.07087675 -0.07977639
vt 0.7764393 0.3648692
vn 0.8901367 0.2246094 -0.3962402
vt 0.7969471 0.3637501
v 0.253845 0.07565485 -0.09072866
vt 0.7914114 0.3729855
vn 0.7192383 0.1638184 -0.6743164
v 0.2418885 0.08645433 -0.09903169
vt 0.8043014 0.3901209
vn 0.6220703 0.3439941 -0.7026367
vt 0.8158534 0.3873828
v 0.2234287 0.1049116 -0.1044529
vt 0.8158534 0.4184626
vn 0.5463867 0.465332 -0.6958008
vt 0.8300328 0.4157423
v 0.2016683 0.1278199 -0.1045837
vt 0.8229462 0.4549034
vn 0.5161133 0.5703125 -0.6386719
vt 0.8394861 0.4535546
vt 0.832329 0.4960938
vt 0.8442128 0.4929152
vt 0.7026854 0.515625
vt 0.7168651 0.5203515
vt 0.7121385 0.5676171
v 0.1934746 0.127306 -0.1238268
vt 0.6953909 0.5615193
vn 0.7978516 0.5878906 -0.1308594
vt 0.6621412 0.515625
vt 0.6999136 0.6007031
v 0.1750598 0.1323854 -0.1495489
vt 0.6578799 0.5600854
vn 0.5874023 0.6943359 -0.4147949
v 0.2039157 0.1049654 -0.1459408
vt 0.6859534 0.5984706
vn 0.8554688 0.4897461 -0.1676025
vt 0.6885058 0.6290625
vt 0.6132813 0.515625
v 0.2073407 0.08626599 -0.1648222
vt 0.6759195 0.6273412
vn 0.9086914 0.3356934 -0.246582
vt 0.6648729 0.6574218
v 0.1879181 0.1093892 -0.1686539
vt 0.6536618 0.5983791
vn 0.6069336 0.6455078 -0.4626465
v 0.1495931 0.1326874 -0.1747267
vt 0.6155901 0.5600863
vn 0.4226074 0.6865234 -0.5913086
v 0.2046565 0.07457352 -0.1807334
vt 0.6600726 0.6470515
vn 0.921875 0.1557617 -0.354248
v 0.1959118 0.0894873 -0.1820992
vt 0.6510189 0.6280288
vn 0.6557617 0.5366211 -0.5302734
v 0.1986331 0.07087674 -0.1918805
vt 0.6459666 0.6526953
vn 0.7407227 0.2344971 -0.6289063
vt 0.6459666 0.6621484
vt 0.6270603 0.6621484
v 0.1661103 0.1093941 -0.1891205
vt 0.6189283 0.5983194
vn 0.4365234 0.6386719 -0.6333008
v 0.1790373 0.08948789 -0.1979406
vt 0.6239445 0.6277297
vn 0.486084 0.5361328 -0.6894531
v 0.1885629 0.07087675 -0.2013346
vt 0.6290077 0.6526953
vn 0.5727539 0.2246094 -0.7880859
vt 0.6081541 0.6526953
v 0.1757631 0.07565485 -0.2065912
vt 0.6137495 0.6438899
vn 0.2858887 0.1638184 -0.9438477
v 0.1612569 0.08645433 -0.2078036
vt 0.6001401 0.6285105
vn 0.1873779 0.3439941 -0.9199219
vt 0.5892479 0.6337891
v 0.1425596 0.1049116 -0.2032685
vt 0.5863683 0.5987651
vn 0.1274414 0.473877 -0.8710938
vt 0.5722046 0.6007031
v 0.1237437 0.1285254 -0.1919327
vt 0.5781913 0.5604637
vn 0.144165 0.5839844 -0.7983398
vt 0.5608884 0.5628906
vt 0.5703416 0.515625
vt 0.5561619 0.5203515
vt 0.8485525 0.1523438
vt 0.8343728 0.1476172
vt 0.8390993 0.1098047
v 0.106577 0.1278616 -0.2043032
vt 0.8556391 0.1097671
vn 0.6171875 0.5849609 -0.5253906
vt 0.8888544 0.1523438
vt 0.8485525 0.07199228
v 0.07781464 0.1326804 -0.2175508
vt 0.8927127 0.1100051
vn 0.2963867 0.6914063 -0.6582031
v 0.1038722 0.1049654 -0.2273732
vt 0.8633605 0.07406521
vn 0.6625977 0.4624023 -0.5883789
vt 0.8627322 0.04363275
vt 0.9375 0.1523438
v 0.09739764 0.08626599 -0.2454375
vt 0.8752249 0.04634994
vn 0.6635742 0.3356934 -0.6679688
vt 0.8863649 0.01999998
v 0.07866127 0.1093892 -0.2390445
vt 0.8971598 0.07416826
vn 0.2983398 0.6240234 -0.7216797
v 0.04322902 0.1326804 -0.226828
vt 0.9351387 0.1095798
vn 0.07598877 0.6801758 -0.7285156
v 0.08711742 0.07457352 -0.2578748
vt 0.8914843 0.0285219
vn 0.6210938 0.1557617 -0.7675781
v 0.07886139 0.0894873 -0.2546853
vt 0.900736 0.04569966
vn 0.3027344 0.5366211 -0.7871094
v 0.07632744 0.07087674 -0.2645168
vt 0.9059059 0.02148426
vn 0.3273926 0.2344971 -0.9150391
vt 0.9052712 0.01054692
vt 0.9218142 0.01054692
v 0.04954188 0.1093941 -0.2458652
vt 0.9328728 0.07419461
vn 0.06063843 0.6191406 -0.7822266
v 0.05632691 0.08948789 -0.2599672
vt 0.9282128 0.0453949
vn 0.07629395 0.5361328 -0.840332
v 0.06287939 0.07087675 -0.2676692
vt 0.9218142 0.02121544
vn 0.1019287 0.2246094 -0.96875
vt 0.9407204 0.01999998
v 0.04916609 0.07565485 -0.2658216
vt 0.9380043 0.02919686
vn -0.2243652 0.1638184 -0.9604492
v 0.0359972 0.08645433 -0.2596185
vt 0.9531531 0.0456776
vn -0.2976074 0.3439941 -0.8901367
vt 0.9643532 0.04363275
v 0.02207238 0.1049116 -0.2463424
vt 0.9663013 0.07432932
vn -0.3212891 0.4567871 -0.8291016
vt 0.9808961 0.07199228
v 0.01112296 0.1282654 -0.2282039
vt 0.9737395 0.1109741
vn -0.2429199 0.5771484 -0.7792969
vt 0.9903493 0.1098047
vt 0.9761697 0.1501678
vt 0.9903493 0.1476172
vt 0.5512937 0.6734023
v 0.03133832 0.3384093 -0.05029187
vt 0.5448369 0.6458172
vn 0.1972656 0.8774414 -0.4362793
vt 0.5708984 0.6635736
v 0.03896911 0.3384925 -0.04328357
vt 0.5567187 0.641875
vn 0.3706055 0.871582 -0.3203125
vt 0.5236328 0.6796875
v 0.02846753 0.3473116 -0.03828844
vt 0.5425391 0.6229689
vn 0.4140625 0.6977539 -0.5839844
v 0.0119927 0.3380647 -0.05739604
vt 0.5170214 0.6504515
vn 0.1250152 0.8759766 -0.4650879
vt 0.5 0.6796875
v -7.892714E-19 0.3383779 -0.05867868
vt 0.5 0.6513281
vn 0 0.8916016 -0.4523926
v -1.946196E-19 0.3472624 -0.04578669
vt 0.5 0.6276953
vn 0 0.6401367 -0.7680664
v -0.0119927 0.3380647 -0.05739604
vt 0.4829786 0.6504515
vn -0.1250152 0.8759766 -0.4650879
vt 0.4763672 0.6796875
v 0.02550408 0.3570316 -0.037549
vt 0.5393574 0.6114854
vn 0.3928223 -0.1776123 -0.9018555
vt 0.5472656 0.6103296
vn 0.9912109 -0.1273193 -0.02786255
vt 0.5472656 0.5898829
vn 0.9423828 -0.213623 -0.2561035
v -0.03133832 0.3384093 -0.05029187
vt 0.4551631 0.6458172
vn -0.1972656 0.8774414 -0.4362793
vt 0.4487062 0.6734023
vt 0.4291016 0.6635736
v -0.03896911 0.3384925 -0.04328357
vt 0.4432813 0.641875
vn -0.3706055 0.871582 -0.3203125
v -0.02846753 0.3473116 -0.03828844
vt 0.4574609 0.6229689
vn -0.4140625 0.6977539 -0.5839844
v -0.02550408 0.3570316 -0.037549
vt 0.4606426 0.6114854
vn -0.3928223 -0.1776123 -0.9018555
vt 0.4527344 0.6103296
vn -0.9912109 -0.1273193 -0.02787781
vt 0.4527344 0.5898829
vn -0.9423828 -0.213623 -0.2561035
v -4.23999E-20 0.355205 -0.04216882
vt 0.5 0.6135157
vn 0 -0.190918 -0.9814453
v -0.02572491 0.3704084 -0.04474172
vt 0.4620969 0.5900269
vn -0.3845215 -0.4941406 -0.7792969
vt 0.4588996 0.5652549
vn -0.8320313 -0.1529541 -0.5322266
v 0.02572491 0.3704084 -0.04474172
vt 0.5379031 0.5900269
vn 0.3845215 -0.4941406 -0.7792969
vt 0.5411005 0.5652549
vn 0.8320313 -0.1529541 -0.5322266
v -8.601925E-21 0.3688196 -0.04974698
vt 0.5 0.5898829
vn 0 -0.5327148 -0.8461914
v -0.02312062 0.3830155 -0.0551419
vt 0.4670922 0.5675514
vn -0.3466797 -0.5048828 -0.7900391
vt 0.4752706 0.5483698
vn -0.5234375 0.145752 -0.8393555
v 0.02312062 0.3830155 -0.0551419
vt 0.5329078 0.5675514
vn 0.3466797 -0.5048828 -0.7900391
vt 0.5247294 0.5483698
vn 0.5234375 0.145752 -0.8393555
v -1.991401E-21 0.3809149 -0.05756275
vt 0.5 0.569639
vn 0 -0.6083984 -0.793457
v -0.01504215 0.3899415 -0.06333389
vt 0.4791302 0.5534235
vn -0.2293701 -0.4489746 -0.8632813
vt 0.5 0.5426172
vn 0 0.3007813 -0.9536133
v 0.01504215 0.3899415 -0.06333389
vt 0.5208698 0.5534235
vn 0.2293701 -0.4489746 -0.8632813
v -7.170423E-22 0.3919697 -0.06589556
vt 0.5 0.5493093
vn 0 -0.4438477 -0.8959961
vt 0.8605483 0.5237403
v 0.01204371 0.3391385 0.05763995
vt 0.889661 0.5424224
vn 0.1678467 0.8725586 0.4580078
v -1.201026E-17 0.3395589 0.0594024
vt 0.8731544 0.5472851
vn 0 0.8837891 0.4677734
vt 0.8862129 0.5164496
v -1.243886E-17 0.3473327 0.04894931
vt 0.8801441 0.5636574
vn 0 0.6420898 0.7661133
v 0.03127626 0.3388217 0.04878479
vt 0.9198623 0.5396949
vn 0.2207031 0.8779297 0.4238281
vt 0.9167414 0.5117188
v 0.02751378 0.3472855 0.03838285
vt 0.9240255 0.5604924
vn 0.4604492 0.6308594 0.6235352
v 0.03815733 0.3385445 0.04385435
vt 0.9318178 0.5393049
vn 0.3615723 0.8740234 0.3234863
vt 0.9375 0.5117188
v 0.05259525 0.3383346 0.027387
vt 0.9621662 0.5423784
vn 0.4086914 0.8725586 0.2661133
vt 0.9686012 0.5163502
vt 0.9919141 0.5277997
v 0.05584066 0.3386494 0.01613007
vt 0.9763215 0.5495643
vn 0.4907227 0.8676758 0.07635498
v 0.04570311 0.347324 0.01580148
vt 0.96686 0.5637563
vn 0.7075195 0.6674805 0.2307129
v 0.04339946 0.3570316 0.01707743
vt 0.9633644 0.5766909
vn 0.8505859 -0.1882324 0.4899902
vt 0.9714287 0.5778492
vn 0.7924805 -0.09661865 -0.6015625
vt 0.9706556 0.5983351
vn 0.9082031 -0.2006836 -0.3666992
v 0.02541378 0.355205 0.03576734
vt 0.9240255 0.5732797
vn 0.5771484 -0.2064209 0.7895508
v 0.0475372 0.370189 0.02332988
vt 0.9609899 0.59758
vn 0.7651367 -0.4938965 0.4121094
vt 0.9650827 0.6224012
vn 0.984375 -0.1657715 -0.05587769
v 0.002709952 0.3570316 0.04701448
vt 0.8861826 0.5766675
vn 0.2145996 -0.1923828 0.9575195
vt 0.8784585 0.5778492
vn -0.7885742 -0.1106567 0.6044922
vt 0.8782466 0.5985716
vn -0.6542969 -0.1875 0.7324219
v 0.02948154 0.369002 0.04181964
vt 0.9240255 0.5967479
vn 0.4973145 -0.5302734 0.6860352
v 0.05146629 0.3830156 0.0329314
vt 0.9566314 0.6201252
vn 0.7436523 -0.5053711 0.4365234
vt 0.9479375 0.6393484
vn 0.9155273 0.1329346 0.3793945
v 0.006241417 0.370189 0.05322273
vt 0.8874143 0.5981103
vn 0.1429443 -0.4909668 0.8588867
vt 0.8847892 0.623041
vn -0.4077148 -0.1174316 0.9052734
v 0.04970781 0.3899415 0.04430705
vt 0.9443333 0.6342056
vn 0.6918945 -0.4489746 0.5649414
vt 0.9240255 0.6441782
vn 0.559082 0.3000488 0.7724609
v 0.01428849 0.3830155 0.05984335
vt 0.8925209 0.6205176
vn 0.1794434 -0.5014648 0.8457031
vt 0.9006304 0.6393484
vn 0.0604248 0.1539307 0.9858398
v 0.03428269 0.3809149 0.04832942
vt 0.9240255 0.6179184
vn 0.4655762 -0.6079102 0.6425781
v 0.02563789 0.3899415 0.06173056
vt 0.9043453 0.6342728
vn 0.3188477 -0.4482422 0.8349609
v 0.03916541 0.3919697 0.05508183
vt 0.9240255 0.6380582
vn 0.5253906 -0.4436035 0.7255859
v -0.01204371 0.3391385 0.05763995
vt 0.110339 0.5424224
vn -0.1678467 0.8725586 0.4580078
vt 0.1394517 0.5237403
vt 0.1268456 0.5472851
vt 0.1137871 0.5164496
vt 0.1198559 0.5636574
v -0.03127626 0.3388217 0.04878479
vt 0.08013767 0.5396949
vn -0.2207031 0.8779297 0.4238281
vt 0.08325857 0.5117188
v -0.02751378 0.3472855 0.03838285
vt 0.07597452 0.5604924
vn -0.4604492 0.6308594 0.6235352
v -0.03815733 0.3385445 0.04385435
vt 0.06818217 0.5393049
vn -0.3615723 0.8740234 0.3234863
vt 0.0625 0.5117188
v -0.05259525 0.3383346 0.027387
vt 0.03783375 0.5423784
vn -0.4086914 0.8725586 0.2661133
vt 0.03139883 0.5163502
vt 0.008085907 0.5277997
v -0.05584066 0.3386494 0.01613007
vt 0.02367848 0.5495643
vn -0.4907227 0.8676758 0.07635498
v -0.04570311 0.347324 0.01580148
vt 0.03314 0.5637563
vn -0.7075195 0.6674805 0.2307129
v -0.04339946 0.3570316 0.01707743
vt 0.03663558 0.5766909
vn -0.8505859 -0.1882324 0.4899902
vt 0.02857131 0.5778492
vn -0.7924805 -0.09661865 -0.6015625
vt 0.02934438 0.5983351
vn -0.9082031 -0.2006836 -0.3666992
v -0.02541378 0.355205 0.03576734
vt 0.07597452 0.5732797
vn -0.5771484 -0.2064209 0.7895508
v -0.0475372 0.370189 0.02332988
vt 0.03901011 0.59758
vn -0.7651367 -0.4938965 0.4121094
vt 0.03491729 0.6224012
vn -0.984375 -0.1657715 -0.05587769
v -0.002709952 0.3570316 0.04701448
vt 0.1138174 0.5766675
vn -0.2145996 -0.1923828 0.9575195
vt 0.1215415 0.5778492
vn 0.7885742 -0.1106567 0.6044922
vt 0.1217534 0.5985716
vn 0.6542969 -0.1875 0.7324219
v -0.02948154 0.369002 0.04181964
vt 0.07597452 0.5967479
vn -0.4973145 -0.5302734 0.6860352
v -0.006241417 0.370189 0.05322273
vt 0.1125857 0.5981103
vn -0.1429443 -0.4909668 0.8588867
vt 0.1152108 0.623041
vn 0.4077148 -0.1174316 0.9052734
v -0.01428849 0.3830155 0.05984335
vt 0.1074791 0.6205176
vn -0.1794434 -0.5014648 0.8457031
vt 0.09936965 0.6393484
vn -0.0604248 0.1539307 0.9858398
v -0.05146629 0.3830156 0.0329314
vt 0.04336864 0.6201252
vn -0.7436523 -0.5053711 0.4365234
vt 0.05206251 0.6393484
vn -0.9155273 0.1329346 0.3793945
v -0.03428269 0.3809149 0.04832942
vt 0.07597452 0.6179184
vn -0.4655762 -0.6079102 0.6425781
v -0.02563789 0.3899415 0.06173056
vt 0.09565473 0.6342728
vn -0.3188477 -0.4482422 0.8349609
vt 0.07597452 0.6441782
vn -0.559082 0.3000488 0.7724609
v -0.04970781 0.3899415 0.04430705
vt 0.05566674 0.6342056
vn -0.6918945 -0.4489746 0.5649414
v -0.03916541 0.3919697 0.05508183
vt 0.07597452 0.6380582
vn -0.5253906 -0.4436035 0.7255859
vt 0.9701444 0.3303908
vt 0.9888661 0.3365257
v 0.1000888 0.1093114 0.1835016
vt 0.968398 0.3603534
vn 0.394043 -0.7138672 -0.5786133
vt 0.9851563 0.3634766
v 0.06751787 0.1164844 0.1735851
vt 0.9331641 0.3398438
vn 0.1253662 -0.984375 0.1196899
vt 0.9757031 0.4012892
v 0.06987861 0.1035842 0.1879023
vt 0.9310707 0.3618672
vn -0.07727051 -0.7958984 -0.5996094
v 0.1011023 0.08931965 0.2080879
vt 0.9611005 0.3978128
vn 0.3435059 -0.7490234 -0.5654297
vt 0.9567969 0.4296485
v 0.03292312 0.1149973 0.1829435
vt 0.890625 0.3398438
vn 0.004375458 -0.9824219 0.18396
v 0.09652693 0.07402743 0.2293516
vt 0.9463292 0.4261914
vn 0.3352051 -0.8208008 -0.4619141
vt 0.9378906 0.4532812
v 0.074117 0.08428176 0.2119178
vt 0.9275675 0.3975161
vn -0.06439209 -0.8017578 -0.5932617
v 0.08930841 0.06379574 0.2454075
vt 0.9324915 0.4464585
vn 0.307373 -0.8969727 -0.3171387
v 0.07691623 0.07003253 0.2328211
vt 0.9228905 0.4269974
vn -0.06091309 -0.8525391 -0.5185547
v 0.07854169 0.0597725 0.2539511
vt 0.9177243 0.4546335
vn 0.01198578 -0.9575195 -0.2868652
vt 0.9189844 0.4627344
v 0.06531915 0.05977257 0.2579451
vt 0.901878 0.4547158
vn -0.1677246 -0.9541016 -0.24646
vt 0.9000781 0.4627344
vt 0.8844541 0.4551869
v 0.05494981 0.07025794 0.2395933
vt 0.8962567 0.4270403
vn -0.2386475 -0.8510742 -0.4667969
v 0.05273702 0.06286945 0.2576813
vt 0.8886657 0.4483781
vn -0.4194336 -0.9018555 -0.09967041
v 0.03629032 0.07383757 0.2477438
vt 0.8715585 0.4273643
vn -0.5336914 -0.8222656 -0.1954346
vt 0.8602828 0.4310756
v 0.04565199 0.08428162 0.220516
vt 0.892305 0.3976523
vn -0.2753906 -0.8017578 -0.5297852
v 0.02103287 0.0893099 0.2322825
vt 0.8597958 0.3979058
vn -0.5991211 -0.7485352 -0.2827148
vt 0.8463181 0.4012892
v 0.03587405 0.1035842 0.1981736
vt 0.8883846 0.3616555
vn -0.2351074 -0.8242188 -0.5146484
v 0.008276735 0.1093114 0.2112338
vt 0.8508551 0.3599668
vn -0.6811523 -0.7114258 -0.1705322
vt 0.8361985 0.3634766
v -8.285746E-18 0.1136034 0.1857682
vt 0.851957 0.3303908
vn 0 -0.9399414 0.3398438
vt 0.8197266 0.3398438
vt 0.148043 0.3303908
vt 0.1802734 0.3398438
v -0.008276735 0.1093114 0.2112338
vt 0.1491449 0.3599668
vn 0.6811523 -0.7114258 -0.1705322
vt 0.1638015 0.3634766
v -0.03292312 0.1149973 0.1829435
vt 0.109375 0.3398438
vn -0.004375458 -0.9824219 0.18396
vt 0.1536819 0.4012892
v -0.03587405 0.1035842 0.1981736
vt 0.1116154 0.3616555
vn 0.2351074 -0.8242188 -0.5146484
v -0.02103287 0.0893099 0.2322825
vt 0.1402042 0.3979058
vn 0.5991211 -0.7485352 -0.2827148
vt 0.1397172 0.4310756
v -0.06987861 0.1035842 0.1879023
vt 0.06892931 0.3618672
vn 0.07727051 -0.7958984 -0.5996094
v -0.06751787 0.1164844 0.1735851
vt 0.06683594 0.3398438
vn -0.1253662 -0.984375 0.1196899
v -0.04565199 0.08428162 0.220516
vt 0.107695 0.3976523
vn 0.2753906 -0.8017578 -0.5297852
v -0.03629032 0.07383757 0.2477438
vt 0.1284415 0.4273643
vn 0.5336914 -0.8222656 -0.1954346
vt 0.1155459 0.4551869
v -0.05494981 0.07025794 0.2395933
vt 0.1037433 0.4270403
vn 0.2386475 -0.8510742 -0.4667969
v -0.05273702 0.06286945 0.2576813
vt 0.1113343 0.4483781
vn 0.4194336 -0.9018555 -0.09967041
v -0.06531915 0.05977257 0.2579451
vt 0.098122 0.4547158
vn 0.1677246 -0.9541016 -0.24646
vt 0.09992194 0.4627344
vt 0.08101565 0.4627344
v -0.074117 0.08428176 0.2119178
vt 0.07243252 0.3975161
vn 0.06439209 -0.8017578 -0.5932617
v -0.07691623 0.07003253 0.2328211
vt 0.07710946 0.4269974
vn 0.06091309 -0.8525391 -0.5185547
v -0.07854169 0.0597725 0.2539511
vt 0.08227569 0.4546335
vn -0.01198578 -0.9575195 -0.2868652
vt 0.06210935 0.4532812
v -0.08930841 0.06379574 0.2454075
vt 0.06750852 0.4464585
vn -0.307373 -0.8969727 -0.3171387
v -0.09652693 0.07402743 0.2293516
vt 0.05367076 0.4261914
vn -0.3352051 -0.8208008 -0.4619141
vt 0.04320312 0.4296485
v -0.1011023 0.08931965 0.2080879
vt 0.03889954 0.3978128
vn -0.3435059 -0.7490234 -0.5654297
vt 0.02429688 0.4012892
v -0.1000888 0.1093114 0.1835016
vt 0.03160203 0.3603534
vn -0.394043 -0.7138672 -0.5786133
vt 0.0148437 0.3634766
vt 0.02985561 0.3303908
vt 0.01113391 0.3365257
vt 0.2584014 0.01171875
vt 0.2877154 0.02782506
v -0.05921717 0.3382745 -0.003540925
vt 0.2463331 0.03815961
vn -0.4890137 0.8720703 -0.009765625
vt 0.2725366 0.04941273
vt 0.2304688 0.01171875
vt 0.2678249 0.06354791
v -0.05547487 0.3385094 -0.01562818
vt 0.2285273 0.03882051
vn -0.470459 0.8735352 -0.1225586
v -0.0441314 0.3472759 -0.01339555
vt 0.2254526 0.06045771
vn -0.7397461 0.6289063 -0.2380371
v -0.05268475 0.3386554 -0.02728768
vt 0.2120148 0.03716028
vn -0.4135742 0.8745117 -0.2512207
vt 0.2030532 0.01171875
vt 0.1735901 0.02318138
vt 0.1830136 0.04470098
vt 0.1830136 0.06284487
v -0.02904349 0.3570316 -0.03518095
vt 0.1865188 0.07473409
vn -0.7382813 -0.189209 -0.6464844
vt 0.1783019 0.07570177
vn 0.3144531 -0.08691406 -0.9448242
vt 0.1783019 0.09653002
vn 0.08624268 -0.1704102 -0.9814453
v -0.04399445 0.3570316 0.01363592
vt 0.2651232 0.07594705
vn -0.9770508 -0.1824951 0.1064453
vt 0.2725366 0.07768303
vn -0.2871094 -0.08557129 0.9536133
vt 0.2725366 0.09653002
vn -0.5102539 -0.1807861 0.840332
v -0.0409108 0.355205 -0.01211844
vt 0.2254526 0.07301462
vn -0.9350586 -0.2064209 -0.2866211
v -0.03645295 0.3699995 -0.03765089
vt 0.1876405 0.09658939
vn -0.6337891 -0.4951172 -0.5932617
vt 0.1848624 0.1216722
vn -0.2303467 -0.1210327 -0.965332
v -0.05138179 0.3699995 0.01109389
vt 0.2631201 0.09658939
vn -0.8598633 -0.4953613 0.1207886
vt 0.2665675 0.1220309
vn -0.7485352 -0.144043 0.6469727
v -0.04798684 0.3688995 -0.01450163
vt 0.2254526 0.09653002
vn -0.8085938 -0.5327148 -0.2486572
v -0.04658868 0.3830155 -0.03799445
vt 0.1924369 0.1200887
vn -0.6591797 -0.4924316 -0.5678711
vt 0.2018202 0.1391284
vn -0.6455078 0.1488037 -0.7485352
v -0.06002883 0.3830156 0.005889554
vt 0.2584014 0.1200887
vn -0.862793 -0.4960938 0.09564209
vt 0.2498817 0.1385034
vn -0.9570313 0.138916 0.2529297
v -0.05560072 0.3809149 -0.01675482
vt 0.2254526 0.117315
vn -0.7651367 -0.5996094 -0.2338867
v -0.05678174 0.3899415 -0.03265854
vt 0.2050534 0.1332754
vn -0.7578125 -0.4484863 -0.4733887
vt 0.2254534 0.1436474
vn -0.9116211 0.3000488 -0.2792969
v -0.06548329 0.3899416 -0.004246859
vt 0.2461414 0.1334437
vn -0.8925781 -0.4487305 -0.03302002
v -0.06356702 0.3919697 -0.01919898
vt 0.2254526 0.1374784
vn -0.8564453 -0.4436035 -0.2624512
vt 0.7415986 0.01171875
v 0.05921717 0.3382745 -0.003540925
vt 0.7536669 0.03815961
vn 0.4890137 0.8720703 -0.009765625
vt 0.7122846 0.02782506
vt 0.7274634 0.04941273
vt 0.7695313 0.01171875
vt 0.7321751 0.06354791
v 0.05547487 0.3385094 -0.01562818
vt 0.7714727 0.03882051
vn 0.470459 0.8735352 -0.1225586
v 0.0441314 0.3472759 -0.01339555
vt 0.7745474 0.06045771
vn 0.7397461 0.6289063 -0.2380371
v 0.05268475 0.3386554 -0.02728768
vt 0.7879852 0.03716028
vn 0.4135742 0.8745117 -0.2512207
vt 0.7969468 0.01171875
vt 0.8264099 0.02318138
vt 0.8169864 0.04470098
vt 0.8169864 0.06284487
v 0.02904349 0.3570316 -0.03518095
vt 0.8134812 0.07473409
vn 0.7382813 -0.189209 -0.6464844
vt 0.8216981 0.07570177
vn -0.3144531 -0.08691406 -0.9448242
vt 0.8216981 0.09653002
vn -0.08624268 -0.1704102 -0.9814453
v 0.04399445 0.3570316 0.01363592
vt 0.7348768 0.07594705
vn 0.9770508 -0.1824951 0.1064453
vt 0.7274634 0.07768303
vn 0.2871094 -0.08557129 0.9536133
vt 0.7274634 0.09653002
vn 0.5102539 -0.1807861 0.840332
v 0.0409108 0.355205 -0.01211844
vt 0.7745474 0.07301462
vn 0.9350586 -0.2064209 -0.2866211
v 0.03645295 0.3699995 -0.03765089
vt 0.8123595 0.09658939
vn 0.6337891 -0.4951172 -0.5932617
vt 0.8151376 0.1216722
vn 0.2303467 -0.1210327 -0.965332
v 0.05138179 0.3699995 0.01109389
vt 0.7368799 0.09658939
vn 0.8598633 -0.4953613 0.1207886
vt 0.7334325 0.1220309
vn 0.7485352 -0.144043 0.6469727
v 0.04798684 0.3688995 -0.01450163
vt 0.7745474 0.09653002
vn 0.8085938 -0.5327148 -0.2486572
v 0.04658868 0.3830155 -0.03799445
vt 0.8075631 0.1200887
vn 0.6591797 -0.4924316 -0.5678711
vt 0.7981798 0.1391284
vn 0.6455078 0.1488037 -0.7485352
v 0.06002883 0.3830156 0.005889554
vt 0.7415986 0.1200887
vn 0.862793 -0.4960938 0.09564209
vt 0.7501183 0.1385034
vn 0.9570313 0.138916 0.2529297
v 0.05560072 0.3809149 -0.01675482
vt 0.7745474 0.117315
vn 0.7651367 -0.5996094 -0.2338867
v 0.05678174 0.3899415 -0.03265854
vt 0.7949466 0.1332754
vn 0.7578125 -0.4484863 -0.4733887
vt 0.7745466 0.1436474
vn 0.9116211 0.3000488 -0.2792969
v 0.06548329 0.3899416 -0.004246859
vt 0.7538586 0.1334437
vn 0.8925781 -0.4487305 -0.03302002
v 0.06356702 0.3919697 -0.01919898
vt 0.7745474 0.1374784
vn 0.8564453 -0.4436035 -0.2624512
v -1.603501E-18 0.09608339 0.1679352
vt 0.5 0.4452292
vn 0 -0.7700195 0.6376953
vt 0.5400229 0.4726563
vt 0.5 0.4726563
vt 0.4599771 0.4726563
v 0.03303558 0.09740957 0.1648602
vt 0.5399881 0.4434732
vn 0.1420898 -0.7607422 0.6323242
vt 0.5853581 0.4630878
v -0.03303558 0.09740957 0.1648602
vt 0.4600119 0.4434732
vn -0.1420898 -0.7607422 0.6323242
vt 0.4146419 0.4630878
v 4.393724E-20 0.0782598 0.1431275
vt 0.5 0.4110919
vn 0 -0.8408203 0.5405273
v 0.06793246 0.1001816 0.1577719
vt 0.5833794 0.4364641
vn 0.2521973 -0.7387695 0.6240234
vt 0.6237314 0.449182
v 0.03443245 0.08014949 0.1404074
vt 0.5409663 0.4091358
vn 0.1356201 -0.8339844 0.534668
v 0.09610865 0.102337 0.1454328
vt 0.6187227 0.4223922
vn 0.3642578 -0.7133789 0.5981445
vt 0.6536791 0.4273226
v 0.06885197 0.0838521 0.1341488
vt 0.5825117 0.4030499
vn 0.2348633 -0.8203125 0.5205078
v 0.1155538 0.1045742 0.1327437
vt 0.6436895 0.4078756
vn 0.4824219 -0.6850586 0.5449219
vt 0.6842046 0.3949232
v 0.09761412 0.08924389 0.1255586
vt 0.6180066 0.3943315
vn 0.3395996 -0.7963867 0.500061
v 0.03609942 0.07102533 0.1230798
vt 0.5424991 0.3867326
vn 0.1334229 -0.8969727 0.4208984
v 0.1361576 0.104885 0.1117394
vt 0.6697268 0.3820816
vn 0.5688477 -0.6953125 0.4384766
vt 0.7104009 0.3657821
v 0.06996646 0.07595226 0.1184657
vt 0.5829792 0.3827047
vn 0.2322998 -0.8813477 0.4108887
v 0.1112442 0.09305866 0.1201137
vt 0.6354064 0.3888645
vn 0.451416 -0.753418 0.4775391
v 0.09936157 0.08317883 0.1128589
vt 0.6190712 0.3777426
vn 0.345459 -0.8520508 0.392334
v 0.1202564 0.09238495 0.1093827
vt 0.6464561 0.3758745
vn 0.4814453 -0.7807617 0.3972168
v 0.07268429 0.06462862 0.09063719
vt 0.5848479 0.3480067
vn 0.2381592 -0.9121094 0.3322754
v 0.103749 0.07376872 0.08719104
vt 0.6226419 0.3455695
vn 0.3654785 -0.8720703 0.3244629
v 0.1293094 0.08686096 0.08500305
vt 0.65631 0.3455241
vn 0.4960938 -0.8051758 0.3242188
v 0.150139 0.1020691 0.08653022
vt 0.6862386 0.3503318
vn 0.625 -0.699707 0.3444824
vt 0.723784 0.3245521
v 0.1080074 0.06818895 0.06325398
vt 0.6267079 0.3167909
vn 0.385498 -0.8984375 0.2088623
v 0.1584759 0.09946068 0.06279667
vt 0.6956749 0.3206983
vn 0.6572266 -0.7172852 0.2302246
v 0.1355804 0.08264577 0.06235619
vt 0.6627306 0.3177483
vn 0.5166016 -0.8295898 0.2092285
v 0.1645497 0.09714605 0.03082062
vt 0.7026245 0.2813916
vn 0.684082 -0.7211914 0.1090088
vt 0.7334486 0.284955
v 0.1401911 0.07990848 0.03058533
vt 0.6680169 0.2797394
vn 0.5288086 -0.8413086 0.1118774
v 0.1666038 0.09647264 2.678271E-05
vt 0.7050145 0.243779
vn 0.7011719 -0.7128906 0
vt 0.7426475 0.2442936
vt 0.7340377 0.2033972
v 0.1421771 0.07850064 2.678274E-05
vt 0.6699677 0.2433415
vn 0.5336914 -0.8452148 0
v 0.1645497 0.09714605 -0.03076706
vt 0.703093 0.2061201
vn 0.684082 -0.7211914 -0.1090088
vt 0.7248912 0.1635928
v 0.1130621 0.06263253 2.67827E-05
vt 0.6319101 0.2429303
vn 0.401123 -0.9160156 0
v 0.1584759 0.09946068 -0.06274311
vt 0.6966236 0.1666844
vn 0.6572266 -0.7172852 -0.2302246
v 0.1401911 0.07990848 -0.03053177
vt 0.6683956 0.2069075
vn 0.5288086 -0.8413086 -0.1118774
v 0.150139 0.1020691 -0.08647666
vt 0.68756 0.1368622
vn 0.625 -0.699707 -0.3444824
vt 0.7121164 0.1221038
v 0.1355804 0.08264577 -0.06230262
vt 0.6635084 0.1688057
vn 0.5166016 -0.8295898 -0.2092285
v 0.1117365 0.06399367 -0.03089293
vt 0.630776 0.206983
vn 0.3972168 -0.9111328 -0.1091919
v 0.1361576 0.104885 -0.1116858
vt 0.6714228 0.1047658
vn 0.5683594 -0.6958008 -0.4384766
vt 0.6862595 0.09234667
v 0.1293094 0.08686096 -0.08494948
vt 0.6573877 0.1409157
vn 0.4960938 -0.8051758 -0.3242188
v 0.1080074 0.06818895 -0.06320041
vt 0.6273233 0.1689833
vn 0.385498 -0.8984375 -0.2088623
v 0.1155538 0.1045742 -0.1326901
vt 0.6455738 0.07839358
vn 0.4824219 -0.6855469 -0.5444336
vt 0.6560194 0.05925596
v 0.1202501 0.09239438 -0.1093241
vt 0.6478651 0.110387
vn 0.4807129 -0.78125 -0.3977051
v 0.103749 0.07376872 -0.08713747
vt 0.623518 0.1401424
vn 0.3654785 -0.8720703 -0.3244629
v 0.09610865 0.102337 -0.1453792
vt 0.6205872 0.06333953
vn 0.364502 -0.7133789 -0.5981445
vt 0.6261631 0.03672796
v 0.1111852 0.09315319 -0.1199988
vt 0.6369156 0.09717965
vn 0.4516602 -0.7529297 -0.4777832
v 0.06793246 0.1001816 -0.1577183
vt 0.5850595 0.04858726
vn 0.2521973 -0.7387695 -0.6240234
vt 0.5876033 0.02203995
v 0.09761412 0.08924389 -0.125505
vt 0.6194317 0.09133905
vn 0.340332 -0.7963867 -0.4995117
v 0.09936157 0.08317883 -0.1128053
vt 0.6202866 0.1079245
vn 0.3459473 -0.8515625 -0.3928223
v 0.06885197 0.0838521 -0.1340952
vt 0.5836829 0.08196998
vn 0.2348633 -0.8203125 -0.5205078
v 0.06996646 0.07595226 -0.1184121
vt 0.5839214 0.1023192
vn 0.2322998 -0.8813477 -0.4108887
v 0.07268429 0.06462862 -0.09058364
vt 0.5854973 0.1370511
vn 0.2381592 -0.9121094 -0.3322754
v 0.07540183 0.05751344 -0.06487905
vt 0.5876095 0.1677652
vn 0.2432861 -0.9462891 -0.2106934
v 0.03742596 0.0585256 -0.09378673
vt 0.543691 0.1340668
vn 0.1306152 -0.9335938 -0.333252
v 0.0779327 0.05241301 -0.03151904
vt 0.5897893 0.2064679
vn 0.2470703 -0.9628906 -0.105835
v 0.03870306 0.05092721 -0.06643788
vt 0.5446253 0.1663659
vn 0.1213379 -0.9711914 -0.2045898
v 0.03994437 0.04552088 -0.03197952
vt 0.5456647 0.2059821
vn 0.116394 -0.987793 -0.1013184
v 0.07873894 0.05108998 2.678269E-05
vt 0.5905074 0.2425776
vn 0.2475586 -0.96875 0
v 0.04032182 0.0442288 2.67827E-05
vt 0.5460067 0.2423276
vn 0.1151123 -0.9931641 0
v 0.1117365 0.06399367 0.0309465
vt 0.6304808 0.2788525
vn 0.3972168 -0.9111328 0.1091919
v 0.0779327 0.05241301 0.0315726
vt 0.5895812 0.2786708
vn 0.2469482 -0.9628906 0.105835
v 0.07540183 0.05751344 0.06493262
vt 0.5871685 0.3173325
vn 0.2432861 -0.9462891 0.2106934
v 0.03994437 0.04552088 0.03203308
vt 0.5455559 0.2786657
vn 0.116394 -0.987793 0.1013184
v 0.03870306 0.05092721 0.06649144
vt 0.5443904 0.318252
vn 0.1213379 -0.9711914 0.2045898
v 0.03742596 0.0585256 0.0938403
vt 0.5433331 0.3505112
vn 0.1306152 -0.9335938 0.333252
v -4.93022E-18 0.04351739 0.03219317
vt 0.5 0.2787051
vn 0 -0.9946289 0.09887695
v -6.369156E-18 0.04843589 0.0673877
vt 0.5 0.3189027
vn 0 -0.9794922 0.1992188
v -6.101407E-18 0.05587519 0.0955302
vt 0.5 0.3517768
vn 0 -0.9428711 0.3325195
v -3.689356E-18 0.04185063 2.67827E-05
vt 0.5 0.2422225
v -4.001402E-18 0.06859732 0.1253951
vt 0.5 0.3883601
vn 0 -0.9047852 0.425293
v -0.03443245 0.08014949 0.1404074
vt 0.4590337 0.4091358
vn -0.1356201 -0.8339844 0.534668
v -0.03609942 0.07102533 0.1230798
vt 0.457501 0.3867326
vn -0.1334229 -0.8969727 0.4208984
v -0.06793246 0.1001816 0.1577719
vt 0.4166206 0.4364641
vn -0.2521973 -0.7387695 0.6240234
vt 0.3762686 0.449182
v -0.06885197 0.0838521 0.1341488
vt 0.4174883 0.4030499
vn -0.2348633 -0.8203125 0.5205078
v -0.09610865 0.102337 0.1454328
vt 0.3812773 0.4223922
vn -0.3642578 -0.7133789 0.5981445
vt 0.3463209 0.4273226
v -0.06996646 0.07595226 0.1184657
vt 0.4170208 0.3827047
vn -0.2322998 -0.8813477 0.4108887
v -0.1155538 0.1045742 0.1327437
vt 0.3563105 0.4078756
vn -0.4824219 -0.6850586 0.5449219
vt 0.3157954 0.3949232
v -0.09761412 0.08924389 0.1255586
vt 0.3819934 0.3943315
vn -0.3395996 -0.7963867 0.500061
v -0.1361576 0.104885 0.1117394
vt 0.3302732 0.3820816
vn -0.5688477 -0.6953125 0.4384766
vt 0.289599 0.3657821
v -0.1112442 0.09305866 0.1201137
vt 0.3645935 0.3888645
vn -0.451416 -0.753418 0.4775391
v -0.150139 0.1020691 0.08653022
vt 0.3137614 0.3503318
vn -0.625 -0.699707 0.3444824
vt 0.276216 0.3245521
v -0.1202564 0.09238495 0.1093827
vt 0.3535439 0.3758745
vn -0.4814453 -0.7807617 0.3972168
v -0.09936157 0.08317883 0.1128589
vt 0.3809288 0.3777426
vn -0.345459 -0.8520508 0.392334
v -0.1293094 0.08686096 0.08500305
vt 0.3436901 0.3455241
vn -0.4960938 -0.8051758 0.3242188
v -0.103749 0.07376872 0.08719104
vt 0.3773581 0.3455695
vn -0.3654785 -0.8720703 0.3244629
v -0.07268429 0.06462862 0.09063719
vt 0.4151521 0.3480067
vn -0.2381592 -0.9121094 0.3322754
v -0.03742596 0.0585256 0.0938403
vt 0.4566669 0.3505112
vn -0.1306152 -0.9335938 0.333252
v -0.03870306 0.05092721 0.06649144
vt 0.4556095 0.318252
vn -0.1213379 -0.9711914 0.2045898
v -0.07540183 0.05751344 0.06493262
vt 0.4128315 0.3173325
vn -0.2432861 -0.9462891 0.2106934
v -0.03994437 0.04552088 0.03203308
vt 0.4544441 0.2786657
vn -0.116394 -0.987793 0.1013184
v -0.1080074 0.06818895 0.06325398
vt 0.3732922 0.3167909
vn -0.385498 -0.8984375 0.2088623
v -0.0779327 0.05241301 0.0315726
vt 0.4104188 0.2786708
vn -0.2469482 -0.9628906 0.105835
v -0.1355804 0.08264577 0.06235619
vt 0.3372694 0.3177483
vn -0.5166016 -0.8295898 0.2092285
v -0.1117365 0.06399367 0.0309465
vt 0.3695193 0.2788525
vn -0.3972168 -0.9111328 0.1091919
v -0.04032182 0.0442288 2.67827E-05
vt 0.4539933 0.2423276
vn -0.1151123 -0.9931641 0
v -0.07873894 0.05108998 2.678269E-05
vt 0.4094926 0.2425776
vn -0.2475586 -0.96875 0
v -0.1584759 0.09946068 0.06279667
vt 0.3043251 0.3206983
vn -0.6572266 -0.7172852 0.2302246
v -0.1401911 0.07990848 0.03058533
vt 0.3319832 0.2797394
vn -0.5288086 -0.8413086 0.1118774
v -0.1645497 0.09714605 0.03082062
vt 0.2973755 0.2813916
vn -0.684082 -0.7211914 0.1090088
vt 0.2665514 0.284955
v -0.1130621 0.06263253 2.67827E-05
vt 0.3680899 0.2429303
vn -0.401123 -0.9160156 0
v -0.1421771 0.07850064 2.678274E-05
vt 0.3300323 0.2433415
vn -0.5336914 -0.8452148 0
v -0.1666038 0.09647264 2.678271E-05
vt 0.2949855 0.243779
vn -0.7011719 -0.7128906 0
vt 0.2573525 0.2442936
vt 0.2659623 0.2033972
v -0.1645497 0.09714605 -0.03076706
vt 0.296907 0.2061201
vn -0.684082 -0.7211914 -0.1090088
vt 0.2751088 0.1635928
v -0.1401911 0.07990848 -0.03053177
vt 0.3316044 0.2069075
vn -0.5288086 -0.8413086 -0.1118774
v -0.1584759 0.09946068 -0.06274311
vt 0.3033763 0.1666844
vn -0.6572266 -0.7172852 -0.2302246
v -0.150139 0.1020691 -0.08647666
vt 0.3124401 0.1368622
vn -0.625 -0.699707 -0.3444824
vt 0.2878837 0.1221038
v -0.1355804 0.08264577 -0.06230262
vt 0.3364916 0.1688057
vn -0.5166016 -0.8295898 -0.2092285
v -0.1117365 0.06399367 -0.03089293
vt 0.369224 0.206983
vn -0.3972168 -0.9111328 -0.1091919
v -0.1361576 0.104885 -0.1116858
vt 0.3285772 0.1047658
vn -0.5683594 -0.6958008 -0.4384766
vt 0.3137405 0.09234667
v -0.1293094 0.08686096 -0.08494948
vt 0.3426123 0.1409157
vn -0.4960938 -0.8051758 -0.3242188
v -0.1080074 0.06818895 -0.06320041
vt 0.3726767 0.1689833
vn -0.385498 -0.8984375 -0.2088623
v -0.0779327 0.05241301 -0.03151904
vt 0.4102106 0.2064679
vn -0.2469482 -0.9628906 -0.105835
v -0.103749 0.07376872 -0.08713747
vt 0.376482 0.1401424
vn -0.3654785 -0.8720703 -0.3244629
v -0.03994437 0.04552088 -0.03197952
vt 0.4543353 0.2059821
vn -0.116394 -0.987793 -0.1013184
v -0.07540183 0.05751344 -0.06487905
vt 0.4123905 0.1677652
vn -0.2432861 -0.9462891 -0.2106934
v -3.548037E-18 0.04351739 -0.03213961
vt 0.5 0.2057568
vn 0 -0.9946289 -0.09887695
v -0.03870306 0.05092721 -0.06643788
vt 0.4553747 0.1663659
vn -0.1213379 -0.9711914 -0.2045898
v -3.184563E-18 0.04843589 -0.06733413
vt 0.5 0.16554
vn 0 -0.9794922 -0.1992188
v -0.07268429 0.06462862 -0.09058364
vt 0.4145027 0.1370511
vn -0.2381592 -0.9121094 -0.3322754
v -0.03742596 0.0585256 -0.09378673
vt 0.4563091 0.1340668
vn -0.1306152 -0.9335938 -0.333252
v 4.984198E-19 0.05587519 -0.09547663
vt 0.5 0.1326218
vn 0 -0.9428711 -0.3325195
v 0.03609942 0.07102533 -0.1230262
vt 0.543047 0.09779119
vn 0.1334229 -0.8969727 -0.4208984
v -0.03609942 0.07102533 -0.1230262
vt 0.456953 0.09779119
vn -0.1334229 -0.8969727 -0.4208984
v 0.03443245 0.08014949 -0.1403539
vt 0.5416841 0.07534057
vn 0.1356201 -0.8339844 -0.534668
v 3.674992E-19 0.06859732 -0.1253416
vt 0.5 0.09598213
vn 0 -0.9047852 -0.425293
v 0.03303558 0.09740957 -0.1648066
vt 0.5411814 0.04094261
vn 0.1420898 -0.7607422 -0.6323242
vt 0.5421875 0.01171875
v 1.991137E-18 0.0782598 -0.1430739
vt 0.5 0.07320184
vn 0 -0.8408203 -0.5405273
v 2.823192E-18 0.09608339 -0.1678816
vt 0.5 0.03904688
vn 0 -0.7700195 -0.6376953
vt 0.5 0.01171875
vt 0.4578125 0.01171875
v -0.03303558 0.09740957 -0.1648066
vt 0.4588185 0.04094261
vn -0.1420898 -0.7607422 -0.6323242
vt 0.4123967 0.02203995
v -0.03443245 0.08014949 -0.1403539
vt 0.4583159 0.07534057
vn -0.1356201 -0.8339844 -0.534668
v -0.06793246 0.1001816 -0.1577183
vt 0.4149405 0.04858726
vn -0.2521973 -0.7387695 -0.6240234
vt 0.3738369 0.03672796
v -0.06885197 0.0838521 -0.1340952
vt 0.4163171 0.08196998
vn -0.2348633 -0.8203125 -0.5205078
v -0.09610865 0.102337 -0.1453792
vt 0.3794128 0.06333953
vn -0.364502 -0.7133789 -0.5981445
vt 0.3439805 0.05925596
v -0.06996646 0.07595226 -0.1184121
vt 0.4160786 0.1023192
vn -0.2322998 -0.8813477 -0.4108887
v -0.09761412 0.08924389 -0.125505
vt 0.3805683 0.09133905
vn -0.340332 -0.7963867 -0.4995117
v -0.1155538 0.1045742 -0.1326901
vt 0.3544262 0.07839358
vn -0.4824219 -0.6855469 -0.5444336
v -0.09936157 0.08317883 -0.1128053
vt 0.3797134 0.1079245
vn -0.3459473 -0.8515625 -0.3928223
v -0.1111852 0.09315319 -0.1199988
vt 0.3630844 0.09717965
vn -0.4516602 -0.7529297 -0.4777832
v -0.1202501 0.09239438 -0.1093241
vt 0.3521349 0.110387
vn -0.4807129 -0.78125 -0.3977051
o pm0285_00_00_body_mesh_shape_body_a
g polygon_0
usemtl body_a
f 966/1116/878 967/1117/879 968/1118/880
f 968/1118/880 967/1117/879 969/1119/881
f 969/1119/881 970/1120/882 968/1118/880
f 967/1117/879 971/1121/883 969/1119/881
f 972/1122/884 970/1120/882 969/1119/881
f 972/1122/884 973/1123/885 970/1120/882
f 969/1119/881 971/1121/883 974/1124/886
f 969/1119/881 974/1124/886 972/1122/884
f 971/1121/883 975/1125/887 974/1124/886
f 976/1126/888 973/1123/885 972/1122/884
f 973/1123/885 976/1126/888 977/1127/889
f 974/1124/886 975/1125/887 978/1128/890
f 975/1125/887 979/1129/891 978/1128/890
f 972/1122/884 974/1124/886 980/1130/892
f 974/1124/886 978/1128/890 980/1130/892
f 972/1122/884 981/1131/893 976/1126/888
f 980/1130/892 981/1131/893 972/1122/884
f 977/1127/889 976/1126/888 982/1132/894
f 977/1127/889 982/1132/894 983/1133/895
f 983/1133/895 982/1132/894 984/1134/896
f 982/1132/894 985/1135/897 984/1134/896
f 976/1126/888 986/1136/898 982/1132/894
f 986/1136/898 985/1135/897 982/1132/894
f 981/1131/893 986/1136/898 976/1126/888
f 986/1136/898 987/1137/899 985/1135/897
f 988/1138/900 987/1137/899 986/1136/898
f 986/1136/898 981/1131/893 988/1138/900
f 988/1138/900 989/1139/901 987/1137/899
f 988/1138/900 981/1131/893 990/1140/902
f 980/1130/892 990/1140/902 981/1131/893
f 991/1141/903 989/1139/901 988/1138/900
f 990/1140/902 991/1141/903 988/1138/900
f 991/1141/903 992/1142/904 989/1139/901
f 992/1142/904 991/1141/903 990/1140/902
f 989/1139/901 992/1142/904 993/1143/905
f 992/1142/904 994/1144/906 993/1143/905
f 995/1145/907 990/1140/902 980/1130/892
f 995/1145/907 992/1142/904 990/1140/902
f 980/1130/892 978/1128/890 995/1145/907
f 996/1146/908 994/1144/906 992/1142/904
f 996/1146/908 992/1142/904 995/1145/907
f 994/1144/906 996/1146/908 979/1129/891
f 978/1128/890 997/1147/909 995/1145/907
f 978/1128/890 979/1129/891 997/1147/909
f 995/1145/907 997/1147/909 996/1146/908
f 979/1129/891 996/1146/908 997/1147/909
f 968/1148/880 998/1149/910 966/1150/911
f 999/1151/912 998/1149/910 968/1148/880
f 968/1148/880 1000/1152/913 999/1151/912
f 999/1151/912 1001/1153/914 998/1149/910
f 999/1151/912 1000/1152/913 1002/1154/915
f 1000/1152/913 1003/1155/916 1002/1154/915
f 1004/1156/917 1001/1153/914 999/1151/912
f 1002/1154/915 1004/1156/917 999/1151/912
f 1004/1156/917 1005/1157/918 1001/1153/914
f 1002/1154/915 1003/1155/916 1006/1158/919
f 1007/1159/920 1005/1157/918 1004/1156/917
f 1007/1159/920 1008/1160/921 1005/1157/918
f 1009/1161/922 1004/1156/917 1002/1154/915
f 1004/1156/917 1009/1161/922 1007/1159/920
f 1006/1158/919 1009/1161/922 1002/1154/915
f 1010/1162/923 1008/1160/921 1007/1159/920
f 1007/1159/920 1009/1161/922 1011/1163/924
f 1011/1163/924 1010/1162/923 1007/1159/920
f 1010/1162/923 1012/1164/925 1008/1160/921
f 1012/1164/925 1010/1162/923 1011/1163/924
f 1008/1160/921 1012/1164/925 1013/1165/926
f 1012/1164/925 1014/1166/927 1013/1165/926
f 1015/1167/928 1011/1163/924 1009/1161/922
f 1015/1167/928 1009/1161/922 1006/1158/919
f 1016/1168/929 1012/1164/925 1011/1163/924
f 1016/1168/929 1011/1163/924 1015/1167/928
f 1017/1169/930 1014/1166/927 1012/1164/925
f 1017/1169/930 1012/1164/925 1016/1168/929
f 1014/1166/927 1017/1169/930 1018/1170/931
f 1016/1168/929 1019/1171/932 1017/1169/930
f 1018/1170/931 1017/1169/930 1019/1171/932
f 1020/1172/933 1019/1171/932 1016/1168/929
f 1020/1172/933 1018/1170/931 1019/1171/932
f 1015/1167/928 1020/1172/933 1016/1168/929
f 1021/1173/934 1018/1170/931 1020/1172/933
f 1022/1174/935 1020/1172/933 1015/1167/928
f 1022/1174/935 1021/1173/934 1020/1172/933
f 1006/1158/919 1022/1174/935 1015/1167/928
f 1023/1175/936 1021/1173/934 1022/1174/935
f 1024/1176/937 1022/1174/935 1006/1158/919
f 1024/1176/937 1023/1175/936 1022/1174/935
f 1006/1158/919 1003/1155/916 1024/1176/937
f 1025/1177/938 1023/1175/936 1024/1176/937
f 1024/1176/937 1003/1155/916 1026/1178/939
f 1026/1178/939 1025/1177/938 1024/1176/937
f 1027/1179/940 1025/1177/938 1026/1178/939
f 1028/1180/941 1029/1181/942 1030/1182/943
f 1030/1182/943 1029/1181/942 1031/1183/944
f 1029/1181/942 1032/1184/945 1031/1183/944
f 1030/1182/943 1031/1183/944 1033/1185/946
f 1031/1183/944 1032/1184/945 1034/1186/947
f 1032/1184/945 1035/1187/948 1034/1186/947
f 1033/1185/946 1031/1183/944 1036/1188/949
f 1031/1183/944 1034/1186/947 1036/1188/949
f 1034/1186/947 1035/1187/948 1037/1189/950
f 1035/1187/948 1038/1190/951 1037/1189/950
f 1036/1188/949 1034/1186/947 1039/1191/952
f 1034/1186/947 1037/1189/950 1039/1191/952
f 1036/1188/949 1040/1192/953 1033/1185/946
f 1033/1185/946 1040/1192/953 1041/1193/954
f 1039/1191/952 1042/1194/955 1036/1188/949
f 1036/1188/949 1042/1194/955 1040/1192/953
f 1040/1192/953 1043/1195/956 1041/1193/954
f 1041/1193/954 1043/1195/956 1044/1196/957
f 1044/1196/957 1045/1197/958 1046/1198/959
f 1043/1195/956 1045/1197/958 1044/1196/957
f 1043/1195/956 1047/1199/960 1045/1197/958
f 1040/1192/953 1048/1200/961 1043/1195/956
f 1048/1200/961 1047/1199/960 1043/1195/956
f 1042/1194/955 1048/1200/961 1040/1192/953
f 1048/1200/961 1049/1201/962 1047/1199/960
f 1050/1202/963 1049/1201/962 1048/1200/961
f 1048/1200/961 1042/1194/955 1050/1202/963
f 1050/1202/963 1051/1203/964 1049/1201/962
f 1050/1202/963 1042/1194/955 1052/1204/965
f 1039/1191/952 1052/1204/965 1042/1194/955
f 1053/1205/966 1051/1203/964 1050/1202/963
f 1052/1204/965 1053/1205/966 1050/1202/963
f 1053/1205/966 1054/1206/967 1051/1203/964
f 1054/1206/967 1053/1205/966 1052/1204/965
f 1051/1203/964 1054/1206/967 1055/1207/968
f 1054/1206/967 1056/1208/969 1055/1207/968
f 1057/1209/970 1052/1204/965 1039/1191/952
f 1057/1209/970 1054/1206/967 1052/1204/965
f 1039/1191/952 1037/1189/950 1057/1209/970
f 1058/1210/971 1056/1208/969 1054/1206/967
f 1058/1210/971 1054/1206/967 1057/1209/970
f 1056/1208/969 1058/1210/971 1038/1190/951
f 1037/1189/950 1059/1211/972 1057/1209/970
f 1037/1189/950 1038/1190/951 1059/1211/972
f 1057/1209/970 1059/1211/972 1058/1210/971
f 1038/1190/951 1058/1210/971 1059/1211/972
f 1060/1212/973 1061/1213/974 1062/1214/975
f 1063/1215/976 1061/1213/974 1060/1212/973
f 1060/1212/973 1064/1216/977 1063/1215/976
f 1063/1215/976 1065/1217/978 1061/1213/974
f 1063/1215/976 1064/1216/977 1066/1218/979
f 1067/1219/980 1066/1218/979 1064/1216/977
f 1068/1220/981 1065/1217/978 1063/1215/976
f 1066/1218/979 1068/1220/981 1063/1215/976
f 1068/1220/981 1069/1221/982 1065/1217/978
f 1070/1222/983 1066/1218/979 1067/1219/980
f 1044/1223/957 1070/1222/983 1067/1219/980
f 1071/1224/984 1068/1220/981 1066/1218/979
f 1070/1222/983 1071/1224/984 1066/1218/979
f 1072/1225/985 1069/1221/982 1068/1220/981
f 1068/1220/981 1071/1224/984 1072/1225/985
f 1072/1225/985 1073/1226/986 1069/1221/982
f 1046/1227/987 1074/1228/988 1044/1223/957
f 1044/1223/957 1074/1228/988 1075/1229/989
f 1075/1229/989 1070/1222/983 1044/1223/957
f 1074/1228/988 1076/1230/990 1075/1229/989
f 1075/1229/989 1076/1230/990 1077/1231/991
f 1075/1229/989 1077/1231/991 1070/1222/983
f 1076/1230/990 1078/1232/992 1077/1231/991
f 1070/1222/983 1077/1231/991 1079/1233/993
f 1079/1233/993 1071/1224/984 1070/1222/983
f 1077/1231/991 1078/1232/992 1080/1234/994
f 1077/1231/991 1080/1234/994 1079/1233/993
f 1078/1232/992 1081/1235/995 1080/1234/994
f 1079/1233/993 1082/1236/996 1071/1224/984
f 1072/1225/985 1071/1224/984 1082/1236/996
f 1079/1233/993 1080/1234/994 1083/1237/997
f 1083/1237/997 1082/1236/996 1079/1233/993
f 1080/1234/994 1081/1235/995 1084/1238/998
f 1080/1234/994 1084/1238/998 1083/1237/997
f 1081/1235/995 1085/1239/999 1084/1238/998
f 1083/1237/997 1084/1238/998 1085/1239/999
f 1086/1240/1000 1085/1239/999 1081/1235/995
f 1085/1239/999 1087/1241/1001 1083/1237/997
f 1085/1239/999 1086/1240/1000 1087/1241/1001
f 1083/1237/997 1087/1241/1001 1082/1236/996
f 1087/1241/1001 1086/1240/1000 1088/1242/1002
f 1073/1226/986 1087/1241/1001 1088/1242/1002
f 1087/1241/1001 1089/1243/1003 1082/1236/996
f 1089/1243/1003 1087/1241/1001 1073/1226/986
f 1082/1236/996 1089/1243/1003 1072/1225/985
f 1089/1243/1003 1073/1226/986 1072/1225/985
f 1062/1244/1004 1090/1245/1005 1060/1246/973
f 1060/1246/973 1090/1245/1005 1091/1247/1006
f 1091/1247/1006 1092/1248/1007 1060/1246/973
f 1090/1245/1005 1093/1249/1008 1091/1247/1006
f 1094/1250/1009 1092/1248/1007 1091/1247/1006
f 1091/1247/1006 1093/1249/1008 1095/1251/1010
f 1091/1247/1006 1095/1251/1010 1094/1250/1009
f 1093/1249/1008 1096/1252/1011 1095/1251/1010
f 1094/1250/1009 1097/1253/1012 1092/1248/1007
f 1095/1251/1010 1096/1252/1011 1098/1254/1013
f 1096/1252/1011 1099/1255/1014 1098/1254/1013
f 1094/1250/1009 1095/1251/1010 1100/1256/1015
f 1095/1251/1010 1098/1254/1013 1100/1256/1015
f 1098/1254/1013 1099/1255/1014 1101/1257/1016
f 1100/1256/1015 1098/1254/1013 1102/1258/1017
f 1098/1254/1013 1101/1257/1016 1102/1258/1017
f 1099/1255/1014 1103/1259/1018 1101/1257/1016
f 1102/1258/1017 1101/1257/1016 1103/1259/1018
f 1104/1260/1019 1103/1259/1018 1099/1255/1014
f 1103/1259/1018 1104/1260/1019 1105/1261/1020
f 1103/1259/1018 1105/1261/1020 1102/1258/1017
f 1105/1261/1020 1104/1260/1019 1106/1262/1021
f 1107/1263/1022 1105/1261/1020 1106/1262/1021
f 1102/1258/1017 1105/1261/1020 1108/1264/1023
f 1102/1258/1017 1108/1264/1023 1100/1256/1015
f 1109/1265/1024 1105/1261/1020 1107/1263/1022
f 1105/1261/1020 1109/1265/1024 1108/1264/1023
f 1109/1265/1024 1107/1263/1022 1110/1266/1025
f 1108/1264/1023 1109/1265/1024 1110/1266/1025
f 1110/1266/1025 1107/1263/1022 1111/1267/1026
f 1100/1256/1015 1108/1264/1023 1112/1268/1027
f 1110/1266/1025 1112/1268/1027 1108/1264/1023
f 1100/1256/1015 1112/1268/1027 1094/1250/1009
f 1110/1266/1025 1111/1267/1026 1113/1269/1028
f 1113/1269/1028 1112/1268/1027 1110/1266/1025
f 1113/1269/1028 1111/1267/1026 1114/1270/1029
f 1094/1250/1009 1112/1268/1027 1115/1271/1030
f 1112/1268/1027 1113/1269/1028 1115/1271/1030
f 1115/1271/1030 1097/1253/1012 1094/1250/1009
f 1113/1269/1028 1114/1270/1029 1116/1272/1031
f 1115/1271/1030 1113/1269/1028 1116/1272/1031
f 1116/1272/1031 1097/1253/1012 1115/1271/1030
f 1116/1272/1031 1114/1270/1029 1117/1273/1032
f 1026/1274/939 1097/1253/1012 1116/1272/1031
f 1116/1272/1031 1117/1273/1032 1026/1274/939
f 1026/1274/939 1117/1273/1032 1027/1275/1033
f 146/1276/157 1118/1277/1034 1119/1278/1035
f 146/1276/157 1119/1278/1035 1120/1279/1036
f 1119/1278/1035 1121/1280/1037 1120/1279/1036
f 146/1276/157 1120/1279/1036 142/1281/153
f 1120/1279/1036 1121/1280/1037 1122/1282/1038
f 1121/1280/1037 1123/1283/1039 1122/1282/1038
f 142/1281/153 1120/1279/1036 1124/1284/1040
f 1120/1279/1036 1122/1282/1038 1124/1284/1040
f 142/1281/153 1124/1284/1040 139/1285/150
f 1122/1282/1038 1123/1283/1039 1125/1286/1041
f 1123/1283/1039 1126/1287/1042 1125/1286/1041
f 1124/1284/1040 1122/1282/1038 1127/1288/1043
f 1122/1282/1038 1125/1286/1041 1127/1288/1043
f 139/1285/150 1124/1284/1040 1128/1289/1044
f 1125/1286/1041 1126/1287/1042 1129/1290/1045
f 1124/1284/1040 1130/1291/1046 1128/1289/1044
f 1127/1288/1043 1130/1291/1046 1124/1284/1040
f 1126/1287/1042 1131/1292/1047 1129/1290/1045
f 1132/1293/1048 1131/1292/1047 1126/1287/1042
f 1125/1286/1041 1129/1290/1045 1133/1294/1049
f 1133/1294/1049 1129/1290/1045 1131/1292/1047
f 1127/1288/1043 1125/1286/1041 1133/1294/1049
f 1131/1292/1047 1132/1293/1048 1134/1295/1050
f 1131/1292/1047 1134/1295/1050 1133/1294/1049
f 1134/1295/1050 1132/1293/1048 1135/1296/1051
f 1136/1297/1052 1134/1295/1050 1135/1296/1051
f 1133/1294/1049 1137/1298/1053 1127/1288/1043
f 1133/1294/1049 1134/1295/1050 1137/1298/1053
f 1127/1288/1043 1137/1298/1053 1130/1291/1046
f 1138/1299/1054 1134/1295/1050 1136/1297/1052
f 1134/1295/1050 1138/1299/1054 1137/1298/1053
f 1138/1299/1054 1136/1297/1052 1139/1300/1055
f 1137/1298/1053 1138/1299/1054 1139/1300/1055
f 1139/1300/1055 1130/1291/1046 1137/1298/1053
f 1139/1300/1055 1136/1297/1052 1140/1301/1056
f 1141/1302/1057 1130/1291/1046 1139/1300/1055
f 1139/1300/1055 1140/1301/1056 1141/1302/1057
f 1130/1291/1046 1141/1302/1057 1128/1289/1044
f 1141/1302/1057 1140/1301/1056 1142/1303/1058
f 1128/1289/1044 1141/1302/1057 1143/1304/1059
f 1141/1302/1057 1142/1303/1058 1143/1304/1059
f 1143/1304/1059 139/1285/150 1128/1289/1044
f 1143/1304/1059 1142/1303/1058 1144/1305/1060
f 115/1306/115 139/1285/150 1143/1304/1059
f 115/1306/115 1143/1304/1059 1144/1305/1060
f 115/1306/115 1144/1305/1060 1145/1307/1061
f 146/1308/157 1146/1309/1062 1118/1310/1063
f 146/1308/157 1147/1311/1064 1146/1309/1062
f 1147/1311/1064 1148/1312/1065 1146/1309/1062
f 146/1308/157 148/1313/159 1147/1311/1064
f 1149/1314/1066 1148/1312/1065 1147/1311/1064
f 1149/1314/1066 1150/1315/1067 1148/1312/1065
f 1147/1311/1064 148/1313/159 1151/1316/1068
f 1151/1316/1068 1149/1314/1066 1147/1311/1064
f 148/1313/159 151/1317/162 1151/1316/1068
f 1152/1318/1069 1150/1315/1067 1149/1314/1066
f 1152/1318/1069 1153/1319/1070 1150/1315/1067
f 1154/1320/1071 1149/1314/1066 1151/1316/1068
f 1149/1314/1066 1154/1320/1071 1152/1318/1069
f 1151/1316/1068 151/1317/162 1155/1321/1072
f 1155/1321/1072 1154/1320/1071 1151/1316/1068
f 1156/1322/1073 1153/1319/1070 1152/1318/1069
f 1152/1318/1069 1154/1320/1071 1157/1323/1074
f 1157/1323/1074 1156/1322/1073 1152/1318/1069
f 1156/1322/1073 1158/1324/1075 1153/1319/1070
f 1158/1324/1075 1156/1322/1073 1157/1323/1074
f 1153/1319/1070 1158/1324/1075 1159/1325/1076
f 1158/1324/1075 1160/1326/1077 1159/1325/1076
f 1161/1327/1078 1157/1323/1074 1154/1320/1071
f 1161/1327/1078 1154/1320/1071 1155/1321/1072
f 1162/1328/1079 1158/1324/1075 1157/1323/1074
f 1162/1328/1079 1157/1323/1074 1161/1327/1078
f 1163/1329/1080 1160/1326/1077 1158/1324/1075
f 1163/1329/1080 1158/1324/1075 1162/1328/1079
f 1160/1326/1077 1163/1329/1080 1164/1330/1081
f 1162/1328/1079 1165/1331/1082 1163/1329/1080
f 1164/1330/1081 1163/1329/1080 1165/1331/1082
f 1166/1332/1083 1165/1331/1082 1162/1328/1079
f 1166/1332/1083 1164/1330/1081 1165/1331/1082
f 1161/1327/1078 1166/1332/1083 1162/1328/1079
f 1167/1333/1084 1164/1330/1081 1166/1332/1083
f 1168/1334/1085 1166/1332/1083 1161/1327/1078
f 1168/1334/1085 1167/1333/1084 1166/1332/1083
f 1155/1321/1072 1168/1334/1085 1161/1327/1078
f 1169/1335/1086 1167/1333/1084 1168/1334/1085
f 1170/1336/1087 1168/1334/1085 1155/1321/1072
f 1170/1336/1087 1169/1335/1086 1168/1334/1085
f 151/1317/162 1170/1336/1087 1155/1321/1072
f 1171/1337/1088 1169/1335/1086 1170/1336/1087
f 155/1338/166 1170/1336/1087 151/1317/162
f 155/1338/166 1171/1337/1088 1170/1336/1087
f 155/1338/166 1172/1339/1089 1171/1337/1088
f 1173/1340/1090 1171/1341/1088 1172/1342/1089
f 1174/1343/1091 1171/1341/1088 1173/1340/1090
f 1175/1344/1092 1174/1343/1091 1173/1340/1090
f 1174/1343/1091 1169/1345/1086 1171/1341/1088
f 1176/1346/1093 1174/1343/1091 1175/1344/1092
f 1177/1347/1094 1176/1346/1093 1175/1344/1092
f 1178/1348/1095 1169/1345/1086 1174/1343/1091
f 1176/1346/1093 1178/1348/1095 1174/1343/1091
f 1178/1348/1095 1167/1349/1084 1169/1345/1086
f 1179/1350/1096 1176/1346/1093 1177/1347/1094
f 1180/1351/1097 1179/1350/1096 1177/1347/1094
f 1181/1352/1098 1167/1349/1084 1178/1348/1095
f 1181/1352/1098 1164/1353/1081 1167/1349/1084
f 1182/1354/1099 1178/1348/1095 1176/1346/1093
f 1178/1348/1095 1182/1354/1099 1181/1352/1098
f 1183/1355/1100 1176/1346/1093 1179/1350/1096
f 1182/1354/1099 1176/1346/1093 1183/1355/1100
f 1184/1356/1101 1179/1350/1096 1180/1351/1097
f 1180/1351/1097 1118/1357/1063 1184/1356/1101
f 1184/1356/1101 1118/1357/1063 1146/1358/1062
f 1146/1358/1062 1148/1359/1065 1184/1356/1101
f 1184/1356/1101 1185/1360/1102 1179/1350/1096
f 1184/1356/1101 1148/1359/1065 1185/1360/1102
f 1179/1350/1096 1185/1360/1102 1183/1355/1100
f 1148/1359/1065 1150/1361/1067 1185/1360/1102
f 1185/1360/1102 1150/1361/1067 1186/1362/1103
f 1185/1360/1102 1186/1362/1103 1183/1355/1100
f 1150/1361/1067 1153/1363/1070 1186/1362/1103
f 1183/1355/1100 1186/1362/1103 1187/1364/1104
f 1187/1364/1104 1182/1354/1099 1183/1355/1100
f 1186/1362/1103 1153/1363/1070 1188/1365/1105
f 1186/1362/1103 1188/1365/1105 1187/1364/1104
f 1153/1363/1070 1189/1366/1106 1188/1365/1105
f 1187/1364/1104 1188/1365/1105 1189/1366/1106
f 1159/1367/1076 1189/1366/1106 1153/1363/1070
f 1160/1368/1077 1189/1366/1106 1159/1367/1076
f 1190/1369/1107 1182/1354/1099 1187/1364/1104
f 1189/1366/1106 1190/1369/1107 1187/1364/1104
f 1181/1352/1098 1182/1354/1099 1190/1369/1107
f 1191/1370/1108 1189/1366/1106 1160/1368/1077
f 1191/1370/1108 1190/1369/1107 1189/1366/1106
f 1164/1353/1081 1191/1370/1108 1160/1368/1077
f 1190/1369/1107 1192/1371/1109 1181/1352/1098
f 1191/1370/1108 1192/1371/1109 1190/1369/1107
f 1192/1371/1109 1164/1353/1081 1181/1352/1098
f 1192/1371/1109 1191/1370/1108 1164/1353/1081
f 155/1372/166 1193/1373/1110 1172/1374/1111
f 155/1372/166 1194/1375/1112 1193/1373/1110
f 1194/1375/1112 1195/1376/1113 1193/1373/1110
f 155/1372/166 156/1377/167 1194/1375/1112
f 1196/1378/1114 1195/1376/1113 1194/1375/1112
f 1196/1378/1114 1197/1379/1115 1195/1376/1113
f 1194/1375/1112 156/1377/167 1198/1380/1116
f 1198/1380/1116 1196/1378/1114 1194/1375/1112
f 156/1377/167 159/1381/170 1198/1380/1116
f 1199/1382/1117 1197/1379/1115 1196/1378/1114
f 1199/1382/1117 1200/1383/1118 1197/1379/1115
f 1201/1384/1119 1196/1378/1114 1198/1380/1116
f 1196/1378/1114 1201/1384/1119 1199/1382/1117
f 1198/1380/1116 159/1381/170 1202/1385/1120
f 1202/1385/1120 1201/1384/1119 1198/1380/1116
f 1203/1386/1121 1200/1383/1118 1199/1382/1117
f 1199/1382/1117 1201/1384/1119 1204/1387/1122
f 1204/1387/1122 1203/1386/1121 1199/1382/1117
f 1203/1386/1121 1205/1388/1123 1200/1383/1118
f 1205/1388/1123 1203/1386/1121 1204/1387/1122
f 1200/1383/1118 1205/1388/1123 1206/1389/1124
f 1205/1388/1123 1207/1390/1125 1206/1389/1124
f 1208/1391/1126 1204/1387/1122 1201/1384/1119
f 1208/1391/1126 1201/1384/1119 1202/1385/1120
f 1209/1392/1127 1205/1388/1123 1204/1387/1122
f 1209/1392/1127 1204/1387/1122 1208/1391/1126
f 1210/1393/1128 1207/1390/1125 1205/1388/1123
f 1210/1393/1128 1205/1388/1123 1209/1392/1127
f 1207/1390/1125 1210/1393/1128 1211/1394/1129
f 1209/1392/1127 1212/1395/1130 1210/1393/1128
f 1211/1394/1129 1210/1393/1128 1212/1395/1130
f 1213/1396/1131 1212/1395/1130 1209/1392/1127
f 1213/1396/1131 1211/1394/1129 1212/1395/1130
f 1208/1391/1126 1213/1396/1131 1209/1392/1127
f 1214/1397/1132 1211/1394/1129 1213/1396/1131
f 1215/1398/1133 1213/1396/1131 1208/1391/1126
f 1215/1398/1133 1214/1397/1132 1213/1396/1131
f 1202/1385/1120 1215/1398/1133 1208/1391/1126
f 1216/1399/1134 1214/1397/1132 1215/1398/1133
f 1217/1400/1135 1215/1398/1133 1202/1385/1120
f 1217/1400/1135 1216/1399/1134 1215/1398/1133
f 159/1381/170 1217/1400/1135 1202/1385/1120
f 1218/1401/1136 1216/1399/1134 1217/1400/1135
f 161/1402/172 1217/1400/1135 159/1381/170
f 161/1402/172 1218/1401/1136 1217/1400/1135
f 161/1402/172 1219/1403/1137 1218/1401/1136
f 1172/1404/1111 1193/1405/1110 1173/1406/1090
f 1173/1406/1090 1193/1405/1110 1220/1407/1138
f 1173/1406/1090 1220/1407/1138 1221/1408/1139
f 1193/1405/1110 1195/1409/1113 1220/1407/1138
f 1221/1408/1139 1220/1407/1138 1222/1410/1140
f 1220/1407/1138 1195/1409/1113 1223/1411/1141
f 1220/1407/1138 1223/1411/1141 1222/1410/1140
f 1195/1409/1113 1197/1412/1115 1223/1411/1141
f 1222/1410/1140 1224/1413/1142 1221/1408/1139
f 1223/1411/1141 1197/1412/1115 1225/1414/1143
f 1197/1412/1115 1200/1415/1118 1225/1414/1143
f 1222/1410/1140 1223/1411/1141 1226/1416/1144
f 1223/1411/1141 1225/1414/1143 1226/1416/1144
f 1227/1417/1145 1224/1413/1142 1222/1410/1140
f 1226/1416/1144 1227/1417/1145 1222/1410/1140
f 1225/1414/1143 1200/1415/1118 1228/1418/1146
f 1226/1416/1144 1225/1414/1143 1229/1419/1147
f 1225/1414/1143 1228/1418/1146 1229/1419/1147
f 1200/1415/1118 1230/1420/1148 1228/1418/1146
f 1229/1419/1147 1228/1418/1146 1230/1420/1148
f 1206/1421/1124 1230/1420/1148 1200/1415/1118
f 1207/1422/1125 1230/1420/1148 1206/1421/1124
f 1229/1419/1147 1231/1423/1149 1226/1416/1144
f 1231/1423/1149 1227/1417/1145 1226/1416/1144
f 1230/1420/1148 1232/1424/1150 1229/1419/1147
f 1232/1424/1150 1231/1423/1149 1229/1419/1147
f 1233/1425/1151 1230/1420/1148 1207/1422/1125
f 1233/1425/1151 1232/1424/1150 1230/1420/1148
f 1211/1426/1129 1233/1425/1151 1207/1422/1125
f 1233/1425/1151 1234/1427/1152 1232/1424/1150
f 1234/1427/1152 1233/1425/1151 1211/1426/1129
f 1232/1424/1150 1234/1427/1152 1235/1428/1153
f 1234/1427/1152 1211/1426/1129 1235/1428/1153
f 1235/1428/1153 1231/1423/1149 1232/1424/1150
f 1235/1428/1153 1211/1426/1129 1214/1429/1132
f 1236/1430/1154 1231/1423/1149 1235/1428/1153
f 1235/1428/1153 1214/1429/1132 1236/1430/1154
f 1231/1423/1149 1236/1430/1154 1227/1417/1145
f 1236/1430/1154 1214/1429/1132 1216/1431/1134
f 1227/1417/1145 1236/1430/1154 1237/1432/1155
f 1236/1430/1154 1216/1431/1134 1237/1432/1155
f 1227/1417/1145 1237/1432/1155 1224/1413/1142
f 1237/1432/1155 1216/1431/1134 1218/1433/1136
f 1224/1413/1142 1237/1432/1155 1238/1434/1156
f 1237/1432/1155 1218/1433/1136 1238/1434/1156
f 1238/1434/1156 1218/1433/1136 1219/1435/1137
f 432/1436/458 1239/1437/1157 1240/1438/1158
f 432/1436/458 1241/1439/1159 1239/1437/1157
f 1241/1439/1159 1242/1440/1160 1239/1437/1157
f 432/1436/458 429/1441/455 1241/1439/1159
f 1243/1442/1161 1242/1440/1160 1241/1439/1159
f 1243/1442/1161 1244/1443/1162 1242/1440/1160
f 1241/1439/1159 429/1441/455 1245/1444/1163
f 1245/1444/1163 1243/1442/1161 1241/1439/1159
f 421/1445/447 1245/1444/1163 429/1441/455
f 1246/1446/1164 1244/1443/1162 1243/1442/1161
f 1246/1446/1164 1247/1447/1165 1244/1443/1162
f 1248/1448/1166 1243/1442/1161 1245/1444/1163
f 1243/1442/1161 1248/1448/1166 1246/1446/1164
f 1249/1449/1167 1245/1444/1163 421/1445/447
f 1249/1449/1167 1248/1448/1166 1245/1444/1163
f 1250/1450/1168 1247/1447/1165 1246/1446/1164
f 1246/1446/1164 1248/1448/1166 1251/1451/1169
f 1251/1451/1169 1250/1450/1168 1246/1446/1164
f 1250/1450/1168 1252/1452/1170 1247/1447/1165
f 1252/1452/1170 1250/1450/1168 1251/1451/1169
f 1247/1447/1165 1252/1452/1170 1253/1453/1171
f 1252/1452/1170 1254/1454/1172 1253/1453/1171
f 1255/1455/1173 1251/1451/1169 1248/1448/1166
f 1255/1455/1173 1248/1448/1166 1249/1449/1167
f 1256/1456/1174 1252/1452/1170 1251/1451/1169
f 1256/1456/1174 1251/1451/1169 1255/1455/1173
f 1257/1457/1175 1254/1454/1172 1252/1452/1170
f 1257/1457/1175 1252/1452/1170 1256/1456/1174
f 1254/1454/1172 1257/1457/1175 1258/1458/1176
f 1256/1456/1174 1259/1459/1177 1257/1457/1175
f 1258/1458/1176 1257/1457/1175 1259/1459/1177
f 1260/1460/1178 1259/1459/1177 1256/1456/1174
f 1260/1460/1178 1258/1458/1176 1259/1459/1177
f 1255/1455/1173 1260/1460/1178 1256/1456/1174
f 1261/1461/1179 1258/1458/1176 1260/1460/1178
f 1262/1462/1180 1260/1460/1178 1255/1455/1173
f 1262/1462/1180 1261/1461/1179 1260/1460/1178
f 1249/1449/1167 1262/1462/1180 1255/1455/1173
f 1263/1463/1181 1261/1461/1179 1262/1462/1180
f 1264/1464/1182 1262/1462/1180 1249/1449/1167
f 1264/1464/1182 1263/1463/1181 1262/1462/1180
f 421/1445/447 1264/1464/1182 1249/1449/1167
f 1265/1465/1183 1263/1463/1181 1264/1464/1182
f 420/1466/446 1264/1464/1182 421/1445/447
f 420/1466/446 1265/1465/1183 1264/1464/1182
f 420/1466/446 1028/1467/1184 1265/1465/1183
f 1030/1468/943 1265/1469/1183 1028/1470/1184
f 1266/1471/1185 1265/1469/1183 1030/1468/943
f 1266/1471/1185 1263/1472/1181 1265/1469/1183
f 1267/1473/1186 1266/1471/1185 1030/1468/943
f 1268/1474/1187 1263/1472/1181 1266/1471/1185
f 1268/1474/1187 1261/1475/1179 1263/1472/1181
f 1269/1476/1188 1266/1471/1185 1267/1473/1186
f 1269/1476/1188 1268/1474/1187 1266/1471/1185
f 1270/1477/1189 1261/1475/1179 1268/1474/1187
f 1270/1477/1189 1258/1478/1176 1261/1475/1179
f 1271/1479/1190 1268/1474/1187 1269/1476/1188
f 1268/1474/1187 1271/1479/1190 1270/1477/1189
f 1269/1476/1188 1267/1473/1186 1272/1480/1191
f 1272/1480/1191 1267/1473/1186 1273/1481/1192
f 1271/1479/1190 1269/1476/1188 1274/1482/1193
f 1274/1482/1193 1269/1476/1188 1272/1480/1191
f 1272/1480/1191 1273/1481/1192 1275/1483/1194
f 1275/1483/1194 1273/1481/1192 1276/1484/1195
f 1240/1485/1158 1239/1486/1157 1276/1484/1195
f 1276/1484/1195 1239/1486/1157 1275/1483/1194
f 1239/1486/1157 1242/1487/1160 1275/1483/1194
f 1275/1483/1194 1277/1488/1196 1272/1480/1191
f 1275/1483/1194 1242/1487/1160 1277/1488/1196
f 1272/1480/1191 1277/1488/1196 1274/1482/1193
f 1242/1487/1160 1244/1489/1162 1277/1488/1196
f 1277/1488/1196 1244/1489/1162 1278/1490/1197
f 1277/1488/1196 1278/1490/1197 1274/1482/1193
f 1244/1489/1162 1247/1491/1165 1278/1490/1197
f 1274/1482/1193 1278/1490/1197 1279/1492/1198
f 1279/1492/1198 1271/1479/1190 1274/1482/1193
f 1278/1490/1197 1247/1491/1165 1280/1493/1199
f 1278/1490/1197 1280/1493/1199 1279/1492/1198
f 1247/1491/1165 1281/1494/1200 1280/1493/1199
f 1279/1492/1198 1280/1493/1199 1281/1494/1200
f 1253/1495/1171 1281/1494/1200 1247/1491/1165
f 1254/1496/1172 1281/1494/1200 1253/1495/1171
f 1282/1497/1201 1271/1479/1190 1279/1492/1198
f 1281/1494/1200 1282/1497/1201 1279/1492/1198
f 1270/1477/1189 1271/1479/1190 1282/1497/1201
f 1283/1498/1202 1281/1494/1200 1254/1496/1172
f 1283/1498/1202 1282/1497/1201 1281/1494/1200
f 1258/1478/1176 1283/1498/1202 1254/1496/1172
f 1282/1497/1201 1284/1499/1203 1270/1477/1189
f 1283/1498/1202 1284/1499/1203 1282/1497/1201
f 1284/1499/1203 1258/1478/1176 1270/1477/1189
f 1284/1499/1203 1283/1498/1202 1258/1478/1176
f 432/1500/458 1240/1501/1204 1285/1502/1205
f 432/1500/458 1285/1502/1205 1286/1503/1206
f 1285/1502/1205 1287/1504/1207 1286/1503/1206
f 432/1500/458 1286/1503/1206 434/1505/460
f 1286/1503/1206 1287/1504/1207 1288/1506/1208
f 1287/1504/1207 1289/1507/1209 1288/1506/1208
f 434/1505/460 1286/1503/1206 1290/1508/1210
f 1286/1503/1206 1288/1506/1208 1290/1508/1210
f 1288/1506/1208 1289/1507/1209 1291/1509/1211
f 1289/1507/1209 1292/1510/1212 1291/1509/1211
f 1290/1508/1210 1288/1506/1208 1293/1511/1213
f 1288/1506/1208 1291/1509/1211 1293/1511/1213
f 1290/1508/1210 1294/1512/1214 434/1505/460
f 434/1505/460 1294/1512/1214 437/1513/463
f 1293/1511/1213 1295/1514/1215 1290/1508/1210
f 1290/1508/1210 1295/1514/1215 1294/1512/1214
f 1296/1515/1216 437/1513/463 1294/1512/1214
f 440/1516/466 437/1513/463 1296/1515/1216
f 440/1516/466 1297/1517/1217 1298/1518/1218
f 440/1516/466 1296/1515/1216 1297/1517/1217
f 1296/1515/1216 1299/1519/1219 1297/1517/1217
f 1294/1512/1214 1300/1520/1220 1296/1515/1216
f 1300/1520/1220 1299/1519/1219 1296/1515/1216
f 1295/1514/1215 1300/1520/1220 1294/1512/1214
f 1300/1520/1220 1301/1521/1221 1299/1519/1219
f 1302/1522/1222 1301/1521/1221 1300/1520/1220
f 1300/1520/1220 1295/1514/1215 1302/1522/1222
f 1302/1522/1222 1303/1523/1223 1301/1521/1221
f 1302/1522/1222 1295/1514/1215 1304/1524/1224
f 1293/1511/1213 1304/1524/1224 1295/1514/1215
f 1305/1525/1225 1303/1523/1223 1302/1522/1222
f 1304/1524/1224 1305/1525/1225 1302/1522/1222
f 1305/1525/1225 1306/1526/1226 1303/1523/1223
f 1306/1526/1226 1305/1525/1225 1304/1524/1224
f 1303/1523/1223 1306/1526/1226 1307/1527/1227
f 1306/1526/1226 1308/1528/1228 1307/1527/1227
f 1309/1529/1229 1304/1524/1224 1293/1511/1213
f 1309/1529/1229 1306/1526/1226 1304/1524/1224
f 1293/1511/1213 1291/1509/1211 1309/1529/1229
f 1310/1530/1230 1308/1528/1228 1306/1526/1226
f 1310/1530/1230 1306/1526/1226 1309/1529/1229
f 1308/1528/1228 1310/1530/1230 1292/1510/1212
f 1291/1509/1211 1311/1531/1231 1309/1529/1229
f 1291/1509/1211 1292/1510/1212 1311/1531/1231
f 1309/1529/1229 1311/1531/1231 1310/1530/1230
f 1292/1510/1212 1310/1530/1230 1311/1531/1231
f 1298/1532/1218 1297/1533/1217 1312/1534/1232
f 1312/1534/1232 1297/1533/1217 1313/1535/1233
f 1312/1534/1232 1313/1535/1233 1314/1536/1234
f 1297/1533/1217 1299/1537/1219 1313/1535/1233
f 1314/1536/1234 1313/1535/1233 1315/1538/1235
f 1315/1538/1235 1316/1539/1236 1314/1536/1234
f 1313/1535/1233 1299/1537/1219 1317/1540/1237
f 1313/1535/1233 1317/1540/1237 1315/1538/1235
f 1299/1537/1219 1301/1541/1221 1317/1540/1237
f 1318/1542/1238 1316/1539/1236 1315/1538/1235
f 1317/1540/1237 1301/1541/1221 1319/1543/1239
f 1316/1539/1236 1318/1542/1238 1276/1544/1195
f 1301/1541/1221 1303/1545/1223 1319/1543/1239
f 1276/1544/1195 1285/1546/1205 1240/1547/1204
f 1320/1548/1240 1285/1546/1205 1276/1544/1195
f 1276/1544/1195 1318/1542/1238 1320/1548/1240
f 1320/1548/1240 1287/1549/1207 1285/1546/1205
f 1321/1550/1241 1287/1549/1207 1320/1548/1240
f 1318/1542/1238 1321/1550/1241 1320/1548/1240
f 1321/1550/1241 1289/1551/1209 1287/1549/1207
f 1322/1552/1242 1289/1551/1209 1321/1550/1241
f 1322/1552/1242 1292/1553/1212 1289/1551/1209
f 1323/1554/1243 1321/1550/1241 1318/1542/1238
f 1321/1550/1241 1323/1554/1243 1322/1552/1242
f 1324/1555/1244 1318/1542/1238 1315/1538/1235
f 1323/1554/1243 1318/1542/1238 1324/1555/1244
f 1315/1538/1235 1317/1540/1237 1324/1555/1244
f 1317/1540/1237 1319/1543/1239 1324/1555/1244
f 1325/1556/1245 1323/1554/1243 1324/1555/1244
f 1324/1555/1244 1319/1543/1239 1325/1556/1245
f 1322/1552/1242 1323/1554/1243 1326/1557/1246
f 1326/1557/1246 1323/1554/1243 1325/1556/1245
f 1319/1543/1239 1327/1558/1247 1325/1556/1245
f 1319/1543/1239 1303/1545/1223 1327/1558/1247
f 1325/1556/1245 1327/1558/1247 1328/1559/1248
f 1303/1545/1223 1328/1559/1248 1327/1558/1247
f 1328/1559/1248 1326/1557/1246 1325/1556/1245
f 1307/1560/1227 1328/1559/1248 1303/1545/1223
f 1308/1561/1228 1328/1559/1248 1307/1560/1227
f 1329/1562/1249 1328/1559/1248 1308/1561/1228
f 1329/1562/1249 1326/1557/1246 1328/1559/1248
f 1292/1553/1212 1329/1562/1249 1308/1561/1228
f 1329/1562/1249 1330/1563/1250 1326/1557/1246
f 1330/1563/1250 1329/1562/1249 1292/1553/1212
f 1326/1557/1246 1330/1563/1250 1322/1552/1242
f 1330/1563/1250 1292/1553/1212 1322/1552/1242
f 440/1564/466 1298/1565/1251 1331/1566/1252
f 440/1564/466 1331/1566/1252 1332/1567/1253
f 1331/1566/1252 1333/1568/1254 1332/1567/1253
f 440/1564/466 1332/1567/1253 441/1569/467
f 1332/1567/1253 1333/1568/1254 1334/1570/1255
f 1333/1568/1254 1335/1571/1256 1334/1570/1255
f 441/1569/467 1332/1567/1253 1336/1572/1257
f 1332/1567/1253 1334/1570/1255 1336/1572/1257
f 1334/1570/1255 1335/1571/1256 1337/1573/1258
f 1335/1571/1256 1338/1574/1259 1337/1573/1258
f 1336/1572/1257 1334/1570/1255 1339/1575/1260
f 1334/1570/1255 1337/1573/1258 1339/1575/1260
f 1336/1572/1257 1340/1576/1261 441/1569/467
f 441/1569/467 1340/1576/1261 445/1577/471
f 1339/1575/1260 1341/1578/1262 1336/1572/1257
f 1336/1572/1257 1341/1578/1262 1340/1576/1261
f 1342/1579/1263 445/1577/471 1340/1576/1261
f 161/1580/172 445/1577/471 1342/1579/1263
f 161/1580/172 1343/1581/1264 1219/1582/1265
f 161/1580/172 1342/1579/1263 1343/1581/1264
f 1342/1579/1263 1344/1583/1266 1343/1581/1264
f 1340/1576/1261 1345/1584/1267 1342/1579/1263
f 1345/1584/1267 1344/1583/1266 1342/1579/1263
f 1341/1578/1262 1345/1584/1267 1340/1576/1261
f 1345/1584/1267 1346/1585/1268 1344/1583/1266
f 1347/1586/1269 1346/1585/1268 1345/1584/1267
f 1345/1584/1267 1341/1578/1262 1347/1586/1269
f 1347/1586/1269 1348/1587/1270 1346/1585/1268
f 1347/1586/1269 1341/1578/1262 1349/1588/1271
f 1339/1575/1260 1349/1588/1271 1341/1578/1262
f 1350/1589/1272 1348/1587/1270 1347/1586/1269
f 1349/1588/1271 1350/1589/1272 1347/1586/1269
f 1350/1589/1272 1351/1590/1273 1348/1587/1270
f 1351/1590/1273 1350/1589/1272 1349/1588/1271
f 1348/1587/1270 1351/1590/1273 1352/1591/1274
f 1351/1590/1273 1353/1592/1275 1352/1591/1274
f 1354/1593/1276 1349/1588/1271 1339/1575/1260
f 1354/1593/1276 1351/1590/1273 1349/1588/1271
f 1339/1575/1260 1337/1573/1258 1354/1593/1276
f 1355/1594/1277 1353/1592/1275 1351/1590/1273
f 1355/1594/1277 1351/1590/1273 1354/1593/1276
f 1353/1592/1275 1355/1594/1277 1338/1574/1259
f 1337/1573/1258 1356/1595/1278 1354/1593/1276
f 1337/1573/1258 1338/1574/1259 1356/1595/1278
f 1354/1593/1276 1356/1595/1278 1355/1594/1277
f 1338/1574/1259 1355/1594/1277 1356/1595/1278
f 1312/1596/1232 1331/1597/1252 1298/1598/1251
f 1357/1599/1279 1331/1597/1252 1312/1596/1232
f 1358/1600/1280 1357/1599/1279 1312/1596/1232
f 1357/1599/1279 1333/1601/1254 1331/1597/1252
f 1359/1602/1281 1357/1599/1279 1358/1600/1280
f 1360/1603/1282 1333/1601/1254 1357/1599/1279
f 1359/1602/1281 1360/1603/1282 1357/1599/1279
f 1360/1603/1282 1335/1604/1256 1333/1601/1254
f 1358/1600/1280 1361/1605/1283 1359/1602/1281
f 1362/1606/1284 1335/1604/1256 1360/1603/1282
f 1362/1606/1284 1338/1607/1259 1335/1604/1256
f 1363/1608/1285 1360/1603/1282 1359/1602/1281
f 1360/1603/1282 1363/1608/1285 1362/1606/1284
f 1359/1602/1281 1361/1605/1283 1364/1609/1286
f 1365/1610/1287 1338/1607/1259 1362/1606/1284
f 1361/1605/1283 1366/1611/1288 1364/1609/1286
f 1238/1612/1156 1366/1611/1288 1361/1605/1283
f 1219/1613/1265 1343/1614/1264 1238/1612/1156
f 1238/1612/1156 1343/1614/1264 1366/1611/1288
f 1343/1614/1264 1344/1615/1266 1366/1611/1288
f 1366/1611/1288 1344/1615/1266 1367/1616/1289
f 1366/1611/1288 1367/1616/1289 1364/1609/1286
f 1344/1615/1266 1346/1617/1268 1367/1616/1289
f 1368/1618/1290 1359/1602/1281 1364/1609/1286
f 1364/1609/1286 1367/1616/1289 1368/1618/1290
f 1363/1608/1285 1359/1602/1281 1368/1618/1290
f 1367/1616/1289 1346/1617/1268 1369/1619/1291
f 1367/1616/1289 1369/1619/1291 1368/1618/1290
f 1346/1617/1268 1348/1620/1270 1369/1619/1291
f 1370/1621/1292 1363/1608/1285 1368/1618/1290
f 1368/1618/1290 1369/1619/1291 1370/1621/1292
f 1369/1619/1291 1348/1620/1270 1371/1622/1293
f 1369/1619/1291 1371/1622/1293 1370/1621/1292
f 1348/1620/1270 1372/1623/1294 1371/1622/1293
f 1370/1621/1292 1371/1622/1293 1372/1623/1294
f 1352/1624/1274 1372/1623/1294 1348/1620/1270
f 1353/1625/1275 1372/1623/1294 1352/1624/1274
f 1373/1626/1295 1363/1608/1285 1370/1621/1292
f 1372/1623/1294 1373/1626/1295 1370/1621/1292
f 1362/1606/1284 1363/1608/1285 1373/1626/1295
f 1373/1626/1295 1365/1610/1287 1362/1606/1284
f 1374/1627/1296 1372/1623/1294 1353/1625/1275
f 1374/1627/1296 1373/1626/1295 1372/1623/1294
f 1374/1627/1296 1365/1610/1287 1373/1626/1295
f 1338/1607/1259 1374/1627/1296 1353/1625/1275
f 1365/1610/1287 1374/1627/1296 1338/1607/1259
f 106/1628/106 1375/1629/1297 983/1630/1298
f 106/1628/106 1376/1631/1299 1375/1629/1297
f 1376/1631/1299 1377/1632/1300 1375/1629/1297
f 106/1628/106 107/1633/107 1376/1631/1299
f 1378/1634/1301 1377/1632/1300 1376/1631/1299
f 1378/1634/1301 1379/1635/1302 1377/1632/1300
f 1376/1631/1299 107/1633/107 1380/1636/1303
f 1380/1636/1303 1378/1634/1301 1376/1631/1299
f 112/1637/112 1380/1636/1303 107/1633/107
f 1381/1638/1304 1379/1635/1302 1378/1634/1301
f 1381/1638/1304 1382/1639/1305 1379/1635/1302
f 1383/1640/1306 1378/1634/1301 1380/1636/1303
f 1378/1634/1301 1383/1640/1306 1381/1638/1304
f 1384/1641/1307 1380/1636/1303 112/1637/112
f 1385/1642/1308 1382/1639/1305 1381/1638/1304
f 112/1637/112 1386/1643/1309 1384/1641/1307
f 115/1644/115 1386/1643/1309 112/1637/112
f 115/1644/115 1145/1645/1310 1387/1646/1311
f 115/1644/115 1387/1646/1311 1386/1643/1309
f 1387/1646/1311 1388/1647/1312 1386/1643/1309
f 1386/1643/1309 1388/1647/1312 1389/1648/1313
f 1386/1643/1309 1389/1648/1313 1384/1641/1307
f 1388/1647/1312 1390/1649/1314 1389/1648/1313
f 1391/1650/1315 1380/1636/1303 1384/1641/1307
f 1384/1641/1307 1389/1648/1313 1391/1650/1315
f 1383/1640/1306 1380/1636/1303 1391/1650/1315
f 1389/1648/1313 1390/1649/1314 1392/1651/1316
f 1389/1648/1313 1392/1651/1316 1391/1650/1315
f 1390/1649/1314 1393/1652/1317 1392/1651/1316
f 1394/1653/1318 1383/1640/1306 1391/1650/1315
f 1391/1650/1315 1392/1651/1316 1394/1653/1318
f 1392/1651/1316 1393/1652/1317 1395/1654/1319
f 1392/1651/1316 1395/1654/1319 1394/1653/1318
f 1393/1652/1317 1396/1655/1320 1395/1654/1319
f 1394/1653/1318 1395/1654/1319 1396/1655/1320
f 1397/1656/1321 1396/1655/1320 1393/1652/1317
f 1398/1657/1322 1396/1655/1320 1397/1656/1321
f 1399/1658/1323 1383/1640/1306 1394/1653/1318
f 1396/1655/1320 1399/1658/1323 1394/1653/1318
f 1381/1638/1304 1383/1640/1306 1399/1658/1323
f 1399/1658/1323 1385/1642/1308 1381/1638/1304
f 1400/1659/1324 1396/1655/1320 1398/1657/1322
f 1400/1659/1324 1399/1658/1323 1396/1655/1320
f 1400/1659/1324 1385/1642/1308 1399/1658/1323
f 1382/1639/1305 1400/1659/1324 1398/1657/1322
f 1385/1642/1308 1400/1659/1324 1382/1639/1305
f 106/1660/106 983/1661/895 984/1662/896
f 106/1660/106 984/1662/896 1401/1663/1325
f 106/1660/106 1401/1663/1325 92/1664/92
f 984/1662/896 985/1665/897 1401/1663/1325
f 92/1664/92 1401/1663/1325 1402/1666/1326
f 1401/1663/1325 985/1665/897 1403/1667/1327
f 1401/1663/1325 1403/1667/1327 1402/1666/1326
f 985/1665/897 987/1668/899 1403/1667/1327
f 92/1664/92 1402/1666/1326 89/1669/89
f 1403/1667/1327 987/1668/899 1404/1670/1328
f 987/1668/899 989/1671/901 1404/1670/1328
f 1402/1666/1326 1403/1667/1327 1405/1672/1329
f 1403/1667/1327 1404/1670/1328 1405/1672/1329
f 89/1669/89 1402/1666/1326 1406/1673/1330
f 1405/1672/1329 1406/1673/1330 1402/1666/1326
f 1404/1670/1328 989/1671/901 1407/1674/1331
f 1405/1672/1329 1404/1670/1328 1408/1675/1332
f 1404/1670/1328 1407/1674/1331 1408/1675/1332
f 989/1671/901 1409/1676/1333 1407/1674/1331
f 1408/1675/1332 1407/1674/1331 1409/1676/1333
f 993/1677/905 1409/1676/1333 989/1671/901
f 994/1678/906 1409/1676/1333 993/1677/905
f 1408/1675/1332 1410/1679/1334 1405/1672/1329
f 1410/1679/1334 1406/1673/1330 1405/1672/1329
f 1409/1676/1333 1411/1680/1335 1408/1675/1332
f 1411/1680/1335 1410/1679/1334 1408/1675/1332
f 1412/1681/1336 1409/1676/1333 994/1678/906
f 1412/1681/1336 1411/1680/1335 1409/1676/1333
f 979/1682/891 1412/1681/1336 994/1678/906
f 1412/1681/1336 1413/1683/1337 1411/1680/1335
f 1413/1683/1337 1412/1681/1336 979/1682/891
f 1411/1680/1335 1413/1683/1337 1414/1684/1338
f 1413/1683/1337 979/1682/891 1414/1684/1338
f 1414/1684/1338 1410/1679/1334 1411/1680/1335
f 1414/1684/1338 979/1682/891 975/1685/887
f 1415/1686/1339 1410/1679/1334 1414/1684/1338
f 1414/1684/1338 975/1685/887 1415/1686/1339
f 1410/1679/1334 1415/1686/1339 1406/1673/1330
f 1415/1686/1339 975/1685/887 971/1687/883
f 1406/1673/1330 1415/1686/1339 1416/1688/1340
f 1415/1686/1339 971/1687/883 1416/1688/1340
f 1416/1688/1340 89/1669/89 1406/1673/1330
f 1416/1688/1340 971/1687/883 967/1689/879
f 88/1690/88 89/1669/89 1416/1688/1340
f 88/1690/88 1416/1688/1340 967/1689/879
f 88/1690/88 967/1689/879 966/1691/878
f 88/1692/88 966/1693/911 998/1694/910
f 88/1692/88 998/1694/910 1417/1695/1341
f 88/1692/88 1417/1695/1341 84/1696/84
f 998/1694/910 1001/1697/914 1417/1695/1341
f 84/1696/84 1417/1695/1341 1418/1698/1342
f 1417/1695/1341 1001/1697/914 1419/1699/1343
f 1417/1695/1341 1419/1699/1343 1418/1698/1342
f 1001/1697/914 1005/1700/918 1419/1699/1343
f 84/1696/84 1418/1698/1342 80/1701/80
f 1419/1699/1343 1005/1700/918 1420/1702/1344
f 1005/1700/918 1008/1703/921 1420/1702/1344
f 1418/1698/1342 1419/1699/1343 1421/1704/1345
f 1419/1699/1343 1420/1702/1344 1421/1704/1345
f 80/1701/80 1418/1698/1342 1422/1705/1346
f 1421/1704/1345 1422/1705/1346 1418/1698/1342
f 1420/1702/1344 1008/1703/921 1423/1706/1347
f 1421/1704/1345 1420/1702/1344 1424/1707/1348
f 1420/1702/1344 1423/1706/1347 1424/1707/1348
f 1008/1703/921 1425/1708/1349 1423/1706/1347
f 1424/1707/1348 1423/1706/1347 1425/1708/1349
f 1013/1709/926 1425/1708/1349 1008/1703/921
f 1014/1710/927 1425/1708/1349 1013/1709/926
f 1424/1707/1348 1426/1711/1350 1421/1704/1345
f 1426/1711/1350 1422/1705/1346 1421/1704/1345
f 1425/1708/1349 1427/1712/1351 1424/1707/1348
f 1427/1712/1351 1426/1711/1350 1424/1707/1348
f 1428/1713/1352 1425/1708/1349 1014/1710/927
f 1428/1713/1352 1427/1712/1351 1425/1708/1349
f 1018/1714/931 1428/1713/1352 1014/1710/927
f 1428/1713/1352 1429/1715/1353 1427/1712/1351
f 1429/1715/1353 1428/1713/1352 1018/1714/931
f 1427/1712/1351 1429/1715/1353 1430/1716/1354
f 1429/1715/1353 1018/1714/931 1430/1716/1354
f 1430/1716/1354 1426/1711/1350 1427/1712/1351
f 1430/1716/1354 1018/1714/931 1021/1717/934
f 1431/1718/1355 1426/1711/1350 1430/1716/1354
f 1430/1716/1354 1021/1717/934 1431/1718/1355
f 1426/1711/1350 1431/1718/1355 1422/1705/1346
f 1431/1718/1355 1021/1717/934 1023/1719/936
f 1422/1705/1346 1431/1718/1355 1432/1720/1356
f 1431/1718/1355 1023/1719/936 1432/1720/1356
f 1432/1720/1356 80/1701/80 1422/1705/1346
f 1432/1720/1356 1023/1719/936 1025/1721/938
f 81/1722/81 80/1701/80 1432/1720/1356
f 81/1722/81 1432/1720/1356 1025/1721/938
f 81/1722/81 1025/1721/938 1027/1723/940
f 81/1724/81 1027/1725/1033 1117/1726/1032
f 81/1724/81 1117/1726/1032 1433/1727/1357
f 81/1724/81 1433/1727/1357 401/1728/427
f 1117/1726/1032 1114/1729/1029 1433/1727/1357
f 401/1728/427 1433/1727/1357 1434/1730/1358
f 1433/1727/1357 1114/1729/1029 1435/1731/1359
f 1433/1727/1357 1435/1731/1359 1434/1730/1358
f 1114/1729/1029 1111/1732/1026 1435/1731/1359
f 401/1728/427 1434/1730/1358 403/1733/429
f 1435/1731/1359 1111/1732/1026 1436/1734/1360
f 1111/1732/1026 1107/1735/1022 1436/1734/1360
f 1434/1730/1358 1435/1731/1359 1437/1736/1361
f 1435/1731/1359 1436/1734/1360 1437/1736/1361
f 403/1733/429 1434/1730/1358 1438/1737/1362
f 1437/1736/1361 1438/1737/1362 1434/1730/1358
f 1436/1734/1360 1107/1735/1022 1439/1738/1363
f 1437/1736/1361 1436/1734/1360 1440/1739/1364
f 1436/1734/1360 1439/1738/1363 1440/1739/1364
f 1107/1735/1022 1441/1740/1365 1439/1738/1363
f 1440/1739/1364 1439/1738/1363 1441/1740/1365
f 1106/1741/1021 1441/1740/1365 1107/1735/1022
f 1104/1742/1019 1441/1740/1365 1106/1741/1021
f 1440/1739/1364 1442/1743/1366 1437/1736/1361
f 1442/1743/1366 1438/1737/1362 1437/1736/1361
f 1441/1740/1365 1443/1744/1367 1440/1739/1364
f 1443/1744/1367 1442/1743/1366 1440/1739/1364
f 1444/1745/1368 1441/1740/1365 1104/1742/1019
f 1444/1745/1368 1443/1744/1367 1441/1740/1365
f 1099/1746/1014 1444/1745/1368 1104/1742/1019
f 1444/1745/1368 1445/1747/1369 1443/1744/1367
f 1445/1747/1369 1444/1745/1368 1099/1746/1014
f 1443/1744/1367 1445/1747/1369 1446/1748/1370
f 1445/1747/1369 1099/1746/1014 1446/1748/1370
f 1446/1748/1370 1442/1743/1366 1443/1744/1367
f 1446/1748/1370 1099/1746/1014 1096/1749/1011
f 1447/1750/1371 1442/1743/1366 1446/1748/1370
f 1446/1748/1370 1096/1749/1011 1447/1750/1371
f 1442/1743/1366 1447/1750/1371 1438/1737/1362
f 1447/1750/1371 1096/1749/1011 1093/1751/1008
f 1438/1737/1362 1447/1750/1371 1448/1752/1372
f 1447/1750/1371 1093/1751/1008 1448/1752/1372
f 1448/1752/1372 403/1733/429 1438/1737/1362
f 1448/1752/1372 1093/1751/1008 1090/1753/1005
f 405/1754/431 403/1733/429 1448/1752/1372
f 405/1754/431 1448/1752/1372 1090/1753/1005
f 405/1754/431 1090/1753/1005 1062/1755/1004
f 405/1756/431 1062/1757/975 1061/1758/974
f 405/1756/431 1061/1758/974 1449/1759/1373
f 405/1756/431 1449/1759/1373 406/1760/432
f 1061/1758/974 1065/1761/978 1449/1759/1373
f 406/1760/432 1449/1759/1373 1450/1762/1374
f 1449/1759/1373 1065/1761/978 1451/1763/1375
f 1449/1759/1373 1451/1763/1375 1450/1762/1374
f 1065/1761/978 1069/1764/982 1451/1763/1375
f 406/1760/432 1450/1762/1374 409/1765/435
f 1451/1763/1375 1069/1764/982 1452/1766/1376
f 1069/1764/982 1073/1767/986 1452/1766/1376
f 1450/1762/1374 1451/1763/1375 1453/1768/1377
f 1451/1763/1375 1452/1766/1376 1453/1768/1377
f 409/1765/435 1450/1762/1374 1454/1769/1378
f 1453/1768/1377 1454/1769/1378 1450/1762/1374
f 1452/1766/1376 1073/1767/986 1455/1770/1379
f 1453/1768/1377 1452/1766/1376 1456/1771/1380
f 1452/1766/1376 1455/1770/1379 1456/1771/1380
f 1073/1767/986 1457/1772/1381 1455/1770/1379
f 1456/1771/1380 1455/1770/1379 1457/1772/1381
f 1088/1773/1002 1457/1772/1381 1073/1767/986
f 1086/1774/1000 1457/1772/1381 1088/1773/1002
f 1456/1771/1380 1458/1775/1382 1453/1768/1377
f 1458/1775/1382 1454/1769/1378 1453/1768/1377
f 1457/1772/1381 1459/1776/1383 1456/1771/1380
f 1459/1776/1383 1458/1775/1382 1456/1771/1380
f 1460/1777/1384 1457/1772/1381 1086/1774/1000
f 1460/1777/1384 1459/1776/1383 1457/1772/1381
f 1081/1778/995 1460/1777/1384 1086/1774/1000
f 1460/1777/1384 1461/1779/1385 1459/1776/1383
f 1461/1779/1385 1460/1777/1384 1081/1778/995
f 1459/1776/1383 1461/1779/1385 1462/1780/1386
f 1461/1779/1385 1081/1778/995 1462/1780/1386
f 1462/1780/1386 1458/1775/1382 1459/1776/1383
f 1462/1780/1386 1081/1778/995 1078/1781/992
f 1463/1782/1387 1458/1775/1382 1462/1780/1386
f 1462/1780/1386 1078/1781/992 1463/1782/1387
f 1458/1775/1382 1463/1782/1387 1454/1769/1378
f 1463/1782/1387 1078/1781/992 1076/1783/990
f 1454/1769/1378 1463/1782/1387 1464/1784/1388
f 1463/1782/1387 1076/1783/990 1464/1784/1388
f 1464/1784/1388 409/1765/435 1454/1769/1378
f 1464/1784/1388 1076/1783/990 1074/1785/988
f 412/1786/438 409/1765/435 1464/1784/1388
f 412/1786/438 1464/1784/1388 1074/1785/988
f 412/1786/438 1074/1785/988 1046/1787/987
f 412/1788/438 1046/1789/959 1045/1790/958
f 412/1788/438 1045/1790/958 1465/1791/1389
f 412/1788/438 1465/1791/1389 413/1792/439
f 1045/1790/958 1047/1793/960 1465/1791/1389
f 413/1792/439 1465/1791/1389 1466/1794/1390
f 1465/1791/1389 1047/1793/960 1467/1795/1391
f 1465/1791/1389 1467/1795/1391 1466/1794/1390
f 1047/1793/960 1049/1796/962 1467/1795/1391
f 413/1792/439 1466/1794/1390 416/1797/442
f 1467/1795/1391 1049/1796/962 1468/1798/1392
f 1049/1796/962 1051/1799/964 1468/1798/1392
f 1466/1794/1390 1467/1795/1391 1469/1800/1393
f 1467/1795/1391 1468/1798/1392 1469/1800/1393
f 416/1797/442 1466/1794/1390 1470/1801/1394
f 1469/1800/1393 1470/1801/1394 1466/1794/1390
f 1468/1798/1392 1051/1799/964 1471/1802/1395
f 1469/1800/1393 1468/1798/1392 1472/1803/1396
f 1468/1798/1392 1471/1802/1395 1472/1803/1396
f 1051/1799/964 1473/1804/1397 1471/1802/1395
f 1472/1803/1396 1471/1802/1395 1473/1804/1397
f 1055/1805/968 1473/1804/1397 1051/1799/964
f 1056/1806/969 1473/1804/1397 1055/1805/968
f 1472/1803/1396 1474/1807/1398 1469/1800/1393
f 1474/1807/1398 1470/1801/1394 1469/1800/1393
f 1473/1804/1397 1475/1808/1399 1472/1803/1396
f 1475/1808/1399 1474/1807/1398 1472/1803/1396
f 1476/1809/1400 1473/1804/1397 1056/1806/969
f 1476/1809/1400 1475/1808/1399 1473/1804/1397
f 1038/1810/951 1476/1809/1400 1056/1806/969
f 1476/1809/1400 1477/1811/1401 1475/1808/1399
f 1477/1811/1401 1476/1809/1400 1038/1810/951
f 1475/1808/1399 1477/1811/1401 1478/1812/1402
f 1477/1811/1401 1038/1810/951 1478/1812/1402
f 1478/1812/1402 1474/1807/1398 1475/1808/1399
f 1478/1812/1402 1038/1810/951 1035/1813/948
f 1479/1814/1403 1474/1807/1398 1478/1812/1402
f 1478/1812/1402 1035/1813/948 1479/1814/1403
f 1474/1807/1398 1479/1814/1403 1470/1801/1394
f 1479/1814/1403 1035/1813/948 1032/1815/945
f 1470/1801/1394 1479/1814/1403 1480/1816/1404
f 1479/1814/1403 1032/1815/945 1480/1816/1404
f 1480/1816/1404 416/1797/442 1470/1801/1394
f 1480/1816/1404 1032/1815/945 1029/1817/942
f 420/1818/446 416/1797/442 1480/1816/1404
f 420/1818/446 1480/1816/1404 1029/1817/942
f 420/1818/446 1029/1817/942 1028/1819/941
f 499/1820/525 1481/1821/1405 502/1822/528
f 502/1822/528 1481/1821/1405 1482/1823/1406
f 496/1824/522 1481/1821/1405 499/1820/525
f 1481/1821/1405 1483/1825/1407 1482/1823/1406
f 1484/1826/1408 1481/1821/1405 496/1824/522
f 1484/1826/1408 1483/1825/1407 1481/1821/1405
f 485/1827/511 1484/1826/1408 496/1824/522
f 1485/1828/1409 1484/1826/1408 485/1827/511
f 1486/1829/1410 1483/1825/1407 1484/1826/1408
f 1485/1828/1409 1486/1829/1410 1484/1826/1408
f 485/1827/511 1487/1830/1411 1485/1828/1409
f 1485/1828/1409 1487/1830/1411 1486/1829/1410
f 482/1831/508 1487/1830/1411 485/1827/511
f 1483/1825/1407 1486/1829/1410 1488/1832/1412
f 1483/1825/1407 1488/1832/1412 538/1833/1413
f 1488/1832/1412 535/1834/1414 538/1833/1413
f 482/1831/508 1489/1835/1415 1487/1830/1411
f 479/1836/505 1489/1835/1415 482/1831/508
f 479/1836/505 478/1837/504 1489/1835/1415
f 1489/1835/1415 478/1837/504 1490/1838/1416
f 1489/1835/1415 1490/1838/1416 1491/1839/1417
f 1489/1835/1415 1491/1839/1417 1487/1830/1411
f 1487/1830/1411 1491/1839/1417 1486/1829/1410
f 1491/1839/1417 1492/1840/1418 1486/1829/1410
f 1491/1839/1417 592/1841/1419 1492/1840/1418
f 592/1841/1419 590/1842/1420 1492/1840/1418
f 1486/1829/1410 1492/1840/1418 1493/1843/1421
f 1488/1832/1412 1486/1829/1410 1493/1843/1421
f 1492/1840/1418 590/1842/1420 1494/1844/1422
f 1492/1840/1418 1494/1844/1422 1493/1843/1421
f 590/1842/1420 588/1845/1423 1494/1844/1422
f 1488/1832/1412 1493/1843/1421 1495/1846/1424
f 1495/1846/1424 535/1834/1414 1488/1832/1412
f 1495/1846/1424 532/1847/1425 535/1834/1414
f 1493/1843/1421 1494/1844/1422 1496/1848/1426
f 1495/1846/1424 1493/1843/1421 1496/1848/1426
f 1494/1844/1422 588/1845/1423 1497/1849/1427
f 1494/1844/1422 1497/1849/1427 1496/1848/1426
f 588/1845/1423 586/1850/1428 1497/1849/1427
f 1498/1851/1429 532/1847/1425 1495/1846/1424
f 1495/1846/1424 1496/1848/1426 1498/1851/1429
f 1498/1851/1429 528/1852/1430 532/1847/1425
f 1496/1848/1426 1497/1849/1427 1499/1853/1431
f 1498/1851/1429 1496/1848/1426 1499/1853/1431
f 1497/1849/1427 586/1850/1428 1500/1854/1432
f 1497/1849/1427 1500/1854/1432 1499/1853/1431
f 586/1850/1428 529/1855/1433 1500/1854/1432
f 1501/1856/1434 528/1852/1430 1498/1851/1429
f 528/1852/1430 1501/1856/1434 529/1855/1433
f 1499/1853/1431 1501/1856/1434 1498/1851/1429
f 1500/1854/1432 529/1855/1433 1502/1857/1435
f 529/1855/1433 1501/1856/1434 1502/1857/1435
f 1499/1853/1431 1500/1854/1432 1502/1857/1435
f 1502/1857/1435 1501/1856/1434 1499/1853/1431
f 197/1858/208 1503/1859/1436 1504/1860/1437
f 273/1861/299 1503/1859/1436 197/1858/208
f 1503/1859/1436 1505/1862/1438 1504/1860/1437
f 273/1861/299 1506/1863/1439 1503/1859/1436
f 272/1864/298 1506/1863/1439 273/1861/299
f 1503/1859/1436 1507/1865/1440 1505/1862/1438
f 1506/1863/1439 1507/1865/1440 1503/1859/1436
f 272/1864/298 1508/1866/1441 1506/1863/1439
f 1508/1866/1441 1507/1865/1440 1506/1863/1439
f 268/1867/294 1508/1866/1441 272/1864/298
f 268/1867/294 1509/1868/1442 1508/1866/1441
f 1509/1868/1442 1507/1865/1440 1508/1866/1441
f 265/1869/291 1509/1868/1442 268/1867/294
f 264/1870/290 1509/1868/1442 265/1869/291
f 1510/1871/1443 1509/1868/1442 264/1870/290
f 1510/1871/1443 1511/1872/1444 1509/1868/1442
f 1511/1872/1444 1507/1865/1440 1509/1868/1442
f 1511/1872/1444 1512/1873/1445 1507/1865/1440
f 1511/1872/1444 569/1874/1446 1512/1873/1445
f 569/1874/1446 567/1875/1447 1512/1873/1445
f 1507/1865/1440 1512/1873/1445 1513/1876/1448
f 1512/1873/1445 567/1875/1447 1514/1877/1449
f 1512/1873/1445 1514/1877/1449 1513/1876/1448
f 567/1875/1447 566/1878/1450 1514/1877/1449
f 1513/1876/1448 1515/1879/1451 1507/1865/1440
f 1507/1865/1440 1515/1879/1451 1505/1862/1438
f 1505/1862/1438 1515/1879/1451 554/1880/1452
f 1515/1879/1451 555/1881/1453 554/1880/1452
f 1513/1876/1448 1514/1877/1449 1516/1882/1454
f 1516/1882/1454 1515/1879/1451 1513/1876/1448
f 1514/1877/1449 566/1878/1450 1517/1883/1455
f 1514/1877/1449 1517/1883/1455 1516/1882/1454
f 566/1878/1450 564/1884/1456 1517/1883/1455
f 1518/1885/1457 555/1881/1453 1515/1879/1451
f 1518/1885/1457 1515/1879/1451 1516/1882/1454
f 1518/1885/1457 557/1886/1458 555/1881/1453
f 1517/1883/1455 564/1884/1456 1519/1887/1459
f 564/1884/1456 560/1888/1460 1519/1887/1459
f 1520/1889/1461 557/1886/1458 1518/1885/1457
f 1518/1885/1457 1516/1882/1454 1520/1889/1461
f 1520/1889/1461 559/1890/1462 557/1886/1458
f 1516/1882/1454 1517/1883/1455 1521/1891/1463
f 1520/1889/1461 1516/1882/1454 1521/1891/1463
f 1517/1883/1455 1519/1887/1459 1521/1891/1463
f 1522/1892/1464 559/1890/1462 1520/1889/1461
f 1521/1891/1463 1522/1892/1464 1520/1889/1461
f 559/1890/1462 1522/1892/1464 560/1888/1460
f 1521/1891/1463 1519/1887/1459 1523/1893/1465
f 1519/1887/1459 560/1888/1460 1523/1893/1465
f 1523/1893/1465 1522/1892/1464 1521/1891/1463
f 560/1888/1460 1522/1892/1464 1523/1893/1465
f 1524/1894/1466 197/1895/208 1504/1896/1437
f 194/1897/205 197/1895/208 1524/1894/1466
f 1524/1894/1466 1504/1896/1437 1505/1898/1438
f 1525/1899/1467 194/1897/205 1524/1894/1466
f 193/1900/204 194/1897/205 1525/1899/1467
f 1526/1901/1468 1524/1894/1466 1505/1898/1438
f 1525/1899/1467 1524/1894/1466 1526/1901/1468
f 1527/1902/1469 193/1900/204 1525/1899/1467
f 1527/1902/1469 1525/1899/1467 1526/1901/1468
f 190/1903/201 193/1900/204 1527/1902/1469
f 1528/1904/1470 190/1903/201 1527/1902/1469
f 1527/1902/1469 1526/1901/1468 1528/1904/1470
f 187/1905/198 190/1903/201 1528/1904/1470
f 187/1905/198 1528/1904/1470 186/1906/197
f 186/1906/197 1528/1904/1470 1529/1907/1471
f 1529/1907/1471 1528/1904/1470 1530/1908/1472
f 1528/1904/1470 1526/1901/1468 1530/1908/1472
f 1526/1901/1468 1531/1909/1473 1530/1908/1472
f 1530/1908/1472 1531/1909/1473 617/1910/1474
f 1531/1909/1473 615/1911/1475 617/1910/1474
f 1532/1912/1476 1531/1909/1473 1526/1901/1468
f 1533/1913/1477 615/1911/1475 1531/1909/1473
f 1532/1912/1476 1533/1913/1477 1531/1909/1473
f 1533/1913/1477 614/1914/1478 615/1911/1475
f 1526/1901/1468 1534/1915/1479 1532/1912/1476
f 1505/1898/1438 1534/1915/1479 1526/1901/1468
f 1505/1898/1438 554/1916/1480 1534/1915/1479
f 554/1916/1480 603/1917/1481 1534/1915/1479
f 1535/1918/1482 1533/1913/1477 1532/1912/1476
f 1534/1915/1479 1535/1918/1482 1532/1912/1476
f 1534/1915/1479 603/1917/1481 1536/1919/1483
f 1536/1919/1483 1535/1918/1482 1534/1915/1479
f 603/1917/1481 605/1920/1484 1536/1919/1483
f 1536/1919/1483 605/1920/1484 1537/1921/1485
f 1536/1919/1483 1537/1921/1485 1535/1918/1482
f 605/1920/1484 607/1922/1486 1537/1921/1485
f 1533/1913/1477 1535/1918/1482 1538/1923/1487
f 1538/1923/1487 614/1914/1478 1533/1913/1477
f 1538/1923/1487 612/1924/1488 614/1914/1478
f 1535/1918/1482 1537/1921/1485 1539/1925/1489
f 1538/1923/1487 1535/1918/1482 1539/1925/1489
f 1537/1921/1485 607/1922/1486 1540/1926/1490
f 1537/1921/1485 1540/1926/1490 1539/1925/1489
f 607/1922/1486 608/1927/1491 1540/1926/1490
f 1541/1928/1492 612/1924/1488 1538/1923/1487
f 612/1924/1488 1541/1928/1492 608/1927/1491
f 1539/1925/1489 1541/1928/1492 1538/1923/1487
f 1540/1926/1490 608/1927/1491 1542/1929/1493
f 608/1927/1491 1541/1928/1492 1542/1929/1493
f 1539/1925/1489 1540/1926/1490 1542/1929/1493
f 1542/1929/1493 1541/1928/1492 1539/1925/1489
f 977/1930/889 983/1931/1298 1543/1932/1494
f 1543/1932/1494 983/1931/1298 1375/1933/1297
f 1543/1932/1494 1544/1934/1495 977/1930/889
f 1375/1933/1297 1377/1935/1300 1543/1932/1494
f 1545/1936/1496 1544/1934/1495 1543/1932/1494
f 1543/1932/1494 1377/1935/1300 1546/1937/1497
f 1543/1932/1494 1546/1937/1497 1545/1936/1496
f 1377/1935/1300 1379/1938/1302 1546/1937/1497
f 1545/1936/1496 1547/1939/1498 1544/1934/1495
f 1546/1937/1497 1379/1938/1302 1548/1940/1499
f 1379/1938/1302 1382/1941/1305 1548/1940/1499
f 1545/1936/1496 1546/1937/1497 1549/1942/1500
f 1546/1937/1497 1548/1940/1499 1549/1942/1500
f 1548/1940/1499 1382/1941/1305 1550/1943/1501
f 1549/1942/1500 1548/1940/1499 1551/1944/1502
f 1548/1940/1499 1550/1943/1501 1551/1944/1502
f 1382/1941/1305 1552/1945/1503 1550/1943/1501
f 1551/1944/1502 1550/1943/1501 1552/1945/1503
f 1398/1946/1322 1552/1945/1503 1382/1941/1305
f 1552/1945/1503 1398/1946/1322 1553/1947/1504
f 1552/1945/1503 1553/1947/1504 1551/1944/1502
f 1553/1947/1504 1398/1946/1322 1397/1948/1321
f 1393/1949/1317 1553/1947/1504 1397/1948/1321
f 1551/1944/1502 1553/1947/1504 1554/1950/1505
f 1551/1944/1502 1554/1950/1505 1549/1942/1500
f 1555/1951/1506 1553/1947/1504 1393/1949/1317
f 1553/1947/1504 1555/1951/1506 1554/1950/1505
f 1555/1951/1506 1393/1949/1317 1556/1952/1507
f 1554/1950/1505 1555/1951/1506 1556/1952/1507
f 1556/1952/1507 1393/1949/1317 1390/1953/1314
f 1549/1942/1500 1554/1950/1505 1557/1954/1508
f 1556/1952/1507 1557/1954/1508 1554/1950/1505
f 1549/1942/1500 1557/1954/1508 1545/1936/1496
f 1556/1952/1507 1390/1953/1314 1558/1955/1509
f 1558/1955/1509 1557/1954/1508 1556/1952/1507
f 1558/1955/1509 1390/1953/1314 1388/1956/1312
f 1545/1936/1496 1557/1954/1508 1559/1957/1510
f 1557/1954/1508 1558/1955/1509 1559/1957/1510
f 1559/1957/1510 1547/1939/1498 1545/1936/1496
f 1558/1955/1509 1388/1956/1312 1560/1958/1511
f 1559/1957/1510 1558/1955/1509 1560/1958/1511
f 1560/1958/1511 1547/1939/1498 1559/1957/1510
f 1560/1958/1511 1388/1956/1312 1387/1959/1311
f 1561/1960/1512 1547/1939/1498 1560/1958/1511
f 1145/1961/1310 1560/1958/1511 1387/1959/1311
f 1561/1960/1512 1560/1958/1511 1145/1961/1310
f 1561/1962/1512 1145/1963/1061 1562/1964/1513
f 1562/1964/1513 1145/1963/1061 1144/1965/1060
f 1562/1964/1513 1563/1966/1514 1561/1962/1512
f 1144/1965/1060 1142/1967/1058 1562/1964/1513
f 1564/1968/1515 1563/1966/1514 1562/1964/1513
f 1562/1964/1513 1142/1967/1058 1565/1969/1516
f 1562/1964/1513 1565/1969/1516 1564/1968/1515
f 1142/1967/1058 1140/1970/1056 1565/1969/1516
f 1564/1968/1515 1566/1971/1517 1563/1966/1514
f 1563/1966/1514 1566/1971/1517 1567/1972/1518
f 1564/1968/1515 1565/1969/1516 1568/1973/1519
f 1568/1973/1519 1566/1971/1517 1564/1968/1515
f 1565/1969/1516 1140/1970/1056 1569/1974/1520
f 1565/1969/1516 1569/1974/1520 1568/1973/1519
f 1140/1970/1056 1136/1975/1052 1569/1974/1520
f 1568/1973/1519 1569/1974/1520 1570/1976/1521
f 1569/1974/1520 1136/1975/1052 1571/1977/1522
f 1569/1974/1520 1571/1977/1522 1570/1976/1521
f 1136/1975/1052 1572/1978/1523 1571/1977/1522
f 1570/1976/1521 1571/1977/1522 1572/1978/1523
f 1135/1979/1051 1572/1978/1523 1136/1975/1052
f 1132/1980/1048 1572/1978/1523 1135/1979/1051
f 1570/1976/1521 1573/1981/1524 1568/1973/1519
f 1573/1981/1524 1566/1971/1517 1568/1973/1519
f 1572/1978/1523 1574/1982/1525 1570/1976/1521
f 1574/1982/1525 1573/1981/1524 1570/1976/1521
f 1575/1983/1526 1572/1978/1523 1132/1980/1048
f 1575/1983/1526 1574/1982/1525 1572/1978/1523
f 1126/1984/1042 1575/1983/1526 1132/1980/1048
f 1575/1983/1526 1576/1985/1527 1574/1982/1525
f 1576/1985/1527 1575/1983/1526 1126/1984/1042
f 1574/1982/1525 1576/1985/1527 1577/1986/1528
f 1576/1985/1527 1126/1984/1042 1577/1986/1528
f 1577/1986/1528 1573/1981/1524 1574/1982/1525
f 1577/1986/1528 1126/1984/1042 1123/1987/1039
f 1578/1988/1529 1573/1981/1524 1577/1986/1528
f 1577/1986/1528 1123/1987/1039 1578/1988/1529
f 1573/1981/1524 1578/1988/1529 1566/1971/1517
f 1578/1988/1529 1123/1987/1039 1121/1989/1037
f 1566/1971/1517 1578/1988/1529 1579/1990/1530
f 1578/1988/1529 1121/1989/1037 1579/1990/1530
f 1566/1971/1517 1579/1990/1530 1567/1972/1518
f 1579/1990/1530 1121/1989/1037 1119/1991/1035
f 1567/1972/1518 1579/1990/1530 1180/1992/1097
f 1118/1993/1034 1579/1990/1530 1119/1991/1035
f 1180/1992/1097 1579/1990/1530 1118/1993/1034
f 185/1994/196 186/1995/197 1580/1996/1531
f 1580/1996/1531 186/1995/197 1529/1997/1471
f 185/1994/196 1580/1996/1531 474/1998/500
f 1529/1997/1471 1530/1999/1472 1580/1996/1531
f 474/1998/500 1580/1996/1531 1581/2000/1532
f 1580/1996/1531 1530/1999/1472 1582/2001/1533
f 1581/2000/1532 1580/1996/1531 1582/2001/1533
f 1583/2002/1534 474/1998/500 1581/2000/1532
f 1583/2002/1534 1581/2000/1532 1582/2001/1533
f 475/2003/501 474/1998/500 1583/2002/1534
f 475/2003/501 1583/2002/1534 478/2004/504
f 478/2004/504 1583/2002/1534 1490/2005/1416
f 1490/2005/1416 1583/2002/1534 1491/2006/1417
f 1491/2006/1417 1583/2002/1534 1582/2001/1533
f 1582/2001/1533 1584/2007/1535 1491/2006/1417
f 1491/2006/1417 1584/2007/1535 592/2008/1536
f 1584/2007/1535 625/2009/1537 592/2008/1536
f 1585/2010/1538 1582/2001/1533 1530/1999/1472
f 1530/1999/1472 617/2011/1539 1585/2010/1538
f 617/2011/1539 620/2012/1540 1585/2010/1538
f 1586/2013/1541 1584/2007/1535 1582/2001/1533
f 1586/2013/1541 1582/2001/1533 1585/2010/1538
f 1587/2014/1542 625/2009/1537 1584/2007/1535
f 1584/2007/1535 1586/2013/1541 1587/2014/1542
f 1587/2014/1542 627/2015/1543 625/2009/1537
f 1585/2010/1538 620/2012/1540 1588/2016/1544
f 1588/2016/1544 1586/2013/1541 1585/2010/1538
f 620/2012/1540 622/2017/1545 1588/2016/1544
f 1587/2014/1542 1586/2013/1541 1589/2018/1546
f 1589/2018/1546 1586/2013/1541 1588/2016/1544
f 1590/2019/1547 627/2015/1543 1587/2014/1542
f 1587/2014/1542 1589/2018/1546 1590/2019/1547
f 1590/2019/1547 630/2020/1548 627/2015/1543
f 1588/2016/1544 622/2017/1545 1591/2021/1549
f 1588/2016/1544 1591/2021/1549 1589/2018/1546
f 622/2017/1545 623/2022/1550 1591/2021/1549
f 1590/2019/1547 1589/2018/1546 1592/2023/1551
f 1589/2018/1546 1591/2021/1549 1592/2023/1551
f 1593/2024/1552 630/2020/1548 1590/2019/1547
f 1592/2023/1551 1593/2024/1552 1590/2019/1547
f 630/2020/1548 1593/2024/1552 631/2025/1553
f 1591/2021/1549 623/2022/1550 1594/2026/1554
f 623/2022/1550 631/2025/1553 1594/2026/1554
f 1591/2021/1549 1594/2026/1554 1592/2023/1551
f 631/2025/1553 1593/2024/1552 1595/2027/1555
f 1595/2027/1555 1593/2024/1552 1592/2023/1551
f 1594/2026/1554 631/2025/1553 1595/2027/1555
f 1592/2023/1551 1594/2026/1554 1595/2027/1555
f 263/2028/289 1596/2029/1556 264/2030/290
f 264/2030/290 1596/2029/1556 1510/2031/1443
f 507/2032/533 1596/2029/1556 263/2028/289
f 1596/2029/1556 1511/2033/1444 1510/2031/1443
f 1597/2034/1557 1596/2029/1556 507/2032/533
f 1598/2035/1558 1511/2033/1444 1596/2029/1556
f 1597/2034/1557 1598/2035/1558 1596/2029/1556
f 507/2032/533 1599/2036/1559 1597/2034/1557
f 1599/2036/1559 1598/2035/1558 1597/2034/1557
f 503/2037/529 1599/2036/1559 507/2032/533
f 502/2038/528 1599/2036/1559 503/2037/529
f 1482/2039/1406 1599/2036/1559 502/2038/528
f 1482/2039/1406 1483/2040/1407 1599/2036/1559
f 1599/2036/1559 1483/2040/1407 1598/2035/1558
f 1483/2040/1407 1600/2041/1560 1598/2035/1558
f 1483/2040/1407 538/2042/1561 1600/2041/1560
f 538/2042/1561 577/2043/1562 1600/2041/1560
f 1511/2033/1444 1598/2035/1558 1601/2044/1563
f 1511/2033/1444 1601/2044/1563 569/2045/1564
f 1601/2044/1563 572/2046/1565 569/2045/1564
f 1598/2035/1558 1600/2041/1560 1602/2047/1566
f 1601/2044/1563 1598/2035/1558 1602/2047/1566
f 1600/2041/1560 577/2043/1562 1603/2048/1567
f 1603/2048/1567 1602/2047/1566 1600/2041/1560
f 577/2043/1562 580/2049/1568 1603/2048/1567
f 1604/2050/1569 572/2046/1565 1601/2044/1563
f 1601/2044/1563 1602/2047/1566 1604/2050/1569
f 1604/2050/1569 574/2051/1570 572/2046/1565
f 1605/2052/1571 1602/2047/1566 1603/2048/1567
f 1604/2050/1569 1602/2047/1566 1605/2052/1571
f 1603/2048/1567 580/2049/1568 1606/2053/1572
f 1603/2048/1567 1606/2053/1572 1605/2052/1571
f 580/2049/1568 583/2054/1573 1606/2053/1572
f 1607/2055/1574 574/2051/1570 1604/2050/1569
f 1604/2050/1569 1605/2052/1571 1607/2055/1574
f 1607/2055/1574 575/2056/1575 574/2051/1570
f 1605/2052/1571 1606/2053/1572 1608/2057/1576
f 1607/2055/1574 1605/2052/1571 1608/2057/1576
f 1606/2053/1572 583/2054/1573 1609/2058/1577
f 1606/2053/1572 1609/2058/1577 1608/2057/1576
f 583/2054/1573 581/2059/1578 1609/2058/1577
f 1610/2060/1579 575/2056/1575 1607/2055/1574
f 575/2056/1575 1610/2060/1579 581/2059/1578
f 1608/2057/1576 1610/2060/1579 1607/2055/1574
f 1609/2058/1577 581/2059/1578 1611/2061/1580
f 581/2059/1578 1610/2060/1579 1611/2061/1580
f 1608/2057/1576 1609/2058/1577 1611/2061/1580
f 1611/2061/1580 1610/2060/1579 1608/2057/1576
f 1612/2062/1581 1547/2063/1498 1561/2064/1512
f 1561/2064/1512 1563/2065/1514 1612/2062/1581
f 1613/2066/1582 1547/2063/1498 1612/2062/1581
f 1547/2063/1498 1613/2066/1582 1544/2067/1495
f 1612/2062/1581 1563/2065/1514 1614/2068/1583
f 1563/2065/1514 1567/2069/1518 1614/2068/1583
f 1615/2070/1584 1613/2066/1582 1612/2062/1581
f 1614/2068/1583 1615/2070/1584 1612/2062/1581
f 1544/2067/1495 1613/2066/1582 1616/2071/1585
f 1616/2071/1585 977/2072/889 1544/2067/1495
f 1617/2073/1586 1613/2066/1582 1615/2070/1584
f 1613/2066/1582 1617/2073/1586 1616/2071/1585
f 1618/2074/1587 977/2072/889 1616/2071/1585
f 977/2072/889 1618/2074/1587 973/2075/885
f 1616/2071/1585 1617/2073/1586 1619/2076/1588
f 1619/2076/1588 1618/2074/1587 1616/2071/1585
f 973/2075/885 1618/2074/1587 1620/2077/1589
f 1620/2077/1589 970/2078/882 973/2075/885
f 1621/2079/1590 1618/2074/1587 1619/2076/1588
f 1618/2074/1587 1621/2079/1590 1620/2077/1589
f 1617/2073/1586 1622/2080/1591 1619/2076/1588
f 1623/2081/1592 970/2078/882 1620/2077/1589
f 970/2078/882 1623/2081/1592 968/2082/880
f 1624/2083/1593 1621/2079/1590 1619/2076/1588
f 1619/2076/1588 1622/2080/1591 1624/2083/1593
f 1620/2077/1589 1621/2079/1590 1625/2084/1594
f 1626/2085/1595 1621/2079/1590 1624/2083/1593
f 1621/2079/1590 1626/2085/1595 1625/2084/1594
f 1627/2086/1596 1620/2077/1589 1625/2084/1594
f 1625/2084/1594 1626/2085/1595 1627/2086/1596
f 1623/2081/1592 1620/2077/1589 1627/2086/1596
f 1628/2087/1597 1626/2085/1595 1624/2083/1593
f 1626/2085/1595 1629/2088/1598 1627/2086/1596
f 1629/2088/1598 1626/2085/1595 1628/2087/1597
f 1630/2089/1599 1623/2081/1592 1627/2086/1596
f 1627/2086/1596 1629/2088/1598 1630/2089/1599
f 968/2082/880 1623/2081/1592 1631/2090/1600
f 1631/2090/1600 1623/2081/1592 1630/2089/1599
f 1631/2090/1600 1000/2091/913 968/2082/880
f 1629/2088/1598 1632/2092/1601 1630/2089/1599
f 1633/2093/1602 1000/2091/913 1631/2090/1600
f 1634/2094/1603 1631/2090/1600 1630/2089/1599
f 1633/2093/1602 1631/2090/1600 1634/2094/1603
f 1630/2089/1599 1632/2092/1601 1634/2094/1603
f 1633/2093/1602 1635/2095/1604 1000/2091/913
f 1000/2091/913 1635/2095/1604 1003/2096/916
f 1636/2097/1605 1633/2093/1602 1634/2094/1603
f 1635/2095/1604 1633/2093/1602 1636/2097/1605
f 1635/2095/1604 1637/2098/1606 1003/2096/916
f 1003/2096/916 1637/2098/1606 1026/2099/939
f 1637/2098/1606 1097/2100/1012 1026/2099/939
f 1635/2095/1604 1638/2101/1607 1637/2098/1606
f 1636/2097/1605 1638/2101/1607 1635/2095/1604
f 1639/2102/1608 1097/2100/1012 1637/2098/1606
f 1638/2101/1607 1639/2102/1608 1637/2098/1606
f 1097/2100/1012 1639/2102/1608 1092/2103/1007
f 1636/2097/1605 1640/2104/1609 1638/2101/1607
f 1092/2103/1007 1639/2102/1608 1641/2105/1610
f 1642/2106/1611 1639/2102/1608 1638/2101/1607
f 1639/2102/1608 1642/2106/1611 1641/2105/1610
f 1638/2101/1607 1640/2104/1609 1642/2106/1611
f 1643/2107/1612 1092/2103/1007 1641/2105/1610
f 1060/2108/973 1092/2103/1007 1643/2107/1612
f 1641/2105/1610 1642/2106/1611 1644/2109/1613
f 1644/2109/1613 1643/2107/1612 1641/2105/1610
f 1642/2106/1611 1640/2104/1609 1645/2110/1614
f 1642/2106/1611 1645/2110/1614 1644/2109/1613
f 1646/2111/1615 1060/2108/973 1643/2107/1612
f 1064/2112/977 1060/2108/973 1646/2111/1615
f 1647/2113/1616 1643/2107/1612 1644/2109/1613
f 1643/2107/1612 1647/2113/1616 1646/2111/1615
f 1644/2109/1613 1645/2110/1614 1648/2114/1617
f 1648/2114/1617 1647/2113/1616 1644/2109/1613
f 1649/2115/1618 1064/2112/977 1646/2111/1615
f 1067/2116/980 1064/2112/977 1649/2115/1618
f 1646/2111/1615 1647/2113/1616 1650/2117/1619
f 1650/2117/1619 1649/2115/1618 1646/2111/1615
f 1651/2118/1620 1647/2113/1616 1648/2114/1617
f 1647/2113/1616 1651/2118/1620 1650/2117/1619
f 1652/2119/1621 1067/2116/980 1649/2115/1618
f 1044/2120/957 1067/2116/980 1652/2119/1621
f 1653/2121/1622 1649/2115/1618 1650/2117/1619
f 1654/2122/1623 1044/2120/957 1652/2119/1621
f 1041/2123/954 1044/2120/957 1654/2122/1623
f 1649/2115/1618 1655/2124/1624 1652/2119/1621
f 1653/2121/1622 1655/2124/1624 1649/2115/1618
f 1656/2125/1625 1653/2121/1622 1650/2117/1619
f 1655/2124/1624 1653/2121/1622 1656/2125/1625
f 1650/2117/1619 1651/2118/1620 1656/2125/1625
f 1655/2124/1624 1657/2126/1626 1652/2119/1621
f 1652/2119/1621 1657/2126/1626 1654/2122/1623
f 1658/2127/1627 1655/2124/1624 1656/2125/1625
f 1657/2126/1626 1655/2124/1624 1658/2127/1627
f 1651/2118/1620 1659/2128/1628 1656/2125/1625
f 1656/2125/1625 1659/2128/1628 1658/2127/1627
f 1659/2128/1628 1651/2118/1620 1660/2129/1629
f 1660/2129/1629 1651/2118/1620 1648/2114/1617
f 1659/2128/1628 1661/2130/1630 1658/2127/1627
f 1648/2114/1617 1662/2131/1631 1660/2129/1629
f 1645/2110/1614 1662/2131/1631 1648/2114/1617
f 1663/2132/1632 1659/2128/1628 1660/2129/1629
f 1661/2130/1630 1659/2128/1628 1663/2132/1632
f 1662/2131/1631 1664/2133/1633 1660/2129/1629
f 1660/2129/1629 1664/2133/1633 1663/2132/1632
f 1645/2110/1614 1665/2134/1634 1662/2131/1631
f 1640/2104/1609 1665/2134/1634 1645/2110/1614
f 1662/2131/1631 1666/2135/1635 1664/2133/1633
f 1665/2134/1634 1666/2135/1635 1662/2131/1631
f 1667/2136/1636 1665/2134/1634 1640/2104/1609
f 1667/2136/1636 1640/2104/1609 1636/2097/1605
f 1634/2094/1603 1667/2136/1636 1636/2097/1605
f 1632/2092/1601 1667/2136/1636 1634/2094/1603
f 1668/2137/1637 1665/2134/1634 1667/2136/1636
f 1667/2136/1636 1632/2092/1601 1668/2137/1637
f 1668/2137/1637 1666/2135/1635 1665/2134/1634
f 1668/2137/1637 1632/2092/1601 1669/2138/1638
f 1632/2092/1601 1629/2088/1598 1669/2138/1638
f 1669/2138/1638 1629/2088/1598 1628/2087/1597
f 1670/2139/1639 1666/2135/1635 1668/2137/1637
f 1669/2138/1638 1670/2139/1639 1668/2137/1637
f 1628/2087/1597 1671/2140/1640 1669/2138/1638
f 1671/2140/1640 1670/2139/1639 1669/2138/1638
f 1672/2141/1641 1671/2140/1640 1628/2087/1597
f 1624/2083/1593 1672/2141/1641 1628/2087/1597
f 1622/2080/1591 1672/2141/1641 1624/2083/1593
f 1670/2139/1639 1671/2140/1640 1673/2142/1642
f 1671/2140/1640 1672/2141/1641 1674/2143/1643
f 1673/2142/1642 1671/2140/1640 1674/2143/1643
f 1672/2141/1641 1622/2080/1591 1675/2144/1644
f 1674/2143/1643 1672/2141/1641 1675/2144/1644
f 1670/2139/1639 1676/2145/842 1666/2135/1635
f 1673/2142/1642 1676/2145/842 1670/2139/1639
f 1666/2135/1635 1676/2145/842 1664/2133/1633
f 1675/2144/1644 1622/2080/1591 1677/2146/1645
f 1622/2080/1591 1617/2073/1586 1677/2146/1645
f 1677/2146/1645 1617/2073/1586 1615/2070/1584
f 1615/2070/1584 1678/2147/1646 1677/2146/1645
f 1678/2147/1646 1615/2070/1584 1614/2068/1583
f 1679/2148/1647 1675/2144/1644 1677/2146/1645
f 1677/2146/1645 1678/2147/1646 1679/2148/1647
f 1680/2149/1648 1678/2147/1646 1614/2068/1583
f 1614/2068/1583 1567/2069/1518 1680/2149/1648
f 1567/2069/1518 1180/2150/1097 1680/2149/1648
f 1681/2151/1649 1678/2147/1646 1680/2149/1648
f 1678/2147/1646 1681/2151/1649 1679/2148/1647
f 1680/2149/1648 1180/2150/1097 1682/2152/1650
f 1682/2152/1650 1681/2151/1649 1680/2149/1648
f 1180/2150/1097 1177/2153/1094 1682/2152/1650
f 1679/2148/1647 1681/2151/1649 1683/2154/1651
f 1682/2152/1650 1177/2153/1094 1684/2155/1652
f 1177/2153/1094 1175/2156/1092 1684/2155/1652
f 1685/2157/1653 1681/2151/1649 1682/2152/1650
f 1684/2155/1652 1685/2157/1653 1682/2152/1650
f 1681/2151/1649 1685/2157/1653 1683/2154/1651
f 1684/2155/1652 1175/2156/1092 1686/2158/1654
f 1175/2156/1092 1173/2159/1090 1686/2158/1654
f 1687/2160/1655 1685/2157/1653 1684/2155/1652
f 1686/2158/1654 1173/2159/1090 1688/2161/1656
f 1173/2159/1090 1221/2162/1139 1688/2161/1656
f 1689/2163/1657 1684/2155/1652 1686/2158/1654
f 1687/2160/1655 1684/2155/1652 1689/2163/1657
f 1685/2157/1653 1687/2160/1655 1690/2164/1658
f 1690/2164/1658 1687/2160/1655 1689/2163/1657
f 1683/2154/1651 1685/2157/1653 1690/2164/1658
f 1686/2158/1654 1691/2165/1659 1689/2163/1657
f 1688/2161/1656 1691/2165/1659 1686/2158/1654
f 1689/2163/1657 1692/2166/1660 1690/2164/1658
f 1691/2165/1659 1692/2166/1660 1689/2163/1657
f 1690/2164/1658 1693/2167/1661 1683/2154/1651
f 1692/2166/1660 1693/2167/1661 1690/2164/1658
f 1683/2154/1651 1694/2168/1662 1679/2148/1647
f 1693/2167/1661 1694/2168/1662 1683/2154/1651
f 1694/2168/1662 1675/2144/1644 1679/2148/1647
f 1675/2144/1644 1694/2168/1662 1674/2143/1643
f 1674/2143/1643 1694/2168/1662 1695/2169/1663
f 1694/2168/1662 1693/2167/1661 1695/2169/1663
f 1695/2169/1663 1673/2142/1642 1674/2143/1643
f 1695/2169/1663 1693/2167/1661 1696/2170/1664
f 1693/2167/1661 1692/2166/1660 1696/2170/1664
f 1697/2171/1665 1673/2142/1642 1695/2169/1663
f 1696/2170/1664 1697/2171/1665 1695/2169/1663
f 1697/2171/1665 1676/2145/842 1673/2142/1642
f 1696/2170/1664 1692/2166/1660 1698/2172/1666
f 1692/2166/1660 1691/2165/1659 1698/2172/1666
f 1699/2173/1667 1697/2171/1665 1696/2170/1664
f 1698/2172/1666 1699/2173/1667 1696/2170/1664
f 1698/2172/1666 1691/2165/1659 1700/2174/1668
f 1691/2165/1659 1688/2161/1656 1700/2174/1668
f 1701/2175/1669 1699/2173/1667 1698/2172/1666
f 1700/2174/1668 1701/2175/1669 1698/2172/1666
f 1699/2173/1667 1702/2176/1670 1697/2171/1665
f 1702/2176/1670 1676/2145/842 1697/2171/1665
f 1701/2175/1669 1703/2177/1671 1699/2173/1667
f 1703/2177/1671 1702/2176/1670 1699/2173/1667
f 1700/2174/1668 1688/2161/1656 1704/2178/1672
f 1688/2161/1656 1221/2162/1139 1704/2178/1672
f 1705/2179/1673 1701/2175/1669 1700/2174/1668
f 1704/2178/1672 1705/2179/1673 1700/2174/1668
f 1221/2162/1139 1706/2180/1674 1704/2178/1672
f 1706/2180/1674 1705/2179/1673 1704/2178/1672
f 1224/2181/1142 1706/2180/1674 1221/2162/1139
f 1705/2179/1673 1707/2182/1675 1701/2175/1669
f 1707/2182/1675 1703/2177/1671 1701/2175/1669
f 1705/2179/1673 1706/2180/1674 1708/2183/1676
f 1708/2183/1676 1707/2182/1675 1705/2179/1673
f 1706/2180/1674 1224/2181/1142 1709/2184/1677
f 1708/2183/1676 1706/2180/1674 1709/2184/1677
f 1709/2184/1677 1224/2181/1142 1238/2185/1156
f 1361/2186/1283 1709/2184/1677 1238/2185/1156
f 1710/2187/1678 1709/2184/1677 1361/2186/1283
f 1710/2187/1678 1708/2183/1676 1709/2184/1677
f 1358/2188/1280 1710/2187/1678 1361/2186/1283
f 1711/2189/1679 1708/2183/1676 1710/2187/1678
f 1711/2189/1679 1707/2182/1675 1708/2183/1676
f 1712/2190/1680 1710/2187/1678 1358/2188/1280
f 1710/2187/1678 1712/2190/1680 1711/2189/1679
f 1712/2190/1680 1358/2188/1280 1713/2191/1681
f 1713/2191/1681 1358/2188/1280 1312/2192/1232
f 1711/2189/1679 1712/2190/1680 1714/2193/1682
f 1712/2190/1680 1713/2191/1681 1714/2193/1682
f 1715/2194/1683 1707/2182/1675 1711/2189/1679
f 1714/2193/1682 1715/2194/1683 1711/2189/1679
f 1715/2194/1683 1703/2177/1671 1707/2182/1675
f 1312/2192/1232 1716/2195/1684 1713/2191/1681
f 1314/2196/1234 1716/2195/1684 1312/2192/1232
f 1714/2193/1682 1713/2191/1681 1717/2197/1685
f 1713/2191/1681 1716/2195/1684 1717/2197/1685
f 1718/2198/1686 1715/2194/1683 1714/2193/1682
f 1717/2197/1685 1718/2198/1686 1714/2193/1682
f 1719/2199/1687 1703/2177/1671 1715/2194/1683
f 1715/2194/1683 1718/2198/1686 1719/2199/1687
f 1719/2199/1687 1702/2176/1670 1703/2177/1671
f 1720/2200/1688 1718/2198/1686 1717/2197/1685
f 1721/2201/1689 1702/2176/1670 1719/2199/1687
f 1721/2201/1689 1676/2145/842 1702/2176/1670
f 1719/2199/1687 1718/2198/1686 1722/2202/1690
f 1722/2202/1690 1721/2201/1689 1719/2199/1687
f 1718/2198/1686 1720/2200/1688 1722/2202/1690
f 1723/2203/1691 1676/2145/842 1721/2201/1689
f 1664/2133/1633 1676/2145/842 1723/2203/1691
f 1664/2133/1633 1723/2203/1691 1663/2132/1632
f 1724/2204/1692 1721/2201/1689 1722/2202/1690
f 1721/2201/1689 1724/2204/1692 1723/2203/1691
f 1663/2132/1632 1723/2203/1691 1725/2205/1693
f 1723/2203/1691 1724/2204/1692 1725/2205/1693
f 1725/2205/1693 1661/2130/1630 1663/2132/1632
f 1726/2206/1694 1724/2204/1692 1722/2202/1690
f 1722/2202/1690 1720/2200/1688 1726/2206/1694
f 1724/2204/1692 1727/2207/1695 1725/2205/1693
f 1727/2207/1695 1724/2204/1692 1726/2206/1694
f 1728/2208/1696 1661/2130/1630 1725/2205/1693
f 1725/2205/1693 1727/2207/1695 1728/2208/1696
f 1661/2130/1630 1728/2208/1696 1729/2209/1697
f 1658/2127/1627 1661/2130/1630 1729/2209/1697
f 1729/2209/1697 1657/2126/1626 1658/2127/1627
f 1727/2207/1695 1730/2210/1698 1728/2208/1696
f 1731/2211/1699 1657/2126/1626 1729/2209/1697
f 1657/2126/1626 1731/2211/1699 1654/2122/1623
f 1729/2209/1697 1728/2208/1696 1732/2212/1700
f 1732/2212/1700 1731/2211/1699 1729/2209/1697
f 1728/2208/1696 1730/2210/1698 1732/2212/1700
f 1654/2122/1623 1731/2211/1699 1733/2213/1701
f 1733/2213/1701 1041/2123/954 1654/2122/1623
f 1033/2214/946 1041/2123/954 1733/2213/1701
f 1734/2215/1702 1731/2211/1699 1732/2212/1700
f 1731/2211/1699 1734/2215/1702 1733/2213/1701
f 1735/2216/1703 1033/2214/946 1733/2213/1701
f 1733/2213/1701 1734/2215/1702 1735/2216/1703
f 1030/2217/943 1033/2214/946 1735/2216/1703
f 1735/2216/1703 1267/2218/1186 1030/2217/943
f 1736/2219/1704 1267/2218/1186 1735/2216/1703
f 1734/2215/1702 1736/2219/1704 1735/2216/1703
f 1267/2218/1186 1736/2219/1704 1273/2220/1192
f 1732/2212/1700 1737/2221/1705 1734/2215/1702
f 1737/2221/1705 1736/2219/1704 1734/2215/1702
f 1730/2210/1698 1737/2221/1705 1732/2212/1700
f 1273/2220/1192 1736/2219/1704 1738/2222/1706
f 1736/2219/1704 1737/2221/1705 1738/2222/1706
f 1738/2222/1706 1276/2223/1195 1273/2220/1192
f 1737/2221/1705 1730/2210/1698 1739/2224/1707
f 1738/2222/1706 1737/2221/1705 1739/2224/1707
f 1740/2225/1708 1276/2223/1195 1738/2222/1706
f 1739/2224/1707 1740/2225/1708 1738/2222/1706
f 1276/2223/1195 1740/2225/1708 1316/2226/1236
f 1739/2224/1707 1730/2210/1698 1741/2227/1709
f 1730/2210/1698 1727/2207/1695 1741/2227/1709
f 1741/2227/1709 1727/2207/1695 1726/2206/1694
f 1742/2228/1710 1740/2225/1708 1739/2224/1707
f 1741/2227/1709 1742/2228/1710 1739/2224/1707
f 1316/2226/1236 1740/2225/1708 1743/2229/1711
f 1740/2225/1708 1742/2228/1710 1743/2229/1711
f 1743/2229/1711 1314/2196/1234 1316/2226/1236
f 1716/2195/1684 1314/2196/1234 1743/2229/1711
f 1726/2206/1694 1744/2230/1712 1741/2227/1709
f 1744/2230/1712 1742/2228/1710 1741/2227/1709
f 1720/2200/1688 1744/2230/1712 1726/2206/1694
f 1743/2229/1711 1742/2228/1710 1745/2231/1713
f 1742/2228/1710 1744/2230/1712 1745/2231/1713
f 1716/2195/1684 1743/2229/1711 1746/2232/1714
f 1746/2232/1714 1743/2229/1711 1745/2231/1713
f 1745/2231/1713 1744/2230/1712 1746/2232/1714
f 1744/2230/1712 1720/2200/1688 1746/2232/1714
f 1717/2197/1685 1716/2195/1684 1746/2232/1714
f 1746/2232/1714 1720/2200/1688 1717/2197/1685
v 0.03310929 0.2502764 0.1674385
vt 0.4862078 0.9771869
vn 0.1585693 0.5405273 0.8261719
v 0.0334559 0.2466781 0.1697433
vt 0.4902638 0.8304859
vn 0.15979 0.5273438 0.8339844
v 0.03720015 0.2486503 0.1673123
vt 0.3467185 0.9162914
vn 0.3034668 0.4802246 0.8227539
v 0.02917403 0.248801 0.1687547
vt 0.6288488 0.9240907
vn 0.0194397 0.4855957 0.8735352
v 0.03486577 0.2460323 0.1697334
vt 0.4430095 0.8064611
vn 0.3005371 0.4655762 0.8320313
v 0.039322 0.2449338 0.1683761
vt 0.2813798 0.778499
vn 0.364502 0.3972168 0.8417969
vt 0.5387736 0.8091098
vn 0.02494812 0.4709473 0.8813477
v 0.0274214 0.2451574 0.1705148
vt 0.7017012 0.7901198
vn -0.03567505 0.4030762 0.9140625
v 0.03362254 0.2437872 0.1709728
vt 0.493237 0.7229579
vn 0.1711426 0.3669434 0.9140625
v 0.03569745 0.2437067 0.1704918
vt 0.4201407 0.7211027
vn 0.3347168 0.3847656 0.8598633
v 0.0399058 0.2410658 0.1697872
vt 0.2709321 0.6352664
vn 0.3710938 0.3588867 0.855957
vt 0.5663238 0.7251462
vn -0.001946449 0.3896484 0.9208984
v 0.02722047 0.2412946 0.1720422
vt 0.720235 0.6477053
vn -0.03997803 0.3664551 0.9291992
v 0.03376185 0.2410102 0.1720382
vt 0.4960546 0.6210821
vn 0.1713867 0.3613281 0.9165039
vt 0.4167408 0.6189952
vn 0.3237305 0.3598633 0.8745117
v 0.04018823 0.237348 0.1711957
vt 0.2711746 0.4978644
vn 0.3708496 0.3486328 0.8603516
vt 0.5753626 0.6233832
vn 0.01184082 0.3657227 0.9301758
v 0.02731534 0.2375899 0.1735091
vt 0.7274036 0.5104868
vn -0.0368042 0.3579102 0.9326172
v 0.0339216 0.2378257 0.17326
vt 0.499289 0.5041745
vn 0.1715088 0.3603516 0.9165039
vt 0.4169382 0.5018969
vn 0.3215332 0.3530273 0.878418
vt 0.4232153 0.3849654
vn 0.3244629 0.3459473 0.8798828
v 0.04027864 0.2336338 0.1726387
vt 0.2785288 0.3606576
vn 0.3720703 0.3381348 0.8642578
vt 0.5816399 0.5064531
vn 0.01635742 0.3598633 0.9326172
vt 0.4322549 0.2832022
vn 0.3378906 0.3183594 0.8852539
v 0.03179428 0.2346427 0.1747848
vt 0.5818378 0.3893542
vn 0.01485443 0.3518066 0.9355469
v 0.02759777 0.2338721 0.1749176
vt 0.7276468 0.3730841
vn -0.03555298 0.3459473 0.9375
v 0.04008218 0.2297805 0.17419
vt 0.2968787 0.2182233
vn 0.3693848 0.2998047 0.8793945
v 0.03408135 0.2346412 0.1744818
vt 0.5025237 0.3872667
vn 0.1715088 0.359375 0.9169922
vt 0.4598072 0.1992383
vn 0.3120117 0.2371826 0.9199219
v 0.03832955 0.2261368 0.1759501
vt 0.3697342 0.08425248
vn 0.3166504 0.2203369 0.9223633
v 0.03422066 0.2318642 0.1755473
vt 0.5053421 0.2853913
vn 0.1717529 0.3537598 0.9189453
vt 0.5784388 0.2872471
vn 0.00315094 0.324707 0.9453125
v 0.02818158 0.230004 0.1763287
vt 0.7172003 0.2298518
vn -0.0289917 0.307373 0.9506836
v 0.03293833 0.2295369 0.1765776
vt 0.5555711 0.2018872
vn 0.03640747 0.2423096 0.9692383
v 0.03030342 0.2262876 0.1773925
vt 0.651864 0.09205902
vn 0.0324707 0.225708 0.9736328
vt 0.5083171 0.177862
vn 0.1772461 0.1807861 0.9672852
v 0.03439429 0.2246614 0.1772663
vt 0.5123758 0.03116059
vn 0.1773682 0.1654053 0.9697266
o pm0285_00_00_eye_mesh_shape_l_eye
g polygon_0
usemtl l_eye
f 1747/2233/1715 1748/2234/1716 1749/2235/1717
f 1747/2233/1715 1750/2236/1718 1748/2234/1716
f 1749/2235/1717 1748/2234/1716 1751/2237/1719
f 1749/2235/1717 1751/2237/1719 1752/2238/1720
f 1748/2234/1716 1750/2236/1718 317/2239/1721
f 1750/2236/1718 1753/2240/1722 317/2239/1721
f 1751/2237/1719 1748/2234/1716 1754/2241/1723
f 1754/2241/1723 1748/2234/1716 317/2239/1721
f 1752/2238/1720 1751/2237/1719 1755/2242/1724
f 1755/2242/1724 1751/2237/1719 1754/2241/1723
f 1752/2238/1720 1755/2242/1724 1756/2243/1725
f 317/2239/1721 1753/2240/1722 322/2244/1726
f 1754/2241/1723 317/2239/1721 322/2244/1726
f 1753/2240/1722 1757/2245/1727 322/2244/1726
f 1758/2246/1728 1755/2242/1724 1754/2241/1723
f 1754/2241/1723 322/2244/1726 1758/2246/1728
f 1756/2243/1725 1755/2242/1724 304/2247/1729
f 304/2247/1729 1755/2242/1724 1758/2246/1728
f 1756/2243/1725 304/2247/1729 1759/2248/1730
f 322/2244/1726 1757/2245/1727 325/2249/1731
f 1758/2246/1728 322/2244/1726 325/2249/1731
f 1757/2245/1727 1760/2250/1732 325/2249/1731
f 1761/2251/1733 304/2247/1729 1758/2246/1728
f 1758/2246/1728 325/2249/1731 1761/2251/1733
f 1759/2248/1730 304/2247/1729 303/2252/1734
f 303/2252/1734 304/2247/1729 1761/2251/1733
f 300/2253/1735 1759/2248/1730 303/2252/1734
f 1761/2251/1733 300/2253/1735 303/2252/1734
f 1762/2254/1736 1759/2248/1730 300/2253/1735
f 1761/2251/1733 325/2249/1731 328/2255/1737
f 325/2249/1731 1760/2250/1732 328/2255/1737
f 297/2256/1738 1762/2254/1736 300/2253/1735
f 1760/2250/1732 1763/2257/1739 328/2255/1737
f 328/2255/1737 1763/2257/1739 1761/2251/1733
f 1764/2258/1740 1763/2257/1739 1760/2250/1732
f 1765/2259/1741 1762/2254/1736 297/2256/1738
f 1766/2260/1742 300/2253/1735 1761/2251/1733
f 1766/2260/1742 297/2256/1738 300/2253/1735
f 1761/2251/1733 1763/2257/1739 1766/2260/1742
f 296/2261/1743 1765/2259/1741 297/2256/1738
f 1767/2262/1744 1765/2259/1741 296/2261/1743
f 1768/2263/1745 297/2256/1738 1766/2260/1742
f 1768/2263/1745 296/2261/1743 297/2256/1738
f 1763/2257/1739 332/2264/1746 1766/2260/1742
f 1764/2258/1740 332/2264/1746 1763/2257/1739
f 1766/2260/1742 332/2264/1746 1768/2263/1745
f 1769/2265/1747 332/2264/1746 1764/2258/1740
f 1769/2265/1747 1770/2266/1748 332/2264/1746
f 332/2264/1746 1770/2266/1748 1768/2263/1745
f 1771/2267/1749 1770/2266/1748 1769/2265/1747
f 1770/2266/1748 295/2268/1750 1768/2263/1745
f 1771/2267/1749 295/2268/1750 1770/2266/1748
f 1768/2263/1745 295/2268/1750 296/2261/1743
f 295/2268/1750 1767/2262/1744 296/2261/1743
f 1772/2269/1751 295/2268/1750 1771/2267/1749
f 1772/2269/1751 1767/2262/1744 295/2268/1750
v -0.03720015 0.2486503 0.1673123
vn -0.3034668 0.4802246 0.8227539
v -0.0334559 0.2466781 0.1697433
vn -0.15979 0.5273438 0.8339844
v -0.03310929 0.2502764 0.1674385
vn -0.1585693 0.5405273 0.8261719
v -0.02917403 0.248801 0.1687547
vn -0.0194397 0.4855957 0.8735352
v -0.03486577 0.2460323 0.1697334
vn -0.3005371 0.4655762 0.8320313
v -0.039322 0.2449338 0.1683761
vn -0.364502 0.3972168 0.8417969
vn -0.02494812 0.4709473 0.8813477
v -0.0274214 0.2451574 0.1705148
vn 0.03567505 0.4030762 0.9140625
v -0.03362254 0.2437872 0.1709728
vn -0.1711426 0.3669434 0.9140625
v -0.03569745 0.2437067 0.1704918
vn -0.3347168 0.3847656 0.8598633
v -0.0399058 0.2410658 0.1697872
vt 0.270932 0.6352664
vn -0.3710938 0.3588867 0.855957
vn 0.001946449 0.3896484 0.9208984
v -0.02722047 0.2412946 0.1720422
vn 0.03997803 0.3664551 0.9291992
v -0.03376185 0.2410102 0.1720382
vn -0.1713867 0.3613281 0.9165039
vn -0.3237305 0.3598633 0.8745117
v -0.04018823 0.237348 0.1711957
vn -0.3708496 0.3486328 0.8603516
vn -0.01184082 0.3657227 0.9301758
v -0.02731534 0.2375899 0.1735091
vn 0.0368042 0.3579102 0.9326172
v -0.0339216 0.2378257 0.17326
vn -0.1715088 0.3603516 0.9165039
vn -0.3215332 0.3530273 0.878418
vn -0.3244629 0.3459473 0.8798828
v -0.04027864 0.2336338 0.1726387
vn -0.3720703 0.3381348 0.8642578
vn -0.01635742 0.3598633 0.9326172
v -0.03179428 0.2346427 0.1747848
vn -0.01485443 0.3518066 0.9355469
v -0.02759777 0.2338721 0.1749176
vn 0.03555298 0.3459473 0.9375
v -0.03408135 0.2346412 0.1744818
vn -0.1715088 0.359375 0.9169922
vn -0.3378906 0.3183594 0.8852539
v -0.04008218 0.2297805 0.17419
vn -0.3693848 0.2998047 0.8793945
vn -0.003152847 0.324707 0.9453125
v -0.02818158 0.230004 0.1763287
vn 0.0289917 0.307373 0.9506836
v -0.03422066 0.2318642 0.1755473
vn -0.1717529 0.3537598 0.9189453
vt 0.4598071 0.1992383
vn -0.3120117 0.2371826 0.9199219
v -0.03832955 0.2261368 0.1759501
vn -0.3166504 0.2203369 0.9223633
v -0.03293833 0.2295369 0.1765776
vn -0.03640747 0.2423096 0.9692383
v -0.03030342 0.2262876 0.1773925
vn -0.0324707 0.225708 0.9736328
vn -0.1772461 0.1807861 0.9672852
v -0.03439429 0.2246614 0.1772663
vn -0.1773682 0.1654053 0.9697266
o pm0285_00_00_eye_mesh_shape_r_eye
g polygon_0
usemtl r_eye
f 1773/2235/1752 1774/2234/1753 1775/2233/1754
f 1775/2233/1754 1774/2234/1753 1776/2236/1755
f 1777/2237/1756 1774/2234/1753 1773/2235/1752
f 1778/2238/1757 1777/2237/1756 1773/2235/1752
f 1776/2236/1755 1774/2234/1753 382/2239/1758
f 1776/2236/1755 382/2239/1758 1779/2240/1759
f 1777/2237/1756 1780/2241/1760 1774/2234/1753
f 1780/2241/1760 382/2239/1758 1774/2234/1753
f 1781/2242/1761 1777/2237/1756 1778/2238/1757
f 1781/2242/1761 1780/2241/1760 1777/2237/1756
f 1782/2270/1762 1781/2242/1761 1778/2238/1757
f 1779/2240/1759 382/2239/1758 379/2244/1763
f 1780/2241/1760 379/2244/1763 382/2239/1758
f 1779/2240/1759 379/2244/1763 1783/2245/1764
f 1781/2242/1761 1784/2246/1765 1780/2241/1760
f 1784/2246/1765 379/2244/1763 1780/2241/1760
f 397/2247/1766 1781/2242/1761 1782/2270/1762
f 397/2247/1766 1784/2246/1765 1781/2242/1761
f 1785/2248/1767 397/2247/1766 1782/2270/1762
f 1783/2245/1764 379/2244/1763 377/2249/1768
f 377/2249/1768 379/2244/1763 1784/2246/1765
f 1783/2245/1764 377/2249/1768 1786/2250/1769
f 1784/2246/1765 397/2247/1766 1787/2251/1770
f 1787/2251/1770 377/2249/1768 1784/2246/1765
f 400/2252/1771 397/2247/1766 1785/2248/1767
f 1787/2251/1770 397/2247/1766 400/2252/1771
f 1785/2248/1767 367/2253/1772 400/2252/1771
f 400/2252/1771 367/2253/1772 1787/2251/1770
f 1788/2254/1773 367/2253/1772 1785/2248/1767
f 376/2255/1774 377/2249/1768 1787/2251/1770
f 1786/2250/1769 377/2249/1768 376/2255/1774
f 376/2255/1774 1789/2257/1775 1786/2250/1769
f 1787/2251/1770 1789/2257/1775 376/2255/1774
f 1786/2250/1769 1789/2257/1775 1790/2258/1776
f 1787/2251/1770 367/2253/1772 1791/2260/1777
f 1791/2260/1777 1789/2257/1775 1787/2251/1770
f 1788/2254/1773 363/2256/1778 367/2253/1772
f 367/2253/1772 363/2256/1778 1791/2260/1777
f 1792/2259/1779 363/2256/1778 1788/2254/1773
f 1789/2257/1775 369/2264/1780 1790/2258/1776
f 1789/2257/1775 1791/2260/1777 369/2264/1780
f 1790/2258/1776 369/2264/1780 1793/2265/1781
f 1791/2260/1777 363/2256/1778 1794/2263/1782
f 369/2264/1780 1791/2260/1777 1794/2263/1782
f 1792/2259/1779 362/2271/1783 363/2256/1778
f 1794/2263/1782 363/2256/1778 362/2271/1783
f 1795/2262/1784 362/2271/1783 1792/2259/1779
f 369/2264/1780 1796/2266/1785 1793/2265/1781
f 369/2264/1780 1794/2263/1782 1796/2266/1785
f 1793/2265/1781 1796/2266/1785 1797/2267/1786
f 1794/2263/1782 362/2271/1783 360/2268/1787
f 1796/2266/1785 1794/2263/1782 360/2268/1787
f 1795/2262/1784 360/2268/1787 362/2271/1783
f 1796/2266/1785 360/2268/1787 1797/2267/1786
f 1798/2269/1788 360/2268/1787 1795/2262/1784
f 1797/2267/1786 360/2268/1787 1798/2269/1788
