mtllib pm0602_00_00.mtl
v -0.01462049 0.05599361 0.079974
vt 0.5062729 0.9843599
vn -0.9199219 0.3574219 0.1589355
v -0.01545347 0.0548798 0.07705884
vt 0.3612211 0.9274561
vn -0.9287109 0.3513184 0.1170044
v -0.01601219 0.05243206 0.079974
vt 0.4959089 0.801271
vn -0.9594727 0.2348633 0.1531982
v -0.01444338 0.0545999 0.08336588
vt 0.6692072 0.9150517
vn -0.9121094 0.3615723 0.190918
v -0.01648282 0.05266488 0.0751885
vt 0.2648683 0.8145034
vn -0.9716797 0.2073975 0.1097412
v -0.01508066 0.05193797 0.08545652
vt 0.7632856 0.7781341
vn -0.9619141 0.1933594 0.1916504
v -0.01656226 0.04904372 0.079974
vt 0.4917491 0.6369294
vn -0.9833984 0.0960083 0.1530762
v -0.01719557 0.04923696 0.07399764
vt 0.2031311 0.6471801
vn -0.9887695 0.09814453 0.1092529
v -0.01527557 0.04882469 0.08630794
vt 0.8022404 0.6271982
vn -0.9765625 0.07995605 0.197876
v -0.0167081 0.04582272 0.079974
vt 0.4906231 0.4824879
vn -0.987793 -0.002349854 0.1556396
v -0.01742695 0.04574388 0.07376266
vt 0.1904706 0.4784995
vn -0.9941406 -0.004642487 0.1053467
v -0.01529729 0.04595473 0.08667722
vt 0.8195523 0.4888157
vn -0.9785156 0.001842499 0.2056885
v -0.01705698 0.04217723 0.07422554
vt 0.2149365 0.3059039
vn -0.9887695 -0.1061401 0.100769
v -0.01528339 0.04282784 0.0861339
vt 0.7940492 0.3379918
vn -0.9746094 -0.08624268 0.2062988
v -0.01659967 0.04249234 0.07997397
vt 0.4916228 0.3229146
vn -0.9819336 -0.1080933 0.1538086
v -0.01636968 0.0388534 0.07576837
vt 0.2934623 0.1439725
vn -0.9697266 -0.2164307 0.1099243
v -0.01506798 0.0397297 0.08490563
vt 0.737584 0.1870762
vn -0.9560547 -0.2121582 0.2001953
v -0.01589737 0.03913469 0.079974
vt 0.4969651 0.1588777
vn -0.9550781 -0.2492676 0.1583252
v -0.01541532 0.03703959 0.0775077
vt 0.3834407 0.05043006
vn -0.9140625 -0.3791504 0.1434326
v -0.01455443 0.03742646 0.08287127
vt 0.6453538 0.06835675
vn -0.902832 -0.3837891 0.1921387
v -0.01465648 0.03638487 0.08015542
vt 0.5154154 0.01512516
vn -0.9077148 -0.3820801 0.1711426
o pm0602_00_00_eye_mesh_shape_r_eye
g polygon_0
usemtl r_eye
f 1/1/1 2/2/2 3/3/3
f 1/1/1 3/3/3 4/4/4
f 3/3/3 2/2/2 5/5/5
f 4/4/4 3/3/3 6/6/6
f 3/3/3 5/5/5 7/7/7
f 3/3/3 7/7/7 6/6/6
f 7/7/7 5/5/5 8/8/8
f 6/6/6 7/7/7 9/9/9
f 7/7/7 8/8/8 10/10/10
f 7/7/7 10/10/10 9/9/9
f 10/10/10 8/8/8 11/11/11
f 9/9/9 10/10/10 12/12/12
f 13/13/13 10/10/10 11/11/11
f 10/10/10 14/14/14 12/12/12
f 15/15/15 10/10/10 13/13/13
f 15/15/15 14/14/14 10/10/10
f 16/16/16 15/15/15 13/13/13
f 15/15/15 17/17/17 14/14/14
f 18/18/18 15/15/15 16/16/16
f 18/18/18 17/17/17 15/15/15
f 19/19/19 18/18/18 16/16/16
f 18/18/18 20/20/20 17/17/17
f 21/21/21 18/18/18 19/19/19
f 21/21/21 20/20/20 18/18/18
v 0.01601219 0.05243206 0.079974
vn 0.9594727 0.2348633 0.1531982
v 0.01545347 0.0548798 0.07705884
vn 0.9287109 0.3513184 0.1170044
v 0.01462049 0.05599361 0.079974
vn 0.9199219 0.3574219 0.1589355
v 0.01444338 0.0545999 0.08336588
vn 0.9121094 0.3615723 0.190918
v 0.01648282 0.05266488 0.0751885
vn 0.9716797 0.2073975 0.1097412
v 0.01508066 0.05193797 0.08545652
vn 0.9619141 0.1933594 0.1916504
v 0.01656226 0.04904372 0.079974
vn 0.9833984 0.0960083 0.1530762
v 0.01719557 0.04923696 0.07399764
vn 0.9887695 0.09814453 0.1092529
v 0.01527557 0.04882469 0.08630794
vn 0.9765625 0.07995605 0.197876
v 0.0167081 0.04582272 0.079974
vn 0.987793 -0.002349854 0.1556396
v 0.01742695 0.04574388 0.07376266
vn 0.9941406 -0.004642487 0.1053467
v 0.01529729 0.04595473 0.08667722
vn 0.9785156 0.001843452 0.2056885
v 0.01705698 0.04217723 0.07422554
vn 0.9887695 -0.1061401 0.100769
v 0.01528339 0.04282784 0.0861339
vn 0.9746094 -0.08624268 0.2062988
v 0.01659967 0.04249234 0.07997397
vn 0.9819336 -0.1080933 0.1538086
v 0.01636968 0.0388534 0.07576837
vn 0.9697266 -0.2164307 0.1099243
v 0.01506798 0.0397297 0.08490563
vn 0.9560547 -0.2121582 0.2001953
v 0.01589737 0.03913469 0.079974
vn 0.9550781 -0.2492676 0.1583252
v 0.01541532 0.03703959 0.0775077
vn 0.9140625 -0.3791504 0.1434326
v 0.01455443 0.03742646 0.08287127
vn 0.902832 -0.3837891 0.1921387
v 0.01465648 0.03638487 0.08015542
vn 0.9077148 -0.3820801 0.1711426
o pm0602_00_00_eye_mesh_shape_l_eye
g polygon_0
usemtl l_eye
f 22/3/22 23/2/23 24/1/24
f 25/4/25 22/3/22 24/1/24
f 26/5/26 23/2/23 22/3/22
f 27/6/27 22/3/22 25/4/25
f 28/7/28 26/5/26 22/3/22
f 22/3/22 27/6/27 28/7/28
f 29/8/29 26/5/26 28/7/28
f 28/7/28 27/6/27 30/9/30
f 31/10/31 29/8/29 28/7/28
f 28/7/28 30/9/30 31/10/31
f 32/11/32 29/8/29 31/10/31
f 31/10/31 30/9/30 33/12/33
f 31/10/31 34/13/34 32/11/32
f 33/12/33 35/14/35 31/10/31
f 36/15/36 34/13/34 31/10/31
f 31/10/31 35/14/35 36/15/36
f 36/15/36 37/16/37 34/13/34
f 35/14/35 38/17/38 36/15/36
f 39/18/39 37/16/37 36/15/36
f 36/15/36 38/17/38 39/18/39
f 39/18/39 40/19/40 37/16/37
f 38/17/38 41/20/41 39/18/39
f 42/21/42 40/19/40 39/18/39
f 39/18/39 41/20/41 42/21/42
v -1.409842E-18 0.04409547 0.09936704
vt 0.5192817 0.8387986
vn 0 -0.01823425 -0.9995117
v 0.0003785549 0.04357128 0.09930684
vt 0.5297916 0.8447001
vn -0.1756592 -0.01794434 -0.9838867
v -1.806799E-18 0.04291647 0.09938636
vt 0.5171859 0.8471371
vn 0 0.06665039 -0.9975586
v 0.0007571099 0.0430307 0.09925132
vt 0.5358769 0.8498439
vn -0.1217651 0.07147217 -0.9897461
v -1.803243E-18 0.04210766 0.0992301
vt 0.5159673 0.8514634
vn 0 0.137085 -0.9902344
v 0.001070988 0.04213643 0.09919178
vt 0.5343767 0.8536482
vn -0.05734253 0.1148071 -0.9916992
v 0.001447678 0.04235547 0.09914998
vt 0.5416381 0.8562129
vn -0.1066895 0.05813599 -0.9921875
v -1.930426E-18 0.04112773 0.09903514
vt 0.5142648 0.8577297
vn 0 0.2261963 -0.9736328
v 0.00136438 0.04120507 0.09908248
vt 0.5318199 0.8594615
vn -0.02952576 0.2103271 -0.9770508
v 0.002191109 0.04162591 0.09904157
vt 0.5463327 0.8620875
vn -0.07452393 0.185791 -0.9794922
v 0.002903465 0.04099935 0.09893057
vt 0.5511129 0.8675767
vn -0.1818848 0.3330078 -0.9248047
v 0.001673962 0.03939626 0.09858859
vt 0.5300886 0.8697636
vn -0.1469727 0.387207 -0.909668
v -1.918488E-18 0.0391505 0.09854639
vt 0.5109559 0.8708791
vn 0 0.3793945 -0.9248047
v 0.001815545 0.03779637 0.09768523
vt 0.5281089 0.8800144
vn -0.2543945 0.6625977 -0.7036133
v -1.98315E-18 0.03742832 0.09766361
vt 0.5089449 0.8817554
vn 0 0.7016602 -0.7119141
v 0.003510176 0.03881701 0.09770586
vt 0.5451108 0.879487
vn -0.4335938 0.6020508 -0.6699219
v 0.001964786 0.03550749 0.09491128
vt 0.5260379 0.8940411
vn -0.329834 0.8852539 -0.326416
v -7.476467E-19 0.03519689 0.09482447
vt 0.5084667 0.8941299
vn 0 0.9418945 -0.3354492
v 0.00400662 0.03671503 0.09495555
vt 0.5389617 0.8934835
vn -0.5600586 0.7724609 -0.2983398
v 0.002097002 0.0353921 0.09117981
vt 0.5255307 0.9111425
vn -0.3659668 0.9301758 -0.01211548
v -6.493891E-33 0.03475887 0.091051
vt 0.511902 0.9127427
vn 0 0.9995117 -0.00453949
v 0.006033793 0.03861707 0.09516128
vt 0.5518816 0.8913976
vn -0.7246094 0.621582 -0.296875
v 0.002076116 0.03555758 0.08776612
vt 0.529076 0.9282641
vn -0.3588867 0.9150391 0.1835938
v -6.626398E-33 0.03504893 0.08746757
vt 0.5195495 0.9344378
vn 0 0.9750977 0.2198486
v 0.004151565 0.03646889 0.09112304
vt 0.5384085 0.9099041
vn -0.5961914 0.8022461 -0.01058197
v 0.002172129 0.03664647 0.08511529
vt 0.5386084 0.9422714
vn -0.3759766 0.8051758 0.4580078
v -6.731794E-33 0.03621335 0.08461732
vt 0.5304892 0.9509527
vn 0 0.8632813 0.5039063
v 0.004080471 0.03656309 0.08812363
vt 0.5413988 0.9243699
vn -0.5878906 0.7954102 0.144165
v 0.004180504 0.03726637 0.08632774
vt 0.5470356 0.9329132
vn -0.5834961 0.7270508 0.3603516
v 0.006155918 0.03831227 0.09117988
vt 0.5520384 0.9070957
vn -0.7709961 0.6357422 0.006809235
v 0.005782334 0.03843652 0.08775271
vt 0.5543404 0.9233696
vn -0.7802734 0.590332 0.2042236
v 0.004559154 0.03850793 0.08498111
vt 0.5543815 0.9381956
vn -0.6650391 0.5693359 0.4824219
v 0.002486706 0.03840657 0.08297898
vt 0.5513905 0.9523506
vn -0.4482422 0.6079102 0.6547852
v -6.822222E-33 0.03803164 0.08217185
vt 0.5447589 0.964161
vn 0 0.6713867 0.7407227
v -6.873896E-33 0.04014174 0.08077443
vt 0.5585486 0.9722608
vn 0 0.4177246 0.9082031
v 0.002958649 0.04047512 0.08191307
vt 0.5640936 0.9566928
vn -0.5048828 0.390625 0.769043
v -6.893252E-33 0.04201902 0.08025098
vt 0.5702705 0.9761015
vn 0 0.2315674 0.9726563
v 0.005469298 0.04063961 0.0841992
vt 0.566864 0.9400079
vn -0.7324219 0.407959 0.5444336
v 0.003172582 0.04223338 0.08146719
vt 0.5741344 0.9587782
vn -0.5083008 0.2373047 0.8276367
v -6.904306E-33 0.04391291 0.07995202
vt 0.5821966 0.9784521
vn 0 0.1627197 0.9863281
v 0.007079851 0.04067983 0.08729856
vt 0.5672708 0.9222602
vn -0.8549805 0.442627 0.2695313
v 0.003340928 0.04402063 0.0811297
vt 0.5842423 0.9600395
vn -0.487793 0.1855469 0.8525391
v -6.911967E-33 0.04594496 0.07974486
vt 0.5951257 0.9796783
vn 0 0.03186035 0.9990234
v 0.005897606 0.04237873 0.08383639
vt 0.57618 0.9404152
vn -0.7548828 0.2702637 0.597168
v 0.007680926 0.0424413 0.0870189
vt 0.5766786 0.9217573
vn -0.90625 0.2858887 0.3105469
v 0.007718939 0.04066067 0.09106127
vt 0.5659665 0.9047827
vn -0.8842773 0.4648438 0.0340271
v 0.008386336 0.04246552 0.09090424
vt 0.5755841 0.9039379
vn -0.9580078 0.2810059 0.05325317
v 0.008086282 0.04424036 0.08684523
vt 0.5859194 0.9213261
vn -0.9248047 0.204834 0.3193359
v 0.00877822 0.04430027 0.09077246
vt 0.5852075 0.9035499
vn -0.9819336 0.1801758 0.05459595
v 0.008208459 0.04266706 0.09499819
vt 0.573935 0.8894315
vn -0.9277344 0.2541504 -0.2727051
v 0.006214187 0.04416237 0.08350273
vt 0.5855546 0.9409278
vn -0.7568359 0.2154541 0.6162109
v 0.007558228 0.04089318 0.09515825
vt 0.564849 0.889976
vn -0.8481445 0.4416504 -0.2919922
v 0.003498012 0.04594492 0.0808233
vt 0.5950716 0.960476
vn -0.4748535 0.04934692 0.878418
v 0.004730422 0.04028646 0.09815029
vt 0.5550737 0.8791826
vn -0.5551758 0.4829102 -0.6762695
v 0.005847444 0.04207191 0.09816151
vt 0.5650598 0.878231
vn -0.6655273 0.3171387 -0.6748047
v 0.003758856 0.0415202 0.09889573
vt 0.5570179 0.8697317
vn -0.2648926 0.2502441 -0.9311523
v 0.002193755 0.04158489 0.09905643
vt 0.5537338 0.8633223
vn -0.06402588 0.1588135 -0.9848633
v 0.002395185 0.04260718 0.0992348
vt 0.5608613 0.8599217
vn -0.08404541 0.1060791 -0.9907227
v 0.0007565272 0.04302346 0.09925784
vt 0.5610713 0.8523175
vn -0.001379013 0.08966064 -0.9956055
v 0.004197214 0.04283478 0.09896357
vt 0.5643964 0.8688694
vn -0.2949219 0.1187744 -0.9477539
v 0.002393863 0.04366244 0.09930338
vt 0.5661555 0.8572966
vn -0.09082031 0.06210327 -0.9936523
v -3.810444E-05 0.04408531 0.09936706
vt 0.5670487 0.8459882
vn -0.01721191 0.05480957 -0.9980469
v 0.006315715 0.04343866 0.09809075
vt 0.5719231 0.8777474
vn -0.7167969 0.1816406 -0.6723633
v 0.004542986 0.0442057 0.0989894
vt 0.5720347 0.8678411
vn -0.2971191 0.07427979 -0.9516602
v 0.002381031 0.0446017 0.09933364
vt 0.5717415 0.8573982
vn -0.09442139 0.03598022 -0.9946289
v -3.816454E-05 0.04475624 0.09940602
vt 0.5744028 0.841629
vn -0.02920532 0.03540039 -0.9985352
v 0.008576304 0.04444653 0.09491991
vt 0.5831315 0.8884118
vn -0.949707 0.1622314 -0.267334
v 0.006629124 0.04481255 0.09811621
vt 0.5820944 0.8725821
vn -0.7363281 0.1320801 -0.6630859
v 0.004686417 0.04515477 0.09901207
vt 0.5818825 0.8629067
vn -0.2915039 0.05776978 -0.9545898
v 0.002360656 0.045427 0.09933957
vt 0.5823711 0.8521434
vn -0.09399414 0.02027893 -0.9951172
v -3.805069E-05 0.0454152 0.09944246
vt 0.5824965 0.838975
vn -0.04098511 0.01974487 -0.9985352
v -3.790862E-05 0.04606258 0.09945942
vt 0.5945109 0.8375652
vn -0.04940796 -0.004184723 -0.9985352
v 0.00233964 0.04613262 0.0993379
vt 0.5948703 0.8500671
vn -0.09277344 0.0004460812 -0.9956055
v -3.804497E-05 0.04660994 0.09945168
vt 0.6030651 0.837764
vn -0.05358887 -0.03063965 -0.9980469
v 0.00481503 0.04623165 0.099029
vt 0.5952526 0.861841
vn -0.2893066 0.02409363 -0.956543
v 0.002318363 0.04672853 0.09932107
vt 0.6036141 0.8499864
vn -0.08636475 -0.02485657 -0.9956055
v -3.817262E-05 0.04736215 0.09942652
vt 0.6138209 0.8407466
vn -0.05059814 -0.06750488 -0.9960938
v 0.006886557 0.04628767 0.09813397
vt 0.5957445 0.8712105
vn -0.7573242 0.03601074 -0.6513672
v 0.004790796 0.04706604 0.0990356
vt 0.6034566 0.8615199
vn -0.2729492 -0.0231781 -0.9614258
v 0.002289371 0.04744578 0.09929253
vt 0.6125888 0.8509516
vn -0.07489014 -0.05490112 -0.9956055
v -3.822139E-05 0.04845144 0.09931436
vt 0.6221558 0.8454181
vn -0.04342651 -0.07958984 -0.9956055
v 0.008828116 0.04635858 0.094868
vt 0.5962121 0.8872436
vn -0.9672852 0.02044678 -0.2524414
v 0.002228194 0.04857653 0.09920964
vt 0.6203904 0.8544762
vn -0.06549072 -0.06860352 -0.9951172
v 0.0007173048 0.04964305 0.09919696
vt 0.6293966 0.8523835
vn -0.03060913 -0.07928467 -0.9960938
v 0.004716644 0.04803822 0.09902621
vt 0.6116844 0.8625805
vn -0.2565918 -0.05825806 -0.9643555
v 0.006827838 0.04744928 0.09814337
vt 0.604567 0.8717279
vn -0.7553711 -0.08404541 -0.6494141
v 0.002111662 0.04986204 0.09915192
vt 0.6287957 0.8585908
vn -0.05044556 -0.1188354 -0.9912109
v 0.001753359 0.05110502 0.09889784
vt 0.6379643 0.8647837
vn -0.01623535 -0.2651367 -0.9638672
v 0.002307286 0.05152415 0.09866279
vt 0.6402246 0.8699286
vn -0.07501221 -0.3518066 -0.9326172
v 0.004393932 0.0494238 0.09899766
vt 0.6225656 0.8661808
vn -0.2333984 -0.1123047 -0.9658203
v 0.006678814 0.04876718 0.09814898
vt 0.6143035 0.8729159
vn -0.7470703 -0.173584 -0.6411133
v 0.003778103 0.05089187 0.09891793
vt 0.6319674 0.8674189
vn -0.1610107 -0.2507324 -0.9541016
v 0.006085422 0.05047772 0.09823804
vt 0.6247103 0.8737308
vn -0.6811523 -0.3347168 -0.6508789
v 0.008624396 0.04784019 0.09486423
vt 0.6054193 0.8872645
vn -0.9599609 -0.1417236 -0.2407227
v 0.008315293 0.04951802 0.09492092
vt 0.6150445 0.8876161
vn -0.9365234 -0.2524414 -0.2416992
v 0.004969566 0.05221339 0.09814053
vt 0.6356188 0.8758081
vn -0.5268555 -0.5292969 -0.6645508
v 0.007535633 0.05168046 0.09503265
vt 0.6267596 0.8882436
vn -0.8569336 -0.4472656 -0.2541504
v 0.008835108 0.04799445 0.09065224
vt 0.6051209 0.9040803
vn -0.9873047 -0.151001 0.04537964
v 0.009059157 0.04627844 0.0906786
vt 0.5958828 0.9031076
vn -0.9980469 0.02586365 0.05224609
v 0.008421531 0.04618154 0.08673669
vt 0.5956132 0.9209455
vn -0.9477539 0.05734253 0.3134766
v 0.008465935 0.04985358 0.09061244
vt 0.6149189 0.905139
vn -0.9619141 -0.2709961 0.03445435
v 0.008261379 0.04789909 0.0865182
vt 0.6040851 0.9219834
vn -0.9418945 -0.1159058 0.314209
v 0.006496584 0.04609056 0.08315966
vt 0.5956288 0.9413506
vn -0.7646484 0.07061768 0.6401367
v 0.007945332 0.04972634 0.08632762
vt 0.6136369 0.924549
vn -0.9223633 -0.2384033 0.3034668
v 0.003350794 0.04757178 0.08099178
vt 0.6042259 0.9605781
vn -0.4580078 -0.1165771 0.8808594
v 0.006329855 0.04775629 0.08317043
vt 0.6040611 0.9415568
vn -0.7446289 -0.1030884 0.6586914
v -6.907649E-33 0.04756376 0.07986163
vt 0.6054643 0.978909
vn 0 -0.119873 0.9926758
v 0.006066302 0.04949732 0.08321141
vt 0.6132331 0.9423051
vn -0.7177734 -0.1942139 0.668457
v 0.003177975 0.0492884 0.0812181
vt 0.6139901 0.9598739
vn -0.4472656 -0.1817627 0.8754883
v -6.900507E-33 0.0492881 0.08005477
vt 0.6163901 0.9770975
vn 0 -0.19104 0.9814453
v -6.883153E-33 0.05125869 0.08052407
vt 0.6289456 0.9737881
vn 0 -0.307373 0.9511719
v 0.007226945 0.0516216 0.08624221
vt 0.6234071 0.9260638
vn -0.8544922 -0.4331055 0.2856445
v 0.002923028 0.05119869 0.08162795
vt 0.624965 0.9578453
vn -0.4304199 -0.2954102 0.8525391
v 0.005561882 0.05121984 0.08333313
vt 0.6223027 0.9425402
vn -0.6796875 -0.3466797 0.6455078
v 0.002578883 0.05298797 0.08214995
vt 0.6354546 0.955193
vn -0.3708496 -0.5078125 0.7773438
v -6.849977E-33 0.05313955 0.08142128
vt 0.6410304 0.9677721
vn 0 -0.5410156 0.8408203
v -6.768459E-33 0.0555361 0.08362577
vt 0.6578932 0.9549751
vn 0 -0.7929688 0.6083984
v 0.004663724 0.0531748 0.08373746
vt 0.6333506 0.9422628
vn -0.6113281 -0.5166016 0.5986328
v 0.005911627 0.05356767 0.08637828
vt 0.6348396 0.9275466
vn -0.765625 -0.5952148 0.2434082
v 0.007732268 0.05187181 0.0905197
vt 0.6256806 0.9068809
vn -0.8852539 -0.463623 0.03042603
v 0.002171181 0.05526553 0.08392925
vt 0.6499165 0.9463332
vn -0.309082 -0.7631836 0.5668945
v 0.006099637 0.05384845 0.09488536
vt 0.6390067 0.8911123
vn -0.7114258 -0.652832 -0.2580566
v 0.004309824 0.05457748 0.08493077
vt 0.6416542 0.9369285
vn -0.5527344 -0.6987305 0.4536133
v 0.004224295 0.05544355 0.08675698
vt 0.6472929 0.9290451
vn -0.5683594 -0.796875 0.2036133
v 0.001948019 0.05655289 0.08665579
vt 0.661338 0.9325444
vn -0.3173828 -0.9155273 0.2452393
v -6.65514E-33 0.05690192 0.08669029
vt 0.6704255 0.9369485
vn 0 -0.9624023 0.2714844
v 0.006218606 0.0541162 0.09032631
vt 0.6389202 0.9105989
vn -0.7568359 -0.652832 0.02604675
v 0.004271281 0.05585877 0.09023695
vt 0.6511011 0.9135172
vn -0.5664063 -0.8237305 0.01331329
v 0.001962468 0.0570139 0.09029661
vt 0.6661634 0.9141099
vn -0.3513184 -0.9360352 0.008529663
v -3.193963E-19 0.05753732 0.09030171
vt 0.6788445 0.9176012
vn 0 -0.9995117 0.01348114
v -7.920834E-19 0.05707563 0.09434547
vt 0.6832216 0.8969219
vn 0 -0.9418945 -0.3354492
v 0.004142837 0.05548959 0.09458625
vt 0.6506036 0.8944765
vn -0.5136719 -0.8129883 -0.2731934
v 0.001987336 0.05660136 0.09446812
vt 0.6653886 0.8938832
vn -0.3068848 -0.8964844 -0.3183594
v -9.711057E-19 0.05466839 0.09725039
vt 0.6818354 0.8761385
vn 0 -0.7304688 -0.6826172
v 0.001820977 0.05438263 0.09741055
vt 0.6591975 0.8764389
vn -0.1873779 -0.7192383 -0.668457
v -9.456105E-19 0.05323314 0.09814985
vt 0.6798702 0.8663563
vn 0 -0.4724121 -0.8808594
v 0.003515045 0.05354528 0.09786992
vt 0.6449336 0.8789939
vn -0.3498535 -0.65625 -0.6679688
v 0.001542122 0.05303925 0.09826948
vt 0.6573071 0.8680844
vn -0.04302979 -0.4333496 -0.8999023
v -9.226382E-19 0.05193991 0.09865495
vt 0.6780245 0.8587186
vn 0 -0.309082 -0.9506836
v 0.001269096 0.0518227 0.0987184
vt 0.6565178 0.861393
vn -0.03111267 -0.307373 -0.9506836
v 0.001754175 0.05109113 0.09889299
vt 0.6450413 0.8649342
vn -0.0769043 -0.2766113 -0.9575195
v 0.0009857528 0.05054395 0.09900591
vt 0.6569659 0.8538184
vn 0.0008769035 -0.2269287 -0.9736328
v 0.00129872 0.05045126 0.09902798
vt 0.6518623 0.8566532
vn 0.01249695 -0.2174072 -0.9755859
v -8.985846E-19 0.05058582 0.09901528
vt 0.6761695 0.8512005
vn 0 -0.2286377 -0.9731445
v 0.000727686 0.04964499 0.09919135
vt 0.6578448 0.8492199
vn -0.01994324 -0.1625977 -0.9863281
v -8.855915E-19 0.04985437 0.09917791
vt 0.6752165 0.8472571
vn 0 -0.1665039 -0.9858398
v 0.0004298336 0.0491259 0.09924018
vt 0.6640436 0.843919
vn -0.009376526 -0.09063721 -0.9956055
v -8.065585E-19 0.04843222 0.0993086
vt 0.6735193 0.8400776
vn 0 -0.09063721 -0.9956055
vt 0.4807183 0.8387986
vt 0.4828141 0.8471371
v -0.0003785549 0.04357128 0.09930684
vt 0.4702084 0.8447001
vn 0.1756592 -0.01794434 -0.9838867
v -0.0007571099 0.0430307 0.09925132
vt 0.4641231 0.8498439
vn 0.1217651 0.07147217 -0.9897461
vt 0.4840327 0.8514634
v -0.001070988 0.04213643 0.09919178
vt 0.4656233 0.8536482
vn 0.05734253 0.1148071 -0.9916992
v -0.001447678 0.04235547 0.09914998
vt 0.4583619 0.8562129
vn 0.1066895 0.05813599 -0.9921875
vt 0.4857352 0.8577297
v -0.00136438 0.04120507 0.09908248
vt 0.4681801 0.8594615
vn 0.02952576 0.2103271 -0.9770508
v -0.002191109 0.04162591 0.09904157
vt 0.4536673 0.8620875
vn 0.07452393 0.185791 -0.9794922
v -0.002903465 0.04099935 0.09893057
vt 0.4488871 0.8675767
vn 0.1818848 0.3330078 -0.9248047
v -0.001673962 0.03939626 0.09858859
vt 0.4699114 0.8697636
vn 0.1469727 0.387207 -0.909668
vt 0.4890441 0.8708791
v -0.001815545 0.03779637 0.09768523
vt 0.4718911 0.8800144
vn 0.2543945 0.6625977 -0.7036133
vt 0.4910551 0.8817554
v -0.003510176 0.03881701 0.09770586
vt 0.4548892 0.879487
vn 0.4335938 0.6020508 -0.6699219
v -0.001964786 0.03550749 0.09491128
vt 0.4739621 0.8940411
vn 0.329834 0.8852539 -0.326416
vt 0.4915333 0.8941299
v -0.00400662 0.03671503 0.09495555
vt 0.4610383 0.8934835
vn 0.5600586 0.7724609 -0.2983398
v -0.002097002 0.0353921 0.09117981
vt 0.4744693 0.9111425
vn 0.3659668 0.9301758 -0.01211548
vt 0.488098 0.9127427
v -0.006033793 0.03861707 0.09516128
vt 0.4481184 0.8913976
vn 0.7246094 0.621582 -0.296875
v -0.002076116 0.03555758 0.08776612
vt 0.470924 0.9282641
vn 0.3588867 0.9150391 0.1835938
vt 0.4804505 0.9344378
v -0.004151565 0.03646889 0.09112304
vt 0.4615915 0.9099041
vn 0.5961914 0.8022461 -0.01058197
v -0.002172129 0.03664647 0.08511529
vt 0.4613916 0.9422714
vn 0.3759766 0.8051758 0.4580078
vt 0.4695108 0.9509527
v -0.004080471 0.03656309 0.08812363
vt 0.4586012 0.9243699
vn 0.5878906 0.7954102 0.144165
v -0.004180504 0.03726637 0.08632774
vt 0.4529644 0.9329132
vn 0.5834961 0.7270508 0.3603516
v -0.006155918 0.03831227 0.09117988
vt 0.4479616 0.9070957
vn 0.7709961 0.6357422 0.006809235
v -0.005782334 0.03843652 0.08775271
vt 0.4456596 0.9233696
vn 0.7802734 0.590332 0.2042236
v -0.004559154 0.03850793 0.08498111
vt 0.4456185 0.9381956
vn 0.6650391 0.5693359 0.4824219
v -0.002486706 0.03840657 0.08297898
vt 0.4486095 0.9523506
vn 0.4482422 0.6079102 0.6547852
vt 0.4552411 0.964161
vt 0.4414514 0.9722608
v -0.002958649 0.04047512 0.08191307
vt 0.4359064 0.9566928
vn 0.5048828 0.390625 0.769043
vt 0.4297295 0.9761015
v -0.005469298 0.04063961 0.0841992
vt 0.433136 0.9400079
vn 0.7324219 0.407959 0.5444336
v -0.003172582 0.04223338 0.08146719
vt 0.4258656 0.9587782
vn 0.5083008 0.2373047 0.8276367
vt 0.4178034 0.9784521
v -0.007079851 0.04067983 0.08729856
vt 0.4327292 0.9222602
vn 0.8549805 0.442627 0.2695313
v -0.003340928 0.04402063 0.0811297
vt 0.4157577 0.9600395
vn 0.487793 0.1855469 0.8525391
vt 0.4048743 0.9796783
v -0.005897606 0.04237873 0.08383639
vt 0.42382 0.9404152
vn 0.7548828 0.2702637 0.597168
v -0.007680926 0.0424413 0.0870189
vt 0.4233214 0.9217573
vn 0.90625 0.2858887 0.3105469
v -0.007718939 0.04066067 0.09106127
vt 0.4340335 0.9047827
vn 0.8842773 0.4648438 0.0340271
v -0.008386336 0.04246552 0.09090424
vt 0.4244159 0.9039379
vn 0.9580078 0.2810059 0.05325317
v -0.008086282 0.04424036 0.08684523
vt 0.4140806 0.9213261
vn 0.9248047 0.204834 0.3193359
v -0.00877822 0.04430027 0.09077246
vt 0.4147925 0.9035499
vn 0.9819336 0.1801758 0.05459595
v -0.008208459 0.04266706 0.09499819
vt 0.426065 0.8894315
vn 0.9277344 0.2541504 -0.2727051
v -0.006214187 0.04416237 0.08350273
vt 0.4144454 0.9409278
vn 0.7568359 0.2154541 0.6162109
v -0.007558228 0.04089318 0.09515825
vt 0.435151 0.889976
vn 0.8481445 0.4416504 -0.2919922
v -0.004730422 0.04028646 0.09815029
vt 0.4449263 0.8791826
vn 0.5551758 0.4829102 -0.6762695
v -0.005847444 0.04207191 0.09816151
vt 0.4349402 0.878231
vn 0.6655273 0.3171387 -0.6748047
v -0.003758856 0.0415202 0.09889573
vt 0.4429821 0.8697317
vn 0.2648926 0.2502441 -0.9311523
v -0.002193755 0.04158489 0.09905643
vt 0.4462662 0.8633223
vn 0.06402588 0.1588135 -0.9848633
v -0.006315715 0.04343866 0.09809075
vt 0.4280769 0.8777474
vn 0.7167969 0.1816406 -0.6723633
v -0.002395185 0.04260718 0.0992348
vt 0.4391387 0.8599217
vn 0.08404541 0.1060791 -0.9907227
v -0.0007565272 0.04302346 0.09925784
vt 0.4389287 0.8523175
vn 0.00138092 0.08966064 -0.9956055
v -0.004197214 0.04283478 0.09896357
vt 0.4356036 0.8688694
vn 0.2949219 0.1187744 -0.9477539
v -0.002393863 0.04366244 0.09930338
vt 0.4338445 0.8572966
vn 0.09082031 0.06210327 -0.9936523
v 3.810444E-05 0.04408531 0.09936706
vt 0.4329513 0.8459882
vn 0.01721191 0.05480957 -0.9980469
v -0.004542986 0.0442057 0.0989894
vt 0.4279653 0.8678411
vn 0.2971191 0.07427979 -0.9516602
v -0.002381031 0.0446017 0.09933364
vt 0.4282585 0.8573982
vn 0.09442139 0.03598022 -0.9946289
v 3.816454E-05 0.04475624 0.09940602
vt 0.4255972 0.841629
vn 0.02920532 0.03540039 -0.9985352
v -0.006629124 0.04481255 0.09811621
vt 0.4179056 0.8725821
vn 0.7363281 0.1320801 -0.6630859
v -0.002360656 0.045427 0.09933957
vt 0.4176289 0.8521434
vn 0.09399414 0.02027893 -0.9951172
v 3.805069E-05 0.0454152 0.09944246
vt 0.4175035 0.838975
vn 0.04098511 0.01974487 -0.9985352
v 3.790862E-05 0.04606258 0.09945942
vt 0.4054891 0.8375652
vn 0.04940796 -0.004184723 -0.9985352
v -0.004686417 0.04515477 0.09901207
vt 0.4181175 0.8629067
vn 0.2915039 0.05776978 -0.9545898
v -0.00233964 0.04613262 0.0993379
vt 0.4051297 0.8500671
vn 0.09277344 0.0004460812 -0.9956055
v 3.804497E-05 0.04660994 0.09945168
vt 0.3969349 0.837764
vn 0.05361938 -0.03063965 -0.9980469
v -0.00481503 0.04623165 0.099029
vt 0.4047474 0.861841
vn 0.2893066 0.02409363 -0.956543
v -0.002318363 0.04672853 0.09932107
vt 0.3963859 0.8499864
vn 0.08636475 -0.02485657 -0.9956055
v 3.817262E-05 0.04736215 0.09942652
vt 0.3861791 0.8407466
vn 0.05059814 -0.06750488 -0.9960938
v -0.006886557 0.04628767 0.09813397
vt 0.4042555 0.8712105
vn 0.7573242 0.03601074 -0.6513672
v -0.002289371 0.04744578 0.09929253
vt 0.3874112 0.8509516
vn 0.07489014 -0.05490112 -0.9956055
v 3.822139E-05 0.04845144 0.09931436
vt 0.3778442 0.8454181
vn 0.04342651 -0.07958984 -0.9956055
v -0.004790796 0.04706604 0.0990356
vt 0.3965434 0.8615199
vn 0.2729492 -0.0231781 -0.9614258
v -0.002228194 0.04857653 0.09920964
vt 0.3796096 0.8544762
vn 0.06549072 -0.06860352 -0.9951172
v -0.0007173048 0.04964305 0.09919696
vt 0.3706034 0.8523835
vn 0.03060913 -0.07928467 -0.9960938
v -0.004716644 0.04803822 0.09902621
vt 0.3883156 0.8625805
vn 0.2565918 -0.05825806 -0.9643555
v -0.002111662 0.04986204 0.09915192
vt 0.3712043 0.8585908
vn 0.05044556 -0.1188354 -0.9912109
v -0.001753359 0.05110502 0.09889784
vt 0.3620357 0.8647837
vn 0.01623535 -0.2651367 -0.9638672
v -0.002307286 0.05152415 0.09866279
vt 0.3597754 0.8699286
vn 0.07501221 -0.3518066 -0.9326172
v -0.004393932 0.0494238 0.09899766
vt 0.3774344 0.8661808
vn 0.2333984 -0.1123047 -0.9658203
v -0.003778103 0.05089187 0.09891793
vt 0.3680326 0.8674189
vn 0.1610107 -0.2507324 -0.9541016
v -0.006678814 0.04876718 0.09814898
vt 0.3856965 0.8729159
vn 0.7470703 -0.173584 -0.6411133
v -0.006827838 0.04744928 0.09814337
vt 0.395433 0.8717279
vn 0.7553711 -0.08404541 -0.6494141
v -0.006085422 0.05047772 0.09823804
vt 0.3752897 0.8737308
vn 0.6811523 -0.3347168 -0.6508789
v -0.008624396 0.04784019 0.09486423
vt 0.3945807 0.8872645
vn 0.9599609 -0.1417236 -0.2407227
v -0.004969566 0.05221339 0.09814053
vt 0.3643812 0.8758081
vn 0.5268555 -0.5292969 -0.6645508
v -0.008315293 0.04951802 0.09492092
vt 0.3849555 0.8876161
vn 0.9365234 -0.2524414 -0.2416992
v -0.007535633 0.05168046 0.09503265
vt 0.3732404 0.8882436
vn 0.8569336 -0.4472656 -0.2541504
v -0.008828116 0.04635858 0.094868
vt 0.4037879 0.8872436
vn 0.9672852 0.02044678 -0.2524414
v -0.008835108 0.04799445 0.09065224
vt 0.3948791 0.9040803
vn 0.9873047 -0.151001 0.04537964
v -0.008576304 0.04444653 0.09491991
vt 0.4168685 0.8884118
vn 0.949707 0.1622314 -0.267334
v -0.009059157 0.04627844 0.0906786
vt 0.4041172 0.9031076
vn 0.9980469 0.02586365 0.05224609
v -0.008421531 0.04618154 0.08673669
vt 0.4043868 0.9209455
vn 0.9477539 0.05734253 0.3134766
v -0.008261379 0.04789909 0.0865182
vt 0.3959149 0.9219834
vn 0.9418945 -0.1159058 0.314209
v -0.006496584 0.04609056 0.08315966
vt 0.4043712 0.9413506
vn 0.7646484 0.07061768 0.6401367
v -0.003498012 0.04594492 0.0808233
vt 0.4049284 0.960476
vn 0.4748535 0.04934692 0.878418
v -0.003350794 0.04757178 0.08099178
vt 0.3957741 0.9605781
vn 0.4580078 -0.1165771 0.8808594
vt 0.3945357 0.978909
v -0.006329855 0.04775629 0.08317043
vt 0.3959389 0.9415568
vn 0.7446289 -0.1030884 0.6586914
v -0.008465935 0.04985358 0.09061244
vt 0.3850811 0.905139
vn 0.9619141 -0.2709961 0.03445435
v -0.007945332 0.04972634 0.08632762
vt 0.3863631 0.924549
vn 0.9223633 -0.2384033 0.3034668
v -0.006066302 0.04949732 0.08321141
vt 0.3867669 0.9423051
vn 0.7177734 -0.1942139 0.668457
v -0.003177975 0.0492884 0.0812181
vt 0.3860099 0.9598739
vn 0.4472656 -0.1817627 0.8754883
vt 0.3836099 0.9770975
vt 0.3710544 0.9737881
v -0.007226945 0.0516216 0.08624221
vt 0.3765929 0.9260638
vn 0.8544922 -0.4331055 0.2856445
v -0.002923028 0.05119869 0.08162795
vt 0.375035 0.9578453
vn 0.4304199 -0.2954102 0.8525391
v -0.005561882 0.05121984 0.08333313
vt 0.3776973 0.9425402
vn 0.6796875 -0.3466797 0.6455078
v -0.002578883 0.05298797 0.08214995
vt 0.3645454 0.955193
vn 0.3708496 -0.5078125 0.7773438
vt 0.3589696 0.9677721
vt 0.3421068 0.9549751
v -0.004663724 0.0531748 0.08373746
vt 0.3666494 0.9422628
vn 0.6113281 -0.5166016 0.5986328
v -0.005911627 0.05356767 0.08637828
vt 0.3651604 0.9275466
vn 0.765625 -0.5952148 0.2434082
v -0.007732268 0.05187181 0.0905197
vt 0.3743194 0.9068809
vn 0.8852539 -0.463623 0.03042603
v -0.004309824 0.05457748 0.08493077
vt 0.3583458 0.9369285
vn 0.5527344 -0.6987305 0.4536133
v -0.006099637 0.05384845 0.09488536
vt 0.3609933 0.8911123
vn 0.7114258 -0.652832 -0.2580566
v -0.006218606 0.0541162 0.09032631
vt 0.3610798 0.9105989
vn 0.7568359 -0.652832 0.02604675
v -0.004224295 0.05544355 0.08675698
vt 0.3527071 0.9290451
vn 0.5683594 -0.796875 0.2036133
v -0.002171181 0.05526553 0.08392925
vt 0.3500835 0.9463332
vn 0.309082 -0.7631836 0.5668945
v -0.001948019 0.05655289 0.08665579
vt 0.338662 0.9325444
vn 0.3173828 -0.9155273 0.2452393
vt 0.3295745 0.9369485
v -0.004271281 0.05585877 0.09023695
vt 0.3488989 0.9135172
vn 0.5664063 -0.8237305 0.01331329
v -0.001962468 0.0570139 0.09029661
vt 0.3338366 0.9141099
vn 0.3513184 -0.9360352 0.008529663
vt 0.3211555 0.9176012
vt 0.3167784 0.8969219
v -0.001987336 0.05660136 0.09446812
vt 0.3346114 0.8938832
vn 0.3068848 -0.8964844 -0.3183594
vt 0.3181646 0.8761385
v -0.004142837 0.05548959 0.09458625
vt 0.3493964 0.8944765
vn 0.5136719 -0.8129883 -0.2731934
v -0.001820977 0.05438263 0.09741055
vt 0.3408025 0.8764389
vn 0.1873779 -0.7192383 -0.668457
vt 0.3201298 0.8663563
v -0.003515045 0.05354528 0.09786992
vt 0.3550664 0.8789939
vn 0.3498535 -0.65625 -0.6679688
v -0.001542122 0.05303925 0.09826948
vt 0.3426929 0.8680844
vn 0.04302979 -0.4333496 -0.8999023
vt 0.3219755 0.8587186
v -0.001269096 0.0518227 0.0987184
vt 0.3434822 0.861393
vn 0.03111267 -0.307373 -0.9506836
v -0.001754175 0.05109113 0.09889299
vt 0.3549587 0.8649342
vn 0.0769043 -0.2766113 -0.9575195
v -0.0009857528 0.05054395 0.09900591
vt 0.3430341 0.8538184
vn -0.0008749962 -0.2269287 -0.9736328
v -0.00129872 0.05045126 0.09902798
vt 0.3481377 0.8566532
vn -0.01248932 -0.2174072 -0.9755859
vt 0.3238305 0.8512005
v -0.000727686 0.04964499 0.09919135
vt 0.3421552 0.8492199
vn 0.01992798 -0.1625977 -0.9863281
vt 0.3247835 0.8472571
v -0.0004298336 0.0491259 0.09924018
vt 0.3359564 0.843919
vn 0.009368896 -0.09063721 -0.9956055
vt 0.3264807 0.8400776
v -0.001728673 0.04100715 -0.03336244
vt 0.2069406 0.7171014
vn -0.9990234 -0.02749634 -0.02635193
v -0.002202771 0.03925486 -0.0288001
vt 0.198779 0.6971568
vn -0.8427734 -0.4665527 -0.267334
v -0.00188071 0.04131832 -0.03314061
vt 0.2083651 0.7159904
vn -0.8911133 -0.3947754 -0.2227783
v -0.00191593 0.04298525 -0.03635804
vt 0.2165419 0.7295878
vn -0.9267578 -0.328125 -0.1817627
v -0.001928669 0.03883352 -0.02882419
vt 0.1966795 0.6974613
vn -0.996582 -0.06216431 -0.05413818
v -0.002411897 0.03705617 -0.02421077
vt 0.1906011 0.6783636
vn -0.8056641 -0.5366211 -0.2496338
v -0.001728673 0.04263913 -0.03662102
vt 0.2149952 0.7308575
vn -0.9995117 -0.01425171 -0.006011963
v -0.001868033 0.04438129 -0.03860537
vt 0.2222976 0.7386671
vn -0.9375 -0.2937012 -0.1842041
v -0.001728673 0.03558357 -0.03521153
vt 0.186165 0.7256447
vn -0.9995117 -0.01873779 -0.01295471
v -0.002123911 0.03665359 -0.024261
vt 0.1886078 0.6788578
vn -0.9912109 -0.114563 -0.06567383
v -0.00256171 0.03499226 -0.01829888
vt 0.1789575 0.6542989
vn -0.7939453 -0.5673828 -0.2166748
v -0.001785262 0.03422321 -0.03054546
vt 0.1793834 0.7063721
vn -0.9990234 -0.02915955 -0.02210999
v -0.00227574 0.03459424 -0.01835086
vt 0.1769649 0.6549311
vn -0.9794922 -0.1807861 -0.08532715
v -0.002734738 0.03260792 -0.01146808
vt 0.1651542 0.6270792
vn -0.7861328 -0.5825195 -0.2041016
v -0.001841861 0.03326859 -0.02457943
vt 0.1741486 0.6817483
vn -0.9980469 -0.04922485 -0.02923584
v -0.002449094 0.03229795 -0.01155746
vt 0.1635204 0.6278579
vn -0.9921875 -0.1124268 -0.04528809
v -0.002910378 0.03004556 -0.002789875
vt 0.1490899 0.5926999
vn -0.8022461 -0.5673828 -0.1854248
v -0.002125019 0.03263191 -0.01769251
vt 0.1683397 0.6532674
vn -0.996582 -0.06671143 -0.03915405
v -0.001555373 0.02829517 -0.03181724
vt 0.1563578 0.7136404
vn -0.9926758 -0.1129761 -0.03396606
v -0.001563105 0.02629553 -0.02568006
vt 0.1460141 0.6894695
vn -0.9926758 -0.1068726 -0.05233765
v -0.001558903 0.02444933 -0.01935694
vt 0.1353649 0.664569
vn -0.9931641 -0.1000366 -0.05215454
v -0.001530863 0.02980366 -0.037152
vt 0.1639341 0.7348878
vn -0.9941406 -0.104248 -0.01473999
v -0.0005628387 0.0246852 -0.03280048
vt 0.1422112 0.7190537
vn -0.9594727 -0.2722168 -0.07110596
v -0.0004195116 0.0214399 -0.02689464
vt 0.1267127 0.6968786
vn -0.9697266 -0.2131348 -0.1158447
v -0.001745287 0.03720296 -0.03960223
vt 0.1939309 0.7435798
vn -0.9995117 -0.01823425 -0.002933502
v -0.000512664 0.02439981 -0.03876083
vt 0.143114 0.742671
vn -0.972168 -0.2331543 -0.00561142
v -0.001728056 0.04409331 -0.03894111
vt 0.2211197 0.7402256
vn -0.9995117 -0.0002110004 -0.01000977
v -0.001912744 0.04507628 -0.03961047
vt 0.226217 0.7421128
vn -0.9511719 -0.2565918 -0.1696777
v -0.001530863 0.03103788 -0.04255475
vt 0.1701542 0.7564862
vn -0.9956055 -0.09124756 -0.01056671
v -0.001764182 0.03945681 -0.04494685
vt 0.2044011 0.7651669
vn -0.9995117 -0.005931854 -0.009513855
v -0.001728673 0.04489519 -0.04037085
vt 0.2259226 0.7459791
vn -0.9995117 0.007896423 -0.01847839
v -0.001854266 0.0459441 -0.04074687
vt 0.2321533 0.7470645
vn -0.9790039 0 -0.2023926
v -0.001535762 0.03226856 -0.05055907
vt 0.1764583 0.7884368
vn -0.9946289 -0.09765625 -0.02029419
v -0.001728673 0.0459441 -0.0413145
vt 0.2321487 0.7501902
vn -0.9995117 0 -0.01535797
v -0.0004138591 0.02315049 -0.04441145
vt 0.139394 0.7651634
vn -0.9819336 -0.1873779 -0.01089478
v -0.001728673 0.04699301 -0.04037085
vt 0.2383886 0.7459947
vn -0.9995117 -0.007896423 -0.01847839
v -0.001912743 0.04681191 -0.03961047
vt 0.2381041 0.742128
vn -0.9511719 0.2565918 -0.1696777
v -1.558717E-33 0.02394259 -0.03885974
vt 0.1404328 0.7431498
vn -0.6655273 -0.7392578 0.09832764
v -1.651986E-34 0.02422997 -0.03294264
vt 0.1394995 0.7201126
vn -0.671875 -0.7226563 -0.1610107
v -2.358007E-33 0.0226802 -0.04450136
vt 0.1370035 0.7655686
vn -0.7519531 -0.6586914 0.007453918
v 6.399778E-34 0.0210258 -0.02703045
vt 0.1246118 0.6980892
vn -0.7358398 -0.5424805 -0.4042969
v -0.0003895732 0.02404171 -0.05446571
vt 0.14334 0.8030981
vn -0.9833984 -0.1763916 -0.03936768
v -2.745326E-33 0.02355256 -0.05471216
vt 0.140933 0.8042342
vn -0.7836914 -0.6015625 -0.1541748
v -0.0003347629 0.01596406 -0.02117622
vt 0.1017537 0.6767548
vn -0.9824219 -0.1622314 -0.08856201
v 1.492843E-33 0.01531945 -0.02125876
vt 0.0989409 0.6776875
vn -0.8354492 -0.4624023 -0.2956543
v -0.0005060639 0.02671302 -0.05981458
vt 0.1552768 0.8255914
vn -0.9824219 -0.1514893 -0.1044312
v -1.889808E-33 0.02623826 -0.06016817
vt 0.152745 0.8275324
vn -0.7480469 -0.4960938 -0.4401855
v 2.186107E-34 0.0309976 -0.06320395
vt 0.1714436 0.8397325
vn -0.640625 -0.5351563 -0.5498047
v -0.001543067 0.03411463 -0.05431154
vt 0.1842803 0.803328
vn -0.9975586 -0.05584717 -0.0369873
v -0.0006285406 0.03136852 -0.06285904
vt 0.1737339 0.8375188
vn -0.980957 -0.1489258 -0.123291
v -0.0006054409 0.03553236 -0.06841514
vt 0.1903015 0.8595716
vn -0.9633789 -0.251709 -0.08929443
v 2.324691E-33 0.03522579 -0.06869483
vt 0.1879109 0.8611612
vn -0.5737305 -0.7670898 -0.2856445
v -0.001544011 0.03699109 -0.05922211
vt 0.196105 0.8228082
vn -0.9975586 -0.0489502 -0.04202271
v -0.000644932 0.03639989 -0.0750899
vt 0.1942068 0.8858694
vn -0.9438477 -0.3291016 -0.008811951
v 1.965399E-33 0.03599617 -0.07542825
vt 0.1912629 0.8872371
vn -0.5317383 -0.8461914 0.02693176
v -0.001327566 0.0384852 -0.06502049
vt 0.2022268 0.8459173
vn -0.9941406 -0.09747314 -0.0350647
v -0.001328959 0.03920364 -0.07212247
vt 0.2053632 0.8740288
vn -0.987793 -0.1550293 -0.00844574
v -0.0005920902 0.03562122 -0.08077662
vt 0.191798 0.9079597
vn -0.9560547 -0.2907715 -0.03439331
v 3.956831E-34 0.03516392 -0.08103279
vt 0.1889682 0.9090744
vn -0.5947266 -0.800293 -0.07165527
v -0.001338826 0.03958309 -0.07836077
vt 0.2071794 0.8983991
vn -0.9868164 -0.1606445 -0.01841736
v -0.0004367089 0.03714858 -0.08808996
vt 0.1976713 0.9360558
vn -0.9501953 -0.286377 -0.1189575
v -1.132589E-33 0.03685924 -0.08822885
vt 0.195776 0.9369435
vn -0.6030273 -0.7338867 -0.3120117
v -0.001165442 0.04057387 -0.08641221
vt 0.2110987 0.9294465
vn -0.9833984 -0.1682129 -0.0604248
v -0.0004317726 0.04089335 -0.09317127
vt 0.2120555 0.955837
vn -0.9169922 -0.3088379 -0.2514648
v -2.353286E-33 0.04081179 -0.09350708
vt 0.2110438 0.9577389
vn -0.675293 -0.5717773 -0.4648438
v -0.001759463 0.04355427 -0.08544374
vt 0.2227646 0.9255688
vn -0.9956055 -0.08544922 -0.02711487
v -0.0001994976 0.04553465 -0.09861777
vt 0.2303721 0.9769076
vn -0.9223633 -0.2827148 -0.2629395
v -3.271666E-33 0.04544463 -0.09914301
vt 0.2299551 0.9790872
vn -0.7592773 -0.4958496 -0.4204102
v -0.000877335 0.04268815 -0.09214704
vt 0.2191154 0.9516779
vn -0.9716797 -0.1912842 -0.1356201
v -3.377958E-33 0.0459441 -0.09988415
vt 0.231984 0.981899
vn -0.9741211 0 -0.2248535
v -0.0002921411 0.0459441 -0.09836352
vt 0.2319854 0.9758594
vn -0.9790039 0.01657104 -0.2008057
v -0.001730058 0.0459441 -0.09162286
vt 0.2319569 0.9492724
vn -0.9926758 0.009017944 -0.1177368
v -0.001729575 0.04301543 -0.07680282
vt 0.220569 0.8922615
vn -0.9975586 -0.06573486 -0.006622314
v -0.0001994976 0.04635355 -0.09861777
vt 0.2335941 0.976907
vn -0.918457 0.2995605 -0.2575684
v -3.271666E-33 0.04644357 -0.09914301
vt 0.234014 0.9790875
vn -0.7592773 0.4958496 -0.4204102
v -2.353286E-33 0.05107641 -0.09350708
vt 0.2529245 0.9577417
vn -0.6655273 0.5786133 -0.470459
v -0.0007533661 0.04920005 -0.09214705
vt 0.244918 0.9517468
vn -0.9716797 0.1901855 -0.1369629
v -0.0004315308 0.05099485 -0.09317126
vt 0.2519165 0.9558378
vn -0.9243164 0.2890625 -0.2478027
v -1.132589E-33 0.05502896 -0.08822884
vt 0.2682568 0.9369953
vn -0.5673828 0.7587891 -0.3186035
v -0.001759463 0.04833393 -0.08544374
vt 0.2411774 0.9255794
vn -0.9956055 0.08850098 -0.03027344
v -0.0004933891 0.05473961 -0.08808995
vt 0.2662038 0.936032
vn -0.949707 0.2868652 -0.1226196
v 3.955018E-34 0.05672427 -0.08103769
vt 0.2751098 0.9091668
vn -0.5585938 0.8256836 -0.074646
v -0.001165442 0.05131432 -0.08641221
vt 0.2528357 0.9294579
vn -0.984375 0.1630859 -0.06317139
v -0.0006601214 0.05626697 -0.08078255
vt 0.272077 0.9080418
vn -0.9560547 0.2895508 -0.0333252
v 2.233353E-33 0.05589202 -0.07548716
vt 0.2727729 0.8875505
vn -0.5263672 0.8496094 0.00932312
v -0.001338826 0.05230511 -0.07837144
vt 0.2567948 0.8984771
vn -0.9873047 0.1552734 -0.01687622
v -0.0006504242 0.05548831 -0.07516267
vt 0.2698225 0.8862047
vn -0.9506836 0.309082 -0.01028442
v 1.785395E-33 0.05704287 -0.06943822
vt 0.2774421 0.8641847
vn -0.5595703 0.7719727 -0.3007813
v -0.001729574 0.04887277 -0.07681195
vt 0.2434134 0.8923143
vn -0.9975586 0.06549072 -0.006641388
v -0.00060544 0.0567363 -0.06915659
vt 0.2750682 0.8625663
vn -0.9677734 0.2359619 -0.08764648
v -7.179013E-34 0.06089059 -0.06320395
vt 0.2928848 0.8400722
vn -0.5688477 0.6162109 -0.5439453
v -0.001328959 0.05268456 -0.07229363
vt 0.2586312 0.8747398
vn -0.9882813 0.1496582 -0.007480621
v -0.0007225897 0.06051968 -0.06285904
vt 0.2903244 0.8377014
vn -0.9824219 0.1484375 -0.1126099
v -0.001327566 0.05302253 -0.06517665
vt 0.2602878 0.8465868
vn -0.9951172 0.09143066 -0.03329468
v -0.001740967 0.04921435 -0.06936717
vt 0.24494 0.8630958
vn -0.9980469 0.06051636 0.006244659
v -0.001787866 0.0459441 -0.0763154
vt 0.2319921 0.8903716
vn -0.9995117 0 -0.001133919
v -0.001740967 0.04267384 -0.06936717
vt 0.2190801 0.8630739
vn -0.9980469 -0.05899048 0.005435944
v -0.001786022 0.0459441 -0.06777294
vt 0.2320168 0.8567637
vn -0.9995117 0 0.01629639
v -0.001566056 0.04223922 -0.06214152
vt 0.2172077 0.8343939
vn -0.9995117 -0.02392578 0.001516342
v -0.001566056 0.04964897 -0.06214152
vt 0.2468736 0.8344302
vn -0.9995117 0.02333069 0.001409531
v -0.001571188 0.0459441 -0.05987643
vt 0.2320534 0.8253389
vn -0.9995117 0 0.007919312
v -0.001556889 0.04211336 -0.05227871
vt 0.2164378 0.7949007
vn -0.9995117 -9.077787E-05 -0.01230621
v -0.001564634 0.0459441 -0.05287915
vt 0.2320927 0.7972986
vn -0.9995117 0 -0.005378723
v -0.001556889 0.04977484 -0.05227871
vt 0.247755 0.7949424
vn -0.9995117 9.524822E-05 -0.01232147
v -0.001544011 0.05489711 -0.05922211
vt 0.2680133 0.8229097
vn -0.9975586 0.04922485 -0.03973389
v -0.001543067 0.05777357 -0.05431154
vt 0.2798971 0.8034569
vn -0.9975586 0.05541992 -0.03598022
v -0.001764182 0.05243139 -0.04494685
vt 0.2598707 0.7652382
vn -0.9995117 0.005931854 -0.009513855
v -0.0004787208 0.06575494 -0.05926878
vt 0.3111696 0.8236861
vn -0.9824219 0.1516113 -0.1047974
v -2.001843E-33 0.06603041 -0.05945807
vt 0.3129801 0.8250926
vn -0.5825195 0.590332 -0.5581055
v -0.001535762 0.05961964 -0.05055907
vt 0.2877613 0.788587
vn -0.9951172 0.09240723 -0.02056885
v -0.0003801656 0.068642 -0.0541538
vt 0.323065 0.8038681
vn -0.984375 0.1689453 -0.04013062
v -2.709968E-33 0.06893298 -0.0542435
vt 0.3248984 0.8044462
vn -0.5913086 0.7822266 -0.1938477
v -0.00041386 0.06931748 -0.04454758
vt 0.3271213 0.7660725
vn -0.9833984 0.1806641 -0.008918762
v -3.651811E-33 0.06958845 -0.04446178
vt 0.329076 0.7657907
vn -0.5712891 0.8178711 0.06237793
v -3.614445E-33 0.06813584 -0.03885975
vt 0.3248338 0.7433621
vn -0.5556641 0.8188477 0.1417236
v -0.001530863 0.06085032 -0.04255475
vt 0.2941647 0.7566493
vn -0.9956055 0.08776855 -0.009246826
v -0.0005126654 0.06776636 -0.03876083
vt 0.3223535 0.7429607
vn -0.9741211 0.2255859 0.0005278587
v -4.388954E-33 0.06765822 -0.03294264
vt 0.3250786 0.7203011
vn -0.5942383 0.7885742 -0.1571045
v -0.001745287 0.05468524 -0.03960223
vt 0.2703979 0.7436718
vn -0.9995117 0.01823425 -0.002933502
v -0.001530863 0.06208454 -0.037152
vt 0.3004504 0.735044
vn -0.9946289 0.1019897 -0.01261139
v -0.0005628394 0.06729075 -0.03280048
vt 0.3225855 0.7192459
vn -0.9604492 0.2692871 -0.06817627
v -0.001728056 0.04779489 -0.03894111
vt 0.2432048 0.7402549
vn -0.9995117 0.0002111197 -0.01000977
v -0.001868032 0.0475069 -0.03860537
vt 0.2420308 0.738694
vn -0.9375 0.2937012 -0.1842041
v -0.001728673 0.04924907 -0.03662101
vt 0.2493496 0.7309003
vn -0.9995117 0.01425171 -0.006011963
v -0.001915929 0.04890295 -0.03635804
vt 0.2478056 0.7296277
vn -0.9267578 0.328125 -0.1817627
v -0.001728673 0.05630463 -0.03521153
vt 0.2782052 0.7257429
vn -0.9995117 0.01873779 -0.01295471
v -0.001728673 0.05088105 -0.03336244
vt 0.2574288 0.7171605
vn -0.9990234 0.02749634 -0.02635193
v -0.00188071 0.05056987 -0.03314061
vt 0.2560058 0.7160473
vn -0.8911133 0.3947754 -0.2227783
v -0.002202771 0.05263334 -0.0288001
vt 0.2656147 0.6972209
vn -0.8427734 0.4665527 -0.267334
v -0.00192867 0.05305468 -0.02882419
vt 0.267715 0.6975273
vn -0.996582 0.06216431 -0.05413818
v -0.002411897 0.05483203 -0.02421077
vt 0.2738082 0.6784174
vn -0.8056641 0.5366211 -0.2496338
v -0.001785262 0.05766498 -0.03054546
vt 0.2850199 0.7064627
vn -0.9990234 0.02915955 -0.02210999
v -0.002123912 0.0552346 -0.02426101
vt 0.2758033 0.6789125
vn -0.9912109 0.114563 -0.06567383
v -0.00256171 0.05689594 -0.01829887
vt 0.2854635 0.6543252
vn -0.7939453 0.5673828 -0.2166748
v -0.001555374 0.06359302 -0.03181724
vt 0.3080773 0.7137725
vn -0.9931641 0.1117554 -0.0328064
v -0.001841861 0.05861961 -0.02457943
vt 0.2902777 0.6818125
vn -0.9980469 0.04922485 -0.02923584
v -0.00227574 0.05729396 -0.01835086
vt 0.2874588 0.6549579
vn -0.9794922 0.1807861 -0.08532715
v -0.002734737 0.05928028 -0.01146808
vt 0.2992775 0.6270604
vn -0.7861328 0.5825195 -0.2041016
v -0.001563105 0.06559267 -0.02568006
vt 0.3184564 0.6895595
vn -0.9926758 0.1050415 -0.05303955
v -0.002125019 0.05925629 -0.01769251
vt 0.2960958 0.6532903
vn -0.996582 0.06671143 -0.03915405
v -0.002449094 0.05959025 -0.01155746
vt 0.3009142 0.6278396
vn -0.9921875 0.1124268 -0.04528809
v -0.002910378 0.06184264 -0.002789874
vt 0.315357 0.5926148
vn -0.8022461 0.5673828 -0.1854248
v -0.001558904 0.06743886 -0.01935694
vt 0.3291264 0.6646078
vn -0.9936523 0.09735107 -0.0519104
v -0.0004195122 0.07053605 -0.02689464
vt 0.3381394 0.6970356
vn -0.9707031 0.2069092 -0.1182861
v -5.490736E-33 0.07086239 -0.02703045
vt 0.3399517 0.6982929
vn -0.6137695 0.6245117 -0.4821777
v -0.0003347641 0.0765368 -0.02117622
vt 0.365229 0.6771263
vn -0.9829102 0.1589355 -0.0880127
v -5.865334E-33 0.07683036 -0.02125875
vt 0.3668126 0.6780521
vn -0.6352539 0.6337891 -0.4404297
v -0.001573115 0.06986693 -0.0124056
vt 0.3429986 0.6375274
vn -0.9936523 0.1048584 -0.03430176
v -0.0003241661 0.08041329 -0.01332866
vt 0.3855047 0.6478458
vn -0.987793 0.1500244 -0.03912354
v -5.489159E-33 0.08067749 -0.01335912
vt 0.3871226 0.6484021
vn -0.6435547 0.7363281 -0.2081299
v -0.002626667 0.0622722 -0.002811249
vt 0.3174527 0.5931592
vn -0.9902344 0.1314697 -0.04202271
v -0.003069883 0.0641594 0.005031627
vt 0.3301439 0.5616688
vn -0.8188477 0.5527344 -0.1544189
v -0.0003046278 0.08159363 -0.003997321
vt 0.3963178 0.6109211
vn -0.9873047 0.1563721 -0.01254272
v -4.349226E-33 0.08184512 -0.004019998
vt 0.3978953 0.6112949
vn -0.6293945 0.7763672 -0.02281189
v -3.124216E-33 0.08118246 0.004661167
vt 0.4013479 0.5756953
vn -0.6137695 0.7836914 0.09228516
v -0.001544811 0.07161763 -0.003301736
vt 0.3559162 0.6013778
vn -0.9921875 0.1190796 -0.02275085
v -0.0003498561 0.0809179 0.004626562
vt 0.3995417 0.575597
vn -0.9833984 0.1811523 0.001962662
v -2.413716E-33 0.07987282 0.01312797
vt 0.4024534 0.5404921
vn -0.5961914 0.7890625 0.1445313
v -0.002790429 0.06455778 0.005024657
vt 0.332135 0.5621438
vn -0.984375 0.1690674 -0.04223633
v -0.003168552 0.06601078 0.01378373
vt 0.3441685 0.5267715
vn -0.8149414 0.5664063 -0.1199341
v -0.001594011 0.07239606 0.004679078
vt 0.3645489 0.5692321
vn -0.9887695 0.1461182 -0.01789856
v -0.0004058384 0.07955694 0.01311422
vt 0.400345 0.5402806
vn -0.9716797 0.2349854 0.01675415
v -2.227841E-33 0.07778015 0.02331235
vt 0.4025781 0.4976118
vn -0.5727539 0.8022461 0.1647949
v -0.002875131 0.06644982 0.01375615
vt 0.3463109 0.5273651
vn -0.9760742 0.2137451 -0.03616333
v -0.003273601 0.06766509 0.02294002
vt 0.358077 0.4902316
vn -0.793457 0.6020508 -0.08215332
v -0.001671407 0.07277612 0.01319544
vt 0.3723524 0.5346321
vn -0.9824219 0.1855469 -0.0112915
v -0.0005581891 0.07739291 0.02327747
vt 0.3997756 0.4974001
vn -0.9482422 0.3149414 0.03817749
v -2.130009E-33 0.07575151 0.03306785
vt 0.4033245 0.4564097
vn -0.5234375 0.8339844 0.1732178
v -0.002973184 0.06804494 0.02290276
vt 0.3600283 0.4908364
vn -0.9648438 0.2617188 -0.01818848
v -0.002838679 0.06898604 0.03234462
vt 0.3719819 0.452767
vn -0.7529297 0.65625 -0.0453186
v -0.001738463 0.07292571 0.02310679
vt 0.3808492 0.4942232
vn -0.9716797 0.2344971 0.005939484
v -0.0006353819 0.07534709 0.03294589
vt 0.4001589 0.4564655
vn -0.8984375 0.4328613 0.07318115
v -3.23679E-33 0.07373439 0.04246335
vt 0.4049583 0.4164963
vn -0.4733887 0.8618164 0.1804199
v -0.002492952 0.06940665 0.03238374
vt 0.3742484 0.4531137
vn -0.9443359 0.3278809 0.0144043
v -0.002358274 0.07012473 0.04268823
vt 0.3866513 0.4115503
vn -0.7041016 0.7094727 0.01127625
v -0.000884745 0.07328317 0.04245644
vt 0.4008479 0.4159785
vn -0.8393555 0.5317383 0.1118774
v -6.138664E-33 0.07057296 0.05745747
vt 0.4072348 0.3524479
vn -0.8583984 0.4963379 0.1281738
v -0.001608812 0.07269523 0.03258305
vt 0.3883479 0.4554009
vn -0.9575195 0.2858887 0.03213501
v -0.001179781 0.0722135 0.04245022
vt 0.3963513 0.4148529
vn -0.9423828 0.3283691 0.06347656
v -0.001953154 0.07049596 0.04265198
vt 0.3888724 0.4121843
vn -0.902832 0.4260254 0.05603027
v -0.001573114 0.02202127 -0.0124056
vt 0.1215094 0.6375379
vn -0.9931641 -0.1079102 -0.03549194
v -0.0003241656 0.0119998 -0.01332866
vt 0.08116549 0.647517
vn -0.9873047 -0.1533203 -0.04077148
v 2.090109E-33 0.01147233 -0.01335913
vt 0.07871328 0.6481321
vn -0.8598633 -0.4921875 -0.1342773
v -0.002626667 0.02961599 -0.00281125
vt 0.1469984 0.5932443
vn -0.9902344 -0.1314697 -0.04202271
v -0.003069884 0.0277288 0.005031628
vt 0.1343169 0.5618235
vn -0.8188477 -0.5527344 -0.1544189
v -0.0003046278 0.01081946 -0.003997321
vt 0.07039398 0.610626
vn -0.9868164 -0.1601563 -0.0128479
v 2.404252E-33 0.01030471 -0.004019998
vt 0.06799693 0.6111253
vn -0.8525391 -0.5219727 -0.0147934
v 2.488658E-33 0.01096737 0.004661168
vt 0.06461035 0.5756367
vn -0.8354492 -0.5454102 0.06231689
v -0.00154481 0.02027056 -0.003301736
vt 0.1086135 0.6014549
vn -0.9916992 -0.1224976 -0.02337646
v -0.000349856 0.0114952 0.004626563
vt 0.06719434 0.5753673
vn -0.9824219 -0.1864014 0.002412796
v 1.522321E-33 0.01227701 0.01312797
vt 0.06350113 0.5405579
vn -0.7666016 -0.6318359 0.109375
v -0.002790429 0.02733042 0.005024658
vt 0.1323307 0.5622986
vn -0.984375 -0.1690674 -0.04223633
v -0.003168552 0.02587742 0.01378373
vt 0.120302 0.5270223
vn -0.8149414 -0.5664063 -0.1199341
v -0.001594011 0.01949214 0.004679078
vt 0.09999812 0.5693819
vn -0.9882813 -0.151001 -0.01826477
v -0.000405838 0.01285614 0.01311422
vt 0.06637472 0.5401287
vn -0.9692383 -0.2436523 0.01618958
v -4.132592E-34 0.01436967 0.02331235
vt 0.06309246 0.4978136
vn -0.6376953 -0.7553711 0.1496582
v -0.002875132 0.02543837 0.01375615
vt 0.118166 0.5276161
vn -0.9760742 -0.2137451 -0.03616333
v -0.003273601 0.02422311 0.02294002
vt 0.1063984 0.4906061
vn -0.793457 -0.6020508 -0.08215332
v -0.001671407 0.01911207 0.01319544
vt 0.09220374 0.5348786
vn -0.980957 -0.1922607 -0.01204681
v -0.000558188 0.01475691 0.02327747
vt 0.06588376 0.4975844
vn -0.9423828 -0.3317871 0.0383606
v -1.218814E-33 0.0163983 0.03306786
vt 0.0622509 0.4567653
vn -0.5239258 -0.8364258 0.1605225
v -0.002973184 0.02384326 0.02290276
vt 0.1044544 0.4912116
vn -0.9648438 -0.2617188 -0.01818848
v -0.002838679 0.02290216 0.03234462
vt 0.09247772 0.4533036
vn -0.7529297 -0.65625 -0.0453186
v -0.001738462 0.01896247 0.02310679
vt 0.08371222 0.4946111
vn -0.9697266 -0.2426758 0.005435944
v -0.0006353814 0.01680273 0.03294589
vt 0.06540531 0.4567994
vn -0.887207 -0.4553223 0.07250977
v -2.132579E-33 0.01815381 0.04246335
vt 0.05960515 0.4172964
vn -0.4736328 -0.8642578 0.1679688
v -0.002492952 0.02248154 0.03238374
vt 0.09022105 0.453653
vn -0.9443359 -0.3278809 0.0144043
v -0.002358274 0.02176345 0.04268823
vt 0.07779644 0.412299
vn -0.7041016 -0.7094727 0.01127625
v -0.001608811 0.01919296 0.03258305
vt 0.07618326 0.4559544
vn -0.9545898 -0.2946777 0.03231812
v -0.0008847453 0.01860502 0.04245644
vt 0.06368971 0.4167483
vn -0.8276367 -0.550293 0.1087036
v -6.138664E-33 0.02131523 0.05745747
vt 0.05706883 0.3535845
vn -0.8583984 -0.4963379 0.1281738
v -0.001953153 0.02139224 0.04265198
vt 0.07558817 0.412937
vn -0.902832 -0.4260254 0.05603027
v -0.001179782 0.0196747 0.04245022
vt 0.06815755 0.4156152
vn -0.9399414 -0.3339844 0.06323242
v 0.002202771 0.03925486 -0.0288001
vt 0.8012205 0.6971557
vn 0.8427734 -0.4665527 -0.267334
v 0.001728673 0.04100715 -0.03336244
vt 0.7930594 0.7171014
vn 0.9990234 -0.02749634 -0.02635193
v 0.00188071 0.04131832 -0.03314061
vt 0.7916364 0.7159911
vn 0.8911133 -0.3947754 -0.2227783
v 0.00191593 0.04298525 -0.03635804
vt 0.7834557 0.7295882
vn 0.9267578 -0.328125 -0.1817627
v 0.001928669 0.03883352 -0.02882419
vt 0.8033205 0.6974613
vn 0.996582 -0.06216431 -0.05413818
v 0.002411897 0.03705617 -0.02421077
vt 0.8094004 0.6783634
vn 0.8056641 -0.5366211 -0.2496338
v 0.001728673 0.04263913 -0.03662102
vt 0.7850048 0.7308575
vn 0.9995117 -0.01425171 -0.006011963
v 0.001868033 0.04438129 -0.03860537
vt 0.7777058 0.7386678
vn 0.9375 -0.2937012 -0.1842041
v 0.001728673 0.03558357 -0.03521153
vt 0.813835 0.7256447
vn 0.9995117 -0.01873779 -0.01295471
v 0.002123911 0.03665359 -0.024261
vt 0.8113922 0.6788578
vn 0.9912109 -0.114563 -0.06567383
v 0.00256171 0.03499226 -0.01829888
vt 0.8210431 0.654299
vn 0.7939453 -0.5673828 -0.2166748
v 0.001785262 0.03422321 -0.03054546
vt 0.8206166 0.7063721
vn 0.9990234 -0.02915955 -0.02210999
v 0.00227574 0.03459424 -0.01835086
vt 0.8230351 0.6549311
vn 0.9794922 -0.1807861 -0.08532715
v 0.002734738 0.03260792 -0.01146808
vt 0.8348446 0.6270793
vn 0.7861328 -0.5825195 -0.2041016
v 0.001841861 0.03326859 -0.02457943
vt 0.8258514 0.6817483
vn 0.9980469 -0.04922485 -0.02923584
v 0.002449094 0.03229795 -0.01155746
vt 0.8364796 0.6278579
vn 0.9921875 -0.1124268 -0.04528809
v 0.002910378 0.03004556 -0.002789875
vt 0.8509101 0.5927008
vn 0.8022461 -0.5673828 -0.1854248
v 0.002125019 0.03263191 -0.01769251
vt 0.8316603 0.6532674
vn 0.996582 -0.06671143 -0.03915405
v 0.001555373 0.02829517 -0.03181724
vt 0.8436422 0.7136404
vn 0.9926758 -0.1129761 -0.03396606
v 0.001563105 0.02629553 -0.02568006
vt 0.8539859 0.6894695
vn 0.9926758 -0.1068726 -0.05233765
v 0.001558903 0.02444933 -0.01935694
vt 0.8646351 0.664569
vn 0.9931641 -0.1000366 -0.05215454
v 0.002626667 0.02961599 -0.00281125
vt 0.8530016 0.5932443
vn 0.9902344 -0.1314697 -0.04202271
v 0.003069884 0.0277288 0.005031628
vt 0.8656842 0.5618231
vn 0.8188477 -0.5527344 -0.1544189
v 0.001573114 0.02202127 -0.0124056
vt 0.8784906 0.6375379
vn 0.9931641 -0.1079102 -0.03549194
v 0.002790429 0.02733042 0.005024658
vt 0.8676693 0.5622986
vn 0.984375 -0.1690674 -0.04223633
v 0.003168552 0.02587742 0.01378373
vt 0.8796985 0.5270221
vn 0.8149414 -0.5664063 -0.1199341
v 0.00154481 0.02027056 -0.003301736
vt 0.8913865 0.6014549
vn 0.9916992 -0.1224976 -0.02337646
v 0.002875132 0.02543837 0.01375615
vt 0.881834 0.5276161
vn 0.9760742 -0.2137451 -0.03616333
v 0.003273601 0.02422311 0.02294002
vt 0.8936025 0.4906061
vn 0.793457 -0.6020508 -0.08215332
v 0.001594011 0.01949214 0.004679078
vt 0.9000019 0.5693819
vn 0.9882813 -0.151001 -0.01826477
v 0.002973184 0.02384326 0.02290276
vt 0.8955456 0.4912116
vn 0.9648438 -0.2617188 -0.01818848
v 0.002838679 0.02290216 0.03234462
vt 0.9075226 0.4533037
vn 0.7529297 -0.65625 -0.0453186
v 0.001671407 0.01911207 0.01319544
vt 0.9077963 0.5348786
vn 0.980957 -0.1922607 -0.01204681
v 0.002492952 0.02248154 0.03238374
vt 0.909779 0.453653
vn 0.9443359 -0.3278809 0.0144043
v 0.002358274 0.02176345 0.04268823
vt 0.9222035 0.412299
vn 0.7041016 -0.7094727 0.01127625
v 0.001738462 0.01896247 0.02310679
vt 0.9162878 0.4946111
vn 0.9697266 -0.2426758 0.005435944
v 0.001953153 0.02139224 0.04265198
vt 0.9244118 0.412937
vn 0.902832 -0.4260254 0.05603027
vt 0.9429299 0.3535845
vn 0.8583984 -0.4963379 0.1281738
v 0.001608811 0.01919296 0.03258305
vt 0.9238167 0.4559544
vn 0.9545898 -0.2946777 0.03231812
v 0.001179782 0.0196747 0.04245022
vt 0.9318424 0.4156152
vn 0.9399414 -0.3339844 0.06323242
v 0.0008847453 0.01860502 0.04245644
vt 0.9363103 0.4167483
vn 0.8276367 -0.550293 0.1087036
vt 0.9403949 0.4172962
vn 0.4736328 -0.8642578 0.1679688
v 0.0006353814 0.01680273 0.03294589
vt 0.9345947 0.4567994
vn 0.887207 -0.4553223 0.07250977
vt 0.9377491 0.4567651
vn 0.5239258 -0.8364258 0.1605225
v 0.000558188 0.01475691 0.02327747
vt 0.9341162 0.4975844
vn 0.9423828 -0.3317871 0.0383606
vt 0.9369072 0.4978135
vn 0.6376953 -0.7553711 0.1496582
v 0.000405838 0.01285614 0.01311422
vt 0.9336253 0.5401287
vn 0.9692383 -0.2436523 0.01618958
vt 0.9364991 0.5405565
vn 0.7666016 -0.6318359 0.109375
v 0.000349856 0.0114952 0.004626563
vt 0.9328057 0.5753673
vn 0.9824219 -0.1864014 0.002412796
vt 0.9353894 0.5756375
vn 0.8354492 -0.5454102 0.06231689
v 0.0003046278 0.01081946 -0.003997321
vt 0.929606 0.610626
vn 0.9868164 -0.1601563 -0.0128479
vt 0.9320028 0.6111266
vn 0.8525391 -0.5219727 -0.0147934
vt 0.9212865 0.6481302
vn 0.8598633 -0.4921875 -0.1342773
v 0.0003241656 0.0119998 -0.01332866
vt 0.9188345 0.647517
vn 0.9873047 -0.1533203 -0.04077148
vt 0.9010589 0.6776888
vn 0.8354492 -0.4624023 -0.2956543
v 0.0003347629 0.01596406 -0.02117622
vt 0.8982463 0.6767548
vn 0.9824219 -0.1622314 -0.08856201
vt 0.8753902 0.6980894
vn 0.7358398 -0.5424805 -0.4042969
v 0.0004195116 0.0214399 -0.02689464
vt 0.8732873 0.6968786
vn 0.9697266 -0.2131348 -0.1158447
vt 0.8605011 0.7201144
vn 0.671875 -0.7226563 -0.1610107
v 0.0005628387 0.0246852 -0.03280048
vt 0.8577888 0.7190537
vn 0.9594727 -0.2722168 -0.07110596
v 0.000512664 0.02439981 -0.03876083
vt 0.856886 0.742671
vn 0.972168 -0.2331543 -0.00561142
vt 0.8595673 0.7431482
vn 0.6655273 -0.7392578 0.09832764
v 0.001530863 0.02980366 -0.037152
vt 0.8360659 0.7348878
vn 0.9941406 -0.104248 -0.01473999
v 0.0004138591 0.02315049 -0.04441145
vt 0.860606 0.7651634
vn 0.9819336 -0.1873779 -0.01089478
vt 0.8629976 0.7655696
vn 0.7519531 -0.6586914 0.007453918
v 0.001530863 0.03103788 -0.04255475
vt 0.8298458 0.7564862
vn 0.9956055 -0.09124756 -0.01056671
v 0.001745287 0.03720296 -0.03960223
vt 0.8060691 0.7435798
vn 0.9995117 -0.01823425 -0.002933502
v 0.001535762 0.03226856 -0.05055907
vt 0.8235417 0.7884368
vn 0.9946289 -0.09765625 -0.02029419
v 0.001728056 0.04409331 -0.03894111
vt 0.7788803 0.7402256
vn 0.9995117 -0.0002110004 -0.01000977
v 0.001912744 0.04507628 -0.03961047
vt 0.7737873 0.7421108
vn 0.9511719 -0.2565918 -0.1696777
v 0.001764182 0.03945681 -0.04494685
vt 0.7955989 0.7651669
vn 0.9995117 -0.005931854 -0.009513855
v 0.001728673 0.04489519 -0.04037085
vt 0.7740774 0.7459791
vn 0.9995117 0.007896423 -0.01847839
v 0.001854266 0.0459441 -0.04074687
vt 0.7678466 0.7470616
vn 0.9790039 0 -0.2023926
v 0.001543067 0.03411463 -0.05431154
vt 0.8157197 0.803328
vn 0.9975586 -0.05584717 -0.0369873
v 0.0003895732 0.02404171 -0.05446571
vt 0.85666 0.8030981
vn 0.9833984 -0.1763916 -0.03936768
vt 0.8590678 0.804234
vn 0.7836914 -0.6015625 -0.1541748
v 0.0005060639 0.02671302 -0.05981458
vt 0.8447232 0.8255914
vn 0.9824219 -0.1514893 -0.1044312
vt 0.8472545 0.8275312
vn 0.7480469 -0.4960938 -0.4401855
vt 0.8285545 0.839733
vn 0.640625 -0.5351563 -0.5498047
v 0.0006285406 0.03136852 -0.06285904
vt 0.8262661 0.8375188
vn 0.980957 -0.1489258 -0.123291
v 0.0006054409 0.03553236 -0.06841514
vt 0.8096985 0.8595716
vn 0.9633789 -0.251709 -0.08929443
vt 0.8120897 0.8611613
vn 0.5737305 -0.7670898 -0.2856445
v 0.001544011 0.03699109 -0.05922211
vt 0.803895 0.8228082
vn 0.9975586 -0.0489502 -0.04202271
v 0.000644932 0.03639989 -0.0750899
vt 0.8057932 0.8858694
vn 0.9438477 -0.3291016 -0.008811951
vt 0.8087358 0.8872375
vn 0.5317383 -0.8461914 0.02693176
v 0.001327566 0.0384852 -0.06502049
vt 0.7977732 0.8459173
vn 0.9941406 -0.09747314 -0.0350647
v 0.001328959 0.03920364 -0.07212247
vt 0.7946368 0.8740288
vn 0.987793 -0.1550293 -0.00844574
v 0.0005920902 0.03562122 -0.08077662
vt 0.808202 0.9079597
vn 0.9560547 -0.2907715 -0.03439331
vt 0.8110323 0.9090728
vn 0.5947266 -0.800293 -0.07165527
v 0.001338826 0.03958309 -0.07836077
vt 0.7928206 0.8983991
vn 0.9868164 -0.1606445 -0.01841736
v 0.0004367089 0.03714858 -0.08808996
vt 0.8023287 0.9360558
vn 0.9501953 -0.286377 -0.1189575
vt 0.8042246 0.9369432
vn 0.6030273 -0.7338867 -0.3120117
v 0.001165442 0.04057387 -0.08641221
vt 0.7889013 0.9294465
vn 0.9833984 -0.1682129 -0.0604248
v 0.0004317726 0.04089335 -0.09317127
vt 0.7879445 0.955837
vn 0.9169922 -0.3088379 -0.2514648
vt 0.7889562 0.9577392
vn 0.675293 -0.5717773 -0.4648438
v 0.001759463 0.04355427 -0.08544374
vt 0.7772354 0.9255688
vn 0.9956055 -0.08544922 -0.02711487
v 0.0001994976 0.04553465 -0.09861777
vt 0.7696274 0.9769027
vn 0.9223633 -0.2827148 -0.2629395
vt 0.7700467 0.9790838
vn 0.7592773 -0.4958496 -0.4204102
vt 0.768016 0.9818951
vn 0.9741211 0 -0.2248535
v 0.000877335 0.04268815 -0.09214704
vt 0.7808846 0.9516779
vn 0.9716797 -0.1912842 -0.1356201
v 0.0002921411 0.0459441 -0.09836352
vt 0.7680169 0.9758555
vn 0.9790039 0.01657104 -0.2008057
v 0.0001994976 0.04635355 -0.09861777
vt 0.7664026 0.9769021
vn 0.918457 0.2995605 -0.2575684
vt 0.7659859 0.9790842
vn 0.7592773 0.4958496 -0.4204102
vt 0.7470752 0.9577417
vn 0.6655273 0.5786133 -0.470459
v 0.001730058 0.0459441 -0.09162286
vt 0.7680431 0.9492724
vn 0.9926758 0.009017944 -0.1177368
v 0.0007533661 0.04920005 -0.09214705
vt 0.755082 0.9517468
vn 0.9716797 0.1901855 -0.1369629
v 0.0004315308 0.05099485 -0.09317126
vt 0.7480835 0.9558378
vn 0.9243164 0.2890625 -0.2478027
vt 0.7317435 0.9369954
vn 0.5673828 0.7587891 -0.3186035
v 0.001759463 0.04833393 -0.08544374
vt 0.7588226 0.9255794
vn 0.9956055 0.08850098 -0.03027344
v 0.0004933891 0.05473961 -0.08808995
vt 0.7337962 0.936032
vn 0.949707 0.2868652 -0.1226196
vt 0.7248915 0.9091668
vn 0.5585938 0.8256836 -0.074646
v 0.001165442 0.05131432 -0.08641221
vt 0.7471643 0.9294579
vn 0.984375 0.1630859 -0.06317139
v 0.0006601214 0.05626697 -0.08078255
vt 0.727923 0.9080418
vn 0.9560547 0.2895508 -0.0333252
vt 0.7272278 0.8875495
vn 0.5263672 0.8496094 0.00932312
v 0.001338826 0.05230511 -0.07837144
vt 0.7432052 0.8984771
vn 0.9873047 0.1552734 -0.01687622
v 0.0006504242 0.05548831 -0.07516267
vt 0.7301775 0.8862047
vn 0.9506836 0.309082 -0.01028442
vt 0.7225568 0.8641857
vn 0.5595703 0.7719727 -0.3007813
v 0.001729574 0.04887277 -0.07681195
vt 0.7565866 0.8923143
vn 0.9975586 0.06549072 -0.006641388
v 0.00060544 0.0567363 -0.06915659
vt 0.7249318 0.8625663
vn 0.9677734 0.2359619 -0.08764648
v 0.001328959 0.05268456 -0.07229363
vt 0.7413688 0.8747398
vn 0.9882813 0.1496582 -0.007480621
vt 0.707118 0.8400722
vn 0.5688477 0.6162109 -0.5439453
v 0.001740967 0.04921435 -0.06936717
vt 0.75506 0.8630958
vn 0.9980469 0.06051636 0.006244659
v 0.001327566 0.05302253 -0.06517665
vt 0.7397122 0.8465868
vn 0.9951172 0.09143066 -0.03329468
v 0.0007225897 0.06051968 -0.06285904
vt 0.7096756 0.8377014
vn 0.9824219 0.1484375 -0.1126099
v 0.001787866 0.0459441 -0.0763154
vt 0.7680079 0.8903716
vn 0.9995117 0 -0.001133919
v 0.001566056 0.04964897 -0.06214152
vt 0.7531264 0.8344302
vn 0.9995117 0.02333069 0.001409531
v 0.001729575 0.04301543 -0.07680282
vt 0.779431 0.8922615
vn 0.9975586 -0.06573486 -0.006622314
v 0.001740967 0.04267384 -0.06936717
vt 0.7809199 0.8630739
vn 0.9980469 -0.05899048 0.005435944
v 0.001786022 0.0459441 -0.06777294
vt 0.7679832 0.8567637
vn 0.9995117 0 0.01629639
v 0.001566056 0.04223922 -0.06214152
vt 0.7827923 0.8343939
vn 0.9995117 -0.02392578 0.001516342
v 0.001571188 0.0459441 -0.05987643
vt 0.7679466 0.8253389
vn 0.9995117 0 0.007919312
v 0.001556889 0.04211336 -0.05227871
vt 0.7835622 0.7949007
vn 0.9995117 -9.077787E-05 -0.01230621
v 0.001564634 0.0459441 -0.05287915
vt 0.7679073 0.7972986
vn 0.9995117 0 -0.005378723
v 0.001728673 0.0459441 -0.0413145
vt 0.7678513 0.7501902
vn 0.9995117 0 -0.01535797
v 0.001556889 0.04977484 -0.05227871
vt 0.752245 0.7949424
vn 0.9995117 9.524822E-05 -0.01232147
v 0.001728673 0.04699301 -0.04037085
vt 0.7616114 0.7459947
vn 0.9995117 -0.007896423 -0.01847839
v 0.001912743 0.04681191 -0.03961047
vt 0.7618916 0.742126
vn 0.9511719 0.2565918 -0.1696777
v 0.001544011 0.05489711 -0.05922211
vt 0.7319867 0.8229097
vn 0.9975586 0.04922485 -0.03973389
v 0.001728056 0.04779489 -0.03894111
vt 0.7567952 0.7402549
vn 0.9995117 0.0002111197 -0.01000977
v 0.001868032 0.0475069 -0.03860537
vt 0.7579659 0.7386947
vn 0.9375 0.2937012 -0.1842041
v 0.001543067 0.05777357 -0.05431154
vt 0.7201029 0.8034569
vn 0.9975586 0.05541992 -0.03598022
v 0.001764182 0.05243139 -0.04494685
vt 0.7401293 0.7652382
vn 0.9995117 0.005931854 -0.009513855
v 0.0004787208 0.06575494 -0.05926878
vt 0.6888304 0.8236861
vn 0.9824219 0.1516113 -0.1047974
vt 0.6870204 0.825092
vn 0.5825195 0.590332 -0.5581055
v 0.001535762 0.05961964 -0.05055907
vt 0.7122387 0.788587
vn 0.9951172 0.09240723 -0.02056885
v 0.0003801656 0.068642 -0.0541538
vt 0.676935 0.8038681
vn 0.984375 0.1689453 -0.04013062
vt 0.6751001 0.8044465
vn 0.5913086 0.7822266 -0.1938477
v 0.00041386 0.06931748 -0.04454758
vt 0.6728787 0.7660725
vn 0.9833984 0.1806641 -0.008918762
vt 0.6709233 0.7657914
vn 0.5712891 0.8178711 0.06237793
vt 0.6751655 0.7433628
vn 0.5556641 0.8188477 0.1417236
v 0.001530863 0.06085032 -0.04255475
vt 0.7058353 0.7566493
vn 0.9956055 0.08776855 -0.009246826
v 0.0005126654 0.06776636 -0.03876083
vt 0.6776465 0.7429607
vn 0.9741211 0.2255859 0.0005278587
vt 0.6749206 0.7203009
vn 0.5942383 0.7885742 -0.1571045
v 0.001745287 0.05468524 -0.03960223
vt 0.7296021 0.7436718
vn 0.9995117 0.01823425 -0.002933502
v 0.001530863 0.06208454 -0.037152
vt 0.6995496 0.735044
vn 0.9946289 0.1019897 -0.01261139
v 0.0005628394 0.06729075 -0.03280048
vt 0.6774145 0.7192459
vn 0.9604492 0.2692871 -0.06817627
v 0.001728673 0.04924907 -0.03662101
vt 0.7506504 0.7309003
vn 0.9995117 0.01425171 -0.006011963
v 0.001915929 0.04890295 -0.03635804
vt 0.7521969 0.7296281
vn 0.9267578 0.328125 -0.1817627
v 0.001728673 0.05630463 -0.03521153
vt 0.7217948 0.7257429
vn 0.9995117 0.01873779 -0.01295471
v 0.001728673 0.05088105 -0.03336244
vt 0.7425712 0.7171605
vn 0.9990234 0.02749634 -0.02635193
v 0.00188071 0.05056987 -0.03314061
vt 0.7439927 0.7160481
vn 0.8911133 0.3947754 -0.2227783
v 0.002202771 0.05263334 -0.0288001
vt 0.7343858 0.6972197
vn 0.8427734 0.4665527 -0.267334
v 0.00192867 0.05305468 -0.02882419
vt 0.732285 0.6975273
vn 0.996582 0.06216431 -0.05413818
v 0.002411897 0.05483203 -0.02421077
vt 0.7261904 0.6784171
vn 0.8056641 0.5366211 -0.2496338
v 0.001785262 0.05766498 -0.03054546
vt 0.7149801 0.7064627
vn 0.9990234 0.02915955 -0.02210999
v 0.002123912 0.0552346 -0.02426101
vt 0.7241967 0.6789125
vn 0.9912109 0.114563 -0.06567383
v 0.00256171 0.05689594 -0.01829887
vt 0.7145359 0.6543254
vn 0.7939453 0.5673828 -0.2166748
v 0.001555374 0.06359302 -0.03181724
vt 0.6919227 0.7137725
vn 0.9931641 0.1117554 -0.0328064
v 0.001841861 0.05861961 -0.02457943
vt 0.7097223 0.6818125
vn 0.9980469 0.04922485 -0.02923584
v 0.00227574 0.05729396 -0.01835086
vt 0.7125412 0.6549579
vn 0.9794922 0.1807861 -0.08532715
v 0.002734737 0.05928028 -0.01146808
vt 0.7007238 0.6270604
vn 0.7861328 0.5825195 -0.2041016
v 0.001563105 0.06559267 -0.02568006
vt 0.6815436 0.6895595
vn 0.9926758 0.1050415 -0.05303955
v 0.002125019 0.05925629 -0.01769251
vt 0.7039042 0.6532903
vn 0.996582 0.06671143 -0.03915405
v 0.002449094 0.05959025 -0.01155746
vt 0.6990858 0.6278396
vn 0.9921875 0.1124268 -0.04528809
v 0.002910378 0.06184264 -0.002789874
vt 0.684643 0.5926156
vn 0.8022461 0.5673828 -0.1854248
v 0.001558904 0.06743886 -0.01935694
vt 0.6708736 0.6646078
vn 0.9936523 0.09735107 -0.0519104
v 0.0004195122 0.07053605 -0.02689464
vt 0.6618606 0.6970356
vn 0.9707031 0.2069092 -0.1182861
vt 0.6600491 0.698292
vn 0.6137695 0.6245117 -0.4821777
v 0.0003347641 0.0765368 -0.02117622
vt 0.634771 0.6771263
vn 0.9829102 0.1589355 -0.0880127
vt 0.6331858 0.6780535
vn 0.6352539 0.6337891 -0.4404297
v 0.001573115 0.06986693 -0.0124056
vt 0.6570014 0.6375274
vn 0.9936523 0.1048584 -0.03430176
v 0.0003241661 0.08041329 -0.01332866
vt 0.6144953 0.6478458
vn 0.987793 0.1500244 -0.03912354
vt 0.6128774 0.6484017
vn 0.6435547 0.7363281 -0.2081299
v 0.002626667 0.0622722 -0.002811249
vt 0.6825473 0.5931592
vn 0.9902344 0.1314697 -0.04202271
v 0.003069883 0.0641594 0.005031627
vt 0.669855 0.5616685
vn 0.8188477 0.5527344 -0.1544189
v 0.0003046278 0.08159363 -0.003997321
vt 0.6036822 0.6109211
vn 0.9873047 0.1563721 -0.01254272
vt 0.602105 0.6112941
vn 0.6293945 0.7763672 -0.02281189
vt 0.5986533 0.5756955
vn 0.6137695 0.7836914 0.09228516
v 0.001544811 0.07161763 -0.003301736
vt 0.6440838 0.6013778
vn 0.9921875 0.1190796 -0.02275085
v 0.0003498561 0.0809179 0.004626562
vt 0.6004583 0.575597
vn 0.9833984 0.1811523 0.001962662
vt 0.5975471 0.5404918
vn 0.5961914 0.7890625 0.1445313
v 0.002790429 0.06455778 0.005024657
vt 0.667865 0.5621438
vn 0.984375 0.1690674 -0.04223633
v 0.003168552 0.06601078 0.01378373
vt 0.655831 0.5267712
vn 0.8149414 0.5664063 -0.1199341
v 0.001594011 0.07239606 0.004679078
vt 0.6354511 0.5692321
vn 0.9887695 0.1461182 -0.01789856
v 0.0004058384 0.07955694 0.01311422
vt 0.599655 0.5402806
vn 0.9716797 0.2349854 0.01675415
vt 0.597422 0.4976119
vn 0.5727539 0.8022461 0.1647949
v 0.002875131 0.06644982 0.01375615
vt 0.6536891 0.5273651
vn 0.9760742 0.2137451 -0.03616333
v 0.003273601 0.06766509 0.02294002
vt 0.6419222 0.4902316
vn 0.793457 0.6020508 -0.08215332
v 0.001671407 0.07277612 0.01319544
vt 0.6276476 0.5346321
vn 0.9824219 0.1855469 -0.0112915
v 0.0005581891 0.07739291 0.02327747
vt 0.6002244 0.4974001
vn 0.9482422 0.3149414 0.03817749
vt 0.5966753 0.4564095
vn 0.5234375 0.8339844 0.1732178
v 0.002973184 0.06804494 0.02290276
vt 0.6399717 0.4908364
vn 0.9648438 0.2617188 -0.01818848
v 0.002838679 0.06898604 0.03234462
vt 0.6280178 0.4527672
vn 0.7529297 0.65625 -0.0453186
v 0.001738463 0.07292571 0.02310679
vt 0.6191508 0.4942232
vn 0.9716797 0.2344971 0.005939484
v 0.0006353819 0.07534709 0.03294589
vt 0.5998411 0.4564655
vn 0.8984375 0.4328613 0.07318115
vt 0.5950417 0.4164963
vn 0.4733887 0.8618164 0.1804199
v 0.002492952 0.06940665 0.03238374
vt 0.6257516 0.4531137
vn 0.9443359 0.3278809 0.0144043
v 0.002358274 0.07012473 0.04268823
vt 0.6133487 0.4115505
vn 0.7041016 0.7094727 0.01127625
v 0.001608812 0.07269523 0.03258305
vt 0.6116521 0.4554009
vn 0.9575195 0.2858887 0.03213501
v 0.000884745 0.07328317 0.04245644
vt 0.5991521 0.4159785
vn 0.8393555 0.5317383 0.1118774
vt 0.5927664 0.3524479
vn 0.8583984 0.4963379 0.1281738
v 0.001953154 0.07049596 0.04265198
vt 0.6111276 0.4121843
vn 0.902832 0.4260254 0.05603027
v 0.001179781 0.0722135 0.04245022
vt 0.6036487 0.4148529
vn 0.9423828 0.3283691 0.06347656
o pm0602_00_00_body_mesh_shape_body_01
g polygon_0
usemtl body_01
f 43/22/43 44/23/44 45/24/45
f 45/24/45 44/23/44 46/25/46
f 45/24/45 46/25/46 47/26/47
f 47/26/47 46/25/46 48/27/48
f 49/28/49 48/27/48 46/25/46
f 47/26/47 48/27/48 50/29/50
f 49/28/49 51/30/51 48/27/48
f 50/29/50 48/27/48 51/30/51
f 52/31/52 51/30/51 49/28/49
f 53/32/53 51/30/51 52/31/52
f 51/30/51 54/33/54 50/29/50
f 54/33/54 51/30/51 53/32/53
f 50/29/50 54/33/54 55/34/55
f 56/35/56 55/34/55 54/33/54
f 57/36/57 55/34/55 56/35/56
f 58/37/58 54/33/54 53/32/53
f 56/35/56 54/33/54 58/37/58
f 59/38/59 57/36/57 56/35/56
f 60/39/60 57/36/57 59/38/59
f 58/37/58 61/40/61 56/35/56
f 56/35/56 61/40/61 59/38/59
f 62/41/62 60/39/60 59/38/59
f 59/38/59 61/40/61 62/41/62
f 63/42/63 60/39/60 62/41/62
f 58/37/58 64/43/64 61/40/61
f 62/41/62 65/44/65 63/42/63
f 63/42/63 65/44/65 66/45/66
f 62/41/62 61/40/61 67/46/67
f 65/44/65 68/47/68 66/45/66
f 66/45/66 68/47/68 69/48/69
f 62/41/62 70/49/70 65/44/65
f 67/46/67 70/49/70 62/41/62
f 65/44/65 71/50/71 68/47/68
f 70/49/70 71/50/71 65/44/65
f 61/40/61 72/51/72 67/46/67
f 67/46/67 72/51/72 70/49/70
f 64/43/64 72/51/72 61/40/61
f 70/49/70 73/52/73 71/50/71
f 70/49/70 72/51/72 73/52/73
f 71/50/71 74/53/74 68/47/68
f 71/50/71 73/52/73 74/53/74
f 68/47/68 75/54/75 69/48/69
f 68/47/68 74/53/74 75/54/75
f 69/48/69 75/54/75 76/55/76
f 76/55/76 75/54/75 77/56/77
f 77/56/77 75/54/75 78/57/78
f 77/56/77 78/57/78 79/58/79
f 80/59/80 75/54/75 74/53/74
f 78/57/78 75/54/75 80/59/80
f 79/58/79 78/57/78 81/60/81
f 78/57/78 80/59/80 81/60/81
f 79/58/79 81/60/81 82/61/82
f 74/53/74 83/62/83 80/59/80
f 73/52/73 83/62/83 74/53/74
f 82/61/82 81/60/81 84/63/84
f 82/61/82 84/63/84 85/64/85
f 81/60/81 80/59/80 86/65/86
f 86/65/86 84/63/84 81/60/81
f 83/62/83 87/66/87 80/59/80
f 80/59/80 87/66/87 86/65/86
f 73/52/73 88/67/88 83/62/83
f 72/51/72 88/67/88 73/52/73
f 64/43/64 88/67/88 72/51/72
f 83/62/83 89/68/89 87/66/87
f 88/67/88 89/68/89 83/62/83
f 87/66/87 90/69/90 86/65/86
f 89/68/89 91/70/91 87/66/87
f 87/66/87 91/70/91 90/69/90
f 88/67/88 92/71/92 89/68/89
f 86/65/86 90/69/90 93/72/93
f 93/72/93 84/63/84 86/65/86
f 94/73/94 92/71/92 88/67/88
f 94/73/94 88/67/88 64/43/64
f 84/63/84 93/72/93 95/74/95
f 85/64/85 84/63/84 95/74/95
f 96/75/96 94/73/94 64/43/64
f 96/75/96 64/43/64 58/37/58
f 58/37/58 53/32/53 96/75/96
f 97/76/97 94/73/94 96/75/96
f 97/76/97 92/71/92 94/73/94
f 96/75/96 53/32/53 98/77/98
f 98/77/98 97/76/97 96/75/96
f 53/32/53 99/78/99 98/77/98
f 98/77/98 99/78/99 100/79/100
f 100/79/100 99/78/99 101/80/101
f 102/81/102 97/76/97 98/77/98
f 100/79/100 102/81/102 98/77/98
f 101/80/101 103/82/103 100/79/100
f 103/82/103 102/81/102 100/79/100
f 104/83/104 103/82/103 101/80/101
f 102/81/102 105/84/105 97/76/97
f 105/84/105 92/71/92 97/76/97
f 103/82/103 106/85/106 102/81/102
f 106/85/106 105/84/105 102/81/102
f 104/83/104 107/86/107 103/82/103
f 107/86/107 106/85/106 103/82/103
f 108/87/108 107/86/107 104/83/104
f 105/84/105 109/88/109 92/71/92
f 92/71/92 109/88/109 89/68/89
f 89/68/89 109/88/109 91/70/91
f 106/85/106 110/89/110 105/84/105
f 110/89/110 109/88/109 105/84/105
f 107/86/107 111/90/111 106/85/106
f 111/90/111 110/89/110 106/85/106
f 108/87/108 112/91/112 107/86/107
f 112/91/112 111/90/111 107/86/107
f 113/92/113 112/91/112 108/87/108
f 113/92/113 114/93/114 112/91/112
f 112/91/112 114/93/114 115/94/115
f 112/91/112 115/94/115 111/90/111
f 114/93/114 116/95/116 115/94/115
f 111/90/111 115/94/115 117/96/117
f 111/90/111 117/96/117 110/89/110
f 115/94/115 116/95/116 118/97/118
f 115/94/115 118/97/118 117/96/117
f 116/95/116 119/98/119 118/97/118
f 110/89/110 117/96/117 120/99/120
f 110/89/110 120/99/120 109/88/109
f 117/96/117 118/97/118 121/100/121
f 117/96/117 121/100/121 120/99/120
f 118/97/118 119/98/119 122/101/122
f 118/97/118 122/101/122 121/100/121
f 119/98/119 123/102/123 122/101/122
f 109/88/109 120/99/120 124/103/124
f 109/88/109 124/103/124 91/70/91
f 122/101/122 123/102/123 125/104/125
f 123/102/123 126/105/126 125/104/125
f 121/100/121 122/101/122 127/106/127
f 122/101/122 125/104/125 127/106/127
f 120/99/120 121/100/121 128/107/128
f 121/100/121 127/106/127 128/107/128
f 120/99/120 128/107/128 124/103/124
f 125/104/125 126/105/126 129/108/129
f 130/109/130 129/108/129 126/105/126
f 131/110/131 129/108/129 130/109/130
f 127/106/127 125/104/125 132/111/132
f 125/104/125 129/108/129 132/111/132
f 128/107/128 127/106/127 133/112/133
f 127/106/127 132/111/132 133/112/133
f 132/111/132 129/108/129 134/113/134
f 134/113/134 129/108/129 131/110/131
f 133/112/133 132/111/132 135/114/135
f 132/111/132 134/113/134 135/114/135
f 128/107/128 133/112/133 136/115/136
f 124/103/124 128/107/128 136/115/136
f 133/112/133 135/114/135 137/116/137
f 136/115/136 133/112/133 137/116/137
f 135/114/135 134/113/134 138/117/138
f 131/110/131 138/117/138 134/113/134
f 137/116/137 135/114/135 139/118/139
f 135/114/135 138/117/138 139/118/139
f 136/115/136 137/116/137 140/119/140
f 124/103/124 136/115/136 141/120/141
f 141/120/141 136/115/136 140/119/140
f 91/70/91 124/103/124 141/120/141
f 91/70/91 141/120/141 90/69/90
f 90/69/90 141/120/141 142/121/142
f 141/120/141 140/119/140 142/121/142
f 90/69/90 142/121/142 93/72/93
f 140/119/140 137/116/137 143/122/143
f 137/116/137 139/118/139 143/122/143
f 142/121/142 140/119/140 144/123/144
f 140/119/140 143/122/143 144/123/144
f 93/72/93 142/121/142 145/124/145
f 142/121/142 144/123/144 145/124/145
f 95/74/95 93/72/93 145/124/145
f 144/123/144 143/122/143 146/125/146
f 145/124/145 147/126/147 95/74/95
f 95/74/95 147/126/147 85/64/85
f 145/124/145 144/123/144 148/127/148
f 148/127/148 147/126/147 145/124/145
f 144/123/144 146/125/146 148/127/148
f 85/64/85 147/126/147 149/128/149
f 148/127/148 146/125/146 150/129/150
f 150/129/150 147/126/147 148/127/148
f 147/126/147 151/130/151 149/128/149
f 151/130/151 147/126/147 150/129/150
f 149/128/149 151/130/151 152/131/152
f 152/131/152 151/130/151 153/132/153
f 146/125/146 154/133/154 150/129/150
f 153/132/153 151/130/151 155/134/155
f 156/135/156 151/130/151 150/129/150
f 155/134/155 151/130/151 156/135/156
f 150/129/150 154/133/154 156/135/156
f 155/134/155 157/136/157 153/132/153
f 153/132/153 157/136/157 158/137/158
f 158/137/158 157/136/157 159/138/159
f 160/139/160 155/134/155 156/135/156
f 157/136/157 155/134/155 160/139/160
f 154/133/154 161/140/161 156/135/156
f 156/135/156 161/140/161 160/139/160
f 146/125/146 162/141/162 154/133/154
f 162/141/162 161/140/161 154/133/154
f 143/122/143 162/141/162 146/125/146
f 143/122/143 139/118/139 162/141/162
f 157/136/157 160/139/160 163/142/163
f 159/138/159 157/136/157 163/142/163
f 139/118/139 164/143/164 162/141/162
f 139/118/139 138/117/138 164/143/164
f 163/142/163 160/139/160 165/144/165
f 161/140/161 165/144/165 160/139/160
f 166/145/166 163/142/163 165/144/165
f 166/145/166 165/144/165 161/140/161
f 167/146/167 159/138/159 163/142/163
f 167/146/167 163/142/163 166/145/166
f 168/147/168 159/138/159 167/146/167
f 169/148/169 166/145/166 161/140/161
f 169/148/169 161/140/161 162/141/162
f 162/141/162 164/143/164 169/148/169
f 170/149/170 167/146/167 166/145/166
f 170/149/170 166/145/166 169/148/169
f 171/150/171 168/147/168 167/146/167
f 171/150/171 167/146/167 170/149/170
f 172/151/172 168/147/168 171/150/171
f 171/150/171 173/152/173 172/151/172
f 169/148/169 174/153/174 170/149/170
f 164/143/164 174/153/174 169/148/169
f 170/149/170 175/154/175 171/150/171
f 175/154/175 173/152/173 171/150/171
f 174/153/174 175/154/175 170/149/170
f 175/154/175 176/155/176 173/152/173
f 177/156/177 176/155/176 175/154/175
f 174/153/174 177/156/177 175/154/175
f 177/156/177 178/157/178 176/155/176
f 164/143/164 179/158/179 174/153/174
f 179/158/179 177/156/177 174/153/174
f 138/117/138 179/158/179 164/143/164
f 179/158/179 138/117/138 131/110/131
f 180/159/180 178/157/178 177/156/177
f 177/156/177 179/158/179 180/159/180
f 180/159/180 179/158/179 131/110/131
f 180/159/180 181/160/181 178/157/178
f 131/110/131 182/161/182 180/159/180
f 182/161/182 181/160/181 180/159/180
f 183/162/183 182/161/182 131/110/131
f 184/163/184 181/160/181 182/161/182
f 182/161/182 183/162/183 184/163/184
f 184/163/184 183/162/183 185/164/185
f 186/165/186 181/160/181 184/163/184
f 184/163/184 185/164/185 187/166/187
f 187/166/187 186/165/186 184/163/184
f 188/167/188 186/165/186 187/166/187
f 187/166/187 189/168/189 188/167/188
f 188/167/188 189/168/189 190/169/190
f 43/170/43 45/171/45 191/172/191
f 191/172/191 45/171/45 192/173/192
f 45/171/45 47/174/47 192/173/192
f 192/173/192 47/174/47 193/175/193
f 194/176/194 192/173/192 193/175/193
f 47/174/47 50/177/50 193/175/193
f 195/178/195 194/176/194 193/175/193
f 193/175/193 50/177/50 195/178/195
f 196/179/196 194/176/194 195/178/195
f 195/178/195 197/180/197 196/179/196
f 50/177/50 198/181/198 195/178/195
f 198/181/198 197/180/197 195/178/195
f 55/182/55 198/181/198 50/177/50
f 55/182/55 199/183/199 198/181/198
f 57/184/57 199/183/199 55/182/55
f 197/180/197 198/181/198 200/185/200
f 200/185/200 198/181/198 199/183/199
f 57/184/57 201/186/201 199/183/199
f 60/187/60 201/186/201 57/184/57
f 201/186/201 202/188/202 199/183/199
f 199/183/199 202/188/202 200/185/200
f 60/187/60 203/189/203 201/186/201
f 201/186/201 203/189/203 202/188/202
f 63/190/63 203/189/203 60/187/60
f 202/188/202 204/191/204 200/185/200
f 63/190/63 205/192/205 203/189/203
f 66/193/66 205/192/205 63/190/63
f 202/188/202 203/189/203 206/194/206
f 66/193/66 207/195/207 205/192/205
f 69/196/69 207/195/207 66/193/66
f 205/192/205 208/197/208 203/189/203
f 203/189/203 208/197/208 206/194/206
f 207/195/207 209/198/209 205/192/205
f 205/192/205 209/198/209 208/197/208
f 206/194/206 210/199/210 202/188/202
f 206/194/206 208/197/208 210/199/210
f 202/188/202 210/199/210 204/191/204
f 208/197/208 209/198/209 211/200/211
f 210/199/210 208/197/208 211/200/211
f 207/195/207 212/201/212 209/198/209
f 211/200/211 209/198/209 212/201/212
f 207/195/207 69/196/69 213/202/213
f 213/202/213 212/201/212 207/195/207
f 213/202/213 69/196/69 76/203/76
f 76/203/76 77/204/77 213/202/213
f 213/202/213 77/204/77 214/205/214
f 77/204/77 79/206/79 214/205/214
f 213/202/213 215/207/215 212/201/212
f 214/205/214 215/207/215 213/202/213
f 214/205/214 79/206/79 216/208/216
f 216/208/216 215/207/215 214/205/214
f 79/206/79 82/209/82 216/208/216
f 217/210/217 212/201/212 215/207/215
f 211/200/211 212/201/212 217/210/217
f 216/208/216 82/209/82 218/211/218
f 82/209/82 85/212/85 218/211/218
f 219/213/219 215/207/215 216/208/216
f 218/211/218 219/213/219 216/208/216
f 217/210/217 215/207/215 220/214/220
f 220/214/220 215/207/215 219/213/219
f 221/215/221 211/200/211 217/210/217
f 210/199/210 211/200/211 221/215/221
f 210/199/210 221/215/221 204/191/204
f 222/216/222 217/210/217 220/214/220
f 221/215/221 217/210/217 222/216/222
f 220/214/220 219/213/219 223/217/223
f 222/216/222 220/214/220 224/218/224
f 224/218/224 220/214/220 223/217/223
f 225/219/225 221/215/221 222/216/222
f 223/217/223 219/213/219 226/220/226
f 226/220/226 219/213/219 218/211/218
f 204/191/204 221/215/221 227/221/227
f 227/221/227 221/215/221 225/219/225
f 204/191/204 227/221/227 228/222/228
f 200/185/200 204/191/204 228/222/228
f 228/222/228 197/180/197 200/185/200
f 228/222/228 227/221/227 229/223/229
f 227/221/227 225/219/225 229/223/229
f 230/224/230 197/180/197 228/222/228
f 228/222/228 229/223/229 230/224/230
f 197/180/197 230/224/230 231/225/231
f 229/223/229 225/219/225 232/226/232
f 231/225/231 230/224/230 233/227/233
f 233/227/233 234/228/234 231/225/231
f 230/224/230 229/223/229 235/229/235
f 230/224/230 235/229/235 233/227/233
f 229/223/229 232/226/232 235/229/235
f 233/227/233 236/230/236 234/228/234
f 233/227/233 235/229/235 236/230/236
f 234/228/234 236/230/236 237/231/237
f 235/229/235 238/232/238 236/230/236
f 235/229/235 232/226/232 238/232/238
f 236/230/236 239/233/239 237/231/237
f 236/230/236 238/232/238 239/233/239
f 237/231/237 239/233/239 240/234/240
f 232/226/232 241/235/241 238/232/238
f 239/233/239 242/236/242 240/234/240
f 240/234/240 242/236/242 243/237/243
f 242/236/242 244/238/244 243/237/243
f 238/232/238 245/239/245 239/233/239
f 239/233/239 245/239/245 242/236/242
f 238/232/238 241/235/241 245/239/245
f 246/240/246 244/238/244 242/236/242
f 245/239/245 246/240/246 242/236/242
f 244/238/244 246/240/246 247/241/247
f 248/242/248 246/240/246 245/239/245
f 241/235/241 248/242/248 245/239/245
f 247/241/247 246/240/246 249/243/249
f 246/240/246 248/242/248 249/243/249
f 249/243/249 250/244/250 247/241/247
f 251/245/251 248/242/248 241/235/241
f 252/246/252 250/244/250 249/243/249
f 250/244/250 252/246/252 253/247/253
f 249/243/249 248/242/248 254/248/254
f 254/248/254 252/246/252 249/243/249
f 248/242/248 251/245/251 254/248/254
f 253/247/253 252/246/252 255/249/255
f 253/247/253 255/249/255 256/250/256
f 257/251/257 252/246/252 254/248/254
f 252/246/252 257/251/257 255/249/255
f 256/250/256 255/249/255 258/252/258
f 259/253/259 256/250/256 258/252/258
f 258/252/258 260/254/260 259/253/259
f 255/249/255 261/255/261 258/252/258
f 255/249/255 257/251/257 261/255/261
f 258/252/258 261/255/261 262/256/262
f 262/256/262 260/254/260 258/252/258
f 257/251/257 263/257/263 261/255/261
f 264/258/264 257/251/257 254/248/254
f 263/257/263 257/251/257 264/258/264
f 254/248/254 251/245/251 264/258/264
f 261/255/261 263/257/263 265/259/265
f 261/255/261 265/259/265 262/256/262
f 266/260/266 263/257/263 264/258/264
f 262/256/262 265/259/265 267/261/267
f 267/261/267 260/254/260 262/256/262
f 263/257/263 268/262/268 265/259/265
f 268/262/268 263/257/263 266/260/266
f 265/259/265 269/263/269 267/261/267
f 265/259/265 268/262/268 269/263/269
f 264/258/264 270/264/270 266/260/266
f 251/245/251 270/264/270 264/258/264
f 271/265/271 268/262/268 266/260/266
f 270/264/270 251/245/251 272/266/272
f 272/266/272 251/245/251 241/235/241
f 232/226/232 272/266/272 241/235/241
f 225/219/225 272/266/272 232/226/232
f 225/219/225 222/216/222 272/266/272
f 272/266/272 222/216/222 224/218/224
f 224/218/224 270/264/270 272/266/272
f 270/264/270 273/267/273 266/260/266
f 273/267/273 270/264/270 224/218/224
f 266/260/266 273/267/273 271/265/271
f 223/217/223 273/267/273 224/218/224
f 274/268/274 273/267/273 223/217/223
f 273/267/273 274/268/274 271/265/271
f 226/220/226 274/268/274 223/217/223
f 271/265/271 274/268/274 275/269/275
f 276/270/276 274/268/274 226/220/226
f 274/268/274 276/270/276 275/269/275
f 276/270/276 226/220/226 277/271/277
f 277/271/277 226/220/226 218/211/218
f 218/211/218 85/212/85 277/271/277
f 85/212/85 278/272/278 277/271/277
f 278/272/278 276/270/276 277/271/277
f 149/273/149 278/272/278 85/212/85
f 275/269/275 276/270/276 279/274/279
f 279/274/279 276/270/276 278/272/278
f 275/269/275 280/275/280 271/265/271
f 280/275/280 268/262/268 271/265/271
f 268/262/268 280/275/280 269/263/269
f 279/274/279 281/276/281 275/269/275
f 281/276/281 280/275/280 275/269/275
f 278/272/278 282/277/282 279/274/279
f 282/277/282 281/276/281 279/274/279
f 149/273/149 283/278/283 278/272/278
f 283/278/283 282/277/282 278/272/278
f 152/279/152 283/278/283 149/273/149
f 152/279/152 153/280/153 283/278/283
f 281/276/281 282/277/282 284/281/284
f 283/278/283 153/280/153 285/282/285
f 283/278/283 286/283/286 282/277/282
f 285/282/285 286/283/286 283/278/283
f 284/281/284 282/277/282 286/283/286
f 153/280/153 287/284/287 285/282/285
f 158/285/158 287/284/287 153/280/153
f 159/286/159 287/284/287 158/285/158
f 285/282/285 288/287/288 286/283/286
f 287/284/287 288/287/288 285/282/285
f 284/281/284 286/283/286 289/288/289
f 289/288/289 286/283/286 288/287/288
f 290/289/290 281/276/281 284/281/284
f 284/281/284 289/288/289 290/289/290
f 280/275/280 281/276/281 290/289/290
f 269/263/269 280/275/280 290/289/290
f 288/287/288 291/290/291 289/288/289
f 269/263/269 290/289/290 292/291/292
f 267/261/267 269/263/269 292/291/292
f 290/289/290 289/288/289 293/292/293
f 292/291/292 290/289/290 293/292/293
f 289/288/289 291/290/291 294/293/294
f 289/288/289 294/293/294 293/292/293
f 291/290/291 288/287/288 295/294/295
f 291/290/291 295/294/295 294/293/294
f 295/294/295 288/287/288 287/284/287
f 295/294/295 287/284/287 159/286/159
f 295/294/295 159/286/159 296/295/296
f 294/293/294 295/294/295 296/295/296
f 296/295/296 159/286/159 168/296/168
f 293/292/293 294/293/294 297/297/297
f 294/293/294 296/295/296 297/297/297
f 296/295/296 168/296/168 298/298/298
f 297/297/297 296/295/296 298/298/298
f 298/298/298 168/296/168 172/299/172
f 173/300/173 298/298/298 172/299/172
f 299/301/299 298/298/298 173/300/173
f 299/301/299 297/297/297 298/298/298
f 176/302/176 299/301/299 173/300/173
f 300/303/300 293/292/293 297/297/297
f 300/303/300 297/297/297 299/301/299
f 292/291/292 293/292/293 300/303/300
f 301/304/301 299/301/299 176/302/176
f 301/304/301 300/303/300 299/301/299
f 178/305/178 301/304/301 176/302/176
f 302/306/302 292/291/292 300/303/300
f 302/306/302 300/303/300 301/304/301
f 267/261/267 292/291/292 302/306/302
f 302/306/302 260/254/260 267/261/267
f 303/307/303 301/304/301 178/305/178
f 301/304/301 303/307/303 302/306/302
f 302/306/302 303/307/303 260/254/260
f 181/308/181 303/307/303 178/305/178
f 303/307/303 304/309/304 260/254/260
f 304/309/304 303/307/303 181/308/181
f 260/254/260 304/309/304 305/310/305
f 304/309/304 181/308/181 306/311/306
f 304/309/304 306/311/306 305/310/305
f 305/310/305 306/311/306 307/312/307
f 306/311/306 181/308/181 186/313/186
f 306/311/306 308/314/308 307/312/307
f 306/311/306 186/313/186 308/314/308
f 308/314/308 186/313/186 188/315/188
f 308/314/308 188/315/188 309/316/309
f 309/316/309 188/315/188 190/317/190
f 310/318/310 311/319/311 312/320/312
f 313/321/313 310/318/310 312/320/312
f 314/322/314 311/319/311 310/318/310
f 314/322/314 315/323/315 311/319/311
f 316/324/316 310/318/310 313/321/313
f 313/321/313 317/325/317 316/324/316
f 318/326/318 314/322/314 310/318/310
f 310/318/310 316/324/316 318/326/318
f 319/327/319 315/323/315 314/322/314
f 319/327/319 320/328/320 315/323/315
f 321/329/321 314/322/314 318/326/318
f 314/322/314 321/329/321 319/327/319
f 322/330/322 320/328/320 319/327/319
f 322/330/322 323/331/323 320/328/320
f 319/327/319 321/329/321 324/332/324
f 324/332/324 322/330/322 319/327/319
f 325/333/325 323/331/323 322/330/322
f 325/333/325 326/334/326 323/331/323
f 327/335/327 322/330/322 324/332/324
f 325/333/325 322/330/322 327/335/327
f 328/336/328 324/332/324 321/329/321
f 324/332/324 329/337/329 327/335/327
f 329/337/329 324/332/324 328/336/328
f 330/338/330 325/333/325 327/335/327
f 327/335/327 329/337/329 330/338/330
f 321/329/321 331/339/331 328/336/328
f 318/326/318 331/339/331 321/329/321
f 328/336/328 332/340/332 329/337/329
f 331/339/331 332/340/332 328/336/328
f 329/337/329 333/341/333 330/338/330
f 329/337/329 332/340/332 333/341/333
f 334/342/334 331/339/331 318/326/318
f 318/326/318 316/324/316 334/342/334
f 335/343/335 332/340/332 331/339/331
f 316/324/316 336/344/336 334/342/334
f 316/324/316 317/325/317 336/344/336
f 317/325/317 337/345/337 336/344/336
f 338/346/338 331/339/331 334/342/334
f 338/346/338 335/343/335 331/339/331
f 334/342/334 336/344/336 339/347/339
f 339/347/339 338/346/338 334/342/334
f 336/344/336 337/345/337 340/348/340
f 336/344/336 340/348/340 339/347/339
f 337/345/337 341/349/341 340/348/340
f 342/350/342 338/346/338 339/347/339
f 340/348/340 341/349/341 343/351/343
f 342/350/342 344/352/344 338/346/338
f 344/352/344 335/343/335 338/346/338
f 343/351/343 341/349/341 345/353/345
f 345/353/345 341/349/341 346/354/346
f 335/343/335 344/352/344 347/355/347
f 347/355/347 348/356/348 335/343/335
f 335/343/335 348/356/348 332/340/332
f 347/355/347 344/352/344 349/357/349
f 332/340/332 348/356/348 333/341/333
f 333/341/333 348/356/348 350/358/350
f 344/352/344 351/359/351 349/357/349
f 351/359/351 344/352/344 342/350/342
f 349/357/349 351/359/351 352/360/352
f 333/341/333 350/358/350 353/361/353
f 330/338/330 333/341/333 353/361/353
f 353/361/353 350/358/350 354/362/354
f 355/363/355 352/360/352 351/359/351
f 356/364/356 352/360/352 355/363/355
f 356/364/356 355/363/355 357/365/357
f 358/366/358 351/359/351 342/350/342
f 355/363/355 351/359/351 358/366/358
f 358/366/358 342/350/342 339/347/339
f 357/365/357 355/363/355 359/367/359
f 358/366/358 359/367/359 355/363/355
f 359/367/359 360/368/360 357/365/357
f 357/365/357 360/368/360 361/369/361
f 362/370/362 359/367/359 358/366/358
f 360/368/360 363/371/363 361/369/361
f 361/369/361 363/371/363 364/372/364
f 360/368/360 359/367/359 365/373/365
f 365/373/365 359/367/359 362/370/362
f 363/371/363 360/368/360 366/374/366
f 366/374/366 360/368/360 365/373/365
f 363/371/363 367/375/367 364/372/364
f 364/372/364 367/375/367 368/376/368
f 369/377/369 363/371/363 366/374/366
f 367/375/367 363/371/363 369/377/369
f 367/375/367 370/378/370 368/376/368
f 368/376/368 370/378/370 371/379/371
f 372/380/372 367/375/367 369/377/369
f 370/378/370 367/375/367 372/380/372
f 370/378/370 373/381/373 371/379/371
f 373/381/373 370/378/370 372/380/372
f 371/379/371 373/381/373 374/382/374
f 369/377/369 375/383/375 372/380/372
f 373/381/373 376/384/376 374/382/374
f 374/382/374 376/384/376 377/385/377
f 378/386/378 373/381/373 372/380/372
f 376/384/376 373/381/373 378/386/378
f 372/380/372 375/383/375 378/386/378
f 376/384/376 379/387/379 377/385/377
f 378/386/378 380/388/380 376/384/376
f 376/384/376 380/388/380 379/387/379
f 378/386/378 375/383/375 381/389/381
f 381/389/381 380/388/380 378/386/378
f 382/390/382 375/383/375 369/377/369
f 366/374/366 382/390/382 369/377/369
f 383/391/383 379/387/379 380/388/380
f 383/391/383 384/392/384 379/387/379
f 384/392/384 383/391/383 385/393/385
f 383/391/383 380/388/380 386/394/386
f 386/394/386 380/388/380 381/389/381
f 385/393/385 383/391/383 387/395/387
f 383/391/383 386/394/386 387/395/387
f 385/393/385 387/395/387 388/396/388
f 389/397/389 386/394/386 381/389/381
f 388/396/388 387/395/387 390/398/390
f 388/396/388 390/398/390 391/399/391
f 386/394/386 392/400/392 387/395/387
f 387/395/387 392/400/392 390/398/390
f 392/400/392 386/394/386 389/397/389
f 391/399/391 390/398/390 393/401/393
f 390/398/390 392/400/392 393/401/393
f 391/399/391 393/401/393 394/402/394
f 393/401/393 392/400/392 395/403/395
f 392/400/392 389/397/389 395/403/395
f 394/402/394 393/401/393 396/404/396
f 393/401/393 395/403/395 396/404/396
f 394/402/394 396/404/396 397/405/397
f 395/403/395 389/397/389 398/406/398
f 397/405/397 396/404/396 399/407/399
f 397/405/397 399/407/399 400/408/400
f 396/404/396 395/403/395 401/409/401
f 396/404/396 401/409/401 399/407/399
f 395/403/395 398/406/398 401/409/401
f 400/408/400 399/407/399 402/410/402
f 399/407/399 401/409/401 403/411/403
f 399/407/399 403/411/403 402/410/402
f 401/409/401 398/406/398 404/412/404
f 401/409/401 404/412/404 403/411/403
f 398/406/398 389/397/389 405/413/405
f 398/406/398 405/413/405 404/412/404
f 405/413/405 389/397/389 381/389/381
f 375/383/375 405/413/405 381/389/381
f 382/390/382 405/413/405 375/383/375
f 406/414/406 405/413/405 382/390/382
f 406/414/406 382/390/382 366/374/366
f 366/374/366 365/373/365 406/414/406
f 404/412/404 405/413/405 407/415/407
f 407/415/407 405/413/405 406/414/406
f 406/414/406 365/373/365 408/416/408
f 408/416/408 407/415/407 406/414/406
f 365/373/365 362/370/362 408/416/408
f 404/412/404 407/415/407 409/417/409
f 403/411/403 404/412/404 409/417/409
f 410/418/410 407/415/407 408/416/408
f 409/417/409 407/415/407 410/418/410
f 408/416/408 362/370/362 411/419/411
f 411/419/411 410/418/410 408/416/408
f 362/370/362 358/366/358 411/419/411
f 411/419/411 358/366/358 339/347/339
f 339/347/339 340/348/340 411/419/411
f 340/348/340 343/351/343 411/419/411
f 412/420/412 410/418/410 411/419/411
f 411/419/411 343/351/343 412/420/412
f 413/421/413 410/418/410 412/420/412
f 343/351/343 413/421/413 412/420/412
f 409/417/409 410/418/410 413/421/413
f 345/353/345 413/421/413 343/351/343
f 409/417/409 414/422/414 403/411/403
f 413/421/413 414/422/414 409/417/409
f 402/410/402 403/411/403 414/422/414
f 414/422/414 413/421/413 415/423/415
f 415/423/415 402/410/402 414/422/414
f 345/353/345 416/424/416 413/421/413
f 415/423/415 413/421/413 416/424/416
f 417/425/417 402/410/402 415/423/415
f 417/425/417 400/408/400 402/410/402
f 418/426/418 400/408/400 417/425/417
f 415/423/415 419/427/419 417/425/417
f 415/423/415 416/424/416 419/427/419
f 417/425/417 420/428/420 418/426/418
f 417/425/417 419/427/419 420/428/420
f 418/426/418 420/428/420 421/429/421
f 422/430/422 421/429/421 420/428/420
f 420/428/420 419/427/419 422/430/422
f 423/431/423 421/429/421 422/430/422
f 423/431/423 422/430/422 424/432/424
f 422/430/422 419/427/419 425/433/425
f 419/427/419 416/424/416 425/433/425
f 424/432/424 422/430/422 426/434/426
f 422/430/422 425/433/425 426/434/426
f 426/434/426 427/435/427 424/432/424
f 425/433/425 416/424/416 428/436/428
f 426/434/426 425/433/425 429/437/429
f 425/433/425 428/436/428 429/437/429
f 430/438/430 427/435/427 426/434/426
f 429/437/429 430/438/430 426/434/426
f 431/439/431 428/436/428 416/424/416
f 431/439/431 416/424/416 345/353/345
f 345/353/345 346/354/346 431/439/431
f 431/439/431 346/354/346 432/440/432
f 431/439/431 432/440/432 433/441/433
f 433/441/433 428/436/428 431/439/431
f 433/441/433 432/440/432 434/442/434
f 433/441/433 435/443/435 428/436/428
f 429/437/429 428/436/428 435/443/435
f 434/442/434 436/444/436 433/441/433
f 436/444/436 435/443/435 433/441/433
f 437/445/437 436/444/436 434/442/434
f 438/446/438 436/444/436 437/445/437
f 439/447/439 436/444/436 438/446/438
f 439/447/439 435/443/435 436/444/436
f 440/448/440 439/447/439 438/446/438
f 441/449/441 435/443/435 439/447/439
f 435/443/435 441/449/441 429/437/429
f 442/450/442 439/447/439 440/448/440
f 442/450/442 441/449/441 439/447/439
f 443/451/443 442/450/442 440/448/440
f 429/437/429 441/449/441 444/452/444
f 444/452/444 430/438/430 429/437/429
f 445/453/445 441/449/441 442/450/442
f 441/449/441 445/453/445 444/452/444
f 446/454/446 442/450/442 443/451/443
f 446/454/446 445/453/445 442/450/442
f 447/455/447 446/454/446 443/451/443
f 444/452/444 445/453/445 448/456/448
f 444/452/444 448/456/448 430/438/430
f 449/457/449 445/453/445 446/454/446
f 445/453/445 449/457/449 448/456/448
f 450/458/450 446/454/446 447/455/447
f 450/458/450 449/457/449 446/454/446
f 451/459/451 450/458/450 447/455/447
f 448/456/448 449/457/449 452/460/452
f 449/457/449 450/458/450 452/460/452
f 430/438/430 448/456/448 453/461/453
f 448/456/448 452/460/452 453/461/453
f 430/438/430 453/461/453 427/435/427
f 427/435/427 453/461/453 454/462/454
f 453/461/453 455/463/455 454/462/454
f 453/461/453 452/460/452 455/463/455
f 454/462/454 455/463/455 456/464/456
f 452/460/452 450/458/450 457/465/457
f 452/460/452 457/465/457 455/463/455
f 455/463/455 458/466/458 456/464/456
f 455/463/455 457/465/457 458/466/458
f 456/464/456 458/466/458 459/467/459
f 450/458/450 460/468/460 457/465/457
f 460/468/460 450/458/450 451/459/451
f 461/469/461 460/468/460 451/459/451
f 458/466/458 462/470/462 459/467/459
f 459/467/459 462/470/462 463/471/463
f 462/470/462 464/472/464 463/471/463
f 457/465/457 465/473/465 458/466/458
f 458/466/458 465/473/465 462/470/462
f 457/465/457 460/468/460 465/473/465
f 466/474/466 464/472/464 462/470/462
f 465/473/465 466/474/466 462/470/462
f 466/474/466 467/475/467 464/472/464
f 460/468/460 468/476/468 465/473/465
f 468/476/468 460/468/460 461/469/461
f 469/477/469 468/476/468 461/469/461
f 470/478/470 466/474/466 465/473/465
f 465/473/465 468/476/468 470/478/470
f 471/479/471 467/475/467 466/474/466
f 470/478/470 471/479/471 466/474/466
f 467/475/467 471/479/471 472/480/472
f 473/481/473 468/476/468 469/477/469
f 468/476/468 473/481/473 470/478/470
f 474/482/474 473/481/473 469/477/469
f 475/483/475 471/479/471 470/478/470
f 470/478/470 473/481/473 475/483/475
f 472/480/472 471/479/471 476/484/476
f 475/483/475 476/484/476 471/479/471
f 476/484/476 477/485/477 472/480/472
f 478/486/478 473/481/473 474/482/474
f 473/481/473 478/486/478 475/483/475
f 479/487/479 478/486/478 474/482/474
f 480/488/480 476/484/476 475/483/475
f 475/483/475 478/486/478 480/488/480
f 481/489/481 477/485/477 476/484/476
f 480/488/480 481/489/481 476/484/476
f 477/485/477 481/489/481 482/490/482
f 483/491/483 478/486/478 479/487/479
f 483/491/483 480/488/480 478/486/478
f 484/492/484 483/491/483 479/487/479
f 482/490/482 481/489/481 485/493/485
f 485/493/485 486/494/486 482/490/482
f 487/495/487 481/489/481 480/488/480
f 487/495/487 485/493/485 481/489/481
f 487/495/487 480/488/480 483/491/483
f 488/496/488 486/494/486 485/493/485
f 488/496/488 485/493/485 487/495/487
f 486/494/486 488/496/488 489/497/489
f 488/496/488 487/495/487 489/497/489
f 486/494/486 489/497/489 484/492/484
f 489/497/489 487/495/487 483/491/483
f 489/497/489 483/491/483 484/492/484
f 330/338/330 353/361/353 490/498/490
f 490/498/490 325/333/325 330/338/330
f 490/498/490 353/361/353 491/499/491
f 353/361/353 354/362/354 491/499/491
f 491/499/491 354/362/354 492/500/492
f 325/333/325 490/498/490 493/501/493
f 493/501/493 326/334/326 325/333/325
f 493/501/493 494/502/494 326/334/326
f 491/499/491 492/500/492 495/503/495
f 495/503/495 492/500/492 496/504/496
f 496/504/496 497/505/497 495/503/495
f 490/498/490 491/499/491 498/506/498
f 498/506/498 491/499/491 495/503/495
f 493/501/493 490/498/490 498/506/498
f 495/503/495 497/505/497 499/507/499
f 495/503/495 499/507/499 498/506/498
f 497/505/497 500/508/500 499/507/499
f 498/506/498 501/509/501 493/501/493
f 501/509/501 494/502/494 493/501/493
f 501/509/501 502/510/502 494/502/494
f 498/506/498 499/507/499 503/511/503
f 503/511/503 501/509/501 498/506/498
f 499/507/499 500/508/500 504/512/504
f 499/507/499 504/512/504 503/511/503
f 505/513/505 504/512/504 500/508/500
f 506/514/506 502/510/502 501/509/501
f 501/509/501 503/511/503 506/514/506
f 506/514/506 507/515/507 502/510/502
f 503/511/503 504/512/504 508/516/508
f 506/514/506 503/511/503 508/516/508
f 509/517/509 504/512/504 505/513/505
f 504/512/504 509/517/509 508/516/508
f 505/513/505 510/518/510 509/517/509
f 511/519/511 507/515/507 506/514/506
f 508/516/508 511/519/511 506/514/506
f 511/519/511 512/520/512 507/515/507
f 508/516/508 509/517/509 513/521/513
f 513/521/513 511/519/511 508/516/508
f 509/517/509 510/518/510 514/522/514
f 509/517/509 514/522/514 513/521/513
f 515/523/515 514/522/514 510/518/510
f 516/524/516 512/520/512 511/519/511
f 511/519/511 513/521/513 516/524/516
f 516/524/516 517/525/517 512/520/512
f 513/521/513 514/522/514 518/526/518
f 516/524/516 513/521/513 518/526/518
f 519/527/519 514/522/514 515/523/515
f 514/522/514 519/527/519 518/526/518
f 519/527/519 515/523/515 520/528/520
f 521/529/521 517/525/517 516/524/516
f 520/528/520 517/525/517 521/529/521
f 516/524/516 518/526/518 521/529/521
f 522/530/522 519/527/519 520/528/520
f 520/528/520 521/529/521 522/530/522
f 518/526/518 519/527/519 522/530/522
f 521/529/521 518/526/518 522/530/522
f 523/531/523 524/532/524 525/533/525
f 525/533/525 524/532/524 526/534/526
f 527/535/527 524/532/524 523/531/523
f 528/536/528 527/535/527 523/531/523
f 526/534/526 524/532/524 529/537/529
f 529/537/529 530/538/530 526/534/526
f 527/535/527 531/539/531 524/532/524
f 524/532/524 531/539/531 529/537/529
f 532/540/532 527/535/527 528/536/528
f 533/541/533 532/540/532 528/536/528
f 534/542/534 531/539/531 527/535/527
f 532/540/532 534/542/534 527/535/527
f 535/543/535 532/540/532 533/541/533
f 536/544/536 535/543/535 533/541/533
f 537/545/537 534/542/534 532/540/532
f 535/543/535 537/545/537 532/540/532
f 538/546/538 535/543/535 536/544/536
f 539/547/539 538/546/538 536/544/536
f 540/548/540 537/545/537 535/543/535
f 538/546/538 540/548/540 535/543/535
f 534/542/534 537/545/537 541/549/541
f 537/545/537 540/548/540 542/550/542
f 541/549/541 537/545/537 542/550/542
f 540/548/540 538/546/538 543/551/543
f 542/550/542 540/548/540 543/551/543
f 544/552/544 538/546/538 539/547/539
f 545/553/545 544/552/544 539/547/539
f 543/551/543 538/546/538 546/554/546
f 538/546/538 544/552/544 546/554/546
f 547/555/547 544/552/544 545/553/545
f 548/556/548 547/555/547 545/553/545
f 546/554/546 544/552/544 549/557/549
f 544/552/544 547/555/547 549/557/549
f 550/558/550 547/555/547 548/556/548
f 551/559/551 550/558/550 548/556/548
f 549/557/549 547/555/547 552/560/552
f 547/555/547 550/558/550 552/560/552
f 553/561/553 550/558/550 551/559/551
f 554/562/554 553/561/553 551/559/551
f 552/560/552 550/558/550 555/563/555
f 550/558/550 553/561/553 555/563/555
f 556/564/556 553/561/553 554/562/554
f 557/565/557 556/564/556 554/562/554
f 555/563/555 553/561/553 558/566/558
f 556/564/556 558/566/558 553/561/553
f 559/567/559 556/564/556 557/565/557
f 520/568/560 559/567/559 557/565/557
f 559/567/559 560/569/561 556/564/556
f 560/569/561 558/566/558 556/564/556
f 520/568/560 561/570/562 559/567/559
f 561/570/562 560/569/561 559/567/559
f 561/570/562 520/568/560 562/571/563
f 561/570/562 562/571/563 560/569/561
f 562/571/563 520/568/560 515/572/564
f 560/569/561 562/571/563 563/573/565
f 515/572/564 563/573/565 562/571/563
f 560/569/561 563/573/565 558/566/558
f 510/574/566 563/573/565 515/572/564
f 558/566/558 563/573/565 564/575/567
f 563/573/565 510/574/566 564/575/567
f 558/566/558 564/575/567 555/563/555
f 564/575/567 510/574/566 505/576/568
f 555/563/555 564/575/567 565/577/569
f 505/576/568 565/577/569 564/575/567
f 555/563/555 565/577/569 552/560/552
f 500/578/570 565/577/569 505/576/568
f 552/560/552 565/577/569 566/579/571
f 565/577/569 500/578/570 566/579/571
f 552/560/552 566/579/571 549/557/549
f 566/579/571 500/578/570 497/580/572
f 566/579/571 497/580/572 567/581/573
f 549/557/549 566/579/571 567/581/573
f 567/581/573 497/580/572 496/582/574
f 492/583/575 567/581/573 496/582/574
f 568/584/576 549/557/549 567/581/573
f 568/584/576 567/581/573 492/583/575
f 546/554/546 549/557/549 568/584/576
f 354/585/577 568/584/576 492/583/575
f 569/586/578 546/554/546 568/584/576
f 569/586/578 568/584/576 354/585/577
f 543/551/543 546/554/546 569/586/578
f 350/587/579 569/586/578 354/585/577
f 570/588/580 543/551/543 569/586/578
f 570/588/580 569/586/578 350/587/579
f 542/550/542 543/551/543 570/588/580
f 348/589/581 570/588/580 350/587/579
f 571/590/582 542/550/542 570/588/580
f 571/590/582 570/588/580 348/589/581
f 541/549/541 542/550/542 571/590/582
f 571/590/582 348/589/581 572/591/583
f 572/591/583 348/589/581 347/592/584
f 541/549/541 571/590/582 573/593/585
f 573/593/585 571/590/582 572/591/583
f 573/593/585 534/542/534 541/549/541
f 531/539/531 534/542/534 573/593/585
f 347/592/584 574/594/586 572/591/583
f 349/595/587 574/594/586 347/592/584
f 572/591/583 575/596/588 573/593/585
f 574/594/586 575/596/588 572/591/583
f 573/593/585 576/597/589 531/539/531
f 575/596/588 576/597/589 573/593/585
f 529/537/529 531/539/531 576/597/589
f 574/594/586 577/598/590 575/596/588
f 529/537/529 576/597/589 578/599/591
f 578/599/591 530/538/530 529/537/529
f 578/599/591 579/600/592 530/538/530
f 575/596/588 580/601/593 576/597/589
f 578/599/591 576/597/589 580/601/593
f 577/598/590 580/601/593 575/596/588
f 581/602/594 579/600/592 578/599/591
f 578/599/591 580/601/593 581/602/594
f 581/602/594 582/603/595 579/600/592
f 583/604/596 580/601/593 577/598/590
f 584/605/597 577/598/590 574/594/586
f 349/595/587 584/605/597 574/594/586
f 584/605/597 583/604/596 577/598/590
f 352/606/598 584/605/597 349/595/587
f 584/605/597 352/606/598 585/607/599
f 585/607/599 583/604/596 584/605/597
f 585/607/599 352/606/598 356/608/600
f 356/608/600 357/609/601 585/607/599
f 585/607/599 357/609/601 586/610/602
f 585/607/599 586/610/602 583/604/596
f 357/609/601 587/611/603 586/610/602
f 361/612/604 587/611/603 357/609/601
f 583/604/596 586/610/602 588/613/605
f 361/612/604 589/614/606 587/611/603
f 364/615/607 589/614/606 361/612/604
f 587/611/603 590/616/608 586/610/602
f 586/610/602 590/616/608 588/613/605
f 589/614/606 591/617/609 587/611/603
f 587/611/603 591/617/609 590/616/608
f 364/615/607 592/618/610 589/614/606
f 368/619/611 592/618/610 364/615/607
f 589/614/606 593/620/612 591/617/609
f 592/618/610 593/620/612 589/614/606
f 368/619/611 594/621/613 592/618/610
f 371/622/614 594/621/613 368/619/611
f 594/621/613 595/623/615 592/618/610
f 592/618/610 595/623/615 593/620/612
f 371/622/614 596/624/616 594/621/613
f 596/624/616 595/623/615 594/621/613
f 374/625/617 596/624/616 371/622/614
f 595/623/615 597/626/618 593/620/612
f 374/625/617 598/627/619 596/624/616
f 377/628/620 598/627/619 374/625/617
f 598/627/619 377/628/620 379/629/621
f 599/630/622 595/623/615 596/624/616
f 598/627/619 599/630/622 596/624/616
f 595/623/615 599/630/622 597/626/618
f 598/627/619 379/629/621 600/631/623
f 598/627/619 600/631/623 599/630/622
f 601/632/624 600/631/623 379/629/621
f 601/632/624 379/629/621 384/633/625
f 385/634/626 601/632/624 384/633/625
f 599/630/622 600/631/623 602/635/627
f 597/626/618 599/630/622 602/635/627
f 603/636/628 600/631/623 601/632/624
f 602/635/627 600/631/623 603/636/628
f 604/637/629 601/632/624 385/634/626
f 601/632/624 604/637/629 603/636/628
f 388/638/630 604/637/629 385/634/626
f 603/636/628 605/639/631 602/635/627
f 606/640/632 604/637/629 388/638/630
f 391/641/633 606/640/632 388/638/630
f 603/636/628 604/637/629 607/642/634
f 604/637/629 606/640/632 607/642/634
f 607/642/634 605/639/631 603/636/628
f 608/643/635 606/640/632 391/641/633
f 606/640/632 608/643/635 607/642/634
f 394/644/636 608/643/635 391/641/633
f 607/642/634 608/643/635 609/645/637
f 609/645/637 605/639/631 607/642/634
f 610/646/638 608/643/635 394/644/636
f 608/643/635 610/646/638 609/645/637
f 397/647/639 610/646/638 394/644/636
f 611/648/640 605/639/631 609/645/637
f 612/649/641 610/646/638 397/647/639
f 609/645/637 610/646/638 613/650/642
f 613/650/642 611/648/640 609/645/637
f 610/646/638 612/649/641 613/650/642
f 400/651/643 612/649/641 397/647/639
f 614/652/644 611/648/640 613/650/642
f 613/650/642 612/649/641 615/653/645
f 613/650/642 615/653/645 614/652/644
f 616/654/646 612/649/641 400/651/643
f 612/649/641 616/654/646 615/653/645
f 611/648/640 617/655/647 605/639/631
f 614/652/644 617/655/647 611/648/640
f 605/639/631 617/655/647 602/635/627
f 617/655/647 597/626/618 602/635/627
f 614/652/644 615/653/645 618/656/648
f 619/657/649 597/626/618 617/655/647
f 593/620/612 597/626/618 619/657/649
f 593/620/612 619/657/649 591/617/609
f 591/617/609 619/657/649 620/658/650
f 619/657/649 617/655/647 620/658/650
f 591/617/609 620/658/650 590/616/608
f 621/659/651 617/655/647 614/652/644
f 620/658/650 617/655/647 621/659/651
f 618/656/648 621/659/651 614/652/644
f 590/616/608 620/658/650 622/660/652
f 620/658/650 621/659/651 622/660/652
f 622/660/652 588/613/605 590/616/608
f 622/660/652 621/659/651 623/661/653
f 623/661/653 621/659/651 618/656/648
f 624/662/654 588/613/605 622/660/652
f 622/660/652 623/661/653 624/662/654
f 588/613/605 624/662/654 583/604/596
f 583/604/596 624/662/654 580/601/593
f 581/602/594 580/601/593 624/662/654
f 624/662/654 623/661/653 625/663/655
f 581/602/594 624/662/654 626/664/656
f 626/664/656 624/662/654 625/663/655
f 626/664/656 582/603/595 581/602/594
f 625/663/655 623/661/653 627/665/657
f 627/665/657 626/664/656 625/663/655
f 627/665/657 623/661/653 618/656/648
f 628/666/658 582/603/595 626/664/656
f 628/666/658 626/664/656 627/665/657
f 629/667/659 582/603/595 628/666/658
f 618/656/648 630/668/660 627/665/657
f 615/653/645 630/668/660 618/656/648
f 615/653/645 616/654/646 630/668/660
f 631/669/661 629/667/659 628/666/658
f 632/670/662 629/667/659 631/669/661
f 630/668/660 616/654/646 633/671/663
f 630/668/660 633/671/663 627/665/657
f 634/672/664 628/666/658 627/665/657
f 627/665/657 633/671/663 634/672/664
f 631/669/661 628/666/658 634/672/664
f 633/671/663 616/654/646 635/673/665
f 400/651/643 635/673/665 616/654/646
f 418/674/666 635/673/665 400/651/643
f 635/673/665 636/675/667 633/671/663
f 633/671/663 636/675/667 634/672/664
f 635/673/665 418/674/666 637/676/668
f 637/676/668 636/675/667 635/673/665
f 637/676/668 418/674/666 421/677/669
f 421/677/669 638/678/670 637/676/668
f 637/676/668 638/678/670 636/675/667
f 423/679/671 638/678/670 421/677/669
f 424/680/672 638/678/670 423/679/671
f 636/675/667 639/681/673 634/672/664
f 636/675/667 638/678/670 639/681/673
f 640/682/674 638/678/670 424/680/672
f 638/678/670 640/682/674 639/681/673
f 424/680/672 427/683/675 640/682/674
f 634/672/664 639/681/673 641/684/676
f 641/684/676 631/669/661 634/672/664
f 639/681/673 640/682/674 642/685/677
f 639/681/673 642/685/677 641/684/676
f 640/682/674 427/683/675 643/686/678
f 640/682/674 643/686/678 642/685/677
f 644/687/679 631/669/661 641/684/676
f 644/687/679 632/670/662 631/669/661
f 645/688/680 632/670/662 644/687/679
f 646/689/681 644/687/679 641/684/676
f 641/684/676 642/685/677 646/689/681
f 644/687/679 647/690/682 645/688/680
f 647/690/682 644/687/679 646/689/681
f 645/688/680 647/690/682 648/691/683
f 647/690/682 649/692/684 648/691/683
f 650/693/685 649/692/684 647/690/682
f 646/689/681 650/693/685 647/690/682
f 650/693/685 651/694/686 649/692/684
f 646/689/681 642/685/677 652/695/687
f 652/695/687 650/693/685 646/689/681
f 653/696/688 651/694/686 650/693/685
f 650/693/685 652/695/687 653/696/688
f 653/696/688 654/697/689 651/694/686
f 652/695/687 642/685/677 655/698/690
f 642/685/677 643/686/678 655/698/690
f 653/696/688 652/695/687 656/699/691
f 655/698/690 656/699/691 652/695/687
f 657/700/692 654/697/689 653/696/688
f 656/699/691 657/700/692 653/696/688
f 657/700/692 658/701/693 654/697/689
f 659/702/694 656/699/691 655/698/690
f 655/698/690 643/686/678 659/702/694
f 660/703/695 657/700/692 656/699/691
f 656/699/691 659/702/694 660/703/695
f 661/704/696 658/701/693 657/700/692
f 661/704/696 657/700/692 660/703/695
f 661/704/696 662/705/697 658/701/693
f 660/703/695 659/702/694 663/706/698
f 663/706/698 661/704/696 660/703/695
f 659/702/694 643/686/678 664/707/699
f 659/702/694 664/707/699 663/706/698
f 643/686/678 427/683/675 664/707/699
f 664/707/699 427/683/675 454/708/700
f 664/707/699 454/708/700 665/709/701
f 663/706/698 664/707/699 665/709/701
f 665/709/701 454/708/700 456/710/702
f 663/706/698 665/709/701 666/711/703
f 666/711/703 661/704/696 663/706/698
f 665/709/701 456/710/702 667/712/704
f 666/711/703 665/709/701 667/712/704
f 667/712/704 456/710/702 459/713/705
f 661/704/696 666/711/703 668/714/706
f 668/714/706 662/705/697 661/704/696
f 668/714/706 669/715/707 662/705/697
f 667/712/704 459/713/705 670/716/708
f 670/716/708 459/713/705 463/717/709
f 463/717/709 464/718/710 670/716/708
f 666/711/703 667/712/704 671/719/711
f 671/719/711 667/712/704 670/716/708
f 668/714/706 666/711/703 671/719/711
f 670/716/708 464/718/710 672/720/712
f 670/716/708 672/720/712 671/719/711
f 464/718/710 467/721/713 672/720/712
f 671/719/711 673/722/714 668/714/706
f 673/722/714 669/715/707 668/714/706
f 673/722/714 674/723/715 669/715/707
f 671/719/711 672/720/712 675/724/716
f 675/724/716 673/722/714 671/719/711
f 672/720/712 467/721/713 676/725/717
f 672/720/712 676/725/717 675/724/716
f 472/726/718 676/725/717 467/721/713
f 677/727/719 674/723/715 673/722/714
f 673/722/714 675/724/716 677/727/719
f 677/727/719 678/728/720 674/723/715
f 675/724/716 676/725/717 679/729/721
f 677/727/719 675/724/716 679/729/721
f 680/730/722 676/725/717 472/726/718
f 676/725/717 680/730/722 679/729/721
f 472/726/718 477/731/723 680/730/722
f 681/732/724 678/728/720 677/727/719
f 679/729/721 681/732/724 677/727/719
f 681/732/724 682/733/725 678/728/720
f 679/729/721 680/730/722 683/734/726
f 683/734/726 681/732/724 679/729/721
f 680/730/722 477/731/723 684/735/727
f 680/730/722 684/735/727 683/734/726
f 482/736/728 684/735/727 477/731/723
f 685/737/729 682/733/725 681/732/724
f 681/732/724 683/734/726 685/737/729
f 685/737/729 686/738/730 682/733/725
f 683/734/726 684/735/727 687/739/731
f 685/737/729 683/734/726 687/739/731
f 688/740/732 684/735/727 482/736/728
f 684/735/727 688/740/732 687/739/731
f 688/740/732 482/736/728 486/741/733
f 689/742/734 686/738/730 685/737/729
f 486/741/733 686/738/730 689/742/734
f 685/737/729 687/739/731 689/742/734
f 690/743/735 688/740/732 486/741/733
f 486/741/733 689/742/734 690/743/735
f 687/739/731 688/740/732 690/743/735
f 689/742/734 687/739/731 690/743/735
v -0.002307128 0.05153483 0.09921454
vt 0.2682657 0.04942542
vn -0.08325195 0.02613831 0.9960938
vt 0.2648561 0.03967869
vn 0.7299805 0.6816406 0.04244995
vt 0.2662376 0.04479796
vn 0.6220703 0.7822266 0.02668762
v -0.001755334 0.05106387 0.09928074
vt 0.263841 0.04373538
vn 0.4541016 0.4975586 0.7387695
vt 0.2615598 0.03518748
vn 0.8198242 0.5668945 0.07409668
v -0.000713123 0.04961918 0.09947625
vt 0.2587799 0.03800893
vn 0.4863281 0.4152832 0.7685547
vt 0.2556736 0.02963555
vn 0.9316406 0.3254395 0.1593018
v -1.900274E-05 0.04844425 0.09957991
vt 0.2532352 0.03363317
vn 0.5664063 0.24646 0.7861328
vt 0.2471692 0.02538747
vn 0.9775391 0.01623535 0.2099609
v -0.001203365 0.04927002 0.09969943
vt 0.2546515 0.04080939
vn -0.01055908 0.1495361 0.9882813
v -2.068205E-05 0.04735972 0.09969924
vt 0.245488 0.029998
vn 0.5268555 0.08087158 0.8457031
vt 0.2367875 0.02241236
vn 0.9780273 0.006134033 0.2060547
v -0.0007303816 0.04841642 0.09973302
vt 0.2501565 0.03742647
vn 0.1350098 0.135498 0.9814453
v -2.054023E-05 0.04659907 0.09973084
vt 0.2362657 0.02768952
vn 0.5498047 0.02333069 0.8344727
vt 0.2282335 0.0223431
vn 0.9790039 0.0001846552 0.2017822
v -0.0006213714 0.04736351 0.09987283
vt 0.243719 0.03461295
vn 0.1040649 0.07678223 0.9912109
v -2.007686E-05 0.04594596 0.09974446
vt 0.2284457 0.02782649
vn 0.5610352 -0.007724762 0.8271484
vt 0.2195949 0.02399743
vn 0.9785156 -0.01055908 0.2045898
v -0.0006186989 0.04660274 0.09990261
vt 0.2359881 0.03299826
vn 0.08190918 0.02755737 0.9960938
v -0.001645297 0.04773955 0.0998426
vt 0.246612 0.04073614
vn -0.08215332 0.08447266 0.9926758
v -0.001753814 0.04676019 0.09987976
vt 0.2372607 0.04089934
vn -0.09887695 0.0411377 0.9941406
v -0.0006355088 0.0459441 0.09991048
vt 0.2289283 0.03310448
vn 0.07580566 -0.008682251 0.9970703
v -0.003287988 0.04872778 0.09955801
vt 0.2515741 0.04861575
vn -0.1442871 0.0947876 0.9848633
v -0.001794787 0.0459441 0.09989525
vt 0.2289077 0.04089761
vn -0.100769 -0.008094788 0.9946289
v -0.0006306857 0.04550152 0.09988973
vt 0.2221636 0.03370941
vn 0.08251953 -0.05288696 0.9951172
v -0.003594768 0.0472614 0.09960806
vt 0.238965 0.04894656
vn -0.173584 0.0559082 0.9829102
v -0.003745106 0.04600052 0.0996409
vt 0.2292361 0.04858434
vn -0.1785889 -0.008041382 0.9833984
v -2.022098E-05 0.0454878 0.099727
vt 0.2211533 0.02879292
vn 0.5463867 -0.04464722 0.8359375
v -0.001746849 0.04535643 0.09987056
vt 0.2213746 0.04100108
vn -0.1021118 -0.07098389 0.9921875
v -2.334508E-05 0.04471539 0.09968847
vt 0.2139198 0.03154266
vn 0.5092773 -0.06359863 0.8579102
vt 0.2119817 0.02713209
vn 0.9765625 -0.01538086 0.2141113
vt 0.2064502 0.03098655
vn 0.8994141 -0.4094238 0.152832
v -0.0006821504 0.04474581 0.09984839
vt 0.2155005 0.03540361
vn 0.08184814 -0.06732178 0.9941406
v -2.930262E-05 0.04408834 0.09964634
vt 0.2087321 0.03441316
vn 0.5400391 -0.3000488 0.7861328
v -0.0007613237 0.04301948 0.09951586
vt 0.2034851 0.03867173
vn 0.4208984 -0.4770508 0.7709961
vt 0.2012661 0.03583068
vn 0.7451172 -0.6635742 0.06280518
v -0.0007946801 0.0441202 0.09980724
vt 0.2099329 0.03787977
vn 0.1116333 -0.1506348 0.9819336
v -0.001553219 0.04433108 0.09980842
vt 0.2134454 0.04109538
vn -0.1016846 -0.0916748 0.9902344
v -0.003583623 0.04497546 0.09959442
vt 0.2197558 0.04877591
vn -0.1723633 -0.08172607 0.9814453
v -0.001261953 0.04345692 0.09973358
vt 0.2062346 0.0409736
vn -0.005996704 -0.1748047 0.984375
v -0.003087464 0.04326395 0.09950612
vt 0.2083888 0.04864472
vn -0.1501465 -0.08984375 0.984375
v -0.005301866 0.044586 0.09918518
vt 0.2177793 0.05608904
vn -0.3586426 -0.09356689 0.9282227
v -0.002418383 0.04189728 0.09942205
vt 0.1974546 0.04775745
vn -0.05328369 -0.1464844 0.9873047
v -0.002213485 0.04158633 0.0992705
vt 0.1966183 0.04587567
vn 0.4304199 -0.5532227 0.7128906
vt 0.1957717 0.04358071
vn 0.6816406 -0.7304688 0.03326416
v -0.002903465 0.04100215 0.09917554
vt 0.1938182 0.04913676
vn -0.07366943 0.05239868 0.9956055
vt 0.1947665 0.04565591
vn 0.637207 -0.7695313 0.03448486
v -0.004568493 0.04225388 0.0991675
vt 0.2050604 0.05489177
vn -0.3254395 -0.1243896 0.9370117
v -0.003529824 0.04051229 0.09923261
vt 0.192401 0.05423146
vn -0.2573242 -0.2619629 0.9296875
v -0.002188538 0.04124133 0.0994677
vt 0.1924238 0.04247081
vn -0.1977539 -0.05432129 0.9785156
v -0.002205725 0.04157354 0.09927645
vt 0.194021 0.04310775
vn -0.5844727 0.5805664 0.565918
v -0.008291465 0.04022947 0.09747741
vt 0.2005723 0.06900418
vn -0.5483398 -0.2062988 0.8100586
vt 0.1955214 0.04356366
vn -0.6806641 0.7260742 0.09576416
vn -0.6513672 0.7563477 0.05828857
v -0.009070465 0.04355243 0.09738194
vt 0.2174233 0.07015222
vn -0.5869141 -0.1088867 0.8017578
v -0.007246776 0.03762941 0.09728634
vt 0.1860345 0.06702209
vn -0.4538574 -0.4282227 0.7807617
v -0.009272447 0.04601829 0.09754073
vt 0.2300513 0.06999052
vn -0.6064453 0.003189087 0.7949219
v -0.0119437 0.04284107 0.09437394
vt 0.2154105 0.08490598
vn -0.8076172 -0.1193237 0.5766602
v -0.005515694 0.04604207 0.09927573
vt 0.2300699 0.0561313
vn -0.3774414 -0.002321243 0.9257813
v -0.005326276 0.04773813 0.09920898
vt 0.2417254 0.055897
vn -0.3718262 0.08001709 0.9243164
v -0.01212186 0.04595401 0.09452813
vt 0.2299161 0.08574122
vn -0.8198242 0.004722595 0.5722656
v -0.009075057 0.04864554 0.09735574
vt 0.2435691 0.07017356
vn -0.6035156 0.09991455 0.7905273
v -0.004920687 0.04968049 0.09917412
vt 0.2554023 0.05606395
vn -0.3320313 0.1499023 0.9311523
v -0.002228665 0.050805 0.09942147
vt 0.263034 0.04730463
vn -0.08081055 0.144043 0.9858398
v -0.003468731 0.05228925 0.09911612
vt 0.2699128 0.05499411
vn -0.2722168 0.2893066 0.9174805
v -0.008650912 0.05147066 0.09735349
vt 0.2595007 0.06989735
vn -0.5576172 0.2105713 0.8022461
vn -0.6313477 -0.7749023 -0.01712036
vt 0.2650892 0.03971434
vn -0.6982422 -0.715332 -0.01244354
v -0.01194237 0.04917547 0.09430773
vt 0.2446646 0.08501357
vn -0.8188477 0.1250152 0.5595703
v -0.00173783 0.05104595 0.09929364
vt 0.267926 0.04242557
vn -0.6948242 -0.612793 0.3757324
vt 0.2640381 0.03412217
vn -0.8110352 -0.5844727 0.007888794
v -0.00210295 0.05157721 0.09940452
vt 0.2701964 0.04506838
vn -0.1915283 0.1055298 0.9755859
v -0.001255018 0.05041021 0.09937992
vt 0.26719 0.03553128
vn -0.6938477 -0.4694824 0.5449219
v -0.001283651 0.05091344 0.09955267
vt 0.2706127 0.03743166
vn -0.2490234 -0.04940796 0.9667969
v -0.0008195131 0.04978384 0.09945634
vt 0.2669333 0.02851045
vn -0.6630859 -0.4047852 0.6289063
vt 0.2628865 0.02739459
vn -0.8374023 -0.5444336 0.03823853
v -0.0006293062 0.05028747 0.09965137
vt 0.271004 0.03044093
vn -0.2785645 -0.107605 0.9541016
v -0.0007474646 0.05134436 0.0996225
vt 0.2756692 0.03055829
vn -0.09564209 0.1095581 0.9892578
v -0.0004276163 0.0491838 0.09951601
vt 0.2670971 0.02095342
vn -0.6269531 -0.3337402 0.703125
vt 0.2620416 0.01995564
vn -0.8486328 -0.519043 0.09777832
vt 0.2613551 0.01146829
vn 0 -0.9682617 0.2481689
v -8.079238E-19 0.04851421 0.09959272
vt 0.2671986 0.01267999
vn 0 -0.6821289 0.730957
v -6.315063E-19 0.04946177 0.09972809
vt 0.2736932 0.01528054
vn 0 -0.1381836 0.9902344
v -0.0002812864 0.04986506 0.09969658
vt 0.2720882 0.02299607
vn -0.2890625 -0.1154785 0.9501953
v -6.986611E-19 0.05034384 0.09973871
vt 0.2776188 0.01746613
vn 0 0.03909302 0.9990234
v -0.000333685 0.05032802 0.0996966
vt 0.2733586 0.02550834
vn -0.1082764 0.02964783 0.9936523
v -7.426629E-19 0.05145625 0.09966027
vt 0.2821763 0.02031678
vn 0 0.1402588 0.9897461
v -8.189879E-19 0.05269133 0.09942168
vt 0.28733 0.0237639
vn 0 0.2763672 0.9609375
v -0.001260262 0.05243482 0.09942549
vt 0.2787508 0.03580672
vn -0.09838867 0.234375 0.9667969
v -8.141997E-19 0.0543234 0.09888436
vt 0.2937909 0.02850342
vn 0 0.4658203 0.8847656
v -0.002085932 0.05387106 0.09891172
vt 0.2821367 0.04158783
vn -0.1724854 0.4255371 0.8881836
v -0.004197666 0.05777965 0.09641274
vt 0.2940649 0.05731064
vn -0.2819824 0.6054688 0.7436523
v -5.946727E-19 0.05902968 0.0963179
vt 0.3098713 0.04142994
vn 0 0.6650391 0.746582
v -0.00751168 0.05501335 0.09690174
vt 0.2752538 0.06788671
vn -0.4697266 0.4350586 0.7675781
v -0.005873139 0.06036176 0.09290824
vt 0.3044948 0.07656008
vn -0.4135742 0.7578125 0.5039063
v -6.914863E-19 0.06228355 0.09278019
vt 0.3278449 0.06063622
vn 0 0.8496094 0.5263672
v -0.01152604 0.05250425 0.09408767
vt 0.2611335 0.08502465
vn -0.7949219 0.2749023 0.5400391
v -0.01027748 0.056686 0.09322617
vt 0.2791905 0.08534867
vn -0.6660156 0.5541992 0.4985352
v -0.007177646 0.06272721 0.08717642
vt 0.3125053 0.09908128
vn -0.4685059 0.8164063 0.3364258
v -6.637164E-33 0.06532101 0.0871764
vt 0.3421876 0.08176774
vn 0 0.9321289 0.361084
v -0.01400795 0.05349903 0.08865557
vt 0.2628871 0.1062093
vn -0.8618164 0.3103027 0.4008789
v -0.00787337 0.0647011 0.07998905
vt 0.3223093 0.1288091
vn -0.5136719 0.8359375 0.1918945
v -6.902938E-33 0.06759998 0.07998905
vt 0.3571115 0.1161321
vn 0 0.9755859 0.2189941
v -0.01255694 0.05813123 0.08692299
vt 0.2839004 0.109881
vn -0.6914063 0.6396484 0.3339844
v -0.01215762 0.06061948 0.07994617
vt 0.2978945 0.1351907
vn -0.7080078 0.6865234 0.1635742
v -0.008548643 0.06642352 0.06837229
vt 0.33214 0.1792647
vn -0.546875 0.8300781 0.1052856
v -7.32632E-33 0.06974492 0.06853944
vt 0.3716183 0.1706292
vn 0 0.9921875 0.1240234
v -0.01358194 0.05757206 0.08384576
vt 0.2769341 0.1236002
vn -0.815918 0.5449219 0.19104
v -0.008837136 0.06706763 0.05773952
vt 0.3369446 0.2257186
vn -0.5795898 0.8139648 0.02868652
vt 0.377908 0.223137
vn 0 0.9990234 0.04177856
vt 0.3688204 0.2925274
vn -0.4191895 0.9072266 -0.01823425
v -0.01365298 0.05639736 0.08586774
vt 0.2725925 0.1161111
vn -0.894043 0.3740234 0.2449951
v -0.008578125 0.06702372 0.04268822
vt 0.3382715 0.2928997
vn -0.6020508 0.7973633 -0.03216553
vt 0.3619081 0.3405723
vn -0.4714355 0.8759766 -0.09887695
v -0.008224865 0.06612492 0.03234462
vt 0.3351493 0.3393635
vn -0.6279297 0.7709961 -0.1015625
vt 0.3530855 0.3835232
vn -0.5058594 0.8515625 -0.135498
v -0.01529784 0.06002983 0.04268824
vt 0.2960554 0.2937422
vn -0.8276367 0.5595703 -0.03701782
v -0.007903677 0.06477936 0.02294002
vt 0.3292195 0.381534
vn -0.6425781 0.7539063 -0.1350098
vt 0.3442523 0.4250966
vn -0.5200195 0.8369141 -0.1688232
v -0.01481278 0.05918355 0.03234462
vt 0.2930741 0.3385612
vn -0.8212891 0.5620117 -0.09313965
v -0.01547836 0.05985414 0.05773963
vt 0.2939845 0.2293096
vn -0.8325195 0.5532227 0.01783752
v -0.01807476 0.05296322 0.04268824
vt 0.2627857 0.294464
vn -0.9667969 0.2531738 -0.02972412
v -0.0151051 0.05943004 0.06837235
vt 0.2909392 0.1850228
vn -0.8051758 0.5874023 0.07647705
v -0.01817332 0.05287566 0.05773956
vt 0.2613924 0.2309687
vn -0.9682617 0.2486572 0.01562691
v -0.01747762 0.0525416 0.03234462
vt 0.2614892 0.3385992
vn -0.9628906 0.2580566 -0.07391357
v -0.01898908 0.0459441 0.04268822
vt 0.2316509 0.2949308
vn -0.9995117 0 -0.0271759
v -0.01425323 0.05825433 0.02294002
vt 0.2892216 0.3794019
vn -0.8154297 0.5649414 -0.1259766
v -0.007526586 0.06332128 0.01378373
vt 0.321957 0.4223857
vn -0.6499023 0.7412109 -0.1645508
vt 0.3341104 0.4644144
vn -0.5058594 0.8374023 -0.2061768
v -0.01681615 0.05207863 0.02294002
vt 0.2597607 0.3789388
vn -0.9575195 0.2670898 -0.105896
v -0.006987031 0.06169391 0.005031627
vt 0.3140519 0.4613482
vn -0.6469727 0.7373047 -0.1917725
vt 0.3227818 0.4996271
vn -0.4589844 0.8535156 -0.244873
v -0.01322148 0.05716303 0.01378373
vt 0.2851064 0.4194829
vn -0.8085938 0.5664063 -0.1551514
v -0.006534181 0.05995564 -0.002789873
vt 0.3052661 0.4959987
vn -0.6259766 0.7480469 -0.2174072
vt 0.3091161 0.538263
vn -0.4099121 0.8701172 -0.2724609
v -0.01223527 0.0559672 0.005031627
vt 0.2800632 0.4578143
vn -0.8046875 0.5668945 -0.173584
v -0.01571114 0.05153362 0.01378373
vt 0.2578869 0.4185379
vn -0.9487305 0.2849121 -0.1343994
v -0.005832998 0.05786669 -0.01146808
vt 0.2947425 0.5344239
vn -0.6000977 0.7583008 -0.2529297
vt 0.2959738 0.5685366
vn -0.3718262 0.875 -0.3095703
v -0.01110481 0.05496862 -0.002789875
vt 0.2757915 0.4922178
vn -0.7958984 0.5737305 -0.1917725
v -0.01465489 0.05093657 0.005031627
vt 0.2555064 0.4564441
vn -0.9399414 0.3027344 -0.1555176
v -0.004899711 0.05595508 -0.0182722
vt 0.2855455 0.5649217
vn -0.5791016 0.7573242 -0.3007813
vt 0.2834617 0.5941555
vn -0.3552246 0.8676758 -0.3474121
v -0.009850513 0.05386067 -0.01146808
vt 0.2703741 0.5302753
vn -0.7822266 0.5776367 -0.2319336
v -0.0133156 0.05043956 -0.002789875
vt 0.2536437 0.4905726
vn -0.9316406 0.314209 -0.1800537
v -0.004091702 0.0541613 -0.02416295
vt 0.2761999 0.5910335
vn -0.574707 0.7421875 -0.3435059
vt 0.2711998 0.6138296
vn -0.3466797 0.8388672 -0.4187012
v -0.008290903 0.05251991 -0.01826733
vt 0.2647928 0.5606802
vn -0.7636719 0.5771484 -0.2878418
v -0.002854043 0.05229748 -0.02893384
vt 0.267997 0.6130952
vn -0.5561523 0.7241211 -0.4069824
vt 0.259822 0.6321589
vn -0.5629883 0.7246094 -0.3962402
v -0.005322156 0.05017065 -0.02892951
vt 0.2542977 0.6089994
vn -0.7099609 0.5766602 -0.4030762
v -0.006940654 0.05135913 -0.02415387
vt 0.2592531 0.5868984
vn -0.7456055 0.5761719 -0.3344727
v -0.0118296 0.04988812 -0.01146808
vt 0.2511774 0.5284719
vn -0.9223633 0.315918 -0.2203369
v -0.003850498 0.04908999 -0.03327109
vt 0.2494229 0.6290416
vn -0.7075195 0.578125 -0.4055176
vt 0.2500185 0.6449659
vn -0.5766602 0.7080078 -0.4064941
v -0.009973249 0.0492237 -0.01826733
vt 0.2486553 0.558767
vn -0.9067383 0.3144531 -0.2807617
v -0.002601821 0.04820454 -0.03648321
vt 0.2457425 0.6441847
vn -0.7631836 0.4958496 -0.4138184
vt 0.2427193 0.6540471
vn -0.7578125 0.5151367 -0.3999023
v -0.006336969 0.0480531 -0.02892951
vt 0.2440289 0.6075467
vn -0.862793 0.3205566 -0.3901367
v -0.00449196 0.04751175 -0.0332711
vt 0.2419662 0.6280858
vn -0.8520508 0.3500977 -0.3879395
v -0.003183744 0.04715678 -0.03648651
vt 0.2405415 0.6432487
vn -0.8276367 0.40625 -0.3862305
v -0.002254632 0.04690468 -0.03877015
vt 0.2394977 0.6540372
vn -0.800293 0.4628906 -0.380127
vt 0.2390673 0.6580144
vn -0.800293 0.4606934 -0.3825684
v -0.002784938 0.0459441 -0.03881131
vt 0.2347572 0.6532887
vn -0.9106445 0 -0.4125977
vt 0.2348299 0.6609581
vn -0.9023438 0 -0.4306641
vt 0.230521 0.6580807
vn -0.800293 -0.4606934 -0.3825684
v -0.003767201 0.0459441 -0.03648982
vt 0.2346728 0.6423169
vn -0.9150391 0 -0.4030762
v -0.002254632 0.04498351 -0.03877015
vt 0.2300289 0.6541105
vn -0.800293 -0.4628906 -0.380127
vt 0.2268078 0.6541703
vn -0.7578125 -0.5151367 -0.3999023
v -0.003183744 0.04473142 -0.03648651
vt 0.2288189 0.6433395
vn -0.8276367 -0.40625 -0.3862305
v -0.00260182 0.04368365 -0.03648322
vt 0.2236328 0.6443557
vn -0.7631836 -0.4958496 -0.4138184
vt 0.2193689 0.6452025
vn -0.5766602 -0.7080078 -0.4064941
v -0.004491959 0.04437645 -0.0332711
vt 0.2271631 0.6282009
vn -0.8520508 -0.3500977 -0.3879395
v -0.003850496 0.0427982 -0.03327109
vt 0.2197216 0.6292725
vn -0.7075195 -0.578125 -0.4055176
vt 0.2093703 0.6325474
vn -0.5629883 -0.7246094 -0.3962402
v -0.005129112 0.0459441 -0.0332711
vt 0.2345567 0.6270947
vn -0.9160156 0 -0.4003906
v -0.006336969 0.04383509 -0.02892951
vt 0.2247903 0.6076983
vn -0.862793 -0.3205566 -0.3901367
v -0.005322155 0.04171755 -0.02892951
vt 0.2145448 0.6093113
vn -0.7099609 -0.5766602 -0.4030762
v -0.002854042 0.03959073 -0.02893384
vt 0.2009084 0.6136172
vn -0.5561523 -0.7241211 -0.4069824
vt 0.1977168 0.6144
vn -0.3466797 -0.8388672 -0.4187012
v -0.004091703 0.03772689 -0.02416295
vt 0.1923714 0.5916983
vn -0.574707 -0.7421875 -0.3435059
vt 0.185158 0.5949315
vn -0.3552246 -0.8676758 -0.3474121
v -0.006940653 0.04052906 -0.02415387
vt 0.2092518 0.5872976
vn -0.7456055 -0.5761719 -0.3344727
v -0.006894672 0.0459441 -0.02892951
vt 0.2344033 0.6067824
vn -0.9179688 0 -0.3962402
v -0.008366077 0.04323971 -0.02415387
vt 0.2223833 0.5852342
vn -0.8920898 -0.3137207 -0.324707
v -0.008366077 0.04864848 -0.02415386
vt 0.2460909 0.5850444
vn -0.8920898 0.3137207 -0.324707
v -0.008836418 0.0459441 -0.02415387
vt 0.2342322 0.5844955
vn -0.9453125 0 -0.3254395
v -0.01057332 0.0459441 -0.01826733
vt 0.2340255 0.558211
vn -0.9594727 0 -0.2810059
v -0.009973249 0.04266449 -0.01826733
vt 0.2194064 0.5590065
vn -0.9067383 -0.3144531 -0.2807617
v -0.01257954 0.0459441 -0.01146808
vt 0.2337783 0.5278357
vn -0.9755859 0 -0.2194824
v -0.0118296 0.04200008 -0.01146808
vt 0.2163926 0.5287645
vn -0.9223633 -0.315918 -0.2203369
v -0.008290903 0.03936829 -0.01826733
vt 0.2033018 0.5611827
vn -0.7636719 -0.5771484 -0.2878418
v -0.0133156 0.04144863 -0.002789875
vt 0.2132795 0.4909213
vn -0.9316406 -0.314209 -0.1800537
v -0.004899712 0.03593312 -0.0182722
vt 0.1826186 0.5657578
vn -0.5791016 -0.7573242 -0.3007813
vt 0.1722462 0.5695347
vn -0.3718262 -0.875 -0.3095703
v -0.009850513 0.03802753 -0.01146808
vt 0.1972308 0.53089
vn -0.7822266 -0.5776367 -0.2319336
v -0.005832998 0.03402151 -0.01146808
vt 0.17294 0.5354462
vn -0.6000977 -0.7583008 -0.2529297
vt 0.1582097 0.5397051
vn -0.4099121 -0.8701172 -0.2724609
v -0.01110481 0.03691957 -0.002789875
vt 0.1911642 0.49295
vn -0.7958984 -0.5737305 -0.1917725
v -0.006534179 0.03193255 -0.002789874
vt 0.1617603 0.497247
vn -0.6259766 -0.7480469 -0.2174072
vt 0.1443133 0.5011852
vn -0.4587402 -0.8535156 -0.244873
v -0.006987031 0.03019429 0.005031628
vt 0.1523669 0.4627818
vn -0.6469727 -0.7373047 -0.1917725
vt 0.1323683 0.4662106
vn -0.5058594 -0.8374023 -0.2061768
v -0.01223527 0.035921 0.005031627
vt 0.1862848 0.4586409
vn -0.8046875 -0.5668945 -0.173584
v -0.007526586 0.02856691 0.01378373
vt 0.1437579 0.4239888
vn -0.6499023 -0.7412109 -0.1645508
vt 0.1215186 0.4271142
vn -0.5200195 -0.8369141 -0.1688232
v -0.01322148 0.03472516 0.01378373
vt 0.1805459 0.4204159
vn -0.8085938 -0.5664063 -0.1551514
v -0.0146549 0.04095162 0.005031628
vt 0.2108123 0.4568371
vn -0.9399414 -0.3027344 -0.1555176
v -0.007903676 0.02710885 0.02294002
vt 0.1357386 0.3832883
vn -0.6425781 -0.7539063 -0.1350098
vt 0.1119162 0.3857322
vn -0.5058594 -0.8515625 -0.135498
v -0.01425323 0.03363386 0.02294002
vt 0.1756862 0.3804199
vn -0.8154297 -0.5649414 -0.1259766
v -0.008224867 0.02576329 0.03234462
vt 0.129016 0.3412328
vn -0.6279297 -0.7709961 -0.1015625
vt 0.1022873 0.3429553
vn -0.4714355 -0.8759766 -0.09887695
v -0.01481278 0.03270464 0.03234462
vt 0.1710653 0.3396519
vn -0.8212891 -0.5620117 -0.09313965
v -0.008578127 0.02486446 0.04268822
vt 0.1250201 0.2948154
vn -0.6020508 -0.7973633 -0.03216553
vt 0.09447324 0.2950286
vn -0.4191895 -0.9072266 -0.01823425
v -0.01529784 0.03185836 0.04268824
vt 0.1672407 0.2948787
vn -0.8276367 -0.5595703 -0.03701782
v -0.008837137 0.02482056 0.05773952
vt 0.1250786 0.2275596
vn -0.5786133 -0.8149414 0.02568054
vt 0.0840674 0.2257676
vn 0 -0.9990234 0.03964233
v -7.326321E-33 0.0221433 0.06853942
vt 0.08932239 0.1730338
vn 0 -0.9921875 0.1236572
v -0.01807477 0.03892498 0.04268823
vt 0.2005159 0.2950088
vn -0.9667969 -0.2531738 -0.02972412
v -0.008825663 0.02546467 0.06837229
vt 0.1300215 0.1812662
vn -0.550293 -0.828125 0.1043091
v -6.902938E-33 0.02428822 0.07998905
vt 0.1030061 0.1181958
vn 0 -0.9750977 0.2214355
v -0.01547836 0.03203405 0.05773963
vt 0.1680745 0.2305633
vn -0.8339844 -0.5507813 0.01541138
v -0.007873368 0.0271871 0.07998905
vt 0.1382866 0.1304827
vn -0.5175781 -0.8320313 0.1986084
v -6.640292E-33 0.02655708 0.08709183
vt 0.1175174 0.08396524
vn 0 -0.9277344 0.3728027
v -0.0151051 0.03245815 0.06837235
vt 0.1704475 0.1862347
vn -0.8168945 -0.5712891 0.07678223
v -0.007177646 0.02915907 0.0871489
vt 0.1480809 0.100877
vn -0.480957 -0.8022461 0.3530273
v -1.174647E-18 0.0297978 0.09296744
vt 0.129543 0.06548822
vn 0 -0.8417969 0.5390625
v -0.01262094 0.03165009 0.07998905
vt 0.1653098 0.1368322
vn -0.715332 -0.6757813 0.1749268
v -0.005869173 0.03195763 0.09319396
vt 0.1578819 0.07703829
vn -0.4348145 -0.7348633 0.5195313
v -1.657888E-18 0.03306931 0.09657913
vt 0.1441586 0.04833549
vn 0 -0.6523438 0.7573242
v -0.01247746 0.03421559 0.08733302
vt 0.1782078 0.109028
vn -0.703125 -0.6166992 0.3532715
v -0.004257836 0.03465126 0.0966712
vt 0.1665822 0.06007284
vn -0.3063965 -0.5795898 0.7543945
v -2.063723E-18 0.0379676 0.09909941
vt 0.1645287 0.031991
vn 0 -0.4299316 0.9023438
v -0.009875204 0.03589405 0.09371226
vt 0.1822745 0.0836454
vn -0.6538086 -0.5537109 0.5151367
v -0.002161948 0.03868934 0.09904323
vt 0.1771135 0.04286152
vn -0.1893311 -0.3842773 0.9033203
v -1.810707E-18 0.03977043 0.09955803
vt 0.1734361 0.02612108
vn 0 -0.2172852 0.9760742
v -0.001330822 0.04013368 0.09950502
vt 0.1821196 0.03512573
vn -0.1239014 -0.180542 0.9755859
v -1.637891E-18 0.04115231 0.09974494
vt 0.1799849 0.02215749
vn 0 -0.1016235 0.9946289
v -0.0007500348 0.04137215 0.09970026
vt 0.185865 0.03033096
vn -0.1166992 -0.07037354 0.9902344
v -1.461711E-18 0.04243552 0.09979348
vt 0.1860232 0.01890016
vn 0 -0.01245117 0.9995117
v -0.001303607 0.04192699 0.09961292
vt 0.1926898 0.03758252
vn -0.2358398 0.0692749 0.9692383
v -0.0003054225 0.04248546 0.09974754
vt 0.1893485 0.02598667
vn -0.1218262 0.001296997 0.9921875
v -0.0002364657 0.04316155 0.09974047
vt 0.1926689 0.02548909
vn -0.3085938 0.1401367 0.9404297
v -1.461258E-18 0.04355058 0.09976876
vt 0.1908274 0.01667792
vn 0 0.2231445 0.9746094
v -0.0006384898 0.04260354 0.09969239
vt 0.1928632 0.03120083
vn -0.2705078 0.1281738 0.9541016
v -0.001455883 0.04229866 0.09940051
vt 0.1949767 0.03793842
vn -0.590332 0.5131836 0.6225586
vt 0.1973186 0.03799194
vn -0.706543 0.6992188 0.1080322
v -0.000895976 0.04287331 0.09949289
vt 0.1957138 0.03140992
vn -0.6123047 0.472168 0.6333008
vt 0.1983648 0.03131044
vn -0.7734375 0.6323242 0.03570557
v -0.000378303 0.04353585 0.09957536
vt 0.1959764 0.02515274
vn -0.6782227 0.4445801 0.5839844
vt 0.1988482 0.0250445
vn -0.8061523 0.5893555 0.04470825
v -1.458201E-18 0.04405424 0.09960189
vt 0.1948225 0.0156737
vn 0 0.8027344 0.5961914
vt 0.1986772 0.01515651
vn 0 0.9882813 0.151123
v -0.01135303 0.03934611 0.09428847
vt 0.1984295 0.08444893
vn -0.7758789 -0.3010254 0.5541992
v -0.01418697 0.03925519 0.08917516
vt 0.201104 0.1027824
vn -0.8481445 -0.3256836 0.416748
v -0.01452279 0.04240792 0.08963162
vt 0.2147373 0.1014171
vn -0.8876953 -0.1221924 0.4428711
v -0.01471554 0.04589504 0.0898562
vt 0.2299151 0.1008729
vn -0.8925781 0.003580093 0.4499512
v -0.01482193 0.0398057 0.08723047
vt 0.206022 0.1127545
vn -0.9135742 -0.28125 0.2922363
v -0.01454826 0.04961297 0.08953644
vt 0.2460309 0.1017282
vn -0.8886719 0.1409912 0.435791
v -0.01505824 0.04271995 0.08813681
vt 0.2167169 0.1095438
vn -0.9448242 -0.1171875 0.3056641
v -0.01524778 0.04590108 0.08831283
vt 0.230026 0.1091093
vn -0.9462891 0.0003640652 0.3225098
v -0.01480411 0.05258946 0.08674701
vt 0.2536385 0.1148183
vn -0.9267578 0.2648926 0.2651367
v -0.0150955 0.04961454 0.08800507
vt 0.2430352 0.1103975
vn -0.9399414 0.1445313 0.3083496
v -0.01561132 0.0459101 0.08724015
vt 0.2306083 0.1131517
vn -0.9829102 0.001420021 0.1817627
v -0.01443086 0.05509085 0.08489092
vt 0.2612978 0.1214462
vn -0.9125977 0.3413086 0.2237549
v -0.01546818 0.04946541 0.08686557
vt 0.2408007 0.1148244
vn -0.9790039 0.1104126 0.1707764
v -0.01519601 0.05219266 0.08557909
vt 0.246736 0.1197197
vn -0.9677734 0.2028809 0.1474609
v -0.01550274 0.04281373 0.08680891
vt 0.2209498 0.1148533
vn -0.9760742 -0.0982666 0.1914063
v -0.01562402 0.0459441 0.08617344
vt 0.2303074 0.1169069
vn -0.8056641 0.01554108 -0.5917969
v -0.01543427 0.04927137 0.08584803
vt 0.2384854 0.1185938
vn -0.8056641 -0.08099365 -0.5864258
v -0.01534959 0.04009023 0.08574874
vt 0.2119632 0.1188974
vn -0.9604492 -0.1955566 0.1958008
v -0.01397923 0.04885507 0.08520229
vt 0.2357008 0.1231259
vn -0.4487305 -0.1553955 -0.8798828
v -0.01412634 0.04597031 0.0854594
vt 0.2301411 0.1225843
vn -0.4367676 0.01698303 -0.8989258
v -0.01384584 0.05088185 0.08437962
vt 0.2396868 0.1257243
vn -0.512207 -0.3366699 -0.7895508
v -0.01402763 0.04338054 0.08506978
vt 0.2243601 0.1239178
vn -0.4780273 0.1871338 -0.8579102
v -0.01522868 0.05180912 0.08489692
vt 0.2441773 0.1222551
vn -0.7988281 -0.2114258 -0.5625
v -0.01354388 0.05287878 0.08302432
vt 0.2436398 0.1303804
vn -0.5966797 -0.4956055 -0.6303711
v -0.01549161 0.04294901 0.085795
vt 0.2218598 0.1185068
vn -0.8056641 0.1133423 -0.5805664
v -0.01388266 0.04095831 0.08410433
vt 0.217747 0.1270682
vn -0.5419922 0.3552246 -0.7612305
v -0.01536534 0.0403972 0.08487491
vt 0.2142887 0.1220762
vn -0.815918 0.2166748 -0.5356445
v -0.01369518 0.0394856 0.08289447
vt 0.2134535 0.1310918
vn -0.6176758 0.5234375 -0.5859375
v -0.01515325 0.03805595 0.08419573
vt 0.2054415 0.1247944
vn -0.9516602 -0.2504883 0.1772461
v -0.01511877 0.03854718 0.0835968
vt 0.2086166 0.1270252
vn -0.8310547 0.3540039 -0.4284668
v -0.0136394 0.03855756 0.08150766
vt 0.21106 0.1356593
vn -0.6733398 0.6689453 -0.314209
v -0.01434109 0.03639567 0.08522633
vt 0.1926275 0.1197529
vn -0.8603516 -0.4355469 0.2636719
v -0.0150822 0.03678105 0.08235312
vt 0.2013599 0.1319385
vn -0.9575195 -0.2519531 0.137207
v -0.01502987 0.03739546 0.0820263
vt 0.205116 0.1332329
vn -0.8408203 0.4892578 -0.2294922
v -0.01372726 0.0381889 0.07999299
vt 0.2099213 0.1407034
vn -0.6616211 0.7475586 0.05224609
v -0.01430517 0.03478248 0.08282474
vt 0.1865498 0.128832
vn -0.831543 -0.5053711 0.2293701
v -0.01514555 0.03620121 0.08028603
vt 0.199573 0.1401886
vn -0.9584961 -0.2349854 0.1599121
v -0.0150916 0.03690562 0.08022681
vt 0.2033847 0.1405047
vn -0.8256836 0.5566406 0.08966064
v -0.01552235 0.03722772 0.07851819
vt 0.2045949 0.1477307
vn -0.7441406 0.5126953 0.4274902
v -0.01407837 0.03838643 0.07839397
vt 0.2104525 0.1460314
vn -0.5371094 0.7084961 0.4572754
v -0.0145263 0.03403588 0.08014428
vt 0.1833444 0.1392664
vn -0.8666992 -0.472168 0.1599121
v -0.01611255 0.03830283 0.07697961
vt 0.20811 0.1543598
vn -0.6538086 0.3952637 0.6445313
v -0.01520499 0.03460626 0.07754178
vt 0.185469 0.1500649
vn -0.859375 -0.4956055 0.1217651
v -0.0145762 0.03931012 0.07699397
vt 0.2131777 0.1508501
vn -0.3837891 0.5688477 0.7270508
v -0.01565918 0.03652293 0.07825524
vt 0.2009456 0.1486782
vn -0.9526367 -0.2241211 0.2047119
v -0.01609563 0.036202 0.07519681
vt 0.1915054 0.1602038
vn -0.9013672 -0.420166 0.1034546
v -0.0163374 0.03769562 0.07641177
vt 0.204945 0.1565427
vn -0.9575195 -0.2075195 0.1990967
v -0.01680533 0.04024709 0.07546645
vt 0.2145067 0.1608752
vn -0.6113281 0.2507324 0.75
v -0.01517198 0.04102468 0.07564488
vt 0.2183537 0.1557238
vn -0.2841797 0.3842773 0.8779297
v -0.01711523 0.03985499 0.07467832
vt 0.2123359 0.1639498
vn -0.9648438 -0.1635742 0.2039795
v -0.01733411 0.04307941 0.07444356
vt 0.2234045 0.1649281
vn -0.5844727 0.1010132 0.8046875
v -0.01565678 0.04344732 0.07477808
vt 0.2245433 0.1588473
vn -0.2246094 0.1870117 0.9560547
v -0.01601386 0.04596414 0.07448915
vt 0.2308738 0.1600617
vn -0.1940918 -0.001397133 0.980957
v -0.01722666 0.03954211 0.07317808
vt 0.2041203 0.1692508
vn -0.9506836 -0.2956543 0.09057617
v -0.01773762 0.04292298 0.07350949
vt 0.2229714 0.1687598
vn -0.9692383 -0.1005249 0.223999
v -0.01763713 0.04594375 0.07417033
vt 0.2314362 0.1659524
vn -0.5859375 0.003488541 0.8100586
v -0.01774169 0.03922386 0.06837233
vt 0.2015406 0.1883949
vn -0.9648438 -0.2561035 0.05270386
v -0.01794364 0.04270004 0.07193612
vt 0.2177688 0.1746963
vn -0.9868164 -0.1295166 0.09674072
v -0.01807163 0.04597455 0.07313014
vt 0.2332238 0.1701065
vn -0.9702148 -0.006599426 0.2404785
v -0.01729632 0.04934975 0.07447663
vt 0.2398298 0.1641605
vn -0.5722656 -0.08331299 0.8154297
v -0.01559695 0.04891084 0.07476084
vt 0.2366825 0.1592803
vn -0.1970215 -0.1608887 0.9667969
v -0.01519665 0.05131629 0.07552133
vt 0.2412859 0.1568545
vn -0.2456055 -0.345459 0.9052734
v -0.01761608 0.0495446 0.07359435
vt 0.2424582 0.1676859
vn -0.9643555 0.1080933 0.2397461
v -0.01828847 0.04596699 0.0715352
vt 0.2320915 0.1763125
vn -0.9946289 0 0.102356
v -0.01668861 0.05213317 0.07546762
vt 0.2458096 0.1600515
vn -0.5810547 -0.2180176 0.7836914
v -0.01449973 0.05306619 0.07674253
vt 0.2445642 0.1522113
vn -0.3974609 -0.559082 0.7270508
v -0.01786132 0.0497633 0.07191256
vt 0.2455357 0.1741638
vn -0.9858398 0.1333008 0.0980835
v -0.01854515 0.0459441 0.06837228
vt 0.2306775 0.1887697
vn -0.9985352 0 0.0461731
v -0.01721534 0.05265327 0.07296477
vt 0.2546422 0.1695272
vn -0.9584961 0.2607422 0.1131592
v -0.01774168 0.05266433 0.0683723
vt 0.2597857 0.1876369
vn -0.9672852 0.2471924 0.04962158
v -0.01901614 0.0459441 0.05773948
vt 0.2310386 0.2318611
vn -0.9995117 0 0.01554871
v -0.01702397 0.05244524 0.07471509
vt 0.2485675 0.1629884
vn -0.9589844 0.1838379 0.2149658
v -0.01592469 0.05667753 0.07229818
vt 0.273539 0.1706318
vn -0.9228516 0.3720703 0.09570313
v -0.01494281 0.05793119 0.07461885
vt 0.2791054 0.1605684
vn -0.8305664 0.5410156 0.1295166
v -0.01621358 0.05540441 0.07411475
vt 0.263261 0.1643058
vn -0.9311523 0.3447266 0.1150513
v -0.0137305 0.05871127 0.080086
vt 0.2815853 0.1379611
vn -0.8125 0.5625 0.1497803
v -0.01520779 0.05685775 0.07672045
vt 0.2672856 0.1534241
vn -0.8945313 0.4262695 0.1330566
v -0.01626805 0.05452716 0.07590441
vt 0.2528135 0.157968
vn -0.9414063 0.2695313 0.2010498
v -0.01431737 0.05651791 0.08286192
vt 0.265334 0.1290551
vn -0.8955078 0.4035645 0.1853027
v -0.01599563 0.0539837 0.07665382
vt 0.2497621 0.1549345
vn -0.6625977 -0.3625488 0.6547852
v -0.01550385 0.05567526 0.07783801
vt 0.2549425 0.149988
vn -0.940918 0.2714844 0.2000732
v -0.01533388 0.05505307 0.0782862
vt 0.2520484 0.1481737
vn -0.7275391 -0.5058594 0.4621582
v -0.0137824 0.05406697 0.07859121
vt 0.246241 0.1455542
vn -0.5415039 -0.7099609 0.4492188
v -0.01448846 0.0574008 0.07998828
vt 0.2683337 0.1401715
vn -0.8891602 0.4313965 0.1494141
v -0.01493605 0.05608302 0.07998554
vt 0.2556052 0.1412678
vn -0.953125 0.255127 0.1594238
v -0.014882 0.05548366 0.07998388
vt 0.2528208 0.1412698
vn -0.8115234 -0.5703125 0.1260986
v -0.0135227 0.054217 0.07976077
vt 0.2463109 0.1414977
vn -0.6323242 -0.7685547 0.09686279
v -0.01339843 0.05407215 0.08132841
vt 0.2458531 0.13609
vn -0.6552734 -0.6962891 -0.2912598
v -0.01477921 0.05559915 0.08221225
vt 0.2543893 0.132483
vn -0.9584961 0.2543945 0.1256104
v -0.01476472 0.0550427 0.08198351
vt 0.2515556 0.1333716
vn -0.828125 -0.5053711 -0.2401123
v -0.01490053 0.054249 0.08409985
vt 0.2512948 0.1252453
vn -0.9575195 0.253418 0.1358643
v -0.01492689 0.05376295 0.08362321
vt 0.2486261 0.1270437
vn -0.8051758 -0.3442383 -0.4824219
vt 0.7351439 0.03967869
vn -0.7299805 0.6816406 0.04244995
v 0.002307128 0.05153483 0.09921454
vt 0.7317343 0.04942542
vn 0.08325195 0.02613831 0.9960938
vt 0.7337624 0.04479796
vn -0.6220703 0.7822266 0.02670288
v 0.001755334 0.05106387 0.09928074
vt 0.736159 0.04373538
vn -0.4541016 0.4975586 0.7387695
vt 0.7384402 0.03518748
vn -0.8198242 0.5668945 0.07409668
v 0.000713123 0.04961918 0.09947625
vt 0.7412201 0.03800893
vn -0.4863281 0.4152832 0.7685547
vt 0.7443264 0.02963555
vn -0.9316406 0.3254395 0.1593018
v 1.900274E-05 0.04844425 0.09957991
vt 0.7467648 0.03363317
vn -0.5664063 0.24646 0.7861328
vt 0.7528308 0.02538747
vn -0.9775391 0.01623535 0.2099609
v 0.001203365 0.04927002 0.09969943
vt 0.7453485 0.04080939
vn 0.01055908 0.1495361 0.9882813
v 2.068205E-05 0.04735972 0.09969924
vt 0.754512 0.029998
vn -0.5268555 0.08087158 0.8457031
vt 0.7632125 0.02241236
vn -0.9780273 0.006134033 0.2060547
v 0.0007303816 0.04841642 0.09973302
vt 0.7498435 0.03742647
vn -0.1350098 0.135498 0.9814453
v 0.0006213714 0.04736351 0.09987283
vt 0.756281 0.03461295
vn -0.1040649 0.07678223 0.9912109
v 2.054023E-05 0.04659907 0.09973084
vt 0.7637343 0.02768952
vn -0.5498047 0.02333069 0.8344727
vt 0.7717665 0.0223431
vn -0.9790039 0.0001846552 0.2017822
v 0.001645297 0.04773955 0.0998426
vt 0.753388 0.04073614
vn 0.08215332 0.08447266 0.9926758
v 2.007686E-05 0.04594596 0.09974446
vt 0.7715543 0.02782649
vn -0.5610352 -0.007724762 0.8271484
vt 0.7804051 0.02399743
vn -0.9785156 -0.01055908 0.2045898
v 0.0006186989 0.04660274 0.09990261
vt 0.7640119 0.03299826
vn -0.08190918 0.02755737 0.9960938
v 0.001753814 0.04676019 0.09987976
vt 0.7627393 0.04089934
vn 0.09887695 0.0411377 0.9941406
v 0.003287988 0.04872778 0.09955801
vt 0.7484259 0.04861575
vn 0.1442871 0.0947876 0.9848633
v 0.003594768 0.0472614 0.09960806
vt 0.761035 0.04894656
vn 0.173584 0.0559082 0.9829102
v 0.002228665 0.050805 0.09942147
vt 0.736966 0.04730463
vn 0.08081055 0.144043 0.9858398
v 0.004920687 0.04968049 0.09917412
vt 0.7445977 0.05606395
vn 0.3320313 0.1499023 0.9311523
vt 0.7349108 0.03971434
vn 0.6982422 -0.715332 -0.01244354
vn 0.6313477 -0.7749023 -0.01712036
v 0.005326276 0.04773813 0.09920898
vt 0.7582746 0.055897
vn 0.3718262 0.08001709 0.9243164
v 0.00173783 0.05104595 0.09929364
vt 0.732074 0.04242557
vn 0.6948242 -0.612793 0.3757324
vt 0.7359619 0.03412217
vn 0.8110352 -0.5844727 0.007888794
v 0.003468731 0.05228925 0.09911612
vt 0.7300872 0.05499411
vn 0.2722168 0.2893066 0.9174805
v 0.00210295 0.05157721 0.09940452
vt 0.7298036 0.04506838
vn 0.1915283 0.1055298 0.9755859
v 0.001255018 0.05041021 0.09937992
vt 0.73281 0.03553128
vn 0.6938477 -0.4694824 0.5449219
v 0.001283651 0.05091344 0.09955267
vt 0.7293873 0.03743166
vn 0.2490234 -0.04940796 0.9667969
v 0.0008195131 0.04978384 0.09945634
vt 0.7330667 0.02851045
vn 0.6630859 -0.4047852 0.6289063
vt 0.7371135 0.02739459
vn 0.8374023 -0.5444336 0.03823853
v 0.0006293062 0.05028747 0.09965137
vt 0.728996 0.03044093
vn 0.2785645 -0.107605 0.9541016
v 0.0007474646 0.05134436 0.0996225
vt 0.7243308 0.03055829
vn 0.09564209 0.1095581 0.9892578
v 0.0004276163 0.0491838 0.09951601
vt 0.7329029 0.02095342
vn 0.6269531 -0.3337402 0.703125
vt 0.7379584 0.01995564
vn 0.8486328 -0.519043 0.09777832
v 0.0002812864 0.04986506 0.09969658
vt 0.7279118 0.02299607
vn 0.2890625 -0.1154785 0.9501953
vt 0.7328014 0.01267999
vt 0.7386449 0.01146829
vt 0.7263068 0.01528054
vt 0.7223812 0.01746613
v 0.000333685 0.05032802 0.0996966
vt 0.7266414 0.02550834
vn 0.1082764 0.02964783 0.9936523
vt 0.7178237 0.02031678
vt 0.71267 0.0237639
v 0.001260262 0.05243482 0.09942549
vt 0.7212492 0.03580672
vn 0.09844971 0.234375 0.9667969
vt 0.7062091 0.02850342
v 0.002085932 0.05387106 0.09891172
vt 0.7178633 0.04158783
vn 0.1724854 0.4255371 0.8881836
v 0.004197666 0.05777965 0.09641274
vt 0.7059351 0.05731064
vn 0.2819824 0.6054688 0.7436523
vt 0.6901287 0.04142994
v 0.00751168 0.05501335 0.09690174
vt 0.7247462 0.06788671
vn 0.4697266 0.4350586 0.7675781
v 0.005873139 0.06036176 0.09290824
vt 0.6955052 0.07656008
vn 0.4135742 0.7578125 0.5039063
vt 0.6721551 0.06063622
v 0.008650912 0.05147066 0.09735349
vt 0.7404993 0.06989735
vn 0.5576172 0.2104492 0.8022461
v 0.007177646 0.06272721 0.08717642
vt 0.6874947 0.09908128
vn 0.4685059 0.8164063 0.3364258
vt 0.6578124 0.08176774
v 0.01027748 0.056686 0.09322617
vt 0.7208095 0.08534867
vn 0.6660156 0.5541992 0.4985352
v 0.01152604 0.05250425 0.09408767
vt 0.7388665 0.08502465
vn 0.7949219 0.2749023 0.5400391
v 0.009075057 0.04864554 0.09735574
vt 0.7564309 0.07017356
vn 0.6035156 0.09991455 0.7905273
v 0.01194237 0.04917547 0.09430773
vt 0.7553354 0.08501357
vn 0.8188477 0.1250152 0.5595703
v 0.01400795 0.05349903 0.08865557
vt 0.7371129 0.1062093
vn 0.8618164 0.3103027 0.4008789
v 0.009272447 0.04601829 0.09754073
vt 0.7699487 0.06999052
vn 0.6064453 0.003189087 0.7949219
v 0.01255694 0.05813123 0.08692299
vt 0.7160996 0.109881
vn 0.6914063 0.6396484 0.3339844
v 0.005515694 0.04604207 0.09927573
vt 0.7699301 0.0561313
vn 0.3774414 -0.002321243 0.9257813
v 0.01212186 0.04595401 0.09452813
vt 0.7700839 0.08574122
vn 0.8198242 0.004722595 0.5722656
v 0.003745106 0.04600052 0.0996409
vt 0.7707639 0.04858434
vn 0.1785889 -0.008041382 0.9833984
v 0.005301866 0.044586 0.09918518
vt 0.7822207 0.05608904
vn 0.3586426 -0.09356689 0.9282227
v 0.009070465 0.04355243 0.09738194
vt 0.7825767 0.07015222
vn 0.5869141 -0.1088867 0.8017578
v 0.001794787 0.0459441 0.09989525
vt 0.7710923 0.04089761
vn 0.100769 -0.008094788 0.9946289
v 0.003583623 0.04497546 0.09959442
vt 0.7802442 0.04877591
vn 0.1723633 -0.08172607 0.9814453
v 0.0006355088 0.0459441 0.09991048
vt 0.7710717 0.03310448
vn -0.07580566 -0.008682251 0.9970703
v 0.0006306857 0.04550152 0.09988973
vt 0.7778364 0.03370941
vn -0.08251953 -0.05288696 0.9951172
v 0.001746849 0.04535643 0.09987056
vt 0.7786254 0.04100108
vn 0.1021118 -0.07098389 0.9921875
v 2.022098E-05 0.0454878 0.099727
vt 0.7788467 0.02879292
vn -0.5463867 -0.04464722 0.8359375
v 0.0006821504 0.04474581 0.09984839
vt 0.7844995 0.03540361
vn -0.08184814 -0.06732178 0.9941406
v 2.334508E-05 0.04471539 0.09968847
vt 0.7860802 0.03154266
vn -0.5092773 -0.06359863 0.8579102
vt 0.7880183 0.02713209
vn -0.9765625 -0.01538086 0.2141113
vt 0.7935498 0.03098655
vn -0.8994141 -0.4094238 0.152832
v 2.930262E-05 0.04408834 0.09964634
vt 0.7912679 0.03441316
vn -0.5400391 -0.3000488 0.7861328
v 0.0007613237 0.04301948 0.09951586
vt 0.7965149 0.03867173
vn -0.4208984 -0.4770508 0.7709961
vt 0.7987339 0.03583068
vn -0.7451172 -0.6635742 0.06286621
v 0.0007946801 0.0441202 0.09980724
vt 0.7900671 0.03787977
vn -0.1116333 -0.1506348 0.9819336
v 0.001553219 0.04433108 0.09980842
vt 0.7865546 0.04109538
vn 0.1016846 -0.0916748 0.9902344
v 0.001261953 0.04345692 0.09973358
vt 0.7937654 0.0409736
vn 0.006004333 -0.1748047 0.984375
v 0.003087464 0.04326395 0.09950612
vt 0.7916112 0.04864472
vn 0.1501465 -0.08984375 0.984375
v 0.002418383 0.04189728 0.09942205
vt 0.8025454 0.04775745
vn 0.05328369 -0.1464844 0.9873047
v 0.004568493 0.04225388 0.0991675
vt 0.7949396 0.05489177
vn 0.3254395 -0.1243896 0.9370117
v 0.002213485 0.04158633 0.0992705
vt 0.8033817 0.04587567
vn -0.4304199 -0.5532227 0.7128906
vt 0.8042283 0.04358071
vn -0.6816406 -0.7304688 0.03326416
v 0.002903465 0.04100215 0.09917554
vt 0.8061818 0.04913676
vn 0.07366943 0.05236816 0.9956055
vt 0.8052335 0.04565591
vn -0.637207 -0.7695313 0.03448486
v 0.003529824 0.04051229 0.09923261
vt 0.807599 0.05423146
vn 0.2573242 -0.2619629 0.9296875
v 0.008291465 0.04022947 0.09747741
vt 0.7994277 0.06900418
vn 0.5483398 -0.2062988 0.8100586
v 0.0119437 0.04284107 0.09437394
vt 0.7845895 0.08490598
vn 0.8076172 -0.1193237 0.5766602
v 0.002188538 0.04124133 0.0994677
vt 0.8075762 0.04247081
vn 0.1977539 -0.05432129 0.9785156
v 0.002205725 0.04157354 0.09927645
vt 0.805979 0.04310775
vn 0.5844727 0.5805664 0.565918
v 0.01471554 0.04589504 0.0898562
vt 0.7700849 0.1008729
vn 0.8925781 0.003580093 0.4499512
v 0.01135303 0.03934611 0.09428847
vt 0.8015705 0.08444893
vn 0.7758789 -0.3010254 0.5541992
v 0.01454826 0.04961297 0.08953644
vt 0.7539691 0.1017282
vn 0.8886719 0.1409912 0.435791
v 0.01452279 0.04240792 0.08963162
vt 0.7852627 0.1014171
vn 0.8876953 -0.1221924 0.4428711
v 0.01524778 0.04590108 0.08831283
vt 0.769974 0.1091093
vn 0.9462891 0.0003640652 0.3225098
v 0.01505824 0.04271995 0.08813681
vt 0.7832831 0.1095438
vn 0.9448242 -0.1171875 0.3056641
v 0.0150955 0.04961454 0.08800507
vt 0.7569648 0.1103975
vn 0.9399414 0.1445313 0.3083496
v 0.01561132 0.0459101 0.08724015
vt 0.7693917 0.1131517
vn 0.9829102 0.001420021 0.1817627
v 0.01480411 0.05258946 0.08674701
vt 0.7463615 0.1148183
vn 0.9267578 0.2648926 0.2651367
v 0.01546818 0.04946541 0.08686557
vt 0.7591993 0.1148244
vn 0.9790039 0.1104126 0.1707764
v 0.01365298 0.05639736 0.08586774
vt 0.7274075 0.1161111
vn 0.894043 0.3740234 0.2449951
v 0.01443086 0.05509085 0.08489092
vt 0.7387022 0.1214462
vn 0.9125977 0.3413086 0.2237549
v 0.01358194 0.05757206 0.08384576
vt 0.7230659 0.1236002
vn 0.815918 0.5449219 0.19104
v 0.01519601 0.05219266 0.08557909
vt 0.753264 0.1197197
vn 0.9677734 0.2028809 0.1474609
v 0.01215762 0.06061948 0.07994617
vt 0.7021055 0.1351907
vn 0.7080078 0.6865234 0.1635742
v 0.01431737 0.05651791 0.08286192
vt 0.734666 0.1290551
vn 0.8955078 0.4035645 0.1853027
v 0.00787337 0.0647011 0.07998905
vt 0.6776907 0.1288091
vn 0.5136719 0.8359375 0.1918945
vt 0.6428885 0.1161321
v 0.008548643 0.06642352 0.06837229
vt 0.66786 0.1792647
vn 0.546875 0.8300781 0.1052856
vt 0.6283817 0.1706292
v 0.0137305 0.05871127 0.080086
vt 0.7184147 0.1379611
vn 0.8125 0.5625 0.1497803
v 0.008837136 0.06706763 0.05773952
vt 0.6630554 0.2257186
vn 0.5795898 0.8139648 0.02868652
vt 0.622092 0.223137
vt 0.6311796 0.2925274
vn 0.4191895 0.9072266 -0.01823425
v 0.008578125 0.06702372 0.04268822
vt 0.6617285 0.2928997
vn 0.6020508 0.7973633 -0.03216553
vt 0.6380919 0.3405723
vn 0.4714355 0.8759766 -0.09887695
v 0.01547836 0.05985414 0.05773963
vt 0.7060155 0.2293096
vn 0.8325195 0.5532227 0.01783752
v 0.008224865 0.06612492 0.03234462
vt 0.6648507 0.3393635
vn 0.6279297 0.7709961 -0.1015625
vt 0.6469145 0.3835232
vn 0.5058594 0.8515625 -0.135498
v 0.01529784 0.06002983 0.04268824
vt 0.7039446 0.2937422
vn 0.8276367 0.5595703 -0.03701782
v 0.007903677 0.06477936 0.02294002
vt 0.6707805 0.381534
vn 0.6425781 0.7539063 -0.1350098
vt 0.6557477 0.4250966
vn 0.5200195 0.8369141 -0.1688232
v 0.01481278 0.05918355 0.03234462
vt 0.7069259 0.3385612
vn 0.8212891 0.5620117 -0.09313965
v 0.01807476 0.05296322 0.04268824
vt 0.7372143 0.294464
vn 0.9667969 0.2531738 -0.02972412
v 0.007526586 0.06332128 0.01378373
vt 0.678043 0.4223857
vn 0.6499023 0.7412109 -0.1645508
vt 0.6658896 0.4644144
vn 0.5058594 0.8374023 -0.2061768
v 0.01425323 0.05825433 0.02294002
vt 0.7107784 0.3794019
vn 0.8154297 0.5649414 -0.1259766
v 0.006987031 0.06169391 0.005031627
vt 0.6859481 0.4613482
vn 0.6469727 0.7373047 -0.1917725
vt 0.6772182 0.4996271
vn 0.4589844 0.8535156 -0.244873
v 0.01322148 0.05716303 0.01378373
vt 0.7148936 0.4194829
vn 0.8085938 0.5664063 -0.1551514
v 0.01747762 0.0525416 0.03234462
vt 0.7385108 0.3385992
vn 0.9628906 0.2580566 -0.07391357
v 0.01681615 0.05207863 0.02294002
vt 0.7402393 0.3789388
vn 0.9575195 0.2670898 -0.105896
v 0.01223527 0.0559672 0.005031627
vt 0.7199368 0.4578143
vn 0.8046875 0.5668945 -0.173584
v 0.006534181 0.05995564 -0.002789873
vt 0.6947339 0.4959987
vn 0.6259766 0.7480469 -0.2174072
vt 0.6908839 0.538263
vn 0.4099121 0.8701172 -0.2724609
v 0.01571114 0.05153362 0.01378373
vt 0.7421131 0.4185379
vn 0.9487305 0.2849121 -0.1343994
v 0.005832998 0.05786669 -0.01146808
vt 0.7052575 0.5344239
vn 0.6000977 0.7583008 -0.2529297
vt 0.7040262 0.5685366
vn 0.3718262 0.875 -0.3095703
v 0.01110481 0.05496862 -0.002789875
vt 0.7242085 0.4922178
vn 0.7958984 0.5737305 -0.1917725
v 0.004899711 0.05595508 -0.0182722
vt 0.7144545 0.5649217
vn 0.5791016 0.7573242 -0.3007813
vt 0.7165383 0.5941555
vn 0.3552246 0.8676758 -0.3474121
v 0.009850513 0.05386067 -0.01146808
vt 0.7296259 0.5302753
vn 0.7822266 0.5776367 -0.2319336
v 0.01465489 0.05093657 0.005031627
vt 0.7444936 0.4564441
vn 0.9399414 0.3027344 -0.1555176
v 0.0133156 0.05043956 -0.002789875
vt 0.7463563 0.4905726
vn 0.9316406 0.314209 -0.1800537
v 0.008290903 0.05251991 -0.01826733
vt 0.7352072 0.5606802
vn 0.7636719 0.5771484 -0.2878418
v 0.004091702 0.0541613 -0.02416295
vt 0.7238001 0.5910335
vn 0.574707 0.7421875 -0.3435059
vt 0.7288002 0.6138296
vn 0.3466797 0.8388672 -0.4187012
v 0.0118296 0.04988812 -0.01146808
vt 0.7488226 0.5284719
vn 0.9223633 0.315918 -0.2203369
v 0.002854043 0.05229748 -0.02893384
vt 0.732003 0.6130952
vn 0.5561523 0.7241211 -0.4069824
vt 0.740178 0.6321589
vn 0.5629883 0.7246094 -0.3962402
v 0.005322156 0.05017065 -0.02892951
vt 0.7457023 0.6089994
vn 0.7099609 0.5766602 -0.4030762
v 0.006940654 0.05135913 -0.02415387
vt 0.7407469 0.5868984
vn 0.7456055 0.5761719 -0.3344727
v 0.003850498 0.04908999 -0.03327109
vt 0.7505771 0.6290416
vn 0.7075195 0.578125 -0.4055176
vt 0.7499815 0.6449659
vn 0.5766602 0.7080078 -0.4064941
v 0.006336969 0.0480531 -0.02892951
vt 0.7559711 0.6075467
vn 0.862793 0.3205566 -0.3901367
v 0.009973249 0.0492237 -0.01826733
vt 0.7513447 0.558767
vn 0.9067383 0.3144531 -0.2807617
v 0.002601821 0.04820454 -0.03648321
vt 0.7542575 0.6441847
vn 0.7631836 0.4958496 -0.4138184
vt 0.7572807 0.6540471
vn 0.7578125 0.5151367 -0.3999023
v 0.00449196 0.04751175 -0.0332711
vt 0.7580338 0.6280858
vn 0.8520508 0.3500977 -0.3879395
v 0.003183744 0.04715678 -0.03648651
vt 0.7594585 0.6432487
vn 0.8276367 0.40625 -0.3862305
v 0.002254632 0.04690468 -0.03877015
vt 0.7605023 0.6540372
vn 0.800293 0.4628906 -0.380127
vt 0.7609327 0.6580144
vn 0.800293 0.4606934 -0.3825684
v 0.003767201 0.0459441 -0.03648982
vt 0.7653272 0.6423169
vn 0.9150391 0 -0.4030762
v 0.002784938 0.0459441 -0.03881131
vt 0.7652428 0.6532887
vn 0.9106445 0 -0.4125977
vt 0.7651701 0.6609581
vn 0.9023438 0 -0.4306641
vt 0.769479 0.6580807
vn 0.800293 -0.4606934 -0.3825684
v 0.002254632 0.04498351 -0.03877015
vt 0.7699711 0.6541105
vn 0.800293 -0.4628906 -0.380127
vt 0.7731922 0.6541703
vn 0.7578125 -0.5151367 -0.3999023
v 0.003183744 0.04473142 -0.03648651
vt 0.7711811 0.6433395
vn 0.8276367 -0.40625 -0.3862305
v 0.00260182 0.04368365 -0.03648322
vt 0.7763672 0.6443557
vn 0.7631836 -0.4958496 -0.4138184
vt 0.7806311 0.6452025
vn 0.5766602 -0.7080078 -0.4064941
v 0.004491959 0.04437645 -0.0332711
vt 0.7728369 0.6282009
vn 0.8520508 -0.3500977 -0.3879395
v 0.003850496 0.0427982 -0.03327109
vt 0.7802784 0.6292725
vn 0.7075195 -0.578125 -0.4055176
vt 0.7906297 0.6325474
vn 0.5629883 -0.7246094 -0.3962402
v 0.005129112 0.0459441 -0.0332711
vt 0.7654433 0.6270947
vn 0.9160156 0 -0.4003906
v 0.006336969 0.04383509 -0.02892951
vt 0.7752097 0.6076983
vn 0.862793 -0.3205566 -0.3901367
v 0.005322155 0.04171755 -0.02892951
vt 0.7854552 0.6093113
vn 0.7099609 -0.5766602 -0.4030762
v 0.002854042 0.03959073 -0.02893384
vt 0.7990916 0.6136172
vn 0.5561523 -0.7241211 -0.4069824
vt 0.8022832 0.6144
vn 0.3466797 -0.8388672 -0.4187012
v 0.004091703 0.03772689 -0.02416295
vt 0.8076286 0.5916983
vn 0.574707 -0.7421875 -0.3435059
vt 0.814842 0.5949315
vn 0.3552246 -0.8676758 -0.3474121
v 0.006940653 0.04052906 -0.02415387
vt 0.7907482 0.5872976
vn 0.7456055 -0.5761719 -0.3344727
v 0.004899712 0.03593312 -0.0182722
vt 0.8173814 0.5657578
vn 0.5791016 -0.7573242 -0.3007813
vt 0.8277538 0.5695347
vn 0.3718262 -0.875 -0.3095703
v 0.008290903 0.03936829 -0.01826733
vt 0.7966982 0.5611827
vn 0.7636719 -0.5771484 -0.2878418
v 0.005832998 0.03402151 -0.01146808
vt 0.82706 0.5354462
vn 0.6000977 -0.7583008 -0.2529297
vt 0.8417903 0.5397051
vn 0.4099121 -0.8701172 -0.2724609
v 0.009850513 0.03802753 -0.01146808
vt 0.8027692 0.53089
vn 0.7822266 -0.5776367 -0.2319336
v 0.006534179 0.03193255 -0.002789874
vt 0.8382397 0.497247
vn 0.6259766 -0.7480469 -0.2174072
vt 0.8556867 0.5011852
vn 0.4587402 -0.8535156 -0.244873
v 0.01110481 0.03691957 -0.002789875
vt 0.8088358 0.49295
vn 0.7958984 -0.5737305 -0.1917725
v 0.006987031 0.03019429 0.005031628
vt 0.8476331 0.4627818
vn 0.6469727 -0.7373047 -0.1917725
vt 0.8676317 0.4662106
vn 0.5058594 -0.8374023 -0.2061768
v 0.01223527 0.035921 0.005031627
vt 0.8137152 0.4586409
vn 0.8046875 -0.5668945 -0.173584
v 0.007526586 0.02856691 0.01378373
vt 0.8562421 0.4239888
vn 0.6499023 -0.7412109 -0.1645508
vt 0.8784814 0.4271142
vn 0.5200195 -0.8369141 -0.1688232
v 0.01322148 0.03472516 0.01378373
vt 0.8194541 0.4204159
vn 0.8085938 -0.5664063 -0.1551514
v 0.007903676 0.02710885 0.02294002
vt 0.8642614 0.3832883
vn 0.6425781 -0.7539063 -0.1350098
vt 0.8880838 0.3857322
vn 0.5058594 -0.8515625 -0.135498
v 0.01425323 0.03363386 0.02294002
vt 0.8243138 0.3804199
vn 0.8154297 -0.5649414 -0.1259766
v 0.008224867 0.02576329 0.03234462
vt 0.870984 0.3412328
vn 0.6279297 -0.7709961 -0.1015625
vt 0.8977127 0.3429553
vn 0.4714355 -0.8759766 -0.09887695
v 0.01481278 0.03270464 0.03234462
vt 0.8289347 0.3396519
vn 0.8212891 -0.5620117 -0.09313965
v 0.008578127 0.02486446 0.04268822
vt 0.8749799 0.2948154
vn 0.6020508 -0.7973633 -0.03216553
vt 0.9055268 0.2950286
vn 0.4191895 -0.9072266 -0.01823425
v 0.01529784 0.03185836 0.04268824
vt 0.8327593 0.2948787
vn 0.8276367 -0.5595703 -0.03701782
v 0.008837137 0.02482056 0.05773952
vt 0.8749214 0.2275596
vn 0.5786133 -0.8149414 0.02568054
vt 0.9159326 0.2257676
vt 0.9106776 0.1730338
v 0.008825663 0.02546467 0.06837229
vt 0.8699785 0.1812662
vn 0.550293 -0.828125 0.1043091
vt 0.8969939 0.1181958
v 0.01547836 0.03203405 0.05773963
vt 0.8319255 0.2305633
vn 0.8339844 -0.5507813 0.01541138
v 0.01807477 0.03892498 0.04268823
vt 0.7994841 0.2950088
vn 0.9667969 -0.2531738 -0.02972412
v 0.007873368 0.0271871 0.07998905
vt 0.8617134 0.1304827
vn 0.5175781 -0.8320313 0.1986084
vt 0.8824826 0.08396524
v 0.0151051 0.03245815 0.06837235
vt 0.8295525 0.1862347
vn 0.8168945 -0.5712891 0.07678223
v 0.007177646 0.02915907 0.0871489
vt 0.8519191 0.100877
vn 0.480957 -0.8022461 0.3530273
vt 0.870457 0.06548822
v 0.01262094 0.03165009 0.07998905
vt 0.8346902 0.1368322
vn 0.715332 -0.6757813 0.1749268
v 0.005869173 0.03195763 0.09319396
vt 0.8421181 0.07703829
vn 0.4348145 -0.7348633 0.5195313
vt 0.8558414 0.04833549
v 0.01247746 0.03421559 0.08733302
vt 0.8217922 0.109028
vn 0.703125 -0.6166992 0.3532715
v 0.004257836 0.03465126 0.0966712
vt 0.8334178 0.06007284
vn 0.3063965 -0.5795898 0.7543945
vt 0.8354713 0.031991
v 0.009875204 0.03589405 0.09371226
vt 0.8177255 0.0836454
vn 0.6538086 -0.5537109 0.5151367
v 0.002161948 0.03868934 0.09904323
vt 0.8228865 0.04286152
vn 0.1893311 -0.3842773 0.9033203
vt 0.8265639 0.02612108
v 0.007246776 0.03762941 0.09728634
vt 0.8139655 0.06702209
vn 0.4538574 -0.4282227 0.7807617
v 0.001330822 0.04013368 0.09950502
vt 0.8178804 0.03512573
vn 0.1239014 -0.180542 0.9755859
vt 0.8200151 0.02215749
v 0.01418697 0.03925519 0.08917516
vt 0.798896 0.1027824
vn 0.8481445 -0.3256836 0.416748
v 0.0007500348 0.04137215 0.09970026
vt 0.814135 0.03033096
vn 0.1166992 -0.07037354 0.9902344
vt 0.8139768 0.01890016
v 0.001303607 0.04192699 0.09961292
vt 0.8073102 0.03758252
vn 0.2358398 0.0692749 0.9692383
v 0.0003054225 0.04248546 0.09974754
vt 0.8106515 0.02598667
vn 0.1218262 0.001296997 0.9921875
v 0.0002364657 0.04316155 0.09974047
vt 0.8073311 0.02548909
vn 0.3085938 0.1401367 0.9404297
vt 0.8091726 0.01667792
v 0.0006384898 0.04260354 0.09969239
vt 0.8071368 0.03120083
vn 0.2705078 0.1281738 0.9541016
v 0.001455883 0.04229866 0.09940051
vt 0.8050233 0.03793842
vn 0.590332 0.5131836 0.6225586
vt 0.8044786 0.04356366
vn 0.6806641 0.7260742 0.09576416
vt 0.8026814 0.03799194
vn 0.706543 0.6992188 0.1080322
vn 0.6513672 0.7563477 0.05828857
v 0.000895976 0.04287331 0.09949289
vt 0.8042862 0.03140992
vn 0.6123047 0.472168 0.6333008
vt 0.8016352 0.03131044
vn 0.7734375 0.6323242 0.03570557
v 0.000378303 0.04353585 0.09957536
vt 0.8040236 0.02515274
vn 0.6782227 0.4445801 0.5839844
vt 0.8011518 0.0250445
vn 0.8061523 0.5893555 0.04470825
vt 0.8051775 0.0156737
vt 0.8013228 0.01515651
v 0.01482193 0.0398057 0.08723047
vt 0.793978 0.1127545
vn 0.9135742 -0.28125 0.2922363
v 0.01434109 0.03639567 0.08522633
vt 0.8073725 0.1197529
vn 0.8603516 -0.4355469 0.2636719
v 0.01550274 0.04281373 0.08680891
vt 0.7790502 0.1148533
vn 0.9760742 -0.0982666 0.1914063
v 0.01430517 0.03478248 0.08282474
vt 0.8134502 0.128832
vn 0.831543 -0.5053711 0.2293701
v 0.01515325 0.03805595 0.08419573
vt 0.7945585 0.1247944
vn 0.9516602 -0.2504883 0.1772461
v 0.0145263 0.03403588 0.08014428
vt 0.8166556 0.1392664
vn 0.8666992 -0.472168 0.1599121
v 0.01534959 0.04009023 0.08574874
vt 0.7880368 0.1188974
vn 0.9604492 -0.1955566 0.1958008
v 0.01520499 0.03460626 0.07754178
vt 0.814531 0.1500649
vn 0.859375 -0.4956055 0.1217651
v 0.01514555 0.03620121 0.08028603
vt 0.800427 0.1401886
vn 0.9584961 -0.2349854 0.1599121
v 0.0150822 0.03678105 0.08235312
vt 0.7986401 0.1319385
vn 0.9575195 -0.2519531 0.137207
v 0.01565918 0.03652293 0.07825524
vt 0.7990544 0.1486782
vn 0.9526367 -0.2241211 0.2047119
v 0.01511877 0.03854718 0.0835968
vt 0.7913834 0.1270252
vn 0.8310547 0.3540039 -0.4284668
v 0.01609563 0.036202 0.07519681
vt 0.8084946 0.1602038
vn 0.9013672 -0.420166 0.1034546
v 0.01536534 0.0403972 0.08487491
vt 0.7857113 0.1220762
vn 0.815918 0.2166748 -0.5356445
v 0.01502987 0.03739546 0.0820263
vt 0.794884 0.1332329
vn 0.8408203 0.4892578 -0.2294922
v 0.01369518 0.0394856 0.08289447
vt 0.7865465 0.1310918
vn 0.6176758 0.5234375 -0.5859375
v 0.0136394 0.03855756 0.08150766
vt 0.78894 0.1356593
vn 0.6733398 0.6689453 -0.314209
v 0.01388266 0.04095831 0.08410433
vt 0.782253 0.1270682
vn 0.5419922 0.3552246 -0.7612305
v 0.01372726 0.0381889 0.07999299
vt 0.7900787 0.1407034
vn 0.6616211 0.7475586 0.05224609
v 0.01549161 0.04294901 0.085795
vt 0.7781402 0.1185068
vn 0.8056641 0.1133423 -0.5805664
v 0.01402763 0.04338054 0.08506978
vt 0.7756399 0.1239178
vn 0.4780273 0.1871338 -0.8579102
v 0.01562402 0.0459441 0.08617344
vt 0.7696926 0.1169069
vn 0.8056641 0.01554108 -0.5917969
v 0.01412634 0.04597031 0.0854594
vt 0.7698589 0.1225843
vn 0.4367676 0.01698303 -0.8989258
v 0.01397923 0.04885507 0.08520229
vt 0.7642992 0.1231259
vn 0.4487305 -0.1553955 -0.8798828
v 0.01543427 0.04927137 0.08584803
vt 0.7615146 0.1185938
vn 0.8056641 -0.08099365 -0.5864258
v 0.01384584 0.05088185 0.08437962
vt 0.7603132 0.1257243
vn 0.512207 -0.3366699 -0.7895508
v 0.01522868 0.05180912 0.08489692
vt 0.7558227 0.1222551
vn 0.7988281 -0.2114258 -0.5625
v 0.01354388 0.05287878 0.08302432
vt 0.7563602 0.1303804
vn 0.5966797 -0.4956055 -0.6303711
v 0.01492689 0.05376295 0.08362321
vt 0.7513739 0.1270437
vn 0.8051758 -0.3442383 -0.4824219
v 0.01490053 0.054249 0.08409985
vt 0.7487052 0.1252453
vn 0.9575195 0.253418 0.1358643
v 0.01476472 0.0550427 0.08198351
vt 0.7484444 0.1333716
vn 0.828125 -0.5053711 -0.2401123
v 0.01339843 0.05407215 0.08132841
vt 0.7541469 0.13609
vn 0.6552734 -0.6962891 -0.2912598
v 0.014882 0.05548366 0.07998388
vt 0.7471792 0.1412698
vn 0.8115234 -0.5703125 0.1260986
v 0.0135227 0.054217 0.07976077
vt 0.7536891 0.1414977
vn 0.6323242 -0.7685547 0.09686279
v 0.0137824 0.05406697 0.07859121
vt 0.753759 0.1455542
vn 0.5415039 -0.7099609 0.4492188
v 0.01477921 0.05559915 0.08221225
vt 0.7456107 0.132483
vn 0.9584961 0.2543945 0.1256104
v 0.01533388 0.05505307 0.0782862
vt 0.7479516 0.1481737
vn 0.7275391 -0.5058594 0.4621582
v 0.01449973 0.05306619 0.07674253
vt 0.7554358 0.1522113
vn 0.3974609 -0.559082 0.7270508
v 0.01493605 0.05608302 0.07998554
vt 0.7443948 0.1412678
vn 0.953125 0.255127 0.1594238
v 0.01448846 0.0574008 0.07998828
vt 0.7316663 0.1401715
vn 0.8891602 0.4313965 0.1494141
v 0.01550385 0.05567526 0.07783801
vt 0.7450575 0.149988
vn 0.940918 0.2714844 0.2000732
v 0.01599563 0.0539837 0.07665382
vt 0.7502379 0.1549345
vn 0.6625977 -0.3625488 0.6547852
v 0.01668861 0.05213317 0.07546762
vt 0.7541904 0.1600515
vn 0.5810547 -0.2180176 0.7836914
v 0.01519665 0.05131629 0.07552133
vt 0.7587141 0.1568545
vn 0.2456055 -0.345459 0.9052734
v 0.01626805 0.05452716 0.07590441
vt 0.7471865 0.157968
vn 0.9414063 0.2695313 0.2010498
v 0.01520779 0.05685775 0.07672045
vt 0.7327144 0.1534241
vn 0.8945313 0.4262695 0.1330566
v 0.01702397 0.05244524 0.07471509
vt 0.7514325 0.1629884
vn 0.9589844 0.1838379 0.2149658
v 0.01494281 0.05793119 0.07461885
vt 0.7208946 0.1605684
vn 0.8305664 0.5410156 0.1295166
v 0.01621358 0.05540441 0.07411475
vt 0.736739 0.1643058
vn 0.9311523 0.3447266 0.1150513
v 0.0151051 0.05943004 0.06837235
vt 0.7090608 0.1850228
vn 0.8051758 0.5874023 0.07647705
v 0.01592469 0.05667753 0.07229818
vt 0.726461 0.1706318
vn 0.9228516 0.3720703 0.09570313
v 0.01721534 0.05265327 0.07296477
vt 0.7453578 0.1695272
vn 0.9584961 0.2607422 0.1131592
v 0.01774168 0.05266433 0.0683723
vt 0.7402143 0.1876369
vn 0.9672852 0.2471924 0.04962158
v 0.01817332 0.05287566 0.05773956
vt 0.7386076 0.2309687
vn 0.9682617 0.2486572 0.01562691
v 0.01761608 0.0495446 0.07359435
vt 0.7575418 0.1676859
vn 0.9643555 0.1080933 0.2397461
v 0.01898908 0.0459441 0.04268822
vt 0.7683491 0.2949308
vn 0.9995117 0 -0.0271759
v 0.01901614 0.0459441 0.05773948
vt 0.7689614 0.2318611
vn 0.9995117 0 0.01554871
v 0.01786132 0.0497633 0.07191256
vt 0.7544643 0.1741638
vn 0.9858398 0.1333008 0.0980835
v 0.01854515 0.0459441 0.06837228
vt 0.7693225 0.1887697
vn 0.9985352 0 0.0461731
v 0.01729632 0.04934975 0.07447663
vt 0.7601702 0.1641605
vn 0.5722656 -0.08331299 0.8154297
v 0.01559695 0.04891084 0.07476084
vt 0.7633175 0.1592803
vn 0.1970215 -0.1608887 0.9667969
v 0.01601386 0.04596414 0.07448915
vt 0.7691262 0.1600617
vn 0.1940918 -0.001397133 0.980957
v 0.01763713 0.04594375 0.07417033
vt 0.7685638 0.1659524
vn 0.5859375 0.003488541 0.8100586
v 0.01807163 0.04597455 0.07313014
vt 0.7667762 0.1701065
vn 0.9702148 -0.006599426 0.2404785
v 0.01828847 0.04596699 0.0715352
vt 0.7679085 0.1763125
vn 0.9946289 0 0.102356
v 0.01794364 0.04270004 0.07193612
vt 0.7822312 0.1746963
vn 0.9868164 -0.1295166 0.09674072
v 0.01773762 0.04292298 0.07350949
vt 0.7770286 0.1687598
vn 0.9692383 -0.1005249 0.223999
v 0.01733411 0.04307941 0.07444356
vt 0.7765955 0.1649281
vn 0.5844727 0.1010132 0.8046875
v 0.01565678 0.04344732 0.07477808
vt 0.7754567 0.1588473
vn 0.2246094 0.1870117 0.9560547
v 0.01517198 0.04102468 0.07564488
vt 0.7816463 0.1557238
vn 0.2841797 0.3842773 0.8779297
v 0.01722666 0.03954211 0.07317808
vt 0.7958797 0.1692508
vn 0.9506836 -0.2956543 0.09057617
v 0.01680533 0.04024709 0.07546645
vt 0.7854933 0.1608752
vn 0.6113281 0.2507324 0.75
v 0.0145762 0.03931012 0.07699397
vt 0.7868223 0.1508501
vn 0.3837891 0.5688477 0.7270508
v 0.01711523 0.03985499 0.07467832
vt 0.7876641 0.1639498
vn 0.9648438 -0.1635742 0.2039795
v 0.01611255 0.03830283 0.07697961
vt 0.79189 0.1543598
vn 0.6538086 0.3952637 0.6445313
v 0.01407837 0.03838643 0.07839397
vt 0.7895475 0.1460314
vn 0.5371094 0.7084961 0.4572754
v 0.0163374 0.03769562 0.07641177
vt 0.795055 0.1565427
vn 0.9575195 -0.2075195 0.1990967
v 0.01552235 0.03722772 0.07851819
vt 0.7954051 0.1477307
vn 0.7441406 0.5126953 0.4274902
v 0.0150916 0.03690562 0.08022681
vt 0.7966153 0.1405047
vn 0.8256836 0.5566406 0.08966064
v 0.01774169 0.03922386 0.06837233
vt 0.7984594 0.1883949
vn 0.9648438 -0.2561035 0.05270386
v 0.01817333 0.03901252 0.05773955
vt 0.7993535 0.2317417
vn 0.9682617 -0.2486572 0.01562691
v 0.01747762 0.03934661 0.03234462
vt 0.7973567 0.3391223
vn 0.9628906 -0.2580566 -0.07391357
v 0.01835409 0.0459441 0.03234462
vt 0.7679347 0.3387819
vn 0.9975586 0 -0.06811523
v 0.01681615 0.03980956 0.02294002
vt 0.7948682 0.3794264
vn 0.9575195 -0.2670898 -0.105896
v 0.01765823 0.0459441 0.02294002
vt 0.7675559 0.3789694
vn 0.9951172 0 -0.09741211
v 0.01571113 0.04035457 0.01378373
vt 0.7922578 0.4189838
vn 0.9487305 -0.2849121 -0.1343994
v 0.01658365 0.0459441 0.01378373
vt 0.7671893 0.4183547
vn 0.9921875 0 -0.1230469
v 0.0146549 0.04095162 0.005031628
vt 0.7891877 0.4568371
vn 0.9399414 -0.3027344 -0.1555176
v 0.0155565 0.0459441 0.005031627
vt 0.7668456 0.4560987
vn 0.9887695 0 -0.1478271
v 0.0133156 0.04144863 -0.002789875
vt 0.7867205 0.4909213
vn 0.9316406 -0.314209 -0.1800537
v 0.01414531 0.0459441 -0.002789875
vt 0.7665446 0.4901117
vn 0.9838867 0 -0.1787109
v 0.01257954 0.0459441 -0.01146808
vt 0.7662217 0.5278357
vn 0.9755859 0 -0.2194824
v 0.0118296 0.04200008 -0.01146808
vt 0.7836074 0.5287645
vn 0.9223633 -0.315918 -0.2203369
v 0.01057332 0.0459441 -0.01826733
vt 0.7659745 0.558211
vn 0.9594727 0 -0.2810059
v 0.009973249 0.04266449 -0.01826733
vt 0.7805936 0.5590065
vn 0.9067383 -0.3144531 -0.2807617
v 0.008836418 0.0459441 -0.02415387
vt 0.7657678 0.5844955
vn 0.9453125 0 -0.3254395
v 0.008366077 0.04323971 -0.02415387
vt 0.7776167 0.5852342
vn 0.8920898 -0.3137207 -0.324707
v 0.008366077 0.04864848 -0.02415386
vt 0.7539091 0.5850444
vn 0.8920898 0.3137207 -0.324707
v 0.006894672 0.0459441 -0.02892951
vt 0.7655967 0.6067824
vn 0.9179688 0 -0.3962402
v -0.01817333 0.03901252 0.05773955
vt 0.2006465 0.2317417
vn -0.9682617 -0.2486572 0.01562691
v -0.01747762 0.03934661 0.03234462
vt 0.2026433 0.3391223
vn -0.9628906 -0.2580566 -0.07391357
v -0.01835409 0.0459441 0.03234462
vt 0.2320653 0.3387819
vn -0.9975586 0 -0.06811523
v -0.01681615 0.03980956 0.02294002
vt 0.2051318 0.3794264
vn -0.9575195 -0.2670898 -0.105896
v -0.01765823 0.0459441 0.02294002
vt 0.2324441 0.3789694
vn -0.9951172 0 -0.09741211
v -0.01571113 0.04035457 0.01378373
vt 0.2077422 0.4189838
vn -0.9487305 -0.2849121 -0.1343994
v -0.01658365 0.0459441 0.01378373
vt 0.2328107 0.4183547
vn -0.9921875 0 -0.1230469
v -0.0155565 0.0459441 0.005031627
vt 0.2331544 0.4560987
vn -0.9887695 0 -0.1478271
v -0.01414531 0.0459441 -0.002789875
vt 0.2334554 0.4901117
vn -0.9838867 0 -0.1787109
o pm0602_00_00_body_mesh_shape_body_00
g polygon_0
usemtl body_00
f 691/744/736 259/745/737 260/746/738
f 692/747/739 259/745/737 691/744/736
f 692/747/739 256/748/740 259/745/737
f 693/749/741 256/748/740 692/747/739
f 693/749/741 253/750/742 256/748/740
f 694/751/743 253/750/742 693/749/741
f 253/750/742 694/751/743 250/752/744
f 692/747/739 695/753/745 693/749/741
f 250/752/744 694/751/743 696/754/746
f 250/752/744 696/754/746 247/755/747
f 694/751/743 693/749/741 697/756/748
f 697/756/748 693/749/741 695/753/745
f 247/755/747 696/754/746 698/757/749
f 247/755/747 698/757/749 244/758/750
f 696/754/746 694/751/743 699/759/751
f 696/754/746 699/759/751 698/757/749
f 699/759/751 694/751/743 697/756/748
f 244/758/750 698/757/749 700/760/752
f 244/758/750 700/760/752 243/761/753
f 698/757/749 699/759/751 701/762/754
f 701/762/754 700/760/752 698/757/749
f 699/759/751 697/756/748 702/763/755
f 702/763/755 697/756/748 695/753/745
f 701/762/754 699/759/751 703/764/756
f 703/764/756 699/759/751 702/763/755
f 704/765/757 700/760/752 701/762/754
f 702/763/755 695/753/745 705/766/758
f 704/765/757 701/762/754 706/767/759
f 706/767/759 701/762/754 703/764/756
f 707/768/760 700/760/752 704/765/757
f 704/765/757 706/767/759 707/768/760
f 703/764/756 702/763/755 708/769/761
f 708/769/761 702/763/755 705/766/758
f 706/767/759 703/764/756 709/770/762
f 709/770/762 703/764/756 708/769/761
f 710/771/763 700/760/752 707/768/760
f 243/761/753 700/760/752 710/771/763
f 707/768/760 706/767/759 711/772/764
f 712/773/765 243/761/753 710/771/763
f 240/774/766 243/761/753 712/773/765
f 712/773/765 237/775/767 240/774/766
f 713/776/768 710/771/763 707/768/760
f 712/773/765 710/771/763 713/776/768
f 707/768/760 711/772/764 713/776/768
f 714/777/769 237/775/767 712/773/765
f 713/776/768 714/777/769 712/773/765
f 715/778/770 237/775/767 714/777/769
f 234/779/771 237/775/767 715/778/770
f 716/780/772 714/777/769 713/776/768
f 716/780/772 715/778/770 714/777/769
f 713/776/768 711/772/764 717/781/773
f 713/776/768 717/781/773 716/780/772
f 711/772/764 706/767/759 718/782/774
f 718/782/774 717/781/773 711/772/764
f 718/782/774 706/767/759 709/770/762
f 716/780/772 717/781/773 719/783/775
f 719/783/775 715/778/770 716/780/772
f 720/784/776 717/781/773 718/782/774
f 720/784/776 719/783/775 717/781/773
f 709/770/762 721/785/777 718/782/774
f 721/785/777 720/784/776 718/782/774
f 722/786/778 715/778/770 719/783/775
f 722/786/778 719/783/775 720/784/776
f 715/778/770 723/787/779 234/779/771
f 723/787/779 715/778/770 722/786/778
f 234/779/771 723/787/779 231/788/780
f 724/789/781 231/788/780 723/787/779
f 197/790/782 231/788/780 724/789/781
f 722/786/778 724/789/781 723/787/779
f 720/784/776 725/791/783 722/786/778
f 725/791/783 720/784/776 721/785/777
f 726/792/784 724/789/781 722/786/778
f 722/786/778 725/791/783 726/792/784
f 726/792/784 727/793/785 724/789/781
f 724/789/781 727/793/785 728/794/786
f 725/791/783 729/795/787 726/792/784
f 728/794/786 196/796/788 724/789/781
f 724/789/781 196/796/788 197/790/789
f 729/795/787 725/791/783 730/797/790
f 730/797/790 725/791/783 721/785/777
f 726/792/784 729/795/787 731/798/791
f 721/785/777 732/799/792 730/797/790
f 730/797/790 733/800/793 729/795/787
f 734/801/794 732/799/792 721/785/777
f 734/801/794 721/785/777 709/770/762
f 708/769/761 734/801/794 709/770/762
f 735/802/795 734/801/794 708/769/761
f 735/802/795 732/799/792 734/801/794
f 705/766/758 735/802/795 708/769/761
f 732/799/792 736/803/796 730/797/790
f 730/797/790 736/803/796 733/800/793
f 737/804/797 732/799/792 735/802/795
f 732/799/792 737/804/797 736/803/796
f 738/805/798 735/802/795 705/766/758
f 738/805/798 737/804/797 735/802/795
f 705/766/758 739/806/799 738/805/798
f 705/766/758 695/753/745 739/806/799
f 739/806/799 695/753/745 692/747/739
f 692/747/739 691/744/736 739/806/799
f 738/805/798 739/806/799 740/807/800
f 739/806/799 691/744/736 740/807/800
f 741/808/801 737/804/797 738/805/798
f 740/807/800 741/808/801 738/805/798
f 260/746/802 305/809/803 691/744/736
f 737/804/797 741/808/801 742/810/804
f 736/803/796 737/804/797 742/810/804
f 691/744/736 305/809/803 743/811/805
f 305/809/803 307/812/806 743/811/805
f 744/813/807 691/744/736 743/811/805
f 740/807/800 691/744/736 744/813/807
f 743/811/805 307/812/806 745/814/808
f 744/813/807 743/811/805 746/815/809
f 746/815/809 743/811/805 745/814/808
f 307/812/806 747/816/810 745/814/808
f 308/817/811 747/816/810 307/812/806
f 745/814/808 748/818/812 746/815/809
f 747/816/810 748/818/812 745/814/808
f 749/819/813 744/813/807 746/815/809
f 748/818/812 749/819/813 746/815/809
f 747/816/810 308/817/811 750/820/814
f 750/820/814 308/817/811 309/821/815
f 190/822/816 751/823/817 309/821/815
f 309/821/815 751/823/817 750/820/814
f 752/824/818 750/820/814 751/823/817
f 753/825/819 747/816/810 750/820/814
f 753/825/819 750/820/814 752/824/818
f 748/818/812 747/816/810 753/825/819
f 752/824/818 754/826/820 753/825/819
f 748/818/812 753/825/819 755/827/821
f 753/825/819 754/826/820 755/827/821
f 755/827/821 749/819/813 748/818/812
f 754/826/820 756/828/822 755/827/821
f 755/827/821 756/828/822 749/819/813
f 756/828/822 757/829/823 749/819/813
f 749/819/813 757/829/823 758/830/824
f 758/830/824 744/813/807 749/819/813
f 757/829/823 759/831/825 758/830/824
f 758/830/824 740/807/800 744/813/807
f 758/830/824 759/831/825 760/832/826
f 760/832/826 740/807/800 758/830/824
f 760/832/826 759/831/825 761/833/827
f 761/833/827 759/831/825 762/834/828
f 740/807/800 760/832/826 763/835/829
f 763/835/829 760/832/826 761/833/827
f 763/835/829 741/808/801 740/807/800
f 761/833/827 762/834/828 764/836/830
f 764/836/830 763/835/829 761/833/827
f 764/836/830 762/834/828 765/837/831
f 763/835/829 766/838/832 741/808/801
f 742/810/804 741/808/801 766/838/832
f 767/839/833 763/835/829 764/836/830
f 767/839/833 766/838/832 763/835/829
f 764/836/830 765/837/831 768/840/834
f 768/840/834 767/839/833 764/836/830
f 768/840/834 765/837/831 769/841/835
f 766/838/832 767/839/833 770/842/836
f 769/841/835 771/843/837 768/840/834
f 772/844/838 771/843/837 769/841/835
f 773/845/839 767/839/833 768/840/834
f 770/842/836 767/839/833 773/845/839
f 771/843/837 774/846/840 768/840/834
f 768/840/834 774/846/840 773/845/839
f 772/844/838 775/847/841 771/843/837
f 771/843/837 775/847/841 774/846/840
f 776/848/842 775/847/841 772/844/838
f 773/845/839 774/846/840 777/849/843
f 775/847/841 776/848/842 778/850/844
f 778/850/844 776/848/842 486/851/845
f 484/852/846 778/850/844 486/851/845
f 779/853/847 773/845/839 777/849/843
f 770/842/836 773/845/839 779/853/847
f 780/854/848 778/850/844 484/852/846
f 479/855/849 780/854/848 484/852/846
f 781/856/850 780/854/848 479/855/849
f 474/857/851 781/856/850 479/855/849
f 782/858/852 778/850/844 780/854/848
f 781/856/850 782/858/852 780/854/848
f 783/859/853 781/856/850 474/857/851
f 469/860/854 783/859/853 474/857/851
f 784/861/855 782/858/852 781/856/850
f 783/859/853 784/861/855 781/856/850
f 785/862/856 778/850/844 782/858/852
f 785/862/856 775/847/841 778/850/844
f 782/858/852 784/861/855 786/863/857
f 786/863/857 785/862/856 782/858/852
f 787/864/858 775/847/841 785/862/856
f 774/846/840 775/847/841 787/864/858
f 788/865/859 785/862/856 786/863/857
f 788/865/859 787/864/858 785/862/856
f 786/863/857 784/861/855 789/866/860
f 790/867/861 788/865/859 786/863/857
f 789/866/860 790/867/861 786/863/857
f 784/861/855 791/868/862 789/866/860
f 791/868/862 784/861/855 783/859/853
f 792/869/863 783/859/853 469/860/854
f 792/869/863 791/868/862 783/859/853
f 461/870/864 792/869/863 469/860/854
f 789/866/860 791/868/862 793/871/865
f 794/872/866 792/869/863 461/870/864
f 451/873/867 794/872/866 461/870/864
f 795/874/868 791/868/862 792/869/863
f 794/872/866 795/874/868 792/869/863
f 791/868/862 795/874/868 793/871/865
f 796/875/869 794/872/866 451/873/867
f 447/876/870 796/875/869 451/873/867
f 797/877/871 795/874/868 794/872/866
f 796/875/869 797/877/871 794/872/866
f 793/871/865 795/874/868 798/878/872
f 795/874/868 797/877/871 798/878/872
f 799/879/873 796/875/869 447/876/870
f 443/880/874 799/879/873 447/876/870
f 800/881/875 797/877/871 796/875/869
f 799/879/873 800/881/875 796/875/869
f 798/878/872 797/877/871 801/882/876
f 797/877/871 800/881/875 801/882/876
f 802/883/877 799/879/873 443/880/874
f 440/884/878 802/883/877 443/880/874
f 803/885/879 800/881/875 799/879/873
f 802/883/877 803/885/879 799/879/873
f 801/882/876 800/881/875 804/886/880
f 800/881/875 803/885/879 804/886/880
f 805/887/881 802/883/877 440/884/878
f 438/888/882 805/887/881 440/884/878
f 806/889/883 803/885/879 802/883/877
f 805/887/881 806/889/883 802/883/877
f 807/890/884 805/887/881 438/888/882
f 437/891/885 807/890/884 438/888/882
f 808/892/886 805/887/881 807/890/884
f 437/891/885 808/892/886 807/890/884
f 809/893/887 806/889/883 805/887/881
f 809/893/887 805/887/881 808/892/886
f 803/885/879 806/889/883 810/894/888
f 804/886/880 803/885/879 810/894/888
f 811/895/889 808/892/886 437/891/885
f 434/896/890 811/895/889 437/891/885
f 810/894/888 806/889/883 812/897/891
f 806/889/883 809/893/887 812/897/891
f 434/896/890 813/898/892 811/895/889
f 432/899/893 813/898/892 434/896/890
f 808/892/886 811/895/889 814/900/894
f 814/900/894 809/893/887 808/892/886
f 811/895/889 813/898/892 815/901/895
f 814/900/894 811/895/889 815/901/895
f 813/898/892 432/899/893 816/902/896
f 815/901/895 813/898/892 816/902/896
f 816/902/896 432/899/893 817/903/897
f 346/904/898 817/903/897 432/899/893
f 817/903/897 346/904/898 818/905/899
f 817/903/897 818/905/899 816/902/896
f 818/905/899 346/904/898 341/906/900
f 337/907/901 818/905/899 341/906/900
f 816/902/896 819/908/902 815/901/895
f 816/902/896 818/905/899 819/908/902
f 820/909/903 818/905/899 337/907/901
f 337/907/901 317/910/904 820/909/903
f 821/911/905 818/905/899 820/909/903
f 317/910/904 821/911/905 820/909/903
f 819/908/902 818/905/899 821/911/905
f 822/912/906 821/911/905 317/910/904
f 317/910/904 313/913/907 822/912/906
f 823/914/908 819/908/902 821/911/905
f 822/912/906 823/914/908 821/911/905
f 313/913/907 824/915/909 822/912/906
f 824/915/909 823/914/908 822/912/906
f 313/913/907 312/916/910 824/915/909
f 825/917/911 819/908/902 823/914/908
f 815/901/895 819/908/902 825/917/911
f 825/917/911 814/900/894 815/901/895
f 823/914/908 824/915/909 826/918/912
f 823/914/908 826/918/912 825/917/911
f 824/915/909 312/916/910 827/919/913
f 826/918/912 824/915/909 827/919/913
f 827/919/913 312/916/910 828/920/914
f 312/916/910 311/921/915 828/920/914
f 311/921/915 829/922/916 828/920/914
f 828/920/914 829/922/916 827/919/913
f 315/923/917 829/922/916 311/921/915
f 830/924/918 826/918/912 827/919/913
f 827/919/913 829/922/916 830/924/918
f 825/917/911 826/918/912 831/925/919
f 831/925/919 814/900/894 825/917/911
f 832/926/920 826/918/912 830/924/918
f 826/918/912 832/926/920 831/925/919
f 831/925/919 833/927/921 814/900/894
f 833/927/921 809/893/887 814/900/894
f 812/897/891 809/893/887 833/927/921
f 834/928/922 833/927/921 831/925/919
f 834/928/922 812/897/891 833/927/921
f 831/925/919 832/926/920 834/928/922
f 835/929/923 812/897/891 834/928/922
f 835/929/923 810/894/888 812/897/891
f 832/926/920 836/930/924 834/928/922
f 834/928/922 836/930/924 835/929/923
f 832/926/920 830/924/918 836/930/924
f 837/931/925 810/894/888 835/929/923
f 837/931/925 804/886/880 810/894/888
f 836/930/924 838/932/926 835/929/923
f 835/929/923 838/932/926 837/931/925
f 836/930/924 830/924/918 839/933/927
f 836/930/924 839/933/927 838/932/926
f 830/924/918 829/922/916 839/933/927
f 838/932/926 840/934/928 837/931/925
f 839/933/927 829/922/916 841/935/929
f 829/922/916 315/923/917 841/935/929
f 841/935/929 315/923/917 320/936/930
f 838/932/926 839/933/927 842/937/931
f 839/933/927 841/935/929 842/937/931
f 838/932/926 842/937/931 840/934/928
f 841/935/929 320/936/930 843/938/932
f 842/937/931 841/935/929 843/938/932
f 843/938/932 320/936/930 323/939/933
f 842/937/931 843/938/932 844/940/934
f 840/934/928 842/937/931 844/940/934
f 843/938/932 323/939/933 845/941/935
f 844/940/934 843/938/932 845/941/935
f 845/941/935 323/939/933 326/942/936
f 845/941/935 326/942/936 846/943/937
f 846/943/937 326/942/936 494/944/938
f 844/940/934 845/941/935 847/945/939
f 847/945/939 845/941/935 846/943/937
f 846/943/937 494/944/938 848/946/940
f 848/946/940 494/944/938 502/947/941
f 847/945/939 846/943/937 849/948/942
f 849/948/942 846/943/937 848/946/940
f 850/949/943 844/940/934 847/945/939
f 840/934/928 844/940/934 850/949/943
f 848/946/940 502/947/941 851/950/944
f 851/950/944 502/947/941 507/951/945
f 852/952/946 848/946/940 851/950/944
f 849/948/942 848/946/940 852/952/946
f 851/950/944 507/951/945 853/953/947
f 853/953/947 507/951/945 512/954/948
f 852/952/946 851/950/944 854/955/949
f 854/955/949 851/950/944 853/953/947
f 853/953/947 512/954/948 855/956/950
f 855/956/950 512/954/948 517/957/951
f 856/958/952 853/953/947 855/956/950
f 854/955/949 853/953/947 856/958/952
f 855/956/950 517/957/951 857/959/953
f 855/956/950 857/959/953 856/958/952
f 857/959/953 517/957/951 520/960/954
f 520/960/954 858/961/955 857/959/953
f 859/962/956 854/955/949 856/958/952
f 857/959/953 858/961/955 860/963/957
f 858/961/955 861/964/958 860/963/957
f 856/958/952 857/959/953 862/965/959
f 857/959/953 860/963/957 862/965/959
f 862/965/959 859/962/956 856/958/952
f 860/963/957 861/964/958 863/966/960
f 864/967/961 863/966/960 861/964/958
f 862/965/959 860/963/957 865/968/962
f 866/969/963 863/966/960 864/967/961
f 864/967/961 867/970/964 866/969/963
f 868/971/965 860/963/957 863/966/960
f 863/966/960 866/969/963 868/971/965
f 865/968/962 860/963/957 868/971/965
f 866/969/963 867/970/964 869/972/966
f 870/973/967 869/972/966 867/970/964
f 868/971/965 866/969/963 871/974/968
f 866/969/963 869/972/966 871/974/968
f 872/975/969 869/972/966 870/973/967
f 870/973/967 873/976/970 872/975/969
f 871/974/968 869/972/966 874/977/971
f 872/975/969 874/977/971 869/972/966
f 872/975/969 873/976/970 875/978/972
f 873/976/970 876/979/973 875/978/972
f 731/798/791 874/977/971 872/975/969
f 875/978/972 731/798/791 872/975/969
f 875/978/972 876/979/973 877/980/974
f 876/979/973 878/981/975 877/980/974
f 726/792/784 731/798/791 875/978/972
f 877/980/974 726/792/784 875/978/972
f 727/793/785 726/792/784 877/980/974
f 877/980/974 878/981/975 879/982/976
f 879/982/976 727/793/785 877/980/974
f 878/981/975 880/983/977 879/982/976
f 881/984/978 727/793/785 879/982/976
f 727/793/785 881/984/978 728/794/786
f 879/982/976 880/983/977 882/985/979
f 882/985/979 881/984/978 879/982/976
f 882/985/979 880/983/977 883/986/980
f 883/986/980 880/983/977 884/987/981
f 885/988/982 881/984/978 882/985/979
f 885/988/982 882/985/979 883/986/980
f 728/794/786 881/984/978 886/989/983
f 881/984/978 885/988/982 886/989/983
f 886/989/983 196/796/788 728/794/786
f 194/990/984 196/796/788 886/989/983
f 886/989/983 885/988/982 887/991/985
f 887/991/985 194/990/984 886/989/983
f 883/986/980 887/991/985 885/988/982
f 192/992/986 194/990/984 887/991/985
f 888/993/987 887/991/985 883/986/980
f 888/993/987 192/992/986 887/991/985
f 884/987/981 888/993/987 883/986/980
f 191/994/988 192/992/986 888/993/987
f 889/995/989 888/993/987 884/987/981
f 889/995/989 191/994/988 888/993/987
f 43/996/990 191/994/988 889/995/989
f 729/795/787 890/997/991 731/798/791
f 731/798/791 890/997/991 874/977/971
f 729/795/787 733/800/793 890/997/991
f 890/997/991 891/998/992 874/977/971
f 874/977/971 891/998/992 871/974/968
f 892/999/993 890/997/991 733/800/793
f 891/998/992 890/997/991 892/999/993
f 892/999/993 733/800/793 893/1000/994
f 893/1000/994 733/800/793 736/803/796
f 736/803/796 742/810/804 893/1000/994
f 891/998/992 892/999/993 894/1001/995
f 893/1000/994 742/810/804 895/1002/996
f 742/810/804 766/838/832 895/1002/996
f 895/1002/996 766/838/832 770/842/836
f 892/999/993 893/1000/994 896/1003/997
f 894/1001/995 892/999/993 896/1003/997
f 893/1000/994 895/1002/996 897/1004/998
f 896/1003/997 893/1000/994 897/1004/998
f 898/1005/999 895/1002/996 770/842/836
f 770/842/836 779/853/847 898/1005/999
f 897/1004/998 895/1002/996 899/1006/1000
f 899/1006/1000 895/1002/996 898/1005/999
f 900/1007/1001 896/1003/997 897/1004/998
f 897/1004/998 899/1006/1000 900/1007/1001
f 898/1005/999 779/853/847 901/1008/1002
f 777/849/843 901/1008/1002 779/853/847
f 898/1005/999 902/1009/1003 899/1006/1000
f 900/1007/1001 899/1006/1000 902/1009/1003
f 901/1008/1002 903/1010/1004 898/1005/999
f 903/1010/1004 902/1009/1003 898/1005/999
f 904/1011/1005 896/1003/997 900/1007/1001
f 904/1011/1005 894/1001/995 896/1003/997
f 900/1007/1001 902/1009/1003 905/1012/1006
f 905/1012/1006 904/1011/1005 900/1007/1001
f 902/1009/1003 903/1010/1004 906/1013/1007
f 905/1012/1006 902/1009/1003 906/1013/1007
f 907/1014/1008 894/1001/995 904/1011/1005
f 906/1013/1007 908/1015/1009 905/1012/1006
f 905/1012/1006 908/1015/1009 909/1016/1010
f 906/1013/1007 910/1017/1011 908/1015/1009
f 909/1016/1010 911/1018/1012 905/1012/1006
f 912/1019/1013 910/1017/1011 906/1013/1007
f 906/1013/1007 903/1010/1004 912/1019/1013
f 912/1019/1013 913/1020/1014 910/1017/1011
f 905/1012/1006 911/1018/1012 914/1021/1015
f 914/1021/1015 904/1011/1005 905/1012/1006
f 914/1021/1015 907/1014/1008 904/1011/1005
f 911/1018/1012 915/1022/1016 914/1021/1015
f 914/1021/1015 915/1022/1016 916/1023/1017
f 916/1023/1017 907/1014/1008 914/1021/1015
f 915/1022/1016 917/1024/1018 916/1023/1017
f 916/1023/1017 918/1025/1019 907/1014/1008
f 907/1014/1008 918/1025/1019 894/1001/995
f 916/1023/1017 917/1024/1018 919/1026/1020
f 919/1026/1020 918/1025/1019 916/1023/1017
f 917/1024/1018 920/1027/1021 919/1026/1020
f 894/1001/995 918/1025/1019 921/1028/1022
f 921/1028/1022 891/998/992 894/1001/995
f 871/974/968 891/998/992 921/1028/1022
f 918/1025/1019 919/1026/1020 922/1029/1023
f 918/1025/1019 922/1029/1023 921/1028/1022
f 919/1026/1020 920/1027/1021 923/1030/1024
f 922/1029/1023 919/1026/1020 923/1030/1024
f 920/1027/1021 924/1031/1025 923/1030/1024
f 925/1032/1026 871/974/968 921/1028/1022
f 921/1028/1022 922/1029/1023 925/1032/1026
f 868/971/965 871/974/968 925/1032/1026
f 923/1030/1024 926/1033/1027 922/1029/1023
f 922/1029/1023 926/1033/1027 925/1032/1026
f 923/1030/1024 924/1031/1025 927/1034/1028
f 927/1034/1028 926/1033/1027 923/1030/1024
f 927/1034/1028 924/1031/1025 928/1035/1029
f 928/1035/1029 926/1033/1027 927/1034/1028
f 928/1035/1029 924/1031/1025 929/1036/1030
f 925/1032/1026 926/1033/1027 930/1037/1031
f 925/1032/1026 930/1037/1031 868/971/965
f 929/1036/1030 931/1038/1032 928/1035/1029
f 868/971/965 930/1037/1031 932/1039/1033
f 930/1037/1031 926/1033/1027 932/1039/1033
f 933/1040/1034 931/1038/1032 929/1036/1030
f 868/971/965 932/1039/1033 865/968/962
f 934/1041/1035 926/1033/1027 928/1035/1029
f 932/1039/1033 926/1033/1027 934/1041/1035
f 931/1038/1032 934/1041/1035 928/1035/1029
f 934/1041/1035 935/1042/1036 932/1039/1033
f 935/1042/1036 865/968/962 932/1039/1033
f 936/1043/1037 934/1041/1035 931/1038/1032
f 936/1043/1037 935/1042/1036 934/1041/1035
f 931/1038/1032 933/1040/1034 937/1044/1038
f 937/1044/1038 936/1043/1037 931/1038/1032
f 937/1044/1038 933/1040/1034 938/1045/1039
f 939/1046/1040 936/1043/1037 937/1044/1038
f 936/1043/1037 939/1046/1040 935/1042/1036
f 937/1044/1038 938/1045/1039 940/1047/1041
f 940/1047/1041 939/1046/1040 937/1044/1038
f 940/1047/1041 938/1045/1039 941/1048/1042
f 941/1048/1042 942/1049/1043 940/1047/1041
f 935/1042/1036 939/1046/1040 943/1050/1044
f 944/1051/1045 939/1046/1040 940/1047/1041
f 939/1046/1040 944/1051/1045 943/1050/1044
f 940/1047/1041 942/1049/1043 945/1052/1046
f 945/1052/1046 944/1051/1045 940/1047/1041
f 946/1053/1047 935/1042/1036 943/1050/1044
f 865/968/962 935/1042/1036 946/1053/1047
f 943/1050/1044 944/1051/1045 947/1054/1048
f 947/1054/1048 946/1053/1047 943/1050/1044
f 948/1055/1049 944/1051/1045 945/1052/1046
f 944/1051/1045 948/1055/1049 947/1054/1048
f 945/1052/1046 942/1049/1043 949/1056/1050
f 949/1056/1050 942/1049/1043 950/1057/1051
f 950/1057/1051 951/1058/1052 949/1056/1050
f 945/1052/1046 952/1059/1053 948/1055/1049
f 949/1056/1050 952/1059/1053 945/1052/1046
f 947/1054/1048 948/1055/1049 953/1060/1054
f 949/1056/1050 951/1058/1052 954/1061/1055
f 951/1058/1052 955/1062/1056 954/1061/1055
f 953/1060/1054 948/1055/1049 956/1063/1057
f 948/1055/1049 952/1059/1053 956/1063/1057
f 947/1054/1048 953/1060/1054 957/1064/1058
f 957/1064/1058 953/1060/1054 956/1063/1057
f 946/1053/1047 947/1054/1048 957/1064/1058
f 956/1063/1057 952/1059/1053 958/1065/1059
f 956/1063/1057 959/1066/1060 957/1064/1058
f 958/1065/1059 959/1066/1060 956/1063/1057
f 960/1067/1061 946/1053/1047 957/1064/1058
f 957/1064/1058 959/1066/1060 960/1067/1061
f 952/1059/1053 949/1056/1050 961/1068/1062
f 958/1065/1059 952/1059/1053 961/1068/1062
f 961/1068/1062 949/1056/1050 954/1061/1055
f 960/1067/1061 959/1066/1060 788/865/859
f 959/1066/1060 787/864/858 788/865/859
f 960/1067/1061 788/865/859 790/867/861
f 962/1069/1063 787/864/858 959/1066/1060
f 958/1065/1059 962/1069/1063 959/1066/1060
f 787/864/858 962/1069/1063 963/1070/1064
f 787/864/858 963/1070/1064 774/846/840
f 964/1071/1065 962/1069/1063 958/1065/1059
f 962/1069/1063 964/1071/1065 963/1070/1064
f 958/1065/1059 961/1068/1062 964/1071/1065
f 774/846/840 963/1070/1064 965/1072/1066
f 777/849/843 774/846/840 965/1072/1066
f 963/1070/1064 964/1071/1065 966/1073/1067
f 966/1073/1067 965/1072/1066 963/1070/1064
f 964/1071/1065 961/1068/1062 967/1074/1068
f 964/1071/1065 967/1074/1068 966/1073/1067
f 954/1061/1055 967/1074/1068 961/1068/1062
f 777/849/843 965/1072/1066 968/1075/1069
f 968/1075/1069 901/1008/1002 777/849/843
f 969/1076/1070 967/1074/1068 954/1061/1055
f 954/1061/1055 955/1062/1056 969/1076/1070
f 967/1074/1068 969/1076/1070 970/1077/1071
f 966/1073/1067 967/1074/1068 970/1077/1071
f 969/1076/1070 955/1062/1056 971/1078/1072
f 970/1077/1071 969/1076/1070 971/1078/1072
f 971/1078/1072 955/1062/1056 972/1079/1073
f 970/1077/1071 973/1080/1074 966/1073/1067
f 973/1080/1074 965/1072/1066 966/1073/1067
f 968/1075/1069 965/1072/1066 973/1080/1074
f 971/1078/1072 974/1081/1075 970/1077/1071
f 974/1081/1075 973/1080/1074 970/1077/1071
f 972/1079/1073 975/1082/1076 971/1078/1072
f 975/1082/1076 974/1081/1075 971/1078/1072
f 976/1083/1077 975/1082/1076 972/1079/1073
f 976/1083/1077 977/1084/1078 975/1082/1076
f 974/1081/1075 978/1085/1079 973/1080/1074
f 974/1081/1075 975/1082/1076 978/1085/1079
f 973/1080/1074 978/1085/1079 968/1075/1069
f 975/1082/1076 977/1084/1078 979/1086/1080
f 978/1085/1079 975/1082/1076 979/1086/1080
f 977/1084/1078 913/1020/1014 979/1086/1080
f 978/1085/1079 980/1087/1081 968/1075/1069
f 979/1086/1080 980/1087/1081 978/1085/1079
f 968/1075/1069 980/1087/1081 901/1008/1002
f 980/1087/1081 903/1010/1004 901/1008/1002
f 979/1086/1080 913/1020/1014 981/1088/1082
f 981/1088/1082 980/1087/1081 979/1086/1080
f 981/1088/1082 903/1010/1004 980/1087/1081
f 981/1088/1082 913/1020/1014 912/1019/1013
f 912/1019/1013 903/1010/1004 981/1088/1082
f 130/1089/1083 982/1090/1084 131/1091/1085
f 983/1092/1086 982/1090/1084 130/1089/1083
f 130/1089/1083 126/1093/1087 983/1092/1086
f 983/1092/1086 126/1093/1087 984/1094/1088
f 123/1095/1089 984/1094/1088 126/1093/1087
f 985/1096/1090 984/1094/1088 123/1095/1089
f 119/1097/1091 985/1096/1090 123/1095/1089
f 986/1098/1092 983/1092/1086 984/1094/1088
f 987/1099/1093 985/1096/1090 119/1097/1091
f 116/1100/1094 987/1099/1093 119/1097/1091
f 988/1101/1095 984/1094/1088 985/1096/1090
f 986/1098/1092 984/1094/1088 988/1101/1095
f 987/1099/1093 989/1102/1096 985/1096/1090
f 985/1096/1090 989/1102/1096 988/1101/1095
f 990/1103/1097 987/1099/1093 116/1100/1094
f 990/1103/1097 989/1102/1096 987/1099/1093
f 114/1104/1098 990/1103/1097 116/1100/1094
f 989/1102/1096 991/1105/1099 988/1101/1095
f 988/1101/1095 991/1105/1099 986/1098/1092
f 992/1106/1100 990/1103/1097 114/1104/1098
f 113/1107/1101 992/1106/1100 114/1104/1098
f 993/1108/1102 989/1102/1096 990/1103/1097
f 992/1106/1100 993/1108/1102 990/1103/1097
f 989/1102/1096 994/1109/1103 991/1105/1099
f 993/1108/1102 994/1109/1103 989/1102/1096
f 995/1110/1104 986/1098/1092 991/1105/1099
f 994/1109/1103 996/1111/1105 991/1105/1099
f 991/1105/1099 996/1111/1105 995/1110/1104
f 997/1112/1106 983/1092/1086 986/1098/1092
f 997/1112/1106 986/1098/1092 995/1110/1104
f 983/1092/1086 997/1112/1106 982/1090/1084
f 995/1110/1104 998/1113/1107 997/1112/1106
f 982/1090/1084 183/1114/1108 131/1091/1109
f 998/1113/1107 995/1110/1104 999/1115/1110
f 999/1115/1110 995/1110/1104 996/1111/1105
f 1000/1116/1111 183/1114/1108 982/1090/1084
f 1000/1116/1111 185/1117/1112 183/1114/1108
f 982/1090/1084 997/1112/1106 1001/1118/1113
f 997/1112/1106 998/1113/1107 1001/1118/1113
f 982/1090/1084 1002/1119/1114 1000/1116/1111
f 1001/1118/1113 1002/1119/1114 982/1090/1084
f 1003/1120/1115 185/1117/1112 1000/1116/1111
f 1002/1119/1114 1004/1121/1116 1000/1116/1111
f 1000/1116/1111 1004/1121/1116 1003/1120/1115
f 1003/1120/1115 1005/1122/1117 185/1117/1112
f 185/1117/1112 1005/1122/1117 187/1123/1118
f 1004/1121/1116 1006/1124/1119 1003/1120/1115
f 1003/1120/1115 1006/1124/1119 1005/1122/1117
f 1004/1121/1116 1002/1119/1114 1007/1125/1120
f 1004/1121/1116 1007/1125/1120 1006/1124/1119
f 1005/1122/1117 1008/1126/1121 187/1123/1118
f 187/1123/1118 1008/1126/1121 189/1127/1122
f 1009/1128/1123 1005/1122/1117 1006/1124/1119
f 1008/1126/1121 1005/1122/1117 1009/1128/1123
f 189/1127/1122 751/1129/817 190/1130/816
f 1008/1126/1121 751/1129/817 189/1127/1122
f 751/1129/817 1008/1126/1121 752/1131/818
f 752/1131/818 1008/1126/1121 1009/1128/1123
f 1009/1128/1123 754/1132/820 752/1131/818
f 1006/1124/1119 1010/1133/1124 1009/1128/1123
f 1010/1133/1124 754/1132/820 1009/1128/1123
f 1006/1124/1119 1007/1125/1120 1010/1133/1124
f 1010/1133/1124 756/1134/822 754/1132/820
f 1007/1125/1120 756/1134/822 1010/1133/1124
f 756/1134/822 1007/1125/1120 757/1135/823
f 757/1135/823 1007/1125/1120 1011/1136/1125
f 1007/1125/1120 1002/1119/1114 1011/1136/1125
f 757/1135/823 1011/1136/1125 759/1137/825
f 1001/1118/1113 1011/1136/1125 1002/1119/1114
f 759/1137/825 1011/1136/1125 1012/1138/1126
f 1012/1138/1126 1011/1136/1125 1001/1118/1113
f 1012/1138/1126 1013/1139/1127 759/1137/825
f 759/1137/825 1013/1139/1127 762/1140/828
f 1001/1118/1113 1014/1141/1128 1012/1138/1126
f 1012/1138/1126 1014/1141/1128 1013/1139/1127
f 1015/1142/1129 762/1140/828 1013/1139/1127
f 1013/1139/1127 1014/1141/1128 1015/1142/1129
f 765/1143/831 762/1140/828 1015/1142/1129
f 1001/1118/1113 1016/1144/1130 1014/1141/1128
f 998/1113/1107 1016/1144/1130 1001/1118/1113
f 1017/1145/1131 765/1143/831 1015/1142/1129
f 769/1146/835 765/1143/831 1017/1145/1131
f 1015/1142/1129 1014/1141/1128 1018/1147/1132
f 1018/1147/1132 1017/1145/1131 1015/1142/1129
f 1016/1144/1130 1019/1148/1133 1014/1141/1128
f 1014/1141/1128 1019/1148/1133 1018/1147/1132
f 1016/1144/1130 998/1113/1107 1020/1149/1134
f 1020/1149/1134 998/1113/1107 999/1115/1110
f 1019/1148/1133 1016/1144/1130 1021/1150/1135
f 1021/1150/1135 1016/1144/1130 1020/1149/1134
f 1019/1148/1133 1022/1151/1136 1018/1147/1132
f 1020/1149/1134 999/1115/1110 1023/1152/1137
f 1018/1147/1132 1022/1151/1136 1024/1153/1138
f 1024/1153/1138 1017/1145/1131 1018/1147/1132
f 1023/1152/1137 999/1115/1110 1025/1154/1139
f 999/1115/1110 996/1111/1105 1025/1154/1139
f 1023/1152/1137 1026/1155/1140 1020/1149/1134
f 1020/1149/1134 1026/1155/1140 1021/1150/1135
f 1025/1154/1139 996/1111/1105 1027/1156/1141
f 996/1111/1105 994/1109/1103 1027/1156/1141
f 1025/1154/1139 1028/1157/1142 1023/1152/1137
f 1027/1156/1141 1028/1157/1142 1025/1154/1139
f 1029/1158/1143 1026/1155/1140 1023/1152/1137
f 1023/1152/1137 1028/1157/1142 1029/1158/1143
f 1027/1156/1141 994/1109/1103 1030/1159/1144
f 993/1108/1102 1030/1159/1144 994/1109/1103
f 1031/1160/1145 1028/1157/1142 1027/1156/1141
f 1030/1159/1144 1031/1160/1145 1027/1156/1141
f 1032/1161/1146 1030/1159/1144 993/1108/1102
f 1032/1161/1146 993/1108/1102 992/1106/1100
f 1033/1162/1147 1030/1159/1144 1032/1161/1146
f 992/1106/1100 1033/1162/1147 1032/1161/1146
f 1034/1163/1148 1031/1160/1145 1030/1159/1144
f 1034/1163/1148 1030/1159/1144 1033/1162/1147
f 1035/1164/1149 1033/1162/1147 992/1106/1100
f 1035/1164/1149 992/1106/1100 113/1107/1101
f 1036/1165/1150 1034/1163/1148 1033/1162/1147
f 1035/1164/1149 1036/1165/1150 1033/1162/1147
f 113/1107/1101 1037/1166/1151 1035/1164/1149
f 1037/1166/1151 1036/1165/1150 1035/1164/1149
f 108/1167/1152 1037/1166/1151 113/1107/1101
f 104/1168/1153 1037/1166/1151 108/1167/1152
f 1038/1169/1154 1037/1166/1151 104/1168/1153
f 1038/1169/1154 1036/1165/1150 1037/1166/1151
f 1038/1169/1154 104/1168/1153 1039/1170/1155
f 1039/1170/1155 104/1168/1153 101/1171/1156
f 1040/1172/1157 1036/1165/1150 1038/1169/1154
f 1039/1170/1155 1040/1172/1157 1038/1169/1154
f 1041/1173/1158 1034/1163/1148 1036/1165/1150
f 1040/1172/1157 1041/1173/1158 1036/1165/1150
f 1041/1173/1158 1031/1160/1145 1034/1163/1148
f 1042/1174/1159 1041/1173/1158 1040/1172/1157
f 1042/1174/1159 1040/1172/1157 1039/1170/1155
f 1043/1175/1160 1031/1160/1145 1041/1173/1158
f 1042/1174/1159 1043/1175/1160 1041/1173/1158
f 1031/1160/1145 1043/1175/1160 1028/1157/1142
f 1039/1170/1155 1044/1176/1161 1042/1174/1159
f 1044/1176/1161 1043/1175/1160 1042/1174/1159
f 1028/1157/1142 1043/1175/1160 1045/1177/1162
f 1043/1175/1160 1044/1176/1161 1045/1177/1162
f 1028/1157/1142 1045/1177/1162 1029/1158/1143
f 1046/1178/1163 1044/1176/1161 1039/1170/1155
f 101/1171/1156 1046/1178/1163 1039/1170/1155
f 99/1179/1164 1046/1178/1163 101/1171/1156
f 1046/1178/1163 99/1179/1164 1047/1180/1165
f 1047/1180/1165 1044/1176/1161 1046/1178/1163
f 1047/1180/1165 99/1179/1164 53/1181/1166
f 1045/1177/1162 1044/1176/1161 1048/1182/1167
f 1048/1182/1167 1044/1176/1161 1047/1180/1165
f 1029/1158/1143 1045/1177/1162 1049/1183/1168
f 1045/1177/1162 1048/1182/1167 1049/1183/1168
f 1049/1183/1168 1050/1184/1169 1029/1158/1143
f 1050/1184/1169 1026/1155/1140 1029/1158/1143
f 1047/1180/1165 1051/1185/1170 1048/1182/1167
f 1052/1186/1171 1051/1185/1170 1047/1180/1165
f 1050/1184/1169 1053/1187/1172 1026/1155/1140
f 1026/1155/1140 1053/1187/1172 1021/1150/1135
f 1054/1188/1173 1050/1184/1169 1049/1183/1168
f 1021/1150/1135 1053/1187/1172 1055/1189/1174
f 1021/1150/1135 1055/1189/1174 1019/1148/1133
f 1019/1148/1133 1055/1189/1174 1022/1151/1136
f 1056/1190/1175 1053/1187/1172 1050/1184/1169
f 1050/1184/1169 1054/1188/1173 1056/1190/1175
f 1057/1191/1176 1055/1189/1174 1053/1187/1172
f 1058/1192/1177 1053/1187/1172 1056/1190/1175
f 1057/1191/1176 1053/1187/1172 1058/1192/1177
f 1059/1193/1178 1055/1189/1174 1057/1191/1176
f 1057/1191/1176 1058/1192/1177 1060/1194/1179
f 1060/1194/1179 1059/1193/1178 1057/1191/1176
f 1059/1193/1178 1061/1195/1180 1055/1189/1174
f 1055/1189/1174 1061/1195/1180 1022/1151/1136
f 1062/1196/1181 1059/1193/1178 1060/1194/1179
f 1059/1193/1178 1062/1196/1181 1061/1195/1180
f 1061/1195/1180 1063/1197/1182 1022/1151/1136
f 1022/1151/1136 1063/1197/1182 1024/1153/1138
f 1064/1198/1183 1063/1197/1182 1061/1195/1180
f 1063/1197/1182 1065/1199/1184 1024/1153/1138
f 1064/1198/1183 1065/1199/1184 1063/1197/1182
f 1061/1195/1180 1062/1196/1181 1066/1200/1185
f 1061/1195/1180 1066/1200/1185 1064/1198/1183
f 1024/1153/1138 1065/1199/1184 1067/1201/1186
f 1024/1153/1138 1067/1201/1186 1017/1145/1131
f 1068/1202/1187 1065/1199/1184 1064/1198/1183
f 1017/1145/1131 1067/1201/1186 1069/1203/1188
f 1017/1145/1131 1069/1203/1188 769/1146/835
f 769/1146/835 1069/1203/1188 772/1204/838
f 1069/1203/1188 1070/1205/1189 772/1204/838
f 1069/1203/1188 1067/1201/1186 1070/1205/1189
f 772/1204/838 1070/1205/1189 776/1206/842
f 1067/1201/1186 1065/1199/1184 1071/1207/1190
f 1068/1202/1187 1071/1207/1190 1065/1199/1184
f 1072/1208/1191 776/1206/842 1070/1205/1189
f 486/1209/845 776/1206/842 1072/1208/1191
f 1072/1208/1191 686/1210/1192 486/1209/845
f 1073/1211/1193 686/1210/1192 1072/1208/1191
f 1073/1211/1193 682/1212/1194 686/1210/1192
f 1072/1208/1191 1070/1205/1189 1074/1213/1195
f 1075/1214/1196 682/1212/1194 1073/1211/1193
f 1075/1214/1196 678/1215/1197 682/1212/1194
f 1073/1211/1193 1072/1208/1191 1076/1216/1198
f 1076/1216/1198 1075/1214/1196 1073/1211/1193
f 1076/1216/1198 1072/1208/1191 1074/1213/1195
f 1077/1217/1199 678/1215/1197 1075/1214/1196
f 1077/1217/1199 674/1218/1200 678/1215/1197
f 1078/1219/1201 1075/1214/1196 1076/1216/1198
f 1078/1219/1201 1077/1217/1199 1075/1214/1196
f 1074/1213/1195 1079/1220/1202 1076/1216/1198
f 1079/1220/1202 1078/1219/1201 1076/1216/1198
f 1080/1221/1203 674/1218/1200 1077/1217/1199
f 1080/1221/1203 669/1222/1204 674/1218/1200
f 1081/1223/1205 1077/1217/1199 1078/1219/1201
f 1081/1223/1205 1080/1221/1203 1077/1217/1199
f 1082/1224/1206 669/1222/1204 1080/1221/1203
f 1082/1224/1206 662/1225/1207 669/1222/1204
f 1083/1226/1208 1080/1221/1203 1081/1223/1205
f 1083/1226/1208 1082/1224/1206 1080/1221/1203
f 1084/1227/1209 1081/1223/1205 1078/1219/1201
f 1084/1227/1209 1078/1219/1201 1079/1220/1202
f 1085/1228/1210 1083/1226/1208 1081/1223/1205
f 1085/1228/1210 1081/1223/1205 1084/1227/1209
f 1086/1229/1211 1082/1224/1206 1083/1226/1208
f 1087/1230/1212 662/1225/1207 1082/1224/1206
f 1086/1229/1211 1087/1230/1212 1082/1224/1206
f 1087/1230/1212 658/1231/1213 662/1225/1207
f 1088/1232/1214 1086/1229/1211 1083/1226/1208
f 1088/1232/1214 1083/1226/1208 1085/1228/1210
f 1089/1233/1215 658/1231/1213 1087/1230/1212
f 1089/1233/1215 654/1234/1216 658/1231/1213
f 1090/1235/1217 1087/1230/1212 1086/1229/1211
f 1090/1235/1217 1089/1233/1215 1087/1230/1212
f 1091/1236/1218 654/1234/1216 1089/1233/1215
f 1091/1236/1218 651/1237/1219 654/1234/1216
f 1092/1238/1220 1089/1233/1215 1090/1235/1217
f 1092/1238/1220 1091/1236/1218 1089/1233/1215
f 1093/1239/1221 1090/1235/1217 1086/1229/1211
f 1093/1239/1221 1086/1229/1211 1088/1232/1214
f 1094/1240/1222 1092/1238/1220 1090/1235/1217
f 1094/1240/1222 1090/1235/1217 1093/1239/1221
f 1095/1241/1223 1091/1236/1218 1092/1238/1220
f 1096/1242/1224 651/1237/1219 1091/1236/1218
f 1095/1241/1223 1096/1242/1224 1091/1236/1218
f 651/1237/1219 1096/1242/1224 649/1243/1225
f 1097/1244/1226 1095/1241/1223 1092/1238/1220
f 1097/1244/1226 1092/1238/1220 1094/1240/1222
f 649/1243/1225 1096/1242/1224 1098/1245/1227
f 648/1246/1228 649/1243/1225 1098/1245/1227
f 1098/1245/1227 1096/1242/1224 1099/1247/1229
f 1099/1247/1229 648/1246/1228 1098/1245/1227
f 1100/1248/1230 1096/1242/1224 1095/1241/1223
f 1099/1247/1229 1096/1242/1224 1100/1248/1230
f 1101/1249/1231 648/1246/1228 1099/1247/1229
f 645/1250/1232 648/1246/1228 1101/1249/1231
f 1100/1248/1230 1102/1251/1233 1099/1247/1229
f 1102/1251/1233 1101/1249/1231 1099/1247/1229
f 1103/1252/1234 1100/1248/1230 1095/1241/1223
f 1103/1252/1234 1095/1241/1223 1097/1244/1226
f 645/1250/1232 1101/1249/1231 1104/1253/1235
f 632/1254/1236 645/1250/1232 1104/1253/1235
f 1101/1249/1231 1105/1255/1237 1104/1253/1235
f 1105/1255/1237 1101/1249/1231 1102/1251/1233
f 1104/1253/1235 1106/1256/1238 632/1254/1236
f 1104/1253/1235 1105/1255/1237 1106/1256/1238
f 632/1254/1236 1106/1256/1238 1107/1257/1239
f 629/1258/1240 632/1254/1236 1107/1257/1239
f 1105/1255/1237 1108/1259/1241 1106/1256/1238
f 1107/1257/1239 1109/1260/1242 629/1258/1240
f 1106/1256/1238 1109/1260/1242 1107/1257/1239
f 1108/1259/1241 1109/1260/1242 1106/1256/1238
f 629/1258/1240 1109/1260/1242 582/1261/1243
f 1109/1260/1242 579/1262/1244 582/1261/1243
f 1110/1263/1245 579/1262/1244 1109/1260/1242
f 579/1262/1244 1110/1263/1245 530/1264/1246
f 1110/1263/1245 1109/1260/1242 1111/1265/1247
f 1111/1265/1247 530/1264/1246 1110/1263/1245
f 1111/1265/1247 1109/1260/1242 1108/1259/1241
f 1112/1266/1248 530/1264/1246 1111/1265/1247
f 530/1264/1246 1112/1266/1248 526/1267/1249
f 1111/1265/1247 1108/1259/1241 1113/1268/1250
f 1113/1268/1250 1112/1266/1248 1111/1265/1247
f 526/1267/1249 1112/1266/1248 1114/1269/1251
f 1114/1269/1251 1112/1266/1248 1113/1268/1250
f 526/1267/1249 1114/1269/1251 525/1270/1252
f 1113/1268/1250 1108/1259/1241 1115/1271/1253
f 1115/1271/1253 1108/1259/1241 1105/1255/1237
f 1105/1255/1237 1102/1251/1233 1115/1271/1253
f 1116/1272/1254 1114/1269/1251 1113/1268/1250
f 1115/1271/1253 1116/1272/1254 1113/1268/1250
f 1114/1269/1251 1117/1273/1255 525/1270/1252
f 1117/1273/1255 1114/1269/1251 1116/1272/1254
f 525/1270/1252 1117/1273/1255 1118/1274/1256
f 525/1270/1252 1118/1274/1256 523/1275/1257
f 1118/1274/1256 1119/1276/1258 523/1275/1257
f 1117/1273/1255 1119/1276/1258 1118/1274/1256
f 523/1275/1257 1119/1276/1258 528/1277/1259
f 1116/1272/1254 1120/1278/1260 1117/1273/1255
f 1120/1278/1260 1119/1276/1258 1117/1273/1255
f 1119/1276/1258 1121/1279/1261 528/1277/1259
f 528/1277/1259 1121/1279/1261 533/1280/1262
f 1120/1278/1260 1122/1281/1263 1119/1276/1258
f 1119/1276/1258 1122/1281/1263 1121/1279/1261
f 1121/1279/1261 1123/1282/1264 533/1280/1262
f 533/1280/1262 1123/1282/1264 536/1283/1265
f 1122/1281/1263 1124/1284/1266 1121/1279/1261
f 1121/1279/1261 1124/1284/1266 1123/1282/1264
f 1123/1282/1264 1125/1285/1267 536/1283/1265
f 536/1283/1265 1125/1285/1267 539/1286/1268
f 1124/1284/1266 1126/1287/1269 1123/1282/1264
f 1123/1282/1264 1126/1287/1269 1125/1285/1267
f 1125/1285/1267 1127/1288/1270 539/1286/1268
f 539/1286/1268 1127/1288/1270 545/1289/1271
f 1126/1287/1269 1128/1290/1272 1125/1285/1267
f 1125/1285/1267 1128/1290/1272 1127/1288/1270
f 1127/1288/1270 1129/1291/1273 545/1289/1271
f 545/1289/1271 1129/1291/1273 548/1292/1274
f 1128/1290/1272 1130/1293/1275 1127/1288/1270
f 1127/1288/1270 1130/1293/1275 1129/1291/1273
f 1129/1291/1273 1131/1294/1276 548/1292/1274
f 548/1292/1274 1131/1294/1276 551/1295/1277
f 1130/1293/1275 1132/1296/1278 1129/1291/1273
f 1129/1291/1273 1132/1296/1278 1131/1294/1276
f 1131/1294/1276 1133/1297/1279 551/1295/1277
f 551/1295/1277 1133/1297/1279 554/1298/1280
f 1132/1296/1278 1134/1299/1281 1131/1294/1276
f 1131/1294/1276 1134/1299/1281 1133/1297/1279
f 1133/1297/1279 1135/1300/1282 554/1298/1280
f 554/1298/1280 1135/1300/1282 557/1301/1283
f 1134/1299/1281 1136/1302/1284 1133/1297/1279
f 1133/1297/1279 1136/1302/1284 1135/1300/1282
f 1135/1300/1282 1137/1303/1285 557/1301/1283
f 1136/1302/1284 1137/1303/1285 1135/1300/1282
f 557/1301/1283 1137/1303/1285 520/1304/954
f 1137/1303/1285 858/1305/955 520/1304/954
f 1138/1306/1286 858/1305/955 1137/1303/1285
f 1138/1306/1286 861/1307/958 858/1305/955
f 1139/1308/1287 1137/1303/1285 1136/1302/1284
f 1139/1308/1287 1138/1306/1286 1137/1303/1285
f 1136/1302/1284 1134/1299/1281 1140/1309/1288
f 1140/1309/1288 1139/1308/1287 1136/1302/1284
f 1141/1310/1289 861/1307/958 1138/1306/1286
f 1141/1310/1289 864/1311/961 861/1307/958
f 1142/1312/1290 1138/1306/1286 1139/1308/1287
f 1143/1313/1291 864/1311/961 1141/1310/1289
f 1143/1313/1291 867/1314/964 864/1311/961
f 1138/1306/1286 1144/1315/1292 1141/1310/1289
f 1144/1315/1292 1143/1313/1291 1141/1310/1289
f 1142/1312/1290 1144/1315/1292 1138/1306/1286
f 1145/1316/1293 867/1314/964 1143/1313/1291
f 1145/1316/1293 870/1317/967 867/1314/964
f 1146/1318/1294 1143/1313/1291 1144/1315/1292
f 1146/1318/1294 1145/1316/1293 1143/1313/1291
f 1147/1319/1295 870/1317/967 1145/1316/1293
f 870/1317/967 1147/1319/1295 873/1320/970
f 1148/1321/1296 1145/1316/1293 1146/1318/1294
f 1148/1321/1296 1147/1319/1295 1145/1316/1293
f 873/1320/970 1147/1319/1295 1149/1322/1297
f 1149/1322/1297 876/1323/973 873/1320/970
f 1150/1324/1298 1147/1319/1295 1148/1321/1296
f 1147/1319/1295 1150/1324/1298 1149/1322/1297
f 1151/1325/1299 876/1323/973 1149/1322/1297
f 1151/1325/1299 878/1326/975 876/1323/973
f 1149/1322/1297 1150/1324/1298 1048/1182/1167
f 1048/1182/1167 1151/1325/1299 1149/1322/1297
f 1049/1183/1168 1048/1182/1167 1150/1324/1298
f 1049/1183/1168 1150/1324/1298 1054/1188/1173
f 1054/1188/1173 1150/1324/1298 1148/1321/1296
f 1051/1185/1170 1151/1325/1299 1048/1182/1167
f 1054/1188/1173 1148/1321/1296 1152/1327/1300
f 1152/1327/1300 1148/1321/1296 1146/1318/1294
f 1056/1190/1175 1054/1188/1173 1152/1327/1300
f 1153/1328/1301 878/1326/975 1151/1325/1299
f 1051/1185/1170 1153/1328/1301 1151/1325/1299
f 1153/1328/1301 880/1329/977 878/1326/975
f 1154/1330/1302 1153/1328/1301 1051/1185/1170
f 1051/1185/1170 1052/1186/1171 1154/1330/1302
f 1155/1331/1303 880/1329/977 1153/1328/1301
f 1154/1330/1302 1155/1331/1303 1153/1328/1301
f 1155/1331/1303 1156/1332/1304 880/1329/977
f 880/1329/977 1156/1332/1304 884/1333/981
f 1157/1334/1305 1155/1331/1303 1154/1330/1302
f 1157/1334/1305 1156/1332/1304 1155/1331/1303
f 1154/1330/1302 1052/1186/1171 1158/1335/1306
f 1154/1330/1302 1158/1335/1306 1157/1334/1305
f 52/1336/1307 1158/1335/1306 1052/1186/1171
f 49/1337/1308 1158/1335/1306 52/1336/1307
f 1052/1186/1171 1047/1180/1165 52/1336/1307
f 52/1336/1307 1047/1180/1165 53/1181/1309
f 1158/1335/1306 49/1337/1308 1159/1338/1310
f 1157/1334/1305 1158/1335/1306 1159/1338/1310
f 1159/1338/1310 1156/1332/1304 1157/1334/1305
f 1159/1338/1310 49/1337/1308 46/1339/1311
f 1160/1340/1312 1156/1332/1304 1159/1338/1310
f 46/1339/1311 1160/1340/1312 1159/1338/1310
f 1156/1332/1304 1160/1340/1312 884/1333/981
f 44/1341/1313 1160/1340/1312 46/1339/1311
f 884/1333/981 1160/1340/1312 889/1342/989
f 1160/1340/1312 44/1341/1313 889/1342/989
f 889/1342/989 44/1341/1313 43/1343/990
f 1161/1344/1314 1056/1190/1175 1152/1327/1300
f 1058/1192/1177 1056/1190/1175 1161/1344/1314
f 1161/1344/1314 1152/1327/1300 1162/1345/1315
f 1162/1345/1315 1152/1327/1300 1146/1318/1294
f 1058/1192/1177 1161/1344/1314 1163/1346/1316
f 1060/1194/1179 1058/1192/1177 1163/1346/1316
f 1162/1345/1315 1146/1318/1294 1164/1347/1317
f 1164/1347/1317 1146/1318/1294 1144/1315/1292
f 1162/1345/1315 1165/1348/1318 1161/1344/1314
f 1164/1347/1317 1144/1315/1292 1166/1349/1319
f 1161/1344/1314 1165/1348/1318 1167/1350/1320
f 1163/1346/1316 1161/1344/1314 1167/1350/1320
f 1144/1315/1292 1168/1351/1321 1166/1349/1319
f 1144/1315/1292 1142/1312/1290 1168/1351/1321
f 1169/1352/1322 1164/1347/1317 1166/1349/1319
f 1166/1349/1319 1168/1351/1321 1169/1352/1322
f 1164/1347/1317 1170/1353/1323 1162/1345/1315
f 1170/1353/1323 1164/1347/1317 1169/1352/1322
f 1162/1345/1315 1170/1353/1323 1165/1348/1318
f 1169/1352/1322 1168/1351/1321 1171/1354/1324
f 1170/1353/1323 1172/1355/1325 1165/1348/1318
f 1168/1351/1321 1173/1356/1326 1171/1354/1324
f 1173/1356/1326 1168/1351/1321 1142/1312/1290
f 1172/1355/1325 1174/1357/1327 1165/1348/1318
f 1165/1348/1318 1174/1357/1327 1167/1350/1320
f 1175/1358/1328 1172/1355/1325 1170/1353/1323
f 1169/1352/1322 1175/1358/1328 1170/1353/1323
f 1172/1355/1325 1176/1359/1329 1174/1357/1327
f 1172/1355/1325 1177/1360/1330 1176/1359/1329
f 1175/1358/1328 1177/1360/1330 1172/1355/1325
f 1174/1357/1327 1176/1359/1329 1178/1361/1331
f 1177/1360/1330 1175/1358/1328 1179/1362/1332
f 1174/1357/1327 1178/1361/1331 1180/1363/1333
f 1174/1357/1327 1180/1363/1333 1167/1350/1320
f 1180/1363/1333 1178/1361/1331 1181/1364/1334
f 1167/1350/1320 1180/1363/1333 1163/1346/1316
f 1180/1363/1333 1181/1364/1334 1182/1365/1335
f 1180/1363/1333 1182/1365/1335 1163/1346/1316
f 1182/1365/1335 1181/1364/1334 1183/1366/1336
f 1163/1346/1316 1182/1365/1335 1060/1194/1179
f 1184/1367/1337 1182/1365/1335 1183/1366/1336
f 1182/1365/1335 1062/1196/1181 1060/1194/1179
f 1185/1368/1338 1182/1365/1335 1184/1367/1337
f 1185/1368/1338 1062/1196/1181 1182/1365/1335
f 1186/1369/1339 1185/1368/1338 1184/1367/1337
f 1185/1368/1338 1066/1200/1185 1062/1196/1181
f 1187/1370/1340 1185/1368/1338 1186/1369/1339
f 1187/1370/1340 1066/1200/1185 1185/1368/1338
f 1188/1371/1341 1187/1370/1340 1186/1369/1339
f 1187/1370/1340 1189/1372/1342 1066/1200/1185
f 1189/1372/1342 1187/1370/1340 1188/1371/1341
f 1066/1200/1185 1189/1372/1342 1190/1373/1343
f 1064/1198/1183 1066/1200/1185 1190/1373/1343
f 1188/1371/1341 1191/1374/1344 1189/1372/1342
f 1189/1372/1342 1191/1374/1344 1190/1373/1343
f 1192/1375/1345 1191/1374/1344 1188/1371/1341
f 1190/1373/1343 1068/1202/1187 1064/1198/1183
f 1191/1374/1344 1192/1375/1345 1193/1376/1346
f 1193/1376/1346 1192/1375/1345 1194/1377/1347
f 1195/1378/1348 1193/1376/1346 1194/1377/1347
f 1190/1373/1343 1191/1374/1344 1196/1379/1349
f 1191/1374/1344 1193/1376/1346 1196/1379/1349
f 1196/1379/1349 1068/1202/1187 1190/1373/1343
f 1197/1380/1350 1193/1376/1346 1195/1378/1348
f 1198/1381/1351 1197/1380/1350 1195/1378/1348
f 1196/1379/1349 1193/1376/1346 1199/1382/1352
f 1193/1376/1346 1197/1380/1350 1199/1382/1352
f 1068/1202/1187 1196/1379/1349 1200/1383/1353
f 1200/1383/1353 1196/1379/1349 1199/1382/1352
f 1200/1383/1353 1071/1207/1190 1068/1202/1187
f 1199/1382/1352 1197/1380/1350 1201/1384/1354
f 1199/1382/1352 1201/1384/1354 1200/1383/1353
f 1202/1385/1355 1197/1380/1350 1198/1381/1351
f 1197/1380/1350 1202/1385/1355 1201/1384/1354
f 1202/1385/1355 1198/1381/1351 1203/1386/1356
f 1203/1386/1356 1198/1381/1351 1204/1387/1357
f 1201/1384/1354 1202/1385/1355 1205/1388/1358
f 1202/1385/1355 1203/1386/1356 1205/1388/1358
f 1200/1383/1353 1201/1384/1354 1206/1389/1359
f 1201/1384/1354 1205/1388/1358 1206/1389/1359
f 1206/1389/1359 1071/1207/1190 1200/1383/1353
f 1205/1388/1358 1203/1386/1356 1207/1390/1360
f 1208/1391/1361 1071/1207/1190 1206/1389/1359
f 1071/1207/1190 1208/1391/1361 1067/1201/1186
f 1206/1389/1359 1205/1388/1358 1209/1392/1362
f 1209/1392/1362 1208/1391/1361 1206/1389/1359
f 1207/1390/1360 1209/1392/1362 1205/1388/1358
f 1067/1201/1186 1208/1391/1361 1210/1393/1363
f 1070/1205/1189 1067/1201/1186 1210/1393/1363
f 1074/1213/1195 1070/1205/1189 1210/1393/1363
f 1211/1394/1364 1208/1391/1361 1209/1392/1362
f 1210/1393/1363 1208/1391/1361 1211/1394/1364
f 1209/1392/1362 1212/1395/1365 1211/1394/1364
f 1212/1395/1365 1209/1392/1362 1207/1390/1360
f 1211/1394/1364 1213/1396/1366 1210/1393/1363
f 1211/1394/1364 1212/1395/1365 1213/1396/1366
f 1210/1393/1363 1214/1397/1367 1074/1213/1195
f 1213/1396/1366 1214/1397/1367 1210/1393/1363
f 1214/1397/1367 1079/1220/1202 1074/1213/1195
f 1215/1398/1368 1212/1395/1365 1207/1390/1360
f 1079/1220/1202 1214/1397/1367 1216/1399/1369
f 1216/1399/1369 1084/1227/1209 1079/1220/1202
f 1214/1397/1367 1213/1396/1366 1217/1400/1370
f 1216/1399/1369 1214/1397/1367 1217/1400/1370
f 1212/1395/1365 1218/1401/1371 1213/1396/1366
f 1218/1401/1371 1212/1395/1365 1215/1398/1368
f 1217/1400/1370 1213/1396/1366 1219/1402/1372
f 1218/1401/1371 1219/1402/1372 1213/1396/1366
f 1207/1390/1360 1220/1403/1373 1215/1398/1368
f 1203/1386/1356 1220/1403/1373 1207/1390/1360
f 1203/1386/1356 1204/1387/1357 1220/1403/1373
f 1220/1403/1373 1204/1387/1357 1221/1404/1374
f 1222/1405/1375 1220/1403/1373 1221/1404/1374
f 1220/1403/1373 1223/1406/1376 1215/1398/1368
f 1223/1406/1376 1220/1403/1373 1222/1405/1375
f 1224/1407/1377 1218/1401/1371 1215/1398/1368
f 1215/1398/1368 1223/1406/1376 1224/1407/1377
f 1225/1408/1378 1218/1401/1371 1224/1407/1377
f 1219/1402/1372 1218/1401/1371 1225/1408/1378
f 1224/1407/1377 1226/1409/1379 1225/1408/1378
f 1226/1409/1379 1219/1402/1372 1225/1408/1378
f 1223/1406/1376 1227/1410/1380 1224/1407/1377
f 1227/1410/1380 1226/1409/1379 1224/1407/1377
f 1223/1406/1376 1222/1405/1375 1228/1411/1381
f 1228/1411/1381 1227/1410/1380 1223/1406/1376
f 1228/1411/1381 1222/1405/1375 1229/1412/1382
f 1230/1413/1383 1228/1411/1381 1229/1412/1382
f 1227/1410/1380 1231/1414/1384 1226/1409/1379
f 1232/1415/1385 1228/1411/1381 1230/1413/1383
f 1233/1416/1386 1232/1415/1385 1230/1413/1383
f 1228/1411/1381 1234/1417/1387 1227/1410/1380
f 1232/1415/1385 1234/1417/1387 1228/1411/1381
f 1234/1417/1387 1231/1414/1384 1227/1410/1380
f 1235/1418/1388 1232/1415/1385 1233/1416/1386
f 1236/1419/1389 1235/1418/1388 1233/1416/1386
f 1232/1415/1385 1237/1420/1390 1234/1417/1387
f 1235/1418/1388 1237/1420/1390 1232/1415/1385
f 1234/1417/1387 1173/1356/1326 1231/1414/1384
f 1237/1420/1390 1173/1356/1326 1234/1417/1387
f 1235/1418/1388 1171/1354/1324 1237/1420/1390
f 1171/1354/1324 1173/1356/1326 1237/1420/1390
f 1238/1421/1391 1235/1418/1388 1236/1419/1389
f 1238/1421/1391 1171/1354/1324 1235/1418/1388
f 1179/1362/1332 1238/1421/1391 1236/1419/1389
f 1171/1354/1324 1238/1421/1391 1169/1352/1322
f 1239/1422/1392 1238/1421/1391 1179/1362/1332
f 1169/1352/1322 1238/1421/1391 1239/1422/1392
f 1179/1362/1332 1175/1358/1328 1239/1422/1392
f 1239/1422/1392 1175/1358/1328 1169/1352/1322
f 1231/1414/1384 1173/1356/1326 1240/1423/1393
f 1226/1409/1379 1231/1414/1384 1240/1423/1393
f 1240/1423/1393 1219/1402/1372 1226/1409/1379
f 1240/1423/1393 1173/1356/1326 1142/1312/1290
f 1219/1402/1372 1240/1423/1393 1217/1400/1370
f 1240/1423/1393 1142/1312/1290 1241/1424/1394
f 1217/1400/1370 1240/1423/1393 1241/1424/1394
f 1241/1424/1394 1142/1312/1290 1139/1308/1287
f 1217/1400/1370 1241/1424/1394 1216/1399/1369
f 1241/1424/1394 1139/1308/1287 1140/1309/1288
f 1216/1399/1369 1241/1424/1394 1140/1309/1288
f 1242/1425/1395 1216/1399/1369 1140/1309/1288
f 1140/1309/1288 1134/1299/1281 1242/1425/1395
f 1134/1299/1281 1132/1296/1278 1242/1425/1395
f 1243/1426/1396 1216/1399/1369 1242/1425/1395
f 1243/1426/1396 1084/1227/1209 1216/1399/1369
f 1243/1426/1396 1085/1228/1210 1084/1227/1209
f 1242/1425/1395 1132/1296/1278 1244/1427/1397
f 1244/1427/1397 1243/1426/1396 1242/1425/1395
f 1132/1296/1278 1130/1293/1275 1244/1427/1397
f 1245/1428/1398 1085/1228/1210 1243/1426/1396
f 1245/1428/1398 1243/1426/1396 1244/1427/1397
f 1245/1428/1398 1088/1232/1214 1085/1228/1210
f 1244/1427/1397 1130/1293/1275 1246/1429/1399
f 1246/1429/1399 1245/1428/1398 1244/1427/1397
f 1130/1293/1275 1128/1290/1272 1246/1429/1399
f 1247/1430/1400 1088/1232/1214 1245/1428/1398
f 1247/1430/1400 1245/1428/1398 1246/1429/1399
f 1247/1430/1400 1093/1239/1221 1088/1232/1214
f 1246/1429/1399 1128/1290/1272 1248/1431/1401
f 1248/1431/1401 1247/1430/1400 1246/1429/1399
f 1128/1290/1272 1126/1287/1269 1248/1431/1401
f 1249/1432/1402 1093/1239/1221 1247/1430/1400
f 1249/1432/1402 1247/1430/1400 1248/1431/1401
f 1249/1432/1402 1094/1240/1222 1093/1239/1221
f 1248/1431/1401 1126/1287/1269 1250/1433/1403
f 1250/1433/1403 1249/1432/1402 1248/1431/1401
f 1126/1287/1269 1124/1284/1266 1250/1433/1403
f 1251/1434/1404 1094/1240/1222 1249/1432/1402
f 1251/1434/1404 1249/1432/1402 1250/1433/1403
f 1252/1435/1405 1094/1240/1222 1251/1434/1404
f 1251/1434/1404 1250/1433/1403 1252/1435/1405
f 1097/1244/1226 1094/1240/1222 1252/1435/1405
f 1250/1433/1403 1124/1284/1266 1253/1436/1406
f 1252/1435/1405 1250/1433/1403 1253/1436/1406
f 1124/1284/1266 1122/1281/1263 1253/1436/1406
f 1254/1437/1407 1097/1244/1226 1252/1435/1405
f 1252/1435/1405 1253/1436/1406 1254/1437/1407
f 1103/1252/1234 1097/1244/1226 1254/1437/1407
f 1253/1436/1406 1122/1281/1263 1255/1438/1408
f 1254/1437/1407 1253/1436/1406 1255/1438/1408
f 1122/1281/1263 1120/1278/1260 1255/1438/1408
f 1256/1439/1409 1103/1252/1234 1254/1437/1407
f 1254/1437/1407 1255/1438/1408 1256/1439/1409
f 1255/1438/1408 1120/1278/1260 1257/1440/1410
f 1256/1439/1409 1255/1438/1408 1257/1440/1410
f 1257/1440/1410 1120/1278/1260 1116/1272/1254
f 1258/1441/1411 1103/1252/1234 1256/1439/1409
f 1258/1441/1411 1100/1248/1230 1103/1252/1234
f 1258/1441/1411 1102/1251/1233 1100/1248/1230
f 1256/1439/1409 1257/1440/1410 1259/1442/1412
f 1259/1442/1412 1258/1441/1411 1256/1439/1409
f 1259/1442/1412 1257/1440/1410 1116/1272/1254
f 1102/1251/1233 1258/1441/1411 1259/1442/1412
f 1259/1442/1412 1116/1272/1254 1115/1271/1253
f 1115/1271/1253 1102/1251/1233 1259/1442/1412
f 1260/1443/1413 946/1053/1047 960/1067/1061
f 946/1053/1047 1260/1443/1413 865/968/962
f 865/968/962 1260/1443/1413 862/965/959
f 790/867/861 1260/1443/1413 960/1067/1061
f 1260/1443/1413 859/962/956 862/965/959
f 859/962/956 1260/1443/1413 790/867/861
f 790/867/861 1261/1444/1414 859/962/956
f 1261/1444/1414 854/955/949 859/962/956
f 1261/1444/1414 852/952/946 854/955/949
f 1262/1445/1415 1261/1444/1414 790/867/861
f 1262/1445/1415 790/867/861 789/866/860
f 793/871/865 1262/1445/1415 789/866/860
f 1263/1446/1416 852/952/946 1261/1444/1414
f 1262/1445/1415 1263/1446/1416 1261/1444/1414
f 1263/1446/1416 849/948/942 852/952/946
f 1264/1447/1417 1262/1445/1415 793/871/865
f 1264/1447/1417 1263/1446/1416 1262/1445/1415
f 798/878/872 1264/1447/1417 793/871/865
f 1265/1448/1418 849/948/942 1263/1446/1416
f 1264/1447/1417 1265/1448/1418 1263/1446/1416
f 1265/1448/1418 847/945/939 849/948/942
f 850/949/943 847/945/939 1265/1448/1418
f 1266/1449/1419 1264/1447/1417 798/878/872
f 1266/1449/1419 1265/1448/1418 1264/1447/1417
f 1266/1449/1419 850/949/943 1265/1448/1418
f 801/882/876 1266/1449/1419 798/878/872
f 1267/1450/1420 850/949/943 1266/1449/1419
f 1267/1450/1420 1266/1449/1419 801/882/876
f 1267/1450/1420 840/934/928 850/949/943
f 804/886/880 1267/1450/1420 801/882/876
f 1268/1451/1421 840/934/928 1267/1450/1420
f 1268/1451/1421 1267/1450/1420 804/886/880
f 837/931/925 840/934/928 1268/1451/1421
f 1268/1451/1421 804/886/880 837/931/925
