<?xml version="1.0" encoding="utf-8"?>
<COLLADA xmlns:xsd="http://www.w3.org/2001/XMLSchema" xmlns:xsi="http://www.w3.org/2001/XMLSchema-instance" version="1.4.1" xmlns="http://www.collada.org/2005/11/COLLADASchema">
    <asset>
        <created>0001-01-01T00:00:00</created>
        <modified>0001-01-01T00:00:00</modified>
        <unit name="Meter" />
        <contributor>
            <authoring_tool>IONET Exporter</authoring_tool>
        </contributor>
    </asset>
    <library_images>
        <image id="pm0602_00_00_eye_alb-image" name="pm0602_00_00_eye_alb">
            <init_from>pm0602_00_00_eye_alb.png</init_from>
        </image>
        <image id="pm0602_00_00_eye_alb-image_0" name="pm0602_00_00_eye_alb">
            <init_from>pm0602_00_00_eye_alb.png</init_from>
        </image>
        <image id="pm0602_00_00_body_alb-image" name="pm0602_00_00_body_alb">
            <init_from>pm0602_00_00_body_alb.png</init_from>
        </image>
        <image id="pm0602_00_00_body_alb-image_0" name="pm0602_00_00_body_alb">
            <init_from>pm0602_00_00_body_alb.png</init_from>
        </image>
    </library_images>
    <library_materials>
        <material id="r_eye" name="r_eye">
            <instance_effect url="#r_eye-effect" />
        </material>
        <material id="l_eye" name="l_eye">
            <instance_effect url="#l_eye-effect" />
        </material>
        <material id="body_01" name="body_01">
            <instance_effect url="#body_01-effect" />
        </material>
        <material id="body_00" name="body_00">
            <instance_effect url="#body_00-effect" />
        </material>
    </library_materials>
    <library_effects>
        <effect id="r_eye-effect" name="r_eye">
            <profile_COMMON>
                <newparam sid="pm0602_00_00_eye_alb-image_surface">
                    <surface type="2D">
                        <init_from>pm0602_00_00_eye_alb-image</init_from>
                    </surface>
                </newparam>
                <newparam sid="pm0602_00_00_eye_alb-image_sampler">
                    <sampler2D>
                        <source>pm0602_00_00_eye_alb-image_surface</source>
                    </sampler2D>
                </newparam>
                <technique sid="standard">
                    <phong>
                        <emission>
                            <color sid="emission">0 0 0 1</color>
                        </emission>
                        <ambient>
                            <color sid="ambient">0 0 0 1</color>
                        </ambient>
                        <diffuse>
                            <texture texture="pm0602_00_00_eye_alb-image_sampler" texcoord="CHANNEL0" />
                        </diffuse>
                        <specular>
                            <color sid="specular">0 0 0 1</color>
                        </specular>
                        <reflective>
                            <color sid="reflective">1 1 1 1</color>
                        </reflective>
                        <shininess>
                            <float sid="shininess">50</float>
                        </shininess>
                        <reflectivity>
                            <float sid="reflectivity">1</float>
                        </reflectivity>
                        <transparency>
                            <float sid="transparency">1</float>
                        </transparency>
                    </phong>
                </technique>
            </profile_COMMON>
        </effect>
        <effect id="l_eye-effect" name="l_eye">
            <profile_COMMON>
                <newparam sid="pm0602_00_00_eye_alb-image_0_surface">
                    <surface type="2D">
                        <init_from>pm0602_00_00_eye_alb-image_0</init_from>
                    </surface>
                </newparam>
                <newparam sid="pm0602_00_00_eye_alb-image_0_sampler">
                    <sampler2D>
                        <source>pm0602_00_00_eye_alb-image_0_surface</source>
                    </sampler2D>
                </newparam>
                <technique sid="standard">
                    <phong>
                        <emission>
                            <color sid="emission">0 0 0 1</color>
                        </emission>
                        <ambient>
                            <color sid="ambient">0 0 0 1</color>
                        </ambient>
                        <diffuse>
                            <texture texture="pm0602_00_00_eye_alb-image_0_sampler" texcoord="CHANNEL0" />
                        </diffuse>
                        <specular>
                            <color sid="specular">0 0 0 1</color>
                        </specular>
                        <reflective>
                            <color sid="reflective">1 1 1 1</color>
                        </reflective>
                        <shininess>
                            <float sid="shininess">50</float>
                        </shininess>
                        <reflectivity>
                            <float sid="reflectivity">1</float>
                        </reflectivity>
                        <transparency>
                            <float sid="transparency">1</float>
                        </transparency>
                    </phong>
                </technique>
            </profile_COMMON>
        </effect>
        <effect id="body_01-effect" name="body_01">
            <profile_COMMON>
                <newparam sid="pm0602_00_00_body_alb-image_surface">
                    <surface type="2D">
                        <init_from>pm0602_00_00_body_alb-image</init_from>
                    </surface>
                </newparam>
                <newparam sid="pm0602_00_00_body_alb-image_sampler">
                    <sampler2D>
                        <source>pm0602_00_00_body_alb-image_surface</source>
                    </sampler2D>
                </newparam>
                <technique sid="standard">
                    <phong>
                        <emission>
                            <color sid="emission">0 0 0 1</color>
                        </emission>
                        <ambient>
                            <color sid="ambient">0 0 0 1</color>
                        </ambient>
                        <diffuse>
                            <texture texture="pm0602_00_00_body_alb-image_sampler" texcoord="CHANNEL0" />
                        </diffuse>
                        <specular>
                            <color sid="specular">0 0 0 1</color>
                        </specular>
                        <reflective>
                            <color sid="reflective">1 1 1 1</color>
                        </reflective>
                        <shininess>
                            <float sid="shininess">50</float>
                        </shininess>
                        <reflectivity>
                            <float sid="reflectivity">1</float>
                        </reflectivity>
                        <transparency>
                            <float sid="transparency">1</float>
                        </transparency>
                    </phong>
                </technique>
            </profile_COMMON>
        </effect>
        <effect id="body_00-effect" name="body_00">
            <profile_COMMON>
                <newparam sid="pm0602_00_00_body_alb-image_0_surface">
                    <surface type="2D">
                        <init_from>pm0602_00_00_body_alb-image_0</init_from>
                    </surface>
                </newparam>
                <newparam sid="pm0602_00_00_body_alb-image_0_sampler">
                    <sampler2D>
                        <source>pm0602_00_00_body_alb-image_0_surface</source>
                    </sampler2D>
                </newparam>
                <technique sid="standard">
                    <phong>
                        <emission>
                            <color sid="emission">0 0 0 1</color>
                        </emission>
                        <ambient>
                            <color sid="ambient">0 0 0 1</color>
                        </ambient>
                        <diffuse>
                            <texture texture="pm0602_00_00_body_alb-image_0_sampler" texcoord="CHANNEL0" />
                        </diffuse>
                        <specular>
                            <color sid="specular">0 0 0 1</color>
                        </specular>
                        <reflective>
                            <color sid="reflective">1 1 1 1</color>
                        </reflective>
                        <shininess>
                            <float sid="shininess">50</float>
                        </shininess>
                        <reflectivity>
                            <float sid="reflectivity">1</float>
                        </reflectivity>
                        <transparency>
                            <float sid="transparency">1</float>
                        </transparency>
                    </phong>
                </technique>
            </profile_COMMON>
        </effect>
    </library_effects>
    <library_geometries>
        <geometry id="pm0602_00_00_body_mesh_shape_lod2_body_01-geometry" name="pm0602_00_00_body_mesh_shape_lod2_body_01">
            <mesh>
                <source id="pm0602_00_00_body_mesh_shape_lod2_body_01-geometry-POSITION">
                    <float_array id="pm0602_00_00_body_mesh_shape_lod2_body_01-geometry-POSITION-array" count="1155">-0.0001961544 0.04540067 0.1000088 0.004675484 0.04515176 0.09900142 0.002946734 0.04092752 0.09952559 -1.270017E-08 0.03688459 0.09790782 3.040166E-10 0.04518678 0.0998994 0.002946734 0.04092752 0.09952559 3.058066E-08 0.04843651 0.09984452 3.113713E-07 0.05770024 0.0945766 0.002368538 0.05162681 0.09964302 -0.0001961544 0.04540067 0.1000088 -3.146866E-06 0.04849018 0.09984615 0.006673448 0.04876898 0.09813949 0.006673448 0.04876898 0.09813949 -3.146866E-06 0.04849018 0.09984615 0.002368538 0.05162681 0.09964302 -0.0003058025 0.08160259 -0.003997335 7.805471E-05 0.08124777 0.004664247 0.0003058025 0.08160259 -0.003997335 0.0003058025 0.08160259 -0.003997335 -4.861568E-05 0.08072333 -0.01342331 -0.0003058025 0.08160259 -0.003997335 0.00270475 0.07062312 0.04265177 0.000288814 0.07572149 0.03308108 3.464718E-06 0.07375082 0.04253202 0.001577754 0.0635708 -0.03178262 7.298988E-07 0.06788263 -0.03298929 0.0001261468 0.07083695 -0.02712606 0.0001115386 0.06828807 -0.03865851 7.298988E-07 0.06788263 -0.03298929 0.001577754 0.0635708 -0.03178262 -9.407999E-05 0.06904214 -0.05428989 0.001823848 0.05495848 -0.05922588 0.0001526726 0.06605916 -0.05956969 0.002344056 0.04595213 -0.07632305 1.049019E-05 0.05706381 -0.08104856 -0.0002273093 0.0560025 -0.0751745 -0.0002273093 0.0560025 -0.0751745 0.0001951061 0.05722523 -0.06934664 0.002344056 0.04595213 -0.07632305 0.0001951061 0.05722523 -0.06934664 -0.0003137002 0.06091168 -0.06320931 0.001823848 0.05495848 -0.05922588 0.001823848 0.05495848 -0.05922588 -6.407721E-05 0.06968989 -0.04453298 0.0001115386 0.06828807 -0.03865851 -9.407999E-05 0.06904214 -0.05428989 -6.407721E-05 0.06968989 -0.04453298 0.001823848 0.05495848 -0.05922588 0.001612903 0.06743059 -0.01935852 0.0001261468 0.07083695 -0.02712606 -7.32917E-05 0.07679883 -0.02136398 0.001648672 0.07238393 0.00468598 -4.861568E-05 0.08072333 -0.01342331 0.0003058025 0.08160259 -0.003997335 7.805471E-05 0.08124777 0.004664247 -9.847533E-05 0.07994311 0.01317818 0.001648672 0.07238393 0.00468598 0.003646038 0.06817917 0.02285035 -0.0001902595 0.07769865 0.02339915 0.000288814 0.07572149 0.03308108 0.001823848 0.05495848 -0.05922588 -0.0003137002 0.06091168 -0.06320931 0.0001526726 0.06605916 -0.05956969 -9.847533E-05 0.07994311 0.01317818 -0.0001902595 0.07769865 0.02339915 0.001648672 0.07238393 0.00468598 0.0003058025 0.08160259 -0.003997335 7.805471E-05 0.08124777 0.004664247 0.001648672 0.07238393 0.00468598 0.001612903 0.06743059 -0.01935852 -7.32917E-05 0.07679883 -0.02136398 -4.861568E-05 0.08072333 -0.01342331 0.0001119215 0.03668999 -0.08827187 -0.0001738348 0.04062712 -0.0933836 0.001864457 0.0459285 -0.09162809 0.0003046278 0.01080385 -0.003997683 -7.333842E-05 0.01114235 0.004662739 -0.0003046278 0.01080385 -0.003997683 -5.74374E-05 0.01167535 -0.01342746 0.0003046278 0.01080385 -0.003997683 -0.0003046278 0.01080385 -0.003997683 -2.837967E-06 0.01814528 0.04252934 -0.0002973553 0.01637329 0.0330607 0.002713474 0.02125072 0.04264955 -9.485229E-05 0.01257803 0.01318869 0.003476022 0.02398041 0.02291519 -0.0002102344 0.01435357 0.02339023 -8.998623E-05 0.02636305 -0.06013899 0.002055735 0.04212051 -0.0522675 5.628726E-05 0.02369272 -0.05455953 1.007817E-05 0.03082495 -0.06338289 0.0001938168 0.03504206 -0.06859876 0.002055735 0.04212051 -0.0522675 -0.0001283475 0.02113401 -0.02711609 0.00157243 0.02203121 -0.01240765 6.279604E-05 0.01567717 -0.02137939 -5.74374E-05 0.01167535 -0.01342746 0.001578038 0.02028327 -0.003298994 0.0003046278 0.01080385 -0.003997683 0.001578038 0.02028327 -0.003298994 -9.485229E-05 0.01257803 0.01318869 -7.333842E-05 0.01114235 0.004662739 -0.0002973553 0.01637329 0.0330607 -0.0002102344 0.01435357 0.02339023 0.003476022 0.02398041 0.02291519 -8.998623E-05 0.02636305 -0.06013899 1.007817E-05 0.03082495 -0.06338289 0.002055735 0.04212051 -0.0522675 0.001578038 0.02028327 -0.003298994 -7.333842E-05 0.01114235 0.004662739 0.0003046278 0.01080385 -0.003997683 6.279604E-05 0.01567717 -0.02137939 0.00157243 0.02203121 -0.01240765 -5.74374E-05 0.01167535 -0.01342746 -0.00157243 0.02203121 -0.01240765 6.279604E-05 0.01567717 -0.02137939 -5.74374E-05 0.01167535 -0.01342746 -0.0003046278 0.01080385 -0.003997683 -7.333842E-05 0.01114235 0.004662739 -0.001578038 0.02028327 -0.003298994 -0.002055735 0.04212051 -0.0522675 1.007817E-05 0.03082495 -0.06338289 -8.998623E-05 0.02636305 -0.06013899 -0.003476022 0.02398041 0.02291519 -0.0002102344 0.01435357 0.02339023 -0.0002973553 0.01637329 0.0330607 -7.333842E-05 0.01114235 0.004662739 -9.485229E-05 0.01257803 0.01318869 -0.001578038 0.02028327 -0.003298994 -0.001578038 0.02028327 -0.003298994 -5.74374E-05 0.01167535 -0.01342746 -0.0003046278 0.01080385 -0.003997683 -0.00157243 0.02203121 -0.01240765 -0.0001283475 0.02113401 -0.02711609 6.279604E-05 0.01567717 -0.02137939 0.0001938168 0.03504206 -0.06859876 1.007817E-05 0.03082495 -0.06338289 -0.002055735 0.04212051 -0.0522675 -0.002946734 0.04092752 0.09952559 -0.004675484 0.04515176 0.09900142 0.0001961544 0.04540067 0.1000088 -8.998623E-05 0.02636305 -0.06013899 5.628726E-05 0.02369272 -0.05455953 -0.002055735 0.04212051 -0.0522675 -0.0002102344 0.01435357 0.02339023 -0.003476022 0.02398041 0.02291519 -9.485229E-05 0.01257803 0.01318869 -1.270017E-08 0.03688459 0.09790782 -0.002946734 0.04092752 0.09952559 3.040166E-10 0.04518678 0.0998994 3.058066E-08 0.04843651 0.09984452 -0.002368538 0.05162681 0.09964302 3.113713E-07 0.05770024 0.0945766 0.0001961544 0.04540067 0.1000088 -0.006673448 0.04876898 0.09813949 3.146866E-06 0.04849018 0.09984615 3.146866E-06 0.04849018 0.09984615 -0.006673448 0.04876898 0.09813949 -0.002368538 0.05162681 0.09964302 -0.002713474 0.02125072 0.04264955 -0.0002973553 0.01637329 0.0330607 -2.837967E-06 0.01814528 0.04252934 3.464718E-06 0.07375082 0.04253202 0.000288814 0.07572149 0.03308108 -0.00270475 0.07062312 0.04265177 -0.0008841418 0.0362681 -0.07508443 0.0001119215 0.03668999 -0.08827187 3.392768E-05 0.03495951 -0.08104233 -0.001577754 0.0635708 -0.03178262 0.0001261468 0.07083695 -0.02712606 7.298988E-07 0.06788263 -0.03298929 -0.001577754 0.0635708 -0.03178262 7.298988E-07 0.06788263 -0.03298929 0.0001115386 0.06828807 -0.03865851 0.0001526726 0.06605916 -0.05956969 -0.001823848 0.05495848 -0.05922588 -9.407999E-05 0.06904214 -0.05428989 -0.0002273093 0.0560025 -0.0751745 1.049019E-05 0.05706381 -0.08104856 -0.002344056 0.04595213 -0.07632305 -0.0002273093 0.0560025 -0.0751745 -0.002344056 0.04595213 -0.07632305 0.0001951061 0.05722523 -0.06934664 -0.0003137002 0.06091168 -0.06320931 0.0001951061 0.05722523 -0.06934664 -0.001823848 0.05495848 -0.05922588 -6.407721E-05 0.06968989 -0.04453298 -0.001823848 0.05495848 -0.05922588 0.0001115386 0.06828807 -0.03865851 -0.0001738348 0.04062712 -0.0933836 0.0001119215 0.03668999 -0.08827187 -0.001864457 0.0459285 -0.09162809 -9.407999E-05 0.06904214 -0.05428989 -0.001823848 0.05495848 -0.05922588 -6.407721E-05 0.06968989 -0.04453298 -7.32917E-05 0.07679883 -0.02136398 -0.001612903 0.06743059 -0.01935852 -4.861568E-05 0.08072333 -0.01342331 0.0001261468 0.07083695 -0.02712606 -0.001612903 0.06743059 -0.01935852 -7.32917E-05 0.07679883 -0.02136398 -0.001648672 0.07238393 0.00468598 7.805471E-05 0.08124777 0.004664247 -0.0003058025 0.08160259 -0.003997335 -0.001648672 0.07238393 0.00468598 -0.0001902595 0.07769865 0.02339915 -9.847533E-05 0.07994311 0.01317818 -4.861568E-05 0.08072333 -0.01342331 -0.001648672 0.07238393 0.00468598 -0.0003058025 0.08160259 -0.003997335 0.0001526726 0.06605916 -0.05956969 -0.0003137002 0.06091168 -0.06320931 -0.001823848 0.05495848 -0.05922588 -0.001648672 0.07238393 0.00468598 -9.847533E-05 0.07994311 0.01317818 7.805471E-05 0.08124777 0.004664247 0.000288814 0.07572149 0.03308108 -0.0001902595 0.07769865 0.02339915 -0.003646038 0.06817917 0.02285035 0.00270475 0.07062312 0.04265177 3.464718E-06 0.07375082 0.04253202 -1.227733E-32 0.07057296 0.05745747 0.003646038 0.06817917 0.02285035 0.000288814 0.07572149 0.03308108 -0.0001902595 0.07769865 0.02339915 0.001648672 0.07238393 0.00468598 0.002977118 0.0641474 0.005033942 0.001612903 0.06743059 -0.01935852 -4.861568E-05 0.08072333 -0.01342331 0.002297229 0.05501011 -0.02426436 0.001577754 0.0635708 -0.03178262 0.0001261468 0.07083695 -0.02712606 0.002177741 0.04592781 -0.04087339 0.0001115386 0.06828807 -0.03865851 0.001823848 0.05495848 -0.05922588 0.0001115386 0.06828807 -0.03865851 0.0001951061 0.05722523 -0.06934664 0.002055735 0.04212051 -0.0522675 0.001469683 0.02831011 -0.03179128 0.002257 0.03692066 -0.02424791 5.628726E-05 0.02369272 -0.05455953 0.0009610872 0.02434346 -0.03876916 2.988193E-05 0.02251286 -0.04448724 5.628726E-05 0.02369272 -0.05455953 -0.0009610872 0.02434346 -0.03876916 -1.32948E-06 0.02404057 -0.03298632 -0.0001283475 0.02113401 -0.02711609 0.00157243 0.02203121 -0.01240765 -0.0001283475 0.02113401 -0.02711609 0.002601302 0.03262811 -0.01146609 0.00333231 0.02733169 0.004952554 0.001578038 0.02028327 -0.003298994 -5.74374E-05 0.01167535 -0.01342746 -9.485229E-05 0.01257803 0.01318869 0.003476022 0.02398041 0.02291519 -9.485229E-05 0.01257803 0.01318869 0.002713474 0.02125072 0.04264955 -0.0002973553 0.01637329 0.0330607 9.291438E-11 0.0211437 0.05747979 -2.837967E-06 0.01814528 0.04252934 -0.002713474 0.02125072 0.04264955 -2.837967E-06 0.01814528 0.04252934 9.291438E-11 0.0211437 0.05747979 -0.003476022 0.02398041 0.02291519 -0.0002973553 0.01637329 0.0330607 -9.485229E-05 0.01257803 0.01318869 -0.00333231 0.02733169 0.004952554 -0.001578038 0.02028327 -0.003298994 -9.485229E-05 0.01257803 0.01318869 -0.00157243 0.02203121 -0.01240765 -5.74374E-05 0.01167535 -0.01342746 -0.002601302 0.03262811 -0.01146609 -0.002257 0.03692066 -0.02424791 -0.001469683 0.02831011 -0.03179128 -0.0001283475 0.02113401 -0.02711609 -0.002177741 0.04592781 -0.04087339 -1.32948E-06 0.02404057 -0.03298632 -0.0001283475 0.02113401 -0.02711609 -0.0009610872 0.02434346 -0.03876916 5.628726E-05 0.02369272 -0.05455953 2.988193E-05 0.02251286 -0.04448724 -0.002055735 0.04212051 -0.0522675 5.628726E-05 0.02369272 -0.05455953 -0.001823848 0.05495848 -0.05922588 0.0001951061 0.05722523 -0.06934664 0.0001115386 0.06828807 -0.03865851 0.0001115386 0.06828807 -0.03865851 -0.001577754 0.0635708 -0.03178262 -0.002297229 0.05501011 -0.02426436 -0.001612903 0.06743059 -0.01935852 0.0001261468 0.07083695 -0.02712606 -0.002977118 0.0641474 0.005033942 -0.001648672 0.07238393 0.00468598 -4.861568E-05 0.08072333 -0.01342331 -0.003646038 0.06817917 0.02285035 -0.0001902595 0.07769865 0.02339915 -0.00270475 0.07062312 0.04265177 0.000288814 0.07572149 0.03308108 -1.227733E-32 0.07057296 0.05745747 3.464718E-06 0.07375082 0.04253202 0.002344056 0.04595213 -0.07632305 0.0001951061 0.05722523 -0.06934664 0.002055735 0.04212051 -0.0522675 0.0001938168 0.03504206 -0.06859876 0.0008841418 0.0362681 -0.07508443 0.0001119215 0.03668999 -0.08827187 0.002344056 0.04595213 -0.07632305 0.0001938168 0.03504206 -0.06859876 -0.0008841418 0.0362681 -0.07508443 0.0001938168 0.03504206 -0.06859876 -0.002344056 0.04595213 -0.07632305 0.0001119215 0.03668999 -0.08827187 -0.002344056 0.04595213 -0.07632305 0.0001938168 0.03504206 -0.06859876 -0.002055735 0.04212051 -0.0522675 0.0001951061 0.05722523 -0.06934664 3.392768E-05 0.03495951 -0.08104233 0.0001119215 0.03668999 -0.08827187 0.0008841418 0.0362681 -0.07508443 -0.0008841418 0.0362681 -0.07508443 0.0001938168 0.03504206 -0.06859876 -0.001864457 0.0459285 -0.09162809 -9.246807E-07 0.04597674 -0.09990647 -0.0001738348 0.04062712 -0.0933836 -0.0005203465 0.05479939 -0.08811494 -0.002344056 0.04595213 -0.07632305 0.0001119215 0.03668999 -0.08827187 1.049019E-05 0.05706381 -0.08104856 0.002946734 0.04092752 0.09952559 0.004335237 0.03638494 0.09517438 -1.270017E-08 0.03688459 0.09790782 4.895797E-08 0.03426069 0.0911538 0.00655023 0.03799144 0.0911321 1.890981E-08 0.03448172 0.08723412 0.002946734 0.04092752 0.09952559 0.009137929 0.04417127 0.09514873 0.002842275 0.03799714 0.08267828 -2.006464E-08 0.03996446 0.08053622 0.009006557 0.04616727 0.08641876 0.003954466 0.04606422 0.08035324 3.638089E-07 0.04593531 0.07972761 -8.200544E-07 0.05146481 0.08004475 0.004708984 0.05581186 0.08648685 -7.985577E-07 0.05598583 0.08343688 3.113713E-07 0.05770024 0.0945766 0.0079864 0.05202716 0.09518824 0.002368538 0.05162681 0.09964302 0.006673448 0.04876898 0.09813949 0.002368538 0.05162681 0.09964302 0.004675484 0.04515176 0.09900142 0.002946734 0.04092752 0.09952559 -0.0001961544 0.04540067 0.1000088 1.049019E-05 0.05706381 -0.08104856 0.0005203465 0.05479939 -0.08811494 -0.0005203465 0.05479939 -0.08811494 -9.246807E-07 0.04597674 -0.09990647 -0.0001738348 0.04062712 -0.0933836 0.001864457 0.0459285 -0.09162809 0.002344056 0.04595213 -0.07632305 0.0001119215 0.03668999 -0.08827187 1.049019E-05 0.05706381 -0.08104856 -1.270017E-08 0.03688459 0.09790782 -0.004335237 0.03638494 0.09517438 -0.002946734 0.04092752 0.09952559 4.895797E-08 0.03426069 0.0911538 -0.00655023 0.03799144 0.0911321 1.890981E-08 0.03448172 0.08723412 -0.009137929 0.04417127 0.09514873 -0.002946734 0.04092752 0.09952559 -0.002842275 0.03799714 0.08267828 -2.006464E-08 0.03996446 0.08053622 -0.009006557 0.04616727 0.08641876 -0.003954466 0.04606422 0.08035324 3.638089E-07 0.04593531 0.07972761 -8.200544E-07 0.05146481 0.08004475 -0.004708984 0.05581186 0.08648685 -7.985577E-07 0.05598583 0.08343688 3.113713E-07 0.05770024 0.0945766 -0.0079864 0.05202716 0.09518824 -0.002368538 0.05162681 0.09964302 -0.006673448 0.04876898 0.09813949 -0.002368538 0.05162681 0.09964302 -0.004675484 0.04515176 0.09900142 0.0001961544 0.04540067 0.1000088 -0.002946734 0.04092752 0.09952559</float_array>
                    <technique_common>
                        <accessor count="385" offset="0" source="pm0602_00_00_body_mesh_shape_lod2_body_01-geometry-POSITION-array" stride="3">
                            <param name="X" type="float" />
                            <param name="Y" type="float" />
                            <param name="Z" type="float" />
                        </accessor>
                    </technique_common>
                </source>
                <source id="pm0602_00_00_body_mesh_shape_lod2_body_01-geometry-NORMAL">
                    <float_array id="pm0602_00_00_body_mesh_shape_lod2_body_01-geometry-NORMAL-array" count="498">-0.2231445 -0.05123901 -0.9731445 -0.4492188 0.0506897 -0.8916016 -0.4199219 0.3452148 -0.8388672 0 0.7358398 -0.6767578 0 0.3061523 -0.9516602 0 -0.5253906 -0.8505859 0 -0.9526367 -0.3032227 -0.1700439 -0.5117188 -0.8417969 -0.2484131 0.0206604 -0.9682617 -0.6264648 -0.1324463 -0.7675781 0 0.9995117 -0.02934265 0 0.9990234 0.04092407 0 0.9995117 -0.0287323 0 0.9956055 -0.09283447 0.6508789 0.7583008 -0.02557373 0.9091797 0.4155273 0.007835388 0.7456055 0.6494141 0.1470947 0.9916992 0.1015015 -0.07574463 0.9428711 0.3254395 -0.06878662 0.9711914 0.2138672 -0.1012573 0.9941406 0.1044922 -0.02131653 0.9897461 0.1402588 -0.01577759 0.9970703 0.05090332 -0.05075073 0.9848633 0.1453857 -0.09124756 0.9995117 0.01367188 -0.002725601 0.9755859 0.2164307 0.02723694 0.9672852 0.2504883 -0.02580261 0.9873047 0.1575928 -0.007720947 0.9570313 0.2094727 -0.2003174 0.9912109 0.130249 -0.003311157 0.9931641 0.1070557 -0.04614258 0.9829102 0.1567383 -0.09399414 0.9833984 0.1774902 -0.02632141 0.9897461 0.1361084 -0.03665161 0.9921875 0.1173096 -0.02894592 0.9833984 0.1743164 0.03955078 0.9833984 0.1743164 0.04711914 0.7734375 0.6274414 -0.08868408 0.9360352 0.3513184 0.007255554 0.9794922 -0.1925049 -0.05810547 0.9301758 -0.2785645 -0.2381592 0.9936523 0.003850937 -0.1082153 0 -0.9995117 -0.02955627 0 -0.9990234 0.03903198 0 -0.9995117 -0.02944946 0 -0.9956055 -0.09197998 0.7451172 -0.65625 0.1173096 0.8891602 -0.4570313 0.0004687309 0.6401367 -0.7661133 -0.04449463 0.9667969 -0.2541504 -0.01864624 0.7797852 -0.6191406 -0.08959961 0.9321289 -0.3530273 0.07653809 0.9921875 -0.09515381 -0.07989502 0.9990234 -0.03762817 -0.02279663 0.9926758 -0.1026611 -0.05773926 0.9912109 -0.1052856 -0.07543945 0.9824219 -0.1845703 -0.02128601 0.9672852 -0.2333984 -0.09924316 0.9912109 -0.1188354 -0.05645752 0.9897461 -0.1071167 -0.09069824 0.9882813 -0.1445313 -0.04837036 0.9819336 -0.1870117 -0.0166626 0.9907227 -0.1326904 -0.004543304 0.987793 -0.1489258 0.03396606 -0.9912109 -0.1160278 -0.0562439 -0.9873047 -0.1313477 -0.08691406 -0.9887695 -0.1362305 -0.05410767 -0.9907227 -0.1326904 -0.00585556 -0.9892578 -0.1414795 0.02452087 -0.9829102 -0.182373 -0.01951599 -0.9985352 -0.03799438 -0.02598572 -0.9912109 -0.07373047 -0.1092529 -0.9936523 -0.09399414 -0.05993652 -0.7851563 -0.6118164 -0.09216309 -0.9462891 -0.3183594 0.05059814 -0.9165039 -0.3991699 0.004512787 -0.9702148 -0.2390137 -0.02378845 -0.9731445 -0.2130127 -0.08691406 -0.9785156 -0.2038574 -0.02874756 0.4199219 0.3452148 -0.8388672 0.4492188 0.0506897 -0.8916016 0.2231445 -0.05123901 -0.9731445 -0.9921875 -0.1095581 -0.05130005 0.1700439 -0.5117188 -0.8417969 0.6264648 -0.1324463 -0.7675781 0.2484131 0.0206604 -0.9682617 -0.6435547 -0.7636719 -0.04177856 -0.7431641 -0.6542969 0.1375732 -0.7470703 0.6518555 0.1273193 -0.8896484 0.4558105 0.01811218 -0.6474609 0.7612305 -0.02819824 -0.96875 -0.2474365 0.005203247 -0.9770508 -0.2049561 -0.05404663 -0.001838684 -0.9799805 -0.197876 -0.9902344 0.1087036 -0.0847168 -0.9658203 0.2279053 -0.1207275 -0.9428711 0.3259277 -0.06799316 -0.9941406 0.1057129 -0.01959229 -0.9755859 0.1694336 -0.1365967 -0.9970703 0.04196167 -0.05880737 -0.9907227 0.1303711 -0.02481079 -0.9785156 0.2044678 0.01372528 -0.9775391 0.2087402 0.003740311 -0.9995117 0.01200104 -0.001146317 -0.9868164 0.161499 -0.0001844168 -0.9775391 0.1541748 -0.1401367 -0.9956055 0.08764648 0.03134155 -0.953125 -0.2453613 -0.1766357 -0.9946289 0.003318787 -0.1029053 -0.9848633 0.1407471 -0.09863281 -0.9931641 0.1053467 -0.04803467 -0.9907227 0.1292725 -0.03320313 -0.9838867 0.1741943 -0.02880859 -0.980957 0.1911621 0.03161621 -0.9912109 0.1279297 -0.01739502 -0.9467773 0.3203125 0.0294342 -0.9838867 0.1750488 0.02374268 -0.7758789 0.6240234 -0.0859375 0 0.9970703 0.07507324 0.855957 0.496582 -0.1407471 0.8916016 0.4057617 -0.1993408 0.9970703 0.02362061 -0.06604004 0.9946289 -0.09509277 -0.0304718 0.9033203 -0.3808594 -0.1960449 0.987793 -0.1519775 -0.02737427 0.0005912781 -0.9956055 -0.08929443 -0.9873047 -0.1542969 -0.03068542 0.005149841 -0.9990234 -0.03720093 0.859375 -0.4755859 -0.1870117 0.8486328 -0.5161133 -0.1147461 0 -0.9946289 0.1033936 -0.8500977 -0.5126953 -0.1160278 -0.859375 -0.4755859 -0.1870117 -0.9033203 -0.3808594 -0.1960449 -0.9951172 -0.09106445 -0.03024292 -0.9970703 0.02722168 -0.06549072 -0.8916016 0.4057617 -0.1993408 -0.855957 0.496582 -0.1407471 0.9672852 -0.2519531 -0.007850647 0 -0.9824219 -0.1856689 0.01623535 0.1911621 -0.980957 -0.9560547 0.2744141 -0.1008911 -0.5644531 0.7226563 -0.3981934 0 0.9980469 -0.06109619 -0.8125 0.565918 0.1378174 0 0.9614258 0.2736816 -0.9594727 0.1687012 -0.2241211 -0.6123047 0.5791016 0.5380859 0 0.4245605 0.9052734 -0.9301758 -0.02464294 0.3654785 -0.6557617 -0.06228638 0.7519531 0 0.04428101 0.9985352 0 -0.4584961 0.8881836 -0.6591797 -0.7011719 0.2712402 0 -0.8647461 0.5014648 -0.8256836 -0.5332031 -0.1828613 0 0.9521484 -0.3049316 0.9560547 0.2739258 -0.1015015 0.5644531 0.7226563 -0.3981934 0.8125 0.565918 0.1378174 0.9594727 0.1687012 -0.2241211 0.6123047 0.5791016 0.5380859 0.9301758 -0.02464294 0.3654785 0.6557617 -0.06222534 0.7519531 0.6591797 -0.7011719 0.2712402 0.8256836 -0.5332031 -0.1828613</float_array>
                    <technique_common>
                        <accessor count="166" offset="0" source="pm0602_00_00_body_mesh_shape_lod2_body_01-geometry-NORMAL-array" stride="3">
                            <param name="X" type="float" />
                            <param name="Y" type="float" />
                            <param name="Z" type="float" />
                        </accessor>
                    </technique_common>
                </source>
                <source id="pm0602_00_00_body_mesh_shape_lod2_body_01-geometry-TEXCOORD">
                    <float_array id="pm0602_00_00_body_mesh_shape_lod2_body_01-geometry-TEXCOORD-array" count="354">0.5824965 0.838975 0.5818825 0.8629067 0.5511129 0.8675767 0.5089449 0.8817554 0.5192817 0.8387986 0.6735193 0.8400776 0.6832216 0.8969219 0.6402246 0.8699286 0.6221558 0.8454181 0.6143035 0.8729159 0.602105 0.6112941 0.6004583 0.575597 0.6036822 0.6109211 0.6128774 0.6484017 0.6133487 0.4115505 0.5998411 0.4564655 0.5950417 0.4164963 0.6919227 0.7137725 0.6749206 0.7203009 0.6618606 0.6970356 0.6776465 0.7429607 0.6751001 0.8044465 0.7319867 0.8229097 0.6888304 0.8236861 0.7680079 0.8903716 0.7248915 0.9091668 0.7272278 0.8875495 0.7249318 0.8625663 0.707118 0.8400722 0.6709233 0.7657914 0.6708736 0.6646078 0.6331858 0.6780535 0.6354511 0.5692321 0.5975471 0.5404918 0.6419222 0.4902316 0.597422 0.4976119 0.8023287 0.9360558 0.7879445 0.955837 0.7680431 0.9492724 0.929606 0.610626 0.9353894 0.5756375 0.9320028 0.6111266 0.9212865 0.6481302 0.9403949 0.4172962 0.9345947 0.4567994 0.9222035 0.412299 0.9364991 0.5405565 0.8936025 0.4906061 0.9341162 0.4975844 0.8472545 0.8275312 0.7835622 0.7949007 0.85666 0.8030981 0.8285545 0.839733 0.8096985 0.8595716 0.8753902 0.6980894 0.8784906 0.6375379 0.8982463 0.6767548 0.8913865 0.6014549 0.1215094 0.6375379 0.1017537 0.6767548 0.08116549 0.647517 0.07039398 0.610626 0.06719434 0.5753673 0.1086135 0.6014549 0.2164378 0.7949007 0.1714436 0.8397325 0.1552768 0.8255914 0.1063984 0.4906061 0.06588376 0.4975844 0.06540531 0.4567994 0.06637472 0.5401287 0.1267127 0.6968786 0.1879109 0.8611612 0.4488871 0.8675767 0.4181175 0.8629067 0.4175035 0.838975 0.140933 0.8042342 0.4910551 0.8817554 0.4807183 0.8387986 0.3264807 0.8400776 0.3597754 0.8699286 0.3167784 0.8969219 0.3856965 0.8729159 0.3778442 0.8454181 0.07779644 0.412299 0.05960515 0.4172964 0.4049583 0.4164963 0.4001589 0.4564655 0.3866513 0.4115503 0.1942068 0.8858694 0.1976713 0.9360558 0.1889682 0.9090744 0.3080773 0.7137725 0.3381394 0.6970356 0.3250786 0.7203011 0.3223535 0.7429607 0.3111696 0.8236861 0.2680133 0.8229097 0.323065 0.8038681 0.2698225 0.8862047 0.2751098 0.9091668 0.2319921 0.8903716 0.2750682 0.8625663 0.2903244 0.8377014 0.3271213 0.7660725 0.2120555 0.955837 0.2319569 0.9492724 0.365229 0.6771263 0.3291264 0.6646078 0.3855047 0.6478458 0.3645489 0.5692321 0.3995417 0.575597 0.3963178 0.6109211 0.3997756 0.4974001 0.400345 0.5402806 0.358077 0.4902316 0.5927664 0.3524479 0.669855 0.5616685 0.7261904 0.6784171 0.7678466 0.7470616 0.8436422 0.7136404 0.8094004 0.6783634 0.856886 0.742671 0.8629976 0.7655696 0.8595673 0.7431482 0.8605011 0.7201144 0.8348446 0.6270793 0.8656842 0.5618231 0.9429299 0.3535845 0.05706883 0.3535845 0.1343169 0.5618235 0.1651542 0.6270792 0.1906011 0.6783636 0.1563578 0.7136404 0.2321533 0.7470645 0.1394995 0.7201126 0.143114 0.742671 0.1370035 0.7655686 0.2738082 0.6784174 0.3301439 0.5616688 0.4072348 0.3524479 0.8057932 0.8858694 0.8110323 0.9090728 0.8087358 0.8872375 0.231984 0.981899 0.2662038 0.936032 0.5389617 0.8934835 0.511902 0.9127427 0.5520384 0.9070957 0.5195495 0.9344378 0.5831315 0.8884118 0.5513905 0.9523506 0.5585486 0.9722608 0.5956132 0.9209455 0.5950716 0.960476 0.5951257 0.9796783 0.6289456 0.9737881 0.6472929 0.9290451 0.6578932 0.9549751 0.6267596 0.8882436 0.7337962 0.936032 0.7317435 0.9369954 0.768016 0.9818951 0.4610383 0.8934835 0.488098 0.9127427 0.4479616 0.9070957 0.4804505 0.9344378 0.4168685 0.8884118 0.4486095 0.9523506 0.4414514 0.9722608 0.4043868 0.9209455 0.4049284 0.960476 0.4048743 0.9796783 0.3710544 0.9737881 0.3527071 0.9290451 0.3421068 0.9549751 0.3732404 0.8882436</float_array>
                    <technique_common>
                        <accessor count="177" offset="0" source="pm0602_00_00_body_mesh_shape_lod2_body_01-geometry-TEXCOORD-array" stride="2">
                            <param name="S" type="float" />
                            <param name="T" type="float" />
                        </accessor>
                    </technique_common>
                </source>
                <vertices id="pm0602_00_00_body_mesh_shape_lod2_body_01-vertices">
                    <input semantic="POSITION" source="#pm0602_00_00_body_mesh_shape_lod2_body_01-geometry-POSITION" />
                </vertices>
                <triangles count="214" material="body_01">
                    <input semantic="VERTEX" source="#pm0602_00_00_body_mesh_shape_lod2_body_01-vertices" offset="0" set="0" />
                    <input semantic="NORMAL" source="#pm0602_00_00_body_mesh_shape_lod2_body_01-geometry-NORMAL" offset="1" set="0" />
                    <input semantic="TEXCOORD" source="#pm0602_00_00_body_mesh_shape_lod2_body_01-geometry-TEXCOORD" offset="2" set="0" />
                    <p>0 0 0 1 1 1 2 2 2 3 3 3 4 4 4 5 2 2 6 5 5 7 6 6 8 7 7 9 0 0 10 8 8 11 9 9 12 9 9 13 8 8 14 7 7 15 10 10 16 11 11 17 12 12 18 12 12 19 13 13 20 10 10 21 14 14 22 15 15 23 16 16 24 17 17 25 18 18 26 19 19 27 20 20 28 18 18 29 17 17 30 21 21 31 22 22 32 23 23 33 24 24 34 25 25 35 26 26 36 26 26 37 27 27 38 24 24 39 27 27 40 28 28 41 22 22 42 22 22 43 29 29 44 20 20 45 21 21 46 29 29 47 22 22 48 30 30 49 19 19 50 31 31 51 32 32 52 33 13 53 34 12 54 35 11 55 36 33 56 32 32 57 37 34 58 38 35 59 15 15 60 22 22 61 28 28 62 23 23 63 36 33 64 38 35 65 32 32 66 34 12 67 35 11 68 32 32 69 30 30 70 31 31 71 33 13 72 39 36 73 40 37 74 41 38 75 42 39 76 43 40 77 44 41 78 45 42 79 42 39 80 44 41 81 46 43 82 47 44 83 48 45 84 49 46 85 50 47 86 51 48 87 52 49 88 53 50 89 54 51 90 55 52 91 56 53 92 53 50 93 57 54 94 58 55 95 59 56 96 60 42 97 61 57 98 62 39 99 61 57 100 49 46 101 63 40 102 47 44 103 51 48 104 50 47 105 52 49 106 55 52 107 53 50 108 61 57 109 63 40 110 62 39 111 59 56 112 58 55 113 60 42 114 64 58 115 65 59 116 66 60 117 67 61 118 68 62 119 69 63 120 70 64 121 71 65 122 72 66 123 73 67 124 74 68 125 75 69 126 68 62 127 76 70 128 69 63 129 69 63 130 66 60 131 67 61 132 64 58 133 77 71 134 65 59 135 78 72 136 71 65 137 70 64 138 79 73 139 80 74 140 81 75 141 72 66 142 82 76 143 70 64 144 74 68 145 73 67 146 76 70 147 3 77 148 79 73 149 4 78 150 5 79 151 83 80 152 6 81 153 81 75 154 84 82 155 85 83 156 85 83 157 84 82 158 83 80 159 86 84 160 75 69 161 87 85 162 88 86 163 89 87 164 90 88 165 91 89 166 92 90 167 93 91 168 94 92 169 95 93 170 96 94 171 94 92 172 96 94 173 97 95 174 98 96 175 99 97 176 100 98 177 101 99 178 102 100 179 103 101 180 101 99 181 103 101 182 104 102 183 105 103 184 104 102 185 99 97 186 106 104 187 99 97 188 97 95 189 107 105 190 92 90 191 108 106 192 100 98 193 99 97 194 106 104 195 109 107 196 110 108 197 111 109 198 95 93 199 110 108 200 109 107 201 112 110 202 113 111 203 114 112 204 112 110 205 115 113 206 116 114 207 111 109 208 112 110 209 114 112 210 98 96 211 105 103 212 99 97 213 112 110 214 116 114 215 113 111 216 89 87 217 115 113 218 117 115 219 14 14 220 16 16 221 118 116 222 37 34 223 15 15 219 14 14 224 38 35 222 37 34 225 32 32 225 32 32 222 37 34 226 119 117 226 119 117 227 30 30 225 32 32 227 30 30 228 33 13 225 32 32 229 120 118 227 30 30 226 119 117 229 120 118 230 17 17 227 30 30 230 17 17 231 19 19 227 30 30 230 17 17 229 120 118 232 121 119 232 121 119 233 20 20 230 17 17 234 22 22 235 20 20 232 121 119 236 27 27 234 22 22 237 53 50 234 22 22 232 121 119 237 53 50 238 122 120 237 53 50 232 121 119 239 123 121 238 122 120 232 121 119 240 54 51 237 53 50 241 124 122 241 124 122 237 53 50 238 122 120 242 125 123 243 54 51 241 124 122 242 125 123 241 124 122 244 126 124 241 124 122 245 127 125 244 126 124 238 122 120 245 127 125 241 124 122 238 122 120 246 57 54 245 127 125 238 122 120 239 123 121 247 58 55 238 122 120 247 58 55 248 57 54 239 123 121 249 128 126 247 58 55 249 128 126 250 129 127 247 58 55 247 58 55 251 61 57 252 60 42 247 58 55 250 129 127 251 61 57 251 61 57 250 129 127 253 49 46 250 129 127 254 50 47 255 49 46 256 48 45 257 47 44 254 50 47 256 48 45 258 130 128 259 46 43 260 86 84 261 87 85 262 130 129 263 73 67 264 75 69 260 86 84 265 76 70 263 73 67 266 131 130 266 131 130 267 69 63 268 76 70 266 131 130 269 64 58 267 69 63 269 64 58 270 66 60 267 69 63 271 132 131 269 64 58 266 131 130 269 64 58 271 132 131 272 133 132 273 134 133 269 64 58 272 133 132 269 64 58 273 134 133 274 77 71 275 135 134 273 134 133 272 133 132 273 134 133 276 127 135 277 77 71 278 126 136 276 127 135 273 134 133 278 126 136 279 82 76 280 125 137 278 126 136 273 134 133 281 70 64 282 82 76 278 126 136 281 70 64 273 134 133 275 135 134 281 70 64 281 70 64 283 99 97 284 104 102 275 135 134 283 99 97 281 70 64 283 99 97 275 135 134 285 97 95 286 97 95 275 135 134 287 94 92 275 135 134 288 136 138 287 94 92 287 94 92 288 136 138 289 110 108 287 94 92 289 110 108 290 95 93 288 136 138 291 137 139 289 110 108 289 110 108 291 137 139 292 112 110 289 110 108 292 112 110 293 111 109 291 137 139 294 117 115 292 112 110 292 112 110 294 117 115 295 115 113 296 90 88 297 89 87 294 117 115 296 90 88 298 118 140 299 88 86 300 24 24 301 27 27 302 53 50 303 56 53 300 24 24 302 53 50 304 138 141 305 39 36 306 24 24 304 138 141 306 24 24 307 56 53 308 91 89 309 78 72 310 103 101 311 92 90 308 91 89 310 103 101 312 103 101 313 78 72 314 70 64 315 104 102 312 103 101 314 70 64 316 93 142 317 39 36 318 138 141 316 93 142 318 138 141 319 91 143 319 91 143 318 138 141 320 139 53 321 108 106 322 140 144 323 107 105 324 141 145 322 140 144 321 108 106 325 103 101 324 141 145 321 108 106 326 92 90 325 103 101 321 108 106 327 102 100 324 141 145 325 103 101 328 2 2 329 142 146 330 3 3 330 3 3 329 142 146 331 143 147 329 142 146 332 144 148 331 143 147 331 143 147 332 144 148 333 145 149 334 2 2 335 146 150 329 142 146 329 142 146 335 146 150 332 144 148 332 144 148 336 147 151 333 145 149 333 145 149 336 147 151 337 148 152 332 144 148 338 149 153 336 147 151 332 144 148 335 146 150 338 149 153 337 148 152 336 147 151 339 150 154 336 147 151 338 149 153 339 150 154 337 148 152 339 150 154 340 151 155 340 151 155 339 150 154 341 152 156 341 152 156 339 150 154 342 153 157 342 153 157 339 150 154 338 149 153 341 152 156 342 153 157 343 154 158 344 6 6 343 154 158 342 153 157 338 149 153 345 155 159 342 153 157 345 155 159 344 6 6 342 153 157 345 155 159 346 7 7 344 6 6 335 146 150 345 155 159 338 149 153 347 9 9 348 7 7 345 155 159 335 146 150 347 9 9 345 155 159 349 1 1 347 9 9 335 146 150 349 1 1 335 146 150 350 2 2 351 0 0 347 9 9 349 1 1 352 156 25 353 157 160 354 141 161 353 157 160 355 140 162 354 141 161 356 40 37 355 140 162 357 41 38 357 41 38 355 140 162 353 157 160 353 157 160 358 24 24 357 41 38 358 24 24 359 39 36 357 41 38 360 25 25 358 24 24 353 157 160 361 3 77 362 158 163 363 79 73 361 3 77 364 143 164 362 158 163 364 143 164 365 159 165 362 158 163 366 145 166 365 159 165 364 143 164 362 158 163 367 160 167 368 79 73 362 158 163 365 159 165 367 160 167 365 159 165 366 145 166 369 161 168 366 145 166 370 148 169 369 161 168 369 161 168 371 162 170 365 159 165 367 160 167 365 159 165 371 162 170 369 161 168 370 148 169 372 163 171 372 163 171 371 162 170 369 161 168 370 148 169 373 151 172 372 163 171 374 152 173 372 163 171 373 151 172 374 152 173 375 164 174 372 163 171 375 164 174 371 162 170 372 163 171 376 154 175 375 164 174 374 152 173 375 164 174 376 154 175 377 6 81 375 164 174 378 165 176 371 162 170 378 165 176 375 164 174 377 6 81 379 83 80 378 165 176 377 6 81 371 162 170 378 165 176 367 160 167 380 84 82 378 165 176 381 83 80 378 165 176 380 84 82 367 160 167 367 160 167 380 84 82 382 80 74 382 80 74 380 84 82 383 81 75 384 79 73 367 160 167 382 80 74</p>
                </triangles>
            </mesh>
        </geometry>
        <geometry id="pm0602_00_00_body_mesh_shape_lod2_body_00-geometry" name="pm0602_00_00_body_mesh_shape_lod2_body_00">
            <mesh>
                <source id="pm0602_00_00_body_mesh_shape_lod2_body_00-geometry-POSITION">
                    <float_array id="pm0602_00_00_body_mesh_shape_lod2_body_00-geometry-POSITION-array" count="1068">0.01514436 0.05563379 0.08001068 0.01339843 0.05407215 0.08132841 0.0135227 0.054217 0.07976077 0.01508869 0.05379211 0.08365642 0.01339843 0.05407215 0.08132841 0.01514436 0.05563379 0.08001068 0.01449973 0.05306619 0.07674253 0.01514436 0.05563379 0.08001068 0.0137824 0.05406697 0.07859121 0.0136394 0.03855756 0.08150766 0.01529578 0.03679395 0.08026012 0.01372726 0.0381889 0.07999299 0.01407837 0.03838643 0.07839397 0.01529578 0.03679395 0.08026012 0.0145762 0.03931012 0.07699397 0.01508869 0.05379211 0.08365642 0.01514436 0.05563379 0.08001068 0.01281537 0.05832362 0.0870244 3.058066E-08 0.04843651 0.09984452 0.002368538 0.05162681 0.09964302 -2.851999E-08 0.05914079 0.09660739 -3.146866E-06 0.04849018 0.09984615 0.009437318 0.04601532 0.09788898 0.002368538 0.05162681 0.09964302 0.009437318 0.04601532 0.09788898 -3.146866E-06 0.04849018 0.09984615 -0.0001961544 0.04540067 0.1000088 0.0129775 0.031451 0.08004837 0.01529578 0.03679395 0.08026012 0.01549845 0.03841056 0.08367293 0.0137824 0.05406697 0.07859121 0.01514436 0.05563379 0.08001068 0.0135227 0.054217 0.07976077 0.01699052 0.05226478 0.07550039 0.01449973 0.05306619 0.07674253 0.01519665 0.05131629 0.07552133 0.01514436 0.05563379 0.08001068 0.01449973 0.05306619 0.07674253 0.01699052 0.05226478 0.07550039 0.01763086 0.04942128 0.07454434 0.01519665 0.05131629 0.07552133 0.01559695 0.04891084 0.07476084 0.01699052 0.05226478 0.07550039 0.01519665 0.05131629 0.07552133 0.01763086 0.04942128 0.07454434 0.01601386 0.04596414 0.07448915 0.01763086 0.04942128 0.07454434 0.01559695 0.04891084 0.07476084 0.01372726 0.0381889 0.07999299 0.01529578 0.03679395 0.08026012 0.01407837 0.03838643 0.07839397 0.01549845 0.03841056 0.08367293 0.0136394 0.03855756 0.08150766 0.01369518 0.0394856 0.08289447 0.01529578 0.03679395 0.08026012 0.0136394 0.03855756 0.08150766 0.01549845 0.03841056 0.08367293 0.01549845 0.03841056 0.08367293 0.01369518 0.0394856 0.08289447 0.01388266 0.04095831 0.08410433 0.01549845 0.03841056 0.08367293 0.01388266 0.04095831 0.08410433 0.01402763 0.04338054 0.08506978 0.01560835 0.04596236 0.08616066 0.01402763 0.04338054 0.08506978 0.01412634 0.04597031 0.0854594 0.01549845 0.03841056 0.08367293 0.01402763 0.04338054 0.08506978 0.01560835 0.04596236 0.08616066 0.01397923 0.04885507 0.08520229 0.01560835 0.04596236 0.08616066 0.01412634 0.04597031 0.0854594 0.01551537 0.04928175 0.08586098 0.01560835 0.04596236 0.08616066 0.01397923 0.04885507 0.08520229 0.01384584 0.05088185 0.08437962 0.01551537 0.04928175 0.08586098 0.01397923 0.04885507 0.08520229 0.01508869 0.05379211 0.08365642 0.01551537 0.04928175 0.08586098 0.01384584 0.05088185 0.08437962 0.01354388 0.05287878 0.08302432 0.01508869 0.05379211 0.08365642 0.01384584 0.05088185 0.08437962 0.01339843 0.05407215 0.08132841 0.01508869 0.05379211 0.08365642 0.01354388 0.05287878 0.08302432 0.002946734 0.04092752 0.09952559 3.040166E-10 0.04518678 0.0998994 -1.131519E-09 0.0326368 0.09707769 0.01514436 0.05563379 0.08001068 0.01699052 0.05226478 0.07550039 0.0151565 0.05945338 0.06837846 0.01699052 0.05226478 0.07550039 0.01763086 0.04942128 0.07454434 0.0151565 0.05945338 0.06837846 0.01549845 0.03841056 0.08367293 0.01560835 0.04596236 0.08616066 0.01530855 0.04577371 0.09013398 0.01551537 0.04928175 0.08586098 0.0147294 0.04964519 0.08959566 0.01560835 0.04596236 0.08616066 0.01551537 0.04928175 0.08586098 0.01508869 0.05379211 0.08365642 0.0147294 0.04964519 0.08959566 0.009437318 0.04601532 0.09788898 -0.0001961544 0.04540067 0.1000088 0.002946734 0.04092752 0.09952559 0.0001961544 0.04540067 0.1000088 -0.009437318 0.04601532 0.09788898 -0.002946734 0.04092752 0.09952559 -0.01514436 0.05563379 0.08001068 -0.01339843 0.05407215 0.08132841 -0.01508869 0.05379211 0.08365642 -0.0135227 0.054217 0.07976077 -0.01339843 0.05407215 0.08132841 -0.01514436 0.05563379 0.08001068 -0.01514436 0.05563379 0.08001068 -0.01449973 0.05306619 0.07674253 -0.0137824 0.05406697 0.07859121 -0.0136394 0.03855756 0.08150766 -0.01372726 0.0381889 0.07999299 -0.01529578 0.03679395 0.08026012 -0.0145762 0.03931012 0.07699397 -0.01529578 0.03679395 0.08026012 -0.01407837 0.03838643 0.07839397 -0.01514436 0.05563379 0.08001068 -0.01508869 0.05379211 0.08365642 -0.01281537 0.05832362 0.0870244 3.058066E-08 0.04843651 0.09984452 -2.851999E-08 0.05914079 0.09660739 -0.002368538 0.05162681 0.09964302 -0.009437318 0.04601532 0.09788898 3.146866E-06 0.04849018 0.09984615 -0.002368538 0.05162681 0.09964302 0.0001961544 0.04540067 0.1000088 3.146866E-06 0.04849018 0.09984615 -0.009437318 0.04601532 0.09788898 -0.01549845 0.03841056 0.08367293 -0.01529578 0.03679395 0.08026012 -0.0129775 0.031451 0.08004837 -0.0135227 0.054217 0.07976077 -0.01514436 0.05563379 0.08001068 -0.0137824 0.05406697 0.07859121 -0.01699052 0.05226478 0.07550039 -0.01449973 0.05306619 0.07674253 -0.01514436 0.05563379 0.08001068 -0.01519665 0.05131629 0.07552133 -0.01449973 0.05306619 0.07674253 -0.01699052 0.05226478 0.07550039 -0.01763086 0.04942128 0.07454434 -0.01519665 0.05131629 0.07552133 -0.01699052 0.05226478 0.07550039 -0.01559695 0.04891084 0.07476084 -0.01519665 0.05131629 0.07552133 -0.01763086 0.04942128 0.07454434 -0.01763086 0.04942128 0.07454434 -0.01601386 0.04596414 0.07448915 -0.01559695 0.04891084 0.07476084 -0.01529578 0.03679395 0.08026012 -0.01372726 0.0381889 0.07999299 -0.01407837 0.03838643 0.07839397 -0.01549845 0.03841056 0.08367293 -0.0136394 0.03855756 0.08150766 -0.01529578 0.03679395 0.08026012 -0.01369518 0.0394856 0.08289447 -0.0136394 0.03855756 0.08150766 -0.01549845 0.03841056 0.08367293 -0.01388266 0.04095831 0.08410433 -0.01369518 0.0394856 0.08289447 -0.01549845 0.03841056 0.08367293 -0.01402763 0.04338054 0.08506978 -0.01388266 0.04095831 0.08410433 -0.01549845 0.03841056 0.08367293 -0.01560835 0.04596236 0.08616066 -0.01402763 0.04338054 0.08506978 -0.01549845 0.03841056 0.08367293 -0.01412634 0.04597031 0.0854594 -0.01402763 0.04338054 0.08506978 -0.01560835 0.04596236 0.08616066 -0.01560835 0.04596236 0.08616066 -0.01397923 0.04885507 0.08520229 -0.01412634 0.04597031 0.0854594 -0.01551537 0.04928175 0.08586098 -0.01397923 0.04885507 0.08520229 -0.01560835 0.04596236 0.08616066 -0.01551537 0.04928175 0.08586098 -0.01384584 0.05088185 0.08437962 -0.01397923 0.04885507 0.08520229 -0.01508869 0.05379211 0.08365642 -0.01384584 0.05088185 0.08437962 -0.01551537 0.04928175 0.08586098 -0.01508869 0.05379211 0.08365642 -0.01354388 0.05287878 0.08302432 -0.01384584 0.05088185 0.08437962 -0.01339843 0.05407215 0.08132841 -0.01354388 0.05287878 0.08302432 -0.01508869 0.05379211 0.08365642 -1.131519E-09 0.0326368 0.09707769 3.040166E-10 0.04518678 0.0998994 -0.002946734 0.04092752 0.09952559 -0.01699052 0.05226478 0.07550039 -0.01514436 0.05563379 0.08001068 -0.0151565 0.05945338 0.06837846 -0.0151565 0.05945338 0.06837846 -0.01763086 0.04942128 0.07454434 -0.01699052 0.05226478 0.07550039 -0.01560835 0.04596236 0.08616066 -0.01549845 0.03841056 0.08367293 -0.01530855 0.04577371 0.09013398 -0.01560835 0.04596236 0.08616066 -0.0147294 0.04964519 0.08959566 -0.01551537 0.04928175 0.08586098 -0.0147294 0.04964519 0.08959566 -0.01508869 0.05379211 0.08365642 -0.01551537 0.04928175 0.08586098 0.01529578 0.03679395 0.08026012 0.01724635 0.0400644 0.07553963 0.0145762 0.03931012 0.07699397 0.01517198 0.04102468 0.07564488 0.01775692 0.04307349 0.07453595 0.01565678 0.04344732 0.07477808 0.01601386 0.04596414 0.07448915 0.01763086 0.04942128 0.07454434 0.01529578 0.03679395 0.08026012 0.0129775 0.031451 0.08004837 0.01804825 0.03918662 0.06841406 0.01800665 0.05267276 0.06840982 0.01763086 0.04942128 0.07454434 0.01549845 0.03841056 0.08367293 0.01271328 0.03411295 0.08743889 0.01953563 0.04595247 0.05774094 0.01574781 0.03191235 0.05774908 0.0151565 0.05945338 0.06837846 0.01763086 0.04942128 0.07454434 0.01568021 0.0599257 0.05774085 0.01965038 0.04595454 0.04265764 0.01281537 0.05832362 0.0870244 0.01514436 0.05563379 0.08001068 0.008597492 0.06650148 0.06838466 0.008839608 0.06707116 0.05773921 0.0147294 0.04964519 0.08959566 0.01508869 0.05379211 0.08365642 0.01563296 0.06036977 0.04265911 2.583195E-10 0.06984919 0.06856538 -1.227733E-32 0.07057296 0.05745747 0.00270475 0.07062312 0.04265177 0.003646038 0.06817917 0.02285035 0.007356886 0.06303208 0.08728894 7.889243E-10 0.06561817 0.08725112 2.34084E-09 0.06247794 0.09293577 0.007823036 0.0553842 0.0972706 -2.851999E-08 0.05914079 0.09660739 0.002368538 0.05162681 0.09964302 0.01157985 0.05252048 0.09411653 0.009437318 0.04601532 0.09788898 0.002368538 0.05162681 0.09964302 0.01530855 0.04577371 0.09013398 0.01560835 0.04596236 0.08616066 0.002946734 0.04092752 0.09952559 0.007682066 0.03733774 0.09769744 0.01549845 0.03841056 0.08367293 -1.131519E-09 0.0326368 0.09707769 0.002946734 0.04092752 0.09952559 0.007518439 0.02860352 0.08728593 1.564988E-10 0.02648484 0.08711444 2.071558E-10 0.02402231 0.08002427 0.009032118 0.02452585 0.0577775 9.291438E-11 0.0211437 0.05747979 0.002713474 0.02125072 0.04264955 0.01571661 0.03140212 0.04264172 0.003476022 0.02398041 0.02291519 0.00333231 0.02733169 0.004952554 0.01458031 0.03351588 0.02290183 0.01603428 0.04593894 0.004961158 0.01232827 0.03584415 0.005020563 0.01028265 0.03765233 -0.01165235 0.002601302 0.03262811 -0.01146609 0.002257 0.03692066 -0.02424791 0.002177741 0.04592781 -0.04087339 0.01310108 0.04592835 -0.01162432 0.01031294 0.05430466 -0.01164859 0.002297229 0.05501011 -0.02426436 0.002977118 0.0641474 0.005033942 0.01233177 0.05605589 0.00501911 0.01459092 0.05839407 0.02289909 -0.01529578 0.03679395 0.08026012 -0.0145762 0.03931012 0.07699397 -0.01724635 0.0400644 0.07553963 -0.01517198 0.04102468 0.07564488 -0.01775692 0.04307349 0.07453595 -0.01565678 0.04344732 0.07477808 -0.01601386 0.04596414 0.07448915 -0.01763086 0.04942128 0.07454434 -0.0129775 0.031451 0.08004837 -0.01529578 0.03679395 0.08026012 -0.01804825 0.03918662 0.06841406 -0.01763086 0.04942128 0.07454434 -0.01800665 0.05267276 0.06840982 -0.01271328 0.03411295 0.08743889 -0.01549845 0.03841056 0.08367293 -0.01953563 0.04595247 0.05774094 -0.01574781 0.03191235 0.05774908 -0.01763086 0.04942128 0.07454434 -0.0151565 0.05945338 0.06837846 -0.01568021 0.0599257 0.05774085 -0.01965038 0.04595454 0.04265764 -0.01281537 0.05832362 0.0870244 -0.01514436 0.05563379 0.08001068 -0.008597492 0.06650148 0.06838466 -0.008839608 0.06707116 0.05773921 -0.01508869 0.05379211 0.08365642 -0.0147294 0.04964519 0.08959566 -0.01563296 0.06036977 0.04265911 2.583195E-10 0.06984919 0.06856538 -1.227733E-32 0.07057296 0.05745747 -0.00270475 0.07062312 0.04265177 -0.003646038 0.06817917 0.02285035 -0.007356886 0.06303208 0.08728894 7.889243E-10 0.06561817 0.08725112 2.34084E-09 0.06247794 0.09293577 -0.007823036 0.0553842 0.0972706 -2.851999E-08 0.05914079 0.09660739 -0.002368538 0.05162681 0.09964302 -0.01157985 0.05252048 0.09411653 -0.002368538 0.05162681 0.09964302 -0.009437318 0.04601532 0.09788898 -0.01530855 0.04577371 0.09013398 -0.01560835 0.04596236 0.08616066 -0.007682066 0.03733774 0.09769744 -0.002946734 0.04092752 0.09952559 -0.01549845 0.03841056 0.08367293 -1.131519E-09 0.0326368 0.09707769 -0.002946734 0.04092752 0.09952559 -0.007518439 0.02860352 0.08728593 1.564988E-10 0.02648484 0.08711444 2.071558E-10 0.02402231 0.08002427 -0.009032118 0.02452585 0.0577775 9.291438E-11 0.0211437 0.05747979 -0.002713474 0.02125072 0.04264955 -0.01571661 0.03140212 0.04264172 -0.003476022 0.02398041 0.02291519 -0.00333231 0.02733169 0.004952554 -0.01458031 0.03351588 0.02290183 -0.01603428 0.04593894 0.004961158 -0.01232827 0.03584415 0.005020563 -0.01028265 0.03765233 -0.01165235 -0.002601302 0.03262811 -0.01146609 -0.002257 0.03692066 -0.02424791 -0.002177741 0.04592781 -0.04087339 -0.01310108 0.04592835 -0.01162432 -0.01031294 0.05430466 -0.01164859 -0.002297229 0.05501011 -0.02426436 -0.002977118 0.0641474 0.005033942 -0.01233177 0.05605589 0.00501911 -0.01459092 0.05839407 0.02289909</float_array>
                    <technique_common>
                        <accessor count="356" offset="0" source="pm0602_00_00_body_mesh_shape_lod2_body_00-geometry-POSITION-array" stride="3">
                            <param name="X" type="float" />
                            <param name="Y" type="float" />
                            <param name="Z" type="float" />
                        </accessor>
                    </technique_common>
                </source>
                <source id="pm0602_00_00_body_mesh_shape_lod2_body_00-geometry-NORMAL">
                    <float_array id="pm0602_00_00_body_mesh_shape_lod2_body_00-geometry-NORMAL-array" count="531">0.3896484 -0.9086914 0.1490479 0.4958496 -0.7905273 -0.3588867 0.6464844 -0.7568359 0.09326172 0.4899902 -0.6005859 -0.6313477 0.1012573 -0.7597656 0.6420898 0.3925781 -0.7807617 0.4853516 0.5600586 0.7421875 -0.3664551 0.4431152 0.8881836 0.1192627 0.6586914 0.7504883 0.04980469 0.2963867 0.8129883 0.5004883 0.1287842 0.7670898 0.6279297 0.9311523 0.2895508 0.2208252 0.9086914 0.3933105 0.1365967 0.7338867 0.6181641 0.2810059 0 0.3210449 0.9467773 0.1276855 0.1999512 0.9711914 0 0.6088867 0.7929688 0.1981201 -0.01882935 0.9794922 0.6274414 -0.03140259 0.777832 0.2121582 0.04092407 0.9760742 0.71875 -0.6806641 0.1395264 0.909668 -0.3991699 0.1135864 0.9106445 -0.314209 0.2666016 0.1420898 -0.5498047 0.8227539 0.2030029 -0.3579102 0.9111328 0.1047974 -0.1495361 0.9829102 0.1444092 -0.161499 0.9760742 0.008262634 0.001477242 0.9995117 0.4641113 0.5961914 -0.6547852 0.5869141 0.5654297 -0.5791016 0.3625488 0.3745117 -0.8530273 0.1739502 0.2971191 -0.9384766 0.3327637 0.1102295 -0.9360352 0.4274902 0.02575684 -0.9033203 0.4294434 -0.1621094 -0.8881836 0.4150391 -0.21875 -0.8828125 0.4162598 -0.373291 -0.8286133 0.5688477 -0.5229492 -0.6342773 0.1433105 -0.1572266 0.9770508 0 -0.2646484 0.9638672 0 -0.7167969 0.6967773 0.9487305 0.3078613 0.06640625 0.7998047 0.5898438 0.1063843 0.9863281 0.1335449 0.09411621 0.9956055 0.00561142 0.09228516 0.8706055 -0.1430664 0.4697266 0.972168 0.1320801 0.1917725 0.9052734 0.2436523 0.347168 -0.2121582 0.04092407 0.9760742 -0.6274414 -0.03140259 0.777832 -0.1433105 -0.1572266 0.9770508 -0.3896484 -0.9086914 0.1490479 -0.4958496 -0.7905273 -0.3588867 -0.4899902 -0.6005859 -0.6313477 -0.6464844 -0.7568359 0.09326172 -0.1012573 -0.7597656 0.6420898 -0.3925781 -0.7807617 0.4853516 -0.5600586 0.7421875 -0.3664551 -0.6586914 0.7504883 0.04980469 -0.4431152 0.8881836 0.1192627 -0.1287842 0.7670898 0.6279297 -0.2963867 0.8129883 0.5004883 -0.9086914 0.3933105 0.1365967 -0.9311523 0.2895508 0.2208252 -0.7338867 0.6181641 0.2810059 -0.1276855 0.1999512 0.9711914 -0.1981201 -0.01882935 0.9794922 -0.9106445 -0.314209 0.2666016 -0.909668 -0.3991699 0.1135864 -0.71875 -0.6806641 0.1395264 -0.1420898 -0.5498047 0.8227539 -0.2030029 -0.3579102 0.9111328 -0.1047974 -0.1495361 0.9829102 -0.1444092 -0.161499 0.9760742 -0.008262634 0.001477242 0.9995117 -0.4641113 0.5961914 -0.6547852 -0.5869141 0.5654297 -0.5791016 -0.3625488 0.3745117 -0.8530273 -0.1739502 0.2971191 -0.9384766 -0.3327637 0.1102295 -0.9360352 -0.4274902 0.02575684 -0.9033203 -0.4294434 -0.1621094 -0.8881836 -0.4150391 -0.21875 -0.8828125 -0.4162598 -0.373291 -0.8286133 -0.5688477 -0.5229492 -0.6342773 -0.9487305 0.3078613 0.06640625 -0.7998047 0.5898438 0.1063843 -0.9863281 0.1335449 0.09411621 -0.9956055 0.00561142 0.09228516 -0.8706055 -0.1430664 0.4697266 -0.9052734 0.2436523 0.347168 -0.972168 0.1320801 0.1917725 0.9345703 -0.2670898 0.2338867 0.2210693 0.3903809 0.8935547 0.9858398 0.001844406 0.164917 0.147583 0.2025146 0.9677734 0.9594727 -0.2705078 0.07818604 0.9750977 0.2047119 0.08459473 0.7832031 -0.4621582 0.4150391 0.9995117 0.002569199 0.01649475 0.8740234 -0.484375 0.03567505 0.8862305 0.4621582 0.01594543 0.9985352 0.001851082 -0.05267334 0.5493164 0.8251953 0.1295166 0.5742188 0.8183594 0.01760864 0.8339844 0.5478516 -0.05752563 0 0.987793 0.1533203 0 0.9970703 0.07507324 0.6508789 0.7583008 -0.02557373 0.7734375 0.6274414 -0.08868408 0.4833984 0.8193359 0.3078613 0 0.9594727 0.2814941 0 0.8120117 0.5834961 0.4643555 0.4848633 0.7407227 0.7915039 0.2602539 0.5522461 0.578125 -0.4294434 0.6933594 0.4733887 -0.8217773 0.3161621 0 -0.8964844 0.4423828 0 -0.9858398 0.1671143 0.5615234 -0.8251953 0.05368042 0 -0.9946289 0.1033936 0.6401367 -0.7661133 -0.04449463 0.8349609 -0.5454102 -0.06732178 0.7797852 -0.6191406 -0.08959961 0.8486328 -0.5161133 -0.1147461 0.8720703 -0.4748535 -0.1141968 0.9897461 -0.0002572536 -0.1418457 0.8134766 -0.5556641 -0.1699219 0.7988281 -0.5341797 -0.2758789 0.859375 -0.4755859 -0.1870117 0.9033203 -0.3808594 -0.1960449 0.9970703 0.02362061 -0.06604004 0.9604492 -0.001358986 -0.2773438 0.7436523 0.6083984 -0.276123 0.8916016 0.4057617 -0.1993408 0.855957 0.496582 -0.1407471 0.8012695 0.5742188 -0.1658936 0.8725586 0.4729004 -0.119751 -0.9345703 -0.2670898 0.2338867 -0.2210693 0.3903809 0.8935547 -0.9858398 0.001844406 0.164917 -0.147583 0.2025146 0.9677734 -0.9594727 -0.2705078 0.07818604 -0.9750977 0.2047119 0.08459473 -0.7832031 -0.4621582 0.4150391 -0.9995117 0.002569199 0.01649475 -0.8740234 -0.484375 0.03567505 -0.8862305 0.4621582 0.01594543 -0.9985352 0.001851082 -0.05267334 -0.5493164 0.8251953 0.1295166 -0.5742188 0.8183594 0.01760864 -0.8339844 0.5478516 -0.05752563 -0.6474609 0.7612305 -0.02819824 -0.7758789 0.6240234 -0.0859375 -0.4833984 0.8193359 0.3078613 -0.4643555 0.4848633 0.7407227 -0.7915039 0.2602539 0.5522461 -0.578125 -0.4294434 0.6933594 -0.4733887 -0.8217773 0.3161621 -0.5615234 -0.8251953 0.05368042 -0.6435547 -0.7636719 -0.04177856 -0.8349609 -0.5454102 -0.06732178 -0.7851563 -0.6118164 -0.09216309 -0.8500977 -0.5126953 -0.1160278 -0.8720703 -0.4748535 -0.1141968 -0.9897461 -0.0002572536 -0.1418457 -0.8134766 -0.5556641 -0.1699219 -0.7988281 -0.5341797 -0.2758789 -0.859375 -0.4755859 -0.1870117 -0.9033203 -0.3808594 -0.1960449 -0.9970703 0.02722168 -0.06549072 -0.9604492 -0.001358986 -0.2773438 -0.7436523 0.6083984 -0.276123 -0.8916016 0.4057617 -0.1993408 -0.855957 0.496582 -0.1407471 -0.8012695 0.5742188 -0.1658936 -0.8725586 0.4729004 -0.119751</float_array>
                    <technique_common>
                        <accessor count="177" offset="0" source="pm0602_00_00_body_mesh_shape_lod2_body_00-geometry-NORMAL-array" stride="3">
                            <param name="X" type="float" />
                            <param name="Y" type="float" />
                            <param name="Z" type="float" />
                        </accessor>
                    </technique_common>
                </source>
                <source id="pm0602_00_00_body_mesh_shape_lod2_body_00-geometry-TEXCOORD">
                    <float_array id="pm0602_00_00_body_mesh_shape_lod2_body_00-geometry-TEXCOORD-array" count="344">0.7471792 0.1412698 0.7541469 0.13609 0.7536891 0.1414977 0.7513739 0.1270437 0.7554358 0.1522113 0.753759 0.1455542 0.78894 0.1356593 0.7966153 0.1405047 0.7900787 0.1407034 0.7895475 0.1460314 0.7868223 0.1508501 0.7160996 0.109881 0.7328014 0.01267999 0.7317343 0.04942542 0.6901287 0.04142994 0.7467648 0.03363317 0.7699487 0.06999052 0.7788467 0.02879292 0.8346902 0.1368322 0.7913834 0.1270252 0.7541904 0.1600515 0.7587141 0.1568545 0.7601702 0.1641605 0.7633175 0.1592803 0.7691262 0.1600617 0.7865465 0.1310918 0.782253 0.1270682 0.7756399 0.1239178 0.7696926 0.1169069 0.7698589 0.1225843 0.7642992 0.1231259 0.7615146 0.1185938 0.7603132 0.1257243 0.7563602 0.1303804 0.8061818 0.04913676 0.8051775 0.0156737 0.8558414 0.04833549 0.7090608 0.1850228 0.7700849 0.1008729 0.7539691 0.1017282 0.2211533 0.02879292 0.2300513 0.06999052 0.1938182 0.04913676 0.2528208 0.1412698 0.2458531 0.13609 0.2486261 0.1270437 0.2463109 0.1414977 0.2445642 0.1522113 0.246241 0.1455542 0.21106 0.1356593 0.2099213 0.1407034 0.2033847 0.1405047 0.2131777 0.1508501 0.2104525 0.1460314 0.2839004 0.109881 0.2671986 0.01267999 0.3098713 0.04142994 0.2682657 0.04942542 0.2532352 0.03363317 0.2086166 0.1270252 0.1653098 0.1368322 0.2458096 0.1600515 0.2412859 0.1568545 0.2398298 0.1641605 0.2366825 0.1592803 0.2308738 0.1600617 0.2134535 0.1310918 0.217747 0.1270682 0.2243601 0.1239178 0.2303074 0.1169069 0.2301411 0.1225843 0.2357008 0.1231259 0.2384854 0.1185938 0.2396868 0.1257243 0.2436398 0.1303804 0.1441586 0.04833549 0.1948225 0.0156737 0.2909392 0.1850228 0.2299151 0.1008729 0.2460309 0.1017282 0.7854933 0.1608752 0.7816463 0.1557238 0.7765955 0.1649281 0.7754567 0.1588473 0.7984594 0.1883949 0.7402143 0.1876369 0.8217922 0.109028 0.7689614 0.2318611 0.8319255 0.2305633 0.7060155 0.2293096 0.7683491 0.2949308 0.66786 0.1792647 0.6630554 0.2257186 0.7039446 0.2937422 0.6283817 0.1706292 0.622092 0.223137 0.6311796 0.2925274 0.6469145 0.3835232 0.6874947 0.09908128 0.6578124 0.08176774 0.6721551 0.06063622 0.7247462 0.06788671 0.7388665 0.08502465 0.8139655 0.06702209 0.8519191 0.100877 0.8824826 0.08396524 0.8969939 0.1181958 0.8749214 0.2275596 0.9159326 0.2257676 0.9055268 0.2950286 0.8327593 0.2948787 0.8880838 0.3857322 0.8676317 0.4662106 0.8243138 0.3804199 0.7668456 0.4560987 0.8137152 0.4586409 0.8027692 0.53089 0.8417903 0.5397051 0.814842 0.5949315 0.7651701 0.6609581 0.7662217 0.5278357 0.7296259 0.5302753 0.7165383 0.5941555 0.6658896 0.4644144 0.7199368 0.4578143 0.7107784 0.3794019 0.2145067 0.1608752 0.2183537 0.1557238 0.2234045 0.1649281 0.2245433 0.1588473 0.2015406 0.1883949 0.2597857 0.1876369 0.1782078 0.109028 0.2310386 0.2318611 0.1680745 0.2305633 0.2939845 0.2293096 0.2316509 0.2949308 0.33214 0.1792647 0.3369446 0.2257186 0.2960554 0.2937422 0.3716183 0.1706292 0.377908 0.223137 0.3688204 0.2925274 0.3530855 0.3835232 0.3125053 0.09908128 0.3421876 0.08176774 0.3278449 0.06063622 0.2752538 0.06788671 0.2611335 0.08502465 0.1860345 0.06702209 0.1480809 0.100877 0.1175174 0.08396524 0.1030061 0.1181958 0.1250786 0.2275596 0.0840674 0.2257676 0.09447324 0.2950286 0.1672407 0.2948787 0.1119162 0.3857322 0.1323683 0.4662106 0.1756862 0.3804199 0.2331544 0.4560987 0.1862848 0.4586409 0.1972308 0.53089 0.1582097 0.5397051 0.185158 0.5949315 0.2348299 0.6609581 0.2337783 0.5278357 0.2703741 0.5302753 0.2834617 0.5941555 0.3341104 0.4644144 0.2800632 0.4578143 0.2892216 0.3794019</float_array>
                    <technique_common>
                        <accessor count="172" offset="0" source="pm0602_00_00_body_mesh_shape_lod2_body_00-geometry-TEXCOORD-array" stride="2">
                            <param name="S" type="float" />
                            <param name="T" type="float" />
                        </accessor>
                    </technique_common>
                </source>
                <vertices id="pm0602_00_00_body_mesh_shape_lod2_body_00-vertices">
                    <input semantic="POSITION" source="#pm0602_00_00_body_mesh_shape_lod2_body_00-geometry-POSITION" />
                </vertices>
                <triangles count="254" material="body_00">
                    <input semantic="VERTEX" source="#pm0602_00_00_body_mesh_shape_lod2_body_00-vertices" offset="0" set="0" />
                    <input semantic="NORMAL" source="#pm0602_00_00_body_mesh_shape_lod2_body_00-geometry-NORMAL" offset="1" set="0" />
                    <input semantic="TEXCOORD" source="#pm0602_00_00_body_mesh_shape_lod2_body_00-geometry-TEXCOORD" offset="2" set="0" />
                    <p>0 0 0 1 1 1 2 2 2 3 3 3 4 1 1 5 0 0 6 4 4 7 0 0 8 5 5 9 6 6 10 7 7 11 8 8 12 9 9 13 7 7 14 10 10 15 11 3 16 12 0 17 13 11 18 14 12 19 15 13 20 16 14 21 17 15 22 18 16 23 15 13 24 18 16 25 17 15 26 19 17 27 20 18 28 21 7 29 22 19 30 5 5 31 0 0 32 2 2 33 23 20 34 4 4 35 24 21 36 0 0 37 4 4 38 23 20 39 25 22 40 24 21 41 26 23 42 23 20 43 24 21 44 25 22 45 27 24 46 25 22 47 26 23 48 8 8 49 7 7 50 9 9 51 28 19 52 6 6 53 29 25 54 7 7 55 6 6 56 28 19 57 28 19 58 29 25 59 30 26 60 28 19 61 30 26 62 31 27 63 32 28 64 31 27 65 33 29 66 28 19 67 31 27 68 32 28 69 34 30 70 32 28 71 33 29 72 35 31 73 32 28 74 34 30 75 36 32 76 35 31 77 34 30 78 3 3 79 35 31 80 36 32 81 37 33 82 3 3 83 36 32 84 1 1 85 3 3 86 37 33 87 38 34 88 39 35 89 40 36 90 12 0 91 41 20 92 42 37 93 41 20 94 43 22 95 42 37 96 22 19 97 44 28 98 45 38 99 46 31 100 47 39 101 44 28 102 46 31 103 11 3 104 47 39 105 18 16 106 19 17 107 38 34 108 48 40 109 49 41 110 50 42 111 51 43 112 52 44 113 53 45 114 54 46 115 52 44 116 51 43 117 51 43 118 55 47 119 56 48 120 57 49 121 58 50 122 59 51 123 60 52 124 59 51 125 61 53 126 62 43 127 63 45 128 64 54 129 14 55 130 16 56 131 65 57 132 49 41 133 66 58 134 65 57 135 48 40 136 66 58 137 49 41 138 67 59 139 68 51 140 69 60 141 54 46 142 51 43 143 56 48 144 70 61 145 55 47 146 51 43 147 71 62 148 55 47 149 70 61 150 72 63 151 71 62 152 70 61 153 73 64 154 71 62 155 72 63 156 72 63 157 74 65 158 73 64 159 59 51 160 58 50 161 61 53 162 75 59 163 57 49 164 59 51 165 76 66 166 57 49 167 75 59 168 77 67 169 76 66 170 75 59 171 78 68 172 77 67 173 75 59 174 79 69 175 78 68 176 75 59 177 80 70 178 78 68 179 79 69 180 79 69 181 81 71 182 80 70 183 82 72 184 81 71 185 79 69 186 82 72 187 83 73 188 81 71 189 53 45 190 83 73 191 82 72 192 53 45 193 84 74 194 83 73 195 52 44 196 84 74 197 53 45 198 40 75 199 39 76 200 50 42 201 85 61 202 62 43 203 86 77 204 86 77 205 87 63 206 85 61 207 88 69 208 67 59 209 89 78 210 88 69 211 90 79 212 91 72 213 90 79 214 63 45 215 91 72 216 7 7 217 92 80 218 10 10 218 10 10 217 92 80 219 93 81 217 92 80 220 94 82 219 93 81 219 93 81 220 94 82 221 95 83 220 94 82 222 27 24 221 95 83 220 94 82 223 25 22 222 27 24 224 21 7 225 20 18 217 92 80 217 92 80 226 96 84 220 94 82 217 92 80 225 20 18 226 96 84 220 94 82 227 97 85 228 43 22 226 96 84 227 97 85 220 94 82 229 22 19 230 98 86 225 20 18 231 99 87 227 97 85 226 96 84 226 96 84 225 20 18 232 100 88 231 99 87 226 96 84 232 100 88 227 97 85 233 42 37 234 43 22 235 101 89 227 97 85 231 99 87 227 97 85 235 101 89 233 42 37 231 99 87 232 100 88 236 102 90 236 102 90 235 101 89 231 99 87 233 42 37 237 13 11 238 12 0 235 101 89 239 103 91 233 42 37 239 103 91 237 13 11 233 42 37 240 104 92 239 103 91 235 101 89 241 47 39 242 11 3 237 13 11 243 105 93 240 104 92 235 101 89 243 105 93 235 101 89 236 102 90 240 104 92 244 106 94 239 103 91 245 107 95 244 106 94 240 104 92 240 104 92 246 108 96 245 107 95 243 105 93 246 108 96 240 104 92 243 105 93 247 109 97 246 108 96 248 110 98 239 103 91 244 106 94 248 110 98 237 13 11 239 103 91 249 111 99 248 110 98 244 106 94 249 111 99 250 112 100 248 110 98 248 110 98 250 112 100 251 113 101 237 13 11 248 110 98 251 113 101 250 112 100 252 16 14 251 113 101 253 15 13 251 113 101 252 16 14 254 114 102 237 13 11 251 113 101 254 114 102 241 47 39 237 13 11 255 18 16 251 113 101 256 15 13 254 114 102 251 113 101 255 18 16 254 114 102 257 45 38 241 47 39 255 18 16 257 45 38 254 114 102 258 44 28 241 47 39 257 45 38 255 18 16 259 38 34 260 115 103 260 115 103 257 45 38 255 18 16 257 45 38 230 98 86 261 22 19 230 98 86 257 45 38 260 115 103 262 40 36 260 115 103 263 38 34 230 98 86 260 115 103 264 116 104 260 115 103 262 40 36 264 116 104 230 98 86 264 116 104 225 20 18 264 116 104 262 40 36 265 117 105 264 116 104 265 117 105 266 118 106 267 119 107 225 20 18 264 116 104 264 116 104 266 118 106 267 119 107 232 100 88 225 20 18 267 119 107 267 119 107 266 118 106 268 120 108 269 121 109 267 119 107 268 120 108 232 100 88 267 119 107 270 122 110 270 122 110 267 119 107 269 121 109 271 123 111 270 122 110 269 121 109 236 102 90 232 100 88 270 122 110 272 124 112 270 122 110 271 123 111 273 125 113 236 102 90 270 122 110 272 124 112 273 125 113 270 122 110 274 126 114 236 102 90 273 125 113 275 127 115 273 125 113 272 124 112 273 125 113 275 127 115 274 126 114 276 128 116 275 127 115 272 124 112 276 128 116 272 124 112 277 129 117 278 130 118 276 128 116 277 129 117 279 131 119 276 128 116 278 130 118 280 132 120 275 127 115 276 128 116 276 128 116 279 131 119 280 132 120 274 126 114 275 127 115 280 132 120 280 132 120 279 131 119 281 133 121 279 131 119 282 134 122 281 133 121 281 133 121 282 134 122 283 135 123 281 133 121 283 135 123 247 109 97 281 133 121 284 136 124 280 132 120 284 136 124 281 133 121 247 109 97 280 132 120 284 136 124 274 126 114 284 136 124 247 109 97 285 137 125 274 126 114 284 136 124 285 137 125 274 126 114 285 137 125 236 102 90 285 137 125 247 109 97 243 105 93 236 102 90 285 137 125 243 105 93 286 59 51 287 60 52 288 138 126 288 138 126 287 60 52 289 139 127 288 138 126 289 139 127 290 140 128 290 140 128 289 139 127 291 141 129 291 141 129 292 74 65 290 140 128 290 140 128 292 74 65 293 72 63 288 138 126 294 69 60 295 68 51 288 138 126 290 140 128 296 142 130 294 69 60 288 138 126 296 142 130 290 140 128 297 87 63 298 143 131 296 142 130 290 140 128 298 143 131 294 69 60 299 144 132 300 67 59 296 142 130 298 143 131 301 145 133 302 146 134 294 69 60 296 142 130 302 146 134 296 142 130 301 145 133 298 143 131 303 87 63 304 86 77 301 145 133 298 143 131 305 147 135 298 143 131 304 86 77 305 147 135 306 148 136 302 146 134 301 145 133 301 145 133 305 147 135 306 148 136 307 64 54 304 86 77 308 62 43 304 86 77 309 149 137 305 147 135 307 64 54 309 149 137 304 86 77 305 147 135 309 149 137 310 150 138 311 63 45 312 90 79 307 64 54 305 147 135 310 150 138 313 151 139 306 148 136 305 147 135 313 151 139 309 149 137 314 106 140 310 150 138 310 150 138 314 106 140 315 107 141 316 152 142 310 150 138 315 107 141 313 151 139 310 150 138 316 152 142 317 153 143 313 151 139 316 152 142 314 106 140 309 149 137 318 154 144 318 154 144 309 149 137 307 64 54 314 106 140 318 154 144 319 111 145 318 154 144 320 112 146 319 111 145 321 155 147 320 112 146 318 154 144 307 64 54 321 155 147 318 154 144 321 155 147 322 16 56 320 112 146 321 155 147 323 65 57 322 16 56 324 156 148 321 155 147 307 64 54 312 90 79 324 156 148 307 64 54 325 65 57 321 155 147 326 49 41 326 49 41 321 155 147 324 156 148 327 89 78 324 156 148 312 90 79 326 49 41 324 156 148 327 89 78 327 89 78 312 90 79 328 88 69 326 49 41 329 157 149 330 50 42 327 89 78 329 157 149 326 49 41 331 67 59 299 144 132 327 89 78 299 144 132 329 157 149 327 89 78 329 157 149 332 40 75 333 50 42 334 158 150 329 157 149 299 144 132 334 158 150 332 40 75 329 157 149 294 69 60 334 158 150 299 144 132 335 117 151 332 40 75 334 158 150 335 117 151 334 158 150 336 118 152 294 69 60 337 159 153 334 158 150 337 159 153 336 118 152 334 158 150 302 146 134 337 159 153 294 69 60 338 120 154 336 118 152 337 159 153 337 159 153 339 160 155 338 120 154 340 161 156 337 159 153 302 146 134 340 161 156 339 160 155 337 159 153 340 161 156 341 162 157 339 160 155 340 161 156 302 146 134 306 148 136 342 163 158 341 162 157 340 161 156 306 148 136 343 164 159 340 161 156 343 164 159 342 163 158 340 161 156 344 165 160 343 164 159 306 148 136 345 166 161 342 163 158 343 164 159 344 165 160 345 166 161 343 164 159 345 166 161 346 167 162 342 163 158 346 167 162 347 168 163 342 163 158 346 167 162 348 169 164 347 168 163 349 170 165 348 169 164 346 167 162 346 167 162 345 166 161 350 171 166 350 171 166 349 170 165 346 167 162 350 171 166 345 166 161 344 165 160 351 172 167 349 170 165 350 171 166 349 170 165 351 172 167 352 173 168 352 173 168 351 172 167 353 174 169 351 172 167 317 153 143 353 174 169 350 171 166 354 175 170 351 172 167 351 172 167 354 175 170 317 153 143 344 165 160 354 175 170 350 171 166 354 175 170 355 176 171 317 153 143 355 176 171 354 175 170 344 165 160 344 165 160 306 148 136 355 176 171 317 153 143 355 176 171 313 151 139 355 176 171 306 148 136 313 151 139</p>
                </triangles>
            </mesh>
        </geometry>
        <geometry id="pm0602_00_00_eye_mesh_shape_lod2_r_eye-geometry" name="pm0602_00_00_eye_mesh_shape_lod2_r_eye">
            <mesh>
                <source id="pm0602_00_00_eye_mesh_shape_lod2_r_eye-geometry-POSITION">
                    <float_array id="pm0602_00_00_eye_mesh_shape_lod2_r_eye-geometry-POSITION-array" count="69">-0.0162468 0.04574388 0.07376266 -0.01410325 0.04282784 0.0861339 -0.01411714 0.04595473 0.08667722 -0.01409542 0.04882469 0.08630794 -0.0162468 0.04574388 0.07376266 -0.01390052 0.05193797 0.08545652 -0.0162468 0.04574388 0.07376266 -0.01601543 0.04923696 0.07399764 -0.0162468 0.04574388 0.07376266 -0.01530268 0.05266488 0.0751885 -0.01427333 0.0548798 0.07705884 -0.01344035 0.05599361 0.079974 -0.01326324 0.0545999 0.08336588 -0.01518953 0.0388534 0.07576837 -0.0162468 0.04574388 0.07376266 -0.01587683 0.04217723 0.07422554 -0.01388784 0.0397297 0.08490563 -0.0162468 0.04574388 0.07376266 -0.01423518 0.03703959 0.0775077 -0.01347634 0.03638487 0.08015542 -0.01337429 0.03742646 0.08287127 -0.0162468 0.04574388 0.07376266 -0.01410325 0.04282784 0.0861339</float_array>
                    <technique_common>
                        <accessor count="23" offset="0" source="pm0602_00_00_eye_mesh_shape_lod2_r_eye-geometry-POSITION-array" stride="3">
                            <param name="X" type="float" />
                            <param name="Y" type="float" />
                            <param name="Z" type="float" />
                        </accessor>
                    </technique_common>
                </source>
                <source id="pm0602_00_00_eye_mesh_shape_lod2_r_eye-geometry-NORMAL">
                    <float_array id="pm0602_00_00_eye_mesh_shape_lod2_r_eye-geometry-NORMAL-array" count="48">-0.9868164 -0.02876282 0.1577148 -0.9848633 -0.07836914 0.1522217 -0.9863281 -0.00261879 0.1627197 -0.9858398 0.06799316 0.1523438 -0.9790039 0.1380615 0.149292 -0.9829102 0.08630371 0.1610107 -0.9697266 0.1940918 0.1461182 -0.9384766 0.3093262 0.1500244 -0.9375 0.3122559 0.1523438 -0.9047852 0.3745117 0.2011719 -0.9785156 -0.1362305 0.1531982 -0.9536133 -0.06079102 0.2939453 -0.9790039 -0.1387939 0.1469727 -0.9267578 -0.3361816 0.1657715 -0.9165039 -0.359375 0.173584 -0.918457 -0.3557129 0.1708984</float_array>
                    <technique_common>
                        <accessor count="16" offset="0" source="pm0602_00_00_eye_mesh_shape_lod2_r_eye-geometry-NORMAL-array" stride="3">
                            <param name="X" type="float" />
                            <param name="Y" type="float" />
                            <param name="Z" type="float" />
                        </accessor>
                    </technique_common>
                </source>
                <source id="pm0602_00_00_eye_mesh_shape_lod2_r_eye-geometry-TEXCOORD">
                    <float_array id="pm0602_00_00_eye_mesh_shape_lod2_r_eye-geometry-TEXCOORD-array" count="32">0.1904706 0.4784995 0.7940492 0.3379918 0.8195523 0.4888157 0.8022404 0.6271982 0.7632856 0.7781341 0.2031311 0.6471801 0.2648683 0.8145034 0.3612211 0.9274561 0.5062729 0.9843599 0.6692072 0.9150517 0.2934623 0.1439725 0.2149365 0.3059039 0.737584 0.1870762 0.3834407 0.05043006 0.5154154 0.01512516 0.6453538 0.06835675</float_array>
                    <technique_common>
                        <accessor count="16" offset="0" source="pm0602_00_00_eye_mesh_shape_lod2_r_eye-geometry-TEXCOORD-array" stride="2">
                            <param name="S" type="float" />
                            <param name="T" type="float" />
                        </accessor>
                    </technique_common>
                </source>
                <vertices id="pm0602_00_00_eye_mesh_shape_lod2_r_eye-vertices">
                    <input semantic="POSITION" source="#pm0602_00_00_eye_mesh_shape_lod2_r_eye-geometry-POSITION" />
                </vertices>
                <triangles count="14" material="r_eye">
                    <input semantic="VERTEX" source="#pm0602_00_00_eye_mesh_shape_lod2_r_eye-vertices" offset="0" set="0" />
                    <input semantic="NORMAL" source="#pm0602_00_00_eye_mesh_shape_lod2_r_eye-geometry-NORMAL" offset="1" set="0" />
                    <input semantic="TEXCOORD" source="#pm0602_00_00_eye_mesh_shape_lod2_r_eye-geometry-TEXCOORD" offset="2" set="0" />
                    <p>0 0 0 1 1 1 2 2 2 3 3 3 4 0 0 2 2 2 5 4 4 6 0 0 3 3 3 5 4 4 7 5 5 8 0 0 5 4 4 9 6 6 7 5 5 5 4 4 10 7 7 9 6 6 11 8 8 10 7 7 5 4 4 11 8 8 5 4 4 12 9 9 13 10 10 14 0 0 15 11 11 16 12 12 17 0 0 13 10 10 18 13 13 16 12 12 13 10 10 19 14 14 16 12 12 18 13 13 19 14 14 20 15 15 16 12 12 21 0 0 16 12 12 22 1 1</p>
                </triangles>
            </mesh>
        </geometry>
        <geometry id="pm0602_00_00_eye_mesh_shape_lod2_l_eye-geometry" name="pm0602_00_00_eye_mesh_shape_lod2_l_eye">
            <mesh>
                <source id="pm0602_00_00_eye_mesh_shape_lod2_l_eye-geometry-POSITION">
                    <float_array id="pm0602_00_00_eye_mesh_shape_lod2_l_eye-geometry-POSITION-array" count="102">0.01601543 0.04923696 0.07399764 0.01530268 0.05266488 0.0751885 0.01390052 0.05193797 0.08545652 0.01326324 0.0545999 0.08336588 0.01390052 0.05193797 0.08545652 0.01344035 0.05599361 0.079974 0.01388784 0.0397297 0.08490563 0.01337429 0.03742646 0.08287127 0.01347634 0.03638487 0.08015542 0.01388784 0.0397297 0.08490563 0.01423518 0.03703959 0.0775077 0.01518953 0.0388534 0.07576837 0.01347634 0.03638487 0.08015542 0.01423518 0.03703959 0.0775077 0.01388784 0.0397297 0.08490563 0.01390052 0.05193797 0.08545652 0.01427333 0.0548798 0.07705884 0.01344035 0.05599361 0.079974 0.01530268 0.05266488 0.0751885 0.01427333 0.0548798 0.07705884 0.01390052 0.05193797 0.08545652 0.0162468 0.04574388 0.07376266 0.01518953 0.0388534 0.07576837 0.01587683 0.04217723 0.07422554 0.01388784 0.0397297 0.08490563 0.01518953 0.0388534 0.07576837 0.01601543 0.04923696 0.07399764 0.01390052 0.05193797 0.08545652 0.01390052 0.05193797 0.08545652 0.01409542 0.04882469 0.08630794 0.01410325 0.04282784 0.0861339 0.01388784 0.0397297 0.08490563 0.01411714 0.04595473 0.08667722 0.01409542 0.04882469 0.08630794</float_array>
                    <technique_common>
                        <accessor count="34" offset="0" source="pm0602_00_00_eye_mesh_shape_lod2_l_eye-geometry-POSITION-array" stride="3">
                            <param name="X" type="float" />
                            <param name="Y" type="float" />
                            <param name="Z" type="float" />
                        </accessor>
                    </technique_common>
                </source>
                <source id="pm0602_00_00_eye_mesh_shape_lod2_l_eye-geometry-NORMAL">
                    <float_array id="pm0602_00_00_eye_mesh_shape_lod2_l_eye-geometry-NORMAL-array" count="48">0.9829102 0.08630371 0.1610107 0.9697266 0.1940918 0.1461182 0.9790039 0.1380615 0.149292 0.9047852 0.3745117 0.2011719 0.9375 0.3122559 0.1523438 0.9790039 -0.1387939 0.1469727 0.918457 -0.3557129 0.1708984 0.9165039 -0.359375 0.173584 0.9267578 -0.3361816 0.1657715 0.9785156 -0.1362305 0.1531982 0.9384766 0.3093262 0.1500244 0.9868164 -0.02876282 0.1577148 0.9536133 -0.06079102 0.2939453 0.9858398 0.06799316 0.1523438 0.9848633 -0.07836914 0.1522217 0.9863281 -0.00261879 0.1627197</float_array>
                    <technique_common>
                        <accessor count="16" offset="0" source="pm0602_00_00_eye_mesh_shape_lod2_l_eye-geometry-NORMAL-array" stride="3">
                            <param name="X" type="float" />
                            <param name="Y" type="float" />
                            <param name="Z" type="float" />
                        </accessor>
                    </technique_common>
                </source>
                <source id="pm0602_00_00_eye_mesh_shape_lod2_l_eye-geometry-TEXCOORD">
                    <float_array id="pm0602_00_00_eye_mesh_shape_lod2_l_eye-geometry-TEXCOORD-array" count="32">0.2031311 0.6471801 0.2648683 0.8145034 0.7632856 0.7781341 0.6692072 0.9150517 0.5062729 0.9843599 0.737584 0.1870762 0.6453538 0.06835675 0.5154154 0.01512516 0.3834407 0.05043006 0.2934623 0.1439725 0.3612211 0.9274561 0.1904706 0.4784995 0.2149365 0.3059039 0.8022404 0.6271982 0.7940492 0.3379918 0.8195523 0.4888157</float_array>
                    <technique_common>
                        <accessor count="16" offset="0" source="pm0602_00_00_eye_mesh_shape_lod2_l_eye-geometry-TEXCOORD-array" stride="2">
                            <param name="S" type="float" />
                            <param name="T" type="float" />
                        </accessor>
                    </technique_common>
                </source>
                <vertices id="pm0602_00_00_eye_mesh_shape_lod2_l_eye-vertices">
                    <input semantic="POSITION" source="#pm0602_00_00_eye_mesh_shape_lod2_l_eye-geometry-POSITION" />
                </vertices>
                <triangles count="14" material="l_eye">
                    <input semantic="VERTEX" source="#pm0602_00_00_eye_mesh_shape_lod2_l_eye-vertices" offset="0" set="0" />
                    <input semantic="NORMAL" source="#pm0602_00_00_eye_mesh_shape_lod2_l_eye-geometry-NORMAL" offset="1" set="0" />
                    <input semantic="TEXCOORD" source="#pm0602_00_00_eye_mesh_shape_lod2_l_eye-geometry-TEXCOORD" offset="2" set="0" />
                    <p>0 0 0 1 1 1 2 2 2 3 3 3 4 2 2 5 4 4 6 5 5 7 6 6 8 7 7 9 5 5 10 8 8 11 9 9 12 7 7 13 8 8 14 5 5 15 2 2 16 10 10 17 4 4 18 1 1 19 10 10 20 2 2 21 11 11 22 9 9 23 12 12 24 5 5 25 9 9 21 11 11 21 11 11 26 0 0 27 2 2 28 2 2 29 13 13 21 11 11 30 14 14 31 5 5 21 11 11 32 15 15 30 14 14 21 11 11 21 11 11 33 13 13 32 15 15</p>
                </triangles>
            </mesh>
        </geometry>
    </library_geometries>
    <library_controllers>
        <controller id="pm0602_00_00_body_mesh_shape_lod2_body_01-controller" name="pm0602_00_00_body_mesh_shape_lod2_body_01">
            <skin source="#pm0602_00_00_body_mesh_shape_lod2_body_01-geometry">
                <bind_shape_matrix>1 0 0 0 0 1 0 0 0 0 1 0 0 0 0 1</bind_shape_matrix>
                <source id="pm0602_00_00_body_mesh_shape_lod2_body_01-joints">
                    <Name_array id="pm0602_00_00_body_mesh_shape_lod2_body_01-joints-array" count="20">left_upper_jaw_01 left_lower_jaw_01 waist left_lower_jaw_02 right_lower_jaw_01 right_upper_jaw_01 left_upper_jaw_02 upper_feeler_a tail_02 upper_feeler_b tail_03 tail_01 upper_feeler_c tail_04 tail_05 lower_feeler_a lower_feeler_b lower_feeler_c right_lower_jaw_02 right_upper_jaw_02</Name_array>
                    <technique_common>
                        <accessor count="20" offset="0" source="#pm0602_00_00_body_mesh_shape_lod2_body_01-joints-array" stride="1">
                            <param name="JOINT" type="Name" />
                        </accessor>
                    </technique_common>
                </source>
                <source id="pm0602_00_00_body_mesh_shape_lod2_body_01-matrices">
                    <float_array id="pm0602_00_00_body_mesh_shape_lod2_body_01-matrices-array" count="320">0.3421845 0.1275564 0.9309361 -0.0770515 0.423988 -0.9051082 -0.03182691 0.04917859 0.838539 0.405596 -0.3637939 0.01201946 1E-06 1E-06 1E-06 1.000001 0.2931956 -0.1502534 0.9441731 -0.06564216 -0.4560711 -0.8899419 9.403954E-07 0.03752784 0.8402602 -0.4306096 -0.3294522 0.04779164 1E-06 1E-06 1E-06 1.000001 1E-06 8.807907E-07 -0.9999991 0.08371302 1.000001 1E-06 1.119209E-06 9.900208E-07 1.119209E-06 -0.9999991 1E-06 0.04593602 1E-06 1E-06 1E-06 1.000001 0.2931956 -0.1502534 0.9441731 -0.08858413 -0.4560711 -0.8899419 9.403954E-07 0.03752784 0.8402602 -0.4306096 -0.3294522 0.04779164 1E-06 1E-06 1E-06 1.000001 -0.2931932 -0.1502517 0.9441735 -0.06564227 -0.4560679 0.8899457 9.10593E-07 -0.03752591 -0.8402601 -0.4306066 -0.3294513 0.04779144 1E-06 1E-06 1E-06 1.000001 -0.3421819 0.1275551 0.9309365 -0.07705142 0.4239849 0.9051114 0.03182883 -0.04917663 -0.8385387 0.4055935 -0.3637931 0.01201951 1E-06 1E-06 1E-06 1.000001 0.3421845 0.1275564 0.9309361 -0.1003945 0.423988 -0.9051082 -0.03182691 0.04917859 0.838539 0.405596 -0.3637939 0.01201946 1E-06 1E-06 1E-06 1.000001 8.807907E-07 1.000001 1.059605E-06 -0.06691521 -0.9999992 1E-06 7.933679E-07 1.011626E-06 9.125771E-07 1.178814E-06 1.000001 -0.01883838 1E-06 1E-06 1E-06 1.000001 1E-06 8.807907E-07 -0.9999991 0.01884037 1.000001 1E-06 1.119209E-06 9.900208E-07 1.119209E-06 -0.9999991 1E-06 0.04593602 1E-06 1E-06 1E-06 1.000001 8.807907E-07 1.000001 1.059605E-06 -0.05869997 -0.9999992 1E-06 7.933679E-07 1.008666E-06 9.125771E-07 1.178814E-06 1.000001 0.0150279 1E-06 1E-06 1E-06 1.000001 1E-06 8.807907E-07 -0.9999991 -0.0150259 1.000001 1E-06 1.119209E-06 9.900208E-07 1.119209E-06 -0.9999991 1E-06 0.04593602 1E-06 1E-06 1E-06 1.000001 1E-06 8.807907E-07 -0.9999991 0.05686475 1.000001 1E-06 1.119209E-06 9.900208E-07 1.119209E-06 -0.9999991 1E-06 0.04593602 1E-06 1E-06 1E-06 1.000001 8.807907E-07 1.000001 1.059605E-06 -0.04593402 -0.9999992 1E-06 7.933679E-07 1.005847E-06 9.125771E-07 1.178814E-06 1.000001 0.04726709 1E-06 1E-06 1E-06 1.000001 1E-06 8.807907E-07 -0.9999991 -0.04726509 1.000001 1E-06 1.119209E-06 9.900208E-07 1.119209E-06 -0.9999991 1E-06 0.04593602 1E-06 1E-06 1E-06 1.000001 1E-06 8.807907E-07 -0.9999991 -0.07194095 1.000001 1E-06 1.119209E-06 9.900208E-07 1.119209E-06 -0.9999991 1E-06 0.04593602 1E-06 1E-06 1E-06 1.000001 1.119209E-06 -0.9999991 9.403954E-07 0.02496105 1.000001 1E-06 1.119209E-06 9.900208E-07 1E-06 1.059605E-06 1.000001 -0.01883837 1E-06 1E-06 1E-06 1.000001 1.119209E-06 -0.9999991 9.403954E-07 0.0336439 1.000001 1E-06 1.119209E-06 9.900208E-07 1E-06 1.059605E-06 1.000001 0.0150279 1E-06 1E-06 1E-06 1.000001 1.119209E-06 -0.9999991 9.403954E-07 0.04593602 1.000001 1E-06 1.119209E-06 9.900208E-07 1E-06 1.059605E-06 1.000001 0.04726709 1E-06 1E-06 1E-06 1.000001 -0.2931932 -0.1502517 0.9441735 -0.08858427 -0.4560679 0.8899457 9.10593E-07 -0.03752592 -0.8402601 -0.4306066 -0.3294513 0.04779145 1E-06 1E-06 1E-06 1.000001 -0.3421819 0.1275551 0.9309365 -0.1003945 0.4239849 0.9051114 0.03182883 -0.04917663 -0.8385387 0.4055935 -0.3637931 0.01201951 1E-06 1E-06 1E-06 1.000001</float_array>
                    <technique_common>
                        <accessor count="20" offset="0" source="#pm0602_00_00_body_mesh_shape_lod2_body_01-matrices-array" stride="16">
                            <param name="TRANSFORM" type="float4x4" />
                        </accessor>
                    </technique_common>
                </source>
                <source id="pm0602_00_00_body_mesh_shape_lod2_body_01-weights">
                    <float_array id="pm0602_00_00_body_mesh_shape_lod2_body_01-weights-array" count="141">0.1700008 0.6200046 0.2099947 0.6260014 0.1320058 0.2419928 0.9000076 0.1000076 0.4599985 0.08000305 0.3300069 0.3400015 0.2999924 0.4 0.2500038 0.5000076 0.05999848 0.9400015 0.6 0.05299458 0.3470054 0.2160067 0.4540017 0.3730068 0.2970016 0.09799344 0.2720073 0.6299992 0.7300069 0.5730068 0.323003 0.1040055 0.6899977 0.1499962 0.1600061 0.5700008 0.2599985 0.4500038 0.3439994 0.1250019 0.5309987 0.4800031 0.4200046 0.2350042 0.1530022 0.6119936 0.4529946 0.3049973 0.1680018 0.2209964 0.6110017 0.4299992 0.6469978 0.02000458 0.3329976 0.6209964 0.2110018 0.3600061 0.5049973 0.1349966 0.4139925 0.5459983 0.0399939 0.2299992 0.1369955 0.476997 0.244007 0.278996 0.2240024 0.482002 0.2939956 0.555993 0.4240024 0.4039979 0.4469978 0.1490044 0.2699931 0.1400015 0.8599985 0.2019989 0.444007 0.353994 0.3700007 0.1459983 0.5940032 0.08299382 0.8130007 0.2370031 0.7219959 0.04100099 0.4429999 0.3409934 0.4679942 0.1279927 0.1839933 0.5920043 0.06999313 0.2930037 0.08099489 0.09399558 0.4690013 0.4370031 0.7009994 0.2059968 0.09300373 0.4229954 0.07200732 0.3669947 0.3980011 0.2729992 0.6160067 0.1109941 0.1020066 0.6740063 0.6220035 0.3369955 0.00999466 0.7400015 0.1100023 0.2200046 0.6699932 0.6019989 0.2859998 0.1120012 0.5100023 0.119997 0.4339971 0.02999924 0.5360036 0.4849927 0.3739986 0.1409934 0.9600061 0.5300069 0.05000382 1 0.6999924 0.3159991 0.2039979 0.2 0.8</float_array>
                    <technique_common>
                        <accessor count="141" offset="0" source="#pm0602_00_00_body_mesh_shape_lod2_body_01-weights-array" stride="1">
                            <param name="WEIGHT" type="float" />
                        </accessor>
                    </technique_common>
                </source>
                <joints>
                    <input semantic="JOINT" source="#pm0602_00_00_body_mesh_shape_lod2_body_01-joints" />
                    <input semantic="INV_BIND_MATRIX" source="#pm0602_00_00_body_mesh_shape_lod2_body_01-matrices" />
                </joints>
                <vertex_weights count="385">
                    <input semantic="JOINT" source="#pm0602_00_00_body_mesh_shape_lod2_body_01-joints" offset="0" set="0" />
                    <input semantic="WEIGHT" source="#pm0602_00_00_body_mesh_shape_lod2_body_01-weights" offset="1" set="0" />
                    <vcount>3 3 2 3 3 2 3 3 2 3 2 3 3 2 2 3 3 3 3 3 3 3 3 3 3 3 3 3 3 3 3 3 3 2 2 3 3 3 2 3 3 3 3 3 3 3 3 3 3 3 3 3 3 3 3 3 3 3 3 3 3 3 3 3 3 3 3 3 3 3 3 3 2 2 2 3 3 3 3 3 3 3 3 3 3 3 3 3 3 3 3 3 3 3 3 3 3 3 3 3 3 3 3 3 3 3 3 3 3 3 3 3 3 3 3 3 3 3 3 3 3 3 3 3 3 3 3 3 3 3 3 3 3 3 3 3 3 3 2 3 3 3 3 3 3 3 3 3 2 3 3 2 3 3 3 2 2 3 2 3 3 3 3 3 3 3 2 2 3 3 3 3 3 3 3 3 3 3 2 2 3 2 3 3 3 3 3 3 3 2 2 2 3 3 3 3 3 3 3 3 3 3 3 3 3 3 3 3 3 3 3 3 3 3 3 3 3 3 3 3 3 3 3 3 3 3 3 3 3 3 3 3 2 3 3 3 3 3 3 3 3 3 3 3 3 3 3 3 3 3 3 3 3 3 3 3 3 3 3 3 3 3 3 3 3 3 3 3 3 3 3 3 3 3 3 2 3 3 3 3 3 3 3 3 3 3 3 3 3 3 3 3 3 3 3 3 3 3 3 3 2 3 3 3 3 2 2 3 3 3 2 2 2 3 3 3 2 2 3 3 3 2 2 2 2 2 2 2 2 3 3 1 2 1 2 3 1 1 1 1 1 1 2 1 3 3 2 3 2 3 2 3 2 2 2 2 2 2 2 2 2 3 3 2 1 2 1 3 2 1 1 1 1 1 1 2 1 3 3 2 3 2 3 3 2</vcount>
                    <v>0 0 1 1 2 2 1 3 3 4 2 5 1 6 2 7 4 8 1 8 2 9 4 10 1 10 2 11 1 6 2 7 0 12 2 13 5 12 0 14 2 15 5 14 6 16 0 17 0 0 1 1 2 2 0 6 2 7 0 18 1 19 2 20 0 18 1 19 2 20 0 6 2 7 6 16 0 17 7 21 8 10 9 22 7 23 8 10 9 24 7 21 8 10 9 22 7 21 8 10 9 22 10 25 8 26 9 27 7 21 8 10 9 22 11 28 8 7 2 0 11 29 7 30 8 31 11 32 7 33 2 34 10 35 12 0 9 36 10 37 12 14 9 12 10 38 12 39 9 40 10 41 12 42 9 7 10 37 12 14 9 12 10 35 12 0 9 36 10 43 13 44 12 45 10 5 13 46 12 47 10 48 13 49 12 50 13 51 14 35 13 51 14 35 13 52 12 53 14 54 13 52 12 53 14 54 13 55 12 56 14 48 13 51 14 35 13 55 12 56 14 48 13 57 12 58 14 59 10 5 13 46 12 47 10 5 13 46 12 47 10 60 12 61 9 62 10 41 12 42 9 7 10 43 13 44 12 45 10 60 12 61 9 62 10 5 13 46 12 47 10 63 8 0 9 18 10 38 12 39 9 40 10 5 8 64 9 55 7 65 8 66 9 67 10 25 8 26 9 27 7 21 8 10 9 22 7 23 8 10 9 24 11 68 7 69 8 70 7 65 8 66 9 67 11 71 8 72 2 53 11 73 7 74 8 75 11 29 7 30 8 31 10 5 13 46 12 47 13 57 12 58 14 59 10 48 13 49 12 50 11 68 7 69 8 70 11 73 7 74 8 75 7 65 8 66 9 67 7 21 8 10 9 22 7 23 8 10 9 24 7 65 8 66 9 67 10 63 8 0 9 18 10 5 8 64 9 55 10 25 8 26 9 27 13 76 14 28 13 77 14 78 13 77 14 78 15 79 16 80 8 81 15 57 16 76 8 82 15 79 16 80 8 81 10 83 16 84 8 36 15 79 16 80 8 81 15 79 16 80 8 81 15 85 11 86 2 31 15 87 11 88 2 89 11 28 8 7 2 0 15 90 11 21 8 91 11 71 8 72 2 53 15 73 11 92 8 93 10 94 13 68 17 95 10 37 13 41 17 96 10 97 13 98 17 3 10 99 13 100 17 101 13 102 17 103 14 104 10 37 13 41 17 96 10 105 16 58 17 106 10 43 16 107 8 108 10 109 16 110 8 111 10 83 16 84 8 36 15 112 16 68 8 113 15 79 16 80 8 81 15 112 16 68 8 113 15 90 11 21 8 91 15 57 16 76 8 82 15 87 11 88 2 89 15 73 11 92 8 93 11 71 8 72 2 53 10 94 13 68 17 95 10 99 13 100 17 101 10 37 13 41 17 96 15 112 16 68 8 113 15 57 16 76 8 82 15 79 16 80 8 81 10 109 16 110 8 111 10 43 16 107 8 108 10 83 16 84 8 36 10 43 16 107 8 108 10 109 16 110 8 111 10 83 16 84 8 36 15 79 16 80 8 81 15 57 16 76 8 82 15 112 16 68 8 113 10 37 13 41 17 96 10 99 13 100 17 101 10 94 13 68 17 95 11 71 8 72 2 53 15 73 11 92 8 93 15 87 11 88 2 89 15 57 16 76 8 82 15 90 11 21 8 91 15 112 16 68 8 113 15 112 16 68 8 113 10 83 16 84 8 36 15 79 16 80 8 81 10 43 16 107 8 108 10 105 16 58 17 106 10 109 16 110 8 111 13 102 17 103 14 104 10 99 13 100 17 101 10 37 13 41 17 96 4 6 2 7 4 3 2 5 18 4 4 1 2 2 5 0 10 94 13 68 17 95 10 97 13 98 17 3 10 37 13 41 17 96 15 73 11 92 8 93 11 71 8 72 2 53 15 90 11 21 8 91 4 8 1 8 2 9 4 6 2 7 4 10 1 10 2 11 0 12 2 13 5 12 19 16 5 17 0 14 2 15 5 14 4 1 2 2 5 0 4 19 2 20 5 18 2 7 5 6 2 7 5 6 4 19 2 20 5 18 19 16 5 17 11 28 8 7 2 0 15 87 11 88 2 89 15 85 11 86 2 31 11 32 7 33 2 34 11 29 7 30 8 31 11 28 8 7 2 0 10 89 13 114 14 115 13 76 14 28 13 51 14 35 10 35 12 0 9 36 10 38 12 39 9 40 10 37 12 14 9 12 10 35 12 0 9 36 10 37 12 14 9 12 10 41 12 42 9 7 10 48 13 49 12 50 10 5 13 46 12 47 10 43 13 44 12 45 13 52 12 53 14 54 13 51 14 35 13 51 14 35 13 52 12 53 14 54 13 51 14 35 13 55 12 56 14 48 13 57 12 58 14 59 13 55 12 56 14 48 10 5 13 46 12 47 10 60 12 61 9 62 10 5 13 46 12 47 10 41 12 42 9 7 13 77 14 78 13 76 14 28 13 77 14 78 10 43 13 44 12 45 10 5 13 46 12 47 10 60 12 61 9 62 10 5 8 64 9 55 10 63 8 0 9 18 10 25 8 26 9 27 10 38 12 39 9 40 10 63 8 0 9 18 10 5 8 64 9 55 7 65 8 66 9 67 7 23 8 10 9 24 7 21 8 10 9 22 7 65 8 66 9 67 11 73 7 74 8 75 11 68 7 69 8 70 10 25 8 26 9 27 7 65 8 66 9 67 7 21 8 10 9 22 10 48 13 49 12 50 13 57 12 58 14 59 10 5 13 46 12 47 7 65 8 66 9 67 11 68 7 69 8 70 7 23 8 10 9 24 11 29 7 30 8 31 11 73 7 74 8 75 11 71 8 72 2 53 11 28 8 7 2 0 11 32 7 33 2 34 11 14 8 116 2 117 11 71 8 72 2 53 11 29 7 30 8 31 11 73 7 74 8 75 7 65 8 66 9 67 10 118 11 119 8 120 10 63 8 0 9 18 10 25 8 26 9 27 10 117 13 116 8 14 10 35 12 0 9 36 10 38 12 39 9 40 10 78 13 77 10 41 12 42 9 7 10 5 13 46 12 47 10 41 12 42 9 7 13 55 12 56 14 48 10 37 13 41 17 96 10 121 16 122 17 123 10 117 13 116 8 14 10 97 13 98 17 3 10 124 16 125 17 82 10 126 16 127 17 128 10 97 13 98 17 3 10 124 16 125 17 82 10 129 16 130 17 131 10 105 16 58 17 106 10 43 16 107 8 108 10 105 16 58 17 106 10 13 11 127 8 35 10 118 11 119 8 120 15 112 16 68 8 113 10 83 16 84 8 36 15 90 11 21 8 91 11 71 8 72 2 53 15 90 11 21 8 91 11 28 8 7 2 0 15 87 11 88 2 89 11 14 8 116 2 117 15 85 11 86 2 31 11 28 8 7 2 0 15 85 11 86 2 31 11 14 8 116 2 117 11 71 8 72 2 53 15 87 11 88 2 89 15 90 11 21 8 91 10 118 11 119 8 120 15 112 16 68 8 113 15 90 11 21 8 91 10 43 16 107 8 108 10 83 16 84 8 36 10 13 11 127 8 35 10 117 13 116 8 14 10 121 16 122 17 123 10 105 16 58 17 106 10 78 13 77 10 129 16 130 17 131 10 105 16 58 17 106 10 124 16 125 17 82 10 97 13 98 17 3 10 126 16 127 17 128 10 37 13 41 17 96 10 97 13 98 17 3 10 5 13 46 12 47 13 55 12 56 14 48 10 41 12 42 9 7 10 41 12 42 9 7 10 35 12 0 9 36 10 117 13 116 8 14 10 63 8 0 9 18 10 38 12 39 9 40 10 118 11 119 8 120 7 65 8 66 9 67 10 25 8 26 9 27 11 71 8 72 2 53 11 73 7 74 8 75 11 28 8 7 2 0 11 29 7 30 8 31 11 14 8 116 2 117 11 32 7 33 2 34 13 51 14 35 13 55 12 56 14 48 10 37 13 41 17 96 13 102 17 103 14 104 10 89 13 114 14 115 13 76 14 28 13 51 14 35 13 102 17 103 14 104 10 89 13 114 14 115 13 102 17 103 14 104 13 51 14 35 13 76 14 28 13 51 14 35 13 102 17 103 14 104 10 37 13 41 17 96 13 55 12 56 14 48 13 51 14 35 13 76 14 28 10 89 13 114 14 115 10 89 13 114 14 115 13 102 17 103 14 104 13 77 14 78 13 62 14 132 13 77 14 78 13 76 14 28 13 51 14 35 13 76 14 28 13 51 14 35 1 6 2 7 1 133 3 134 2 42 4 8 1 8 2 9 2 135 1 12 2 136 2 135 1 6 2 7 1 137 3 138 2 41 2 135 2 135 2 135 2 135 2 135 2 135 0 139 2 140 2 135 0 14 2 15 5 14 6 7 0 13 2 15 6 16 0 17 0 18 1 19 2 20 6 16 0 17 1 3 3 4 2 5 1 6 2 7 0 0 1 1 2 2 13 51 14 35 13 76 14 28 13 76 14 28 13 62 14 132 13 77 14 78 13 77 14 78 13 51 14 35 13 76 14 28 13 51 14 35 4 8 1 8 2 9 4 133 2 42 18 134 4 6 2 7 2 135 4 12 2 136 2 135 4 137 2 41 18 138 4 6 2 7 2 135 2 135 2 135 2 135 2 135 2 135 2 140 5 139 2 135 0 14 2 15 5 14 19 7 2 15 5 13 19 16 5 17 4 19 2 20 5 18 19 16 5 17 4 3 2 5 18 4 4 1 2 2 5 0 4 6 2 7</v>
                </vertex_weights>
            </skin>
        </controller>
        <controller id="pm0602_00_00_body_mesh_shape_lod2_body_00-controller" name="pm0602_00_00_body_mesh_shape_lod2_body_00">
            <skin source="#pm0602_00_00_body_mesh_shape_lod2_body_00-geometry">
                <bind_shape_matrix>1 0 0 0 0 1 0 0 0 0 1 0 0 0 0 1</bind_shape_matrix>
                <source id="pm0602_00_00_body_mesh_shape_lod2_body_00-joints">
                    <Name_array id="pm0602_00_00_body_mesh_shape_lod2_body_00-joints-array" count="21">left_upper_eyelid_01 left_upper_eyelid_02 waist left_lower_eyelid_01 left_lower_eyelid_02 left_upper_jaw_02 left_upper_jaw_01 right_upper_jaw_01 right_upper_jaw_02 left_lower_jaw_01 right_lower_jaw_01 right_upper_eyelid_02 right_upper_eyelid_01 right_lower_eyelid_02 right_lower_eyelid_01 tail_01 tail_02 left_lower_jaw_02 tail_03 tail_04 right_lower_jaw_02</Name_array>
                    <technique_common>
                        <accessor count="21" offset="0" source="#pm0602_00_00_body_mesh_shape_lod2_body_00-joints-array" stride="1">
                            <param name="JOINT" type="Name" />
                        </accessor>
                    </technique_common>
                </source>
                <source id="pm0602_00_00_body_mesh_shape_lod2_body_00-matrices">
                    <float_array id="pm0602_00_00_body_mesh_shape_lod2_body_00-matrices-array" count="336">0.8718456 0.489784 1E-06 -0.0140078 1.103932E-06 1.177596E-06 1.000001 -0.08000782 0.4897841 -0.8718435 1E-06 0.04167507 1E-06 1E-06 1E-06 1.000001 0.8718456 0.489784 1E-06 -0.04226802 1.103932E-06 1.177596E-06 1.000001 -0.08000783 0.4897841 -0.8718435 1E-06 0.04167507 1E-06 1E-06 1E-06 1.000001 1E-06 8.807907E-07 -0.9999991 0.08371302 1.000001 1E-06 1.119209E-06 9.900208E-07 1.119209E-06 -0.9999991 1E-06 0.04593602 1E-06 1E-06 1E-06 1.000001 0.8890452 -0.4525321 0.06939055 0.02162294 0.06184006 -0.03147583 -0.9975889 0.07993174 0.4536274 0.8911933 1.167638E-06 -0.03916648 1E-06 1E-06 1E-06 1.000001 0.8890452 -0.4525321 0.06939055 -0.003900836 0.06184006 -0.03147583 -0.9975889 0.07993173 0.4536274 0.8911933 1.167638E-06 -0.03916648 1E-06 1E-06 1E-06 1.000001 0.3421845 0.1275564 0.9309361 -0.1003945 0.423988 -0.9051082 -0.03182691 0.04917859 0.838539 0.405596 -0.3637939 0.01201946 1E-06 1E-06 1E-06 1.000001 0.3421845 0.1275564 0.9309361 -0.0770515 0.423988 -0.9051082 -0.03182691 0.04917859 0.838539 0.405596 -0.3637939 0.01201946 1E-06 1E-06 1E-06 1.000001 -0.3421819 0.1275551 0.9309365 -0.07705142 0.4239849 0.9051114 0.03182883 -0.04917663 -0.8385387 0.4055935 -0.3637931 0.01201951 1E-06 1E-06 1E-06 1.000001 -0.3421819 0.1275551 0.9309365 -0.1003945 0.4239849 0.9051114 0.03182883 -0.04917663 -0.8385387 0.4055935 -0.3637931 0.01201951 1E-06 1E-06 1E-06 1.000001 0.2931956 -0.1502534 0.9441731 -0.06564216 -0.4560711 -0.8899419 9.403954E-07 0.03752784 0.8402602 -0.4306096 -0.3294522 0.04779164 1E-06 1E-06 1E-06 1.000001 -0.2931932 -0.1502517 0.9441735 -0.06564227 -0.4560679 0.8899457 9.10593E-07 -0.03752591 -0.8402601 -0.4306066 -0.3294513 0.04779144 1E-06 1E-06 1E-06 1.000001 -0.8718449 0.4897815 8.960678E-07 -0.04226791 1E-06 8.807907E-07 -0.9999991 0.08000982 -0.4897794 -0.8718449 9.416136E-07 0.04167514 1E-06 1E-06 1E-06 1.000001 -0.8718449 0.4897815 8.960678E-07 -0.01400769 1E-06 8.807907E-07 -0.9999991 0.08000982 -0.4897794 -0.8718449 9.416136E-07 0.04167514 1E-06 1E-06 1E-06 1.000001 -0.8890434 -0.452531 0.06939127 -0.003900909 0.06184133 0.03147841 0.9975907 -0.07992972 -0.4536245 0.8911934 9.403954E-07 -0.03916645 1E-06 1E-06 1E-06 1.000001 -0.8890434 -0.452531 0.06939127 0.02162281 0.06184133 0.03147841 0.9975907 -0.07992972 -0.4536245 0.8911934 9.403954E-07 -0.03916645 1E-06 1E-06 1E-06 1.000001 1E-06 8.807907E-07 -0.9999991 0.05686475 1.000001 1E-06 1.119209E-06 9.900208E-07 1.119209E-06 -0.9999991 1E-06 0.04593602 1E-06 1E-06 1E-06 1.000001 1E-06 8.807907E-07 -0.9999991 0.01884037 1.000001 1E-06 1.119209E-06 9.900208E-07 1.119209E-06 -0.9999991 1E-06 0.04593602 1E-06 1E-06 1E-06 1.000001 0.2931956 -0.1502534 0.9441731 -0.08858413 -0.4560711 -0.8899419 9.403954E-07 0.03752784 0.8402602 -0.4306096 -0.3294522 0.04779164 1E-06 1E-06 1E-06 1.000001 1E-06 8.807907E-07 -0.9999991 -0.0150259 1.000001 1E-06 1.119209E-06 9.900208E-07 1.119209E-06 -0.9999991 1E-06 0.04593602 1E-06 1E-06 1E-06 1.000001 1E-06 8.807907E-07 -0.9999991 -0.04726509 1.000001 1E-06 1.119209E-06 9.900208E-07 1.119209E-06 -0.9999991 1E-06 0.04593602 1E-06 1E-06 1E-06 1.000001 -0.2931932 -0.1502517 0.9441735 -0.08858427 -0.4560679 0.8899457 9.10593E-07 -0.03752592 -0.8402601 -0.4306066 -0.3294513 0.04779145 1E-06 1E-06 1E-06 1.000001</float_array>
                    <technique_common>
                        <accessor count="21" offset="0" source="#pm0602_00_00_body_mesh_shape_lod2_body_00-matrices-array" stride="16">
                            <param name="TRANSFORM" type="float4x4" />
                        </accessor>
                    </technique_common>
                </source>
                <source id="pm0602_00_00_body_mesh_shape_lod2_body_00-weights">
                    <float_array id="pm0602_00_00_body_mesh_shape_lod2_body_00-weights-array" count="74">0.06999313 0.9300069 0.1799954 0.7900053 0.02999924 0.1900053 0.8 0.00999466 0.2999924 0.5199969 0.3100023 0.5100023 0.2099947 0.7400015 0.05000382 0.1499962 0.4699931 0.5300069 0.8299992 0.119997 0.1600061 0.7100023 0.2399939 0.0399939 0.9600061 0.4 0.05999848 0.9400015 0.08999771 0.8200046 0.9000076 0.1000076 0.2160067 0.4200046 0.364004 0.1700008 0.6200046 1 0.4399939 0.5700008 0.3799954 0.2299992 0.3900054 0.2599985 0.02000458 0.7199969 0.3300069 0.6699932 0.8699932 0.6 0.3499962 0.08000305 0.1300069 0.8500038 0.6299992 0.6599985 0.3700007 0.2699931 0.5799954 0.3400015 0.2200046 0.4299992 0.3600061 0.6399939 0.2500038 0.7300069 0.555993 0.4240024 0.9499962 0.2 0.1100023 0.6500038 0.8599985 0.1400015</float_array>
                    <technique_common>
                        <accessor count="74" offset="0" source="#pm0602_00_00_body_mesh_shape_lod2_body_00-weights-array" stride="1">
                            <param name="WEIGHT" type="float" />
                        </accessor>
                    </technique_common>
                </source>
                <joints>
                    <input semantic="JOINT" source="#pm0602_00_00_body_mesh_shape_lod2_body_00-joints" />
                    <input semantic="INV_BIND_MATRIX" source="#pm0602_00_00_body_mesh_shape_lod2_body_00-matrices" />
                </joints>
                <vertex_weights count="356">
                    <input semantic="JOINT" source="#pm0602_00_00_body_mesh_shape_lod2_body_00-joints" offset="0" set="0" />
                    <input semantic="WEIGHT" source="#pm0602_00_00_body_mesh_shape_lod2_body_00-weights" offset="1" set="0" />
                    <vcount>2 3 3 3 3 2 3 2 3 3 2 3 3 2 3 3 2 2 3 2 3 2 3 2 3 2 3 1 2 3 3 2 3 3 3 3 2 3 3 3 3 2 3 3 3 3 3 2 3 2 3 3 3 3 2 3 3 3 3 3 3 3 2 3 2 3 3 2 3 3 3 3 3 3 3 3 3 3 3 3 3 3 3 3 3 3 3 2 3 3 2 3 1 3 3 1 3 3 1 3 1 3 3 3 1 3 3 2 3 3 2 2 3 3 3 3 2 2 3 3 3 3 2 3 2 3 2 3 2 3 3 2 3 2 2 3 2 3 3 2 1 3 2 3 3 3 2 3 3 3 3 3 3 2 3 3 3 3 2 2 3 3 3 3 2 3 3 3 3 3 3 2 3 3 3 2 3 3 2 3 3 3 3 3 3 3 3 3 3 3 3 3 3 3 3 3 3 3 3 3 2 3 2 1 1 3 3 3 3 1 3 1 3 1 3 3 2 3 3 3 2 2 3 3 2 1 1 1 3 3 1 3 3 1 3 3 3 2 2 1 3 1 3 3 1 3 3 3 2 1 3 3 3 2 3 3 2 1 3 2 3 3 3 2 1 1 1 3 3 3 3 3 3 3 3 3 3 3 3 2 3 3 3 3 3 3 2 3 3 3 2 2 3 3 1 2 1 3 1 1 3 3 3 3 1 3 3 2 2 1 3 3 1 3 1 3 3 3 2 1 3 3 3 2 3 2 3 1 3 3 2 3 3 2 1 1 1 3 3 3 3 3 3 3 3 3 3 3 3 2 3 3 3 3 3 3</vcount>
                    <v>0 0 1 1 0 2 1 3 2 4 0 5 1 6 2 7 0 8 1 9 2 2 0 2 1 3 2 4 0 0 1 1 0 10 1 11 2 2 0 0 1 1 0 12 1 13 2 14 3 6 4 14 2 15 3 16 4 17 3 18 4 14 2 19 3 3 4 14 2 20 3 16 4 17 3 21 4 14 2 22 0 8 1 9 2 2 0 0 1 1 5 23 2 24 6 8 2 25 7 8 5 26 6 27 5 28 8 28 2 29 6 30 2 31 6 32 9 33 2 34 5 26 6 27 6 32 9 33 2 34 6 30 2 31 6 35 9 36 2 12 2 37 3 16 4 17 3 38 4 25 2 20 0 12 1 13 2 14 0 0 1 1 0 5 1 6 2 7 0 39 1 7 2 33 0 10 1 11 2 2 0 40 1 41 2 42 0 0 1 1 0 10 1 11 2 2 0 39 1 7 2 33 0 43 1 44 2 45 0 40 1 41 2 42 0 46 2 47 0 39 1 7 2 33 0 40 1 41 2 42 0 43 1 44 2 45 0 4 3 31 2 48 0 43 1 44 2 45 0 46 2 47 3 18 4 14 2 19 3 16 4 17 3 3 4 14 2 20 3 38 4 25 2 20 3 6 4 14 2 15 3 45 4 14 2 41 3 16 4 17 3 6 4 14 2 15 3 38 4 25 2 20 3 38 4 25 2 20 3 45 4 14 2 41 3 49 4 14 2 50 3 38 4 25 2 20 3 49 4 14 2 50 3 25 2 49 0 51 3 52 2 3 3 25 2 49 1 14 3 31 2 53 3 38 4 25 2 20 3 25 2 49 0 51 3 52 2 3 0 46 1 23 2 54 0 51 3 52 2 3 1 14 3 31 2 53 0 43 1 51 2 55 0 51 3 52 2 3 0 46 1 23 2 54 0 56 1 43 2 56 0 43 1 51 2 55 0 46 1 23 2 54 0 8 1 9 2 2 0 43 1 51 2 55 0 56 1 43 2 56 0 57 1 58 2 15 0 8 1 9 2 2 0 56 1 43 2 56 0 2 1 3 2 4 0 8 1 9 2 2 0 57 1 58 2 15 9 30 2 31 10 46 9 46 2 59 10 42 9 42 2 60 0 0 1 1 0 39 1 7 2 33 2 37 0 39 1 7 2 33 0 43 1 44 2 45 2 37 3 38 4 25 2 20 0 51 3 52 2 3 2 37 0 43 1 51 2 55 2 37 0 51 3 52 2 3 0 43 1 51 2 55 0 8 1 9 2 2 2 37 6 32 9 33 2 34 6 35 9 36 2 12 9 30 2 31 10 36 2 12 7 35 10 33 2 34 7 32 10 30 2 31 11 1 12 0 11 3 12 2 2 4 11 9 12 8 2 2 11 6 12 5 2 7 11 3 12 2 2 4 11 1 12 0 11 1 12 0 11 11 12 10 2 2 11 13 12 12 2 14 13 14 14 6 2 15 13 14 14 18 2 19 13 17 14 16 13 14 14 21 2 22 13 17 14 16 13 14 14 3 2 20 11 1 12 0 11 9 12 8 2 2 8 23 2 24 6 8 2 25 7 8 5 28 8 28 2 29 8 26 7 27 10 33 2 34 7 32 2 31 7 30 8 26 7 27 10 36 2 12 7 35 2 31 7 30 10 33 2 34 7 32 13 25 14 38 2 20 13 17 14 16 2 37 11 6 12 5 2 7 11 1 12 0 11 13 12 12 2 14 11 7 12 39 2 33 11 11 12 10 2 2 11 1 12 0 11 41 12 40 2 42 11 11 12 10 2 2 11 7 12 39 2 33 11 44 12 43 2 45 11 41 12 40 2 42 11 7 12 39 2 33 12 46 2 47 11 41 12 40 2 42 11 44 12 43 2 45 11 44 12 43 2 45 12 4 14 31 2 48 12 46 2 47 13 17 14 16 13 14 14 18 2 19 13 14 14 3 2 20 13 25 14 38 2 20 13 14 14 6 2 15 13 17 14 16 13 14 14 45 2 41 13 14 14 6 2 15 13 25 14 38 2 20 13 14 14 49 2 50 13 14 14 45 2 41 13 25 14 38 2 20 14 25 2 49 13 14 14 49 2 50 13 25 14 38 2 20 12 51 14 52 2 3 14 25 2 49 13 25 14 38 2 20 11 14 14 31 2 53 14 25 2 49 12 51 14 52 2 3 12 51 14 52 2 3 11 23 12 46 2 54 11 14 14 31 2 53 11 51 12 43 2 55 11 23 12 46 2 54 12 51 14 52 2 3 11 51 12 43 2 55 11 43 12 56 2 56 11 23 12 46 2 54 11 9 12 8 2 2 11 43 12 56 2 56 11 51 12 43 2 55 11 9 12 8 2 2 11 58 12 57 2 15 11 43 12 56 2 56 11 3 12 2 2 4 11 58 12 57 2 15 11 9 12 8 2 2 10 42 9 42 2 60 10 46 9 46 2 59 10 30 2 31 11 7 12 39 2 33 11 1 12 0 2 37 2 37 11 44 12 43 2 45 11 7 12 39 2 33 12 51 14 52 2 3 13 25 14 38 2 20 2 37 12 51 14 52 2 3 2 37 11 51 12 43 2 55 2 37 11 9 12 8 2 2 11 51 12 43 2 55 3 16 4 17 3 58 4 19 2 8 3 21 4 14 2 22 3 39 4 14 2 40 3 61 2 39 3 62 2 63 0 4 3 31 2 48 0 43 1 44 2 45 3 16 4 17 2 37 2 37 2 37 0 43 1 44 2 45 3 38 4 25 2 20 2 37 15 64 16 7 2 13 15 64 16 7 2 13 2 37 0 43 1 44 2 45 15 64 16 7 2 13 15 36 16 19 2 43 5 23 2 24 0 0 1 1 2 37 15 64 16 7 2 13 2 37 0 8 1 9 2 2 15 54 16 19 2 64 2 37 15 64 16 7 2 13 15 65 16 31 2 35 15 66 16 67 2 44 5 14 2 68 2 37 6 69 2 49 7 69 5 69 6 16 2 46 5 28 8 28 2 29 5 26 6 27 5 52 6 57 2 49 6 32 9 33 2 34 5 26 6 27 2 37 0 51 3 52 2 3 9 30 2 31 9 38 17 8 2 43 3 38 4 25 2 20 10 42 9 42 2 60 9 30 2 31 2 37 2 37 2 37 15 64 16 7 2 13 15 64 16 7 2 13 15 65 16 31 2 35 15 54 16 19 2 64 15 66 16 67 2 44 18 70 15 60 16 47 15 66 16 67 2 44 18 70 15 22 16 71 18 70 15 22 16 71 18 42 15 4 16 58 18 25 15 4 16 39 18 13 19 7 16 64 18 72 19 73 18 42 15 4 16 58 18 42 15 4 16 58 18 13 19 7 16 64 18 70 15 60 16 47 18 70 15 22 16 71 15 66 16 67 2 44 13 17 14 16 13 14 14 21 2 22 13 19 14 58 2 8 13 14 14 39 2 40 14 61 2 39 14 62 2 63 12 4 14 31 2 48 11 44 12 43 2 45 2 37 13 17 14 16 2 37 11 44 12 43 2 45 2 37 2 37 13 25 14 38 2 20 15 64 16 7 2 13 15 64 16 7 2 13 11 44 12 43 2 45 2 37 15 64 16 7 2 13 15 36 16 19 2 43 8 23 2 24 11 1 12 0 2 37 15 64 16 7 2 13 11 9 12 8 2 2 2 37 15 54 16 19 2 64 2 37 15 64 16 7 2 13 15 65 16 31 2 35 15 66 16 67 2 44 8 14 2 68 2 37 6 69 2 49 7 69 8 69 2 46 7 16 5 28 8 28 2 29 8 26 7 27 8 52 2 49 7 57 8 26 7 27 10 33 2 34 7 32 2 37 12 51 14 52 2 3 10 38 2 43 20 8 10 30 2 31 13 25 14 38 2 20 10 42 9 42 2 60 10 30 2 31 2 37 2 37 2 37 15 64 16 7 2 13 15 64 16 7 2 13 15 65 16 31 2 35 15 54 16 19 2 64 15 66 16 67 2 44 18 70 15 60 16 47 15 66 16 67 2 44 18 70 15 22 16 71 18 70 15 22 16 71 18 42 15 4 16 58 18 25 15 4 16 39 18 13 19 7 16 64 18 72 19 73 18 42 15 4 16 58 18 42 15 4 16 58 18 13 19 7 16 64 18 70 15 60 16 47 18 70 15 22 16 71 15 66 16 67 2 44</v>
                </vertex_weights>
            </skin>
        </controller>
        <controller id="pm0602_00_00_eye_mesh_shape_lod2_r_eye-controller" name="pm0602_00_00_eye_mesh_shape_lod2_r_eye">
            <skin source="#pm0602_00_00_eye_mesh_shape_lod2_r_eye-geometry">
                <bind_shape_matrix>1 0 0 0 0 1 0 0 0 0 1 0 0 0 0 1</bind_shape_matrix>
                <source id="pm0602_00_00_eye_mesh_shape_lod2_r_eye-joints">
                    <Name_array id="pm0602_00_00_eye_mesh_shape_lod2_r_eye-joints-array" count="1">waist</Name_array>
                    <technique_common>
                        <accessor count="1" offset="0" source="#pm0602_00_00_eye_mesh_shape_lod2_r_eye-joints-array" stride="1">
                            <param name="JOINT" type="Name" />
                        </accessor>
                    </technique_common>
                </source>
                <source id="pm0602_00_00_eye_mesh_shape_lod2_r_eye-matrices">
                    <float_array id="pm0602_00_00_eye_mesh_shape_lod2_r_eye-matrices-array" count="16">1E-06 8.807907E-07 -0.9999991 0.08371302 1.000001 1E-06 1.119209E-06 9.900208E-07 1.119209E-06 -0.9999991 1E-06 0.04593602 1E-06 1E-06 1E-06 1.000001</float_array>
                    <technique_common>
                        <accessor count="1" offset="0" source="#pm0602_00_00_eye_mesh_shape_lod2_r_eye-matrices-array" stride="16">
                            <param name="TRANSFORM" type="float4x4" />
                        </accessor>
                    </technique_common>
                </source>
                <source id="pm0602_00_00_eye_mesh_shape_lod2_r_eye-weights">
                    <float_array id="pm0602_00_00_eye_mesh_shape_lod2_r_eye-weights-array" count="1">1</float_array>
                    <technique_common>
                        <accessor count="1" offset="0" source="#pm0602_00_00_eye_mesh_shape_lod2_r_eye-weights-array" stride="1">
                            <param name="WEIGHT" type="float" />
                        </accessor>
                    </technique_common>
                </source>
                <joints>
                    <input semantic="JOINT" source="#pm0602_00_00_eye_mesh_shape_lod2_r_eye-joints" />
                    <input semantic="INV_BIND_MATRIX" source="#pm0602_00_00_eye_mesh_shape_lod2_r_eye-matrices" />
                </joints>
                <vertex_weights count="23">
                    <input semantic="JOINT" source="#pm0602_00_00_eye_mesh_shape_lod2_r_eye-joints" offset="0" set="0" />
                    <input semantic="WEIGHT" source="#pm0602_00_00_eye_mesh_shape_lod2_r_eye-weights" offset="1" set="0" />
                    <vcount>1 1 1 1 1 1 1 1 1 1 1 1 1 1 1 1 1 1 1 1 1 1 1</vcount>
                    <v>0 0 0 0 0 0 0 0 0 0 0 0 0 0 0 0 0 0 0 0 0 0 0 0 0 0 0 0 0 0 0 0 0 0 0 0 0 0 0 0 0 0 0 0 0 0</v>
                </vertex_weights>
            </skin>
        </controller>
        <controller id="pm0602_00_00_eye_mesh_shape_lod2_l_eye-controller" name="pm0602_00_00_eye_mesh_shape_lod2_l_eye">
            <skin source="#pm0602_00_00_eye_mesh_shape_lod2_l_eye-geometry">
                <bind_shape_matrix>1 0 0 0 0 1 0 0 0 0 1 0 0 0 0 1</bind_shape_matrix>
                <source id="pm0602_00_00_eye_mesh_shape_lod2_l_eye-joints">
                    <Name_array id="pm0602_00_00_eye_mesh_shape_lod2_l_eye-joints-array" count="1">waist</Name_array>
                    <technique_common>
                        <accessor count="1" offset="0" source="#pm0602_00_00_eye_mesh_shape_lod2_l_eye-joints-array" stride="1">
                            <param name="JOINT" type="Name" />
                        </accessor>
                    </technique_common>
                </source>
                <source id="pm0602_00_00_eye_mesh_shape_lod2_l_eye-matrices">
                    <float_array id="pm0602_00_00_eye_mesh_shape_lod2_l_eye-matrices-array" count="16">1E-06 8.807907E-07 -0.9999991 0.08371302 1.000001 1E-06 1.119209E-06 9.900208E-07 1.119209E-06 -0.9999991 1E-06 0.04593602 1E-06 1E-06 1E-06 1.000001</float_array>
                    <technique_common>
                        <accessor count="1" offset="0" source="#pm0602_00_00_eye_mesh_shape_lod2_l_eye-matrices-array" stride="16">
                            <param name="TRANSFORM" type="float4x4" />
                        </accessor>
                    </technique_common>
                </source>
                <source id="pm0602_00_00_eye_mesh_shape_lod2_l_eye-weights">
                    <float_array id="pm0602_00_00_eye_mesh_shape_lod2_l_eye-weights-array" count="1">1</float_array>
                    <technique_common>
                        <accessor count="1" offset="0" source="#pm0602_00_00_eye_mesh_shape_lod2_l_eye-weights-array" stride="1">
                            <param name="WEIGHT" type="float" />
                        </accessor>
                    </technique_common>
                </source>
                <joints>
                    <input semantic="JOINT" source="#pm0602_00_00_eye_mesh_shape_lod2_l_eye-joints" />
                    <input semantic="INV_BIND_MATRIX" source="#pm0602_00_00_eye_mesh_shape_lod2_l_eye-matrices" />
                </joints>
                <vertex_weights count="34">
                    <input semantic="JOINT" source="#pm0602_00_00_eye_mesh_shape_lod2_l_eye-joints" offset="0" set="0" />
                    <input semantic="WEIGHT" source="#pm0602_00_00_eye_mesh_shape_lod2_l_eye-weights" offset="1" set="0" />
                    <vcount>1 1 1 1 1 1 1 1 1 1 1 1 1 1 1 1 1 1 1 1 1 1 1 1 1 1 1 1 1 1 1 1 1 1</vcount>
                    <v>0 0 0 0 0 0 0 0 0 0 0 0 0 0 0 0 0 0 0 0 0 0 0 0 0 0 0 0 0 0 0 0 0 0 0 0 0 0 0 0 0 0 0 0 0 0 0 0 0 0 0 0 0 0 0 0 0 0 0 0 0 0 0 0 0 0 0 0</v>
                </vertex_weights>
            </skin>
        </controller>
    </library_controllers>
    <library_visual_scenes>
        <visual_scene id="Scene" name="Scene">
            <node id="pm0602_00_00" sid="pm0602_00_00" name="pm0602_00_00" type="JOINT">
                <matrix sid="transform">1 0 0 0 0 1 0 0 0 0 1 0 0 0 0 1</matrix>
                <node id="origin" sid="origin" name="origin" type="JOINT">
                    <matrix sid="transform">1 0 0 0 0 1 0 0 0 0 1 0 0 0 0 1</matrix>
                    <node id="waist" sid="waist" name="waist" type="JOINT">
                        <matrix sid="transform">1.192093E-07 0.9999999 0 0 0 1.192093E-07 -0.9999999 0.04593502 -0.9999999 0 1.192093E-07 0.083712 0 0 0 1</matrix>
                        <node id="left_upper_jaw_01" sid="left_upper_jaw_01" name="left_upper_jaw_01" type="JOINT">
                            <matrix sid="transform">-0.9309353 0.03182797 0.3637951 0.00604366 0.3421835 0.4239866 0.8385379 -0.00456249 -0.1275553 0.905109 -0.4055952 -0.00352989 0 0 0 1</matrix>
                            <node id="left_upper_jaw_02" sid="left_upper_jaw_02" name="left_upper_jaw_02" type="JOINT">
                                <matrix sid="transform">1 0 0 0.02334303 0 1 0 8.881784E-18 0 0 1 4.440892E-18 0 0 0 1</matrix>
                            </node>
                        </node>
                        <node id="right_upper_jaw_01" sid="right_upper_jaw_01" name="right_upper_jaw_01" type="JOINT">
                            <matrix sid="transform">-0.9309356 -0.03182775 0.3637941 0.006043705 -0.3421828 0.4239839 -0.8385396 0.00456249 -0.127554 -0.9051104 -0.4055927 -0.003529886 0 0 0 1</matrix>
                            <node id="right_upper_jaw_02" sid="right_upper_jaw_02" name="right_upper_jaw_02" type="JOINT">
                                <matrix sid="transform">1 0 0 0.02334308 0 1 0 -1.776357E-17 0 0 1 4.440892E-18 0 0 0 1</matrix>
                            </node>
                        </node>
                        <node id="left_lower_jaw_01" sid="left_lower_jaw_01" name="left_lower_jaw_01" type="JOINT">
                            <matrix sid="transform">-0.9441719 1.490116E-08 0.3294532 0.005988807 0.2931945 -0.4560721 0.840259 -0.003795363 0.1502544 0.8899428 0.4306105 0.00182231 0 0 0 1</matrix>
                            <node id="left_lower_jaw_02" sid="left_lower_jaw_02" name="left_lower_jaw_02" type="JOINT">
                                <matrix sid="transform">1 0 0 0.02294197 0 1 0 0 0 0 1 0 0 0 0 1</matrix>
                            </node>
                        </node>
                        <node id="right_lower_jaw_01" sid="right_lower_jaw_01" name="right_lower_jaw_01" type="JOINT">
                            <matrix sid="transform">-0.9441723 1.490116E-08 0.3294522 0.005988805 -0.2931942 -0.4560688 -0.840261 0.00379536 0.1502528 -0.8899446 0.4306074 0.001822314 0 0 0 1</matrix>
                            <node id="right_lower_jaw_02" sid="right_lower_jaw_02" name="right_lower_jaw_02" type="JOINT">
                                <matrix sid="transform">1 0 0 0.022942 0 1 0 8.881784E-18 0 0 1 -4.440892E-18 0 0 0 1</matrix>
                            </node>
                        </node>
                        <node id="left_upper_eyelid_01" sid="left_upper_eyelid_01" name="left_upper_eyelid_01" type="JOINT">
                            <matrix sid="transform">1.192093E-07 -0.9999999 0 0.003703199 0.8718443 1.192093E-07 0.4897829 -0.00819775 -0.4897829 0 0.8718444 0.002740442 0 0 0 1</matrix>
                            <node id="left_upper_eyelid_02" sid="left_upper_eyelid_02" name="left_upper_eyelid_02" type="JOINT">
                                <matrix sid="transform">1 0 0 0.02826021 0 1 0 5.32907E-17 0 0 1 0 0 0 0 1</matrix>
                            </node>
                        </node>
                        <node id="right_upper_eyelid_01" sid="right_upper_eyelid_01" name="right_upper_eyelid_01" type="JOINT">
                            <matrix sid="transform">0 1 0 0.003703205 -0.8718458 0 -0.4897805 0.00819775 -0.4897805 0 0.8718458 0.002740414 0 0 0 1</matrix>
                            <node id="right_upper_eyelid_02" sid="right_upper_eyelid_02" name="right_upper_eyelid_02" type="JOINT">
                                <matrix sid="transform">1 0 0 0.02826021 0 1 0 0 0 0 1 -1.776357E-17 0 0 0 1</matrix>
                            </node>
                        </node>
                        <node id="left_lower_eyelid_01" sid="left_lower_eyelid_01" name="left_lower_eyelid_01" type="JOINT">
                            <matrix sid="transform">-0.0693891 0.9975895 -2.980232E-08 0.005474274 0.8890437 0.06183934 0.4536263 -0.006398322 0.4525329 0.03147677 -0.8911917 -0.001271309 0 0 0 1</matrix>
                            <node id="left_lower_eyelid_02" sid="left_lower_eyelid_02" name="left_lower_eyelid_02" type="JOINT">
                                <matrix sid="transform">1 0 0 0.02552377 0 1 0 -1.776357E-17 0 0 1 4.440892E-18 0 0 0 1</matrix>
                            </node>
                        </node>
                        <node id="right_lower_eyelid_01" sid="right_lower_eyelid_01" name="right_lower_eyelid_01" type="JOINT">
                            <matrix sid="transform">-0.06939054 -0.9975896 -1.490116E-08 0.005474305 -0.8890443 0.06184018 -0.4536254 0.00639832 0.452532 -0.03147724 -0.8911927 -0.001271286 0 0 0 1</matrix>
                            <node id="right_lower_eyelid_02" sid="right_lower_eyelid_02" name="right_lower_eyelid_02" type="JOINT">
                                <matrix sid="transform">1 0 0 0.02552372 0 1 0 8.881784E-18 0 0 1 -1.332268E-17 0 0 0 1</matrix>
                            </node>
                        </node>
                        <node id="tail_01" sid="tail_01" name="tail_01" type="JOINT">
                            <matrix sid="transform">1 0 0 0.02684826 0 1 0 -9.298117E-18 0 0 1 -7.105427E-17 0 0 0 1</matrix>
                            <node id="tail_02" sid="tail_02" name="tail_02" type="JOINT">
                                <matrix sid="transform">1 0 0 0.03802439 0 1 0 -1.998401E-17 0 0 1 3.552714E-17 0 0 0 1</matrix>
                                <node id="tail_03" sid="tail_03" name="tail_03" type="JOINT">
                                    <matrix sid="transform">1 0 0 0.03386627 0 1 0 -1.221245E-17 0 0 1 3.552714E-17 0 0 0 1</matrix>
                                    <node id="tail_04" sid="tail_04" name="tail_04" type="JOINT">
                                        <matrix sid="transform">1 0 0 0.03223919 0 1 0 -1.665334E-17 0 0 1 -3.552714E-17 0 0 0 1</matrix>
                                        <node id="tail_05" sid="tail_05" name="tail_05" type="JOINT">
                                            <matrix sid="transform">1 0 0 0.02467586 0 1 0 -8.881784E-18 0 0 1 -3.552714E-17 0 0 0 1</matrix>
                                        </node>
                                        <node id="upper_feeler_c" sid="upper_feeler_c" name="upper_feeler_c" type="JOINT">
                                            <matrix sid="transform">5.960464E-08 8.742278E-08 -0.9999999 4.440892E-18 0 -0.9999999 -8.742278E-08 8.881784E-18 -0.9999999 0 5.960464E-08 0 0 0 0 1</matrix>
                                        </node>
                                        <node id="lower_feeler_c" sid="lower_feeler_c" name="lower_feeler_c" type="JOINT">
                                            <matrix sid="transform">5.960464E-08 0 -0.9999999 4.440892E-18 0 1 0 8.881784E-18 0.9999999 0 5.960464E-08 0 0 0 0 1</matrix>
                                        </node>
                                    </node>
                                    <node id="upper_feeler_b" sid="upper_feeler_b" name="upper_feeler_b" type="JOINT">
                                        <matrix sid="transform">5.960464E-08 8.742278E-08 -0.9999999 -6.661338E-18 0 -0.9999999 -8.742278E-08 -4.440892E-18 -0.9999999 0 5.960464E-08 -0.01276594 0 0 0 1</matrix>
                                    </node>
                                    <node id="lower_feeler_b" sid="lower_feeler_b" name="lower_feeler_b" type="JOINT">
                                        <matrix sid="transform">5.960464E-08 0 -0.9999999 -2.220446E-18 0 1 0 3.330669E-18 0.9999999 0 5.960464E-08 0.01229212 0 0 0 1</matrix>
                                    </node>
                                </node>
                                <node id="upper_feeler_a" sid="upper_feeler_a" name="upper_feeler_a" type="JOINT">
                                    <matrix sid="transform">5.960464E-08 8.742278E-08 -0.9999999 -1.110223E-17 0 -0.9999999 -8.742278E-08 -6.661338E-18 -0.9999999 0 5.960464E-08 -0.02098118 0 0 0 1</matrix>
                                </node>
                                <node id="lower_feeler_a" sid="lower_feeler_a" name="lower_feeler_a" type="JOINT">
                                    <matrix sid="transform">5.960464E-08 0 -0.9999999 -2.220446E-18 0 1 0 7.771561E-18 0.9999999 0 5.960464E-08 0.02097497 0 0 0 1</matrix>
                                </node>
                            </node>
                        </node>
                        <node id="pointlight1" sid="pointlight1" name="pointlight1" type="JOINT">
                            <matrix sid="transform">1.192093E-07 0 -0.9999999 -0.05157289 0.9999999 1.192093E-07 0 0.07884379 0 -0.9999999 1.192093E-07 -0.06737942 0 0 0 1</matrix>
                        </node>
                        <node id="pointlight2" sid="pointlight2" name="pointlight2" type="JOINT">
                            <matrix sid="transform">1.192093E-07 0 -0.9999999 -0.05157289 0.9999999 1.192093E-07 0 -0.079 0 -0.9999999 1.192093E-07 -0.06737942 0 0 0 1</matrix>
                        </node>
                    </node>
                </node>
                <node id="lod_group" sid="lod_group" name="lod_group" type="JOINT">
                    <matrix sid="transform">1 0 0 0 0 1 0 0 0 0 1 0 0 0 0 1</matrix>
                    <node id="lod0" sid="lod0" name="lod0" type="JOINT">
                        <matrix sid="transform">1 0 0 0 0 1 0 0 0 0 1 0 0 0 0 1</matrix>
                        <node id="pm0602_00_00_eye_mesh" sid="pm0602_00_00_eye_mesh" name="pm0602_00_00_eye_mesh" type="JOINT">
                            <matrix sid="transform">1 0 0 0 0 1 0 0 0 0 1 0 0 0 0 1</matrix>
                        </node>
                        <node id="pm0602_00_00_body_mesh" sid="pm0602_00_00_body_mesh" name="pm0602_00_00_body_mesh" type="JOINT">
                            <matrix sid="transform">1 0 0 0 0 1 0 0 0 0 1 0 0 0 0 1</matrix>
                        </node>
                    </node>
                    <node id="lod1" sid="lod1" name="lod1" type="JOINT">
                        <matrix sid="transform">1 0 0 0 0 1 0 0 0 0 1 0 0 0 0 1</matrix>
                        <node id="pm0602_00_00_body_mesh_lod1" sid="pm0602_00_00_body_mesh_lod1" name="pm0602_00_00_body_mesh_lod1" type="JOINT">
                            <matrix sid="transform">1 0 0 0 0 1 0 0 0 0 1 0 0 0 0 1</matrix>
                        </node>
                        <node id="pm0602_00_00_eye_mesh_lod1" sid="pm0602_00_00_eye_mesh_lod1" name="pm0602_00_00_eye_mesh_lod1" type="JOINT">
                            <matrix sid="transform">1 0 0 0 0 1 0 0 0 0 1 0 0 0 0 1</matrix>
                        </node>
                    </node>
                    <node id="lod2" sid="lod2" name="lod2" type="JOINT">
                        <matrix sid="transform">1 0 0 0 0 1 0 0 0 0 1 0 0 0 0 1</matrix>
                        <node id="pm0602_00_00_body_mesh_lod2" sid="pm0602_00_00_body_mesh_lod2" name="pm0602_00_00_body_mesh_lod2" type="JOINT">
                            <matrix sid="transform">1 0 0 0 0 1 0 0 0 0 1 0 0 0 0 1</matrix>
                        </node>
                        <node id="pm0602_00_00_eye_mesh_lod2" sid="pm0602_00_00_eye_mesh_lod2" name="pm0602_00_00_eye_mesh_lod2" type="JOINT">
                            <matrix sid="transform">1 0 0 0 0 1 0 0 0 0 1 0 0 0 0 1</matrix>
                        </node>
                    </node>
                </node>
            </node>
            <node id="pm0602_00_00_body_mesh_shape_lod2_body_01" sid="pm0602_00_00_body_mesh_shape_lod2_body_01" name="pm0602_00_00_body_mesh_shape_lod2_body_01">
                <instance_controller url="#pm0602_00_00_body_mesh_shape_lod2_body_01-controller">
                    <skeleton>#pm0602_00_00</skeleton>
                    <bind_material>
                        <technique_common>
                            <instance_material target="#body_01" symbol="body_01" />
                        </technique_common>
                    </bind_material>
                </instance_controller>
            </node>
            <node id="pm0602_00_00_body_mesh_shape_lod2_body_00" sid="pm0602_00_00_body_mesh_shape_lod2_body_00" name="pm0602_00_00_body_mesh_shape_lod2_body_00">
                <instance_controller url="#pm0602_00_00_body_mesh_shape_lod2_body_00-controller">
                    <skeleton>#pm0602_00_00</skeleton>
                    <bind_material>
                        <technique_common>
                            <instance_material target="#body_00" symbol="body_00" />
                        </technique_common>
                    </bind_material>
                </instance_controller>
            </node>
            <node id="pm0602_00_00_eye_mesh_shape_lod2_r_eye" sid="pm0602_00_00_eye_mesh_shape_lod2_r_eye" name="pm0602_00_00_eye_mesh_shape_lod2_r_eye">
                <instance_controller url="#pm0602_00_00_eye_mesh_shape_lod2_r_eye-controller">
                    <skeleton>#pm0602_00_00</skeleton>
                    <bind_material>
                        <technique_common>
                            <instance_material target="#r_eye" symbol="r_eye" />
                        </technique_common>
                    </bind_material>
                </instance_controller>
            </node>
            <node id="pm0602_00_00_eye_mesh_shape_lod2_l_eye" sid="pm0602_00_00_eye_mesh_shape_lod2_l_eye" name="pm0602_00_00_eye_mesh_shape_lod2_l_eye">
                <instance_controller url="#pm0602_00_00_eye_mesh_shape_lod2_l_eye-controller">
                    <skeleton>#pm0602_00_00</skeleton>
                    <bind_material>
                        <technique_common>
                            <instance_material target="#l_eye" symbol="l_eye" />
                        </technique_common>
                    </bind_material>
                </instance_controller>
            </node>
        </visual_scene>
    </library_visual_scenes>
    <scene>
        <instance_visual_scene url="#Scene" />
    </scene>
</COLLADA>