mtllib pm0204_00_00.mtl
v 0.1200007 0.2315534 0.1249689
vt 0.5835089 0.8697909
vn 0.7348633 -0.1070557 0.6694336
v 0.1224628 0.2131664 0.1202469
vt 0.5821581 0.8585777
vn 0.7416992 -0.1356201 0.65625
v 0.1435032 0.2250424 0.09905314
vt 0.6010831 0.8578902
vn 0.8154297 -0.1292725 0.5639648
v 0.1414443 0.207792 0.0976319
vt 0.5967178 0.8487228
vn 0.8232422 -0.1690674 0.5410156
v 0.1230978 0.1948405 0.1156835
vt 0.5800158 0.8480858
vn 0.7446289 -0.2128906 0.6318359
v 0.1364416 0.179378 0.09417888
vt 0.588818 0.833514
vn 0.8076172 -0.2514648 0.5327148
v 0.1097707 0.177243 0.1239056
vt 0.567716 0.8425392
vn 0.6367188 -0.3085938 0.7060547
v 0.1122315 0.1893172 0.1266832
vt 0.5706676 0.8491806
vn 0.6674805 -0.28125 0.6889648
v 0.1351456 0.1736674 0.0933479
vt 0.5871409 0.8302757
vn 0.7749023 -0.3217773 0.543457
v 0.0777973 0.1798844 0.1482304
vt 0.5467108 0.8529462
vn 0.4780273 -0.3132324 0.8203125
v 0.1021749 0.1471525 0.1167673
vt 0.5599096 0.8260515
vn 0.5683594 -0.4545898 0.6855469
v 0.1340814 0.1697336 0.09269468
vt 0.5859375 0.8281249
vn 0.7470703 -0.3920898 0.5366211
v 0.1126868 0.1428924 0.1005482
vt 0.5680968 0.818319
vn 0.6748047 -0.4631348 0.5742188
v 0.07642753 0.1712704 0.1456205
vt 0.5449358 0.8478265
vn 0.4672852 -0.3212891 0.8232422
v 0.03970733 0.1755435 0.161099
vt 0.5224755 0.8557398
vn 0.2348633 -0.3234863 0.9165039
v 0.0874615 0.1206425 0.1027955
vt 0.5506404 0.8086817
vn 0.4260254 -0.7241211 0.5415039
v 0.03910095 0.1681384 0.1586388
vt 0.5219719 0.8512025
vn 0.2330322 -0.3237305 0.9165039
v 9.486769E-22 0.1749833 0.1657287
vt 0.5 0.8567352
vn 0 -0.3237305 0.9458008
v 0.07296865 0.1495186 0.1390302
vt 0.5411014 0.8352861
vn 0.4194336 -0.4736328 0.7739258
v 0.0632395 0.1211093 0.1204928
vt 0.53497 0.8166433
vn 0.3337402 -0.6923828 0.6391602
v 0.03757621 0.1495186 0.1524528
vt 0.520466 0.8403365
vn 0.2108154 -0.4899902 0.8457031
v 9.486769E-22 0.1674234 0.1631419
vt 0.5 0.8524563
v -0.03910095 0.1681384 0.1586388
vt 0.4780281 0.8512025
vn -0.2330322 -0.3237305 0.9165039
v -0.03970733 0.1755435 0.161099
vt 0.4775245 0.8557398
vn -0.2348633 -0.3234863 0.9165039
v 9.486769E-22 0.1495186 0.1570153
vt 0.5 0.8419081
vn 0 -0.4931641 0.8696289
v -0.07642753 0.1712704 0.1456205
vt 0.4550642 0.8478265
vn -0.4672852 -0.3212891 0.8232422
v -0.0777973 0.1798844 0.1482304
vt 0.4532892 0.8529462
vn -0.4780273 -0.3132324 0.8203125
v -0.03757621 0.1495186 0.1524528
vt 0.479534 0.8403365
vn -0.2108154 -0.4899902 0.8457031
v -0.07296865 0.1495186 0.1390302
vt 0.4588986 0.8352861
vn -0.4194336 -0.4736328 0.7739258
v -0.1097707 0.177243 0.1239056
vt 0.432284 0.8425392
vn -0.6367188 -0.3085938 0.7060547
v -0.1122315 0.1893172 0.1266832
vt 0.4293324 0.8491806
vn -0.6674805 -0.28125 0.6889648
v -0.1230978 0.1948405 0.1156835
vt 0.4199842 0.8480858
vn -0.7446289 -0.2128906 0.6318359
v -0.1021749 0.1471525 0.1167673
vt 0.4400904 0.8260515
vn -0.5683594 -0.4545898 0.6855469
v -0.0632395 0.1211093 0.1204928
vt 0.46503 0.8166433
vn -0.3337402 -0.6923828 0.6391602
v -0.1364416 0.179378 0.09417888
vt 0.411182 0.833514
vn -0.8076172 -0.2514648 0.5327148
v -0.1414443 0.207792 0.0976319
vt 0.4032822 0.8487228
vn -0.8232422 -0.1690674 0.5410156
v -0.1351456 0.1736674 0.0933479
vt 0.4128591 0.8302757
vn -0.7749023 -0.3217773 0.543457
v -0.1224628 0.2131664 0.1202469
vt 0.4178419 0.8585777
vn -0.7416992 -0.1356201 0.65625
v -0.1340814 0.1697336 0.09269468
vt 0.4140625 0.8281249
vn -0.7470703 -0.3920898 0.5366211
v -0.1435032 0.2250424 0.09905314
vt 0.3989169 0.8578902
vn -0.8154297 -0.1292725 0.5639648
v -0.1200007 0.2315534 0.1249689
vt 0.4164911 0.8697909
vn -0.7348633 -0.1070557 0.6694336
v -0.1126868 0.1428924 0.1005482
vt 0.4319032 0.818319
vn -0.6748047 -0.4631348 0.5742188
v -0.0874615 0.1206425 0.1027955
vt 0.4493596 0.8086817
vn -0.4260254 -0.7241211 0.5415039
v -0.03256604 0.1211093 0.1321257
vt 0.4824774 0.8214241
vn -0.1727295 -0.6918945 0.7006836
v -0.0513645 0.1031709 0.09786691
vt 0.4718174 0.8006097
vn -0.2337646 -0.875 0.4233398
v -0.073293 0.1031709 0.08273071
vt 0.4587588 0.7929164
vn -0.3129883 -0.8745117 0.3691406
v -0.1088583 0.1182345 0.07452457
vt 0.4347947 0.7909513
vn -0.482666 -0.8125 0.3266602
v -0.02645084 0.1031709 0.1073155
vt 0.4857213 0.8050662
vn -0.1146851 -0.8666992 0.4846191
v -0.09096205 0.1031709 0.06278656
vt 0.4478396 0.7814592
vn -0.4077148 -0.8735352 0.265625
v -0.06169046 0.09193039 0.05465299
vt 0.4652748 0.7756764
vn -0.2420654 -0.9458008 0.2144775
v -0.1033447 0.1031709 0.03919347
vt 0.4402826 0.767325
vn -0.4516602 -0.8730469 0.1831055
v -0.1281594 0.1214835 0.0447056
vt 0.4215834 0.7717009
vn -0.6645508 -0.7182617 0.2039795
v -0.08002269 0.09193039 0.01972385
vt 0.454561 0.7556286
vn -0.3139648 -0.9458008 0.07739258
v -0.1097213 0.1031709 0.01332259
vt 0.4368262 0.752075
vn -0.4841309 -0.8735352 0.0479126
v -0.02922564 0.09193037 0.07706183
vt 0.4838395 0.7878718
vn -0.1309814 -0.9443359 0.3005371
v -0.05417849 0.08388297 0.01335384
vt 0.4696753 0.7518016
vn -0.2770996 -0.9580078 0.06829834
v -0.04176689 0.08388296 0.03700224
vt 0.4767113 0.765218
vn -0.2137451 -0.9580078 0.1893311
v -0.05417849 0.08388297 -0.01335384
vt 0.4696414 0.7365752
vn -0.2770996 -0.9580078 -0.06842041
v -0.04389075 0.08093566 0.01081814
vt 0.4758407 0.750213
vn -0.2600098 -0.9633789 0.06408691
v -0.04389075 0.08093566 -0.01081814
vt 0.4757935 0.738079
vn -0.2600098 -0.9633789 -0.06408691
v -0.03383595 0.08093566 0.02997604
vt 0.4814346 0.7610551
vn -0.2005615 -0.9633789 0.1776123
v -0.03383595 0.08093566 -0.02997604
vt 0.4812684 0.7272458
vn -0.2005615 -0.9633789 -0.1776123
v -0.01978689 0.08388297 0.0521739
vt 0.4889753 0.7737319
vn -0.1202393 -0.9580078 0.2595215
v -0.01602962 0.08093566 0.04226681
vt 0.491146 0.7678754
vn -0.1132813 -0.9628906 0.2435303
v 1.490116E-10 0.08093566 0.04553642
vt 0.5 0.7695313
vn 0 -0.9638672 0.2661133
v -0.04176689 0.08388298 -0.03700224
vt 0.4765396 0.7230189
vn -0.2137451 -0.9580078 -0.189209
v -0.01602962 0.08093566 -0.04226681
vt 0.4911578 0.7203441
vn -0.1132813 -0.9628906 -0.2435303
v 9.486769E-22 0.08388297 0.05620988
vt 0.5 0.7759993
vn 0 -0.9584961 0.2834473
v -0.01978689 0.08388297 -0.05217389
vt 0.4889234 0.7146363
vn -0.1201172 -0.9580078 -0.2595215
v 8.538092E-22 0.08093566 -0.04553642
vt 0.5 0.7185975
vn 0 -0.9638672 -0.2661133
v -0.08002269 0.09193039 -0.01972385
vt 0.454462 0.7327474
vn -0.314209 -0.9458008 -0.07824707
v -0.06163288 0.09193039 -0.05471797
vt 0.4651003 0.7125649
vn -0.2425537 -0.9458008 -0.2144775
v 9.486769E-22 0.08388296 -0.05620987
vt 0.5 0.7123876
vn 0 -0.9584961 -0.2834473
v -0.1097213 0.1031709 -0.0133226
vt 0.4368076 0.7365509
vn -0.4831543 -0.8740234 -0.04623413
v -0.02922563 0.09193039 -0.07706182
vt 0.4835787 0.7003211
vn -0.1308594 -0.9443359 -0.3005371
v 0.01978689 0.08388297 -0.05217389
vt 0.5110766 0.7146363
vn 0.1201172 -0.9580078 -0.2595215
v 0.01602962 0.08093566 -0.04226681
vt 0.5088422 0.7203441
vn 0.1132813 -0.9628906 -0.2435303
v 9.486769E-22 0.09193037 -0.083023
vt 0.5 0.6972517
vn 0 -0.9418945 -0.3354492
v 0.04176689 0.08388298 -0.03700224
vt 0.5234604 0.7230189
vn 0.2137451 -0.9580078 -0.189209
v 0.03383595 0.08093566 -0.02997604
vt 0.5187316 0.7272458
vn 0.2005615 -0.9633789 -0.1776123
v 0.02922563 0.09193039 -0.07706182
vt 0.5164213 0.7003211
vn 0.1308594 -0.9443359 -0.3005371
v 0.06163288 0.09193039 -0.05471797
vt 0.5348997 0.7125649
vn 0.2425537 -0.9458008 -0.2144775
v 0.05417849 0.08388297 -0.01335384
vt 0.5303586 0.7365752
vn 0.2770996 -0.9580078 -0.06842041
v 0.04389075 0.08093566 -0.01081814
vt 0.5242065 0.738079
vn 0.2600098 -0.9633789 -0.06408691
v 0.08002269 0.09193039 -0.01972385
vt 0.5455379 0.7327474
vn 0.314209 -0.9458008 -0.07830811
v 0.05417849 0.08388297 0.01335384
vt 0.5303247 0.7518016
vn 0.2770996 -0.9580078 0.06829834
v 0.04389075 0.08093566 0.01081814
vt 0.5241593 0.750213
vn 0.2600098 -0.9633789 0.06408691
v 0.08002269 0.09193039 0.01972385
vt 0.545439 0.7556286
vn 0.3139648 -0.9458008 0.07739258
v 0.04176689 0.08388296 0.03700224
vt 0.5232887 0.765218
vn 0.2137451 -0.9580078 0.1893311
v 0.03383595 0.08093566 0.02997604
vt 0.5185654 0.7610551
vn 0.2005615 -0.9633789 0.1776123
v 0.06169046 0.09193039 0.05465299
vt 0.5347252 0.7756764
vn 0.2420654 -0.9458008 0.2144775
v 0.01978689 0.08388297 0.0521739
vt 0.5110247 0.7737319
vn 0.1202393 -0.9580078 0.2595215
v 0.01602962 0.08093566 0.04226681
vt 0.508854 0.7678754
vn 0.1132813 -0.9628906 0.2435303
v 0.02922564 0.09193037 0.07706183
vt 0.5161605 0.7878718
vn 0.1309814 -0.9443359 0.3005371
v 9.486769E-22 0.09193039 0.08302301
vt 0.5 0.791033
vn 0 -0.9418945 0.3354492
v 0.02645084 0.1031709 0.1073155
vt 0.5142787 0.8050662
vn 0.1146851 -0.8666992 0.4846191
v 9.486769E-22 0.1031709 0.1105272
vt 0.5 0.8066911
vn 0 -0.875 0.4838867
v 9.486769E-22 0.1211093 0.13608
vt 0.5 0.8230205
vn 0 -0.6918945 0.7216797
v 0.03256604 0.1211093 0.1321257
vt 0.5175226 0.8214241
vn 0.1727295 -0.6918945 0.7006836
v 0.0513645 0.1031709 0.09786691
vt 0.5281826 0.8006097
vn 0.2337646 -0.875 0.4233398
v 0.073293 0.1031709 0.08273071
vt 0.5412412 0.7929164
vn 0.3129883 -0.8745117 0.3691406
v 0.1088583 0.1182345 0.07452457
vt 0.5652053 0.7909513
vn 0.482666 -0.8125 0.3266602
v 0.09096205 0.1031709 0.06278656
vt 0.5521604 0.7814592
vn 0.4077148 -0.8735352 0.265625
v 0.1033447 0.1031709 0.03919347
vt 0.5597174 0.767325
vn 0.4516602 -0.8730469 0.1831055
v 0.1281594 0.1214835 0.0447056
vt 0.5784166 0.7717009
vn 0.6645508 -0.7182617 0.2039795
v 0.1097213 0.1031709 0.01332259
vt 0.5631738 0.752075
vn 0.4841309 -0.8735352 0.0479126
v 0.1354345 0.1215834 0.01644474
vt 0.5816298 0.7541848
vn 0.7172852 -0.690918 0.08624268
v 0.1097213 0.1031709 -0.0133226
vt 0.5631924 0.7365509
vn 0.4831543 -0.8740234 -0.04623413
v 0.1350877 0.1211093 -0.01640263
vt 0.5812978 0.7348427
vn 0.7163086 -0.6914063 -0.08880615
v 0.1033447 0.1031709 -0.03919346
vt 0.5599801 0.721226
vn 0.4477539 -0.8745117 -0.1848145
v 0.1263586 0.1204842 -0.04759093
vt 0.5775142 0.7155253
vn 0.6582031 -0.7216797 -0.2124023
v 0.1558705 0.1495186 -0.01892611
vt 0.6015625 0.7333329
vn 0.8764648 -0.4694824 -0.1049805
v 0.1067204 0.1181207 -0.07687893
vt 0.5646463 0.6963062
vn 0.4729004 -0.8120117 -0.3408203
v 0.1468118 0.1495186 -0.0556784
vt 0.5992262 0.7112526
vn 0.8398438 -0.4616699 -0.284668
v 0.1325798 0.1428155 -0.07224355
vt 0.591473 0.7002429
vn 0.7558594 -0.4841309 -0.4399414
v 0.1324966 0.1689433 -0.09544761
vt 0.605227 0.6845061
vn 0.75 -0.4196777 -0.5107422
v 0.133841 0.1724897 -0.09556288
vt 0.6073245 0.6843855
vn 0.7651367 -0.3425293 -0.5449219
v 0.09019426 0.1031709 -0.06365324
vt 0.5520148 0.7065246
vn 0.4038086 -0.8735352 -0.2702637
v 0.073293 0.1031709 -0.0827307
vt 0.5419481 0.6952513
vn 0.3132324 -0.8740234 -0.3708496
v 0.08494954 0.1209373 -0.1048937
vt 0.5497746 0.6782755
vn 0.4233398 -0.7182617 -0.5512695
v 0.05136448 0.1031709 -0.09786689
vt 0.5285969 0.6875163
vn 0.2335205 -0.875 -0.4238281
v 0.1546457 0.1740042 -0.05864938
vt 0.6142969 0.708564
vn 0.8881836 -0.329834 -0.3188477
v 0.1354562 0.1767503 -0.09570134
vt 0.6099443 0.6842554
vn 0.7729492 -0.3220215 -0.5458984
v 0.1379932 0.1806693 -0.09524981
vt 0.6126504 0.6844249
vn 0.7841797 -0.34375 -0.5161133
v 0.1562897 0.1791427 -0.05927287
vt 0.6173608 0.7080305
vn 0.8779297 -0.3515625 -0.3234863
v 0.1645583 0.1750952 -0.01998099
vt 0.6180975 0.7325434
vn 0.9428711 -0.3156738 -0.1018677
v 0.1668144 0.181737 -0.02025494
vt 0.6222804 0.7325067
vn 0.9492188 -0.3029785 -0.07983398
v 0.1676959 0.1872298 0.006154626
vt 0.625 0.74861
vn 0.9736328 -0.225708 0.02587891
v 0.1558705 0.1495186 0.01892611
vt 0.6015625 0.7555108
vn 0.8823242 -0.456543 0.1110229
v 0.1646606 0.1771032 0.01999342
vt 0.6187073 0.7567821
vn 0.9516602 -0.267334 0.1495361
v 0.1468118 0.1495186 0.05567841
vt 0.5988693 0.7773438
vn 0.8540039 -0.432373 0.2880859
v 0.1343785 0.1433341 0.06963266
vt 0.5922709 0.7870909
vn 0.7568359 -0.4814453 0.4416504
vt 0.6068863 0.8023421
vt 0.6091639 0.8028036
v 0.1553466 0.1789112 0.05891521
vt 0.616894 0.7803056
vn 0.9082031 -0.2467041 0.3369141
vt 0.6126711 0.8035713
v 0.1702376 0.2050815 0.02067059
vt 0.6354772 0.7583328
vn 0.9692383 -0.1717529 0.1746826
v 0.1702089 0.207057 0.006056311
vt 0.6373991 0.7500001
vn 0.9882813 -0.1496582 -0.001243591
v 0.1603226 0.2038074 0.06080233
vt 0.6316286 0.7824227
vn 0.918457 -0.1826172 0.3503418
vt 0.6295247 0.8070697
v 0.173105 0.2249173 0.02101875
vt 0.647015 0.7595432
vn 0.9770508 -0.1439209 0.1561279
v 0.172507 0.2258302 0.00400305
vt 0.6486718 0.7499999
vn 0.9921875 -0.1203003 -0.0241394
v 0.172856 0.2294426 2.673997E-05
vt 0.6508313 0.7479386
vn 0.9990234 0.03536987 -0.009254456
v 0.1630049 0.2225488 0.06181959
vt 0.6426911 0.7840918
vn 0.9257813 -0.147583 0.3469238
vt 0.6397564 0.808979
v 0.02645084 0.1031709 -0.1073154
vt 0.5144541 0.6830328
vn 0.1157227 -0.8662109 -0.4851074
v 0.03256604 0.1211093 -0.1321257
vt 0.5175695 0.6666101
vn 0.1728516 -0.6923828 -0.7001953
v 9.486769E-22 0.1031709 -0.1105272
vt 0.5 0.6815593
vn 0 -0.875 -0.4838867
v -0.02645084 0.1031709 -0.1073154
vt 0.4855459 0.6830328
vn -0.1157227 -0.8662109 -0.4851074
v 0.06335552 0.1214482 -0.1207139
vt 0.5353687 0.6710477
vn 0.3342285 -0.6899414 -0.6411133
v -0.05136448 0.1031709 -0.09786689
vt 0.4714031 0.6875163
vn -0.2335205 -0.875 -0.4238281
v -0.03256604 0.1211093 -0.1321257
vt 0.4824305 0.6666101
vn -0.1728516 -0.6923828 -0.7001953
v 9.486769E-22 0.1211093 -0.1360799
vt 0.5 0.6649923
vn 0 -0.6918945 -0.7216797
v 0.03757621 0.1495186 -0.1524527
vt 0.5206069 0.6477219
vn 0.2131348 -0.4536133 -0.8652344
v 0.07296863 0.1495186 -0.1390301
vt 0.5411224 0.6523847
vn 0.4138184 -0.4516602 -0.7900391
v 0.1041204 0.1495186 -0.1175276
vt 0.5614618 0.6595665
vn 0.5649414 -0.4365234 -0.699707
v 0.1105269 0.1428002 -0.1028845
vt 0.5672905 0.6678541
vn 0.6621094 -0.5131836 -0.5449219
vt 0.5847409 0.6571478
vt 0.5860177 0.6553335
v 0.1114874 0.1819863 -0.1258433
vt 0.5686319 0.6410857
vn 0.5986328 -0.2570801 -0.7578125
vt 0.5876122 0.6530541
v 0.117754 0.1860028 -0.1196901
vt 0.5742188 0.6407348
vn 0.7319336 -0.2113037 -0.6469727
vt 0.5896624 0.6513807
v 0.1198403 0.2055885 -0.1218233
vt 0.578125 0.6297759
vn 0.7407227 -0.1485596 -0.6547852
v 0.07813153 0.1819863 -0.1488671
vt 0.5461853 0.6336266
vn 0.4555664 -0.2521973 -0.8535156
v 0.1144081 0.2107604 -0.1291401
vt 0.5742188 0.625
vn 0.5893555 -0.1008301 -0.8007813
v 0.1231409 0.2243 -0.122123
vt 0.5831495 0.6192586
vn 0.6000977 -0.03378296 -0.7988281
v 0.08022071 0.2113556 -0.1528478
vt 0.5508488 0.6167688
vn 0.500061 -0.05960083 -0.8632813
v 0.07972406 0.2043738 -0.1519015
vt 0.5496746 0.6208808
vn 0.4819336 -0.1303711 -0.8662109
v 0.04108387 0.2051617 -0.1666838
vt 0.5252321 0.6148888
vn 0.2509766 -0.1512451 -0.9560547
v 0.0408549 0.198911 -0.1657548
vt 0.5247173 0.6187336
vn 0.2500305 -0.1512451 -0.9560547
v 9.486769E-22 0.2027921 -0.1713096
vt 0.5 0.6145841
vn 0 -0.1512451 -0.9882813
v 0.04023491 0.1819863 -0.1632394
vt 0.5234375 0.6286085
vn 0.2351074 -0.2619629 -0.9355469
v 9.486769E-22 0.197281 -0.170466
vt 0.5 0.6179281
v 9.486769E-22 0.1495186 -0.1570152
vt 0.5 0.6461241
vn 0 -0.4538574 -0.890625
v 9.486769E-22 0.1819863 -0.1681249
vt 0.5 0.6270798
vn 0 -0.2661133 -0.9638672
v -0.0408549 0.198911 -0.1657548
vt 0.4752827 0.6187336
vn -0.2500305 -0.1512451 -0.9560547
v -0.04108387 0.2051617 -0.1666838
vt 0.4747679 0.6148888
vn -0.2509766 -0.1512451 -0.9560547
v -0.04023491 0.1819863 -0.1632394
vt 0.4765625 0.6286085
vn -0.2351074 -0.2619629 -0.9355469
v -0.03757621 0.1495186 -0.1524527
vt 0.4793931 0.6477219
vn -0.2131348 -0.4536133 -0.8652344
v -0.07813153 0.1819863 -0.1488671
vt 0.4538147 0.6336266
vn -0.4555664 -0.2521973 -0.8535156
v -0.07972406 0.2043738 -0.1519015
vt 0.4503254 0.6208808
vn -0.4819336 -0.1303711 -0.8662109
v -0.08022071 0.2113556 -0.1528478
vt 0.4491512 0.6167688
vn -0.500061 -0.05960083 -0.8632813
v -0.06335552 0.1214482 -0.1207139
vt 0.4646313 0.6710477
vn -0.3342285 -0.6899414 -0.6411133
v -0.1144081 0.2107604 -0.1291401
vt 0.4257813 0.625
vn -0.5893555 -0.1008301 -0.8007813
v -0.1231409 0.2243 -0.122123
vt 0.4168505 0.6192586
vn -0.6000977 -0.03378296 -0.7988281
v -0.1198403 0.2055885 -0.1218233
vt 0.421875 0.6297759
vn -0.7407227 -0.1485596 -0.6547852
v -0.1114874 0.1819863 -0.1258433
vt 0.4313681 0.6410857
vn -0.5986328 -0.2570801 -0.7578125
v -0.117754 0.1860028 -0.1196901
vt 0.4257813 0.6407348
vn -0.7319336 -0.2113037 -0.6469727
v -0.1354562 0.1767503 -0.09570134
vt 0.4123878 0.6530541
vn -0.7729492 -0.3220215 -0.5458984
v -0.1379932 0.1806693 -0.09524981
vt 0.4103376 0.6513807
vn -0.7841797 -0.34375 -0.5161133
v -0.133841 0.1724897 -0.09556288
vt 0.4139823 0.6553335
vn -0.7651367 -0.3425293 -0.5449219
v -0.07296863 0.1495186 -0.1390301
vt 0.4588776 0.6523847
vn -0.4138184 -0.4516602 -0.7900391
v -0.1041204 0.1495186 -0.1175276
vt 0.4385382 0.6595665
vn -0.5649414 -0.4365234 -0.699707
v -0.1324966 0.1689433 -0.09544761
vt 0.4152591 0.6571478
vn -0.75 -0.4196777 -0.5107422
v -0.1105269 0.1428002 -0.1028845
vt 0.4327095 0.6678541
vn -0.6621094 -0.5131836 -0.5449219
v -0.08494954 0.1209373 -0.1048937
vt 0.4502254 0.6782755
vn -0.4233398 -0.7182617 -0.5512695
v -0.073293 0.1031709 -0.0827307
vt 0.4580519 0.6952513
vn -0.3132324 -0.8740234 -0.3708496
v -0.1067204 0.1181207 -0.07687893
vt 0.4353537 0.6963062
vn -0.4729004 -0.8120117 -0.3408203
v -0.09019426 0.1031709 -0.06365324
vt 0.4479852 0.7065246
vn -0.4038086 -0.8735352 -0.2702637
v -0.1033447 0.1031709 -0.03919346
vt 0.4400199 0.721226
vn -0.4477539 -0.8745117 -0.1848145
v -0.1263586 0.1204842 -0.04759093
vt 0.4224858 0.7155253
vn -0.6582031 -0.7216797 -0.2124023
v -0.1350877 0.1211093 -0.01640263
vt 0.4187022 0.7348427
vn -0.7163086 -0.6914063 -0.08880615
v -0.1468118 0.1495186 -0.0556784
vt 0.4007738 0.7112526
vn -0.8398438 -0.4616699 -0.284668
v -0.1325798 0.1428155 -0.07224355
vt 0.408527 0.7002429
vn -0.7558594 -0.4841309 -0.4399414
vt 0.394773 0.6845061
vt 0.3926755 0.6843855
v -0.1354345 0.1215834 0.01644474
vt 0.4183702 0.7541848
vn -0.7172852 -0.690918 0.08624268
v -0.1558705 0.1495186 -0.01892611
vt 0.3984375 0.7333329
vn -0.8764648 -0.4694824 -0.1049805
v -0.1546457 0.1740042 -0.05864938
vt 0.3857031 0.708564
vn -0.8881836 -0.329834 -0.3188477
vt 0.3900557 0.6842554
vt 0.3873496 0.6844249
v -0.1562897 0.1791427 -0.05927287
vt 0.3826392 0.7080305
vn -0.8779297 -0.3515625 -0.3234863
v -0.1645583 0.1750952 -0.01998099
vt 0.3819025 0.7325434
vn -0.9428711 -0.3156738 -0.1018677
v -0.1668144 0.181737 -0.02025494
vt 0.3777196 0.7325067
vn -0.9492188 -0.3029785 -0.07983398
v -0.1676959 0.1872298 0.006154626
vt 0.375 0.74861
vn -0.9736328 -0.225708 0.02587891
v -0.1558705 0.1495186 0.01892611
vt 0.3984375 0.7555108
vn -0.8823242 -0.456543 0.1110229
v -0.1646606 0.1771032 0.01999342
vt 0.3812927 0.7567821
vn -0.9516602 -0.267334 0.1495361
v -0.1468118 0.1495186 0.05567841
vt 0.4011307 0.7773438
vn -0.8540039 -0.432373 0.2880859
v -0.1343785 0.1433341 0.06963266
vt 0.4077291 0.7870909
vn -0.7568359 -0.4814453 0.4416504
vt 0.3931137 0.8023421
vt 0.3908361 0.8028036
v -0.1553466 0.1789112 0.05891521
vt 0.383106 0.7803056
vn -0.9082031 -0.2467041 0.3369141
vt 0.3873289 0.8035713
v -0.1702376 0.2050815 0.02067059
vt 0.3645228 0.7583328
vn -0.9692383 -0.1717529 0.1746826
v -0.1702089 0.207057 0.006056311
vt 0.3626009 0.7500001
vn -0.9882813 -0.1496582 -0.001243591
v -0.1603226 0.2038074 0.06080233
vt 0.3683714 0.7824227
vn -0.918457 -0.1826172 0.3503418
vt 0.3704753 0.8070697
v -0.173105 0.2249173 0.02101875
vt 0.352985 0.7595432
vn -0.9770508 -0.1439209 0.1561279
v -0.172507 0.2258302 0.00400305
vt 0.3513282 0.7499999
vn -0.9921875 -0.1203003 -0.0241394
v -0.172856 0.2294426 2.673997E-05
vt 0.3491687 0.7479386
vn -0.9990234 0.03536987 -0.009254456
v -0.1630049 0.2225488 0.06181959
vt 0.3573089 0.7840918
vn -0.9257813 -0.147583 0.3469238
vt 0.3602436 0.808979
v 0.1373727 0.3859352 0.07162955
vt 0.9711598 0.1133952
vn 0.796875 -0.04202271 -0.6015625
v 0.1282804 0.3942967 0.05868925
vt 0.9762259 0.1218269
v 0.1404261 0.3920326 0.07493366
vt 0.9673138 0.115002
vn 0.800293 -0.03347778 -0.5981445
v 0.128667 0.4033799 0.0588809
vt 0.9734712 0.1259859
vn 0.7749023 -0.008361816 -0.6318359
v 0.1475286 0.433042 0.08224044
vt 0.9509876 0.1314862
vn 0.7719727 -0.009651184 -0.6352539
v 0.1233275 0.4321052 0.05628254
vt 0.9678988 0.1411203
vn 0.7299805 0.03213501 -0.6821289
v 0.1553483 0.417952 0.09382938
vt 0.9487848 0.1203688
vn 0.7958984 -0.03964233 -0.6035156
v 0.138254 0.4485132 0.07127378
vt 0.953125 0.1428645
vn 0.7470703 0.01986694 -0.6640625
v 0.1720715 0.4425143 0.1132392
vt 0.9296875 0.1248861
vn 0.7915039 -0.04074097 -0.6088867
v 0.1649935 0.458262 0.103097
vt 0.9310101 0.1357254
vn 0.7788086 -0.01308441 -0.6264648
v 0.1560818 0.4744406 0.09282847
vt 0.9327714 0.1471533
vn 0.7661133 0.01198578 -0.6420898
v 0.1896899 0.4645904 0.1350232
vt 0.9101563 0.1273325
vn 0.793457 -0.03256226 -0.6074219
v 0.1827165 0.4825456 0.1250008
vt 0.9108211 0.139082
vn 0.7807617 -0.006530762 -0.6245117
v 0.1743175 0.4992847 0.1153677
vt 0.9121476 0.1505387
vn 0.7680664 0.01754761 -0.6391602
v 0.205239 0.4839242 0.1543207
vt 0.8928969 0.1289063
vn 0.8422852 0.01565552 -0.5385742
v 0.1992723 0.5025651 0.1454946
vt 0.8927362 0.1406155
vn 0.8334961 0.05020142 -0.5498047
v 0.1916629 0.5200912 0.1368409
vt 0.8928969 0.1523438
vn 0.8212891 0.07781982 -0.5644531
v 0.2043253 0.4863054 0.1594585
vt 0.8884821 0.1289063
vn 0.6289063 0.4919434 0.6010742
v 0.1983564 0.5049797 0.1506657
vt 0.8884821 0.140625
vn 0.6186523 0.5195313 0.5888672
v 0.1907768 0.5224712 0.1419559
vt 0.8884821 0.1523438
vn 0.6015625 0.5493164 0.5791016
v 0.1751049 0.4884363 0.1822964
vt 0.8678949 0.1289063
vn 0.5585938 0.5019531 0.659668
v 0.1685921 0.5075258 0.1731643
vt 0.8679421 0.140625
vn 0.5498047 0.5263672 0.6479492
v 0.1614366 0.5249985 0.164102
vt 0.8678949 0.1523438
vn 0.5405273 0.5507813 0.6352539
v 0.13016 0.5263798 0.1900906
vt 0.84375 0.1523438
vn 0.5541992 0.550293 0.6240234
v 0.1368462 0.5089278 0.1995428
vt 0.84375 0.140625
vn 0.5639648 0.5258789 0.6362305
v 0.1435424 0.4898302 0.2085226
vt 0.84375 0.1289063
vn 0.5722656 0.5014648 0.6484375
v 0.1029487 0.5263498 0.2149346
vt 0.8206789 0.1523438
vn 0.4880371 0.5541992 0.6738281
v 0.1092108 0.5089166 0.2247392
vt 0.8206756 0.140625
vn 0.4931641 0.5249023 0.6933594
v 0.1156942 0.4902197 0.2331045
vt 0.8207636 0.1289063
vn 0.5009766 0.4980469 0.7075195
v 0.0976407 0.5242435 0.2149665
vt 0.8179361 0.1523438
vn -0.6826172 0.1594238 0.7124023
v 0.1038404 0.5067797 0.2247915
vt 0.8181793 0.1405932
vn -0.6723633 0.1324463 0.7275391
v 0.1103588 0.4881145 0.2331592
vt 0.8179475 0.1289063
vn -0.6655273 0.09863281 0.7397461
v 0.07788867 0.5035806 0.1955494
vt 0.7988269 0.150508
vn -0.7548828 0.09771729 0.6479492
v 0.0849477 0.4869008 0.2062959
vt 0.8001159 0.1389948
vn -0.7436523 0.07391357 0.6640625
v 0.09258531 0.4689162 0.2157664
vt 0.8007813 0.1271472
vn -0.730957 0.04785156 0.6801758
v 0.05741508 0.4788914 0.17491
vt 0.7782009 0.1471049
vn -0.7495117 0.1044312 0.652832
v 0.06503414 0.4627699 0.1862527
vt 0.7799597 0.1356906
vn -0.7382813 0.08129883 0.6689453
v 0.07286894 0.4469887 0.195766
vt 0.7812501 0.1248861
vn -0.7241211 0.05477905 0.6870117
v 0.05722697 0.4281276 0.1816626
vt 0.765625 0.1219375
vn -0.7109375 0.06866455 0.6992188
v 0.04672552 0.4403887 0.1697889
vt 0.762005 0.1320893
vn -0.7382813 0.09906006 0.6669922
v 0.0362556 0.4537418 0.1558132
vt 0.7578125 0.1431748
vn -0.7602539 0.1212769 0.6381836
v 0.04386558 0.4106726 0.1698486
vt 0.7528293 0.1186917
vn -0.7089844 0.07452393 0.7011719
v 0.02882287 0.4167503 0.153946
vt 0.7442271 0.1275205
vn -0.7460938 0.1210327 0.6542969
v 0.02824644 0.3892347 0.1566588
vt 0.737341 0.113961
vn -0.7050781 0.08416748 0.7036133
v 0.01464143 0.4258642 0.132627
vt 0.7351055 0.1391209
vn -0.7670898 0.1708984 0.6176758
v 0.01524735 0.3977122 0.1427247
vt 0.7304688 0.1222883
vn -0.7436523 0.163208 0.6474609
v 9.486769E-22 0.4065548 0.1216693
vt 0.7210319 0.1348649
vn -0.7612305 0.2042236 0.6152344
v 0.1391486 0.3856746 -0.0641499
vt 0.6408798 0.6949239
vn 0.4299316 0.8740234 -0.225708
v 0.1287151 0.3844832 -0.08069788
vt 0.6510531 0.6923364
vn 0.3947754 0.859375 -0.3234863
v 0.1182452 0.3956632 -0.06431066
vt 0.6491064 0.703125
vn 0.4104004 0.8535156 -0.3200684
v 0.1524619 0.3796002 -0.064137
vt 0.6356961 0.6888581
vn 0.454834 0.8691406 -0.1917725
v 0.1268626 0.3767858 -0.1030438
vt 0.6601563 0.6835938
vn 0.3815918 0.8500977 -0.3623047
v 0.1744241 0.3599399 -0.08901434
vt 0.6367188 0.6679688
vn 0.4060059 0.8398438 -0.3588867
v 0.1004203 0.3841838 -0.1113628
vt 0.6733554 0.6910096
vn 0.3476563 0.8544922 -0.385498
v 0.1433304 0.3617683 -0.1197246
vt 0.6601563 0.6679688
vn 0.388916 0.8359375 -0.3859863
v 0.1951825 0.3391991 -0.1129562
vt 0.6374612 0.6470394
vn 0.4240723 0.8129883 -0.3979492
v 0.09572266 0.376179 -0.1325762
vt 0.6835938 0.6835938
vn 0.3356934 0.8374023 -0.4301758
v 0.06748168 0.3853226 -0.1352726
vt 0.6949383 0.693762
vn 0.2866211 0.8574219 -0.4265137
v 0.05477686 0.3793435 -0.1557016
vt 0.7070313 0.6891903
vn 0.2424316 0.855957 -0.4560547
v 0.07857146 0.3576966 -0.1781964
vt 0.7064822 0.6679688
vn 0.3227539 0.8291016 -0.4560547
v 0.1113795 0.3610205 -0.149452
vt 0.6835938 0.6679688
vn 0.3449707 0.8300781 -0.4372559
v 0.1014761 0.337006 -0.2001413
vt 0.7056537 0.6470394
vn 0.3459473 0.8115234 -0.4707031
v 0.1645233 0.3404085 -0.142686
vt 0.6601563 0.6470394
vn 0.40625 0.8120117 -0.4179688
v 0.2152343 0.3161804 -0.1356298
vt 0.6383286 0.6261302
vn 0.4541016 0.7768555 -0.4353027
v 0.1332878 0.3396775 -0.1717477
vt 0.6835938 0.6470394
vn 0.3671875 0.8115234 -0.4543457
v 0.123224 0.3140269 -0.2212368
vt 0.7052077 0.6264955
vn 0.3820801 0.7753906 -0.5024414
v 0.1851405 0.3174031 -0.1648337
vt 0.6601563 0.6265122
vn 0.4362793 0.7773438 -0.4523926
v 0.2319777 0.2936461 -0.1556141
vt 0.639294 0.6077342
vn 0.4746094 0.7519531 -0.456543
v 0.1544703 0.3166853 -0.1933693
vt 0.6835938 0.6265122
vn 0.4001465 0.7763672 -0.486084
v 0.1425152 0.2915522 -0.2388504
vt 0.7046111 0.6077342
vn 0.4020996 0.7504883 -0.5239258
v 0.2027333 0.2948888 -0.1840278
vt 0.66087 0.6077342
vn 0.4577637 0.7509766 -0.4748535
v 0.2310714 0.2907698 -0.1604089
vt 0.6413799 0.6054688
vn 0.5146484 0.6992188 -0.4956055
v 0.204721 0.2920802 -0.18613
vt 0.6608444 0.6054688
vn 0.4897461 0.7084961 -0.5073242
v 0.1749364 0.291383 -0.2138416
vt 0.6827313 0.6054688
vn 0.4528809 0.7075195 -0.5415039
v 0.1729123 0.2941907 -0.2117731
vt 0.6827301 0.6077342
vn 0.421875 0.7504883 -0.5083008
v 0.1474334 0.2888122 -0.2382262
vt 0.7025424 0.6054688
vn 0.4396973 0.6972656 -0.5654297
v 0.142865 0.3864012 0.05786118
vt 0.7504677 0.01555818
vn 0.04379272 -0.02336121 0.9985352
vt 0.7478585 0.02705818
vn 0.0008525848 0.002229691 0.9995117
vt 0.7460685 0.02237087
v 0.164058 0.4044045 0.05735683
vt 0.765625 0.01953667
vn 0.04278564 -0.0241394 0.9985352
v 0.150677 0.4220538 0.05835711
vt 0.7626796 0.0315156
vn 0.002391815 0.007858276 0.9995117
vt 0.7513838 0.04269165
vn -0.06118774 0.03927612 0.9970703
v 0.1835998 0.4190311 0.05689181
vt 0.778575 0.02319092
vn 0.04159546 -0.02539063 0.9985352
v 0.1376059 0.4400288 0.05798632
vt 0.7594703 0.043549
vn -0.02813721 0.03198242 0.9990234
v 0.1712332 0.4374579 0.05786794
vt 0.7761772 0.035191
vn 0.02319336 0.001055717 0.9995117
v 0.2104786 0.4375295 0.05625217
vt 0.7961403 0.02734375
vn 0.04025269 -0.02682495 0.9985352
v 0.1587683 0.4558221 0.05748271
vt 0.7734375 0.046875
vn 0.006347656 0.02529907 0.9995117
v 0.1999757 0.4561324 0.05718395
vt 0.7947293 0.03889322
vn 0.02323914 0.001074791 0.9995117
v 0.1883353 0.4749333 0.05677911
vt 0.7929435 0.05078369
vn 0.007827759 0.02638245 0.9995117
v 0.2393739 0.4536313 0.05556455
vt 0.8143848 0.02972543
vn 0.03823853 -0.02775574 0.9985352
v 0.2194439 0.4923891 0.05603883
vt 0.8124748 0.0528819
vn 0.009262085 0.02738953 0.9995117
v 0.2301844 0.4731974 0.05646507
vt 0.8135214 0.04127365
vn 0.02308655 0.001086235 0.9995117
v 0.2656331 0.4656963 0.05493966
vt 0.8299558 0.03125
vn 0.1419678 0.0107193 0.9897461
v 0.2485499 0.5066662 0.05534625
vt 0.8298065 0.0546875
vn 0.1091309 0.07476807 0.9907227
v 0.2579162 0.4869506 0.05580521
vt 0.8297541 0.04296875
vn 0.1307373 0.04678345 0.9902344
v 0.2690537 0.4671621 0.05095325
vt 0.8339005 0.03125
vn 0.9399414 0.3374023 0.05117798
v 0.2519704 0.508132 0.05135985
vt 0.8339005 0.0546875
vn 0.9003906 0.4309082 0.0512085
v 0.2613645 0.4884437 0.05177451
vt 0.8339005 0.04296875
vn 0.9223633 0.3823242 0.05273438
v 0.2666473 0.4687722 0.01421566
vt 0.8515625 0.03125
vn 0.9394531 0.3405762 -0.03393555
v 0.2589483 0.4900539 0.01462616
vt 0.8515625 0.04296875
vn 0.921875 0.385498 -0.03213501
v 0.249564 0.5097421 0.01462218
vt 0.8515625 0.0546875
vn 0.9018555 0.4299316 -0.03009033
v 0.2656793 0.4687722 -0.02646113
vt 0.8710938 0.03125
vn 0.9399414 0.3405762 -0.01078796
v 0.2579695 0.4900539 -0.02650495
vt 0.8710938 0.04296875
vn 0.9223633 0.385498 -0.01173401
v 0.2485961 0.5097421 -0.02605461
vt 0.8710938 0.0546875
vn 0.9023438 0.4299316 -0.0128479
v 0.2492522 0.5081319 -0.06286501
vt 0.8886755 0.0546875
vn 0.8969727 0.4309082 -0.09399414
v 0.2586159 0.4884437 -0.06372609
vt 0.8886755 0.04296875
vn 0.918457 0.3823242 -0.09655762
v 0.2663354 0.4671621 -0.06327156
vt 0.8886755 0.03125
vn 0.9360352 0.3374023 -0.0958252
v 0.2549798 0.4869506 -0.0675882
vt 0.8925409 0.0430277
vn 0.08355713 0.04678345 -0.9951172
v 0.2456459 0.5066662 -0.06668423
vt 0.8927568 0.0546875
vn 0.06185913 0.07476807 -0.9951172
v 0.2627291 0.4656962 -0.06709077
vt 0.8927784 0.03125
vn 0.0947876 0.0107193 -0.9951172
v 0.227248 0.4731974 -0.06692827
vt 0.908818 0.04179901
vn -0.0244751 0.001087189 -0.9995117
v 0.2165399 0.4923891 -0.06599159
vt 0.9101563 0.05358237
vn -0.03826904 0.02738953 -0.9985352
v 0.23647 0.4536313 -0.06646588
vt 0.9083105 0.03005427
vn -0.009284973 -0.02775574 -0.9995117
v 0.1970393 0.4561324 -0.06620939
vt 0.92798 0.03964788
vn -0.02433777 0.001074791 -0.9995117
v 0.1854314 0.4749333 -0.06525131
vt 0.9296875 0.05167902
vn -0.03970337 0.02638245 -0.9985352
v 0.2075746 0.4375295 -0.06577826
vt 0.9264143 0.02792877
vn -0.007297516 -0.02682495 -0.9995117
v 0.1558644 0.4558221 -0.0645477
vt 0.9492188 0.04850304
vn -0.0413208 0.02520752 -0.9985352
v 0.1682968 0.4374579 -0.06552541
vt 0.9465457 0.03642648
vn -0.02441406 0.001081467 -0.9995117
v 0.1806958 0.4190311 -0.06513863
vt 0.9441696 0.02431482
vn -0.005859375 -0.02529907 -0.9995117
v 0.1276478 0.4347644 -0.06387623
vt 0.9682453 0.04393023
vn -0.07330322 0.03056335 -0.996582
v 0.1408886 0.4169191 -0.06487316
vt 0.9649705 0.03197819
vn -0.04098511 0.004787445 -0.9990234
v 0.1546402 0.3995289 -0.06451856
vt 0.9619581 0.02017665
vn -0.004444122 -0.02388 -0.9995117
v 0.1130046 0.4251925 -0.06139627
vt 0.9777898 0.04204875
vn -0.1124878 0.03808594 -0.9926758
vt 0.9731714 0.01632899
vn -0.003271103 -0.02294922 -0.9995117
vt 0.9804688 0.02620775
vn -0.05404663 0.005367279 -0.9980469
v -0.1404261 0.3920326 0.07493366
vt 0.03268617 0.115002
vn -0.800293 -0.03347778 -0.5981445
v -0.1282804 0.3942967 0.05868925
vt 0.02377409 0.1218269
vn -0.796875 -0.04202271 -0.6015625
v -0.1373727 0.3859352 0.07162955
vt 0.02884024 0.1133952
v -0.128667 0.4033799 0.0588809
vt 0.02652878 0.1259859
vn -0.7749023 -0.008361816 -0.6318359
v -0.1475286 0.433042 0.08224044
vt 0.04901236 0.1314862
vn -0.7719727 -0.009651184 -0.6352539
v -0.1553483 0.417952 0.09382938
vt 0.05121523 0.1203688
vn -0.7958984 -0.03964233 -0.6035156
v -0.1233275 0.4321052 0.05628254
vt 0.03210115 0.1411203
vn -0.7299805 0.03213501 -0.6821289
v -0.1720715 0.4425143 0.1132392
vt 0.0703125 0.1248861
vn -0.7915039 -0.04074097 -0.6088867
v -0.138254 0.4485132 0.07127378
vt 0.046875 0.1428645
vn -0.7470703 0.01986694 -0.6640625
v -0.1649935 0.458262 0.103097
vt 0.06898987 0.1357254
vn -0.7788086 -0.01308441 -0.6264648
v -0.1896899 0.4645904 0.1350232
vt 0.08984375 0.1273325
vn -0.793457 -0.03256226 -0.6074219
v -0.1560818 0.4744406 0.09282847
vt 0.06722862 0.1471533
vn -0.7661133 0.01198578 -0.6420898
v -0.1827165 0.4825456 0.1250008
vt 0.08917886 0.139082
vn -0.7807617 -0.006530762 -0.6245117
v -0.205239 0.4839242 0.1543207
vt 0.1071031 0.1289063
vn -0.8422852 0.01565552 -0.5385742
v -0.1743175 0.4992847 0.1153677
vt 0.08785236 0.1505387
vn -0.7680664 0.01754761 -0.6391602
v -0.1992723 0.5025651 0.1454946
vt 0.1072638 0.1406155
vn -0.8334961 0.05020142 -0.5498047
v -0.2043253 0.4863054 0.1594585
vt 0.1115179 0.1289063
vn -0.6289063 0.4919434 0.6010742
v -0.1916629 0.5200912 0.1368409
vt 0.1071031 0.1523438
vn -0.8212891 0.07781982 -0.5644531
v -0.1983564 0.5049797 0.1506657
vt 0.1115179 0.140625
vn -0.6186523 0.5195313 0.5888672
v -0.1751049 0.4884363 0.1822964
vt 0.1321051 0.1289063
vn -0.5585938 0.5019531 0.659668
v -0.1907768 0.5224712 0.1419559
vt 0.1115179 0.1523438
vn -0.6015625 0.5493164 0.5791016
v -0.1685921 0.5075258 0.1731643
vt 0.1320579 0.140625
vn -0.5498047 0.5263672 0.6479492
v -0.1614366 0.5249985 0.164102
vt 0.1321051 0.1523438
vn -0.5405273 0.5507813 0.6352539
v -0.13016 0.5263798 0.1900906
vt 0.15625 0.1523438
vn -0.5541992 0.550293 0.6240234
v -0.1368462 0.5089278 0.1995428
vt 0.15625 0.140625
vn -0.5639648 0.5258789 0.6362305
v -0.1435424 0.4898302 0.2085226
vt 0.15625 0.1289063
vn -0.5722656 0.5014648 0.6484375
v -0.1029487 0.5263498 0.2149346
vt 0.1793211 0.1523438
vn -0.4880371 0.5541992 0.6738281
v -0.1092108 0.5089166 0.2247392
vt 0.1793244 0.140625
vn -0.4931641 0.5249023 0.6933594
v -0.1156942 0.4902197 0.2331045
vt 0.1792364 0.1289063
vn -0.5009766 0.4980469 0.7075195
v -0.0976407 0.5242435 0.2149665
vt 0.1820639 0.1523438
vn 0.6826172 0.1594238 0.7124023
v -0.1038404 0.5067797 0.2247915
vt 0.1818207 0.1405932
vn 0.6723633 0.1324463 0.7275391
v -0.1103588 0.4881145 0.2331592
vt 0.1820525 0.1289063
vn 0.6655273 0.09863281 0.7397461
v -0.07788867 0.5035806 0.1955494
vt 0.2011731 0.150508
vn 0.7548828 0.09771729 0.6479492
v -0.0849477 0.4869008 0.2062959
vt 0.1998841 0.1389948
vn 0.7436523 0.07391357 0.6640625
v -0.09258531 0.4689162 0.2157664
vt 0.1992188 0.1271472
vn 0.730957 0.04785156 0.6801758
v -0.05741508 0.4788914 0.17491
vt 0.2217991 0.1471049
vn 0.7495117 0.1044312 0.652832
v -0.06503414 0.4627699 0.1862527
vt 0.2200403 0.1356906
vn 0.7382813 0.08129883 0.6689453
v -0.07286894 0.4469887 0.195766
vt 0.2187499 0.1248861
vn 0.7241211 0.05477905 0.6870117
v -0.05722697 0.4281276 0.1816626
vt 0.234375 0.1219375
vn 0.7109375 0.06866455 0.6992188
v -0.04672552 0.4403887 0.1697889
vt 0.237995 0.1320893
vn 0.7382813 0.09906006 0.6669922
v -0.0362556 0.4537418 0.1558132
vt 0.2421875 0.1431748
vn 0.7602539 0.1212769 0.6381836
v -0.04386558 0.4106726 0.1698486
vt 0.2471707 0.1186917
vn 0.7089844 0.07452393 0.7011719
v -0.02882287 0.4167503 0.153946
vt 0.2557729 0.1275205
vn 0.7460938 0.1210327 0.6542969
v -0.02824644 0.3892347 0.1566588
vt 0.262659 0.113961
vn 0.7050781 0.08416748 0.7036133
v -0.01464143 0.4258642 0.132627
vt 0.2648945 0.1391209
vn 0.7670898 0.1708984 0.6176758
v -0.01524735 0.3977122 0.1427247
vt 0.2695313 0.1222883
vn 0.7436523 0.163208 0.6474609
vt 0.2789681 0.1348649
vn 0.7612305 0.2042236 0.6152344
v -0.1391486 0.3856746 -0.0641499
vt 0.3591202 0.6949239
vn -0.4299316 0.8740234 -0.225708
v -0.1182452 0.3956632 -0.06431066
vt 0.3508936 0.703125
vn -0.4104004 0.8535156 -0.3200684
v -0.1287151 0.3844832 -0.08069788
vt 0.3489469 0.6923364
vn -0.3947754 0.859375 -0.3234863
v -0.1524619 0.3796002 -0.064137
vt 0.3643039 0.6888581
vn -0.454834 0.8691406 -0.1917725
v -0.1268626 0.3767858 -0.1030438
vt 0.3398438 0.6835938
vn -0.3815918 0.8500977 -0.3623047
v -0.1004203 0.3841838 -0.1113628
vt 0.3266446 0.6910096
vn -0.3476563 0.8544922 -0.385498
v -0.1744241 0.3599399 -0.08901434
vt 0.3632813 0.6679688
vn -0.4060059 0.8398438 -0.3588867
v -0.09572266 0.376179 -0.1325762
vt 0.3164063 0.6835938
vn -0.3356934 0.8374023 -0.4301758
v -0.06748168 0.3853226 -0.1352726
vt 0.3050617 0.693762
vn -0.2866211 0.8574219 -0.4265137
v -0.05477686 0.3793435 -0.1557016
vt 0.2929688 0.6891903
vn -0.2424316 0.855957 -0.4560547
v -0.07857146 0.3576966 -0.1781964
vt 0.2935178 0.6679688
vn -0.3227539 0.8291016 -0.4560547
v -0.1433304 0.3617683 -0.1197246
vt 0.3398438 0.6679688
vn -0.388916 0.8359375 -0.3859863
v -0.1951825 0.3391991 -0.1129562
vt 0.3625388 0.6470394
vn -0.4240723 0.8129883 -0.3979492
v -0.1113795 0.3610205 -0.149452
vt 0.3164063 0.6679688
vn -0.3449707 0.8300781 -0.4372559
v -0.1014761 0.337006 -0.2001413
vt 0.2943463 0.6470394
vn -0.3459473 0.8115234 -0.4707031
v -0.1645233 0.3404085 -0.142686
vt 0.3398438 0.6470394
vn -0.40625 0.8120117 -0.4179688
v -0.2152343 0.3161804 -0.1356298
vt 0.3616714 0.6261302
vn -0.4541016 0.7768555 -0.4353027
v -0.1332878 0.3396775 -0.1717477
vt 0.3164063 0.6470394
vn -0.3671875 0.8115234 -0.4543457
v -0.123224 0.3140269 -0.2212368
vt 0.2947923 0.6264955
vn -0.3820801 0.7753906 -0.5024414
v -0.1851405 0.3174031 -0.1648337
vt 0.3398438 0.6265122
vn -0.4362793 0.7773438 -0.4523926
v -0.2319777 0.2936461 -0.1556141
vt 0.360706 0.6077342
vn -0.4746094 0.7519531 -0.456543
v -0.1544703 0.3166853 -0.1933693
vt 0.3164063 0.6265122
vn -0.4001465 0.7763672 -0.486084
v -0.1425152 0.2915522 -0.2388504
vt 0.2953889 0.6077342
vn -0.4020996 0.7504883 -0.5239258
v -0.2027333 0.2948888 -0.1840278
vt 0.33913 0.6077342
vn -0.4577637 0.7509766 -0.4748535
v -0.2310714 0.2907698 -0.1604089
vt 0.3586201 0.6054688
vn -0.5146484 0.6992188 -0.4956055
v -0.204721 0.2920802 -0.18613
vt 0.3391556 0.6054688
vn -0.4897461 0.7084961 -0.5073242
v -0.1749364 0.291383 -0.2138416
vt 0.3172687 0.6054688
vn -0.4528809 0.7075195 -0.5415039
v -0.1729123 0.2941907 -0.2117731
vt 0.3172699 0.6077342
vn -0.421875 0.7504883 -0.5083008
v -0.1474334 0.2888122 -0.2382262
vt 0.2974576 0.6054688
vn -0.4396973 0.6972656 -0.5654297
vt 0.2539315 0.02237087
vn -0.04379272 -0.02336121 0.9985352
vt 0.2521415 0.02705818
vn -0.0008525848 0.002229691 0.9995117
v -0.142865 0.3864012 0.05786118
vt 0.2495323 0.01555818
v -0.164058 0.4044045 0.05735683
vt 0.234375 0.01953667
vn -0.04278564 -0.0241394 0.9985352
v -0.150677 0.4220538 0.05835711
vt 0.2373204 0.0315156
vn -0.002391815 0.007858276 0.9995117
vt 0.2486162 0.04269165
vn 0.06118774 0.03924561 0.9970703
v -0.1835998 0.4190311 0.05689181
vt 0.221425 0.02319092
vn -0.04159546 -0.02539063 0.9985352
v -0.1376059 0.4400288 0.05798632
vt 0.2405297 0.043549
vn 0.02813721 0.03198242 0.9990234
v -0.1712332 0.4374579 0.05786794
vt 0.2238228 0.035191
vn -0.02319336 0.001055717 0.9995117
v -0.2104786 0.4375295 0.05625217
vt 0.2038597 0.02734375
vn -0.04025269 -0.02682495 0.9985352
v -0.1587683 0.4558221 0.05748271
vt 0.2265625 0.046875
vn -0.006347656 0.02529907 0.9995117
v -0.1999757 0.4561324 0.05718395
vt 0.2052707 0.03889322
vn -0.02323914 0.001074791 0.9995117
v -0.1883353 0.4749333 0.05677911
vt 0.2070565 0.05078369
vn -0.007827759 0.02638245 0.9995117
v -0.2393739 0.4536313 0.05556455
vt 0.1856152 0.02972543
vn -0.03823853 -0.02775574 0.9985352
v -0.2194439 0.4923891 0.05603883
vt 0.1875252 0.0528819
vn -0.009262085 0.02738953 0.9995117
v -0.2301844 0.4731974 0.05646507
vt 0.1864786 0.04127365
vn -0.02308655 0.001086235 0.9995117
v -0.2656331 0.4656963 0.05493966
vt 0.1700442 0.03125
vn -0.1419678 0.0107193 0.9897461
v -0.2485499 0.5066662 0.05534625
vt 0.1701935 0.0546875
vn -0.1091309 0.07476807 0.9907227
v -0.2579162 0.4869506 0.05580521
vt 0.1702459 0.04296875
vn -0.1307373 0.04678345 0.9902344
v -0.2690537 0.4671621 0.05095325
vt 0.1660995 0.03125
vn -0.9399414 0.3374023 0.05117798
v -0.2519704 0.508132 0.05135985
vt 0.1660995 0.0546875
vn -0.9003906 0.4309082 0.0512085
v -0.2613645 0.4884437 0.05177451
vt 0.1660995 0.04296875
vn -0.9223633 0.3823242 0.05273438
v -0.2666473 0.4687722 0.01421566
vt 0.1484375 0.03125
vn -0.9394531 0.3405762 -0.03393555
v -0.2589483 0.4900539 0.01462616
vt 0.1484375 0.04296875
vn -0.921875 0.385498 -0.03213501
v -0.249564 0.5097421 0.01462218
vt 0.1484375 0.0546875
vn -0.9018555 0.4299316 -0.03009033
v -0.2656793 0.4687722 -0.02646113
vt 0.1289063 0.03125
vn -0.9399414 0.3405762 -0.01078796
v -0.2579695 0.4900539 -0.02650495
vt 0.1289063 0.04296875
vn -0.9223633 0.385498 -0.01173401
v -0.2485961 0.5097421 -0.02605461
vt 0.1289063 0.0546875
vn -0.9023438 0.4299316 -0.0128479
v -0.2492522 0.5081319 -0.06286501
vt 0.1113245 0.0546875
vn -0.8969727 0.4309082 -0.09399414
v -0.2586159 0.4884437 -0.06372609
vt 0.1113245 0.04296875
vn -0.918457 0.3823242 -0.09655762
v -0.2663354 0.4671621 -0.06327156
vt 0.1113245 0.03125
vn -0.9360352 0.3374023 -0.0958252
v -0.2549798 0.4869506 -0.0675882
vt 0.1074591 0.0430277
vn -0.08355713 0.04678345 -0.9951172
v -0.2456459 0.5066662 -0.06668423
vt 0.1072432 0.0546875
vn -0.06185913 0.07476807 -0.9951172
v -0.2627291 0.4656962 -0.06709077
vt 0.1072216 0.03125
vn -0.0947876 0.0107193 -0.9951172
v -0.227248 0.4731974 -0.06692827
vt 0.09118199 0.04179901
vn 0.0244751 0.001087189 -0.9995117
v -0.2165399 0.4923891 -0.06599159
vt 0.08984375 0.05358237
vn 0.03826904 0.02738953 -0.9985352
v -0.23647 0.4536313 -0.06646588
vt 0.09168953 0.03005427
vn 0.009284973 -0.02775574 -0.9995117
v -0.1970393 0.4561324 -0.06620939
vt 0.07201999 0.03964788
vn 0.02433777 0.001074791 -0.9995117
v -0.1854314 0.4749333 -0.06525131
vt 0.0703125 0.05167902
vn 0.03970337 0.02638245 -0.9985352
v -0.2075746 0.4375295 -0.06577826
vt 0.07358569 0.02792877
vn 0.007297516 -0.02682495 -0.9995117
v -0.1558644 0.4558221 -0.0645477
vt 0.05078125 0.04850304
vn 0.0413208 0.02520752 -0.9985352
v -0.1682968 0.4374579 -0.06552541
vt 0.05345428 0.03642648
vn 0.02441406 0.001081467 -0.9995117
v -0.1806958 0.4190311 -0.06513863
vt 0.05583042 0.02431482
vn 0.005859375 -0.02529907 -0.9995117
v -0.1276478 0.4347644 -0.06387623
vt 0.03175467 0.04393023
vn 0.07330322 0.03056335 -0.996582
v -0.1408886 0.4169191 -0.06487316
vt 0.03502947 0.03197819
vn 0.04098511 0.004787445 -0.9990234
v -0.1546402 0.3995289 -0.06451856
vt 0.03804189 0.02017665
vn 0.004444122 -0.02388 -0.9995117
v -0.1130046 0.4251925 -0.06139627
vt 0.02221024 0.04204875
vn 0.1124878 0.03808594 -0.9926758
vt 0.02682859 0.01632899
vn 0.003271103 -0.02294922 -0.9995117
vt 0.01953125 0.02620775
vn 0.05404663 0.005367279 -0.9980469
v -0.07112119 0.4254894 0.172077
vt 0.07997644 0.5429688
vn -0.3586426 -0.6958008 0.621582
vt 0.08981454 0.5429688
vn -0.2978516 -0.7172852 0.6289063
vt 0.08844316 0.5585938
vn -0.3730469 -0.737793 0.5615234
v -0.1079903 0.4429393 0.1693036
vt 0.0625 0.5585938
vn -0.407959 -0.7177734 0.5634766
v -0.08298819 0.4214546 0.1615096
vt 0.07050377 0.5415074
vn -0.3662109 -0.6625977 0.652832
vt 0.0882358 0.578125
vn -0.3852539 -0.7636719 0.5175781
v -0.09281697 0.415466 0.1496898
vt 0.06148416 0.5384271
vn -0.4411621 -0.6630859 0.6044922
v -0.1250358 0.4674586 0.1879176
vt 0.0625 0.578125
vn -0.3972168 -0.7529297 0.5239258
vt 0.08781016 0.5953357
vn -0.3933105 -0.7832031 0.4804688
v -0.1254339 0.415704 0.1248075
vt 0.03759915 0.5397458
vn -0.5332031 -0.668457 0.5175781
v -0.1002149 0.4073423 0.1366666
vt 0.0531221 0.5334922
vn -0.4943848 -0.6015625 0.6269531
v -0.1028251 0.3978081 0.1244364
vt 0.04728442 0.5270454
vn -0.4846191 -0.6367188 0.5991211
v -0.1016863 0.386127 0.1124343
vt 0.04242104 0.5188071
vn -0.4824219 -0.6381836 0.5996094
v -0.1097327 0.3858556 0.1061627
vt 0.0366267 0.5188821
vn -0.5668945 -0.6469727 0.5087891
vt 0.015625 0.5210205
vn -0.5908203 -0.6430664 0.486084
vt 0.015625 0.5171143
vn -0.6313477 -0.5888672 0.5039063
vt 0.015625 0.5394481
vn -0.5566406 -0.6699219 0.4902344
vt 0.015625 0.5585938
vn -0.4760742 -0.7231445 0.4995117
v -0.1406938 0.4414951 0.1421294
vt 0.03777623 0.5585938
vn -0.4597168 -0.7138672 0.5273438
vt 0.015625 0.578125
vn -0.3979492 -0.7646484 0.5063477
v -0.1571596 0.46604 0.161225
vt 0.03806633 0.578125
vn -0.4033203 -0.7529297 0.519043
vt 0.015625 0.5953357
vn -0.359375 -0.7817383 0.5087891
v -0.1729261 0.4861917 0.1797281
vt 0.03822368 0.5953357
vn -0.3688965 -0.7807617 0.503418
vt 0.01778378 0.5976563
vn -0.2966309 -0.8393555 0.4550781
vt 0.03823715 0.5976563
vn -0.3151855 -0.8354492 0.449707
vt 0.0625 0.5976563
vn -0.3405762 -0.8364258 0.4284668
v -0.1412994 0.4875885 0.2060076
vt 0.0625 0.5953357
vn -0.3864746 -0.7817383 0.4887695
vt 0.08549291 0.5976563
vn -0.3491211 -0.8413086 0.4116211
vt 0.696662 0.09854519
vn 0 -0.1679688 0.9853516
v 9.486769E-23 0.05511451 0.04113588
vt 0.6819227 0.0941112
vn 0 -0.1789551 0.9833984
vt 0.6991575 0.08920759
vn 0.4111328 -0.1663818 0.8959961
v 0.01448056 0.05511452 0.03818223
vt 0.684211 0.08570915
vn 0.4111328 -0.1772461 0.894043
vt 0.7016039 0.07651192
vn 0.737793 -0.166748 0.6538086
v 0 0.02929336 0.03609105
vt 0.6671199 0.08940035
vn 0 -0.2022705 0.9790039
v 0.03056612 0.05511452 0.02707923
vt 0.686424 0.0743295
vn 0.7363281 -0.1776123 0.6523438
v 0.01270469 0.02929336 0.03349964
vt 0.669208 0.08204919
vn 0.4091797 -0.2004395 0.8896484
v 0 0.003472211 0.03040196
vt 0.6528825 0.08437383
vn 0 -0.3251953 0.9453125
vt 0.7029266 0.06361473
vn 0.9570313 -0.166748 0.2358398
v 0.01070203 0.003472211 0.02821903
vt 0.6543669 0.07819217
vn 0.3959961 -0.3164063 0.8618164
v 0.03964924 0.05511451 0.009772698
vt 0.687583 0.06280589
vn 0.9550781 -0.1776123 0.2354736
v 0.02681755 0.02929336 0.02375828
vt 0.6711931 0.07207829
vn 0.7329102 -0.2008057 0.6494141
v 0.02259026 0.003472209 0.02001322
vt 0.6558864 0.06973785
vn 0.7104492 -0.3137207 0.6293945
v 0.03964924 0.05511451 -0.009772697
vt 0.6876708 0.05122775
vn 0.9550781 -0.1776123 -0.2354736
v 0.03478673 0.02929336 0.008574193
vt 0.672223 0.06197751
vn 0.9506836 -0.2008057 0.234375
v 0.02930325 0.003472213 0.007222625
vt 0.6566936 0.06113034
vn 0.9204102 -0.3171387 0.2268066
vt 0.7029958 0.05064112
vn 0.9570313 -0.166748 -0.2358398
v 0.03478673 0.02929336 -0.008574194
vt 0.6722969 0.05182856
vn 0.9506836 -0.2008057 -0.234375
v 0.02930325 0.003472213 -0.007222626
vt 0.6567334 0.05249614
vn 0.9204102 -0.3171387 -0.2268066
v 0.02259025 0.003472211 -0.02001322
vt 0.6560209 0.04384887
vn 0.7104492 -0.3137207 -0.6293945
v 0.02681755 0.02929336 -0.02375829
vt 0.6714182 0.04171318
vn 0.7329102 -0.2008057 -0.6494141
v 0.01070203 0.003472212 -0.02821903
vt 0.6544981 0.03536302
vn 0.3959961 -0.3164063 -0.8618164
v 0.03056612 0.05511452 -0.02707923
vt 0.6866796 0.03968769
vn 0.7363281 -0.1776123 -0.6523438
vt 0.7018875 0.03772777
vn 0.737793 -0.166748 -0.6538086
v 0.01270469 0.02929336 -0.03349964
vt 0.6695813 0.03171366
vn 0.4091797 -0.2004395 -0.8896484
v 0 0.003472211 -0.03040196
vt 0.6528826 0.02913862
vn 0 -0.3251953 -0.9453125
v 0 0.02929336 -0.03609105
vt 0.6676024 0.02433228
vn 0 -0.2022705 -0.9790039
v 0.01448056 0.05511452 -0.03818223
vt 0.6846349 0.02827626
vn 0.4111328 -0.1772461 -0.894043
vt 0.6996307 0.02499813
vn 0.4111328 -0.1663818 -0.8959961
v 9.486769E-23 0.0551145 -0.04113588
vt 0.6824712 0.01984113
vn 0 -0.1789551 -0.9833984
vt 0.6972736 0.015625
vn 0 -0.1679688 -0.9853516
vt 0.5854984 0.8984375
v 0 0.001915874 0.02549964
vt 0.588436 0.8984375
vn 0 -0.9892578 0.1450195
vt 0.5866699 0.9046772
v 0.009665349 0.001915877 0.02366871
vt 0.5894461 0.9040757
vn 0.06750488 -0.9853516 0.1534424
vt 0.5913947 0.9117875
v 0 0.0005255565 0.01000773
vt 0.5973595 0.8984375
vn 0 -0.9990234 0.0362854
v 0.01910331 0.001915872 0.01678609
vt 0.5934224 0.9096433
vn 0.175415 -0.972168 0.1525879
vt 0.5989883 0.9158498
v 0.01328422 0.0008731828 0.008742961
vt 0.5979355 0.90625
vn 0.0484314 -0.9980469 0.02618408
v 0.0245781 0.001915874 0.006057976
vt 0.5997249 0.9129142
vn 0.1767578 -0.9833984 0.0335083
vt 0.6076162 0.9158491
v 0.01328422 0.0008731828 -0.008742961
vt 0.6086816 0.90625
vn 0.0484314 -0.9980469 -0.02618408
v 0 0.0005255565 -0.01000773
vt 0.6092228 0.8984375
vn 0 -0.9990234 -0.0362854
v 0.0245781 0.001915874 -0.006057976
vt 0.6068798 0.9129146
vn 0.1767578 -0.9833984 -0.0335083
v 0.01910331 0.001915872 -0.01678609
vt 0.613183 0.9096431
vn 0.175415 -0.972168 -0.1525879
vt 0.6152099 0.9117875
v 0.009665349 0.001915877 -0.02366871
vt 0.6171545 0.9040717
vn 0.06750488 -0.9853516 -0.1534424
v 0 0.001915874 -0.02549964
vt 0.6182073 0.8984375
vn 0 -0.9892578 -0.1450195
vt 0.6199405 0.9046929
vt 0.6211782 0.8984375
vt 0.9804688 0.3701568
vn 0.8984375 0.2143555 -0.3825684
v 0.1275178 0.2218323 0.1369773
vt 0.9709154 0.3716376
vn 0.9125977 0.1973877 -0.3574219
vt 0.9743823 0.3614303
vn 0.8969727 0.1917725 -0.3974609
v 0.1281209 0.2056671 0.1295366
vt 0.9672426 0.3625149
vn 0.9130859 0.1625977 -0.373291
vt 0.96875 0.3524777
vn 0.8911133 0.1383057 -0.4311523
v 0.1376198 0.2051253 0.1553856
vt 0.9564122 0.3730051
vn 0.9296875 0.1706543 -0.3259277
v 0.1269591 0.1897033 0.1220137
vt 0.9638761 0.3533061
vn 0.9091797 0.1174927 -0.3986816
v 0.1369341 0.190717 0.1459585
vt 0.9542918 0.3638531
vn 0.9267578 0.1340332 -0.3496094
v 0.1458972 0.18927 0.1720504
vt 0.9430071 0.3740541
vn 0.9379883 0.1489258 -0.3122559
v 0.1341813 0.1770003 0.1357897
vt 0.9531249 0.3544649
vn 0.9208984 0.09509277 -0.3769531
v 0.1446824 0.175618 0.1618777
vt 0.9415691 0.3648935
vn 0.9331055 0.1134644 -0.3400879
v 0.1411938 0.1629968 0.1504917
vt 0.9414061 0.3554688
vn 0.9257813 0.07617188 -0.3691406
v 0.1547127 0.1706709 0.1898523
vt 0.9278913 0.3749948
vn 0.9697266 0.06976318 -0.2331543
v 0.1486106 0.1464452 0.1661233
vt 0.9278913 0.3554688
vn 0.9526367 -0.01457977 -0.3029785
v 0.1529127 0.157855 0.1788551
vt 0.9275491 0.3653722
vn 0.9658203 0.01760864 -0.2580566
v 0.1527826 0.167363 0.193925
vt 0.9250312 0.3749948
vn 0.4772949 -0.6079102 0.6337891
v 0.1466883 0.1431386 0.1701926
vt 0.9251336 0.3554688
vn 0.4440918 -0.737793 0.5078125
v 0.1509658 0.1545176 0.1829756
vt 0.924709 0.3653441
vn 0.4614258 -0.6787109 0.5703125
v 0.1133796 0.1391265 0.1859204
vt 0.9043379 0.3554688
vn 0.3608398 -0.7529297 0.5493164
v 0.1172546 0.1504344 0.1988773
vt 0.9043253 0.3655229
vn 0.380127 -0.6928711 0.6123047
v 0.1194142 0.1633403 0.2096785
vt 0.9043379 0.3750026
vn 0.3964844 -0.6269531 0.6699219
v 0.08227935 0.1567889 0.2257251
vt 0.880827 0.3749974
vn 0.4025879 -0.6259766 0.6674805
v 0.07974051 0.1438162 0.2150877
vt 0.8808481 0.3654416
vn 0.3911133 -0.690918 0.6074219
v 0.07631067 0.1325868 0.2019384
vt 0.880827 0.3554688
vn 0.3764648 -0.7504883 0.5424805
v 0.04850403 0.1489662 0.2389855
vt 0.8610479 0.3749948
vn 0.3195801 -0.6357422 0.7021484
v 0.04562236 0.1359329 0.2284962
vt 0.860328 0.3653551
vn 0.3051758 -0.706543 0.6381836
v 0.042595 0.1247745 0.215173
vt 0.8601784 0.3554688
vn 0.2888184 -0.7651367 0.574707
v 0.04048101 0.1380198 0.2274387
vt 0.8572187 0.3653722
vn -0.8115234 -0.2858887 0.5087891
v 0.04341595 0.1510359 0.2379455
vt 0.8572187 0.3749948
vn -0.8139648 -0.2332764 0.53125
v 0.03751473 0.1268457 0.2141296
vt 0.8572187 0.3554688
vn -0.8227539 -0.3215332 0.4680176
v 0.02811898 0.1558594 0.2111553
vt 0.8429096 0.3648465
vn -0.8696289 -0.1964111 0.4521484
v 0.02629169 0.1427342 0.2002137
vt 0.8437499 0.3554688
vn -0.8730469 -0.2357178 0.4262695
v 0.03066917 0.1698822 0.2205344
vt 0.8413146 0.37408
vn -0.8652344 -0.1602783 0.4748535
v 0.01583675 0.156138 0.1870635
vt 0.8320313 0.3544797
vn -0.8706055 -0.208374 0.4453125
v 0.01663393 0.1710277 0.1958638
vt 0.8296146 0.3636842
vn -0.8706055 -0.1646729 0.4633789
v 0.01883614 0.1859611 0.2042231
vt 0.8273448 0.3728905
vn -0.8701172 -0.1273193 0.4753418
v 0.00615327 0.1684314 0.1745571
vt 0.8212849 0.3534903
vn -0.8735352 -0.1724854 0.4543457
v 0.004412316 0.1877136 0.1777481
vt 0.8147008 0.3620641
vn -0.8774414 -0.1231689 0.4626465
vt 0.8145795 0.3520598
vn -0.8754883 -0.1342773 0.463623
v 0.005717143 0.2048653 0.1833236
vt 0.8103305 0.3709816
vn -0.8818359 -0.09265137 0.4616699
v 9.486769E-22 0.1938361 0.1703001
vt 0.8089702 0.3612539
vn -0.8857422 -0.0916748 0.4543457
v 9.486769E-22 0.213164 0.1728973
vt 0.8024865 0.3699397
vn -0.890625 -0.06878662 0.4492188
v 9.486769E-22 0.2420302 -0.1730502
vt 0.9790105 0.4977102
vn 0.0006594658 0.8608398 -0.5087891
v 0.04133839 0.2454315 -0.1677165
vt 0.9579434 0.4910007
vn 0.02464294 0.8579102 -0.5126953
v 0.002747116 0.2386888 -0.1791733
vt 0.9793179 0.493669
vn 0.008460999 0.8481445 -0.5292969
v 0.04453228 0.2422339 -0.1726478
vt 0.9577198 0.4873785
vn 0.03111267 0.8491211 -0.5263672
v 0.01254082 0.2276071 -0.1962058
vt 0.9792635 0.4812187
vn 0.01652527 0.8349609 -0.5493164
v 0.07998736 0.2521137 -0.1524032
vt 0.9356859 0.4907249
vn 0.07098389 0.8686523 -0.4897461
v 0.05194412 0.2348135 -0.1840918
vt 0.9570313 0.4789828
vn 0.04016113 0.8398438 -0.5405273
v 0.02268957 0.2161946 -0.212738
vt 0.9788263 0.46875
vn 0.0295105 0.8164063 -0.5756836
v 0.08304321 0.2491896 -0.1568615
vt 0.9353434 0.487399
vn 0.08154297 0.8603516 -0.5024414
v 0.1175154 0.2637407 -0.123409
vt 0.9106555 0.497816
vn 0.08135986 0.8803711 -0.4667969
v 0.1208502 0.2604643 -0.1295316
vt 0.910538 0.4936147
vn 0.09692383 0.8676758 -0.4873047
v 0.1291824 0.2492553 -0.1470143
vt 0.9109087 0.4812589
vn 0.1123657 0.8540039 -0.5073242
v 0.09070298 0.2418597 -0.1680365
vt 0.9345087 0.4790081
vn 0.09210205 0.8500977 -0.5180664
v 0.1370503 0.2371901 -0.1649032
vt 0.9116952 0.46875
vn 0.1297607 0.8354492 -0.5332031
v 0.06131594 0.2241907 -0.1994582
vt 0.956714 0.4676239
vn 0.05502319 0.8212891 -0.5668945
v 0.03403566 0.2029756 -0.2300142
vt 0.9780983 0.4553431
vn 0.03878784 0.8037109 -0.5932617
v 0.09926019 0.2311014 -0.1836936
vt 0.9344547 0.4676157
vn 0.1066284 0.8310547 -0.5454102
v 0.1452625 0.2232751 -0.1836504
vt 0.9126499 0.4553431
vn 0.1407471 0.8222656 -0.5507813
v 0.07113175 0.2118136 -0.2155157
vt 0.9564435 0.4553431
vn 0.06378174 0.8100586 -0.5820313
v 0.03918037 0.2014506 -0.2315337
vt 0.9760562 0.453125
vn 0.03948975 0.8007813 -0.5966797
v 0.07275166 0.2096452 -0.2185045
vt 0.9564435 0.453125
vn 0.06051636 0.8144531 -0.5761719
v 0.1098632 0.2164182 -0.2030349
vt 0.9344642 0.453125
vn 0.1121216 0.8237305 -0.5546875
v 0.1082074 0.21858 -0.2000611
vt 0.9344783 0.4553431
vn 0.1154175 0.8193359 -0.5605469
v 0.1433935 0.22047 -0.1880934
vt 0.9146993 0.453125
vn 0.144165 0.8198242 -0.5532227
vt 0.710099 0.3845264
vn -0.5092773 -0.8237305 -0.2475586
v 0.1274741 0.2262765 0.1275911
vt 0.6914063 0.3817596
vn -0.5205078 -0.8134766 -0.2578125
vt 0.6914063 0.3765836
vn -0.5107422 -0.8217773 -0.2514648
v 0.1548541 0.2206357 0.08982518
vt 0.717968 0.3891532
vn -0.5268555 -0.8154297 -0.237793
vt 0.7345033 0.3873634
vn -0.53125 -0.8212891 -0.2054443
v 0.1424701 0.2149979 0.1322076
vt 0.6917356 0.3921198
vn -0.5356445 -0.8007813 -0.2666016
v 0.1721716 0.2198527 0.04869194
vt 0.7429389 0.3898573
vn -0.546875 -0.8164063 -0.1845703
vt 0.7589156 0.3840907
vn -0.5605469 -0.8105469 -0.1674805
v 0.1639045 0.2137107 0.093087
vt 0.717968 0.3957769
vn -0.5463867 -0.800293 -0.2460938
v 0.1560159 0.2043822 0.1358586
vt 0.6928347 0.4023438
vn -0.5727539 -0.7680664 -0.2841797
v 0.1812633 0.2227672 0.003910503
vt 0.7695313 0.3845456
vn -0.5639648 -0.8085938 -0.1668701
vt 0.7695313 0.3789063
vn -0.5634766 -0.8085938 -0.1672363
v 0.1929313 0.2134078 0.009730706
vt 0.7690144 0.3936908
vn -0.5751953 -0.7998047 -0.1697998
v 0.1804643 0.2133453 0.05230121
vt 0.7429389 0.3957769
vn -0.5673828 -0.7998047 -0.1933594
v 0.2044912 0.2035099 0.01571864
vt 0.7682655 0.4029338
vn -0.6152344 -0.7661133 -0.18396
v 0.1749855 0.2047186 0.09686245
vt 0.717968 0.4037305
vn -0.5874023 -0.765625 -0.2617188
v 0.1687699 0.1927038 0.1394704
vt 0.6933048 0.4118879
vn -0.6010742 -0.7416992 -0.2958984
v 0.1910144 0.2045098 0.05683558
vt 0.7429389 0.4037305
vn -0.609375 -0.7641602 -0.2097168
v 0.2152806 0.1925417 0.0216423
vt 0.7674531 0.4118879
vn -0.6450195 -0.7382813 -0.1950684
v 0.1853013 0.1946465 0.1005974
vt 0.717968 0.4118879
vn -0.6098633 -0.7441406 -0.2705078
v 0.1731509 0.1901634 0.1369112
vt 0.6956141 0.4140625
vn -0.5830078 -0.7587891 -0.2888184
v 0.1882087 0.1921112 0.1017712
vt 0.717968 0.4140625
vn -0.5844727 -0.7685547 -0.2590332
v 0.2008048 0.1945925 0.06132128
vt 0.7429389 0.4118879
vn -0.6318359 -0.7426758 -0.2193604
v 0.2167299 0.1900116 0.02650995
vt 0.765153 0.4140625
vn -0.6240234 -0.7587891 -0.1856689
v 0.2037277 0.1920572 0.06245593
vt 0.7429389 0.4140625
vn -0.6044922 -0.7685547 -0.2081299
v 0.143102 0.2195968 -0.09877618
vt 0.8667283 0.4930085
vn 0.5200195 0.8120117 -0.2636719
v 0.1307651 0.2186909 -0.125573
vt 0.8828125 0.4934456
vn 0.53125 0.8022461 -0.2705078
vt 0.8828125 0.4989184
vn 0.5205078 0.8105469 -0.2670898
v 0.1569712 0.2141676 -0.08693571
vt 0.8579664 0.4874844
vn 0.5390625 0.8041992 -0.2502441
v 0.1623228 0.2177826 -0.06156091
vt 0.8440031 0.4905536
vn 0.5522461 0.8017578 -0.2261963
v 0.148027 0.2050892 -0.1312076
vt 0.8822522 0.4810813
vn 0.5585938 0.7788086 -0.2841797
v 0.1731388 0.2149568 -0.04485876
vt 0.8333691 0.4878973
vn 0.5576172 0.8051758 -0.2001953
v 0.1727955 0.2207906 -0.02098117
vt 0.8212551 0.4938229
vn 0.5512695 0.8154297 -0.175293
v 0.1687316 0.2048926 -0.09120321
vt 0.857769 0.4790609
vn 0.5708008 0.7768555 -0.2636719
v 0.1641913 0.1908902 -0.1356693
vt 0.8813437 0.4687504
vn 0.5854492 0.753418 -0.2980957
v 0.181069 0.2198497 0.0009185853
vt 0.8085938 0.493687
vn 0.5664063 0.8037109 -0.180542
vt 0.8085938 0.5
vn 0.5532227 0.8144531 -0.1740723
v 0.1976443 0.2062321 -0.006442286
vt 0.8088567 0.4811866
vn 0.5961914 0.7797852 -0.1894531
v 0.1850487 0.2054226 -0.04964687
vt 0.8334106 0.4790609
vn 0.5908203 0.777832 -0.2125244
v 0.2125468 0.1920041 -0.01407718
vt 0.8097829 0.4687504
vn 0.6254883 0.7543945 -0.1976318
v 0.1990404 0.1923136 -0.05568068
vt 0.833673 0.46875
vn 0.6166992 0.7548828 -0.22229
v 0.2296811 0.175384 -0.02291795
vt 0.8108995 0.4553196
vn 0.6289063 0.7509766 -0.1992188
v 0.183041 0.1918623 -0.09619417
vt 0.8574808 0.46875
vn 0.5961914 0.7543945 -0.2736816
v 0.1827869 0.1743039 -0.1408357
vt 0.8803819 0.4552906
vn 0.5893555 0.75 -0.2990723
v 0.21512 0.1769894 -0.06266749
vt 0.834315 0.4553452
vn 0.6191406 0.7519531 -0.223999
v 0.2310583 0.1727294 -0.02774744
vt 0.8129877 0.4531254
vn 0.6401367 0.7412109 -0.2017822
v 0.2179833 0.1743691 -0.06376013
vt 0.8343467 0.453125
vn 0.6206055 0.7509766 -0.2243652
v 0.2023367 0.1740087 -0.1031042
vt 0.8571699 0.4531254
vn 0.6005859 0.7504883 -0.2751465
v 0.1994886 0.1766293 -0.1019734
vt 0.8571658 0.4553435
vn 0.5991211 0.7519531 -0.2741699
v 0.1871211 0.1717175 -0.1382295
vt 0.878147 0.4531254
vn 0.5991211 0.7402344 -0.3046875
v 0.121223 0.244941 -0.1218248
vt 0.5781907 0.3019152
vn 0.9160156 0.1617432 0.3666992
vt 0.5766815 0.3113485
vn 0.9228516 0.1879883 0.3354492
vt 0.5723524 0.3107812
vn 0.9145508 0.1970215 0.3527832
v 0.123815 0.2414623 -0.1272946
vt 0.5820628 0.3022177
vn 0.9233398 0.1483154 0.3532715
vt 0.5850109 0.2929688
vn 0.9145508 0.08325195 0.3955078
vt 0.5890753 0.3121043
vn 0.9326172 0.1781006 0.3127441
v 0.1258437 0.2208978 -0.1274483
vt 0.5888067 0.2930505
vn 0.9169922 0.09515381 0.387207
v 0.1311773 0.2315813 -0.1428311
vt 0.5930052 0.3028602
vn 0.9321289 0.1396484 0.3330078
vt 0.6015625 0.3124995
vn 0.9414063 0.1658936 0.2919922
v 0.1316645 0.2135706 -0.1389173
vt 0.5969634 0.2934721
vn 0.9301758 0.09429932 0.354248
v 0.1378614 0.2211094 -0.1583786
vt 0.6039513 0.3033399
vn 0.9414063 0.1290283 0.3110352
vt 0.6150638 0.3125
vn 0.9765625 0.0947876 0.1907959
v 0.136683 0.2053166 -0.1510189
vt 0.6054688 0.2938915
vn 0.9384766 0.08416748 0.3347168
v 0.1448114 0.2088933 -0.1746292
vt 0.6150638 0.3035199
vn 0.9790039 0.034729 0.199707
v 0.141857 0.1954653 -0.1635953
vt 0.6150638 0.2938936
vn 0.9716797 -0.01266479 0.2353516
vt 0.6181271 0.3125
vn 0.4882813 -0.4724121 -0.7333984
v 0.1399958 0.1926616 -0.1680351
vt 0.6181271 0.2939603
vn 0.4694824 -0.621582 -0.6269531
v 0.1429256 0.2060648 -0.1791232
vt 0.6181271 0.3035199
vn 0.4797363 -0.5527344 -0.6806641
v 0.1065251 0.1886208 -0.1829517
vt 0.6375743 0.2945622
vn 0.3850098 -0.6367188 -0.6674805
v 0.1090527 0.2019505 -0.1942075
vt 0.6375743 0.3035199
vn 0.3974609 -0.5668945 -0.7211914
vt 0.6375743 0.3125
vn 0.4067383 -0.4921875 -0.769043
vt 0.6596056 0.3125
vn 0.4128418 -0.4909668 -0.7666016
v 0.07156223 0.1951083 -0.2098351
vt 0.6596496 0.3035199
vn 0.4084473 -0.5644531 -0.7167969
v 0.0694795 0.1818597 -0.1983937
vt 0.6596056 0.2945622
vn 0.4008789 -0.6337891 -0.6611328
vt 0.6789938 0.3125
vn 0.3286133 -0.5014648 -0.7998047
v 0.03764834 0.1868512 -0.223007
vt 0.6789938 0.3035199
vn 0.3222656 -0.581543 -0.746582
v 0.03596784 0.1736759 -0.2113981
vt 0.6789938 0.2940582
vn 0.3125 -0.6499023 -0.6923828
v 0.03245034 0.1883868 -0.2214658
vt 0.6820043 0.3035199
vn -0.7836914 -0.2851563 -0.5507813
v 0.03083091 0.1752025 -0.2098754
vt 0.6820043 0.2940168
vn -0.784668 -0.345459 -0.5141602
vt 0.6820043 0.3125
vn -0.796875 -0.2142334 -0.5639648
v 0.02219331 0.184386 -0.1987994
vt 0.6912752 0.293888
vn -0.855957 -0.260498 -0.4458008
v 0.02185593 0.1997517 -0.207101
vt 0.6929595 0.3033157
vn -0.8603516 -0.1861572 -0.4741211
vt 0.6954004 0.3125
vn -0.8588867 -0.1151123 -0.4980469
v 0.01392648 0.1920137 -0.1881052
vt 0.6992188 0.2933875
vn -0.8544922 -0.2255859 -0.4672852
v 0.01175387 0.2094253 -0.1933223
vt 0.7035 0.3027177
vn -0.8613281 -0.1317139 -0.4904785
vt 0.707782 0.3116888
vn -0.8642578 -0.05093384 -0.4997559
v 0.004925385 0.1990578 -0.1771092
vt 0.7080672 0.2929688
vn -0.8525391 -0.1689453 -0.4941406
v 0.002918703 0.2190463 -0.1787031
vt 0.7142749 0.3019434
vn -0.8618164 -0.07519531 -0.5009766
vt 0.7127033 0.2929688
vn -0.8217773 -0.1069336 -0.559082
vt 0.7203558 0.3107575
vn -0.8740234 -0.01663208 -0.4851074
v 9.486769E-22 0.2217444 -0.1742107
vt 0.7175827 0.3013877
vn -0.8598633 -0.03952026 -0.5083008
vt 0.7244145 0.3102253
vn -0.8808594 0.004386902 -0.4726563
vt 0.578125 0.3476563
vn 0.3852539 0.04309082 0.9213867
vt 0.58406 0.3398437
vn 0.3791504 0.01629639 0.9248047
vt 0.584375 0.3486568
vn 0.4060059 0.02973938 0.9130859
v 0.176646 0.2020085 0.003386783
vt 0.5888683 0.3404691
vn 0.3945313 -0.00611496 0.918457
vt 0.5909913 0.3303212
vn 0.3642578 -0.04638672 0.9296875
vt 0.5968915 0.3503953
vn 0.4348145 0.01329041 0.8999023
v 0.1729983 0.1827803 0.003752696
vt 0.5951202 0.3308418
vn 0.3693848 -0.05206299 0.9277344
v 0.1926645 0.1889443 -0.003755168
vt 0.6009936 0.341288
vn 0.4169922 -0.02394104 0.9082031
vt 0.609375 0.3508317
vn 0.4584961 -0.004085541 0.8881836
v 0.1868991 0.1715062 -0.002463873
vt 0.6054688 0.3320313
vn 0.3945313 -0.06604004 0.9160156
v 0.205546 0.1764992 -0.0105341
vt 0.6114463 0.3417301
vn 0.4362793 -0.0401001 0.8984375
vt 0.622935 0.3515625
vn 0.5395508 -0.08624268 0.8369141
v 0.1967436 0.1616291 -0.007900254
vt 0.6132813 0.3320313
vn 0.4084473 -0.08312988 0.9086914
v 0.2203401 0.1619438 -0.01838373
vt 0.6232942 0.3419845
vn 0.5229492 -0.1456299 0.8393555
v 0.2080211 0.1500473 -0.01419528
vt 0.622935 0.3320313
vn 0.4829102 -0.1898193 0.8544922
vt 0.6257288 0.3515625
vn 0.7695313 -0.6025391 -0.2098389
v 0.2094016 0.1473928 -0.01901651
vt 0.6257288 0.3320313
vn 0.6538086 -0.7382813 -0.1643066
v 0.221738 0.1592665 -0.02326422
vt 0.6257288 0.3419845
vn 0.7119141 -0.6762695 -0.1868896
v 0.1963517 0.1490331 -0.054966
vt 0.6467444 0.3320212
vn 0.6245117 -0.7387695 -0.2507324
v 0.2085185 0.1609028 -0.05964012
vt 0.6467444 0.3419845
vn 0.684082 -0.6762695 -0.2722168
vt 0.6467444 0.3515625
vn 0.7382813 -0.6079102 -0.2915039
v 0.180733 0.1486733 -0.09424012
vt 0.6695994 0.3320313
vn 0.6308594 -0.7387695 -0.2351074
v 0.1927122 0.1605387 -0.09938591
vt 0.6695994 0.3419845
vn 0.6884766 -0.6762695 -0.2612305
vt 0.6695994 0.3515625
vn 0.7407227 -0.6079102 -0.2854004
vt 0.6903557 0.3515625
vn 0.7075195 -0.6040039 -0.3664551
v 0.1773521 0.1582441 -0.1348745
vt 0.6903557 0.3419845
vn 0.6499023 -0.6777344 -0.3422852
v 0.1655425 0.1463825 -0.1293023
vt 0.6903557 0.3320313
vn 0.5927734 -0.7397461 -0.3178711
v 0.1729678 0.1608526 -0.1375039
vt 0.6930198 0.3419845
vn -0.1977539 -0.1607666 -0.9667969
v 0.1612116 0.1489691 -0.1319001
vt 0.693566 0.3320313
vn -0.237793 -0.2045898 -0.9492188
vt 0.693566 0.3515625
vn -0.1843262 -0.1014404 -0.9775391
v 0.1486604 0.1605215 -0.1288077
vt 0.703125 0.3320313
vn -0.329834 -0.09881592 -0.9384766
v 0.1569378 0.1752406 -0.1332395
vt 0.7049588 0.3420595
vn -0.302002 -0.05599976 -0.9511719
vt 0.7070313 0.3511223
vn -0.2780762 -0.01994324 -0.9599609
v 0.137716 0.1703733 -0.1261371
vt 0.7109375 0.3320313
vn -0.3383789 -0.08544922 -0.9370117
v 0.1429891 0.187541 -0.1295566
vt 0.7152301 0.3417556
vn -0.3149414 -0.04205322 -0.9477539
vt 0.7193313 0.3507465
vn -0.2971191 -0.005641937 -0.9545898
v 0.1262168 0.1792141 -0.1224477
vt 0.719385 0.331651
vn -0.3598633 -0.07250977 -0.9301758
v 0.1260104 0.200811 -0.1240457
vt 0.7273884 0.3404779
vn -0.3381348 -0.02539063 -0.9404297
vt 0.7254884 0.3310102
vn -0.3684082 -0.06713867 -0.9267578
vt 0.7317104 0.3498198
vn -0.3288574 0.01280212 -0.9438477
vt 0.7319068 0.3399264
vn -0.362793 -0.003587723 -0.9316406
vt 0.737223 0.3490315
vn -0.3588867 0.0324707 -0.9326172
vt 0.5897469 0.3759305
vn -0.08630371 -0.7700195 -0.6318359
vt 0.5891533 0.3688071
vn -0.05490112 -0.8193359 -0.5698242
vt 0.6102109 0.3760015
vn -0.09350586 -0.7749023 -0.625
v 0.05119387 0.1721784 0.1633682
vt 0.6152049 0.3805402
vn -0.1137085 -0.7602539 -0.6391602
vt 0.6326626 0.3781733
vn -0.137207 -0.7749023 -0.6166992
vt 0.5907224 0.3867188
vn -0.0994873 -0.7436523 -0.6601563
v 0.09152593 0.1778635 0.147669
vt 0.6395085 0.3817026
vn -0.1617432 -0.7719727 -0.6142578
vt 0.6556355 0.3745607
vn -0.1641846 -0.7900391 -0.5898438
v 0.05729878 0.1629142 0.1732315
vt 0.6152331 0.3887237
vn -0.1196899 -0.7485352 -0.6513672
vt 0.5917349 0.3984375
vn -0.1102295 -0.7197266 -0.6845703
vt 0.6640625 0.3759544
vn -0.182373 -0.7739258 -0.605957
vt 0.6640625 0.3710938
vn -0.1571045 -0.8115234 -0.5625
vt 0.6636195 0.3867188
vn -0.1912842 -0.762207 -0.6176758
v 0.09677213 0.1693113 0.1568595
vt 0.6393663 0.3892112
vn -0.1690674 -0.7583008 -0.6289063
vt 0.662892 0.3984375
vn -0.2080078 -0.737793 -0.6416016
v 0.06574647 0.1502973 0.1859431
vt 0.6154257 0.399658
vn -0.1341553 -0.7236328 -0.6762695
vt 0.5923565 0.4118083
vn -0.119812 -0.7001953 -0.703125
v 0.1040604 0.156759 0.1697469
vt 0.6391082 0.3999149
vn -0.1845703 -0.7329102 -0.6542969
vt 0.6619659 0.4118083
vn -0.2200928 -0.7182617 -0.659668
v 0.07475012 0.1352789 0.1993741
vt 0.6154147 0.4118083
vn -0.1434326 -0.7070313 -0.6918945
vt 0.594492 0.4140625
vn -0.1181641 -0.6987305 -0.7050781
vt 0.6153387 0.4140625
vn -0.1392822 -0.7138672 -0.6860352
v 0.1117821 0.1418121 0.183372
vt 0.6386583 0.4118083
vn -0.1939697 -0.7158203 -0.6699219
vt 0.6598381 0.4140625
vn -0.2220459 -0.7172852 -0.6601563
vt 0.6386544 0.4140625
vn -0.1905518 -0.7226563 -0.6635742
vt 0.5909081 0.4904244
vn 0.06161499 0.7963867 0.6010742
vt 0.5910735 0.4826028
vn 0.06958008 0.7744141 0.628418
v 0.04515185 0.2144002 0.1666425
vt 0.6150336 0.4828563
vn 0.08251953 0.8007813 0.5927734
v 0.05059592 0.2066586 0.1763335
vt 0.6150442 0.4754415
vn 0.09661865 0.7734375 0.6259766
vt 0.5913252 0.4657001
vn 0.08190918 0.7495117 0.65625
v 0.08549961 0.2203243 0.1508601
vt 0.6387548 0.4818696
vn 0.135498 0.8100586 0.5703125
v 0.06024899 0.1919657 0.1920485
vt 0.6150442 0.4631204
vn 0.1107178 0.7524414 0.6489258
vt 0.5919778 0.4514017
vn 0.1005859 0.7250977 0.6806641
v 0.09081597 0.2130358 0.1599482
vt 0.6387632 0.4754415
vn 0.1542969 0.7836914 0.6015625
vt 0.6623564 0.488125
vn 0.1560059 0.8129883 0.5605469
vt 0.6628337 0.4788324
vn 0.1755371 0.7905273 0.5859375
vt 0.6624823 0.4642199
vn 0.1937256 0.765625 0.612793
v 0.09969292 0.1986397 0.1753982
vt 0.6387632 0.4631204
vn 0.168457 0.7607422 0.6259766
vt 0.6619987 0.4508203
vn 0.2073975 0.7412109 0.6381836
v 0.07012993 0.1770458 0.2071204
vt 0.6150442 0.4500787
vn 0.128418 0.7280273 0.6728516
vt 0.5927525 0.4357767
vn 0.1115112 0.7089844 0.6958008
v 0.1084602 0.1836585 0.1907642
vt 0.6387632 0.4500787
vn 0.1826172 0.7363281 0.6508789
vt 0.6616675 0.4357767
vn 0.2167969 0.7241211 0.6538086
v 0.08071831 0.159481 0.223161
vt 0.6150442 0.4357767
vn 0.1380615 0.7133789 0.6865234
vt 0.5948788 0.4335938
vn 0.1182861 0.6987305 0.7050781
vt 0.6150442 0.4335938
vn 0.1394043 0.7138672 0.6860352
vt 0.6387632 0.4335938
vn 0.1904297 0.7226563 0.6635742
v 0.1178173 0.1660259 0.2071299
vt 0.6387632 0.4357767
vn 0.1907959 0.7211914 0.6650391
vt 0.6595566 0.4335938
vn 0.2219238 0.7172852 0.6601563
v 0.1693019 0.2729601 -0.001220468
vt 0.9609375 0.3327241
vn 0.3691406 0.04598999 -0.9277344
v 0.1828141 0.2640582 0.003713108
vt 0.9506787 0.3342695
vn 0.4020996 0.02690125 -0.9150391
v 0.1716525 0.2513195 -0.001358131
vt 0.950725 0.3244883
vn 0.3647461 0.02053833 -0.9306641
v 0.1788191 0.2465862 0.00125785
vt 0.9458303 0.3255031
vn 0.3964844 -0.01036835 -0.9174805
vt 0.9414063 0.3164063
vn 0.3500977 -0.05465698 -0.9350586
v 0.2009484 0.2504789 0.01179275
vt 0.9372193 0.3359375
vn 0.4328613 0.004623413 -0.9013672
vt 0.9358555 0.3167062
vn 0.3876953 -0.06463623 -0.9189453
v 0.19751 0.2316658 0.0102556
vt 0.9318269 0.3265328
vn 0.418457 -0.03265381 -0.9072266
v 0.2190933 0.2350003 0.02085445
vt 0.9228969 0.3359375
vn 0.4448242 -0.01189423 -0.8950195
vt 0.9265918 0.3173686
vn 0.3967285 -0.0736084 -0.9145508
v 0.2128325 0.2187441 0.01795341
vt 0.9199598 0.3269472
vn 0.4255371 -0.04458618 -0.9033203
v 0.2363972 0.2185113 0.02981889
vt 0.9088218 0.3359375
vn 0.5356445 -0.09082031 -0.8388672
vt 0.9173594 0.3177225
vn 0.3984375 -0.08557129 -0.9130859
v 0.2273442 0.2047844 0.02556861
vt 0.9085686 0.326891
vn 0.5219727 -0.1505127 -0.8393555
vt 0.9084423 0.317466
vn 0.4836426 -0.1959229 -0.8525391
v 0.2378433 0.2159812 0.03469481
vt 0.9056731 0.3359375
vn 0.7832031 -0.581543 0.2193604
vt 0.9056731 0.317466
vn 0.6699219 -0.7202148 0.1766357
v 0.2288115 0.2022329 0.0304959
vt 0.9056731 0.326922
vn 0.7270508 -0.6567383 0.197998
vt 0.8836085 0.317466
vn 0.6416016 -0.7202148 0.2631836
v 0.2156408 0.2042791 0.06686874
vt 0.8836085 0.326922
vn 0.6992188 -0.6557617 0.2832031
v 0.2248161 0.2180268 0.07070404
vt 0.8836085 0.3359375
vn 0.7519531 -0.5859375 0.3010254
v 0.2092695 0.218081 0.1100893
vt 0.8586427 0.3359375
vn 0.7543945 -0.5859375 0.2949219
v 0.1999354 0.2043338 0.1066561
vt 0.8586427 0.326922
vn 0.7036133 -0.6557617 0.2722168
vt 0.8586427 0.317466
vn 0.6474609 -0.7202148 0.2476807
v 0.1941867 0.2161333 0.1452926
vt 0.8361857 0.3359375
vn 0.7211914 -0.5810547 0.3759766
v 0.1847091 0.2023866 0.1422231
vt 0.8361857 0.326922
vn 0.6655273 -0.6567383 0.3535156
vt 0.8361858 0.317466
vn 0.609375 -0.7202148 0.3303223
v 0.1802743 0.2049484 0.1448135
vt 0.8336906 0.326922
vn -0.2062988 -0.1365967 0.96875
vt 0.8336906 0.317466
vn -0.2449951 -0.1806641 0.9521484
v 0.1898025 0.2186737 0.1478601
vt 0.8336906 0.3359375
vn -0.194458 -0.07794189 0.9775391
vt 0.8242188 0.3175572
vn -0.3349609 -0.07952881 0.9384766
v 0.1634928 0.2197672 0.1398429
vt 0.8213664 0.326922
vn -0.307373 -0.0375061 0.9506836
v 0.1702162 0.2357962 0.1419111
vt 0.8186649 0.3359375
vn -0.2844238 -0.003044128 0.9584961
vt 0.81408 0.3169682
vn -0.3310547 -0.07373047 0.9404297
v 0.1458759 0.2335574 0.1348184
vt 0.808863 0.3262467
vn -0.3103027 -0.02632141 0.9501953
v 0.149764 0.2519151 0.1358976
vt 0.8036811 0.3352444
vn -0.2944336 0.01855469 0.9550781
vt 0.8035996 0.3164063
vn -0.3527832 -0.06045532 0.9335938
v 0.1283032 0.2467622 0.1292327
vt 0.7963982 0.3253118
vn -0.3369141 -0.0008430481 0.9414063
vt 0.7984455 0.3159262
vn -0.3920898 -0.04351807 0.918457
v 0.1282745 0.2673535 0.1281461
vt 0.7880813 0.333582
vn -0.3371582 0.04043579 0.9404297
v 0.1184187 0.2534292 0.1250127
vt 0.7892548 0.3243147
vn -0.3718262 0.02476501 0.9277344
v 0.1164366 0.2753177 0.1230934
vt 0.7797048 0.3320313
vn -0.3642578 0.04855347 0.9296875
vt 0.6925182 0.4898564
vn 0.4702148 0.8496094 0.2385254
vt 0.6922485 0.4813473
vn 0.4921875 0.8325195 0.2526855
v 0.141103 0.268889 0.09739649
vt 0.7110146 0.4813207
vn 0.4685059 0.8515625 0.2338867
v 0.1545077 0.2635438 0.08998809
vt 0.7180204 0.4750307
vn 0.5063477 0.8300781 0.2327881
vt 0.6924592 0.4658661
vn 0.5229492 0.8085938 0.2683105
v 0.1608168 0.2664645 0.06098982
vt 0.7341316 0.4781926
vn 0.4777832 0.8583984 0.1846924
v 0.170699 0.2515261 0.09611375
vt 0.7180204 0.4631743
vn 0.5385742 0.8061523 0.2445068
vt 0.6931811 0.450878
vn 0.5625 0.7763672 0.2827148
v 0.1711687 0.2634859 0.04778005
vt 0.7430414 0.475058
vn 0.5297852 0.8291016 0.1773682
v 0.1702534 0.2686616 0.0206725
vt 0.7571654 0.4819005
vn 0.5029297 0.8515625 0.1455078
vt 0.768695 0.478062
vn 0.5410156 0.8261719 0.1549072
vt 0.7695313 0.4875693
vn 0.5068359 0.8496094 0.1447754
vt 0.7684074 0.4645569
vn 0.5683594 0.8056641 0.1646729
v 0.1871452 0.2514688 0.05444958
vt 0.7430414 0.4631851
vn 0.5610352 0.8051758 0.1903076
vt 0.7678098 0.4502346
vn 0.605957 0.7744141 0.1799316
v 0.1889516 0.2365793 0.1025494
vt 0.7180204 0.4492284
vn 0.5761719 0.7749023 0.2578125
vt 0.693276 0.4358105
vn 0.5825195 0.7592773 0.2890625
v 0.204938 0.2365235 0.06205003
vt 0.7430414 0.4492284
vn 0.5981445 0.7744141 0.2054443
vt 0.7675181 0.4358105
vn 0.6259766 0.7563477 0.1879883
v 0.2063618 0.2206162 0.108916
vt 0.7180204 0.4358105
vn 0.59375 0.7597656 0.2634277
vt 0.6956286 0.4335938
vn 0.5834961 0.7587891 0.2888184
vt 0.7180204 0.4335938
vn 0.5844727 0.7685547 0.2590332
vt 0.7430414 0.4335938
vn 0.6044922 0.7685547 0.208252
v 0.2218934 0.220562 0.06956886
vt 0.7430414 0.4358105
vn 0.6152344 0.7587891 0.2130127
vt 0.7651649 0.4335938
vn 0.6240234 0.7587891 0.185791
vt 0.8220824 0.4051943
vn -0.5756836 -0.7963867 0.1848145
vt 0.8086066 0.4035854
vn -0.5683594 -0.8022461 0.1812744
vt 0.8085938 0.3995876
vn -0.5805664 -0.7929688 0.18396
v 0.1669241 0.1765496 -0.04230047
vt 0.8333126 0.4104189
vn -0.5454102 -0.8154297 0.1916504
vt 0.8440582 0.407914
vn -0.5493164 -0.8041992 0.2249756
vt 0.8090801 0.4140625
vn -0.6000977 -0.7758789 0.192627
v 0.1504879 0.176151 -0.08369907
vt 0.8576425 0.4104082
vn -0.5224609 -0.815918 0.2463379
vt 0.8660263 0.4056794
vn -0.5415039 -0.7944336 0.2741699
v 0.171575 0.1730941 -0.0441319
vt 0.8333328 0.4140625
vn -0.5957031 -0.7734375 0.213623
vt 0.8098702 0.4218854
vn -0.637207 -0.7421875 0.204834
vt 0.8825428 0.3995284
vn -0.543457 -0.7915039 0.277832
vt 0.8822984 0.4056274
vn -0.5332031 -0.8007813 0.2724609
vt 0.8818468 0.4140625
vn -0.5649414 -0.7739258 0.2854004
v 0.1817861 0.1632254 -0.04864638
vt 0.8336661 0.4218893
vn -0.6274414 -0.7441406 0.2285156
vt 0.8108066 0.4313838
vn -0.6411133 -0.7387695 0.2053223
v 0.1551806 0.1727164 -0.08535635
vt 0.8575509 0.4140625
vn -0.5761719 -0.7719727 0.2658691
vt 0.8810287 0.421875
vn -0.5991211 -0.7416992 0.3005371
v 0.1657584 0.1628562 -0.08894888
vt 0.8570849 0.4218759
vn -0.6083984 -0.7436523 0.2763672
vt 0.8802062 0.4313838
vn -0.6020508 -0.7382813 0.3027344
v 0.1934883 0.1516534 -0.05387387
vt 0.8341211 0.4313838
vn -0.6289063 -0.7426758 0.229126
vt 0.8129672 0.4335938
vn -0.6401367 -0.7412109 0.2016602
vt 0.8342377 0.4335938
vn -0.6206055 -0.7509766 0.2243652
v 0.177885 0.151294 -0.09310887
vt 0.8570849 0.4313838
vn -0.6098633 -0.7421875 0.2770996
vt 0.8780516 0.4335938
vn -0.5991211 -0.7402344 0.3046875
vt 0.8570849 0.4335938
vn -0.6005859 -0.7504883 0.2751465
vt 0.9825635 0.4006403
vn -0.01129913 -0.8452148 0.5336914
vt 0.9816822 0.405206
vn -0.01122284 -0.8452148 0.5332031
vt 0.9615235 0.4075713
vn -0.02250671 -0.8486328 0.5283203
v 0.04416078 0.2030856 -0.1699108
vt 0.9609375 0.4101563
vn -0.02333069 -0.8496094 0.5263672
vt 0.9802352 0.4140625
vn -0.01982117 -0.8344727 0.5498047
vt 0.9392939 0.4088225
vn -0.07287598 -0.8598633 0.5043945
v 0.04971018 0.2004566 -0.173954
vt 0.9592234 0.4140625
vn -0.04025269 -0.8383789 0.5429688
vt 0.9791316 0.421875
vn -0.03897095 -0.8085938 0.5864258
v 0.08328664 0.2096404 -0.1553469
vt 0.9384434 0.4110096
vn -0.07922363 -0.8613281 0.5014648
vt 0.9111283 0.4014571
vn -0.09484863 -0.8632813 0.494873
vt 0.9111283 0.4051868
vn -0.09680176 -0.862793 0.4953613
vt 0.9111283 0.4133553
vn -0.1080933 -0.8525391 0.5102539
v 0.08696621 0.2074744 -0.1585115
vt 0.937472 0.4140625
vn -0.08917236 -0.8496094 0.5195313
v 0.05828726 0.1929444 -0.184608
vt 0.9579455 0.421875
vn -0.06124878 -0.8144531 0.5766602
vt 0.9780258 0.4313382
vn -0.050354 -0.7910156 0.609375
v 0.0954527 0.1998561 -0.1691685
vt 0.9361591 0.421875
vn -0.1072998 -0.8251953 0.5541992
vt 0.9118825 0.421875
vn -0.1291504 -0.8295898 0.5429688
v 0.06725566 0.1838841 -0.195641
vt 0.956651 0.4313382
vn -0.0723877 -0.8007813 0.59375
vt 0.9759886 0.4335938
vn -0.03945923 -0.8007813 0.597168
vt 0.9563174 0.4335938
vn -0.0614624 -0.8173828 0.5727539
v 0.1043245 0.1906826 -0.1802047
vt 0.9349002 0.4313382
vn -0.1202393 -0.8115234 0.5712891
vt 0.9127554 0.4313382
vn -0.1445313 -0.8115234 0.5654297
vt 0.934567 0.4335938
vn -0.1130371 -0.8261719 0.5517578
vt 0.9147925 0.4335938
vn -0.1420898 -0.8227539 0.550293
vt 0.78125 0.92858
vn 0 0.121582 -0.9921875
v 9.486769E-22 0.2672787 -0.169963
vt 0.78125 0.9427308
vn 0 0.1298828 -0.9912109
vt 0.7590265 0.9277838
vn 0.2120361 0.1220093 -0.9692383
v 0.04068956 0.2675065 -0.1650841
vt 0.7590796 0.9400847
vn 0.2277832 0.1320801 -0.9643555
vt 0.7374049 0.9297844
vn 0.4267578 0.1330566 -0.894043
v 9.486769E-22 0.2891827 -0.166928
vt 0.78125 0.9550613
vn 0 0.180542 -0.9833984
v 0.07907382 0.2678642 -0.1506626
vt 0.7375019 0.9384927
vn 0.463623 0.1398926 -0.8745117
vt 0.7125809 0.935489
vn 0.6181641 0.1506348 -0.7709961
v 0.03994848 0.2891827 -0.1620774
vt 0.7590808 0.9521215
vn 0.2341309 0.1820068 -0.9545898
v 0.0386122 0.3142248 -0.156656
vt 0.7589763 0.9662071
vn 0.2182617 0.2905273 -0.9311523
v 9.486769E-22 0.3142248 -0.1613443
vt 0.78125 0.9693959
vn 0 0.3010254 -0.953125
v 9.486769E-22 0.3314823 -0.1536997
vt 0.78125 0.9804618
vn 0 0.4047852 -0.9140625
v 0.03619332 0.3370424 -0.1468422
vt 0.7587776 0.9804618
vn 0.1641846 0.4042969 -0.8994141
v 0.05034627 0.3432022 -0.1385777
vt 0.7465178 0.9829324
vn 0.3625488 0.4304199 -0.8261719
v 0.07498039 0.3142248 -0.1428633
vt 0.7376242 0.9642259
vn 0.449707 0.2861328 -0.8457031
v 0.08637041 0.3384173 -0.1220747
vt 0.7242239 0.9786532
vn 0.5625 0.4465332 -0.6953125
v 0.0775753 0.2891827 -0.1478075
vt 0.7375891 0.9502511
vn 0.4714355 0.1760254 -0.8637695
v 0.106991 0.3142248 -0.1207679
vt 0.7156221 0.9636152
vn 0.6381836 0.3232422 -0.6982422
v 0.1233912 0.3399892 -0.08517076
vt 0.6943828 0.9791974
vn 0.7231445 0.4074707 -0.5571289
v 0.1130494 0.2891827 -0.1217822
vt 0.7136852 0.9496766
vn 0.6513672 0.178833 -0.7368164
v 0.1327838 0.3142248 -0.09165404
vt 0.6941268 0.9633408
vn 0.762207 0.3203125 -0.5615234
v 0.1494565 0.3142248 -0.05988673
vt 0.6744468 0.9638247
vn 0.8945313 0.2929688 -0.3364258
v 0.1396483 0.3446324 -0.05740796
vt 0.6755797 0.9820263
vn 0.8735352 0.3591309 -0.3273926
v 0.147872 0.3421865 -0.01795493
vt 0.6518448 0.9818081
vn 0.9155273 0.371582 -0.1525879
v 0.1373791 0.2891828 -0.09482603
vt 0.6939927 0.9494506
vn 0.8046875 0.1967773 -0.5595703
v 0.1173925 0.2684289 -0.1219787
vt 0.71211 0.9381462
vn 0.6660156 0.1413574 -0.7319336
v 0.1550249 0.2891828 -0.06120469
vt 0.6737769 0.9501742
vn 0.9150391 0.203125 -0.3481445
v 0.1234123 0.2450561 -0.1192672
vt 0.7084732 0.9257813
vn 0.7436523 0.09466553 -0.6611328
vt 0.710249 0.9257813
vn 0.7773438 0.1039429 -0.6201172
v 0.1402991 0.2697889 -0.09684152
vt 0.6938586 0.9389682
vn 0.8168945 0.1333008 -0.5605469
v 0.1254448 0.2266372 -0.1193114
vt 0.7075002 0.9159077
vn 0.7480469 0.05450439 -0.6606445
vt 0.7093783 0.9146249
vn 0.7495117 0.01425171 -0.6611328
vt 0.6932164 0.9126446
vn 0.8510742 -0.07385254 -0.519043
v 0.1420749 0.2460531 -0.09806726
vt 0.6936072 0.9264498
vn 0.8295898 0.08990479 -0.5507813
v 0.1434799 0.2255534 -0.09903705
vt 0.6933222 0.9157448
vn 0.8413086 0.04794312 -0.5375977
v 0.1629748 0.2255484 -0.06189338
vt 0.6721501 0.9165198
vn 0.9350586 0.04681396 -0.3500977
vt 0.671875 0.9124498
vn 0.9316406 -0.07763672 -0.3540039
vt 0.6499747 0.9147913
vn 0.9819336 -0.06414795 -0.1756592
v 0.1608428 0.2481015 -0.0619435
vt 0.672667 0.9283024
vn 0.9311523 0.08917236 -0.3530273
v 0.1730097 0.2266501 -0.02100717
vt 0.6500879 0.9177973
vn 0.9833984 0.04977417 -0.1729736
vt 0.6394161 0.9197366
vt 0.637292 0.9179843
v 0.158644 0.269652 -0.06192198
vt 0.6732695 0.9396427
vn 0.9248047 0.1340332 -0.3549805
v 0.1710233 0.2503184 -0.02076599
vt 0.6505461 0.9299805
vn 0.9804688 0.08898926 -0.1743164
vt 0.6406078 0.9309176
vn 0.9960938 0.08398438 -0.02297974
v 0.1691037 0.271287 -0.0205329
vt 0.6508976 0.9408481
vn 0.9736328 0.1401367 -0.1791992
vt 0.640625 0.9420744
vn 0.984375 0.1738281 -0.01326752
v 0.165711 0.2891827 -0.02012097
vt 0.6511292 0.9503852
vn 0.9619141 0.2073975 -0.1759033
v 0.1601679 0.3142248 -0.01944792
vt 0.651363 0.9642373
vn 0.9404297 0.2927246 -0.1708984
v 0.165711 0.2891827 -0.001098852
vt 0.640625 0.95069
vn 0.9765625 0.2131348 -0.002616882
v 0.160168 0.3142248 -0.0009111252
vt 0.640625 0.9645711
vn 0.9545898 0.2973633 0
v 0.1478721 0.3421865 0.01795493
vt 0.6298611 0.9822614
vn 0.8959961 0.4094238 0.1712646
v 0.165711 0.2891827 0.02012096
vt 0.6298798 0.9505668
vn 0.9628906 0.2174072 0.1578369
vt 0.6300322 0.9395268
vn 0.9609375 0.2172852 0.1705322
v 0.160168 0.3142248 0.01944792
vt 0.6298826 0.9645005
vn 0.9326172 0.3168945 0.1699219
v 0.1508595 0.3142248 0.05721346
vt 0.6082532 0.9644931
vn 0.8823242 0.3269043 0.3378906
v 0.1347142 0.3462717 0.06137543
vt 0.602492 0.984375
vn 0.8310547 0.4084473 0.3762207
v 0.1560804 0.2891827 0.05919352
vt 0.6082959 0.9504853
vn 0.9125977 0.2175293 0.3459473
vt 0.608335 0.9381384
vn 0.9125977 0.2175293 0.345459
vt 0.5866283 0.9395013
vn 0.8164063 0.2231445 0.5317383
v 0.1327838 0.3142248 0.09165409
vt 0.5866312 0.9644712
vn 0.7861328 0.3098145 0.5341797
v 0.1131518 0.3443191 0.09385736
vt 0.5787006 0.9838468
vn 0.7192383 0.4211426 0.5522461
v 0.1373791 0.2891827 0.09482603
vt 0.5866797 0.9504885
vn 0.8061523 0.2174072 0.5493164
vt 0.5682005 0.9430434
vn 0.6816406 0.2106934 0.7001953
v 0.106991 0.3142248 0.120768
vt 0.5650629 0.9643407
vn 0.6318359 0.2956543 0.7158203
v 0.08030719 0.3449599 0.1227641
vt 0.5519094 0.9840779
vn 0.4963379 0.4458008 0.7446289
v 0.110894 0.2891739 0.1238626
vt 0.5656198 0.950495
vn 0.6328125 0.1844482 0.7514648
v 0.07498039 0.3142248 0.1428633
vt 0.5435208 0.9641794
vn 0.4470215 0.2939453 0.8442383
v 0.04161174 0.3466608 0.1410277
vt 0.526004 0.984375
vn 0.3452148 0.4179688 0.8398438
v 0.07759139 0.2890277 0.1478382
vt 0.5436078 0.9500912
vn 0.4621582 0.1651611 0.8710938
v 0.1144784 0.2533706 0.1277955
vt 0.5661246 0.9313772
vn 0.5742188 0.1154785 0.8100586
vt 0.5686591 0.9314564
vn 0.5605469 0.09686279 0.8222656
v 0.0386122 0.3142248 0.1566561
vt 0.5218006 0.9641709
vn 0.2154541 0.2958984 0.9301758
v 0.03229427 0.3453344 0.1441304
vt 0.5199102 0.9838775
vn 0.1248779 0.3969727 0.9091797
v 9.486769E-22 0.3380582 0.1507869
vt 0.5 0.9793597
vn 0 0.3974609 0.9174805
v 0.1147537 0.2344418 0.1290985
vt 0.5660711 0.9214197
vn 0.5888672 0.05062866 0.8061523
vt 0.5696096 0.9199885
vn 0.6074219 0.01104736 0.7939453
vt 0.5471178 0.9135469
vn 0.4667969 -0.07299805 0.8808594
v 0.0814151 0.2528779 0.1511466
vt 0.5448465 0.9306998
vn 0.463623 0.1107178 0.8789063
v 0.08503608 0.2271031 0.151354
vt 0.5467247 0.91711
vn 0.4645996 0.04293823 0.8842773
vt 0.5242223 0.910177
vn 0.2568359 -0.1369629 0.956543
v 0.04388428 0.2233827 0.168583
vt 0.5232817 0.9149787
vn 0.2490234 0.02107239 0.9682617
vt 0.5 0.9093817
vn 0 -0.1707764 0.9848633
v 0.04114162 0.2528552 0.1669182
vt 0.5219728 0.930486
vn 0.2419434 0.1069336 0.9638672
v 9.486769E-22 0.2233827 0.1744614
vt 0.5 0.9148328
vn 0 0.01384735 0.9995117
v -0.04388428 0.2233827 0.168583
vt 0.4767183 0.9149787
vn -0.2490234 0.02107239 0.9682617
v -0.04515185 0.2144002 0.1666425
vt 0.4757777 0.910177
vn -0.2568359 -0.1369629 0.956543
v 9.486769E-22 0.2528552 0.1719137
vt 0.5 0.9304066
vn 0 0.1087036 0.9936523
v -0.08503608 0.2271031 0.151354
vt 0.4532753 0.91711
vn -0.4645996 0.04293823 0.8842773
v -0.08549961 0.2203243 0.1508601
vt 0.4528822 0.9135469
vn -0.4667969 -0.07299805 0.8808594
v -0.04114162 0.2528552 0.1669182
vt 0.4780272 0.930486
vn -0.2419434 0.1069336 0.9638672
v -0.1147537 0.2344418 0.1290985
vt 0.4339289 0.9214197
vn -0.5888672 0.05062866 0.8061523
vt 0.4303904 0.9199885
vn -0.6074219 0.01104736 0.7939453
v -0.1184187 0.2534292 0.1250127
vt 0.4313409 0.9314564
vn -0.5605469 0.09686279 0.8222656
v -0.0814151 0.2528779 0.1511466
vt 0.4551535 0.9306998
vn -0.463623 0.1107178 0.8789063
v -0.1144784 0.2533706 0.1277955
vt 0.4338754 0.9313772
vn -0.5742188 0.1154785 0.8100586
v -0.1164366 0.2753177 0.1230934
vt 0.4317995 0.9430434
vn -0.6816406 0.2106934 0.7001953
v -0.110894 0.2891739 0.1238626
vt 0.4343802 0.950495
vn -0.6328125 0.1844482 0.7514648
v -0.07759139 0.2890277 0.1478382
vt 0.4563922 0.9500912
vn -0.4621582 0.1651611 0.8710938
v 9.486769E-22 0.2890039 0.166968
vt 0.5 0.9499448
vn 0 0.168335 0.9853516
v -0.03994589 0.2892312 0.162067
vt 0.478155 0.9500998
vn -0.2382813 0.166626 0.956543
v 0.03994589 0.2892312 0.162067
vt 0.521845 0.9500998
vn 0.2382813 0.166626 0.956543
v 9.486769E-22 0.3142248 0.1613444
vt 0.5 0.9642028
vn 0 0.3095703 0.9506836
v -0.0386122 0.3142248 0.1566561
vt 0.4781994 0.9641709
vn -0.2154541 0.2958984 0.9301758
v -0.03229427 0.3453344 0.1441304
vt 0.4800898 0.9838775
vn -0.1248779 0.3969727 0.9091797
v -0.04161174 0.3466608 0.1410277
vt 0.473996 0.984375
vn -0.3452148 0.4179688 0.8398438
v -0.07498039 0.3142248 0.1428633
vt 0.4564792 0.9641794
vn -0.4470215 0.2939453 0.8442383
v -0.08030719 0.3449599 0.1227641
vt 0.4480906 0.9840779
vn -0.4963379 0.4458008 0.7446289
v -0.106991 0.3142248 0.120768
vt 0.4349371 0.9643407
vn -0.6318359 0.2956543 0.7158203
v -0.1131518 0.3443191 0.09385736
vt 0.4212994 0.9838468
vn -0.7192383 0.4211426 0.5522461
v -0.1327838 0.3142248 0.09165409
vt 0.4133688 0.9644712
vn -0.7861328 0.3098145 0.5341797
v -0.1347142 0.3462717 0.06137543
vt 0.397508 0.984375
vn -0.8310547 0.4084473 0.3762207
v -0.1373791 0.2891827 0.09482603
vt 0.4133203 0.9504885
vn -0.8061523 0.2174072 0.5493164
v -0.141103 0.268889 0.09739649
vt 0.4133717 0.9395013
vn -0.8164063 0.2231445 0.5317383
v -0.1508595 0.3142248 0.05721346
vt 0.3917468 0.9644931
vn -0.8823242 0.3269043 0.3378906
v -0.1560804 0.2891827 0.05919352
vt 0.3917041 0.9504853
vn -0.9125977 0.2175293 0.3459473
v -0.1608168 0.2664645 0.06098982
vt 0.391665 0.9381384
vn -0.9125977 0.2175293 0.345459
v -0.1478721 0.3421865 0.01795493
vt 0.3701389 0.9822614
vn -0.8959961 0.4094238 0.1712646
v -0.1702534 0.2686616 0.0206725
vt 0.3699678 0.9395268
vn -0.9609375 0.2172852 0.1705322
v -0.160168 0.3142248 0.01944792
vt 0.3701174 0.9645005
vn -0.9326172 0.3168945 0.1699219
v -0.165711 0.2891827 0.02012096
vt 0.3701202 0.9505668
vn -0.9628906 0.2174072 0.1578369
v -0.1693019 0.2729601 -0.001220468
vt 0.359375 0.9420744
vn -0.984375 0.1738281 -0.01326752
v -0.160168 0.3142248 -0.0009111252
vt 0.359375 0.9645711
vn -0.9545898 0.2973633 0
v -0.147872 0.3421865 -0.01795493
vt 0.3481552 0.9818081
vn -0.9155273 0.371582 -0.1525879
v -0.165711 0.2891827 -0.001098852
vt 0.359375 0.95069
vn -0.9765625 0.2131348 -0.002616882
v -0.1601679 0.3142248 -0.01944792
vt 0.348637 0.9642373
vn -0.9404297 0.2927246 -0.1708984
v -0.165711 0.2891827 -0.02012097
vt 0.3488708 0.9503852
vn -0.9619141 0.2073975 -0.1759033
v -0.1691037 0.271287 -0.0205329
vt 0.3491024 0.9408481
vn -0.9736328 0.1401367 -0.1791992
v -0.1716525 0.2513195 -0.001358131
vt 0.3593922 0.9309176
vn -0.9960938 0.08398438 -0.02297974
v -0.1550249 0.2891828 -0.06120469
vt 0.3262231 0.9501742
vn -0.9150391 0.203125 -0.3481445
v -0.1494565 0.3142248 -0.05988673
vt 0.3255532 0.9638247
vn -0.8945313 0.2929688 -0.3364258
v -0.1396483 0.3446324 -0.05740796
vt 0.3244203 0.9820263
vn -0.8735352 0.3591309 -0.3273926
v -0.1233912 0.3399892 -0.08517076
vt 0.3056172 0.9791974
vn -0.7231445 0.4074707 -0.5571289
v -0.1710233 0.2503184 -0.02076599
vt 0.3494539 0.9299805
vn -0.9804688 0.08898926 -0.1743164
vt 0.3605839 0.9197366
v -0.158644 0.269652 -0.06192198
vt 0.3267305 0.9396427
vn -0.9248047 0.1340332 -0.3549805
v -0.1730097 0.2266501 -0.02100717
vt 0.3499121 0.9177973
vn -0.9833984 0.04977417 -0.1729736
vt 0.362708 0.9179843
v -0.1727955 0.2207906 -0.02098117
vt 0.3500253 0.9147913
vn -0.9819336 -0.06414795 -0.1756592
v -0.1608428 0.2481015 -0.0619435
vt 0.327333 0.9283024
vn -0.9311523 0.08917236 -0.3530273
v -0.1629748 0.2255484 -0.06189338
vt 0.3278499 0.9165198
vn -0.9350586 0.04681396 -0.3500977
v -0.1623228 0.2177826 -0.06156091
vt 0.328125 0.9124498
vn -0.9316406 -0.07763672 -0.3540039
v -0.143102 0.2195968 -0.09877618
vt 0.3067836 0.9126446
vn -0.8510742 -0.07385254 -0.519043
v -0.1402991 0.2697889 -0.09684152
vt 0.3061414 0.9389682
vn -0.8168945 0.1333008 -0.5605469
v -0.1420749 0.2460531 -0.09806726
vt 0.3063928 0.9264498
vn -0.8295898 0.08990479 -0.5507813
v -0.1434799 0.2255534 -0.09903705
vt 0.3066778 0.9157448
vn -0.8413086 0.04794312 -0.5375977
v -0.1254448 0.2266372 -0.1193114
vt 0.2924998 0.9159077
vn -0.7480469 0.05450439 -0.6606445
vt 0.2906217 0.9146249
vn -0.7495117 0.01425171 -0.6611328
v -0.121223 0.244941 -0.1218248
vt 0.289751 0.9257813
vn -0.7773438 0.1039429 -0.6201172
v -0.1234123 0.2450561 -0.1192672
vt 0.2915268 0.9257813
vn -0.7436523 0.09466553 -0.6611328
v -0.1175154 0.2637407 -0.123409
vt 0.2874191 0.935489
vn -0.6181641 0.1506348 -0.7709961
v -0.1173925 0.2684289 -0.1219787
vt 0.28789 0.9381462
vn -0.6660156 0.1413574 -0.7319336
v -0.1373791 0.2891828 -0.09482603
vt 0.3060073 0.9494506
vn -0.8046875 0.1967773 -0.5595703
v -0.07907382 0.2678642 -0.1506626
vt 0.2624981 0.9384927
vn -0.463623 0.1398926 -0.8745117
v -0.07998736 0.2521137 -0.1524032
vt 0.2625951 0.9297844
vn -0.4267578 0.1330566 -0.894043
v -0.1130494 0.2891827 -0.1217822
vt 0.2863148 0.9496766
vn -0.6513672 0.178833 -0.7368164
v -0.1327838 0.3142248 -0.09165404
vt 0.3058732 0.9633408
vn -0.762207 0.3203125 -0.5615234
v -0.106991 0.3142248 -0.1207679
vt 0.2843779 0.9636152
vn -0.6381836 0.3232422 -0.6982422
v -0.08637041 0.3384173 -0.1220747
vt 0.2757761 0.9786532
vn -0.5625 0.4465332 -0.6953125
v -0.0775753 0.2891827 -0.1478075
vt 0.2624109 0.9502511
vn -0.4714355 0.1760254 -0.8637695
v -0.07498039 0.3142248 -0.1428633
vt 0.2623758 0.9642259
vn -0.449707 0.2861328 -0.8457031
v -0.05034627 0.3432022 -0.1385777
vt 0.2534822 0.9829324
vn -0.3625488 0.4304199 -0.8261719
v -0.03994848 0.2891827 -0.1620774
vt 0.2409192 0.9521215
vn -0.2341309 0.1820068 -0.9545898
v -0.0386122 0.3142248 -0.156656
vt 0.2410237 0.9662071
vn -0.2182617 0.2905273 -0.9311523
v -0.03619332 0.3370424 -0.1468422
vt 0.2412224 0.9804618
vn -0.1641846 0.4042969 -0.8994141
vt 0.21875 0.9804618
vt 0.21875 0.9693959
vt 0.21875 0.9550613
v -0.04068956 0.2675065 -0.1650841
vt 0.2409204 0.9400847
vn -0.2277832 0.1320801 -0.9643555
vt 0.21875 0.9427308
v -0.04133839 0.2454315 -0.1677165
vt 0.2409735 0.9277838
vn -0.2120361 0.1220093 -0.9692383
vt 0.21875 0.92858
v 0.1367935 0.166466 0.09464841
vt 0.59375 0.1779168
vn 0.8012695 0.3984375 -0.4458008
vt 0.6114647 0.1759489
vn 0.7963867 0.3774414 -0.472168
vt 0.59375 0.1804486
v 0.136938 0.1403301 0.07154772
vt 0.6114647 0.1738355
vn 0.7963867 0.3779297 -0.4716797
vt 0.6289063 0.1769306
vn 0.7885742 0.3505859 -0.5039063
v 0.1305937 0.1187107 0.04658565
vt 0.6289063 0.1746845
v 0.156179 0.1431101 0.1086133
vt 0.59375 0.1601562
v 0.1452288 0.1020405 0.0578886
vt 0.6289063 0.1601563
v 0.1516912 0.1230151 0.08258642
vt 0.6114647 0.1601563
vn 0.7958984 0.3757324 -0.4743652
v 0.1752696 0.1201095 0.1223658
vt 0.59375 0.1427604
vn 0.8071289 0.3916016 -0.4414063
v 0.1645763 0.08000316 0.07283075
vt 0.6289063 0.1427605
vn 0.7944336 0.3442383 -0.500061
v 0.170887 0.1004857 0.09694932
vt 0.6114647 0.1427604
vn 0.8022461 0.3666992 -0.4702148
v 0.1767251 0.1172853 0.1234142
vt 0.5942248 0.140625
vn 0.8701172 0.3051758 -0.3857422
v 0.1663485 0.07836734 0.07534686
vt 0.6289063 0.1406251
vn 0.8603516 0.2539063 -0.440918
v 0.1724723 0.09824307 0.09875081
vt 0.6114647 0.140625
vn 0.8662109 0.28125 -0.4123535
vt 0.6855093 0.1759489
vn -0.1951904 0.3779297 0.9047852
vt 0.703125 0.177443
vn -0.1690674 0.3984375 0.9013672
vt 0.703125 0.1798552
v 0.1150999 0.1401332 0.1022211
vt 0.6855093 0.1732518
vn -0.1945801 0.3781738 0.9047852
vt 0.6679688 0.1759489
vn -0.2283936 0.3505859 0.9077148
vt 0.703125 0.1601563
v 0.08995938 0.1179308 0.1044713
vt 0.6679688 0.1736336
v 0.1300705 0.1230151 0.1125994
vt 0.6855093 0.1601563
vn -0.1976318 0.3759766 0.9052734
v 0.1045973 0.1020405 0.1142917
vt 0.6679688 0.1601562
vt 0.703125 0.1427604
vn -0.1630859 0.3916016 0.9052734
v 0.1248977 0.08000316 0.1279109
vt 0.6679688 0.1427605
vn -0.2229004 0.3442383 0.9116211
v 0.1497735 0.1004858 0.1262583
vt 0.6855093 0.1427605
vn -0.1918945 0.3666992 0.9101563
vt 0.703125 0.140625
vn -0.090271 0.3051758 0.9477539
v 0.1278456 0.07836734 0.1287951
vt 0.6679688 0.140625
vn -0.1456299 0.2539063 0.9560547
v 0.1519843 0.09824305 0.1271915
vt 0.6855093 0.140625
vn -0.1166992 0.28125 0.9521484
vt 0.5937501 0.1996596
vn 0.8012695 0.3984375 0.4458008
vt 0.6113965 0.20379
vn 0.7866211 0.3833008 0.4836426
v 0.1348479 0.1661107 -0.0971413
vt 0.5937501 0.2019517
v 0.1354364 0.1394629 -0.07438091
vt 0.6113965 0.2064577
vn 0.7949219 0.3796387 0.4726563
vt 0.6289063 0.2033514
vn 0.7700195 0.3671875 0.5209961
v 0.1539385 0.1431101 -0.1108937
vt 0.5937501 0.21875
v 0.1298419 0.1170151 -0.05001565
vt 0.6289063 0.206313
vn 0.7856445 0.3537598 0.5073242
v 0.1494507 0.123015 -0.08486678
vt 0.6113965 0.2187499
vn 0.7958984 0.3759766 0.473877
v 0.1429884 0.1020405 -0.06016892
vt 0.6289063 0.2187499
vn 0.7885742 0.3505859 0.5039063
v 0.1730291 0.1201095 -0.1246462
vt 0.5937501 0.2366014
vn 0.8071289 0.3916016 0.4414063
v 0.1623358 0.08000317 -0.07511107
vt 0.6289063 0.2366013
vn 0.7944336 0.3442383 0.500061
v 0.1686465 0.1004857 -0.09922968
vt 0.6114966 0.2366014
vn 0.8022461 0.3666992 0.4702148
v 0.1744845 0.1172853 -0.1256946
vt 0.5942249 0.2382813
vn 0.8701172 0.3051758 0.3857422
v 0.1641081 0.07836734 -0.07762717
vt 0.6289063 0.2382812
vn 0.8603516 0.2539063 0.440918
v 0.1702318 0.09824307 -0.1010312
vt 0.6115865 0.2382813
vn 0.8662109 0.28125 0.4123535
vt 0.703125 0.1995165
vn -0.1690674 0.3984375 -0.9013672
vt 0.703125 0.2017149
vt 0.6854741 0.2037836
vn -0.1986084 0.375 -0.9052734
v 0.1136604 0.1392172 -0.1050568
vt 0.6854741 0.2066209
vn -0.1949463 0.3779297 -0.9047852
vt 0.6679687 0.2033123
vn -0.2283936 0.3505859 -0.9077148
v 0.08824994 0.1173545 -0.1071078
vt 0.6679687 0.2061714
vt 0.7031249 0.21875
v 0.1023569 0.1020405 -0.116572
vt 0.6679687 0.2187499
v 0.12783 0.123015 -0.1148797
vt 0.6854741 0.2187501
vn -0.1975098 0.3759766 -0.9052734
vt 0.7031249 0.2366014
vn -0.1630859 0.3916016 -0.9052734
v 0.1226573 0.08000316 -0.1301913
vt 0.6679689 0.2366014
vn -0.2229004 0.3442383 -0.9116211
v 0.147533 0.1004858 -0.1285387
vt 0.6853754 0.2366014
vn -0.1918945 0.3666992 -0.9101563
vt 0.7024602 0.2382813
vn -0.090271 0.3051758 -0.9477539
v 0.1256052 0.07836735 -0.1310754
vt 0.6679689 0.2382812
vn -0.1456299 0.2539063 -0.9560547
v 0.1497438 0.09824307 -0.1294718
vt 0.6852842 0.2382813
vn -0.1166992 0.2810059 -0.9521484
v 0.04886546 0.3810965 0.1602616
vt 0.7461101 0.1864712
vn -0.5908203 0.04220581 0.8051758
v 0.05544001 0.3536558 0.1676511
vt 0.760206 0.1783385
vn -0.6010742 0.008087158 0.7988281
v 0.07603293 0.362065 0.1823248
vt 0.7674052 0.1917284
vn -0.6279297 0.03207397 0.7773438
v 0.07432446 0.3410636 0.1810463
vt 0.7745729 0.1826627
vn -0.6611328 -0.01879883 0.7495117
v 0.05668933 0.331912 0.1655601
vt 0.7695003 0.170212
vn -0.6274414 -0.09802246 0.7719727
v 0.09861962 0.341336 0.2045611
vt 0.7875575 0.1953125
vn -0.6972656 0.01404572 0.7163086
v 0.07171321 0.3218283 0.1768297
vt 0.7807683 0.173667
vn -0.6831055 -0.07263184 0.7260742
v 0.09019554 0.3265986 0.1966459
vt 0.7888957 0.1855891
vn -0.7114258 -0.0144577 0.7021484
v 0.08221924 0.3122549 0.1871364
vt 0.7901755 0.1757813
vn -0.7275391 -0.04891968 0.684082
v 0.1028965 0.2904558 0.2078037
vt 0.8085938 0.1780625
vn -0.7260742 -0.05276489 0.6850586
v 0.1114923 0.3040274 0.2179434
vt 0.8085938 0.1882444
vn -0.7089844 -0.02200317 0.7041016
v 0.1200224 0.3183239 0.2259713
vt 0.807735 0.1981141
vn -0.6928711 0.008125305 0.7207031
v 0.1206778 0.2699556 0.224509
vt 0.8258759 0.1796875
vn -0.6728516 -0.1306152 0.7275391
v 0.1300941 0.2823741 0.2354755
vt 0.8261515 0.1897069
vn -0.6455078 -0.104187 0.7558594
v 0.1389834 0.2958077 0.2438879
vt 0.8260023 0.1992188
vn -0.6289063 -0.06750488 0.7739258
v 0.1255744 0.2671462 0.2239168
vt 0.828842 0.1796875
vn 0.3803711 -0.7583008 0.5288086
v 0.1350425 0.2795474 0.2348872
vt 0.8290237 0.1897069
vn 0.4118652 -0.7163086 0.5625
v 0.1438675 0.2929982 0.2433072
vt 0.8289754 0.1992188
vn 0.4470215 -0.6660156 0.5961914
v 0.1532827 0.2690867 0.199464
vt 0.8484638 0.1796875
vn 0.4504395 -0.7592773 0.4692383
v 0.1629898 0.2814879 0.2102131
vt 0.8484638 0.1897069
vn 0.4807129 -0.7167969 0.5043945
v 0.1714581 0.2949387 0.2189634
vt 0.8484638 0.1992188
vn 0.5092773 -0.6708984 0.5380859
v 0.1832685 0.2690866 0.1716997
vt 0.8705877 0.1796875
vn 0.4333496 -0.7592773 0.4851074
v 0.19324 0.2814879 0.182204
vt 0.8705862 0.1897069
vn 0.4660645 -0.7167969 0.5180664
v 0.2013139 0.2949387 0.1913196
vt 0.8705256 0.1992188
vn 0.4975586 -0.6708984 0.5493164
v 0.2277056 0.2929982 0.1656808
vt 0.8902664 0.1992188
vn 0.5600586 -0.6660156 0.4914551
v 0.2199884 0.2795474 0.1562349
vt 0.89 0.1897069
vn 0.5292969 -0.7163086 0.4538574
v 0.2097778 0.2671461 0.145952
vt 0.8902664 0.1796875
vn 0.4978027 -0.7583008 0.4199219
v 0.2286597 0.2958076 0.1608556
vt 0.8927369 0.1992188
vn 0.8203125 -0.06750488 -0.5673828
v 0.2209551 0.2823741 0.1513463
vt 0.8928221 0.1897069
vn 0.8032227 -0.104187 -0.5859375
v 0.2107444 0.2699556 0.1411154
vt 0.89262 0.1796875
vn 0.7773438 -0.1306152 -0.6147461
v 0.2122527 0.3183239 0.1405743
vt 0.9109412 0.1983473
vn 0.7719727 0.008125305 -0.6352539
v 0.2049039 0.3040274 0.1314526
vt 0.9101563 0.1883288
vn 0.7568359 -0.02200317 -0.652832
v 0.1954546 0.2904558 0.1221033
vt 0.9101563 0.1780193
vn 0.7392578 -0.05276489 -0.6708984
v 0.1925502 0.3413361 0.11759
vt 0.9312952 0.1961216
vn 0.7675781 0.01403809 -0.6401367
v 0.1853055 0.3265986 0.1085826
vt 0.9299389 0.1860102
vn 0.7543945 -0.01447296 -0.6552734
v 0.176437 0.3122549 0.09989932
vt 0.9287565 0.1757813
vn 0.737793 -0.04891968 -0.6728516
v 0.1669678 0.3218284 0.08863252
vt 0.9380754 0.1739325
vn 0.7329102 -0.04708862 -0.6782227
v 0.1705769 0.3414616 0.0910916
vt 0.9444519 0.1833653
vn 0.746582 -0.01922607 -0.6645508
v 0.1486514 0.3390807 0.06817317
vt 0.9552037 0.170629
vn 0.7236328 -0.04092407 -0.6884766
v 0.1721149 0.3620651 0.09336165
vt 0.9515359 0.1925121
vn 0.7548828 -0.004608154 -0.6552734
v 0.1501262 0.3599247 0.06865379
vt 0.9638172 0.1796875
vn 0.7397461 -0.02243042 -0.671875
v 0.1514576 0.380669 0.06878472
vt 0.9718551 0.1890326
vn 0.7470703 -0.01330566 -0.6640625
vt 0.7558551 0.231907
vn 0.0158844 0.008773804 0.9995117
vt 0.7638652 0.2226563
vn 0.007053375 -0.003423691 0.9995117
v 0.1854408 0.3611672 0.06808142
vt 0.7773438 0.2375618
vn 0.03240967 0.01031494 0.9990234
v 0.1788209 0.3431076 0.06867938
vt 0.7821556 0.2279897
vn 0.02018738 -0.01220703 0.9995117
vt 0.7716774 0.2135895
vn -0.01267242 -0.03063965 0.9990234
v 0.2171025 0.3404382 0.06661541
vt 0.7986063 0.2422296
vn 0.05215454 0.01399231 0.9985352
v 0.1711236 0.3257174 0.06787097
vt 0.7851563 0.2177871
vn 0.001209259 -0.04260254 0.9990234
v 0.2055712 0.3257007 0.06741914
vt 0.7996222 0.2318423
vn 0.03131104 -0.01567078 0.9990234
v 0.1931744 0.311357 0.06681112
vt 0.7994649 0.221299
vn 0.008247375 -0.04931641 0.9985352
v 0.2223874 0.2895578 0.06568021
vt 0.8196032 0.2244053
vn 0.009651184 -0.05276489 0.9985352
v 0.2356676 0.3031296 0.06626181
vt 0.8193866 0.2349546
vn 0.03488159 -0.02200317 0.9990234
v 0.2473536 0.3174261 0.0654569
vt 0.8182218 0.2453215
vn 0.05813599 0.008125305 0.9980469
v 0.246726 0.2690578 0.06398254
vt 0.8376285 0.2265625
vn 0.07678223 -0.1306152 0.9882813
v 0.2611702 0.2814762 0.06452388
vt 0.8372758 0.2365766
vn 0.1160278 -0.104187 0.9873047
v 0.2733823 0.2949098 0.06371655
vt 0.8377534 0.2460938
vn 0.140625 -0.06750488 0.9873047
v 0.2496183 0.2662484 0.05998723
vt 0.8402009 0.2265625
vn 0.6464844 -0.7583008 0.08001709
v 0.2641005 0.2786495 0.06049318
vt 0.8402009 0.2365766
vn 0.6923828 -0.7163086 0.07995605
v 0.2762745 0.2921003 0.05973825
vt 0.8402009 0.2460938
vn 0.7412109 -0.6660156 0.07727051
v 0.2505006 0.2681888 0.02304254
vt 0.859375 0.2265625
vn 0.6503906 -0.7592773 -0.01163483
v 0.2649828 0.28059 0.02322271
vt 0.859375 0.2365766
vn 0.6967773 -0.7167969 -0.009994507
v 0.277157 0.2940409 0.02295388
vt 0.859375 0.2460938
vn 0.7412109 -0.6708984 -0.008071899
v 0.2505004 0.2681887 -0.01782312
vt 0.8795105 0.2265625
vn 0.6503906 -0.7592773 0.01163483
v 0.2649828 0.28059 -0.0180033
vt 0.8795105 0.2365766
vn 0.6967773 -0.7167969 0.009994507
v 0.2771571 0.2940411 -0.01773448
vt 0.8795105 0.2460938
vn 0.7412109 -0.6708984 0.008071899
v 0.2762747 0.2921005 -0.05451889
vt 0.897864 0.2460938
vn 0.7412109 -0.6660156 -0.07727051
v 0.2641004 0.2786495 -0.05527374
vt 0.8978641 0.2365766
vn 0.6923828 -0.7163086 -0.07995605
v 0.2496181 0.2662483 -0.05476779
vt 0.897864 0.2265625
vn 0.6464844 -0.7583008 -0.08001709
v 0.2733824 0.2949099 -0.05849718
vt 0.9004754 0.2460938
vn 0.140625 -0.06750488 -0.9873047
v 0.2611702 0.2814762 -0.05930446
vt 0.9008688 0.2365766
vn 0.1160278 -0.104187 -0.9873047
v 0.2467259 0.2690577 -0.0587631
vt 0.9006029 0.2265625
vn 0.07678223 -0.1306152 -0.9882813
v 0.2473536 0.317426 -0.06023751
vt 0.9200537 0.2444229
vn 0.05813599 0.008125305 -0.9980469
v 0.2356676 0.3031296 -0.06104243
vt 0.9185285 0.2341964
vn 0.03488159 -0.02200317 -0.9990234
v 0.2223874 0.2895578 -0.06046081
vt 0.917444 0.2236952
vn 0.009651184 -0.05276489 -0.9985352
v 0.2171024 0.3404382 -0.06139604
vt 0.9396369 0.2413035
vn 0.05215454 0.01399231 -0.9985352
v 0.2055712 0.3257008 -0.06219976
vt 0.9386266 0.2307795
vn 0.03131104 -0.01567078 -0.9990234
v 0.1931743 0.3113569 -0.06159175
vt 0.9375 0.2203067
vn 0.008247375 -0.04931641 -0.9985352
v 0.1711235 0.3257173 -0.06265154
vt 0.953125 0.2170692
vn 0.00211525 -0.04772949 -0.9985352
v 0.1787594 0.3431476 -0.0634629
vt 0.9566178 0.226881
vn 0.02392578 -0.01622009 -0.9995117
v 0.1511969 0.3377375 -0.06289825
vt 0.965758 0.2137039
vn -0.01241302 -0.04098511 -0.9990234
v 0.1854408 0.3611672 -0.06286205
vt 0.9609375 0.2365344
vn 0.03924561 0.006027222 -0.9990234
v 0.152508 0.358174 -0.06375208
vt 0.9726563 0.2226563
vn 0.01539612 -0.01135254 -0.9995117
vt 0.9812981 0.2304688
vn 0.0269165 0.0009417534 -0.9995117
vt 0.7532129 0.2773438
vn 0.7539063 0.0246582 0.6557617
vt 0.7617188 0.2695313
vn 0.7475586 0.01065826 0.6635742
vt 0.7734375 0.2834323
vn 0.7602539 0.02676392 0.6489258
v 0.1705509 0.3419232 -0.08351682
vt 0.7781618 0.2736767
vn 0.7504883 0.002365112 0.6601563
vt 0.7688124 0.2606307
vn 0.730957 -0.02326965 0.6816406
vt 0.7943255 0.2880515
vn 0.7661133 0.03111267 0.6416016
v 0.16497 0.3244871 -0.07827038
vt 0.7820448 0.2636937
vn 0.7363281 -0.03031921 0.675293
v 0.1881042 0.3244739 -0.103798
vt 0.7956582 0.2776777
vn 0.7529297 0.0014534 0.6577148
v 0.1793978 0.3101178 -0.09497197
vt 0.796875 0.2671837
vn 0.7373047 -0.03219604 0.6743164
v 0.1987472 0.288312 -0.1168807
vt 0.8164063 0.2707614
vn 0.737793 -0.03564453 0.6733398
v 0.2080458 0.3018959 -0.1263625
vt 0.816016 0.2810993
vn 0.7553711 -0.004875183 0.6547852
vt 0.8152114 0.2910462
vn 0.7700195 0.02523804 0.637207
v 0.2143446 0.2677936 -0.1356213
vt 0.8335429 0.2734375
vn 0.7773438 -0.1136475 0.6181641
v 0.2244214 0.2802243 -0.1459697
vt 0.833804 0.2834417
vn 0.8032227 -0.08721924 0.5888672
vt 0.8336372 0.2929688
vn 0.8193359 -0.05053711 0.5703125
v 0.213426 0.264917 -0.1404278
vt 0.8362986 0.2734375
vn 0.5083008 -0.7568359 -0.4101563
v 0.223503 0.2773298 -0.1508279
vt 0.8367137 0.2834417
vn 0.5395508 -0.7148438 -0.4445801
vt 0.8372234 0.2929688
vn 0.5698242 -0.6645508 -0.4824219
v 0.1869581 0.2662245 -0.1662579
vt 0.8559976 0.2734375
vn 0.4440918 -0.7587891 -0.4753418
v 0.1967967 0.2786318 -0.17688
vt 0.8560886 0.2834417
vn 0.4763184 -0.7167969 -0.5083008
vt 0.856153 0.2929688
vn 0.5073242 -0.6708984 -0.5400391
v 0.1570438 0.2655244 -0.1940904
vt 0.8780946 0.2734375
vn 0.4611816 -0.7587891 -0.4594727
v 0.1666187 0.2779255 -0.2049579
vt 0.8780946 0.2834417
vn 0.4909668 -0.7163086 -0.4951172
vt 0.8780946 0.2929688
vn 0.519043 -0.6704102 -0.5292969
vt 0.8974831 0.2929688
vn 0.4567871 -0.6669922 -0.5878906
v 0.1387599 0.2753465 -0.2296736
vt 0.897807 0.2834417
vn 0.4223633 -0.7172852 -0.5532227
v 0.1294235 0.2629511 -0.2185843
vt 0.8982372 0.2734375
vn 0.3913574 -0.7592773 -0.519043
vt 0.9006547 0.2929688
vn -0.6259766 -0.08435059 -0.7749023
v 0.1337772 0.2781029 -0.2303058
vt 0.9007282 0.2834417
vn -0.6425781 -0.1210327 -0.7563477
v 0.124493 0.2656907 -0.21922
vt 0.9007756 0.2734375
vn -0.6694336 -0.1474609 -0.7275391
vt 0.9193352 0.2911983
vn -0.690918 -0.00894928 -0.722168
v 0.1148571 0.299715 -0.2130659
vt 0.9184253 0.2811703
vn -0.7070313 -0.03909302 -0.7055664
v 0.10641 0.2861509 -0.2027919
vt 0.9179688 0.2707873
vn -0.7236328 -0.06982422 -0.6865234
vt 0.9400254 0.2880241
vn -0.6953125 -0.00308609 -0.7182617
v 0.09322114 0.3222533 -0.1920779
vt 0.9387141 0.2777686
vn -0.7099609 -0.03277588 -0.703125
v 0.08540491 0.307918 -0.1824237
vt 0.9375 0.2674068
vn -0.7246094 -0.06640625 -0.6855469
v 0.06942552 0.3222511 -0.1671657
vt 0.9522892 0.2638926
vn -0.730957 -0.06573486 -0.6791992
v 0.07416108 0.3393528 -0.1738434
vt 0.9559371 0.2738287
vn -0.715332 -0.03604126 -0.6977539
v 0.05801166 0.3322253 -0.1551562
vt 0.9625152 0.2608324
vn -0.7436523 -0.06011963 -0.6655273
vt 0.9609375 0.2835061
vn -0.7041016 -0.01751709 -0.7094727
v 0.05681457 0.3549044 -0.1560251
vt 0.9715746 0.2695313
vn -0.7197266 -0.03479004 -0.6928711
vt 0.9821658 0.2785044
vn -0.7114258 -0.02662659 -0.7016602
vt 0.6123081 0.109375
vn 0.9814453 0.09643555 0.1643066
v 0.06085049 0.360802 -0.1880631
vt 0.6025168 0.09554356
vn 0.9824219 0.1387939 0.1241455
vt 0.6229292 0.100478
vn 0.9814453 0.1209717 0.145874
v 0.06361686 0.3406719 -0.1831066
vt 0.5960982 0.1049472
vn 0.9838867 0.08874512 0.1529541
vt 0.6038455 0.1194802
vn 0.9770508 0.03762817 0.2073975
v 0.06174066 0.3214368 -0.1731654
vt 0.5926356 0.1163577
vn 0.9794922 0.01496887 0.1998291
v 0.06738803 0.3405355 -0.2227107
vt 0.5807409 0.0885464
vn 0.9858398 0.1530762 0.06420898
v 0.06628969 0.3062062 -0.1970356
vt 0.5770041 0.1122073
vn 0.9829102 -0.02894592 0.1804199
v 0.06907647 0.3241307 -0.2102166
vt 0.5788967 0.09994978
vn 0.9902344 0.0647583 0.1217651
v 0.06940821 0.2872412 -0.2240894
vt 0.5586122 0.1083347
vn 0.9848633 -0.06604004 0.157959
v 0.0732322 0.3042469 -0.2384911
vt 0.5601405 0.09592915
vn 0.9956055 0.03068542 0.08660889
v 0.07127902 0.3199362 -0.2520043
vt 0.5610162 0.0844835
vn 0.9916992 0.1247559 0.01428986
v 0.07170955 0.2686134 -0.2477755
vt 0.5429688 0.10546
vn 0.9848633 -0.1569824 0.07086182
v 0.07508552 0.2840524 -0.2639925
vt 0.5429688 0.09375
vn 0.9975586 -0.06170654 -0.01934814
v 0.07328499 0.3009528 -0.2787423
vt 0.5429688 0.08202249
vn 0.9941406 0.02279663 -0.1035767
v 0.07112616 0.2814225 -0.2670236
vt 0.5397426 0.09375
vn 0.1711426 -0.6772461 -0.715332
v 0.06794491 0.2659821 -0.2508065
vt 0.5390625 0.10546
vn 0.1622314 -0.7207031 -0.6733398
v 0.06940281 0.2983223 -0.2817734
vt 0.5390625 0.08203125
vn 0.1420898 -0.6386719 -0.7558594
v 0.03537529 0.2795679 -0.2688601
vt 0.5198776 0.09375
vn 0.04779053 -0.6782227 -0.7329102
v 0.03434205 0.2625979 -0.2517911
vt 0.5195313 0.1071066
vn 0.05133057 -0.7119141 -0.699707
v 0.03615755 0.3011954 -0.2871346
vt 0.520453 0.07811624
vn 0.04196167 -0.6469727 -0.7607422
v -2.99301E-22 0.2792107 -0.2695264
vt 0.5 0.09375
vn 0 -0.6728516 -0.7392578
v -2.703291E-22 0.2615469 -0.2521427
vt 0.5 0.1081094
vn 0 -0.7055664 -0.7084961
v -3.22969E-22 0.3020431 -0.2888652
vt 0.5 0.07694358
vn 0 -0.6459961 -0.7631836
v -0.03434205 0.2625979 -0.2517911
vt 0.4804688 0.1071066
vn -0.05133057 -0.7119141 -0.699707
v -0.03615755 0.3011954 -0.2871346
vt 0.479547 0.07811624
vn -0.04196167 -0.6469727 -0.7607422
v -0.03537529 0.2795679 -0.2688601
vt 0.4801224 0.09375
vn -0.04779053 -0.6782227 -0.7329102
v -0.06794491 0.2659821 -0.2508065
vt 0.4609375 0.10546
vn -0.1622314 -0.7207031 -0.6733398
v -0.06940281 0.2983223 -0.2817734
vt 0.4609375 0.08203125
vn -0.1420898 -0.6386719 -0.7558594
v -0.07112616 0.2814225 -0.2670236
vt 0.4602574 0.09375
vn -0.1711426 -0.6772461 -0.715332
v -0.07170955 0.2686134 -0.2477755
vt 0.4570313 0.10546
vn -0.9848633 -0.1569824 0.07086182
v -0.07328499 0.3009528 -0.2787423
vt 0.4570313 0.08202249
vn -0.9941406 0.02279663 -0.1035767
v -0.07508552 0.2840524 -0.2639925
vt 0.4570313 0.09375
vn -0.9975586 -0.06170654 -0.01934814
v -0.07127902 0.3199362 -0.2520043
vt 0.4389838 0.0844835
vn -0.9916992 0.1247559 0.01428986
v -0.0732322 0.3042469 -0.2384911
vt 0.4398595 0.09592915
vn -0.9956055 0.03068542 0.08660889
v -0.06940821 0.2872412 -0.2240894
vt 0.4413878 0.1083347
vn -0.9848633 -0.06604004 0.157959
v -0.06738803 0.3405355 -0.2227107
vt 0.4192591 0.0885464
vn -0.9858398 0.1530762 0.06420898
v -0.06907647 0.3241307 -0.2102166
vt 0.4211033 0.09994978
vn -0.9902344 0.0647583 0.1217651
v -0.06628969 0.3062062 -0.1970356
vt 0.4229959 0.1122073
vn -0.9829102 -0.02894592 0.1804199
v -0.06361686 0.3406719 -0.1831066
vt 0.4039018 0.1049472
vn -0.9838867 0.08874512 0.1529541
v -0.06174066 0.3214368 -0.1731654
vt 0.4073644 0.1163577
vn -0.9794922 0.01496887 0.1998291
v -0.05801166 0.3322253 -0.1551562
vt 0.3961545 0.1194802
vn -0.9770508 0.03762817 0.2073975
v -0.0608505 0.360802 -0.1880631
vt 0.3974832 0.09554356
vn -0.9824219 0.1387939 0.1241455
v -0.05681457 0.3549044 -0.1560251
vt 0.3876919 0.109375
vn -0.9814453 0.09643555 0.1643066
vt 0.3770708 0.100478
vn -0.9814453 0.1209717 0.145874
vt 0.887906 0.7315192
v 0.1493356 0.3859951 -0.0199005
vt 0.8649064 0.7265625
vn 0.4824219 0.8735352 -0.05795288
vt 0.8878037 0.7235082
v 0.1599519 0.3797081 -0.01925831
vt 0.8649064 0.7200941
vn 0.5048828 0.8618164 -0.04336548
v 0.1498873 0.3859746 0.0222622
vt 0.84375 0.7265625
vn 0.5058594 0.8613281 0.03747559
vt 0.886646 0.703125
vn 0.5283203 0.8461914 -0.06317139
v 0.1598355 0.3799366 0.02331544
vt 0.84375 0.7200941
vn 0.512207 0.8579102 0.03790283
vt 0.8256371 0.7300091
vn 0.4941406 0.8652344 0.0814209
vt 0.8203125 0.7247428
vn 0.4658203 0.8647461 0.1850586
vt 0.8203125 0.703125
vn 0.5307617 0.8452148 0.06188965
v 0.1865759 0.3635058 -0.01903876
vt 0.8649064 0.703125
vn 0.5351563 0.84375 -0.03286743
vt 0.8861698 0.6818352
vn 0.5786133 0.8134766 -0.05163574
v 0.1865759 0.3635058 0.0244334
vt 0.84375 0.703125
vn 0.5361328 0.8432617 0.03222656
vt 0.8212734 0.6818352
vn 0.5786133 0.8134766 0.05169678
v 0.2179849 0.3423787 -0.01872557
vt 0.8649064 0.6818352
vn 0.5805664 0.8134766 -0.02584839
vt 0.885372 0.6621671
vn 0.628418 0.7758789 -0.04925537
v 0.2179848 0.3423786 0.02394497
vt 0.84375 0.6818352
vn 0.5805664 0.8134766 0.02583313
vt 0.8218234 0.6621671
vn 0.628418 0.7758789 0.04925537
v 0.248236 0.3193665 -0.0183394
vt 0.8649064 0.6621671
vn 0.628418 0.7768555 -0.02468872
vt 0.8843264 0.6427115
vn 0.6577148 0.7509766 -0.04949951
v 0.248236 0.3193666 0.0235588
vt 0.84375 0.6621671
vn 0.628418 0.7768555 0.02468872
vt 0.8226026 0.6427115
vn 0.6577148 0.7509766 0.04949951
v 0.2742649 0.2968505 -0.01775929
vt 0.86389 0.6427115
vn 0.659668 0.7504883 -0.02462769
vt 0.8823629 0.640625
vn 0.7133789 0.6982422 -0.0512085
vt 0.8638909 0.640625
vn 0.7050781 0.7080078 -0.025177
v 0.2742648 0.2968504 0.02297868
vt 0.84375 0.6427115
vn 0.659668 0.7504883 0.02462769
vt 0.8246396 0.640625
vn 0.7138672 0.6982422 0.0512085
vt 0.84375 0.640625
vn 0.7050781 0.7080078 0.025177
vt 0.828125 0.7595391
vn 0.5053711 -0.7099609 -0.4902344
vt 0.8496836 0.7636282
vn 0.4702148 -0.6972656 -0.5405273
v 0.1383613 0.3997071 -0.09472988
vt 0.828125 0.7714407
vn 0.4560547 -0.7485352 -0.4804688
v 0.1067929 0.3964588 -0.1206328
vt 0.8495063 0.7724445
vn 0.4255371 -0.737793 -0.5229492
vt 0.8729467 0.7642031
vn 0.3469238 -0.6962891 -0.6274414
v 0.153126 0.4192092 -0.1162075
vt 0.828125 0.7890625
vn 0.3896484 -0.7905273 -0.472168
v 0.02466288 0.3865796 -0.1548777
vt 0.8996303 0.7611709
vn 0.291748 -0.7099609 -0.640625
v 0.03383091 0.4000427 -0.1669089
vt 0.8993469 0.7714407
vn 0.2944336 -0.7490234 -0.5927734
v 0.07326318 0.3964589 -0.1436827
vt 0.8730981 0.7723939
vn 0.3395996 -0.7387695 -0.581543
v 0.04999947 0.4193172 -0.1872573
vt 0.8979315 0.7890625
vn 0.3044434 -0.7895508 -0.5322266
v 0.1202215 0.4176039 -0.1401669
vt 0.8495063 0.7890625
vn 0.3759766 -0.7802734 -0.4992676
v 0.08669177 0.4176039 -0.1632168
vt 0.8730981 0.7890625
vn 0.3320313 -0.7802734 -0.5292969
v 0.06606677 0.437756 -0.2087647
vt 0.8979543 0.8071306
vn 0.2980957 -0.8388672 -0.4543457
v 0.1347005 0.4373266 -0.1612288
vt 0.8495063 0.8075532
vn 0.3164063 -0.8349609 -0.449707
v 0.1683571 0.4377077 -0.1383635
vt 0.828125 0.8075532
vn 0.3166504 -0.840332 -0.4396973
v 0.1011707 0.4373266 -0.1842787
vt 0.8730981 0.8075532
vn 0.3066406 -0.8349609 -0.456543
v 0.08336438 0.4538152 -0.2318886
vt 0.8969512 0.8260264
vn 0.2792969 -0.8813477 -0.3803711
v 0.1508073 0.4538563 -0.1846589
vt 0.8495063 0.8257034
vn 0.265625 -0.8769531 -0.3999023
v 0.1847308 0.4538094 -0.1621818
vt 0.828125 0.8261282
vn 0.2541504 -0.8813477 -0.3969727
v 0.1172776 0.4538563 -0.2077088
vt 0.8730044 0.8257024
vn 0.2780762 -0.8769531 -0.3913574
v 0.09902164 0.4658744 -0.2529768
vt 0.8962831 0.8417532
vn 0.2746582 -0.8974609 -0.3442383
v 0.1652133 0.4674845 -0.2056148
vt 0.8495063 0.8416321
vn 0.2407227 -0.8930664 -0.3793945
v 0.1996108 0.4658744 -0.1838271
vt 0.828125 0.8417532
vn 0.2229004 -0.8974609 -0.3803711
v 0.1983847 0.4673402 -0.1889348
vt 0.8300453 0.84375
vn 0.15979 -0.9316406 -0.3259277
v 0.1672043 0.4689503 -0.2085109
vt 0.8495063 0.84375
vn 0.1893311 -0.9272461 -0.3215332
v 0.1316837 0.4674845 -0.2286647
vt 0.8730981 0.8416401
vn 0.2675781 -0.8930664 -0.3605957
v 0.1042297 0.4673403 -0.2536614
vt 0.8941033 0.84375
vn 0.2470703 -0.9316406 -0.2658691
v 0.1336746 0.4689503 -0.2315608
vt 0.8730981 0.84375
vn 0.2324219 -0.9272461 -0.2919922
vt 0.6478291 0.5169663
vn -0.3449707 -0.8652344 0.3630371
vt 0.6289063 0.5187885
vn -0.4558105 -0.8681641 0.1956787
vt 0.631677 0.5113845
vn -0.4443359 -0.8779297 0.1761475
v 0.1280812 0.3355999 -0.09109032
vt 0.6481709 0.5216376
vn -0.3596191 -0.8540039 0.3745117
vt 0.6293229 0.5320294
vn -0.3908691 -0.8408203 0.3737793
vt 0.6758341 0.5179173
vn -0.3151855 -0.859375 0.4013672
v 0.1382087 0.3255105 -0.1042003
vt 0.6490208 0.5320294
vn -0.3735352 -0.8427734 0.3864746
vt 0.6297845 0.546875
vn -0.4182129 -0.815918 0.3981934
v 0.092434 0.3333091 -0.1284646
vt 0.6758548 0.5234003
vn -0.3249512 -0.8549805 0.4033203
vt 0.6982631 0.5215561
vn -0.182251 -0.8618164 0.4726563
vt 0.6950892 0.5105238
vn -0.2044678 -0.8603516 0.4663086
vt 0.6983331 0.5320294
vn -0.317627 -0.8417969 0.4355469
v 0.1018499 0.3249369 -0.1382021
vt 0.6758397 0.5320294
vn -0.3393555 -0.8432617 0.4155273
vt 0.6979915 0.546875
vn -0.3459473 -0.8149414 0.4643555
v 0.1515281 0.3112118 -0.1219936
vt 0.6503969 0.546875
vn -0.3994141 -0.8178711 0.4138184
vt 0.630217 0.5664063
vn -0.4482422 -0.7836914 0.4291992
v 0.1173121 0.3105917 -0.1539413
vt 0.6757813 0.546875
vn -0.3657227 -0.8168945 0.4450684
vt 0.6977463 0.5664063
vn -0.3757324 -0.7827148 0.4958496
v 0.1697112 0.289485 -0.1450538
vt 0.6517862 0.5664063
vn -0.4296875 -0.7851563 0.4455566
vt 0.6309609 0.5835867
vn -0.4685059 -0.7597656 0.4499512
v 0.1377653 0.2888118 -0.174823
vt 0.6757813 0.5664063
vn -0.3945313 -0.784668 0.4777832
vt 0.6972129 0.5835867
vn -0.3959961 -0.7583008 0.5170898
v 0.1849703 0.269033 -0.1641557
vt 0.6528993 0.5835867
vn -0.4511719 -0.7587891 0.4689941
vt 0.6330584 0.5859375
vn -0.5146484 -0.6992188 0.4958496
vt 0.6528974 0.5859375
vn -0.4897461 -0.7084961 0.5073242
v 0.1550197 0.2683321 -0.1920219
vt 0.6750924 0.5835867
vn -0.4160156 -0.7583008 0.5014648
vt 0.6951218 0.5859375
vn -0.4399414 -0.6972656 0.5649414
vt 0.6751044 0.5859375
vn -0.453125 -0.7080078 0.5415039
v 0.0584085 0.362117 0.1933355
vt 0.6037601 0.03948021
vn 0.9599609 0.2174072 -0.1763916
vt 0.6094008 0.02544206
vn 0.9672852 0.1638184 -0.1917725
vt 0.6243256 0.03194171
vn 0.9643555 0.1971436 -0.1763916
v 0.06207089 0.3408465 0.1874572
vt 0.5964814 0.02953792
vn 0.9594727 0.1549072 -0.2335205
vt 0.6008573 0.01697791
vn 0.9672852 0.03041077 -0.2500305
v 0.05838834 0.3242607 0.1754798
vt 0.59375 0.0183177
vn 0.949707 0.04876709 -0.309082
v 0.06976286 0.3388681 0.2263228
vt 0.5813321 0.04537988
vn 0.9604492 0.2402344 -0.1402588
v 0.06809139 0.3065976 0.1980949
vt 0.578125 0.02205175
vn 0.9492188 0.04983521 -0.3103027
v 0.07197871 0.322962 0.212602
vt 0.5792882 0.03405231
vn 0.9633789 0.1503906 -0.2218018
v 0.0767777 0.2856852 0.2235967
vt 0.5598154 0.02576715
vn 0.96875 0.01948547 -0.2468262
v 0.08031385 0.3015896 0.2392496
vt 0.56072 0.03785205
vn 0.9804688 0.116272 -0.1564941
v 0.07802294 0.3169286 0.2543567
vt 0.5616325 0.04950386
vn 0.9755859 0.2069092 -0.07019043
v 0.08100235 0.2674123 0.2441656
vt 0.5447779 0.02816427
vn 0.9863281 -0.1134033 -0.1166992
v 0.08456272 0.2816145 0.2615071
vt 0.5449013 0.04013413
vn 0.9995117 -0.01655579 -0.01545715
v 0.08237369 0.2973059 0.2775149
vt 0.5451455 0.05200952
vn 0.9946289 0.06445313 0.07611084
v 0.08023914 0.2786989 0.2643406
vt 0.5423868 0.04021758
vn 0.2243652 -0.7197266 0.6567383
v 0.07689397 0.2644982 0.2469983
vt 0.5411277 0.02811104
vn 0.2186279 -0.7646484 0.605957
v 0.07813542 0.2943908 0.280348
vt 0.5422935 0.05223948
vn 0.196167 -0.6821289 0.7041016
v 0.04078308 0.2740688 0.2677622
vt 0.5218502 0.03977531
vn 0.08398438 -0.7265625 0.6816406
v 0.03983194 0.2584419 0.2494462
vt 0.5216118 0.02648836
vn 0.08850098 -0.7626953 0.6401367
v 0.04138503 0.2952016 0.2881044
vt 0.5224494 0.05593687
vn 0.07427979 -0.6933594 0.7163086
v 1.887786E-21 0.2731061 0.2685156
vt 0.5 0.03970391
vn 0 -0.7216797 0.6914063
v 1.88831E-21 0.2568257 0.2498297
vt 0.5 0.02602893
vn 0 -0.7573242 0.6523438
v 1.88698E-21 0.2958173 0.2902409
vt 0.5 0.05705136
vn 0 -0.6923828 0.7211914
v -0.03983194 0.2584419 0.2494462
vt 0.4783882 0.02648836
vn -0.08850098 -0.7626953 0.6401367
v -0.04138503 0.2952016 0.2881044
vt 0.4775506 0.05593687
vn -0.07427979 -0.6933594 0.7163086
v -0.04078308 0.2740688 0.2677622
vt 0.4781498 0.03977531
vn -0.08398438 -0.7265625 0.6816406
v -0.07689397 0.2644982 0.2469983
vt 0.4588723 0.02811104
vn -0.2186279 -0.7646484 0.605957
v -0.07813542 0.2943908 0.280348
vt 0.4577065 0.05223948
vn -0.196167 -0.6821289 0.7041016
v -0.08023914 0.2786989 0.2643406
vt 0.4576132 0.04021758
vn -0.2243652 -0.7197266 0.6567383
v -0.08100235 0.2674123 0.2441656
vt 0.4552221 0.02816427
vn -0.9863281 -0.1134033 -0.1166992
v -0.08237369 0.2973059 0.2775149
vt 0.4548545 0.05200952
vn -0.9946289 0.06445313 0.07611084
v -0.08456272 0.2816145 0.2615071
vt 0.4550987 0.04013413
vn -0.9995117 -0.01655579 -0.01545715
v -0.07802294 0.3169286 0.2543567
vt 0.4383675 0.04950386
vn -0.9755859 0.2069092 -0.07019043
v -0.08031385 0.3015896 0.2392496
vt 0.43928 0.03785205
vn -0.9804688 0.116272 -0.1564941
v -0.0767777 0.2856852 0.2235967
vt 0.4401846 0.02576715
vn -0.96875 0.01948547 -0.2468262
v -0.06976286 0.3388681 0.2263228
vt 0.4186679 0.04537988
vn -0.9604492 0.2402344 -0.1402588
v -0.07197871 0.322962 0.212602
vt 0.4207118 0.03405231
vn -0.9633789 0.1503906 -0.2218018
v -0.06809139 0.3065976 0.1980949
vt 0.421875 0.02205175
vn -0.9492188 0.04983521 -0.3103027
v -0.06207089 0.3408465 0.1874572
vt 0.4035186 0.02953792
vn -0.9594727 0.1549072 -0.2335205
v -0.05838834 0.3242607 0.1754798
vt 0.40625 0.0183177
vn -0.949707 0.04876709 -0.309082
v -0.05668933 0.331912 0.1655601
vt 0.3991427 0.01697791
vn -0.9672852 0.03041077 -0.2500305
v -0.0584085 0.362117 0.1933355
vt 0.3962399 0.03948021
vn -0.9599609 0.2174072 -0.1763916
v -0.05544001 0.3536558 0.1676511
vt 0.3905992 0.02544206
vn -0.9672852 0.1638184 -0.1917725
v -0.04886546 0.3810965 0.1602616
vt 0.3756744 0.03194171
vn -0.9643555 0.1971436 -0.1763916
vt 0.7539063 0.5479026
vn -0.2885742 -0.871582 -0.3959961
vt 0.7286339 0.5585938
vn -0.1785889 -0.8632813 -0.4719238
vt 0.7314193 0.5418273
vn -0.1835938 -0.8745117 -0.447998
v 0.09137737 0.3352781 0.1346351
vt 0.7539063 0.5585938
vn -0.310791 -0.862793 -0.3979492
vt 0.73039 0.5696395
vn -0.3146973 -0.8496094 -0.4221191
vt 0.7773438 0.5485212
vn -0.3527832 -0.8691406 -0.3452148
v 0.1040642 0.3237688 0.1480781
vt 0.7539063 0.5696395
vn -0.3398438 -0.8466797 -0.4084473
vt 0.7309172 0.5789287
vn -0.3586426 -0.8120117 -0.4594727
v 0.1236322 0.3350689 0.1052614
vt 0.7773438 0.5585938
vn -0.369873 -0.8554688 -0.3623047
vt 0.8007025 0.5525401
vn -0.4399414 -0.8740234 -0.2041016
vt 0.7980448 0.5439829
vn -0.4094238 -0.8916016 -0.192749
vt 0.8007026 0.5696395
vn -0.3999023 -0.8422852 -0.361084
v 0.1358158 0.3237689 0.118679
vt 0.7773438 0.5696395
vn -0.3833008 -0.8432617 -0.3762207
vt 0.8003714 0.5789287
vn -0.4306641 -0.8120117 -0.3928223
v 0.1142246 0.3141954 0.1587049
vt 0.7539063 0.5789287
vn -0.3769531 -0.8129883 -0.4431152
vt 0.7316189 0.5976563
vn -0.3845215 -0.7832031 -0.487793
v 0.1456306 0.3141954 0.1296258
vt 0.7773438 0.5789287
vn -0.4128418 -0.8129883 -0.409668
vt 0.7997664 0.5976563
vn -0.4567871 -0.7832031 -0.4208984
v 0.1343487 0.2923964 0.1798844
vt 0.7539063 0.5976563
vn -0.402832 -0.7841797 -0.4714355
vt 0.7327804 0.6149847
vn -0.4042969 -0.7592773 -0.5092773
v 0.1652014 0.2923964 0.1513176
vt 0.7773438 0.5976563
vn -0.439209 -0.7841797 -0.4379883
vt 0.7988118 0.6149847
vn -0.4770508 -0.7592773 -0.4423828
v 0.1512994 0.2718961 0.1973586
vt 0.7545716 0.6150297
vn -0.4243164 -0.7578125 -0.4946289
vt 0.7349498 0.6171875
vn -0.4475098 -0.6982422 -0.5581055
vt 0.7547352 0.6171874
vn -0.4606934 -0.7080078 -0.534668
v 0.1813217 0.2718961 0.1695607
vt 0.7767766 0.6149847
vn -0.4604492 -0.7578125 -0.4611816
vt 0.7965547 0.6171875
vn -0.5219727 -0.6982422 -0.4890137
vt 0.7767762 0.6171875
vn -0.4975586 -0.7080078 -0.5004883
v 3.741008E-11 0.4363971 -0.07132855
vt 0.7456723 0.8866792
vn 0 0.3779297 -0.925293
v 0.03695119 0.3787824 -0.08382189
vt 0.7850195 0.8859807
vn 0.3486328 0.3630371 -0.8637695
v 9.486769E-22 0.3787825 -0.09247234
vt 0.7751677 0.9050215
vn 0 0.3835449 -0.9233398
v 0.04026311 0.4362996 -0.05611984
vt 0.7557571 0.8648219
vn 0.5336914 0.3754883 -0.7573242
v 1.355253E-22 0.469016 -0.05837476
vt 0.7287669 0.8760669
vn 0 0.3720703 -0.9277344
v 0.06560811 0.3787824 -0.06236742
vt 0.7916324 0.8668331
vn 0.6953125 0.3691406 -0.6162109
v 0.03359811 0.4685476 -0.04606269
vt 0.7371115 0.8581669
vn 0.5615234 0.3632813 -0.7431641
v 9.486769E-22 0.5088639 -0.04179462
vt 0.7079397 0.8626925
vn 0 0.3808594 -0.9243164
v 0.06735142 0.4366782 -0.02072589
vt 0.7615337 0.8404049
vn 0.8779297 0.3825684 -0.286377
v 0.08124493 0.3787824 -0.04116745
vt 0.7950138 0.8522744
vn 0.78125 0.3691406 -0.5024414
v 0.09027705 0.3787824 -0.01423308
vt 0.796875 0.8362677
vn 0.9287109 0.3649902 -0.06335449
v 0.05492965 0.4680113 -0.01698441
vt 0.7419016 0.8381817
vn 0.8808594 0.3674316 -0.2973633
v 0.02424269 0.5087613 -0.03322583
vt 0.7140973 0.8498176
vn 0.5581055 0.3723145 -0.7412109
v 0 0.5544241 -0.02284579
vt 0.6844627 0.8470492
vn 0 0.3850098 -0.9228516
v 0.03978577 0.5084301 -0.01230563
vt 0.7176409 0.8353965
vn 0.8789063 0.3710938 -0.2980957
v 0.01324343 0.5544786 -0.0181592
vt 0.68792 0.8400292
vn 0.5527344 0.3796387 -0.7412109
v 9.486769E-22 0.5861065 -0.009438169
vt 0.6683009 0.8358764
vn 0 0.3898926 -0.9204102
v 0.0217086 0.5542839 -0.006717205
vt 0.6899097 0.8321257
vn 0.8735352 0.3811035 -0.3012695
v 0.005288882 0.5861515 -0.007540255
vt 0.6697794 0.8330034
vn 0.5498047 0.3842773 -0.7412109
v 9.839191E-22 0.5935895 -0.006328271
vt 0.6644402 0.8329911
vn 0 0.3916016 -0.9199219
v 0.008920937 0.5861843 -0.002881405
vt 0.6706345 0.8297727
vn 0.8686523 0.388916 -0.3063965
v 0.003509281 0.5935895 -0.005002177
vt 0.6655491 0.8311633
vn 0.5541992 0.390625 -0.734375
v 0.003068969 0.5954489 -0.004396955
vt 0.6646303 0.8306639
vn 0.5043945 0.5395508 -0.6733398
v 9.839191E-22 0.5961511 -0.00511514
vt 0.6631433 0.8318124
vn 0 0.6376953 -0.7695313
v 0.005868981 0.5935895 -0.001895648
vt 0.6661885 0.8291529
vn 0.862793 0.423584 -0.2751465
v 0.003446225 0.5974974 -0.00195071
vt 0.6640625 0.8291936
vn 0.605957 0.753418 -0.2541504
v 9.839191E-22 0.5985993 -0.002083091
vt 0.6619198 0.8292555
vn 0 0.9501953 -0.3112793
v 0.003467247 0.5975598 0.001904465
vt 0.6640625 0.8271413
vn 0.6040039 0.7607422 0.2358398
v 3.86368E-10 0.5987087 0.002010716
vt 0.6619198 0.8269506
vn 0 0.9570313 0.2885742
v 9.839191E-22 0.5961511 0.00511514
vt 0.6631439 0.8244928
vn 0 0.6303711 0.7758789
v 0.005919378 0.5935895 0.001958164
vt 0.6662014 0.8271257
vn 0.8657227 0.4277344 0.2592773
v 0.003160505 0.5955684 0.004373262
vt 0.6646083 0.8256912
vn 0.4990234 0.5415039 0.6762695
v 9.839191E-22 0.5935895 0.006328271
vt 0.6644353 0.8233078
vn 0 0.4035645 0.9145508
v 0.003595752 0.5935895 0.004937439
vt 0.6655704 0.8251853
vn 0.5507813 0.3977051 0.7333984
v 0.008997542 0.5861843 0.002976429
vt 0.6706519 0.8264902
vn 0.8754883 0.3977051 0.2739258
v 0.005465591 0.5861843 0.007504981
vt 0.6698067 0.8233712
vn 0.5419922 0.3964844 0.7402344
v 9.71855E-22 0.5861843 0.009619055
vt 0.6682934 0.8204135
vn 0 0.3981934 0.9169922
v 0.02208747 0.5543633 0.007030356
vt 0.6899526 0.8240886
vn 0.8813477 0.3823242 0.2758789
v 0.0139443 0.5547422 0.01843153
vt 0.687992 0.8164569
vn 0.5454102 0.380127 0.746582
v 9.631475E-22 0.5545353 0.02311128
vt 0.6844575 0.8092289
vn 0 0.3793945 0.9248047
v 0.0399347 0.5083276 0.01269632
vt 0.7177169 0.8207666
vn 0.8852539 0.3718262 0.2788086
v 0.02509419 0.5089424 0.03315621
vt 0.7142254 0.8068445
vn 0.5473633 0.3723145 0.7490234
v 9.732301E-22 0.5089917 0.04151934
vt 0.7079352 0.7935979
vn 0 0.3723145 0.9277344
v 0 0.4687129 0.05759373
vt 0.7287294 0.7802399
vn 0 0.3706055 0.9287109
v 0.03482945 0.4688069 0.04600987
vt 0.7372626 0.7986414
vn 0.5507813 0.3691406 0.7480469
v 0 0.4363346 0.07060192
vt 0.745599 0.7696069
vn 0 0.3791504 0.9248047
v 0.05506123 0.4681632 0.0173621
vt 0.7419982 0.8179294
vn 0.8857422 0.3674316 0.2822266
v 0.04261746 0.4362323 0.05627151
vt 0.7559053 0.7920862
vn 0.5332031 0.3779297 0.7563477
v 9.486769E-22 0.3787825 0.09247234
vt 0.7750651 0.7512285
vn 0 0.3835449 0.9233398
v 0.03695119 0.3787824 0.08382189
vt 0.7849368 0.7702599
vn 0.3378906 0.359375 0.8696289
v 0.06813522 0.3787824 0.06047546
vt 0.7921556 0.7910845
vn 0.7148438 0.3601074 0.5986328
v 0.06712203 0.435259 0.02139598
vt 0.7616434 0.8156527
vn 0.8837891 0.3803711 0.2719727
v 0.0827178 0.3787824 0.03899821
vt 0.7952952 0.805453
vn 0.7924805 0.3708496 0.4836426
v 0.09027705 0.3787824 0.01822936
vt 0.7968649 0.8178738
vn 0.9257813 0.3708496 0.0723877
v 0.09157366 0.4027728 -0.04956391
vt 0.8335978 0.9679105
vn -0.7700195 0.5556641 0.3117676
vt 0.8499467 0.9812421
vn -0.6118164 0.269043 0.7436523
vt 0.8348834 0.9827532
vn -0.8486328 0.3381348 0.4055176
v 0.06907184 0.4070246 -0.06784926
vt 0.8504013 0.9648438
vn -0.484375 0.5791016 0.6552734
vt 0.828125 0.9508268
vn -0.5205078 0.8041992 0.2851563
vt 0.870449 0.9813597
vn -0.4609375 0.3007813 0.8344727
v 0.08866842 0.4365527 -0.09426782
vt 0.849765 0.9414063
vn -0.3427734 0.7783203 0.5249023
v 0.1230658 0.4349426 -0.07248019
vt 0.828125 0.9414063
vn -0.3200684 0.7880859 0.5253906
v 0.03798025 0.4074241 -0.0897671
vt 0.8725817 0.9648438
vn -0.4125977 0.6132813 0.6728516
vt 0.8919312 0.9840199
vn 0 0.4074707 0.9130859
v 9.486769E-22 0.4077438 -0.1118176
vt 0.8980155 0.9648438
vn 0 0.7133789 0.7001953
v 0.05513866 0.4365526 -0.1173177
vt 0.8731033 0.9414063
vn -0.3623047 0.7802734 0.5087891
v 0.01853547 0.4352782 -0.1446592
vt 0.8997267 0.9407018
vn -0.3642578 0.7885742 0.494873
v 0.03592848 0.4561084 -0.1667888
vt 0.8985844 0.921875
vn -0.362793 0.8203125 0.4414063
v 0.0711278 0.4576104 -0.1405765
vt 0.8731033 0.921875
vn -0.34375 0.8208008 0.4553223
v 0.0535191 0.4751598 -0.1905121
vt 0.8979236 0.9023438
vn -0.333252 0.8554688 0.395752
v 0.1046576 0.4576104 -0.1175266
vt 0.8497038 0.921875
vn -0.3007813 0.8208008 0.4853516
v 0.139055 0.4560003 -0.09573895
vt 0.828125 0.921875
vn -0.2783203 0.8198242 0.500061
v 0.08788221 0.4767215 -0.1649485
vt 0.8731033 0.9023438
vn -0.3134766 0.855957 0.4101563
v 0.0720709 0.4925731 -0.2154604
vt 0.8968806 0.8828125
vn -0.3056641 0.8833008 0.354248
v 0.121412 0.4767215 -0.1418986
vt 0.8496819 0.9023438
vn -0.2702637 0.855957 0.4401855
v 0.1558094 0.4751115 -0.120111
vt 0.828125 0.9023438
vn -0.2479248 0.8549805 0.4545898
v 0.1055102 0.4941774 -0.1905912
vt 0.8731033 0.8828125
vn -0.2851563 0.8842773 0.3691406
v 0.1390399 0.4941773 -0.1675413
vt 0.8496569 0.8828125
vn -0.2423096 0.8842773 0.3989258
v 0.1734373 0.4925673 -0.1457537
vt 0.828125 0.8828125
vn -0.2202148 0.8833008 0.4130859
v 0.1220033 0.5084544 -0.2145831
vt 0.8731033 0.8653121
vn -0.2666016 0.9008789 0.342041
v 0.0893413 0.5068444 -0.2388952
vt 0.8964258 0.8653121
vn -0.2888184 0.8989258 0.3291016
v 0.09454929 0.5083101 -0.2395797
vt 0.8941761 0.8632813
vn -0.2470703 0.9316406 0.2658691
v 0.1239942 0.5099203 -0.2174792
vt 0.8731033 0.8632813
vn -0.2324219 0.9272461 0.2919922
v 0.155533 0.5084543 -0.1915332
vt 0.8496338 0.8653121
vn -0.223877 0.9003906 0.3718262
v 0.1899305 0.5068444 -0.1697455
vt 0.828125 0.8653121
vn -0.2036133 0.8984375 0.3881836
v 0.157524 0.5099203 -0.1944294
vt 0.8496207 0.8632813
vn -0.1893311 0.9272461 0.3215332
v 0.1887043 0.5083101 -0.1748532
vt 0.8300428 0.8632813
vn -0.15979 0.9316406 0.3259277
vt 0.303338 0.09854519
vt 0.3008425 0.08920759
vn -0.4111328 -0.1663818 0.8959961
vt 0.3180773 0.0941112
v -0.01448056 0.05511452 0.03818223
vt 0.315789 0.08570915
vn -0.4111328 -0.1772461 0.894043
vt 0.2983961 0.07651192
vn -0.737793 -0.166748 0.6538086
vt 0.3328801 0.08940035
v -0.03056612 0.05511452 0.02707923
vt 0.313576 0.0743295
vn -0.7363281 -0.1776123 0.6523438
v -0.01270469 0.02929336 0.03349964
vt 0.3307919 0.08204919
vn -0.4091797 -0.2004395 0.8896484
vt 0.3471175 0.08437383
vt 0.2970734 0.06361473
vn -0.9570313 -0.166748 0.2358398
v -0.01070203 0.003472211 0.02821903
vt 0.3456331 0.07819217
vn -0.3959961 -0.3164063 0.8618164
v -0.03964924 0.05511451 0.009772698
vt 0.312417 0.06280589
vn -0.9550781 -0.1776123 0.2354736
v -0.02681755 0.02929336 0.02375828
vt 0.3288069 0.07207829
vn -0.7329102 -0.2008057 0.6494141
v -0.02259026 0.003472209 0.02001322
vt 0.3441136 0.06973785
vn -0.7104492 -0.3137207 0.6293945
v -0.03964924 0.05511451 -0.009772697
vt 0.3123291 0.05122775
vn -0.9550781 -0.1776123 -0.2354736
v -0.03478673 0.02929336 0.008574193
vt 0.3277771 0.06197751
vn -0.9506836 -0.2008057 0.234375
v -0.02930325 0.003472213 0.007222625
vt 0.3433064 0.06113034
vn -0.9204102 -0.3171387 0.2268066
vt 0.2970042 0.05064112
vn -0.9570313 -0.166748 -0.2358398
v -0.03478673 0.02929336 -0.008574194
vt 0.3277031 0.05182856
vn -0.9506836 -0.2008057 -0.234375
v -0.02930325 0.003472213 -0.007222626
vt 0.3432666 0.05249614
vn -0.9204102 -0.3171387 -0.2268066
v -0.02259025 0.003472211 -0.02001322
vt 0.3439791 0.04384887
vn -0.7104492 -0.3137207 -0.6293945
v -0.02681755 0.02929336 -0.02375829
vt 0.3285818 0.04171318
vn -0.7329102 -0.2008057 -0.6494141
v -0.01070203 0.003472212 -0.02821903
vt 0.3455019 0.03536302
vn -0.3959961 -0.3164063 -0.8618164
v -0.03056612 0.05511452 -0.02707923
vt 0.3133204 0.03968769
vn -0.7363281 -0.1776123 -0.6523438
vt 0.2981125 0.03772777
vn -0.737793 -0.166748 -0.6538086
v -0.01270469 0.02929336 -0.03349964
vt 0.3304187 0.03171366
vn -0.4091797 -0.2004395 -0.8896484
vt 0.3471174 0.02913862
vt 0.3323976 0.02433228
v -0.01448056 0.05511452 -0.03818223
vt 0.3153651 0.02827626
vn -0.4111328 -0.1772461 -0.894043
vt 0.3003693 0.02499813
vn -0.4111328 -0.1663818 -0.8959961
vt 0.3175288 0.01984113
vt 0.3027264 0.015625
vt 0.4145016 0.8984375
vt 0.41333 0.9046772
vt 0.411564 0.8984375
v -0.009665349 0.001915877 0.02366871
vt 0.4105539 0.9040757
vn -0.06750488 -0.9853516 0.1534424
vt 0.4086053 0.9117875
vt 0.4026405 0.8984375
v -0.01910331 0.001915872 0.01678609
vt 0.4065776 0.9096433
vn -0.175415 -0.972168 0.1525879
vt 0.4010117 0.9158498
v -0.01328422 0.0008731828 0.008742961
vt 0.4020645 0.90625
vn -0.0484314 -0.9980469 0.02618408
v -0.0245781 0.001915874 0.006057976
vt 0.4002751 0.9129142
vn -0.1767578 -0.9833984 0.0335083
vt 0.3923838 0.9158491
v -0.01328422 0.0008731828 -0.008742961
vt 0.3913184 0.90625
vn -0.0484314 -0.9980469 -0.02618408
vt 0.3907772 0.8984375
v -0.0245781 0.001915874 -0.006057976
vt 0.3931202 0.9129146
vn -0.1767578 -0.9833984 -0.0335083
v -0.01910331 0.001915872 -0.01678609
vt 0.386817 0.9096431
vn -0.175415 -0.972168 -0.1525879
vt 0.3847901 0.9117875
v -0.009665349 0.001915877 -0.02366871
vt 0.3828456 0.9040717
vn -0.06750488 -0.9853516 -0.1534424
vt 0.3817927 0.8984375
vt 0.3800595 0.9046929
vt 0.3788218 0.8984375
vt 0.01953125 0.3701568
vn -0.8984375 0.2143555 -0.3825684
vt 0.02561772 0.3614303
vn -0.8969727 0.1917725 -0.3974609
v -0.1275178 0.2218323 0.1369773
vt 0.02908456 0.3716376
vn -0.9125977 0.1973877 -0.3574219
v -0.1281209 0.2056671 0.1295366
vt 0.0327574 0.3625149
vn -0.9130859 0.1625977 -0.373291
vt 0.03125 0.3524777
vn -0.8911133 0.1383057 -0.4311523
v -0.1376198 0.2051253 0.1553856
vt 0.0435878 0.3730051
vn -0.9296875 0.1706543 -0.3259277
v -0.1269591 0.1897033 0.1220137
vt 0.03612387 0.3533061
vn -0.9091797 0.1174927 -0.3986816
v -0.1369341 0.190717 0.1459585
vt 0.04570818 0.3638531
vn -0.9267578 0.1340332 -0.3496094
v -0.1458972 0.18927 0.1720504
vt 0.05699289 0.3740541
vn -0.9379883 0.1489258 -0.3122559
v -0.1341813 0.1770003 0.1357897
vt 0.04687512 0.3544649
vn -0.9208984 0.09509277 -0.3769531
v -0.1446824 0.175618 0.1618777
vt 0.05843085 0.3648935
vn -0.9331055 0.1134644 -0.3400879
v -0.1411938 0.1629968 0.1504917
vt 0.05859387 0.3554688
vn -0.9257813 0.07617188 -0.3691406
v -0.1547127 0.1706709 0.1898523
vt 0.07210869 0.3749948
vn -0.9697266 0.06976318 -0.2331543
v -0.1486106 0.1464452 0.1661233
vt 0.07210869 0.3554688
vn -0.9526367 -0.01457977 -0.3029785
v -0.1529127 0.157855 0.1788551
vt 0.07245088 0.3653722
vn -0.9658203 0.01760864 -0.2580566
v -0.1527826 0.167363 0.193925
vt 0.07496876 0.3749948
vn -0.4772949 -0.6079102 0.6337891
v -0.1466883 0.1431386 0.1701926
vt 0.07486641 0.3554688
vn -0.4440918 -0.737793 0.5078125
v -0.1509658 0.1545176 0.1829756
vt 0.07529104 0.3653441
vn -0.4614258 -0.6787109 0.5703125
v -0.1133796 0.1391265 0.1859204
vt 0.09566212 0.3554688
vn -0.3608398 -0.7529297 0.5493164
v -0.1172546 0.1504344 0.1988773
vt 0.09567469 0.3655229
vn -0.380127 -0.6928711 0.6123047
v -0.1194142 0.1633403 0.2096785
vt 0.09566212 0.3750026
vn -0.3964844 -0.6269531 0.6699219
v -0.08227935 0.1567889 0.2257251
vt 0.119173 0.3749974
vn -0.4025879 -0.6259766 0.6674805
v -0.07974051 0.1438162 0.2150877
vt 0.1191519 0.3654416
vn -0.3911133 -0.690918 0.6074219
v -0.07631067 0.1325868 0.2019384
vt 0.119173 0.3554688
vn -0.3764648 -0.7504883 0.5424805
v -0.04850403 0.1489662 0.2389855
vt 0.1389521 0.3749948
vn -0.3195801 -0.6357422 0.7021484
v -0.04562236 0.1359329 0.2284962
vt 0.139672 0.3653551
vn -0.3051758 -0.706543 0.6381836
v -0.042595 0.1247745 0.215173
vt 0.1398216 0.3554688
vn -0.2888184 -0.7651367 0.574707
v -0.04048101 0.1380198 0.2274387
vt 0.1427813 0.3653722
vn 0.8115234 -0.2858887 0.5087891
v -0.04341595 0.1510359 0.2379455
vt 0.1427813 0.3749948
vn 0.8139648 -0.2332764 0.53125
v -0.03751473 0.1268457 0.2141296
vt 0.1427813 0.3554688
vn 0.8227539 -0.3215332 0.4680176
v -0.02811898 0.1558594 0.2111553
vt 0.1570904 0.3648465
vn 0.8696289 -0.1964111 0.4521484
v -0.02629169 0.1427342 0.2002137
vt 0.1562501 0.3554688
vn 0.8730469 -0.2357178 0.4262695
v -0.03066917 0.1698822 0.2205344
vt 0.1586854 0.37408
vn 0.8652344 -0.1602783 0.4748535
v -0.01583675 0.156138 0.1870635
vt 0.1679688 0.3544797
vn 0.8706055 -0.208374 0.4453125
v -0.01663393 0.1710277 0.1958638
vt 0.1703854 0.3636842
vn 0.8706055 -0.1646729 0.4633789
v -0.01883614 0.1859611 0.2042231
vt 0.1726552 0.3728905
vn 0.8701172 -0.1273193 0.4753418
v -0.00615327 0.1684314 0.1745571
vt 0.1787151 0.3534903
vn 0.8735352 -0.1724854 0.4543457
v -0.004412316 0.1877136 0.1777481
vt 0.1852992 0.3620641
vn 0.8774414 -0.1231689 0.4626465
vt 0.1854205 0.3520598
vn 0.8754883 -0.1342773 0.463623
v -0.005717143 0.2048653 0.1833236
vt 0.1896695 0.3709816
vn 0.8818359 -0.09265137 0.4616699
vt 0.1910298 0.3612539
vn 0.8857422 -0.0916748 0.4543457
vt 0.1975135 0.3699397
vn 0.890625 -0.06878662 0.4492188
v -0.002747116 0.2386888 -0.1791733
vt 0.0206821 0.493669
vn -0.008460999 0.8481445 -0.5292969
vt 0.04205656 0.4910007
vn -0.02464294 0.8579102 -0.5126953
vt 0.02098954 0.4977102
vn -0.0006594658 0.8608398 -0.5087891
v -0.04453228 0.2422339 -0.1726478
vt 0.0422802 0.4873785
vn -0.03111267 0.8491211 -0.5263672
v -0.01254082 0.2276071 -0.1962058
vt 0.02073646 0.4812187
vn -0.01652527 0.8349609 -0.5493164
vt 0.06431413 0.4907249
vn -0.07098389 0.8686523 -0.4897461
v -0.05194412 0.2348135 -0.1840918
vt 0.04296875 0.4789828
vn -0.04016113 0.8398438 -0.5405273
v -0.02268957 0.2161946 -0.212738
vt 0.02117372 0.46875
vn -0.0295105 0.8164063 -0.5756836
v -0.08304321 0.2491896 -0.1568615
vt 0.06465662 0.487399
vn -0.08154297 0.8603516 -0.5024414
vt 0.0893445 0.497816
vn -0.08135986 0.8803711 -0.4667969
v -0.1208502 0.2604643 -0.1295316
vt 0.08946204 0.4936147
vn -0.09692383 0.8676758 -0.4873047
v -0.1291824 0.2492553 -0.1470143
vt 0.0890913 0.4812589
vn -0.1123657 0.8540039 -0.5073242
v -0.09070298 0.2418597 -0.1680365
vt 0.06549132 0.4790081
vn -0.09210205 0.8500977 -0.5180664
v -0.1370503 0.2371901 -0.1649032
vt 0.08830476 0.46875
vn -0.1297607 0.8354492 -0.5332031
v -0.06131594 0.2241907 -0.1994582
vt 0.04328597 0.4676239
vn -0.05502319 0.8212891 -0.5668945
v -0.03403566 0.2029756 -0.2300142
vt 0.02190173 0.4553431
vn -0.03878784 0.8037109 -0.5932617
v -0.09926019 0.2311014 -0.1836936
vt 0.06554532 0.4676157
vn -0.1066284 0.8310547 -0.5454102
v -0.1452625 0.2232751 -0.1836504
vt 0.08735013 0.4553431
vn -0.1407471 0.8222656 -0.5507813
v -0.07113175 0.2118136 -0.2155157
vt 0.04355645 0.4553431
vn -0.06378174 0.8100586 -0.5820313
v -0.03918037 0.2014506 -0.2315337
vt 0.02394378 0.453125
vn -0.03948975 0.8007813 -0.5966797
v -0.07275166 0.2096452 -0.2185045
vt 0.04355645 0.453125
vn -0.06051636 0.8144531 -0.5761719
v -0.1098632 0.2164182 -0.2030349
vt 0.06553578 0.453125
vn -0.1121216 0.8237305 -0.5546875
v -0.1082074 0.21858 -0.2000611
vt 0.06552172 0.4553431
vn -0.1154175 0.8193359 -0.5605469
v -0.1433935 0.22047 -0.1880934
vt 0.08530068 0.453125
vn -0.144165 0.8198242 -0.5532227
v -0.1274741 0.2262765 0.1275911
vt 0.3085938 0.3817596
vn 0.5205078 -0.8134766 -0.2578125
vt 0.289901 0.3845264
vn 0.5092773 -0.8237305 -0.2475586
vt 0.3085938 0.3765836
vn 0.5107422 -0.8217773 -0.2514648
v -0.1548541 0.2206357 0.08982518
vt 0.282032 0.3891532
vn 0.5268555 -0.8154297 -0.237793
v -0.1424701 0.2149979 0.1322076
vt 0.3082644 0.3921198
vn 0.5356445 -0.8007813 -0.2666016
vt 0.2654967 0.3873634
vn 0.53125 -0.8212891 -0.2054443
v -0.1639045 0.2137107 0.093087
vt 0.282032 0.3957769
vn 0.5463867 -0.800293 -0.2460938
v -0.1560159 0.2043822 0.1358586
vt 0.3071653 0.4023438
vn 0.5727539 -0.7680664 -0.2841797
v -0.1721716 0.2198527 0.04869194
vt 0.2570611 0.3898573
vn 0.546875 -0.8164063 -0.1845703
vt 0.2410844 0.3840907
vn 0.5605469 -0.8105469 -0.1674805
v -0.1812633 0.2227672 0.003910503
vt 0.2304688 0.3845456
vn 0.5639648 -0.8085938 -0.1668701
vt 0.2304688 0.3789063
vn 0.5634766 -0.8085938 -0.1672363
v -0.1929313 0.2134078 0.009730706
vt 0.2309856 0.3936908
vn 0.5751953 -0.7998047 -0.1697998
v -0.1804643 0.2133453 0.05230121
vt 0.2570611 0.3957769
vn 0.5673828 -0.7998047 -0.1933594
v -0.2044912 0.2035099 0.01571864
vt 0.2317345 0.4029338
vn 0.6152344 -0.7661133 -0.18396
v -0.1749855 0.2047186 0.09686245
vt 0.282032 0.4037305
vn 0.5874023 -0.765625 -0.2617188
v -0.1687699 0.1927038 0.1394704
vt 0.3066952 0.4118879
vn 0.6010742 -0.7416992 -0.2958984
v -0.1910144 0.2045098 0.05683558
vt 0.2570611 0.4037305
vn 0.609375 -0.7641602 -0.2097168
v -0.2152806 0.1925417 0.0216423
vt 0.2325469 0.4118879
vn 0.6450195 -0.7382813 -0.1950684
v -0.1853013 0.1946465 0.1005974
vt 0.282032 0.4118879
vn 0.6098633 -0.7441406 -0.2705078
v -0.1731509 0.1901634 0.1369112
vt 0.3043859 0.4140625
vn 0.5830078 -0.7587891 -0.2888184
v -0.1882087 0.1921112 0.1017712
vt 0.282032 0.4140625
vn 0.5844727 -0.7685547 -0.2590332
v -0.2008048 0.1945925 0.06132128
vt 0.2570611 0.4118879
vn 0.6318359 -0.7426758 -0.2193604
v -0.2167299 0.1900116 0.02650995
vt 0.234847 0.4140625
vn 0.6240234 -0.7587891 -0.1856689
v -0.2037277 0.1920572 0.06245593
vt 0.2570611 0.4140625
vn 0.6044922 -0.7685547 -0.2081299
v -0.1307651 0.2186909 -0.125573
vt 0.1171875 0.4934456
vn -0.53125 0.8022461 -0.2705078
vt 0.1332717 0.4930085
vn -0.5200195 0.8120117 -0.2636719
vt 0.1171875 0.4989184
vn -0.5205078 0.8105469 -0.2670898
v -0.1569712 0.2141676 -0.08693571
vt 0.1420336 0.4874844
vn -0.5390625 0.8041992 -0.2502441
v -0.148027 0.2050892 -0.1312076
vt 0.1177478 0.4810813
vn -0.5585938 0.7788086 -0.2841797
vt 0.1559969 0.4905536
vn -0.5522461 0.8017578 -0.2261963
v -0.1687316 0.2048926 -0.09120321
vt 0.142231 0.4790609
vn -0.5708008 0.7768555 -0.2636719
v -0.1641913 0.1908902 -0.1356693
vt 0.1186563 0.4687504
vn -0.5854492 0.753418 -0.2980957
v -0.1731388 0.2149568 -0.04485876
vt 0.1666309 0.4878973
vn -0.5576172 0.8051758 -0.2001953
vt 0.1787449 0.4938229
vn -0.5512695 0.8154297 -0.175293
v -0.181069 0.2198497 0.0009185853
vt 0.1914063 0.493687
vn -0.5664063 0.8037109 -0.180542
vt 0.1914063 0.5
vn -0.5532227 0.8144531 -0.1740723
v -0.1976443 0.2062321 -0.006442286
vt 0.1911433 0.4811866
vn -0.5961914 0.7797852 -0.1894531
v -0.1850487 0.2054226 -0.04964687
vt 0.1665894 0.4790609
vn -0.5908203 0.777832 -0.2125244
v -0.2125468 0.1920041 -0.01407718
vt 0.1902171 0.4687504
vn -0.6254883 0.7543945 -0.1976318
v -0.1990404 0.1923136 -0.05568068
vt 0.166327 0.46875
vn -0.6166992 0.7548828 -0.22229
v -0.2296811 0.175384 -0.02291795
vt 0.1891005 0.4553196
vn -0.6289063 0.7509766 -0.1992188
v -0.183041 0.1918623 -0.09619417
vt 0.1425192 0.46875
vn -0.5961914 0.7543945 -0.2736816
v -0.1827869 0.1743039 -0.1408357
vt 0.1196181 0.4552906
vn -0.5893555 0.75 -0.2990723
v -0.21512 0.1769894 -0.06266749
vt 0.165685 0.4553452
vn -0.6191406 0.7519531 -0.223999
v -0.2310583 0.1727294 -0.02774744
vt 0.1870123 0.4531254
vn -0.6401367 0.7412109 -0.2017822
v -0.2179833 0.1743691 -0.06376013
vt 0.1656533 0.453125
vn -0.6206055 0.7509766 -0.2243652
v -0.2023367 0.1740087 -0.1031042
vt 0.1428301 0.4531254
vn -0.6005859 0.7504883 -0.2751465
v -0.1994886 0.1766293 -0.1019734
vt 0.1428342 0.4553435
vn -0.5991211 0.7519531 -0.2741699
v -0.1871211 0.1717175 -0.1382295
vt 0.121853 0.4531254
vn -0.5991211 0.7402344 -0.3046875
vt 0.4233185 0.3113485
vn -0.9228516 0.1879883 0.3354492
vt 0.4218093 0.3019152
vn -0.9160156 0.1617432 0.3666992
vt 0.4276476 0.3107812
vn -0.9145508 0.1970215 0.3527832
v -0.123815 0.2414623 -0.1272946
vt 0.4179372 0.3022177
vn -0.9233398 0.1483154 0.3532715
vt 0.4149891 0.2929688
vn -0.9145508 0.08325195 0.3955078
vt 0.4109247 0.3121043
vn -0.9326172 0.1781006 0.3127441
v -0.1258437 0.2208978 -0.1274483
vt 0.4111933 0.2930505
vn -0.9169922 0.09515381 0.387207
v -0.1311773 0.2315813 -0.1428311
vt 0.4069948 0.3028602
vn -0.9321289 0.1396484 0.3330078
vt 0.3984375 0.3124995
vn -0.9414063 0.1658936 0.2919922
v -0.1316645 0.2135706 -0.1389173
vt 0.4030366 0.2934721
vn -0.9301758 0.09429932 0.354248
v -0.1378614 0.2211094 -0.1583786
vt 0.3960487 0.3033399
vn -0.9414063 0.1290283 0.3110352
vt 0.3849362 0.3125
vn -0.9765625 0.0947876 0.1907959
v -0.136683 0.2053166 -0.1510189
vt 0.3945313 0.2938915
vn -0.9384766 0.08416748 0.3347168
v -0.1448114 0.2088933 -0.1746292
vt 0.3849362 0.3035199
vn -0.9790039 0.034729 0.199707
v -0.141857 0.1954653 -0.1635953
vt 0.3849362 0.2938936
vn -0.9716797 -0.01266479 0.2353516
vt 0.3818729 0.3125
vn -0.4882813 -0.4724121 -0.7333984
v -0.1399958 0.1926616 -0.1680351
vt 0.3818729 0.2939603
vn -0.4694824 -0.621582 -0.6269531
v -0.1429256 0.2060648 -0.1791232
vt 0.3818729 0.3035199
vn -0.4797363 -0.5527344 -0.6806641
v -0.1065251 0.1886208 -0.1829517
vt 0.3624257 0.2945622
vn -0.3850098 -0.6367188 -0.6674805
v -0.1090527 0.2019505 -0.1942075
vt 0.3624257 0.3035199
vn -0.3974609 -0.5668945 -0.7211914
vt 0.3624257 0.3125
vn -0.4067383 -0.4921875 -0.769043
vt 0.3403944 0.3125
vn -0.4128418 -0.4909668 -0.7666016
v -0.07156223 0.1951083 -0.2098351
vt 0.3403504 0.3035199
vn -0.4084473 -0.5644531 -0.7167969
v -0.0694795 0.1818597 -0.1983937
vt 0.3403944 0.2945622
vn -0.4008789 -0.6337891 -0.6611328
vt 0.3210062 0.3125
vn -0.3286133 -0.5014648 -0.7998047
v -0.03764834 0.1868512 -0.223007
vt 0.3210062 0.3035199
vn -0.3222656 -0.581543 -0.746582
v -0.03596784 0.1736759 -0.2113981
vt 0.3210062 0.2940582
vn -0.3125 -0.6499023 -0.6923828
v -0.03245034 0.1883868 -0.2214658
vt 0.3179957 0.3035199
vn 0.7836914 -0.2851563 -0.5507813
v -0.03083091 0.1752025 -0.2098754
vt 0.3179957 0.2940168
vn 0.784668 -0.345459 -0.5141602
vt 0.3179957 0.3125
vn 0.796875 -0.2142334 -0.5639648
v -0.02219331 0.184386 -0.1987994
vt 0.3087248 0.293888
vn 0.855957 -0.260498 -0.4458008
v -0.02185593 0.1997517 -0.207101
vt 0.3070405 0.3033157
vn 0.8603516 -0.1861572 -0.4741211
vt 0.3045996 0.3125
vn 0.8588867 -0.1151123 -0.4980469
v -0.01392648 0.1920137 -0.1881052
vt 0.3007813 0.2933875
vn 0.8544922 -0.2255859 -0.4672852
v -0.01175387 0.2094253 -0.1933223
vt 0.2965 0.3027177
vn 0.8613281 -0.1317139 -0.4904785
vt 0.292218 0.3116888
vn 0.8642578 -0.05093384 -0.4997559
v -0.004925385 0.1990578 -0.1771092
vt 0.2919328 0.2929688
vn 0.8525391 -0.1689453 -0.4941406
v -0.002918703 0.2190463 -0.1787031
vt 0.2857251 0.3019434
vn 0.8618164 -0.07519531 -0.5009766
vt 0.2872967 0.2929688
vn 0.8217773 -0.1069336 -0.559082
vt 0.2796442 0.3107575
vn 0.8740234 -0.01663208 -0.4851074
vt 0.2824173 0.3013877
vn 0.8598633 -0.03952026 -0.5083008
vt 0.2755855 0.3102253
vn 0.8808594 0.004386902 -0.4726563
vt 0.421875 0.3476563
vn -0.3852539 0.04309082 0.9213867
vt 0.415625 0.3486568
vn -0.4060059 0.02973938 0.9130859
vt 0.41594 0.3398437
vn -0.3791504 0.01629639 0.9248047
v -0.176646 0.2020085 0.003386783
vt 0.4111317 0.3404691
vn -0.3945313 -0.00611496 0.918457
vt 0.4090087 0.3303212
vn -0.3642578 -0.04638672 0.9296875
vt 0.4031085 0.3503953
vn -0.4348145 0.01329041 0.8999023
v -0.1729983 0.1827803 0.003752696
vt 0.4048798 0.3308418
vn -0.3693848 -0.05206299 0.9277344
v -0.1926645 0.1889443 -0.003755168
vt 0.3990064 0.341288
vn -0.4169922 -0.02394104 0.9082031
vt 0.390625 0.3508317
vn -0.4584961 -0.004085541 0.8881836
v -0.1868991 0.1715062 -0.002463873
vt 0.3945313 0.3320313
vn -0.3945313 -0.06604004 0.9160156
v -0.205546 0.1764992 -0.0105341
vt 0.3885537 0.3417301
vn -0.4362793 -0.0401001 0.8984375
vt 0.377065 0.3515625
vn -0.5395508 -0.08624268 0.8369141
v -0.1967436 0.1616291 -0.007900254
vt 0.3867188 0.3320313
vn -0.4084473 -0.08312988 0.9086914
v -0.2203401 0.1619438 -0.01838373
vt 0.3767058 0.3419845
vn -0.5229492 -0.1456299 0.8393555
v -0.2080211 0.1500473 -0.01419528
vt 0.377065 0.3320313
vn -0.4829102 -0.1898193 0.8544922
vt 0.3742712 0.3515625
vn -0.7695313 -0.6025391 -0.2098389
v -0.2094016 0.1473928 -0.01901651
vt 0.3742712 0.3320313
vn -0.6538086 -0.7382813 -0.1643066
v -0.221738 0.1592665 -0.02326422
vt 0.3742712 0.3419845
vn -0.7119141 -0.6762695 -0.1868896
v -0.1963517 0.1490331 -0.054966
vt 0.3532556 0.3320212
vn -0.6245117 -0.7387695 -0.2507324
v -0.2085185 0.1609028 -0.05964012
vt 0.3532556 0.3419845
vn -0.684082 -0.6762695 -0.2722168
vt 0.3532556 0.3515625
vn -0.7382813 -0.6079102 -0.2915039
v -0.180733 0.1486733 -0.09424012
vt 0.3304006 0.3320313
vn -0.6308594 -0.7387695 -0.2351074
v -0.1927122 0.1605387 -0.09938591
vt 0.3304006 0.3419845
vn -0.6884766 -0.6762695 -0.2612305
vt 0.3304006 0.3515625
vn -0.7407227 -0.6079102 -0.2854004
vt 0.3096443 0.3515625
vn -0.7075195 -0.6040039 -0.3664551
v -0.1773521 0.1582441 -0.1348745
vt 0.3096443 0.3419845
vn -0.6499023 -0.6777344 -0.3422852
v -0.1655425 0.1463825 -0.1293023
vt 0.3096443 0.3320313
vn -0.5927734 -0.7397461 -0.3178711
v -0.1729678 0.1608526 -0.1375039
vt 0.3069802 0.3419845
vn 0.1977539 -0.1607666 -0.9667969
v -0.1612116 0.1489691 -0.1319001
vt 0.306434 0.3320313
vn 0.237793 -0.2045898 -0.9492188
vt 0.306434 0.3515625
vn 0.1843262 -0.1014404 -0.9775391
v -0.1486604 0.1605215 -0.1288077
vt 0.296875 0.3320313
vn 0.329834 -0.09881592 -0.9384766
v -0.1569378 0.1752406 -0.1332395
vt 0.2950412 0.3420595
vn 0.302002 -0.05599976 -0.9511719
vt 0.2929688 0.3511223
vn 0.2780762 -0.01994324 -0.9599609
v -0.137716 0.1703733 -0.1261371
vt 0.2890625 0.3320313
vn 0.3383789 -0.08544922 -0.9370117
v -0.1429891 0.187541 -0.1295566
vt 0.2847699 0.3417556
vn 0.3149414 -0.04205322 -0.9477539
vt 0.2806687 0.3507465
vn 0.2971191 -0.005641937 -0.9545898
v -0.1262168 0.1792141 -0.1224477
vt 0.280615 0.331651
vn 0.3598633 -0.07250977 -0.9301758
v -0.1260104 0.200811 -0.1240457
vt 0.2726116 0.3404779
vn 0.3381348 -0.02539063 -0.9404297
vt 0.2745116 0.3310102
vn 0.3684082 -0.06713867 -0.9267578
vt 0.2682896 0.3498198
vn 0.3288574 0.01280212 -0.9438477
vt 0.2680932 0.3399264
vn 0.362793 -0.003587723 -0.9316406
vt 0.262777 0.3490315
vn 0.3588867 0.0324707 -0.9326172
vt 0.4102531 0.3759305
vn 0.08630371 -0.7700195 -0.6318359
vt 0.3897891 0.3760015
vn 0.09350586 -0.7749023 -0.625
vt 0.4108467 0.3688071
vn 0.05490112 -0.8193359 -0.5698242
v -0.05119387 0.1721784 0.1633682
vt 0.3847951 0.3805402
vn 0.1137085 -0.7602539 -0.6391602
vt 0.4092776 0.3867188
vn 0.0994873 -0.7436523 -0.6601563
vt 0.3673374 0.3781733
vn 0.137207 -0.7749023 -0.6166992
v -0.05729878 0.1629142 0.1732315
vt 0.3847669 0.3887237
vn 0.1196899 -0.7485352 -0.6513672
vt 0.4082651 0.3984375
vn 0.1102295 -0.7197266 -0.6845703
v -0.09152593 0.1778635 0.147669
vt 0.3604915 0.3817026
vn 0.1617432 -0.7719727 -0.6142578
vt 0.3443645 0.3745607
vn 0.1641846 -0.7900391 -0.5898438
vt 0.3359375 0.3759544
vn 0.182373 -0.7739258 -0.605957
vt 0.3359375 0.3710938
vn 0.1571045 -0.8115234 -0.5625
vt 0.3363805 0.3867188
vn 0.1912842 -0.762207 -0.6176758
v -0.09677213 0.1693113 0.1568595
vt 0.3606337 0.3892112
vn 0.1690674 -0.7583008 -0.6289063
vt 0.337108 0.3984375
vn 0.2080078 -0.737793 -0.6416016
v -0.06574647 0.1502973 0.1859431
vt 0.3845743 0.399658
vn 0.1341553 -0.7236328 -0.6762695
vt 0.4076435 0.4118083
vn 0.119812 -0.7001953 -0.703125
v -0.1040604 0.156759 0.1697469
vt 0.3608918 0.3999149
vn 0.1845703 -0.7329102 -0.6542969
vt 0.3380341 0.4118083
vn 0.2200928 -0.7182617 -0.659668
v -0.07475012 0.1352789 0.1993741
vt 0.3845853 0.4118083
vn 0.1434326 -0.7070313 -0.6918945
vt 0.405508 0.4140625
vn 0.1181641 -0.6987305 -0.7050781
vt 0.3846613 0.4140625
vn 0.1392822 -0.7138672 -0.6860352
v -0.1117821 0.1418121 0.183372
vt 0.3613417 0.4118083
vn 0.1939697 -0.7158203 -0.6699219
vt 0.3401619 0.4140625
vn 0.2220459 -0.7172852 -0.6601563
vt 0.3613456 0.4140625
vn 0.1905518 -0.7226563 -0.6635742
vt 0.4090919 0.4904244
vn -0.06161499 0.7963867 0.6010742
vt 0.3849664 0.4828563
vn -0.08251953 0.8007813 0.5927734
vt 0.4089265 0.4826028
vn -0.06958008 0.7744141 0.628418
v -0.05059592 0.2066586 0.1763335
vt 0.3849558 0.4754415
vn -0.09661865 0.7734375 0.6259766
vt 0.4086748 0.4657001
vn -0.08190918 0.7495117 0.65625
vt 0.3612452 0.4818696
vn -0.135498 0.8100586 0.5703125
v -0.06024899 0.1919657 0.1920485
vt 0.3849558 0.4631204
vn -0.1107178 0.7524414 0.6489258
vt 0.4080222 0.4514017
vn -0.1005859 0.7250977 0.6806641
v -0.09081597 0.2130358 0.1599482
vt 0.3612368 0.4754415
vn -0.1542969 0.7836914 0.6015625
vt 0.3376436 0.488125
vn -0.1560059 0.8129883 0.5605469
vt 0.3371663 0.4788324
vn -0.1755371 0.7905273 0.5859375
vt 0.3375177 0.4642199
vn -0.1937256 0.765625 0.612793
v -0.09969292 0.1986397 0.1753982
vt 0.3612368 0.4631204
vn -0.168457 0.7607422 0.6259766
vt 0.3380013 0.4508203
vn -0.2073975 0.7412109 0.6381836
v -0.07012993 0.1770458 0.2071204
vt 0.3849558 0.4500787
vn -0.128418 0.7280273 0.6728516
vt 0.4072475 0.4357767
vn -0.1115112 0.7089844 0.6958008
v -0.1084602 0.1836585 0.1907642
vt 0.3612368 0.4500787
vn -0.1826172 0.7363281 0.6508789
vt 0.3383325 0.4357767
vn -0.2167969 0.7241211 0.6538086
v -0.08071831 0.159481 0.223161
vt 0.3849558 0.4357767
vn -0.1380615 0.7133789 0.6865234
vt 0.4051212 0.4335938
vn -0.1182861 0.6987305 0.7050781
vt 0.3849558 0.4335938
vn -0.1394043 0.7138672 0.6860352
vt 0.3612368 0.4335938
vn -0.1904297 0.7226563 0.6635742
v -0.1178173 0.1660259 0.2071299
vt 0.3612368 0.4357767
vn -0.1907959 0.7211914 0.6650391
vt 0.3404434 0.4335938
vn -0.2219238 0.7172852 0.6601563
vt 0.0390625 0.3327241
vn -0.3691406 0.04598999 -0.9277344
vt 0.04927504 0.3244883
vn -0.3647461 0.02053833 -0.9306641
v -0.1828141 0.2640582 0.003713108
vt 0.04932129 0.3342695
vn -0.4020996 0.02690125 -0.9150391
v -0.1788191 0.2465862 0.00125785
vt 0.05416971 0.3255031
vn -0.3964844 -0.01036835 -0.9174805
vt 0.05859375 0.3164063
vn -0.3500977 -0.05465698 -0.9350586
v -0.2009484 0.2504789 0.01179275
vt 0.06278074 0.3359375
vn -0.4328613 0.004623413 -0.9013672
vt 0.06414449 0.3167062
vn -0.3876953 -0.06463623 -0.9189453
v -0.19751 0.2316658 0.0102556
vt 0.06817311 0.3265328
vn -0.418457 -0.03265381 -0.9072266
v -0.2190933 0.2350003 0.02085445
vt 0.07710314 0.3359375
vn -0.4448242 -0.01189423 -0.8950195
vt 0.07340819 0.3173686
vn -0.3967285 -0.0736084 -0.9145508
v -0.2128325 0.2187441 0.01795341
vt 0.08004022 0.3269472
vn -0.4255371 -0.04458618 -0.9033203
v -0.2363972 0.2185113 0.02981889
vt 0.09117818 0.3359375
vn -0.5356445 -0.09082031 -0.8388672
vt 0.08264065 0.3177225
vn -0.3984375 -0.08557129 -0.9130859
v -0.2273442 0.2047844 0.02556861
vt 0.09143138 0.326891
vn -0.5219727 -0.1505127 -0.8393555
vt 0.09155774 0.317466
vn -0.4836426 -0.1959229 -0.8525391
v -0.2378433 0.2159812 0.03469481
vt 0.09432685 0.3359375
vn -0.7832031 -0.581543 0.2193604
vt 0.09432685 0.317466
vn -0.6699219 -0.7202148 0.1766357
v -0.2288115 0.2022329 0.0304959
vt 0.09432685 0.326922
vn -0.7270508 -0.6567383 0.197998
vt 0.1163915 0.317466
vn -0.6416016 -0.7202148 0.2631836
v -0.2156408 0.2042791 0.06686874
vt 0.1163915 0.326922
vn -0.6992188 -0.6557617 0.2832031
v -0.2248161 0.2180268 0.07070404
vt 0.1163915 0.3359375
vn -0.7519531 -0.5859375 0.3010254
v -0.2092695 0.218081 0.1100893
vt 0.1413573 0.3359375
vn -0.7543945 -0.5859375 0.2949219
v -0.1999354 0.2043338 0.1066561
vt 0.1413573 0.326922
vn -0.7036133 -0.6557617 0.2722168
vt 0.1413573 0.317466
vn -0.6474609 -0.7202148 0.2476807
v -0.1941867 0.2161333 0.1452926
vt 0.1638143 0.3359375
vn -0.7211914 -0.5810547 0.3759766
v -0.1847091 0.2023866 0.1422231
vt 0.1638143 0.326922
vn -0.6655273 -0.6567383 0.3535156
vt 0.1638142 0.317466
vn -0.609375 -0.7202148 0.3303223
v -0.1802743 0.2049484 0.1448135
vt 0.1663094 0.326922
vn 0.2062988 -0.1365967 0.96875
vt 0.1663094 0.317466
vn 0.2449951 -0.1806641 0.9521484
v -0.1898025 0.2186737 0.1478601
vt 0.1663094 0.3359375
vn 0.194458 -0.07794189 0.9775391
vt 0.1757813 0.3175572
vn 0.3349609 -0.07952881 0.9384766
v -0.1634928 0.2197672 0.1398429
vt 0.1786336 0.326922
vn 0.307373 -0.0375061 0.9506836
v -0.1702162 0.2357962 0.1419111
vt 0.1813351 0.3359375
vn 0.2844238 -0.003044128 0.9584961
vt 0.18592 0.3169682
vn 0.3310547 -0.07373047 0.9404297
v -0.1458759 0.2335574 0.1348184
vt 0.191137 0.3262467
vn 0.3103027 -0.02632141 0.9501953
v -0.149764 0.2519151 0.1358976
vt 0.1963189 0.3352444
vn 0.2944336 0.01855469 0.9550781
vt 0.1964004 0.3164063
vn 0.3527832 -0.06045532 0.9335938
v -0.1283032 0.2467622 0.1292327
vt 0.2036018 0.3253118
vn 0.3369141 -0.0008430481 0.9414063
vt 0.2015545 0.3159262
vn 0.3920898 -0.04351807 0.918457
v -0.1282745 0.2673535 0.1281461
vt 0.2119187 0.333582
vn 0.3371582 0.04043579 0.9404297
vt 0.2107452 0.3243147
vn 0.3718262 0.02476501 0.9277344
vt 0.2202952 0.3320313
vn 0.3642578 0.04855347 0.9296875
vt 0.3074818 0.4898564
vn -0.4702148 0.8496094 0.2385254
vt 0.2889854 0.4813207
vn -0.4685059 0.8515625 0.2338867
vt 0.3077515 0.4813473
vn -0.4921875 0.8325195 0.2526855
v -0.1545077 0.2635438 0.08998809
vt 0.2819796 0.4750307
vn -0.5063477 0.8300781 0.2327881
vt 0.3075408 0.4658661
vn -0.5229492 0.8085938 0.2683105
vt 0.2658684 0.4781926
vn -0.4777832 0.8583984 0.1846924
v -0.170699 0.2515261 0.09611375
vt 0.2819796 0.4631743
vn -0.5385742 0.8061523 0.2445068
vt 0.3068189 0.450878
vn -0.5625 0.7763672 0.2827148
v -0.1711687 0.2634859 0.04778005
vt 0.2569586 0.475058
vn -0.5297852 0.8291016 0.1773682
vt 0.2428346 0.4819005
vn -0.5029297 0.8515625 0.1455078
vt 0.2304688 0.4875693
vn -0.5068359 0.8496094 0.1447754
vt 0.231305 0.478062
vn -0.5410156 0.8261719 0.1549072
vt 0.2315926 0.4645569
vn -0.5683594 0.8056641 0.1646729
v -0.1871452 0.2514688 0.05444958
vt 0.2569586 0.4631851
vn -0.5610352 0.8051758 0.1903076
vt 0.2321902 0.4502346
vn -0.605957 0.7744141 0.1799316
v -0.1889516 0.2365793 0.1025494
vt 0.2819796 0.4492284
vn -0.5761719 0.7749023 0.2578125
vt 0.306724 0.4358105
vn -0.5825195 0.7592773 0.2890625
v -0.204938 0.2365235 0.06205003
vt 0.2569586 0.4492284
vn -0.5981445 0.7744141 0.2054443
vt 0.2324819 0.4358105
vn -0.6259766 0.7563477 0.1879883
v -0.2063618 0.2206162 0.108916
vt 0.2819796 0.4358105
vn -0.59375 0.7597656 0.2634277
vt 0.3043714 0.4335938
vn -0.5834961 0.7587891 0.2888184
vt 0.2819796 0.4335938
vn -0.5844727 0.7685547 0.2590332
vt 0.2569586 0.4335938
vn -0.6044922 0.7685547 0.208252
v -0.2218934 0.220562 0.06956886
vt 0.2569586 0.4358105
vn -0.6152344 0.7587891 0.2130127
vt 0.2348351 0.4335938
vn -0.6240234 0.7587891 0.185791
vt 0.1914063 0.3995876
vn 0.5805664 -0.7929688 0.18396
vt 0.1913934 0.4035854
vn 0.5683594 -0.8022461 0.1812744
vt 0.1779176 0.4051943
vn 0.5756836 -0.7963867 0.1848145
v -0.1669241 0.1765496 -0.04230047
vt 0.1666874 0.4104189
vn 0.5454102 -0.8154297 0.1916504
vt 0.1909199 0.4140625
vn 0.6000977 -0.7758789 0.192627
vt 0.1559418 0.407914
vn 0.5493164 -0.8041992 0.2249756
v -0.171575 0.1730941 -0.0441319
vt 0.1666672 0.4140625
vn 0.5957031 -0.7734375 0.213623
vt 0.1901298 0.4218854
vn 0.637207 -0.7426758 0.204834
v -0.1504879 0.176151 -0.08369907
vt 0.1423575 0.4104082
vn 0.5224609 -0.815918 0.2463379
vt 0.1339737 0.4056794
vn 0.5415039 -0.7944336 0.2741699
vt 0.1174572 0.3995284
vn 0.543457 -0.7915039 0.277832
vt 0.1177016 0.4056274
vn 0.5332031 -0.8007813 0.2724609
vt 0.1181532 0.4140625
vn 0.5649414 -0.7739258 0.2854004
v -0.1551806 0.1727164 -0.08535635
vt 0.1424491 0.4140625
vn 0.5761719 -0.7719727 0.2658691
vt 0.1189713 0.421875
vn 0.5991211 -0.7416992 0.3005371
v -0.1817861 0.1632254 -0.04864638
vt 0.1663339 0.4218893
vn 0.6274414 -0.7441406 0.2285156
vt 0.1891934 0.4313838
vn 0.6411133 -0.7387695 0.2053223
v -0.1657584 0.1628562 -0.08894888
vt 0.1429151 0.4218759
vn 0.6083984 -0.7436523 0.2763672
vt 0.1197938 0.4313838
vn 0.6020508 -0.7382813 0.3027344
v -0.1934883 0.1516534 -0.05387387
vt 0.1658789 0.4313838
vn 0.6289063 -0.7426758 0.229126
vt 0.1870328 0.4335938
vn 0.6401367 -0.7412109 0.2016602
vt 0.1657623 0.4335938
vn 0.6206055 -0.7509766 0.2243652
v -0.177885 0.151294 -0.09310887
vt 0.1429151 0.4313838
vn 0.6098633 -0.7421875 0.2770996
vt 0.1219484 0.4335938
vn 0.5991211 -0.7402344 0.3046875
vt 0.1429151 0.4335938
vn 0.6005859 -0.7504883 0.2751465
vt 0.0174365 0.4006403
vn 0.01129913 -0.8452148 0.5336914
vt 0.03847653 0.4075713
vn 0.02250671 -0.8486328 0.5283203
vt 0.01831782 0.405206
vn 0.01122284 -0.8452148 0.5332031
v -0.04416078 0.2030856 -0.1699108
vt 0.0390625 0.4101563
vn 0.02333069 -0.8496094 0.5263672
vt 0.01976478 0.4140625
vn 0.01982117 -0.8344727 0.5498047
vt 0.06070614 0.4088225
vn 0.07287598 -0.8598633 0.5043945
v -0.04971018 0.2004566 -0.173954
vt 0.04077661 0.4140625
vn 0.04025269 -0.8383789 0.5429688
vt 0.02086842 0.421875
vn 0.03897095 -0.8085938 0.5864258
v -0.08328664 0.2096404 -0.1553469
vt 0.06155658 0.4110096
vn 0.07922363 -0.8613281 0.5014648
vt 0.08887166 0.4014571
vn 0.09484863 -0.8632813 0.494873
vt 0.08887166 0.4051868
vn 0.09680176 -0.862793 0.4953613
vt 0.08887166 0.4133553
vn 0.1080933 -0.8525391 0.5102539
v -0.08696621 0.2074744 -0.1585115
vt 0.06252801 0.4140625
vn 0.08917236 -0.8496094 0.5195313
v -0.05828726 0.1929444 -0.184608
vt 0.04205453 0.421875
vn 0.06124878 -0.8144531 0.5766602
vt 0.02197421 0.4313382
vn 0.050354 -0.7910156 0.609375
v -0.0954527 0.1998561 -0.1691685
vt 0.06384093 0.421875
vn 0.1072998 -0.8251953 0.5541992
vt 0.08811754 0.421875
vn 0.1291504 -0.8295898 0.5429688
v -0.06725566 0.1838841 -0.195641
vt 0.04334903 0.4313382
vn 0.0723877 -0.8007813 0.59375
vt 0.02401137 0.4335938
vn 0.03945923 -0.8007813 0.597168
vt 0.04368258 0.4335938
vn 0.06149292 -0.8173828 0.5727539
v -0.1043245 0.1906826 -0.1802047
vt 0.06509984 0.4313382
vn 0.1202393 -0.8115234 0.5712891
vt 0.08724457 0.4313382
vn 0.1445313 -0.8115234 0.5654297
vt 0.06543303 0.4335938
vn 0.1130371 -0.8261719 0.5517578
vt 0.08520752 0.4335938
vn 0.1420898 -0.8227539 0.550293
vt 0.40625 0.1804486
vn -0.8012695 0.3984375 -0.4458008
vt 0.3885353 0.1759489
vn -0.7963867 0.3774414 -0.472168
v -0.1367935 0.166466 0.09464841
vt 0.40625 0.1779168
v -0.136938 0.1403301 0.07154772
vt 0.3885353 0.1738355
vn -0.7963867 0.3779297 -0.4716797
vt 0.3710938 0.1769306
vn -0.7885742 0.3505859 -0.5039063
v -0.1305937 0.1187107 0.04658565
vt 0.3710938 0.1746845
v -0.156179 0.1431101 0.1086133
vt 0.40625 0.1601562
v -0.1452288 0.1020405 0.0578886
vt 0.3710938 0.1601563
v -0.1516912 0.1230151 0.08258642
vt 0.3885353 0.1601563
vn -0.7958984 0.3757324 -0.4743652
v -0.1752696 0.1201095 0.1223658
vt 0.40625 0.1427604
vn -0.8071289 0.3916016 -0.4414063
v -0.1645763 0.08000316 0.07283075
vt 0.3710938 0.1427605
vn -0.7944336 0.3442383 -0.500061
v -0.170887 0.1004857 0.09694932
vt 0.3885353 0.1427604
vn -0.8022461 0.3666992 -0.4702148
v -0.1767251 0.1172853 0.1234142
vt 0.4057752 0.140625
vn -0.8701172 0.3051758 -0.3857422
v -0.1663485 0.07836734 0.07534686
vt 0.3710938 0.1406251
vn -0.8603516 0.2539063 -0.440918
v -0.1724723 0.09824307 0.09875081
vt 0.3885353 0.140625
vn -0.8662109 0.28125 -0.4123535
vt 0.296875 0.1798552
vn 0.1690674 0.3984375 0.9013672
vt 0.296875 0.177443
vt 0.3144907 0.1759489
vn 0.1951904 0.3779297 0.9047852
v -0.1150999 0.1401332 0.1022211
vt 0.3144907 0.1732518
vn 0.1945801 0.3781738 0.9047852
vt 0.3320313 0.1759489
vn 0.2283936 0.3505859 0.9077148
vt 0.296875 0.1601563
v -0.08995938 0.1179308 0.1044713
vt 0.3320313 0.1736336
v -0.1300705 0.1230151 0.1125994
vt 0.3144907 0.1601563
vn 0.1976318 0.3759766 0.9052734
v -0.1045973 0.1020405 0.1142917
vt 0.3320312 0.1601562
vt 0.296875 0.1427604
vn 0.1630859 0.3916016 0.9052734
v -0.1248977 0.08000316 0.1279109
vt 0.3320313 0.1427605
vn 0.2229004 0.3442383 0.9116211
v -0.1497735 0.1004858 0.1262583
vt 0.3144907 0.1427605
vn 0.1918945 0.3666992 0.9101563
vt 0.296875 0.140625
vn 0.090271 0.3051758 0.9477539
v -0.1278456 0.07836734 0.1287951
vt 0.3320313 0.140625
vn 0.1456299 0.2539063 0.9560547
v -0.1519843 0.09824305 0.1271915
vt 0.3144907 0.140625
vn 0.1166992 0.28125 0.9521484
v -0.1348479 0.1661107 -0.0971413
vt 0.4062499 0.2019517
vn -0.8012695 0.3984375 0.4458008
vt 0.3886035 0.20379
vn -0.7866211 0.3833008 0.4836426
vt 0.4062499 0.1996596
v -0.1354364 0.1394629 -0.07438091
vt 0.3886035 0.2064577
vn -0.7949219 0.3796387 0.4726563
vt 0.3710937 0.2033514
vn -0.7700195 0.3671875 0.5209961
v -0.1539385 0.1431101 -0.1108937
vt 0.4062499 0.21875
v -0.1298419 0.1170151 -0.05001565
vt 0.3710937 0.206313
vn -0.7856445 0.3537598 0.5073242
v -0.1494507 0.123015 -0.08486678
vt 0.3886035 0.2187499
vn -0.7958984 0.3759766 0.473877
v -0.1429884 0.1020405 -0.06016892
vt 0.3710937 0.2187499
vn -0.7885742 0.3505859 0.5039063
v -0.1730291 0.1201095 -0.1246462
vt 0.4062499 0.2366014
vn -0.8071289 0.3916016 0.4414063
v -0.1623358 0.08000317 -0.07511107
vt 0.3710938 0.2366013
vn -0.7944336 0.3442383 0.500061
v -0.1686465 0.1004857 -0.09922968
vt 0.3885034 0.2366014
vn -0.8022461 0.3666992 0.4702148
v -0.1744845 0.1172853 -0.1256946
vt 0.4057751 0.2382813
vn -0.8701172 0.3051758 0.3857422
v -0.1641081 0.07836734 -0.07762717
vt 0.3710938 0.2382812
vn -0.8603516 0.2539063 0.440918
v -0.1702318 0.09824307 -0.1010312
vt 0.3884135 0.2382813
vn -0.8662109 0.28125 0.4123535
vt 0.296875 0.1995165
vn 0.1690674 0.3984375 -0.9013672
vt 0.3145259 0.2037836
vn 0.1986084 0.375 -0.9052734
vt 0.296875 0.2017149
v -0.1136604 0.1392172 -0.1050568
vt 0.3145259 0.2066209
vn 0.1949463 0.3779297 -0.9047852
vt 0.3320313 0.2033123
vn 0.2283936 0.3505859 -0.9077148
v -0.08824994 0.1173545 -0.1071078
vt 0.3320313 0.2061714
vt 0.2968751 0.21875
v -0.1023569 0.1020405 -0.116572
vt 0.3320313 0.2187499
v -0.12783 0.123015 -0.1148797
vt 0.3145259 0.2187501
vn 0.1975098 0.3759766 -0.9052734
vt 0.2968751 0.2366014
vn 0.1630859 0.3916016 -0.9052734
v -0.1226573 0.08000316 -0.1301913
vt 0.3320311 0.2366014
vn 0.2229004 0.3442383 -0.9116211
v -0.147533 0.1004858 -0.1285387
vt 0.3146246 0.2366014
vn 0.1918945 0.3666992 -0.9101563
vt 0.2975398 0.2382813
vn 0.090271 0.3051758 -0.9477539
v -0.1256052 0.07836735 -0.1310754
vt 0.3320311 0.2382812
vn 0.1456299 0.2539063 -0.9560547
v -0.1497438 0.09824307 -0.1294718
vt 0.3147158 0.2382813
vn 0.1166992 0.2810059 -0.9521484
v -0.07603293 0.362065 0.1823248
vt 0.2325948 0.1917284
vn 0.6279297 0.03207397 0.7773438
vt 0.239794 0.1783385
vn 0.6010742 0.008087158 0.7988281
vt 0.2538899 0.1864712
vn 0.5908203 0.04220581 0.8051758
v -0.07432446 0.3410636 0.1810463
vt 0.2254271 0.1826627
vn 0.6611328 -0.01879883 0.7495117
vt 0.2304997 0.170212
vn 0.6274414 -0.09802246 0.7719727
v -0.09861962 0.341336 0.2045611
vt 0.2124425 0.1953125
vn 0.6972656 0.01404572 0.7163086
v -0.07171321 0.3218283 0.1768297
vt 0.2192317 0.173667
vn 0.6831055 -0.07263184 0.7260742
v -0.09019554 0.3265986 0.1966459
vt 0.2111043 0.1855891
vn 0.7114258 -0.0144577 0.7021484
v -0.08221924 0.3122549 0.1871364
vt 0.2098245 0.1757813
vn 0.7275391 -0.04891968 0.684082
v -0.1028965 0.2904558 0.2078037
vt 0.1914063 0.1780625
vn 0.7260742 -0.05276489 0.6850586
v -0.1114923 0.3040274 0.2179434
vt 0.1914063 0.1882444
vn 0.7089844 -0.02200317 0.7041016
v -0.1200224 0.3183239 0.2259713
vt 0.192265 0.1981141
vn 0.6928711 0.008125305 0.7207031
v -0.1206778 0.2699556 0.224509
vt 0.1741241 0.1796875
vn 0.6728516 -0.1306152 0.7275391
v -0.1300941 0.2823741 0.2354755
vt 0.1738485 0.1897069
vn 0.6455078 -0.104187 0.7558594
v -0.1389834 0.2958077 0.2438879
vt 0.1739977 0.1992188
vn 0.6289063 -0.06750488 0.7739258
v -0.1255744 0.2671462 0.2239168
vt 0.171158 0.1796875
vn -0.3803711 -0.7583008 0.5288086
v -0.1350425 0.2795474 0.2348872
vt 0.1709763 0.1897069
vn -0.4118652 -0.7163086 0.5625
v -0.1438675 0.2929982 0.2433072
vt 0.1710246 0.1992188
vn -0.4470215 -0.6660156 0.5961914
v -0.1532827 0.2690867 0.199464
vt 0.1515362 0.1796875
vn -0.4504395 -0.7592773 0.4692383
v -0.1629898 0.2814879 0.2102131
vt 0.1515362 0.1897069
vn -0.4807129 -0.7167969 0.5043945
v -0.1714581 0.2949387 0.2189634
vt 0.1515362 0.1992188
vn -0.5092773 -0.6708984 0.5380859
v -0.1832685 0.2690866 0.1716997
vt 0.1294123 0.1796875
vn -0.4333496 -0.7592773 0.4851074
v -0.19324 0.2814879 0.182204
vt 0.1294138 0.1897069
vn -0.4660645 -0.7167969 0.5180664
v -0.2013139 0.2949387 0.1913196
vt 0.1294744 0.1992188
vn -0.4975586 -0.6708984 0.5493164
v -0.2277056 0.2929982 0.1656808
vt 0.1097336 0.1992188
vn -0.5600586 -0.6660156 0.4914551
v -0.2199884 0.2795474 0.1562349
vt 0.11 0.1897069
vn -0.5292969 -0.7163086 0.4538574
v -0.2097778 0.2671461 0.145952
vt 0.1097336 0.1796875
vn -0.4978027 -0.7583008 0.4199219
v -0.2286597 0.2958076 0.1608556
vt 0.1072631 0.1992188
vn -0.8203125 -0.06750488 -0.5673828
v -0.2209551 0.2823741 0.1513463
vt 0.1071779 0.1897069
vn -0.8032227 -0.104187 -0.5859375
v -0.2107444 0.2699556 0.1411154
vt 0.10738 0.1796875
vn -0.7773438 -0.1306152 -0.6147461
v -0.2122527 0.3183239 0.1405743
vt 0.08905876 0.1983473
vn -0.7719727 0.008125305 -0.6352539
v -0.2049039 0.3040274 0.1314526
vt 0.08984375 0.1883288
vn -0.7568359 -0.02200317 -0.652832
v -0.1954546 0.2904558 0.1221033
vt 0.08984375 0.1780193
vn -0.7392578 -0.05276489 -0.6708984
v -0.1925502 0.3413361 0.11759
vt 0.06870484 0.1961216
vn -0.7675781 0.01403809 -0.6401367
v -0.1853055 0.3265986 0.1085826
vt 0.07006115 0.1860102
vn -0.7543945 -0.01447296 -0.6552734
v -0.176437 0.3122549 0.09989932
vt 0.07124346 0.1757813
vn -0.737793 -0.04891968 -0.6728516
v -0.1669678 0.3218284 0.08863252
vt 0.06192458 0.1739325
vn -0.7329102 -0.04708862 -0.6782227
v -0.1705769 0.3414616 0.0910916
vt 0.05554813 0.1833653
vn -0.746582 -0.01922607 -0.6645508
v -0.1486514 0.3390807 0.06817317
vt 0.04479629 0.170629
vn -0.7236328 -0.04092407 -0.6884766
v -0.1721149 0.3620651 0.09336165
vt 0.04846406 0.1925121
vn -0.7548828 -0.004608154 -0.6552734
v -0.1501262 0.3599247 0.06865379
vt 0.03618282 0.1796875
vn -0.7397461 -0.02243042 -0.671875
v -0.1514576 0.380669 0.06878472
vt 0.0281449 0.1890326
vn -0.7470703 -0.01330566 -0.6640625
v -0.1854408 0.3611672 0.06808142
vt 0.2226563 0.2375618
vn -0.03240967 0.01031494 0.9990234
vt 0.2361348 0.2226563
vn -0.007053375 -0.003423691 0.9995117
vt 0.2441449 0.231907
vn -0.0158844 0.008773804 0.9995117
v -0.1788209 0.3431076 0.06867938
vt 0.2178444 0.2279897
vn -0.02018738 -0.01220703 0.9995117
vt 0.2283226 0.2135895
vn 0.01267242 -0.03063965 0.9990234
v -0.2171025 0.3404382 0.06661541
vt 0.2013937 0.2422296
vn -0.05215454 0.01399231 0.9985352
v -0.1711236 0.3257174 0.06787097
vt 0.2148438 0.2177871
vn -0.001209259 -0.04260254 0.9990234
v -0.2055712 0.3257007 0.06741914
vt 0.2003778 0.2318423
vn -0.03131104 -0.01567078 0.9990234
v -0.1931744 0.311357 0.06681112
vt 0.2005351 0.221299
vn -0.008247375 -0.04931641 0.9985352
v -0.2223874 0.2895578 0.06568021
vt 0.1803968 0.2244053
vn -0.009651184 -0.05276489 0.9985352
v -0.2356676 0.3031296 0.06626181
vt 0.1806134 0.2349546
vn -0.03488159 -0.02200317 0.9990234
v -0.2473536 0.3174261 0.0654569
vt 0.1817782 0.2453215
vn -0.05813599 0.008125305 0.9980469
v -0.246726 0.2690578 0.06398254
vt 0.1623715 0.2265625
vn -0.07678223 -0.1306152 0.9882813
v -0.2611702 0.2814762 0.06452388
vt 0.1627242 0.2365766
vn -0.1160278 -0.104187 0.9873047
v -0.2733823 0.2949098 0.06371655
vt 0.1622466 0.2460938
vn -0.140625 -0.06750488 0.9873047
v -0.2496183 0.2662484 0.05998723
vt 0.1597991 0.2265625
vn -0.6464844 -0.7583008 0.08001709
v -0.2641005 0.2786495 0.06049318
vt 0.1597991 0.2365766
vn -0.6923828 -0.7163086 0.07995605
v -0.2762745 0.2921003 0.05973825
vt 0.1597991 0.2460938
vn -0.7412109 -0.6660156 0.07727051
v -0.2505006 0.2681888 0.02304254
vt 0.140625 0.2265625
vn -0.6503906 -0.7592773 -0.01163483
v -0.2649828 0.28059 0.02322271
vt 0.140625 0.2365766
vn -0.6967773 -0.7167969 -0.009994507
v -0.277157 0.2940409 0.02295388
vt 0.140625 0.2460938
vn -0.7412109 -0.6708984 -0.008071899
v -0.2505004 0.2681887 -0.01782312
vt 0.1204895 0.2265625
vn -0.6503906 -0.7592773 0.01163483
v -0.2649828 0.28059 -0.0180033
vt 0.1204895 0.2365766
vn -0.6967773 -0.7167969 0.009994507
v -0.2771571 0.2940411 -0.01773448
vt 0.1204895 0.2460938
vn -0.7412109 -0.6708984 0.008071899
v -0.2762747 0.2921005 -0.05451889
vt 0.102136 0.2460938
vn -0.7412109 -0.6660156 -0.07727051
v -0.2641004 0.2786495 -0.05527374
vt 0.1021359 0.2365766
vn -0.6923828 -0.7163086 -0.07995605
v -0.2496181 0.2662483 -0.05476779
vt 0.102136 0.2265625
vn -0.6464844 -0.7583008 -0.08001709
v -0.2733824 0.2949099 -0.05849718
vt 0.09952456 0.2460938
vn -0.140625 -0.06750488 -0.9873047
v -0.2611702 0.2814762 -0.05930446
vt 0.09913123 0.2365766
vn -0.1160278 -0.104187 -0.9873047
v -0.2467259 0.2690577 -0.0587631
vt 0.09939712 0.2265625
vn -0.07678223 -0.1306152 -0.9882813
v -0.2473536 0.317426 -0.06023751
vt 0.07994628 0.2444229
vn -0.05813599 0.008125305 -0.9980469
v -0.2356676 0.3031296 -0.06104243
vt 0.0814715 0.2341964
vn -0.03488159 -0.02200317 -0.9990234
v -0.2223874 0.2895578 -0.06046081
vt 0.08255601 0.2236952
vn -0.009651184 -0.05276489 -0.9985352
v -0.2171024 0.3404382 -0.06139604
vt 0.06036311 0.2413035
vn -0.05215454 0.01399231 -0.9985352
v -0.2055712 0.3257008 -0.06219976
vt 0.06137335 0.2307795
vn -0.03131104 -0.01567078 -0.9990234
v -0.1931743 0.3113569 -0.06159175
vt 0.0625 0.2203067
vn -0.008247375 -0.04931641 -0.9985352
v -0.1711235 0.3257173 -0.06265154
vt 0.046875 0.2170692
vn -0.00211525 -0.04772949 -0.9985352
v -0.1787594 0.3431476 -0.0634629
vt 0.04338223 0.226881
vn -0.02392578 -0.01622009 -0.9995117
v -0.1511969 0.3377375 -0.06289825
vt 0.03424203 0.2137039
vn 0.01241302 -0.04098511 -0.9990234
v -0.1854408 0.3611672 -0.06286205
vt 0.0390625 0.2365344
vn -0.03924561 0.006027222 -0.9990234
v -0.152508 0.358174 -0.06375208
vt 0.02734375 0.2226563
vn -0.01539612 -0.01135254 -0.9995117
vt 0.01870191 0.2304688
vn -0.0269165 0.0009417534 -0.9995117
vt 0.2265625 0.2834323
vn -0.7602539 0.02676392 0.6489258
vt 0.2382813 0.2695313
vn -0.7475586 0.01065826 0.6635742
vt 0.2467871 0.2773438
vn -0.7539063 0.0246582 0.6557617
v -0.1705509 0.3419232 -0.08351682
vt 0.2218382 0.2736767
vn -0.7504883 0.002365112 0.6601563
vt 0.2311876 0.2606307
vn -0.730957 -0.02326965 0.6816406
vt 0.2056745 0.2880515
vn -0.7661133 0.03111267 0.6416016
v -0.16497 0.3244871 -0.07827038
vt 0.2179552 0.2636937
vn -0.7363281 -0.03031921 0.675293
v -0.1881042 0.3244739 -0.103798
vt 0.2043418 0.2776777
vn -0.7529297 0.0014534 0.6577148
v -0.1793978 0.3101178 -0.09497197
vt 0.203125 0.2671837
vn -0.7373047 -0.03219604 0.6743164
v -0.1987472 0.288312 -0.1168807
vt 0.1835938 0.2707614
vn -0.737793 -0.03564453 0.6733398
v -0.2080458 0.3018959 -0.1263625
vt 0.183984 0.2810993
vn -0.7553711 -0.004875183 0.6547852
vt 0.1847886 0.2910462
vn -0.7700195 0.02523804 0.637207
v -0.2143446 0.2677936 -0.1356213
vt 0.1664571 0.2734375
vn -0.7773438 -0.1136475 0.6181641
v -0.2244214 0.2802243 -0.1459697
vt 0.166196 0.2834417
vn -0.8032227 -0.08721924 0.5888672
vt 0.1663628 0.2929688
vn -0.8193359 -0.05053711 0.5703125
v -0.213426 0.264917 -0.1404278
vt 0.1637014 0.2734375
vn -0.5083008 -0.7568359 -0.4101563
v -0.223503 0.2773298 -0.1508279
vt 0.1632863 0.2834417
vn -0.5395508 -0.7148438 -0.4445801
vt 0.1627766 0.2929688
vn -0.5698242 -0.6645508 -0.4824219
v -0.1869581 0.2662245 -0.1662579
vt 0.1440024 0.2734375
vn -0.4440918 -0.7587891 -0.4753418
v -0.1967967 0.2786318 -0.17688
vt 0.1439114 0.2834417
vn -0.4763184 -0.7167969 -0.5083008
vt 0.143847 0.2929688
vn -0.5073242 -0.6708984 -0.5400391
v -0.1570438 0.2655244 -0.1940904
vt 0.1219055 0.2734375
vn -0.4611816 -0.7587891 -0.4594727
v -0.1666187 0.2779255 -0.2049579
vt 0.1219055 0.2834417
vn -0.4909668 -0.7163086 -0.4951172
vt 0.1219055 0.2929688
vn -0.519043 -0.6704102 -0.5292969
vt 0.1025169 0.2929688
vn -0.4567871 -0.6669922 -0.5878906
v -0.1387599 0.2753465 -0.2296736
vt 0.102193 0.2834417
vn -0.4223633 -0.7172852 -0.5532227
v -0.1294235 0.2629511 -0.2185843
vt 0.1017628 0.2734375
vn -0.3913574 -0.7592773 -0.519043
vt 0.09934527 0.2929688
vn 0.6259766 -0.08435059 -0.7749023
v -0.1337772 0.2781029 -0.2303058
vt 0.09927183 0.2834417
vn 0.6425781 -0.1210327 -0.7563477
v -0.124493 0.2656907 -0.21922
vt 0.09922439 0.2734375
vn 0.6694336 -0.1474609 -0.7275391
vt 0.08066475 0.2911983
vn 0.690918 -0.00894928 -0.722168
v -0.1148571 0.299715 -0.2130659
vt 0.08157468 0.2811703
vn 0.7070313 -0.03909302 -0.7055664
v -0.10641 0.2861509 -0.2027919
vt 0.08203125 0.2707873
vn 0.7236328 -0.06982422 -0.6865234
vt 0.05997461 0.2880241
vn 0.6953125 -0.00308609 -0.7182617
v -0.09322114 0.3222533 -0.1920779
vt 0.06128585 0.2777686
vn 0.7099609 -0.03277588 -0.703125
v -0.08540491 0.307918 -0.1824237
vt 0.0625 0.2674068
vn 0.7246094 -0.06640625 -0.6855469
v -0.06942552 0.3222511 -0.1671657
vt 0.04771084 0.2638926
vn 0.730957 -0.06573486 -0.6791992
v -0.07416108 0.3393528 -0.1738434
vt 0.04406291 0.2738287
vn 0.715332 -0.03604126 -0.6977539
vt 0.03748482 0.2608324
vn 0.7436523 -0.06011963 -0.6655273
vt 0.0390625 0.2835061
vn 0.7041016 -0.01751709 -0.7094727
vt 0.0284254 0.2695313
vn 0.7197266 -0.03479004 -0.6928711
vt 0.01783419 0.2785044
vn 0.7114258 -0.02662659 -0.7016602
vt 0.1121963 0.7235082
v -0.1493356 0.3859951 -0.0199005
vt 0.1350936 0.7265625
vn -0.4824219 0.8735352 -0.05795288
vt 0.112094 0.7315192
v -0.1599519 0.3797081 -0.01925831
vt 0.1350936 0.7200941
vn -0.5048828 0.8618164 -0.04336548
vt 0.113354 0.703125
vn -0.5283203 0.8461914 -0.06317139
v -0.1498873 0.3859746 0.0222622
vt 0.15625 0.7265625
vn -0.5058594 0.8613281 0.03747559
v -0.1865759 0.3635058 -0.01903876
vt 0.1350936 0.703125
vn -0.5351563 0.84375 -0.03286743
vt 0.1138302 0.6818352
vn -0.5786133 0.8134766 -0.05163574
v -0.1598355 0.3799366 0.02331544
vt 0.15625 0.7200941
vn -0.512207 0.8579102 0.03790283
vt 0.1743629 0.7300091
vn -0.4941406 0.8652344 0.0814209
vt 0.1796875 0.7247428
vn -0.4658203 0.8647461 0.1850586
vt 0.1796875 0.703125
vn -0.5307617 0.8452148 0.06188965
v -0.1865759 0.3635058 0.0244334
vt 0.15625 0.703125
vn -0.5361328 0.8432617 0.03222656
vt 0.1787266 0.6818352
vn -0.5786133 0.8134766 0.05169678
v -0.2179848 0.3423786 0.02394497
vt 0.15625 0.6818352
vn -0.5805664 0.8134766 0.02583313
vt 0.1781766 0.6621671
vn -0.628418 0.7758789 0.04925537
v -0.2179849 0.3423787 -0.01872557
vt 0.1350936 0.6818352
vn -0.5805664 0.8134766 -0.02584839
vt 0.114628 0.6621671
vn -0.628418 0.7758789 -0.04925537
v -0.248236 0.3193666 0.0235588
vt 0.15625 0.6621671
vn -0.628418 0.7768555 0.02468872
vt 0.1773974 0.6427115
vn -0.6577148 0.7509766 0.04949951
v -0.248236 0.3193665 -0.0183394
vt 0.1350936 0.6621671
vn -0.628418 0.7768555 -0.02468872
vt 0.1156736 0.6427115
vn -0.6577148 0.7509766 -0.04949951
v -0.2742648 0.2968504 0.02297868
vt 0.15625 0.6427115
vn -0.659668 0.7504883 0.02462769
vt 0.1753604 0.640625
vn -0.7133789 0.6982422 0.0512085
vt 0.15625 0.640625
vn -0.7050781 0.7080078 0.025177
vt 0.1361091 0.640625
vn -0.7050781 0.7080078 -0.025177
v -0.2742649 0.2968505 -0.01775929
vt 0.13611 0.6427115
vn -0.659668 0.7504883 -0.02462769
vt 0.1176371 0.640625
vn -0.7133789 0.6982422 -0.0512085
vt 0.171875 0.7595391
vn -0.5053711 -0.7099609 -0.4902344
v -0.1383613 0.3997071 -0.09472988
vt 0.171875 0.7714407
vn -0.4560547 -0.7485352 -0.4804688
vt 0.1503164 0.7636282
vn -0.4702148 -0.6972656 -0.5405273
v -0.1067929 0.3964588 -0.1206328
vt 0.1504937 0.7724445
vn -0.4255371 -0.737793 -0.5229492
v -0.153126 0.4192092 -0.1162075
vt 0.171875 0.7890625
vn -0.3896484 -0.7905273 -0.472168
vt 0.1270533 0.7642031
vn -0.3469238 -0.6962891 -0.6274414
v -0.02466288 0.3865796 -0.1548777
vt 0.1003697 0.7611709
vn -0.291748 -0.7099609 -0.640625
v -0.03383091 0.4000427 -0.1669089
vt 0.1006531 0.7714407
vn -0.2944336 -0.7490234 -0.5927734
v -0.07326318 0.3964589 -0.1436827
vt 0.1269019 0.7723939
vn -0.3395996 -0.7387695 -0.581543
v -0.04999947 0.4193172 -0.1872573
vt 0.1020685 0.7890625
vn -0.3044434 -0.7895508 -0.5322266
v -0.1202215 0.4176039 -0.1401669
vt 0.1504937 0.7890625
vn -0.3759766 -0.7802734 -0.4992676
v -0.08669177 0.4176039 -0.1632168
vt 0.1269019 0.7890625
vn -0.3320313 -0.7802734 -0.5292969
v -0.06606677 0.437756 -0.2087647
vt 0.1020457 0.8071306
vn -0.2980957 -0.8388672 -0.4543457
v -0.1347005 0.4373266 -0.1612288
vt 0.1504937 0.8075532
vn -0.3164063 -0.8349609 -0.449707
v -0.1683571 0.4377077 -0.1383635
vt 0.171875 0.8075532
vn -0.3166504 -0.840332 -0.4396973
v -0.1011707 0.4373266 -0.1842787
vt 0.1269019 0.8075532
vn -0.3066406 -0.8349609 -0.456543
v -0.08336438 0.4538152 -0.2318886
vt 0.1030488 0.8260264
vn -0.2792969 -0.8813477 -0.3803711
v -0.1508073 0.4538563 -0.1846589
vt 0.1504937 0.8257034
vn -0.265625 -0.8769531 -0.3999023
v -0.1847308 0.4538094 -0.1621818
vt 0.171875 0.8261282
vn -0.2541504 -0.8813477 -0.3969727
v -0.1172776 0.4538563 -0.2077088
vt 0.1269956 0.8257024
vn -0.2780762 -0.8769531 -0.3913574
v -0.09902164 0.4658744 -0.2529768
vt 0.1037169 0.8417532
vn -0.2746582 -0.8974609 -0.3442383
v -0.1652133 0.4674845 -0.2056148
vt 0.1504937 0.8416321
vn -0.2407227 -0.8930664 -0.3793945
v -0.1996108 0.4658744 -0.1838271
vt 0.171875 0.8417532
vn -0.2229004 -0.8974609 -0.3803711
v -0.1983847 0.4673402 -0.1889348
vt 0.1699546 0.84375
vn -0.15979 -0.9316406 -0.3259277
v -0.1672043 0.4689503 -0.2085109
vt 0.1504937 0.84375
vn -0.1893311 -0.9272461 -0.3215332
v -0.1316837 0.4674845 -0.2286647
vt 0.1269019 0.8416401
vn -0.2675781 -0.8930664 -0.3605957
v -0.1042297 0.4673403 -0.2536614
vt 0.1058967 0.84375
vn -0.2470703 -0.9316406 -0.2658691
v -0.1336746 0.4689503 -0.2315608
vt 0.1269019 0.84375
vn -0.2324219 -0.9272461 -0.2919922
vt 0.2801489 0.7322686
vn -0.1547852 0.8662109 0.4743652
v -0.07520039 0.3868019 0.1343099
vt 0.251561 0.7247224
vn -0.2700195 0.8554688 0.4416504
vt 0.2732452 0.7224675
vn -0.2504883 0.8554688 0.4523926
v -0.09470975 0.3789429 0.1372447
vt 0.2460938 0.715588
vn -0.3144531 0.8525391 0.4162598
vt 0.2703824 0.7013817
vn -0.3093262 0.8417969 0.4418945
vt 0.2331868 0.7237406
vn -0.3239746 0.8793945 0.3476563
v -0.1089285 0.3646038 0.1536067
vt 0.2460938 0.7017077
vn -0.3422852 0.8369141 0.4262695
vt 0.2694655 0.6811633
vn -0.3552246 0.8125 0.4619141
v -0.1252832 0.3791581 0.1076806
vt 0.2226563 0.7160344
vn -0.3886719 0.8530273 0.3476563
vt 0.2277473 0.7232761
vn -0.3486328 0.8813477 0.317627
vt 0.2043002 0.7262944
vn -0.3813477 0.8764648 0.2924805
v -0.1409558 0.3646038 0.1239523
vt 0.2226563 0.7016907
vn -0.3984375 0.8359375 0.376709
v -0.1305292 0.3432764 0.1762181
vt 0.2460938 0.6811633
vn -0.3764648 0.8120117 0.4455566
vt 0.2686296 0.6609584
vn -0.390625 0.7758789 0.4943848
vt 0.1985902 0.7015954
vn -0.4152832 0.8398438 0.3486328
vt 0.197743 0.7214124
vt 0.1993741 0.6811633
vn -0.4331055 0.8125 0.3896484
v -0.1422836 0.386118 0.06462234
vt 0.1998183 0.7271742
vn -0.4296875 0.8798828 0.2015381
vt 0.1968444 0.7289696
vt 0.2031476 0.7357706
vn -0.4245605 0.8798828 0.2113037
v -0.1618395 0.3432765 0.1472277
vt 0.2226563 0.6811633
vn -0.4152832 0.8120117 0.4094238
vt 0.2000781 0.6609584
vn -0.4628906 0.7758789 0.4274902
v -0.1513653 0.3202643 0.198153
vt 0.2460938 0.6609584
vn -0.4089355 0.7768555 0.4780273
vt 0.2671441 0.6427513
vn -0.4106445 0.7509766 0.5161133
v -0.1821087 0.3202643 0.1696873
vt 0.2226563 0.6609584
vn -0.4453125 0.7768555 0.4445801
vt 0.2012964 0.6427709
vn -0.4831543 0.7509766 0.4489746
v -0.1694749 0.2977481 0.2168579
vt 0.2452711 0.642801
vn -0.4301758 0.7504883 0.5004883
vt 0.264906 0.640625
vn -0.4472656 0.6982422 0.5585938
vt 0.2452741 0.6406264
vn -0.4606934 0.7080078 0.534668
vt 0.2232419 0.6406236
vn -0.4975586 0.7080078 0.5004883
v -0.199367 0.2977481 0.1891805
vt 0.2232465 0.642799
vn -0.4663086 0.7504883 0.4672852
vt 0.2034653 0.640625
vn -0.5224609 0.6982422 0.4887695
vt 0.368323 0.5113845
vn 0.4443359 -0.8779297 0.1761475
vt 0.3710938 0.5187885
vn 0.4558105 -0.8681641 0.1956787
vt 0.3521709 0.5169663
vn 0.3449707 -0.8652344 0.3630371
v -0.1280812 0.3355999 -0.09109032
vt 0.3518291 0.5216376
vn 0.3596191 -0.8540039 0.3745117
vt 0.3706771 0.5320294
vn 0.3908691 -0.8408203 0.3737793
vt 0.3241659 0.5179173
vn 0.3151855 -0.859375 0.4013672
v -0.1382087 0.3255105 -0.1042003
vt 0.3509792 0.5320294
vn 0.3735352 -0.8427734 0.3864746
vt 0.3702155 0.546875
vn 0.4182129 -0.815918 0.3981934
v -0.092434 0.3333091 -0.1284646
vt 0.3241452 0.5234003
vn 0.3249512 -0.8549805 0.4033203
vt 0.3049108 0.5105238
vn 0.2044678 -0.8603516 0.4663086
vt 0.3017369 0.5215561
vn 0.182251 -0.8618164 0.4726563
vt 0.3016669 0.5320294
vn 0.317627 -0.8417969 0.4355469
v -0.1018499 0.3249369 -0.1382021
vt 0.3241603 0.5320294
vn 0.3393555 -0.8432617 0.4155273
vt 0.3020085 0.546875
vn 0.3459473 -0.8149414 0.4643555
v -0.1515281 0.3112118 -0.1219936
vt 0.3496031 0.546875
vn 0.3994141 -0.8178711 0.4138184
vt 0.369783 0.5664063
vn 0.4482422 -0.7836914 0.4291992
v -0.1173121 0.3105917 -0.1539413
vt 0.3242188 0.546875
vn 0.3657227 -0.8168945 0.4450684
vt 0.3022537 0.5664063
vn 0.3757324 -0.7827148 0.4958496
v -0.1697112 0.289485 -0.1450538
vt 0.3482138 0.5664063
vn 0.4296875 -0.7851563 0.4455566
vt 0.3690391 0.5835867
vn 0.4685059 -0.7597656 0.4499512
v -0.1377653 0.2888118 -0.174823
vt 0.3242188 0.5664063
vn 0.3945313 -0.784668 0.4777832
vt 0.3027871 0.5835867
vn 0.3959961 -0.7583008 0.5170898
v -0.1849703 0.269033 -0.1641557
vt 0.3471007 0.5835867
vn 0.4511719 -0.7587891 0.4689941
vt 0.3669416 0.5859375
vn 0.5146484 -0.6992188 0.4958496
vt 0.3471026 0.5859375
vn 0.4897461 -0.7084961 0.5073242
v -0.1550197 0.2683321 -0.1920219
vt 0.3249076 0.5835867
vn 0.4160156 -0.7583008 0.5014648
vt 0.3048782 0.5859375
vn 0.4399414 -0.6972656 0.5649414
vt 0.3248956 0.5859375
vn 0.453125 -0.7080078 0.5415039
vt 0.2713661 0.5585938
vn 0.1785889 -0.8632813 -0.4719238
vt 0.2460938 0.5479026
vn 0.2885742 -0.871582 -0.3959961
vt 0.2685807 0.5418273
vn 0.1835938 -0.8745117 -0.447998
v -0.09137737 0.3352781 0.1346351
vt 0.2460938 0.5585938
vn 0.310791 -0.862793 -0.3979492
vt 0.26961 0.5696395
vn 0.3146973 -0.8496094 -0.4221191
vt 0.2226563 0.5485212
vn 0.3527832 -0.8691406 -0.3452148
v -0.1040642 0.3237688 0.1480781
vt 0.2460938 0.5696395
vn 0.3398438 -0.8466797 -0.4084473
vt 0.2690828 0.5789287
vn 0.3586426 -0.8120117 -0.4594727
v -0.1236322 0.3350689 0.1052614
vt 0.2226563 0.5585938
vn 0.369873 -0.8554688 -0.3623047
vt 0.2019552 0.5439829
vn 0.4094238 -0.8916016 -0.192749
vt 0.1992975 0.5525401
vn 0.4399414 -0.8740234 -0.2041016
vt 0.1992974 0.5696395
vn 0.3999023 -0.8422852 -0.361084
v -0.1358158 0.3237689 0.118679
vt 0.2226563 0.5696395
vn 0.3833008 -0.8432617 -0.3762207
vt 0.1996286 0.5789287
vn 0.4306641 -0.8120117 -0.3928223
v -0.1142246 0.3141954 0.1587049
vt 0.2460938 0.5789287
vn 0.3769531 -0.8129883 -0.4431152
vt 0.2683811 0.5976563
vn 0.3845215 -0.7832031 -0.487793
v -0.1456306 0.3141954 0.1296258
vt 0.2226563 0.5789287
vn 0.4128418 -0.8129883 -0.409668
vt 0.2002336 0.5976563
vn 0.4567871 -0.7832031 -0.4208984
v -0.1343487 0.2923964 0.1798844
vt 0.2460938 0.5976563
vn 0.402832 -0.7841797 -0.4714355
vt 0.2672196 0.6149847
vn 0.4042969 -0.7592773 -0.5092773
v -0.1652014 0.2923964 0.1513176
vt 0.2226563 0.5976563
vn 0.439209 -0.7841797 -0.4379883
vt 0.2011882 0.6149847
vn 0.4770508 -0.7592773 -0.4423828
v -0.1512994 0.2718961 0.1973586
vt 0.2454284 0.6150297
vn 0.4243164 -0.7578125 -0.4946289
vt 0.2650502 0.6171875
vn 0.4475098 -0.6982422 -0.5581055
vt 0.2452648 0.6171874
vn 0.4606934 -0.7080078 -0.534668
v -0.1813217 0.2718961 0.1695607
vt 0.2232234 0.6149847
vn 0.4604492 -0.7578125 -0.4611816
vt 0.2034453 0.6171875
vn 0.5219727 -0.6982422 -0.4890137
vt 0.2232238 0.6171875
vn 0.4975586 -0.7080078 -0.5004883
vt 0.2248323 0.9050215
v -0.03695119 0.3787824 -0.08382189
vt 0.2149805 0.8859807
vn -0.3486328 0.3630371 -0.8637695
vt 0.2543277 0.8866792
v -0.04026311 0.4362996 -0.05611984
vt 0.2442429 0.8648219
vn -0.5336914 0.3754883 -0.7573242
v -0.06560811 0.3787824 -0.06236742
vt 0.2083676 0.8668331
vn -0.6953125 0.3691406 -0.6162109
vt 0.2712331 0.8760669
v -0.06735142 0.4366782 -0.02072589
vt 0.2384663 0.8404049
vn -0.8779297 0.3825684 -0.286377
v -0.08124493 0.3787824 -0.04116745
vt 0.2049862 0.8522744
vn -0.78125 0.3691406 -0.5024414
v -0.09027705 0.3787824 -0.01423308
vt 0.203125 0.8362677
vn -0.9287109 0.3649902 -0.06335449
v -0.03359811 0.4685476 -0.04606269
vt 0.2628885 0.8581669
vn -0.5615234 0.3632813 -0.7431641
vt 0.2920603 0.8626925
v -0.05492965 0.4680113 -0.01698441
vt 0.2580984 0.8381817
vn -0.8808594 0.3674316 -0.2973633
v -0.06712203 0.435259 0.02139598
vt 0.2383566 0.8156527
vn -0.8837891 0.3803711 0.2719727
v -0.09027705 0.3787824 0.01822936
vt 0.2031351 0.8178738
vn -0.9257813 0.3708496 0.0723877
v -0.0827178 0.3787824 0.03899821
vt 0.2047048 0.805453
vn -0.7924805 0.3708496 0.4836426
v -0.06813522 0.3787824 0.06047546
vt 0.2078444 0.7910845
vn -0.7148438 0.3601074 0.5986328
v -0.05506123 0.4681632 0.0173621
vt 0.2580018 0.8179294
vn -0.8857422 0.3674316 0.2822266
v -0.04261746 0.4362323 0.05627151
vt 0.2440947 0.7920862
vn -0.5332031 0.3779297 0.7563477
v -0.03695119 0.3787824 0.08382189
vt 0.2150632 0.7702599
vn -0.3378906 0.359375 0.8696289
vt 0.254401 0.7696069
vt 0.2249349 0.7512285
v -0.03482945 0.4688069 0.04600987
vt 0.2627374 0.7986414
vn -0.5507813 0.3691406 0.7480469
vt 0.2712706 0.7802399
v -0.03993469 0.5083276 0.01269632
vt 0.2822831 0.8207666
vn -0.8852539 0.3718262 0.2788086
v -0.02509419 0.5089424 0.03315621
vt 0.2857746 0.8068445
vn -0.5473633 0.3723145 0.7490234
vt 0.2920648 0.7935979
vt 0.3155425 0.8092289
v -0.03978577 0.5084301 -0.01230563
vt 0.2823592 0.8353965
vn -0.8789063 0.3710938 -0.2980957
v -0.02208747 0.5543633 0.007030356
vt 0.3100474 0.8240886
vn -0.8813477 0.3823242 0.2758789
v -0.0139443 0.5547422 0.01843153
vt 0.312008 0.8164569
vn -0.5454102 0.380127 0.746582
vt 0.3317066 0.8204135
v -0.02424269 0.5087613 -0.03322583
vt 0.2859027 0.8498176
vn -0.5581055 0.3723145 -0.7412109
vt 0.3155373 0.8470492
v -0.0217086 0.5542839 -0.006717205
vt 0.3100903 0.8321257
vn -0.8735352 0.3811035 -0.3012695
v -0.01324343 0.5544786 -0.0181592
vt 0.31208 0.8400292
vn -0.5527344 0.3796387 -0.7412109
vt 0.3316991 0.8358764
v -0.008997542 0.5861843 0.002976429
vt 0.3293481 0.8264902
vn -0.8754883 0.3977051 0.2739258
v -0.008920937 0.5861843 -0.002881405
vt 0.3293655 0.8297727
vn -0.8686523 0.388916 -0.3063965
v -0.005288882 0.5861515 -0.007540255
vt 0.3302206 0.8330034
vn -0.5498047 0.3842773 -0.7412109
vt 0.3355598 0.8329911
v -0.005465591 0.5861843 0.007504981
vt 0.3301933 0.8233712
vn -0.5419922 0.3964844 0.7402344
vt 0.3355647 0.8233078
v -0.003509281 0.5935895 -0.005002177
vt 0.3344509 0.8311633
vn -0.5541992 0.390625 -0.734375
v -0.003595752 0.5935895 0.004937439
vt 0.3344296 0.8251853
vn -0.5507813 0.3977051 0.7333984
v -0.003068969 0.5954489 -0.004396955
vt 0.3353697 0.8306639
vn -0.5043945 0.5395508 -0.6733398
vt 0.3368567 0.8318124
v -0.005868981 0.5935895 -0.001895648
vt 0.3338115 0.8291529
vn -0.862793 0.423584 -0.2751465
v -0.003446225 0.5974974 -0.00195071
vt 0.3359438 0.8291936
vn -0.605957 0.753418 -0.2541504
vt 0.3380802 0.8292555
v -0.005919378 0.5935895 0.001958164
vt 0.3337986 0.8271257
vn -0.8657227 0.4277344 0.2592773
v -0.003467247 0.5975598 0.001904465
vt 0.3359375 0.8271413
vn -0.6040039 0.7607422 0.2358398
vt 0.3380802 0.8269506
vt 0.3368561 0.8244928
v -0.003160505 0.5955684 0.004373262
vt 0.3353917 0.8256912
vn -0.4990234 0.5415039 0.6762695
vt 0.1651166 0.9827532
vn 0.8486328 0.3381348 0.4055176
vt 0.1500533 0.9812421
vn 0.6118164 0.269043 0.7436523
v -0.09157366 0.4027728 -0.04956391
vt 0.1664022 0.9679105
vn 0.7700195 0.5556641 0.3117676
v -0.06907184 0.4070246 -0.06784926
vt 0.1495987 0.9648438
vn 0.484375 0.5791016 0.6552734
vt 0.171875 0.9508268
vn 0.5205078 0.8041992 0.2851563
vt 0.129551 0.9813597
vn 0.4609375 0.3007813 0.8344727
v -0.08866842 0.4365527 -0.09426782
vt 0.150235 0.9414063
vn 0.3427734 0.7783203 0.5249023
v -0.1230658 0.4349426 -0.07248019
vt 0.171875 0.9414063
vn 0.3200684 0.7880859 0.5253906
v -0.03798025 0.4074241 -0.0897671
vt 0.1274183 0.9648438
vn 0.4125977 0.6132813 0.6728516
vt 0.1080688 0.9840199
vt 0.1019845 0.9648438
v -0.05513866 0.4365526 -0.1173177
vt 0.1268967 0.9414063
vn 0.3623047 0.7802734 0.5087891
v -0.01853547 0.4352782 -0.1446592
vt 0.1002733 0.9407018
vn 0.3642578 0.7885742 0.494873
v -0.03592848 0.4561084 -0.1667888
vt 0.1014156 0.921875
vn 0.362793 0.8203125 0.4414063
v -0.0711278 0.4576104 -0.1405765
vt 0.1268967 0.921875
vn 0.34375 0.8208008 0.4553223
v -0.0535191 0.4751598 -0.1905121
vt 0.1020764 0.9023438
vn 0.333252 0.8554688 0.395752
v -0.1046576 0.4576104 -0.1175266
vt 0.1502962 0.921875
vn 0.3007813 0.8208008 0.4853516
v -0.139055 0.4560003 -0.09573895
vt 0.171875 0.921875
vn 0.2783203 0.8198242 0.500061
v -0.08788221 0.4767215 -0.1649485
vt 0.1268967 0.9023438
vn 0.3134766 0.855957 0.4101563
v -0.0720709 0.4925731 -0.2154604
vt 0.1031194 0.8828125
vn 0.3056641 0.8833008 0.354248
v -0.121412 0.4767215 -0.1418986
vt 0.1503181 0.9023438
vn 0.2702637 0.855957 0.4401855
v -0.1558094 0.4751115 -0.120111
vt 0.171875 0.9023438
vn 0.2479248 0.8549805 0.4545898
v -0.1055102 0.4941774 -0.1905912
vt 0.1268967 0.8828125
vn 0.2851563 0.8842773 0.3691406
v -0.1390399 0.4941773 -0.1675413
vt 0.1503431 0.8828125
vn 0.2423096 0.8842773 0.3989258
v -0.1734373 0.4925673 -0.1457537
vt 0.171875 0.8828125
vn 0.2202148 0.8833008 0.4130859
v -0.1220033 0.5084544 -0.2145831
vt 0.1268967 0.8653121
vn 0.2666016 0.9008789 0.342041
v -0.0893413 0.5068444 -0.2388952
vt 0.1035742 0.8653121
vn 0.2888184 0.8989258 0.3291016
v -0.09454929 0.5083101 -0.2395797
vt 0.1058239 0.8632813
vn 0.2470703 0.9316406 0.2658691
v -0.1239942 0.5099203 -0.2174792
vt 0.1268967 0.8632813
vn 0.2324219 0.9272461 0.2919922
v -0.155533 0.5084543 -0.1915332
vt 0.1503662 0.8653121
vn 0.223877 0.9003906 0.3718262
v -0.1899305 0.5068444 -0.1697455
vt 0.171875 0.8653121
vn 0.2036133 0.8984375 0.3881836
v -0.157524 0.5099203 -0.1944294
vt 0.1503793 0.8632813
vn 0.1893311 0.9272461 0.3215332
v -0.1887043 0.5083101 -0.1748532
vt 0.1699571 0.8632813
vn 0.15979 0.9316406 0.3259277
v 0.07112119 0.4254894 0.172077
vt 0.9200236 0.5429688
vn 0.3586426 -0.6958008 0.621582
vt 0.9115568 0.5585938
vn 0.3730469 -0.737793 0.5615234
vt 0.9101855 0.5429688
vn 0.2978516 -0.7172852 0.6289063
v 0.1079903 0.4429393 0.1693036
vt 0.9375 0.5585938
vn 0.4104004 -0.7148438 0.565918
v 0.08298819 0.4214546 0.1615096
vt 0.9294962 0.5415074
vn 0.3662109 -0.6625977 0.652832
vt 0.9117642 0.578125
vn 0.3852539 -0.7636719 0.5175781
v 0.09281697 0.415466 0.1496898
vt 0.9385158 0.5384271
vn 0.4509277 -0.6538086 0.6069336
v 0.1250358 0.4674586 0.1879176
vt 0.9375 0.578125
vn 0.3972168 -0.7529297 0.5239258
vt 0.9121898 0.5953357
vn 0.3933105 -0.7832031 0.4804688
v 0.1254339 0.415704 0.1248075
vt 0.9624009 0.5397458
vn 0.5297852 -0.6669922 0.5229492
v 0.1002148 0.4073423 0.1366666
vt 0.9468779 0.5334922
vn 0.4663086 -0.6494141 0.6000977
v 0.1028251 0.3978081 0.1244364
vt 0.9527156 0.5270454
vn 0.4846191 -0.6367188 0.5991211
v 0.1016863 0.386127 0.1124343
vt 0.957579 0.5188071
vn 0.4824219 -0.6381836 0.5996094
v 0.1097327 0.3858556 0.1061627
vt 0.9633733 0.5188821
vn 0.5668945 -0.6469727 0.5087891
vt 0.984375 0.5210205
vn 0.5908203 -0.6430664 0.486084
vt 0.984375 0.5171143
vn 0.6313477 -0.5888672 0.5039063
vt 0.984375 0.5394481
vn 0.5566406 -0.6699219 0.4902344
vt 0.984375 0.5585938
vn 0.4760742 -0.7231445 0.4995117
v 0.1406938 0.4414951 0.1421294
vt 0.9622238 0.5585938
vn 0.4597168 -0.7138672 0.5273438
vt 0.984375 0.578125
vn 0.3979492 -0.7646484 0.5063477
v 0.1571596 0.46604 0.161225
vt 0.9619337 0.578125
vn 0.4033203 -0.7529297 0.519043
vt 0.984375 0.5953357
vn 0.359375 -0.7817383 0.5087891
v 0.1729261 0.4861917 0.1797281
vt 0.9617763 0.5953357
vn 0.3688965 -0.7807617 0.503418
vt 0.9822162 0.5976563
vn 0.2966309 -0.8393555 0.4550781
vt 0.9617628 0.5976563
vn 0.3151855 -0.8354492 0.449707
vt 0.9375 0.5976563
vn 0.3405762 -0.8364258 0.4284668
v 0.1412994 0.4875885 0.2060076
vt 0.9375 0.5953357
vn 0.3864746 -0.7817383 0.4887695
vt 0.9145071 0.5976563
vn 0.3491211 -0.8413086 0.4116211
vt 0.7267548 0.7224675
vn 0.2504883 0.8554688 0.4523926
v 0.07520039 0.3868019 0.1343099
vt 0.748439 0.7247224
vn 0.2700195 0.8554688 0.4416504
vt 0.7198511 0.7322686
vn 0.1547852 0.8662109 0.4743652
v 0.09470975 0.3789429 0.1372447
vt 0.7539063 0.715588
vn 0.3144531 0.8525391 0.4162598
vt 0.7296176 0.7013817
vn 0.3093262 0.8417969 0.4418945
vt 0.7668132 0.7237406
vn 0.3239746 0.8793945 0.3476563
v 0.1089285 0.3646038 0.1536067
vt 0.7539063 0.7017077
vn 0.3422852 0.8369141 0.4262695
vt 0.7305345 0.6811633
vn 0.3552246 0.8125 0.4619141
v 0.1252832 0.3791581 0.1076806
vt 0.7773438 0.7160344
vn 0.3886719 0.8530273 0.3476563
vt 0.7722527 0.7232761
vn 0.3486328 0.8813477 0.317627
vt 0.7956998 0.7262944
vn 0.3813477 0.8764648 0.2924805
v 0.1409558 0.3646038 0.1239523
vt 0.7773438 0.7016907
vn 0.3984375 0.8359375 0.376709
v 0.1305292 0.3432764 0.1762181
vt 0.7539063 0.6811633
vn 0.3764648 0.8120117 0.4455566
vt 0.7313704 0.6609584
vn 0.390625 0.7758789 0.4943848
v 0.1618395 0.3432765 0.1472277
vt 0.7773438 0.6811633
vn 0.4152832 0.8120117 0.4094238
vt 0.8014098 0.7015954
vn 0.4152832 0.8398438 0.3486328
vt 0.8006259 0.6811633
vn 0.4331055 0.8125 0.3896484
vt 0.802257 0.7214124
vt 0.7999219 0.6609584
vn 0.4628906 0.7758789 0.4274902
v 0.1422836 0.386118 0.06462234
vt 0.8001817 0.7271742
vn 0.4296875 0.8798828 0.2015381
vt 0.7968524 0.7357706
vn 0.4245605 0.8798828 0.2113037
vt 0.8031556 0.7289696
v 0.1821087 0.3202643 0.1696873
vt 0.7773438 0.6609584
vn 0.4453125 0.7768555 0.4445801
vt 0.7987036 0.6427709
vn 0.4831543 0.7509766 0.4489746
v 0.1513653 0.3202643 0.198153
vt 0.7539063 0.6609584
vn 0.4089355 0.7768555 0.4780273
vt 0.7328559 0.6427513
vn 0.4106445 0.7509766 0.5161133
v 0.199367 0.2977481 0.1891805
vt 0.7767535 0.642799
vn 0.4663086 0.7504883 0.4672852
vt 0.7965347 0.640625
vn 0.5224609 0.6982422 0.4887695
vt 0.7767581 0.6406236
vn 0.4975586 0.7080078 0.5004883
v 0.1694749 0.2977481 0.2168579
vt 0.7547289 0.642801
vn 0.4301758 0.7504883 0.5004883
vt 0.735094 0.640625
vn 0.4472656 0.6982422 0.5585938
vt 0.7547259 0.6406264
vn 0.4606934 0.7080078 0.534668
vn -0.5625 -0.7426758 0.3625488
vt 0.6484374 0.2047513
vn -0.5361328 -0.7504883 0.3852539
vn -0.519043 -0.7460938 0.4162598
vn -0.5092773 -0.7573242 0.4074707
v 0.1103038 0.114144 -0.07946036
vt 0.6484374 0.2079787
vn -0.5415039 -0.7446289 0.3896484
vn -0.5219727 -0.7426758 0.4189453
v 0.122003 0.101161 -0.08788818
vt 0.6484376 0.2187499
vn -0.5429688 -0.7426758 0.3908691
vn -0.5439453 -0.7617188 0.3508301
vn -0.5048828 -0.7617188 0.4050293
v 0.1418427 0.07914428 -0.1021802
vt 0.6484376 0.2366013
vn -0.5209961 -0.7661133 0.3752441
vn -0.2851563 -0.9399414 0.1855469
vn -0.2663574 -0.9399414 0.211792
v 0.1448566 0.07836734 -0.1043513
vt 0.6484376 0.2382718
vn -0.2758789 -0.9399414 0.1987305
vt 0.6594217 0.2555442
vn 0.5913086 -0.684082 -0.4260254
v 0.1599878 0.09824307 -0.1152515
vt 0.6484376 0.2555447
vt 0.6484376 0.2727393
vt 0.6374534 0.2555444
vn 0.5913086 -0.684082 0.4260254
v 0.1470971 0.07836734 0.1020709
vt 0.6484376 0.140625
vt 0.659308 0.1233497
v 0.1622283 0.09824307 0.1129711
vt 0.6484375 0.1233494
vt 0.6484375 0.1054977
vt 0.637567 0.1233497
vt 0.6484375 0.1747727
vn -0.5424805 -0.7426758 -0.3913574
vn -0.5625 -0.7426758 -0.3625488
vn -0.5219727 -0.7426758 -0.4189453
v 0.1111704 0.1156688 0.07619011
vt 0.6484375 0.172693
vn -0.5424805 -0.7426758 -0.3916016
v 0.1242435 0.101161 0.08560774
vt 0.6484375 0.1601563
vn -0.5424805 -0.7426758 -0.3911133
vn -0.5439453 -0.7617188 -0.3508301
vn -0.5048828 -0.7617188 -0.4050293
v 0.1440832 0.07914426 0.09989975
vt 0.6484376 0.1427605
vn -0.5209961 -0.7661133 -0.3752441
vn -0.2851563 -0.9399414 -0.1855469
vn -0.2663574 -0.9399414 -0.211792
vn -0.2758789 -0.9399414 -0.1987305
vt 0.9602329 0.09290606
vn -0.84375 0.06161499 -0.5327148
v 0.0118467 0.3973289 -0.137945
vt 0.9737305 0.07580894
vn -0.8530273 0.0496521 -0.519043
vt 0.984375 0.08761251
vn -0.8701172 0.06707764 -0.4875488
v 0.02548592 0.4174329 -0.155973
vt 0.9578073 0.08085513
vn -0.8232422 0.03756714 -0.565918
vt 0.9654388 0.06556922
vn -0.7963867 -0.0002162457 -0.6044922
vt 0.9550981 0.06889957
vn -0.7910156 0.003990173 -0.6113281
vt 0.9375 0.07269078
vn -0.7924805 -0.0008721352 -0.609375
v 0.04242092 0.4377442 -0.1774364
vt 0.9393769 0.08485115
vn -0.8037109 0.02485657 -0.59375
vt 0.9414121 0.09706408
vn -0.8134766 0.04849243 -0.5791016
vt 0.9193559 0.07586163
vn -0.7973633 -0.01065826 -0.6025391
v 0.05954431 0.4563589 -0.20048
vt 0.9205003 0.08755761
vn -0.8081055 0.01747131 -0.5883789
vt 0.9218825 0.09971803
vn -0.8168945 0.04296875 -0.574707
vt 0.9005275 0.07752448
vn -0.7978516 -0.01366425 -0.6020508
vt 0.9023495 0.1010807
vn -0.8154297 0.04272461 -0.5766602
v 0.07758616 0.4733813 -0.2246865
vt 0.9013883 0.08921152
vn -0.8076172 0.01576233 -0.5888672
vt 0.8848017 0.078125
vn -0.7333984 0.02153015 -0.6791992
vt 0.8848017 0.1015625
vn -0.7539063 0.08685303 -0.6503906
v 0.09407787 0.4871287 -0.2469886
vt 0.8848017 0.08984375
vn -0.7407227 0.05807495 -0.6689453
vt 0.8823794 0.078125
vn 0.4709473 0.3374023 -0.8149414
vt 0.8823794 0.1015625
vn 0.4494629 0.4309082 -0.7822266
v 0.09933811 0.4886219 -0.2476722
vt 0.8823794 0.08984375
vn 0.4599609 0.3823242 -0.8007813
vt 0.8613667 0.078125
vn 0.5419922 0.3405762 -0.7680664
v 0.1291216 0.490232 -0.2253389
vt 0.8613667 0.08984375
vn 0.5307617 0.385498 -0.7543945
vt 0.8613667 0.1015625
vn 0.5180664 0.4299316 -0.7387695
vt 0.8378522 0.1015625
vn 0.5039063 0.4299316 -0.7485352
v 0.1630258 0.490232 -0.2020316
vt 0.8378522 0.08984375
vn 0.5141602 0.385498 -0.765625
vt 0.8378522 0.078125
vn 0.5229492 0.3405762 -0.78125
vt 0.818303 0.1015625
vn 0.5693359 0.4309082 -0.699707
v 0.1945447 0.4886219 -0.1822227
vt 0.818303 0.08984375
vn 0.5830078 0.3823242 -0.7163086
vt 0.818303 0.078125
vn 0.5917969 0.3374023 -0.7314453
v 0.1957905 0.4871287 -0.1770666
vt 0.8143835 0.08984375
vn 0.8789063 0.04678345 0.4741211
vt 0.8143835 0.1015625
vn 0.8666992 0.07476807 0.4921875
vt 0.8143835 0.078125
vn 0.8852539 0.0107193 0.4645996
v 0.1800761 0.4733755 -0.1542074
vt 0.7978977 0.08885115
vn 0.8232422 0.001087189 0.5668945
vt 0.796875 0.1006734
vn 0.8154297 0.02738953 0.578125
vt 0.7988033 0.0771957
vn 0.831543 -0.02775574 0.5541992
v 0.1629581 0.4563105 -0.1293065
vt 0.7788479 0.08670026
vn 0.8237305 0.001075745 0.5668945
vt 0.7773438 0.09883618
vn 0.8144531 0.02638245 0.5791016
vt 0.7802417 0.07500106
vn 0.8325195 -0.02682495 0.5522461
vt 0.7578125 0.0957219
vn 0.8134766 0.02520752 0.5805664
v 0.1466709 0.4376361 -0.1056142
vt 0.7598537 0.0835411
vn 0.8232422 0.001081467 0.5668945
vt 0.7617474 0.07135206
vn 0.8334961 -0.02529907 0.5512695
vt 0.7383099 0.09112722
vn 0.7954102 0.03012085 0.6049805
v 0.1311397 0.4170973 -0.08302169
vt 0.7412516 0.07911676
vn 0.8144531 0.004398346 0.5795898
vt 0.744071 0.06716031
vn 0.8344727 -0.02386475 0.5498047
vt 0.7289041 0.08940858
vn 0.7724609 0.03701782 0.6337891
vt 0.732189 0.06330365
vn 0.8349609 -0.02294922 0.5493164
vt 0.7251912 0.07337004
vn 0.809082 0.003450394 0.5874023
vt 0.5205522 0.5697699
vn 0.02662659 -0.8349609 0.5488281
vt 0.5326582 0.5644502
vt 0.5284244 0.5742188
v 0.03589169 0.3299155 -0.1578236
vt 0.5202665 0.5626169
vn 0.02868652 -0.8408203 0.5400391
vt 0.5 0.565093
vn 0 -0.840332 0.5419922
v 0.03526443 0.3204042 -0.1724875
vt 0.5198599 0.5531153
vn 0.03140259 -0.8408203 0.5395508
vt 0.534736 0.5529028
vn 0.04266357 -0.8413086 0.5385742
v 9.486769E-22 0.3272076 -0.1603817
vt 0.5 0.5607493
vn 0 -0.840332 0.5415039
v 0.03393757 0.3049816 -0.1962765
vt 0.5195313 0.5376325
vn 0.03134155 -0.8271484 0.5605469
vt 0.53703 0.537368
vn 0.04431152 -0.824707 0.5629883
v -3.428785E-22 0.3197385 -0.1720461
vt 0.5 0.5531153
vn 0 -0.840332 0.5410156
v -0.03589169 0.3299155 -0.1578236
vt 0.4797335 0.5626169
vn -0.02868652 -0.8408203 0.5400391
vt 0.4794478 0.5697699
vn -0.02662659 -0.8349609 0.5488281
vt 0.4673418 0.5644502
vt 0.4715756 0.5742188
v -0.03526443 0.3204042 -0.1724875
vt 0.4801401 0.5531153
vn -0.03140259 -0.8408203 0.5395508
vt 0.465264 0.5529028
vn -0.04266357 -0.8413086 0.5385742
v -0.03393757 0.3049816 -0.1962765
vt 0.4804688 0.5376325
vn -0.03134155 -0.8271484 0.5605469
vt 0.46297 0.537368
vn -0.04431152 -0.824707 0.5629883
v -4.292556E-22 0.3044327 -0.1959382
vt 0.5 0.5376325
vn 0 -0.8286133 0.5595703
v -0.03333025 0.2857917 -0.2234548
vt 0.4804688 0.5195313
vn -0.03155518 -0.7973633 0.6025391
vt 0.4600102 0.5190052
vn -0.04592896 -0.7963867 0.6025391
v 0.03333025 0.2857917 -0.2234548
vt 0.5195313 0.5195313
vn 0.03155518 -0.7973633 0.6025391
vt 0.5399898 0.5190052
vn 0.04592896 -0.7963867 0.6025391
v -2.189169E-22 0.2852458 -0.2232557
vt 0.5 0.5195313
vn 0 -0.796875 0.6035156
v -0.03435122 0.2652569 -0.2487602
vt 0.4804352 0.5020733
vn -0.03292847 -0.7753906 0.6303711
vt 0.4588324 0.5039063
vn -0.04833984 -0.777832 0.6259766
vt 0.4609375 0.5010865
vn -0.05535889 -0.769043 0.6367188
vt 0.4804688 0.5
vn -0.03497314 -0.7597656 0.6484375
v -2.498337E-22 0.2642059 -0.2491116
vt 0.5 0.5020278
vn 0 -0.7729492 0.6337891
vt 0.5 0.5
vn 0 -0.7514648 0.6591797
vt 0.5195313 0.5
vn 0.03497314 -0.7597656 0.6484375
v 0.03435122 0.2652569 -0.2487602
vt 0.5195648 0.5020733
vn 0.03292847 -0.7753906 0.6303711
vt 0.5390625 0.5010865
vn 0.05535889 -0.769043 0.6367188
vt 0.5411676 0.5039063
vn 0.04833984 -0.777832 0.6259766
vt 0.9375 0.765625
vn 0.6962891 -0.7148438 0.05966187
vt 0.921875 0.7773438
vn 0.6508789 -0.7543945 0.08117676
vt 0.921875 0.7622518
vn 0.675293 -0.7290039 0.1101074
v 0.1627584 0.3992254 0.02075282
vt 0.9384421 0.7754136
vn 0.6689453 -0.7421875 0.03417969
vt 0.9594356 0.765625
vn 0.703125 -0.7060547 -0.07977295
v 0.1837266 0.4175284 0.01878919
vt 0.9393215 0.7902685
vn 0.6220703 -0.7827148 0.008407593
vt 0.921875 0.7902685
vn 0.6074219 -0.793457 0.03250122
vt 0.921875 0.8079243
vn 0.5405273 -0.8408203 -0.001419067
v 0.1590222 0.3963953 -0.02078359
vt 0.9598086 0.7734375
vn 0.6655273 -0.7431641 -0.06250762
vt 0.9804688 0.7612014
vn 0.6835938 -0.7167969 -0.1361084
vt 0.9804688 0.7725092
vn 0.6474609 -0.7543945 -0.1063843
v 0.1827975 0.4174493 -0.02254392
vt 0.9603506 0.7902685
vn 0.6201172 -0.7832031 -0.03955078
vt 0.9804688 0.7902685
vn 0.6069336 -0.7915039 -0.06433105
v 0.2093225 0.4371599 0.01680104
vt 0.9400754 0.8079243
vn 0.5488281 -0.8354492 -0.007221222
v 0.2083407 0.4371484 -0.0241693
vt 0.9609375 0.8079243
vn 0.5488281 -0.8354492 -0.01873779
vt 0.9804688 0.8079243
vn 0.5415039 -0.8398438 -0.02429199
v 0.2377309 0.4536777 0.01538939
vt 0.9405738 0.8260788
vn 0.4797363 -0.8769531 -0.019104
vt 0.921875 0.8260788
vn 0.470459 -0.8818359 -0.02680969
v 0.2367503 0.4536782 -0.02547107
vt 0.9609375 0.8260788
vn 0.4802246 -0.8769531 -0.003944397
vt 0.9804688 0.8260788
vn 0.4716797 -0.8813477 0.004032135
v 0.2631338 0.4673064 0.01429927
vt 0.9414063 0.8417052
vn 0.4484863 -0.8930664 -0.02703857
vt 0.921875 0.8417052
vn 0.4384766 -0.8974609 -0.0423584
vt 0.9237701 0.84375
vn 0.357666 -0.9316406 -0.0614624
vt 0.9414063 0.84375
vn 0.371582 -0.9272461 -0.03500366
v 0.2621658 0.4673063 -0.02637752
vt 0.9609375 0.8417052
vn 0.4492188 -0.8930664 0.005817413
vt 0.9804688 0.8417052
vn 0.4404297 -0.8974609 0.02119446
vt 0.9609375 0.84375
vn 0.3728027 -0.9272461 0.01728821
vt 0.9785495 0.84375
vn 0.3603516 -0.9316406 0.04437256
v 0.09496653 0.4040664 0.04338396
vt 0.9268735 0.9653929
vn -0.715332 0.5986328 -0.3598633
vt 0.9401646 0.9804688
vn -0.9667969 0.2467041 -0.06021118
vt 0.9288286 0.9819903
vn -0.8388672 0.3374023 -0.4260254
v 0.09601223 0.4074738 0.01711051
vt 0.940885 0.9648438
vn -0.8676758 0.4963379 0.007736206
vt 0.9566789 0.9804688
vn -0.965332 0.2442627 0.08868408
v 0.1133257 0.4267323 0.0171784
vt 0.9414063 0.9505453
vn -0.6645508 0.7456055 0.04229736
vt 0.9226018 0.9442105
vn -0.4975586 0.7998047 -0.3354492
v 0.09541402 0.407619 -0.01487459
vt 0.9574207 0.9648438
vn -0.8720703 0.4870605 0.03723145
vt 0.9713655 0.9819181
vt 0.9752588 0.9675811
v 0.1108139 0.4251527 -0.01635288
vt 0.9582031 0.9520652
vn -0.6689453 0.7426758 -0.009315491
vt 0.979111 0.9505048
v 0.1272136 0.4363745 -0.01773768
vt 0.9589307 0.9411559
vn -0.5839844 0.8110352 -0.01351929
vt 0.9804688 0.9409686
vn -0.5859375 0.8095703 -0.03292847
v 0.1299152 0.4377647 0.01746952
vt 0.9414063 0.939689
vn -0.5756836 0.8168945 0.03274536
vt 0.9218885 0.9358124
vn -0.5742188 0.815918 0.05828857
v 0.1554008 0.4574322 -0.01964353
vt 0.9596998 0.9218525
vn -0.5712891 0.8203125 -0.01353455
vt 0.9804688 0.9218749
vn -0.5717773 0.8193359 -0.03530884
v 0.156269 0.4574322 0.01684237
vt 0.9414063 0.921875
vn -0.5678711 0.8217773 0.04101563
vt 0.9218885 0.921875
vn -0.5654297 0.8212891 0.06732178
v 0.1849359 0.4765434 -0.02168874
vt 0.9604039 0.9024816
vn -0.5166016 0.8554688 -0.01431274
vt 0.9804688 0.9023417
vn -0.5170898 0.8544922 -0.0375061
v 0.1858361 0.4765433 0.01613877
vt 0.9414063 0.9023438
vn -0.5146484 0.855957 0.03982544
vt 0.921875 0.9023438
vn -0.5136719 0.8549805 0.06542969
v 0.2169447 0.4939992 0.01539843
vt 0.9414063 0.8828125
vn -0.4648438 0.8842773 0.03781128
vt 0.9218885 0.8828125
vn -0.463623 0.8833008 0.06347656
v 0.2160099 0.4939992 -0.02388379
vt 0.9609375 0.8828125
vn -0.467041 0.8837891 -0.01515961
vt 0.9804688 0.8828125
vn -0.4675293 0.8828125 -0.0395813
v 0.2460506 0.5082762 0.0147058
vt 0.9414063 0.8654999
vn -0.432373 0.9003906 0.03662109
vt 0.9218885 0.8654999
vn -0.4338379 0.8984375 0.06240845
vt 0.923703 0.8632813
vn -0.357666 0.9316406 0.0614624
vt 0.9414063 0.8632813
vn -0.371582 0.9272461 0.03500366
vt 0.9609374 0.8632813
vn -0.3728027 0.9272461 -0.01728821
v 0.2450826 0.5082762 -0.025971
vt 0.9609375 0.8654999
vn -0.434082 0.9003906 -0.01643372
vt 0.9804688 0.8654999
vn -0.4375 0.8979492 -0.04086304
vt 0.9785485 0.8632813
vn -0.3603516 0.9316406 -0.04434204
vn 0.5625 -0.7426758 0.3625488
vt 0.3515626 0.2047513
vn 0.5361328 -0.7504883 0.3852539
vn 0.5092773 -0.7573242 0.4074707
vn 0.519043 -0.7460938 0.4162598
v -0.1103038 0.114144 -0.07946036
vt 0.3515626 0.2079787
vn 0.5415039 -0.7446289 0.3896484
vn 0.5219727 -0.7426758 0.4189453
v -0.122003 0.101161 -0.08788818
vt 0.3515624 0.2187499
vn 0.5429688 -0.7426758 0.3908691
vn 0.5439453 -0.7617188 0.3508301
vn 0.5048828 -0.7617188 0.4050293
v -0.1418427 0.07914428 -0.1021802
vt 0.3515624 0.2366013
vn 0.5209961 -0.7661133 0.3752441
vn 0.2851563 -0.9399414 0.1855469
vn 0.2663574 -0.9399414 0.211792
v -0.1448566 0.07836734 -0.1043513
vt 0.3515624 0.2382718
vn 0.2758789 -0.9399414 0.1987305
vn -0.5913086 -0.684082 -0.4260254
vt 0.3405783 0.2555442
v -0.1599878 0.09824307 -0.1152515
vt 0.3515624 0.2555447
vt 0.3515624 0.2727393
vt 0.3625466 0.2555444
vn -0.5913086 -0.684082 0.4260254
vt 0.340692 0.1233497
v -0.1470971 0.07836734 0.1020709
vt 0.3515624 0.140625
v -0.1622283 0.09824307 0.1129711
vt 0.3515625 0.1233494
vt 0.3515625 0.1054977
vt 0.362433 0.1233497
vn 0.5625 -0.7426758 -0.3625488
vt 0.3515625 0.1747727
vn 0.5424805 -0.7426758 -0.3913574
vn 0.5219727 -0.7426758 -0.4189453
v -0.1111704 0.1156688 0.07619011
vt 0.3515625 0.172693
vn 0.5424805 -0.7426758 -0.3916016
v -0.1242435 0.101161 0.08560774
vt 0.3515625 0.1601563
vn 0.5424805 -0.7426758 -0.3911133
vn 0.5439453 -0.7617188 -0.3508301
vn 0.5048828 -0.7617188 -0.4050293
v -0.1440832 0.07914426 0.09989975
vt 0.3515624 0.1427605
vn 0.5209961 -0.7661133 -0.3752441
vn 0.2851563 -0.9399414 -0.1855469
vn 0.2663574 -0.9399414 -0.211792
vn 0.2758789 -0.9399414 -0.1987305
vt 0.015625 0.08761251
vn 0.8701172 0.06707764 -0.4875488
v -0.0118467 0.3973289 -0.137945
vt 0.0262695 0.07580894
vn 0.8530273 0.0496521 -0.519043
vt 0.03976709 0.09290606
vn 0.84375 0.06161499 -0.5327148
v -0.02548592 0.4174329 -0.155973
vt 0.0421927 0.08085513
vn 0.8232422 0.03756714 -0.565918
vt 0.03456116 0.06556922
vn 0.7963867 -0.0002163649 -0.6044922
vt 0.04490191 0.06889957
vn 0.7910156 0.003990173 -0.6113281
vt 0.0625 0.07269078
vn 0.7924805 -0.0008721352 -0.609375
v -0.04242092 0.4377442 -0.1774364
vt 0.06062311 0.08485115
vn 0.8037109 0.02485657 -0.59375
vt 0.05858791 0.09706408
vn 0.8134766 0.04849243 -0.5791016
vt 0.08064413 0.07586163
vn 0.7973633 -0.01065826 -0.6025391
v -0.05954431 0.4563589 -0.20048
vt 0.07949966 0.08755761
vn 0.8081055 0.01747131 -0.5883789
vt 0.07811749 0.09971803
vn 0.8168945 0.04296875 -0.574707
vt 0.09947252 0.07752448
vn 0.7978516 -0.01366425 -0.6020508
vt 0.09765047 0.1010807
vn 0.8154297 0.04272461 -0.5766602
v -0.07758616 0.4733813 -0.2246865
vt 0.09861165 0.08921152
vn 0.8076172 0.01576233 -0.5888672
vt 0.1151982 0.078125
vn 0.7333984 0.02153015 -0.6791992
vt 0.1151982 0.1015625
vn 0.7539063 0.08685303 -0.6503906
v -0.09407787 0.4871287 -0.2469886
vt 0.1151982 0.08984375
vn 0.7407227 0.05807495 -0.6689453
vt 0.1176206 0.078125
vn -0.4709473 0.3374023 -0.8149414
vt 0.1176206 0.1015625
vn -0.4494629 0.4309082 -0.7822266
v -0.09933811 0.4886219 -0.2476722
vt 0.1176206 0.08984375
vn -0.4599609 0.3823242 -0.8007813
vt 0.1386333 0.078125
vn -0.5419922 0.3405762 -0.7680664
v -0.1291216 0.490232 -0.2253389
vt 0.1386333 0.08984375
vn -0.5307617 0.385498 -0.7543945
vt 0.1386333 0.1015625
vn -0.5180664 0.4299316 -0.7387695
vt 0.1621478 0.1015625
vn -0.5039063 0.4299316 -0.7485352
v -0.1630258 0.490232 -0.2020316
vt 0.1621478 0.08984375
vn -0.5141602 0.385498 -0.765625
vt 0.1621478 0.078125
vn -0.5229492 0.3405762 -0.78125
vt 0.181697 0.1015625
vn -0.5693359 0.4309082 -0.699707
v -0.1945447 0.4886219 -0.1822227
vt 0.181697 0.08984375
vn -0.5830078 0.3823242 -0.7163086
vt 0.181697 0.078125
vn -0.5917969 0.3374023 -0.7314453
v -0.1957905 0.4871287 -0.1770666
vt 0.1856165 0.08984375
vn -0.8789063 0.04678345 0.4741211
vt 0.1856165 0.1015625
vn -0.8666992 0.07476807 0.4921875
vt 0.1856165 0.078125
vn -0.8852539 0.0107193 0.4645996
v -0.1800761 0.4733755 -0.1542074
vt 0.2021023 0.08885115
vn -0.8232422 0.001087189 0.5668945
vt 0.203125 0.1006734
vn -0.8154297 0.02738953 0.578125
vt 0.2011967 0.0771957
vn -0.831543 -0.02775574 0.5541992
v -0.1629581 0.4563105 -0.1293065
vt 0.2211521 0.08670026
vn -0.8237305 0.001075745 0.5668945
vt 0.2226563 0.09883618
vn -0.8144531 0.02638245 0.5791016
vt 0.2197583 0.07500106
vn -0.8325195 -0.02682495 0.5522461
vt 0.2421875 0.0957219
vn -0.8134766 0.02520752 0.5805664
v -0.1466709 0.4376361 -0.1056142
vt 0.2401463 0.0835411
vn -0.8232422 0.001081467 0.5668945
vt 0.2382526 0.07135206
vn -0.8334961 -0.02529907 0.5512695
vt 0.2616901 0.09112722
vn -0.7954102 0.03012085 0.6049805
v -0.1311397 0.4170973 -0.08302169
vt 0.2587484 0.07911676
vn -0.8144531 0.004398346 0.5795898
vt 0.255929 0.06716031
vn -0.8344727 -0.02386475 0.5498047
vt 0.2710959 0.08940858
vn -0.7724609 0.03701782 0.6337891
vt 0.267811 0.06330365
vn -0.8349609 -0.02294922 0.5493164
vt 0.2748088 0.07337004
vn -0.809082 0.003450394 0.5874023
vt 0.078125 0.7622518
vn -0.675293 -0.7290039 0.1101074
vt 0.078125 0.7773438
vn -0.6508789 -0.7543945 0.08117676
vt 0.0625 0.765625
vn -0.6962891 -0.7148438 0.05966187
v -0.1627584 0.3992254 0.02075282
vt 0.06155789 0.7754136
vn -0.6689453 -0.7421875 0.03417969
vt 0.04056436 0.765625
vn -0.703125 -0.7060547 -0.07977295
v -0.1837266 0.4175284 0.01878919
vt 0.06067848 0.7902685
vn -0.6220703 -0.7827148 0.008407593
vt 0.078125 0.7902685
vn -0.6074219 -0.793457 0.03250122
vt 0.078125 0.8079243
vn -0.5405273 -0.8408203 -0.001419067
v -0.1590222 0.3963953 -0.02078359
vt 0.04019141 0.7734375
vn -0.6655273 -0.7431641 -0.06250762
vt 0.01953125 0.7612014
vn -0.6835938 -0.7167969 -0.1361084
vt 0.01953125 0.7725092
vn -0.6474609 -0.7543945 -0.1063843
v -0.1827975 0.4174493 -0.02254392
vt 0.03964943 0.7902685
vn -0.6201172 -0.7832031 -0.03955078
vt 0.01953125 0.7902685
vn -0.6069336 -0.7915039 -0.06433105
v -0.2093225 0.4371599 0.01680104
vt 0.0599246 0.8079243
vn -0.5488281 -0.8354492 -0.007221222
v -0.2083407 0.4371484 -0.0241693
vt 0.0390625 0.8079243
vn -0.5488281 -0.8354492 -0.01873779
vt 0.01953125 0.8079243
vn -0.5415039 -0.8398438 -0.02429199
v -0.2377309 0.4536777 0.01538939
vt 0.05942619 0.8260788
vn -0.4797363 -0.8769531 -0.019104
vt 0.078125 0.8260788
vn -0.470459 -0.8818359 -0.02680969
v -0.2367503 0.4536782 -0.02547107
vt 0.0390625 0.8260788
vn -0.4802246 -0.8769531 -0.003944397
vt 0.01953125 0.8260788
vn -0.4716797 -0.8813477 0.004032135
v -0.2631338 0.4673064 0.01429927
vt 0.05859375 0.8417052
vn -0.4484863 -0.8930664 -0.02703857
vt 0.078125 0.8417052
vn -0.4384766 -0.8974609 -0.0423584
vt 0.07622987 0.84375
vn -0.357666 -0.9316406 -0.0614624
vt 0.05859375 0.84375
vn -0.371582 -0.9272461 -0.03500366
v -0.2621658 0.4673063 -0.02637752
vt 0.0390625 0.8417052
vn -0.4492188 -0.8930664 0.005817413
vt 0.01953125 0.8417052
vn -0.4404297 -0.8974609 0.02119446
vt 0.0390625 0.84375
vn -0.3728027 -0.9272461 0.01728821
vt 0.02145046 0.84375
vn -0.3603516 -0.9316406 0.04437256
vt 0.05983543 0.9804688
vn 0.9667969 0.2467041 -0.06021118
v -0.09496653 0.4040664 0.04338396
vt 0.07312649 0.9653929
vn 0.715332 0.5986328 -0.3598633
vt 0.0711714 0.9819903
vn 0.8388672 0.3374023 -0.4260254
v -0.09601223 0.4074738 0.01711051
vt 0.05911499 0.9648438
vn 0.8676758 0.4963379 0.007736206
vt 0.04332107 0.9804688
vn 0.965332 0.2442627 0.08868408
v -0.1133257 0.4267323 0.0171784
vt 0.05859375 0.9505453
vn 0.6645508 0.7456055 0.04229736
vt 0.07739818 0.9442105
vn 0.4975586 0.7998047 -0.3354492
v -0.09541402 0.407619 -0.01487459
vt 0.04257929 0.9648438
vn 0.8720703 0.4870605 0.03723145
vt 0.02863455 0.9819181
vt 0.02474123 0.9675811
v -0.1108139 0.4251527 -0.01635288
vt 0.04179686 0.9520652
vn 0.6689453 0.7426758 -0.009315491
vt 0.02088904 0.9505048
v -0.1272136 0.4363745 -0.01773768
vt 0.04106927 0.9411559
vn 0.5839844 0.8110352 -0.01351929
vt 0.01953125 0.9409686
vn 0.5859375 0.8095703 -0.03292847
v -0.1299152 0.4377647 0.01746952
vt 0.05859375 0.939689
vn 0.5756836 0.8168945 0.03274536
vt 0.07811153 0.9358124
vn 0.5742188 0.815918 0.05828857
v -0.1554008 0.4574322 -0.01964353
vt 0.04030019 0.9218525
vn 0.5712891 0.8203125 -0.01353455
vt 0.01953125 0.9218749
vn 0.5717773 0.8193359 -0.03530884
v -0.156269 0.4574322 0.01684237
vt 0.05859375 0.921875
vn 0.5678711 0.8217773 0.04101563
vt 0.07811153 0.921875
vn 0.5654297 0.8212891 0.06732178
v -0.1849359 0.4765434 -0.02168874
vt 0.03959614 0.9024816
vn 0.5166016 0.8554688 -0.01431274
vt 0.01953125 0.9023417
vn 0.5170898 0.8544922 -0.0375061
v -0.1858361 0.4765433 0.01613877
vt 0.05859375 0.9023438
vn 0.5146484 0.855957 0.03982544
vt 0.078125 0.9023438
vn 0.5136719 0.8549805 0.06542969
v -0.2160099 0.4939992 -0.02388379
vt 0.0390625 0.8828125
vn 0.467041 0.8837891 -0.01515961
vt 0.01953125 0.8828125
vn 0.4675293 0.8828125 -0.0395813
v -0.2169447 0.4939992 0.01539843
vt 0.05859375 0.8828125
vn 0.4648438 0.8842773 0.03781128
vt 0.07811153 0.8828125
vn 0.463623 0.8833008 0.06347656
v -0.2450826 0.5082762 -0.025971
vt 0.0390625 0.8654999
vn 0.434082 0.9003906 -0.01643372
vt 0.01953125 0.8654999
vn 0.4375 0.8979492 -0.04086304
vt 0.02145153 0.8632813
vn 0.3603516 0.9316406 -0.04434204
vt 0.03906256 0.8632813
vn 0.3728027 0.9272461 -0.01728821
v -0.2460506 0.5082762 0.0147058
vt 0.05859375 0.8654999
vn 0.432373 0.9003906 0.03662109
vt 0.07811153 0.8654999
vn 0.4338379 0.8984375 0.06240845
vt 0.05859375 0.8632813
vn 0.371582 0.9272461 0.03500366
vt 0.07629704 0.8632813
vn 0.357666 0.9316406 0.0614624
vt 0.5383077 0.3813131
vt 0.5308329 0.3927247
vt 0.513993 0.3902754
vn 0.1361084 0.8793945 -0.4558105
v 0.02583743 0.3825866 -0.1616001
vt 0.5146145 0.3945313
vn 0.1287842 0.8642578 -0.4853516
v 0.0305968 0.3649311 -0.1901765
vt 0.517071 0.4128842
vn 0.1099243 0.862793 -0.4931641
vt 0.534076 0.4131564
vn 0.1572266 0.8623047 -0.4807129
v 9.486769E-22 0.3831797 -0.1637195
vt 0.5 0.3952688
vn 0 0.8554688 -0.5175781
v 0.03385964 0.3446849 -0.2252589
vt 0.5187346 0.4349963
vn 0.1019287 0.8476563 -0.5200195
vt 0.5374594 0.4348067
vn 0.1491699 0.8417969 -0.5180664
v -3.430295E-22 0.3663009 -0.1912218
vt 0.5 0.4129015
vn 0 0.8618164 -0.5068359
v 0.03586344 0.3245997 -0.2551848
vt 0.519895 0.4547507
vn 0.1019897 0.8183594 -0.5649414
vt 0.539636 0.4546999
vn 0.1512451 0.8139648 -0.5600586
v -4.402686E-22 0.3461298 -0.2263588
vt 0.5 0.4349963
vn 0 0.8505859 -0.5253906
v -2.493813E-22 0.326119 -0.2564718
vt 0.5 0.4547507
vn 0 0.8212891 -0.5703125
v 0.03645633 0.3038525 -0.2841037
vt 0.5204487 0.4743773
vn 0.100647 0.8007813 -0.5898438
vt 0.5410115 0.4726563
vn 0.1525879 0.8017578 -0.5766602
vt 0.5390625 0.4751337
vn 0.1650391 0.6835938 -0.7104492
vt 0.5203342 0.4765625
vn 0.1013794 0.7216797 -0.684082
v -3.024738E-22 0.3047022 -0.2858342
vt 0.5 0.4743773
vn 0 0.8041992 -0.59375
vt 0.5 0.4765625
vn 0 0.7504883 -0.6606445
vt 0.4796658 0.4765625
vn -0.1013794 0.7216797 -0.684082
v -0.03645633 0.3038525 -0.2841037
vt 0.4795513 0.4743773
vn -0.100647 0.8007813 -0.5898438
vt 0.4609375 0.4751337
vn -0.1650391 0.6835938 -0.7104492
vt 0.4589885 0.4726563
vn -0.1525879 0.8017578 -0.5766602
vt 0.460364 0.4546999
vn -0.1512451 0.8139648 -0.5600586
v -0.03586344 0.3245997 -0.2551848
vt 0.480105 0.4547507
vn -0.1019897 0.8183594 -0.5649414
vt 0.4625406 0.4348067
vn -0.1491699 0.8417969 -0.5180664
v -0.03385964 0.3446849 -0.2252589
vt 0.4812654 0.4349963
vn -0.1019287 0.8476563 -0.5200195
vt 0.465924 0.4131564
vn -0.1572266 0.8623047 -0.4807129
v -0.0305968 0.3649311 -0.1901765
vt 0.482929 0.4128842
vn -0.1099243 0.862793 -0.4931641
vt 0.4691671 0.3927247
v -0.02583743 0.3825866 -0.1616001
vt 0.4853855 0.3945313
vn -0.1287842 0.8642578 -0.4853516
vt 0.486007 0.3902754
vn -0.1361084 0.8793945 -0.4558105
vt 0.4616923 0.3813131
v 9.486769E-22 0.3869838 -0.1571732
vt 0.5 0.3911343
vn 0 0.8642578 -0.5024414
vt 0.4931118 0.3789865
vn -0.05899048 0.8798828 -0.4711914
vt 0.5068882 0.3789865
vn 0.05899048 0.8798828 -0.4711914
v 9.486769E-22 0.3976758 -0.1387735
vt 0.5 0.3793404
vn 0 0.8881836 -0.4589844
vt 0.5 0.3632813
vn 0 0.9365234 -0.3498535
vt 0.9375 0.6171875
vn -0.3449707 0.8388672 -0.420166
v 0.127917 0.524138 0.1875757
vt 0.9375 0.619559
vn -0.3781738 0.8037109 -0.4589844
vt 0.9145814 0.6171875
vn -0.3574219 0.8461914 -0.3945313
vt 0.9122939 0.619559
vn -0.3977051 0.8022461 -0.4440918
vt 0.9617137 0.6171875
vn -0.3061523 0.8374023 -0.4523926
v 0.1094559 0.5033808 0.1670296
vt 0.9375 0.6385786
vn -0.3991699 0.7788086 -0.4833984
vt 0.9118232 0.6386241
vn -0.4172363 0.7788086 -0.4675293
v 0.1592577 0.522754 0.1615338
vt 0.961727 0.619559
vn -0.3400879 0.8017578 -0.4909668
vt 0.9822215 0.6171875
vn -0.2783203 0.8427734 -0.4604492
vt 0.984375 0.619559
vn -0.3217773 0.7988281 -0.5078125
v 0.1413545 0.501972 0.1405241
vt 0.961727 0.6385553
vn -0.361084 0.7768555 -0.5151367
vt 0.984375 0.6385741
vn -0.3415527 0.7753906 -0.5302734
v 0.1224925 0.4771557 0.1185053
vt 0.961727 0.6593919
vn -0.3815918 0.7490234 -0.5405273
vt 0.984375 0.6593172
vn -0.3618164 0.7460938 -0.5581055
v 0.08996759 0.4785921 0.1455312
vt 0.9375 0.6593952
vn -0.4194336 0.7524414 -0.5068359
vt 0.9112484 0.6592569
vn -0.4362793 0.7529297 -0.4919434
v 0.1038776 0.4516973 0.097066
vt 0.961727 0.6796875
vn -0.3776855 0.7553711 -0.5351563
vt 0.984375 0.6796875
vn -0.354248 0.753418 -0.5537109
vt 0.9837803 0.6942835
v 0.07096989 0.4531506 0.1244099
vt 0.9375 0.6796875
vn -0.4208984 0.7543945 -0.5029297
vt 0.9101379 0.6796646
vn -0.4389648 0.7524414 -0.4902344
v 0.0869373 0.4305933 0.07765075
vt 0.961727 0.6981484
vn -0.4091797 0.7148438 -0.5664063
vt 0.9791571 0.7158604
v 0.05235822 0.4289317 0.1022592
vt 0.9375 0.7005868
vn -0.4484863 0.7109375 -0.5410156
vt 0.9089372 0.7023733
vn -0.4643555 0.7089844 -0.5297852
v 0.07422123 0.4073007 0.0637231
vt 0.961727 0.7144642
vn -0.5444336 0.4980469 -0.6743164
vt 0.9765692 0.7304688
vt 0.961345 0.7304688
vn -0.6386719 0.2663574 -0.7211914
v 0.04122312 0.4071082 0.08918251
vt 0.9375 0.7158275
vn -0.4968262 0.5151367 -0.6977539
vt 0.90625 0.7165015
vn 0 0.6572266 -0.7529297
vt 0.9387367 0.731646
vn -0.4924316 0.3867188 -0.7792969
vt 0.9172599 0.7357587
vn 0 0.5483398 -0.8359375
vt 0.5180209 0.1346344
vn 0.03756714 -0.8222656 -0.5668945
vt 0.5231526 0.1328169
v 0.03220444 0.3369181 0.1553849
vt 0.5180441 0.1425171
vn 0.04901123 -0.8076172 -0.5869141
vt 0.5318253 0.1491629
vt 0.5 0.1400416
vn 0 -0.8066406 -0.5908203
v 0.03368942 0.322248 0.1747912
vt 0.5188869 0.15625
vn 0.05221558 -0.7915039 -0.6083984
vt 0.5328702 0.15625
vn 0.07214355 -0.7827148 -0.6176758
v 9.486769E-22 0.3332059 0.1576375
vt 0.5 0.1445313
vn 0 -0.8027344 -0.5957031
v -0.03220444 0.3369181 0.1553849
vt 0.4819559 0.1425171
vn -0.04901123 -0.8076172 -0.5869141
vt 0.4819791 0.1346344
vn -0.03756714 -0.8222656 -0.5668945
vt 0.4768474 0.1328169
vt 0.4681747 0.1491629
v -0.03368942 0.322248 0.1747912
vt 0.4811131 0.15625
vn -0.05221558 -0.7915039 -0.6083984
vt 0.4671298 0.15625
vn -0.07214355 -0.7827148 -0.6176758
v 3.04497E-22 0.3209715 0.1744231
vt 0.5 0.15625
vn 0 -0.7978516 -0.6025391
v 9.43065E-22 0.3038903 0.1970767
vt 0.5 0.171875
vn 0 -0.7817383 -0.6235352
v -0.03545078 0.3049142 0.1973373
vt 0.480261 0.171875
vn -0.04217529 -0.7768555 -0.6279297
vt 0.4620793 0.171875
vn -0.05575562 -0.7705078 -0.6342773
v 0.03545078 0.3049142 0.1973373
vt 0.519739 0.171875
vn 0.04217529 -0.7768555 -0.6279297
vt 0.5379207 0.171875
vn 0.05575562 -0.7705078 -0.6342773
v 1.584814E-21 0.2826674 0.2228435
vt 0.5 0.1901981
vn 0 -0.7475586 -0.6640625
v -0.03713521 0.2837234 0.2229725
vt 0.479515 0.1901981
vn -0.03878784 -0.7475586 -0.6625977
vt 0.4577177 0.1901708
vn -0.05447388 -0.7456055 -0.6635742
v 0.03713521 0.2837234 0.2229725
vt 0.520485 0.1901981
vn 0.03878784 -0.7475586 -0.6625977
vt 0.5422823 0.1901708
vn 0.05447388 -0.7456055 -0.6635742
v 1.88811E-21 0.2597091 0.2470113
vt 0.5 0.2085
vn 0 -0.7216797 -0.6918945
v -0.03978921 0.2613252 0.2466279
vt 0.4780725 0.2079836
vn -0.04031372 -0.7255859 -0.6865234
vt 0.4553303 0.2052256
vn -0.05773926 -0.7294922 -0.6806641
vt 0.4575869 0.2070313
vn -0.06848145 -0.7202148 -0.6899414
vt 0.478061 0.2102016
vn -0.04257202 -0.7084961 -0.7036133
vt 0.5 0.2109375
vn 0 -0.6987305 -0.7148438
vt 0.521939 0.2102016
vn 0.04257202 -0.7084961 -0.7036133
v 0.03978921 0.2613252 0.2466279
vt 0.5219275 0.2079836
vn 0.04031372 -0.7255859 -0.6865234
vt 0.5424131 0.2070313
vn 0.06848145 -0.7202148 -0.6899414
vt 0.5446697 0.2052256
vn 0.05773926 -0.7294922 -0.6806641
v 0.2476082 0.2709982 -0.01784793
vt 0.8638634 0.6149582
vn -0.6513672 -0.7578125 0.02461243
vt 0.8823863 0.6171875
vn -0.7138672 -0.6982422 0.05096436
vt 0.8638634 0.6171875
vn -0.7050781 -0.7080078 0.02507019
vt 0.84375 0.6171875
vn -0.7050781 -0.7080078 -0.02507019
vt 0.8842707 0.6149384
vn -0.6484375 -0.7592773 0.04946899
v 0.2476083 0.2709983 0.02306735
vt 0.84375 0.6149486
vn -0.6513672 -0.7578125 -0.02459717
vt 0.8244944 0.6171875
vn -0.7133789 -0.6982422 -0.05096436
vt 0.8223588 0.6149384
vn -0.6484375 -0.7592773 -0.04946899
v 0.2232697 0.2914982 -0.01841384
vt 0.8638635 0.5976563
vn -0.6196289 -0.7841797 0.02484131
vt 0.885581 0.598192
vn -0.6191406 -0.7832031 0.04904175
v 0.2232697 0.2914982 0.02363322
vt 0.84375 0.5976563
vn -0.6196289 -0.7841797 -0.02487183
vt 0.8217952 0.596998
vn -0.6191406 -0.7836914 -0.04898071
v 0.1940566 0.3132973 -0.01826659
vt 0.8641654 0.578125
vn -0.5761719 -0.8164063 0.0247345
vt 0.8860899 0.578125
vn -0.5751953 -0.815918 0.04840088
v 0.1940567 0.3132974 0.02328942
vt 0.84375 0.5781251
vn -0.5756836 -0.8168945 -0.02497864
vt 0.8211687 0.5768116
vn -0.5742188 -0.8168945 -0.04782104
vt 0.8205927 0.5625
vn -0.5292969 -0.8466797 -0.04699707
v 0.172006 0.327658 0.02131923
vt 0.8442491 0.5625
vn -0.5327148 -0.8457031 -0.02641296
v 0.1720059 0.3276579 -0.01818686
vt 0.8641902 0.5625
vn -0.5351563 -0.8442383 0.02616882
vt 0.8867188 0.5625
vn -0.5336914 -0.8442383 0.04846191
v 0.1560613 0.3374333 0.01927602
vt 0.8452532 0.5529186
vn -0.503418 -0.8632813 -0.02914429
vt 0.8203125 0.5485321
vt 0.8238223 0.5405059
vt 0.8458726 0.5478
vn -0.4758301 -0.8789063 -0.03057861
v 0.1563555 0.3372623 -0.01805874
vt 0.8638815 0.553085
vn -0.5136719 -0.8574219 0.02835083
vt 0.8867188 0.5498244
vt 0.8640043 0.5477587
vn -0.4992676 -0.8657227 0.0302124
vt 0.8839231 0.5432784
v 0.04166244 0.2980874 0.285285
vt 0.5226594 0.2334221
vn 0.0925293 0.7543945 0.6494141
vt 0.5427911 0.2341841
vn 0.166626 0.6181641 0.7675781
vt 0.5450225 0.2364958
vn 0.1391602 0.7592773 0.6352539
vt 0.5425642 0.2530337
vn 0.1429443 0.777832 0.6113281
vt 0.5225249 0.2311876
vn 0.09790039 0.6655273 0.7397461
v 0.0396772 0.3209779 0.2580428
vt 0.5215332 0.2524809
vn 0.09667969 0.7783203 0.6201172
vt 0.5381315 0.2727746
vn 0.1553955 0.8085938 0.5664063
v 1.886781E-21 0.2987007 0.2874226
vt 0.5 0.2329496
vn 0 0.7568359 0.652832
vt 0.5 0.2304688
vn 0 0.6972656 0.7163086
vt 0.4774751 0.2311876
vn -0.09790039 0.6655273 0.7397461
v 0.03665429 0.3430976 0.2296299
vt 0.5198855 0.2720121
vn 0.1068726 0.8110352 0.574707
vt 0.5320185 0.2951273
vn 0.1767578 0.8422852 0.5083008
v 1.583637E-21 0.3223039 0.259788
vt 0.5 0.2524809
vn 0 0.7763672 0.6298828
v -0.04166244 0.2980874 0.285285
vt 0.4773406 0.2334221
vn -0.0925293 0.7543945 0.6494141
vt 0.4572089 0.2341841
vn -0.166626 0.6181641 0.7675781
vt 0.4549775 0.2364958
vn -0.1391602 0.7592773 0.6352539
vt 0.4574358 0.2530337
vn -0.1429443 0.777832 0.6113281
v -0.0396772 0.3209779 0.2580428
vt 0.4784668 0.2524809
vn -0.09667969 0.7783203 0.6201172
vt 0.4618685 0.2727746
vn -0.1553955 0.8085938 0.5664063
v -0.03665429 0.3430976 0.2296299
vt 0.4801145 0.2720121
vn -0.1068726 0.8110352 0.574707
vt 0.4679815 0.2951273
vn -0.1767578 0.8422852 0.5083008
v 9.423706E-22 0.3445624 0.231297
vt 0.5 0.2720121
vn 0 0.8100586 0.5859375
v -0.03152807 0.3657999 0.1961345
vt 0.4828407 0.2949621
vn -0.1188354 0.8447266 0.5214844
vt 0.4733179 0.3157864
v 0.03152807 0.3657999 0.1961345
vt 0.5171593 0.2949621
vn 0.1188354 0.8447266 0.5214844
vt 0.5266821 0.3157864
v 3.046336E-22 0.3673525 0.1978027
vt 0.5 0.2946855
vn 0 0.8432617 0.5371094
v -0.02672722 0.3848544 0.1647168
vt 0.4853767 0.315259
vn -0.1218262 0.8637695 0.4887695
vt 0.4845036 0.3203261
v 0.02672722 0.3848544 0.1647168
vt 0.5146233 0.315259
vn 0.1218262 0.8637695 0.4887695
vt 0.5154964 0.3203261
v 9.486769E-22 0.3860178 0.1660193
vt 0.5 0.3149734
vn 0 0.8637695 0.5029297
v 9.486769E-22 0.3905993 0.1574835
vt 0.5 0.3203422
vn 0 0.8779297 0.4785156
vt 0.4916264 0.3294112
vn -0.05090332 0.8881836 0.4555664
vt 0.5083736 0.3294112
vn 0.05090332 0.8881836 0.4555664
v 9.486769E-22 0.3980694 0.143566
vt 0.5 0.3290769
vn 0 0.8974609 0.4406738
vt 0.5 0.3421004
vn 0 0.9321289 0.3613281
vt 0.08541864 0.6171875
vn 0.3574219 0.8461914 -0.3945313
v -0.127917 0.524138 0.1875757
vt 0.0625 0.619559
vn 0.3781738 0.8037109 -0.4589844
vt 0.0625 0.6171875
vn 0.3449707 0.8388672 -0.420166
vt 0.03828633 0.6171875
vn 0.3061523 0.8374023 -0.4523926
vt 0.08770609 0.619559
vn 0.3977051 0.8022461 -0.4440918
v -0.1592577 0.522754 0.1615338
vt 0.03827298 0.619559
vn 0.3400879 0.8017578 -0.4909668
vt 0.01777851 0.6171875
vn 0.2783203 0.8427734 -0.4604492
vt 0.015625 0.619559
vn 0.3217773 0.7988281 -0.5078125
v -0.1094559 0.5033808 0.1670296
vt 0.0625 0.6385786
vn 0.3991699 0.7788086 -0.4833984
vt 0.08817685 0.6386241
vn 0.4172363 0.7788086 -0.4675293
v -0.1413545 0.501972 0.1405241
vt 0.03827298 0.6385553
vn 0.361084 0.7768555 -0.5151367
vt 0.015625 0.6385741
vn 0.3415527 0.7753906 -0.5302734
v -0.08996759 0.4785921 0.1455312
vt 0.0625 0.6593952
vn 0.4194336 0.7524414 -0.5068359
v -0.1224925 0.4771557 0.1185053
vt 0.03827298 0.6593919
vn 0.3815918 0.7490234 -0.5405273
vt 0.015625 0.6593172
vn 0.3618164 0.7460938 -0.5581055
vt 0.08875155 0.6592569
vn 0.4362793 0.7529297 -0.4919434
v -0.1038776 0.4516973 0.097066
vt 0.03827298 0.6796875
vn 0.3776855 0.7553711 -0.5351563
vt 0.015625 0.6796875
vn 0.354248 0.753418 -0.5537109
vt 0.01621968 0.6942835
v -0.07096989 0.4531506 0.1244099
vt 0.0625 0.6796875
vn 0.4208984 0.7543945 -0.5029297
vt 0.08986211 0.6796646
vn 0.4389648 0.7524414 -0.4902344
v -0.0869373 0.4305933 0.07765075
vt 0.03827298 0.6981484
vn 0.4091797 0.7148438 -0.5664063
vt 0.02084291 0.7158604
v -0.05235822 0.4289317 0.1022592
vt 0.0625 0.7005868
vn 0.4484863 0.7109375 -0.5410156
vt 0.09106278 0.7023733
vn 0.4643555 0.7089844 -0.5297852
v -0.07422123 0.4073007 0.0637231
vt 0.03827298 0.7144642
vn 0.5444336 0.4980469 -0.6743164
vt 0.02343076 0.7304688
vt 0.03865498 0.7304688
vn 0.6386719 0.2663574 -0.7211914
v -0.04122312 0.4071082 0.08918251
vt 0.0625 0.7158275
vn 0.4968262 0.5151367 -0.6977539
vt 0.09375 0.7165015
vt 0.06126332 0.731646
vn 0.4924316 0.3867188 -0.7792969
vt 0.08274013 0.7357587
vt 0.1176137 0.6171875
vn 0.7138672 -0.6982422 0.05096436
v -0.2476082 0.2709982 -0.01784793
vt 0.1361366 0.6149582
vn 0.6513672 -0.7578125 0.02461243
vt 0.1361366 0.6171875
vn 0.7050781 -0.7080078 0.02507019
vt 0.15625 0.6171875
vn 0.7050781 -0.7080078 -0.02507019
vt 0.1157293 0.6149384
vn 0.6484375 -0.7592773 0.04946899
v -0.2476083 0.2709983 0.02306735
vt 0.15625 0.6149486
vn 0.6513672 -0.7578125 -0.02459717
vt 0.1755056 0.6171875
vn 0.7133789 -0.6982422 -0.05096436
vt 0.1776412 0.6149384
vn 0.6484375 -0.7592773 -0.04946899
v -0.2232697 0.2914982 -0.01841384
vt 0.1361365 0.5976563
vn 0.6196289 -0.7841797 0.02484131
vt 0.114419 0.598192
vn 0.6191406 -0.7832031 0.04904175
v -0.2232697 0.2914982 0.02363322
vt 0.15625 0.5976563
vn 0.6196289 -0.7841797 -0.02487183
vt 0.1782048 0.596998
vn 0.6191406 -0.7836914 -0.04898071
v -0.1940566 0.3132973 -0.01826659
vt 0.1358346 0.578125
vn 0.5761719 -0.8164063 0.0247345
vt 0.1139101 0.578125
vn 0.5751953 -0.815918 0.04840088
v -0.1940567 0.3132974 0.02328942
vt 0.15625 0.5781251
vn 0.5756836 -0.8168945 -0.02497864
vt 0.1788313 0.5768116
vn 0.5742188 -0.8168945 -0.04782104
vt 0.1794073 0.5625
vn 0.5292969 -0.8466797 -0.04699707
v -0.172006 0.327658 0.02131923
vt 0.1557509 0.5625
vn 0.5327148 -0.8457031 -0.02641296
v -0.1720059 0.3276579 -0.01818686
vt 0.1358098 0.5625
vn 0.5351563 -0.8442383 0.02616882
vt 0.1132813 0.5625
vn 0.5336914 -0.8442383 0.04846191
v -0.1560613 0.3374333 0.01927602
vt 0.1547468 0.5529186
vn 0.503418 -0.8632813 -0.02914429
vt 0.1796875 0.5485321
vt 0.1761777 0.5405059
vt 0.1541274 0.5478
vn 0.4758301 -0.8789063 -0.03057861
v -0.1563555 0.3372623 -0.01805874
vt 0.1361185 0.553085
vn 0.5136719 -0.8574219 0.02835083
vt 0.1132813 0.5498244
vt 0.1359957 0.5477587
vn 0.4992676 -0.8657227 0.0302124
vt 0.1160769 0.5432784
o pm0204_00_00_body_mesh_shape_body
g polygon_0
usemtl body
f 1/1/1 2/2/2 3/3/3
f 3/3/3 2/2/2 4/4/4
f 5/5/5 4/4/4 2/2/2
f 6/6/6 4/4/4 5/5/5
f 5/5/5 7/7/7 6/6/6
f 8/8/8 7/7/7 5/5/5
f 7/7/7 9/9/9 6/6/6
f 8/8/8 10/10/10 7/7/7
f 11/11/11 9/9/9 7/7/7
f 9/9/9 11/11/11 12/12/12
f 11/11/11 13/13/13 12/12/12
f 7/7/7 10/10/10 14/14/14
f 7/7/7 14/14/14 11/11/11
f 15/15/15 14/14/14 10/10/10
f 13/13/13 11/11/11 16/16/16
f 17/17/17 14/14/14 15/15/15
f 18/18/18 17/17/17 15/15/15
f 11/11/11 14/14/14 19/19/19
f 17/17/17 19/19/19 14/14/14
f 19/19/19 20/20/20 11/11/11
f 11/11/11 20/20/20 16/16/16
f 21/21/21 19/19/19 17/17/17
f 21/21/21 20/20/20 19/19/19
f 22/22/18 17/17/17 18/18/18
f 22/22/18 21/21/21 17/17/17
f 18/18/18 23/23/22 22/22/18
f 24/24/23 23/23/22 18/18/18
f 25/25/24 21/21/21 22/22/18
f 24/24/23 26/26/25 23/23/22
f 27/27/26 26/26/25 24/24/23
f 23/23/22 28/28/27 22/22/18
f 22/22/18 28/28/27 25/25/24
f 26/26/25 29/29/28 23/23/22
f 23/23/22 29/29/28 28/28/27
f 27/27/26 30/30/29 26/26/25
f 31/31/30 30/30/29 27/27/26
f 32/32/31 30/30/29 31/31/30
f 26/26/25 33/33/32 29/29/28
f 30/30/29 33/33/32 26/26/25
f 34/34/33 28/28/27 29/29/28
f 33/33/32 34/34/33 29/29/28
f 35/35/34 30/30/29 32/32/31
f 32/32/31 36/36/35 35/35/34
f 35/35/34 37/37/36 30/30/29
f 30/30/29 37/37/36 33/33/32
f 38/38/37 36/36/35 32/32/31
f 37/37/36 39/39/38 33/33/32
f 36/36/35 38/38/37 40/40/39
f 40/40/39 38/38/37 41/41/40
f 39/39/38 42/42/41 33/33/32
f 42/42/41 43/43/42 33/33/32
f 43/43/42 34/34/33 33/33/32
f 44/44/43 28/28/27 34/34/33
f 44/44/43 25/25/24 28/28/27
f 34/34/33 43/43/42 45/45/44
f 45/45/44 44/44/43 34/34/33
f 45/45/44 43/43/42 46/46/45
f 47/47/46 46/46/45 43/43/42
f 48/48/47 44/44/43 45/45/44
f 49/49/48 46/46/45 47/47/46
f 50/50/49 45/45/44 46/46/45
f 50/50/49 46/46/45 49/49/48
f 49/49/48 47/47/46 51/51/50
f 51/51/50 47/47/46 52/52/51
f 53/53/52 49/49/48 51/51/50
f 50/50/49 49/49/48 53/53/52
f 52/52/51 54/54/53 51/51/50
f 53/53/52 51/51/50 54/54/53
f 55/55/54 45/45/44 50/50/49
f 55/55/54 48/48/47 45/45/44
f 56/56/55 50/50/49 53/53/52
f 57/57/56 55/55/54 50/50/49
f 57/57/56 50/50/49 56/56/55
f 56/56/55 53/53/52 58/58/57
f 59/59/58 57/57/56 56/56/55
f 59/59/58 56/56/55 60/60/59
f 60/60/59 56/56/55 58/58/57
f 61/61/60 57/57/56 59/59/58
f 60/60/59 58/58/57 62/62/61
f 61/61/60 63/63/62 57/57/56
f 63/63/62 55/55/54 57/57/56
f 64/64/63 63/63/62 61/61/60
f 65/65/64 63/63/62 64/64/63
f 62/62/61 58/58/57 66/66/65
f 62/62/61 66/66/65 67/67/66
f 68/68/67 63/63/62 65/65/64
f 68/68/67 55/55/54 63/63/62
f 67/67/66 66/66/65 69/69/68
f 67/67/66 69/69/68 70/70/69
f 58/58/57 71/71/70 66/66/65
f 58/58/57 53/53/52 71/71/70
f 53/53/52 54/54/53 71/71/70
f 66/66/65 72/72/71 69/69/68
f 66/66/65 71/71/70 72/72/71
f 70/70/69 69/69/68 73/73/72
f 71/71/70 54/54/53 74/74/73
f 69/69/68 75/75/74 73/73/72
f 69/69/68 72/72/71 75/75/74
f 76/76/75 70/70/69 73/73/72
f 77/77/76 70/70/69 76/76/75
f 73/73/72 75/75/74 78/78/77
f 79/79/78 77/77/76 76/76/75
f 80/80/79 77/77/76 79/79/78
f 76/76/75 73/73/72 81/81/80
f 81/81/80 73/73/72 78/78/77
f 79/79/78 76/76/75 82/82/81
f 82/82/81 76/76/75 81/81/80
f 83/83/82 80/80/79 79/79/78
f 84/84/83 80/80/79 83/83/82
f 83/83/82 79/79/78 85/85/84
f 85/85/84 79/79/78 82/82/81
f 86/86/85 84/84/83 83/83/82
f 87/87/86 84/84/83 86/86/85
f 86/86/85 83/83/82 88/88/87
f 88/88/87 83/83/82 85/85/84
f 89/89/88 87/87/86 86/86/85
f 90/90/89 87/87/86 89/89/88
f 89/89/88 86/86/85 91/91/90
f 91/91/90 86/86/85 88/88/87
f 92/92/91 90/90/89 89/89/88
f 93/93/92 90/90/89 92/92/91
f 93/93/92 92/92/91 65/65/64
f 65/65/64 92/92/91 68/68/67
f 92/92/91 89/89/88 94/94/93
f 92/92/91 94/94/93 68/68/67
f 94/94/93 89/89/88 91/91/90
f 68/68/67 94/94/93 95/95/94
f 95/95/94 55/55/54 68/68/67
f 95/95/94 48/48/47 55/55/54
f 94/94/93 96/96/95 95/95/94
f 97/97/96 48/48/47 95/95/94
f 95/95/94 96/96/95 97/97/96
f 97/97/96 98/98/97 48/48/47
f 97/97/96 96/96/95 98/98/97
f 48/48/47 98/98/97 44/44/43
f 98/98/97 25/25/24 44/44/43
f 98/98/97 99/99/98 25/25/24
f 98/98/97 96/96/95 99/99/98
f 25/25/24 99/99/98 21/21/21
f 99/99/98 20/20/20 21/21/21
f 96/96/95 100/100/99 99/99/98
f 99/99/98 100/100/99 20/20/20
f 94/94/93 100/100/99 96/96/95
f 94/94/93 91/91/90 100/100/99
f 100/100/99 16/16/16 20/20/20
f 101/101/100 16/16/16 100/100/99
f 100/100/99 91/91/90 101/101/100
f 101/101/100 102/102/101 16/16/16
f 91/91/90 103/103/102 101/101/100
f 103/103/102 102/102/101 101/101/100
f 91/91/90 88/88/87 103/103/102
f 104/104/103 102/102/101 103/103/102
f 103/103/102 88/88/87 104/104/103
f 105/105/104 102/102/101 104/104/103
f 88/88/87 106/106/105 104/104/103
f 106/106/105 105/105/104 104/104/103
f 88/88/87 85/85/84 106/106/105
f 107/107/106 105/105/104 106/106/105
f 106/106/105 85/85/84 108/108/107
f 106/106/105 109/109/108 107/107/106
f 108/108/107 109/109/108 106/106/105
f 85/85/84 110/110/109 108/108/107
f 82/82/81 110/110/109 85/85/84
f 109/109/108 108/108/107 111/111/110
f 111/111/110 108/108/107 110/110/109
f 109/109/108 112/112/111 107/107/106
f 110/110/109 113/113/112 111/111/110
f 114/114/113 109/109/108 111/111/110
f 112/112/111 109/109/108 114/114/113
f 111/111/110 115/115/114 114/114/113
f 114/114/113 115/115/114 116/116/115
f 117/117/116 114/114/113 116/116/115
f 118/118/117 113/113/112 110/110/109
f 118/118/117 110/110/109 82/82/81
f 118/118/117 119/119/118 113/113/112
f 82/82/81 119/119/118 118/118/117
f 113/113/112 119/119/118 120/120/119
f 82/82/81 121/121/120 119/119/118
f 119/119/118 121/121/120 120/120/119
f 81/81/80 121/121/120 82/82/81
f 114/114/113 117/117/116 122/122/121
f 122/122/121 112/112/111 114/114/113
f 122/122/121 117/117/116 123/123/122
f 124/124/123 122/122/121 123/123/122
f 125/125/124 122/122/121 124/124/123
f 125/125/124 126/126/125 122/122/121
f 126/126/125 112/112/111 122/122/121
f 127/127/126 126/126/125 125/125/124
f 128/128/127 126/126/125 127/127/126
f 126/126/125 129/129/128 112/112/111
f 107/107/106 112/112/111 129/129/128
f 107/107/106 129/129/128 105/105/104
f 130/130/129 126/126/125 128/128/127
f 130/130/129 129/129/128 126/126/125
f 105/105/104 129/129/128 131/131/130
f 130/130/129 131/131/130 129/129/128
f 105/105/104 131/131/130 132/132/131
f 131/131/130 12/133/12 132/132/131
f 9/134/9 12/133/12 131/131/130
f 131/131/130 133/135/132 9/134/9
f 133/135/132 131/131/130 130/130/129
f 9/134/9 133/135/132 6/136/6
f 130/130/129 128/128/127 134/137/133
f 134/137/133 133/135/132 130/130/129
f 134/137/133 128/128/127 135/138/134
f 136/139/135 6/136/6 133/135/132
f 136/139/135 133/135/132 134/137/133
f 4/140/4 6/136/6 136/139/135
f 134/137/133 135/138/134 137/141/136
f 137/141/136 135/138/134 138/142/137
f 137/141/136 138/142/137 139/143/138
f 137/141/136 140/144/139 134/137/133
f 134/137/133 140/144/139 136/139/135
f 136/139/135 140/144/139 4/140/4
f 4/140/4 140/144/139 3/145/3
f 81/81/80 141/146/140 121/121/120
f 81/81/80 78/78/77 141/146/140
f 141/146/140 142/147/141 121/121/120
f 141/146/140 78/78/77 143/148/142
f 141/146/140 143/148/142 142/147/141
f 78/78/77 144/149/143 143/148/142
f 75/75/74 144/149/143 78/78/77
f 121/121/120 142/147/141 145/150/144
f 120/120/119 121/121/120 145/150/144
f 75/75/74 146/151/145 144/149/143
f 72/72/71 146/151/145 75/75/74
f 144/149/143 147/152/146 143/148/142
f 146/151/145 147/152/146 144/149/143
f 142/147/141 143/148/142 148/153/147
f 143/148/142 147/152/146 148/153/147
f 142/147/141 149/154/148 145/150/144
f 142/147/141 148/153/147 149/154/148
f 150/155/149 120/120/119 145/150/144
f 145/150/144 149/154/148 150/155/149
f 151/156/150 120/120/119 150/155/149
f 152/157/151 120/120/119 151/156/150
f 116/158/115 152/157/151 151/156/150
f 117/159/116 116/158/115 151/156/150
f 117/159/116 151/156/150 153/160/152
f 151/156/150 150/155/149 153/160/152
f 123/161/122 117/159/116 153/160/152
f 123/161/122 154/162/153 124/163/123
f 153/160/152 154/162/153 123/161/122
f 153/160/152 155/164/154 154/162/153
f 153/160/152 150/155/149 156/165/155
f 150/155/149 149/154/148 156/165/155
f 157/166/156 155/164/154 153/160/152
f 158/167/157 155/164/154 157/166/156
f 158/167/157 157/166/156 159/168/158
f 157/166/156 153/160/152 160/169/159
f 159/168/158 157/166/156 160/169/159
f 160/169/159 153/160/152 156/165/155
f 159/168/158 160/169/159 161/170/160
f 161/170/160 160/169/159 162/171/161
f 160/169/159 156/165/155 162/171/161
f 161/170/160 162/171/161 163/172/162
f 162/171/161 156/165/155 164/173/163
f 156/165/155 149/154/148 164/173/163
f 163/172/162 162/171/161 165/174/162
f 162/171/161 164/173/163 165/174/162
f 149/154/148 166/175/164 164/173/163
f 149/154/148 148/153/147 166/175/164
f 165/174/162 164/173/163 167/176/165
f 164/173/163 166/175/164 167/176/165
f 165/174/162 168/177/166 163/172/162
f 163/172/162 168/177/166 169/178/167
f 167/176/165 170/179/168 165/174/162
f 166/175/164 170/179/168 167/176/165
f 165/174/162 170/179/168 168/177/166
f 148/153/147 171/180/169 166/175/164
f 171/180/169 170/179/168 166/175/164
f 147/152/146 171/180/169 148/153/147
f 170/179/168 172/181/170 168/177/166
f 171/180/169 172/181/170 170/179/168
f 168/177/166 173/182/171 169/178/167
f 168/177/166 172/181/170 173/182/171
f 169/178/167 173/182/171 174/183/172
f 175/184/173 171/180/169 147/152/146
f 175/184/173 147/152/146 146/151/145
f 173/182/171 176/185/174 174/183/172
f 174/183/172 176/185/174 177/186/175
f 177/186/175 176/185/174 178/187/176
f 173/182/171 179/188/177 176/185/174
f 176/185/174 179/188/177 178/187/176
f 172/181/170 179/188/177 173/182/171
f 178/187/176 179/188/177 180/189/178
f 180/189/178 181/190/179 182/191/180
f 179/188/177 181/190/179 180/189/178
f 181/190/179 179/188/177 183/192/181
f 184/193/182 179/188/177 172/181/170
f 184/193/182 172/181/170 171/180/169
f 184/193/182 171/180/169 175/184/173
f 183/192/181 179/188/177 185/194/183
f 185/194/183 179/188/177 184/193/182
f 183/192/181 185/194/183 186/195/184
f 186/195/184 185/194/183 187/196/185
f 187/196/185 185/194/183 188/197/186
f 185/194/183 184/193/182 188/197/186
f 188/197/186 184/193/182 175/184/173
f 175/184/173 146/151/145 188/197/186
f 188/197/186 146/151/145 189/198/187
f 189/198/187 146/151/145 72/72/71
f 189/198/187 190/199/188 188/197/186
f 72/72/71 191/200/189 189/198/187
f 191/200/189 190/199/188 189/198/187
f 72/72/71 192/201/190 191/200/189
f 192/201/190 190/199/188 191/200/189
f 71/71/70 192/201/190 72/72/71
f 193/202/191 190/199/188 192/201/190
f 71/71/70 74/74/73 192/201/190
f 74/74/73 193/202/191 192/201/190
f 194/203/192 193/202/191 74/74/73
f 74/74/73 54/54/53 194/203/192
f 194/203/192 195/204/193 193/202/191
f 193/202/191 195/204/193 196/205/194
f 195/204/193 186/206/184 196/205/194
f 183/207/181 186/206/184 195/204/193
f 194/203/192 54/54/53 197/208/195
f 197/208/195 54/54/53 52/52/51
f 198/209/196 195/204/193 194/203/192
f 197/208/195 198/209/196 194/203/192
f 199/210/197 183/207/181 195/204/193
f 195/204/193 198/209/196 199/210/197
f 181/211/179 183/207/181 199/210/197
f 181/211/179 199/210/197 182/212/180
f 182/212/180 199/210/197 200/213/198
f 201/214/199 200/213/198 199/210/197
f 199/210/197 198/209/196 201/214/199
f 202/215/200 200/213/198 201/214/199
f 201/214/199 203/216/201 202/215/200
f 204/217/202 198/209/196 197/208/195
f 204/217/202 201/214/199 198/209/196
f 52/52/51 204/217/202 197/208/195
f 205/218/203 203/216/201 201/214/199
f 205/218/203 201/214/199 204/217/202
f 206/219/204 204/217/202 52/52/51
f 204/217/202 206/219/204 205/218/203
f 52/52/51 207/220/205 206/219/204
f 206/219/204 207/220/205 39/221/38
f 37/222/36 206/219/204 39/221/38
f 206/219/204 37/222/36 208/223/206
f 205/218/203 206/219/204 208/223/206
f 208/223/206 37/222/36 35/224/34
f 205/218/203 209/225/207 203/216/201
f 205/218/203 208/223/206 209/225/207
f 203/216/201 209/225/207 210/226/208
f 208/223/206 35/224/34 211/227/209
f 209/225/207 208/223/206 211/227/209
f 211/227/209 35/224/34 36/228/35
f 212/229/210 210/226/208 209/225/207
f 213/230/211 210/226/208 212/229/210
f 212/229/210 214/231/212 213/230/211
f 212/229/210 209/225/207 215/232/213
f 215/232/213 209/225/207 211/227/209
f 211/227/209 36/228/35 215/232/213
f 215/232/213 36/228/35 40/233/39
f 216/234/214 217/235/214 218/236/215
f 218/236/215 217/235/214 219/237/216
f 220/238/217 218/236/215 219/237/216
f 219/237/216 221/239/218 220/238/217
f 222/240/219 218/236/215 220/238/217
f 220/238/217 221/239/218 223/241/220
f 220/238/217 224/242/221 222/240/219
f 220/238/217 223/241/220 225/243/222
f 225/243/222 224/242/221 220/238/217
f 225/243/222 223/241/220 226/244/223
f 225/243/222 227/245/224 224/242/221
f 226/244/223 228/246/225 225/243/222
f 228/246/225 227/245/224 225/243/222
f 229/247/226 228/246/225 226/244/223
f 227/245/224 228/246/225 230/248/227
f 229/247/226 231/249/228 228/246/225
f 230/248/227 228/246/225 231/249/228
f 232/250/229 231/249/228 229/247/226
f 230/248/227 231/249/228 233/251/230
f 231/249/228 232/250/229 234/252/231
f 233/251/230 231/249/228 234/252/231
f 234/252/231 232/250/229 235/253/232
f 233/251/230 234/252/231 236/254/233
f 234/252/231 235/253/232 237/255/234
f 236/254/233 234/252/231 237/255/234
f 237/255/234 235/253/232 238/256/235
f 239/257/236 237/255/234 238/256/235
f 240/258/237 236/254/233 237/255/234
f 240/258/237 237/255/234 239/257/236
f 241/259/238 236/254/233 240/258/237
f 242/260/239 240/258/237 239/257/236
f 243/261/240 241/259/238 240/258/237
f 243/261/240 240/258/237 242/260/239
f 244/262/241 241/259/238 243/261/240
f 242/260/239 245/263/242 243/261/240
f 246/264/243 244/262/241 243/261/240
f 243/261/240 245/263/242 246/264/243
f 247/265/244 244/262/241 246/264/243
f 248/266/245 246/264/243 245/263/242
f 249/267/246 247/265/244 246/264/243
f 249/267/246 246/264/243 248/266/245
f 250/268/247 247/265/244 249/267/246
f 251/269/248 249/267/246 248/266/245
f 252/270/249 250/268/247 249/267/246
f 252/270/249 249/267/246 251/269/248
f 253/271/250 250/268/247 252/270/249
f 252/270/249 254/272/251 253/271/250
f 251/269/248 255/273/252 252/270/249
f 255/273/252 254/272/251 252/270/249
f 256/274/253 255/273/252 251/269/248
f 254/272/251 255/273/252 257/275/254
f 255/273/252 256/274/253 258/276/255
f 257/275/254 255/273/252 258/276/255
f 257/275/254 258/276/255 259/277/256
f 258/276/255 256/274/253 260/278/257
f 259/277/256 258/276/255 261/279/258
f 258/276/255 260/278/257 261/279/258
f 261/279/258 260/278/257 262/280/259
f 263/281/260 264/282/261 265/283/262
f 266/284/263 264/282/261 263/281/260
f 267/285/264 264/282/261 266/284/263
f 268/286/265 267/285/264 266/284/263
f 267/285/264 269/287/266 264/282/261
f 270/288/267 267/285/264 268/286/265
f 271/289/268 270/288/267 268/286/265
f 269/287/266 267/285/264 272/290/269
f 270/288/267 272/290/269 267/285/264
f 273/291/270 269/287/266 272/290/269
f 272/290/269 274/292/271 273/291/270
f 274/292/271 272/290/269 275/293/272
f 275/293/272 272/290/269 276/294/273
f 276/294/273 272/290/269 270/288/267
f 276/294/273 277/295/274 275/293/272
f 278/296/275 270/288/267 271/289/268
f 279/297/276 278/296/275 271/289/268
f 270/288/267 280/298/277 276/294/273
f 280/298/277 277/295/274 276/294/273
f 278/296/275 280/298/277 270/288/267
f 280/298/277 281/299/278 277/295/274
f 282/300/279 278/296/275 279/297/276
f 278/296/275 282/300/279 280/298/277
f 283/301/280 282/300/279 279/297/276
f 284/302/281 281/299/278 280/298/277
f 280/298/277 282/300/279 284/302/281
f 284/302/281 285/303/282 281/299/278
f 286/304/283 282/300/279 283/301/280
f 283/301/280 287/305/284 286/304/283
f 286/304/283 287/305/284 288/306/285
f 288/306/285 289/307/286 286/304/283
f 282/300/279 290/308/287 284/302/281
f 286/304/283 290/308/287 282/300/279
f 290/308/287 285/303/282 284/302/281
f 286/304/283 289/307/286 290/308/287
f 290/308/287 291/309/288 285/303/282
f 289/307/286 291/309/288 290/308/287
f 292/310/289 219/311/290 217/312/289
f 293/313/291 219/311/290 292/310/289
f 219/311/290 293/313/291 294/314/292
f 219/311/290 294/314/292 221/315/293
f 293/313/291 295/316/294 294/314/292
f 221/315/293 294/314/292 296/317/295
f 294/314/292 295/316/294 297/318/296
f 294/314/292 297/318/296 296/317/295
f 295/316/294 298/319/297 297/318/296
f 296/317/295 297/318/296 299/320/298
f 297/318/296 298/319/297 300/321/299
f 297/318/296 300/321/299 299/320/298
f 299/320/298 300/321/299 301/322/300
f 298/319/297 302/323/301 300/321/299
f 300/321/299 303/324/302 301/322/300
f 300/321/299 302/323/301 304/325/303
f 304/325/303 303/324/302 300/321/299
f 302/323/301 305/326/304 304/325/303
f 304/325/303 306/327/305 303/324/302
f 304/325/303 305/326/304 307/328/306
f 307/328/306 306/327/305 304/325/303
f 305/326/304 308/329/307 307/328/306
f 307/328/306 309/330/308 306/327/305
f 307/328/306 308/329/307 310/331/309
f 310/331/309 309/330/308 307/328/306
f 308/329/307 311/332/310 310/331/309
f 310/331/309 312/333/311 309/330/308
f 310/331/309 311/332/310 312/333/311
f 309/330/308 312/333/311 313/334/312
f 311/332/310 314/335/313 312/333/311
f 312/333/311 315/336/314 313/334/312
f 312/333/311 314/335/313 315/336/314
f 313/334/312 315/336/314 316/337/315
f 315/336/314 317/338/316 316/337/315
f 314/335/313 318/339/317 315/336/314
f 318/339/317 317/338/316 315/336/314
f 319/340/318 318/339/317 314/335/313
f 318/339/317 320/341/319 317/338/316
f 319/340/318 320/341/319 318/339/317
f 317/338/316 320/341/319 321/342/320
f 322/343/321 320/341/319 319/340/318
f 320/341/319 323/344/322 321/342/320
f 320/341/319 322/343/321 323/344/322
f 321/342/320 323/344/322 324/345/323
f 323/344/322 322/343/321 325/346/324
f 323/344/322 326/347/325 324/345/323
f 323/344/322 325/346/324 326/347/325
f 324/345/323 326/347/325 327/348/326
f 326/347/325 325/346/324 328/349/327
f 327/348/326 326/347/325 329/350/328
f 326/347/325 328/349/327 330/351/329
f 329/350/328 326/347/325 330/351/329
f 330/351/329 328/349/327 331/352/330
f 329/350/328 330/351/329 332/353/331
f 330/351/329 331/352/330 333/354/332
f 332/353/331 330/351/329 333/354/332
f 333/354/332 331/352/330 334/355/333
f 333/354/332 335/356/334 332/353/331
f 263/357/335 333/354/332 334/355/333
f 265/358/336 335/356/334 333/354/332
f 265/358/336 333/354/332 263/357/335
f 336/359/337 337/360/338 338/361/338
f 339/362/339 337/360/338 336/359/337
f 339/362/339 336/359/337 340/363/340
f 340/363/340 336/359/337 341/364/341
f 340/363/340 342/365/342 339/362/339
f 343/366/343 340/363/340 341/364/341
f 344/367/344 342/365/342 340/363/340
f 345/368/345 340/363/340 343/366/343
f 345/368/345 344/367/344 340/363/340
f 346/369/346 345/368/345 343/366/343
f 347/370/347 344/367/344 345/368/345
f 348/371/348 345/368/345 346/369/346
f 348/371/348 347/370/347 345/368/345
f 349/372/349 348/371/348 346/369/346
f 350/373/350 347/370/347 348/371/348
f 351/374/351 348/371/348 349/372/349
f 351/374/351 350/373/350 348/371/348
f 352/375/352 351/374/351 349/372/349
f 353/376/353 350/373/350 351/374/351
f 354/377/354 351/374/351 352/375/352
f 354/377/354 353/376/353 351/374/351
f 355/378/355 354/377/354 352/375/352
f 356/379/356 353/376/353 354/377/354
f 357/380/357 356/379/356 354/377/354
f 357/380/357 354/377/354 355/378/355
f 358/381/358 356/379/356 357/380/357
f 357/380/357 359/382/359 358/381/358
f 355/378/355 360/383/360 357/380/357
f 360/383/360 359/382/359 357/380/357
f 361/384/361 360/383/360 355/378/355
f 360/383/360 362/385/362 359/382/359
f 361/384/361 363/386/363 360/383/360
f 363/386/363 362/385/362 360/383/360
f 364/387/364 363/386/363 361/384/361
f 363/386/363 365/388/365 362/385/362
f 364/387/364 366/389/366 363/386/363
f 366/389/366 365/388/365 363/386/363
f 367/390/367 366/389/366 364/387/364
f 366/389/366 368/391/368 365/388/365
f 367/390/367 369/392/369 366/389/366
f 369/392/369 368/391/368 366/389/366
f 370/393/370 369/392/369 367/390/367
f 369/392/369 371/394/371 368/391/368
f 370/393/370 372/395/372 369/392/369
f 372/395/372 371/394/371 369/392/369
f 373/396/373 372/395/372 370/393/370
f 374/397/374 372/395/372 373/396/373
f 375/398/375 371/394/371 372/395/372
f 375/398/375 372/395/372 374/397/374
f 376/399/376 371/394/371 375/398/375
f 377/400/377 375/398/375 374/397/374
f 375/398/375 378/401/378 376/399/376
f 378/401/378 375/398/375 377/400/377
f 377/400/377 379/402/379 378/401/378
f 376/399/376 378/401/378 380/403/380
f 378/401/378 379/402/379 381/404/381
f 378/401/378 381/404/381 380/403/380
f 380/403/380 381/404/381 262/405/382
f 382/406/383 383/407/384 384/408/385
f 384/408/385 385/409/386 382/406/383
f 386/410/387 385/409/386 384/408/385
f 386/410/387 384/408/385 387/411/388
f 385/409/386 386/410/387 388/412/389
f 387/411/388 389/413/390 386/410/387
f 390/414/391 389/413/390 387/411/388
f 389/413/390 390/414/391 391/415/392
f 392/416/393 389/413/390 391/415/392
f 388/412/389 386/410/387 393/417/394
f 386/410/387 389/413/390 393/417/394
f 393/417/394 394/418/395 388/412/389
f 395/419/396 389/413/390 392/416/393
f 393/417/394 389/413/390 395/419/396
f 396/420/397 395/419/396 392/416/393
f 397/421/398 394/418/395 393/417/394
f 394/418/395 397/421/398 398/422/399
f 399/423/400 393/417/394 395/419/396
f 399/423/400 395/419/396 396/420/397
f 397/421/398 393/417/394 399/423/400
f 396/420/397 400/424/401 399/423/400
f 398/422/399 397/421/398 401/425/402
f 397/421/398 399/423/400 401/425/402
f 398/422/399 401/425/402 402/426/403
f 399/423/400 400/424/401 403/427/404
f 401/425/402 399/423/400 403/427/404
f 404/428/405 403/427/404 400/424/401
f 402/426/403 401/425/402 405/429/406
f 405/429/406 406/430/407 402/426/403
f 407/431/408 406/430/407 405/429/406
f 407/431/408 405/429/406 408/432/409
f 409/433/410 401/425/402 403/427/404
f 405/429/406 401/425/402 409/433/410
f 409/433/410 403/427/404 404/428/405
f 408/432/409 405/429/406 409/433/410
f 404/428/405 410/434/411 409/433/410
f 409/433/410 410/434/411 408/432/409
f 337/435/412 339/436/413 411/437/412
f 411/437/412 339/436/413 412/438/414
f 339/436/413 413/439/415 412/438/414
f 342/440/416 413/439/415 339/436/413
f 412/438/414 413/439/415 414/441/417
f 415/442/418 413/439/415 342/440/416
f 414/441/417 413/439/415 416/443/419
f 413/439/415 415/442/418 416/443/419
f 414/441/417 416/443/419 417/444/420
f 416/443/419 415/442/418 418/445/421
f 417/444/420 416/443/419 419/446/422
f 416/443/419 418/445/421 419/446/422
f 419/446/422 418/445/421 420/447/423
f 417/444/420 419/446/422 421/448/424
f 420/447/423 422/449/425 419/446/422
f 421/448/424 419/446/422 423/450/426
f 419/446/422 422/449/425 423/450/426
f 421/448/424 423/450/426 424/451/427
f 422/449/425 425/452/428 423/450/426
f 424/451/427 423/450/426 426/453/429
f 423/450/426 425/452/428 426/453/429
f 424/451/427 426/453/429 427/454/430
f 425/452/428 428/455/431 426/453/429
f 427/454/430 426/453/429 429/456/432
f 426/453/429 428/455/431 429/456/432
f 427/454/430 429/456/432 430/457/433
f 429/456/432 428/455/431 431/458/434
f 430/457/433 429/456/432 431/458/434
f 431/458/434 428/455/431 432/459/435
f 430/457/433 431/458/434 433/460/436
f 431/458/434 432/459/435 434/461/437
f 433/460/436 431/458/434 434/461/437
f 434/461/437 432/459/435 435/462/438
f 435/462/438 436/463/439 434/461/437
f 434/461/437 437/464/440 433/460/436
f 434/461/437 436/463/439 437/464/440
f 433/460/436 437/464/440 438/465/441
f 437/464/440 436/463/439 439/466/442
f 437/464/440 439/466/442 438/465/441
f 439/466/442 436/463/439 440/467/443
f 438/465/441 439/466/442 441/468/444
f 440/467/443 442/469/445 439/466/442
f 439/466/442 442/469/445 441/468/444
f 443/470/446 442/469/445 440/467/443
f 441/468/444 442/469/445 444/471/447
f 443/470/446 445/472/448 442/469/445
f 442/469/445 445/472/448 444/471/447
f 446/473/449 445/472/448 443/470/446
f 444/471/447 445/472/448 447/474/450
f 446/473/449 448/475/451 445/472/448
f 445/472/448 449/476/452 447/474/450
f 445/472/448 448/475/451 449/476/452
f 447/474/450 449/476/452 450/477/453
f 448/475/451 451/478/454 449/476/452
f 449/476/452 452/479/455 450/477/453
f 449/476/452 451/478/454 452/479/455
f 450/477/453 452/479/455 453/480/456
f 451/478/454 454/481/457 452/479/455
f 452/479/455 382/482/458 453/480/456
f 452/479/455 454/481/457 383/483/459
f 383/483/459 382/482/458 452/479/455
f 455/484/460 374/485/461 373/486/462
f 455/484/460 373/486/462 456/487/463
f 457/488/464 455/484/460 456/487/463
f 373/486/462 370/489/465 456/487/463
f 458/490/466 457/488/464 456/487/463
f 456/487/463 370/489/465 459/491/467
f 370/489/465 367/492/468 459/491/467
f 458/490/466 456/487/463 460/493/469
f 460/493/469 461/494/470 458/490/466
f 460/493/469 462/495/471 461/494/470
f 463/496/472 462/495/471 464/497/473
f 464/497/473 462/495/471 460/493/469
f 336/498/474 338/499/475 464/497/473
f 336/498/474 464/497/473 341/500/476
f 341/500/476 464/497/473 460/493/469
f 341/500/476 460/493/469 343/501/477
f 343/501/477 460/493/469 465/502/478
f 460/493/469 456/487/463 465/502/478
f 456/487/463 459/491/467 465/502/478
f 343/501/477 465/502/478 346/503/479
f 346/503/479 465/502/478 466/504/480
f 465/502/478 459/491/467 466/504/480
f 346/503/479 466/504/480 349/505/481
f 349/505/481 466/504/480 467/506/482
f 459/491/467 467/506/482 466/504/480
f 349/505/481 467/506/482 352/507/483
f 352/507/483 467/506/482 355/508/484
f 467/506/482 361/509/485 355/508/484
f 468/510/486 467/506/482 459/491/467
f 468/510/486 361/509/485 467/506/482
f 459/491/467 367/492/468 468/510/486
f 468/510/486 364/511/487 361/509/485
f 367/492/468 364/511/487 468/510/486
f 65/512/488 469/513/489 93/514/490
f 93/514/490 469/513/489 470/515/491
f 93/514/490 470/515/491 90/516/492
f 469/513/489 471/517/493 470/515/491
f 90/516/492 470/515/491 472/518/494
f 470/515/491 471/517/493 473/519/495
f 470/515/491 473/519/495 472/518/494
f 471/517/493 474/520/496 473/519/495
f 90/516/492 472/518/494 87/521/497
f 473/519/495 474/520/496 475/522/498
f 87/521/497 472/518/494 476/523/499
f 473/519/495 475/522/498 477/524/500
f 472/518/494 473/519/495 477/524/500
f 472/518/494 477/524/500 476/523/499
f 477/524/500 475/522/498 478/525/501
f 479/526/502 87/521/497 476/523/499
f 477/524/500 478/525/501 480/527/503
f 476/523/499 477/524/500 480/527/503
f 476/523/499 480/527/503 479/526/502
f 480/527/503 478/525/501 481/528/504
f 84/529/505 87/521/497 479/526/502
f 480/527/503 481/528/504 482/530/506
f 479/526/502 480/527/503 482/530/506
f 482/530/506 481/528/504 483/531/507
f 484/532/508 482/530/506 483/531/507
f 485/533/509 482/530/506 484/532/508
f 485/533/509 479/526/502 482/530/506
f 486/534/510 485/533/509 484/532/508
f 487/535/511 84/529/505 479/526/502
f 487/535/511 479/526/502 485/533/509
f 80/536/512 84/529/505 487/535/511
f 488/537/513 485/533/509 486/534/510
f 488/537/513 487/535/511 485/533/509
f 489/538/514 488/537/513 486/534/510
f 490/539/515 488/537/513 489/538/514
f 491/540/516 80/536/512 487/535/511
f 491/540/516 487/535/511 488/537/513
f 490/539/515 491/540/516 488/537/513
f 77/541/517 80/536/512 491/540/516
f 492/542/518 491/540/516 490/539/515
f 492/542/518 77/541/517 491/540/516
f 70/543/519 77/541/517 492/542/518
f 474/544/496 493/545/520 475/546/498
f 475/546/498 493/545/520 494/547/521
f 475/546/498 494/547/521 478/548/501
f 495/549/522 494/547/521 493/545/520
f 478/548/501 494/547/521 496/550/523
f 478/548/501 496/550/523 481/551/504
f 497/552/524 494/547/521 495/549/522
f 497/552/524 496/550/523 494/547/521
f 481/551/504 496/550/523 498/553/525
f 496/550/523 497/552/524 498/553/525
f 481/551/504 498/553/525 483/554/507
f 497/552/524 495/549/522 499/555/526
f 499/555/526 495/549/522 500/556/527
f 498/553/525 497/552/524 501/557/528
f 483/554/507 498/553/525 501/557/528
f 501/557/528 497/552/524 499/555/526
f 502/558/529 483/554/507 501/557/528
f 502/558/529 501/557/528 499/555/526
f 484/559/508 483/554/507 502/558/529
f 499/555/526 500/556/527 503/560/530
f 502/558/529 499/555/526 503/560/530
f 503/560/530 484/559/508 502/558/529
f 503/560/530 500/556/527 504/561/531
f 486/562/510 484/559/508 503/560/530
f 504/561/531 486/562/510 503/560/530
f 489/563/514 486/562/510 504/561/531
f 1/564/532 505/565/533 2/566/534
f 2/566/534 505/565/533 506/567/535
f 2/566/534 506/567/535 5/568/536
f 505/565/533 507/569/537 506/567/535
f 5/568/536 506/567/535 508/570/538
f 506/567/535 507/569/537 509/571/539
f 506/567/535 509/571/539 508/570/538
f 507/569/537 510/572/540 509/571/539
f 508/570/538 509/571/539 511/573/541
f 509/571/539 510/572/540 512/574/542
f 512/574/542 511/573/541 509/571/539
f 513/575/543 511/573/541 512/574/542
f 510/572/540 514/576/544 512/574/542
f 512/574/542 515/577/545 513/575/543
f 512/574/542 514/576/544 516/578/546
f 516/578/546 515/577/545 512/574/542
f 517/579/547 516/578/546 514/576/544
f 515/577/545 516/578/546 518/580/548
f 518/580/548 516/578/546 519/581/549
f 519/581/549 516/578/546 517/579/547
f 518/580/548 519/581/549 520/582/550
f 519/581/549 517/579/547 521/583/551
f 520/582/550 519/581/549 521/583/551
f 521/583/551 517/579/547 522/584/552
f 523/585/553 521/583/551 522/584/552
f 524/586/554 520/582/550 521/583/551
f 524/586/554 521/583/551 523/585/553
f 525/587/555 520/582/550 524/586/554
f 526/588/556 524/586/554 523/585/553
f 527/589/557 525/587/555 524/586/554
f 527/589/557 524/586/554 526/588/556
f 528/590/558 525/587/555 527/589/557
f 527/589/557 526/588/556 529/591/559
f 529/591/559 528/590/558 527/589/557
f 529/591/559 526/588/556 530/592/560
f 531/593/561 528/590/558 529/591/559
f 530/592/560 532/594/562 529/591/559
f 529/591/559 532/594/562 531/593/561
f 531/593/561 532/594/562 533/595/563
f 534/596/564 532/594/562 530/592/560
f 532/594/562 535/597/565 533/595/563
f 534/596/564 536/598/566 532/594/562
f 536/598/566 535/597/565 532/594/562
f 537/599/567 536/598/566 534/596/564
f 536/598/566 538/600/568 535/597/565
f 537/599/567 539/601/569 536/598/566
f 539/601/569 538/600/568 536/598/566
f 538/600/568 539/601/569 18/602/570
f 540/603/571 539/601/569 537/599/567
f 18/602/570 539/601/569 541/604/572
f 540/603/571 541/604/572 539/601/569
f 542/605/573 541/604/572 540/603/571
f 543/606/574 544/607/575 545/608/576
f 545/608/576 544/607/575 546/609/577
f 545/608/576 546/609/577 547/610/578
f 548/611/579 546/609/577 544/607/575
f 547/610/578 546/609/577 549/612/580
f 547/610/578 549/612/580 550/613/581
f 551/614/582 546/609/577 548/611/579
f 551/614/582 549/612/580 546/609/577
f 552/615/583 553/616/584 548/611/579
f 548/611/579 553/616/584 551/614/582
f 553/616/584 554/617/585 551/614/582
f 551/614/582 554/617/585 555/618/586
f 555/618/586 549/612/580 551/614/582
f 556/619/587 555/618/586 554/617/585
f 550/613/581 549/612/580 557/620/588
f 555/618/586 557/620/588 549/612/580
f 550/613/581 557/620/588 558/621/589
f 559/622/590 555/618/586 556/619/587
f 559/622/590 557/620/588 555/618/586
f 556/619/587 560/623/591 559/622/590
f 558/621/589 557/620/588 561/624/592
f 557/620/588 559/622/590 561/624/592
f 561/624/592 562/625/593 558/621/589
f 563/626/594 562/625/593 561/624/592
f 563/626/594 561/624/592 564/627/595
f 559/622/590 560/623/591 565/628/596
f 561/624/592 559/622/590 565/628/596
f 564/627/595 561/624/592 565/628/596
f 560/623/591 566/629/597 565/628/596
f 565/628/596 566/629/597 564/627/595
f 3/630/598 567/631/599 1/632/600
f 568/633/601 567/631/599 3/630/598
f 3/630/598 140/634/602 568/633/601
f 567/631/599 568/633/601 569/635/603
f 140/634/602 570/636/604 568/633/601
f 570/636/604 140/634/602 137/637/605
f 569/635/603 568/633/601 571/638/606
f 568/633/601 570/636/604 571/638/606
f 569/635/603 571/638/606 572/639/607
f 137/637/605 573/640/608 570/636/604
f 139/641/609 573/640/608 137/637/605
f 573/640/608 574/642/610 570/636/604
f 570/636/604 574/642/610 575/643/611
f 571/638/606 570/636/604 575/643/611
f 576/644/612 575/643/611 574/642/610
f 572/639/607 571/638/606 577/645/613
f 575/643/611 577/645/613 571/638/606
f 572/639/607 577/645/613 578/646/614
f 579/647/615 575/643/611 576/644/612
f 579/647/615 577/645/613 575/643/611
f 580/648/616 579/647/615 576/644/612
f 578/646/614 577/645/613 581/649/617
f 581/649/617 582/650/618 578/646/614
f 583/651/619 582/650/618 581/649/617
f 579/647/615 584/652/620 577/645/613
f 577/645/613 584/652/620 581/649/617
f 584/652/620 579/647/615 580/648/616
f 581/649/617 584/652/620 583/651/619
f 580/648/616 585/653/621 584/652/620
f 583/651/619 584/652/620 586/654/622
f 584/652/620 585/653/621 586/654/622
f 587/655/623 588/656/624 158/657/625
f 589/658/626 588/656/624 587/655/623
f 587/655/623 590/659/627 589/658/626
f 588/656/624 589/658/626 591/660/628
f 590/659/627 592/661/629 589/658/626
f 593/662/630 592/661/629 590/659/627
f 591/660/628 589/658/626 594/663/631
f 591/660/628 594/663/631 595/664/632
f 596/665/633 593/662/630 138/666/634
f 592/661/629 593/662/630 596/665/633
f 596/665/633 597/667/635 592/661/629
f 592/661/629 598/668/636 589/658/626
f 592/661/629 597/667/635 598/668/636
f 589/658/626 598/668/636 594/663/631
f 599/669/637 598/668/636 597/667/635
f 600/670/638 598/668/636 599/669/637
f 600/670/638 594/663/631 598/668/636
f 601/671/639 600/670/638 599/669/637
f 595/664/632 594/663/631 602/672/640
f 602/672/640 594/663/631 600/670/638
f 595/664/632 602/672/640 603/673/641
f 604/674/642 600/670/638 601/671/639
f 604/674/642 602/672/640 600/670/638
f 601/671/639 605/675/643 604/674/642
f 604/674/642 605/675/643 606/676/644
f 606/676/644 607/677/645 604/674/642
f 603/673/641 602/672/640 608/678/646
f 608/678/646 602/672/640 604/674/642
f 604/674/642 607/677/645 608/678/646
f 608/678/646 609/679/647 603/673/641
f 607/677/645 609/679/647 608/678/646
f 610/680/648 553/681/649 552/682/650
f 611/683/651 553/681/649 610/680/648
f 158/684/652 611/683/651 610/680/648
f 553/681/649 611/683/651 554/685/653
f 612/686/654 611/683/651 158/684/652
f 554/685/653 611/683/651 613/687/655
f 611/683/651 612/686/654 613/687/655
f 554/685/653 613/687/655 556/688/656
f 613/687/655 612/686/654 614/689/657
f 556/688/656 613/687/655 615/690/658
f 613/687/655 614/689/657 615/690/658
f 556/688/656 615/690/658 560/691/659
f 615/690/658 614/689/657 616/692/660
f 560/691/659 615/690/658 617/693/661
f 615/690/658 616/692/660 617/693/661
f 617/693/661 616/692/660 618/694/662
f 617/693/661 566/695/663 560/691/659
f 619/696/664 617/693/661 618/694/662
f 620/697/665 617/693/661 619/696/664
f 620/697/665 566/695/663 617/693/661
f 621/698/666 620/697/665 619/696/664
f 622/699/667 566/695/663 620/697/665
f 622/699/667 620/697/665 621/698/666
f 564/700/668 566/695/663 622/699/667
f 622/699/667 563/701/669 564/700/668
f 621/698/666 623/702/670 622/699/667
f 623/702/670 563/701/669 622/699/667
f 624/703/671 623/702/670 621/698/666
f 623/702/670 562/704/672 563/701/669
f 624/703/671 625/705/673 623/702/670
f 625/705/673 562/704/672 623/702/670
f 626/706/674 625/705/673 624/703/671
f 627/707/675 562/704/672 625/705/673
f 626/706/674 627/707/675 625/705/673
f 628/708/676 627/707/675 626/706/674
f 558/709/677 562/704/672 627/707/675
f 629/710/678 627/707/675 628/708/676
f 630/711/679 558/709/677 627/707/675
f 630/711/679 627/707/675 629/710/678
f 550/712/680 558/709/677 630/711/679
f 631/713/681 630/711/679 629/710/678
f 632/714/682 550/712/680 630/711/679
f 632/714/682 630/711/679 631/713/681
f 547/715/683 550/712/680 632/714/682
f 633/716/684 632/714/682 631/713/681
f 634/717/685 547/715/683 632/714/682
f 634/717/685 632/714/682 633/716/684
f 633/716/684 163/718/686 634/717/685
f 545/719/687 547/715/683 634/717/685
f 634/717/685 163/718/686 635/720/688
f 635/720/688 545/719/687 634/717/685
f 543/721/689 545/719/687 635/720/688
f 138/722/690 135/723/691 596/724/692
f 596/724/692 135/723/691 636/725/693
f 135/723/691 128/726/694 636/725/693
f 596/724/692 636/725/693 597/727/695
f 636/725/693 128/726/694 637/728/696
f 597/727/695 636/725/693 638/729/697
f 636/725/693 637/728/696 638/729/697
f 597/727/695 638/729/697 599/730/698
f 638/729/697 637/728/696 639/731/699
f 599/730/698 638/729/697 640/732/700
f 638/729/697 639/731/699 640/732/700
f 599/730/698 640/732/700 601/733/701
f 640/732/700 639/731/699 641/734/702
f 601/733/701 640/732/700 642/735/703
f 640/732/700 641/734/702 642/735/703
f 642/735/703 641/734/702 643/736/704
f 642/735/703 605/737/705 601/733/701
f 643/736/704 644/738/706 642/735/703
f 642/735/703 644/738/706 645/739/707
f 645/739/707 605/737/705 642/735/703
f 644/738/706 646/740/708 645/739/707
f 645/739/707 647/741/709 605/737/705
f 645/739/707 646/740/708 647/741/709
f 605/737/705 647/741/709 606/742/710
f 646/740/708 648/743/711 647/741/709
f 647/741/709 649/744/712 606/742/710
f 647/741/709 648/743/711 649/744/712
f 606/742/710 649/744/712 607/745/713
f 649/744/712 609/746/714 607/745/713
f 648/743/711 650/747/715 649/744/712
f 650/747/715 609/746/714 649/744/712
f 651/748/716 650/747/715 648/743/711
f 650/747/715 652/749/717 609/746/714
f 651/748/716 652/749/717 650/747/715
f 653/750/718 652/749/717 651/748/716
f 609/746/714 652/749/717 603/751/719
f 653/750/718 654/752/720 652/749/717
f 655/753/721 603/751/719 652/749/717
f 652/749/717 654/752/720 655/753/721
f 595/754/722 603/751/719 655/753/721
f 656/755/723 655/753/721 654/752/720
f 657/756/724 595/754/722 655/753/721
f 657/756/724 655/753/721 656/755/723
f 591/757/725 595/754/722 657/756/724
f 656/755/723 658/758/726 657/756/724
f 659/759/727 591/757/725 657/756/724
f 657/756/724 658/758/726 659/759/727
f 658/758/726 154/760/728 659/759/727
f 588/761/729 591/757/725 659/759/727
f 659/759/727 154/760/728 155/762/730
f 155/762/730 588/761/729 659/759/727
f 158/763/731 588/761/729 155/762/730
f 538/764/732 18/765/733 15/766/734
f 660/767/735 538/764/732 15/766/734
f 660/767/735 15/766/734 10/768/736
f 538/764/732 660/767/735 535/769/737
f 10/768/736 661/770/738 660/767/735
f 661/770/738 10/768/736 8/771/739
f 535/769/737 660/767/735 662/772/740
f 661/770/738 662/772/740 660/767/735
f 535/769/737 662/772/740 533/773/741
f 508/774/742 8/771/739 5/775/743
f 508/774/742 661/770/738 8/771/739
f 508/774/742 511/776/744 661/770/738
f 661/770/738 511/776/744 663/777/745
f 663/777/745 662/772/740 661/770/738
f 513/778/746 663/777/745 511/776/744
f 533/773/741 662/772/740 664/779/747
f 663/777/745 664/779/747 662/772/740
f 664/779/747 531/780/748 533/773/741
f 665/781/749 663/777/745 513/778/746
f 665/781/749 664/779/747 663/777/745
f 515/782/750 665/781/749 513/778/746
f 666/783/751 531/780/748 664/779/747
f 665/781/749 666/783/751 664/779/747
f 666/783/751 528/784/752 531/780/748
f 525/785/753 528/784/752 666/783/751
f 667/786/754 665/781/749 515/782/750
f 667/786/754 666/783/751 665/781/749
f 666/783/751 667/786/754 525/785/753
f 515/782/750 518/787/755 667/786/754
f 525/785/753 667/786/754 520/788/756
f 667/786/754 518/787/755 520/788/756
f 542/789/757 540/790/758 668/791/759
f 668/791/759 540/790/758 669/792/760
f 537/793/761 669/792/760 540/790/758
f 668/791/759 669/792/760 670/794/762
f 671/795/763 669/792/760 537/793/761
f 537/793/761 534/796/764 671/795/763
f 670/794/762 669/792/760 672/797/765
f 671/795/763 672/797/765 669/792/760
f 1/798/766 670/794/762 505/799/767
f 505/799/767 670/794/762 672/797/765
f 505/799/767 672/797/765 507/800/768
f 507/800/768 672/797/765 673/801/769
f 673/801/769 672/797/765 671/795/763
f 507/800/768 673/801/769 510/802/770
f 671/795/763 534/796/764 674/803/771
f 674/803/771 673/801/769 671/795/763
f 530/804/772 674/803/771 534/796/764
f 510/802/770 673/801/769 675/805/773
f 675/805/773 673/801/769 674/803/771
f 510/802/770 675/805/773 514/806/774
f 676/807/775 674/803/771 530/804/772
f 530/804/772 526/808/776 676/807/775
f 676/807/775 526/808/776 523/809/777
f 523/809/777 522/810/778 676/807/775
f 674/803/771 677/811/779 675/805/773
f 676/807/775 677/811/779 674/803/771
f 514/806/774 675/805/773 677/811/779
f 676/807/775 522/810/778 677/811/779
f 677/811/779 517/812/780 514/806/774
f 522/810/778 517/812/780 677/811/779
f 678/813/781 679/814/782 680/815/783
f 680/815/783 679/814/782 681/816/784
f 681/816/784 139/817/785 680/815/783
f 682/818/786 681/816/784 679/814/782
f 573/819/787 139/817/785 681/816/784
f 683/820/788 681/816/784 682/818/786
f 681/816/784 683/820/788 573/819/787
f 682/818/786 684/821/789 683/820/788
f 573/819/787 683/820/788 574/822/790
f 683/820/788 684/821/789 685/823/791
f 683/820/788 685/823/791 574/822/790
f 684/821/789 686/824/792 685/823/791
f 574/822/790 685/823/791 576/825/793
f 685/823/791 686/824/792 687/826/794
f 687/826/794 576/825/793 685/823/791
f 580/827/795 576/825/793 687/826/794
f 688/828/796 687/826/794 686/824/792
f 580/827/795 687/826/794 585/829/797
f 585/829/797 687/826/794 689/830/798
f 689/830/798 687/826/794 688/828/796
f 585/829/797 689/830/798 586/831/799
f 689/830/798 688/828/796 690/832/800
f 586/831/799 689/830/798 690/832/800
f 690/832/800 688/828/796 691/833/801
f 692/834/802 690/832/800 691/833/801
f 693/835/803 586/831/799 690/832/800
f 693/835/803 690/832/800 692/834/802
f 583/836/804 586/831/799 693/835/803
f 694/837/805 693/835/803 692/834/802
f 695/838/806 583/836/804 693/835/803
f 695/838/806 693/835/803 694/837/805
f 582/839/807 583/836/804 695/838/806
f 695/838/806 694/837/805 696/840/808
f 696/840/808 582/839/807 695/838/806
f 578/841/809 582/839/807 696/840/808
f 696/840/808 694/837/805 697/842/810
f 696/840/808 572/843/811 578/841/809
f 697/842/810 698/844/812 696/840/808
f 698/844/812 572/843/811 696/840/808
f 699/845/813 698/844/812 697/842/810
f 698/844/812 569/846/814 572/843/811
f 699/845/813 700/847/815 698/844/812
f 700/847/815 569/846/814 698/844/812
f 701/848/816 700/847/815 699/845/813
f 700/847/815 567/849/817 569/846/814
f 701/848/816 702/850/818 700/847/815
f 702/850/818 567/849/817 700/847/815
f 702/850/818 1/851/819 567/849/817
f 703/852/820 702/850/818 701/848/816
f 704/853/821 1/851/819 702/850/818
f 702/850/818 703/852/820 704/853/821
f 704/853/821 703/852/820 705/854/822
f 705/855/823 703/856/824 706/857/825
f 706/857/825 703/856/824 707/858/826
f 703/856/824 701/859/827 707/858/826
f 707/858/826 708/860/828 706/857/825
f 707/858/826 701/859/827 709/861/829
f 701/859/827 699/862/830 709/861/829
f 708/860/828 707/858/826 710/863/831
f 708/860/828 710/863/831 711/864/832
f 711/864/832 679/865/833 678/866/834
f 710/863/831 679/865/833 711/864/832
f 679/865/833 710/863/831 682/867/835
f 707/858/826 712/868/836 710/863/831
f 682/867/835 710/863/831 712/868/836
f 709/861/829 712/868/836 707/858/826
f 712/868/836 684/869/837 682/867/835
f 709/861/829 699/862/830 713/870/838
f 713/870/838 712/868/836 709/861/829
f 699/862/830 697/871/839 713/870/838
f 714/872/840 684/869/837 712/868/836
f 714/872/840 712/868/836 713/870/838
f 714/872/840 686/873/841 684/869/837
f 713/870/838 697/871/839 715/874/842
f 697/871/839 694/875/843 715/874/842
f 715/874/842 694/875/843 692/876/844
f 692/876/844 691/877/845 715/874/842
f 713/870/838 716/878/846 714/872/840
f 715/874/842 716/878/846 713/870/838
f 716/878/846 686/873/841 714/872/840
f 715/874/842 691/877/845 716/878/846
f 716/878/846 688/879/847 686/873/841
f 691/877/845 688/879/847 716/878/846
f 127/880/848 637/881/849 128/882/850
f 717/883/851 637/881/849 127/880/848
f 127/880/848 125/884/852 717/883/851
f 717/883/851 639/885/853 637/881/849
f 125/884/852 718/886/854 717/883/851
f 718/886/854 125/884/852 124/887/855
f 719/888/856 639/885/853 717/883/851
f 639/885/853 719/888/856 641/889/857
f 154/890/858 658/891/859 124/887/855
f 124/887/855 658/891/859 718/886/854
f 656/892/860 718/886/854 658/891/859
f 641/889/857 719/888/856 720/893/861
f 720/893/861 643/894/862 641/889/857
f 721/895/863 718/886/854 656/892/860
f 718/886/854 721/895/863 717/883/851
f 717/883/851 721/895/863 719/888/856
f 719/888/856 721/895/863 720/893/861
f 656/892/860 654/896/864 721/895/863
f 721/895/863 654/896/864 722/897/865
f 720/893/861 721/895/863 722/897/865
f 654/896/864 653/898/866 722/897/865
f 723/899/867 643/894/862 720/893/861
f 720/893/861 722/897/865 723/899/867
f 723/899/867 644/900/868 643/894/862
f 646/901/869 644/900/868 723/899/867
f 722/897/865 653/898/866 724/902/870
f 723/899/867 722/897/865 724/902/870
f 723/899/867 724/902/870 646/901/869
f 653/898/866 651/903/871 724/902/870
f 646/901/869 724/902/870 648/904/872
f 724/902/870 651/903/871 648/904/872
f 163/905/873 633/906/874 161/907/875
f 161/907/875 633/906/874 725/908/876
f 633/906/874 631/909/877 725/908/876
f 725/908/876 159/910/878 161/907/875
f 725/908/876 631/909/877 726/911/879
f 629/912/880 726/911/879 631/909/877
f 727/913/881 159/910/878 725/908/876
f 725/908/876 726/911/879 727/913/881
f 158/914/882 159/910/878 612/915/883
f 612/915/883 159/910/878 727/913/881
f 727/913/881 614/916/884 612/915/883
f 727/913/881 726/911/879 728/917/885
f 728/917/885 614/916/884 727/913/881
f 729/918/886 726/911/879 629/912/880
f 726/911/879 729/918/886 728/917/885
f 628/919/887 729/918/886 629/912/880
f 728/917/885 730/920/888 614/916/884
f 728/917/885 729/918/886 730/920/888
f 614/916/884 730/920/888 616/921/889
f 731/922/890 729/918/886 628/919/887
f 729/918/886 731/922/890 730/920/888
f 628/919/887 626/923/891 731/922/890
f 731/922/890 626/923/891 624/924/892
f 730/920/888 732/925/893 616/921/889
f 730/920/888 731/922/890 732/925/893
f 731/922/890 624/924/892 732/925/893
f 616/921/889 732/925/893 618/926/894
f 732/925/893 624/924/892 621/927/895
f 732/925/893 619/928/896 618/926/894
f 621/927/895 619/928/896 732/925/893
f 543/929/897 733/930/898 544/931/899
f 544/931/899 733/930/898 734/932/900
f 544/931/899 734/932/900 548/933/901
f 733/930/898 735/934/902 734/932/900
f 548/933/901 734/932/900 736/935/903
f 736/935/903 552/936/904 548/933/901
f 734/932/900 735/934/902 737/937/905
f 734/932/900 737/937/905 736/935/903
f 737/937/905 735/934/902 738/938/906
f 738/938/906 735/934/902 739/939/907
f 740/940/908 738/938/906 739/939/907
f 741/941/909 738/938/906 740/940/908
f 741/941/909 742/942/910 738/938/906
f 738/938/906 742/942/910 743/943/911
f 743/943/911 737/937/905 738/938/906
f 744/944/912 743/943/911 742/942/910
f 745/945/913 737/937/905 743/943/911
f 736/935/903 737/937/905 745/945/913
f 743/943/911 744/944/912 746/946/914
f 746/946/914 745/945/913 743/943/911
f 744/944/912 747/947/915 746/946/914
f 748/948/916 736/935/903 745/945/913
f 748/948/916 745/945/913 746/946/914
f 746/946/914 747/947/915 749/949/917
f 746/946/914 749/949/917 748/948/916
f 747/947/915 750/950/918 749/949/917
f 751/951/919 750/950/918 747/947/915
f 751/951/919 752/952/920 750/950/918
f 748/948/916 749/949/917 753/953/921
f 750/950/918 753/953/921 749/949/917
f 754/954/922 736/935/903 748/948/916
f 748/948/916 753/953/921 754/954/922
f 754/954/922 552/936/904 736/935/903
f 755/955/923 753/953/921 750/950/918
f 754/954/922 756/956/924 552/936/904
f 552/936/904 756/956/924 610/957/925
f 754/954/922 753/953/921 757/958/926
f 754/954/922 757/958/926 756/956/924
f 753/953/921 755/955/923 757/958/926
f 756/956/924 758/959/927 610/957/925
f 610/957/925 758/959/927 158/960/928
f 158/960/928 758/959/927 587/961/929
f 759/962/930 758/959/927 756/956/924
f 756/956/924 757/958/926 759/962/930
f 587/961/929 758/959/927 760/963/931
f 760/963/931 758/959/927 759/962/930
f 761/964/932 587/961/929 760/963/931
f 759/962/930 761/964/932 760/963/931
f 590/965/933 587/961/929 761/964/932
f 590/965/933 761/964/932 593/966/934
f 757/958/926 762/967/935 759/962/930
f 762/967/935 761/964/932 759/962/930
f 593/966/934 761/964/932 763/968/936
f 762/967/935 763/968/936 761/964/932
f 593/966/934 139/969/138 138/970/137
f 763/968/936 139/969/138 593/966/934
f 764/971/937 762/967/935 757/958/926
f 757/958/926 755/955/923 764/971/937
f 765/972/938 763/968/936 762/967/935
f 763/968/936 765/972/938 139/969/138
f 764/971/937 765/972/938 762/967/935
f 139/969/138 765/972/938 680/973/939
f 766/974/940 765/972/938 764/971/937
f 765/972/938 766/974/940 680/973/939
f 755/955/923 766/974/940 764/971/937
f 680/973/939 766/974/940 678/975/941
f 767/976/942 766/974/940 755/955/923
f 766/974/940 767/976/942 678/975/941
f 767/976/942 755/955/923 768/977/943
f 768/977/943 755/955/923 750/950/918
f 750/950/918 752/952/920 768/977/943
f 678/975/941 767/976/942 769/978/944
f 768/977/943 769/978/944 767/976/942
f 752/952/920 770/979/945 768/977/943
f 770/979/945 769/978/944 768/977/943
f 752/952/920 771/980/946 770/979/945
f 769/978/944 772/981/947 678/975/941
f 678/975/941 772/981/947 711/982/948
f 773/983/949 769/978/944 770/979/945
f 770/979/945 771/980/946 773/983/949
f 772/981/947 769/978/944 773/983/949
f 773/983/949 771/980/946 774/984/950
f 774/984/950 772/981/947 773/983/949
f 774/984/950 771/980/946 775/985/951
f 772/981/947 776/986/952 711/982/948
f 776/986/952 772/981/947 774/984/950
f 711/982/948 776/986/952 708/987/953
f 708/987/953 776/986/952 706/988/954
f 774/984/950 775/985/951 777/989/955
f 777/989/955 776/986/952 774/984/950
f 777/989/955 775/985/951 778/990/956
f 706/988/954 776/986/952 779/991/957
f 779/991/957 776/986/952 777/989/955
f 779/991/957 705/992/958 706/988/954
f 777/989/955 778/990/956 780/993/959
f 778/990/956 781/994/960 780/993/959
f 779/991/957 777/989/955 782/995/961
f 782/995/961 777/989/955 780/993/959
f 782/995/961 705/992/958 779/991/957
f 780/993/959 781/994/960 783/996/962
f 784/997/963 783/996/962 781/994/960
f 782/995/961 780/993/959 785/998/964
f 785/998/964 780/993/959 783/996/962
f 782/995/961 786/999/965 705/992/958
f 705/992/958 786/999/965 704/1000/966
f 784/997/963 787/1001/967 783/996/962
f 784/997/963 788/1002/968 787/1001/967
f 788/1002/968 789/1003/969 787/1001/967
f 786/999/965 790/1004/970 704/1000/966
f 704/1000/966 790/1004/970 1/1005/971
f 1/1005/971 790/1004/970 670/1006/972
f 786/999/965 782/995/961 791/1007/973
f 791/1007/973 790/1004/970 786/999/965
f 791/1007/973 782/995/961 785/998/964
f 670/1006/972 790/1004/970 792/1008/974
f 792/1008/974 790/1004/970 791/1007/973
f 792/1008/974 668/1009/975 670/1006/972
f 793/1010/976 668/1009/975 792/1008/974
f 791/1007/973 793/1010/976 792/1008/974
f 668/1009/975 793/1010/976 542/1011/977
f 791/1007/973 785/998/964 794/1012/978
f 794/1012/978 793/1010/976 791/1007/973
f 542/1011/977 793/1010/976 795/1013/979
f 793/1010/976 794/1012/978 795/1013/979
f 795/1013/979 796/1014/980 542/1011/977
f 542/1011/977 796/1014/980 797/1015/981
f 795/1013/979 794/1012/978 798/1016/982
f 796/1014/980 799/1017/983 797/1015/981
f 797/1015/981 799/1017/983 800/1018/984
f 796/1014/980 795/1013/979 801/1019/985
f 801/1019/985 795/1013/979 798/1016/982
f 799/1017/983 802/1020/986 800/1018/984
f 800/1018/984 802/1020/986 41/1021/987
f 41/1021/987 802/1020/986 803/1022/988
f 796/1014/980 804/1023/989 799/1017/983
f 804/1023/989 802/1020/986 799/1017/983
f 801/1019/985 804/1023/989 796/1014/980
f 803/1022/988 802/1020/986 805/1024/990
f 805/1024/990 802/1020/986 804/1023/989
f 805/1024/990 806/1025/991 803/1022/988
f 804/1023/989 807/1026/992 805/1024/990
f 807/1026/992 806/1025/991 805/1024/990
f 804/1023/989 801/1019/985 808/1027/993
f 808/1027/993 807/1026/992 804/1023/989
f 809/1028/994 801/1019/985 798/1016/982
f 798/1016/982 794/1012/978 809/1028/994
f 808/1027/993 801/1019/985 810/1029/995
f 810/1029/995 801/1019/985 809/1028/994
f 809/1028/994 794/1012/978 811/1030/996
f 794/1012/978 785/998/964 811/1030/996
f 785/998/964 783/996/962 811/1030/996
f 811/1030/996 783/996/962 787/1001/967
f 809/1028/994 811/1030/996 812/1031/997
f 812/1031/997 811/1030/996 787/1001/967
f 809/1028/994 812/1031/997 810/1029/995
f 787/1001/967 789/1003/969 812/1031/997
f 789/1003/969 813/1032/998 812/1031/997
f 810/1029/995 812/1031/997 813/1032/998
f 814/1033/999 813/1032/998 789/1003/969
f 815/1034/1000 813/1032/998 814/1033/999
f 813/1032/998 816/1035/1001 810/1029/995
f 815/1034/1000 816/1035/1001 813/1032/998
f 810/1029/995 816/1035/1001 808/1027/993
f 815/1034/1000 817/1036/1002 816/1035/1001
f 816/1035/1001 818/1037/1003 808/1027/993
f 818/1037/1003 816/1035/1001 817/1036/1002
f 808/1027/993 818/1037/1003 807/1026/992
f 819/1038/1004 818/1037/1003 817/1036/1002
f 820/1039/1005 818/1037/1003 819/1038/1004
f 820/1039/1005 807/1026/992 818/1037/1003
f 819/1038/1004 821/1040/1006 820/1039/1005
f 822/1041/1007 807/1026/992 820/1039/1005
f 807/1026/992 822/1041/1007 806/1025/991
f 806/1025/991 822/1041/1007 823/1042/1008
f 820/1039/1005 821/1040/1006 824/1043/1009
f 825/1044/1010 823/1042/1008 822/1041/1007
f 822/1041/1007 820/1039/1005 825/1044/1010
f 825/1044/1010 820/1039/1005 824/1043/1009
f 826/1045/1011 823/1042/1008 825/1044/1010
f 821/1040/1006 827/1046/1012 824/1043/1009
f 826/1045/1011 825/1044/1010 828/1047/1013
f 824/1043/1009 827/1046/1012 829/1048/1014
f 828/1047/1013 825/1044/1010 830/1049/1015
f 825/1044/1010 824/1043/1009 830/1049/1015
f 830/1049/1015 824/1043/1009 829/1048/1014
f 828/1047/1013 830/1049/1015 831/1050/1016
f 832/1051/1017 829/1048/1014 827/1046/1012
f 833/1052/1018 832/1051/1017 827/1046/1012
f 830/1049/1015 829/1048/1014 834/1053/1019
f 834/1053/1019 829/1048/1014 832/1051/1017
f 831/1050/1016 830/1049/1015 834/1053/1019
f 833/1052/1018 835/1054/1020 832/1051/1017
f 832/1051/1017 835/1054/1020 834/1053/1019
f 836/1055/1021 831/1050/1016 834/1053/1019
f 834/1053/1019 835/1054/1020 836/1055/1021
f 837/1056/1022 831/1050/1016 836/1055/1021
f 831/1050/1016 837/1056/1022 838/1057/1023
f 836/1055/1021 835/1054/1020 839/1058/1024
f 839/1058/1024 837/1056/1022 836/1055/1021
f 835/1054/1020 833/1052/1018 840/1059/1025
f 839/1058/1024 835/1054/1020 840/1059/1025
f 840/1059/1025 833/1052/1018 841/1060/1026
f 841/1060/1026 842/1061/1027 840/1059/1025
f 838/1057/1023 837/1056/1022 843/1062/1028
f 843/1062/1028 214/1063/212 838/1057/1023
f 837/1056/1022 844/1064/1029 843/1062/1028
f 844/1064/1029 837/1056/1022 839/1058/1024
f 845/1065/1030 214/1063/212 843/1062/1028
f 213/1066/211 214/1063/212 846/1067/1031
f 846/1067/1031 214/1063/212 845/1065/1030
f 843/1062/1028 844/1064/1029 847/1068/1032
f 847/1068/1032 845/1065/1030 843/1062/1028
f 848/1069/1033 846/1067/1031 845/1065/1030
f 848/1069/1033 845/1065/1030 847/1068/1032
f 849/1070/1034 846/1067/1031 848/1069/1033
f 849/1070/1034 848/1069/1033 850/1071/1035
f 851/1072/1036 847/1068/1032 844/1064/1029
f 844/1064/1029 839/1058/1024 851/1072/1036
f 852/1073/1037 848/1069/1033 847/1068/1032
f 852/1073/1037 847/1068/1032 851/1072/1036
f 850/1071/1035 848/1069/1033 853/1074/1038
f 853/1074/1038 848/1069/1033 852/1073/1037
f 853/1074/1038 854/1075/1039 850/1071/1035
f 852/1073/1037 854/1075/1039 853/1074/1038
f 850/1071/1035 854/1075/1039 177/1076/1040
f 177/1076/1040 854/1075/1039 855/1077/1041
f 856/1078/1042 854/1075/1039 852/1073/1037
f 855/1077/1041 854/1075/1039 856/1078/1042
f 851/1072/1036 856/1078/1042 852/1073/1037
f 856/1078/1042 857/1079/1043 855/1077/1041
f 858/1080/1044 856/1078/1042 851/1072/1036
f 858/1080/1044 857/1079/1043 856/1078/1042
f 851/1072/1036 839/1058/1024 859/1081/1045
f 859/1081/1045 858/1080/1044 851/1072/1036
f 839/1058/1024 840/1059/1025 859/1081/1045
f 858/1080/1044 860/1082/1046 857/1079/1043
f 857/1079/1043 860/1082/1046 861/1083/1047
f 862/1084/1048 858/1080/1044 859/1081/1045
f 858/1080/1044 862/1084/1048 860/1082/1046
f 859/1081/1045 840/1059/1025 863/1085/1049
f 863/1085/1049 862/1084/1048 859/1081/1045
f 840/1059/1025 842/1061/1027 863/1085/1049
f 842/1061/1027 864/1086/1050 863/1085/1049
f 864/1086/1050 862/1084/1048 863/1085/1049
f 865/1087/1051 864/1086/1050 842/1061/1027
f 862/1084/1048 864/1086/1050 866/1088/1052
f 860/1082/1046 862/1084/1048 866/1088/1052
f 867/1089/1053 864/1086/1050 865/1087/1051
f 866/1088/1052 864/1086/1050 867/1089/1053
f 865/1087/1051 868/1090/1054 867/1089/1053
f 869/1091/1055 860/1082/1046 866/1088/1052
f 866/1088/1052 867/1089/1053 869/1091/1055
f 870/1092/1056 867/1089/1053 868/1090/1054
f 869/1091/1055 867/1089/1053 870/1092/1056
f 871/1093/1057 870/1092/1056 868/1090/1054
f 871/1093/1057 740/1094/908 870/1092/1056
f 870/1092/1056 740/1094/908 739/1095/907
f 735/1096/902 870/1092/1056 739/1095/907
f 869/1091/1055 870/1092/1056 735/1096/902
f 735/1096/902 872/1097/1058 869/1091/1055
f 872/1097/1058 860/1082/1046 869/1091/1055
f 872/1097/1058 861/1083/1047 860/1082/1046
f 733/1098/898 872/1097/1058 735/1096/902
f 873/1099/1059 861/1083/1047 872/1097/1058
f 733/1098/898 873/1099/1059 872/1097/1058
f 543/1100/897 873/1099/1059 733/1098/898
f 874/1101/1060 132/1102/1061 12/1103/1060
f 875/1104/1062 132/1102/1061 874/1101/1060
f 132/1102/1061 875/1104/1062 105/1105/1063
f 105/1105/1063 875/1104/1062 876/1106/1063
f 874/1101/1060 877/1107/1060 875/1104/1062
f 875/1104/1062 878/1108/1063 876/1106/1063
f 875/1104/1062 877/1107/1060 879/1109/1064
f 879/1109/1064 878/1108/1063 875/1104/1062
f 880/1110/1065 879/1109/1064 877/1107/1060
f 879/1109/1064 881/1111/1066 878/1108/1063
f 882/1112/1067 879/1109/1064 880/1110/1065
f 882/1112/1067 881/1111/1066 879/1109/1064
f 883/1113/1068 882/1112/1067 880/1110/1065
f 881/1111/1066 882/1112/1067 884/1114/1069
f 885/1115/1070 882/1112/1067 883/1113/1068
f 884/1114/1069 882/1112/1067 885/1115/1070
f 13/1116/1071 874/1117/1072 12/1118/1072
f 886/1119/1073 874/1117/1072 13/1116/1071
f 16/1120/1074 886/1119/1073 13/1116/1071
f 886/1119/1073 877/1121/1072 874/1117/1072
f 887/1122/1074 886/1119/1073 16/1120/1074
f 888/1123/1075 877/1121/1072 886/1119/1073
f 887/1122/1074 888/1123/1075 886/1119/1073
f 889/1124/1074 888/1123/1075 887/1122/1074
f 888/1123/1075 880/1125/1076 877/1121/1072
f 889/1124/1074 890/1126/1077 888/1123/1075
f 891/1127/1078 880/1125/1076 888/1123/1075
f 888/1123/1075 890/1126/1077 891/1127/1078
f 891/1127/1078 883/1128/1079 880/1125/1076
f 890/1126/1077 892/1129/1080 891/1127/1078
f 893/1130/1081 883/1128/1079 891/1127/1078
f 891/1127/1078 892/1129/1080 893/1130/1081
f 116/1131/1082 115/1132/1083 894/1133/1082
f 894/1133/1082 115/1132/1083 895/1134/1084
f 115/1132/1083 111/1135/1085 895/1134/1084
f 894/1133/1082 895/1134/1084 896/1136/1082
f 895/1134/1084 111/1135/1085 897/1137/1086
f 896/1136/1082 895/1134/1084 898/1138/1087
f 897/1137/1086 898/1138/1087 895/1134/1084
f 899/1139/1088 898/1138/1087 897/1137/1086
f 898/1138/1087 900/1140/1089 896/1136/1082
f 899/1139/1088 901/1141/1090 898/1138/1087
f 902/1142/1091 900/1140/1089 898/1138/1087
f 898/1138/1087 901/1141/1090 902/1142/1091
f 900/1140/1089 902/1142/1091 903/1143/1092
f 901/1141/1090 904/1144/1093 902/1142/1091
f 903/1143/1092 902/1142/1091 905/1145/1094
f 902/1142/1091 904/1144/1093 905/1145/1094
f 116/1146/1095 894/1147/1095 152/1148/1096
f 152/1148/1096 894/1147/1095 906/1149/1097
f 906/1149/1097 120/1150/1098 152/1148/1096
f 907/1151/1098 120/1150/1098 906/1149/1097
f 894/1147/1095 896/1152/1095 906/1149/1097
f 907/1151/1098 906/1149/1097 908/1153/1098
f 906/1149/1097 896/1152/1095 909/1154/1099
f 908/1153/1098 906/1149/1097 909/1154/1099
f 896/1152/1095 900/1155/1100 909/1154/1099
f 908/1153/1098 909/1154/1099 910/1156/1101
f 909/1154/1099 900/1155/1100 911/1157/1102
f 910/1156/1101 909/1154/1099 911/1157/1102
f 900/1155/1100 903/1158/1103 911/1157/1102
f 910/1156/1101 911/1157/1102 912/1159/1104
f 911/1157/1102 903/1158/1103 913/1160/1105
f 912/1159/1104 911/1157/1102 913/1160/1105
f 914/1161/1106 915/1162/1107 916/1163/1108
f 916/1163/1108 915/1162/1107 917/1164/1109
f 915/1162/1107 918/1165/1110 917/1164/1109
f 917/1164/1109 919/1166/1111 916/1163/1108
f 917/1164/1109 918/1165/1110 920/1167/1112
f 917/1164/1109 920/1167/1112 921/1168/1113
f 921/1168/1113 919/1166/1111 917/1164/1109
f 921/1168/1113 920/1167/1112 922/1169/1114
f 922/1169/1114 923/1170/1115 921/1168/1113
f 921/1168/1113 924/1171/1116 919/1166/1111
f 921/1168/1113 923/1170/1115 924/1171/1116
f 919/1166/1111 924/1171/1116 925/1172/1117
f 926/1173/1118 924/1171/1116 923/1170/1115
f 924/1171/1116 927/1174/1119 925/1172/1117
f 927/1174/1119 924/1171/1116 926/1173/1118
f 925/1172/1117 927/1174/1119 928/1175/1120
f 926/1173/1118 929/1176/1121 927/1174/1119
f 927/1174/1119 930/1177/1122 928/1175/1120
f 927/1174/1119 929/1176/1121 930/1177/1122
f 928/1175/1120 930/1177/1122 931/1178/1123
f 929/1176/1121 932/1179/1124 930/1177/1122
f 930/1177/1122 933/1180/1125 931/1178/1123
f 930/1177/1122 932/1179/1124 933/1180/1125
f 931/1178/1123 933/1180/1125 934/1181/1126
f 932/1179/1124 935/1182/1127 933/1180/1125
f 933/1180/1125 936/1183/1128 934/1181/1126
f 933/1180/1125 935/1182/1127 936/1183/1128
f 934/1181/1126 936/1183/1128 937/1184/1129
f 936/1183/1128 938/1185/1130 937/1184/1129
f 935/1182/1127 939/1186/1131 936/1183/1128
f 939/1186/1131 938/1185/1130 936/1183/1128
f 940/1187/1132 939/1186/1131 935/1182/1127
f 939/1186/1131 941/1188/1133 938/1185/1130
f 940/1187/1132 942/1189/1134 939/1186/1131
f 942/1189/1134 941/1188/1133 939/1186/1131
f 943/1190/1135 942/1189/1134 940/1187/1132
f 942/1189/1134 944/1191/1136 941/1188/1133
f 942/1189/1134 943/1190/1135 945/1192/1137
f 945/1192/1137 944/1191/1136 942/1189/1134
f 945/1192/1137 943/1190/1135 946/1193/1138
f 945/1192/1137 947/1194/1139 944/1191/1136
f 946/1193/1138 948/1195/1140 945/1192/1137
f 948/1195/1140 947/1194/1139 945/1192/1137
f 949/1196/1141 948/1195/1140 946/1193/1138
f 949/1196/1141 950/1197/1142 948/1195/1140
f 948/1195/1140 951/1198/1143 947/1194/1139
f 948/1195/1140 950/1197/1142 951/1198/1143
f 952/1199/1144 951/1198/1143 950/1197/1142
f 947/1194/1139 951/1198/1143 953/1200/1145
f 954/1201/1146 951/1198/1143 952/1199/1144
f 954/1201/1146 953/1200/1145 951/1198/1143
f 955/1202/1147 953/1200/1145 954/1201/1146
f 955/1203/1148 954/1204/1149 956/1205/1150
f 956/1205/1150 954/1204/1149 957/1206/1151
f 954/1204/1149 952/1207/1152 957/1206/1151
f 956/1205/1150 957/1206/1151 958/1208/1153
f 957/1206/1151 952/1207/1152 959/1209/1154
f 957/1206/1151 959/1209/1154 960/1210/1155
f 958/1208/1153 957/1206/1151 960/1210/1155
f 960/1210/1155 959/1209/1154 961/1211/1156
f 961/1211/1156 962/1212/1157 960/1210/1155
f 960/1210/1155 963/1213/1158 958/1208/1153
f 960/1210/1155 962/1212/1157 963/1213/1158
f 958/1208/1153 963/1213/1158 964/1214/1159
f 965/1215/1160 963/1213/1158 962/1212/1157
f 963/1213/1158 966/1216/1161 964/1214/1159
f 966/1216/1161 963/1213/1158 965/1215/1160
f 964/1214/1159 966/1216/1161 967/1217/1162
f 965/1215/1160 968/1218/1163 966/1216/1161
f 966/1216/1161 969/1219/1164 967/1217/1162
f 966/1216/1161 968/1218/1163 969/1219/1164
f 967/1217/1162 969/1219/1164 970/1220/1165
f 968/1218/1163 971/1221/1166 969/1219/1164
f 969/1219/1164 972/1222/1167 970/1220/1165
f 969/1219/1164 971/1221/1166 972/1222/1167
f 970/1220/1165 972/1222/1167 973/1223/1168
f 971/1221/1166 974/1224/1169 972/1222/1167
f 972/1222/1167 975/1225/1170 973/1223/1168
f 972/1222/1167 974/1224/1169 975/1225/1170
f 973/1223/1168 975/1225/1170 976/1226/1171
f 975/1225/1170 977/1227/1172 976/1226/1171
f 974/1224/1169 978/1228/1173 975/1225/1170
f 978/1228/1173 977/1227/1172 975/1225/1170
f 979/1229/1174 978/1228/1173 974/1224/1169
f 978/1228/1173 980/1230/1175 977/1227/1172
f 979/1229/1174 981/1231/1176 978/1228/1173
f 981/1231/1176 980/1230/1175 978/1228/1173
f 982/1232/1177 981/1231/1176 979/1229/1174
f 981/1231/1176 983/1233/1178 980/1230/1175
f 981/1231/1176 982/1232/1177 984/1234/1179
f 984/1234/1179 983/1233/1178 981/1231/1176
f 984/1234/1179 982/1232/1177 985/1235/1180
f 984/1234/1179 986/1236/1181 983/1233/1178
f 985/1235/1180 987/1237/1182 984/1234/1179
f 987/1237/1182 986/1236/1181 984/1234/1179
f 988/1238/1183 987/1237/1182 985/1235/1180
f 988/1238/1183 989/1239/1184 987/1237/1182
f 987/1237/1182 990/1240/1185 986/1236/1181
f 987/1237/1182 989/1239/1184 990/1240/1185
f 989/1239/1184 991/1241/1186 990/1240/1185
f 986/1236/1181 990/1240/1185 992/1242/1187
f 990/1240/1185 991/1241/1186 993/1243/1188
f 993/1243/1188 992/1242/1187 990/1240/1185
f 266/1244/1189 992/1242/1187 993/1243/1188
f 266/1245/1190 993/1246/1191 268/1247/1192
f 268/1247/1192 993/1246/1191 994/1248/1193
f 993/1246/1191 991/1249/1194 994/1248/1193
f 268/1247/1192 994/1248/1193 271/1250/1195
f 994/1248/1193 991/1249/1194 995/1251/1196
f 995/1251/1196 996/1252/1197 994/1248/1193
f 271/1250/1195 994/1248/1193 996/1252/1197
f 997/1253/1198 996/1252/1197 995/1251/1196
f 997/1253/1198 998/1254/1199 996/1252/1197
f 996/1252/1197 999/1255/1200 271/1250/1195
f 996/1252/1197 998/1254/1199 999/1255/1200
f 271/1250/1195 999/1255/1200 279/1256/1201
f 1000/1257/1202 999/1255/1200 998/1254/1199
f 999/1255/1200 1001/1258/1203 279/1256/1201
f 1001/1258/1203 999/1255/1200 1000/1257/1202
f 279/1256/1201 1001/1258/1203 283/1259/1204
f 1000/1257/1202 1002/1260/1205 1001/1258/1203
f 1001/1258/1203 1003/1261/1206 283/1259/1204
f 1001/1258/1203 1002/1260/1205 1003/1261/1206
f 283/1259/1204 1003/1261/1206 287/1262/1207
f 1002/1260/1205 1004/1263/1208 1003/1261/1206
f 1003/1261/1206 1005/1264/1209 287/1262/1207
f 1003/1261/1206 1004/1263/1208 1005/1264/1209
f 287/1262/1207 1005/1264/1209 288/1265/1210
f 1004/1263/1208 1006/1266/1211 1005/1264/1209
f 1005/1264/1209 1007/1267/1212 288/1265/1210
f 1005/1264/1209 1006/1266/1211 1007/1267/1212
f 288/1265/1210 1007/1267/1212 289/1268/1213
f 1007/1267/1212 291/1269/1214 289/1268/1213
f 1006/1266/1211 1008/1270/1215 1007/1267/1212
f 1008/1270/1215 291/1269/1214 1007/1267/1212
f 1009/1271/1216 1008/1270/1215 1006/1266/1211
f 1008/1270/1215 285/1272/1217 291/1269/1214
f 1009/1271/1216 1010/1273/1218 1008/1270/1215
f 1010/1273/1218 285/1272/1217 1008/1270/1215
f 1011/1274/1219 1010/1273/1218 1009/1271/1216
f 1010/1273/1218 281/1275/1220 285/1272/1217
f 1010/1273/1218 1011/1274/1219 1012/1276/1221
f 1012/1276/1221 281/1275/1220 1010/1273/1218
f 1012/1276/1221 1011/1274/1219 1013/1277/1222
f 1012/1276/1221 277/1278/1223 281/1275/1220
f 1013/1277/1222 1014/1279/1224 1012/1276/1221
f 1014/1279/1224 277/1278/1223 1012/1276/1221
f 1015/1280/1225 1014/1279/1224 1013/1277/1222
f 1015/1280/1225 1016/1281/1226 1014/1279/1224
f 1014/1279/1224 1017/1282/1227 277/1278/1223
f 1014/1279/1224 1016/1281/1226 1017/1282/1227
f 1018/1283/1228 1017/1282/1227 1016/1281/1226
f 277/1278/1223 1017/1282/1227 275/1284/1229
f 1019/1285/1230 1017/1282/1227 1018/1283/1228
f 1019/1285/1230 275/1284/1229 1017/1282/1227
f 274/1286/1231 275/1284/1229 1019/1285/1230
f 1019/1287/1232 1020/1288/1233 274/1289/1234
f 1021/1290/1235 1020/1288/1233 1019/1287/1232
f 1019/1287/1232 1018/1291/1236 1021/1290/1235
f 1021/1290/1235 1018/1291/1236 1022/1292/1237
f 1020/1288/1233 1021/1290/1235 1023/1293/1238
f 1022/1292/1237 1024/1294/1239 1021/1290/1235
f 1021/1290/1235 1024/1294/1239 1025/1295/1240
f 1023/1293/1238 1021/1290/1235 1025/1295/1240
f 1024/1294/1239 1026/1296/1241 1025/1295/1240
f 1025/1295/1240 1027/1297/1242 1023/1293/1238
f 1025/1295/1240 1026/1296/1241 1027/1297/1242
f 1023/1293/1238 1027/1297/1242 1028/1298/1243
f 1029/1299/1244 1027/1297/1242 1026/1296/1241
f 1030/1300/1245 1028/1298/1243 1027/1297/1242
f 1030/1300/1245 1027/1297/1242 1029/1299/1244
f 1031/1301/1246 1028/1298/1243 1030/1300/1245
f 1030/1300/1245 1029/1299/1244 1032/1302/1247
f 1032/1302/1247 1031/1301/1246 1030/1300/1245
f 1032/1302/1247 1029/1299/1244 1033/1303/1248
f 1034/1304/1249 1031/1301/1246 1032/1302/1247
f 1032/1302/1247 1033/1303/1248 1035/1305/1250
f 1035/1305/1250 1034/1304/1249 1032/1302/1247
f 1035/1305/1250 1033/1303/1248 1036/1306/1251
f 1037/1307/1252 1034/1304/1249 1035/1305/1250
f 1035/1305/1250 1036/1306/1251 1038/1308/1253
f 1035/1305/1250 1038/1308/1253 1037/1307/1252
f 1038/1308/1253 1036/1306/1251 1039/1309/1254
f 1037/1307/1252 1038/1308/1253 1040/1310/1255
f 1039/1309/1254 1041/1311/1256 1038/1308/1253
f 1038/1308/1253 1042/1312/1257 1040/1310/1255
f 1038/1308/1253 1041/1311/1256 1043/1313/1258
f 1043/1313/1258 1042/1312/1257 1038/1308/1253
f 1044/1314/1259 1043/1313/1258 1041/1311/1256
f 1042/1312/1257 1043/1313/1258 1045/1315/1260
f 1046/1316/1261 1043/1313/1258 1044/1314/1259
f 1045/1315/1260 1043/1313/1258 1046/1316/1261
f 1047/1317/1262 1046/1316/1261 1044/1314/1259
f 1046/1316/1261 1048/1318/1263 1045/1315/1260
f 1049/1319/1264 1048/1318/1263 1046/1316/1261
f 1049/1319/1264 1046/1316/1261 1047/1317/1262
f 1049/1319/1264 1050/1320/1265 1048/1318/1263
f 1049/1319/1264 1047/1317/1262 1051/1321/1266
f 1051/1321/1266 1050/1320/1265 1049/1319/1264
f 1051/1321/1266 1047/1317/1262 1052/1322/1267
f 1050/1320/1265 1051/1321/1266 1053/1323/1268
f 1051/1321/1266 1052/1322/1267 1054/1324/1269
f 1053/1323/1268 1051/1321/1266 1054/1324/1269
f 1054/1324/1269 1052/1322/1267 1055/1325/1270
f 1054/1324/1269 1056/1326/1271 1053/1323/1268
f 1054/1324/1269 1055/1325/1270 1056/1326/1271
f 1056/1326/1271 1055/1325/1270 1057/1327/1272
f 1058/1328/1273 1056/1326/1271 1057/1327/1272
f 1053/1323/1268 1056/1326/1271 1059/1329/1274
f 1060/1330/1275 1056/1326/1271 1058/1328/1273
f 1060/1330/1275 1059/1329/1274 1056/1326/1271
f 391/1331/1276 1059/1329/1274 1060/1330/1275
f 263/1332/260 1061/1333/1277 266/1334/263
f 266/1334/263 1061/1333/1277 1062/1335/1278
f 1063/1336/1279 1062/1335/1278 1061/1333/1277
f 266/1334/263 1062/1335/1278 992/1337/1280
f 1064/1338/1281 1062/1335/1278 1063/1336/1279
f 292/1339/1282 1064/1338/1281 1063/1336/1279
f 955/1340/1283 1064/1338/1281 292/1339/1282
f 956/1341/1284 1064/1338/1281 955/1340/1283
f 992/1337/1280 1062/1335/1278 1065/1342/1285
f 1064/1338/1281 1065/1342/1285 1062/1335/1278
f 1065/1342/1285 986/1343/1286 992/1337/1280
f 1066/1344/1287 1064/1338/1281 956/1341/1284
f 1066/1344/1287 1065/1342/1285 1064/1338/1281
f 958/1345/1288 1066/1344/1287 956/1341/1284
f 1067/1346/1289 986/1343/1286 1065/1342/1285
f 1067/1346/1289 983/1347/1290 986/1343/1286
f 1068/1348/1291 1065/1342/1285 1066/1344/1287
f 1068/1348/1291 1066/1344/1287 958/1345/1288
f 1067/1346/1289 1065/1342/1285 1068/1348/1291
f 964/1349/1292 1068/1348/1291 958/1345/1288
f 1069/1350/1293 983/1347/1290 1067/1346/1289
f 1069/1350/1293 980/1351/1294 983/1347/1290
f 1068/1348/1291 1070/1352/1295 1067/1346/1289
f 1070/1352/1295 1068/1348/1291 964/1349/1292
f 1067/1346/1289 1070/1352/1295 1069/1350/1293
f 967/1353/1296 1070/1352/1295 964/1349/1292
f 1071/1354/1297 980/1351/1294 1069/1350/1293
f 1070/1352/1295 1071/1354/1297 1069/1350/1293
f 1071/1354/1297 977/1355/1298 980/1351/1294
f 976/1356/1299 977/1355/1298 1071/1354/1297
f 1072/1357/1300 1070/1352/1295 967/1353/1296
f 1072/1357/1300 1071/1354/1297 1070/1352/1295
f 1072/1357/1300 976/1356/1299 1071/1354/1297
f 967/1353/1296 970/1358/1301 1072/1357/1300
f 973/1359/1302 976/1356/1299 1072/1357/1300
f 1072/1357/1300 970/1358/1301 973/1359/1302
f 264/1360/1303 269/1361/1304 1073/1362/1305
f 1073/1362/1305 269/1361/1304 1074/1363/1306
f 273/1364/1307 1074/1363/1306 269/1361/1304
f 1074/1363/1306 1075/1365/1308 1073/1362/1305
f 1076/1366/1309 1077/1367/1310 273/1364/1307
f 273/1364/1307 1077/1367/1310 1078/1368/1311
f 1078/1368/1311 1074/1363/1306 273/1364/1307
f 1077/1367/1310 1079/1369/1312 1078/1368/1311
f 1080/1370/1313 1075/1365/1308 1074/1363/1306
f 1074/1363/1306 1078/1368/1311 1080/1370/1313
f 1078/1368/1311 1079/1369/1312 1081/1371/1314
f 1080/1370/1313 1078/1368/1311 1081/1371/1314
f 1079/1369/1312 1082/1372/1315 1081/1371/1314
f 1080/1370/1313 1083/1373/1316 1075/1365/1308
f 1080/1370/1313 1081/1371/1314 1083/1373/1316
f 1075/1365/1308 1083/1373/1316 1084/1374/1317
f 1081/1371/1314 1082/1372/1315 1085/1375/1318
f 1083/1373/1316 1081/1371/1314 1085/1375/1318
f 1082/1372/1315 1086/1376/1319 1085/1375/1318
f 1083/1373/1316 1087/1377/1320 1084/1374/1317
f 1083/1373/1316 1085/1375/1318 1087/1377/1320
f 1084/1374/1317 1087/1377/1320 1088/1378/1321
f 1085/1375/1318 1086/1376/1319 1089/1379/1322
f 1087/1377/1320 1085/1375/1318 1089/1379/1322
f 1086/1376/1319 1090/1380/1323 1089/1379/1322
f 1087/1377/1320 1091/1381/1324 1088/1378/1321
f 1087/1377/1320 1089/1379/1322 1091/1381/1324
f 1088/1378/1321 1091/1381/1324 1092/1382/1325
f 1092/1382/1325 1091/1381/1324 1093/1383/1326
f 1093/1383/1326 1091/1381/1324 1094/1384/1327
f 1089/1379/1322 1090/1380/1323 1095/1385/1328
f 1091/1381/1324 1089/1379/1322 1095/1385/1328
f 1091/1381/1324 1095/1385/1328 1094/1384/1327
f 1090/1380/1323 1096/1386/1329 1095/1385/1328
f 1094/1384/1327 1095/1385/1328 1097/1387/1330
f 1095/1385/1328 1096/1386/1329 1097/1387/1330
f 747/1388/1331 991/1389/1332 751/1390/1333
f 1098/1391/1334 991/1389/1332 747/1388/1331
f 991/1389/1332 1098/1391/1334 995/1392/1335
f 744/1393/1336 1098/1391/1334 747/1388/1331
f 995/1392/1335 1098/1391/1334 1099/1394/1337
f 995/1392/1335 1099/1394/1337 997/1395/1338
f 1100/1396/1339 1098/1391/1334 744/1393/1336
f 1100/1396/1339 1099/1394/1337 1098/1391/1334
f 1018/1397/1340 744/1393/1336 742/1398/1341
f 1100/1396/1339 744/1393/1336 1018/1397/1340
f 1018/1397/1340 1016/1399/1342 1100/1396/1339
f 1100/1396/1339 1016/1399/1342 1101/1400/1343
f 1101/1400/1343 1099/1394/1337 1100/1396/1339
f 1016/1399/1342 1015/1401/1344 1101/1400/1343
f 997/1395/1338 1099/1394/1337 1102/1402/1345
f 1099/1394/1337 1101/1400/1343 1102/1402/1345
f 997/1395/1338 1102/1402/1345 998/1403/1346
f 1101/1400/1343 1015/1401/1344 1103/1404/1347
f 1102/1402/1345 1101/1400/1343 1103/1404/1347
f 1015/1401/1344 1013/1405/1348 1103/1404/1347
f 998/1403/1346 1102/1402/1345 1104/1406/1349
f 1102/1402/1345 1103/1404/1347 1104/1406/1349
f 998/1403/1346 1104/1406/1349 1000/1407/1350
f 1103/1404/1347 1013/1405/1348 1105/1408/1351
f 1104/1406/1349 1103/1404/1347 1105/1408/1351
f 1013/1405/1348 1011/1409/1352 1105/1408/1351
f 1000/1407/1350 1104/1406/1349 1106/1410/1353
f 1104/1406/1349 1105/1408/1351 1106/1410/1353
f 1000/1407/1350 1106/1410/1353 1002/1411/1354
f 1002/1411/1354 1106/1410/1353 1004/1412/1355
f 1105/1408/1351 1011/1409/1352 1107/1413/1356
f 1106/1410/1353 1105/1408/1351 1107/1413/1356
f 1106/1410/1353 1107/1413/1356 1004/1412/1355
f 1011/1409/1352 1009/1414/1357 1107/1413/1356
f 1004/1412/1355 1107/1413/1356 1006/1415/1358
f 1107/1413/1356 1009/1414/1357 1006/1415/1358
f 1108/1416/1359 915/1417/1360 914/1418/1361
f 1109/1419/1362 915/1417/1360 1108/1416/1359
f 1109/1419/1362 918/1420/1363 915/1417/1360
f 1110/1421/1364 918/1420/1363 1109/1419/1362
f 1111/1422/1365 1109/1419/1362 1108/1416/1359
f 1109/1419/1362 1112/1423/1366 1110/1421/1364
f 1113/1424/1367 1112/1423/1366 1109/1419/1362
f 1113/1424/1367 1109/1419/1362 1111/1422/1365
f 1113/1424/1367 1114/1425/1368 1112/1423/1366
f 1111/1422/1365 1115/1426/1369 1113/1424/1367
f 1115/1426/1369 1114/1425/1368 1113/1424/1367
f 1116/1427/1370 1115/1426/1369 1111/1422/1365
f 1115/1426/1369 1117/1428/1371 1114/1425/1368
f 1115/1426/1369 1116/1427/1370 1118/1429/1372
f 1118/1429/1372 1117/1428/1371 1115/1426/1369
f 1118/1429/1372 1116/1427/1370 1119/1430/1373
f 1120/1431/1374 1117/1428/1371 1118/1429/1372
f 1118/1429/1372 1119/1430/1373 1120/1431/1374
f 1121/1432/1375 1117/1428/1371 1120/1431/1374
f 1120/1431/1374 1119/1430/1373 1122/1433/1376
f 1120/1431/1374 1123/1434/1377 1121/1432/1375
f 1122/1433/1376 1123/1434/1377 1120/1431/1374
f 1121/1432/1375 1123/1434/1377 1124/1435/1378
f 1125/1436/1379 1123/1434/1377 1122/1433/1376
f 1126/1437/1380 1124/1435/1378 1123/1434/1377
f 1123/1434/1377 1125/1436/1379 1126/1437/1380
f 1127/1438/1381 1124/1435/1378 1126/1437/1380
f 1126/1437/1380 1125/1436/1379 1128/1439/1382
f 1126/1437/1380 1129/1440/1383 1127/1438/1381
f 1128/1439/1382 1130/1441/1384 1126/1437/1380
f 1131/1442/1385 1129/1440/1383 1126/1437/1380
f 1126/1437/1380 1130/1441/1384 1131/1442/1385
f 1131/1442/1385 1132/1443/1386 1129/1440/1383
f 1130/1441/1384 1133/1444/1387 1131/1442/1385
f 1134/1445/1388 1132/1443/1386 1131/1442/1385
f 1131/1442/1385 1133/1444/1387 1134/1445/1388
f 1132/1443/1386 1134/1445/1388 1135/1446/1389
f 1133/1444/1387 1136/1447/1390 1134/1445/1388
f 1134/1445/1388 1136/1447/1390 1137/1448/1391
f 1135/1446/1389 1134/1445/1388 1137/1448/1391
f 1136/1447/1390 1138/1449/1392 1137/1448/1391
f 1137/1448/1391 1139/1450/1393 1135/1446/1389
f 1137/1448/1391 1138/1449/1392 1139/1450/1393
f 1135/1446/1389 1139/1450/1393 1140/1451/1394
f 1138/1449/1392 1141/1452/1395 1139/1450/1393
f 1139/1450/1393 1142/1453/1396 1140/1451/1394
f 1139/1450/1393 1141/1452/1395 1142/1453/1396
f 1140/1451/1394 1142/1453/1396 1143/1454/1397
f 1141/1452/1395 1144/1455/1398 1142/1453/1396
f 1142/1453/1396 1144/1455/1398 1143/1454/1397
f 1143/1454/1397 1144/1455/1398 1145/1456/1399
f 1144/1455/1398 1146/1457/1400 1145/1456/1399
f 1147/1458/1401 1144/1455/1398 1141/1452/1395
f 1148/1459/1402 1146/1457/1400 1144/1455/1398
f 1147/1458/1401 1148/1459/1402 1144/1455/1398
f 1149/1460/1403 1148/1459/1402 1147/1458/1401
f 781/1461/1404 918/1462/1405 784/1463/1406
f 1150/1464/1407 918/1462/1405 781/1461/1404
f 918/1462/1405 1150/1464/1407 920/1465/1408
f 778/1466/1409 1150/1464/1407 781/1461/1404
f 920/1465/1408 1150/1464/1407 1151/1467/1410
f 920/1465/1408 1151/1467/1410 922/1468/1411
f 1152/1469/1412 1150/1464/1407 778/1466/1409
f 1152/1469/1412 1151/1467/1410 1150/1464/1407
f 952/1470/1413 778/1466/1409 775/1471/1414
f 1152/1469/1412 778/1466/1409 952/1470/1413
f 952/1470/1413 950/1472/1415 1152/1469/1412
f 1152/1469/1412 950/1472/1415 1153/1473/1416
f 1153/1473/1416 1151/1467/1410 1152/1469/1412
f 950/1472/1415 949/1474/1417 1153/1473/1416
f 922/1468/1411 1151/1467/1410 1154/1475/1418
f 1151/1467/1410 1153/1473/1416 1154/1475/1418
f 922/1468/1411 1154/1475/1418 923/1476/1419
f 1153/1473/1416 949/1474/1417 1155/1477/1420
f 1154/1475/1418 1153/1473/1416 1155/1477/1420
f 949/1474/1417 946/1478/1421 1155/1477/1420
f 923/1476/1419 1154/1475/1418 1156/1479/1422
f 1154/1475/1418 1155/1477/1420 1156/1479/1422
f 923/1476/1419 1156/1479/1422 926/1480/1423
f 1155/1477/1420 946/1478/1421 1157/1481/1424
f 1156/1479/1422 1155/1477/1420 1157/1481/1424
f 946/1478/1421 943/1482/1425 1157/1481/1424
f 926/1480/1423 1156/1479/1422 1158/1483/1426
f 1156/1479/1422 1157/1481/1424 1158/1483/1426
f 926/1480/1423 1158/1483/1426 929/1484/1427
f 929/1484/1427 1158/1483/1426 932/1485/1428
f 1157/1481/1424 943/1482/1425 1159/1486/1429
f 1158/1483/1426 1157/1481/1424 1159/1486/1429
f 1158/1483/1426 1159/1486/1429 932/1485/1428
f 943/1482/1425 940/1487/1430 1159/1486/1429
f 932/1485/1428 1159/1486/1429 935/1488/1431
f 1159/1486/1429 940/1487/1430 935/1488/1431
f 1160/1489/1432 1161/1490/1433 1162/1491/1434
f 1163/1492/1435 1161/1490/1433 1160/1489/1432
f 1164/1493/1436 1163/1492/1435 1160/1489/1432
f 1163/1492/1435 1165/1494/1437 1161/1490/1433
f 1166/1495/1438 1163/1492/1435 1164/1493/1436
f 1167/1496/1439 1166/1495/1438 1164/1493/1436
f 1168/1497/1440 1165/1494/1437 1163/1492/1435
f 1169/1498/1441 1165/1494/1437 1168/1497/1440
f 1169/1498/1441 1168/1497/1440 1170/1499/1442
f 1166/1495/1438 1171/1500/1443 1163/1492/1435
f 1163/1492/1435 1171/1500/1443 1168/1497/1440
f 1172/1501/1444 1166/1495/1438 1167/1496/1439
f 1173/1502/1445 1172/1501/1444 1167/1496/1439
f 1166/1495/1438 1174/1503/1446 1171/1500/1443
f 1172/1501/1444 1174/1503/1446 1166/1495/1438
f 1175/1504/1447 1172/1501/1444 1173/1502/1445
f 1176/1505/1448 1175/1504/1447 1173/1502/1445
f 1172/1501/1444 1177/1506/1449 1174/1503/1446
f 1175/1504/1447 1177/1506/1449 1172/1501/1444
f 1178/1507/1450 1175/1504/1447 1176/1505/1448
f 1179/1508/1451 1178/1507/1450 1176/1505/1448
f 1175/1504/1447 1180/1509/1452 1177/1506/1449
f 1178/1507/1450 1180/1509/1452 1175/1504/1447
f 1181/1510/1453 1178/1507/1450 1179/1508/1451
f 1179/1508/1451 1182/1511/1454 1181/1510/1453
f 1183/1512/1455 1182/1511/1454 1179/1508/1451
f 1181/1510/1453 1184/1513/1456 1178/1507/1450
f 1181/1510/1453 1182/1511/1454 1184/1513/1456
f 1178/1507/1450 1184/1513/1456 1180/1509/1452
f 1182/1511/1454 1183/1512/1455 1185/1514/1457
f 1184/1513/1456 1182/1511/1454 1185/1514/1457
f 1185/1514/1457 1183/1512/1455 1186/1515/1458
f 1185/1514/1457 1186/1515/1458 1187/1516/1459
f 1187/1516/1459 1184/1513/1456 1185/1514/1457
f 1187/1516/1459 1186/1515/1458 1188/1517/1460
f 1189/1518/1461 1187/1516/1459 1188/1517/1460
f 1184/1513/1456 1190/1519/1462 1180/1509/1452
f 1190/1519/1462 1184/1513/1456 1187/1516/1459
f 1191/1520/1463 1187/1516/1459 1189/1518/1461
f 1187/1516/1459 1191/1520/1463 1190/1519/1462
f 1189/1518/1461 1192/1521/1464 1191/1520/1463
f 1190/1519/1462 1191/1520/1463 1193/1522/1465
f 1191/1520/1463 1192/1521/1464 1193/1522/1465
f 1180/1509/1452 1190/1519/1462 1194/1523/1466
f 1180/1509/1452 1194/1523/1466 1177/1506/1449
f 1193/1522/1465 1195/1524/1467 1190/1519/1462
f 1192/1521/1464 1195/1524/1467 1193/1522/1465
f 1190/1519/1462 1195/1524/1467 1194/1523/1466
f 1196/1525/1468 1195/1524/1467 1192/1521/1464
f 1177/1506/1449 1194/1523/1466 1197/1526/1469
f 1177/1506/1449 1197/1526/1469 1174/1503/1446
f 1195/1524/1467 1198/1527/1470 1194/1523/1466
f 1196/1525/1468 1198/1527/1470 1195/1524/1467
f 1194/1523/1466 1198/1527/1470 1197/1526/1469
f 1199/1528/1471 1198/1527/1470 1196/1525/1468
f 1174/1503/1446 1197/1526/1469 1200/1529/1472
f 1174/1503/1446 1200/1529/1472 1171/1500/1443
f 1198/1527/1470 1201/1530/1473 1197/1526/1469
f 1199/1528/1471 1201/1530/1473 1198/1527/1470
f 1197/1526/1469 1201/1530/1473 1200/1529/1472
f 1202/1531/1474 1201/1530/1473 1199/1528/1471
f 1202/1531/1474 1203/1532/1475 1201/1530/1473
f 1201/1530/1473 1203/1532/1475 1204/1533/1476
f 1201/1530/1473 1204/1533/1476 1200/1529/1472
f 1203/1532/1475 1205/1534/1477 1204/1533/1476
f 1171/1500/1443 1200/1529/1472 1206/1535/1478
f 1200/1529/1472 1204/1533/1476 1206/1535/1478
f 1171/1500/1443 1206/1535/1478 1168/1497/1440
f 1204/1533/1476 1205/1534/1477 1207/1536/1479
f 1204/1533/1476 1207/1536/1479 1206/1535/1478
f 1208/1537/1480 1209/1538/1481 1205/1534/1477
f 1205/1534/1477 1209/1538/1481 1207/1536/1479
f 1207/1536/1479 1209/1538/1481 1210/1539/1482
f 1168/1497/1440 1206/1535/1478 1211/1540/1483
f 1206/1535/1478 1207/1536/1479 1211/1540/1483
f 1207/1536/1479 1210/1539/1482 1211/1540/1483
f 1168/1497/1440 1211/1540/1483 1170/1499/1442
f 1211/1540/1483 1210/1539/1482 1212/1541/1484
f 1170/1499/1442 1211/1540/1483 1213/1542/1485
f 1212/1541/1484 1213/1542/1485 1211/1540/1483
f 1214/1543/1486 1165/1544/1487 1169/1545/1488
f 1215/1546/1489 1165/1544/1487 1214/1543/1486
f 1215/1546/1489 1214/1543/1486 335/1547/1490
f 1215/1546/1489 1161/1548/1491 1165/1544/1487
f 335/1547/1490 1216/1549/1492 1215/1546/1489
f 1217/1550/1493 1216/1549/1492 335/1547/1490
f 1218/1551/1494 1161/1548/1491 1215/1546/1489
f 1215/1546/1489 1216/1549/1492 1218/1551/1494
f 1218/1551/1494 1162/1552/1495 1161/1548/1491
f 1219/1553/1496 1162/1552/1495 1218/1551/1494
f 1220/1554/1497 1219/1553/1496 1218/1551/1494
f 1218/1551/1494 1216/1549/1492 1220/1554/1497
f 1221/1555/1498 1219/1553/1496 1220/1554/1497
f 1221/1555/1498 1220/1554/1497 1222/1556/1499
f 1222/1556/1499 1220/1554/1497 1223/1557/1500
f 1216/1549/1492 1223/1557/1500 1220/1554/1497
f 1223/1557/1500 1224/1558/1501 1222/1556/1499
f 1217/1550/1493 1225/1559/1502 1216/1549/1492
f 1225/1559/1502 1223/1557/1500 1216/1549/1492
f 1226/1560/1503 1225/1559/1502 1217/1550/1493
f 1227/1561/1504 1224/1558/1501 1223/1557/1500
f 1225/1559/1502 1227/1561/1504 1223/1557/1500
f 1227/1561/1504 1228/1562/1505 1224/1558/1501
f 1226/1560/1503 1229/1563/1506 1225/1559/1502
f 1229/1563/1506 1227/1561/1504 1225/1559/1502
f 1230/1564/1507 1229/1563/1506 1226/1560/1503
f 1231/1565/1508 1228/1562/1505 1227/1561/1504
f 1230/1564/1507 1232/1566/1509 1229/1563/1506
f 1229/1563/1506 1232/1566/1509 1227/1561/1504
f 1227/1561/1504 1232/1566/1509 1231/1565/1508
f 1233/1567/1510 1232/1566/1509 1230/1564/1507
f 1234/1568/1511 1228/1562/1505 1231/1565/1508
f 1232/1566/1509 1234/1568/1511 1231/1565/1508
f 1235/1569/1512 1228/1562/1505 1234/1568/1511
f 1234/1568/1511 1236/1570/1513 1235/1569/1512
f 1237/1571/1514 1236/1570/1513 1234/1568/1511
f 1233/1567/1510 1238/1572/1515 1232/1566/1509
f 1238/1572/1515 1234/1568/1511 1232/1566/1509
f 1238/1572/1515 1237/1571/1514 1234/1568/1511
f 1239/1573/1516 1238/1572/1515 1233/1567/1510
f 1240/1574/1517 1237/1571/1514 1238/1572/1515
f 1239/1573/1516 1241/1575/1518 1238/1572/1515
f 1238/1572/1515 1241/1575/1518 1240/1574/1517
f 65/1576/488 64/1577/1519 469/1578/489
f 469/1578/489 64/1577/1519 1242/1579/1520
f 64/1577/1519 61/1580/1521 1242/1579/1520
f 469/1578/489 1242/1579/1520 471/1581/493
f 1242/1579/1520 61/1580/1521 1243/1582/1522
f 471/1581/493 1242/1579/1520 1244/1583/1523
f 1242/1579/1520 1243/1582/1522 1244/1583/1523
f 471/1581/493 1244/1583/1523 474/1584/496
f 61/1580/1521 59/1585/1524 1243/1582/1522
f 474/1584/496 1244/1583/1523 1245/1586/1525
f 1243/1582/1522 59/1585/1524 1246/1587/1526
f 1244/1583/1523 1247/1588/1527 1245/1586/1525
f 1244/1583/1523 1243/1582/1522 1247/1588/1527
f 1243/1582/1522 1246/1587/1526 1247/1588/1527
f 1245/1586/1525 1247/1588/1527 1248/1589/1528
f 59/1585/1524 1249/1590/1529 1246/1587/1526
f 1247/1588/1527 1250/1591/1530 1248/1589/1528
f 1247/1588/1527 1246/1587/1526 1250/1591/1530
f 1246/1587/1526 1249/1590/1529 1250/1591/1530
f 1248/1589/1528 1250/1591/1530 1251/1592/1531
f 60/1593/1532 1249/1590/1529 59/1585/1524
f 1250/1591/1530 1252/1594/1533 1251/1592/1531
f 1250/1591/1530 1249/1590/1529 1252/1594/1533
f 1251/1592/1531 1252/1594/1533 1253/1595/1534
f 1252/1594/1533 1254/1596/1535 1253/1595/1534
f 1255/1597/1536 1254/1596/1535 1252/1594/1533
f 1249/1590/1529 1255/1597/1536 1252/1594/1533
f 1255/1597/1536 1256/1598/1537 1254/1596/1535
f 60/1593/1532 1257/1599/1538 1249/1590/1529
f 1257/1599/1538 1255/1597/1536 1249/1590/1529
f 62/1600/1539 1257/1599/1538 60/1593/1532
f 1258/1601/1540 1256/1598/1537 1255/1597/1536
f 1257/1599/1538 1258/1601/1540 1255/1597/1536
f 1258/1601/1540 489/1602/514 1256/1598/1537
f 490/1603/515 489/1602/514 1258/1601/1540
f 62/1600/1539 1259/1604/1541 1257/1599/1538
f 1259/1604/1541 1258/1601/1540 1257/1599/1538
f 1259/1604/1541 490/1603/515 1258/1601/1540
f 67/1605/1542 1259/1604/1541 62/1600/1539
f 492/1606/518 490/1603/515 1259/1604/1541
f 67/1605/1542 492/1606/518 1259/1604/1541
f 70/1607/519 492/1606/518 67/1605/1542
f 474/1608/496 1245/1609/1525 493/1610/520
f 493/1610/520 1245/1609/1525 1260/1611/1543
f 1245/1609/1525 1248/1612/1528 1260/1611/1543
f 1260/1611/1543 495/1613/522 493/1610/520
f 1260/1611/1543 1248/1612/1528 1261/1614/1544
f 1248/1612/1528 1251/1615/1531 1261/1614/1544
f 1262/1616/1545 495/1613/522 1260/1611/1543
f 1261/1614/1544 1262/1616/1545 1260/1611/1543
f 1261/1614/1544 1251/1615/1531 1263/1617/1546
f 1261/1614/1544 1263/1617/1546 1262/1616/1545
f 1251/1615/1531 1253/1618/1534 1263/1617/1546
f 1262/1616/1545 1264/1619/1547 495/1613/522
f 495/1613/522 1264/1619/1547 500/1620/527
f 1263/1617/1546 1265/1621/1548 1262/1616/1545
f 1263/1617/1546 1253/1618/1534 1265/1621/1548
f 1262/1616/1545 1265/1621/1548 1264/1619/1547
f 1253/1618/1534 1266/1622/1549 1265/1621/1548
f 1266/1622/1549 1264/1619/1547 1265/1621/1548
f 1254/1623/1535 1266/1622/1549 1253/1618/1534
f 1264/1619/1547 1267/1624/1550 500/1620/527
f 1264/1619/1547 1266/1622/1549 1267/1624/1550
f 1254/1623/1535 1267/1624/1550 1266/1622/1549
f 500/1620/527 1267/1624/1550 504/1625/531
f 1256/1626/1537 1267/1624/1550 1254/1623/1535
f 1256/1626/1537 504/1625/531 1267/1624/1550
f 489/1627/514 504/1625/531 1256/1626/1537
f 41/1628/1551 38/1629/1552 1268/1630/1553
f 1268/1630/1553 38/1629/1552 1269/1631/1554
f 38/1629/1552 32/1632/1555 1269/1631/1554
f 1268/1630/1553 1269/1631/1554 1270/1633/1556
f 1269/1631/1554 32/1632/1555 1271/1634/1557
f 1270/1633/1556 1269/1631/1554 1272/1635/1558
f 1269/1631/1554 1271/1634/1557 1272/1635/1558
f 1270/1633/1556 1272/1635/1558 1273/1636/1559
f 1272/1635/1558 1271/1634/1557 1274/1637/1560
f 1273/1636/1559 1272/1635/1558 1275/1638/1561
f 1272/1635/1558 1274/1637/1560 1275/1638/1561
f 1275/1638/1561 1274/1637/1560 1276/1639/1562
f 1273/1636/1559 1275/1638/1561 1277/1640/1563
f 1278/1641/1564 1275/1638/1561 1276/1639/1562
f 1277/1640/1563 1275/1638/1561 1279/1642/1565
f 1279/1642/1565 1275/1638/1561 1278/1641/1564
f 1279/1642/1565 1280/1643/1566 1277/1640/1563
f 1281/1644/1567 1279/1642/1565 1278/1641/1564
f 1282/1645/1568 1279/1642/1565 1281/1644/1567
f 1282/1645/1568 1280/1643/1566 1279/1642/1565
f 1283/1646/1569 1282/1645/1568 1281/1644/1567
f 1284/1647/1570 1280/1643/1566 1282/1645/1568
f 1284/1647/1570 1282/1645/1568 1283/1646/1569
f 1285/1648/1571 1280/1643/1566 1284/1647/1570
f 1284/1647/1570 1286/1649/1572 1285/1648/1571
f 1283/1646/1569 1287/1650/1573 1284/1647/1570
f 1287/1650/1573 1286/1649/1572 1284/1647/1570
f 1288/1651/1574 1287/1650/1573 1283/1646/1569
f 1287/1650/1573 1289/1652/1575 1286/1649/1572
f 1288/1651/1574 1290/1653/1576 1287/1650/1573
f 1290/1653/1576 1289/1652/1575 1287/1650/1573
f 1291/1654/1577 1290/1653/1576 1288/1651/1574
f 1292/1655/1578 1289/1652/1575 1290/1653/1576
f 1291/1654/1577 1292/1655/1578 1290/1653/1576
f 1293/1656/1579 1289/1652/1575 1292/1655/1578
f 1294/1657/1580 1292/1655/1578 1291/1654/1577
f 1295/1658/1581 1293/1656/1579 1292/1655/1578
f 1292/1655/1578 1294/1657/1580 1295/1658/1581
f 1295/1658/1581 1294/1657/1580 1296/1659/1582
f 1297/1660/1583 1293/1656/1579 1295/1658/1581
f 1298/1661/1584 1295/1658/1581 1296/1659/1582
f 1299/1662/1585 1297/1660/1583 1295/1658/1581
f 1299/1662/1585 1295/1658/1581 1298/1661/1584
f 1300/1663/1586 1297/1660/1583 1299/1662/1585
f 1301/1664/1587 1299/1662/1585 1298/1661/1584
f 1302/1665/1588 1300/1663/1586 1299/1662/1585
f 1302/1665/1588 1299/1662/1585 1301/1664/1587
f 1301/1664/1587 18/1666/1589 1302/1665/1588
f 1303/1667/1590 1300/1663/1586 1302/1665/1588
f 1302/1665/1588 18/1666/1589 541/1668/1591
f 541/1668/1591 1303/1667/1590 1302/1665/1588
f 542/1669/1592 1303/1667/1590 541/1668/1591
f 1304/1670/1593 873/1671/1594 543/1672/1595
f 1305/1673/1596 873/1671/1594 1304/1670/1593
f 1304/1670/1593 1306/1674/1597 1305/1673/1596
f 1305/1673/1596 861/1675/1598 873/1671/1594
f 1305/1673/1596 1306/1674/1597 1307/1676/1599
f 1306/1674/1597 1308/1677/1600 1307/1676/1599
f 1309/1678/1601 861/1675/1598 1305/1673/1596
f 1307/1676/1599 1309/1678/1601 1305/1673/1596
f 857/1679/1602 861/1675/1598 1310/1680/1603
f 1310/1680/1603 861/1675/1598 1309/1678/1601
f 1310/1680/1603 1309/1678/1601 1311/1681/1604
f 1311/1681/1604 1309/1678/1601 1312/1682/1605
f 1312/1682/1605 1309/1678/1601 1307/1676/1599
f 1311/1681/1604 1312/1682/1605 1313/1683/1606
f 1307/1676/1599 1308/1677/1600 1314/1684/1607
f 1314/1684/1607 1312/1682/1605 1307/1676/1599
f 1315/1685/1608 1314/1684/1607 1308/1677/1600
f 1313/1683/1606 1312/1682/1605 1316/1686/1609
f 1316/1686/1609 1312/1682/1605 1314/1684/1607
f 1316/1686/1609 1317/1687/1610 1313/1683/1606
f 1318/1688/1611 1314/1684/1607 1315/1685/1608
f 1318/1688/1611 1316/1686/1609 1314/1684/1607
f 1315/1685/1608 1319/1689/1612 1318/1688/1611
f 1318/1688/1611 1319/1689/1612 1320/1690/1613
f 1320/1690/1613 1321/1691/1614 1318/1688/1611
f 1322/1692/1615 1317/1687/1610 1316/1686/1609
f 1322/1692/1615 1316/1686/1609 1318/1688/1611
f 1318/1688/1611 1321/1691/1614 1322/1692/1615
f 1322/1692/1615 1323/1693/1616 1317/1687/1610
f 1321/1691/1614 1323/1693/1616 1322/1692/1615
f 1324/1694/1617 40/1695/1618 41/1696/1619
f 1325/1697/1620 40/1695/1618 1324/1694/1617
f 1324/1694/1617 1326/1698/1621 1325/1697/1620
f 40/1695/1618 1325/1697/1620 215/1699/1622
f 1325/1697/1620 1326/1698/1621 1327/1700/1623
f 1326/1698/1621 1328/1701/1624 1327/1700/1623
f 215/1699/1622 1325/1697/1620 1329/1702/1625
f 1325/1697/1620 1327/1700/1623 1329/1702/1625
f 1329/1702/1625 212/1703/1626 215/1699/1622
f 212/1703/1626 1330/1704/1627 214/1705/1628
f 1329/1702/1625 1330/1704/1627 212/1703/1626
f 1330/1704/1627 1329/1702/1625 1331/1706/1629
f 1331/1706/1629 1329/1702/1625 1332/1707/1630
f 1329/1702/1625 1327/1700/1623 1332/1707/1630
f 1331/1706/1629 1332/1707/1630 1333/1708/1631
f 1327/1700/1623 1328/1701/1624 1334/1709/1632
f 1334/1709/1632 1332/1707/1630 1327/1700/1623
f 1335/1710/1633 1334/1709/1632 1328/1701/1624
f 1333/1708/1631 1332/1707/1630 1336/1711/1634
f 1336/1711/1634 1332/1707/1630 1334/1709/1632
f 1333/1708/1631 1336/1711/1634 1337/1712/1635
f 1338/1713/1636 1334/1709/1632 1335/1710/1633
f 1335/1710/1633 1339/1714/1637 1338/1713/1636
f 1338/1713/1636 1339/1714/1637 1340/1715/1638
f 1336/1711/1634 1334/1709/1632 1341/1716/1639
f 1341/1716/1639 1334/1709/1632 1338/1713/1636
f 1337/1712/1635 1336/1711/1634 1341/1716/1639
f 1338/1713/1636 1340/1715/1638 1341/1716/1639
f 1341/1716/1639 1342/1717/1640 1337/1712/1635
f 1341/1716/1639 1340/1715/1638 1343/1718/1641
f 1343/1718/1641 1342/1717/1640 1341/1716/1639
f 1344/1719/1642 850/1720/1643 177/1721/1644
f 1345/1722/1645 850/1720/1643 1344/1719/1642
f 1344/1719/1642 1346/1723/1646 1345/1722/1645
f 850/1720/1643 1345/1722/1645 849/1724/1647
f 1345/1722/1645 1346/1723/1646 1347/1725/1648
f 1346/1723/1646 1348/1726/1649 1347/1725/1648
f 849/1724/1647 1345/1722/1645 1349/1727/1650
f 846/1728/1651 849/1724/1647 1349/1727/1650
f 846/1728/1651 1350/1729/1652 213/1730/1653
f 1349/1727/1650 1350/1729/1652 846/1728/1651
f 1350/1729/1652 1349/1727/1650 1351/1731/1654
f 1345/1722/1645 1352/1732/1655 1349/1727/1650
f 1351/1731/1654 1349/1727/1650 1352/1732/1655
f 1347/1725/1648 1352/1732/1655 1345/1722/1645
f 1351/1731/1654 1352/1732/1655 1353/1733/1656
f 1353/1733/1656 1352/1732/1655 1354/1734/1657
f 1352/1732/1655 1347/1725/1648 1354/1734/1657
f 1353/1733/1656 1354/1734/1657 1355/1735/1658
f 1347/1725/1648 1348/1726/1649 1356/1736/1659
f 1354/1734/1657 1347/1725/1648 1356/1736/1659
f 1357/1737/1660 1356/1736/1659 1348/1726/1649
f 1355/1735/1658 1354/1734/1657 1358/1738/1661
f 1354/1734/1657 1356/1736/1659 1358/1738/1661
f 1358/1738/1661 1359/1739/1662 1355/1735/1658
f 1360/1740/1663 1359/1739/1662 1358/1738/1661
f 1360/1740/1663 1358/1738/1661 1361/1741/1664
f 1362/1742/1665 1356/1736/1659 1357/1737/1660
f 1358/1738/1661 1356/1736/1659 1362/1742/1665
f 1361/1741/1664 1358/1738/1661 1362/1742/1665
f 1357/1737/1660 1363/1743/1666 1362/1742/1665
f 1362/1742/1665 1363/1743/1666 1361/1741/1664
f 1310/1744/1667 855/1745/1668 857/1746/1669
f 1364/1747/1670 855/1745/1668 1310/1744/1667
f 1364/1747/1670 177/1748/1671 855/1745/1668
f 1311/1749/1672 1364/1747/1670 1310/1744/1667
f 1365/1750/1673 177/1748/1671 1364/1747/1670
f 1366/1751/1674 1364/1747/1670 1311/1749/1672
f 1366/1751/1674 1365/1750/1673 1364/1747/1670
f 1311/1749/1672 1313/1752/1675 1366/1751/1674
f 1367/1753/1676 1365/1750/1673 1366/1751/1674
f 1366/1751/1674 1313/1752/1675 1368/1754/1677
f 1366/1751/1674 1368/1754/1677 1367/1753/1676
f 1313/1752/1675 1317/1755/1678 1368/1754/1677
f 1367/1753/1676 1368/1754/1677 1369/1756/1679
f 1368/1754/1677 1317/1755/1678 1370/1757/1680
f 1370/1757/1680 1369/1756/1679 1368/1754/1677
f 1371/1758/1681 1369/1756/1679 1370/1757/1680
f 1323/1759/1682 1370/1757/1680 1317/1755/1678
f 1371/1758/1681 1370/1757/1680 1372/1760/1683
f 1372/1760/1683 1370/1757/1680 1373/1761/1684
f 1373/1761/1684 1370/1757/1680 1323/1759/1682
f 1372/1760/1683 1373/1761/1684 1374/1762/1685
f 1373/1761/1684 1323/1759/1682 1375/1763/1686
f 1374/1762/1685 1373/1761/1684 1375/1763/1686
f 1375/1763/1686 1323/1759/1682 1321/1764/1687
f 1320/1765/1688 1375/1763/1686 1321/1764/1687
f 1376/1766/1689 1374/1762/1685 1375/1763/1686
f 1376/1766/1689 1375/1763/1686 1320/1765/1688
f 1377/1767/1690 1374/1762/1685 1376/1766/1689
f 1319/1768/1691 1376/1766/1689 1320/1765/1688
f 1378/1769/1692 1377/1767/1690 1376/1766/1689
f 1378/1769/1692 1376/1766/1689 1319/1768/1691
f 1379/1770/1693 1377/1767/1690 1378/1769/1692
f 1378/1769/1692 1319/1768/1691 1380/1771/1694
f 1380/1771/1694 1379/1770/1693 1378/1769/1692
f 1381/1772/1695 1379/1770/1693 1380/1771/1694
f 1380/1771/1694 1319/1768/1691 1315/1773/1696
f 1380/1771/1694 1382/1774/1697 1381/1772/1695
f 1315/1773/1696 1383/1775/1698 1380/1771/1694
f 1383/1775/1698 1382/1774/1697 1380/1771/1694
f 1308/1776/1699 1383/1775/1698 1315/1773/1696
f 1383/1775/1698 1384/1777/1700 1382/1774/1697
f 1308/1776/1699 1385/1778/1701 1383/1775/1698
f 1385/1778/1701 1384/1777/1700 1383/1775/1698
f 1306/1779/1702 1385/1778/1701 1308/1776/1699
f 1385/1778/1701 1386/1780/1703 1384/1777/1700
f 1306/1779/1702 1387/1781/1704 1385/1778/1701
f 1387/1781/1704 1386/1780/1703 1385/1778/1701
f 1386/1780/1703 1387/1781/1704 163/1782/1705
f 1304/1783/1706 1387/1781/1704 1306/1779/1702
f 163/1782/1705 1387/1781/1704 635/1784/1707
f 1304/1783/1706 635/1784/1707 1387/1781/1704
f 543/1785/1708 635/1784/1707 1304/1783/1706
f 213/1786/1709 1350/1787/1710 210/1788/1711
f 210/1788/1711 1350/1787/1710 1388/1789/1712
f 210/1788/1711 1388/1789/1712 203/1790/1713
f 1351/1791/1714 1388/1789/1712 1350/1787/1710
f 203/1790/1713 1388/1789/1712 1389/1792/1715
f 1390/1793/1716 1388/1789/1712 1351/1791/1714
f 1390/1793/1716 1389/1792/1715 1388/1789/1712
f 1351/1791/1714 1353/1794/1717 1390/1793/1716
f 1391/1795/1718 1389/1792/1715 1390/1793/1716
f 1390/1793/1716 1353/1794/1717 1392/1796/1719
f 1390/1793/1716 1392/1796/1719 1391/1795/1718
f 1353/1794/1717 1355/1797/1720 1392/1796/1719
f 1391/1795/1718 1392/1796/1719 1393/1798/1721
f 1392/1796/1719 1355/1797/1720 1394/1799/1722
f 1394/1799/1722 1393/1798/1721 1392/1796/1719
f 1395/1800/1723 1393/1798/1721 1394/1799/1722
f 1355/1797/1720 1359/1801/1724 1394/1799/1722
f 1395/1800/1723 1394/1799/1722 1396/1802/1725
f 1396/1802/1725 1394/1799/1722 1397/1803/1726
f 1394/1799/1722 1359/1801/1724 1397/1803/1726
f 1396/1802/1725 1397/1803/1726 1398/1804/1727
f 1397/1803/1726 1359/1801/1724 1399/1805/1728
f 1398/1804/1727 1397/1803/1726 1399/1805/1728
f 1399/1805/1728 1359/1801/1724 1360/1806/1729
f 1398/1804/1727 1399/1805/1728 1400/1807/1730
f 1399/1805/1728 1360/1806/1729 1401/1808/1731
f 1400/1807/1730 1399/1805/1728 1401/1808/1731
f 1401/1808/1731 1360/1806/1729 1361/1809/1732
f 1361/1809/1732 1363/1810/1733 1401/1808/1731
f 1401/1808/1731 1402/1811/1734 1400/1807/1730
f 1401/1808/1731 1363/1810/1733 1402/1811/1734
f 1400/1807/1730 1402/1811/1734 1403/1812/1735
f 1402/1811/1734 1363/1810/1733 1404/1813/1736
f 1402/1811/1734 1404/1813/1736 1403/1812/1735
f 1403/1812/1735 1404/1813/1736 1405/1814/1737
f 1404/1813/1736 1363/1810/1733 1357/1815/1738
f 1404/1813/1736 1406/1816/1739 1405/1814/1737
f 1357/1815/1738 1407/1817/1740 1404/1813/1736
f 1407/1817/1740 1406/1816/1739 1404/1813/1736
f 1348/1818/1741 1407/1817/1740 1357/1815/1738
f 1407/1817/1740 1408/1819/1742 1406/1816/1739
f 1348/1818/1741 1409/1820/1743 1407/1817/1740
f 1409/1820/1743 1408/1819/1742 1407/1817/1740
f 1346/1821/1744 1409/1820/1743 1348/1818/1741
f 1409/1820/1743 1410/1822/1745 1408/1819/1742
f 1409/1820/1743 1346/1821/1744 1411/1823/1746
f 1411/1823/1746 1410/1822/1745 1409/1820/1743
f 1410/1822/1745 1411/1823/1746 180/1824/1747
f 1411/1823/1746 1346/1821/1744 1344/1825/1748
f 180/1824/1747 1411/1823/1746 178/1826/1749
f 1344/1825/1748 178/1826/1749 1411/1823/1746
f 177/1827/1750 178/1826/1749 1344/1825/1748
f 1301/1828/1751 24/1829/1752 18/1830/1753
f 1412/1831/1754 24/1829/1752 1301/1828/1751
f 1301/1828/1751 1298/1832/1755 1412/1831/1754
f 1412/1831/1754 27/1833/1756 24/1829/1752
f 1412/1831/1754 1298/1832/1755 1413/1834/1757
f 1298/1832/1755 1296/1835/1758 1413/1834/1757
f 27/1833/1756 1412/1831/1754 1414/1836/1759
f 1412/1831/1754 1413/1834/1757 1414/1836/1759
f 1414/1836/1759 31/1837/1760 27/1833/1756
f 1271/1838/1761 32/1839/1762 31/1837/1760
f 1271/1838/1761 31/1837/1760 1414/1836/1759
f 1414/1836/1759 1274/1840/1763 1271/1838/1761
f 1415/1841/1764 1274/1840/1763 1414/1836/1759
f 1414/1836/1759 1413/1834/1757 1415/1841/1764
f 1274/1840/1763 1415/1841/1764 1276/1842/1765
f 1413/1834/1757 1296/1835/1758 1416/1843/1766
f 1416/1843/1766 1415/1841/1764 1413/1834/1757
f 1294/1844/1767 1416/1843/1766 1296/1835/1758
f 1276/1842/1765 1415/1841/1764 1417/1845/1768
f 1417/1845/1768 1415/1841/1764 1416/1843/1766
f 1276/1842/1765 1417/1845/1768 1278/1846/1769
f 1418/1847/1770 1416/1843/1766 1294/1844/1767
f 1418/1847/1770 1417/1845/1768 1416/1843/1766
f 1294/1844/1767 1291/1848/1771 1418/1847/1770
f 1418/1847/1770 1291/1848/1771 1288/1849/1772
f 1278/1846/1769 1417/1845/1768 1419/1850/1773
f 1419/1850/1773 1417/1845/1768 1418/1847/1770
f 1418/1847/1770 1288/1849/1772 1419/1850/1773
f 1419/1850/1773 1281/1851/1774 1278/1846/1769
f 1419/1850/1773 1288/1849/1772 1283/1852/1775
f 1283/1852/1775 1281/1851/1774 1419/1850/1773
f 542/1853/1776 797/1854/1777 1303/1855/1778
f 1303/1855/1778 797/1854/1777 1420/1856/1779
f 1303/1855/1778 1420/1856/1779 1300/1857/1780
f 797/1854/1777 800/1858/1781 1420/1856/1779
f 1300/1857/1780 1420/1856/1779 1421/1859/1782
f 1300/1857/1780 1421/1859/1782 1297/1860/1783
f 1420/1856/1779 800/1858/1781 1422/1861/1784
f 1420/1856/1779 1422/1861/1784 1421/1859/1782
f 41/1862/1785 1268/1863/1786 800/1858/1781
f 800/1858/1781 1268/1863/1786 1422/1861/1784
f 1268/1863/1786 1270/1864/1787 1422/1861/1784
f 1422/1861/1784 1270/1864/1787 1423/1865/1788
f 1421/1859/1782 1422/1861/1784 1423/1865/1788
f 1270/1864/1787 1273/1866/1789 1423/1865/1788
f 1297/1860/1783 1421/1859/1782 1424/1867/1790
f 1421/1859/1782 1423/1865/1788 1424/1867/1790
f 1297/1860/1783 1424/1867/1790 1293/1868/1791
f 1423/1865/1788 1273/1866/1789 1425/1869/1792
f 1424/1867/1790 1423/1865/1788 1425/1869/1792
f 1277/1870/1793 1425/1869/1792 1273/1866/1789
f 1293/1868/1791 1424/1867/1790 1426/1871/1794
f 1426/1871/1794 1289/1872/1795 1293/1868/1791
f 1286/1873/1796 1289/1872/1795 1426/1871/1794
f 1286/1873/1796 1426/1871/1794 1285/1874/1797
f 1427/1875/1798 1424/1867/1790 1425/1869/1792
f 1426/1871/1794 1424/1867/1790 1427/1875/1798
f 1427/1875/1798 1425/1869/1792 1277/1870/1793
f 1285/1874/1797 1426/1871/1794 1427/1875/1798
f 1277/1870/1793 1280/1876/1799 1427/1875/1798
f 1427/1875/1798 1280/1876/1799 1285/1874/1797
f 831/1877/1800 838/1878/1801 1428/1879/1802
f 1428/1879/1802 838/1878/1801 1429/1880/1803
f 214/1881/1804 1429/1880/1803 838/1878/1801
f 1429/1880/1803 1430/1882/1805 1428/1879/1802
f 1330/1883/1806 1429/1880/1803 214/1881/1804
f 1431/1884/1807 1430/1882/1805 1429/1880/1803
f 1429/1880/1803 1330/1883/1806 1431/1884/1807
f 1430/1882/1805 1431/1884/1807 1432/1885/1808
f 1431/1884/1807 1330/1883/1806 1331/1886/1809
f 1432/1885/1808 1431/1884/1807 1433/1887/1810
f 1431/1884/1807 1331/1886/1809 1433/1887/1810
f 1432/1885/1808 1433/1887/1810 1434/1888/1811
f 1433/1887/1810 1331/1886/1809 1333/1889/1812
f 1434/1888/1811 1433/1887/1810 1435/1890/1813
f 1433/1887/1810 1333/1889/1812 1435/1890/1813
f 1435/1890/1813 1333/1889/1812 1337/1891/1814
f 1435/1890/1813 1436/1892/1815 1434/1888/1811
f 1342/1893/1816 1435/1890/1813 1337/1891/1814
f 1437/1894/1817 1435/1890/1813 1342/1893/1816
f 1437/1894/1817 1436/1892/1815 1435/1890/1813
f 1343/1895/1818 1437/1894/1817 1342/1893/1816
f 1438/1896/1819 1436/1892/1815 1437/1894/1817
f 1438/1896/1819 1437/1894/1817 1343/1895/1818
f 1439/1897/1820 1436/1892/1815 1438/1896/1819
f 1438/1896/1819 1440/1898/1821 1439/1897/1820
f 1343/1895/1818 1441/1899/1822 1438/1896/1819
f 1441/1899/1822 1440/1898/1821 1438/1896/1819
f 1340/1900/1823 1441/1899/1822 1343/1895/1818
f 1441/1899/1822 1442/1901/1824 1440/1898/1821
f 1340/1900/1823 1443/1902/1825 1441/1899/1822
f 1443/1902/1825 1442/1901/1824 1441/1899/1822
f 1339/1903/1826 1443/1902/1825 1340/1900/1823
f 1444/1904/1827 1442/1901/1824 1443/1902/1825
f 1339/1903/1826 1444/1904/1827 1443/1902/1825
f 1335/1905/1828 1444/1904/1827 1339/1903/1826
f 1445/1906/1829 1442/1901/1824 1444/1904/1827
f 1335/1905/1828 1328/1907/1830 1444/1904/1827
f 1446/1908/1831 1445/1906/1829 1444/1904/1827
f 1444/1904/1827 1328/1907/1830 1446/1908/1831
f 1447/1909/1832 1445/1906/1829 1446/1908/1831
f 1326/1910/1833 1446/1908/1831 1328/1907/1830
f 1448/1911/1834 1447/1909/1832 1446/1908/1831
f 1448/1911/1834 1446/1908/1831 1326/1910/1833
f 1449/1912/1835 1447/1909/1832 1448/1911/1834
f 1324/1913/1836 1448/1911/1834 1326/1910/1833
f 1450/1914/1837 1449/1912/1835 1448/1911/1834
f 1450/1914/1837 1448/1911/1834 1324/1913/1836
f 41/1915/1838 1450/1914/1837 1324/1913/1836
f 1451/1916/1839 1449/1912/1835 1450/1914/1837
f 803/1917/1840 1450/1914/1837 41/1915/1838
f 803/1917/1840 1451/1916/1839 1450/1914/1837
f 806/1918/1841 1451/1916/1839 803/1917/1840
f 806/1919/1842 823/1920/1843 1451/1921/1844
f 1451/1921/1844 823/1920/1843 1452/1922/1845
f 1451/1921/1844 1452/1922/1845 1449/1923/1846
f 1452/1922/1845 823/1920/1843 826/1924/1847
f 1449/1923/1846 1452/1922/1845 1453/1925/1848
f 1449/1923/1846 1453/1925/1848 1447/1926/1849
f 826/1924/1847 1454/1927/1850 1452/1922/1845
f 826/1924/1847 828/1928/1851 1454/1927/1850
f 828/1928/1851 831/1929/1852 1428/1930/1853
f 1454/1927/1850 828/1928/1851 1428/1930/1853
f 1428/1930/1853 1430/1931/1854 1454/1927/1850
f 1454/1927/1850 1455/1932/1855 1452/1922/1845
f 1454/1927/1850 1430/1931/1854 1455/1932/1855
f 1452/1922/1845 1455/1932/1855 1453/1925/1848
f 1432/1933/1856 1455/1932/1855 1430/1931/1854
f 1447/1926/1849 1453/1925/1848 1456/1934/1857
f 1453/1925/1848 1455/1932/1855 1456/1934/1857
f 1456/1934/1857 1445/1935/1858 1447/1926/1849
f 1457/1936/1859 1455/1932/1855 1432/1933/1856
f 1456/1934/1857 1455/1932/1855 1457/1936/1859
f 1432/1933/1856 1434/1937/1860 1457/1936/1859
f 1458/1938/1861 1445/1935/1858 1456/1934/1857
f 1458/1938/1861 1442/1939/1862 1445/1935/1858
f 1440/1940/1863 1442/1939/1862 1458/1938/1861
f 1440/1940/1863 1458/1938/1861 1439/1941/1864
f 1459/1942/1865 1456/1934/1857 1457/1936/1859
f 1458/1938/1861 1456/1934/1857 1459/1942/1865
f 1457/1936/1859 1434/1937/1860 1459/1942/1865
f 1439/1941/1864 1458/1938/1861 1459/1942/1865
f 1434/1937/1860 1436/1943/1866 1459/1942/1865
f 1459/1942/1865 1436/1943/1866 1439/1941/1864
f 203/1944/1867 1389/1945/1868 202/1946/1869
f 202/1946/1869 1389/1945/1868 1460/1947/1870
f 1389/1945/1868 1391/1948/1871 1460/1947/1870
f 202/1946/1869 1460/1947/1870 200/1949/1872
f 1460/1947/1870 1391/1948/1871 1461/1950/1873
f 1391/1948/1871 1393/1951/1874 1461/1950/1873
f 200/1949/1872 1460/1947/1870 1462/1952/1875
f 1462/1952/1875 182/1953/1876 200/1949/1872
f 180/1954/1877 182/1953/1876 1410/1955/1878
f 1410/1955/1878 182/1953/1876 1462/1952/1875
f 1410/1955/1878 1462/1952/1875 1408/1956/1879
f 1460/1947/1870 1463/1957/1880 1462/1952/1875
f 1408/1956/1879 1462/1952/1875 1463/1957/1880
f 1461/1950/1873 1463/1957/1880 1460/1947/1870
f 1408/1956/1879 1463/1957/1880 1406/1958/1881
f 1461/1950/1873 1393/1951/1874 1464/1959/1882
f 1461/1950/1873 1464/1959/1882 1463/1957/1880
f 1393/1951/1874 1395/1960/1883 1464/1959/1882
f 1406/1958/1881 1463/1957/1880 1465/1961/1884
f 1463/1957/1880 1464/1959/1882 1465/1961/1884
f 1465/1961/1884 1405/1962/1885 1406/1958/1881
f 1464/1959/1882 1395/1960/1883 1466/1963/1886
f 1464/1959/1882 1466/1963/1886 1465/1961/1884
f 1395/1960/1883 1396/1964/1887 1466/1963/1886
f 1466/1963/1886 1396/1964/1887 1398/1965/1888
f 1467/1966/1889 1405/1962/1885 1465/1961/1884
f 1465/1961/1884 1466/1963/1886 1467/1966/1889
f 1466/1963/1886 1398/1965/1888 1467/1966/1889
f 1467/1966/1889 1403/1967/1890 1405/1962/1885
f 1467/1966/1889 1398/1965/1888 1400/1968/1891
f 1400/1968/1891 1403/1967/1890 1467/1966/1889
f 163/1969/1892 169/1970/1893 1386/1971/1894
f 1386/1971/1894 169/1970/1893 1468/1972/1895
f 1468/1972/1895 1384/1973/1896 1386/1971/1894
f 174/1974/1897 1468/1972/1895 169/1970/1893
f 1469/1975/1898 1384/1973/1896 1468/1972/1895
f 1469/1975/1898 1382/1976/1899 1384/1973/1896
f 1470/1977/1900 1468/1972/1895 174/1974/1897
f 1468/1972/1895 1470/1977/1900 1469/1975/1898
f 177/1978/1901 1365/1979/1902 174/1974/1897
f 174/1974/1897 1365/1979/1902 1470/1977/1900
f 1365/1979/1902 1367/1980/1903 1470/1977/1900
f 1469/1975/1898 1470/1977/1900 1471/1981/1904
f 1470/1977/1900 1367/1980/1903 1471/1981/1904
f 1472/1982/1905 1382/1976/1899 1469/1975/1898
f 1469/1975/1898 1471/1981/1904 1472/1982/1905
f 1382/1976/1899 1472/1982/1905 1381/1983/1906
f 1367/1980/1903 1473/1984/1907 1471/1981/1904
f 1472/1982/1905 1471/1981/1904 1473/1984/1907
f 1369/1985/1908 1473/1984/1907 1367/1980/1903
f 1381/1983/1906 1472/1982/1905 1474/1986/1909
f 1472/1982/1905 1473/1984/1907 1474/1986/1909
f 1474/1986/1909 1379/1987/1910 1381/1983/1906
f 1377/1988/1911 1379/1987/1910 1474/1986/1909
f 1473/1984/1907 1369/1985/1908 1475/1989/1912
f 1474/1986/1909 1473/1984/1907 1475/1989/1912
f 1474/1986/1909 1475/1989/1912 1377/1988/1911
f 1475/1989/1912 1369/1985/1908 1371/1990/1913
f 1377/1988/1911 1475/1989/1912 1374/1991/1914
f 1371/1990/1913 1372/1992/1915 1475/1989/1912
f 1475/1989/1912 1372/1992/1915 1374/1991/1914
f 39/1993/1916 207/1994/1917 1476/1995/1916
f 1476/1995/1916 207/1994/1917 1477/1996/1918
f 207/1994/1917 52/1997/1919 1477/1996/1918
f 1477/1996/1918 52/1997/1919 1478/1998/1919
f 1476/1995/1916 1477/1996/1918 1479/1999/1916
f 1480/2000/1919 1477/1996/1918 1478/1998/1919
f 1479/1999/1916 1477/1996/1918 1481/2001/1920
f 1481/2001/1920 1477/1996/1918 1480/2000/1919
f 1479/1999/1916 1481/2001/1920 1482/2002/1921
f 1483/2003/1922 1481/2001/1920 1480/2000/1919
f 1482/2002/1921 1481/2001/1920 1484/2004/1923
f 1484/2004/1923 1481/2001/1920 1483/2003/1922
f 1484/2004/1923 1485/2005/1924 1482/2002/1921
f 1486/2006/1925 1484/2004/1923 1483/2003/1922
f 1487/2007/1926 1485/2005/1924 1484/2004/1923
f 1487/2007/1926 1484/2004/1923 1486/2006/1925
f 39/2008/1927 1476/2009/1927 42/2010/1928
f 42/2010/1928 1476/2009/1927 1488/2011/1929
f 42/2010/1928 1488/2011/1929 43/2012/1930
f 1479/2013/1927 1488/2011/1929 1476/2009/1927
f 43/2012/1930 1488/2011/1929 1489/2014/1930
f 1490/2015/1931 1488/2011/1929 1479/2013/1927
f 1490/2015/1931 1489/2014/1930 1488/2011/1929
f 1491/2016/1930 1489/2014/1930 1490/2015/1931
f 1479/2013/1927 1482/2017/1932 1490/2015/1931
f 1491/2016/1930 1490/2015/1931 1492/2018/1933
f 1490/2015/1931 1482/2017/1932 1493/2019/1934
f 1492/2018/1933 1490/2015/1931 1493/2019/1934
f 1482/2017/1932 1485/2020/1935 1493/2019/1934
f 1492/2018/1933 1493/2019/1934 1494/2021/1936
f 1493/2019/1934 1485/2020/1935 1495/2022/1937
f 1494/2021/1936 1493/2019/1934 1495/2022/1937
f 1496/2023/1938 196/2024/1939 186/2025/1938
f 1497/2026/1940 196/2024/1939 1496/2023/1938
f 196/2024/1939 1497/2026/1940 193/2027/1941
f 1498/2028/1938 1497/2026/1940 1496/2023/1938
f 193/2027/1941 1497/2026/1940 1499/2029/1942
f 1500/2030/1943 1497/2026/1940 1498/2028/1938
f 1497/2026/1940 1500/2030/1943 1499/2029/1942
f 1499/2029/1942 1500/2030/1943 1501/2031/1944
f 1502/2032/1945 1500/2030/1943 1498/2028/1938
f 1501/2031/1944 1500/2030/1943 1503/2033/1946
f 1504/2034/1947 1500/2030/1943 1502/2032/1945
f 1503/2033/1946 1500/2030/1943 1504/2034/1947
f 1505/2035/1948 1504/2034/1947 1502/2032/1945
f 1503/2033/1946 1504/2034/1947 1506/2036/1949
f 1507/2037/1950 1504/2034/1947 1505/2035/1948
f 1506/2036/1949 1504/2034/1947 1507/2037/1950
f 186/2038/1951 187/2039/1952 1496/2040/1951
f 1496/2040/1951 187/2039/1952 1508/2041/1953
f 188/2042/1954 1508/2041/1953 187/2039/1952
f 1509/2043/1954 1508/2041/1953 188/2042/1954
f 1496/2040/1951 1508/2041/1953 1498/2044/1951
f 1510/2045/1954 1508/2041/1953 1509/2043/1954
f 1498/2044/1951 1508/2041/1953 1511/2046/1955
f 1511/2046/1955 1508/2041/1953 1510/2045/1954
f 1498/2044/1951 1511/2046/1955 1502/2047/1956
f 1512/2048/1957 1511/2046/1955 1510/2045/1954
f 1502/2047/1956 1511/2046/1955 1513/2049/1958
f 1513/2049/1958 1511/2046/1955 1512/2048/1957
f 1502/2047/1956 1513/2049/1958 1505/2050/1959
f 1514/2051/1960 1513/2049/1958 1512/2048/1957
f 1505/2050/1959 1513/2049/1958 1515/2052/1961
f 1515/2052/1961 1513/2049/1958 1514/2051/1960
f 1516/2053/1962 1148/2054/1963 1149/2055/1964
f 1517/2056/1965 1148/2054/1963 1516/2053/1962
f 1148/2054/1963 1517/2056/1965 1146/2057/1966
f 1518/2058/1967 1517/2056/1965 1516/2053/1962
f 1146/2057/1966 1517/2056/1965 1519/2059/1968
f 1520/2060/1969 1519/2059/1968 1517/2056/1965
f 1520/2060/1969 1517/2056/1965 1518/2058/1967
f 1521/2061/1970 1519/2059/1968 1520/2060/1969
f 1521/2061/1970 1520/2060/1969 1522/2062/1971
f 1520/2060/1969 1518/2058/1967 1523/2063/1972
f 1522/2062/1971 1520/2060/1969 1523/2063/1972
f 1523/2063/1972 1518/2058/1967 1524/2064/1973
f 1523/2063/1972 1525/2065/1974 1522/2062/1971
f 1523/2063/1972 1524/2064/1973 1526/2066/1975
f 1526/2066/1975 1525/2065/1974 1523/2063/1972
f 1526/2066/1975 1524/2064/1973 1527/2067/1976
f 1525/2065/1974 1526/2066/1975 1528/2068/1977
f 1526/2066/1975 1527/2067/1976 1529/2069/1978
f 1528/2068/1977 1526/2066/1975 1529/2069/1978
f 1529/2069/1978 1527/2067/1976 1530/2070/1979
f 1528/2068/1977 1529/2069/1978 1531/2071/1980
f 1529/2069/1978 1530/2070/1979 1532/2072/1981
f 1531/2071/1980 1529/2069/1978 1532/2072/1981
f 1532/2072/1981 1530/2070/1979 1533/2073/1982
f 1531/2071/1980 1532/2072/1981 1534/2074/1983
f 1532/2072/1981 1533/2073/1982 1535/2075/1984
f 1534/2074/1983 1532/2072/1981 1535/2075/1984
f 1535/2075/1984 1533/2073/1982 1536/2076/1985
f 1536/2076/1985 1537/2077/1986 1535/2075/1984
f 1535/2075/1984 1538/2078/1987 1534/2074/1983
f 1535/2075/1984 1537/2077/1986 1538/2078/1987
f 1534/2074/1983 1538/2078/1987 1539/2079/1988
f 1537/2077/1986 1540/2080/1989 1538/2078/1987
f 1538/2078/1987 1541/2081/1990 1539/2079/1988
f 1538/2078/1987 1540/2080/1989 1541/2081/1990
f 1539/2079/1988 1541/2081/1990 1542/2082/1991
f 1540/2080/1989 1543/2083/1992 1541/2081/1990
f 1541/2081/1990 1544/2084/1993 1542/2082/1991
f 1541/2081/1990 1543/2083/1992 1544/2084/1993
f 1542/2082/1991 1544/2084/1993 1545/2085/1994
f 1543/2083/1992 1546/2086/1995 1544/2084/1993
f 1544/2084/1993 1547/2087/1996 1545/2085/1994
f 1544/2084/1993 1546/2086/1995 1547/2087/1996
f 1545/2085/1994 1547/2087/1996 1548/2088/1997
f 1548/2088/1997 1547/2087/1996 1549/2089/1998
f 1547/2087/1996 1546/2086/1995 1550/2090/1999
f 1549/2089/1998 1547/2087/1996 1550/2090/1999
f 1549/2089/1998 1550/2090/1999 1551/2091/2000
f 1550/2090/1999 1546/2086/1995 1552/2092/2001
f 1551/2091/2000 1550/2090/1999 1553/2093/2002
f 1550/2090/1999 1552/2092/2001 1553/2093/2002
f 1553/2093/2002 1552/2092/2001 1554/2094/2003
f 1555/2095/2004 1553/2096/2005 1554/2097/2006
f 1556/2098/2007 1553/2096/2005 1555/2095/2004
f 1553/2096/2005 1556/2098/2007 1551/2099/2008
f 1555/2095/2004 1557/2100/2009 1556/2098/2007
f 1551/2099/2008 1556/2098/2007 1558/2101/2010
f 1556/2098/2007 1559/2102/2011 1558/2101/2010
f 1556/2098/2007 1557/2100/2009 1559/2102/2011
f 1558/2101/2010 1559/2102/2011 1560/2103/2012
f 1560/2103/2012 1559/2102/2011 1561/2104/2013
f 1559/2102/2011 1557/2100/2009 1562/2105/2014
f 1561/2104/2013 1559/2102/2011 1562/2105/2014
f 1562/2105/2014 1557/2100/2009 1563/2106/2015
f 1562/2105/2014 1564/2107/2016 1561/2104/2013
f 1562/2105/2014 1563/2106/2015 1565/2108/2017
f 1565/2108/2017 1564/2107/2016 1562/2105/2014
f 1565/2108/2017 1563/2106/2015 1566/2109/2018
f 1564/2107/2016 1565/2108/2017 1567/2110/2019
f 1565/2108/2017 1566/2109/2018 1568/2111/2020
f 1567/2110/2019 1565/2108/2017 1568/2111/2020
f 1568/2111/2020 1566/2109/2018 1569/2112/2021
f 1567/2110/2019 1568/2111/2020 1570/2113/2022
f 1568/2111/2020 1569/2112/2021 1571/2114/2023
f 1570/2113/2022 1568/2111/2020 1571/2114/2023
f 1571/2114/2023 1569/2112/2021 1572/2115/2024
f 1570/2113/2022 1571/2114/2023 1573/2116/2025
f 1571/2114/2023 1572/2115/2024 1574/2117/2026
f 1573/2116/2025 1571/2114/2023 1574/2117/2026
f 1574/2117/2026 1572/2115/2024 1575/2118/2027
f 1575/2118/2027 1576/2119/2028 1574/2117/2026
f 1574/2117/2026 1577/2120/2029 1573/2116/2025
f 1574/2117/2026 1576/2119/2028 1577/2120/2029
f 1573/2116/2025 1577/2120/2029 1578/2121/2030
f 1576/2119/2028 1579/2122/2031 1577/2120/2029
f 1577/2120/2029 1580/2123/2032 1578/2121/2030
f 1577/2120/2029 1579/2122/2031 1580/2123/2032
f 1578/2121/2030 1580/2123/2032 1581/2124/2033
f 1579/2122/2031 1582/2125/2034 1580/2123/2032
f 1580/2123/2032 1583/2126/2035 1581/2124/2033
f 1580/2123/2032 1582/2125/2034 1583/2126/2035
f 1581/2124/2033 1583/2126/2035 1584/2127/2036
f 1582/2125/2034 1585/2128/2037 1583/2126/2035
f 1583/2126/2035 1586/2129/2038 1584/2127/2036
f 1583/2126/2035 1585/2128/2037 1586/2129/2038
f 1584/2127/2036 1586/2129/2038 1587/2130/2039
f 1587/2130/2039 1586/2129/2038 1588/2131/2040
f 1586/2129/2038 1585/2128/2037 1589/2132/2041
f 1588/2131/2040 1586/2129/2038 1589/2132/2041
f 1588/2131/2040 1589/2132/2041 1590/2133/2042
f 1589/2132/2041 1585/2128/2037 1591/2134/2043
f 1590/2133/2042 1589/2132/2041 1592/2135/2044
f 1589/2132/2041 1591/2134/2043 1592/2135/2044
f 1592/2135/2044 1591/2134/2043 385/2136/2045
f 388/2137/2046 1592/2138/2047 385/2139/2048
f 1593/2140/2049 1592/2138/2047 388/2137/2046
f 1592/2138/2047 1593/2140/2049 1590/2141/2050
f 388/2137/2046 394/2142/2051 1593/2140/2049
f 1590/2141/2050 1593/2140/2049 1594/2143/2052
f 1593/2140/2049 1595/2144/2053 1594/2143/2052
f 1593/2140/2049 394/2142/2051 1595/2144/2053
f 1594/2143/2052 1595/2144/2053 1596/2145/2054
f 1596/2145/2054 1595/2144/2053 1597/2146/2055
f 1595/2144/2053 394/2142/2051 1598/2147/2056
f 1597/2146/2055 1595/2144/2053 1598/2147/2056
f 1598/2147/2056 394/2142/2051 398/2148/2057
f 1598/2147/2056 1599/2149/2058 1597/2146/2055
f 1598/2147/2056 398/2148/2057 1600/2150/2059
f 1600/2150/2059 1599/2149/2058 1598/2147/2056
f 1600/2150/2059 398/2148/2057 402/2151/2060
f 1599/2149/2058 1600/2150/2059 1601/2152/2061
f 1600/2150/2059 402/2151/2060 1602/2153/2062
f 1601/2152/2061 1600/2150/2059 1602/2153/2062
f 1602/2153/2062 402/2151/2060 406/2154/2063
f 1601/2152/2061 1602/2153/2062 1603/2155/2064
f 1602/2153/2062 406/2154/2063 1604/2156/2065
f 1603/2155/2064 1602/2153/2062 1604/2156/2065
f 1604/2156/2065 406/2154/2063 407/2157/2066
f 1603/2155/2064 1604/2156/2065 1605/2158/2067
f 1604/2156/2065 407/2157/2066 1606/2159/2068
f 1605/2158/2067 1604/2156/2065 1606/2159/2068
f 1606/2159/2068 407/2157/2066 408/2160/2069
f 408/2160/2069 410/2161/2070 1606/2159/2068
f 1606/2159/2068 1607/2162/2071 1605/2158/2067
f 1606/2159/2068 410/2161/2070 1607/2162/2071
f 1605/2158/2067 1607/2162/2071 1608/2163/2072
f 410/2161/2070 404/2164/2073 1607/2162/2071
f 1607/2162/2071 1609/2165/2074 1608/2163/2072
f 1607/2162/2071 404/2164/2073 1609/2165/2074
f 1608/2163/2072 1609/2165/2074 1610/2166/2075
f 404/2164/2073 400/2167/2076 1609/2165/2074
f 1609/2165/2074 1611/2168/2077 1610/2166/2075
f 1609/2165/2074 400/2167/2076 1611/2168/2077
f 1610/2166/2075 1611/2168/2077 1612/2169/2078
f 400/2167/2076 396/2170/2079 1611/2168/2077
f 1611/2168/2077 1613/2171/2080 1612/2169/2078
f 1611/2168/2077 396/2170/2079 1613/2171/2080
f 1612/2169/2078 1613/2171/2080 1614/2172/2081
f 1614/2172/2081 1613/2171/2080 1615/2173/2082
f 1613/2171/2080 396/2170/2079 1616/2174/2083
f 1615/2173/2082 1613/2171/2080 1616/2174/2083
f 1615/2173/2082 1616/2174/2083 1058/2175/2084
f 1616/2174/2083 396/2170/2079 392/2176/2085
f 1058/2175/2084 1616/2174/2083 1060/2177/2086
f 1616/2174/2083 392/2176/2085 1060/2177/2086
f 1060/2177/2086 392/2176/2085 391/2178/2087
f 385/2179/386 1617/2180/2088 382/2181/383
f 1618/2182/2089 1617/2180/2088 385/2179/386
f 1591/2183/2090 1618/2182/2089 385/2179/386
f 1618/2182/2089 1619/2184/2091 1617/2180/2088
f 1620/2185/2092 1618/2182/2089 1591/2183/2090
f 1585/2186/2093 1620/2185/2092 1591/2183/2090
f 1621/2187/2094 1619/2184/2091 1618/2182/2089
f 1620/2185/2092 1621/2187/2094 1618/2182/2089
f 1621/2187/2094 411/2188/2095 1619/2184/2091
f 1554/2189/2096 411/2188/2095 1621/2187/2094
f 1554/2189/2096 1621/2187/2094 1555/2190/2097
f 1555/2190/2097 1621/2187/2094 1622/2191/2098
f 1622/2191/2098 1621/2187/2094 1620/2185/2092
f 1622/2191/2098 1557/2192/2099 1555/2190/2097
f 1623/2193/2100 1557/2192/2099 1622/2191/2098
f 1622/2191/2098 1620/2185/2092 1623/2193/2100
f 1557/2192/2099 1623/2193/2100 1563/2194/2101
f 1624/2195/2102 1620/2185/2092 1585/2186/2093
f 1623/2193/2100 1620/2185/2092 1624/2195/2102
f 1585/2186/2093 1582/2196/2103 1624/2195/2102
f 1563/2194/2101 1623/2193/2100 1625/2197/2104
f 1623/2193/2100 1624/2195/2102 1625/2197/2104
f 1563/2194/2101 1625/2197/2104 1566/2198/2105
f 1624/2195/2102 1582/2196/2103 1626/2199/2106
f 1625/2197/2104 1624/2195/2102 1626/2199/2106
f 1579/2200/2107 1626/2199/2106 1582/2196/2103
f 1566/2198/2105 1625/2197/2104 1627/2201/2108
f 1627/2201/2108 1569/2202/2109 1566/2198/2105
f 1572/2203/2110 1569/2202/2109 1627/2201/2108
f 1572/2203/2110 1627/2201/2108 1575/2204/2111
f 1628/2205/2112 1625/2197/2104 1626/2199/2106
f 1627/2201/2108 1625/2197/2104 1628/2205/2112
f 1628/2205/2112 1626/2199/2106 1579/2200/2107
f 1575/2204/2111 1627/2201/2108 1628/2205/2112
f 1579/2200/2107 1576/2206/2113 1628/2205/2112
f 1628/2205/2112 1576/2206/2113 1575/2204/2111
f 384/2207/2114 1629/2208/2115 387/2209/2116
f 387/2209/2116 1629/2208/2115 1630/2210/2117
f 1629/2208/2115 1631/2211/2118 1630/2210/2117
f 387/2209/2116 1630/2210/2117 390/2212/2119
f 1632/2213/2120 390/2212/2119 1633/2214/2121
f 1633/2214/2121 390/2212/2119 1634/2215/2122
f 390/2212/2119 1630/2210/2117 1634/2215/2122
f 1633/2214/2121 1634/2215/2122 1635/2216/2123
f 1630/2210/2117 1631/2211/2118 1636/2217/2124
f 1630/2210/2117 1636/2217/2124 1634/2215/2122
f 1635/2216/2123 1634/2215/2122 1637/2218/2125
f 1634/2215/2122 1636/2217/2124 1637/2218/2125
f 1635/2216/2123 1637/2218/2125 1638/2219/2126
f 1631/2211/2118 1639/2220/2127 1636/2217/2124
f 1636/2217/2124 1639/2220/2127 1637/2218/2125
f 1640/2221/2128 1639/2220/2127 1631/2211/2118
f 1638/2219/2126 1637/2218/2125 1641/2222/2129
f 1637/2218/2125 1639/2220/2127 1641/2222/2129
f 1638/2219/2126 1641/2222/2129 1642/2223/2130
f 1639/2220/2127 1640/2221/2128 1643/2224/2131
f 1639/2220/2127 1643/2224/2131 1641/2222/2129
f 1643/2224/2131 1640/2221/2128 1644/2225/2132
f 1642/2223/2130 1641/2222/2129 1645/2226/2133
f 1641/2222/2129 1643/2224/2131 1645/2226/2133
f 1645/2226/2133 1646/2227/2134 1642/2223/2130
f 1643/2224/2131 1644/2225/2132 1647/2228/2135
f 1643/2224/2131 1647/2228/2135 1645/2226/2133
f 1647/2228/2135 1644/2225/2132 1648/2229/2136
f 1648/2229/2136 1649/2230/2137 1647/2228/2135
f 1647/2228/2135 1649/2230/2137 1650/2231/2138
f 1651/2232/2139 1646/2227/2134 1645/2226/2133
f 1645/2226/2133 1647/2228/2135 1651/2232/2139
f 1647/2228/2135 1650/2231/2138 1651/2232/2139
f 1646/2227/2134 1651/2232/2139 1652/2233/2140
f 1651/2232/2139 1650/2231/2138 1653/2234/2141
f 1652/2233/2140 1651/2232/2139 1653/2234/2141
f 379/2235/2142 1654/2236/2143 1149/2237/2144
f 1149/2237/2144 1654/2236/2143 1655/2238/2145
f 1149/2237/2144 1655/2238/2145 1516/2239/2146
f 463/2240/2147 1655/2238/2145 1654/2236/2143
f 1516/2239/2146 1655/2238/2145 1656/2241/2148
f 1656/2241/2148 1518/2242/2149 1516/2239/2146
f 463/2240/2147 1657/2243/2150 1655/2238/2145
f 464/2244/2151 1657/2243/2150 463/2240/2147
f 338/2245/2152 1657/2243/2150 464/2244/2151
f 1656/2241/2148 1655/2238/2145 1658/2246/2153
f 1658/2246/2153 1655/2238/2145 1657/2243/2150
f 1659/2247/2154 1518/2242/2149 1656/2241/2148
f 1518/2242/2149 1659/2247/2154 1524/2248/2155
f 1658/2246/2153 1657/2243/2150 1552/2249/2156
f 1552/2249/2156 1657/2243/2150 1554/2250/2096
f 1554/2250/2096 1657/2243/2150 338/2245/2152
f 1546/2251/2157 1658/2246/2153 1552/2249/2156
f 1554/2250/2096 338/2245/2152 1660/2252/2158
f 411/2253/2095 1554/2250/2096 1660/2252/2158
f 337/2254/2159 1660/2252/2158 338/2245/2152
f 411/2253/2095 1660/2252/2158 337/2254/2159
f 1661/2255/2160 1658/2246/2153 1546/2251/2157
f 1661/2255/2160 1656/2241/2148 1658/2246/2153
f 1659/2247/2154 1656/2241/2148 1661/2255/2160
f 1546/2251/2157 1543/2256/2161 1661/2255/2160
f 1524/2248/2155 1659/2247/2154 1662/2257/2162
f 1659/2247/2154 1661/2255/2160 1662/2257/2162
f 1524/2248/2155 1662/2257/2162 1527/2258/2163
f 1661/2255/2160 1543/2256/2161 1663/2259/2164
f 1662/2257/2162 1661/2255/2160 1663/2259/2164
f 1540/2260/2165 1663/2259/2164 1543/2256/2161
f 1527/2258/2163 1662/2257/2162 1664/2261/2166
f 1664/2261/2166 1530/2262/2167 1527/2258/2163
f 1533/2263/2168 1530/2262/2167 1664/2261/2166
f 1533/2263/2168 1664/2261/2166 1536/2264/2169
f 1665/2265/2170 1662/2257/2162 1663/2259/2164
f 1664/2261/2166 1662/2257/2162 1665/2265/2170
f 1665/2265/2170 1663/2259/2164 1540/2260/2165
f 1536/2264/2169 1664/2261/2166 1665/2265/2170
f 1540/2260/2165 1537/2266/2171 1665/2265/2170
f 1665/2265/2170 1537/2266/2171 1536/2264/2169
f 841/2267/2172 1590/2268/2173 842/2269/2174
f 842/2269/2174 1590/2268/2173 1666/2270/2175
f 1590/2268/2173 1594/2271/2176 1666/2270/2175
f 1666/2270/2175 865/2272/2177 842/2269/2174
f 1666/2270/2175 1594/2271/2176 1667/2273/2178
f 1594/2271/2176 1596/2274/2179 1667/2273/2178
f 1668/2275/2180 865/2272/2177 1666/2270/2175
f 1667/2273/2178 1668/2275/2180 1666/2270/2175
f 868/2276/2181 865/2272/2177 1058/2277/2182
f 1058/2277/2182 865/2272/2177 1668/2275/2180
f 1058/2277/2182 1668/2275/2180 1615/2278/2183
f 1615/2278/2183 1668/2275/2180 1669/2279/2184
f 1669/2279/2184 1668/2275/2180 1667/2273/2178
f 1669/2279/2184 1614/2280/2185 1615/2278/2183
f 1667/2273/2178 1596/2274/2179 1670/2281/2186
f 1667/2273/2178 1670/2281/2186 1669/2279/2184
f 1596/2274/2179 1597/2282/2187 1670/2281/2186
f 1671/2283/2188 1614/2280/2185 1669/2279/2184
f 1669/2279/2184 1670/2281/2186 1671/2283/2188
f 1671/2283/2188 1612/2284/2189 1614/2280/2185
f 1670/2281/2186 1597/2282/2187 1672/2285/2190
f 1670/2281/2186 1672/2285/2190 1671/2283/2188
f 1597/2282/2187 1599/2286/2191 1672/2285/2190
f 1673/2287/2192 1612/2284/2189 1671/2283/2188
f 1671/2283/2188 1672/2285/2190 1673/2287/2192
f 1673/2287/2192 1610/2288/2193 1612/2284/2189
f 1672/2285/2190 1599/2286/2191 1674/2289/2194
f 1672/2285/2190 1674/2289/2194 1673/2287/2192
f 1599/2286/2191 1601/2290/2195 1674/2289/2194
f 1674/2289/2194 1601/2290/2195 1603/2291/2196
f 1675/2292/2197 1610/2288/2193 1673/2287/2192
f 1673/2287/2192 1674/2289/2194 1675/2292/2197
f 1674/2289/2194 1603/2291/2196 1675/2292/2197
f 1610/2288/2193 1675/2292/2197 1608/2293/2198
f 1675/2292/2197 1603/2291/2196 1605/2294/2199
f 1608/2293/2198 1675/2292/2197 1605/2294/2199
f 1146/2295/2200 817/2296/2201 815/2297/2202
f 1676/2298/2203 817/2296/2201 1146/2295/2200
f 1146/2295/2200 1519/2299/2204 1676/2298/2203
f 817/2296/2201 1676/2298/2203 819/2300/2205
f 1676/2298/2203 1519/2299/2204 1677/2301/2206
f 1519/2299/2204 1521/2302/2207 1677/2301/2206
f 819/2300/2205 1676/2298/2203 1678/2303/2208
f 1676/2298/2203 1677/2301/2206 1678/2303/2208
f 821/2304/2209 819/2300/2205 1551/2305/2210
f 1551/2305/2210 819/2300/2205 1678/2303/2208
f 1678/2303/2208 1549/2306/2211 1551/2305/2210
f 1679/2307/2212 1549/2306/2211 1678/2303/2208
f 1678/2303/2208 1677/2301/2206 1679/2307/2212
f 1679/2307/2212 1548/2308/2213 1549/2306/2211
f 1677/2301/2206 1521/2302/2207 1680/2309/2214
f 1677/2301/2206 1680/2309/2214 1679/2307/2212
f 1521/2302/2207 1522/2310/2215 1680/2309/2214
f 1681/2311/2216 1548/2308/2213 1679/2307/2212
f 1679/2307/2212 1680/2309/2214 1681/2311/2216
f 1681/2311/2216 1545/2312/2217 1548/2308/2213
f 1680/2309/2214 1522/2310/2215 1682/2313/2218
f 1680/2309/2214 1682/2313/2218 1681/2311/2216
f 1522/2310/2215 1525/2314/2219 1682/2313/2218
f 1683/2315/2220 1545/2312/2217 1681/2311/2216
f 1681/2311/2216 1682/2313/2218 1683/2315/2220
f 1683/2315/2220 1542/2316/2221 1545/2312/2217
f 1682/2313/2218 1525/2314/2219 1684/2317/2222
f 1682/2313/2218 1684/2317/2222 1683/2315/2220
f 1525/2314/2219 1528/2318/2223 1684/2317/2222
f 1684/2317/2222 1528/2318/2223 1531/2319/2224
f 1685/2320/2225 1542/2316/2221 1683/2315/2220
f 1683/2315/2220 1684/2317/2222 1685/2320/2225
f 1684/2317/2222 1531/2319/2224 1685/2320/2225
f 1542/2316/2221 1685/2320/2225 1539/2321/2226
f 1685/2320/2225 1531/2319/2224 1534/2322/2227
f 1539/2321/2226 1685/2320/2225 1534/2322/2227
f 1162/2323/1434 1686/2324/2228 1160/2325/1432
f 1160/2325/1432 1686/2324/2228 1687/2326/2229
f 1687/2326/2229 1686/2324/2228 1688/2327/2230
f 1160/2325/1432 1687/2326/2229 1164/2328/1436
f 1688/2327/2230 1689/2329/2231 1687/2326/2229
f 1690/2330/2232 1689/2329/2231 1688/2327/2230
f 1690/2330/2232 1691/2331/2233 1689/2329/2231
f 1164/2328/1436 1687/2326/2229 1692/2332/2234
f 1164/2328/1436 1692/2332/2234 1167/2333/1439
f 1689/2329/2231 1693/2334/2235 1687/2326/2229
f 1687/2326/2229 1693/2334/2235 1692/2332/2234
f 1689/2329/2231 1691/2331/2233 1694/2335/2236
f 1694/2335/2236 1691/2331/2233 1695/2336/2237
f 1696/2337/2238 1694/2335/2236 1695/2336/2237
f 1697/2338/2239 1694/2335/2236 1696/2337/2238
f 1698/2339/2240 1689/2329/2231 1694/2335/2236
f 1693/2334/2235 1689/2329/2231 1698/2339/2240
f 1699/2340/2241 1694/2335/2236 1697/2338/2239
f 1699/2340/2241 1698/2339/2240 1694/2335/2236
f 1699/2340/2241 1697/2338/2239 1700/2341/2242
f 1205/2342/1477 1700/2341/2242 1208/2343/1480
f 1699/2340/2241 1700/2341/2242 1205/2342/1477
f 1205/2342/1477 1701/2344/2243 1699/2340/2241
f 1701/2344/2243 1698/2339/2240 1699/2340/2241
f 1203/2345/1475 1701/2344/2243 1205/2342/1477
f 1701/2344/2243 1702/2346/2244 1698/2339/2240
f 1702/2346/2244 1693/2334/2235 1698/2339/2240
f 1203/2345/1475 1703/2347/2245 1701/2344/2243
f 1703/2347/2245 1702/2346/2244 1701/2344/2243
f 1202/2348/1474 1703/2347/2245 1203/2345/1475
f 1199/2349/1471 1703/2347/2245 1202/2348/1474
f 1704/2350/2246 1693/2334/2235 1702/2346/2244
f 1693/2334/2235 1704/2350/2246 1692/2332/2234
f 1703/2347/2245 1705/2351/2247 1702/2346/2244
f 1705/2351/2247 1704/2350/2246 1702/2346/2244
f 1706/2352/2248 1703/2347/2245 1199/2349/1471
f 1706/2352/2248 1705/2351/2247 1703/2347/2245
f 1196/2353/1468 1706/2352/2248 1199/2349/1471
f 1692/2332/2234 1704/2350/2246 1707/2354/2249
f 1167/2333/1439 1692/2332/2234 1707/2354/2249
f 1167/2333/1439 1707/2354/2249 1173/2355/1445
f 1704/2350/2246 1708/2356/2250 1707/2354/2249
f 1708/2356/2250 1704/2350/2246 1705/2351/2247
f 1173/2355/1445 1707/2354/2249 1709/2357/2251
f 1707/2354/2249 1708/2356/2250 1709/2357/2251
f 1173/2355/1445 1709/2357/2251 1176/2358/1448
f 1710/2359/2252 1708/2356/2250 1705/2351/2247
f 1706/2352/2248 1710/2359/2252 1705/2351/2247
f 1708/2356/2250 1711/2360/2253 1709/2357/2251
f 1711/2360/2253 1708/2356/2250 1710/2359/2252
f 1176/2358/1448 1709/2357/2251 1712/2361/2254
f 1709/2357/2251 1711/2360/2253 1712/2361/2254
f 1176/2358/1448 1712/2361/2254 1179/2362/1451
f 1713/2363/2255 1710/2359/2252 1706/2352/2248
f 1713/2363/2255 1706/2352/2248 1196/2353/1468
f 1192/2364/1464 1713/2363/2255 1196/2353/1468
f 1179/2362/1451 1712/2361/2254 1714/2365/2256
f 1715/2366/2257 1713/2363/2255 1192/2364/1464
f 1716/2367/2258 1179/2362/1451 1714/2365/2256
f 1183/2368/1455 1179/2362/1451 1716/2367/2258
f 1712/2361/2254 1717/2369/2259 1714/2365/2256
f 1714/2365/2256 1717/2369/2259 1716/2367/2258
f 1711/2360/2253 1717/2369/2259 1712/2361/2254
f 1716/2367/2258 1718/2370/2260 1183/2368/1455
f 1716/2367/2258 1717/2369/2259 1718/2370/2260
f 1183/2368/1455 1718/2370/2260 1186/2371/1458
f 1717/2369/2259 1711/2360/2253 1719/2372/2261
f 1719/2372/2261 1711/2360/2253 1710/2359/2252
f 1713/2363/2255 1719/2372/2261 1710/2359/2252
f 1715/2366/2257 1719/2372/2261 1713/2363/2255
f 1718/2370/2260 1717/2369/2259 1720/2373/2262
f 1718/2370/2260 1720/2373/2262 1186/2371/1458
f 1720/2373/2262 1717/2369/2259 1719/2372/2261
f 1186/2371/1458 1720/2373/2262 1188/2374/1460
f 1720/2373/2262 1189/2375/1461 1188/2374/1460
f 1721/2376/2263 1719/2372/2261 1715/2366/2257
f 1720/2373/2262 1719/2372/2261 1721/2376/2263
f 1721/2376/2263 1189/2375/1461 1720/2373/2262
f 1192/2364/1464 1721/2376/2263 1715/2366/2257
f 1189/2375/1461 1721/2376/2263 1192/2364/1464
f 1690/2377/2264 1688/2378/2265 1722/2379/2266
f 1722/2379/2266 1688/2378/2265 1723/2380/2267
f 1723/2380/2267 454/2381/2268 1722/2379/2266
f 1688/2378/2265 1686/2382/2269 1723/2380/2267
f 1723/2380/2267 1724/2383/2270 454/2381/2268
f 454/2381/2268 1724/2383/2270 1725/2384/2271
f 1723/2380/2267 1686/2382/2269 1726/2385/2272
f 1723/2380/2267 1726/2385/2272 1724/2383/2270
f 1686/2382/2269 1162/2386/1495 1726/2385/2272
f 1726/2385/2272 1162/2386/1495 1219/2387/1496
f 1219/2387/1496 1727/2388/2273 1726/2385/2272
f 1724/2383/2270 1726/2385/2272 1727/2388/2273
f 1728/2389/2274 1727/2388/2273 1219/2387/1496
f 1728/2389/2274 1729/2390/2275 1727/2388/2273
f 1727/2388/2273 1729/2390/2275 1730/2391/2276
f 1730/2391/2276 1724/2383/2270 1727/2388/2273
f 1731/2392/2277 1730/2391/2276 1729/2390/2275
f 1732/2393/2278 1725/2384/2271 1724/2383/2270
f 1732/2393/2278 1724/2383/2270 1730/2391/2276
f 1733/2394/2279 1725/2384/2271 1732/2393/2278
f 1734/2395/2280 1730/2391/2276 1731/2392/2277
f 1734/2395/2280 1732/2393/2278 1730/2391/2276
f 1731/2392/2277 1735/2396/2281 1734/2395/2280
f 1736/2397/2282 1733/2394/2279 1732/2393/2278
f 1736/2397/2282 1732/2393/2278 1734/2395/2280
f 1737/2398/2283 1733/2394/2279 1736/2397/2282
f 1734/2395/2280 1735/2396/2281 1738/2399/2284
f 1739/2400/2285 1737/2398/2283 1736/2397/2282
f 1736/2397/2282 1734/2395/2280 1739/2400/2285
f 1739/2400/2285 1734/2395/2280 1738/2399/2284
f 1740/2401/2286 1737/2398/2283 1739/2400/2285
f 1738/2399/2284 1735/2396/2281 1741/2402/2287
f 1741/2402/2287 1739/2400/2285 1738/2399/2284
f 1741/2402/2287 1735/2396/2281 1742/2403/2288
f 1742/2403/2288 1743/2404/2289 1741/2402/2287
f 1741/2402/2287 1743/2404/2289 1744/2405/2290
f 1745/2406/2291 1740/2401/2286 1739/2400/2285
f 1745/2406/2291 1739/2400/2285 1741/2402/2287
f 1744/2405/2290 1745/2406/2291 1741/2402/2287
f 1746/2407/2292 1740/2401/2286 1745/2406/2291
f 1747/2408/2293 1745/2406/2291 1744/2405/2290
f 1745/2406/2291 1748/2409/2294 1746/2407/2292
f 1747/2408/2293 1748/2409/2294 1745/2406/2291
f 1749/2410/2295 253/2411/2296 254/2412/2297
f 1749/2410/2295 1750/2413/2298 253/2411/2296
f 1751/2414/2299 1750/2413/2298 1749/2410/2295
f 253/2411/2296 1750/2413/2298 250/2415/2300
f 1752/2416/2301 1750/2413/2298 1751/2414/2299
f 250/2415/2300 1750/2413/2298 1753/2417/2302
f 250/2415/2300 1753/2417/2302 247/2418/2303
f 1750/2413/2298 1752/2416/2301 1754/2419/2304
f 1754/2419/2304 1752/2416/2301 1755/2420/2305
f 1754/2419/2304 1755/2420/2305 1756/2421/2306
f 1757/2422/2307 1758/2423/2308 1756/2421/2306
f 1756/2421/2306 1758/2423/2308 1754/2419/2304
f 218/2424/2309 1758/2423/2308 216/2425/2310
f 218/2424/2309 222/2426/2311 1758/2423/2308
f 1758/2423/2308 222/2426/2311 1754/2419/2304
f 222/2426/2311 224/2427/2312 1754/2419/2304
f 1754/2419/2304 224/2427/2312 1759/2428/2313
f 1750/2413/2298 1754/2419/2304 1759/2428/2313
f 1750/2413/2298 1759/2428/2313 1753/2417/2302
f 224/2427/2312 227/2429/2314 1759/2428/2313
f 1759/2428/2313 227/2429/2314 1760/2430/2315
f 1753/2417/2302 1759/2428/2313 1760/2430/2315
f 227/2429/2314 230/2431/2316 1760/2430/2315
f 1760/2430/2315 230/2431/2316 1761/2432/2317
f 1760/2430/2315 1761/2432/2317 1753/2417/2302
f 230/2431/2316 233/2433/2318 1761/2432/2317
f 1761/2432/2317 233/2433/2318 236/2434/2319
f 241/2435/2320 1761/2432/2317 236/2434/2319
f 1753/2417/2302 1761/2432/2317 1762/2436/2321
f 1762/2436/2321 1761/2432/2317 241/2435/2320
f 247/2418/2303 1753/2417/2302 1762/2436/2321
f 244/2437/2322 1762/2436/2321 241/2435/2320
f 247/2418/2303 1762/2436/2321 244/2437/2322
f 914/2438/2323 1763/2439/2324 259/2440/2325
f 1764/2441/2326 1763/2439/2324 914/2438/2323
f 916/2442/2327 1764/2441/2326 914/2438/2323
f 1764/2441/2326 1757/2443/2328 1763/2439/2324
f 1765/2444/2329 1764/2441/2326 916/2442/2327
f 919/2445/2330 1765/2444/2329 916/2442/2327
f 1766/2446/2331 1757/2443/2328 1764/2441/2326
f 1758/2447/2332 1757/2443/2328 1766/2446/2331
f 216/2448/2333 1758/2447/2332 1766/2446/2331
f 1767/2449/2334 1764/2441/2326 1765/2444/2329
f 1766/2446/2331 1764/2441/2326 1767/2449/2334
f 1768/2450/2335 1765/2444/2329 919/2445/2330
f 925/2451/2336 1768/2450/2335 919/2445/2330
f 1765/2444/2329 1769/2452/2337 1767/2449/2334
f 1768/2450/2335 1769/2452/2337 1765/2444/2329
f 953/2453/2338 1766/2446/2331 1767/2449/2334
f 1767/2449/2334 947/2454/2339 953/2453/2338
f 1769/2452/2337 947/2454/2339 1767/2449/2334
f 955/2455/1283 1766/2446/2331 953/2453/2338
f 955/2455/1283 216/2448/2333 1766/2446/2331
f 1769/2452/2337 944/2456/2340 947/2454/2339
f 955/2455/1283 1770/2457/2341 216/2448/2333
f 217/2458/2342 216/2448/2333 1770/2457/2341
f 292/2459/1282 1770/2457/2341 955/2455/1283
f 292/2459/1282 217/2458/2342 1770/2457/2341
f 1771/2460/2343 944/2456/2340 1769/2452/2337
f 1771/2460/2343 941/2461/2344 944/2456/2340
f 1769/2452/2337 1772/2462/2345 1771/2460/2343
f 1768/2450/2335 1772/2462/2345 1769/2452/2337
f 1772/2462/2345 1768/2450/2335 925/2451/2336
f 928/2463/2346 1772/2462/2345 925/2451/2336
f 1773/2464/2347 941/2461/2344 1771/2460/2343
f 1772/2462/2345 1773/2464/2347 1771/2460/2343
f 1773/2464/2347 938/2465/2348 941/2461/2344
f 937/2466/2349 938/2465/2348 1773/2464/2347
f 1774/2467/2350 1772/2462/2345 928/2463/2346
f 1774/2467/2350 1773/2464/2347 1772/2462/2345
f 1774/2467/2350 937/2466/2349 1773/2464/2347
f 928/2463/2346 931/2468/2351 1774/2467/2350
f 934/2469/2352 937/2466/2349 1774/2467/2350
f 1774/2467/2350 931/2468/2351 934/2469/2352
f 120/1150/2353 907/1151/2353 113/2470/2354
f 113/2470/2354 897/1137/2355 111/1135/2356
f 113/2470/2354 907/1151/2353 1775/2471/2357
f 1775/2471/2357 897/1137/2355 113/2470/2354
f 907/1151/2353 908/1153/2353 1775/2471/2357
f 1775/2471/2357 899/1139/2358 897/1137/2355
f 1775/2471/2357 908/1153/2353 1776/2472/2359
f 1776/2472/2359 899/1139/2358 1775/2471/2357
f 908/1153/2353 910/1156/2360 1776/2472/2359
f 1776/2472/2359 901/1141/2361 899/1139/2358
f 1776/2472/2359 910/1156/2360 1777/2473/2362
f 1777/2473/2362 901/1141/2361 1776/2472/2359
f 910/1156/2360 912/1159/2363 1777/2473/2362
f 1777/2473/2362 904/1144/2364 901/1141/2361
f 1777/2473/2362 912/1159/2363 1778/2474/2365
f 1778/2474/2365 904/1144/2364 1777/2473/2362
f 913/2475/2366 1778/2474/2366 912/1159/2366
f 1779/2476/2366 1778/2474/2366 913/2475/2366
f 1779/2476/2366 913/2475/2366 903/2477/2366
f 905/2478/2366 1779/2476/2366 903/2477/2366
f 905/2478/2366 1778/2474/2366 1779/2476/2366
f 904/1144/2366 1778/2474/2366 905/2478/2366
f 892/1129/2367 1780/2479/2367 893/2480/2367
f 893/2480/2367 1780/2479/2367 1781/2481/2367
f 893/2480/2367 1781/2481/2367 883/2482/2367
f 1781/2481/2367 885/2483/2367 883/2482/2367
f 1780/2479/2367 885/2483/2367 1781/2481/2367
f 884/1114/2367 885/2483/2367 1780/2479/2367
f 102/2484/2368 887/1122/2369 16/1120/2369
f 105/1105/2370 876/1106/2370 102/2484/2368
f 1782/2485/2371 887/1122/2369 102/2484/2368
f 102/2484/2368 876/1106/2370 1782/2485/2371
f 1782/2485/2371 889/1124/2369 887/1122/2369
f 878/1108/2370 1782/2485/2371 876/1106/2370
f 1783/2486/2372 889/1124/2369 1782/2485/2371
f 1783/2486/2372 1782/2485/2371 878/1108/2370
f 889/1124/2369 1783/2486/2372 890/1126/2373
f 881/1111/2374 1783/2486/2372 878/1108/2370
f 890/1126/2373 1783/2486/2372 1784/2487/2375
f 1784/2487/2375 1783/2486/2372 881/1111/2374
f 890/1126/2373 1784/2487/2375 892/1129/2376
f 884/1114/2377 1784/2487/2375 881/1111/2374
f 892/1129/2376 1784/2487/2375 1780/2479/2378
f 1780/2479/2378 1784/2487/2375 884/1114/2377
f 1221/2488/2379 1785/2489/2380 1219/2490/2381
f 1786/2491/2382 1785/2489/2380 1221/2488/2379
f 1785/2489/2380 1786/2491/2382 1076/2492/2383
f 1076/2492/2383 1786/2491/2382 1077/2493/2384
f 1786/2491/2382 1079/2494/2385 1077/2493/2384
f 1221/2488/2379 1787/2495/2386 1786/2491/2382
f 1787/2495/2386 1079/2494/2385 1786/2491/2382
f 1222/2496/2387 1787/2495/2386 1221/2488/2379
f 1787/2495/2386 1082/2497/2388 1079/2494/2385
f 1222/2496/2387 1788/2498/2389 1787/2495/2386
f 1788/2498/2389 1082/2497/2388 1787/2495/2386
f 1224/2499/2390 1788/2498/2389 1222/2496/2387
f 1788/2498/2389 1086/2500/2391 1082/2497/2388
f 1228/2501/2392 1788/2498/2389 1224/2499/2390
f 1789/2502/2393 1086/2500/2391 1788/2498/2389
f 1789/2502/2393 1788/2498/2389 1228/2501/2392
f 1789/2502/2393 1090/2503/2394 1086/2500/2391
f 1235/2504/2395 1789/2502/2393 1228/2501/2392
f 1790/2505/2396 1090/2503/2394 1789/2502/2393
f 1790/2505/2396 1789/2502/2393 1235/2504/2395
f 1090/2503/2394 1790/2505/2396 1096/2506/2397
f 1236/2507/2398 1790/2505/2396 1235/2504/2395
f 1096/2506/2397 1790/2505/2396 1791/2508/2399
f 1791/2508/2399 1790/2505/2396 1236/2507/2398
f 1096/2506/2397 1791/2508/2399 1097/2509/2400
f 1791/2508/2399 1236/2507/2398 1792/2510/2401
f 1097/2509/2400 1791/2508/2399 1792/2510/2401
f 1792/2510/2401 1236/2507/2398 1237/2511/2402
f 1240/2512/2403 1792/2510/2401 1237/2511/2402
f 1793/2513/2404 1097/2509/2400 1792/2510/2401
f 1793/2513/2404 1792/2510/2401 1240/2512/2403
f 1094/2514/2405 1097/2509/2400 1793/2513/2404
f 1241/2515/2406 1793/2513/2404 1240/2512/2403
f 1794/2516/2407 1094/2514/2405 1793/2513/2404
f 1794/2516/2407 1793/2513/2404 1241/2515/2406
f 1093/2517/2408 1094/2514/2405 1794/2516/2407
f 1794/2516/2407 1241/2515/2406 1795/2518/2409
f 1795/2518/2409 1093/2517/2408 1794/2516/2407
f 1795/2518/2409 1241/2515/2406 1239/2519/2410
f 1092/2520/2411 1093/2517/2408 1795/2518/2409
f 1795/2518/2409 1239/2519/2410 1796/2521/2412
f 1796/2521/2412 1092/2520/2411 1795/2518/2409
f 1796/2521/2412 1239/2519/2410 1233/2522/2413
f 1088/2523/2414 1092/2520/2411 1796/2521/2412
f 1796/2521/2412 1233/2522/2413 1797/2524/2415
f 1797/2524/2415 1088/2523/2414 1796/2521/2412
f 1797/2524/2415 1233/2522/2413 1230/2525/2416
f 1084/2526/2417 1088/2523/2414 1797/2524/2415
f 1226/2527/2418 1797/2524/2415 1230/2525/2416
f 1798/2528/2419 1084/2526/2417 1797/2524/2415
f 1798/2528/2419 1797/2524/2415 1226/2527/2418
f 1075/2529/2420 1084/2526/2417 1798/2528/2419
f 1217/2530/2421 1798/2528/2419 1226/2527/2418
f 1799/2531/2422 1075/2529/2420 1798/2528/2419
f 1799/2531/2422 1798/2528/2419 1217/2530/2421
f 1073/2532/2423 1075/2529/2420 1799/2531/2422
f 335/2533/2424 1799/2531/2422 1217/2530/2421
f 1799/2531/2422 264/2534/2425 1073/2532/2423
f 265/2535/2426 1799/2531/2422 335/2533/2424
f 265/2535/2426 264/2534/2425 1799/2531/2422
f 741/2536/2427 1018/2537/1340 742/2538/1341
f 1800/2539/2428 1018/2537/1340 741/2536/2427
f 741/2536/2427 740/2540/2429 1800/2539/2428
f 1800/2539/2428 1801/2541/2430 1018/2537/1340
f 1018/2537/1340 1801/2541/2430 1022/2542/2431
f 1800/2539/2428 740/2540/2429 1802/2543/2432
f 1802/2543/2432 1801/2541/2430 1800/2539/2428
f 1803/2544/2433 1022/2542/2431 1801/2541/2430
f 1024/2545/2434 1022/2542/2431 1803/2544/2433
f 1804/2546/2435 1801/2541/2430 1802/2543/2432
f 1801/2541/2430 1804/2546/2435 1803/2544/2433
f 740/2540/2429 1805/2547/2436 1802/2543/2432
f 871/2548/2437 1805/2547/2436 740/2540/2429
f 1058/2549/2182 871/2548/2437 868/2550/2181
f 1805/2547/2436 871/2548/2437 1058/2549/2182
f 1805/2547/2436 1806/2551/2438 1802/2543/2432
f 1805/2547/2436 1058/2549/2182 1806/2551/2438
f 1802/2543/2432 1806/2551/2438 1804/2546/2435
f 1806/2551/2438 1058/2549/2182 1057/2552/2439
f 1057/2552/2439 1807/2553/2440 1806/2551/2438
f 1806/2551/2438 1807/2553/2440 1804/2546/2435
f 1055/2554/2441 1807/2553/2440 1057/2552/2439
f 1804/2546/2435 1807/2553/2440 1808/2555/2442
f 1803/2544/2433 1804/2546/2435 1808/2555/2442
f 1807/2553/2440 1055/2554/2441 1809/2556/2443
f 1807/2553/2440 1809/2556/2443 1808/2555/2442
f 1809/2556/2443 1055/2554/2441 1052/2557/2444
f 1803/2544/2433 1808/2555/2442 1810/2558/2445
f 1803/2544/2433 1810/2558/2445 1024/2545/2434
f 1024/2545/2434 1810/2558/2445 1026/2559/2446
f 1808/2555/2442 1809/2556/2443 1811/2560/2447
f 1810/2558/2445 1808/2555/2442 1811/2560/2447
f 1809/2556/2443 1052/2557/2444 1812/2561/2448
f 1809/2556/2443 1812/2561/2448 1811/2560/2447
f 1812/2561/2448 1052/2557/2444 1047/2562/2449
f 1047/2562/2449 1044/2563/2450 1812/2561/2448
f 1812/2561/2448 1044/2563/2450 1041/2564/2451
f 1812/2561/2448 1041/2564/2451 1813/2565/2452
f 1811/2560/2447 1812/2561/2448 1813/2565/2452
f 1813/2565/2452 1041/2564/2451 1039/2566/2453
f 1036/2567/2454 1813/2565/2452 1039/2566/2453
f 1814/2568/2455 1811/2560/2447 1813/2565/2452
f 1814/2568/2455 1813/2565/2452 1036/2567/2454
f 1810/2558/2445 1811/2560/2447 1814/2568/2455
f 1810/2558/2445 1814/2568/2455 1026/2559/2446
f 1036/2567/2454 1033/2569/2456 1814/2568/2455
f 1026/2559/2446 1814/2568/2455 1029/2570/2457
f 1814/2568/2455 1033/2569/2456 1029/2570/2457
f 1063/2571/2458 293/2572/2459 292/2573/2460
f 1815/2574/2461 293/2572/2459 1063/2571/2458
f 1061/2575/2462 1815/2574/2461 1063/2571/2458
f 1816/2576/2463 293/2572/2459 1815/2574/2461
f 295/2577/2464 293/2572/2459 1816/2576/2463
f 1816/2576/2463 298/2578/2465 295/2577/2464
f 1817/2579/2466 1815/2574/2461 1061/2575/2462
f 263/2580/2467 334/2581/2468 1061/2575/2462
f 1061/2575/2462 334/2581/2468 1817/2579/2466
f 1818/2582/2469 1815/2574/2461 1817/2579/2466
f 334/2581/2468 1818/2582/2469 1817/2579/2466
f 1816/2576/2463 1815/2574/2461 1818/2582/2469
f 331/2583/2470 1818/2582/2469 334/2581/2468
f 1816/2576/2463 1818/2582/2469 1819/2584/2471
f 1819/2584/2471 298/2578/2465 1816/2576/2463
f 331/2583/2470 1820/2585/2472 1818/2582/2469
f 1819/2584/2471 1818/2582/2469 1820/2585/2472
f 328/2586/2473 1820/2585/2472 331/2583/2470
f 1821/2587/2474 298/2578/2465 1819/2584/2471
f 1819/2584/2471 1820/2585/2472 1821/2587/2474
f 302/2588/2475 298/2578/2465 1821/2587/2474
f 328/2586/2473 1822/2589/2476 1820/2585/2472
f 1821/2587/2474 1820/2585/2472 1822/2589/2476
f 325/2590/2477 1822/2589/2476 328/2586/2473
f 1823/2591/2478 302/2588/2475 1821/2587/2474
f 1821/2587/2474 1822/2589/2476 1823/2591/2478
f 305/2592/2479 302/2588/2475 1823/2591/2478
f 305/2592/2479 1823/2591/2478 308/2593/2480
f 308/2593/2480 1823/2591/2478 311/2594/2481
f 325/2590/2477 1824/2595/2482 1822/2589/2476
f 1823/2591/2478 1822/2589/2476 1824/2595/2482
f 1823/2591/2478 1824/2595/2482 311/2594/2481
f 322/2596/2483 1824/2595/2482 325/2590/2477
f 311/2594/2481 1824/2595/2482 314/2597/2484
f 322/2596/2483 319/2598/2485 1824/2595/2482
f 1824/2595/2482 319/2598/2485 314/2597/2484
f 1825/2599/2486 1213/2600/2487 1212/2601/2488
f 1826/2602/2489 1213/2600/2487 1825/2599/2486
f 1213/2600/2487 1826/2602/2489 1170/2603/2490
f 1825/2599/2486 1827/2604/2491 1826/2602/2489
f 221/2605/2492 1827/2604/2491 1825/2599/2486
f 1170/2603/2490 1826/2602/2489 1828/2606/2493
f 1828/2606/2493 1169/2607/1488 1170/2603/2490
f 1214/2608/1486 1169/2607/1488 1828/2606/2493
f 1826/2602/2489 1829/2609/2494 1828/2606/2493
f 1828/2606/2493 1829/2609/2494 1214/2608/1486
f 1827/2604/2491 1829/2609/2494 1826/2602/2489
f 1214/2608/1486 1829/2609/2494 335/2610/1490
f 1829/2609/2494 1830/2611/2495 335/2610/1490
f 1827/2604/2491 1830/2611/2495 1829/2609/2494
f 335/2610/1490 1830/2611/2495 332/2612/2496
f 221/2605/2492 1831/2613/2497 1827/2604/2491
f 1831/2613/2497 1830/2611/2495 1827/2604/2491
f 296/2614/2498 1831/2613/2497 221/2605/2492
f 1832/2615/2499 332/2612/2496 1830/2611/2495
f 1831/2613/2497 1832/2615/2499 1830/2611/2495
f 329/2616/2500 332/2612/2496 1832/2615/2499
f 296/2614/2498 1833/2617/2501 1831/2613/2497
f 1833/2617/2501 1832/2615/2499 1831/2613/2497
f 299/2618/2502 1833/2617/2501 296/2614/2498
f 1834/2619/2503 329/2616/2500 1832/2615/2499
f 327/2620/2504 329/2616/2500 1834/2619/2503
f 1835/2621/2505 1832/2615/2499 1833/2617/2501
f 299/2618/2502 1835/2621/2505 1833/2617/2501
f 1834/2619/2503 1832/2615/2499 1835/2621/2505
f 301/2622/2506 1835/2621/2505 299/2618/2502
f 301/2622/2506 1836/2623/2507 1835/2621/2505
f 1835/2621/2505 1836/2623/2507 1834/2619/2503
f 303/2624/2508 1836/2623/2507 301/2622/2506
f 1834/2619/2503 1837/2625/2509 327/2620/2504
f 1834/2619/2503 1836/2623/2507 1837/2625/2509
f 327/2620/2504 1837/2625/2509 324/2626/2510
f 303/2624/2508 1838/2627/2511 1836/2623/2507
f 1838/2627/2511 1837/2625/2509 1836/2623/2507
f 306/2628/2512 1838/2627/2511 303/2624/2508
f 306/2628/2512 309/2629/2513 1838/2627/2511
f 1838/2627/2511 309/2629/2513 313/2630/2514
f 313/2630/2514 316/2631/2515 1838/2627/2511
f 1837/2625/2509 1839/2632/2516 324/2626/2510
f 1839/2632/2516 1837/2625/2509 1838/2627/2511
f 1838/2627/2511 316/2631/2515 1839/2632/2516
f 324/2626/2510 1839/2632/2516 321/2633/2517
f 316/2631/2515 317/2634/2518 1839/2632/2516
f 1839/2632/2516 317/2634/2518 321/2633/2517
f 188/2042/2519 190/2635/2520 1509/2043/2519
f 193/2027/2521 1499/2029/2522 190/2635/2520
f 1509/2043/2519 190/2635/2520 1840/2636/2523
f 190/2635/2520 1499/2029/2522 1840/2636/2523
f 1509/2043/2519 1840/2636/2523 1510/2045/2519
f 1499/2029/2522 1501/2031/2524 1840/2636/2523
f 1510/2045/2519 1840/2636/2523 1841/2637/2525
f 1840/2636/2523 1501/2031/2524 1841/2637/2525
f 1510/2045/2519 1841/2637/2525 1512/2048/2526
f 1501/2031/2524 1503/2033/2527 1841/2637/2525
f 1512/2048/2526 1841/2637/2525 1842/2638/2528
f 1841/2637/2525 1503/2033/2527 1842/2638/2528
f 1512/2048/2526 1842/2638/2528 1514/2051/2529
f 1503/2033/2527 1506/2036/2530 1842/2638/2528
f 1514/2051/2529 1842/2638/2528 1843/2639/2531
f 1842/2638/2528 1506/2036/2530 1843/2639/2531
f 1843/2639/2532 1515/2640/2532 1514/2051/2532
f 1844/2641/2532 1515/2640/2532 1843/2639/2532
f 1844/2641/2532 1505/2642/2532 1515/2640/2532
f 1507/2643/2532 1505/2642/2532 1844/2641/2532
f 1844/2641/2532 1843/2639/2532 1507/2643/2532
f 1507/2643/2532 1843/2639/2532 1506/2036/2532
f 1494/2021/2533 1495/2644/2533 1845/2645/2533
f 1845/2645/2533 1495/2644/2533 1846/2646/2533
f 1495/2644/2533 1485/2647/2533 1846/2646/2533
f 1846/2646/2533 1485/2647/2533 1487/2648/2533
f 1846/2646/2533 1487/2648/2533 1845/2645/2533
f 1845/2645/2533 1487/2648/2533 1486/2006/2533
f 43/2012/2534 1489/2014/2534 47/2649/2535
f 52/1997/2536 47/2649/2535 1478/1998/2536
f 47/2649/2535 1489/2014/2534 1847/2650/2537
f 1478/1998/2536 47/2649/2535 1847/2650/2537
f 1491/2016/2534 1847/2650/2537 1489/2014/2534
f 1478/1998/2536 1847/2650/2537 1480/2000/2536
f 1848/2651/2538 1847/2650/2537 1491/2016/2534
f 1480/2000/2536 1847/2650/2537 1848/2651/2538
f 1492/2018/2539 1848/2651/2538 1491/2016/2534
f 1480/2000/2536 1848/2651/2538 1483/2003/2540
f 1849/2652/2541 1848/2651/2538 1492/2018/2539
f 1483/2003/2540 1848/2651/2538 1849/2652/2541
f 1494/2021/2542 1849/2652/2541 1492/2018/2539
f 1849/2652/2541 1486/2006/2543 1483/2003/2540
f 1845/2645/2544 1849/2652/2541 1494/2021/2542
f 1845/2645/2544 1486/2006/2543 1849/2652/2541
f 1219/2653/2545 1850/2654/2546 1728/2655/2547
f 1728/2655/2547 1850/2654/2546 1851/2656/2548
f 1850/2654/2546 1632/2657/2549 1851/2656/2548
f 1851/2656/2548 1632/2657/2549 1633/2658/2550
f 1633/2658/2550 1635/2659/2551 1851/2656/2548
f 1852/2660/2552 1728/2655/2547 1851/2656/2548
f 1851/2656/2548 1635/2659/2551 1852/2660/2552
f 1729/2661/2553 1728/2655/2547 1852/2660/2552
f 1635/2659/2551 1638/2662/2554 1852/2660/2552
f 1853/2663/2555 1729/2661/2553 1852/2660/2552
f 1852/2660/2552 1638/2662/2554 1853/2663/2555
f 1731/2664/2556 1729/2661/2553 1853/2663/2555
f 1638/2662/2554 1642/2665/2557 1853/2663/2555
f 1731/2664/2556 1853/2663/2555 1735/2666/2558
f 1853/2663/2555 1642/2665/2557 1854/2667/2559
f 1735/2666/2558 1853/2663/2555 1854/2667/2559
f 1646/2668/2560 1854/2667/2559 1642/2665/2557
f 1735/2666/2558 1854/2667/2559 1742/2669/2561
f 1855/2670/2562 1854/2667/2559 1646/2668/2560
f 1742/2669/2561 1854/2667/2559 1855/2670/2562
f 1652/2671/2563 1855/2670/2562 1646/2668/2560
f 1855/2670/2562 1743/2672/2564 1742/2669/2561
f 1856/2673/2565 1855/2670/2562 1652/2671/2563
f 1856/2673/2565 1743/2672/2564 1855/2670/2562
f 1653/2674/2566 1856/2673/2565 1652/2671/2563
f 1857/2675/2567 1743/2672/2564 1856/2673/2565
f 1857/2675/2567 1856/2673/2565 1653/2674/2566
f 1744/2676/2568 1743/2672/2564 1857/2675/2567
f 1857/2675/2567 1747/2677/2569 1744/2676/2568
f 1653/2674/2566 1858/2678/2570 1857/2675/2567
f 1858/2678/2570 1747/2677/2569 1857/2675/2567
f 1650/2679/2571 1858/2678/2570 1653/2674/2566
f 1858/2678/2570 1748/2680/2572 1747/2677/2569
f 1650/2679/2571 1859/2681/2573 1858/2678/2570
f 1859/2681/2573 1748/2680/2572 1858/2678/2570
f 1649/2682/2574 1859/2681/2573 1650/2679/2571
f 1860/2683/2575 1748/2680/2572 1859/2681/2573
f 1649/2682/2574 1860/2683/2575 1859/2681/2573
f 1746/2684/2576 1748/2680/2572 1860/2683/2575
f 1648/2685/2577 1860/2683/2575 1649/2682/2574
f 1861/2686/2578 1746/2684/2576 1860/2683/2575
f 1648/2685/2577 1861/2686/2578 1860/2683/2575
f 1740/2687/2579 1746/2684/2576 1861/2686/2578
f 1644/2688/2580 1861/2686/2578 1648/2685/2577
f 1862/2689/2581 1740/2687/2579 1861/2686/2578
f 1644/2688/2580 1862/2689/2581 1861/2686/2578
f 1737/2690/2582 1740/2687/2579 1862/2689/2581
f 1640/2691/2583 1862/2689/2581 1644/2688/2580
f 1862/2689/2581 1733/2692/2584 1737/2690/2582
f 1640/2691/2583 1863/2693/2585 1862/2689/2581
f 1863/2693/2585 1733/2692/2584 1862/2689/2581
f 1631/2694/2586 1863/2693/2585 1640/2691/2583
f 1863/2693/2585 1725/2695/2587 1733/2692/2584
f 1631/2694/2586 1864/2696/2588 1863/2693/2585
f 1864/2696/2588 1725/2695/2587 1863/2693/2585
f 1629/2697/2589 1864/2696/2588 1631/2694/2586
f 1864/2696/2588 454/2698/2590 1725/2695/2587
f 384/2699/2591 1864/2696/2588 1629/2697/2589
f 383/2700/2592 454/2698/2590 1864/2696/2588
f 383/2700/2592 1864/2696/2588 384/2699/2591
f 411/2701/2593 412/2702/2594 1619/2703/2595
f 1619/2703/2595 412/2702/2594 1865/2704/2596
f 1865/2704/2596 1617/2705/2597 1619/2703/2595
f 1865/2704/2596 412/2702/2594 1866/2706/2598
f 1866/2706/2598 412/2702/2594 414/2707/2599
f 417/2708/2600 1866/2706/2598 414/2707/2599
f 1867/2709/2601 1617/2705/2597 1865/2704/2596
f 382/2710/2602 1617/2705/2597 453/2711/2603
f 453/2711/2603 1617/2705/2597 1867/2709/2601
f 1867/2709/2601 1865/2704/2596 1868/2712/2604
f 1867/2709/2601 1868/2712/2604 453/2711/2603
f 1868/2712/2604 1865/2704/2596 1866/2706/2598
f 453/2711/2603 1868/2712/2604 450/2713/2605
f 1866/2706/2598 1869/2714/2606 1868/2712/2604
f 1869/2714/2606 1866/2706/2598 417/2708/2600
f 1868/2712/2604 1870/2715/2607 450/2713/2605
f 1868/2712/2604 1869/2714/2606 1870/2715/2607
f 450/2713/2605 1870/2715/2607 447/2716/2608
f 1869/2714/2606 417/2708/2600 1871/2717/2609
f 1871/2717/2609 1870/2715/2607 1869/2714/2606
f 1871/2717/2609 417/2708/2600 421/2718/2610
f 1870/2715/2607 1872/2719/2611 447/2716/2608
f 1872/2719/2611 1870/2715/2607 1871/2717/2609
f 447/2716/2608 1872/2719/2611 444/2720/2612
f 421/2718/2610 1873/2721/2613 1871/2717/2609
f 1873/2721/2613 1872/2719/2611 1871/2717/2609
f 424/2722/2614 1873/2721/2613 421/2718/2610
f 424/2722/2614 427/2723/2615 1873/2721/2613
f 1873/2721/2613 427/2723/2615 430/2724/2616
f 1874/2725/2617 444/2720/2612 1872/2719/2611
f 1874/2725/2617 1872/2719/2611 1873/2721/2613
f 1873/2721/2613 430/2724/2616 1874/2725/2617
f 441/2726/2618 444/2720/2612 1874/2725/2617
f 1874/2725/2617 430/2724/2616 433/2727/2619
f 441/2726/2618 1874/2725/2617 438/2728/2620
f 438/2728/2620 1874/2725/2617 433/2727/2619
f 1695/2729/2621 1875/2730/2622 1696/2731/2623
f 1876/2732/2624 1875/2730/2622 1695/2729/2621
f 1691/2733/2625 1876/2732/2624 1695/2729/2621
f 1877/2734/2626 1875/2730/2622 1876/2732/2624
f 342/2735/2627 1875/2730/2622 1877/2734/2626
f 1878/2736/2628 1876/2732/2624 1691/2733/2625
f 1691/2733/2625 1690/2737/2264 1878/2736/2628
f 1878/2736/2628 1690/2737/2264 1722/2738/2266
f 1878/2736/2628 1879/2739/2629 1876/2732/2624
f 1878/2736/2628 1722/2738/2266 1879/2739/2629
f 1876/2732/2624 1879/2739/2629 1877/2734/2626
f 1879/2739/2629 1722/2738/2266 454/2740/2268
f 454/2740/2268 1880/2741/2630 1879/2739/2629
f 1880/2741/2630 1877/2734/2626 1879/2739/2629
f 451/2742/2631 1880/2741/2630 454/2740/2268
f 1881/2743/2632 342/2735/2627 1877/2734/2626
f 1881/2743/2632 1877/2734/2626 1880/2741/2630
f 415/2744/2633 342/2735/2627 1881/2743/2632
f 451/2742/2631 1882/2745/2634 1880/2741/2630
f 1882/2745/2634 1881/2743/2632 1880/2741/2630
f 448/2746/2635 1882/2745/2634 451/2742/2631
f 1883/2747/2636 415/2744/2633 1881/2743/2632
f 1883/2747/2636 1881/2743/2632 1882/2745/2634
f 418/2748/2637 415/2744/2633 1883/2747/2636
f 448/2746/2635 1884/2749/2638 1882/2745/2634
f 446/2750/2639 1884/2749/2638 448/2746/2635
f 1883/2747/2636 1882/2745/2634 1885/2751/2640
f 1885/2751/2640 418/2748/2637 1883/2747/2636
f 1885/2751/2640 1882/2745/2634 1884/2749/2638
f 420/2752/2641 418/2748/2637 1885/2751/2640
f 1884/2749/2638 446/2750/2639 1886/2753/2642
f 1886/2753/2642 446/2750/2639 443/2754/2643
f 1885/2751/2640 1884/2749/2638 1887/2755/2644
f 1887/2755/2644 420/2752/2641 1885/2751/2640
f 1887/2755/2644 1884/2749/2638 1886/2753/2642
f 422/2756/2645 420/2752/2641 1887/2755/2644
f 1886/2753/2642 443/2754/2643 1888/2757/2646
f 1888/2757/2646 443/2754/2643 440/2758/2647
f 440/2758/2647 436/2759/2648 1888/2757/2646
f 1888/2757/2646 436/2759/2648 435/2760/2649
f 1887/2755/2644 1886/2753/2642 1889/2761/2650
f 1889/2761/2650 1886/2753/2642 1888/2757/2646
f 1889/2761/2650 422/2756/2645 1887/2755/2644
f 435/2760/2649 1889/2761/2650 1888/2757/2646
f 425/2762/2651 422/2756/2645 1889/2761/2650
f 432/2763/2652 1889/2761/2650 435/2760/2649
f 1889/2761/2650 428/2764/2653 425/2762/2651
f 432/2763/2652 428/2764/2653 1889/2761/2650
f 273/2765/270 274/2766/271 1076/2767/2654
f 1076/2767/2654 274/2766/271 1890/2768/2655
f 274/2766/271 1891/2769/2656 1890/2768/2655
f 1020/2770/2657 1891/2769/2656 274/2766/271
f 1892/2771/2658 1076/2767/2654 1890/2768/2655
f 1891/2769/2656 1020/2770/2657 1893/2772/2659
f 1893/2772/2659 1020/2770/2657 1023/2773/2660
f 1894/2774/2661 1890/2768/2655 1891/2769/2656
f 1892/2771/2658 1890/2768/2655 1894/2774/2661
f 1023/2773/2660 1895/2775/2662 1893/2772/2659
f 1028/2776/2663 1895/2775/2662 1023/2773/2660
f 1893/2772/2659 1896/2777/2664 1891/2769/2656
f 1891/2769/2656 1896/2777/2664 1894/2774/2661
f 1895/2775/2662 1897/2778/2665 1893/2772/2659
f 1893/2772/2659 1897/2778/2665 1896/2777/2664
f 1895/2775/2662 1028/2776/2663 1898/2779/2666
f 1898/2779/2666 1897/2778/2665 1895/2775/2662
f 1898/2779/2666 1028/2776/2663 1031/2780/2667
f 1031/2780/2667 1034/2781/2668 1898/2779/2666
f 1898/2779/2666 1034/2781/2668 1037/2782/2669
f 1898/2779/2666 1037/2782/2669 1899/2783/2670
f 1899/2783/2670 1897/2778/2665 1898/2779/2666
f 1899/2783/2670 1037/2782/2669 1040/2784/2671
f 1040/2784/2671 1042/2785/2672 1899/2783/2670
f 1899/2783/2670 1042/2785/2672 1900/2786/2673
f 1899/2783/2670 1900/2786/2673 1897/2778/2665
f 1042/2785/2672 1045/2787/2674 1900/2786/2673
f 1900/2786/2673 1045/2787/2674 1048/2788/2675
f 1050/2789/2676 1900/2786/2673 1048/2788/2675
f 1901/2790/2677 1900/2786/2673 1050/2789/2676
f 1897/2778/2665 1900/2786/2673 1901/2790/2677
f 1050/2789/2676 1053/2791/2678 1901/2790/2677
f 1901/2790/2677 1902/2792/2679 1897/2778/2665
f 1901/2790/2677 1053/2791/2678 1902/2792/2679
f 1897/2778/2665 1902/2792/2679 1896/2777/2664
f 1053/2791/2678 1059/2793/2680 1902/2792/2679
f 1902/2792/2679 1903/2794/2681 1896/2777/2664
f 1902/2792/2679 1059/2793/2680 1903/2794/2681
f 1896/2777/2664 1903/2794/2681 1894/2774/2661
f 1059/2793/2680 391/2795/392 1903/2794/2681
f 1903/2794/2681 1904/2796/2682 1894/2774/2661
f 1903/2794/2681 391/2795/392 1904/2796/2682
f 1894/2774/2661 1904/2796/2682 1892/2771/2658
f 391/2795/392 1632/2797/2683 1904/2796/2682
f 1632/2797/2683 1892/2771/2658 1904/2796/2682
f 390/2798/391 1632/2797/2683 391/2795/392
f 1905/2799/2684 1892/2771/2658 1632/2797/2683
f 1905/2799/2684 1076/2767/2654 1892/2771/2658
f 1850/2800/2685 1905/2799/2684 1632/2797/2683
f 1076/2767/2654 1905/2799/2684 1785/2801/2686
f 1906/2802/2687 1905/2799/2684 1850/2800/2685
f 1785/2801/2686 1905/2799/2684 1906/2802/2687
f 1906/2802/2687 1850/2800/2685 1219/2803/2688
f 1906/2802/2687 1219/2803/2688 1785/2801/2686
f 239/2804/2689 1907/2805/2690 242/2806/2691
f 242/2806/2691 1907/2805/2690 245/2807/2692
f 239/2804/2689 238/2808/2693 1907/2805/2690
f 1907/2805/2690 1908/2809/2694 245/2807/2692
f 245/2807/2692 1908/2809/2694 248/2810/2695
f 1907/2805/2690 238/2808/2693 1909/2811/2696
f 1907/2805/2690 1909/2811/2696 1908/2809/2694
f 238/2808/2693 235/2812/2697 1909/2811/2696
f 1909/2811/2696 235/2812/2697 232/2813/2698
f 1909/2811/2696 232/2813/2698 1910/2814/2699
f 1908/2809/2694 1909/2811/2696 1910/2814/2699
f 1910/2814/2699 232/2813/2698 229/2815/2700
f 1910/2814/2699 229/2815/2700 1911/2816/2701
f 1911/2816/2701 1908/2809/2694 1910/2814/2699
f 1911/2816/2701 229/2815/2700 226/2817/2702
f 1908/2809/2694 1912/2818/2703 248/2810/2695
f 1912/2818/2703 1908/2809/2694 1911/2816/2701
f 248/2810/2695 1912/2818/2703 251/2819/2704
f 1911/2816/2701 226/2817/2702 1913/2820/2705
f 1913/2820/2705 1912/2818/2703 1911/2816/2701
f 1913/2820/2705 226/2817/2702 223/2821/2706
f 221/2822/2492 1913/2820/2705 223/2821/2706
f 1914/2823/2707 251/2819/2704 1912/2818/2703
f 1914/2823/2707 1912/2818/2703 1913/2820/2705
f 256/2824/2708 251/2819/2704 1914/2823/2707
f 1915/2825/2709 1913/2820/2705 221/2822/2492
f 1913/2820/2705 1915/2825/2709 1914/2823/2707
f 1825/2826/2486 1915/2825/2709 221/2822/2492
f 1914/2823/2707 1916/2827/2710 256/2824/2708
f 1914/2823/2707 1915/2825/2709 1916/2827/2710
f 256/2824/2708 1916/2827/2710 260/2828/2711
f 1917/2829/2712 1915/2825/2709 1825/2826/2486
f 1917/2829/2712 1916/2827/2710 1915/2825/2709
f 1825/2826/2486 1212/2830/2488 1917/2829/2712
f 1917/2829/2712 1212/2830/2488 1210/2831/2713
f 1916/2827/2710 1918/2832/2714 260/2828/2711
f 1918/2832/2714 1916/2827/2710 1917/2829/2712
f 1210/2831/2713 1918/2832/2714 1917/2829/2712
f 260/2828/2711 1918/2832/2714 262/2833/2715
f 1209/2834/2716 1918/2832/2714 1210/2831/2713
f 1918/2832/2714 1208/2835/2717 262/2833/2715
f 1209/2834/2716 1208/2835/2717 1918/2832/2714
f 788/2836/2718 784/2837/1406 1919/2838/2719
f 1919/2838/2719 784/2837/1406 918/2839/1405
f 788/2836/2718 1919/2838/2719 789/2840/2720
f 918/2839/1405 1920/2841/2721 1919/2838/2719
f 1110/2842/2722 1920/2841/2721 918/2839/1405
f 789/2840/2720 1919/2838/2719 1921/2843/2723
f 1919/2838/2719 1920/2841/2721 1921/2843/2723
f 1922/2844/2724 789/2840/2720 1921/2843/2723
f 814/2845/2725 789/2840/2720 1922/2844/2724
f 814/2845/2725 1922/2844/2724 815/2846/2202
f 815/2846/2202 1922/2844/2724 1146/2847/2200
f 1923/2848/2726 1146/2847/2200 1922/2844/2724
f 1922/2844/2724 1921/2843/2723 1923/2848/2726
f 1145/2849/2727 1146/2847/2200 1923/2848/2726
f 1921/2843/2723 1920/2841/2721 1924/2850/2728
f 1923/2848/2726 1921/2843/2723 1924/2850/2728
f 1924/2850/2728 1920/2841/2721 1925/2851/2729
f 1925/2851/2729 1923/2848/2726 1924/2850/2728
f 1926/2852/2730 1145/2849/2727 1923/2848/2726
f 1926/2852/2730 1923/2848/2726 1925/2851/2729
f 1143/2853/2731 1145/2849/2727 1926/2852/2730
f 1925/2851/2729 1920/2841/2721 1927/2854/2732
f 1110/2842/2722 1927/2854/2732 1920/2841/2721
f 1112/2855/2733 1927/2854/2732 1110/2842/2722
f 1928/2856/2734 1926/2852/2730 1925/2851/2729
f 1927/2854/2732 1928/2856/2734 1925/2851/2729
f 1929/2857/2735 1143/2853/2731 1926/2852/2730
f 1929/2857/2735 1926/2852/2730 1928/2856/2734
f 1140/2858/2736 1143/2853/2731 1929/2857/2735
f 1112/2855/2733 1930/2859/2737 1927/2854/2732
f 1930/2859/2737 1928/2856/2734 1927/2854/2732
f 1114/2860/2738 1930/2859/2737 1112/2855/2733
f 1928/2856/2734 1931/2861/2739 1929/2857/2735
f 1930/2859/2737 1931/2861/2739 1928/2856/2734
f 1929/2857/2735 1932/2862/2740 1140/2858/2736
f 1929/2857/2735 1931/2861/2739 1932/2862/2740
f 1140/2858/2736 1932/2862/2740 1135/2863/2741
f 1932/2862/2740 1132/2864/2742 1135/2863/2741
f 1129/2865/2743 1132/2864/2742 1932/2862/2740
f 1932/2862/2740 1931/2861/2739 1129/2865/2743
f 1129/2865/2743 1931/2861/2739 1127/2866/2744
f 1931/2861/2739 1124/2867/2745 1127/2866/2744
f 1933/2868/2746 1124/2867/2745 1931/2861/2739
f 1933/2868/2746 1931/2861/2739 1930/2859/2737
f 1930/2859/2737 1114/2860/2738 1933/2868/2746
f 1933/2868/2746 1121/2869/2747 1124/2867/2745
f 1933/2868/2746 1114/2860/2738 1117/2870/2748
f 1117/2870/2748 1121/2869/2747 1933/2868/2746
f 1934/2871/2749 979/2872/2750 974/2873/2751
f 971/2874/2752 1934/2871/2749 974/2873/2751
f 982/2875/2753 979/2872/2750 1934/2871/2749
f 1935/2876/2754 1934/2871/2749 971/2874/2752
f 968/2877/2755 1935/2876/2754 971/2874/2752
f 965/2878/2756 1935/2876/2754 968/2877/2755
f 1936/2879/2757 982/2875/2753 1934/2871/2749
f 1935/2876/2754 1936/2879/2757 1934/2871/2749
f 985/2880/2758 982/2875/2753 1936/2879/2757
f 965/2878/2756 1937/2881/2759 1935/2876/2754
f 1937/2881/2759 1936/2879/2757 1935/2876/2754
f 962/2882/2760 1937/2881/2759 965/2878/2756
f 1936/2879/2757 1938/2883/2761 985/2880/2758
f 985/2880/2758 1938/2883/2761 988/2884/2762
f 1937/2881/2759 1939/2885/2763 1936/2879/2757
f 962/2882/2760 1939/2885/2763 1937/2881/2759
f 1936/2879/2757 1939/2885/2763 1938/2883/2761
f 961/2886/2764 1939/2885/2763 962/2882/2760
f 959/2887/2765 1939/2885/2763 961/2886/2764
f 1939/2885/2763 1940/2888/2766 1938/2883/2761
f 1940/2888/2766 1939/2885/2763 959/2887/2765
f 1941/2889/2767 988/2884/2762 1938/2883/2761
f 1938/2883/2761 1940/2888/2766 1941/2889/2767
f 989/2890/2768 988/2884/2762 1941/2889/2767
f 1940/2888/2766 959/2887/2765 1942/2891/2769
f 1942/2891/2769 1941/2889/2767 1940/2888/2766
f 1942/2891/2769 959/2887/2765 952/2892/1413
f 775/2893/1414 1942/2891/2769 952/2892/1413
f 771/2894/2770 1942/2891/2769 775/2893/1414
f 1941/2889/2767 1943/2895/2771 989/2890/2768
f 1943/2895/2771 1941/2889/2767 1942/2891/2769
f 771/2894/2770 1943/2895/2771 1942/2891/2769
f 989/2890/2768 1943/2895/2771 991/2896/1332
f 752/2897/2772 1943/2895/2771 771/2894/2770
f 991/2896/1332 1943/2895/2771 751/2898/1333
f 751/2898/1333 1943/2895/2771 752/2897/2772
f 1944/2899/2773 1122/2900/2774 1119/2901/2775
f 1116/2902/2776 1944/2899/2773 1119/2901/2775
f 1125/2903/2777 1122/2900/2774 1944/2899/2773
f 1945/2904/2778 1944/2899/2773 1116/2902/2776
f 1116/2902/2776 1111/2905/2779 1945/2904/2778
f 1946/2906/2780 1125/2903/2777 1944/2899/2773
f 1944/2899/2773 1945/2904/2778 1946/2906/2780
f 1128/2907/2781 1125/2903/2777 1946/2906/2780
f 1946/2906/2780 1130/2908/2782 1128/2907/2781
f 1945/2904/2778 1111/2905/2779 1947/2909/2783
f 1108/2910/2784 1947/2909/2783 1111/2905/2779
f 1946/2906/2780 1945/2904/2778 1948/2911/2785
f 1945/2904/2778 1947/2909/2783 1948/2911/2785
f 1949/2912/2786 1130/2908/2782 1946/2906/2780
f 1949/2912/2786 1133/2913/2787 1130/2908/2782
f 1136/2914/2788 1133/2913/2787 1949/2912/2786
f 1949/2912/2786 1138/2915/2789 1136/2914/2788
f 1946/2906/2780 1950/2916/2790 1949/2912/2786
f 1950/2916/2790 1138/2915/2789 1949/2912/2786
f 1948/2911/2785 1950/2916/2790 1946/2906/2780
f 1950/2916/2790 1141/2917/2791 1138/2915/2789
f 1951/2918/2792 1141/2917/2791 1950/2916/2790
f 1950/2916/2790 1948/2911/2785 1951/2918/2792
f 1951/2918/2792 1147/2919/2793 1141/2917/2791
f 1951/2918/2792 1948/2911/2785 1952/2920/2794
f 1948/2911/2785 1947/2909/2783 1952/2920/2794
f 1953/2921/2795 1147/2919/2793 1951/2918/2792
f 1951/2918/2792 1952/2920/2794 1953/2921/2795
f 1147/2919/2793 1953/2921/2795 1149/2922/2144
f 1947/2909/2783 1954/2923/2796 1952/2920/2794
f 1954/2923/2796 1947/2909/2783 1108/2910/2784
f 1108/2910/2784 914/2924/2323 1954/2923/2796
f 1953/2921/2795 1952/2920/2794 1955/2925/2797
f 1952/2920/2794 1954/2923/2796 1955/2925/2797
f 1149/2922/2144 1953/2921/2795 1956/2926/2798
f 1953/2921/2795 1955/2925/2797 1956/2926/2798
f 1149/2922/2144 1956/2926/2798 379/2927/2142
f 1954/2923/2796 914/2924/2323 1957/2928/2799
f 1954/2923/2796 1957/2928/2799 1955/2925/2797
f 914/2924/2323 259/2929/2325 1957/2928/2799
f 1956/2926/2798 1955/2925/2797 1958/2930/2800
f 1955/2925/2797 1957/2928/2799 1958/2930/2800
f 379/2927/2142 1956/2926/2798 1959/2931/2801
f 1959/2931/2801 1956/2926/2798 1958/2930/2800
f 1957/2928/2799 1959/2931/2801 1958/2930/2800
f 259/2929/2325 1959/2931/2801 1957/2928/2799
f 1959/2931/2801 381/2932/2802 379/2927/2142
f 259/2929/2325 261/2933/2803 1959/2931/2801
f 1960/2934/2804 381/2932/2802 1959/2931/2801
f 1959/2931/2801 261/2933/2803 1960/2934/2804
f 262/2935/2805 381/2932/2802 1960/2934/2804
f 262/2935/2805 1960/2934/2804 261/2933/2803
f 362/2936/2806 1961/2937/2807 359/2938/2808
f 359/2938/2808 1961/2937/2807 358/2939/2809
f 365/2940/2810 1961/2937/2807 362/2936/2806
f 358/2939/2809 1961/2937/2807 1962/2941/2811
f 358/2939/2809 1962/2941/2811 356/2942/2812
f 356/2942/2812 1962/2941/2811 353/2943/2813
f 365/2940/2810 1963/2944/2814 1961/2937/2807
f 1961/2937/2807 1963/2944/2814 1962/2941/2811
f 368/2945/2815 1963/2944/2814 365/2940/2810
f 1962/2941/2811 1964/2946/2816 353/2943/2813
f 1962/2941/2811 1963/2944/2814 1964/2946/2816
f 353/2943/2813 1964/2946/2816 350/2947/2817
f 368/2945/2815 1965/2948/2818 1963/2944/2814
f 1966/2949/2819 350/2947/2817 1964/2946/2816
f 1963/2944/2814 1966/2949/2819 1964/2946/2816
f 1965/2948/2818 1966/2949/2819 1963/2944/2814
f 347/2950/2820 350/2947/2817 1966/2949/2819
f 371/2951/2821 1965/2948/2818 368/2945/2815
f 1966/2949/2819 1967/2952/2822 347/2950/2820
f 1965/2948/2818 1967/2952/2822 1966/2949/2819
f 347/2950/2820 1967/2952/2822 344/2953/2823
f 344/2953/2823 1967/2952/2822 342/2954/2627
f 1965/2948/2818 371/2951/2821 1968/2955/2824
f 1968/2955/2824 1967/2952/2822 1965/2948/2818
f 1968/2955/2824 371/2951/2821 376/2956/2825
f 342/2954/2627 1967/2952/2822 1969/2957/2826
f 1968/2955/2824 1969/2957/2826 1967/2952/2822
f 1969/2957/2826 1875/2958/2622 342/2954/2627
f 376/2956/2825 1970/2959/2827 1968/2955/2824
f 1970/2959/2827 1969/2957/2826 1968/2955/2824
f 380/2960/2828 1970/2959/2827 376/2956/2825
f 1971/2961/2829 1875/2958/2622 1969/2957/2826
f 1970/2959/2827 1971/2961/2829 1969/2957/2826
f 1875/2958/2622 1971/2961/2829 1696/2962/2623
f 1696/2962/2623 1971/2961/2829 1697/2963/2830
f 380/2960/2828 1972/2964/2831 1970/2959/2827
f 1972/2964/2831 1971/2961/2829 1970/2959/2827
f 1972/2964/2831 1697/2963/2830 1971/2961/2829
f 262/2965/2715 1972/2964/2831 380/2960/2828
f 1700/2966/2832 1697/2963/2830 1972/2964/2831
f 262/2965/2715 1208/2967/2717 1972/2964/2831
f 1972/2964/2831 1208/2967/2717 1700/2966/2832
f 1578/2968/2833 1973/2969/2834 1573/2970/2835
f 1973/2969/2834 1570/2971/2836 1573/2970/2835
f 1581/2972/2837 1973/2969/2834 1578/2968/2833
f 1974/2973/2838 1570/2971/2836 1973/2969/2834
f 1974/2973/2838 1567/2974/2839 1570/2971/2836
f 1564/2975/2840 1567/2974/2839 1974/2973/2838
f 1973/2969/2834 1581/2972/2837 1975/2976/2841
f 1975/2976/2841 1974/2973/2838 1973/2969/2834
f 1975/2976/2841 1581/2972/2837 1584/2977/2842
f 1976/2978/2843 1564/2975/2840 1974/2973/2838
f 1976/2978/2843 1974/2973/2838 1975/2976/2841
f 1561/2979/2844 1564/2975/2840 1976/2978/2843
f 1975/2976/2841 1584/2977/2842 1977/2980/2845
f 1977/2980/2845 1584/2977/2842 1587/2981/2846
f 1976/2978/2843 1975/2976/2841 1978/2982/2847
f 1978/2982/2847 1561/2979/2844 1976/2978/2843
f 1978/2982/2847 1975/2976/2841 1977/2980/2845
f 1560/2983/2848 1561/2979/2844 1978/2982/2847
f 1560/2983/2848 1978/2982/2847 1558/2984/2849
f 1978/2982/2847 1977/2980/2845 1979/2985/2850
f 1558/2984/2849 1978/2982/2847 1979/2985/2850
f 1587/2981/2846 1980/2986/2851 1977/2980/2845
f 1979/2985/2850 1977/2980/2845 1980/2986/2851
f 1588/2987/2852 1980/2986/2851 1587/2981/2846
f 1979/2985/2850 1981/2988/2853 1558/2984/2849
f 1980/2986/2851 1981/2988/2853 1979/2985/2850
f 1558/2984/2849 1981/2988/2853 1551/2989/2210
f 1551/2989/2210 1981/2988/2853 821/2990/2209
f 821/2990/2209 1981/2988/2853 827/2991/2854
f 1588/2987/2852 1982/2992/2855 1980/2986/2851
f 1982/2992/2855 1981/2988/2853 1980/2986/2851
f 1981/2988/2853 1982/2992/2855 827/2991/2854
f 1590/2993/2173 1982/2992/2855 1588/2987/2852
f 827/2991/2854 1982/2992/2855 833/2994/2856
f 841/2995/2172 1982/2992/2855 1590/2993/2173
f 833/2994/2856 1982/2992/2855 841/2995/2172
vt 0.0748144 0.4665508
vn 0.4553223 -0.6264648 0.6323242
vt 0.2967656 0.3627726
vn 0.4411621 -0.6181641 0.6503906
vt 0.02874409 0.3436058
vn 0.4711914 -0.6186523 0.6279297
v 0.07393824 0.3929269 0.1399447
vt 0.330057 0.419597
vn 0.4040527 -0.6298828 0.6630859
vt 0.1457272 0.5670072
vn 0.4179688 -0.6367188 0.6474609
vt 0.7031249 0.3386748
vn 0.3051758 -0.6469727 0.6982422
v 0.07147776 0.3988293 0.1465385
vt 0.3751677 0.4755849
vn 0.3781738 -0.6416016 0.6669922
vt 0.2508293 0.6488124
vn 0.3876953 -0.6391602 0.6635742
v 0.06656733 0.4037732 0.153405
vt 0.4375171 0.5200475
vn 0.3574219 -0.6484375 0.671875
vt 0.3664324 0.7061368
vn 0.357666 -0.6513672 0.668457
v 0.06048196 0.4073924 0.1597725
vt 0.5052512 0.5511888
vn 0.3369141 -0.65625 0.6748047
vt 0.4897707 0.7409742
vn 0.3266602 -0.6635742 0.6723633
v 0.05245456 0.4095112 0.1651635
vt 0.5817096 0.5637465
vn 0.3139648 -0.6616211 0.6801758
vt 0.6564029 0.5655566
vn 0.3059082 -0.6645508 0.6811523
vt 0.6204221 0.7574713
vn 0.3112793 -0.6733398 0.6699219
o pm0204_00_00_body_mesh_shape_l_eye
g polygon_0
usemtl l_eye
f 1756/2996/2857 1763/2997/2858 1757/2998/2859
f 1983/2999/2860 1763/2997/2858 1756/2996/2857
f 1755/3000/2861 1983/2999/2860 1756/2996/2857
f 259/3001/2862 1763/2997/2858 1983/2999/2860
f 1984/3002/2863 1983/2999/2860 1755/3000/2861
f 259/3001/2862 1983/2999/2860 1984/3002/2863
f 1755/3000/2861 1752/3003/2864 1984/3002/2863
f 1984/3002/2863 1752/3003/2864 1985/3004/2865
f 259/3001/2862 1984/3002/2863 1985/3004/2865
f 1752/3003/2864 1751/3005/2866 1985/3004/2865
f 1985/3004/2865 1751/3005/2866 1986/3006/2867
f 259/3001/2862 1985/3004/2865 1986/3006/2867
f 1751/3005/2866 1749/3007/2868 1986/3006/2867
f 259/3001/2862 1986/3006/2867 1987/3008/2869
f 1986/3006/2867 1749/3007/2868 1987/3008/2869
f 257/3009/2870 259/3001/2862 1987/3008/2869
f 254/3010/2871 1987/3008/2869 1749/3007/2868
f 257/3009/2870 1987/3008/2869 254/3010/2871
vn -0.4411621 -0.6181641 0.6503906
vt 0.07481431 0.4665507
vn -0.4553223 -0.6264648 0.6323242
vt 0.02874394 0.3436058
vn -0.4711914 -0.6186523 0.6279297
v -0.07393824 0.3929269 0.1399447
vt 0.330057 0.4195969
vn -0.4040527 -0.6298828 0.6630859
vn -0.4179688 -0.6367188 0.6474609
vt 0.703125 0.3386748
vn -0.3051758 -0.6469727 0.6982422
v -0.07147775 0.3988293 0.1465384
vn -0.3781738 -0.6416016 0.6669922
vt 0.2508292 0.6488124
vn -0.3876953 -0.6391602 0.6635742
v -0.06656733 0.4037732 0.153405
vn -0.3574219 -0.6484375 0.671875
vn -0.357666 -0.6513672 0.668457
v -0.06048196 0.4073924 0.1597725
vn -0.3369141 -0.65625 0.6748047
vt 0.4897709 0.7409744
vn -0.3266602 -0.6635742 0.6723633
v -0.05245456 0.4095112 0.1651635
vt 0.5817099 0.5637465
vn -0.3139648 -0.6616211 0.6801758
vn -0.3059082 -0.6645508 0.6811523
vt 0.6204224 0.7574713
vn -0.3112793 -0.6733398 0.6699219
o pm0204_00_00_body_mesh_shape_r_eye
g polygon_0
usemtl r_eye
f 1654/2997/2872 462/3011/2873 463/3012/2874
f 1988/3013/2875 462/3011/2873 1654/2997/2872
f 462/3011/2873 1988/3013/2875 461/3000/2876
f 1654/2997/2872 379/3014/2877 1988/3013/2875
f 461/3000/2876 1988/3013/2875 1989/3002/2878
f 379/3014/2877 1989/3002/2878 1988/3013/2875
f 461/3000/2876 1989/3002/2878 458/3015/2879
f 458/3015/2879 1989/3002/2878 1990/3004/2880
f 379/3014/2877 1990/3004/2880 1989/3002/2878
f 458/3015/2879 1990/3004/2880 457/3005/2881
f 457/3005/2881 1990/3004/2880 1991/3006/2882
f 379/3014/2877 1991/3006/2882 1990/3004/2880
f 457/3005/2881 1991/3006/2882 455/3016/2883
f 379/3014/2877 1992/3017/2884 1991/3006/2882
f 455/3016/2883 1991/3006/2882 1992/3017/2884
f 379/3014/2877 377/3009/2885 1992/3017/2884
f 1992/3017/2884 374/3018/2886 455/3016/2883
f 377/3009/2885 374/3018/2886 1992/3017/2884
