<?xml version="1.0" encoding="utf-8"?>
<COLLADA xmlns:xsd="http://www.w3.org/2001/XMLSchema" xmlns:xsi="http://www.w3.org/2001/XMLSchema-instance" version="1.4.1" xmlns="http://www.collada.org/2005/11/COLLADASchema">
    <asset>
        <created>0001-01-01T00:00:00</created>
        <modified>0001-01-01T00:00:00</modified>
        <unit name="Meter" />
        <contributor>
            <authoring_tool>IONET Exporter</authoring_tool>
        </contributor>
    </asset>
    <library_images>
        <image id="pm0550_11_00_eye_alb-image" name="pm0550_11_00_eye_alb">
            <init_from>pm0550_11_00_eye_alb.png</init_from>
        </image>
        <image id="pm0550_11_00_eye_alb-image_0" name="pm0550_11_00_eye_alb">
            <init_from>pm0550_11_00_eye_alb.png</init_from>
        </image>
        <image id="pm0550_11_00_body_alb-image" name="pm0550_11_00_body_alb">
            <init_from>pm0550_11_00_body_alb.png</init_from>
        </image>
    </library_images>
    <library_materials>
        <material id="l_eye" name="l_eye">
            <instance_effect url="#l_eye-effect" />
        </material>
        <material id="r_eye" name="r_eye">
            <instance_effect url="#r_eye-effect" />
        </material>
        <material id="body_00" name="body_00">
            <instance_effect url="#body_00-effect" />
        </material>
    </library_materials>
    <library_effects>
        <effect id="l_eye-effect" name="l_eye">
            <profile_COMMON>
                <newparam sid="pm0550_11_00_eye_alb-image_surface">
                    <surface type="2D">
                        <init_from>pm0550_11_00_eye_alb-image</init_from>
                    </surface>
                </newparam>
                <newparam sid="pm0550_11_00_eye_alb-image_sampler">
                    <sampler2D>
                        <source>pm0550_11_00_eye_alb-image_surface</source>
                    </sampler2D>
                </newparam>
                <technique sid="standard">
                    <phong>
                        <emission>
                            <color sid="emission">0 0 0 1</color>
                        </emission>
                        <ambient>
                            <color sid="ambient">0 0 0 1</color>
                        </ambient>
                        <diffuse>
                            <texture texture="pm0550_11_00_eye_alb-image_sampler" texcoord="CHANNEL0" />
                        </diffuse>
                        <specular>
                            <color sid="specular">0 0 0 1</color>
                        </specular>
                        <reflective>
                            <color sid="reflective">1 1 1 1</color>
                        </reflective>
                        <shininess>
                            <float sid="shininess">50</float>
                        </shininess>
                        <reflectivity>
                            <float sid="reflectivity">1</float>
                        </reflectivity>
                        <transparency>
                            <float sid="transparency">1</float>
                        </transparency>
                    </phong>
                </technique>
            </profile_COMMON>
        </effect>
        <effect id="r_eye-effect" name="r_eye">
            <profile_COMMON>
                <newparam sid="pm0550_11_00_eye_alb-image_0_surface">
                    <surface type="2D">
                        <init_from>pm0550_11_00_eye_alb-image_0</init_from>
                    </surface>
                </newparam>
                <newparam sid="pm0550_11_00_eye_alb-image_0_sampler">
                    <sampler2D>
                        <source>pm0550_11_00_eye_alb-image_0_surface</source>
                    </sampler2D>
                </newparam>
                <technique sid="standard">
                    <phong>
                        <emission>
                            <color sid="emission">0 0 0 1</color>
                        </emission>
                        <ambient>
                            <color sid="ambient">0 0 0 1</color>
                        </ambient>
                        <diffuse>
                            <texture texture="pm0550_11_00_eye_alb-image_0_sampler" texcoord="CHANNEL0" />
                        </diffuse>
                        <specular>
                            <color sid="specular">0 0 0 1</color>
                        </specular>
                        <reflective>
                            <color sid="reflective">1 1 1 1</color>
                        </reflective>
                        <shininess>
                            <float sid="shininess">50</float>
                        </shininess>
                        <reflectivity>
                            <float sid="reflectivity">1</float>
                        </reflectivity>
                        <transparency>
                            <float sid="transparency">1</float>
                        </transparency>
                    </phong>
                </technique>
            </profile_COMMON>
        </effect>
        <effect id="body_00-effect" name="body_00">
            <profile_COMMON>
                <newparam sid="pm0550_11_00_body_alb-image_surface">
                    <surface type="2D">
                        <init_from>pm0550_11_00_body_alb-image</init_from>
                    </surface>
                </newparam>
                <newparam sid="pm0550_11_00_body_alb-image_sampler">
                    <sampler2D>
                        <source>pm0550_11_00_body_alb-image_surface</source>
                    </sampler2D>
                </newparam>
                <technique sid="standard">
                    <phong>
                        <emission>
                            <color sid="emission">0 0 0 1</color>
                        </emission>
                        <ambient>
                            <color sid="ambient">0 0 0 1</color>
                        </ambient>
                        <diffuse>
                            <texture texture="pm0550_11_00_body_alb-image_sampler" texcoord="CHANNEL0" />
                        </diffuse>
                        <specular>
                            <color sid="specular">0 0 0 1</color>
                        </specular>
                        <reflective>
                            <color sid="reflective">1 1 1 1</color>
                        </reflective>
                        <shininess>
                            <float sid="shininess">50</float>
                        </shininess>
                        <reflectivity>
                            <float sid="reflectivity">1</float>
                        </reflectivity>
                        <transparency>
                            <float sid="transparency">1</float>
                        </transparency>
                    </phong>
                </technique>
            </profile_COMMON>
        </effect>
    </library_effects>
    <library_geometries>
        <geometry id="pm0550_11_00_eye_mesh_shape_lod2_l_eye-geometry" name="pm0550_11_00_eye_mesh_shape_lod2_l_eye">
            <mesh>
                <source id="pm0550_11_00_eye_mesh_shape_lod2_l_eye-geometry-POSITION">
                    <float_array id="pm0550_11_00_eye_mesh_shape_lod2_l_eye-geometry-POSITION-array" count="45">0.05306632 0.4417129 0.2883788 0.06018911 0.4229371 0.2898969 0.05531858 0.4549987 0.2774116 0.09854701 0.3731808 0.2520835 0.07249156 0.3962528 0.285358 0.08619526 0.3789372 0.2714963 0.05918721 0.4708339 0.260636 0.0633173 0.4876511 0.2391049 0.06713019 0.5029613 0.2166028 0.07029084 0.5133813 0.1976175 0.0853826 0.4877593 0.1919225 0.09766515 0.4572046 0.1932723 0.105988 0.4255863 0.1998531 0.109005 0.398694 0.2120728 0.1058781 0.380132 0.2307961</float_array>
                    <technique_common>
                        <accessor count="15" offset="0" source="pm0550_11_00_eye_mesh_shape_lod2_l_eye-geometry-POSITION-array" stride="3">
                            <param name="X" type="float" />
                            <param name="Y" type="float" />
                            <param name="Z" type="float" />
                        </accessor>
                    </technique_common>
                </source>
                <source id="pm0550_11_00_eye_mesh_shape_lod2_l_eye-geometry-NORMAL">
                    <float_array id="pm0550_11_00_eye_mesh_shape_lod2_l_eye-geometry-NORMAL-array" count="45">0.7587891 0.3330078 0.559082 0.8374023 0.3044434 0.4528809 0.8325195 0.2973633 0.4663086 0.847168 0.310791 0.4304199 0.8408203 0.3125 0.4416504 0.8408203 0.310791 0.442627 0.8510742 0.3056641 0.4257813 0.8730469 0.3110352 0.3740234 0.8540039 0.326416 0.4047852 0.8354492 0.4108887 0.364502 0.840332 0.3286133 0.4304199 0.8105469 0.3410645 0.4753418 0.8466797 0.3100586 0.4316406 0.8691406 0.2810059 0.40625 0.8916016 0.237915 0.3847656</float_array>
                    <technique_common>
                        <accessor count="15" offset="0" source="pm0550_11_00_eye_mesh_shape_lod2_l_eye-geometry-NORMAL-array" stride="3">
                            <param name="X" type="float" />
                            <param name="Y" type="float" />
                            <param name="Z" type="float" />
                        </accessor>
                    </technique_common>
                </source>
                <source id="pm0550_11_00_eye_mesh_shape_lod2_l_eye-geometry-TEXCOORD">
                    <float_array id="pm0550_11_00_eye_mesh_shape_lod2_l_eye-geometry-TEXCOORD-array" count="30">0.757004 0.5177588 0.7507685 0.4198686 0.7018588 0.5819243 0.510457 0.1555159 0.7083561 0.2813489 0.6209363 0.1892383 0.617424 0.6587607 0.5116491 0.7422746 0.4025535 0.8198814 0.3109987 0.8741974 0.2580447 0.7367441 0.2422611 0.5769487 0.2578808 0.4151435 0.309045 0.2797952 0.4005077 0.1883215</float_array>
                    <technique_common>
                        <accessor count="15" offset="0" source="pm0550_11_00_eye_mesh_shape_lod2_l_eye-geometry-TEXCOORD-array" stride="2">
                            <param name="S" type="float" />
                            <param name="T" type="float" />
                        </accessor>
                    </technique_common>
                </source>
                <vertices id="pm0550_11_00_eye_mesh_shape_lod2_l_eye-vertices">
                    <input semantic="POSITION" source="#pm0550_11_00_eye_mesh_shape_lod2_l_eye-geometry-POSITION" />
                </vertices>
                <triangles count="13" material="l_eye">
                    <input semantic="VERTEX" source="#pm0550_11_00_eye_mesh_shape_lod2_l_eye-vertices" offset="0" set="0" />
                    <input semantic="NORMAL" source="#pm0550_11_00_eye_mesh_shape_lod2_l_eye-geometry-NORMAL" offset="1" set="0" />
                    <input semantic="TEXCOORD" source="#pm0550_11_00_eye_mesh_shape_lod2_l_eye-geometry-TEXCOORD" offset="2" set="0" />
                    <p>0 0 0 1 1 1 2 2 2 2 2 2 1 1 1 3 3 3 1 1 1 4 4 4 3 3 3 5 5 5 3 3 3 4 4 4 3 3 3 6 6 6 2 2 2 7 7 7 6 6 6 3 3 3 7 7 7 3 3 3 8 8 8 9 9 9 8 8 8 10 10 10 8 8 8 3 3 3 10 10 10 10 10 10 3 3 3 11 11 11 12 12 12 11 11 11 3 3 3 13 13 13 12 12 12 3 3 3 14 14 14 13 13 13 3 3 3</p>
                </triangles>
            </mesh>
        </geometry>
        <geometry id="pm0550_11_00_eye_mesh_shape_lod2_r_eye-geometry" name="pm0550_11_00_eye_mesh_shape_lod2_r_eye">
            <mesh>
                <source id="pm0550_11_00_eye_mesh_shape_lod2_r_eye-geometry-POSITION">
                    <float_array id="pm0550_11_00_eye_mesh_shape_lod2_r_eye-geometry-POSITION-array" count="54">-0.07029084 0.5133813 0.1976175 -0.0853826 0.4877593 0.1919225 -0.06713019 0.5029613 0.2166028 -0.06713019 0.5029613 0.2166028 -0.09854701 0.3731808 0.2520835 -0.09766515 0.4572046 0.1932723 -0.105988 0.4255863 0.1998531 -0.109005 0.398694 0.2120728 -0.1058781 0.380132 0.2307961 -0.0633173 0.4876511 0.2391049 -0.06713019 0.5029613 0.2166028 -0.0633173 0.4876511 0.2391049 -0.05918721 0.4708339 0.260636 -0.05531858 0.4549987 0.2774116 -0.06018911 0.4229371 0.2898969 -0.05306632 0.4417129 0.2883788 -0.07249156 0.3962528 0.285358 -0.08619526 0.3789372 0.2714963</float_array>
                    <technique_common>
                        <accessor count="18" offset="0" source="pm0550_11_00_eye_mesh_shape_lod2_r_eye-geometry-POSITION-array" stride="3">
                            <param name="X" type="float" />
                            <param name="Y" type="float" />
                            <param name="Z" type="float" />
                        </accessor>
                    </technique_common>
                </source>
                <source id="pm0550_11_00_eye_mesh_shape_lod2_r_eye-geometry-NORMAL">
                    <float_array id="pm0550_11_00_eye_mesh_shape_lod2_r_eye-geometry-NORMAL-array" count="45">-0.8354492 0.4108887 0.364502 -0.840332 0.3286133 0.4304199 -0.8540039 0.326416 0.4047852 -0.847168 0.310791 0.4304199 -0.8105469 0.3410645 0.4753418 -0.8466797 0.3100586 0.4316406 -0.8691406 0.2810059 0.40625 -0.8916016 0.237915 0.3847656 -0.8730469 0.3110352 0.3740234 -0.8510742 0.3056641 0.4257813 -0.8325195 0.2973633 0.4663086 -0.8374023 0.3044434 0.4528809 -0.7587891 0.3330078 0.559082 -0.8408203 0.3125 0.4416504 -0.8408203 0.310791 0.442627</float_array>
                    <technique_common>
                        <accessor count="15" offset="0" source="pm0550_11_00_eye_mesh_shape_lod2_r_eye-geometry-NORMAL-array" stride="3">
                            <param name="X" type="float" />
                            <param name="Y" type="float" />
                            <param name="Z" type="float" />
                        </accessor>
                    </technique_common>
                </source>
                <source id="pm0550_11_00_eye_mesh_shape_lod2_r_eye-geometry-TEXCOORD">
                    <float_array id="pm0550_11_00_eye_mesh_shape_lod2_r_eye-geometry-TEXCOORD-array" count="30">0.3109988 0.8741973 0.2580447 0.7367439 0.4025535 0.8198814 0.5104571 0.1555158 0.2422611 0.5769485 0.2578809 0.4151434 0.309045 0.2797952 0.4005078 0.1883216 0.5116491 0.7422746 0.6174239 0.6587607 0.7018589 0.5819242 0.7507687 0.4198686 0.7570041 0.5177588 0.7083561 0.2813489 0.6209365 0.1892383</float_array>
                    <technique_common>
                        <accessor count="15" offset="0" source="pm0550_11_00_eye_mesh_shape_lod2_r_eye-geometry-TEXCOORD-array" stride="2">
                            <param name="S" type="float" />
                            <param name="T" type="float" />
                        </accessor>
                    </technique_common>
                </source>
                <vertices id="pm0550_11_00_eye_mesh_shape_lod2_r_eye-vertices">
                    <input semantic="POSITION" source="#pm0550_11_00_eye_mesh_shape_lod2_r_eye-geometry-POSITION" />
                </vertices>
                <triangles count="13" material="r_eye">
                    <input semantic="VERTEX" source="#pm0550_11_00_eye_mesh_shape_lod2_r_eye-vertices" offset="0" set="0" />
                    <input semantic="NORMAL" source="#pm0550_11_00_eye_mesh_shape_lod2_r_eye-geometry-NORMAL" offset="1" set="0" />
                    <input semantic="TEXCOORD" source="#pm0550_11_00_eye_mesh_shape_lod2_r_eye-geometry-TEXCOORD" offset="2" set="0" />
                    <p>0 0 0 1 1 1 2 2 2 3 2 2 1 1 1 4 3 3 4 3 3 1 1 1 5 4 4 4 3 3 5 4 4 6 5 5 7 6 6 4 3 3 6 5 5 8 7 7 4 3 3 7 6 6 9 8 8 10 2 2 4 3 3 11 8 8 4 3 3 12 9 9 12 9 9 4 3 3 13 10 10 14 11 11 15 12 12 13 10 10 13 10 10 4 3 3 14 11 11 14 11 11 4 3 3 16 13 13 16 13 13 4 3 3 17 14 14</p>
                </triangles>
            </mesh>
        </geometry>
        <geometry id="pm0550_11_00_body_mesh_shape_lod2_body_00-geometry" name="pm0550_11_00_body_mesh_shape_lod2_body_00">
            <mesh>
                <source id="pm0550_11_00_body_mesh_shape_lod2_body_00-geometry-POSITION">
                    <float_array id="pm0550_11_00_body_mesh_shape_lod2_body_00-geometry-POSITION-array" count="1668">-0.1473411 0.2993093 0.1535394 -0.1492492 0.3452712 0.1214583 -0.1360651 0.3422948 0.1876992 0.07579246 0.4985701 0.2172203 0.06835449 0.4684788 0.2584654 0.072234 0.4842069 0.2382947 -0.06835449 0.4684788 0.2584654 -0.07579246 0.4985701 0.2172203 -0.072234 0.4842069 0.2382947 0.1360651 0.3422948 0.1876992 0.1492492 0.3452712 0.1214583 0.1473412 0.2993093 0.1535394 -0.05101494 0.408165 0.2914526 -0.06776466 0.3629847 0.2898624 -0.07189231 0.3622968 0.2935312 -0.04392704 0.3720612 0.3164965 -0.03979938 0.3680444 0.3128277 -0.05101494 0.408165 0.2914526 -0.08638958 0.3947089 0.2528348 -0.09533226 0.347876 0.2529404 -0.0990776 0.3518519 0.2551145 -0.08018383 0.3602344 0.284463 -0.07521892 0.3562583 0.2823059 -0.08638958 0.3947089 0.2528348 -0.1016085 0.3829975 0.2198704 -0.1120158 0.3345909 0.2129195 -0.1174977 0.3381431 0.2141623 -0.1037746 0.3480357 0.2464166 -0.09829273 0.3444834 0.2451738 -0.1016085 0.3829975 0.2198704 -0.04908905 0.3363551 0.3139794 -0.03270344 0.3878452 0.320078 -0.03765091 0.3878385 0.3258783 -0.06843925 0.3775659 0.2996046 -0.06349175 0.3775727 0.2938043 -0.04908905 0.3363551 0.3139794 -0.06829047 0.3776101 0.2891845 -0.07434311 0.3776033 0.2938038 -0.0801519 0.3327181 0.27645 0.05101496 0.408165 0.2914526 0.07189231 0.3622968 0.2935312 0.06776464 0.3629847 0.2898624 0.05101496 0.408165 0.2914526 0.03979938 0.3680444 0.3128277 0.04392704 0.3720612 0.3164965 0.08638958 0.3947089 0.2528348 0.0990776 0.3518519 0.2551145 0.09533226 0.347876 0.2529404 0.08638958 0.3947089 0.2528348 0.07521892 0.3562583 0.2823059 0.08018383 0.3602344 0.284463 0.1016085 0.3829975 0.2198704 0.1174977 0.3381431 0.2141623 0.1120158 0.3345909 0.2129195 0.1016085 0.3829975 0.2198704 0.09829273 0.3444834 0.2451738 0.1037746 0.3480357 0.2464166 0.04908905 0.3363551 0.3139794 0.03765091 0.3878385 0.3258783 0.03270344 0.3878452 0.320078 0.04908905 0.3363551 0.3139794 0.06349176 0.3775727 0.2938043 0.06843925 0.3775659 0.2996046 -0.0801519 0.3327181 0.27645 -0.09887165 0.3674186 0.2616493 -0.09281902 0.3674255 0.25703 0.0801519 0.3327181 0.27645 0.07434311 0.3776033 0.2938038 0.0682905 0.3776101 0.2891845 0.0801519 0.3327181 0.27645 0.09281902 0.3674255 0.25703 0.09887165 0.3674186 0.2616493 0.1056335 0.3242618 0.2363744 0.1037441 0.3642382 0.2531247 0.09691896 0.3642447 0.2503808 -0.09691894 0.3642447 0.2503808 -0.1037441 0.3642382 0.2531247 -0.1056335 0.3242618 0.2363744 0.1056335 0.3242618 0.2363744 0.1114413 0.3562693 0.2167018 0.1182664 0.3562627 0.2194456 -0.1056335 0.3242618 0.2363744 -0.1182664 0.3562627 0.2194456 -0.1114413 0.3562693 0.2167018 -0.05997345 0.3668351 0.3068482 -0.04392704 0.3720612 0.3164965 -0.05101494 0.408165 0.2914526 -0.07189231 0.3622968 0.2935312 -0.05171822 0.3564672 0.2995107 -0.06776466 0.3629847 0.2898624 -0.05101494 0.408165 0.2914526 -0.03979938 0.3680444 0.3128277 -0.09272297 0.3580313 0.2708587 -0.08018383 0.3602344 0.284463 -0.08638958 0.3947089 0.2528348 -0.0990776 0.3518519 0.2551145 -0.08279316 0.3500791 0.2665446 -0.09533226 0.347876 0.2529404 -0.08638958 0.3947089 0.2528348 -0.07521892 0.3562583 0.2823059 -0.1016085 0.3829975 0.2198704 -0.1133771 0.3448655 0.2309109 -0.1037746 0.3480357 0.2464166 -0.1174977 0.3381431 0.2141623 -0.1024133 0.337761 0.2284252 -0.1120158 0.3345909 0.2129195 -0.1016085 0.3829975 0.2198704 -0.09829273 0.3444834 0.2451738 -0.04908905 0.3363551 0.3139794 -0.0555188 0.3826988 0.3156416 -0.06843925 0.3775659 0.2996046 -0.03765091 0.3878385 0.3258783 -0.04562385 0.3827124 0.304041 -0.03270344 0.3878452 0.320078 -0.04908905 0.3363551 0.3139794 -0.06349175 0.3775727 0.2938043 -0.0890831 0.3725075 0.2794564 -0.09887165 0.3674186 0.2616493 -0.0801519 0.3327181 0.27645 -0.07434311 0.3776033 0.2938038 0.05101496 0.408165 0.2914526 0.04392704 0.3720612 0.3164965 0.05997347 0.3668351 0.3068482 0.07189231 0.3622968 0.2935312 -0.07752845 0.3725212 0.2707976 -0.06829047 0.3776101 0.2891845 -0.0801519 0.3327181 0.27645 -0.09281902 0.3674255 0.25703 0.05101496 0.408165 0.2914526 0.06776464 0.3629847 0.2898624 0.05171822 0.3564672 0.2995107 0.03979938 0.3680444 0.3128277 0.08638958 0.3947089 0.2528348 0.08018383 0.3602344 0.284463 0.09272297 0.3580313 0.2708587 0.0990776 0.3518519 0.2551145 0.08638958 0.3947089 0.2528348 0.09533226 0.347876 0.2529404 0.08279316 0.3500791 0.2665446 0.07521892 0.3562583 0.2823059 0.1016085 0.3829975 0.2198704 0.1037746 0.3480357 0.2464166 0.1133771 0.3448655 0.2309109 0.1174977 0.3381431 0.2141623 0.1016085 0.3829975 0.2198704 0.1120158 0.3345909 0.2129195 0.1024133 0.337761 0.2284252 0.09829273 0.3444834 0.2451738 0.04908905 0.3363551 0.3139794 0.06843925 0.3775659 0.2996046 0.0555188 0.3826988 0.3156416 0.03765091 0.3878385 0.3258783 0.04908905 0.3363551 0.3139794 0.03270344 0.3878452 0.320078 0.04562385 0.3827124 0.304041 0.06349176 0.3775727 0.2938043 0.0801519 0.3327181 0.27645 0.09887165 0.3674186 0.2616493 0.0890831 0.3725075 0.2794564 0.07434311 0.3776033 0.2938038 0.0801519 0.3327181 0.27645 0.0682905 0.3776101 0.2891845 0.07752845 0.3725212 0.2707976 0.09281902 0.3674255 0.25703 0.1056335 0.3242618 0.2363744 0.1182664 0.3562627 0.2194456 0.1128574 0.3614039 0.238181 0.1037441 0.3642382 0.2531247 -0.1128574 0.3614039 0.238181 -0.1182664 0.3562627 0.2194456 -0.1056335 0.3242618 0.2363744 -0.1037441 0.3642382 0.2531247 0.1056335 0.3242618 0.2363744 0.09691896 0.3642447 0.2503808 0.1007675 0.361417 0.233404 0.1114413 0.3562693 0.2167018 -0.1007675 0.361417 0.233404 -0.09691894 0.3642447 0.2503808 -0.1056335 0.3242618 0.2363744 -0.1114413 0.3562693 0.2167018 -0.08601978 0.3180116 0.0736931 -0.1492492 0.3452712 0.1214583 -0.111284 0.3268323 0.1430851 -0.144054 0.3378271 0.1420997 -0.09162232 0.3419625 0.2384534 -0.1269572 0.3555157 0.2368449 -0.05342251 0.3603667 0.2902778 -0.08502471 0.3840332 0.327777 0 0.4070218 0.3643776 0.05342251 0.3603667 0.2902778 0.08502471 0.3840332 0.327777 0.1269572 0.3555157 0.2368449 0.09162233 0.3419625 0.2384534 0.144054 0.3378271 0.1420997 0.111284 0.3268323 0.1430851 0.1492492 0.3452712 0.1214583 0.08601978 0.3180116 0.0736931 6.406937E-31 0.4150764 -0.5966054 -0.01695881 0.40304 -0.5527197 6.145993E-31 0.4939107 -0.5723066 -0.02296299 0.3760206 -0.4520444 4.850366E-31 0.4473255 -0.4516596 -0.02799755 0.353019 -0.3657587 3.792057E-31 0.4016674 -0.3652912 -0.06346916 0.3870398 -0.2803775 1.122538E-31 0.4513229 -0.2812974 -0.0922192 0.4883926 -0.14127 3.814697E-08 0.5722515 -0.1426397 -0.03402523 0.6001753 -0.06149536 -0.1037438 0.5410244 -0.001102474 -1.907349E-07 0.6274296 -0.000417399 -0.09621109 0.5383106 0.1276905 -1.525879E-07 0.5986454 0.183056 -0.09189041 0.5311388 0.1593445 -0.08574455 0.5174074 0.1998274 -0.04067501 0.4932946 0.2879505 2.058434E-32 0.5419068 0.259322 -0.06835449 0.4684788 0.2584654 2.058434E-32 0.4331185 0.3387952 -0.06650147 0.4572867 0.2797868 2.058434E-32 0.3833727 0.3500949 -0.06082279 0.3770609 0.326093 6.145993E-31 0.4939107 -0.5723066 0.01695881 0.40304 -0.5527197 6.406937E-31 0.4150764 -0.5966054 0.02296299 0.3760206 -0.4520444 4.850366E-31 0.4473255 -0.4516596 0.02799755 0.353019 -0.3657587 3.792057E-31 0.4016674 -0.3652912 0.06346918 0.3870398 -0.2803775 1.122538E-31 0.4513229 -0.2812974 0.0922192 0.4883926 -0.14127 3.814697E-08 0.5722515 -0.1426397 0.03402523 0.6001753 -0.06149536 0.1037438 0.5410244 -0.001102474 -1.907349E-07 0.6274296 -0.000417399 0.09621109 0.5383106 0.1276905 -1.525879E-07 0.5986454 0.183056 0.09189041 0.5311388 0.1593445 0.08574453 0.5174074 0.1998274 0.04067501 0.4932946 0.2879505 2.058434E-32 0.5419068 0.259322 0.06835449 0.4684788 0.2584654 2.058434E-32 0.4331185 0.3387952 0.06650145 0.4572867 0.2797868 2.058434E-32 0.3833727 0.3500949 0.06082277 0.3770609 0.326093 4.844289E-31 0.2368032 -0.4510938 3.927886E-31 0.2800846 -0.3657595 -0.02799755 0.353019 -0.3657587 -0.02296299 0.3760206 -0.4520444 -0.01695881 0.40304 -0.5527197 6.039457E-31 0.1936895 -0.5623862 6.374024E-31 0.2953939 -0.5935406 6.406937E-31 0.4150764 -0.5966054 0.01695881 0.40304 -0.5527197 6.374024E-31 0.2953939 -0.5935406 6.406937E-31 0.4150764 -0.5966054 6.039457E-31 0.1936895 -0.5623862 4.844289E-31 0.2368032 -0.4510938 0.02296299 0.3760206 -0.4520444 0.02799755 0.353019 -0.3657587 3.927886E-31 0.2800846 -0.3657595 -0.1505265 0.3535063 0.0793387 -0.1517863 0.3848937 0.07557717 -0.1497341 0.3776809 0.09251714 -0.1957062 0.3357818 0.06802221 -0.2757049 0.2960033 0.08730648 -0.36924 0.2578046 0.07765766 -0.4337908 0.2501688 0.07836066 -0.2828614 0.4294859 0.07242288 -0.3683797 0.3118627 0.0782619 -0.3746381 0.4031553 0.07862051 -0.4456523 0.4638047 0.07949714 -0.4069982 0.3230424 0.07422259 -0.4726582 0.3312445 0.08412724 -0.5423194 0.3444233 0.07842736 0.1497341 0.3776809 0.09251714 0.1517864 0.3848937 0.07557717 0.1505265 0.3535063 0.0793387 0.1957062 0.3357818 0.06802221 0.2757049 0.2960033 0.08730648 0.36924 0.2578046 0.07765766 0.4337908 0.2501688 0.07836066 0.2828615 0.4294859 0.07242288 0.3683797 0.3118627 0.0782619 0.374638 0.4031553 0.07862051 0.4456523 0.4638047 0.07949714 0.4069982 0.3230424 0.07422259 0.4726582 0.3312445 0.08412724 0.5423193 0.3444233 0.07842736 -0.3746381 0.4031553 0.07862051 -0.5423194 0.3444233 0.07842736 -0.4726582 0.3312445 0.08412724 -0.296336 0.3615907 0.08951422 -0.3683797 0.3118627 0.0782619 -0.4456523 0.4638047 0.07949714 -0.2757049 0.2960033 0.08730648 -0.4337908 0.2501688 0.07836066 -0.36924 0.2578046 0.07765766 -0.1497341 0.3776809 0.09251714 -0.1505265 0.3535063 0.0793387 -0.2828614 0.4294859 0.07242288 -0.1517863 0.3848937 0.07557717 0.374638 0.4031553 0.07862051 0.4726582 0.3312445 0.08412724 0.5423193 0.3444233 0.07842736 0.296336 0.3615907 0.08951422 0.3683797 0.3118627 0.0782619 0.4456523 0.4638047 0.07949714 0.2757049 0.2960033 0.08730648 0.4337908 0.2501688 0.07836066 0.36924 0.2578046 0.07765766 0.1497341 0.3776809 0.09251714 0.1505265 0.3535063 0.0793387 0.2828615 0.4294859 0.07242288 0.1517864 0.3848937 0.07557717 -3.659446E-31 0.5258791 -0.1751628 -2.054059E-31 0.5618057 -0.2155313 -0.01924465 0.4860256 -0.2201724 -0.01113865 0.5354107 -0.2691078 1.636581E-31 0.5947001 -0.2985968 -3.010042E-32 0.5446913 -0.2822295 -0.01785614 0.4318474 -0.2749025 3.814697E-08 0.5633285 -0.4124206 -0.01307445 0.4606632 -0.3197687 2.760203E-31 0.3934209 -0.3084494 2.866015E-31 0.4675431 -0.3423925 3.814697E-08 0.4627135 -0.4079854 -3.046584E-31 0.5670848 -0.1312227 4.33493E-32 0.6463496 -0.1618761 0.01513943 0.5872445 -0.08135214 0.01189053 0.628944 -0.09729917 -2.532166E-31 0.6367966 -0.1015527 0.01978447 0.6066521 -0.01224496 3.814697E-08 0.7416587 -0.08742522 0.0152977 0.645475 -0.01375946 1.810502E-31 0.6571528 -0.01641225 0.01583859 0.6161724 0.07479319 1.521892E-30 0.7555978 0.02873139 0.0120615 0.641342 0.07734462 2.058434E-32 0.6131285 0.1154732 8.344422E-32 0.6511142 0.0780199 1.050911E-31 0.6876314 0.1189469 -0.01513943 0.5872445 -0.08135214 4.33493E-32 0.6463496 -0.1618761 -3.046584E-31 0.5670848 -0.1312227 -0.01189053 0.628944 -0.09729917 -2.532166E-31 0.6367966 -0.1015527 -0.01978443 0.6066521 -0.01224496 3.814697E-08 0.7416587 -0.08742522 -0.0152977 0.645475 -0.01375946 1.810502E-31 0.6571528 -0.01641225 -0.01583859 0.6161724 0.07479319 1.521892E-30 0.7555978 0.02873139 -0.0120615 0.641342 0.07734462 2.058434E-32 0.6131285 0.1154732 8.344422E-32 0.6511142 0.0780199 1.050911E-31 0.6876314 0.1189469 -3.659446E-31 0.5258791 -0.1751628 0.01924465 0.4860256 -0.2201724 -2.054059E-31 0.5618057 -0.2155313 0.01113869 0.5354107 -0.2691078 1.636581E-31 0.5947001 -0.2985968 -3.010042E-32 0.5446913 -0.2822295 0.01785614 0.4318474 -0.2749025 3.814697E-08 0.5633285 -0.4124206 0.01307445 0.4606632 -0.3197687 2.760203E-31 0.3934209 -0.3084494 2.866015E-31 0.4675431 -0.3423925 3.814697E-08 0.4627135 -0.4079854 -1.106262E-06 0.2883247 0.4049182 0.08563459 0.2786794 0.3737615 0 0.4070218 0.3643776 0.08502471 0.3840332 0.327777 0.1269572 0.3555157 0.2368449 0.1370361 0.2457643 0.2185482 0.1111238 0.2099388 0.2257848 0.1191243 0.1870161 0.110024 0.1482017 0.224297 0.1079761 0.1545855 0.2650036 0.1347595 0.144054 0.3378271 0.1420997 0.1492492 0.3452712 0.1214583 0 0.4070218 0.3643776 -0.08563461 0.2786794 0.3737615 -1.106262E-06 0.2883247 0.4049182 -0.08502471 0.3840332 0.327777 -0.1269572 0.3555157 0.2368449 -0.1370361 0.2457643 0.2185482 -0.1111238 0.2099388 0.2257848 -0.1191244 0.1870161 0.110024 -0.1482017 0.224297 0.1079761 -0.1545855 0.2650036 0.1347595 -0.144054 0.3378271 0.1420997 -0.1492492 0.3452712 0.1214583 -0.1492492 0.3452712 0.1214583 -0.1473411 0.2993093 0.1535394 -0.1600486 0.3597361 0.1167783 -0.1360651 0.3422948 0.1876992 -0.09621109 0.5383106 0.1276905 -0.09189041 0.5311388 0.1593445 -0.1214371 0.3989777 0.2127876 -0.1047876 0.3627882 0.2666442 -0.1160828 0.4584566 0.1742046 -0.09626129 0.4882824 0.1917116 -0.08574455 0.5174074 0.1998274 -0.1121418 0.426102 0.2016632 -0.1043658 0.4556995 0.1954578 -0.1149264 0.4009722 0.2131876 -0.09286903 0.4842921 0.1942021 -0.1119773 0.3836223 0.2307427 -0.08601265 0.4965881 0.195953 -0.07871231 0.5083414 0.1995161 -0.07579246 0.4985701 0.2172203 -0.06835449 0.4684788 0.2584654 -0.1051805 0.3770759 0.2505449 -0.09370548 0.3824372 0.2685531 -0.06479042 0.4535862 0.2741282 -0.06650147 0.4572867 0.2797868 -0.06281365 0.4411627 0.2842233 -0.07790291 0.3862676 0.299477 -0.06082279 0.3770609 0.326093 -0.0809766 0.3986511 0.2813979 -0.07143798 0.4236898 0.2911588 -0.06956162 0.4236373 0.2855259 0.1600486 0.3597361 0.1167783 0.1473412 0.2993093 0.1535394 0.1492492 0.3452712 0.1214583 0.1360651 0.3422948 0.1876992 0.09189041 0.5311388 0.1593445 0.09621109 0.5383106 0.1276905 0.1214371 0.3989777 0.2127876 0.1047876 0.3627882 0.2666442 0.1160828 0.4584566 0.1742046 0.09626129 0.4882824 0.1917116 0.08574453 0.5174074 0.1998274 0.1121418 0.426102 0.2016632 0.1043658 0.4556995 0.1954578 0.1149264 0.4009722 0.2131876 0.09286905 0.4842921 0.1942021 0.1119773 0.3836223 0.2307427 0.08601265 0.4965881 0.195953 0.07871233 0.5083414 0.1995161 0.07579246 0.4985701 0.2172203 0.06835449 0.4684788 0.2584654 0.1051805 0.3770759 0.2505449 0.09370548 0.3824372 0.2685531 0.06650145 0.4572867 0.2797868 0.06479042 0.4535862 0.2741282 0.06281362 0.4411627 0.2842233 0.07790291 0.3862676 0.299477 0.06082277 0.3770609 0.326093 0.0809766 0.3986511 0.2813979 0.07143798 0.4236898 0.2911588 0.06956162 0.4236373 0.2855259 -0.01718048 0.2170069 -0.1890967 1.15667E-32 0.1551721 -0.1776751 -2.41161E-31 0.1972078 -0.1288666 -0.01238136 0.1746699 -0.2309378 3.814697E-08 0.1057998 -0.2471484 9.704349E-32 0.1604794 -0.2418581 3.814697E-08 0.09198431 -0.3691922 -0.01189751 0.2140781 -0.3040416 2.984866E-31 0.2801339 -0.3238368 4.038824E-31 0.2026021 -0.3197183 3.814697E-08 0.1997797 -0.3789047 1.15667E-32 0.1551721 -0.1776751 0.01718048 0.2170069 -0.1890967 -2.41161E-31 0.1972078 -0.1288666 0.01238136 0.1746699 -0.2309378 3.814697E-08 0.1057998 -0.2471484 9.704349E-32 0.1604794 -0.2418581 3.814697E-08 0.09198431 -0.3691922 0.01189754 0.2140781 -0.3040416 2.984866E-31 0.2801339 -0.3238368 4.038824E-31 0.2026021 -0.3197183 3.814697E-08 0.1997797 -0.3789047 -0.06082279 0.3770609 0.326093 -0.1047876 0.3627882 0.2666442 2.058434E-32 0.3833727 0.3500949 0.1047876 0.3627882 0.2666442 0.06082277 0.3770609 0.326093 0.07533577 0.3525056 0.2058182 -0.1360651 0.3422948 0.1876992 0.1360651 0.3422948 0.1876992 -0.1492492 0.3452712 0.1214583 0.1492492 0.3452712 0.1214583 -0.08601978 0.3180116 0.0736931 0.08601978 0.3180116 0.0736931 2.058434E-32 0.3124561 0.04880627 0.09162233 0.3419625 0.2384534 0.111284 0.3268323 0.1430851 0.05342251 0.3603667 0.2902778 0 0.3619628 0.2035107 -0.05342251 0.3603667 0.2902778 -0.111284 0.3268323 0.1430851 -0.09162232 0.3419625 0.2384534 1.873175E-32 0.3313615 0.09487769 0.08601978 0.3180116 0.0736931 -0.08601978 0.3180116 0.0736931 2.058434E-32 0.3124561 0.04880627 -0.09621109 0.5383106 0.1276905 -0.1037438 0.5410244 -0.001102474 -0.1600486 0.3597361 0.1167783 -0.1425771 0.4054415 -0.06113383 -0.0922192 0.4883926 -0.14127 -0.1507528 0.2868126 -0.06114213 -0.1297648 0.2971945 -0.1411721 -0.06346916 0.3870398 -0.2803775 -0.1614875 0.2982499 0.09146371 -0.1492492 0.3452712 0.1214583 -0.1482017 0.224297 0.1079761 -0.1447267 0.2269824 -0.00152305 -0.1191244 0.1870161 0.110024 -0.07287522 0.3316373 -0.2800991 -0.02799755 0.353019 -0.3657587 3.927886E-31 0.2800846 -0.3657595 -0.04459198 0.2634333 -0.2805828 1.474259E-31 0.2445137 -0.2792985 -0.08675399 0.2163506 -0.1404603 3.814697E-08 0.1883331 -0.1404559 -0.05827011 0.1670474 -0.001491171 3.839436E-33 0.1673339 -0.0007551459 0.0001582336 0.1549284 0.1096229 0.1600486 0.3597361 0.1167783 0.1037438 0.5410244 -0.001102474 0.09621109 0.5383106 0.1276905 0.1425771 0.4054415 -0.06113383 0.0922192 0.4883926 -0.14127 0.1507528 0.2868126 -0.06114213 0.1297648 0.2971945 -0.1411721 0.06346918 0.3870398 -0.2803775 0.1614875 0.2982499 0.09146371 0.1492492 0.3452712 0.1214583 0.1482017 0.224297 0.1079761 0.1447267 0.2269824 -0.00152305 0.1191243 0.1870161 0.110024 0.07287523 0.3316373 -0.2800991 0.02799755 0.353019 -0.3657587 3.927886E-31 0.2800846 -0.3657595 0.04459198 0.2634333 -0.2805828 1.474259E-31 0.2445137 -0.2792985 0.08675398 0.2163506 -0.1404603 3.814697E-08 0.1883331 -0.1404559 0.05827011 0.1670474 -0.001491171 3.839436E-33 0.1673339 -0.0007551459 0.0001582336 0.1549284 0.1096229 0.0001678848 0.1994701 0.2940504 -0.1111238 0.2099388 0.2257848 -0.1191244 0.1870161 0.110024 0.0001582336 0.1549284 0.1096229 -0.08563461 0.2786794 0.3737615 0.1191243 0.1870161 0.110024 -1.106262E-06 0.2883247 0.4049182 0.1111238 0.2099388 0.2257848 0.08563459 0.2786794 0.3737615</float_array>
                    <technique_common>
                        <accessor count="556" offset="0" source="pm0550_11_00_body_mesh_shape_lod2_body_00-geometry-POSITION-array" stride="3">
                            <param name="X" type="float" />
                            <param name="Y" type="float" />
                            <param name="Z" type="float" />
                        </accessor>
                    </technique_common>
                </source>
                <source id="pm0550_11_00_body_mesh_shape_lod2_body_00-geometry-NORMAL">
                    <float_array id="pm0550_11_00_body_mesh_shape_lod2_body_00-geometry-NORMAL-array" count="939">-0.7075195 -0.3859863 0.5913086 -0.09240723 -0.9658203 0.2412109 -0.2449951 -0.9526367 0.1798096 0.628418 -0.6801758 -0.3769531 0.8164063 0.3359375 0.4689941 -0.972168 0.2325439 -0.005722046 -0.8164063 0.3359375 0.4689941 -0.628418 -0.6801758 -0.3769531 0.972168 0.2325439 -0.005722046 0.6767578 -0.6621094 0.3208008 0.2768555 -0.9072266 0.315918 0.7075195 -0.3859863 0.5913086 0.3071289 0.7578125 -0.5751953 0.2253418 -0.04928589 -0.9726563 -0.862793 0.40625 0.2995605 -0.1768799 0.5371094 0.8242188 0.8759766 -0.01197815 -0.4819336 0.3046875 0.809082 -0.5014648 0.6069336 -0.1176758 -0.7856445 -0.9443359 0.2697754 -0.1861572 -0.1889648 0.6450195 0.7402344 0.9677734 0.1084595 -0.2253418 0.3222656 0.8803711 -0.347168 0.6826172 -0.04211426 -0.7290039 -0.8061523 0.3464355 -0.4787598 -0.4592285 0.5546875 0.6933594 0.996582 0.07775879 -0.01225281 0.1173706 -0.9848633 0.1240845 0.9433594 -0.2790527 -0.1773682 -0.01476288 -0.2219238 0.9746094 -0.890625 -0.298584 0.3422852 0.230957 -0.3613281 -0.9033203 0.9599609 -0.2717285 0.06439209 -0.2246094 -0.3259277 0.9179688 0.1325684 -0.984375 0.1152954 -0.3071289 0.7578125 -0.5751953 0.862793 0.40625 0.2995605 -0.2253418 -0.04928589 -0.9726563 -0.8759766 -0.01197815 -0.4819336 0.1768799 0.5371094 0.8242188 -0.3046875 0.809082 -0.5014648 0.9443359 0.2697754 -0.1861572 -0.6069336 -0.1176758 -0.7856445 -0.9677734 0.1084595 -0.2253418 0.1889648 0.6450195 0.7402344 -0.3222656 0.8803711 -0.347168 0.8061523 0.3464355 -0.4787598 -0.6826172 -0.04211426 -0.7290039 -0.996582 0.07775879 -0.01225281 0.4592285 0.5546875 0.6933594 -0.1173706 -0.9848633 0.1240845 0.01476288 -0.2219238 0.9746094 -0.9433594 -0.2790527 -0.1773682 -0.230957 -0.3613281 -0.9033203 0.890625 -0.298584 0.3422852 -0.8950195 -0.3972168 0.2006836 0.3820801 -0.3408203 -0.8583984 -0.1325684 -0.984375 0.1152954 0.2246094 -0.3259277 0.9179688 -0.9599609 -0.2717285 0.06439209 -0.3820801 -0.3408203 -0.8583984 0.8950195 -0.3972168 0.2006836 -0.06842041 -0.9936523 0.08630371 0.4467773 -0.3276367 0.8320313 -0.9047852 -0.3022461 0.2998047 0.9047852 -0.3022461 0.2998047 -0.4467773 -0.3276367 0.8320313 0.06842041 -0.9936523 0.08630371 -0.6069336 -0.3330078 -0.7211914 0.9287109 -0.3703613 -0.006965637 -0.9287109 -0.3703613 -0.006965637 0.6069336 -0.3330078 -0.7211914 -0.6733398 0.3815918 0.6328125 0.6381836 -0.1269531 -0.7587891 -0.8237305 0.3579102 0.4387207 0.8369141 -0.09771729 -0.5375977 -0.8989258 0.3525391 0.2592773 0.9213867 -0.08789063 -0.3781738 -0.6074219 -0.1124878 0.7861328 0.6875 -0.2009277 -0.6972656 -0.7324219 -0.2132568 0.6459961 0.6733398 0.3815918 0.6328125 0.8193359 -0.1330566 -0.5571289 -0.6381836 -0.1269531 -0.7587891 0.8237305 0.3579102 0.4387207 -0.8369141 -0.09771729 -0.5375977 0.8989258 0.3525391 0.2592773 -0.9213867 -0.08789063 -0.3781738 0.6074219 -0.1124878 0.7861328 -0.6875 -0.2009277 -0.6972656 0.7324219 -0.2132568 0.6459961 -0.8193359 -0.1330566 -0.5571289 0.8774414 -0.1920166 0.4389648 -0.8774414 -0.1920166 0.4389648 -0.9272461 -0.1488037 -0.3425293 0.9272461 -0.1488037 -0.3425293 -0.1201172 -0.90625 0.4047852 -0.01733398 0.9853516 -0.1690674 -0.8569336 0.4970703 0.1330566 0.04016113 0.9643555 -0.2607422 -0.9199219 0.3203125 0.2252197 -0.02880859 0.9555664 -0.291748 -0.690918 0.5693359 0.4443359 0 0.7836914 0.6206055 0.02880859 0.9555664 -0.291748 0.690918 0.5693359 0.4443359 0.9199219 0.3203125 0.2252197 -0.04016113 0.9643555 -0.2607422 0.8569336 0.4970703 0.1330566 0.01733398 0.9853516 -0.1690674 0.1384277 -0.9326172 0.3330078 0 0.1201172 -0.9926758 -0.9946289 0.009590149 -0.1022949 0 0.9907227 -0.1339111 -0.9985352 -0.002872467 -0.04931641 0 0.9443359 0.3288574 -0.9702148 -0.01405334 -0.2406006 0 0.9638672 -0.265625 -0.8398438 0.3459473 -0.4174805 0 0.7670898 -0.640625 -0.8100586 0.4294434 -0.3981934 0 0.7875977 -0.6157227 -0.5820313 0.7617188 -0.2836914 -0.862793 0.5019531 -0.05175781 0 0.9980469 0.06051636 -0.8046875 0.5834961 0.1066895 0 0.9580078 0.2861328 -0.7963867 0.5463867 0.2578125 -0.628418 0.6411133 0.439209 -0.4528809 0.5742188 0.6816406 0 0.7514648 0.659668 0 0.3527832 0.9355469 -0.7255859 0.347168 0.5932617 0.009933472 -0.7260742 0.6870117 -0.4213867 -0.1291504 0.8974609 0.9946289 0.009590149 -0.1022949 0.9985352 -0.002872467 -0.04931641 0.9702148 -0.01405334 -0.2406006 0.8398438 0.3459473 -0.4174805 0.8100586 0.4294434 -0.3981934 0.5820313 0.7617188 -0.2836914 0.862793 0.5019531 -0.05175781 0.8046875 0.5834961 0.1066895 0.7963867 0.5463867 0.2578125 0.628418 0.6411133 0.439209 0.4528809 0.5742188 0.6816406 0.7255859 0.347168 0.5932617 0.4213867 -0.1291504 0.8974609 0 -0.9995117 0.00982666 0 -0.9282227 -0.3718262 0 -0.9946289 0.09985352 0 -0.251709 -0.9677734 0.5366211 -0.6787109 0.500061 0.251709 0.4462891 -0.8583984 0.1519775 0.1066284 0.9824219 0.07824707 -0.1345215 -0.987793 0.1009521 -0.3747559 0.9213867 0.0748291 -0.5551758 -0.828125 -0.4106445 0.2607422 -0.8735352 0.07879639 0.5517578 -0.8300781 -0.2431641 -0.06646729 -0.9672852 -0.2124023 0.02407837 -0.9765625 -0.1245117 0.2041016 0.9707031 -0.01190186 -0.02235413 -0.9995117 -0.07458496 -0.04165649 0.9960938 -0.1258545 0.2912598 -0.9482422 -0.1519775 0.1066284 0.9824219 -0.251709 0.4462891 -0.8583984 -0.5366211 -0.6787109 0.500061 -0.07824707 -0.1345215 -0.987793 -0.1009521 -0.3747559 0.9213867 -0.0748291 -0.5551758 -0.828125 0.4106445 0.2607422 -0.8735352 -0.07879639 0.5517578 -0.8300781 0.2431641 -0.06646729 -0.9672852 0.2124023 0.02407837 -0.9765625 0.1245117 0.2041016 0.9707031 0.01190186 -0.02235413 -0.9995117 0.07458496 -0.04165649 0.9960938 0.1258545 0.2912598 -0.9482422 -0.03543091 0.02233887 0.9990234 0.03543091 0.02233887 0.9990234 0 0.746582 0.6645508 0 0.8881836 0.4589844 -0.9897461 0.1397705 0.0005149841 -0.9882813 0.1480713 -0.02124023 0 0.9741211 0.225708 0 0.96875 -0.2476807 -0.9912109 -0.02130127 -0.1295166 0 0.6391602 -0.7685547 -0.9916992 -0.03713989 -0.119812 0 -0.7685547 -0.6391602 0 0.005931854 -0.9995117 0 -0.7504883 -0.6606445 0 -0.3605957 -0.9326172 0 -0.1381836 -0.9902344 0.9858398 -0.0176239 -0.1643066 0.984375 0.1105347 -0.1352539 0 0.5922852 -0.8051758 0.9941406 0.1040039 -0.02116394 0 0.9174805 -0.3964844 0.9873047 0.1575928 -0.01544952 0 0.9951172 -0.09368896 0.9833984 0.1275635 0.1270752 0 0.9780273 0.2070313 0.9799805 0.1365967 0.1427002 0 0.01789856 0.9995117 0 0.7827148 0.621582 0 0.1453857 0.9892578 -0.9858398 -0.0176239 -0.1643066 -0.984375 0.1105347 -0.1352539 -0.9941406 0.1040039 -0.02116394 -0.9873047 0.1575928 -0.01544952 -0.9833984 0.1275635 0.1270752 -0.9799805 0.1365967 0.1427002 0.9897461 0.1397705 0.000515461 0.9882813 0.1480713 -0.02124023 0.9912109 -0.02130127 -0.1295166 0.9916992 -0.03713989 -0.119812 -7.790327E-05 -0.2416992 0.9702148 0.6303711 -0.3210449 0.7060547 0.9453125 -0.1652832 0.2797852 0.449707 -0.8378906 0.3083496 0.4223633 -0.9003906 0.1043091 0.9125977 -0.4052734 0.05078125 0.9960938 -0.0206604 0.08026123 -0.6303711 -0.3220215 0.7060547 -0.9453125 -0.1652832 0.2797852 -0.4487305 -0.8383789 0.3083496 -0.4216309 -0.9003906 0.1044922 -0.9125977 -0.4052734 0.05078125 -0.9960938 -0.02067566 0.08026123 -0.9780273 0.2042236 0.04122925 -0.9267578 0.1928711 0.3212891 -0.06506348 -0.9609375 0.2683105 -0.925293 0.3144531 0.2114258 -0.8662109 0.3085938 0.392334 -0.6479492 0.4418945 0.6196289 -0.8076172 0.3295898 0.4880371 -0.2144775 0.5366211 0.815918 -0.7275391 0.1882324 0.6591797 0.5292969 0.7700195 0.3552246 -0.3452148 -0.05227661 0.9365234 -0.6118164 -0.4931641 0.6176758 -0.800293 0.4384766 0.4086914 -0.8271484 0.4162598 0.376709 -0.9516602 -0.2895508 -0.09838867 -0.2792969 -0.2822266 -0.9174805 -0.8144531 0.2219238 0.5356445 -0.8935547 0.2922363 0.3395996 -0.7895508 0.3181152 0.5244141 -0.8725586 0.3894043 -0.2941895 0.9780273 0.2042236 0.04122925 0.9267578 0.1928711 0.3212891 0.1591797 -0.9458008 0.2822266 0.925293 0.3144531 0.2114258 0.8662109 0.3085938 0.392334 0.6479492 0.4418945 0.6196289 0.8076172 0.3295898 0.4880371 0.2144775 0.5366211 0.815918 0.7275391 0.1882324 0.6591797 -0.5292969 0.7700195 0.3552246 0.3452148 -0.05227661 0.9365234 0.6118164 -0.4931641 0.6176758 0.800293 0.4384766 0.4086914 0.8271484 0.4162598 0.376709 0.9516602 -0.2895508 -0.09838867 0.2792969 -0.2822266 -0.9174805 0.8144531 0.2219238 0.5356445 0.8935547 0.2922363 0.3395996 0.7890625 0.3181152 0.5244141 0.8725586 0.3894043 -0.2941895 -0.9936523 -0.09179688 0.05911255 0 -0.8125 0.5820313 0 -0.7573242 0.6523438 -0.9887695 -0.1459961 0.01856995 0 -0.8984375 0.4387207 0 -0.9916992 0.1263428 0 -0.8300781 -0.5571289 -0.9951172 0.04034424 -0.0881958 0 0.8115234 -0.5839844 0 -0.08001709 -0.996582 0 0.4440918 -0.8955078 0.9936523 -0.09179688 0.05911255 0.9887695 -0.1459961 0.01856995 0.9951172 0.04034424 -0.0881958 -0.001802444 -0.9760742 0.2172852 0.004074097 -0.9819336 0.1888428 0 0.9868164 -0.1593018 0 0.9604492 -0.2775879 -0.9628906 0.2131348 -0.163208 -0.9868164 -0.0447998 -0.1534424 -0.9296875 -0.09594727 -0.3547363 -0.9975586 -0.05255127 0.04003906 -0.8071289 -0.5688477 -0.1558838 -0.8930664 -0.1269531 -0.4309082 -0.6928711 -0.5678711 -0.4433594 0 -0.9194336 -0.3925781 -0.6064453 -0.7207031 -0.3339844 0 -0.9487305 -0.315918 -0.3452148 -0.9282227 -0.135376 0 -0.9912109 -0.1322021 0 -0.9873047 0.1583252 0.9628906 0.2131348 -0.163208 0.9868164 -0.0447998 -0.1534424 0.9296875 -0.09594727 -0.3547363 0.9975586 -0.05255127 0.04003906 0.8071289 -0.5688477 -0.1558838 0.8930664 -0.1269531 -0.4309082 0.6928711 -0.5678711 -0.4433594 0.6064453 -0.7207031 -0.3339844 0.345459 -0.9282227 -0.1356201 0.0001149178 -0.9130859 0.4067383</float_array>
                    <technique_common>
                        <accessor count="313" offset="0" source="pm0550_11_00_body_mesh_shape_lod2_body_00-geometry-NORMAL-array" stride="3">
                            <param name="X" type="float" />
                            <param name="Y" type="float" />
                            <param name="Z" type="float" />
                        </accessor>
                    </technique_common>
                </source>
                <source id="pm0550_11_00_body_mesh_shape_lod2_body_00-geometry-TEXCOORD">
                    <float_array id="pm0550_11_00_body_mesh_shape_lod2_body_00-geometry-TEXCOORD-array" count="1104">0.4541606 0.7624764 0.4167659 0.7195349 0.4855318 0.7195038 0.7417845 0.2367903 0.7122123 0.2250248 0.7258866 0.2312795 0.2877877 0.2250248 0.2582155 0.2367903 0.2741134 0.2312795 0.5144682 0.7195038 0.5832341 0.7195349 0.5458394 0.7624764 0.4908762 0.2682555 0.4789591 0.237519 0.4818563 0.2348842 0.4826831 0.3004935 0.4778777 0.3004931 0.4911765 0.2703474 0.4642386 0.6523686 0.4494369 0.6223971 0.4535306 0.6228762 0.4538474 0.6849616 0.4491383 0.6849635 0.4642124 0.6544566 0.4917777 0.6543307 0.4786564 0.6225102 0.4833565 0.622512 0.4833324 0.6863261 0.4786316 0.6863246 0.4917768 0.6564271 0.3608873 0.2989365 0.3562577 0.2588038 0.3621053 0.2588041 0.3621029 0.3381426 0.3562553 0.3381428 0.3608872 0.3015432 0.3805923 0.2661952 0.3853949 0.2661952 0.3816921 0.2953614 0.5091238 0.2682555 0.5181437 0.2348842 0.5210409 0.237519 0.5088235 0.2703474 0.5221223 0.3004931 0.5173169 0.3004935 0.5357614 0.6523686 0.5464694 0.6228762 0.5505631 0.6223971 0.5357876 0.6544566 0.5508617 0.6849635 0.5461526 0.6849616 0.5082223 0.6543307 0.5166435 0.622512 0.5213436 0.6225102 0.5082232 0.6564271 0.5213684 0.6863246 0.5166676 0.6863261 0.6391127 0.2989365 0.6378947 0.2588041 0.6437423 0.2588038 0.6391128 0.3015432 0.6437447 0.3381428 0.6378971 0.3381426 0.3816921 0.2975023 0.3853965 0.323806 0.380594 0.3238063 0.6183079 0.2953614 0.6146051 0.2661952 0.6194077 0.2661952 0.6183079 0.2975023 0.619406 0.3238063 0.6146035 0.323806 0.6650312 0.2921984 0.6613884 0.2584412 0.6674054 0.2584418 0.3325946 0.2584418 0.3386116 0.2584412 0.3349688 0.2921984 0.6650308 0.2948807 0.6666417 0.325935 0.6606247 0.3259338 0.3349692 0.2948807 0.3393753 0.3259338 0.3333583 0.325935 0.2597739 0.00984478 0.2727687 0.01249266 0.2610875 0.0405196 0.2472227 0.009000063 0.2178074 0.009034872 0.229251 0.01418889 0.2168632 0.04197633 0.2055829 0.0147171 0.1736585 0.009787321 0.1864208 0.009040892 0.1721188 0.03811985 0.1612681 0.009394407 0.1306297 0.008411765 0.1429341 0.009891272 0.1316311 0.03935182 0.118321 0.009230256 0.02651215 0.1862266 0.02347738 0.1578001 0.03625447 0.1574874 0.01071382 0.157123 0.08758658 0.00888133 0.09988934 0.008966208 0.08659834 0.03929687 0.07544172 0.01084411 0.2764113 0.08817554 0.2754029 0.06055802 0.2877963 0.06239498 0.2629467 0.05921304 0.2325897 0.05909753 0.2455934 0.05945063 0.2281128 0.08780992 0.2195924 0.05963641 0.1894863 0.06047618 0.2024379 0.06251949 0.190552 0.08604854 0.1762788 0.05924809 0.7389125 0.04051965 0.7272313 0.01249266 0.7402261 0.00984478 0.7527773 0.009000063 0.2662657 0.1118555 0.279956 0.1103742 0.2651575 0.1379519 0.2526493 0.1139094 0.7831368 0.04197633 0.770749 0.01418895 0.7821926 0.009034872 0.7944171 0.0147171 0.8278812 0.03811985 0.8135792 0.009040892 0.8263415 0.009787321 0.8387319 0.009394407 0.8683689 0.03935176 0.8570659 0.009891272 0.8693703 0.008411765 0.881679 0.009230256 0.9734879 0.1862266 0.9637455 0.1574874 0.9765226 0.1578001 0.9892862 0.157123 0.9134017 0.03929687 0.9001107 0.008966208 0.9124134 0.00888133 0.9245583 0.01084411 0.7235887 0.08817554 0.7122037 0.06239504 0.7245971 0.06055802 0.7370533 0.05921298 0.7718872 0.08780986 0.7544066 0.05945063 0.7674103 0.05909753 0.7804076 0.05963641 0.809448 0.08604854 0.7975621 0.06251949 0.8105137 0.06047624 0.8237212 0.05924809 0.7348425 0.1379519 0.720044 0.1103742 0.7337343 0.1118555 0.7473507 0.1139094 0.8498585 0.08587819 0.8370283 0.06196225 0.8510109 0.0590902 0.86354 0.05835831 0.1489891 0.0590902 0.1629717 0.06196225 0.1501415 0.08587819 0.13646 0.05835831 0.8529217 0.1382129 0.8390824 0.1103135 0.8517475 0.1112335 0.8661746 0.1142836 0.1482525 0.1112335 0.1609176 0.1103135 0.1470783 0.1382129 0.1338254 0.1142836 0.4410804 0.3212728 0.4077282 0.2899138 0.4316595 0.2783254 0.4092125 0.2762835 0.4463223 0.2233691 0.4268487 0.2214344 0.4685466 0.1914244 0.4517058 0.166788 0.5 0.1423866 0.5314534 0.1914244 0.5482942 0.166788 0.5731513 0.2214344 0.5536777 0.2233691 0.5907875 0.2762835 0.5683405 0.2783254 0.5922718 0.2899138 0.5589196 0.3212728 0.07942021 0.7632775 0.06840527 0.7345971 0.1284428 0.7435535 0.04498327 0.6686124 0.09410799 0.6644215 0.02474064 0.6127769 0.06309366 0.6075548 0.02339256 0.5476798 0.08318067 0.545348 0.05213344 0.4337903 0.1357338 0.4315669 0.1297873 0.3709108 0.06779736 0.3329184 0.15745 0.3307564 0.06812716 0.2442203 0.1425403 0.2035038 0.06737995 0.2218634 0.06408215 0.1920902 0.07640129 0.1253477 0.1181027 0.1442879 0.05120265 0.1407031 0.06909579 0.06701362 0.0460934 0.1250006 0.04680502 0.04141539 0.01349449 0.07095671 0.8715572 0.7435535 0.9315947 0.7345971 0.9205798 0.7632775 0.9550167 0.6686124 0.905892 0.6644215 0.9752594 0.6127769 0.9369063 0.6075548 0.9766074 0.5476798 0.9168193 0.545348 0.9478666 0.4337903 0.8642662 0.4315669 0.8702127 0.3709108 0.9322026 0.3329184 0.84255 0.3307564 0.9318728 0.2442203 0.8574597 0.2035038 0.93262 0.2218634 0.9359179 0.1920902 0.9235987 0.1253477 0.8818973 0.1442879 0.9487973 0.1407031 0.9309042 0.06701362 0.9539066 0.1250006 0.953195 0.04141539 0.9865055 0.07095671 0.4108104 0.1035953 0.390579 0.1608642 0.3383483 0.162201 0.3217734 0.1077147 0.3014687 0.04461873 0.4329495 0.03134894 0.3687351 0.01514131 0.2927249 0.0170188 0.6985313 0.04461873 0.6312649 0.01514131 0.7072751 0.0170188 0.5670505 0.03134894 0.5891896 0.1035953 0.6782266 0.1077147 0.6616517 0.162201 0.609421 0.1608642 0.2273458 0.8225039 0.2279183 0.8384109 0.223748 0.8334322 0.2488025 0.8160241 0.2831008 0.7966046 0.3253638 0.7816949 0.3536599 0.7778352 0.2866049 0.8571423 0.3260606 0.8062235 0.327539 0.8475847 0.3567613 0.8770633 0.342768 0.8116477 0.372644 0.8153214 0.4018338 0.8218924 0.776252 0.8334322 0.7720817 0.8384109 0.7726542 0.8225039 0.7511975 0.8160241 0.7168992 0.7966046 0.6746362 0.7816949 0.6463401 0.7778352 0.7133951 0.8571423 0.6739394 0.8062235 0.672461 0.8475847 0.6432387 0.8770633 0.657232 0.8116477 0.627356 0.8153214 0.5981662 0.8218924 0.08731878 0.8535063 0.01945186 0.8264956 0.04713464 0.8225561 0.1200652 0.8361996 0.090253 0.8142131 0.06002009 0.8807587 0.1293267 0.8100149 0.06661022 0.7860437 0.09260523 0.7913919 0.1794343 0.8427213 0.181528 0.8333824 0.1263939 0.8664456 0.1804262 0.8481235 0.9126812 0.8535063 0.9528654 0.8225561 0.9805481 0.8264956 0.8799348 0.8361996 0.909747 0.8142131 0.9399799 0.8807587 0.8706733 0.8100149 0.9333898 0.7860437 0.9073948 0.7913919 0.8205657 0.8427213 0.818472 0.8333824 0.8736061 0.8664456 0.8195738 0.8481235 0.3993086 0.6259425 0.402071 0.6567268 0.3615209 0.6355209 0.3686647 0.6752509 0.3934938 0.7068079 0.3703064 0.687679 0.3190804 0.6411746 0.3298202 0.75168 0.3144661 0.6720451 0.2866853 0.638401 0.3075153 0.6868146 0.2737632 0.7057359 0.9653903 0.8921326 0.9870801 0.9285776 0.941291 0.908067 0.9521126 0.9284328 0.9572353 0.9341126 0.9095174 0.9179176 0.9467375 0.9860976 0.9063404 0.9362886 0.9075437 0.9477855 0.8689613 0.90931 0.866624 0.9831538 0.8620296 0.9204644 0.8506036 0.8949514 0.8567567 0.9268533 0.8298311 0.9257567 0.05870897 0.908067 0.01298225 0.9284253 0.03460946 0.8921324 0.04788744 0.9284328 0.04276466 0.9341126 0.09048253 0.9179176 0.05323276 0.9860999 0.09361923 0.9362864 0.09245628 0.9477855 0.1310387 0.90931 0.1329809 0.9831316 0.1379704 0.9204644 0.1494144 0.89493 0.1432433 0.9268533 0.1701689 0.9257567 0.6006917 0.6259425 0.6384791 0.6355209 0.5982047 0.6567708 0.6313483 0.6752458 0.6065068 0.7068077 0.6296936 0.687679 0.6809197 0.6411745 0.6702808 0.7516407 0.6855339 0.6720451 0.7132794 0.6384173 0.6924847 0.6868146 0.7261981 0.7057397 0.8107623 0.9760733 0.7570564 0.974791 0.8100073 0.9017721 0.7540929 0.9081609 0.6915534 0.9041735 0.6585572 0.9627983 0.6588628 0.9873064 0.5876684 0.9813604 0.5921445 0.9552505 0.6138178 0.9357815 0.632707 0.8951492 0.6193644 0.8915139 0.1899927 0.9017721 0.2429436 0.974791 0.1892377 0.9760733 0.2459071 0.9081609 0.3084466 0.9041735 0.3414428 0.9627983 0.3411372 0.9873064 0.4123316 0.9813604 0.4078555 0.9552505 0.3861822 0.9357815 0.367293 0.8951492 0.3806356 0.8915139 0.1662705 0.1571009 0.1936195 0.1222147 0.1660142 0.1675295 0.2226585 0.1520203 0.1853724 0.3104098 0.2092845 0.304899 0.2421964 0.1993454 0.2859322 0.1727893 0.2151248 0.2363229 0.2335286 0.2435515 0.2402205 0.2937518 0.2392793 0.2278329 0.237726 0.2326223 0.2451668 0.2229056 0.2389824 0.2364381 0.2584246 0.2181813 0.2416021 0.2382061 0.2451157 0.2399299 0.2741322 0.2132747 0.2900398 0.2107878 0.2974169 0.2195872 0.3044903 0.2500745 0.3038155 0.2150187 0.3165151 0.1938279 0.3396395 0.1882383 0.3021894 0.2102472 0.3091444 0.2123486 0.3035334 0.2120515 0.8339858 0.1675295 0.8063805 0.1222147 0.8337295 0.1571009 0.7773415 0.1520203 0.7907155 0.304899 0.8146276 0.3104098 0.7578036 0.1993454 0.7140678 0.1727893 0.7848752 0.2363229 0.7664714 0.2435515 0.7597795 0.2937518 0.7607207 0.2278329 0.762274 0.2326223 0.7548332 0.2229056 0.7610176 0.2364381 0.7415754 0.2181813 0.7583979 0.2382061 0.7548843 0.2399299 0.7258678 0.2132747 0.7099602 0.2107878 0.6955097 0.2500745 0.7025831 0.2195872 0.6961845 0.2150187 0.6834849 0.1938279 0.6603605 0.1882383 0.6978106 0.2102472 0.6908556 0.2123486 0.6964666 0.2120515 0.1659294 0.6261914 0.1334653 0.647658 0.1284947 0.6110815 0.1680673 0.661737 0.1411862 0.6950474 0.1663107 0.6748683 0.2093553 0.7469166 0.2172339 0.6660694 0.2485745 0.6363462 0.2240287 0.6786166 0.2565831 0.6909937 0.8662754 0.6477622 0.8340706 0.6261914 0.871505 0.6110815 0.8319327 0.661737 0.8587534 0.6950623 0.8336893 0.6748683 0.7906308 0.7469966 0.7827643 0.6660796 0.7514706 0.6363596 0.7759713 0.6786166 0.7435287 0.6911262 0.4640228 0.5036139 0.4360584 0.4681419 0.5 0.5197914 0.5639416 0.4681419 0.5359772 0.5036139 0.5465094 0.4303133 0.4168324 0.4178309 0.5831676 0.4178309 0.4071781 0.375643 0.5928219 0.375643 0.4469569 0.345614 0.5530431 0.345614 0.5 0.3303892 0.5389777 0.03943169 0.5451518 0.0825032 0.5222659 0.0175854 0.5 0.05216467 0.4777341 0.0175854 0.4548482 0.0825032 0.4610223 0.03943169 0.5 0.1038087 0.5353834 0.1131465 0.4646166 0.1131465 0.5 0.1244363 0.4585747 0.5737785 0.3881723 0.6059091 0.4065225 0.472969 0.3229223 0.544232 0.2967623 0.6131009 0.2941704 0.4812673 0.2537206 0.5066016 0.1902313 0.5897517 0.376627 0.4465041 0.4049376 0.4643567 0.3627362 0.401391 0.3091738 0.4358861 0.3483482 0.3781266 0.1803686 0.5580785 0.1305233 0.590992 0.1063371 0.5493975 0.1576304 0.520501 0.137009 0.501927 0.2261713 0.4620314 0.1881939 0.4246137 0.2720981 0.3861846 0.2498192 0.36113 0.302786 0.3189716 0.5934775 0.472969 0.6118277 0.6059091 0.5414253 0.5737785 0.6770777 0.544232 0.7032377 0.6131009 0.7058296 0.4812673 0.7462794 0.5066016 0.8097687 0.5897517 0.623373 0.4465041 0.5950624 0.4643567 0.6372638 0.401391 0.6908262 0.4358861 0.6516518 0.3781266 0.8196314 0.5580785 0.8694767 0.590992 0.8936629 0.5493975 0.8423696 0.520501 0.862991 0.501927 0.7738287 0.4620314 0.8118061 0.4246137 0.7279019 0.3861846 0.7501808 0.36113 0.697214 0.3189716 0.5 0.9016431 0.4306254 0.8652254 0.4248382 0.7928402 0.5 0.7883657 0.4489699 0.9654766 0.5751618 0.7928402 0.5 0.9859563 0.5693746 0.8652254 0.5510301 0.9654766</float_array>
                    <technique_common>
                        <accessor count="552" offset="0" source="pm0550_11_00_body_mesh_shape_lod2_body_00-geometry-TEXCOORD-array" stride="2">
                            <param name="S" type="float" />
                            <param name="T" type="float" />
                        </accessor>
                    </technique_common>
                </source>
                <vertices id="pm0550_11_00_body_mesh_shape_lod2_body_00-vertices">
                    <input semantic="POSITION" source="#pm0550_11_00_body_mesh_shape_lod2_body_00-geometry-POSITION" />
                </vertices>
                <triangles count="466" material="body_00">
                    <input semantic="VERTEX" source="#pm0550_11_00_body_mesh_shape_lod2_body_00-vertices" offset="0" set="0" />
                    <input semantic="NORMAL" source="#pm0550_11_00_body_mesh_shape_lod2_body_00-geometry-NORMAL" offset="1" set="0" />
                    <input semantic="TEXCOORD" source="#pm0550_11_00_body_mesh_shape_lod2_body_00-geometry-TEXCOORD" offset="2" set="0" />
                    <p>0 0 0 1 1 1 2 2 2 3 3 3 4 4 4 5 5 5 6 6 6 7 7 7 8 8 8 9 9 9 10 10 10 11 11 11 12 12 12 13 13 13 14 14 14 15 15 15 16 16 16 17 12 17 18 17 18 19 18 19 20 19 20 21 20 21 22 21 22 23 17 23 24 22 24 25 23 25 26 24 26 27 25 27 28 26 28 29 22 29 30 27 30 31 28 31 32 29 32 33 30 33 34 31 34 35 27 35 36 32 36 37 33 37 38 34 38 39 35 39 40 36 40 41 37 41 42 35 42 43 38 43 44 39 44 45 40 45 46 41 46 47 42 47 48 40 48 49 43 49 50 44 50 51 45 51 52 46 52 53 47 53 54 45 54 55 48 55 56 49 56 57 50 57 58 51 58 59 52 59 60 50 60 61 53 61 62 54 62 63 34 63 64 55 64 65 56 65 66 57 66 67 58 67 68 59 68 69 57 69 70 60 70 71 61 71 72 62 72 73 63 73 74 64 74 75 65 75 76 66 76 77 67 77 78 62 78 79 68 79 80 69 80 81 67 81 82 70 82 83 71 83 84 72 84 85 15 85 86 12 86 86 12 86 87 14 87 84 72 84 88 73 88 89 13 89 90 12 90 90 12 90 91 16 91 88 73 88 92 74 92 93 20 93 94 17 94 94 17 94 95 19 95 92 74 92 96 75 96 97 18 97 98 17 98 98 17 98 99 21 99 96 75 96 100 22 100 101 76 101 102 25 102 100 22 100 103 24 103 101 76 101 104 77 104 105 23 105 106 22 106 106 22 106 107 26 107 104 77 104 108 27 108 109 78 109 110 30 110 108 27 108 111 29 111 109 78 109 112 79 112 113 28 113 114 27 114 115 31 115 112 79 112 114 27 114 116 80 116 117 55 117 118 34 118 118 34 118 119 33 119 116 80 116 120 35 120 121 39 121 122 81 122 120 35 120 122 81 122 123 36 123 124 82 124 125 32 125 126 34 126 127 56 127 124 82 124 126 34 126 128 35 128 129 37 129 130 83 130 128 35 128 130 83 130 131 38 131 132 40 132 133 44 133 134 84 134 132 40 132 134 84 134 135 41 135 136 40 136 137 42 137 138 85 138 136 40 136 138 85 138 139 43 139 140 45 140 141 49 141 142 86 142 140 45 140 142 86 142 143 46 143 144 45 144 145 47 145 146 87 146 144 45 144 146 87 146 147 48 147 148 50 148 149 54 149 150 88 150 148 50 148 150 88 150 151 51 151 152 50 152 153 52 153 154 89 154 152 50 152 154 89 154 155 53 155 156 57 156 157 61 157 158 90 158 156 57 156 158 90 158 159 58 159 160 57 160 161 59 161 162 91 162 160 57 160 162 91 162 163 60 163 164 62 164 165 69 165 166 92 166 164 62 164 166 92 166 167 63 167 168 93 168 169 70 169 170 67 170 170 67 170 171 66 171 168 93 168 172 62 172 173 64 173 174 94 174 172 62 172 174 94 174 175 68 175 176 95 176 177 65 177 178 67 178 178 67 178 179 71 179 176 95 176 180 96 180 181 1 181 182 97 182 182 97 182 181 1 181 183 98 183 184 99 184 182 97 182 183 98 183 184 99 184 183 98 183 185 100 185 186 101 186 184 99 184 185 100 185 186 101 186 185 100 185 187 102 187 188 103 188 186 101 186 187 102 187 189 104 189 186 101 186 188 103 188 190 105 190 189 104 189 188 103 188 189 104 189 190 105 190 191 106 191 192 107 192 189 104 189 191 106 191 191 106 191 193 108 193 192 107 192 194 109 194 192 107 192 193 108 193 194 109 194 193 108 193 195 10 195 194 109 194 195 10 195 196 110 196 197 111 197 198 112 198 199 113 199 199 113 199 198 112 198 200 114 200 200 114 200 201 115 201 199 113 199 200 114 200 202 116 202 201 115 201 203 117 203 201 115 201 202 116 202 202 116 202 204 118 204 203 117 203 203 117 203 204 118 204 205 119 205 206 120 206 205 119 205 204 118 204 205 119 205 206 120 206 207 121 207 206 120 206 208 122 208 207 121 207 208 122 208 206 120 206 209 123 209 207 121 207 208 122 208 210 124 210 210 124 210 208 122 208 209 123 209 211 125 211 210 124 210 209 123 209 212 126 212 210 124 210 211 125 211 213 127 213 212 126 212 211 125 211 214 128 214 212 126 212 213 127 213 214 128 214 215 129 215 212 126 212 216 130 216 212 126 212 215 129 215 217 6 217 215 129 215 214 128 214 216 130 216 215 129 215 218 131 218 217 6 217 219 132 219 215 129 215 220 133 220 218 131 218 215 129 215 215 129 215 219 132 219 221 134 221 220 133 220 215 129 215 221 134 221 222 113 222 223 135 223 224 111 224 222 113 222 225 136 225 223 135 223 225 136 225 222 113 222 226 115 226 227 137 227 225 136 225 226 115 226 226 115 226 228 117 228 227 137 227 227 137 227 228 117 228 229 138 229 229 138 229 228 117 228 230 119 230 231 139 231 229 138 229 230 119 230 232 121 232 231 139 231 230 119 230 231 139 231 232 121 232 233 140 233 233 140 233 234 141 234 231 139 231 233 140 233 232 121 232 235 124 235 235 124 235 234 141 234 233 140 233 236 142 236 234 141 234 235 124 235 236 142 236 235 124 235 237 126 237 236 142 236 237 126 237 238 143 238 238 143 238 237 126 237 239 144 239 240 145 240 239 144 239 237 126 237 237 126 237 241 130 241 240 145 240 242 4 242 239 144 239 240 145 240 241 130 241 243 131 243 240 145 240 242 4 242 240 145 240 244 146 244 243 131 243 245 133 245 240 145 240 246 147 246 244 146 244 240 145 240 245 133 245 246 147 246 240 145 240 247 148 247 248 149 248 249 116 249 249 116 249 250 114 250 247 148 247 250 114 250 251 112 251 247 148 247 247 148 247 251 112 251 252 150 252 251 112 251 253 151 253 252 150 252 253 151 253 251 112 251 254 111 254 255 135 255 256 151 256 257 111 257 258 150 258 256 151 256 255 135 255 258 150 258 255 135 255 259 148 259 259 148 259 255 135 255 260 136 260 259 148 259 260 136 260 261 137 261 262 149 262 259 148 259 261 137 261 263 152 263 264 153 264 265 154 265 266 155 266 264 153 264 263 152 263 267 156 267 266 155 266 263 152 263 266 155 266 267 156 267 268 157 268 266 155 266 268 157 268 269 158 269 264 153 264 266 155 266 270 159 270 271 160 271 266 155 266 269 158 269 272 161 272 270 159 270 266 155 266 272 161 272 266 155 266 271 160 271 272 161 272 273 162 273 270 159 270 274 163 274 272 161 272 271 160 271 274 163 274 271 160 271 275 164 275 274 163 274 276 165 276 272 161 272 274 163 274 275 164 275 276 165 276 277 166 277 278 167 278 279 168 279 279 168 279 278 167 278 280 169 280 279 168 279 280 169 280 281 170 281 282 171 282 281 170 281 280 169 280 283 172 283 282 171 282 280 169 280 284 173 284 280 169 280 278 167 278 285 174 285 283 172 283 280 169 280 280 169 280 284 173 284 286 175 286 285 174 285 280 169 280 286 175 286 286 175 286 284 173 284 287 176 287 286 175 286 288 177 288 285 174 285 289 178 289 285 174 285 288 177 288 290 179 290 288 177 288 286 175 286 290 179 290 289 178 289 288 177 288 291 161 291 292 165 292 293 164 293 294 180 294 291 161 291 293 164 293 295 160 295 294 180 294 293 164 293 291 161 291 294 180 294 296 162 296 294 180 294 295 160 295 297 156 297 295 160 295 298 158 298 297 156 297 298 158 298 299 157 299 297 156 297 294 180 294 300 154 300 296 162 296 300 154 300 294 180 294 297 156 297 300 154 300 297 156 297 301 152 301 296 162 296 300 154 300 302 159 302 302 159 302 300 154 300 303 153 303 304 175 304 305 178 305 306 179 306 304 175 304 307 181 307 305 178 305 307 181 307 308 174 308 305 178 305 307 181 307 304 175 304 309 176 309 308 174 308 307 181 307 310 170 310 308 174 308 310 170 310 311 172 311 310 170 310 312 171 312 311 172 311 313 166 313 307 181 307 309 176 309 307 181 307 313 166 313 310 170 310 310 170 310 313 166 313 314 168 314 309 176 309 315 173 315 313 166 313 313 166 313 315 173 315 316 167 316 317 182 317 318 183 318 319 184 319 319 184 319 318 183 318 320 185 320 318 183 318 321 186 321 320 185 320 320 185 320 321 186 321 322 187 322 319 184 319 320 185 320 323 188 323 320 185 320 322 187 322 324 189 324 323 188 323 320 185 320 325 190 325 325 190 325 320 185 320 324 189 324 325 190 325 326 191 326 323 188 323 324 189 324 327 192 327 325 190 325 325 190 325 328 193 328 326 191 326 327 192 327 328 193 328 325 190 325 329 194 329 330 195 330 331 196 331 331 196 331 330 195 330 332 197 332 330 195 330 333 198 333 332 197 332 331 196 331 332 197 332 334 199 334 333 198 333 335 200 335 332 197 332 336 201 336 334 199 334 332 197 332 336 201 336 332 197 332 335 200 335 335 200 335 337 202 337 336 201 336 334 199 334 336 201 336 338 203 338 337 202 337 339 204 339 336 201 336 338 203 338 336 201 336 340 205 340 340 205 340 336 201 336 339 204 339 338 203 338 340 205 340 341 206 341 339 204 339 342 207 342 340 205 340 340 205 340 343 208 343 341 206 341 342 207 342 343 208 343 340 205 340 344 209 344 345 195 345 346 194 346 347 210 347 345 195 345 344 209 344 345 195 345 347 210 347 348 198 348 349 211 349 347 210 347 344 209 344 347 210 347 350 200 350 348 198 348 349 211 349 351 212 351 347 210 347 351 212 351 350 200 350 347 210 347 352 202 352 350 200 350 351 212 351 353 213 353 351 212 351 349 211 349 351 212 351 354 204 354 352 202 352 355 214 355 351 212 351 353 213 353 355 214 355 354 204 354 351 212 351 356 206 356 355 214 355 353 213 353 357 207 357 354 204 354 355 214 355 356 206 356 358 208 358 355 214 355 355 214 355 358 208 358 357 207 357 359 182 359 360 215 360 361 183 361 361 183 361 360 215 360 362 216 362 361 183 361 362 216 362 363 186 363 364 187 364 363 186 363 362 216 362 365 217 365 362 216 362 360 215 360 366 189 366 364 187 364 362 216 362 362 216 362 365 217 365 367 218 367 366 189 366 362 216 362 367 218 367 367 218 367 365 217 365 368 191 368 369 192 369 366 189 366 367 218 367 368 191 368 370 193 370 367 218 367 370 193 370 369 192 369 367 218 367 371 219 371 372 220 372 373 103 373 374 105 374 373 103 373 372 220 372 372 220 372 375 106 375 374 105 374 376 221 376 375 106 375 372 220 372 376 221 376 372 220 372 377 222 377 377 222 377 378 223 378 376 221 376 376 221 376 378 223 378 379 224 379 376 221 376 380 225 380 375 106 375 379 224 379 380 225 380 376 221 376 380 225 380 381 108 381 375 106 375 379 224 379 382 10 382 380 225 380 380 225 380 382 10 382 381 108 381 383 103 383 384 226 384 385 219 385 383 103 383 386 102 386 384 226 384 384 226 384 386 102 386 387 100 387 387 100 387 388 227 388 384 226 384 388 227 388 389 228 389 384 226 384 388 227 388 390 229 390 389 228 389 391 230 391 390 229 390 388 227 388 392 231 392 388 227 388 387 100 387 391 230 391 388 227 388 392 231 392 387 100 387 393 98 393 392 231 392 392 231 392 394 1 394 391 230 391 393 98 393 394 1 394 392 231 392 395 1 395 396 0 396 397 232 397 396 0 396 398 2 398 397 232 397 399 125 399 397 232 397 400 127 400 397 232 397 398 2 398 401 233 401 401 233 401 398 2 398 402 234 402 397 232 397 403 235 403 400 127 400 403 235 403 397 232 397 401 233 401 404 236 404 400 127 400 403 235 403 404 236 404 405 128 405 400 127 400 401 233 401 406 237 406 403 235 403 406 237 406 407 238 407 403 235 403 401 233 401 408 239 408 406 237 406 403 235 403 407 238 407 409 240 409 403 235 403 409 240 409 404 236 404 408 239 408 401 233 401 410 241 410 409 240 409 411 242 411 404 236 404 410 241 410 401 233 401 402 234 402 404 236 404 411 242 411 412 243 412 405 128 405 404 236 404 412 243 412 405 128 405 412 243 412 413 7 7 405 128 405 413 7 7 414 6 6 402 234 402 415 244 413 410 241 410 416 245 414 415 244 413 402 234 402 414 6 6 417 246 415 418 132 416 417 246 415 419 247 417 418 132 416 420 248 418 416 245 414 402 234 402 421 134 419 420 248 418 402 234 402 422 249 420 416 245 414 420 248 418 421 134 419 418 132 416 423 250 421 420 248 418 421 134 419 423 250 421 418 132 416 419 247 417 423 250 421 423 250 421 422 249 420 420 248 418 419 247 417 424 251 422 423 250 421 423 250 421 424 251 422 422 249 420 425 252 423 426 11 424 427 10 425 425 252 423 428 9 426 426 11 424 429 143 427 425 252 423 430 142 428 425 252 423 431 253 429 428 9 426 432 254 430 428 9 426 431 253 429 425 252 423 429 143 427 433 255 431 433 255 431 431 253 429 425 252 423 434 256 432 433 255 431 429 143 427 434 256 432 429 143 427 435 144 433 431 253 429 433 255 431 436 257 434 436 257 434 433 255 431 437 258 435 438 259 436 431 253 429 436 257 434 433 255 431 439 260 437 437 258 435 433 255 431 434 256 432 439 260 437 438 259 436 440 261 438 431 253 429 434 256 432 441 262 439 439 260 437 431 253 429 440 261 438 432 254 430 442 263 440 441 262 439 434 256 432 434 256 432 435 144 433 442 263 440 442 263 440 435 144 433 443 3 3 435 144 433 444 4 4 443 3 3 432 254 430 440 261 438 445 264 441 432 254 430 445 264 441 446 265 442 447 146 443 448 266 444 444 4 4 447 146 443 449 267 445 448 266 444 446 265 442 450 268 446 432 254 430 451 147 447 432 254 430 450 268 446 450 268 446 446 265 442 452 269 448 451 147 447 453 270 449 447 146 443 450 268 446 453 270 449 451 147 447 447 146 443 453 270 449 449 267 445 453 270 449 450 268 446 452 269 448 449 267 445 453 270 449 454 271 450 453 270 449 452 269 448 454 271 450 455 272 451 456 273 452 457 274 453 458 275 454 456 273 452 455 272 451 458 275 454 459 276 455 456 273 452 460 277 456 459 276 455 458 275 454 458 275 454 461 278 457 460 277 456 455 272 451 462 279 458 458 275 454 462 279 458 461 278 457 458 275 454 462 279 458 455 272 451 463 280 459 462 279 458 464 281 460 461 278 457 462 279 458 463 280 459 465 282 461 462 279 458 465 282 461 464 281 460 466 273 462 467 283 463 468 274 464 469 284 465 467 283 463 466 273 462 466 273 462 470 276 466 469 284 465 470 276 466 471 277 467 469 284 465 471 277 467 472 278 468 469 284 465 473 285 469 467 283 463 469 284 465 472 278 468 473 285 469 469 284 465 467 283 463 473 285 469 474 280 470 473 285 469 472 278 468 475 281 471 474 280 470 473 285 469 476 282 472 473 285 469 475 281 471 476 282 472 477 134 473 478 234 474 479 133 475 479 133 475 480 254 476 481 147 477 482 286 478 479 133 475 478 234 474 482 286 478 480 254 476 479 133 475 482 286 478 478 234 474 483 2 479 484 9 480 480 254 476 482 286 478 482 286 478 483 2 479 485 1 481 482 286 478 486 10 482 484 9 480 485 1 481 487 96 483 482 286 478 482 286 478 488 110 484 486 10 482 489 287 485 482 286 478 487 96 483 488 110 484 482 286 478 489 287 485 490 107 486 491 109 487 492 104 488 492 104 488 491 109 487 493 288 489 492 104 488 493 288 489 494 101 490 494 101 490 495 97 491 496 99 492 493 288 489 495 97 491 494 101 490 493 288 489 491 109 487 497 289 493 497 289 493 495 97 491 493 288 489 498 110 494 497 289 493 491 109 487 499 96 495 495 97 491 497 289 493 500 287 496 497 289 493 498 110 494 500 287 496 499 96 495 497 289 493 501 125 497 502 123 498 503 232 499 504 290 500 503 232 499 502 123 498 502 123 498 505 120 501 504 290 500 506 291 502 503 232 499 504 290 500 504 290 500 505 120 501 507 292 503 507 292 503 506 291 502 504 290 500 508 118 504 507 292 503 505 120 501 503 232 499 506 291 502 509 293 505 503 232 499 509 293 505 510 1 506 509 293 505 511 230 507 510 1 506 512 294 508 509 293 505 506 291 502 509 293 505 512 294 508 511 230 507 512 294 508 506 291 502 507 292 503 511 230 507 512 294 508 513 229 509 514 295 510 507 292 503 508 118 504 515 116 511 514 295 510 508 118 504 516 149 512 514 295 510 515 116 511 514 295 510 516 149 512 517 296 513 517 296 513 507 292 503 514 295 510 518 297 514 517 296 513 516 149 512 517 296 513 519 298 515 507 292 503 517 296 513 518 297 514 519 298 515 512 294 508 507 292 503 519 298 515 520 299 516 519 298 515 518 297 514 519 298 515 521 300 517 512 294 508 521 300 517 519 298 515 520 299 516 521 300 517 513 229 509 512 294 508 522 301 518 521 300 517 520 299 516 521 300 517 523 302 519 513 229 509 523 302 519 521 300 517 522 301 518 524 252 520 525 141 521 526 142 522 524 252 520 527 303 523 525 141 521 525 141 521 527 303 523 528 139 524 529 304 525 527 303 523 524 252 520 528 139 524 527 303 523 530 305 526 529 304 525 530 305 526 527 303 523 530 305 526 531 138 527 528 139 524 532 306 528 529 304 525 524 252 520 524 252 520 533 10 529 532 306 528 533 10 529 534 224 530 532 306 528 529 304 525 532 306 528 535 307 531 535 307 531 532 306 528 534 224 530 530 305 526 529 304 525 535 307 531 534 224 530 536 223 532 535 307 531 537 308 533 531 138 527 530 305 526 531 138 527 537 308 533 538 137 534 538 137 534 537 308 533 539 149 535 540 309 536 539 149 535 537 308 533 537 308 533 530 305 526 540 309 536 541 297 537 539 149 535 540 309 536 530 305 526 542 310 538 540 309 536 542 310 538 541 297 537 540 309 536 530 305 526 535 307 531 542 310 538 542 310 538 543 299 539 541 297 537 544 311 540 542 310 538 535 307 531 544 311 540 543 299 539 542 310 538 535 307 531 536 223 532 544 311 540 544 311 540 545 301 541 543 299 539 536 223 532 546 302 542 544 311 540 546 302 542 545 301 541 544 311 540 547 312 543 548 228 544 549 229 545 550 302 546 547 312 543 549 229 545 548 228 544 547 312 543 551 226 547 547 312 543 550 302 546 552 223 548 551 226 547 547 312 543 553 219 549 552 223 548 554 222 550 547 312 543 553 219 549 547 312 543 555 220 551 547 312 543 554 222 550 555 220 551</p>
                </triangles>
            </mesh>
        </geometry>
    </library_geometries>
    <library_controllers>
        <controller id="pm0550_11_00_eye_mesh_shape_lod2_l_eye-controller" name="pm0550_11_00_eye_mesh_shape_lod2_l_eye">
            <skin source="#pm0550_11_00_eye_mesh_shape_lod2_l_eye-geometry">
                <bind_shape_matrix>1 0 0 0 0 1 0 0 0 0 1 0 0 0 0 1</bind_shape_matrix>
                <source id="pm0550_11_00_eye_mesh_shape_lod2_l_eye-joints">
                    <Name_array id="pm0550_11_00_eye_mesh_shape_lod2_l_eye-joints-array" count="1">head</Name_array>
                    <technique_common>
                        <accessor count="1" offset="0" source="#pm0550_11_00_eye_mesh_shape_lod2_l_eye-joints-array" stride="1">
                            <param name="JOINT" type="Name" />
                        </accessor>
                    </technique_common>
                </source>
                <source id="pm0550_11_00_eye_mesh_shape_lod2_l_eye-matrices">
                    <float_array id="pm0550_11_00_eye_mesh_shape_lod2_l_eye-matrices-array" count="16">1E-06 1.119209E-06 1.000001 -0.0172767 -0.9999991 1E-06 1.119209E-06 9.979403E-07 8.807907E-07 -0.9999991 1E-06 0.3349411 1E-06 1E-06 1E-06 1.000001</float_array>
                    <technique_common>
                        <accessor count="1" offset="0" source="#pm0550_11_00_eye_mesh_shape_lod2_l_eye-matrices-array" stride="16">
                            <param name="TRANSFORM" type="float4x4" />
                        </accessor>
                    </technique_common>
                </source>
                <source id="pm0550_11_00_eye_mesh_shape_lod2_l_eye-weights">
                    <float_array id="pm0550_11_00_eye_mesh_shape_lod2_l_eye-weights-array" count="1">1</float_array>
                    <technique_common>
                        <accessor count="1" offset="0" source="#pm0550_11_00_eye_mesh_shape_lod2_l_eye-weights-array" stride="1">
                            <param name="WEIGHT" type="float" />
                        </accessor>
                    </technique_common>
                </source>
                <joints>
                    <input semantic="JOINT" source="#pm0550_11_00_eye_mesh_shape_lod2_l_eye-joints" />
                    <input semantic="INV_BIND_MATRIX" source="#pm0550_11_00_eye_mesh_shape_lod2_l_eye-matrices" />
                </joints>
                <vertex_weights count="15">
                    <input semantic="JOINT" source="#pm0550_11_00_eye_mesh_shape_lod2_l_eye-joints" offset="0" set="0" />
                    <input semantic="WEIGHT" source="#pm0550_11_00_eye_mesh_shape_lod2_l_eye-weights" offset="1" set="0" />
                    <vcount>1 1 1 1 1 1 1 1 1 1 1 1 1 1 1</vcount>
                    <v>0 0 0 0 0 0 0 0 0 0 0 0 0 0 0 0 0 0 0 0 0 0 0 0 0 0 0 0 0 0</v>
                </vertex_weights>
            </skin>
        </controller>
        <controller id="pm0550_11_00_eye_mesh_shape_lod2_r_eye-controller" name="pm0550_11_00_eye_mesh_shape_lod2_r_eye">
            <skin source="#pm0550_11_00_eye_mesh_shape_lod2_r_eye-geometry">
                <bind_shape_matrix>1 0 0 0 0 1 0 0 0 0 1 0 0 0 0 1</bind_shape_matrix>
                <source id="pm0550_11_00_eye_mesh_shape_lod2_r_eye-joints">
                    <Name_array id="pm0550_11_00_eye_mesh_shape_lod2_r_eye-joints-array" count="1">head</Name_array>
                    <technique_common>
                        <accessor count="1" offset="0" source="#pm0550_11_00_eye_mesh_shape_lod2_r_eye-joints-array" stride="1">
                            <param name="JOINT" type="Name" />
                        </accessor>
                    </technique_common>
                </source>
                <source id="pm0550_11_00_eye_mesh_shape_lod2_r_eye-matrices">
                    <float_array id="pm0550_11_00_eye_mesh_shape_lod2_r_eye-matrices-array" count="16">1E-06 1.119209E-06 1.000001 -0.0172767 -0.9999991 1E-06 1.119209E-06 9.979403E-07 8.807907E-07 -0.9999991 1E-06 0.3349411 1E-06 1E-06 1E-06 1.000001</float_array>
                    <technique_common>
                        <accessor count="1" offset="0" source="#pm0550_11_00_eye_mesh_shape_lod2_r_eye-matrices-array" stride="16">
                            <param name="TRANSFORM" type="float4x4" />
                        </accessor>
                    </technique_common>
                </source>
                <source id="pm0550_11_00_eye_mesh_shape_lod2_r_eye-weights">
                    <float_array id="pm0550_11_00_eye_mesh_shape_lod2_r_eye-weights-array" count="1">1</float_array>
                    <technique_common>
                        <accessor count="1" offset="0" source="#pm0550_11_00_eye_mesh_shape_lod2_r_eye-weights-array" stride="1">
                            <param name="WEIGHT" type="float" />
                        </accessor>
                    </technique_common>
                </source>
                <joints>
                    <input semantic="JOINT" source="#pm0550_11_00_eye_mesh_shape_lod2_r_eye-joints" />
                    <input semantic="INV_BIND_MATRIX" source="#pm0550_11_00_eye_mesh_shape_lod2_r_eye-matrices" />
                </joints>
                <vertex_weights count="18">
                    <input semantic="JOINT" source="#pm0550_11_00_eye_mesh_shape_lod2_r_eye-joints" offset="0" set="0" />
                    <input semantic="WEIGHT" source="#pm0550_11_00_eye_mesh_shape_lod2_r_eye-weights" offset="1" set="0" />
                    <vcount>1 1 1 1 1 1 1 1 1 1 1 1 1 1 1 1 1 1</vcount>
                    <v>0 0 0 0 0 0 0 0 0 0 0 0 0 0 0 0 0 0 0 0 0 0 0 0 0 0 0 0 0 0 0 0 0 0 0 0</v>
                </vertex_weights>
            </skin>
        </controller>
        <controller id="pm0550_11_00_body_mesh_shape_lod2_body_00-controller" name="pm0550_11_00_body_mesh_shape_lod2_body_00">
            <skin source="#pm0550_11_00_body_mesh_shape_lod2_body_00-geometry">
                <bind_shape_matrix>1 0 0 0 0 1 0 0 0 0 1 0 0 0 0 1</bind_shape_matrix>
                <source id="pm0550_11_00_body_mesh_shape_lod2_body_00-joints">
                    <Name_array id="pm0550_11_00_body_mesh_shape_lod2_body_00-joints-array" count="29">head jaw left_upper_eyelid_01 left_upper_eyelid_02 right_upper_eyelid_01 right_upper_eyelid_02 tail_03 tail_04 tail_02 tail_01 hips right_eyelid_b left_eyelid_b right_feeler_01 right_feeler_02 left_feeler_01 left_feeler_02 upper_feeler_b_01 upper_feeler_b_02 upper_feeler_a_01 upper_feeler_a_02 right_lower_eyelid_01 right_eyelid_a right_lower_eyelid_02 left_lower_eyelid_01 left_eyelid_a left_lower_eyelid_02 lower_feeler_01 lower_feeler_02</Name_array>
                    <technique_common>
                        <accessor count="29" offset="0" source="#pm0550_11_00_body_mesh_shape_lod2_body_00-joints-array" stride="1">
                            <param name="JOINT" type="Name" />
                        </accessor>
                    </technique_common>
                </source>
                <source id="pm0550_11_00_body_mesh_shape_lod2_body_00-matrices">
                    <float_array id="pm0550_11_00_body_mesh_shape_lod2_body_00-matrices-array" count="464">1E-06 1.119209E-06 1.000001 -0.0172767 -0.9999991 1E-06 1.119209E-06 9.979403E-07 8.807907E-07 -0.9999991 1E-06 0.3349411 1E-06 1E-06 1E-06 1.000001 1.034968E-06 0.2933349 0.9560114 -0.1980861 -0.9999991 1E-06 1.119209E-06 9.979403E-07 8.860347E-07 -0.9560093 0.2933348 0.2592812 1E-06 1E-06 1E-06 1.000001 0.6800222 0.6464383 0.3459637 -0.1772748 -0.430941 -0.02935188 0.9019033 -0.1700569 0.5931791 -0.7624015 0.2586173 0.2699734 1E-06 1E-06 1E-06 1.000001 0.6800222 0.6464383 0.3459637 -0.4552748 -0.430941 -0.02935188 0.9019033 -0.1700569 0.5931791 -0.7624015 0.2586173 0.2699734 1E-06 1E-06 1E-06 1.000001 -0.68002 0.6464384 0.3459639 -0.1772748 -0.430941 0.02935387 -0.9019011 0.1700586 -0.5931773 -0.7624015 0.2586174 0.2699727 1E-06 1E-06 1E-06 1.000001 -0.68002 0.6464384 0.3459639 -0.4552748 -0.430941 0.02935387 -0.9019011 0.1700591 -0.5931773 -0.7624015 0.2586174 0.2699732 1E-06 1E-06 1E-06 1.000001 1.087423E-06 8.807907E-07 -0.999999 -0.353808 1.000001 1E-06 9.682135E-07 1.000549E-06 8.807907E-07 -0.999999 1E-06 0.3308223 1E-06 1E-06 1E-06 1.000001 1.087423E-06 8.807907E-07 -0.999999 -0.4450342 1.000001 1E-06 9.682135E-07 1.000549E-06 8.807907E-07 -0.999999 1E-06 0.3308223 1E-06 1E-06 1E-06 1.000001 1.087423E-06 8.807907E-07 -0.999999 -0.2600211 1.000001 1E-06 9.682135E-07 1.000549E-06 8.807907E-07 -0.999999 1E-06 0.3308223 1E-06 1E-06 1E-06 1.000001 1.08391E-06 -0.02915083 -0.9995741 -0.1089801 1.000001 1E-06 9.682135E-07 1.000549E-06 8.782928E-07 -0.9995741 0.02915272 0.3382618 1E-06 1E-06 1E-06 1.000001 1.087423E-06 8.807907E-07 -0.9999991 0.0172787 1.000001 1E-06 9.682135E-07 1.000549E-06 8.807907E-07 -0.9999991 1E-06 0.3349411 1E-06 1E-06 1E-06 1.000001 -0.7668117 0.2385008 0.5959173 -0.0597376 0.2103601 0.9705099 -0.1177341 -0.3457834 -0.6064208 0.03507649 -0.7943681 0.1691349 1E-06 1E-06 1E-06 1.000001 0.7668139 0.2385009 0.5959172 -0.05973748 0.2103599 -0.970508 0.117736 0.3457854 0.6064229 0.0350765 -0.7943683 0.1691347 1E-06 1E-06 1E-06 1.000001 -0.9999993 1.596047E-06 1.119209E-06 -0.1433981 4.635579E-07 -0.9999993 8.211861E-07 0.3681673 1.178814E-06 1.119209E-06 1.000001 -0.07940695 1E-06 1E-06 1E-06 1.000001 -0.9999993 2.052151E-06 1.575341E-06 -0.3004903 7.453764E-09 -0.9999993 8.211861E-07 0.3681672 1.634946E-06 1.119209E-06 1.000001 -0.07940681 1E-06 1E-06 1E-06 1.000001 1.000001 -4.305122E-07 8.807904E-07 -0.1504281 2.728535E-06 1.000001 1.178814E-06 -0.3681659 8.211859E-07 1.11921E-06 1.000001 -0.07940691 1E-06 1E-06 1E-06 1.000001 1.000001 -4.305122E-07 8.807904E-07 -0.3075219 2.728535E-06 1.000001 1.178814E-06 -0.3681659 8.211859E-07 1.11921E-06 1.000001 -0.07940692 1E-06 1E-06 1E-06 1.000001 1.133355E-06 0.4722224 -0.881479 -0.4269478 -0.9999992 1.077061E-06 1.073069E-06 9.715003E-07 1.151221E-06 0.8814812 0.4722225 -0.3197148 1E-06 1E-06 1E-06 1.000001 1.082595E-06 0.1900228 -0.9817789 -0.4215228 -0.9999992 1.077061E-06 1.073069E-06 9.715003E-07 1.183927E-06 0.9817811 0.190023 -0.4654081 1E-06 1E-06 1E-06 1.000001 1.118346E-06 0.9927572 -0.120147 -0.6044444 -0.9999991 1E-06 1.119209E-06 9.979403E-07 1.014323E-06 0.1201491 0.9927572 -0.06129269 1E-06 1E-06 1E-06 1.000001 1.118346E-06 0.9927572 -0.120147 -0.6520804 -0.9999991 1E-06 1.119209E-06 9.979403E-07 1.014323E-06 0.1201491 0.9927572 -0.06129269 1E-06 1E-06 1E-06 1.000001 -0.9104999 -0.04054838 0.4115157 0.09067755 0.412873 -0.03399945 0.9101553 -0.1702113 -0.0229134 0.9985999 0.04770026 -0.3856497 1E-06 1E-06 1E-06 1.000001 -0.9163316 0.3471929 0.1994812 -0.02338069 -0.3267405 -0.9363078 0.1287106 0.3485666 0.2314628 0.05276346 0.9714133 -0.1868965 1E-06 1E-06 1E-06 1.000001 -0.9104999 -0.04054838 0.4115157 -0.1943229 0.412873 -0.03399945 0.9101553 -0.1702116 -0.0229134 0.9985999 0.04770026 -0.3856493 1E-06 1E-06 1E-06 1.000001 0.9105019 -0.04054838 0.4115154 0.09067755 0.412873 0.03400145 -0.9101534 0.1702133 0.02291564 0.9985999 0.04770026 -0.3856497 1E-06 1E-06 1E-06 1.000001 0.9163339 0.3471929 0.199481 -0.02338053 -0.3267403 0.9363098 -0.1287085 -0.348565 -0.2314608 0.05276344 0.9714133 -0.1868969 1E-06 1E-06 1E-06 1.000001 0.9105019 -0.04054838 0.4115154 -0.1943225 0.412873 0.03400145 -0.9101534 0.1702133 0.02291564 0.9985999 0.04770026 -0.3856497 1E-06 1E-06 1E-06 1.000001 9.759539E-07 -0.7146679 -0.6994621 0.01511854 1.000001 1E-06 9.682135E-07 1.000549E-06 8.541392E-07 -0.6994619 0.7146699 0.2993507 1E-06 1E-06 1E-06 1.000001 1.015448E-06 -0.5038702 -0.8637779 -0.140234 1.000001 1E-06 9.682135E-07 1.000549E-06 8.529797E-07 -0.8637778 0.5038722 0.271918 1E-06 1E-06 1E-06 1.000001</float_array>
                    <technique_common>
                        <accessor count="29" offset="0" source="#pm0550_11_00_body_mesh_shape_lod2_body_00-matrices-array" stride="16">
                            <param name="TRANSFORM" type="float4x4" />
                        </accessor>
                    </technique_common>
                </source>
                <source id="pm0550_11_00_body_mesh_shape_lod2_body_00-weights">
                    <float_array id="pm0550_11_00_body_mesh_shape_lod2_body_00-weights-array" count="86">0.2500038 0.7499962 0.9900053 0.00999466 1 0.1300069 0.4299992 0.4399939 0.2299992 0.5499962 0.2200046 0.4899977 0.2899977 0.5400015 0.4599985 0.05000382 0.9499962 0.8699932 0.2099947 0.7900053 0.08999771 0.9100023 0.4 0.6 0.3799954 0.6200046 0.2599985 0.6899977 0.0399939 0.3900054 0.5700008 0.5799954 0.02000458 0.02999924 0.6099946 0.3600061 0.7199969 0.08000305 0.7300069 0.1900053 0.5900053 0.6500038 0.3300069 0.9300069 0.3499962 0.4099947 0.8899977 0.1100023 0.06999313 0.6999924 0.7400015 0.3100023 0.680003 0.280003 0.1700008 0.8299992 0.6599985 0.3400015 0.5300069 0.5000076 0.2699931 0.1000076 0.8500038 0.3700007 0.2999924 0.2 0.4500038 0.1499962 0.05999848 0.8 0.9600061 0.6299992 0.5600061 0.8200046 0.1400015 0.1600061 0.119997 0.1799954 0.4699931 0.2399939 0.5100023 0.8399939 0.5199969 0.4200046 0.6699932 0.9000076</float_array>
                    <technique_common>
                        <accessor count="86" offset="0" source="#pm0550_11_00_body_mesh_shape_lod2_body_00-weights-array" stride="1">
                            <param name="WEIGHT" type="float" />
                        </accessor>
                    </technique_common>
                </source>
                <joints>
                    <input semantic="JOINT" source="#pm0550_11_00_body_mesh_shape_lod2_body_00-joints" />
                    <input semantic="INV_BIND_MATRIX" source="#pm0550_11_00_body_mesh_shape_lod2_body_00-matrices" />
                </joints>
                <vertex_weights count="556">
                    <input semantic="JOINT" source="#pm0550_11_00_body_mesh_shape_lod2_body_00-joints" offset="0" set="0" />
                    <input semantic="WEIGHT" source="#pm0550_11_00_body_mesh_shape_lod2_body_00-weights" offset="1" set="0" />
                    <vcount>2 2 1 3 3 3 3 3 3 1 2 2 1 1 1 1 1 1 1 1 1 1 1 1 1 1 1 1 1 1 1 1 1 1 1 1 1 1 1 1 1 1 1 1 1 1 1 1 1 1 1 1 1 1 1 1 1 1 1 1 1 1 1 1 1 1 1 1 1 1 1 1 1 1 1 1 1 1 1 1 1 1 1 1 1 1 1 1 1 1 1 1 1 1 1 1 1 1 1 1 1 1 1 1 1 1 1 1 1 1 1 1 1 1 1 1 1 1 1 1 1 1 1 1 1 1 1 1 1 1 1 1 1 1 1 1 1 1 1 1 1 1 1 1 1 1 1 1 1 1 1 1 1 1 1 1 1 1 1 1 1 1 1 1 1 1 1 1 1 1 1 1 1 1 1 1 1 1 1 1 1 2 2 2 1 2 1 1 1 1 1 2 1 2 2 2 1 2 2 2 2 2 3 3 3 3 3 3 3 3 3 1 1 1 1 1 1 3 1 3 1 1 2 2 2 2 2 3 3 3 3 3 3 3 3 3 1 1 1 1 1 1 3 1 3 1 1 2 3 3 2 2 2 2 2 2 2 2 2 2 2 3 3 2 2 2 2 3 2 2 3 3 3 2 2 2 1 2 2 2 2 3 2 2 3 3 3 2 2 2 1 3 1 2 3 3 2 3 2 2 2 2 3 2 3 2 1 3 3 2 3 2 2 2 2 3 2 2 3 3 3 3 3 3 3 3 3 3 3 3 3 3 3 3 3 2 3 3 2 3 3 1 3 3 3 3 3 3 3 3 2 3 3 2 3 3 1 3 3 2 3 3 3 3 3 3 3 3 3 3 3 1 1 1 1 2 2 2 2 2 2 2 2 1 1 1 1 2 2 2 2 2 2 2 2 2 2 1 1 1 1 2 1 3 3 1 3 3 3 3 3 3 3 3 3 3 3 3 3 3 1 1 3 3 3 1 2 2 1 1 1 2 1 3 3 1 3 3 3 3 3 3 3 3 3 3 3 3 3 3 1 1 3 3 3 3 3 3 3 3 3 3 3 3 3 3 3 3 3 3 3 3 3 3 3 3 3 1 1 1 1 1 1 1 1 2 2 1 1 1 1 2 1 1 1 2 1 2 1 1 1 1 3 1 3 3 3 3 3 2 2 2 3 2 3 3 3 3 3 3 3 3 3 2 1 3 1 3 3 3 3 3 2 2 2 3 2 3 3 3 3 3 3 3 3 3 2 2 2 2 2 1 2 1 2 1</vcount>
                    <v>0 0 1 1 0 2 1 3 0 4 0 5 2 6 3 7 0 8 2 9 3 10 0 10 2 11 3 12 0 8 4 9 5 10 0 5 4 6 5 7 0 10 4 11 5 12 0 4 0 2 1 3 0 0 1 1 1 4 1 4 1 4 1 4 1 4 1 4 1 4 1 4 1 4 1 4 1 4 1 4 1 4 1 4 1 4 1 4 1 4 1 4 0 4 0 4 0 4 0 4 0 4 0 4 0 4 0 4 0 4 1 4 1 4 1 4 1 4 1 4 1 4 1 4 1 4 1 4 1 4 1 4 1 4 1 4 1 4 1 4 1 4 1 4 1 4 0 4 0 4 0 4 0 4 0 4 0 4 0 4 0 4 0 4 0 4 0 4 0 4 0 4 0 4 0 4 0 4 0 4 0 4 0 4 0 4 0 4 0 4 0 4 0 4 0 4 0 4 0 4 1 4 1 4 1 4 1 4 1 4 1 4 1 4 1 4 1 4 1 4 1 4 1 4 1 4 1 4 1 4 1 4 1 4 1 4 1 4 1 4 1 4 1 4 1 4 1 4 0 4 0 4 0 4 0 4 0 4 0 4 0 4 0 4 0 4 0 4 0 4 0 4 1 4 1 4 1 4 1 4 0 4 0 4 0 4 0 4 1 4 1 4 1 4 1 4 1 4 1 4 1 4 1 4 1 4 1 4 1 4 1 4 1 4 1 4 1 4 1 4 1 4 1 4 1 4 1 4 0 4 0 4 0 4 0 4 0 4 0 4 0 4 0 4 0 4 0 4 0 4 0 4 0 4 0 4 0 4 0 4 0 4 0 4 0 4 0 4 0 4 0 4 0 4 0 4 0 4 0 4 0 4 0 4 0 4 0 4 0 4 0 4 0 4 0 2 1 3 0 13 1 14 0 2 1 3 1 4 0 15 1 16 1 4 1 4 1 4 1 4 1 4 0 15 1 16 1 4 0 2 1 3 0 13 1 14 0 2 1 3 0 4 6 5 7 17 6 18 7 19 6 20 7 21 6 22 7 23 6 24 7 25 8 26 6 27 7 15 9 28 8 29 6 30 9 31 8 22 6 32 10 33 9 34 8 35 0 33 10 36 9 0 0 37 10 38 9 39 0 35 10 40 9 15 0 41 10 42 9 32 0 27 10 12 9 32 0 4 0 4 0 4 0 4 0 4 0 4 0 8 4 9 5 10 0 4 0 43 4 15 11 32 0 4 0 4 6 20 7 21 6 18 7 19 6 5 7 17 6 22 7 23 6 24 7 25 8 26 6 27 7 15 9 28 8 29 6 30 9 31 8 22 6 32 10 33 9 34 8 35 0 33 10 36 9 0 0 37 10 38 9 39 0 35 10 40 9 15 0 41 10 42 9 32 0 27 10 12 9 32 0 4 0 4 0 4 0 4 0 4 0 4 0 8 2 9 3 10 0 4 0 43 2 15 12 32 0 4 0 4 6 29 7 34 8 44 6 34 7 28 8 26 6 27 7 15 6 22 7 23 6 18 7 19 6 20 7 21 6 5 7 17 6 5 7 17 6 18 7 19 6 5 7 17 6 5 7 17 6 20 7 21 6 29 7 34 6 22 7 23 8 26 6 27 7 15 8 44 6 34 7 28 0 45 13 40 0 46 10 47 0 43 10 48 0 0 13 1 0 15 13 49 14 0 13 26 14 50 13 48 14 43 0 15 13 49 14 0 0 3 13 51 14 52 0 3 13 51 14 52 13 48 14 43 13 53 14 36 13 54 14 55 14 4 0 43 10 48 0 46 10 47 0 45 15 40 0 0 15 1 0 15 15 49 16 0 15 26 16 50 15 48 16 43 0 15 15 49 16 0 0 3 15 51 16 52 0 3 15 51 16 52 15 48 16 43 15 53 16 36 15 54 16 55 16 4 0 3 13 51 14 52 14 4 13 54 14 55 0 15 13 49 14 0 0 3 13 51 14 52 13 48 14 43 0 15 13 49 14 0 13 48 14 43 13 26 14 50 0 43 10 48 0 45 13 40 0 15 13 49 14 0 0 46 10 47 0 3 15 51 16 52 15 54 16 55 16 4 0 15 15 49 16 0 0 3 15 51 16 52 15 48 16 43 0 15 15 49 16 0 15 48 16 43 15 26 16 50 0 43 10 48 0 45 15 40 0 15 15 49 16 0 0 46 10 47 10 56 9 57 10 42 9 53 17 29 10 29 9 58 8 37 9 10 17 59 18 53 9 33 17 60 18 49 9 10 17 59 18 53 10 33 9 34 8 35 9 15 8 61 18 62 9 63 8 64 18 42 9 65 8 49 6 61 9 60 8 53 18 66 9 47 8 53 18 34 0 37 10 36 9 65 19 22 20 64 10 64 0 64 10 23 9 61 19 44 20 67 10 59 19 22 20 67 10 66 0 41 10 12 9 68 20 69 10 65 19 9 20 67 10 64 19 22 20 64 10 64 0 70 10 28 19 61 20 69 10 61 0 25 19 8 20 67 0 4 0 25 19 8 20 67 0 65 19 59 20 64 0 64 10 23 9 61 19 22 20 64 10 64 0 37 10 36 9 65 19 44 20 67 10 59 19 22 20 67 10 66 0 41 10 12 9 68 20 69 10 65 19 9 20 67 10 64 19 22 20 64 10 64 0 70 10 28 19 61 20 69 10 61 0 25 19 8 20 67 0 4 0 25 19 8 20 67 0 65 19 59 20 64 10 56 9 57 10 29 9 58 8 37 10 42 9 53 17 29 9 10 17 59 18 53 9 33 17 60 18 49 9 10 17 59 18 53 10 33 9 34 8 35 9 15 8 61 18 62 9 63 8 64 18 42 9 65 8 49 6 61 9 60 8 53 18 66 9 47 8 53 18 34 1 4 1 4 1 4 1 4 0 15 1 16 0 54 1 55 0 54 1 55 0 56 1 57 0 71 1 63 0 7 1 72 0 2 1 3 0 2 1 3 1 4 1 4 1 4 1 4 0 15 1 16 0 54 1 55 0 54 1 55 0 56 1 57 0 71 1 63 0 7 1 72 0 2 1 3 0 2 1 3 0 2 1 3 0 0 1 1 0 4 0 4 0 4 0 4 0 2 21 3 0 4 0 73 4 74 5 28 0 66 4 57 5 18 0 4 0 36 21 75 22 76 0 34 4 77 22 18 0 66 21 14 23 20 0 12 4 22 5 51 0 8 21 31 23 39 0 5 4 22 5 78 0 28 4 44 5 34 0 5 4 6 5 7 0 8 4 9 5 10 0 79 21 13 23 10 0 14 21 29 23 67 0 67 4 80 11 57 0 43 4 15 11 32 0 76 4 66 11 6 0 4 0 4 0 81 21 74 23 32 0 31 4 10 11 65 0 22 4 0 11 44 0 4 0 0 1 1 0 2 1 3 0 4 0 4 0 4 0 2 24 3 0 4 0 73 2 74 3 28 0 66 2 57 3 18 0 4 0 36 24 75 25 76 0 34 2 77 25 18 0 66 24 14 26 20 0 12 2 22 3 51 0 8 24 31 26 39 0 5 2 22 3 78 0 28 2 44 3 34 0 5 2 6 3 7 0 8 2 9 3 10 0 79 24 13 26 10 0 14 24 29 26 67 0 43 2 15 12 32 0 67 2 80 12 57 0 76 2 66 12 6 0 4 0 4 0 81 24 74 26 32 0 31 2 10 12 65 0 22 2 0 12 44 10 8 9 38 8 28 10 53 9 82 27 65 0 68 10 40 9 44 10 8 9 13 27 8 10 74 9 83 28 7 10 54 9 23 27 8 8 61 27 61 28 69 9 7 8 53 27 53 9 54 8 84 6 75 9 7 8 53 27 53 9 75 8 6 28 45 10 53 9 82 27 65 10 8 9 38 8 28 0 68 10 40 9 44 10 8 9 13 27 8 10 74 9 83 28 7 10 54 9 23 27 8 8 61 27 61 28 69 9 7 8 53 27 53 9 54 8 84 6 75 9 7 8 53 27 53 9 75 8 6 28 45 0 4 0 4 0 4 0 4 0 4 0 4 0 4 0 4 0 2 1 3 0 2 1 3 0 4 0 4 0 4 1 4 0 13 1 14 1 4 1 4 1 4 0 13 1 14 1 4 0 21 1 20 0 4 0 4 0 4 0 4 0 41 10 42 9 32 0 4 0 0 10 41 9 61 0 33 10 36 9 0 0 0 10 41 9 61 0 15 10 9 9 22 9 31 8 22 6 32 0 14 1 13 0 2 1 3 0 71 1 63 0 31 10 22 9 32 0 56 1 57 9 31 8 22 6 32 8 26 6 27 7 15 8 44 6 34 7 28 9 31 8 22 6 32 9 34 8 63 6 32 0 15 10 9 9 22 0 15 10 13 9 45 0 31 10 22 9 32 0 31 10 22 9 32 0 27 1 51 0 4 0 41 10 42 9 32 0 4 0 0 10 41 9 61 0 33 10 36 9 0 0 0 10 41 9 61 0 15 10 9 9 22 9 31 8 22 6 32 0 14 1 13 0 2 1 3 0 71 1 63 0 31 10 22 9 32 0 56 1 57 9 31 8 22 6 32 8 26 6 27 7 15 8 44 6 34 7 28 9 31 8 22 6 32 9 34 8 63 6 32 0 15 10 9 9 22 0 15 10 13 9 45 0 31 10 22 9 32 0 31 10 22 9 32 0 27 1 51 0 61 1 85 0 54 1 55 0 56 1 57 0 27 1 51 1 4 0 56 1 57 1 4 0 54 1 55 1 4</v>
                </vertex_weights>
            </skin>
        </controller>
    </library_controllers>
    <library_visual_scenes>
        <visual_scene id="Scene" name="Scene">
            <node id="pm0550_11_00" sid="pm0550_11_00" name="pm0550_11_00" type="JOINT">
                <matrix sid="transform">1 0 0 0 0 1 0 0 0 0 1 0 0 0 0 1</matrix>
                <node id="origin" sid="origin" name="origin" type="JOINT">
                    <matrix sid="transform">1 0 0 0 0 1 0 0 0 0 1 0 0 0 0 1</matrix>
                    <node id="waist" sid="waist" name="waist" type="JOINT">
                        <matrix sid="transform">1.192093E-07 -0.9999999 0 -2.00964E-21 0 1.192093E-07 -0.9999999 0.33494 0.9999999 0 1.192093E-07 0.01727766 0 0 0 1</matrix>
                        <node id="head" sid="head" name="head" type="JOINT">
                            <matrix sid="transform">1 0 0 -4.440892E-18 0 1 0 5.551115E-19 0 0 1 7.105427E-17 0 0 0 1</matrix>
                            <node id="left_upper_eyelid_01" sid="left_upper_eyelid_01" name="left_upper_eyelid_01" type="JOINT">
                                <matrix sid="transform">0.3459628 0.9019021 0.2586163 0.1276094 -0.6800212 0.4309421 -0.5931781 0.1128755 -0.6464372 0.02935302 0.7624024 0.01950651 0 0 0 1</matrix>
                                <node id="left_upper_eyelid_02" sid="left_upper_eyelid_02" name="left_upper_eyelid_02" type="JOINT">
                                    <matrix sid="transform">1 0 0 0.278 0 1 0 7.366972E-17 0 0 1 -2.221704E-16 0 0 0 1</matrix>
                                </node>
                            </node>
                            <node id="left_lower_eyelid_01" sid="left_lower_eyelid_01" name="left_lower_eyelid_01" type="JOINT">
                                <matrix sid="transform">0.4115143 -0.9101543 0.04769926 0.1187223 -0.9105008 -0.4128721 -0.02291452 0.144 0.04054943 -0.03400056 -0.9985991 -0.04806 0 0 0 1</matrix>
                                <node id="left_lower_eyelid_02" sid="left_lower_eyelid_02" name="left_lower_eyelid_02" type="JOINT">
                                    <matrix sid="transform">1 0 0 0.285 0 1 0 -7.981861E-17 0 0 1 -5.193762E-17 0 0 0 1</matrix>
                                </node>
                            </node>
                            <node id="left_eyelid_a" sid="left_eyelid_a" name="left_eyelid_a" type="JOINT">
                                <matrix sid="transform">0.1994801 -0.1287095 0.9714122 0.1240776 -0.9163327 0.3267413 0.2314618 0.1357254 -0.3471918 -0.9363087 -0.05276239 -0.009404381 0 0 0 1</matrix>
                            </node>
                            <node id="left_eyelid_b" sid="left_eyelid_b" name="left_eyelid_b" type="JOINT">
                                <matrix sid="transform">0.5959162 0.117735 -0.7943692 0.1119651 -0.7668128 -0.210359 -0.6064217 0.129497 -0.2384998 0.9705089 -0.03507555 -0.008961964 0 0 0 1</matrix>
                            </node>
                            <node id="right_upper_eyelid_01" sid="right_upper_eyelid_01" name="right_upper_eyelid_01" type="JOINT">
                                <matrix sid="transform">0.3459628 -0.9019021 0.2586163 0.1276093 0.6800212 0.4309421 0.5931781 -0.112875 -0.6464372 -0.02935302 0.7624024 0.019507 0 0 0 1</matrix>
                                <node id="right_upper_eyelid_02" sid="right_upper_eyelid_02" name="right_upper_eyelid_02" type="JOINT">
                                    <matrix sid="transform">1 0 0 0.2780001 0 1 0 -5.066971E-07 0 0 1 -5.518643E-07 0 0 0 1</matrix>
                                </node>
                            </node>
                            <node id="right_lower_eyelid_01" sid="right_lower_eyelid_01" name="right_lower_eyelid_01" type="JOINT">
                                <matrix sid="transform">0.4115143 0.9101543 0.04769926 0.1187223 0.9105008 -0.4128721 0.02291452 -0.144 0.04054943 0.03400056 -0.9985991 -0.04806 0 0 0 1</matrix>
                                <node id="right_lower_eyelid_02" sid="right_lower_eyelid_02" name="right_lower_eyelid_02" type="JOINT">
                                    <matrix sid="transform">1 0 0 0.2850004 0 1 0 2.709198E-07 0 0 1 -3.861543E-07 0 0 0 1</matrix>
                                </node>
                            </node>
                            <node id="right_eyelid_a" sid="right_eyelid_a" name="right_eyelid_a" type="JOINT">
                                <matrix sid="transform">0.1994801 0.1287095 0.9714122 0.1240773 0.9163327 0.3267413 -0.2314618 -0.135725 -0.3471918 0.9363087 -0.05276239 -0.009404 0 0 0 1</matrix>
                            </node>
                            <node id="right_eyelid_b" sid="right_eyelid_b" name="right_eyelid_b" type="JOINT">
                                <matrix sid="transform">0.5959162 -0.117735 -0.7943692 0.1119653 0.7668128 -0.210359 0.6064217 -0.129497 -0.2384998 -0.9705089 -0.03507555 -0.008962 0 0 0 1</matrix>
                            </node>
                            <node id="left_feeler_01" sid="left_feeler_01" name="left_feeler_01" type="JOINT">
                                <matrix sid="transform">1.788139E-07 0 0.9999998 0.06213022 -0.9999998 -1.430511E-06 0 -0.1504296 1.609325E-06 -0.9999998 1.788139E-07 -0.03322659 0 0 0 1</matrix>
                                <node id="left_feeler_02" sid="left_feeler_02" name="left_feeler_02" type="JOINT">
                                    <matrix sid="transform">1 0 0 0.1570938 0 1 0 7.105427E-17 0 0 1 -4.440892E-17 0 0 0 1</matrix>
                                </node>
                            </node>
                            <node id="right_feeler_01" sid="right_feeler_01" name="right_feeler_01" type="JOINT">
                                <matrix sid="transform">1.788139E-07 0 0.9999998 0.06213026 0.9999998 5.960464E-07 0 0.1433988 -4.172325E-07 0.9999998 1.788139E-07 -0.03322626 0 0 0 1</matrix>
                                <node id="right_feeler_02" sid="right_feeler_02" name="right_feeler_02" type="JOINT">
                                    <matrix sid="transform">1 4.561041E-07 -4.561313E-07 0.157092 -4.561041E-07 1 2.080434E-13 7.105427E-17 4.561313E-07 0 1 1.776357E-17 0 0 0 1</matrix>
                                </node>
                            </node>
                            <node id="upper_feeler_a_01" sid="upper_feeler_a_01" name="upper_feeler_a_01" type="JOINT">
                                <matrix sid="transform">-0.1201479 0 0.9927559 -0.02905089 0 1 0 -7.687184E-15 -0.9927559 0 -0.1201479 -0.2724909 0 0 0 1</matrix>
                                <node id="upper_feeler_a_02" sid="upper_feeler_a_02" name="upper_feeler_a_02" type="JOINT">
                                    <matrix sid="transform">1 0 0 0.04763599 0 1 0 -1.152611E-17 0 0 1 -1.776357E-17 0 0 0 1</matrix>
                                </node>
                            </node>
                            <node id="jaw" sid="jaw" name="jaw" type="JOINT">
                                <matrix sid="transform">0.9560101 0 0.2933337 0.09604 0 1 0 0 -0.2933337 0 0.9560101 0.02896 0 0 0 1</matrix>
                            </node>
                        </node>
                        <node id="hips" sid="hips" name="hips" type="JOINT">
                            <matrix sid="transform">-1 8.742278E-08 0 -8.881784E-18 -8.742278E-08 -1 0 5.551115E-19 0 0 1 7.105427E-17 0 0 0 1</matrix>
                            <node id="tail_01" sid="tail_01" name="tail_01" type="JOINT">
                                <matrix sid="transform">0.999575 0 -0.02915171 0.1360734 0 1 0 -1.806227E-16 0.02915171 0 0.999575 -2.842171E-16 0 0 0 1</matrix>
                                <node id="tail_02" sid="tail_02" name="tail_02" type="JOINT">
                                    <matrix sid="transform">0.999575 0 0.02915171 0.1412865 0 1 0 2.495412E-17 -0.02915171 0 0.999575 2.131628E-16 0 0 0 1</matrix>
                                    <node id="tail_03" sid="tail_03" name="tail_03" type="JOINT">
                                        <matrix sid="transform">1 0 0 0.09378689 0 1 0 1.554312E-16 0 0 1 -4.263256E-16 0 0 0 1</matrix>
                                        <node id="tail_04" sid="tail_04" name="tail_04" type="JOINT">
                                            <matrix sid="transform">1 0 0 0.09122621 0 1 0 2.153833E-16 0 0 1 -7.105427E-17 0 0 0 1</matrix>
                                        </node>
                                    </node>
                                </node>
                                <node id="upper_feeler_b_01" sid="upper_feeler_b_01" name="upper_feeler_b_01" type="JOINT">
                                    <matrix sid="transform">0.8673393 -4.351183E-08 -0.4977174 0.1022002 0 -0.9999999 8.742277E-08 -1.305622E-15 -0.4977174 -7.582521E-08 -0.8673391 -0.1515411 0 0 0 1</matrix>
                                    <node id="upper_feeler_b_02" sid="upper_feeler_b_02" name="upper_feeler_b_02" type="JOINT">
                                        <matrix sid="transform">0.9551517 0 0.296117 0.1134859 0 1 0 1.598721E-16 -0.296117 0 0.9551517 7.105427E-17 0 0 0 1</matrix>
                                    </node>
                                </node>
                                <node id="lower_feeler_01" sid="lower_feeler_01" name="lower_feeler_01" type="JOINT">
                                    <matrix sid="transform">0.7199996 0 -0.6939745 0.08787533 0 1 0 1.29674E-15 0.6939745 0 0.7199996 0.1122379 0 0 0 1</matrix>
                                    <node id="lower_feeler_02" sid="lower_feeler_02" name="lower_feeler_02" type="JOINT">
                                        <matrix sid="transform">0.9642823 0 0.2648766 0.07831921 0 1 0 -2.220446E-17 -0.2648766 0 0.9642823 1.065814E-16 0 0 0 1</matrix>
                                    </node>
                                </node>
                            </node>
                        </node>
                    </node>
                </node>
                <node id="lod_group" sid="lod_group" name="lod_group" type="JOINT">
                    <matrix sid="transform">1 0 0 0 0 1 0 0 0 0 1 0 0 0 0 1</matrix>
                    <node id="lod0" sid="lod0" name="lod0" type="JOINT">
                        <matrix sid="transform">1 0 0 0 0 1 0 0 0 0 1 0 0 0 0 1</matrix>
                        <node id="pm0550_11_00_eye_mesh" sid="pm0550_11_00_eye_mesh" name="pm0550_11_00_eye_mesh" type="JOINT">
                            <matrix sid="transform">1 0 0 0 0 1 0 0 0 0 1 0 0 0 0 1</matrix>
                        </node>
                        <node id="pm0550_11_00_body_mesh" sid="pm0550_11_00_body_mesh" name="pm0550_11_00_body_mesh" type="JOINT">
                            <matrix sid="transform">1 0 0 0 0 1 0 0 0 0 1 0 0 0 0 1</matrix>
                        </node>
                    </node>
                    <node id="lod1" sid="lod1" name="lod1" type="JOINT">
                        <matrix sid="transform">1 0 0 0 0 1 0 0 0 0 1 0 0 0 0 1</matrix>
                        <node id="pm0550_11_00_eye_mesh_lod1" sid="pm0550_11_00_eye_mesh_lod1" name="pm0550_11_00_eye_mesh_lod1" type="JOINT">
                            <matrix sid="transform">1 0 0 0 0 1 0 0 0 0 1 0 0 0 0 1</matrix>
                        </node>
                        <node id="pm0550_11_00_body_mesh_lod1" sid="pm0550_11_00_body_mesh_lod1" name="pm0550_11_00_body_mesh_lod1" type="JOINT">
                            <matrix sid="transform">1 0 0 0 0 1 0 0 0 0 1 0 0 0 0 1</matrix>
                        </node>
                    </node>
                    <node id="lod2" sid="lod2" name="lod2" type="JOINT">
                        <matrix sid="transform">1 0 0 0 0 1 0 0 0 0 1 0 0 0 0 1</matrix>
                        <node id="pm0550_11_00_eye_mesh_lod2" sid="pm0550_11_00_eye_mesh_lod2" name="pm0550_11_00_eye_mesh_lod2" type="JOINT">
                            <matrix sid="transform">1 0 0 0 0 1 0 0 0 0 1 0 0 0 0 1</matrix>
                        </node>
                        <node id="pm0550_11_00_body_mesh_lod2" sid="pm0550_11_00_body_mesh_lod2" name="pm0550_11_00_body_mesh_lod2" type="JOINT">
                            <matrix sid="transform">1 0 0 0 0 1 0 0 0 0 1 0 0 0 0 1</matrix>
                        </node>
                    </node>
                </node>
            </node>
            <node id="pm0550_11_00_eye_mesh_shape_lod2_l_eye" sid="pm0550_11_00_eye_mesh_shape_lod2_l_eye" name="pm0550_11_00_eye_mesh_shape_lod2_l_eye">
                <instance_controller url="#pm0550_11_00_eye_mesh_shape_lod2_l_eye-controller">
                    <skeleton>#pm0550_11_00</skeleton>
                    <bind_material>
                        <technique_common>
                            <instance_material target="#l_eye" symbol="l_eye" />
                        </technique_common>
                    </bind_material>
                </instance_controller>
            </node>
            <node id="pm0550_11_00_eye_mesh_shape_lod2_r_eye" sid="pm0550_11_00_eye_mesh_shape_lod2_r_eye" name="pm0550_11_00_eye_mesh_shape_lod2_r_eye">
                <instance_controller url="#pm0550_11_00_eye_mesh_shape_lod2_r_eye-controller">
                    <skeleton>#pm0550_11_00</skeleton>
                    <bind_material>
                        <technique_common>
                            <instance_material target="#r_eye" symbol="r_eye" />
                        </technique_common>
                    </bind_material>
                </instance_controller>
            </node>
            <node id="pm0550_11_00_body_mesh_shape_lod2_body_00" sid="pm0550_11_00_body_mesh_shape_lod2_body_00" name="pm0550_11_00_body_mesh_shape_lod2_body_00">
                <instance_controller url="#pm0550_11_00_body_mesh_shape_lod2_body_00-controller">
                    <skeleton>#pm0550_11_00</skeleton>
                    <bind_material>
                        <technique_common>
                            <instance_material target="#body_00" symbol="body_00" />
                        </technique_common>
                    </bind_material>
                </instance_controller>
            </node>
        </visual_scene>
    </library_visual_scenes>
    <scene>
        <instance_visual_scene url="#Scene" />
    </scene>
</COLLADA>