<?xml version="1.0" encoding="utf-8"?>
<COLLADA xmlns:xsd="http://www.w3.org/2001/XMLSchema" xmlns:xsi="http://www.w3.org/2001/XMLSchema-instance" version="1.4.1" xmlns="http://www.collada.org/2005/11/COLLADASchema">
    <asset>
        <created>0001-01-01T00:00:00</created>
        <modified>0001-01-01T00:00:00</modified>
        <unit name="Meter" />
        <contributor>
            <authoring_tool>IONET Exporter</authoring_tool>
        </contributor>
    </asset>
    <library_images>
        <image id="pm0550_12_00_eye_alb-image" name="pm0550_12_00_eye_alb">
            <init_from>pm0550_12_00_eye_alb.png</init_from>
        </image>
        <image id="pm0550_12_00_eye_alb-image_0" name="pm0550_12_00_eye_alb">
            <init_from>pm0550_12_00_eye_alb.png</init_from>
        </image>
        <image id="pm0550_12_00_body_alb-image" name="pm0550_12_00_body_alb">
            <init_from>pm0550_12_00_body_alb.png</init_from>
        </image>
        <image id="pm0550_12_00_body_alb-image_0" name="pm0550_12_00_body_alb">
            <init_from>pm0550_12_00_body_alb.png</init_from>
        </image>
    </library_images>
    <library_materials>
        <material id="l_eye" name="l_eye">
            <instance_effect url="#l_eye-effect" />
        </material>
        <material id="r_eye" name="r_eye">
            <instance_effect url="#r_eye-effect" />
        </material>
        <material id="body_00" name="body_00">
            <instance_effect url="#body_00-effect" />
        </material>
        <material id="body_01" name="body_01">
            <instance_effect url="#body_01-effect" />
        </material>
    </library_materials>
    <library_effects>
        <effect id="l_eye-effect" name="l_eye">
            <profile_COMMON>
                <newparam sid="pm0550_12_00_eye_alb-image_surface">
                    <surface type="2D">
                        <init_from>pm0550_12_00_eye_alb-image</init_from>
                    </surface>
                </newparam>
                <newparam sid="pm0550_12_00_eye_alb-image_sampler">
                    <sampler2D>
                        <source>pm0550_12_00_eye_alb-image_surface</source>
                    </sampler2D>
                </newparam>
                <technique sid="standard">
                    <phong>
                        <emission>
                            <color sid="emission">0 0 0 1</color>
                        </emission>
                        <ambient>
                            <color sid="ambient">0 0 0 1</color>
                        </ambient>
                        <diffuse>
                            <texture texture="pm0550_12_00_eye_alb-image_sampler" texcoord="CHANNEL0" />
                        </diffuse>
                        <specular>
                            <color sid="specular">0 0 0 1</color>
                        </specular>
                        <reflective>
                            <color sid="reflective">1 1 1 1</color>
                        </reflective>
                        <shininess>
                            <float sid="shininess">50</float>
                        </shininess>
                        <reflectivity>
                            <float sid="reflectivity">1</float>
                        </reflectivity>
                        <transparency>
                            <float sid="transparency">1</float>
                        </transparency>
                    </phong>
                </technique>
            </profile_COMMON>
        </effect>
        <effect id="r_eye-effect" name="r_eye">
            <profile_COMMON>
                <newparam sid="pm0550_12_00_eye_alb-image_0_surface">
                    <surface type="2D">
                        <init_from>pm0550_12_00_eye_alb-image_0</init_from>
                    </surface>
                </newparam>
                <newparam sid="pm0550_12_00_eye_alb-image_0_sampler">
                    <sampler2D>
                        <source>pm0550_12_00_eye_alb-image_0_surface</source>
                    </sampler2D>
                </newparam>
                <technique sid="standard">
                    <phong>
                        <emission>
                            <color sid="emission">0 0 0 1</color>
                        </emission>
                        <ambient>
                            <color sid="ambient">0 0 0 1</color>
                        </ambient>
                        <diffuse>
                            <texture texture="pm0550_12_00_eye_alb-image_0_sampler" texcoord="CHANNEL0" />
                        </diffuse>
                        <specular>
                            <color sid="specular">0 0 0 1</color>
                        </specular>
                        <reflective>
                            <color sid="reflective">1 1 1 1</color>
                        </reflective>
                        <shininess>
                            <float sid="shininess">50</float>
                        </shininess>
                        <reflectivity>
                            <float sid="reflectivity">1</float>
                        </reflectivity>
                        <transparency>
                            <float sid="transparency">1</float>
                        </transparency>
                    </phong>
                </technique>
            </profile_COMMON>
        </effect>
        <effect id="body_00-effect" name="body_00">
            <profile_COMMON>
                <newparam sid="pm0550_12_00_body_alb-image_surface">
                    <surface type="2D">
                        <init_from>pm0550_12_00_body_alb-image</init_from>
                    </surface>
                </newparam>
                <newparam sid="pm0550_12_00_body_alb-image_sampler">
                    <sampler2D>
                        <source>pm0550_12_00_body_alb-image_surface</source>
                    </sampler2D>
                </newparam>
                <technique sid="standard">
                    <phong>
                        <emission>
                            <color sid="emission">0 0 0 1</color>
                        </emission>
                        <ambient>
                            <color sid="ambient">0 0 0 1</color>
                        </ambient>
                        <diffuse>
                            <texture texture="pm0550_12_00_body_alb-image_sampler" texcoord="CHANNEL0" />
                        </diffuse>
                        <specular>
                            <color sid="specular">0 0 0 1</color>
                        </specular>
                        <reflective>
                            <color sid="reflective">1 1 1 1</color>
                        </reflective>
                        <shininess>
                            <float sid="shininess">50</float>
                        </shininess>
                        <reflectivity>
                            <float sid="reflectivity">1</float>
                        </reflectivity>
                        <transparency>
                            <float sid="transparency">1</float>
                        </transparency>
                    </phong>
                </technique>
            </profile_COMMON>
        </effect>
        <effect id="body_01-effect" name="body_01">
            <profile_COMMON>
                <newparam sid="pm0550_12_00_body_alb-image_0_surface">
                    <surface type="2D">
                        <init_from>pm0550_12_00_body_alb-image_0</init_from>
                    </surface>
                </newparam>
                <newparam sid="pm0550_12_00_body_alb-image_0_sampler">
                    <sampler2D>
                        <source>pm0550_12_00_body_alb-image_0_surface</source>
                    </sampler2D>
                </newparam>
                <technique sid="standard">
                    <phong>
                        <emission>
                            <color sid="emission">0 0 0 1</color>
                        </emission>
                        <ambient>
                            <color sid="ambient">0 0 0 1</color>
                        </ambient>
                        <diffuse>
                            <texture texture="pm0550_12_00_body_alb-image_0_sampler" texcoord="CHANNEL0" />
                        </diffuse>
                        <specular>
                            <color sid="specular">0 0 0 1</color>
                        </specular>
                        <reflective>
                            <color sid="reflective">1 1 1 1</color>
                        </reflective>
                        <shininess>
                            <float sid="shininess">50</float>
                        </shininess>
                        <reflectivity>
                            <float sid="reflectivity">1</float>
                        </reflectivity>
                        <transparency>
                            <float sid="transparency">1</float>
                        </transparency>
                    </phong>
                </technique>
            </profile_COMMON>
        </effect>
    </library_effects>
    <library_geometries>
        <geometry id="pm0550_12_00_eye_mesh_shape_lod1_l_eye-geometry" name="pm0550_12_00_eye_mesh_shape_lod1_l_eye">
            <mesh>
                <source id="pm0550_12_00_eye_mesh_shape_lod1_l_eye-geometry-POSITION">
                    <float_array id="pm0550_12_00_eye_mesh_shape_lod1_l_eye-geometry-POSITION-array" count="51">0.06888666 0.4044392 0.2909215 0.04986436 0.4058271 0.311459 0.04943059 0.3965777 0.315991 0.05029813 0.4150764 0.3069269 0.053631 0.4353117 0.2940687 0.08024579 0.4144403 0.2689447 0.05742784 0.4553927 0.2763155 0.06189388 0.4732778 0.2562346 0.06634943 0.4902456 0.2341129 0.0878045 0.4273783 0.2472955 0.09092591 0.4412915 0.230425 0.09155002 0.4558887 0.2167854 0.07027353 0.505001 0.2111746 0.08860765 0.472219 0.2046559 0.08367714 0.4905095 0.1949215 0.0792151 0.5049182 0.1884194 0.07419176 0.5196594 0.1827979</float_array>
                    <technique_common>
                        <accessor count="17" offset="0" source="pm0550_12_00_eye_mesh_shape_lod1_l_eye-geometry-POSITION-array" stride="3">
                            <param name="X" type="float" />
                            <param name="Y" type="float" />
                            <param name="Z" type="float" />
                        </accessor>
                    </technique_common>
                </source>
                <source id="pm0550_12_00_eye_mesh_shape_lod1_l_eye-geometry-NORMAL">
                    <float_array id="pm0550_12_00_eye_mesh_shape_lod1_l_eye-geometry-NORMAL-array" count="48">0.753418 0.3127441 0.578125 0.7133789 0.2810059 0.6416016 0.7138672 0.2856445 0.6391602 0.7612305 0.3225098 0.5625 0.784668 0.3486328 0.5117188 0.7871094 0.3469238 0.5092773 0.8198242 0.3530273 0.4501953 0.8188477 0.3845215 0.4257813 0.7895508 0.3718262 0.4875488 0.8100586 0.3728027 0.4516602 0.8217773 0.3869629 0.4172363 0.8339844 0.4060059 0.3728027 0.8476563 0.4064941 0.3400879 0.8486328 0.4091797 0.3347168 0.8476563 0.4138184 0.331543 0.847168 0.4150391 0.3312988</float_array>
                    <technique_common>
                        <accessor count="16" offset="0" source="pm0550_12_00_eye_mesh_shape_lod1_l_eye-geometry-NORMAL-array" stride="3">
                            <param name="X" type="float" />
                            <param name="Y" type="float" />
                            <param name="Z" type="float" />
                        </accessor>
                    </technique_common>
                </source>
                <source id="pm0550_12_00_eye_mesh_shape_lod1_l_eye-geometry-TEXCOORD">
                    <float_array id="pm0550_12_00_eye_mesh_shape_lod1_l_eye-geometry-TEXCOORD-array" count="34">0.7109797 0.2561349 0.8379016 0.2999279 0.86752 0.2604309 0.8082796 0.3394291 0.725928 0.4211041 0.5846902 0.2766826 0.6235164 0.5008854 0.5122448 0.5695277 0.3932792 0.6340816 0.4651594 0.3175 0.3740467 0.3715954 0.3011214 0.4337838 0.2736985 0.6901397 0.2395532 0.5107117 0.1904835 0.6002065 0.1580228 0.6718744 0.1300962 0.7460698</float_array>
                    <technique_common>
                        <accessor count="17" offset="0" source="pm0550_12_00_eye_mesh_shape_lod1_l_eye-geometry-TEXCOORD-array" stride="2">
                            <param name="S" type="float" />
                            <param name="T" type="float" />
                        </accessor>
                    </technique_common>
                </source>
                <vertices id="pm0550_12_00_eye_mesh_shape_lod1_l_eye-vertices">
                    <input semantic="POSITION" source="#pm0550_12_00_eye_mesh_shape_lod1_l_eye-geometry-POSITION" />
                </vertices>
                <triangles count="15" material="l_eye">
                    <input semantic="VERTEX" source="#pm0550_12_00_eye_mesh_shape_lod1_l_eye-vertices" offset="0" set="0" />
                    <input semantic="NORMAL" source="#pm0550_12_00_eye_mesh_shape_lod1_l_eye-geometry-NORMAL" offset="1" set="0" />
                    <input semantic="TEXCOORD" source="#pm0550_12_00_eye_mesh_shape_lod1_l_eye-geometry-TEXCOORD" offset="2" set="0" />
                    <p>0 0 0 1 1 1 2 1 2 1 1 1 0 0 0 3 2 3 3 2 3 0 0 0 4 3 4 0 0 0 5 4 5 4 3 4 4 3 4 5 4 5 6 5 6 5 4 5 7 6 7 6 5 6 8 7 8 7 6 7 5 4 5 8 7 8 5 4 5 9 8 9 8 7 8 9 8 9 10 9 10 11 10 11 8 7 8 10 9 10 12 11 12 8 7 8 11 10 11 13 12 13 12 11 12 11 10 11 14 13 14 12 11 12 13 12 13 15 14 15 12 11 12 14 13 14 16 15 16 12 11 12 15 14 15</p>
                </triangles>
            </mesh>
        </geometry>
        <geometry id="pm0550_12_00_eye_mesh_shape_lod1_r_eye-geometry" name="pm0550_12_00_eye_mesh_shape_lod1_r_eye">
            <mesh>
                <source id="pm0550_12_00_eye_mesh_shape_lod1_r_eye-geometry-POSITION">
                    <float_array id="pm0550_12_00_eye_mesh_shape_lod1_r_eye-geometry-POSITION-array" count="51">-0.04986436 0.4058271 0.311459 -0.06888666 0.4044392 0.2909215 -0.04943059 0.3965777 0.315991 -0.05029813 0.4150764 0.3069269 -0.053631 0.4353117 0.2940687 -0.08024579 0.4144403 0.2689447 -0.05742784 0.4553927 0.2763155 -0.06189388 0.4732778 0.2562346 -0.06634943 0.4902456 0.2341129 -0.0878045 0.4273783 0.2472955 -0.09092591 0.4412915 0.230425 -0.09155002 0.4558887 0.2167854 -0.07027353 0.505001 0.2111746 -0.08860765 0.472219 0.2046559 -0.08367714 0.4905095 0.1949215 -0.0792151 0.5049182 0.1884194 -0.07419176 0.5196594 0.1827979</float_array>
                    <technique_common>
                        <accessor count="17" offset="0" source="pm0550_12_00_eye_mesh_shape_lod1_r_eye-geometry-POSITION-array" stride="3">
                            <param name="X" type="float" />
                            <param name="Y" type="float" />
                            <param name="Z" type="float" />
                        </accessor>
                    </technique_common>
                </source>
                <source id="pm0550_12_00_eye_mesh_shape_lod1_r_eye-geometry-NORMAL">
                    <float_array id="pm0550_12_00_eye_mesh_shape_lod1_r_eye-geometry-NORMAL-array" count="48">-0.7133789 0.2810059 0.6416016 -0.753418 0.3127441 0.578125 -0.7138672 0.2856445 0.6391602 -0.7612305 0.3225098 0.5625 -0.784668 0.3486328 0.5117188 -0.7871094 0.3469238 0.5092773 -0.8198242 0.3530273 0.4501953 -0.8188477 0.3845215 0.4257813 -0.7895508 0.3718262 0.4875488 -0.8100586 0.3728027 0.4516602 -0.8217773 0.3869629 0.4172363 -0.8339844 0.4060059 0.3728027 -0.8476563 0.4064941 0.3400879 -0.8486328 0.4091797 0.3347168 -0.8476563 0.4138184 0.331543 -0.847168 0.4150391 0.3312988</float_array>
                    <technique_common>
                        <accessor count="16" offset="0" source="pm0550_12_00_eye_mesh_shape_lod1_r_eye-geometry-NORMAL-array" stride="3">
                            <param name="X" type="float" />
                            <param name="Y" type="float" />
                            <param name="Z" type="float" />
                        </accessor>
                    </technique_common>
                </source>
                <source id="pm0550_12_00_eye_mesh_shape_lod1_r_eye-geometry-TEXCOORD">
                    <float_array id="pm0550_12_00_eye_mesh_shape_lod1_r_eye-geometry-TEXCOORD-array" count="34">0.8379018 0.2999285 0.7109799 0.2561352 0.8675203 0.2604312 0.8082799 0.3394294 0.7259282 0.4211044 0.5846905 0.2766828 0.6235166 0.5008855 0.5122449 0.5695276 0.393279 0.6340814 0.4651599 0.3174999 0.374047 0.3715953 0.3011215 0.4337837 0.2736983 0.6901396 0.2395532 0.5107116 0.1904835 0.6002063 0.1580227 0.6718742 0.130096 0.7460696</float_array>
                    <technique_common>
                        <accessor count="17" offset="0" source="pm0550_12_00_eye_mesh_shape_lod1_r_eye-geometry-TEXCOORD-array" stride="2">
                            <param name="S" type="float" />
                            <param name="T" type="float" />
                        </accessor>
                    </technique_common>
                </source>
                <vertices id="pm0550_12_00_eye_mesh_shape_lod1_r_eye-vertices">
                    <input semantic="POSITION" source="#pm0550_12_00_eye_mesh_shape_lod1_r_eye-geometry-POSITION" />
                </vertices>
                <triangles count="15" material="r_eye">
                    <input semantic="VERTEX" source="#pm0550_12_00_eye_mesh_shape_lod1_r_eye-vertices" offset="0" set="0" />
                    <input semantic="NORMAL" source="#pm0550_12_00_eye_mesh_shape_lod1_r_eye-geometry-NORMAL" offset="1" set="0" />
                    <input semantic="TEXCOORD" source="#pm0550_12_00_eye_mesh_shape_lod1_r_eye-geometry-TEXCOORD" offset="2" set="0" />
                    <p>0 0 0 1 1 1 2 0 2 3 2 3 1 1 1 0 0 0 3 2 3 4 3 4 1 1 1 4 3 4 5 4 5 1 1 1 6 5 6 5 4 5 4 3 4 5 4 5 6 5 6 7 6 7 5 4 5 7 6 7 8 7 8 9 8 9 5 4 5 8 7 8 10 9 10 9 8 9 8 7 8 8 7 8 11 10 11 10 9 10 12 11 12 11 10 11 8 7 8 12 11 12 13 12 13 11 10 11 14 13 14 13 12 13 12 11 12 15 14 15 14 13 14 12 11 12 15 14 15 12 11 12 16 15 16</p>
                </triangles>
            </mesh>
        </geometry>
        <geometry id="pm0550_12_00_body_mesh_shape_lod1_body_00-geometry" name="pm0550_12_00_body_mesh_shape_lod1_body_00">
            <mesh>
                <source id="pm0550_12_00_body_mesh_shape_lod1_body_00-geometry-POSITION">
                    <float_array id="pm0550_12_00_body_mesh_shape_lod1_body_00-geometry-POSITION-array" count="1377">0.1337818 0.3409373 0.1864148 0.1487991 0.345711 0.117705 0.1473239 0.2994035 0.1535214 -0.1473239 0.2994035 0.1535214 -0.1487991 0.345711 0.117705 -0.1337818 0.3409373 0.1864148 0.0805898 0.5124119 0.1927282 0.0834401 0.5210442 0.1867012 0.07968722 0.5096744 0.1990092 0.07736371 0.502075 0.2130636 0.07549464 0.4916601 0.2354905 0.07427679 0.4889165 0.2339536 0.07016126 0.4730808 0.2550022 0.06665602 0.4583887 0.2753808 0.06610686 0.456501 0.2732796 0.07089447 0.4764067 0.2571706 0.06451882 0.4380206 0.2889057 0.06715999 0.4595207 0.2772939 0.05967972 0.4199879 0.3063156 0.06207008 0.4200619 0.2997845 0.05959236 0.4080388 0.3056759 0.05950649 0.4026717 0.315069 -0.0834401 0.5210442 0.1867012 -0.0805898 0.5124119 0.1927282 -0.07968722 0.5096744 0.1990092 -0.07736371 0.502075 0.2130636 -0.07549464 0.4916601 0.2354905 -0.07427679 0.4889165 0.2339536 -0.07016126 0.4730808 0.2550022 -0.06665602 0.4583887 0.2753808 -0.06610686 0.456501 0.2732796 -0.07089447 0.4764067 0.2571706 -0.06451882 0.4380206 0.2889057 -0.06715999 0.4595207 0.2772939 -0.05967972 0.4199879 0.3063156 -0.06207008 0.4200619 0.2997845 -0.05959236 0.4080388 0.3056759 -0.05950649 0.4026717 0.315069 0.02424973 0.3538921 -0.3655993 0.03451669 0.3538907 -0.3399654 0.02433614 0.3180916 -0.3655271 0.02959656 0.3041293 -0.3399361 0.01678023 0.2959961 -0.3655111 3.673741E-10 0.2790053 -0.339836 -2.397526E-10 0.2798748 -0.3654716 0.03152272 0.2794891 -0.3094019 4.852238E-11 0.2443194 -0.279382 0.04205731 0.2649694 -0.27906 0.05809594 0.2887675 -0.2787044 0.08699585 0.2699446 -0.215047 0.03913483 0.2095832 -0.1775865 4.259129E-10 0.2065426 -0.1773169 0.06396283 0.2414803 -0.2149205 1.469756E-09 0.1919986 -0.1393676 0.08474306 0.2194185 -0.1393694 0.1125151 0.2519822 -0.1393557 0.04364843 0.1963494 -0.1393676 0.05230597 0.1789837 -0.06051755 1.184851E-09 0.1760581 -0.06051752 4.099749E-09 0.1671684 -0.0008693474 0.1017822 0.2022323 -0.06051757 0.1329685 0.2366721 -0.06051849 0.05657058 0.1704396 -0.0008632714 2.931476E-09 0.1587494 0.1095088 0.05929843 0.1636727 0.109537 0.117738 0.1905544 0.1095044 0.1108395 0.1945943 -0.0008494935 0.1419835 0.2295329 -0.0008516635 0.1466095 0.2244407 0.1082352 0.1564267 0.2657313 0.08456173 0.1550381 0.2647087 0.1081754 0.1569426 0.2713425 0.04401812 0.1534387 0.2779069 -0.0007655239 0.1593119 0.2979907 0.09145179 0.1530667 0.2964457 0.1116579 0.1479279 0.3374082 0.1193856 0.1607596 0.3494686 0.04404368 0.1567219 0.3453491 -0.0008810864 0.1570334 0.3402479 0.1109937 0.1259613 0.4787275 -0.0008692841 0.1487991 0.345711 0.117705 0.1415095 0.3421028 0.1213266 0.1553711 0.3594193 0.1169173 0.1259422 0.4854051 0.04408818 0.1186638 0.4833671 0.1260349 0.09254429 0.5364355 0.1269176 0.0983872 0.5423285 0.04410279 0.0985284 0.5383872 -0.0008670712 0.09398319 0.5259239 -0.06088956 0.1205205 0.4673605 -0.06072262 0.08884674 0.4864721 -0.1396392 0.1063121 0.4392273 -0.1393791 0.07527094 0.4338692 -0.2150964 0.09770628 0.3698239 -0.2153227 0.06017242 0.3861825 -0.2790169 3.183913E-09 0.4057408 0.3621275 4.435614E-09 0.2886346 0.4058458 0.04978382 0.3933353 0.3470114 0.08294128 0.2802346 0.3722478 0.08399557 0.3832587 0.3270985 0.1093862 0.3181784 0.3076801 0.1237716 0.355435 0.2360177 0.1043258 0.2891321 0.3199461 0.09279763 0.2587623 0.3347375 0.1013815 0.2324637 0.2790233 0.1289371 0.2995251 0.2558814 0.1334569 0.2455379 0.2176923 0.109414 0.2125961 0.2247274 0.117738 0.1905544 0.1095044 0.1466095 0.2244407 0.1082352 0.154808 0.2650076 0.134852 0.1440182 0.3378513 0.1420757 0.1550381 0.2647087 0.1081754 0.1479279 0.3374082 0.1193856 0.1530667 0.2964457 0.1116579 -0.06017242 0.3861825 -0.2790169 -0.09770628 0.3698239 -0.2153227 -0.07527094 0.4338692 -0.2150964 -0.1063121 0.4392273 -0.1393791 -0.08884674 0.4864721 -0.1396392 -0.1205205 0.4673605 -0.06072262 -0.09398319 0.5259239 -0.06088956 -0.1259613 0.4787275 -0.0008692841 -0.0985284 0.5383872 -0.0008670712 -0.1259422 0.4854051 0.04408818 -0.0983872 0.5423285 0.04410279 -0.09254429 0.5364355 0.1269176 -0.1186638 0.4833671 0.1260349 -0.1553711 0.3594193 0.1169173 -0.1607596 0.3494686 0.04404368 -0.1567219 0.3453491 -0.0008810864 -0.1534387 0.2779069 -0.0007655239 -0.1570334 0.3402479 0.1109937 -0.1487991 0.345711 0.117705 -0.1569426 0.2713425 0.04401812 -0.1479279 0.3374082 0.1193856 -0.1415095 0.3421028 0.1213266 -0.1419835 0.2295329 -0.0008516635 -0.1593119 0.2979907 0.09145179 -0.1530667 0.2964457 0.1116579 -0.1550381 0.2647087 0.1081754 -0.1564267 0.2657313 0.08456173 -0.1466095 0.2244407 0.1082352 -0.117738 0.1905544 0.1095044 -0.1108395 0.1945943 -0.0008494935 -0.1329685 0.2366721 -0.06051849 -0.05657058 0.1704396 -0.0008632714 -0.05929843 0.1636727 0.109537 2.931476E-09 0.1587494 0.1095088 4.099749E-09 0.1671684 -0.0008693474 -0.1017822 0.2022323 -0.06051757 -0.1125151 0.2519822 -0.1393557 -0.05230597 0.1789837 -0.06051755 1.184851E-09 0.1760581 -0.06051752 1.469756E-09 0.1919986 -0.1393676 -0.08474306 0.2194185 -0.1393694 -0.08699585 0.2699446 -0.215047 -0.04364843 0.1963494 -0.1393676 -0.03913483 0.2095832 -0.1775865 4.259129E-10 0.2065426 -0.1773169 4.852238E-11 0.2443194 -0.279382 -0.06396283 0.2414803 -0.2149205 -0.04205731 0.2649694 -0.27906 -0.05809594 0.2887675 -0.2787044 -0.03152272 0.2794891 -0.3094019 3.673741E-10 0.2790053 -0.339836 -0.02959656 0.3041293 -0.3399361 -2.397526E-10 0.2798748 -0.3654716 -0.01678023 0.2959961 -0.3655111 -0.02433614 0.3180916 -0.3655271 -0.03451669 0.3538907 -0.3399654 -0.02424973 0.3538921 -0.3655993 -0.04978382 0.3933353 0.3470114 4.435614E-09 0.2886346 0.4058458 3.183913E-09 0.4057408 0.3621275 -0.08294128 0.2802346 0.3722478 -0.08399557 0.3832587 0.3270985 -0.1093862 0.3181784 0.3076801 -0.1237716 0.355435 0.2360177 -0.1043258 0.2891321 0.3199461 -0.09279763 0.2587623 0.3347375 -0.1013815 0.2324637 0.2790233 -0.1289371 0.2995251 0.2558814 -0.1334569 0.2455379 0.2176923 -0.109414 0.2125961 0.2247274 -0.117738 0.1905544 0.1095044 -0.1466095 0.2244407 0.1082352 -0.154808 0.2650076 0.134852 -0.1440182 0.3378513 0.1420757 -0.1550381 0.2647087 0.1081754 -0.1479279 0.3374082 0.1193856 -0.1530667 0.2964457 0.1116579 0.08608461 0.3180475 0.07352276 0.1048532 0.3163629 0.1091483 0.1415095 0.3421028 0.1213266 0.1101253 0.3232395 0.1437197 0.1440182 0.3378513 0.1420757 0.1479279 0.3374082 0.1193856 0.09157665 0.3420827 0.238402 0.1237716 0.355435 0.2360177 0.05359686 0.3616567 0.2899113 0.08399557 0.3832587 0.3270985 0.04978382 0.3933353 0.3470114 3.183913E-09 0.4057408 0.3621275 -1.017007E-09 0.3649437 0.3039825 -0.05359686 0.3616567 0.2899113 -0.04978382 0.3933353 0.3470114 -0.08399557 0.3832587 0.3270985 -0.1237716 0.355435 0.2360177 -0.09157665 0.3420827 0.238402 -0.1440182 0.3378513 0.1420757 -0.1101253 0.3232395 0.1437197 -0.1415095 0.3421028 0.1213266 -0.1479279 0.3374082 0.1193856 -0.1048532 0.3163629 0.1091483 -0.08608461 0.3180475 0.07352276 -1.335461E-10 0.490114 -0.5727078 0.01583955 0.4030096 -0.5528052 -1.080105E-09 0.4149118 -0.5963747 -4.548998E-11 0.4932122 -0.5551335 0.01449322 0.4173392 -0.452029 0.01912573 0.3758853 -0.4521299 -3.755371E-10 0.4459475 -0.4520136 0.0167772 0.3872012 -0.3655896 0.02424973 0.3538921 -0.3655993 -2.168947E-10 0.4029632 -0.3654767 0.02249808 0.3912884 -0.3397862 0.03451669 0.3538907 -0.3399654 9.256098E-11 0.4065967 -0.3397484 0.0474226 0.3700598 -0.3095721 0.02940167 0.4097773 -0.3093712 -1.33092E-09 0.4489951 -0.2795885 0.06017242 0.3861825 -0.2790169 0.03630867 0.4281799 -0.2788751 0.07527094 0.4338692 -0.2150964 0.04701053 0.483126 -0.2154139 4.550989E-09 0.5116765 -0.2162227 0.08884674 0.4864721 -0.1396392 0.055417 0.5417503 -0.1402572 3.070496E-09 0.5693352 -0.1401984 0.09398319 0.5259239 -0.06088956 0.03370506 0.5996428 -0.06112868 5.638606E-10 0.6084042 -0.06043405 4.621014E-10 0.6236128 -0.0007112913 0.06416958 0.5918444 -0.0009367314 0.0985284 0.5383872 -0.0008670712 0.0983872 0.5423285 0.04410279 0.03393434 0.6133044 0.09009337 -2.548268E-09 0.6237866 0.09024543 0.0615612 0.5863211 0.1268897 0.09254429 0.5364355 0.1269176 0.03043634 0.5946985 0.1582222 -2.620696E-09 0.5939406 0.1814552 0.05709625 0.5688912 0.1839511 0.0834401 0.5210442 0.1867012 -6.893917E-11 0.5411671 0.2583685 0.07736371 0.502075 0.2130636 0.04596929 0.5232454 0.2548289 0.07549464 0.4916601 0.2354905 0.07089447 0.4764067 0.2571706 5.60449E-09 0.5054818 0.2917383 0.06715999 0.4595207 0.2772939 0.0320869 0.4293857 0.3297103 0.05967972 0.4199879 0.3063156 -5.141958E-08 0.430852 0.3369326 0.05950649 0.4026717 0.315069 0.02693784 0.382206 0.3433546 -3.129405E-08 0.3838849 0.3480661 0.05908083 0.376779 0.3226716 -1.080105E-09 0.4149118 -0.5963747 -0.01583955 0.4030096 -0.5528052 -1.335461E-10 0.490114 -0.5727078 -4.548998E-11 0.4932122 -0.5551335 -0.01449322 0.4173392 -0.452029 -3.755371E-10 0.4459475 -0.4520136 -0.01912573 0.3758853 -0.4521299 -0.0167772 0.3872012 -0.3655896 -2.168947E-10 0.4029632 -0.3654767 -0.02424973 0.3538921 -0.3655993 -0.02249808 0.3912884 -0.3397862 -0.03451669 0.3538907 -0.3399654 9.256098E-11 0.4065967 -0.3397484 -0.0474226 0.3700598 -0.3095721 -0.02940167 0.4097773 -0.3093712 -1.33092E-09 0.4489951 -0.2795885 -0.06017242 0.3861825 -0.2790169 -0.03630867 0.4281799 -0.2788751 -0.07527094 0.4338692 -0.2150964 -0.04701053 0.483126 -0.2154139 4.550989E-09 0.5116765 -0.2162227 -0.08884674 0.4864721 -0.1396392 -0.055417 0.5417503 -0.1402572 3.070496E-09 0.5693352 -0.1401984 -0.09398319 0.5259239 -0.06088956 -0.03370506 0.5996428 -0.06112868 5.638606E-10 0.6084042 -0.06043405 4.621014E-10 0.6236128 -0.0007112913 -0.06416958 0.5918444 -0.0009367314 -0.0985284 0.5383872 -0.0008670712 -0.0983872 0.5423285 0.04410279 -0.03393434 0.6133044 0.09009337 -2.548268E-09 0.6237866 0.09024543 -0.0615612 0.5863211 0.1268897 -0.09254429 0.5364355 0.1269176 -0.03043634 0.5946985 0.1582222 -2.620696E-09 0.5939406 0.1814552 -0.05709625 0.5688912 0.1839511 -0.0834401 0.5210442 0.1867012 -6.893917E-11 0.5411671 0.2583685 -0.07736371 0.502075 0.2130636 -0.04596929 0.5232454 0.2548289 -0.07549464 0.4916601 0.2354905 -0.07089447 0.4764067 0.2571706 5.60449E-09 0.5054818 0.2917383 -0.06715999 0.4595207 0.2772939 -0.0320869 0.4293857 0.3297103 -0.05967972 0.4199879 0.3063156 -5.141958E-08 0.430852 0.3369326 -0.05950649 0.4026717 0.315069 -0.02693784 0.382206 0.3433546 -3.129405E-08 0.3838849 0.3480661 -0.05908083 0.376779 0.3226716 0.1415095 0.3421028 0.1213266 0.1487991 0.345711 0.117705 0.1337818 0.3409373 0.1864148 0.07526623 0.3516725 0.2060513 0.1072015 0.3649145 0.2682177 0.08608461 0.3180475 0.07352276 0.05908083 0.376779 0.3226716 0.02693784 0.382206 0.3433546 -3.129405E-08 0.3838849 0.3480661 -0.07526623 0.3516725 0.2060513 4.116868E-32 0.3124558 0.0488059 -0.08608461 0.3180475 0.07352276 -0.1415095 0.3421028 0.1213266 -0.02693784 0.382206 0.3433546 -0.05908083 0.376779 0.3226716 -0.1072015 0.3649145 0.2682177 -0.1337818 0.3409373 0.1864148 -0.1487991 0.345711 0.117705 0.01912573 0.3758853 -0.4521299 0.02424973 0.3538921 -0.3655993 0.02433614 0.3180916 -0.3655271 0.01860888 0.2884169 -0.4520659 0.01678023 0.2959961 -0.3655111 0.01583955 0.4030096 -0.5528052 -2.397526E-10 0.2798748 -0.3654716 -5.889889E-10 0.2389164 -0.4517865 -3.938914E-10 0.2952523 -0.5938645 -1.080105E-09 0.4149118 -0.5963747 -2.180676E-09 0.195862 -0.5624444 0.01283803 0.2464782 -0.5119492 -1.060655E-10 0.1916826 -0.5460718 0.117738 0.1905544 0.1095044 0.109414 0.2125961 0.2247274 0.05929843 0.1636727 0.109537 0.05734725 0.1884781 0.2314319 0.1013815 0.2324637 0.2790233 2.931476E-09 0.1587494 0.1095088 0.05556731 0.2119945 0.287713 0.09279763 0.2587623 0.3347375 -1.101839E-09 0.1819629 0.2335494 0.05311695 0.247206 0.345946 0.08294128 0.2802346 0.3722478 4.435614E-09 0.2886346 0.4058458 3.636559E-09 0.2030436 0.2924177 -0.05311695 0.247206 0.345946 -0.08294128 0.2802346 0.3722478 -0.09279763 0.2587623 0.3347375 -0.05556731 0.2119945 0.287713 -0.1013815 0.2324637 0.2790233 -0.05734725 0.1884781 0.2314319 -0.109414 0.2125961 0.2247274 -0.05929843 0.1636727 0.109537 -0.117738 0.1905544 0.1095044 -0.02433614 0.3180916 -0.3655271 -0.02424973 0.3538921 -0.3655993 -0.01912573 0.3758853 -0.4521299 -0.01860888 0.2884169 -0.4520659 -0.01678023 0.2959961 -0.3655111 -0.01583955 0.4030096 -0.5528052 -5.889889E-10 0.2389164 -0.4517865 -2.397526E-10 0.2798748 -0.3654716 -3.938914E-10 0.2952523 -0.5938645 -1.080105E-09 0.4149118 -0.5963747 -2.180676E-09 0.195862 -0.5624444 -0.01283803 0.2464782 -0.5119492 -1.060655E-10 0.1916826 -0.5460718 0.05959236 0.4080388 0.3056759 0.05950649 0.4026717 0.315069 0.06387689 0.4104084 0.2984228 0.07226628 0.4141189 0.2870654 0.08907047 0.4200135 0.2694897 0.08433355 0.4233982 0.2667794 0.09213335 0.4341572 0.2474219 0.05908083 0.376779 0.3226716 0.1072015 0.3649145 0.2682177 0.09898788 0.4455274 0.2323282 0.09478042 0.4459557 0.2331158 0.09493817 0.4602297 0.2202109 0.1272717 0.4185813 0.1830803 0.09664281 0.4752082 0.2075285 0.09209184 0.4747636 0.2099457 0.08733647 0.4917442 0.201273 0.09308584 0.4932836 0.1985704 0.08351374 0.5038314 0.196 0.0805898 0.5124119 0.1927282 0.0834401 0.5210442 0.1867012 0.09254429 0.5364355 0.1269176 0.1186638 0.4833671 0.1260349 0.1553711 0.3594193 0.1169173 0.1473239 0.2994035 0.1535214 0.1487991 0.345711 0.117705 0.1427178 0.3451195 0.1802998 0.1337818 0.3409373 0.1864148 -0.05950649 0.4026717 0.315069 -0.05959236 0.4080388 0.3056759 -0.06387689 0.4104084 0.2984228 -0.07226628 0.4141189 0.2870654 -0.08907047 0.4200135 0.2694897 -0.08433355 0.4233982 0.2667794 -0.09213335 0.4341572 0.2474219 -0.1072015 0.3649145 0.2682177 -0.05908083 0.376779 0.3226716 -0.09898788 0.4455274 0.2323282 -0.09478042 0.4459557 0.2331158 -0.09493817 0.4602297 0.2202109 -0.1272717 0.4185813 0.1830803 -0.09664281 0.4752082 0.2075285 -0.09209184 0.4747636 0.2099457 -0.08733647 0.4917442 0.201273 -0.09308584 0.4932836 0.1985704 -0.08351374 0.5038314 0.196 -0.0805898 0.5124119 0.1927282 -0.0834401 0.5210442 0.1867012 -0.09254429 0.5364355 0.1269176 -0.1186638 0.4833671 0.1260349 -0.1553711 0.3594193 0.1169173 -0.1487991 0.345711 0.117705 -0.1473239 0.2994035 0.1535214 -0.1427178 0.3451195 0.1802998 -0.1337818 0.3409373 0.1864148 0.1101253 0.3232395 0.1437197 0.08517803 0.3373057 0.1455026 0.09157665 0.3420827 0.238402 0.05359686 0.3616567 0.2899113 0.1048532 0.3163629 0.1091483 0 0.3615095 0.2036017 -1.017007E-09 0.3649437 0.3039825 -0.05359686 0.3616567 0.2899113 3.74635E-32 0.3308672 0.09498264 0.08608461 0.3180475 0.07352276 4.116868E-32 0.3124558 0.0488059 -0.08608461 0.3180475 0.07352276 -0.1048532 0.3163629 0.1091483 2.552458E-32 0.340582 0.1214411 -0.08517803 0.3373057 0.1455026 -0.09157665 0.3420827 0.238402 -0.1101253 0.3232395 0.1437197</float_array>
                    <technique_common>
                        <accessor count="459" offset="0" source="pm0550_12_00_body_mesh_shape_lod1_body_00-geometry-POSITION-array" stride="3">
                            <param name="X" type="float" />
                            <param name="Y" type="float" />
                            <param name="Z" type="float" />
                        </accessor>
                    </technique_common>
                </source>
                <source id="pm0550_12_00_body_mesh_shape_lod1_body_00-geometry-NORMAL">
                    <float_array id="pm0550_12_00_body_mesh_shape_lod1_body_00-geometry-NORMAL-array" count="882">-0.2210693 -0.9697266 0.1003418 -0.5170898 -0.7280273 -0.4489746 -0.3820801 -0.8994141 -0.2109375 0.3820801 -0.8994141 -0.2109375 0.5170898 -0.7280273 -0.4489746 0.2210693 -0.9697266 0.1003418 0.5053711 0.3720703 0.777832 0.8320313 0.449707 0.3244629 0.9394531 -0.340332 -0.02793884 0.8037109 0.4399414 0.3999023 0.8115234 0.4492188 0.373291 0.9277344 -0.361084 -0.09039307 0.9101563 -0.3933105 -0.1265869 0.9692383 -0.2327881 -0.07757568 0.9741211 -0.2160645 -0.06054688 0.7905273 0.3945313 0.4680176 0.9477539 0.05389404 0.314209 0.6401367 0.4216309 0.6416016 0.6982422 0.3273926 0.6362305 0.9375 0.05389404 0.3435059 0.9311523 0.2907715 0.2198486 0.7001953 0.2172852 0.6791992 -0.8320313 0.449707 0.3244629 -0.5053711 0.3720703 0.777832 -0.9394531 -0.340332 -0.02793884 -0.8037109 0.4399414 0.3999023 -0.8115234 0.4492188 0.373291 -0.9277344 -0.361084 -0.09039307 -0.9101563 -0.3933105 -0.1265869 -0.9692383 -0.2327881 -0.07757568 -0.9741211 -0.2160645 -0.06054688 -0.7905273 0.3945313 0.4680176 -0.9477539 0.05389404 0.314209 -0.6401367 0.4216309 0.6416016 -0.6982422 0.3273926 0.6362305 -0.9375 0.05389404 0.3435059 -0.9311523 0.2907715 0.2198486 -0.7001953 0.2172852 0.6791992 0.987793 0.1040649 -0.1154785 0.8959961 0.1004639 -0.4318848 0.9921875 -0.08032227 -0.09466553 0.8188477 -0.3803711 -0.4289551 0.8647461 -0.4973145 0.06323242 0 -0.8881836 -0.4589844 0 -0.9370117 0.3483887 0.5766602 -0.652832 -0.4902344 0 -0.8852539 -0.4643555 0.5136719 -0.7207031 -0.4650879 0.7958984 -0.3713379 -0.4772949 0.8461914 -0.3405762 -0.4094238 0.2905273 -0.8803711 -0.3742676 0 -0.9365234 -0.3500977 0.5678711 -0.7099609 -0.4155273 0 -0.9667969 -0.2543945 0.5986328 -0.7348633 -0.317627 0.831543 -0.4453125 -0.3310547 0.293457 -0.9165039 -0.2705078 0.2531738 -0.9458008 -0.2027588 0 -0.9838867 -0.1762695 0 -0.9946289 -0.1002197 0.5610352 -0.7900391 -0.2451172 0.8583984 -0.4465332 -0.251709 0.2446289 -0.9643555 -0.09875488 0 -0.9970703 0.07305908 0.2570801 -0.9633789 0.07287598 0.5688477 -0.8183594 0.07440186 0.5644531 -0.8178711 -0.1074829 0.8598633 -0.4960938 -0.1191406 0.8530273 -0.5170898 0.06512451 0.9755859 -0.2178955 -0.02528381 0.9916992 -0.117981 0.04727173 0.987793 -0.1459961 -0.0536499 0.9838867 -0.1257324 -0.1259766 0.9975586 -0.02290344 0.05892944 0.9829102 0.07922363 0.1641846 0.9521484 0.09143066 0.2905273 0.9858398 0.1643066 -0.02095032 0.9838867 0.1334229 -0.116394 0.9848633 -0.005210876 0.1713867 0.9501953 0.2932129 -0.1011963 0.1061401 -0.9555664 0.2741699 0.9702148 0.2148438 0.1082153 0.9467773 0.3195801 0.03613281 0.9282227 0.3388672 0.1505127 0.8662109 0.4736328 0.1564941 0.8530273 0.5195313 0.04260254 0.8691406 0.4807129 -0.1140747 0.824707 0.512207 -0.2373047 0.9384766 0.2900391 -0.1867676 0.8364258 0.4174805 -0.3547363 0.8920898 0.310791 -0.3276367 0.8222656 0.3671875 -0.4345703 0.9179688 0.1239624 -0.3764648 0.8295898 0.3054199 -0.467041 0 0.7314453 0.6816406 0 -0.0692749 0.9975586 0.4182129 0.6416016 0.6420898 0.5327148 -0.001919746 0.8457031 0.6567383 0.6723633 0.3408203 0.9150391 0.1556396 0.3710938 0.7895508 0.6098633 0.06005859 0.9355469 -0.12854 0.3283691 0.6796875 -0.5844727 0.4421387 0.7016602 -0.5898438 0.3991699 0.9648438 0.04492188 0.2583008 0.9155273 -0.3161621 0.2473145 0.5961914 -0.7666016 0.2382813 0.9829102 -0.0682373 0.1682129 0.8510742 0.5087891 0.1250152 -0.8295898 0.3054199 -0.467041 -0.9179688 0.1239624 -0.3764648 -0.8222656 0.3671875 -0.4345703 -0.8920898 0.310791 -0.3276367 -0.8364258 0.4174805 -0.3547363 -0.9384766 0.2900391 -0.1867676 -0.824707 0.512207 -0.2373047 -0.9501953 0.2932129 -0.1011963 -0.8691406 0.4807129 -0.1140747 -0.9467773 0.3195801 0.03613281 -0.8530273 0.5195313 0.04260254 -0.8662109 0.4736328 0.1564941 -0.9282227 0.3388672 0.1505127 -0.9702148 0.2148438 0.1082153 -0.9858398 0.1643066 -0.02095032 -0.9838867 0.1334229 -0.116394 -0.9838867 -0.1257324 -0.1259766 -0.9848633 -0.005210876 0.1713867 -0.987793 -0.1459961 -0.0536499 -0.9521484 0.09143066 0.2905273 -0.1061401 -0.9555664 0.2741699 -0.8598633 -0.4960938 -0.1191406 -0.9975586 -0.02290344 0.05892944 -0.9829102 0.07922363 0.1641846 -0.9916992 -0.117981 0.04727173 -0.9755859 -0.2178955 -0.02528381 -0.8530273 -0.5170898 0.06512451 -0.5688477 -0.8183594 0.07440186 -0.5644531 -0.8178711 -0.1074829 -0.8583984 -0.4465332 -0.251709 -0.2446289 -0.9643555 -0.09875488 -0.2570801 -0.9633789 0.07287598 -0.5610352 -0.7900391 -0.2451172 -0.831543 -0.4453125 -0.3310547 -0.2531738 -0.9458008 -0.2027588 -0.5986328 -0.7348633 -0.317627 -0.8461914 -0.3405762 -0.4094238 -0.293457 -0.9165039 -0.2705078 -0.2905273 -0.8803711 -0.3742676 -0.5678711 -0.7099609 -0.4155273 -0.5136719 -0.7207031 -0.4650879 -0.7958984 -0.3713379 -0.4772949 -0.5766602 -0.652832 -0.4902344 -0.8188477 -0.3803711 -0.4289551 -0.8647461 -0.4973145 0.06323242 -0.9921875 -0.08032227 -0.09466553 -0.8959961 0.1004639 -0.4318848 -0.987793 0.1040649 -0.1154785 -0.4182129 0.6416016 0.6420898 -0.5327148 -0.001919746 0.8457031 -0.6567383 0.6723633 0.3408203 -0.9150391 0.1556396 0.3710938 -0.7895508 0.6098633 0.06005859 -0.9355469 -0.12854 0.3283691 -0.6796875 -0.5844727 0.4421387 -0.7016602 -0.5898438 0.3991699 -0.9648438 0.04492188 0.2583008 -0.9155273 -0.3161621 0.2473145 -0.5961914 -0.7666016 0.2382813 -0.9829102 -0.0682373 0.1682129 -0.8510742 0.5087891 0.1250152 0.06124878 -0.9541016 0.2924805 -0.09173584 0.9887695 -0.116333 -0.1015625 0.9760742 -0.1901855 0.04464722 0.9692383 -0.2408447 0.02420044 0.9667969 -0.2539063 0 0.9492188 -0.314209 -0.02420044 0.9667969 -0.2539063 -0.04464722 0.9692383 -0.2408447 0.1015625 0.9760742 -0.1901855 0.09173584 0.9887695 -0.116333 -0.08984375 -0.9423828 0.3208008 0 0.6508789 -0.7587891 0.9892578 0.05419922 -0.1346436 0 0.1210938 -0.9921875 0 0.9995117 -0.002449036 0.9692383 0.2402344 0.05081177 0.9985352 0.03567505 -0.02865601 0 0.9228516 0.3845215 0.9277344 0.371582 0.02354431 0 0.9516602 0.3061523 0.7758789 0.4763184 -0.4130859 0 0.871582 -0.4899902 0.8461914 0.2154541 -0.4870605 0.625 0.5947266 -0.5048828 0 0.7416992 -0.6704102 0.6245117 0.5527344 -0.5507813 0.6083984 0.5693359 -0.5517578 0 0.7529297 -0.6577148 0.6289063 0.6494141 -0.4265137 0 0.8354492 -0.5488281 0.5644531 0.7685547 -0.300293 0 0.934082 -0.3562012 0 0.9956055 -0.09326172 0.6708984 0.7333984 -0.1044922 0.4953613 0.8657227 0.06854248 0 0.9916992 0.1265869 0.7373047 0.6591797 0.1448975 0.3447266 0.8793945 0.3273926 0 0.8671875 0.4973145 0.5991211 0.6757813 0.4287109 0 0.7836914 0.6206055 0.527832 0.6015625 0.5991211 0 0.5957031 0.8027344 0.4265137 0.4094238 0.8061523 0 0.4250488 0.9047852 0.3728027 -0.03204346 0.9272461 0 -0.9370117 0.3481445 0.1600342 -0.9067383 0.3894043 -0.9892578 0.05419922 -0.1346436 -0.9692383 0.2402344 0.05081177 -0.9985352 0.03567505 -0.02865601 -0.9277344 0.371582 0.02354431 -0.7758789 0.4763184 -0.4130859 -0.8461914 0.2154541 -0.4870605 -0.625 0.5947266 -0.5048828 -0.6245117 0.5527344 -0.5507813 -0.6083984 0.5693359 -0.5517578 -0.6289063 0.6494141 -0.4265137 -0.5644531 0.7685547 -0.300293 -0.6708984 0.7333984 -0.1044922 -0.4953613 0.8657227 0.06854248 -0.7373047 0.6591797 0.1448975 -0.3447266 0.8793945 0.3273926 -0.5991211 0.6757813 0.4287109 -0.527832 0.6015625 0.5991211 -0.4265137 0.4094238 0.8061523 -0.3728027 -0.03204346 0.9272461 -0.1600342 -0.9067383 0.3894043 -0.001968384 -0.9731445 0.2293701 0.7011719 -0.5053711 0.5019531 0.002252579 -0.9736328 0.2271729 -0.002941132 -0.9824219 0.1861572 -0.7011719 -0.5053711 0.5019531 0.9936523 -0.1079102 -0.02500916 0 -0.9458008 0.3244629 0 -0.2578125 -0.9658203 0 -0.4104004 -0.9116211 0.9902344 -0.1173096 -0.07415771 0 -0.9746094 0.2235107 0.270752 -0.9291992 0.2507324 0.2841797 -0.8569336 0.4294434 0 -0.9697266 0.2438965 0.1640625 -0.7885742 0.5922852 0 -0.8754883 0.4829102 -0.1640625 -0.7885742 0.5922852 -0.2841797 -0.8569336 0.4294434 -0.270752 -0.9291992 0.2507324 -0.9936523 -0.1079102 -0.02500916 -0.9902344 -0.1173096 -0.07415771 0.251709 0.8505859 0.4614258 0.1414795 0.8901367 0.4321289 0.8383789 0.2817383 0.4655762 0.2634277 0.7998047 0.5385742 -0.2346191 0.8300781 0.5053711 0.8813477 0.2836914 0.3774414 0.1994629 0.7001953 0.6850586 0.07165527 0.6416016 0.7631836 0.9301758 0.2592773 0.2580566 0.8652344 0.3535156 0.3544922 0.3505859 0.5463867 0.7602539 0.2790527 0.4672852 0.8383789 0.878418 0.3845215 0.2824707 0.2277832 0.4206543 0.8779297 0.9487305 0.09899902 0.3000488 -0.251709 0.8505859 0.4614258 -0.1414795 0.8901367 0.4321289 -0.8383789 0.2817383 0.4655762 -0.2634277 0.7998047 0.5385742 0.2346191 0.8300781 0.5053711 -0.8813477 0.2836914 0.3774414 -0.1994629 0.7001953 0.6850586 -0.07165527 0.6416016 0.7631836 -0.9301758 0.2592773 0.2580566 -0.8652344 0.3535156 0.3544922 -0.3505859 0.5463867 0.7602539 -0.2790527 0.4672852 0.8383789 -0.878418 0.3845215 0.2824707 -0.2277832 0.4206543 0.8779297 -0.9487305 0.09899902 0.3000488 0.2336426 0.9453125 -0.2254639 0 0.9892578 -0.1455078 0 0.9414063 -0.3369141 0 0.9604492 -0.277832 -0.2336426 0.9453125 -0.2254639</float_array>
                    <technique_common>
                        <accessor count="294" offset="0" source="pm0550_12_00_body_mesh_shape_lod1_body_00-geometry-NORMAL-array" stride="3">
                            <param name="X" type="float" />
                            <param name="Y" type="float" />
                            <param name="Z" type="float" />
                        </accessor>
                    </technique_common>
                </source>
                <source id="pm0550_12_00_body_mesh_shape_lod1_body_00-geometry-TEXCOORD">
                    <float_array id="pm0550_12_00_body_mesh_shape_lod1_body_00-geometry-TEXCOORD-array" count="918">0.5144682 0.7195038 0.5832341 0.7195349 0.5458394 0.7624764 0.4541606 0.7624764 0.4167659 0.7195349 0.4855318 0.7195038 0.9753984 0.3304318 0.9693399 0.3361088 0.9772248 0.3240451 0.9806796 0.3125138 0.9801486 0.2955306 0.9833537 0.2957923 0.9849611 0.2789198 0.9804564 0.2643011 0.9851529 0.2638876 0.956882 0.2853823 0.9833023 0.2499934 0.9568086 0.2687336 0.9646646 0.2386615 0.9805507 0.2390998 0.9777738 0.2331244 0.971051 0.228658 0.03066006 0.3361089 0.02460156 0.3304319 0.02277517 0.3240452 0.01932041 0.3125138 0.01985137 0.2955306 0.01664628 0.2957923 0.01503889 0.2789198 0.01954359 0.264301 0.01484706 0.2638876 0.04311804 0.2853823 0.01669768 0.2499934 0.04319141 0.2687336 0.03533544 0.2386615 0.01944927 0.2390997 0.02222612 0.2331243 0.02894894 0.2286578 0.8694767 0.590992 0.8543456 0.5848072 0.877525 0.5714064 0.8669978 0.5570661 0.8847713 0.5597681 0.8823485 0.539268 0.8936629 0.5493975 0.8570981 0.5354626 0.862991 0.501927 0.8423696 0.520501 0.8325016 0.5342968 0.7979234 0.5097222 0.808929 0.4593471 0.8270246 0.4450836 0.8106858 0.4923267 0.8118061 0.4246137 0.7738287 0.4620314 0.7592091 0.4823289 0.792284 0.4415207 0.7561276 0.4088995 0.7778211 0.3869528 0.7501808 0.36113 0.7354591 0.4331636 0.7199471 0.4551576 0.7279019 0.3861846 0.697214 0.3189716 0.6751016 0.3468035 0.6516517 0.3781267 0.70614 0.4133636 0.6908263 0.4358861 0.6372638 0.401391 0.6360593 0.4308506 0.6243487 0.4231025 0.6553026 0.4454586 0.6767291 0.4611523 0.6233731 0.4465042 0.6125814 0.4391922 0.5963066 0.459162 0.6346115 0.4868385 0.6592965 0.4965103 0.6019138 0.4643851 0.6268814 0.5702922 0.5950624 0.4643567 0.5928681 0.4628038 0.5934775 0.472969 0.600845 0.562641 0.556224 0.5424303 0.5411659 0.5743279 0.5859406 0.59674 0.6118277 0.6059091 0.6485613 0.6147389 0.6624994 0.5796356 0.7032377 0.6131009 0.7136233 0.5849457 0.7606 0.6027597 0.7726812 0.5640941 0.8097687 0.5897517 0.8100073 0.9017719 0.8107623 0.9760733 0.7783194 0.9058562 0.7570563 0.974791 0.7540928 0.9081606 0.7251409 0.9403167 0.6915532 0.9041733 0.7271504 0.9591905 0.731737 0.9801616 0.694298 0.9856554 0.6903962 0.9398453 0.6585571 0.9627982 0.6588626 0.9873064 0.5876683 0.9813604 0.5921445 0.9552504 0.6138176 0.9357815 0.6327069 0.8951491 0.5985401 0.9313651 0.6193513 0.8915104 0.6066461 0.9135637 0.1902313 0.5897517 0.2273188 0.5640941 0.2394 0.6027597 0.2863767 0.5849457 0.2967623 0.6131009 0.3375006 0.5796356 0.3514387 0.6147389 0.3731186 0.5702922 0.3881723 0.6059091 0.399155 0.562641 0.4140594 0.59674 0.4588341 0.5743279 0.443776 0.5424303 0.4065225 0.472969 0.3653885 0.4868385 0.3407035 0.4965103 0.3232709 0.4611523 0.3980862 0.4643851 0.4049376 0.4643567 0.3446974 0.4454586 0.4036934 0.459162 0.4071319 0.4628038 0.3091737 0.4358861 0.3766269 0.4465042 0.3874186 0.4391922 0.3756513 0.4231025 0.3639407 0.4308506 0.3627362 0.401391 0.3483483 0.3781267 0.29386 0.4133636 0.2800529 0.4551576 0.2720981 0.3861846 0.3248984 0.3468035 0.302786 0.3189716 0.2498192 0.36113 0.2645409 0.4331636 0.2407909 0.4823289 0.2438724 0.4088995 0.2221789 0.3869528 0.1881939 0.4246137 0.2261713 0.4620314 0.2020766 0.5097222 0.207716 0.4415207 0.191071 0.4593471 0.1729754 0.4450836 0.137009 0.501927 0.1893142 0.4923267 0.1576304 0.520501 0.1674984 0.5342968 0.1429019 0.5354626 0.1176515 0.539268 0.1330022 0.5570661 0.1063371 0.5493975 0.1152287 0.5597681 0.122475 0.5714064 0.1456544 0.5848072 0.1305233 0.590992 0.2216806 0.9058562 0.1892377 0.9760733 0.1899927 0.9017719 0.2429437 0.974791 0.2459072 0.9081606 0.2748591 0.9403167 0.3084468 0.9041733 0.2728496 0.9591905 0.268263 0.9801616 0.305702 0.9856554 0.3096038 0.9398453 0.3414429 0.9627982 0.3411374 0.9873064 0.4123317 0.9813604 0.4078555 0.9552504 0.3861824 0.9357815 0.3672931 0.8951491 0.4014599 0.9313651 0.3806487 0.8915104 0.3933539 0.9135637 0.5589196 0.3212728 0.5660601 0.2985406 0.5922801 0.2899061 0.5683405 0.2783254 0.5907876 0.2762837 0.5962614 0.2883601 0.5536778 0.2233692 0.5731514 0.2214346 0.5314535 0.1914245 0.5482943 0.166788 0.5287263 0.1540796 0.5 0.1423864 0.5 0.1834671 0.4685465 0.1914245 0.4712737 0.1540796 0.4517057 0.166788 0.4268486 0.2214346 0.4463222 0.2233692 0.4092124 0.2762837 0.4316595 0.2783254 0.4077199 0.2899061 0.4037386 0.2883601 0.4339399 0.2985406 0.4410804 0.3212728 0.8715572 0.7435535 0.9315947 0.7345971 0.9205798 0.7632775 0.8703506 0.7320729 0.9272057 0.6664004 0.9550167 0.6686124 0.905892 0.6644215 0.9522896 0.6094497 0.9752593 0.6127769 0.9369063 0.6075548 0.9539132 0.5907518 0.9802682 0.5958157 0.9355818 0.5908948 0.9778283 0.5720252 0.9492562 0.5663097 0.9168193 0.545348 0.9766074 0.5476798 0.9446623 0.5420899 0.9634628 0.4949523 0.9261193 0.4881271 0.8894684 0.4916363 0.9478666 0.4337903 0.905324 0.4277889 0.8642662 0.4315669 0.9343123 0.3749902 0.8702128 0.3709108 0.8475096 0.3728104 0.84255 0.3307564 0.889953 0.3306987 0.9322026 0.3329184 0.9312298 0.3017991 0.866643 0.2698022 0.8432314 0.2684023 0.8924758 0.2458467 0.9318671 0.2442881 0.873351 0.2232449 0.8574597 0.2035038 0.8984091 0.2072348 0.9341626 0.2010261 0.8818973 0.1442879 0.9382185 0.1803797 0.913147 0.1532224 0.9425266 0.1625925 0.9476035 0.1445101 0.8978398 0.1155301 0.9530372 0.1271836 0.9478737 0.08033383 0.9669473 0.09616816 0.9313186 0.06645679 0.9745159 0.08535963 0.9669964 0.05375671 0.953195 0.04141539 0.9865055 0.07095671 0.07942021 0.7632775 0.06840527 0.7345971 0.1284428 0.7435535 0.1296494 0.7320729 0.07279432 0.6664004 0.09410799 0.6644215 0.04498327 0.6686124 0.04771042 0.6094497 0.06309366 0.6075548 0.0247407 0.6127769 0.04608679 0.5907518 0.01973176 0.5958157 0.0644182 0.5908948 0.02217174 0.5720252 0.05074382 0.5663097 0.08318067 0.545348 0.02339256 0.5476798 0.05533767 0.5420899 0.03653717 0.4949523 0.07388067 0.4881271 0.1105316 0.4916363 0.05213344 0.4337903 0.09467602 0.4277889 0.1357338 0.4315669 0.06568766 0.3749902 0.1297872 0.3709108 0.1524904 0.3728104 0.15745 0.3307564 0.110047 0.3306987 0.06779736 0.3329184 0.06877017 0.3017991 0.133357 0.2698022 0.1567686 0.2684023 0.1075242 0.2458467 0.06813288 0.2442881 0.126649 0.2232449 0.1425403 0.2035038 0.1015909 0.2072348 0.06583738 0.2010261 0.1181027 0.1442879 0.06178153 0.1803797 0.08685303 0.1532224 0.05747336 0.1625925 0.05239654 0.1445101 0.1021602 0.1155301 0.0469628 0.1271836 0.05212635 0.08033383 0.03305274 0.09616816 0.06868142 0.06645679 0.02548409 0.08535963 0.03300357 0.05375671 0.04680502 0.04141539 0.01349449 0.07095671 0.5878872 0.3774147 0.5928219 0.375643 0.5831676 0.4178309 0.5465094 0.4303133 0.5639416 0.4681419 0.5530431 0.345614 0.5359772 0.5036139 0.5163161 0.5165268 0.5 0.5197914 0.4534906 0.4303133 0.5 0.3303892 0.4469569 0.345614 0.4121128 0.3774147 0.4836839 0.5165268 0.4640228 0.5036139 0.4360584 0.4681419 0.4168324 0.4178309 0.4071781 0.375643 0.6782266 0.1077147 0.6616517 0.162201 0.6389751 0.1611773 0.6226492 0.1050383 0.6241215 0.1603498 0.6985313 0.04461873 0.609421 0.1608642 0.5891896 0.1035953 0.6312649 0.01514131 0.7072751 0.0170188 0.5670505 0.03134894 0.5978299 0.0654484 0.5635851 0.04130471 0.5751618 0.7928401 0.5693747 0.8652253 0.5364739 0.7892355 0.5346288 0.8644292 0.5646818 0.9015061 0.5 0.7883656 0.5338117 0.9011821 0.5586549 0.9400749 0.5 0.864367 0.5325485 0.9423711 0.5510302 0.9654766 0.5 0.9859563 0.5 0.9016431 0.4674515 0.9423711 0.4489698 0.9654766 0.4413451 0.9400749 0.4661883 0.9011821 0.4353182 0.9015061 0.4653712 0.8644292 0.4306253 0.8652253 0.4635261 0.7892355 0.4248382 0.7928401 0.3610249 0.1611773 0.3383483 0.162201 0.3217734 0.1077147 0.3773508 0.1050383 0.3758785 0.1603498 0.3014687 0.04461873 0.4108104 0.1035953 0.390579 0.1608642 0.3687351 0.01514131 0.2927249 0.0170188 0.4329495 0.03134894 0.4021701 0.0654484 0.4364149 0.04130471 0.674046 0.2276724 0.6704323 0.221301 0.6794174 0.2289349 0.6878192 0.2312601 0.7032139 0.2306286 0.7016195 0.2372245 0.7142646 0.24419 0.6649979 0.2056226 0.7075847 0.1951665 0.7265335 0.2466739 0.7231392 0.2511536 0.7309816 0.2592891 0.7604326 0.2242503 0.7411966 0.2645073 0.7369159 0.2676142 0.7421838 0.2772589 0.7467529 0.2744919 0.7453708 0.2840151 0.7473682 0.2888899 0.7533322 0.2909068 0.7896928 0.2996696 0.7931104 0.2644901 0.8018557 0.1871988 0.779636 0.1517666 0.8015585 0.1789912 0.7629497 0.1791903 0.7570034 0.1756814 0.3295677 0.221301 0.325954 0.2276724 0.3205827 0.2289349 0.3121808 0.2312601 0.2967861 0.2306286 0.2983805 0.2372245 0.2857354 0.24419 0.2924153 0.1951665 0.3350021 0.2056226 0.2734665 0.2466739 0.2768609 0.2511536 0.2690184 0.2592891 0.2395674 0.2242502 0.2588034 0.2645073 0.2630841 0.2676142 0.2578162 0.2772589 0.2532472 0.2744919 0.2546292 0.2840151 0.2526318 0.2888899 0.2466678 0.2909068 0.2103073 0.2996696 0.2068896 0.2644901 0.1981443 0.1871988 0.1984415 0.1789912 0.220364 0.1517667 0.2370503 0.1791904 0.2429966 0.1756814 0.5451518 0.08250326 0.5341974 0.08032334 0.5389778 0.03943187 0.522266 0.01758546 0.5430033 0.09796304 0.5 0.05216479 0.5 0.01210159 0.477734 0.0175854 0.5 0.1038087 0.5353834 0.1131465 0.5 0.1244363 0.4646166 0.1131465 0.4569967 0.09796309 0.5 0.0909248 0.4658026 0.08032334 0.4610222 0.03943181 0.4548482 0.08250332</float_array>
                    <technique_common>
                        <accessor count="459" offset="0" source="pm0550_12_00_body_mesh_shape_lod1_body_00-geometry-TEXCOORD-array" stride="2">
                            <param name="S" type="float" />
                            <param name="T" type="float" />
                        </accessor>
                    </technique_common>
                </source>
                <vertices id="pm0550_12_00_body_mesh_shape_lod1_body_00-vertices">
                    <input semantic="POSITION" source="#pm0550_12_00_body_mesh_shape_lod1_body_00-geometry-POSITION" />
                </vertices>
                <triangles count="524" material="body_00">
                    <input semantic="VERTEX" source="#pm0550_12_00_body_mesh_shape_lod1_body_00-vertices" offset="0" set="0" />
                    <input semantic="NORMAL" source="#pm0550_12_00_body_mesh_shape_lod1_body_00-geometry-NORMAL" offset="1" set="0" />
                    <input semantic="TEXCOORD" source="#pm0550_12_00_body_mesh_shape_lod1_body_00-geometry-TEXCOORD" offset="2" set="0" />
                    <p>0 0 0 1 1 1 2 2 2 3 3 3 4 4 4 5 5 5 6 6 6 7 7 7 8 8 8 7 7 7 9 9 9 8 8 8 9 9 9 10 10 10 11 11 11 11 11 11 10 10 10 12 12 12 10 10 10 13 13 13 12 12 12 12 12 12 13 13 13 14 14 14 10 10 10 15 15 15 13 13 13 13 13 13 16 16 16 14 14 14 13 13 13 15 15 15 17 17 17 13 13 13 17 17 17 16 16 16 16 16 16 17 17 17 18 18 18 18 18 18 19 19 19 16 16 16 18 18 18 20 20 20 19 19 19 21 21 21 20 20 20 18 18 18 22 22 22 23 23 23 24 24 24 24 24 24 25 25 25 22 22 22 26 26 26 25 25 25 27 27 27 26 26 26 27 27 27 28 28 28 26 26 26 28 28 28 29 29 29 29 29 29 28 28 28 30 30 30 29 29 29 31 31 31 26 26 26 30 30 30 32 32 32 29 29 29 33 33 33 31 31 31 29 29 29 32 32 32 33 33 33 29 29 29 34 34 34 33 33 33 32 32 32 32 32 32 35 35 35 34 34 34 35 35 35 36 36 36 34 34 34 34 34 34 36 36 36 37 37 37 38 38 38 39 39 39 40 40 40 40 40 40 39 39 39 41 41 41 42 42 42 40 40 40 41 41 41 43 43 43 42 42 42 41 41 41 44 44 44 42 42 42 43 43 43 45 45 45 43 43 43 41 41 41 46 46 46 43 43 43 45 45 45 47 47 47 46 46 46 45 45 45 47 47 47 45 45 45 48 48 48 49 49 49 47 47 47 48 48 48 50 50 50 46 46 46 47 47 47 51 51 51 46 46 46 50 50 50 52 52 52 47 47 47 49 49 49 47 47 47 52 52 52 50 50 50 50 50 50 53 53 53 51 51 51 54 54 54 52 52 52 49 49 49 50 50 50 52 52 52 54 54 54 55 55 55 54 54 54 49 49 49 56 56 56 53 53 53 50 50 50 50 50 50 54 54 54 56 56 56 57 57 57 53 53 53 56 56 56 56 56 56 54 54 54 57 57 57 57 57 57 58 58 58 53 53 53 57 57 57 59 59 59 58 58 58 55 55 55 60 60 60 54 54 54 57 57 57 54 54 54 60 60 60 61 61 61 60 60 60 55 55 55 62 62 62 59 59 59 57 57 57 57 57 57 60 60 60 62 62 62 63 63 63 59 59 59 62 62 62 64 64 64 63 63 63 62 62 62 62 62 62 65 65 65 64 64 64 61 61 61 66 66 66 60 60 60 62 62 62 60 60 60 66 66 66 66 66 66 65 65 65 62 62 62 67 67 67 66 66 66 61 61 61 67 67 67 65 65 65 66 66 66 68 68 68 65 65 65 67 67 67 69 69 69 68 68 68 67 67 67 70 70 70 68 68 68 69 69 69 67 67 67 71 71 71 69 69 69 71 71 71 67 67 67 72 72 72 69 69 69 73 73 73 70 70 70 71 71 71 73 73 73 69 69 69 70 70 70 73 73 73 74 74 74 75 75 75 74 74 74 73 73 73 71 71 71 72 72 72 76 76 76 71 71 71 76 76 76 73 73 73 76 76 76 72 72 72 77 77 77 75 75 75 73 73 73 78 78 78 73 73 73 76 76 76 78 78 78 77 77 77 79 79 79 76 76 76 78 78 78 80 1 80 75 75 75 75 75 75 80 1 80 81 80 81 82 81 82 80 1 80 78 78 78 78 78 78 76 76 76 82 81 82 76 76 76 83 82 83 82 81 82 76 76 76 79 79 79 83 82 83 82 81 82 83 82 83 84 83 84 84 83 84 83 82 83 85 84 85 83 82 83 86 85 86 85 84 85 83 82 83 87 86 87 86 85 86 79 79 79 87 86 87 83 82 83 87 86 87 79 79 79 88 87 88 88 87 88 79 79 79 89 88 89 88 87 88 89 88 89 90 89 90 90 89 90 89 88 89 91 90 91 91 90 91 92 91 92 90 89 90 93 92 93 92 91 92 91 90 91 92 91 92 93 92 93 94 93 94 95 94 95 96 95 96 97 96 97 96 95 96 98 97 98 97 96 97 99 98 99 97 96 97 98 97 98 98 97 98 100 99 100 99 98 99 101 100 101 99 98 99 100 99 100 100 99 100 98 97 98 102 101 102 102 101 102 98 97 98 103 102 103 104 103 104 102 101 102 103 102 103 101 100 101 100 99 100 105 104 105 106 105 106 102 101 102 104 103 104 106 105 106 100 99 100 102 101 102 105 104 105 100 99 100 106 105 106 107 106 107 106 105 106 104 103 104 107 106 107 108 65 108 106 105 106 106 105 106 108 65 108 109 68 109 105 104 105 110 107 110 101 100 101 106 105 106 110 107 110 105 104 105 109 68 109 110 107 110 106 105 106 110 107 110 111 108 111 101 100 101 109 68 109 112 70 112 110 107 110 110 107 110 113 75 113 111 108 111 112 70 112 114 74 114 110 107 110 114 74 114 113 75 113 110 107 110 115 109 115 116 110 116 117 111 117 116 110 116 118 112 118 117 111 117 117 111 117 118 112 118 119 113 119 120 114 120 119 113 119 118 112 118 121 115 121 119 113 119 120 114 120 122 116 122 121 115 121 120 114 120 123 117 123 121 115 121 122 116 122 122 116 122 124 118 124 123 117 123 123 117 123 124 118 124 125 119 125 126 120 126 125 119 125 124 118 124 126 120 126 124 118 124 127 121 127 127 121 127 124 118 124 128 122 128 124 118 124 122 116 122 129 123 129 128 122 128 124 118 124 129 123 129 129 123 129 122 116 122 130 124 130 131 125 131 129 123 129 130 124 130 128 122 128 129 123 129 132 126 132 128 122 128 132 126 132 133 4 133 134 127 134 129 123 129 131 125 131 133 4 133 132 126 132 135 128 135 133 4 133 135 128 135 136 129 136 137 130 137 134 127 134 131 125 131 132 126 132 138 131 138 135 128 135 132 126 132 129 123 129 138 131 138 138 131 138 129 123 129 134 127 134 138 131 138 139 132 139 135 128 135 139 132 139 138 131 138 140 133 140 134 127 134 141 134 141 138 131 138 140 133 140 138 131 138 141 134 141 134 127 134 137 130 137 141 134 141 140 133 140 141 134 141 142 135 142 142 135 142 141 134 141 137 130 137 142 135 142 137 130 137 143 136 143 143 136 143 137 130 137 144 137 144 137 130 137 145 138 145 144 137 144 146 139 146 143 136 143 144 137 144 147 140 147 143 136 143 146 139 146 146 139 146 148 63 148 147 140 147 148 63 148 146 139 146 149 59 149 144 137 144 145 138 145 150 141 150 150 141 150 146 139 146 144 137 144 145 138 145 151 142 151 150 141 150 146 139 146 152 143 152 149 59 149 152 143 152 146 139 146 150 141 150 149 59 149 152 143 152 153 58 153 153 58 153 152 143 152 154 53 154 150 141 150 151 142 151 155 144 155 155 144 155 152 143 152 150 141 150 156 145 156 155 144 155 151 142 151 152 143 152 157 146 157 154 53 154 157 146 157 152 143 152 155 144 155 157 146 157 158 147 158 154 53 154 158 147 158 157 146 157 155 144 155 154 53 154 158 147 158 159 51 159 158 147 158 160 46 160 159 51 159 156 145 156 161 148 161 155 144 155 161 148 161 158 147 158 155 144 155 156 145 156 162 149 162 161 148 161 161 148 161 162 149 162 158 147 158 162 149 162 160 46 160 158 147 158 163 150 163 162 149 162 156 145 156 162 149 162 163 150 163 164 151 164 160 46 160 162 149 162 164 151 164 160 46 160 164 151 164 165 43 165 165 43 165 164 151 164 166 152 166 167 44 167 165 43 165 168 153 168 168 153 168 165 43 165 166 152 166 168 153 168 166 152 166 169 154 169 166 152 166 170 155 170 169 154 169 169 154 169 170 155 170 171 156 171 172 157 172 173 95 173 174 94 174 172 157 172 175 158 175 173 95 173 172 157 172 176 159 176 175 158 175 175 158 175 176 159 176 177 160 177 176 159 176 178 161 178 177 160 177 177 160 177 179 162 179 175 158 175 179 162 179 180 163 180 175 158 175 179 162 179 181 164 181 180 163 180 178 161 178 182 165 182 177 160 177 183 166 183 181 164 181 179 162 179 177 160 177 183 166 183 179 162 179 182 165 182 183 166 183 177 160 177 183 166 183 184 167 184 181 164 181 183 166 183 185 136 185 184 167 184 186 135 186 185 136 185 183 166 183 178 161 178 187 168 187 182 165 182 187 168 187 183 166 183 182 165 182 186 135 186 183 166 183 187 168 187 178 161 178 188 169 188 187 168 187 189 133 189 186 135 186 187 168 187 188 169 188 190 128 190 187 168 187 189 133 189 187 168 187 191 132 191 187 168 187 190 128 190 191 132 191 192 170 192 193 171 193 194 80 194 195 172 195 194 80 194 193 171 193 195 172 195 196 108 196 194 80 194 194 80 194 196 108 196 197 75 197 195 172 195 198 173 198 196 108 196 199 100 199 196 108 196 198 173 198 198 173 198 200 174 200 199 100 199 200 174 200 201 98 201 199 100 199 201 98 201 200 174 200 202 96 202 200 174 200 203 94 203 202 96 202 200 174 200 204 175 204 203 94 203 204 175 204 205 176 205 203 94 203 205 176 205 206 157 206 203 94 203 206 157 206 205 176 205 207 159 207 205 176 205 208 161 208 207 159 207 205 176 205 209 177 209 208 161 208 209 177 209 210 169 210 208 161 208 209 177 209 211 178 211 210 169 210 211 178 211 212 129 212 210 169 210 210 169 210 212 129 212 213 128 213 214 179 214 212 129 212 211 178 211 215 180 215 212 129 212 214 179 214 216 181 216 217 182 217 218 183 218 216 181 216 219 184 219 217 182 217 219 184 219 220 185 220 217 182 217 217 182 217 220 185 220 221 186 221 220 185 220 219 184 219 222 187 222 220 185 220 223 188 223 221 186 221 222 187 222 223 188 223 220 185 220 224 38 224 221 186 221 223 188 223 222 187 222 225 189 225 223 188 223 226 190 226 224 38 224 223 188 223 225 189 225 226 190 226 223 188 223 227 39 227 224 38 224 226 190 226 228 191 228 226 190 226 225 189 225 227 39 227 226 190 226 229 192 229 226 190 226 228 191 228 230 193 230 229 192 229 226 190 226 230 193 230 230 193 230 228 191 228 231 194 231 229 192 229 230 193 230 232 93 232 232 93 232 230 193 230 233 195 233 230 193 230 231 194 231 233 195 233 232 93 232 233 195 233 234 91 234 231 194 231 235 196 235 233 195 233 234 91 234 233 195 233 235 196 235 236 197 236 235 196 235 231 194 231 234 91 234 235 196 235 237 89 237 236 197 236 238 198 238 235 196 235 237 89 237 235 196 235 238 198 238 239 199 239 238 198 238 236 197 236 238 198 238 240 87 240 237 89 237 238 198 238 239 199 239 241 200 241 241 200 241 240 87 240 238 198 238 241 200 241 239 199 239 242 201 242 241 200 241 242 201 242 243 202 243 241 200 241 244 203 244 240 87 240 243 202 243 244 203 244 241 200 241 244 203 244 245 86 245 240 87 240 245 86 245 244 203 244 246 85 246 247 204 247 244 203 244 243 202 243 243 202 243 248 205 248 247 204 247 249 206 249 246 85 246 244 203 244 249 206 249 244 203 244 247 204 247 250 84 250 246 85 246 249 206 249 247 204 247 248 205 248 251 207 251 251 207 251 249 206 249 247 204 247 248 205 248 252 208 252 251 207 251 253 209 253 250 84 250 249 206 249 253 209 253 249 206 249 251 207 251 253 209 253 251 207 251 252 208 252 254 7 254 250 84 250 253 209 253 252 208 252 255 210 255 253 209 253 254 7 254 253 209 253 256 9 256 255 210 255 257 211 257 253 209 253 257 211 257 256 9 256 253 209 253 258 10 258 256 9 256 257 211 257 257 211 257 259 15 259 258 10 258 255 210 255 260 212 260 257 211 257 261 17 261 259 15 259 257 211 257 257 211 257 260 212 260 262 213 262 257 211 257 262 213 262 261 17 261 262 213 262 263 18 263 261 17 261 260 212 260 264 214 264 262 213 262 262 213 262 265 21 265 263 18 263 264 214 264 266 215 266 262 213 262 266 215 266 265 21 265 262 213 262 264 214 264 267 216 267 266 215 266 266 215 266 268 217 268 265 21 265 269 183 269 270 218 270 271 181 271 270 218 270 272 184 272 271 181 271 272 184 272 270 218 270 273 219 273 273 219 273 274 187 274 272 184 272 273 219 273 270 218 270 275 220 275 274 187 274 273 219 273 276 221 276 273 219 273 275 220 275 276 221 276 277 189 277 274 187 274 276 221 276 278 156 278 276 221 276 275 220 275 276 221 276 279 222 279 277 189 277 276 221 276 278 156 278 279 222 279 279 222 279 278 156 278 280 155 280 277 189 277 279 222 279 281 191 281 280 155 280 282 223 282 279 222 279 279 222 279 283 224 283 281 191 281 279 222 279 282 223 282 283 224 283 281 191 281 283 224 283 284 194 284 282 223 282 285 109 285 283 224 283 283 224 283 285 109 285 286 225 286 283 224 283 286 225 286 284 194 284 285 109 285 287 111 287 286 225 286 286 225 286 288 226 288 284 194 284 288 226 288 286 225 286 287 111 287 284 194 284 288 226 288 289 197 289 290 113 290 288 226 288 287 111 287 288 226 288 291 227 291 289 197 289 291 227 291 288 226 288 290 113 290 289 197 289 291 227 291 292 199 292 290 113 290 293 115 293 291 227 291 291 227 291 294 228 294 292 199 292 294 228 294 291 227 291 293 115 293 292 199 292 294 228 294 295 201 295 294 228 294 296 202 296 295 201 295 297 229 297 294 228 294 293 115 293 296 202 296 294 228 294 297 229 297 297 229 297 293 115 293 298 117 298 298 117 298 299 119 299 297 229 297 297 229 297 300 230 300 296 202 296 296 202 296 300 230 300 301 205 301 299 119 299 302 231 302 297 229 297 302 231 302 300 230 300 297 229 297 303 120 303 302 231 302 299 119 299 304 232 304 301 205 301 300 230 300 302 231 302 304 232 304 300 230 300 304 232 304 305 208 305 301 205 301 306 233 306 302 231 302 303 120 303 304 232 304 302 231 302 306 233 306 306 233 306 305 208 305 304 232 304 307 22 307 306 233 306 303 120 303 305 208 305 306 233 306 308 210 308 307 22 307 309 25 309 306 233 306 306 233 306 310 234 310 308 210 308 306 233 306 309 25 309 310 234 310 310 234 310 309 25 309 311 26 311 310 234 310 311 26 311 312 31 312 308 210 308 310 234 310 313 212 313 314 33 314 310 234 310 312 31 312 313 212 313 310 234 310 315 235 315 315 235 315 310 234 310 314 33 314 315 235 315 314 33 314 316 34 316 315 235 315 317 214 317 313 212 313 315 235 315 316 34 316 318 37 318 319 236 319 317 214 317 315 235 315 318 37 318 319 236 319 315 235 315 317 214 317 319 236 319 320 216 320 318 37 318 321 237 321 319 236 319 322 80 322 323 1 323 324 0 324 325 238 325 322 80 322 324 0 324 325 238 325 324 0 324 326 239 326 325 238 325 327 170 327 322 80 322 325 238 325 326 239 326 328 217 328 329 215 329 330 216 330 328 217 328 328 217 328 330 216 330 325 238 325 331 240 331 327 170 327 325 238 325 325 238 325 330 216 330 331 240 331 327 170 327 331 240 331 332 241 332 332 241 332 331 240 331 333 180 333 334 129 334 333 180 333 331 240 331 335 236 335 336 237 336 330 216 330 330 216 330 336 237 336 331 240 331 337 242 337 331 240 331 336 237 336 331 240 331 337 242 337 338 5 338 331 240 331 338 5 338 334 129 334 338 5 338 339 4 339 334 129 334 340 186 340 341 38 341 342 40 342 343 243 343 340 186 340 342 40 342 344 42 344 343 243 343 342 40 342 343 243 343 345 182 345 340 186 340 346 44 346 347 244 347 344 42 344 347 244 347 343 243 343 344 42 344 345 182 345 348 245 348 349 183 349 350 246 350 348 245 348 345 182 345 347 244 347 351 247 351 343 243 343 351 247 351 345 182 345 343 243 343 345 182 345 351 247 351 350 246 350 352 248 352 351 247 351 347 244 347 352 248 352 350 246 350 351 247 351 353 65 353 354 106 354 355 64 355 355 64 355 354 106 354 356 249 356 354 106 354 357 103 357 356 249 356 356 249 356 358 63 358 355 64 355 356 249 356 357 103 357 359 250 359 357 103 357 360 102 360 359 250 359 361 251 361 358 63 358 356 249 356 359 250 359 361 251 361 356 249 356 359 250 359 360 102 360 362 252 362 360 102 360 363 97 363 362 252 362 363 97 363 364 95 364 362 252 362 362 252 362 365 253 365 359 250 359 364 95 364 365 253 365 362 252 362 365 253 365 361 251 361 359 250 359 366 254 366 365 253 365 364 95 364 364 95 364 367 158 367 366 254 366 366 254 366 367 158 367 368 163 368 369 255 369 365 253 365 366 254 366 368 163 368 369 255 369 366 254 366 365 253 365 369 255 369 361 251 361 370 164 370 369 255 369 368 163 368 361 251 361 369 255 369 371 256 371 369 255 369 370 164 370 371 256 371 361 251 361 371 256 371 358 63 358 371 256 371 370 164 370 372 167 372 358 63 358 371 256 371 373 140 373 371 256 371 372 167 372 373 140 373 373 140 373 372 167 372 374 136 374 375 154 375 376 156 376 377 220 377 375 154 375 377 220 377 378 257 378 378 257 378 379 153 379 375 154 375 377 220 377 380 218 380 378 257 378 381 244 381 382 44 382 379 153 379 381 244 381 379 153 379 378 257 378 383 245 383 380 218 380 384 183 384 380 218 380 383 245 383 385 246 385 386 258 386 381 244 381 378 257 378 378 257 378 380 218 380 386 258 386 386 258 386 380 218 380 385 246 385 387 248 387 381 244 381 386 258 386 386 258 386 385 246 385 387 248 387 388 20 388 389 21 389 390 259 390 390 259 390 389 21 389 391 260 391 389 21 389 392 261 392 391 260 391 391 260 391 392 261 392 393 262 393 392 261 392 394 263 394 393 262 393 395 217 395 396 239 396 389 21 389 392 261 392 389 21 389 396 239 396 397 264 397 394 263 394 392 261 392 398 265 398 394 263 394 397 264 397 398 265 398 397 264 397 399 266 399 392 261 392 396 239 396 400 267 400 400 267 400 397 264 397 392 261 392 397 264 397 401 268 401 399 266 399 401 268 401 397 264 397 400 267 400 401 268 401 402 269 402 399 266 399 401 268 401 403 270 403 402 269 402 404 271 404 403 270 403 401 268 401 404 271 404 401 268 401 400 267 400 404 271 404 405 272 405 403 270 403 404 271 404 406 6 406 405 272 405 407 7 407 406 6 406 404 271 404 407 7 407 404 271 404 408 84 408 409 83 409 408 84 408 404 271 404 409 83 409 404 271 404 400 267 400 400 267 400 410 81 410 409 83 409 410 81 410 411 2 411 412 1 412 413 273 413 410 81 410 400 267 400 411 2 411 410 81 410 413 273 413 413 273 413 400 267 400 396 239 396 414 0 414 411 2 411 413 273 413 414 0 414 413 273 413 396 239 396 415 37 415 416 36 416 417 274 417 418 275 418 415 37 415 417 274 417 415 37 415 418 275 418 419 276 419 419 276 419 418 275 418 420 277 420 419 276 419 420 277 420 421 278 421 422 242 422 423 237 423 415 37 415 422 242 422 415 37 415 419 276 419 421 278 421 424 279 424 419 276 419 425 280 425 424 279 424 421 278 421 426 281 426 424 279 424 425 280 425 422 242 422 419 276 419 427 282 427 419 276 419 424 279 424 427 282 427 428 283 428 424 279 424 426 281 426 427 282 427 424 279 424 428 283 428 426 281 426 429 284 429 428 283 428 429 284 429 430 285 430 428 283 428 428 283 428 430 285 430 431 286 431 427 282 427 428 283 428 431 286 431 430 285 430 432 287 432 431 286 431 432 287 432 433 23 433 431 286 431 431 286 431 433 23 433 434 22 434 435 120 435 431 286 431 434 22 434 436 121 436 431 286 431 435 120 435 436 121 436 427 282 427 431 286 431 427 282 427 436 121 436 437 122 437 438 4 438 439 3 439 437 122 437 427 282 427 437 122 437 440 288 440 439 3 439 440 288 440 437 122 437 440 288 440 422 242 422 427 282 427 439 3 439 441 5 441 440 288 440 441 5 441 422 242 422 440 288 440 442 172 442 443 289 443 444 173 444 444 173 444 443 289 443 445 174 445 446 171 446 443 289 443 442 172 442 445 174 445 443 289 443 447 290 447 445 174 445 447 290 447 448 175 448 448 175 448 447 290 447 449 176 449 446 171 446 450 291 450 443 289 443 451 170 451 450 291 450 446 171 446 452 241 452 450 291 450 451 170 451 452 241 452 453 180 453 450 291 450 450 291 450 453 180 453 454 179 454 447 290 447 443 289 443 455 292 455 443 289 443 450 291 450 455 292 455 455 292 455 456 293 456 447 290 447 450 291 450 456 293 456 455 292 455 447 290 447 456 293 456 449 176 449 454 179 454 456 293 456 450 291 450 449 176 449 456 293 456 457 177 457 458 178 458 456 293 456 454 179 454 457 177 457 456 293 456 458 178 458</p>
                </triangles>
            </mesh>
        </geometry>
        <geometry id="pm0550_12_00_body_mesh_shape_lod1_body_01-geometry" name="pm0550_12_00_body_mesh_shape_lod1_body_01">
            <mesh>
                <source id="pm0550_12_00_body_mesh_shape_lod1_body_01-geometry-POSITION">
                    <float_array id="pm0550_12_00_body_mesh_shape_lod1_body_01-geometry-POSITION-array" count="1392">-0.1056335 0.3242619 0.2363744 -0.1182664 0.3562627 0.2194456 -0.1114413 0.3562693 0.2167018 -0.09691896 0.3642448 0.2503808 -0.1037441 0.3642382 0.2531247 -0.1044517 0.3250993 0.2393163 -0.08015191 0.3327181 0.27645 -0.09887164 0.3674187 0.2616493 -0.09281903 0.3674255 0.25703 -0.06829049 0.3776101 0.2891845 -0.0743431 0.3776033 0.2938038 -0.07815566 0.333547 0.2790669 -0.06843925 0.3775659 0.2996046 -0.06349176 0.3775727 0.2938043 -0.04908905 0.3363552 0.3139794 -0.04658335 0.3371912 0.3161177 -0.03270344 0.3878453 0.320078 -0.03765092 0.3878385 0.3258783 -0.1037746 0.3480327 0.2464116 -0.09829273 0.3444805 0.2451688 -0.1016085 0.3829946 0.2198654 -0.1027254 0.3821895 0.2172403 -0.1120158 0.3345879 0.2129145 -0.1174978 0.3381401 0.2141573 -0.08018382 0.3602314 0.284458 -0.07521892 0.3562554 0.2823009 -0.08475264 0.3953881 0.2552197 -0.08638957 0.3947059 0.2528298 -0.09533226 0.347873 0.2529354 -0.09907761 0.351849 0.2551097 -0.04392703 0.3720582 0.3164915 -0.0397994 0.3680415 0.3128227 -0.05101496 0.408162 0.2914476 -0.05295499 0.4074233 0.2892801 -0.06776464 0.3629818 0.2898574 -0.07189228 0.3622939 0.2935263 0.05295499 0.4074233 0.2892801 0.07189228 0.3622939 0.2935263 0.06776464 0.3629818 0.2898574 0.05101496 0.408162 0.2914476 0.0397994 0.3680415 0.3128227 0.04392703 0.3720582 0.3164915 0.08638957 0.3947059 0.2528298 0.09907761 0.351849 0.2551097 0.09533226 0.347873 0.2529354 0.08475264 0.3953881 0.2552197 0.07521892 0.3562554 0.2823009 0.08018382 0.3602314 0.284458 0.1027254 0.3821895 0.2172403 0.1174978 0.3381401 0.2141573 0.1120158 0.3345879 0.2129145 0.1016085 0.3829946 0.2198654 0.09829273 0.3444805 0.2451688 0.1037746 0.3480327 0.2464116 0.04658335 0.3371912 0.3161177 0.03765092 0.3878385 0.3258783 0.03270344 0.3878453 0.320078 0.04908905 0.3363552 0.3139794 0.06349176 0.3775727 0.2938043 0.06843925 0.3775659 0.2996046 0.07815566 0.333547 0.2790669 0.0743431 0.3776033 0.2938038 0.06829049 0.3776101 0.2891845 0.08015191 0.3327181 0.27645 0.09281903 0.3674255 0.25703 0.09887164 0.3674187 0.2616493 0.1044517 0.3250993 0.2393163 0.1037441 0.3642382 0.2531247 0.09691896 0.3642448 0.2503808 0.1056335 0.3242619 0.2363744 0.1114413 0.3562693 0.2167018 0.1182664 0.3562627 0.2194456 -0.1056335 0.3242619 0.2363744 -0.1114413 0.3562693 0.2167018 -0.1007675 0.3614171 0.233404 -0.1044517 0.3250993 0.2393163 -0.09691896 0.3642448 0.2503808 -0.1044517 0.3250993 0.2393163 -0.1037441 0.3642382 0.2531247 -0.1128574 0.3614039 0.238181 -0.1056335 0.3242619 0.2363744 -0.1182664 0.3562627 0.2194456 -0.07815566 0.333547 0.2790669 -0.0743431 0.3776033 0.2938038 -0.08908311 0.3725076 0.2794564 -0.08015191 0.3327181 0.27645 -0.09887164 0.3674187 0.2616493 -0.04658335 0.3371912 0.3161177 -0.03765092 0.3878385 0.3258783 -0.05551881 0.3826988 0.3156416 -0.04908905 0.3363552 0.3139794 -0.06843925 0.3775659 0.2996046 -0.1016085 0.3829946 0.2198654 -0.09829273 0.3444805 0.2451688 -0.1024133 0.3377581 0.2284201 -0.1027254 0.3821895 0.2172403 -0.1120158 0.3345879 0.2129145 -0.1027254 0.3821895 0.2172403 -0.1174978 0.3381401 0.2141573 -0.1133772 0.3448625 0.2309059 -0.1016085 0.3829946 0.2198654 -0.1037746 0.3480327 0.2464116 -0.08475264 0.3953881 0.2552197 -0.07521892 0.3562554 0.2823009 -0.08279315 0.3500762 0.2665397 -0.08638957 0.3947059 0.2528298 -0.09533226 0.347873 0.2529354 -0.08638957 0.3947059 0.2528298 -0.09907761 0.351849 0.2551097 -0.09272297 0.3580283 0.2708537 -0.08475264 0.3953881 0.2552197 -0.08018382 0.3602314 0.284458 -0.05101496 0.408162 0.2914476 -0.0397994 0.3680415 0.3128227 -0.05171822 0.3564643 0.2995057 -0.05295499 0.4074233 0.2892801 -0.06776464 0.3629818 0.2898574 -0.05295499 0.4074233 0.2892801 -0.07189228 0.3622939 0.2935263 -0.05997347 0.3668322 0.3068432 -0.05101496 0.408162 0.2914476 -0.04392703 0.3720582 0.3164915 0.05101496 0.408162 0.2914476 0.04392703 0.3720582 0.3164915 0.05997347 0.3668322 0.3068432 0.05295499 0.4074233 0.2892801 0.07189228 0.3622939 0.2935263 0.05295499 0.4074233 0.2892801 0.06776464 0.3629818 0.2898574 0.05171822 0.3564643 0.2995057 0.05101496 0.408162 0.2914476 0.0397994 0.3680415 0.3128227 0.08475264 0.3953881 0.2552197 0.08018382 0.3602314 0.284458 0.09272297 0.3580283 0.2708537 0.08638957 0.3947059 0.2528298 0.09907761 0.351849 0.2551097 0.08638957 0.3947059 0.2528298 0.09533226 0.347873 0.2529354 0.08279315 0.3500762 0.2665397 0.08475264 0.3953881 0.2552197 0.07521892 0.3562554 0.2823009 0.1016085 0.3829946 0.2198654 0.1037746 0.3480327 0.2464116 0.1133772 0.3448625 0.2309059 0.1027254 0.3821895 0.2172403 0.1174978 0.3381401 0.2141573 0.1027254 0.3821895 0.2172403 0.1120158 0.3345879 0.2129145 0.1024133 0.3377581 0.2284201 0.1016085 0.3829946 0.2198654 0.09829273 0.3444805 0.2451688 0.04908905 0.3363552 0.3139794 0.06843925 0.3775659 0.2996046 0.05551881 0.3826988 0.3156416 0.04658335 0.3371912 0.3161177 0.03765092 0.3878385 0.3258783 0.04658335 0.3371912 0.3161177 0.03270344 0.3878453 0.320078 0.04562385 0.3827125 0.304041 0.04908905 0.3363552 0.3139794 0.06349176 0.3775727 0.2938043 0.08015191 0.3327181 0.27645 0.09887164 0.3674187 0.2616493 0.08908311 0.3725076 0.2794564 0.07815566 0.333547 0.2790669 0.0743431 0.3776033 0.2938038 0.07815566 0.333547 0.2790669 0.06829049 0.3776101 0.2891845 0.07752845 0.3725212 0.2707976 0.08015191 0.3327181 0.27645 0.09281903 0.3674255 0.25703 0.1056335 0.3242619 0.2363744 0.1182664 0.3562627 0.2194456 0.1128574 0.3614039 0.238181 0.1044517 0.3250993 0.2393163 0.1037441 0.3642382 0.2531247 0.1044517 0.3250993 0.2393163 0.09691896 0.3642448 0.2503808 0.1007675 0.3614171 0.233404 0.1056335 0.3242619 0.2363744 0.1114413 0.3562693 0.2167018 -0.09281903 0.3674255 0.25703 -0.07752845 0.3725212 0.2707976 -0.08015191 0.3327181 0.27645 -0.07815566 0.333547 0.2790669 -0.06829049 0.3776101 0.2891845 -0.06349176 0.3775727 0.2938043 -0.04562385 0.3827125 0.304041 -0.04908905 0.3363552 0.3139794 -0.04658335 0.3371912 0.3161177 -0.03270344 0.3878453 0.320078 -6.624499E-31 0.5526485 -0.1453993 -5.84736E-32 0.5961323 -0.1953295 -0.01295293 0.5434419 -0.1610674 -0.01089823 0.5814244 -0.2082156 -0.01302446 0.5165495 -0.1929735 1.240837E-31 0.6381846 -0.2783593 -0.01419769 0.5040567 -0.2618746 -0.01339047 0.4789306 -0.2267802 -0.01137707 0.4448477 -0.2567463 -0.009864998 0.6205267 -0.2847119 -0.009056067 0.4759442 -0.3151068 2.182081E-31 0.4269739 -0.2674707 -1.062938E-10 0.4782474 -0.3722217 -0.01345789 0.527673 -0.3044862 -0.009224412 0.5511339 -0.3766563 6.095111E-31 0.5511612 -0.3904993 5.585952E-10 0.6117061 -0.4368882 -0.007851303 0.6444972 -0.3793388 2.179004E-10 0.6656528 -0.5115959 4.990439E-31 0.6611114 -0.3881896 0.1329685 0.2366721 -0.06051849 0.1534387 0.2779069 -0.0007655239 0.1419835 0.2295329 -0.0008516635 0.1455473 0.2864162 -0.06042945 0.1125151 0.2519822 -0.1393557 0.1567219 0.3453491 -0.0008810864 0.1265919 0.2972352 -0.1400543 0.08699585 0.2699446 -0.215047 0.1495585 0.3422701 -0.06084844 0.1205205 0.4673605 -0.06072262 0.1259613 0.4787275 -0.0008692841 0.1217763 0.3918428 -0.1396057 0.1063121 0.4392273 -0.1393791 0.09770628 0.3698239 -0.2153227 0.07244535 0.3317901 -0.2796645 0.06017242 0.3861825 -0.2790169 0.05809594 0.2887675 -0.2787044 0.0474226 0.3700598 -0.3095721 0.05134612 0.3162865 -0.3096082 0.03152272 0.2794891 -0.3094019 0.03451669 0.3538907 -0.3399654 0.02959656 0.3041293 -0.3399361 -0.1419835 0.2295329 -0.0008516635 -0.1534387 0.2779069 -0.0007655239 -0.1329685 0.2366721 -0.06051849 -0.1455473 0.2864162 -0.06042945 -0.1125151 0.2519822 -0.1393557 -0.1567219 0.3453491 -0.0008810864 -0.1265919 0.2972352 -0.1400543 -0.08699585 0.2699446 -0.215047 -0.1495585 0.3422701 -0.06084844 -0.1205205 0.4673605 -0.06072262 -0.1259613 0.4787275 -0.0008692841 -0.1217763 0.3918428 -0.1396057 -0.1063121 0.4392273 -0.1393791 -0.09770628 0.3698239 -0.2153227 -0.07244535 0.3317901 -0.2796645 -0.06017242 0.3861825 -0.2790169 -0.05809594 0.2887675 -0.2787044 -0.0474226 0.3700598 -0.3095721 -0.05134612 0.3162865 -0.3096082 -0.03152272 0.2794891 -0.3094019 -0.03451669 0.3538907 -0.3399654 -0.02959656 0.3041293 -0.3399361 0.01295293 0.5434419 -0.1610674 -5.84736E-32 0.5961323 -0.1953295 -6.624499E-31 0.5526485 -0.1453993 0.01089823 0.5814244 -0.2082156 0.01302446 0.5165495 -0.1929735 1.240837E-31 0.6381846 -0.2783593 0.01419769 0.5040567 -0.2618746 0.01339047 0.4789306 -0.2267802 0.01137707 0.4448477 -0.2567463 0.009864998 0.6205267 -0.2847119 0.009056067 0.4759442 -0.3151068 2.182081E-31 0.4269739 -0.2674707 -1.062938E-10 0.4782474 -0.3722217 0.01345789 0.527673 -0.3044862 0.009224412 0.5511339 -0.3766563 6.095111E-31 0.5511612 -0.3904993 5.585952E-10 0.6117061 -0.4368882 0.007851303 0.6444972 -0.3793388 2.179004E-10 0.6656528 -0.5115959 4.990439E-31 0.6611114 -0.3881896 -4.743408E-31 0.1895855 -0.1134422 -0.01093462 0.1980032 -0.1275447 -7.379394E-32 0.1503986 -0.1418136 -0.01116239 0.1592173 -0.1551046 -0.01127643 0.211609 -0.1626929 -0.01180371 0.2364915 -0.2186865 -0.008746401 0.1059022 -0.2115116 6.183405E-31 0.08658874 -0.2031894 -0.01252486 0.2100184 -0.3138523 -0.01254866 0.2623524 -0.2698652 3.592969E-31 0.2717653 -0.2788638 -1.043203E-10 0.2160798 -0.3273723 1.098248E-30 0.1634777 -0.3110204 -0.01202315 0.1425377 -0.2298821 -0.009136486 0.1671441 -0.2994908 -0.008090204 0.09614711 -0.3015254 1.312904E-30 0.0916217 -0.3154207 -0.007453462 0.05904541 -0.277599 9.751386E-31 0.03845318 -0.2787107 -0.005877776 0.03797554 -0.3332085 1.518328E-30 0.01788056 -0.3623507 -7.379394E-32 0.1503986 -0.1418136 0.01093462 0.1980032 -0.1275447 -4.743408E-31 0.1895855 -0.1134422 0.01116239 0.1592173 -0.1551046 0.01127643 0.211609 -0.1626929 0.01180371 0.2364915 -0.2186865 0.008746401 0.1059022 -0.2115116 6.183405E-31 0.08658874 -0.2031894 0.01252486 0.2100184 -0.3138523 0.01254866 0.2623524 -0.2698652 3.592969E-31 0.2717653 -0.2788638 -1.043203E-10 0.2160798 -0.3273723 1.098248E-30 0.1634777 -0.3110204 0.01202315 0.1425377 -0.2298821 0.009136486 0.1671441 -0.2994908 0.008090204 0.09614711 -0.3015254 1.312904E-30 0.0916217 -0.3154207 0.007453462 0.05904541 -0.277599 9.751386E-31 0.03845318 -0.2787107 0.005877776 0.03797554 -0.3332085 1.518328E-30 0.01788056 -0.3623507 -0.01139004 0.5729132 -0.1200649 -0.008936683 0.6062349 -0.1372247 -6.093167E-31 0.5670848 -0.1312227 -1.169083E-09 0.6462222 -0.1618282 -0.01513941 0.5872445 -0.08135214 -0.01124522 0.6289049 -0.09726159 1.171739E-10 0.6367895 -0.1015529 -0.01770918 0.6011835 -0.04976218 -0.00684407 0.6822349 -0.09357252 -8.035535E-11 0.6808674 -0.09958144 -4.006964E-10 0.7416172 -0.08738049 -0.01439929 0.6392193 -0.05887458 -0.008949909 0.6851422 -0.07283287 -0.007455877 0.6880463 -0.0495472 2.64992E-30 0.6897377 -0.04274973 3.621004E-31 0.6571528 -0.01641225 -0.01483912 0.6454538 -0.01373764 -0.01978444 0.6066521 -0.01224496 -0.01928287 0.6106012 0.03258147 -0.007250757 0.6988525 0.007331027 1.410265E-30 0.6996627 0.002990896 -2.528332E-10 0.7554998 0.02872997 -0.01547881 0.6449528 0.03181792 -0.01583859 0.6161724 0.07479319 -0.007150137 0.697996 0.05338205 1.196898E-30 0.698512 0.0563652 7.39958E-11 0.6511229 0.07802334 -0.01204955 0.6413499 0.0773724 -0.01524938 0.6131284 0.1030744 -3.364237E-10 0.687236 0.1176618 -0.01117738 0.6377009 0.1096958 4.116868E-32 0.6131285 0.1154732 1.323582E-10 0.6842325 0.1221824 1.323582E-10 0.6842325 0.1221824 4.116868E-32 0.6131285 0.1154732 0.01117738 0.6377009 0.1096958 0.01524938 0.6131284 0.1030744 -3.364237E-10 0.687236 0.1176618 0.01204955 0.6413499 0.0773724 0.01583859 0.6161724 0.07479319 7.39958E-11 0.6511229 0.07802334 0.01547881 0.6449528 0.03181792 0.01928287 0.6106012 0.03258147 0.007150137 0.697996 0.05338205 1.196898E-30 0.698512 0.0563652 -2.528332E-10 0.7554998 0.02872997 0.007250757 0.6988525 0.007331027 1.410265E-30 0.6996627 0.002990896 3.621004E-31 0.6571528 -0.01641225 0.01483912 0.6454538 -0.01373764 0.01978444 0.6066521 -0.01224496 0.01770918 0.6011835 -0.04976218 0.007455877 0.6880463 -0.0495472 2.64992E-30 0.6897377 -0.04274973 -4.006964E-10 0.7416172 -0.08738049 0.01439929 0.6392193 -0.05887458 0.008949909 0.6851422 -0.07283287 0.00684407 0.6822349 -0.09357252 -8.035535E-11 0.6808674 -0.09958144 1.171739E-10 0.6367895 -0.1015529 0.01124522 0.6289049 -0.09726159 0.01513941 0.5872445 -0.08135214 -1.169083E-09 0.6462222 -0.1618282 0.008936683 0.6062349 -0.1372247 0.01139004 0.5729132 -0.1200649 -6.093167E-31 0.5670848 -0.1312227 -0.3231758 0.3292889 0.07974407 -0.3838609 0.3310001 0.07959025 -0.3206051 0.3398228 0.07185292 -0.3789093 0.3707836 0.07997106 -0.2750078 0.3300994 0.07974837 -0.3823849 0.4158523 0.07341879 -0.4019385 0.4174823 0.07986496 -0.464887 0.4709849 0.07928588 -0.2728142 0.3394487 0.07151608 -0.4287807 0.4951712 0.07352598 -0.5423135 0.5309616 0.08031512 -0.3589993 0.4841513 0.08175708 -0.3480091 0.4732154 0.07277844 -0.2882085 0.460225 0.07956068 -0.2280944 0.4234627 0.06992164 -0.2227826 0.4276096 0.07974407 -0.1848863 0.3972794 0.0796876 -0.2287166 0.3409677 0.07038293 -0.1891289 0.3429975 0.07971016 -0.1636458 0.3616684 0.06821558 -0.1515543 0.3612568 0.07974435 -0.464887 0.4709849 0.07928588 -0.4019385 0.4174823 0.07986496 -0.3765473 0.4561396 0.08932185 -0.5423135 0.5309616 0.08031512 -0.3789093 0.3707836 0.07997106 -0.3589993 0.4841513 0.08175708 -0.3206099 0.3397956 0.08856028 -0.3838609 0.3310001 0.07959025 -0.3231758 0.3292889 0.07974407 -0.2750078 0.3300994 0.07974837 -0.2280341 0.4236895 0.09202766 -0.2882085 0.460225 0.07956068 -0.2227826 0.4276096 0.07974407 -0.1848863 0.3972794 0.0796876 -0.2728291 0.3394315 0.08829315 -0.2287074 0.3409876 0.08955584 -0.1891289 0.3429975 0.07971016 -0.1636615 0.3617344 0.09108967 -0.1515543 0.3612568 0.07974435 0.3231758 0.3292889 0.07974407 0.3838609 0.3310001 0.07959025 0.3206099 0.3397956 0.08856028 0.3789093 0.3707836 0.07997106 0.2750078 0.3300994 0.07974837 0.3765473 0.4561396 0.08932185 0.4019385 0.4174823 0.07986496 0.464887 0.4709849 0.07928588 0.5423135 0.5309615 0.08031512 0.3589993 0.4841513 0.08175708 0.2280341 0.4236895 0.09202766 0.2882085 0.460225 0.07956068 0.2227826 0.4276096 0.07974407 0.1848863 0.3972794 0.0796876 0.2728291 0.3394315 0.08829315 0.2287074 0.3409876 0.08955584 0.1891289 0.3429975 0.07971016 0.1636615 0.3617344 0.09108967 0.1515543 0.3612568 0.07974435 0.3838609 0.3310001 0.07959025 0.3231758 0.3292889 0.07974407 0.3206051 0.3398228 0.07185292 0.3789093 0.3707836 0.07997106 0.2750078 0.3300994 0.07974837 0.3823849 0.4158523 0.07341879 0.4019385 0.4174823 0.07986496 0.464887 0.4709849 0.07928588 0.2728142 0.3394487 0.07151608 0.4287807 0.4951712 0.07352598 0.5423135 0.5309615 0.08031512 0.3589993 0.4841513 0.08175708 0.3480091 0.4732154 0.07277844 0.2882085 0.460225 0.07956068 0.2280944 0.4234627 0.06992164 0.2227826 0.4276096 0.07974407 0.1848863 0.3972794 0.0796876 0.2287166 0.3409677 0.07038293 0.1891289 0.3429975 0.07971016 0.1636458 0.3616684 0.06821558 0.1515543 0.3612568 0.07974435</float_array>
                    <technique_common>
                        <accessor count="464" offset="0" source="pm0550_12_00_body_mesh_shape_lod1_body_01-geometry-POSITION-array" stride="3">
                            <param name="X" type="float" />
                            <param name="Y" type="float" />
                            <param name="Z" type="float" />
                        </accessor>
                    </technique_common>
                </source>
                <source id="pm0550_12_00_body_mesh_shape_lod1_body_01-geometry-NORMAL">
                    <float_array id="pm0550_12_00_body_mesh_shape_lod1_body_01-geometry-NORMAL-array" count="930">-0.1233521 -0.8989258 -0.420166 -0.9287109 -0.3703613 -0.006965637 0.6069336 -0.3330078 -0.7211914 0.9257813 -0.2563477 0.2770996 -0.4770508 -0.284668 0.8310547 0.2580566 -0.706543 0.6586914 -0.2467041 -0.887207 -0.3886719 -0.8950195 -0.3972168 0.2006836 0.3820801 -0.3408203 -0.8583984 0.9731445 -0.2259521 0.03521729 -0.2561035 -0.2866211 0.9228516 0.4504395 -0.6733398 0.5854492 -0.890625 -0.298584 0.3422852 0.230957 -0.3613281 -0.9033203 -0.4094238 -0.8496094 -0.3310547 0.5888672 -0.6254883 0.5112305 0.9477539 -0.2438965 -0.2032471 -0.04095459 -0.1820068 0.9824219 -0.4592285 0.5546875 0.6933594 0.996582 0.07775879 -0.01225281 0.4853516 0.8051758 0.3400879 0.04718018 0.4882813 -0.8710938 0.6904297 -0.06933594 -0.7197266 -0.8398438 0.3127441 -0.4428711 -0.2288818 0.6044922 0.7626953 0.9707031 0.08129883 -0.2242432 0.5898438 0.7875977 0.1755371 -0.09234619 0.4072266 -0.9082031 0.6069336 -0.1176758 -0.7856445 -0.9443359 0.2697754 -0.1861572 -0.1768799 0.5371094 0.8242188 0.8759766 -0.01197815 -0.4819336 0.7143555 0.6992188 -0.01169586 -0.2351074 0.4667969 -0.8520508 0.2216797 -0.08648682 -0.9711914 -0.862793 0.3920898 0.3181152 0.2351074 0.4667969 -0.8520508 0.862793 0.3920898 0.3181152 -0.2216797 -0.08648682 -0.9711914 -0.7143555 0.6992188 -0.01169586 -0.8759766 -0.01197815 -0.4819336 0.1768799 0.5371094 0.8242188 0.09234619 0.4072266 -0.9082031 0.9443359 0.2697754 -0.1861572 -0.6069336 -0.1176758 -0.7856445 -0.5898438 0.7875977 0.1755371 -0.9707031 0.08129883 -0.2242432 0.2288818 0.6044922 0.7626953 -0.04718018 0.4882813 -0.8710938 0.8398438 0.3127441 -0.4428711 -0.6904297 -0.06933594 -0.7197266 -0.4853516 0.8051758 0.3400879 -0.996582 0.07775879 -0.01225281 0.4592285 0.5546875 0.6933594 -0.5888672 -0.6254883 0.5112305 0.04095459 -0.1820068 0.9824219 -0.9477539 -0.2438965 -0.2032471 0.4094238 -0.8496094 -0.3310547 -0.230957 -0.3613281 -0.9033203 0.890625 -0.298584 0.3422852 -0.4504395 -0.6733398 0.5854492 0.2561035 -0.2866211 0.9228516 -0.9731445 -0.2259521 0.03521729 0.2467041 -0.887207 -0.3886719 -0.3820801 -0.3408203 -0.8583984 0.8950195 -0.3972168 0.2006836 -0.2580566 -0.706543 0.6586914 0.4770508 -0.284668 0.8310547 -0.9257813 -0.2563477 0.2770996 0.1233521 -0.8989258 -0.420166 -0.6069336 -0.3330078 -0.7211914 0.9287109 -0.3703613 -0.006965637 0.9262695 -0.1428223 -0.3483887 -0.8803711 -0.1860352 0.4353027 -0.7368164 -0.2075195 0.6430664 -0.6123047 -0.105896 0.7832031 0.9228516 -0.09259033 -0.3735352 -0.8994141 0.347168 0.2653809 0.8354492 -0.1035767 -0.5390625 -0.8276367 0.3505859 0.4377441 0.6416016 -0.137085 -0.7543945 -0.6713867 0.3818359 0.6342773 0.6713867 0.3818359 0.6342773 -0.6416016 -0.137085 -0.7543945 0.8276367 0.3505859 0.4377441 -0.8354492 -0.1035767 -0.5390625 0.8994141 0.347168 0.2653809 -0.9228516 -0.09259033 -0.3735352 0.6123047 -0.105896 0.7832031 -0.6845703 -0.1945801 -0.7021484 0.7368164 -0.2075195 0.6430664 -0.8164063 -0.1254883 -0.5629883 0.8803711 -0.1860352 0.4353027 -0.9262695 -0.1428223 -0.3483887 0.8164063 -0.1254883 -0.5629883 0.6845703 -0.1945801 -0.7021484 0 0.7539063 0.6567383 0 0.8540039 0.5200195 -0.9628906 0.2174072 0.1569824 -0.9868164 0.1444092 0.07049561 -0.9995117 0.02810669 0.003868103 0 0.9472656 0.3203125 -0.9995117 -0.002283096 -0.01519775 -0.9995117 -0.02513123 0.004993439 -0.9780273 -0.1715088 -0.1183472 -0.9916992 0.1228027 0.02224731 -0.9755859 -0.1711426 -0.1352539 0 -0.8647461 -0.5014648 0 -0.7202148 -0.6933594 -0.9985352 -0.001613617 -0.04434204 -0.9926758 -0.03442383 -0.1137695 0 -0.4750977 -0.8798828 0 -0.5136719 -0.8574219 -0.9941406 0.1010742 -0.03317261 0 -0.5976563 -0.8012695 0 0.9960938 0.08618164 0.8583984 -0.4465332 -0.251709 0.9838867 -0.1257324 -0.1259766 0.8598633 -0.4960938 -0.1191406 0.9663086 -0.1507568 -0.2076416 0.831543 -0.4453125 -0.3310547 0.9838867 0.1334229 -0.116394 0.9418945 -0.09143066 -0.3220215 0.8461914 -0.3405762 -0.4094238 0.9741211 0.1143799 -0.1938477 0.9384766 0.2900391 -0.1867676 0.9501953 0.2932129 -0.1011963 0.9443359 0.1677246 -0.2814941 0.8920898 0.310791 -0.3276367 0.9179688 0.1239624 -0.3764648 0.8935547 -0.03686523 -0.4467773 0.8295898 0.3054199 -0.467041 0.7958984 -0.3713379 -0.4772949 0.8461914 0.2154541 -0.4870605 0.8388672 -0.1663818 -0.5175781 0.5766602 -0.652832 -0.4902344 0.8959961 0.1004639 -0.4318848 0.8188477 -0.3803711 -0.4289551 -0.8598633 -0.4960938 -0.1191406 -0.9838867 -0.1257324 -0.1259766 -0.8583984 -0.4465332 -0.251709 -0.9663086 -0.1507568 -0.2076416 -0.831543 -0.4453125 -0.3310547 -0.9838867 0.1334229 -0.116394 -0.9418945 -0.09143066 -0.3220215 -0.8461914 -0.3405762 -0.4094238 -0.9741211 0.1143799 -0.1938477 -0.9384766 0.2900391 -0.1867676 -0.9501953 0.2932129 -0.1011963 -0.9443359 0.1677246 -0.2814941 -0.8920898 0.310791 -0.3276367 -0.9179688 0.1239624 -0.3764648 -0.8935547 -0.03686523 -0.4467773 -0.8295898 0.3054199 -0.467041 -0.7958984 -0.3713379 -0.4772949 -0.8461914 0.2154541 -0.4870605 -0.8388672 -0.1663818 -0.5175781 -0.5766602 -0.652832 -0.4902344 -0.8959961 0.1004639 -0.4318848 -0.8188477 -0.3803711 -0.4289551 0.9628906 0.2174072 0.1569824 0.9868164 0.1444092 0.07049561 0.9995117 0.02810669 0.003868103 0.9995117 -0.002283096 -0.01519775 0.9995117 -0.02513123 0.004993439 0.9780273 -0.1715088 -0.1183472 0.9916992 0.1228027 0.02224731 0.9755859 -0.1711426 -0.1352539 0.9985352 -0.001613617 -0.04434204 0.9926758 -0.03442383 -0.1137695 0.9941406 0.1010742 -0.03317261 0 -0.5864258 0.8095703 -0.9707031 -0.1376953 0.1967773 0 -0.6806641 0.7324219 -0.9882813 -0.1051636 0.1101074 -0.9995117 -0.0008554459 0.009117126 -0.9995117 -0.002555847 0.008354187 -0.9804688 -0.1634521 0.1088867 0 -0.7792969 0.6259766 -0.984375 0.03265381 -0.1721191 -0.9873047 0.1005249 -0.1201172 0 0.6455078 -0.7631836 0 0.3486328 -0.9370117 0 -0.137207 -0.9902344 -0.9995117 -0.02851868 -0.000212431 -0.9853516 -0.06762695 -0.1536865 -0.9931641 -0.007202148 -0.1144409 0 0.3095703 -0.9506836 -0.987793 -0.1408691 0.0619812 0 -0.9165039 0.3996582 -0.9902344 -0.0871582 -0.1043701 0 -0.4799805 -0.8769531 0.9707031 -0.1376953 0.1967773 0.9882813 -0.1051636 0.1101074 0.9995117 -0.0008554459 0.009117126 0.9995117 -0.002555847 0.008354187 0.9804688 -0.1634521 0.1088867 0.984375 0.03265381 -0.1721191 0.9873047 0.1005249 -0.1201172 0.9995117 -0.02851868 -0.000212431 0.9853516 -0.06762695 -0.1536865 0.9931641 -0.007202148 -0.1144409 0.987793 -0.1408691 0.0619812 0.9902344 -0.0871582 -0.1043701 -0.965332 -0.05953979 -0.2536621 -0.9506836 -0.01882935 -0.3093262 0 -0.3823242 -0.9238281 0 0.5976563 -0.8012695 -0.9936523 0.04815674 -0.09936523 -0.9794922 0.1453857 -0.1386719 0 0.8354492 -0.5488281 -0.9941406 0.07818604 -0.07159424 -0.9438477 0.1110229 -0.3100586 0 0.1225586 -0.9921875 0 0.9853516 -0.1704102 -0.9931641 0.09765625 -0.0579834 -0.9907227 0.1304932 -0.03134155 -0.9448242 0.267334 0.1889648 0 0.640625 0.7670898 0 0.9868164 -0.1602783 -0.9814453 0.1877441 -0.03610229 -0.9912109 0.1250152 -0.03494263 -0.9926758 0.1149292 0.02540588 -0.972168 0.1889648 -0.1378174 0 0.4169922 -0.9086914 0 0.9995117 0.01010895 -0.9907227 0.1292725 0.02835083 -0.9887695 0.1328125 0.06335449 -0.9682617 0.189209 0.1622314 0 0.4262695 0.9042969 0 0.9638672 0.2661133 -0.9711914 0.2213135 0.08721924 -0.9521484 0.07580566 0.2944336 0 0.9990234 -0.03494263 -0.9140625 0.09222412 0.394043 0 -0.1137695 0.9931641 0 0.2493896 0.9682617 0.9140625 0.09222412 0.394043 0.9521484 0.07580566 0.2944336 0.9711914 0.2213135 0.08721924 0.9887695 0.1328125 0.06335449 0.9907227 0.1292725 0.02835083 0.9926758 0.1149292 0.02540588 0.9682617 0.189209 0.1622314 0.972168 0.1889648 -0.1378174 0.9814453 0.1877441 -0.03610229 0.9912109 0.1250152 -0.03494263 0.9941406 0.07818604 -0.07159424 0.9448242 0.267334 0.1889648 0.9931641 0.09765625 -0.0579834 0.9907227 0.1304932 -0.03134155 0.9438477 0.1110229 -0.3100586 0.9794922 0.1453857 -0.1386719 0.9936523 0.04815674 -0.09936523 0.9506836 -0.01882935 -0.3093262 0.965332 -0.05953979 -0.2536621 -0.01086426 -0.9995117 -0.001009941 -0.9926758 -0.1196289 0.001296043 -0.0340271 -0.05361938 -0.9975586 -0.5996094 -0.2705078 0.7529297 0.01972961 -0.9995117 -0.000484705 -0.05712891 -0.02716064 -0.9975586 -0.3762207 -0.3249512 0.8671875 -0.6455078 -0.7548828 0.1130371 -0.01197052 -0.09912109 -0.9946289 0.002134323 0.1921387 -0.980957 -0.3459473 0.02867126 0.9375 0.08917236 0.4067383 0.9086914 0.01041412 0.09002686 -0.9956055 0.3537598 0.9287109 -0.107666 0.03216553 0.08795166 -0.9951172 0.5302734 0.847168 -0.006858826 0.6894531 0.7236328 -0.008018494 0.00236702 -0.1821289 -0.9829102 0.2802734 -0.9594727 0.001346588 0.164917 -0.02838135 -0.9858398 0.9995117 0.02935791 -0.002182007 -0.02757263 0.05966187 0.9975586 -0.04458618 -0.07421875 0.9960938 0.03933716 0.07965088 0.9956055 -0.004417419 -0.1286621 0.9912109 0.01108551 -0.2097168 0.9775391 0.1811523 -0.04244995 0.9824219 0.01086426 -0.9995117 -0.001008987 0.9926758 -0.1196289 0.001293182 0.04458618 -0.07421875 0.9960938 0.5996094 -0.2705078 0.7529297 -0.01972961 -0.9995117 -0.0004842281 0.02757263 0.05966187 0.9975586 0.3762207 -0.3249512 0.8671875 0.6455078 -0.7548828 0.1130371 0.3459473 0.02867126 0.9375 -0.08917236 0.4067383 0.9086914 -0.03933716 0.07965088 0.9956055 -0.3537598 0.9287109 -0.107666 -0.5302734 0.847168 -0.006858826 -0.6894531 0.7236328 -0.008018494 0.004417419 -0.1286621 0.9912109 -0.01108551 -0.2097168 0.9775391 -0.2802734 -0.9594727 0.001346588 -0.1811523 -0.04244995 0.9824219 -0.9995117 0.02935791 -0.002182007 0.0340271 -0.05361938 -0.9975586 0.05712891 -0.02716064 -0.9975586 0.01197052 -0.09912109 -0.9946289 -0.002134323 0.1921387 -0.980957 -0.01041412 0.09002686 -0.9956055 -0.03216553 0.08795166 -0.9951172 -0.00236702 -0.1821289 -0.9829102 -0.164917 -0.02838135 -0.9858398</float_array>
                    <technique_common>
                        <accessor count="310" offset="0" source="pm0550_12_00_body_mesh_shape_lod1_body_01-geometry-NORMAL-array" stride="3">
                            <param name="X" type="float" />
                            <param name="Y" type="float" />
                            <param name="Z" type="float" />
                        </accessor>
                    </technique_common>
                </source>
                <source id="pm0550_12_00_body_mesh_shape_lod1_body_01-geometry-TEXCOORD">
                    <float_array id="pm0550_12_00_body_mesh_shape_lod1_body_01-geometry-TEXCOORD-array" count="928">0.3349692 0.2948807 0.3393753 0.3259338 0.3333583 0.3259351 0.3325946 0.2584418 0.3386116 0.2584412 0.3349688 0.2921984 0.3816921 0.2975023 0.3853965 0.3238061 0.380594 0.3238064 0.3805923 0.2661952 0.3853949 0.2661951 0.3816921 0.2953614 0.3621029 0.3381428 0.3562553 0.3381428 0.3608872 0.3015432 0.3608873 0.2989365 0.3562577 0.2588038 0.3621053 0.2588041 0.4833324 0.6863261 0.4786316 0.6863246 0.4917768 0.6564268 0.4917779 0.6543314 0.4786564 0.6225102 0.4833565 0.622512 0.4538474 0.6849616 0.4491383 0.6849635 0.4642125 0.6544563 0.464239 0.6523696 0.4494369 0.6223971 0.4535306 0.6228762 0.4826831 0.3004935 0.4778777 0.3004931 0.4911766 0.2703471 0.4908767 0.2682564 0.4789591 0.237519 0.4818563 0.2348842 0.5091233 0.2682564 0.5181437 0.2348842 0.5210409 0.237519 0.5088234 0.2703471 0.5221223 0.3004931 0.5173169 0.3004935 0.535761 0.6523696 0.5464694 0.6228762 0.5505631 0.6223971 0.5357875 0.6544563 0.5508617 0.6849635 0.5461526 0.6849616 0.5082221 0.6543314 0.5166435 0.622512 0.5213436 0.6225102 0.5082232 0.6564268 0.5213684 0.6863246 0.5166676 0.6863261 0.6391127 0.2989365 0.6378947 0.2588041 0.6437423 0.2588038 0.6391128 0.3015432 0.6437447 0.3381428 0.6378971 0.3381428 0.6183079 0.2953614 0.6146051 0.2661951 0.6194077 0.2661952 0.6183079 0.2975023 0.619406 0.3238064 0.6146035 0.3238061 0.6650312 0.2921984 0.6613884 0.2584412 0.6674054 0.2584418 0.6650308 0.2948807 0.6666417 0.3259351 0.6606247 0.3259338 0.1470783 0.1382129 0.1338254 0.1142836 0.1482525 0.1112334 0.1494369 0.1377717 0.1609176 0.1103135 0.1478222 0.08545333 0.13646 0.05835831 0.1489891 0.05909014 0.1501415 0.08587819 0.1629717 0.06196225 0.1884104 0.08578229 0.1762788 0.05924809 0.1894863 0.06047618 0.190552 0.08604854 0.2024379 0.06251949 0.2743888 0.08791661 0.2629467 0.05921298 0.2754029 0.06055796 0.2764113 0.08817554 0.2877963 0.06239498 0.08659852 0.03929734 0.07544172 0.01084411 0.08758676 0.00888133 0.088588 0.03914452 0.09988958 0.008966208 0.02443326 0.1861974 0.01071364 0.157123 0.02347708 0.1578001 0.02651203 0.186227 0.03625447 0.1574874 0.129628 0.03929818 0.118321 0.009230256 0.1306298 0.008411765 0.1316313 0.03935206 0.1429343 0.009891272 0.1721185 0.03812015 0.1612679 0.009394407 0.1736584 0.009787321 0.174192 0.03810275 0.1864208 0.009040833 0.2168634 0.04197693 0.2055829 0.0147171 0.2178074 0.009034872 0.2187705 0.04193377 0.2292511 0.014189 0.2590263 0.04047513 0.2472226 0.009000063 0.2597738 0.00984478 0.2610874 0.04051995 0.2727687 0.01249266 0.7389126 0.04051995 0.7272313 0.01249266 0.7402262 0.00984478 0.7409737 0.04047513 0.7527774 0.009000063 0.7812295 0.04193377 0.7707489 0.014189 0.7821926 0.009034872 0.7831366 0.04197693 0.7944171 0.0147171 0.825808 0.03810275 0.8135792 0.009040833 0.8263416 0.009787321 0.8278815 0.03812015 0.8387321 0.009394407 0.8683687 0.03935206 0.8570657 0.009891272 0.8693702 0.008411765 0.870372 0.03929818 0.881679 0.009230256 0.973488 0.186227 0.9637455 0.1574874 0.9765229 0.1578001 0.9755667 0.1861974 0.9892864 0.157123 0.911412 0.03914452 0.9001104 0.008966208 0.9124132 0.00888133 0.9134015 0.03929734 0.9245583 0.01084411 0.7235887 0.08817554 0.7122037 0.06239498 0.7245971 0.06055802 0.7256112 0.08791655 0.7370533 0.05921298 0.769771 0.08779478 0.7544066 0.05945057 0.7674103 0.05909747 0.7718872 0.08780986 0.7804076 0.05963635 0.809448 0.08604854 0.7975621 0.06251949 0.8105137 0.06047618 0.8115896 0.08578229 0.8237212 0.05924809 0.7326201 0.1376643 0.720044 0.1103742 0.7337343 0.1118554 0.7348425 0.1379519 0.7473507 0.1139094 0.8498585 0.08587819 0.8370283 0.06196225 0.8510109 0.05909014 0.8521778 0.08545333 0.86354 0.05835831 0.8505631 0.1377717 0.8390824 0.1103135 0.8517475 0.1112334 0.8529217 0.1382129 0.8661746 0.1142836 0.2526493 0.1139094 0.2662657 0.1118555 0.2651575 0.1379519 0.2673799 0.1376643 0.279956 0.1103742 0.2195924 0.05963635 0.2325897 0.05909753 0.2281128 0.08780992 0.230229 0.08779478 0.2455934 0.05945063 0.2194629 0.7552069 0.1909824 0.7394412 0.2221255 0.7445635 0.196205 0.7299452 0.2286014 0.725062 0.1567913 0.7090222 0.2217262 0.691263 0.2395834 0.7027212 0.2496512 0.6827813 0.1644595 0.7022591 0.2247289 0.661759 0.2565256 0.673377 0.2134368 0.6355398 0.2030959 0.6762009 0.178993 0.6475149 0.1764701 0.6400029 0.1399589 0.6310784 0.1359742 0.6638635 0.1007457 0.6083881 0.1262031 0.6632493 0.7199471 0.4551576 0.6767291 0.4611523 0.6908263 0.4358861 0.7058296 0.4812673 0.7592091 0.4823289 0.6592965 0.4965103 0.7462794 0.5066016 0.7979234 0.5097222 0.6918746 0.5103164 0.6624994 0.5796356 0.6268814 0.5702922 0.7239074 0.5574764 0.7136233 0.5849457 0.7726812 0.5640941 0.8196315 0.5580785 0.8097687 0.5897517 0.8325016 0.5342968 0.8323203 0.5872909 0.8433514 0.556622 0.8570981 0.5354626 0.8543456 0.5848072 0.8669978 0.5570661 0.3091737 0.4358861 0.3232709 0.4611523 0.2800529 0.4551576 0.2941704 0.4812673 0.2407909 0.4823289 0.3407035 0.4965103 0.2537206 0.5066016 0.2020766 0.5097222 0.3081254 0.5103164 0.3375006 0.5796356 0.3731186 0.5702922 0.2760926 0.5574764 0.2863767 0.5849457 0.2273188 0.5640941 0.1803685 0.5580785 0.1902313 0.5897517 0.1674984 0.5342968 0.1676797 0.5872909 0.1566486 0.556622 0.1429019 0.5354626 0.1456544 0.5848072 0.1330022 0.5570661 0.7778745 0.7445635 0.8090176 0.7394412 0.7805371 0.7552069 0.803795 0.7299452 0.7713986 0.725062 0.8432087 0.7090222 0.7782738 0.691263 0.7604166 0.7027212 0.7503488 0.6827813 0.8355405 0.7022591 0.7752711 0.661759 0.7434744 0.673377 0.7865632 0.6355398 0.7969041 0.6762009 0.821007 0.6475149 0.8235299 0.6400029 0.8600411 0.6310784 0.8640258 0.6638635 0.8992543 0.6083881 0.8737969 0.6632493 0.3173108 0.7704934 0.3119778 0.76118 0.3391609 0.755807 0.333661 0.7471603 0.3054565 0.7416896 0.2934924 0.7105491 0.3642258 0.7181963 0.3751925 0.7239195 0.3106164 0.6601741 0.28089 0.6819311 0.2745146 0.6744354 0.3078584 0.6504384 0.3362898 0.6605377 0.3448783 0.7070922 0.3336074 0.6683623 0.3724413 0.6694351 0.3753268 0.6609599 0.3917686 0.6840537 0.4037337 0.6846483 0.4055434 0.6550705 0.4181395 0.6400582 0.6608391 0.755807 0.6880222 0.76118 0.6826892 0.7704934 0.666339 0.7471603 0.6945435 0.7416896 0.7065076 0.7105491 0.6357742 0.7181963 0.6248075 0.7239195 0.6893836 0.6601741 0.71911 0.6819311 0.7254854 0.6744354 0.6921416 0.6504384 0.6637102 0.6605377 0.6551217 0.7070922 0.6663926 0.6683623 0.6275587 0.6694351 0.6246732 0.6609599 0.6082314 0.6840537 0.5962663 0.6846483 0.5944566 0.6550705 0.5818605 0.6400582 0.04149324 0.8972178 0.03005904 0.9121445 0.03460932 0.8921323 0.01274264 0.9279529 0.05870897 0.908067 0.04788738 0.9284328 0.04276466 0.9341126 0.07292157 0.9158087 0.0504027 0.9559892 0.04575002 0.9557414 0.05319995 0.9862711 0.06833774 0.9343029 0.06092197 0.9574832 0.07265329 0.9591838 0.07713777 0.9617522 0.09245628 0.9477855 0.09263873 0.9375319 0.09045762 0.9169847 0.1110746 0.9136267 0.1130946 0.9599578 0.1101521 0.9626998 0.1332979 0.9835804 0.1157765 0.9300851 0.1310387 0.90931 0.1349605 0.9518414 0.1385713 0.9521487 0.1432433 0.9268533 0.1379704 0.9204645 0.1413162 0.9005799 0.1701689 0.9257567 0.1507879 0.9088027 0.1493611 0.8949933 0.1709815 0.9230615 0.8290185 0.9230615 0.8506389 0.8949933 0.8492121 0.9088027 0.8586838 0.9005799 0.8298311 0.9257567 0.8620296 0.9204645 0.8689613 0.90931 0.8567567 0.9268533 0.8842235 0.9300851 0.8889254 0.9136267 0.8650395 0.9518414 0.8614287 0.9521487 0.8667021 0.9835804 0.8869054 0.9599578 0.8898479 0.9626998 0.9075437 0.9477855 0.9073613 0.9375319 0.9095424 0.9169847 0.9270784 0.9158087 0.9273467 0.9591838 0.9228622 0.9617522 0.9468001 0.9862711 0.9316623 0.9343029 0.939078 0.9574832 0.9495973 0.9559892 0.95425 0.9557414 0.9572353 0.9341126 0.9521126 0.9284328 0.941291 0.908067 0.9872574 0.9279529 0.969941 0.9121445 0.9585068 0.8972178 0.9653907 0.8921323 0.2535303 0.805087 0.2824971 0.7934515 0.2549659 0.8116765 0.2897179 0.8131968 0.2308937 0.8156517 0.3007662 0.834126 0.3107244 0.8303217 0.3515906 0.8433472 0.2325208 0.8218282 0.3389151 0.8626448 0.3994353 0.8579078 0.3039251 0.8721681 0.2963964 0.8683081 0.2659108 0.8765864 0.2301852 0.8704981 0.2283448 0.8764564 0.2036486 0.87084 0.2123907 0.8324231 0.1925277 0.8402979 0.1881429 0.8561329 0.1799822 0.8584473 0.1852437 0.8046664 0.14994 0.8317419 0.1372186 0.809867 0.2274957 0.7742372 0.1355611 0.8560103 0.1286001 0.7933836 0.1022721 0.8699 0.1356768 0.8778272 0.1032247 0.8768374 0.07732201 0.87458 0.0570702 0.8211085 0.08983636 0.8024533 0.05320066 0.8160429 0.03102535 0.8302854 0.07673526 0.8679675 0.05333346 0.8647882 0.03136045 0.8636481 0.02117687 0.8501921 0.01241428 0.8510216 0.8967753 0.8768374 0.8643232 0.8778272 0.8977279 0.8699 0.8644389 0.8560103 0.922678 0.87458 0.8627814 0.809867 0.85006 0.8317419 0.8147563 0.8046664 0.7725043 0.7742372 0.8713999 0.7933836 0.9429298 0.8211085 0.9101636 0.8024533 0.9467993 0.8160429 0.9689746 0.8302854 0.9232647 0.8679675 0.9466665 0.8647882 0.9686396 0.8636481 0.9788231 0.8501921 0.9875857 0.8510216 0.7175029 0.7934515 0.7464697 0.805087 0.7450341 0.8116765 0.7102821 0.8131968 0.7691063 0.8156517 0.6992338 0.834126 0.6892756 0.8303217 0.6484094 0.8433472 0.7674792 0.8218282 0.6610849 0.8626448 0.6005647 0.8579078 0.6960749 0.8721681 0.7036036 0.8683081 0.7340892 0.8765864 0.7698148 0.8704981 0.7716552 0.8764564 0.7963514 0.87084 0.7876093 0.8324231 0.8074723 0.8402979 0.8118571 0.8561329 0.8200178 0.8584473</float_array>
                    <technique_common>
                        <accessor count="464" offset="0" source="pm0550_12_00_body_mesh_shape_lod1_body_01-geometry-TEXCOORD-array" stride="2">
                            <param name="S" type="float" />
                            <param name="T" type="float" />
                        </accessor>
                    </technique_common>
                </source>
                <vertices id="pm0550_12_00_body_mesh_shape_lod1_body_01-vertices">
                    <input semantic="POSITION" source="#pm0550_12_00_body_mesh_shape_lod1_body_01-geometry-POSITION" />
                </vertices>
                <triangles count="438" material="body_01">
                    <input semantic="VERTEX" source="#pm0550_12_00_body_mesh_shape_lod1_body_01-vertices" offset="0" set="0" />
                    <input semantic="NORMAL" source="#pm0550_12_00_body_mesh_shape_lod1_body_01-geometry-NORMAL" offset="1" set="0" />
                    <input semantic="TEXCOORD" source="#pm0550_12_00_body_mesh_shape_lod1_body_01-geometry-TEXCOORD" offset="2" set="0" />
                    <p>0 0 0 1 1 1 2 2 2 3 3 3 4 4 4 5 5 5 6 6 6 7 7 7 8 8 8 9 9 9 10 10 10 11 11 11 12 12 12 13 13 13 14 14 14 15 15 15 16 16 16 17 17 17 18 18 18 19 19 19 20 20 20 21 21 21 22 22 22 23 23 23 24 24 24 25 25 25 26 26 26 27 27 27 28 28 28 29 29 29 30 30 30 31 31 31 32 32 32 33 33 33 34 34 34 35 35 35 36 36 36 37 37 37 38 38 38 39 39 39 40 40 40 41 41 41 42 42 42 43 43 43 44 44 44 45 45 45 46 46 46 47 47 47 48 48 48 49 49 49 50 50 50 51 51 51 52 52 52 53 53 53 54 54 54 55 55 55 56 56 56 57 57 57 58 58 58 59 59 59 60 60 60 61 61 61 62 62 62 63 63 63 64 64 64 65 65 65 66 66 66 67 67 67 68 68 68 69 69 69 70 70 70 71 71 71 72 0 72 73 2 73 74 72 74 72 0 72 74 72 74 75 5 75 74 72 74 76 3 76 75 5 75 77 5 77 78 4 78 79 73 79 80 0 80 77 5 77 79 73 79 79 73 79 81 1 81 80 0 80 82 11 82 83 10 83 84 74 84 82 11 82 84 74 84 85 6 85 84 74 84 86 7 86 85 6 85 87 15 87 88 17 88 89 75 89 90 14 90 87 15 87 89 75 89 90 14 90 89 75 89 91 12 91 92 20 92 93 19 93 94 76 94 92 20 92 94 76 94 95 21 95 94 76 94 96 22 96 95 21 95 97 21 97 98 23 98 99 77 99 100 20 100 97 21 97 99 77 99 100 20 100 99 77 99 101 18 101 102 26 102 103 25 103 104 78 104 105 27 105 102 26 102 104 78 104 104 78 104 106 28 106 105 27 105 107 27 107 108 29 108 109 79 109 110 26 110 107 27 107 109 79 109 109 79 109 111 24 111 110 26 110 112 32 112 113 31 113 114 80 114 112 32 112 114 80 114 115 33 115 114 80 114 116 34 116 115 33 115 117 33 117 118 35 118 119 81 119 120 32 120 117 33 117 119 81 119 119 81 119 121 30 121 120 32 120 122 39 122 123 41 123 124 82 124 122 39 122 124 82 124 125 36 125 125 36 125 124 82 124 126 37 126 127 36 127 128 38 128 129 83 129 130 39 130 127 36 127 129 83 129 130 39 130 129 83 129 131 40 131 132 45 132 133 47 133 134 84 134 132 45 132 134 84 134 135 42 135 135 42 135 134 84 134 136 43 136 137 42 137 138 44 138 139 85 139 137 42 137 139 85 139 140 45 140 140 45 140 139 85 139 141 46 141 142 51 142 143 53 143 144 86 144 142 51 142 144 86 144 145 48 145 145 48 145 144 86 144 146 49 146 147 48 147 148 50 148 149 87 149 150 51 150 147 48 147 149 87 149 150 51 150 149 87 149 151 52 151 152 57 152 153 59 153 154 88 154 152 57 152 154 88 154 155 54 155 155 54 155 154 88 154 156 55 156 157 54 157 158 56 158 159 89 159 160 57 160 157 54 157 159 89 159 160 57 160 159 89 159 161 58 161 162 63 162 163 65 163 164 90 164 165 60 165 162 63 162 164 90 164 165 60 165 164 90 164 166 61 166 167 60 167 168 62 168 169 91 169 170 63 170 167 60 167 169 91 169 170 63 170 169 91 169 171 64 171 172 69 172 173 71 173 174 92 174 172 69 172 174 92 174 175 66 175 175 66 175 174 92 174 176 67 176 177 66 177 178 68 178 179 93 179 180 69 180 177 66 177 179 93 179 180 69 180 179 93 179 181 70 181 182 8 182 183 94 183 184 6 184 184 6 184 183 94 183 185 11 185 183 94 183 186 9 186 185 11 185 187 13 187 188 95 188 189 14 189 189 14 189 188 95 188 190 15 190 188 95 188 191 16 191 190 15 190 192 96 192 193 97 193 194 98 194 194 98 194 193 97 193 195 99 195 194 98 194 195 99 195 196 100 196 193 97 193 197 101 197 195 99 195 198 102 198 196 100 196 195 99 195 199 103 199 196 100 196 198 102 198 199 103 199 198 102 198 200 104 200 195 99 195 197 101 197 201 105 201 200 104 200 198 102 198 202 106 202 202 106 202 203 107 203 200 104 200 204 108 204 203 107 203 202 106 202 198 102 198 195 99 195 205 109 205 202 106 202 198 102 198 205 109 205 202 106 202 205 109 205 204 108 204 205 109 205 195 99 195 201 105 201 204 108 204 205 109 205 206 110 206 205 109 205 201 105 201 206 110 206 207 111 207 204 108 204 206 110 206 208 112 208 207 111 207 206 110 206 206 110 206 201 105 201 209 113 209 206 110 206 209 113 209 208 112 208 201 105 201 197 101 197 209 113 209 208 112 208 209 113 209 210 114 210 209 113 209 197 101 197 211 115 211 209 113 209 211 115 211 210 114 210 212 116 212 213 117 213 214 118 214 215 119 215 213 117 213 212 116 212 216 120 216 215 119 215 212 116 212 213 117 213 215 119 215 217 121 217 218 122 218 215 119 215 216 120 216 219 123 219 218 122 218 216 120 216 217 121 217 215 119 215 220 124 220 215 119 215 218 122 218 220 124 220 217 121 217 221 125 221 222 126 222 220 124 220 221 125 221 217 121 217 220 124 220 223 127 223 221 125 221 218 122 218 223 127 223 220 124 220 224 128 224 221 125 221 223 127 223 225 129 225 224 128 224 223 127 223 218 122 218 225 129 225 223 127 223 225 129 225 218 122 218 226 130 226 226 130 226 218 122 218 219 123 219 227 131 227 225 129 225 226 130 226 228 132 228 226 130 226 219 123 219 226 130 226 229 133 229 227 131 227 228 132 228 230 134 230 226 130 226 230 134 230 229 133 229 226 130 226 231 135 231 230 134 230 228 132 228 229 133 229 230 134 230 232 136 232 231 135 231 233 137 233 230 134 230 232 136 232 230 134 230 233 137 233 234 138 234 235 139 235 236 140 236 236 140 236 235 139 235 237 141 237 236 140 236 237 141 237 238 142 238 239 143 239 237 141 237 235 139 235 238 142 238 237 141 237 240 144 240 238 142 238 240 144 240 241 145 241 242 146 242 237 141 237 239 143 239 242 146 242 240 144 240 237 141 237 243 147 243 239 143 239 244 148 244 242 146 242 239 143 239 243 147 243 245 149 245 242 146 242 243 147 243 240 144 240 242 146 242 245 149 245 243 147 243 246 150 246 245 149 245 247 151 247 245 149 245 246 150 246 247 151 247 240 144 240 245 149 245 248 152 248 240 144 240 247 151 247 241 145 241 240 144 240 248 152 248 248 152 248 247 151 247 249 153 249 248 152 248 250 154 250 241 145 241 251 155 251 248 152 248 249 153 249 252 156 252 250 154 250 248 152 248 252 156 252 248 152 248 251 155 251 253 157 253 250 154 250 252 156 252 254 158 254 252 156 252 251 155 251 255 159 255 253 157 253 252 156 252 255 159 255 252 156 252 254 158 254 256 160 256 257 97 257 258 96 258 259 161 259 257 97 257 256 160 256 260 162 260 259 161 259 256 160 256 259 161 259 261 101 261 257 97 257 260 162 260 262 163 262 259 161 259 263 164 263 262 163 262 260 162 260 264 165 264 262 163 262 263 164 263 265 166 265 261 101 261 259 161 259 264 165 264 266 167 266 262 163 262 264 165 264 267 107 267 266 167 266 266 167 266 267 107 267 268 108 268 262 163 262 269 168 269 259 161 259 262 163 262 266 167 266 269 168 269 266 167 266 268 108 268 269 168 269 259 161 259 269 168 269 265 166 265 269 168 269 268 108 268 270 169 270 269 168 269 270 169 270 265 166 265 268 108 268 271 111 271 270 169 270 271 111 271 272 112 272 270 169 270 265 166 265 270 169 270 273 170 273 273 170 273 270 169 270 272 112 272 265 166 265 273 170 273 261 101 261 273 170 273 272 112 272 274 114 274 261 101 261 273 170 273 275 115 275 273 170 273 274 114 274 275 115 275 276 171 276 277 172 277 278 173 278 278 173 278 277 172 277 279 174 279 280 175 280 279 174 279 277 172 277 281 176 281 279 174 279 280 175 280 282 177 282 278 173 278 279 174 279 283 178 283 278 173 278 282 177 282 284 179 284 279 174 279 281 176 281 285 180 285 284 179 284 281 176 281 284 179 284 285 180 285 286 181 286 287 182 287 284 179 284 286 181 286 288 183 288 284 179 284 287 182 287 279 174 279 284 179 284 289 184 289 282 177 282 279 174 279 289 184 289 290 185 290 284 179 284 288 183 288 290 185 290 289 184 289 284 179 284 290 185 290 288 183 288 291 186 291 291 186 291 289 184 289 290 185 290 291 186 291 282 177 282 289 184 289 291 186 291 288 183 288 292 187 292 293 188 293 283 178 283 282 177 282 293 188 293 282 177 282 291 186 291 294 189 294 283 178 283 293 188 293 291 186 291 292 187 292 295 190 295 293 188 293 291 186 291 295 190 295 293 188 293 295 190 295 294 189 294 295 190 295 292 187 292 296 191 296 294 189 294 295 190 295 296 191 296 297 173 297 298 192 298 299 171 299 300 193 300 298 192 298 297 173 297 298 192 298 300 193 300 301 194 301 301 194 301 300 193 300 302 195 302 297 173 297 303 196 303 300 193 300 304 178 304 303 196 303 297 173 297 302 195 302 300 193 300 305 197 305 302 195 302 305 197 305 306 198 306 307 181 307 306 198 306 305 197 305 307 181 307 305 197 305 308 182 308 308 182 308 305 197 305 309 183 309 310 199 310 305 197 305 300 193 300 303 196 303 310 199 310 300 193 300 309 183 309 305 197 305 311 200 311 310 199 310 311 200 311 305 197 305 311 200 311 312 201 312 309 183 309 312 201 312 311 200 311 310 199 310 303 196 303 312 201 312 310 199 310 309 183 309 312 201 312 313 187 313 303 196 303 304 178 304 314 202 314 314 202 314 312 201 312 303 196 303 314 202 314 304 178 304 315 189 315 312 201 312 316 203 316 313 187 313 312 201 312 314 202 314 316 203 316 315 189 315 316 203 316 314 202 314 313 187 313 316 203 316 317 191 317 317 191 317 316 203 316 315 189 315 318 204 318 319 205 319 320 206 320 319 205 319 321 207 321 320 206 320 322 208 322 319 205 319 318 204 318 323 209 323 321 207 321 319 205 319 323 209 323 319 205 319 322 208 322 321 207 321 323 209 323 324 210 324 325 211 325 323 209 323 322 208 322 323 209 323 326 212 326 324 210 324 324 210 324 326 212 326 327 213 327 326 212 326 328 214 328 327 213 327 329 215 329 323 209 323 325 211 325 329 215 329 326 212 326 323 209 323 330 216 330 328 214 328 326 212 326 330 216 330 326 212 326 329 215 329 331 217 331 328 214 328 330 216 330 329 215 329 331 217 331 330 216 330 332 218 332 328 214 328 331 217 331 332 218 332 331 217 331 333 219 333 325 211 325 334 220 334 329 215 329 334 220 334 331 217 331 329 215 329 333 219 333 331 217 331 334 220 334 335 221 335 334 220 334 325 211 325 336 222 336 334 220 334 335 221 335 334 220 334 337 223 337 333 219 333 333 219 333 337 223 337 338 224 338 337 223 337 339 225 339 338 224 338 340 226 340 334 220 334 336 222 336 340 226 340 337 223 337 334 220 334 341 227 341 340 226 340 336 222 336 342 228 342 339 225 339 337 223 337 342 228 342 337 223 337 340 226 340 343 229 343 339 225 339 342 228 342 343 229 343 342 228 342 344 230 344 345 231 345 340 226 340 341 227 341 345 231 345 342 228 342 340 226 340 344 230 344 342 228 342 345 231 345 346 232 346 345 231 345 341 227 341 345 231 345 347 233 347 344 230 344 348 234 348 345 231 345 346 232 346 348 234 348 347 233 347 345 231 345 349 235 349 348 234 348 346 232 346 350 236 350 347 233 347 348 234 348 349 235 349 350 236 350 348 234 348 351 236 351 352 235 352 353 237 353 353 237 353 352 235 352 354 238 354 353 237 353 355 233 355 351 236 351 354 238 354 356 239 356 353 237 353 356 239 356 355 233 355 353 237 353 357 240 357 356 239 356 354 238 354 358 230 358 355 233 355 356 239 356 357 240 357 359 241 359 356 239 356 360 242 360 359 241 359 357 240 357 361 243 361 358 230 358 356 239 356 356 239 356 359 241 359 361 243 361 362 229 362 358 230 358 361 243 361 363 225 363 362 229 362 361 243 361 364 244 364 363 225 363 361 243 361 359 241 359 364 244 364 361 243 361 365 224 365 363 225 363 364 244 364 365 224 365 364 244 364 366 219 366 367 245 367 364 244 364 359 241 359 366 219 366 364 244 364 367 245 367 360 242 360 367 245 367 359 241 359 368 246 368 367 245 367 360 242 360 368 246 368 369 247 369 367 245 367 370 248 370 366 219 366 367 245 367 371 218 371 366 219 366 370 248 370 372 214 372 371 218 371 370 248 370 367 245 367 369 247 369 373 249 373 367 245 367 373 249 373 370 248 370 370 248 370 374 250 374 372 214 372 370 248 370 373 249 373 374 250 374 372 214 372 374 250 374 375 251 375 374 250 374 373 249 373 375 251 375 376 213 376 372 214 372 375 251 375 376 213 376 375 251 375 377 210 377 369 247 369 378 252 378 373 249 373 375 251 375 373 249 373 378 252 378 377 210 377 375 251 375 378 252 378 379 253 379 378 252 378 369 247 369 380 207 380 377 210 377 378 252 378 379 253 379 381 254 381 378 252 378 378 252 378 381 254 381 380 207 380 382 255 382 381 254 381 379 253 379 383 206 383 380 207 380 381 254 381 383 206 383 381 254 381 382 255 382 384 256 384 385 257 385 386 258 386 387 259 387 386 258 386 385 257 385 386 258 386 388 260 388 384 256 384 386 258 386 387 259 387 389 261 389 390 262 390 389 261 389 387 259 387 390 262 390 391 263 391 389 261 389 392 264 392 388 260 388 386 258 386 391 263 391 393 265 393 389 261 389 393 265 393 391 263 391 394 266 394 395 267 395 393 265 393 394 266 394 396 268 396 393 265 393 395 267 395 393 265 393 396 268 396 389 261 389 397 269 397 396 268 396 395 267 395 389 261 389 398 270 398 386 258 386 389 261 389 396 268 396 398 270 398 398 270 398 396 268 396 397 269 397 386 258 386 398 270 398 392 264 392 399 271 399 398 270 398 397 269 397 400 272 400 398 270 398 399 271 399 388 260 388 392 264 392 401 273 401 392 264 392 398 270 398 401 273 401 401 273 401 402 274 402 388 260 388 400 272 400 403 275 403 398 270 398 401 273 401 398 270 398 403 275 403 403 275 403 402 274 402 401 273 401 404 276 404 403 275 403 400 272 400 402 274 402 403 275 403 404 276 404 405 263 405 406 262 406 407 277 407 408 266 408 405 263 405 407 277 407 406 262 406 409 259 409 407 277 407 407 277 407 410 267 410 408 266 408 409 259 409 411 278 411 407 277 407 411 278 411 409 259 409 412 257 412 412 257 412 413 256 413 411 278 411 413 256 413 414 260 414 411 278 411 410 267 410 407 277 407 415 279 415 407 277 407 411 278 411 415 279 415 415 279 415 416 269 416 410 267 410 415 279 415 417 271 417 416 269 416 418 272 418 417 271 417 415 279 415 411 278 411 414 260 414 419 280 419 415 279 415 411 278 411 419 280 419 419 280 419 414 260 414 420 281 420 415 279 415 419 280 419 420 281 420 421 274 421 420 281 420 414 260 414 422 282 422 418 272 418 415 279 415 415 279 415 420 281 420 422 282 422 422 282 422 420 281 420 421 274 421 423 276 423 418 272 418 422 282 422 423 276 423 422 282 422 421 274 421 424 283 424 425 284 425 426 285 426 427 286 427 426 285 426 425 284 425 424 283 424 426 285 426 428 287 428 426 285 426 427 286 427 429 288 429 430 289 430 429 288 429 427 286 427 431 290 431 429 288 429 430 289 430 432 291 432 429 288 429 431 290 431 433 292 433 429 288 429 432 291 432 429 288 429 433 292 433 434 293 434 429 288 429 434 293 434 426 285 426 434 293 434 433 292 433 435 294 435 436 295 436 434 293 434 435 294 435 437 296 437 434 293 434 436 295 436 428 287 428 426 285 426 438 297 438 426 285 426 434 293 434 438 297 438 428 287 428 438 297 438 439 298 439 434 293 434 439 298 439 438 297 438 439 298 439 440 299 440 428 287 428 437 296 437 441 300 441 434 293 434 439 298 439 434 293 434 441 300 441 441 300 441 440 299 440 439 298 439 442 301 442 441 300 441 437 296 437 440 299 440 441 300 441 442 301 442 443 284 443 444 283 444 445 302 445 445 302 445 446 286 446 443 284 443 447 287 447 445 302 445 444 283 444 446 286 446 445 302 445 448 303 448 449 289 449 446 286 446 448 303 448 450 290 450 449 289 449 448 303 448 451 304 451 445 302 445 447 287 447 452 305 452 450 290 450 448 303 448 452 305 452 453 291 453 450 290 450 452 305 452 454 292 454 453 291 453 455 306 455 454 292 454 452 305 452 448 303 448 455 306 455 452 305 452 454 292 454 455 306 455 456 294 456 445 302 445 457 307 457 448 303 448 457 307 457 455 306 455 448 303 448 456 294 456 455 306 455 457 307 457 451 304 451 457 307 457 445 302 445 457 307 457 458 295 458 456 294 456 459 296 459 458 295 458 457 307 457 451 304 451 447 287 447 460 308 460 460 308 460 457 307 457 451 304 451 461 299 461 460 308 460 447 287 447 462 309 462 459 296 459 457 307 457 462 309 462 457 307 457 460 308 460 462 309 462 460 308 460 461 299 461 463 301 463 459 296 459 462 309 462 463 301 463 462 309 462 461 299 461</p>
                </triangles>
            </mesh>
        </geometry>
    </library_geometries>
    <library_controllers>
        <controller id="pm0550_12_00_eye_mesh_shape_lod1_l_eye-controller" name="pm0550_12_00_eye_mesh_shape_lod1_l_eye">
            <skin source="#pm0550_12_00_eye_mesh_shape_lod1_l_eye-geometry">
                <bind_shape_matrix>1 0 0 0 0 1 0 0 0 0 1 0 0 0 0 1</bind_shape_matrix>
                <source id="pm0550_12_00_eye_mesh_shape_lod1_l_eye-joints">
                    <Name_array id="pm0550_12_00_eye_mesh_shape_lod1_l_eye-joints-array" count="1">head</Name_array>
                    <technique_common>
                        <accessor count="1" offset="0" source="#pm0550_12_00_eye_mesh_shape_lod1_l_eye-joints-array" stride="1">
                            <param name="JOINT" type="Name" />
                        </accessor>
                    </technique_common>
                </source>
                <source id="pm0550_12_00_eye_mesh_shape_lod1_l_eye-matrices">
                    <float_array id="pm0550_12_00_eye_mesh_shape_lod1_l_eye-matrices-array" count="16">1E-06 1.119209E-06 1.000001 -0.0172767 -0.9999991 1E-06 1.119209E-06 9.979403E-07 8.807907E-07 -0.9999991 1E-06 0.3349411 1E-06 1E-06 1E-06 1.000001</float_array>
                    <technique_common>
                        <accessor count="1" offset="0" source="#pm0550_12_00_eye_mesh_shape_lod1_l_eye-matrices-array" stride="16">
                            <param name="TRANSFORM" type="float4x4" />
                        </accessor>
                    </technique_common>
                </source>
                <source id="pm0550_12_00_eye_mesh_shape_lod1_l_eye-weights">
                    <float_array id="pm0550_12_00_eye_mesh_shape_lod1_l_eye-weights-array" count="1">1</float_array>
                    <technique_common>
                        <accessor count="1" offset="0" source="#pm0550_12_00_eye_mesh_shape_lod1_l_eye-weights-array" stride="1">
                            <param name="WEIGHT" type="float" />
                        </accessor>
                    </technique_common>
                </source>
                <joints>
                    <input semantic="JOINT" source="#pm0550_12_00_eye_mesh_shape_lod1_l_eye-joints" />
                    <input semantic="INV_BIND_MATRIX" source="#pm0550_12_00_eye_mesh_shape_lod1_l_eye-matrices" />
                </joints>
                <vertex_weights count="17">
                    <input semantic="JOINT" source="#pm0550_12_00_eye_mesh_shape_lod1_l_eye-joints" offset="0" set="0" />
                    <input semantic="WEIGHT" source="#pm0550_12_00_eye_mesh_shape_lod1_l_eye-weights" offset="1" set="0" />
                    <vcount>1 1 1 1 1 1 1 1 1 1 1 1 1 1 1 1 1</vcount>
                    <v>0 0 0 0 0 0 0 0 0 0 0 0 0 0 0 0 0 0 0 0 0 0 0 0 0 0 0 0 0 0 0 0 0 0</v>
                </vertex_weights>
            </skin>
        </controller>
        <controller id="pm0550_12_00_eye_mesh_shape_lod1_r_eye-controller" name="pm0550_12_00_eye_mesh_shape_lod1_r_eye">
            <skin source="#pm0550_12_00_eye_mesh_shape_lod1_r_eye-geometry">
                <bind_shape_matrix>1 0 0 0 0 1 0 0 0 0 1 0 0 0 0 1</bind_shape_matrix>
                <source id="pm0550_12_00_eye_mesh_shape_lod1_r_eye-joints">
                    <Name_array id="pm0550_12_00_eye_mesh_shape_lod1_r_eye-joints-array" count="1">head</Name_array>
                    <technique_common>
                        <accessor count="1" offset="0" source="#pm0550_12_00_eye_mesh_shape_lod1_r_eye-joints-array" stride="1">
                            <param name="JOINT" type="Name" />
                        </accessor>
                    </technique_common>
                </source>
                <source id="pm0550_12_00_eye_mesh_shape_lod1_r_eye-matrices">
                    <float_array id="pm0550_12_00_eye_mesh_shape_lod1_r_eye-matrices-array" count="16">1E-06 1.119209E-06 1.000001 -0.0172767 -0.9999991 1E-06 1.119209E-06 9.979403E-07 8.807907E-07 -0.9999991 1E-06 0.3349411 1E-06 1E-06 1E-06 1.000001</float_array>
                    <technique_common>
                        <accessor count="1" offset="0" source="#pm0550_12_00_eye_mesh_shape_lod1_r_eye-matrices-array" stride="16">
                            <param name="TRANSFORM" type="float4x4" />
                        </accessor>
                    </technique_common>
                </source>
                <source id="pm0550_12_00_eye_mesh_shape_lod1_r_eye-weights">
                    <float_array id="pm0550_12_00_eye_mesh_shape_lod1_r_eye-weights-array" count="1">1</float_array>
                    <technique_common>
                        <accessor count="1" offset="0" source="#pm0550_12_00_eye_mesh_shape_lod1_r_eye-weights-array" stride="1">
                            <param name="WEIGHT" type="float" />
                        </accessor>
                    </technique_common>
                </source>
                <joints>
                    <input semantic="JOINT" source="#pm0550_12_00_eye_mesh_shape_lod1_r_eye-joints" />
                    <input semantic="INV_BIND_MATRIX" source="#pm0550_12_00_eye_mesh_shape_lod1_r_eye-matrices" />
                </joints>
                <vertex_weights count="17">
                    <input semantic="JOINT" source="#pm0550_12_00_eye_mesh_shape_lod1_r_eye-joints" offset="0" set="0" />
                    <input semantic="WEIGHT" source="#pm0550_12_00_eye_mesh_shape_lod1_r_eye-weights" offset="1" set="0" />
                    <vcount>1 1 1 1 1 1 1 1 1 1 1 1 1 1 1 1 1</vcount>
                    <v>0 0 0 0 0 0 0 0 0 0 0 0 0 0 0 0 0 0 0 0 0 0 0 0 0 0 0 0 0 0 0 0 0 0</v>
                </vertex_weights>
            </skin>
        </controller>
        <controller id="pm0550_12_00_body_mesh_shape_lod1_body_00-controller" name="pm0550_12_00_body_mesh_shape_lod1_body_00">
            <skin source="#pm0550_12_00_body_mesh_shape_lod1_body_00-geometry">
                <bind_shape_matrix>1 0 0 0 0 1 0 0 0 0 1 0 0 0 0 1</bind_shape_matrix>
                <source id="pm0550_12_00_body_mesh_shape_lod1_body_00-joints">
                    <Name_array id="pm0550_12_00_body_mesh_shape_lod1_body_00-joints-array" count="15">head jaw left_upper_eyelid_01 left_lower_eyelid_01 left_upper_eyelid_02 right_lower_eyelid_01 right_upper_eyelid_01 right_upper_eyelid_02 tail_02 tail_03 tail_04 tail_01 hips left_lower_eyelid_02 right_lower_eyelid_02</Name_array>
                    <technique_common>
                        <accessor count="15" offset="0" source="#pm0550_12_00_body_mesh_shape_lod1_body_00-joints-array" stride="1">
                            <param name="JOINT" type="Name" />
                        </accessor>
                    </technique_common>
                </source>
                <source id="pm0550_12_00_body_mesh_shape_lod1_body_00-matrices">
                    <float_array id="pm0550_12_00_body_mesh_shape_lod1_body_00-matrices-array" count="240">1E-06 1.119209E-06 1.000001 -0.0172767 -0.9999991 1E-06 1.119209E-06 9.979403E-07 8.807907E-07 -0.9999991 1E-06 0.3349411 1E-06 1E-06 1E-06 1.000001 1.034968E-06 0.2933349 0.9560114 -0.1980805 -0.9999991 1E-06 1.119209E-06 9.979403E-07 8.860347E-07 -0.9560093 0.2933348 0.2592797 1E-06 1E-06 1E-06 1.000001 0.8175814 0.4737799 0.3272566 -0.1506951 0.1437336 0.3824281 -0.9127371 0.04444646 -0.5575863 0.793275 0.2445685 -0.4043608 1E-06 1E-06 1E-06 1.000001 0.9220928 0.2649068 0.2820863 -0.06214041 -0.1904148 -0.3239911 0.9267001 -0.07190529 0.3368822 -0.9082139 -0.2483074 0.4171016 1E-06 1E-06 1E-06 1.000001 0.8175814 0.4737799 0.3272566 -0.3717631 0.1437336 0.3824281 -0.9127371 0.04444645 -0.5575863 0.793275 0.2445685 -0.4043608 1E-06 1E-06 1E-06 1.000001 -0.9220906 0.2649087 0.282085 -0.06214069 -0.1904135 0.3239913 -0.926699 0.07190807 -0.3368814 -0.9082141 -0.2483055 0.417101 1E-06 1E-06 1E-06 1.000001 -0.8175794 0.4737788 0.3272581 -0.1506951 0.1437362 -0.3824247 0.912739 -0.04444536 0.5575876 0.7932761 0.2445662 -0.4043607 1E-06 1E-06 1E-06 1.000001 -0.8175794 0.4737788 0.3272581 -0.3717628 0.1437362 -0.3824247 0.912739 -0.04444535 0.5575876 0.7932761 0.2445662 -0.4043607 1E-06 1E-06 1E-06 1.000001 1.087423E-06 8.807907E-07 -0.999999 -0.2600211 1.000001 1E-06 9.682135E-07 1.000549E-06 8.807907E-07 -0.999999 1E-06 0.3308223 1E-06 1E-06 1E-06 1.000001 1.087423E-06 8.807907E-07 -0.999999 -0.353808 1.000001 1E-06 9.682135E-07 1.000549E-06 8.807907E-07 -0.999999 1E-06 0.3308223 1E-06 1E-06 1E-06 1.000001 1.087423E-06 8.807907E-07 -0.999999 -0.4450342 1.000001 1E-06 9.682135E-07 1.000549E-06 8.807907E-07 -0.999999 1E-06 0.3308223 1E-06 1E-06 1E-06 1.000001 1.08391E-06 -0.02915083 -0.9995741 -0.1089801 1.000001 1E-06 9.682135E-07 1.000549E-06 8.782928E-07 -0.9995741 0.02915272 0.3382618 1E-06 1E-06 1E-06 1.000001 1.087423E-06 8.807907E-07 -0.9999991 0.0172787 1.000001 1E-06 9.682135E-07 1.000549E-06 8.807907E-07 -0.9999991 1E-06 0.3349411 1E-06 1E-06 1E-06 1.000001 0.9220928 0.2649068 0.2820863 -0.2769134 -0.1904148 -0.3239911 0.9267001 -0.07190528 0.3368822 -0.9082139 -0.2483074 0.4171015 1E-06 1E-06 1E-06 1.000001 -0.9220939 0.2648925 0.2820896 -0.2769083 -0.1904225 0.3239914 -0.9266971 0.07190664 -0.3368674 -0.9082188 -0.2483074 0.4171049 1E-06 1E-06 1E-06 1.000001</float_array>
                    <technique_common>
                        <accessor count="15" offset="0" source="#pm0550_12_00_body_mesh_shape_lod1_body_00-matrices-array" stride="16">
                            <param name="TRANSFORM" type="float4x4" />
                        </accessor>
                    </technique_common>
                </source>
                <source id="pm0550_12_00_body_mesh_shape_lod1_body_00-weights">
                    <float_array id="pm0550_12_00_body_mesh_shape_lod1_body_00-weights-array" count="132">1 0.2540017 0.7459983 0.9499962 0.05000382 0.9989929 0.001007095 0.7199969 0.280003 0.4399939 0.5400015 0.02000458 0.1159991 0.762005 0.1219959 0.1700008 0.7900053 0.0399939 0.9600061 0.7700008 0.2299992 0.08999771 0.9100023 0.2999924 0.676997 0.02299535 0.6529946 0.3409934 0.005996796 0.8899977 0.1100023 0.2509957 0.6990005 0.1000076 0.6 0.2500038 0.6999924 0.1009995 0.2990005 0.00999466 0.2809949 0.6590067 0.1300069 0.6269932 0.2429999 0.3400015 0.2 0.6099946 0.3700007 0.5799954 0.4 0.7300069 0.3100023 0.6899977 0.1499962 0.7499962 0.5499962 0.6500038 0.6599985 0.6299992 0.9000076 0.5600061 0.880003 0.119997 0.4639964 0.5360036 0.01199359 0.9880064 0.9300069 0.06999313 0.9420004 0.05799954 0.3300069 0.2899977 0.2599985 0.6399939 0.02999924 0.319997 0.2099947 0.9700007 0.08000305 0.919997 0.8299992 0.9920043 0.007995727 0.998001 0.001998932 0.8599985 0.1400015 0.5100023 0.4899977 0.9799954 0.8699932 0.3799954 0.6200046 0.3089952 0.03100633 0.3790036 0.5989929 0.3009995 0.6290074 0.241001 0.3609979 0.5900053 0.3900054 0.5300069 0.1900053 0.3600061 0.680003 0.3889982 0.6110017 0.7400015 0.9900053 0.9459983 0.05400168 0.835996 0.003006027 0.1609979 0.558999 0.3909972 0.5199969 0.4800031 0.2200046 0.7799954 0.2699931 0.2399939 0.7600061 0.5700008 0.4299992 0.8 0.2419928 0.09900054</float_array>
                    <technique_common>
                        <accessor count="132" offset="0" source="#pm0550_12_00_body_mesh_shape_lod1_body_00-weights-array" stride="1">
                            <param name="WEIGHT" type="float" />
                        </accessor>
                    </technique_common>
                </source>
                <joints>
                    <input semantic="JOINT" source="#pm0550_12_00_body_mesh_shape_lod1_body_00-joints" />
                    <input semantic="INV_BIND_MATRIX" source="#pm0550_12_00_body_mesh_shape_lod1_body_00-matrices" />
                </joints>
                <vertex_weights count="459">
                    <input semantic="JOINT" source="#pm0550_12_00_body_mesh_shape_lod1_body_00-joints" offset="0" set="0" />
                    <input semantic="WEIGHT" source="#pm0550_12_00_body_mesh_shape_lod1_body_00-weights" offset="1" set="0" />
                    <vcount>1 1 2 2 1 1 2 2 2 3 3 3 2 2 2 1 3 1 1 3 2 1 2 2 2 3 3 3 2 2 2 1 3 1 1 3 2 1 3 3 3 3 4 3 4 3 3 3 3 3 2 2 3 3 3 3 3 3 3 3 3 3 3 2 2 2 3 3 2 2 2 2 3 2 2 2 2 3 1 3 1 2 1 2 1 1 2 3 3 3 3 3 3 3 3 1 1 1 1 1 2 2 2 2 2 2 2 2 2 2 2 2 2 2 2 3 3 3 3 3 3 3 3 3 2 2 1 1 1 2 3 3 1 1 2 2 2 3 2 2 2 2 2 2 3 3 3 2 2 3 3 3 3 3 3 3 3 3 2 2 3 3 3 3 3 3 3 4 4 3 3 3 1 1 1 1 1 2 2 2 2 2 2 2 2 2 2 2 2 2 2 2 2 2 2 2 2 2 1 2 1 1 1 1 2 1 1 1 2 1 2 2 2 2 2 2 2 2 2 2 2 2 2 4 3 4 3 3 3 3 3 4 3 3 3 3 3 3 3 3 3 3 3 3 3 3 2 1 1 1 1 1 1 1 2 1 3 1 3 1 1 1 1 1 1 1 1 1 1 2 2 2 2 2 2 2 4 4 3 3 3 3 3 3 4 3 3 3 3 3 3 3 3 3 3 3 3 3 3 2 1 1 1 1 1 1 1 2 1 3 1 3 1 1 1 1 1 1 1 1 1 1 2 1 1 1 1 2 1 1 1 1 1 2 2 1 1 1 1 1 2 3 3 2 4 2 4 2 2 2 2 2 2 2 2 2 2 2 2 2 2 2 2 1 1 2 2 1 2 2 2 2 2 2 2 3 3 2 2 4 2 2 4 2 2 2 2 2 2 1 2 3 3 2 2 1 1 3 2 2 1 3 2 2 3 1 2 2 1 1 1 2 1 1 1 1 2 2 3 3 2 2 1 1 3 2 2 1 3 2 2 3 1 2 2 1 1 1 1 2 1 1 2 2 1 1 2 1 2 1 2 2 1 2 2 2 2 1 2</vcount>
                    <v>0 0 0 0 0 1 1 2 0 1 1 2 0 0 0 0 0 3 2 4 0 5 3 6 0 7 2 8 0 9 2 10 4 11 0 12 2 13 4 14 0 15 2 16 4 17 0 17 2 18 2 19 4 20 0 21 2 22 0 0 0 23 2 24 4 25 0 0 0 0 0 26 2 27 4 28 0 29 2 30 0 0 0 5 5 6 0 3 6 4 0 7 6 8 0 9 6 10 7 11 0 12 6 13 7 14 0 15 6 16 7 17 0 17 6 18 6 19 7 20 0 21 6 22 0 0 0 23 6 24 7 25 0 0 0 0 0 26 6 27 7 28 0 29 6 30 0 0 8 31 9 32 10 4 11 33 8 34 9 23 8 35 9 36 10 4 11 37 8 34 9 38 11 39 8 40 9 41 10 4 11 42 8 43 9 44 11 11 8 45 9 34 10 17 11 46 8 36 9 33 11 47 8 48 9 11 11 49 8 50 9 11 11 49 8 50 9 11 12 15 11 51 8 33 12 23 11 36 12 52 11 53 12 54 11 55 8 33 0 4 12 56 11 50 0 4 12 56 11 50 0 4 12 56 11 50 0 4 12 56 11 50 0 35 12 57 11 33 0 35 12 57 11 33 0 49 12 50 11 11 0 35 12 57 11 33 0 35 12 57 11 33 0 49 12 50 11 11 0 53 1 52 0 53 1 52 0 58 1 45 0 49 12 50 11 11 0 49 12 50 11 11 0 59 1 48 0 60 1 33 0 61 1 9 0 62 12 63 0 49 12 50 11 11 0 64 1 65 0 66 1 67 0 68 1 69 0 62 12 63 0 49 12 50 11 11 0 0 0 47 12 48 11 11 0 0 0 70 1 71 0 0 0 62 12 63 0 0 0 0 0 62 12 63 0 57 12 72 11 11 0 73 12 58 11 4 0 74 12 75 11 33 0 76 12 7 11 35 0 4 12 59 11 77 12 78 11 53 8 33 12 46 11 36 8 33 11 49 8 50 9 11 1 0 1 0 1 0 1 0 1 0 0 76 1 79 0 4 1 3 0 76 1 79 0 76 1 79 0 33 1 60 0 80 1 81 0 15 1 82 0 15 1 82 0 58 1 45 0 59 1 48 0 9 1 61 0 83 1 84 0 61 1 9 0 68 1 69 0 66 1 67 11 49 8 50 9 11 12 46 11 36 8 33 12 78 11 53 8 33 0 4 12 59 11 77 0 76 12 7 11 35 0 74 12 75 11 33 0 73 12 58 11 4 0 47 12 48 11 11 0 57 12 72 11 11 0 62 12 63 0 62 12 63 0 0 0 0 0 0 0 62 12 63 0 49 12 50 11 11 0 49 12 50 11 11 0 0 0 0 0 62 12 63 0 68 1 69 0 70 1 71 0 49 12 50 11 11 0 64 1 65 0 66 1 67 0 61 1 9 0 60 1 33 0 59 1 48 0 58 1 45 0 49 12 50 11 11 0 35 12 57 11 33 0 49 12 50 11 11 0 53 1 52 0 53 1 52 0 49 12 50 11 11 0 35 12 57 11 33 0 4 12 56 11 50 0 35 12 57 11 33 0 35 12 57 11 33 0 4 12 56 11 50 0 4 12 56 11 50 12 15 11 51 8 33 0 4 12 56 11 50 12 23 11 36 12 52 11 53 11 47 8 48 9 11 12 54 11 55 8 33 11 49 8 50 9 11 11 49 8 50 9 11 11 46 8 36 9 33 11 42 8 43 9 44 11 37 8 34 9 38 11 11 8 45 9 34 10 17 11 39 8 40 9 41 10 4 8 35 9 36 10 4 11 33 8 34 9 23 8 31 9 32 10 4 1 0 1 0 1 0 1 0 1 0 0 76 1 79 0 4 1 3 0 76 1 79 0 76 1 79 0 33 1 60 0 80 1 81 0 15 1 82 0 15 1 82 0 58 1 45 0 59 1 48 0 9 1 61 0 83 1 84 0 61 1 9 0 68 1 69 0 66 1 67 0 85 1 86 0 87 1 88 0 70 1 71 0 89 1 90 0 83 1 84 0 68 1 69 1 0 0 4 1 3 1 0 1 0 1 0 1 0 0 11 1 91 1 0 1 0 1 0 0 4 1 3 1 0 0 83 1 84 0 89 1 90 0 70 1 71 0 68 1 69 0 87 1 88 0 85 1 86 9 21 10 22 9 78 10 16 9 42 10 92 9 63 10 62 9 50 10 34 9 50 10 34 9 93 10 94 11 11 8 95 9 75 10 96 8 31 9 32 10 4 11 17 8 97 9 56 10 96 11 33 8 98 9 99 11 33 8 34 9 23 11 42 8 100 9 101 11 46 8 36 9 33 11 46 8 36 9 33 12 76 11 98 8 102 9 39 11 49 8 50 9 11 11 49 8 50 9 11 12 78 11 53 8 33 12 52 11 103 8 33 12 104 11 105 8 80 0 76 12 7 11 35 0 4 12 55 11 46 0 80 12 51 11 106 0 73 12 58 11 4 0 107 12 103 11 4 0 48 12 49 11 4 0 53 12 73 11 11 0 108 12 23 11 11 0 57 12 72 11 11 0 62 12 63 0 0 0 0 0 0 0 0 0 0 0 0 0 0 0 5 3 6 0 0 0 9 2 10 4 11 0 0 0 12 2 13 4 14 0 0 0 0 0 0 0 0 0 0 0 0 0 0 0 0 0 0 0 0 9 42 10 92 9 78 10 16 9 21 10 22 9 63 10 62 9 50 10 34 9 93 10 94 9 50 10 34 11 11 8 95 9 75 10 96 11 17 8 97 9 56 10 96 8 31 9 32 10 4 11 33 8 98 9 99 11 33 8 34 9 23 11 42 8 100 9 101 11 46 8 36 9 33 11 46 8 36 9 33 12 76 11 98 8 102 9 39 11 49 8 50 9 11 11 49 8 50 9 11 12 78 11 53 8 33 12 52 11 103 8 33 12 104 11 105 8 80 0 76 12 7 11 35 0 4 12 55 11 46 0 80 12 51 11 106 0 73 12 58 11 4 0 107 12 103 11 4 0 48 12 49 11 4 0 53 12 73 11 11 0 108 12 23 11 11 0 57 12 72 11 11 0 62 12 63 0 0 0 0 0 0 0 0 0 0 0 0 0 0 0 5 5 6 0 0 0 9 6 10 7 11 0 0 0 12 6 13 7 14 0 0 0 0 0 0 0 0 0 0 0 0 0 0 0 0 0 0 0 0 0 70 1 71 0 0 0 0 0 0 0 0 0 85 1 86 0 0 0 0 0 0 0 0 0 0 0 85 1 86 0 70 1 71 0 0 0 0 0 0 0 0 0 0 9 50 10 34 8 31 9 32 10 4 8 35 9 36 10 4 9 50 10 34 11 39 8 40 9 41 10 4 9 78 10 16 11 11 8 45 9 34 10 17 9 109 10 110 9 42 10 92 9 42 10 92 9 21 10 22 9 74 10 111 9 42 10 92 0 58 1 45 0 15 1 82 0 53 1 52 0 15 1 82 0 33 1 60 0 53 1 52 0 33 1 60 0 76 1 79 0 15 1 82 0 39 1 112 1 0 1 0 0 33 1 60 0 39 1 112 1 0 0 76 1 79 0 33 1 60 0 33 1 60 0 15 1 82 0 15 1 82 0 53 1 52 0 58 1 45 8 35 9 36 10 4 8 31 9 32 10 4 9 50 10 34 9 50 10 34 11 39 8 40 9 41 10 4 9 78 10 16 9 109 10 110 11 11 8 45 9 34 10 17 9 42 10 92 9 42 10 92 9 21 10 22 9 74 10 111 9 42 10 92 0 29 2 30 0 0 0 113 2 114 0 115 2 116 3 117 0 118 3 119 13 4 0 120 3 121 0 122 3 123 0 0 0 0 0 124 3 58 13 69 0 125 3 126 0 48 3 59 0 0 0 50 3 61 13 17 0 127 3 128 0 129 3 46 0 41 3 130 13 131 0 0 0 3 2 4 0 5 3 6 0 0 0 0 0 0 0 1 1 2 0 0 0 0 0 0 0 0 0 29 6 30 0 113 6 114 0 115 6 116 5 117 0 118 5 119 14 4 0 120 5 121 0 122 5 123 0 0 0 0 0 124 5 58 14 69 0 125 5 126 0 48 5 59 0 0 0 50 5 61 14 17 0 127 5 128 0 129 5 46 0 41 5 130 14 131 0 0 0 3 6 4 0 5 5 6 0 0 0 0 0 0 0 0 0 1 1 2 0 0 0 0 0 89 1 90 0 48 1 59 1 0 1 0 0 87 1 88 1 0 0 11 1 91 1 0 0 22 1 21 0 85 1 86 0 0 0 85 1 86 0 87 1 88 0 94 1 93 0 48 1 59 1 0 0 89 1 90</v>
                </vertex_weights>
            </skin>
        </controller>
        <controller id="pm0550_12_00_body_mesh_shape_lod1_body_01-controller" name="pm0550_12_00_body_mesh_shape_lod1_body_01">
            <skin source="#pm0550_12_00_body_mesh_shape_lod1_body_01-geometry">
                <bind_shape_matrix>1 0 0 0 0 1 0 0 0 0 1 0 0 0 0 1</bind_shape_matrix>
                <source id="pm0550_12_00_body_mesh_shape_lod1_body_01-joints">
                    <Name_array id="pm0550_12_00_body_mesh_shape_lod1_body_01-joints-array" count="16">head jaw hips tail_01 upper_feeler_b_01 upper_feeler_b_02 tail_02 tail_03 lower_feeler_01 lower_feeler_02 upper_feeler_a_01 upper_feeler_a_02 right_feeler_01 right_feeler_02 left_feeler_01 left_feeler_02</Name_array>
                    <technique_common>
                        <accessor count="16" offset="0" source="#pm0550_12_00_body_mesh_shape_lod1_body_01-joints-array" stride="1">
                            <param name="JOINT" type="Name" />
                        </accessor>
                    </technique_common>
                </source>
                <source id="pm0550_12_00_body_mesh_shape_lod1_body_01-matrices">
                    <float_array id="pm0550_12_00_body_mesh_shape_lod1_body_01-matrices-array" count="256">1E-06 1.119209E-06 1.000001 -0.0172767 -0.9999991 1E-06 1.119209E-06 9.979403E-07 8.807907E-07 -0.9999991 1E-06 0.3349411 1E-06 1E-06 1E-06 1.000001 1.034968E-06 0.2933349 0.9560114 -0.1980805 -0.9999991 1E-06 1.119209E-06 9.979403E-07 8.860347E-07 -0.9560093 0.2933348 0.2592797 1E-06 1E-06 1E-06 1.000001 1.087423E-06 8.807907E-07 -0.9999991 0.0172787 1.000001 1E-06 9.682135E-07 1.000549E-06 8.807907E-07 -0.9999991 1E-06 0.3349411 1E-06 1E-06 1E-06 1.000001 1.08391E-06 -0.02915083 -0.9995741 -0.1089801 1.000001 1E-06 9.682135E-07 1.000549E-06 8.782928E-07 -0.9995741 0.02915272 0.3382618 1E-06 1E-06 1E-06 1.000001 1.133355E-06 0.4722224 -0.881479 -0.4269478 -0.9999992 1.077061E-06 1.073069E-06 9.715003E-07 1.151221E-06 0.8814812 0.4722225 -0.3197148 1E-06 1E-06 1E-06 1.000001 1.082595E-06 0.1900228 -0.9817789 -0.4215228 -0.9999992 1.077061E-06 1.073069E-06 9.715003E-07 1.183927E-06 0.9817811 0.190023 -0.4654081 1E-06 1E-06 1E-06 1.000001 1.087423E-06 8.807907E-07 -0.999999 -0.2600211 1.000001 1E-06 9.682135E-07 1.000549E-06 8.807907E-07 -0.999999 1E-06 0.3308223 1E-06 1E-06 1E-06 1.000001 1.087423E-06 8.807907E-07 -0.999999 -0.353808 1.000001 1E-06 9.682135E-07 1.000549E-06 8.807907E-07 -0.999999 1E-06 0.3308223 1E-06 1E-06 1E-06 1.000001 9.759539E-07 -0.7146679 -0.6994621 0.01511854 1.000001 1E-06 9.682135E-07 1.000549E-06 8.541392E-07 -0.6994619 0.7146699 0.2993507 1E-06 1E-06 1E-06 1.000001 1.015448E-06 -0.5038702 -0.8637779 -0.140234 1.000001 1E-06 9.682135E-07 1.000549E-06 8.529797E-07 -0.8637778 0.5038722 0.271918 1E-06 1E-06 1E-06 1.000001 1.118346E-06 0.9927572 -0.120147 -0.6044444 -0.9999991 1E-06 1.119209E-06 9.979403E-07 1.014323E-06 0.1201491 0.9927572 -0.06129269 1E-06 1E-06 1E-06 1.000001 1.118346E-06 0.9927572 -0.120147 -0.6520804 -0.9999991 1E-06 1.119209E-06 9.979403E-07 1.014323E-06 0.1201491 0.9927572 -0.06129269 1E-06 1E-06 1E-06 1.000001 -0.9999993 1.596047E-06 1.119209E-06 -0.1433981 4.635579E-07 -0.9999993 8.211861E-07 0.3681673 1.178814E-06 1.119209E-06 1.000001 -0.07940695 1E-06 1E-06 1E-06 1.000001 -0.9999993 2.052151E-06 1.575341E-06 -0.3004903 7.453764E-09 -0.9999993 8.211861E-07 0.3681672 1.634946E-06 1.119209E-06 1.000001 -0.07940681 1E-06 1E-06 1E-06 1.000001 1.000001 -4.305122E-07 8.807904E-07 -0.1504281 2.728535E-06 1.000001 1.178814E-06 -0.3681659 8.211859E-07 1.11921E-06 1.000001 -0.07940691 1E-06 1E-06 1E-06 1.000001 1.000001 -4.305122E-07 8.807904E-07 -0.3075219 2.728535E-06 1.000001 1.178814E-06 -0.3681659 8.211859E-07 1.11921E-06 1.000001 -0.07940692 1E-06 1E-06 1E-06 1.000001</float_array>
                    <technique_common>
                        <accessor count="16" offset="0" source="#pm0550_12_00_body_mesh_shape_lod1_body_01-matrices-array" stride="16">
                            <param name="TRANSFORM" type="float4x4" />
                        </accessor>
                    </technique_common>
                </source>
                <source id="pm0550_12_00_body_mesh_shape_lod1_body_01-weights">
                    <float_array id="pm0550_12_00_body_mesh_shape_lod1_body_01-weights-array" count="79">1 0.05999848 0.7100023 0.2299992 0.2 0.2999924 0.4500038 0.05000382 0.02999924 0.680003 0.2899977 0.5900053 0.3499962 0.00999466 0.2500038 0.5000076 0.1000076 0.319997 0.5600061 0.119997 0.6200046 0.280003 0.3700007 0.1300069 0.6 0.3600061 0.1400015 0.2990005 0.5109941 0.3300069 0.2699931 0.1799954 0.6699932 0.09900054 0.1499962 0.7510033 0.7499962 0.6500038 0.5799954 0.4 0.02000458 0.5499962 0.1700008 0.7300069 0.2599985 0.6399939 0.6099946 0.6299992 0.6999924 0.1009995 0.08000305 0.4099947 0.1900053 0.3900054 0.5700008 0.7600061 0.1600061 0.3799954 0.4800031 0.4699931 0.2099947 0.8 0.9000076 0.7199969 0.2010071 0.5989929 0.3490044 0.1510033 0.3989929 0.4599985 0.0399939 0.8500038 0.9600061 0.4200046 0.7009994 0.3980011 0.6019989 0.4119936 0.5880064</float_array>
                    <technique_common>
                        <accessor count="79" offset="0" source="#pm0550_12_00_body_mesh_shape_lod1_body_01-weights-array" stride="1">
                            <param name="WEIGHT" type="float" />
                        </accessor>
                    </technique_common>
                </source>
                <joints>
                    <input semantic="JOINT" source="#pm0550_12_00_body_mesh_shape_lod1_body_01-joints" />
                    <input semantic="INV_BIND_MATRIX" source="#pm0550_12_00_body_mesh_shape_lod1_body_01-matrices" />
                </joints>
                <vertex_weights count="464">
                    <input semantic="JOINT" source="#pm0550_12_00_body_mesh_shape_lod1_body_01-joints" offset="0" set="0" />
                    <input semantic="WEIGHT" source="#pm0550_12_00_body_mesh_shape_lod1_body_01-weights" offset="1" set="0" />
                    <vcount>1 1 1 1 1 1 1 1 1 1 1 1 1 1 1 1 1 1 1 1 1 1 1 1 1 1 1 1 1 1 1 1 1 1 1 1 1 1 1 1 1 1 1 1 1 1 1 1 1 1 1 1 1 1 1 1 1 1 1 1 1 1 1 1 1 1 1 1 1 1 1 1 1 1 1 1 1 1 1 1 1 1 1 1 1 1 1 1 1 1 1 1 1 1 1 1 1 1 1 1 1 1 1 1 1 1 1 1 1 1 1 1 1 1 1 1 1 1 1 1 1 1 1 1 1 1 1 1 1 1 1 1 1 1 1 1 1 1 1 1 1 1 1 1 1 1 1 1 1 1 1 1 1 1 1 1 1 1 1 1 1 1 1 1 1 1 1 1 1 1 1 1 1 1 1 1 1 1 1 1 1 1 1 1 1 1 1 1 1 1 1 1 3 4 3 4 4 3 4 3 3 3 4 4 4 4 4 4 3 3 1 3 3 3 3 3 3 3 3 3 3 3 3 3 3 3 3 3 3 3 3 3 3 3 3 3 3 3 3 3 3 3 3 3 3 3 3 3 3 3 3 3 3 3 3 3 3 4 3 4 4 3 4 3 3 3 4 4 4 4 4 4 3 3 1 3 3 3 4 4 4 3 4 4 4 3 3 4 4 3 4 3 3 4 4 4 2 4 3 3 4 4 3 4 4 4 3 3 4 4 3 4 3 3 4 4 4 2 3 4 3 3 3 3 3 3 3 3 2 3 3 3 3 3 3 3 2 3 3 3 4 2 3 3 4 4 1 3 3 1 3 3 1 3 1 3 4 2 4 4 2 3 3 3 3 3 3 3 3 3 3 3 2 3 3 3 3 3 3 3 3 4 3 3 2 1 2 1 2 2 1 1 2 2 1 2 2 3 3 3 2 3 2 2 2 1 1 2 1 1 2 2 1 2 2 3 3 3 2 2 3 2 2 2 2 1 2 1 2 2 1 1 1 2 3 3 3 2 2 3 2 2 2 1 2 2 1 2 2 1 1 2 2 1 2 2 3 3 3 2 3 2 2 2</vcount>
                    <v>0 0 0 0 0 0 0 0 0 0 0 0 0 0 0 0 0 0 0 0 0 0 0 0 0 0 0 0 0 0 0 0 0 0 0 0 1 0 1 0 1 0 1 0 1 0 1 0 1 0 1 0 1 0 1 0 1 0 1 0 1 0 1 0 1 0 1 0 1 0 1 0 1 0 1 0 1 0 1 0 1 0 1 0 1 0 1 0 1 0 1 0 1 0 1 0 1 0 1 0 1 0 1 0 1 0 1 0 0 0 0 0 0 0 0 0 0 0 0 0 0 0 0 0 0 0 0 0 0 0 0 0 0 0 0 0 0 0 0 0 0 0 0 0 0 0 0 0 0 0 0 0 0 0 0 0 0 0 0 0 0 0 0 0 0 0 0 0 0 0 0 0 0 0 0 0 0 0 0 0 0 0 0 0 1 0 1 0 1 0 1 0 1 0 1 0 1 0 1 0 1 0 1 0 1 0 1 0 1 0 1 0 1 0 1 0 1 0 1 0 1 0 1 0 1 0 1 0 1 0 1 0 1 0 1 0 1 0 1 0 1 0 1 0 1 0 1 0 1 0 1 0 1 0 1 0 1 0 1 0 1 0 1 0 1 0 1 0 1 0 1 0 1 0 1 0 1 0 1 0 1 0 1 0 1 0 1 0 1 0 1 0 1 0 1 0 1 0 1 0 1 0 1 0 0 0 0 0 0 0 0 0 0 0 0 0 0 0 0 0 0 0 0 0 0 0 0 0 0 0 0 0 0 0 0 0 0 0 0 0 0 0 0 0 0 0 0 0 0 0 0 0 0 0 0 0 0 0 0 0 0 0 0 0 0 0 0 0 0 0 0 0 0 0 0 0 0 0 0 0 0 0 0 0 0 1 2 2 3 3 2 4 3 5 4 6 5 7 0 8 2 9 3 10 2 4 3 5 4 6 5 7 2 11 3 12 6 13 4 7 3 14 4 6 5 5 3 15 6 16 4 12 5 7 2 17 3 18 6 19 2 16 3 20 6 21 3 14 4 6 5 5 3 22 6 4 4 23 5 5 2 8 3 24 6 25 7 13 3 26 6 27 4 7 5 28 3 29 6 16 4 30 5 5 3 31 6 16 4 7 5 32 3 31 6 16 4 7 5 32 3 33 4 34 5 35 3 16 4 34 5 36 5 0 3 16 4 34 5 36 0 14 2 37 3 16 0 38 2 39 3 40 0 38 2 39 3 40 0 14 2 37 3 16 0 7 2 41 3 39 0 38 2 39 3 40 0 7 2 41 3 39 2 42 3 43 6 16 0 14 2 37 3 16 0 44 2 45 3 16 0 46 2 22 3 40 0 7 2 38 3 22 0 7 2 47 3 17 2 4 3 48 6 16 3 38 6 39 7 40 3 38 6 39 7 40 3 38 6 39 7 40 3 4 6 48 7 16 3 4 6 48 7 16 3 4 6 48 7 16 3 16 6 24 7 5 3 49 6 24 7 27 0 38 2 39 3 40 0 38 2 39 3 40 0 14 2 37 3 16 0 14 2 37 3 16 0 7 2 41 3 39 0 38 2 39 3 40 0 7 2 41 3 39 2 42 3 43 6 16 0 14 2 37 3 16 0 44 2 45 3 16 0 46 2 22 3 40 0 7 2 38 3 22 0 7 2 47 3 17 2 4 3 48 6 16 3 38 6 39 7 40 3 38 6 39 7 40 3 38 6 39 7 40 3 4 6 48 7 16 3 4 6 48 7 16 3 4 6 48 7 16 3 16 6 24 7 5 3 49 6 24 7 27 0 8 2 9 3 10 2 4 3 5 4 6 5 7 0 1 2 2 3 3 2 4 3 5 4 6 5 7 2 11 3 12 6 13 4 7 3 14 4 6 5 5 3 15 6 16 4 12 5 7 2 17 3 18 6 19 2 16 3 20 6 21 3 14 4 6 5 5 3 22 6 4 4 23 5 5 2 8 3 24 6 25 7 13 3 26 6 27 4 7 5 28 3 29 6 16 4 30 5 5 3 31 6 16 4 7 5 32 3 31 6 16 4 7 5 32 3 33 4 34 5 35 3 16 4 34 5 36 5 0 3 16 4 34 5 36 0 50 2 37 3 30 0 1 2 11 3 12 0 7 2 22 3 51 8 42 0 7 2 12 3 51 8 52 0 8 2 53 3 54 6 13 2 16 3 55 6 26 2 34 3 39 8 34 9 5 2 26 3 39 8 56 9 5 3 39 6 14 8 5 9 7 3 24 6 57 7 40 3 58 6 59 7 7 3 12 6 21 8 10 9 50 3 10 6 23 8 4 9 57 2 26 3 51 9 6 3 17 6 26 8 14 9 10 3 4 8 31 9 20 3 60 8 31 9 46 2 19 3 56 8 19 9 24 2 19 3 56 8 19 9 24 2 40 3 16 8 50 9 61 8 16 9 62 0 7 2 22 3 51 8 42 0 1 2 11 3 12 0 50 2 37 3 30 0 7 2 12 3 51 8 52 0 8 2 53 3 54 6 13 2 16 3 55 6 26 2 34 3 39 8 34 9 5 2 26 3 39 8 56 9 5 3 39 6 14 8 5 9 7 3 24 6 57 7 40 3 58 6 59 7 7 3 12 6 21 8 10 9 50 3 10 6 23 8 4 9 57 2 26 3 51 9 6 3 17 6 26 8 14 9 10 3 4 8 31 9 20 3 60 8 31 9 46 2 19 3 56 8 19 9 24 2 19 3 56 8 19 9 24 2 40 3 16 8 50 9 61 8 16 9 62 0 50 2 63 3 4 10 64 11 34 2 65 3 7 0 50 2 63 3 4 10 39 11 5 2 5 0 5 2 24 3 16 10 66 11 67 2 15 10 68 11 67 2 6 0 15 2 69 3 70 10 42 11 15 2 29 10 42 11 15 2 29 11 61 2 4 10 6 11 34 2 39 10 4 11 15 2 5 10 7 11 48 2 14 10 7 11 48 2 14 10 39 11 5 2 5 10 41 11 34 2 5 0 37 2 10 3 1 0 71 2 34 10 5 11 15 2 4 10 5 11 15 2 4 10 16 11 61 2 16 0 5 10 39 11 34 2 34 0 72 2 70 10 73 11 15 2 50 10 73 11 15 2 50 0 24 10 3 11 34 2 40 0 24 10 3 11 34 2 40 0 0 0 4 10 15 11 5 0 24 10 14 11 34 0 0 0 4 10 15 11 5 0 4 10 15 11 5 0 0 0 24 10 14 11 34 0 0 0 4 10 15 11 5 0 24 10 3 11 34 2 40 0 72 2 70 0 24 10 3 11 34 2 40 0 5 10 39 11 34 2 34 0 71 2 34 10 73 11 15 2 50 10 73 11 15 2 50 10 16 11 61 2 16 10 5 11 15 2 4 10 5 11 15 2 4 10 39 11 5 2 5 10 41 11 34 2 5 0 37 2 10 3 1 0 15 2 69 3 70 10 7 11 48 2 14 10 7 11 48 2 14 11 61 2 4 10 6 11 34 2 39 10 4 11 15 2 5 10 42 11 15 2 29 10 42 11 15 2 29 10 68 11 67 2 6 10 66 11 67 2 15 0 5 2 24 3 16 10 39 11 5 2 5 10 64 11 34 2 65 3 7 0 50 2 63 3 4 0 50 2 63 3 4 12 5 13 48 13 0 12 27 13 74 13 0 12 48 13 5 12 16 13 62 13 0 13 0 12 48 13 5 12 16 13 62 13 0 12 75 13 76 12 39 13 24 0 7 12 37 13 5 0 34 12 36 13 16 0 34 12 36 13 16 0 14 12 36 0 7 12 71 13 16 0 34 12 71 0 22 12 47 0 77 12 78 13 0 13 0 12 4 13 61 13 0 13 0 12 75 13 76 12 5 13 48 13 0 12 5 13 48 12 48 13 5 0 34 12 36 13 16 0 7 12 37 13 5 0 34 12 36 13 16 0 14 12 36 12 48 13 5 0 7 12 71 13 16 0 34 12 71 0 22 12 47 0 77 12 78 14 5 15 48 15 0 14 5 15 48 15 0 14 48 15 5 14 4 15 61 15 0 15 0 15 0 14 75 15 76 0 34 14 36 15 16 0 7 14 37 15 5 0 34 14 36 15 16 0 14 14 36 14 48 15 5 0 7 14 71 15 16 0 34 14 71 0 22 14 47 0 77 14 78 15 0 14 5 15 48 14 27 15 74 15 0 14 48 15 5 14 16 15 62 15 0 15 0 14 48 15 5 14 16 15 62 15 0 14 75 15 76 14 39 15 24 0 7 14 37 15 5 0 34 14 36 15 16 0 34 14 36 15 16 0 14 14 36 0 7 14 71 15 16 0 34 14 71 0 22 14 47 0 77 14 78</v>
                </vertex_weights>
            </skin>
        </controller>
    </library_controllers>
    <library_visual_scenes>
        <visual_scene id="Scene" name="Scene">
            <node id="pm0550_12_00" sid="pm0550_12_00" name="pm0550_12_00" type="JOINT">
                <matrix sid="transform">1 0 0 0 0 1 0 0 0 0 1 0 0 0 0 1</matrix>
                <node id="origin" sid="origin" name="origin" type="JOINT">
                    <matrix sid="transform">1 0 0 0 0 1 0 0 0 0 1 0 0 0 0 1</matrix>
                    <node id="waist" sid="waist" name="waist" type="JOINT">
                        <matrix sid="transform">1.192093E-07 -0.9999999 0 -2.00964E-21 0 1.192093E-07 -0.9999999 0.33494 0.9999999 0 1.192093E-07 0.01727766 0 0 0 1</matrix>
                        <node id="head" sid="head" name="head" type="JOINT">
                            <matrix sid="transform">1 0 0 -4.440892E-18 0 1 0 5.551115E-19 0 0 1 7.105427E-17 0 0 0 1</matrix>
                            <node id="left_feeler_01" sid="left_feeler_01" name="left_feeler_01" type="JOINT">
                                <matrix sid="transform">1.788139E-07 0 0.9999998 0.06213022 -0.9999998 -1.430511E-06 0 -0.1504296 1.609325E-06 -0.9999998 1.788139E-07 -0.03322659 0 0 0 1</matrix>
                                <node id="left_feeler_02" sid="left_feeler_02" name="left_feeler_02" type="JOINT">
                                    <matrix sid="transform">1 0 0 0.1570938 0 1 0 7.105427E-17 0 0 1 -4.440892E-17 0 0 0 1</matrix>
                                </node>
                            </node>
                            <node id="right_feeler_01" sid="right_feeler_01" name="right_feeler_01" type="JOINT">
                                <matrix sid="transform">1.788139E-07 0 0.9999998 0.06213026 0.9999998 5.960464E-07 0 0.1433988 -4.172325E-07 0.9999998 1.788139E-07 -0.03322626 0 0 0 1</matrix>
                                <node id="right_feeler_02" sid="right_feeler_02" name="right_feeler_02" type="JOINT">
                                    <matrix sid="transform">1 4.561041E-07 -4.561313E-07 0.157092 -4.561041E-07 1 2.080434E-13 7.105427E-17 4.561313E-07 0 1 1.776357E-17 0 0 0 1</matrix>
                                </node>
                            </node>
                            <node id="upper_feeler_a_01" sid="upper_feeler_a_01" name="upper_feeler_a_01" type="JOINT">
                                <matrix sid="transform">-0.1201479 0 0.9927559 -0.02905089 0 1 0 -7.687184E-15 -0.9927559 0 -0.1201479 -0.2724909 0 0 0 1</matrix>
                                <node id="upper_feeler_a_02" sid="upper_feeler_a_02" name="upper_feeler_a_02" type="JOINT">
                                    <matrix sid="transform">1 0 0 0.04763599 0 1 0 -1.152611E-17 0 0 1 -1.776357E-17 0 0 0 1</matrix>
                                </node>
                            </node>
                            <node id="jaw" sid="jaw" name="jaw" type="JOINT">
                                <matrix sid="transform">0.9560101 0 0.2933337 0.096035 0 1 0 0 -0.2933337 0 0.9560101 0.028963 0 0 0 1</matrix>
                            </node>
                            <node id="left_upper_eyelid_01" sid="left_upper_eyelid_01" name="left_upper_eyelid_01" type="JOINT">
                                <matrix sid="transform">0.3272557 -0.9127378 0.2445674 0.1714992 -0.8175802 -0.1437324 0.5575872 0.1086491 -0.4737787 -0.382427 -0.7932737 -0.040229 0 0 0 1</matrix>
                                <node id="left_upper_eyelid_02" sid="left_upper_eyelid_02" name="left_upper_eyelid_02" type="JOINT">
                                    <matrix sid="transform">1 0 0 0.221068 0 1 0 -1.137979E-16 0 0 1 5.273559E-18 0 0 0 1</matrix>
                                </node>
                            </node>
                            <node id="left_lower_eyelid_01" sid="left_lower_eyelid_01" name="left_lower_eyelid_01" type="JOINT">
                                <matrix sid="transform">0.2820852 0.9266989 -0.2483083 0.1704564 -0.9220915 0.1904157 -0.3368812 0.09690535 -0.2649057 0.3239922 0.9082147 -0.03704133 0 0 0 1</matrix>
                                <node id="left_lower_eyelid_02" sid="left_lower_eyelid_02" name="left_lower_eyelid_02" type="JOINT">
                                    <matrix sid="transform">1 0 0 0.214773 0 1 0 -2.754741E-17 0 0 1 -1.262011E-16 0 0 0 1</matrix>
                                </node>
                            </node>
                            <node id="right_upper_eyelid_01" sid="right_upper_eyelid_01" name="right_upper_eyelid_01" type="JOINT">
                                <matrix sid="transform">0.327257 0.912738 0.2445653 0.1714993 0.8175803 -0.1437352 -0.5575864 -0.108649 -0.4737777 0.3824258 -0.793275 -0.040229 0 0 0 1</matrix>
                                <node id="right_upper_eyelid_02" sid="right_upper_eyelid_02" name="right_upper_eyelid_02" type="JOINT">
                                    <matrix sid="transform">1 0 0 0.2210678 0 1 0 1.421085E-16 0 0 1 -7.105427E-17 0 0 0 1</matrix>
                                </node>
                            </node>
                            <node id="right_lower_eyelid_01" sid="right_lower_eyelid_01" name="right_lower_eyelid_01" type="JOINT">
                                <matrix sid="transform">0.2820838 -0.9266998 -0.2483065 0.1704563 0.9220914 0.1904144 0.3368822 -0.0969054 -0.2649075 -0.3239903 0.9082149 -0.037041 0 0 0 1</matrix>
                                <node id="right_lower_eyelid_02" sid="right_lower_eyelid_02" name="right_lower_eyelid_02" type="JOINT">
                                    <matrix sid="transform">1 8.89516E-06 -1.469902E-05 0.214773 -8.895197E-06 1 -2.443568E-06 1.421085E-16 1.469899E-05 2.443699E-06 1 3.552714E-17 0 0 0 1</matrix>
                                </node>
                            </node>
                        </node>
                        <node id="hips" sid="hips" name="hips" type="JOINT">
                            <matrix sid="transform">-1 8.742278E-08 0 -8.881784E-18 -8.742278E-08 -1 0 5.551115E-19 0 0 1 7.105427E-17 0 0 0 1</matrix>
                            <node id="tail_01" sid="tail_01" name="tail_01" type="JOINT">
                                <matrix sid="transform">0.999575 0 -0.02915171 0.1360734 0 1 0 -1.806227E-16 0.02915171 0 0.999575 -2.842171E-16 0 0 0 1</matrix>
                                <node id="tail_02" sid="tail_02" name="tail_02" type="JOINT">
                                    <matrix sid="transform">0.999575 0 0.02915171 0.1412865 0 1 0 2.495412E-17 -0.02915171 0 0.999575 2.131628E-16 0 0 0 1</matrix>
                                    <node id="tail_03" sid="tail_03" name="tail_03" type="JOINT">
                                        <matrix sid="transform">1 0 0 0.09378689 0 1 0 1.554312E-16 0 0 1 -4.263256E-16 0 0 0 1</matrix>
                                        <node id="tail_04" sid="tail_04" name="tail_04" type="JOINT">
                                            <matrix sid="transform">1 0 0 0.09122621 0 1 0 2.153833E-16 0 0 1 -7.105427E-17 0 0 0 1</matrix>
                                        </node>
                                    </node>
                                </node>
                                <node id="upper_feeler_b_01" sid="upper_feeler_b_01" name="upper_feeler_b_01" type="JOINT">
                                    <matrix sid="transform">0.8673393 -4.351183E-08 -0.4977174 0.1022002 0 -0.9999999 8.742277E-08 -1.305622E-15 -0.4977174 -7.582521E-08 -0.8673391 -0.1515411 0 0 0 1</matrix>
                                    <node id="upper_feeler_b_02" sid="upper_feeler_b_02" name="upper_feeler_b_02" type="JOINT">
                                        <matrix sid="transform">0.9551517 0 0.296117 0.1134859 0 1 0 1.598721E-16 -0.296117 0 0.9551517 7.105427E-17 0 0 0 1</matrix>
                                    </node>
                                </node>
                                <node id="lower_feeler_01" sid="lower_feeler_01" name="lower_feeler_01" type="JOINT">
                                    <matrix sid="transform">0.7199996 0 -0.6939745 0.08787533 0 1 0 1.29674E-15 0.6939745 0 0.7199996 0.1122379 0 0 0 1</matrix>
                                    <node id="lower_feeler_02" sid="lower_feeler_02" name="lower_feeler_02" type="JOINT">
                                        <matrix sid="transform">0.9642823 0 0.2648766 0.07831921 0 1 0 -2.220446E-17 -0.2648766 0 0.9642823 1.065814E-16 0 0 0 1</matrix>
                                    </node>
                                </node>
                            </node>
                        </node>
                    </node>
                </node>
                <node id="lod_group" sid="lod_group" name="lod_group" type="JOINT">
                    <matrix sid="transform">1 0 0 0 0 1 0 0 0 0 1 0 0 0 0 1</matrix>
                    <node id="lod0" sid="lod0" name="lod0" type="JOINT">
                        <matrix sid="transform">1 0 0 0 0 1 0 0 0 0 1 0 0 0 0 1</matrix>
                        <node id="pm0550_12_00_eye_mesh" sid="pm0550_12_00_eye_mesh" name="pm0550_12_00_eye_mesh" type="JOINT">
                            <matrix sid="transform">1 0 0 0 0 1 0 0 0 0 1 0 0 0 0 1</matrix>
                        </node>
                        <node id="pm0550_12_00_body_mesh" sid="pm0550_12_00_body_mesh" name="pm0550_12_00_body_mesh" type="JOINT">
                            <matrix sid="transform">1 0 0 0 0 1 0 0 0 0 1 0 0 0 0 1</matrix>
                        </node>
                    </node>
                    <node id="lod1" sid="lod1" name="lod1" type="JOINT">
                        <matrix sid="transform">1 0 0 0 0 1 0 0 0 0 1 0 0 0 0 1</matrix>
                        <node id="pm0550_12_00_eye_mesh_lod1" sid="pm0550_12_00_eye_mesh_lod1" name="pm0550_12_00_eye_mesh_lod1" type="JOINT">
                            <matrix sid="transform">1 0 0 0 0 1 0 0 0 0 1 0 0 0 0 1</matrix>
                        </node>
                        <node id="pm0550_12_00_body_mesh_lod1" sid="pm0550_12_00_body_mesh_lod1" name="pm0550_12_00_body_mesh_lod1" type="JOINT">
                            <matrix sid="transform">1 0 0 0 0 1 0 0 0 0 1 0 0 0 0 1</matrix>
                        </node>
                    </node>
                    <node id="lod2" sid="lod2" name="lod2" type="JOINT">
                        <matrix sid="transform">1 0 0 0 0 1 0 0 0 0 1 0 0 0 0 1</matrix>
                        <node id="pm0550_12_00_eye_mesh_lod2" sid="pm0550_12_00_eye_mesh_lod2" name="pm0550_12_00_eye_mesh_lod2" type="JOINT">
                            <matrix sid="transform">1 0 0 0 0 1 0 0 0 0 1 0 0 0 0 1</matrix>
                        </node>
                        <node id="pm0550_12_00_body_mesh_lod2" sid="pm0550_12_00_body_mesh_lod2" name="pm0550_12_00_body_mesh_lod2" type="JOINT">
                            <matrix sid="transform">1 0 0 0 0 1 0 0 0 0 1 0 0 0 0 1</matrix>
                        </node>
                    </node>
                </node>
            </node>
            <node id="pm0550_12_00_eye_mesh_shape_lod1_l_eye" sid="pm0550_12_00_eye_mesh_shape_lod1_l_eye" name="pm0550_12_00_eye_mesh_shape_lod1_l_eye">
                <instance_controller url="#pm0550_12_00_eye_mesh_shape_lod1_l_eye-controller">
                    <skeleton>#pm0550_12_00</skeleton>
                    <bind_material>
                        <technique_common>
                            <instance_material target="#l_eye" symbol="l_eye" />
                        </technique_common>
                    </bind_material>
                </instance_controller>
            </node>
            <node id="pm0550_12_00_eye_mesh_shape_lod1_r_eye" sid="pm0550_12_00_eye_mesh_shape_lod1_r_eye" name="pm0550_12_00_eye_mesh_shape_lod1_r_eye">
                <instance_controller url="#pm0550_12_00_eye_mesh_shape_lod1_r_eye-controller">
                    <skeleton>#pm0550_12_00</skeleton>
                    <bind_material>
                        <technique_common>
                            <instance_material target="#r_eye" symbol="r_eye" />
                        </technique_common>
                    </bind_material>
                </instance_controller>
            </node>
            <node id="pm0550_12_00_body_mesh_shape_lod1_body_00" sid="pm0550_12_00_body_mesh_shape_lod1_body_00" name="pm0550_12_00_body_mesh_shape_lod1_body_00">
                <instance_controller url="#pm0550_12_00_body_mesh_shape_lod1_body_00-controller">
                    <skeleton>#pm0550_12_00</skeleton>
                    <bind_material>
                        <technique_common>
                            <instance_material target="#body_00" symbol="body_00" />
                        </technique_common>
                    </bind_material>
                </instance_controller>
            </node>
            <node id="pm0550_12_00_body_mesh_shape_lod1_body_01" sid="pm0550_12_00_body_mesh_shape_lod1_body_01" name="pm0550_12_00_body_mesh_shape_lod1_body_01">
                <instance_controller url="#pm0550_12_00_body_mesh_shape_lod1_body_01-controller">
                    <skeleton>#pm0550_12_00</skeleton>
                    <bind_material>
                        <technique_common>
                            <instance_material target="#body_01" symbol="body_01" />
                        </technique_common>
                    </bind_material>
                </instance_controller>
            </node>
        </visual_scene>
    </library_visual_scenes>
    <scene>
        <instance_visual_scene url="#Scene" />
    </scene>
</COLLADA>