<?xml version="1.0" encoding="utf-8"?>
<COLLADA xmlns:xsd="http://www.w3.org/2001/XMLSchema" xmlns:xsi="http://www.w3.org/2001/XMLSchema-instance" version="1.4.1" xmlns="http://www.collada.org/2005/11/COLLADASchema">
    <asset>
        <created>0001-01-01T00:00:00</created>
        <modified>0001-01-01T00:00:00</modified>
        <unit name="Meter" />
        <contributor>
            <authoring_tool>IONET Exporter</authoring_tool>
        </contributor>
    </asset>
    <library_images>
        <image id="pm0550_00_41_eye_alb-image" name="pm0550_00_41_eye_alb">
            <init_from>pm0550_00_41_eye_alb.png</init_from>
        </image>
        <image id="pm0550_00_41_eye_alb-image_0" name="pm0550_00_41_eye_alb">
            <init_from>pm0550_00_41_eye_alb.png</init_from>
        </image>
        <image id="pm0550_00_41_body_alb-image" name="pm0550_00_41_body_alb">
            <init_from>pm0550_00_41_body_alb.png</init_from>
        </image>
    </library_images>
    <library_materials>
        <material id="l_eye" name="l_eye">
            <instance_effect url="#l_eye-effect" />
        </material>
        <material id="r_eye" name="r_eye">
            <instance_effect url="#r_eye-effect" />
        </material>
        <material id="body_01" name="body_01">
            <instance_effect url="#body_01-effect" />
        </material>
    </library_materials>
    <library_effects>
        <effect id="l_eye-effect" name="l_eye">
            <profile_COMMON>
                <newparam sid="pm0550_00_41_eye_alb-image_surface">
                    <surface type="2D">
                        <init_from>pm0550_00_41_eye_alb-image</init_from>
                    </surface>
                </newparam>
                <newparam sid="pm0550_00_41_eye_alb-image_sampler">
                    <sampler2D>
                        <source>pm0550_00_41_eye_alb-image_surface</source>
                    </sampler2D>
                </newparam>
                <technique sid="standard">
                    <phong>
                        <emission>
                            <color sid="emission">0 0 0 1</color>
                        </emission>
                        <ambient>
                            <color sid="ambient">0 0 0 1</color>
                        </ambient>
                        <diffuse>
                            <texture texture="pm0550_00_41_eye_alb-image_sampler" texcoord="CHANNEL0" />
                        </diffuse>
                        <specular>
                            <color sid="specular">0 0 0 1</color>
                        </specular>
                        <reflective>
                            <color sid="reflective">1 1 1 1</color>
                        </reflective>
                        <shininess>
                            <float sid="shininess">50</float>
                        </shininess>
                        <reflectivity>
                            <float sid="reflectivity">1</float>
                        </reflectivity>
                        <transparency>
                            <float sid="transparency">1</float>
                        </transparency>
                    </phong>
                </technique>
            </profile_COMMON>
        </effect>
        <effect id="r_eye-effect" name="r_eye">
            <profile_COMMON>
                <newparam sid="pm0550_00_41_eye_alb-image_0_surface">
                    <surface type="2D">
                        <init_from>pm0550_00_41_eye_alb-image_0</init_from>
                    </surface>
                </newparam>
                <newparam sid="pm0550_00_41_eye_alb-image_0_sampler">
                    <sampler2D>
                        <source>pm0550_00_41_eye_alb-image_0_surface</source>
                    </sampler2D>
                </newparam>
                <technique sid="standard">
                    <phong>
                        <emission>
                            <color sid="emission">0 0 0 1</color>
                        </emission>
                        <ambient>
                            <color sid="ambient">0 0 0 1</color>
                        </ambient>
                        <diffuse>
                            <texture texture="pm0550_00_41_eye_alb-image_0_sampler" texcoord="CHANNEL0" />
                        </diffuse>
                        <specular>
                            <color sid="specular">0 0 0 1</color>
                        </specular>
                        <reflective>
                            <color sid="reflective">1 1 1 1</color>
                        </reflective>
                        <shininess>
                            <float sid="shininess">50</float>
                        </shininess>
                        <reflectivity>
                            <float sid="reflectivity">1</float>
                        </reflectivity>
                        <transparency>
                            <float sid="transparency">1</float>
                        </transparency>
                    </phong>
                </technique>
            </profile_COMMON>
        </effect>
        <effect id="body_01-effect" name="body_01">
            <profile_COMMON>
                <newparam sid="pm0550_00_41_body_alb-image_surface">
                    <surface type="2D">
                        <init_from>pm0550_00_41_body_alb-image</init_from>
                    </surface>
                </newparam>
                <newparam sid="pm0550_00_41_body_alb-image_sampler">
                    <sampler2D>
                        <source>pm0550_00_41_body_alb-image_surface</source>
                    </sampler2D>
                </newparam>
                <technique sid="standard">
                    <phong>
                        <emission>
                            <color sid="emission">0 0 0 1</color>
                        </emission>
                        <ambient>
                            <color sid="ambient">0 0 0 1</color>
                        </ambient>
                        <diffuse>
                            <texture texture="pm0550_00_41_body_alb-image_sampler" texcoord="CHANNEL0" />
                        </diffuse>
                        <specular>
                            <color sid="specular">0 0 0 1</color>
                        </specular>
                        <reflective>
                            <color sid="reflective">1 1 1 1</color>
                        </reflective>
                        <shininess>
                            <float sid="shininess">50</float>
                        </shininess>
                        <reflectivity>
                            <float sid="reflectivity">1</float>
                        </reflectivity>
                        <transparency>
                            <float sid="transparency">1</float>
                        </transparency>
                    </phong>
                </technique>
            </profile_COMMON>
        </effect>
    </library_effects>
    <library_geometries>
        <geometry id="pm0550_00_41_body_mesh_shape_lod2_l_eye-geometry" name="pm0550_00_41_body_mesh_shape_lod2_l_eye">
            <mesh>
                <source id="pm0550_00_41_body_mesh_shape_lod2_l_eye-geometry-POSITION">
                    <float_array id="pm0550_00_41_body_mesh_shape_lod2_l_eye-geometry-POSITION-array" count="30">0.1098121 0.5557857 0.1718452 0.09520444 0.5758471 0.1904556 0.1252332 0.5151337 0.1664233 0.08843733 0.5668572 0.2239572 0.08137073 0.5315139 0.2757092 0.09217085 0.4952118 0.2824828 0.1056446 0.4554366 0.2742492 0.1188297 0.4272541 0.2499462 0.1340129 0.425822 0.211107 0.1365782 0.4620967 0.1770134</float_array>
                    <technique_common>
                        <accessor count="10" offset="0" source="pm0550_00_41_body_mesh_shape_lod2_l_eye-geometry-POSITION-array" stride="3">
                            <param name="X" type="float" />
                            <param name="Y" type="float" />
                            <param name="Z" type="float" />
                        </accessor>
                    </technique_common>
                </source>
                <source id="pm0550_00_41_body_mesh_shape_lod2_l_eye-geometry-NORMAL">
                    <float_array id="pm0550_00_41_body_mesh_shape_lod2_l_eye-geometry-NORMAL-array" count="30">0.878418 0.2817383 0.3857422 0.8999023 0.3347168 0.2785645 0.9101563 0.2734375 0.310791 0.902832 0.2973633 0.3100586 0.8969727 0.3100586 0.3134766 0.9086914 0.2819824 0.3071289 0.9291992 0.2243652 0.2929688 0.9282227 0.2183838 0.3010254 0.9018555 0.260498 0.3432617 0.9003906 0.2617188 0.3461914</float_array>
                    <technique_common>
                        <accessor count="10" offset="0" source="pm0550_00_41_body_mesh_shape_lod2_l_eye-geometry-NORMAL-array" stride="3">
                            <param name="X" type="float" />
                            <param name="Y" type="float" />
                            <param name="Z" type="float" />
                        </accessor>
                    </technique_common>
                </source>
                <source id="pm0550_00_41_body_mesh_shape_lod2_l_eye-geometry-TEXCOORD">
                    <float_array id="pm0550_00_41_body_mesh_shape_lod2_l_eye-geometry-TEXCOORD-array" count="20">0.1903581 0.8283284 0.3148936 0.9607143 0.1417851 0.5759823 0.5162046 0.9123458 0.8277985 0.7113589 0.8547762 0.4864662 0.7945595 0.24176 0.6423644 0.06592107 0.3977696 0.04589987 0.1933548 0.2556198</float_array>
                    <technique_common>
                        <accessor count="10" offset="0" source="pm0550_00_41_body_mesh_shape_lod2_l_eye-geometry-TEXCOORD-array" stride="2">
                            <param name="S" type="float" />
                            <param name="T" type="float" />
                        </accessor>
                    </technique_common>
                </source>
                <vertices id="pm0550_00_41_body_mesh_shape_lod2_l_eye-vertices">
                    <input semantic="POSITION" source="#pm0550_00_41_body_mesh_shape_lod2_l_eye-geometry-POSITION" />
                </vertices>
                <triangles count="8" material="l_eye">
                    <input semantic="VERTEX" source="#pm0550_00_41_body_mesh_shape_lod2_l_eye-vertices" offset="0" set="0" />
                    <input semantic="NORMAL" source="#pm0550_00_41_body_mesh_shape_lod2_l_eye-geometry-NORMAL" offset="1" set="0" />
                    <input semantic="TEXCOORD" source="#pm0550_00_41_body_mesh_shape_lod2_l_eye-geometry-TEXCOORD" offset="2" set="0" />
                    <p>0 0 0 1 1 1 2 2 2 2 2 2 1 1 1 3 3 3 4 4 4 2 2 2 3 3 3 4 4 4 5 5 5 2 2 2 2 2 2 5 5 5 6 6 6 2 2 2 6 6 6 7 7 7 2 2 2 7 7 7 8 8 8 2 2 2 8 8 8 9 9 9</p>
                </triangles>
            </mesh>
        </geometry>
        <geometry id="pm0550_00_41_body_mesh_shape_lod2_r_eye-geometry" name="pm0550_00_41_body_mesh_shape_lod2_r_eye">
            <mesh>
                <source id="pm0550_00_41_body_mesh_shape_lod2_r_eye-geometry-POSITION">
                    <float_array id="pm0550_00_41_body_mesh_shape_lod2_r_eye-geometry-POSITION-array" count="30">-0.1252332 0.5151337 0.1664233 -0.09520444 0.5758471 0.1904556 -0.1098121 0.5557857 0.1718452 -0.08843733 0.5668572 0.2239572 -0.08137073 0.5315139 0.2757092 -0.09217085 0.4952118 0.2824828 -0.1056446 0.4554366 0.2742492 -0.1188297 0.4272541 0.2499462 -0.1340129 0.425822 0.211107 -0.1365782 0.4620967 0.1770134</float_array>
                    <technique_common>
                        <accessor count="10" offset="0" source="pm0550_00_41_body_mesh_shape_lod2_r_eye-geometry-POSITION-array" stride="3">
                            <param name="X" type="float" />
                            <param name="Y" type="float" />
                            <param name="Z" type="float" />
                        </accessor>
                    </technique_common>
                </source>
                <source id="pm0550_00_41_body_mesh_shape_lod2_r_eye-geometry-NORMAL">
                    <float_array id="pm0550_00_41_body_mesh_shape_lod2_r_eye-geometry-NORMAL-array" count="30">-0.9101563 0.2734375 0.310791 -0.8999023 0.3347168 0.2785645 -0.878418 0.2817383 0.3857422 -0.902832 0.2973633 0.3100586 -0.8969727 0.3100586 0.3134766 -0.9086914 0.2819824 0.3071289 -0.9291992 0.2243652 0.2929688 -0.9282227 0.2183838 0.3010254 -0.9018555 0.260498 0.3432617 -0.9003906 0.2617188 0.3461914</float_array>
                    <technique_common>
                        <accessor count="10" offset="0" source="pm0550_00_41_body_mesh_shape_lod2_r_eye-geometry-NORMAL-array" stride="3">
                            <param name="X" type="float" />
                            <param name="Y" type="float" />
                            <param name="Z" type="float" />
                        </accessor>
                    </technique_common>
                </source>
                <source id="pm0550_00_41_body_mesh_shape_lod2_r_eye-geometry-TEXCOORD">
                    <float_array id="pm0550_00_41_body_mesh_shape_lod2_r_eye-geometry-TEXCOORD-array" count="20">0.1417852 0.5759823 0.3148936 0.9607143 0.1903581 0.8283284 0.5162046 0.9123458 0.8277985 0.7113589 0.8547762 0.4864662 0.7945595 0.24176 0.6423644 0.06592107 0.3977696 0.04589987 0.1933549 0.2556198</float_array>
                    <technique_common>
                        <accessor count="10" offset="0" source="pm0550_00_41_body_mesh_shape_lod2_r_eye-geometry-TEXCOORD-array" stride="2">
                            <param name="S" type="float" />
                            <param name="T" type="float" />
                        </accessor>
                    </technique_common>
                </source>
                <vertices id="pm0550_00_41_body_mesh_shape_lod2_r_eye-vertices">
                    <input semantic="POSITION" source="#pm0550_00_41_body_mesh_shape_lod2_r_eye-geometry-POSITION" />
                </vertices>
                <triangles count="8" material="r_eye">
                    <input semantic="VERTEX" source="#pm0550_00_41_body_mesh_shape_lod2_r_eye-vertices" offset="0" set="0" />
                    <input semantic="NORMAL" source="#pm0550_00_41_body_mesh_shape_lod2_r_eye-geometry-NORMAL" offset="1" set="0" />
                    <input semantic="TEXCOORD" source="#pm0550_00_41_body_mesh_shape_lod2_r_eye-geometry-TEXCOORD" offset="2" set="0" />
                    <p>0 0 0 1 1 1 2 2 2 3 3 3 1 1 1 0 0 0 4 4 4 3 3 3 0 0 0 5 5 5 4 4 4 0 0 0 0 0 0 6 6 6 5 5 5 7 7 7 6 6 6 0 0 0 8 8 8 7 7 7 0 0 0 0 0 0 9 9 9 8 8 8</p>
                </triangles>
            </mesh>
        </geometry>
        <geometry id="pm0550_00_41_body_mesh_shape_lod2_body_01-geometry" name="pm0550_00_41_body_mesh_shape_lod2_body_01">
            <mesh>
                <source id="pm0550_00_41_body_mesh_shape_lod2_body_01-geometry-POSITION">
                    <float_array id="pm0550_00_41_body_mesh_shape_lod2_body_01-geometry-POSITION-array" count="1425">0.09063569 0.2655614 0.2227835 0.1062676 0.3069765 0.2200969 0.109024 0.279963 0.1866064 0.1202464 0.2781494 0.1915168 0.109024 0.279963 0.1866064 0.1062676 0.3069765 0.2200969 0.09854396 0.4063694 0.2457475 0.1121218 0.4053668 0.2524621 0.0879533 0.3736177 0.2785039 0.09854396 0.4063694 0.2457475 0.0879533 0.3736177 0.2785039 0.07900002 0.4186554 0.2847053 0.06191939 0.2483034 0.2633504 0.08574317 0.2904098 0.2625464 0.09424453 0.2624779 0.2288072 0.02913569 0.2368625 0.2964227 0.05653395 0.2739937 0.3006257 0.06159386 0.2457817 0.2665855 0.03503436 0.2391368 0.3041441 0.06808928 0.2482975 0.2735973 0.05653395 0.2739937 0.3006257 0.06878777 0.3932782 0.3175659 0.05298103 0.4390883 0.3230189 0.0761779 0.4272163 0.2855048 0.06878777 0.3932782 0.3175659 0.06611998 0.4399439 0.3312922 0.05298103 0.4390883 0.3230189 -0.109024 0.279963 0.1866064 -0.1062676 0.3069765 0.2200969 -0.09063569 0.2655614 0.2227835 -0.1062676 0.3069765 0.2200969 -0.109024 0.279963 0.1866064 -0.1202464 0.2781494 0.1915168 -0.1121218 0.4053668 0.2524621 -0.09854396 0.4063694 0.2457475 -0.0879533 0.3736177 0.2785039 -0.09854396 0.4063694 0.2457475 -0.07900002 0.4186554 0.2847053 -0.0879533 0.3736177 0.2785039 -0.09424453 0.2624779 0.2288072 -0.08574317 0.2904098 0.2625464 -0.06191939 0.2483034 0.2633504 -0.06159386 0.2457817 0.2665855 -0.05653395 0.2739937 0.3006257 -0.02913569 0.2368625 0.2964227 -0.05653395 0.2739937 0.3006257 -0.06808928 0.2482975 0.2735973 -0.03503436 0.2391368 0.3041441 -0.0761779 0.4272163 0.2855048 -0.05298103 0.4390883 0.3230189 -0.06878777 0.3932782 0.3175659 -0.06611998 0.4399439 0.3312922 -0.06878777 0.3932782 0.3175659 -0.05298103 0.4390883 0.3230189 0.02913569 0.2368625 0.2964227 0.03503436 0.2391368 0.3041441 0.05653395 0.2739937 0.3006257 0.06808928 0.2482975 0.2735973 0.06159386 0.2457817 0.2665855 -0.05653395 0.2739937 0.3006257 -0.03503436 0.2391368 0.3041441 -0.02913569 0.2368625 0.2964227 -0.06159386 0.2457817 0.2665855 -0.06808928 0.2482975 0.2735973 0.2841663 0.5169484 0.08537415 0.1631046 0.4166767 0.08548465 0.2169048 0.4598642 0.09919263 0.2841663 0.5169484 0.08537415 0.2169227 0.4603284 0.07157374 0.4781407 0.5842463 0.08513717 0.3586132 0.4294555 0.08572838 0.1307283 0.3675117 0.06948362 0.3256714 0.351184 0.08405121 0.3133737 0.2783189 0.08329102 0.2238802 0.2920893 0.090676 0.1610987 0.3302983 0.08385891 0.1590265 0.320586 0.1067893 0.1462141 0.3201102 0.1136926 0.1578453 0.3837515 0.1387499 0.1578453 0.3837515 0.1387499 0.1623528 0.3704775 0.1709163 0.152029 0.4106951 0.1715089 0.1406114 0.333167 0.173173 0.1532234 0.2725993 0.09648142 0.1438098 0.2948281 0.1823034 0.1268608 0.2954645 0.181462 0.09816231 0.2684047 0.2592962 0.1090469 0.2249592 0.1903993 0.08272712 0.1894765 0.1679713 0.08435652 0.1864468 0.1014254 3.84804E-09 0.1529799 0.1077954 1.139453E-08 0.1898287 0.2637982 0.07883798 0.2505173 0.2893242 0.04333146 0.2474536 0.3096937 0.03957989 0.2008709 0.2657712 -2.290403E-09 0.2332808 0.3234448 0.04481826 0.2413308 0.3183141 2.915296E-09 0.2737179 0.3466917 -0.1631046 0.4166767 0.08548465 -0.2841663 0.5169485 0.08537417 -0.2169048 0.4598642 0.09919263 -0.2841663 0.5169485 0.08537417 -0.2169227 0.4603284 0.07157374 -0.4781407 0.5842463 0.08513717 -0.3586132 0.4294555 0.08572838 -0.1307283 0.3675117 0.06948362 -0.3256714 0.351184 0.08405121 -0.3133737 0.2783189 0.08329102 -0.2238802 0.2920893 0.090676 -0.1610987 0.3302983 0.08385891 -0.1590265 0.320586 0.1067893 -0.1578453 0.3837515 0.1387499 -0.1462141 0.3201102 0.1136926 -0.1623528 0.3704775 0.1709163 -0.1578453 0.3837515 0.1387499 -0.152029 0.4106951 0.1715089 -0.1406114 0.333167 0.173173 -0.1532234 0.2725993 0.09648142 -0.1438098 0.2948281 0.1823034 -0.1268608 0.2954645 0.181462 -0.09816231 0.2684047 0.2592962 -0.1090469 0.2249592 0.1903993 -0.08272712 0.1894765 0.1679713 -0.08435652 0.1864468 0.1014254 3.84804E-09 0.1529799 0.1077954 1.139453E-08 0.1898287 0.2637982 -0.07883798 0.2505173 0.2893242 -0.04333146 0.2474536 0.3096937 -0.03957989 0.2008709 0.2657712 -2.290403E-09 0.2332808 0.3234448 -0.04481826 0.2413308 0.3183141 2.915296E-09 0.2737179 0.3466917 0.101791 0.2636643 0.227781 0.1202464 0.2781494 0.1915168 0.1062676 0.3069765 0.2200969 0.09063569 0.2655614 0.2227835 0.09250999 0.417824 0.2915971 0.0879533 0.3736177 0.2785039 0.1121218 0.4053668 0.2524621 0.07900002 0.4186554 0.2847053 0.07601809 0.2522439 0.2698311 0.09424453 0.2624779 0.2288072 0.08574317 0.2904098 0.2625464 0.06191939 0.2483034 0.2633504 0.0761779 0.4272163 0.2855048 0.08942515 0.4281578 0.2935017 0.06878777 0.3932782 0.3175659 0.06611998 0.4399439 0.3312922 -0.101791 0.2636643 0.227781 -0.1062676 0.3069765 0.2200969 -0.1202464 0.2781494 0.1915168 -0.09063569 0.2655614 0.2227835 -0.09250999 0.417824 0.2915971 -0.1121218 0.4053668 0.2524621 -0.0879533 0.3736177 0.2785039 -0.07900002 0.4186554 0.2847053 -0.07601809 0.2522439 0.2698311 -0.08574317 0.2904098 0.2625464 -0.09424453 0.2624779 0.2288072 -0.06191939 0.2483034 0.2633504 -0.06878777 0.3932782 0.3175659 -0.08942515 0.4281578 0.2935017 -0.0761779 0.4272163 0.2855048 -0.06611998 0.4399439 0.3312922 -0.1268608 0.2954645 0.181462 -0.1462141 0.3201102 0.1136926 -0.1406114 0.333167 0.173173 -0.1578453 0.3837515 0.1387499 -0.152029 0.4106951 0.1715089 0.1268608 0.2954645 0.181462 0.1406114 0.333167 0.173173 0.1462141 0.3201102 0.1136926 0.1578453 0.3837515 0.1387499 0.152029 0.4106951 0.1715089 0.04333146 0.2474536 0.3096937 -2.682354E-09 0.2312028 0.3030987 2.915296E-09 0.2737179 0.3466917 0.07032674 0.252262 0.2530013 0.09816231 0.2684047 0.2592962 0.1268608 0.2954645 0.181462 0.1085535 0.2965713 0.1388503 0.1462141 0.3201102 0.1136926 0.1379227 0.3373303 0.07217249 0.07854578 0.3303668 0.07958201 0.1263816 0.3676774 0.1610143 0.1410981 0.336129 0.1769762 0.0879261 0.4137686 0.3101311 0.0759155 0.3610617 0.03325024 0.0421899 0.3433258 0.06293231 7.660791E-10 0.3519374 0.0571281 0.09556778 0.3835166 0.09651417 0.07404048 0.4258051 0.2305235 0.05546102 0.4330068 0.3495518 -4.245134E-09 0.406257 0.07586999 -2.550128E-08 0.4537055 0.3563751 8.643425E-10 0.3810346 0.3813126 -0.05546102 0.4330068 0.3495518 -0.07404048 0.4258051 0.2305235 -0.0879261 0.4137686 0.3101311 3.208699E-31 0.3732288 0.01989323 -0.1263816 0.3676774 0.1610143 -0.1410981 0.336129 0.1769762 -0.1462141 0.3201102 0.1136926 -0.0759155 0.3610617 0.03325024 -0.0421899 0.3433258 0.06293231 -0.07854578 0.3303668 0.07958201 -0.09556778 0.3835166 0.09651417 -0.1379227 0.3373303 0.07217249 -0.1085535 0.2965713 0.1388503 -0.1268608 0.2954645 0.181462 -0.07032674 0.252262 0.2530013 -0.09816231 0.2684047 0.2592962 -0.04333146 0.2474536 0.3096937 -2.682354E-09 0.2312028 0.3030987 2.915296E-09 0.2737179 0.3466917 0.01298542 0.5711754 -0.1185256 1.856081E-09 0.5641379 -0.1303702 7.475893E-10 0.6569197 -0.1698772 0.02027952 0.5995797 -0.04802857 0.01343171 0.6349967 -0.102891 -1.568017E-09 0.6446235 -0.1078609 2.106977E-09 0.7484553 -0.1105025 0.01695918 0.6666945 -0.02104915 -7.435188E-10 0.7509573 -0.1010018 -6.119575E-10 0.6791743 -0.02379916 -2.752605E-09 0.7705483 0.00774255 -1.630745E-09 0.7724916 0.01884035 0.014934 0.6626613 0.0715646 1.197459E-10 0.6740491 0.07225308 0.01724812 0.6178223 0.1064379 5.184624E-10 0.7093858 0.1147299 -1.045394E-09 0.6182457 0.118953 1.856081E-09 0.5641379 -0.1303702 -0.01298542 0.5711754 -0.1185256 7.475893E-10 0.6569197 -0.1698772 -0.02027952 0.5995797 -0.04802857 -0.01343171 0.6349967 -0.102891 -1.568017E-09 0.6446235 -0.1078609 2.106977E-09 0.7484553 -0.1105025 -0.01695918 0.6666945 -0.02104915 -7.435188E-10 0.7509573 -0.1010018 -6.119575E-10 0.6791743 -0.02379916 -2.752605E-09 0.7705483 0.00774255 -1.630745E-09 0.7724916 0.01884035 -0.014934 0.6626613 0.0715646 1.197459E-10 0.6740491 0.07225308 -0.01724812 0.6178223 0.1064379 5.184624E-10 0.7093858 0.1147299 -1.045394E-09 0.6182457 0.118953 -5.436362E-10 0.6168449 -0.2371919 -5.838585E-10 0.5424259 -0.1648839 0.01937482 0.536274 -0.1764427 0.01579504 0.554742 -0.2375499 4.864784E-10 0.5691457 -0.2458232 -2.630283E-09 0.6157178 -0.3606687 0.01741005 0.4271778 -0.3086537 -3.260418E-10 0.6081688 -0.3716286 -2.52399E-09 0.4888488 -0.3881991 -2.561208E-09 0.4198907 -0.3162667 0.01575498 0.482359 -0.3154281 -1.757438E-09 0.4949489 -0.333594 0.01760914 0.2023285 -0.1373895 -1.234028E-30 0.200901 -0.1313885 -3.71297E-09 0.1536654 -0.1435683 0.01769636 0.1119069 -0.1803181 8.588414E-10 0.1041416 -0.1755303 4.352454E-10 0.2717378 -0.298708 6.777893E-10 0.04257847 -0.2682219 -2.832706E-09 0.2332286 -0.3174067 4.138563E-09 0.1585283 -0.2661825 -5.436362E-10 0.6168449 -0.2371919 -0.01937482 0.536274 -0.1764427 -5.838585E-10 0.5424259 -0.1648839 -0.01579504 0.554742 -0.2375499 4.864784E-10 0.5691457 -0.2458232 -2.630283E-09 0.6157178 -0.3606687 -0.01741005 0.4271778 -0.3086537 -3.260418E-10 0.6081688 -0.3716286 -2.561208E-09 0.4198907 -0.3162667 -2.52399E-09 0.4888488 -0.3881991 -0.01575498 0.482359 -0.3154281 -1.757438E-09 0.4949489 -0.333594 -3.71297E-09 0.1536654 -0.1435683 -1.234028E-30 0.200901 -0.1313885 -0.01760914 0.2023285 -0.1373895 -0.01769636 0.1119069 -0.1803181 4.352454E-10 0.2717378 -0.298708 8.588414E-10 0.1041416 -0.1755303 -2.832706E-09 0.2332286 -0.3174067 6.777893E-10 0.04257847 -0.2682219 4.138563E-09 0.1585283 -0.2661825 0.2841663 0.5169484 0.08537415 0.2169048 0.4598642 0.09919263 0.4781407 0.5842463 0.08513717 0.3586132 0.4294555 0.08572838 0.2238802 0.2920893 0.090676 0.3256714 0.351184 0.08405121 0.3133737 0.2783189 0.08329102 0.1299786 0.3700252 0.0980011 0.1631046 0.4166767 0.08548465 0.1610987 0.3302983 0.08385891 0.1307283 0.3675117 0.06948362 -0.2169048 0.4598642 0.09919263 -0.2841663 0.5169485 0.08537417 -0.4781407 0.5842463 0.08513717 -0.3586132 0.4294555 0.08572838 -0.2238802 0.2920893 0.090676 -0.3256714 0.351184 0.08405121 -0.3133737 0.2783189 0.08329102 -0.1299786 0.3700252 0.0980011 -0.1631046 0.4166767 0.08548465 -0.1610987 0.3302983 0.08385891 -0.1307283 0.3675117 0.06948362 0.1410981 0.336129 0.1769762 0.1462141 0.3201102 0.1136926 0.1590265 0.320586 0.1067893 0.131522 0.4253612 0.2420834 0.0879261 0.4137686 0.3101311 0.06154099 0.4379839 0.35771 0.05546102 0.4330068 0.3495518 8.643425E-10 0.3810346 0.3813126 2.52834E-09 0.4443387 0.3737273 9.788384E-09 0.5364298 0.3198799 0.08149011 0.5433636 0.2799162 2.363075E-10 0.6053795 0.2287633 0.09658191 0.6030005 0.1620947 -3.167502E-08 0.6418473 0.0912787 0.09226929 0.5147761 0.2809777 0.09700971 0.6161543 0.08513974 6.26085E-09 0.6393815 -0.004296909 0.1036211 0.566801 0.1942625 0.1082642 0.5763817 0.1327858 0.09307224 0.6123047 -0.01023162 0.1336662 0.5065531 0.1751096 0.08133164 0.5767412 -0.1177171 6.6246E-09 0.5721766 -0.1626307 0.1298018 0.5029286 0.1856528 0.123698 0.4942952 0.2166363 0.1128981 0.4755989 0.258281 0.1086458 0.4704688 0.2664729 0.1065603 0.4651344 0.2757575 0.1126338 0.4791137 0.2555509 0.1217447 0.4968761 0.2173323 0.1447501 0.445424 0.188427 0.1253251 0.5023968 0.1888046 0.1549933 0.4699064 0.01555029 0.1571572 0.3208707 0.01061333 0.1532234 0.2725993 0.09648142 0.09066623 0.440171 -0.2040664 0.1295835 0.3640922 -0.1163886 0.1186513 0.2279791 -0.02466352 0.1191753 0.2806596 -0.1163379 0.0672676 0.3423898 -0.2765217 0.075875 0.256899 -0.2034645 0.0852152 0.1840158 0.02211047 0.08435652 0.1864468 0.1014254 3.84804E-09 0.1529799 0.1077954 -5.593662E-10 0.1583231 -0.01481568 4.685123E-09 0.1691152 -0.1175679 0.07085618 0.2033744 -0.1164744 1.151637E-08 0.2755606 -0.3666601 0.02303438 0.3147538 -0.3662287 -9.881116E-10 0.1914509 -0.5528014 0.01607273 0.3961742 -0.5530533 -9.941408E-10 0.2574022 -0.5883439 -3.622507E-09 0.3185518 -0.600127 -4.599466E-10 0.4312943 -0.5922456 2.887381E-10 0.492346 -0.5631441 -5.192601E-09 0.4815282 -0.531352 0.02228894 0.3556602 -0.3658263 -3.612531E-09 0.4039844 -0.3662176 4.124832E-09 0.4094156 -0.3498191 0.0508811 0.4912699 -0.2410479 -0.1410981 0.336129 0.1769762 -0.1590265 0.320586 0.1067893 -0.1462141 0.3201102 0.1136926 -0.131522 0.4253612 0.2420834 -0.0879261 0.4137686 0.3101311 -0.06154099 0.4379839 0.35771 -0.05546102 0.4330068 0.3495518 8.643425E-10 0.3810346 0.3813126 2.52834E-09 0.4443387 0.3737273 9.788384E-09 0.5364298 0.3198799 -0.08149011 0.5433636 0.2799162 2.363075E-10 0.6053795 0.2287633 -0.09658191 0.6030005 0.1620947 -3.167502E-08 0.6418473 0.0912787 -0.09226929 0.5147761 0.2809777 -0.09700971 0.6161543 0.08513974 6.26085E-09 0.6393815 -0.004296909 -0.1036211 0.566801 0.1942625 -0.1082642 0.5763817 0.1327858 -0.09307224 0.6123047 -0.01023162 -0.1336661 0.5065531 0.1751096 -0.08133164 0.5767412 -0.1177171 6.6246E-09 0.5721766 -0.1626307 -0.1298018 0.5029286 0.1856528 -0.123698 0.4942952 0.2166363 -0.1128981 0.4755989 0.258281 -0.1086458 0.4704688 0.2664729 -0.1065603 0.4651344 0.2757575 -0.1126336 0.4791136 0.2555508 -0.1217443 0.4968758 0.2173321 -0.1447501 0.445424 0.188427 -0.125325 0.5023968 0.1888045 -0.1549933 0.4699064 0.01555029 -0.1571572 0.3208707 0.01061333 -0.1532234 0.2725993 0.09648142 -0.09066623 0.440171 -0.2040664 -0.1295835 0.3640922 -0.1163886 -0.1186513 0.2279791 -0.02466352 -0.1191753 0.2806596 -0.1163379 -0.0672676 0.3423898 -0.2765217 -0.075875 0.256899 -0.2034645 -0.0852152 0.1840158 0.02211047 -0.08435652 0.1864468 0.1014254 3.84804E-09 0.1529799 0.1077954 -5.593662E-10 0.1583231 -0.01481568 4.685123E-09 0.1691152 -0.1175679 -0.07085618 0.2033744 -0.1164744 1.151637E-08 0.2755606 -0.3666601 -0.02303438 0.3147538 -0.3662287 -9.881116E-10 0.1914509 -0.5528014 -0.01607273 0.3961742 -0.5530533 -9.941408E-10 0.2574022 -0.5883439 -3.622507E-09 0.3185518 -0.600127 -4.599466E-10 0.4312943 -0.5922456 2.887381E-10 0.492346 -0.5631441 -5.192601E-09 0.4815282 -0.531352 -0.02228894 0.3556602 -0.3658263 -3.612531E-09 0.4039844 -0.3662176 4.124832E-09 0.4094156 -0.3498191 -0.0508811 0.4912699 -0.2410479 0.09198073 0.3348227 0.1247676 0.1085535 0.2965713 0.1388503 0.07854578 0.3303668 0.07958201 0.0421899 0.3433258 0.06293231 0.07032674 0.252262 0.2530013 -4.517129E-09 0.3576046 0.1270158 7.660791E-10 0.3519374 0.0571281 -0.0421899 0.3433258 0.06293231 7.691466E-10 0.2850346 0.2788441 -2.682354E-09 0.2312028 0.3030987 -0.07032674 0.252262 0.2530013 -0.09198073 0.3348227 0.1247676 -0.07854578 0.3303668 0.07958201 -0.1085535 0.2965713 0.1388503 -0.1126336 0.4791136 0.2555508 -0.05683104 0.4602985 0.228251 -0.1217443 0.4968758 0.2173321 -0.1086458 0.4704688 0.2664729 -0.06280229 0.4833561 0.1974197 -0.04938402 0.4721222 0.2447088 -0.125325 0.5023968 0.1888045 -0.1128981 0.4755989 0.258281 -0.06269477 0.5014122 0.1866679 -0.05346638 0.4889822 0.2394739 -0.1336661 0.5065531 0.1751096 -0.123698 0.4942952 0.2166363 -0.06334841 0.5049885 0.1943207 -0.1298018 0.5029286 0.1856528 0.1086458 0.4704688 0.2664729 0.1126338 0.4791137 0.2555509 0.05683104 0.4602985 0.228251 0.1217447 0.4968761 0.2173323 0.04938402 0.4721222 0.2447088 0.06280229 0.4833561 0.1974197 0.1128981 0.4755989 0.258281 0.1253251 0.5023968 0.1888046 0.05346638 0.4889822 0.2394739 0.06269477 0.5014122 0.1866679 0.123698 0.4942952 0.2166363 0.1336662 0.5065531 0.1751096 0.06334841 0.5049885 0.1943207 0.1298018 0.5029286 0.1856528</float_array>
                    <technique_common>
                        <accessor count="475" offset="0" source="pm0550_00_41_body_mesh_shape_lod2_body_01-geometry-POSITION-array" stride="3">
                            <param name="X" type="float" />
                            <param name="Y" type="float" />
                            <param name="Z" type="float" />
                        </accessor>
                    </technique_common>
                </source>
                <source id="pm0550_00_41_body_mesh_shape_lod2_body_01-geometry-NORMAL">
                    <float_array id="pm0550_00_41_body_mesh_shape_lod2_body_01-geometry-NORMAL-array" count="1137">-0.890625 0.3149414 -0.3273926 0.9433594 0.2744141 0.1845703 0.3666992 0.7382813 -0.5654297 0.878418 0.07055664 0.472168 0.262207 -0.7231445 -0.6381836 0.840332 -0.5219727 0.1431885 0.7929688 -0.3361816 0.5073242 -0.9018555 -0.1223145 -0.4138184 -0.7436523 0.4106445 -0.5273438 -0.6455078 0.5375977 -0.5415039 0.3103027 -0.0960083 0.9453125 0.9160156 -0.008995056 0.4001465 0.6889648 -0.3210449 0.6494141 -0.8574219 -0.2418213 -0.4536133 0.7978516 -0.223999 0.5585938 0.4880371 -0.220459 0.8442383 -0.500061 -0.2705078 0.8222656 0.890625 0.3149414 -0.3273926 -0.878418 0.07055664 0.472168 -0.3666992 0.7382813 -0.5654297 -0.9433594 0.2744141 0.1845703 -0.840332 -0.5219727 0.1431885 -0.262207 -0.7231445 -0.6381836 -0.7929688 -0.3361816 0.5073242 0.9018555 -0.1223145 -0.4138184 0.7436523 0.4106445 -0.5273438 0.6455078 0.5375977 -0.5415039 -0.6889648 -0.3210449 0.6494141 -0.9160156 -0.008995056 0.4001465 -0.3103027 -0.0960083 0.9453125 0.8574219 -0.2418213 -0.4536133 -0.4880371 -0.220459 0.8442383 -0.7978516 -0.223999 0.5585938 0.500061 -0.2705078 0.8222656 -0.7504883 0.5058594 0.4243164 0.328125 0.7504883 -0.5732422 0.7504883 0.5058594 0.4243164 -0.328125 0.7504883 -0.5732422 -0.1384277 0.3840332 0.9125977 -0.7250977 0.6870117 -0.03479004 0.001559258 0.04101563 0.9990234 -0.1435547 0.3918457 -0.9082031 -0.003080368 0.050354 -0.9985352 0.07073975 -0.04013062 -0.996582 0.0824585 -0.0562439 -0.9946289 -0.1056519 -0.04678345 -0.9931641 0.07397461 -0.006511688 -0.9970703 0.0536499 -0.04452515 -0.9975586 -0.1400146 -0.4240723 -0.8945313 -0.5576172 -0.8291016 0.03475952 0.9990234 0.002454758 0.0333252 -0.9829102 0.1777344 0.04632568 -0.9536133 0.1845703 -0.2368164 0.9882813 0.1209106 -0.08862305 0.9355469 -0.05505371 0.3474121 0.9038086 0.2266846 0.3618164 -0.1859131 0.1794434 0.9658203 0.9086914 -0.4162598 0.02107239 0.9194336 -0.263916 0.2905273 0.004936218 0.8427734 0.5375977 0.8647461 -0.3220215 0.3847656 0.7866211 -0.559082 0.2609863 0.4897461 -0.8530273 0.1798096 0.6162109 -0.7861328 0.03982544 0 -0.9951172 0.0970459 0 -0.9487305 0.3151855 0.7094727 -0.4975586 0.4985352 0.470459 0.7460938 0.4707031 0.4387207 -0.8100586 0.3884277 0 -0.6967773 0.7167969 0.4313965 -0.6074219 0.6665039 0 -0.4560547 0.8896484 0.7250977 0.6870117 -0.03479004 0.1384277 0.3840332 0.9125977 -0.001559258 0.04101563 0.9990234 0.1435547 0.3918457 -0.9082031 0.003080368 0.050354 -0.9985352 -0.07073975 -0.04013062 -0.996582 -0.0824585 -0.0562439 -0.9946289 0.1056519 -0.04678345 -0.9931641 -0.07397461 -0.006511688 -0.9970703 -0.0536499 -0.04452515 -0.9975586 0.1400146 -0.4240723 -0.8945313 0.5576172 -0.8291016 0.03475952 -0.9990234 0.002454758 0.0333252 0.9536133 0.1845703 -0.2368164 0.9829102 0.1777344 0.04632568 -0.9355469 -0.05505371 0.3474121 -0.9882813 0.1209106 -0.08862305 -0.9038086 0.2266846 0.3618164 0.1859131 0.1794434 0.9658203 -0.9086914 -0.4162598 0.02107239 -0.9194336 -0.263916 0.2905273 -0.004936218 0.8427734 0.5375977 -0.8647461 -0.3220215 0.3847656 -0.7866211 -0.559082 0.2609863 -0.4897461 -0.8530273 0.1798096 -0.6162109 -0.7861328 0.03982544 -0.7094727 -0.4975586 0.4985352 -0.470459 0.7460938 0.4707031 -0.4387207 -0.8100586 0.3884277 -0.4313965 -0.6074219 0.6665039 0.6347656 0.07080078 0.769043 -0.3720703 0.1992188 0.90625 0.5395508 -0.2895508 0.7900391 -0.4543457 -0.2094727 0.8657227 0.5512695 0.01855469 0.8334961 0.9160156 -0.1634521 0.3659668 0.8793945 -0.1373291 0.454834 -0.4641113 0.2785645 0.840332 0.4177246 -0.6699219 -0.612793 0.8984375 -0.3793945 0.2202148 -0.6347656 0.07080078 0.769043 0.3720703 0.1992188 0.90625 -0.5395508 -0.2895508 0.7900391 0.4543457 -0.2094727 0.8657227 -0.5512695 0.01855469 0.8334961 -0.8793945 -0.1373291 0.454834 -0.9160156 -0.1634521 0.3659668 0.4641113 0.2785645 0.840332 -0.8984375 -0.3793945 0.2202148 -0.4177246 -0.6699219 -0.612793 0.5473633 0.824707 0.1403809 0.9536133 0.2479248 -0.1699219 0.9506836 0.1340332 -0.2790527 -0.5473633 0.824707 0.1403809 -0.9536133 0.2479248 -0.1699219 -0.9506836 0.1340332 -0.2790527 -0.307373 0.9003906 -0.3068848 0 0.9604492 0.2766113 0 0.7158203 -0.6977539 0.3100586 0.8193359 0.4812012 -0.5073242 0.8603516 0.03726196 0.2944336 0.8554688 0.4250488 -0.7631836 -0.005443573 0.6455078 0.1470947 0.9189453 0.3652344 -0.7763672 -0.6274414 0.05136108 0.4970703 -0.7363281 0.458252 -0.6464844 -0.762207 -0.02064514 -0.3806152 -0.5058594 0.7734375 0.1921387 0.9682617 0.159668 0 0.9677734 0.2512207 -0.4255371 -0.8632813 0.2697754 -0.2946777 -0.9448242 0.1425781 -0.3898926 -0.8837891 -0.2578125 0 -0.9560547 0.291748 0 -0.984375 -0.1755371 0 -0.3244629 -0.9458008 0.3898926 -0.8837891 -0.2578125 0.2946777 -0.9448242 0.1425781 0.6464844 -0.762207 -0.02064514 0 -0.3996582 0.9165039 0.7763672 -0.6274414 0.05136108 -0.4970703 -0.7363281 0.458252 0.3806152 -0.5058594 0.7734375 -0.1921387 0.9682617 0.159668 -0.1470947 0.9189453 0.3652344 0.4255371 -0.8632813 0.2697754 0.7631836 -0.005443573 0.6455078 -0.2944336 0.8554688 0.4250488 -0.3100586 0.8193359 0.4812012 0.5073242 0.8603516 0.03726196 0.307373 0.9003906 -0.3068848 0.9736328 0.01167297 -0.2266846 0.7246094 -0.2697754 -0.6337891 0.9838867 0.07403564 -0.1625977 0.9960938 0.06286621 -0.05953979 0.9838867 0.07910156 -0.1577148 0.5620117 0.4145508 -0.715332 0.987793 0.1156616 -0.1004639 0.9902344 0.1350098 -0.01994324 0.9697266 0.2390137 0.04626465 0.6015625 0.784668 -0.147583 0.9707031 0.1965332 -0.1369629 0.9858398 0.1600342 0.04125977 0.9873047 0.1403809 0.0680542 0.5463867 0.6875 0.4772949 0.9731445 0.08459473 0.2137451 0.9555664 0.208374 0.2080078 0.5874023 0.03744507 0.8081055 -0.7246094 -0.2697754 -0.6337891 -0.9736328 0.01167297 -0.2266846 -0.9838867 0.07403564 -0.1625977 -0.9960938 0.06286621 -0.05953979 -0.9838867 0.07910156 -0.1577148 -0.5620117 0.4145508 -0.715332 -0.987793 0.1156616 -0.1004639 -0.9902344 0.1350098 -0.01994324 -0.9697266 0.2390137 0.04626465 -0.6015625 0.784668 -0.147583 -0.9707031 0.1965332 -0.1369629 -0.9858398 0.1600342 0.04125977 -0.9873047 0.1403809 0.0680542 -0.5463867 0.6875 0.4772949 -0.9731445 0.08459473 0.2137451 -0.9555664 0.208374 0.2080078 -0.5874023 0.03744507 0.8081055 0.9458008 0.3205566 0.04711914 0.5444336 0.5844727 0.6015625 0.9663086 0.2220459 0.1293945 0.9902344 0.1286621 -0.04428101 0.6748047 0.737793 -0.004116058 0.9838867 0.1711426 -0.04147339 0.9658203 -0.1286621 -0.2230225 0.9912109 0.08129883 -0.1005249 0.9624023 0.002437592 -0.2702637 0.5170898 -0.6176758 -0.5917969 0.9907227 0.05264282 -0.1236572 0.7797852 0.07995605 -0.6206055 0.9990234 0.02032471 -0.02441406 0.3303223 -0.2355957 0.9135742 0.6254883 -0.3317871 0.7055664 0.996582 -0.07385254 -0.03112793 0.4533691 -0.6728516 0.5839844 0.9946289 0.04360962 -0.08978271 0.9838867 -0.02757263 -0.1762695 0.9936523 0.02464294 -0.1064453 0.9609375 -0.1043091 -0.2546387 -0.9458008 0.3205566 0.04711914 -0.9663086 0.2220459 0.1293945 -0.5444336 0.5844727 0.6015625 -0.9902344 0.1286621 -0.04428101 -0.6748047 0.737793 -0.004116058 -0.9838867 0.1711426 -0.04147339 -0.9658203 -0.1286621 -0.2230225 -0.9912109 0.08129883 -0.1005249 -0.5170898 -0.6176758 -0.5917969 -0.9624023 0.002437592 -0.2702637 -0.9907227 0.05264282 -0.1236572 -0.7797852 0.07995605 -0.6206055 -0.6254883 -0.3317871 0.7055664 -0.3303223 -0.2355957 0.9135742 -0.9990234 0.02032471 -0.02441406 -0.996582 -0.07385254 -0.03112793 -0.9946289 0.04360962 -0.08978271 -0.4533691 -0.6728516 0.5839844 -0.9936523 0.02464294 -0.1064453 -0.9838867 -0.02757263 -0.1762695 -0.9609375 -0.1043091 -0.2546387 0.06835938 -0.03096008 0.9970703 0.08319092 -0.05569458 0.9946289 0.06384277 -0.05136108 0.996582 0.09527588 -0.05276489 0.9936523 0.07855225 -0.02365112 0.996582 -0.1262207 -0.03762817 0.9912109 -0.06835938 -0.03096008 0.9970703 -0.08319092 -0.05569458 0.9946289 -0.06384277 -0.05136108 0.996582 -0.09527588 -0.05276489 0.9936523 -0.07855225 -0.02365112 0.996582 0.1262207 -0.03762817 0.9912109 0.909668 -0.09289551 0.4040527 0.8388672 -0.185791 0.5107422 0.4770508 0.3266602 0.8154297 0.4677734 -0.8652344 0.1790771 0 0.0949707 0.9951172 0 0.3691406 0.9291992 0 0.6494141 0.7597656 0.4208984 0.6757813 0.6044922 0 0.902832 0.4289551 0.3840332 0.8745117 0.295166 0 0.9926758 0.1179199 0.8417969 0.284668 0.4584961 0.6948242 0.7182617 0.02772522 0 0.9765625 -0.2139893 0.8833008 0.3864746 0.2644043 0.9326172 0.3547363 0.06286621 0.7231445 0.6645508 -0.1876221 0.949707 0.2973633 0.09503174 0.7290039 0.5654297 -0.3852539 0 0.8432617 -0.5366211 0.8876953 0.326416 0.3234863 0.875 0.3728027 0.3085938 0.890625 0.2484131 0.3803711 0.8691406 0.2191162 0.442627 0.8535156 0.1519775 0.4980469 0.90625 0.2297363 0.3547363 0.9238281 0.2600098 0.2797852 0.9863281 0.08721924 0.1365967 0.8920898 0.302002 0.3349609 0.9726563 0.1905518 -0.1290283 0.984375 -0.1027832 -0.1402588 0.9038086 0.1983643 -0.3789063 0.9555664 0.02153015 -0.2929688 0.8481445 -0.5073242 -0.1500244 0.9189453 -0.2663574 -0.2900391 0.9003906 -0.09216309 -0.4245605 0.796875 -0.4645996 -0.3852539 0.5649414 -0.8232422 -0.04968262 0 -0.996582 -0.07873535 0 -0.9501953 -0.3105469 0.5595703 -0.7749023 -0.2924805 0 -0.9746094 -0.2233887 0.9829102 -0.1513672 -0.1021118 0.9931641 -0.09448242 -0.06646729 0.9960938 0.02203369 -0.08441162 0.9848633 -0.07495117 -0.1538086 0.9609375 -0.03265381 -0.2741699 0.9462891 0.08660889 -0.3103027 0.9848633 0.1575928 -0.0668335 0.9790039 0.199585 0.03111267 0.9580078 0.2020264 -0.2020264 0 0.9277344 0.3723145 0 0.6479492 -0.7612305 0.5454102 0.5654297 -0.6181641 -0.909668 -0.09289551 0.4040527 -0.8388672 -0.185791 0.5107422 -0.4770508 0.3266602 0.8154297 -0.4677734 -0.8652344 0.1790771 -0.4208984 0.6757813 0.6044922 -0.3840332 0.8745117 0.295166 -0.8417969 0.284668 0.4584961 -0.6948242 0.7182617 0.02772522 -0.8833008 0.3864746 0.2644043 -0.9326172 0.3547363 0.06286621 -0.7231445 0.6645508 -0.1876221 -0.949707 0.2973633 0.09503174 -0.7290039 0.5654297 -0.3852539 -0.8876953 0.326416 0.3234863 -0.875 0.3728027 0.3085938 -0.890625 0.2484131 0.3803711 -0.8691406 0.2191162 0.442627 -0.8535156 0.1520996 0.4980469 -0.90625 0.2297363 0.3547363 -0.9238281 0.2600098 0.2797852 -0.9863281 0.08721924 0.1365967 -0.8920898 0.302002 0.3349609 -0.9726563 0.1905518 -0.1290283 -0.984375 -0.1027832 -0.1402588 -0.9038086 0.1983643 -0.3789063 -0.9555664 0.02153015 -0.2929688 -0.8481445 -0.5073242 -0.1500244 -0.9189453 -0.2663574 -0.2900391 -0.9003906 -0.09216309 -0.4245605 -0.796875 -0.4645996 -0.3852539 -0.5649414 -0.8232422 -0.04968262 -0.5595703 -0.7749023 -0.2924805 -0.9829102 -0.1513672 -0.1021118 -0.9931641 -0.09448242 -0.06646729 -0.9960938 0.02203369 -0.08441162 -0.9848633 -0.07495117 -0.1538086 -0.9609375 -0.03265381 -0.2741699 -0.9462891 0.08660889 -0.3103027 -0.9848633 0.1575928 -0.0668335 -0.9790039 0.199585 0.03111267 -0.9580078 0.2020264 -0.2020264 -0.5454102 0.5654297 -0.6181641 0.4428711 0.8398438 0.3137207 0 0.9472656 0.3203125 0 0.7680664 0.6401367 -0.4428711 0.8398438 0.3137207 0.4423828 0.8334961 0.3295898 0.2521973 0.949707 0.1834717 0.3586426 0.8881836 0.286377 0.6157227 0.7407227 -0.2683105 0.2727051 0.7666016 0.5810547 -0.2729492 0.3791504 -0.8837891 0.1539307 0.9482422 0.2763672 0.01831055 -0.8823242 -0.4694824 -0.02159119 0.1524658 0.987793 -0.01517487 -0.8383789 -0.5439453 0.8203125 0.5683594 0.05871582 0.06036377 -0.934082 -0.3510742 0.02230835 -0.9707031 -0.237793 0.0690918 -0.949707 -0.3041992 -0.6157227 0.7407227 -0.2683105 -0.4423828 0.8334961 0.3295898 -0.2521973 0.949707 0.1834717 -0.3586426 0.8881836 0.286377 0.2729492 0.3791504 -0.8837891 -0.2727051 0.7666016 0.5810547 -0.01831055 -0.8823242 -0.4694824 -0.1540527 0.9482422 0.2763672 0.01517487 -0.8383789 -0.5439453 0.02159119 0.1524658 0.987793 -0.06036377 -0.934082 -0.3510742 -0.8203125 0.5683594 0.05865479 -0.02230835 -0.9707031 -0.237793 -0.0690918 -0.949707 -0.3041992</float_array>
                    <technique_common>
                        <accessor count="379" offset="0" source="pm0550_00_41_body_mesh_shape_lod2_body_01-geometry-NORMAL-array" stride="3">
                            <param name="X" type="float" />
                            <param name="Y" type="float" />
                            <param name="Z" type="float" />
                        </accessor>
                    </technique_common>
                </source>
                <source id="pm0550_00_41_body_mesh_shape_lod2_body_01-geometry-TEXCOORD">
                    <float_array id="pm0550_00_41_body_mesh_shape_lod2_body_01-geometry-TEXCOORD-array" count="906">0.9338499 0.7444011 0.9564714 0.7594532 0.9338881 0.7711963 0.9354095 0.7749501 0.8814372 0.7711988 0.8830621 0.7668262 0.9056696 0.7869128 0.8815801 0.7991824 0.9338251 0.8220874 0.9564288 0.8376884 0.9359661 0.8528305 0.9346928 0.8967369 0.9564389 0.9118721 0.9348534 0.9235434 0.9763274 0.9335031 0.9761721 0.964911 0.9576236 0.9509346 0.890044 0.8732235 0.8651276 0.8890929 0.8654727 0.8608555 0.866716 0.8935739 0.06611186 0.7711963 0.04352862 0.7594532 0.06615007 0.7444011 0.06459045 0.7749501 0.1169379 0.7668262 0.1185628 0.7711987 0.09433043 0.7869128 0.1184199 0.7991824 0.06403387 0.8528305 0.04357117 0.8376884 0.06617488 0.8220874 0.06514657 0.9235434 0.0435611 0.9118721 0.0653072 0.8967369 0.0423764 0.9509346 0.02382791 0.964911 0.02367258 0.9335031 0.1345273 0.8608555 0.1348724 0.8890929 0.109956 0.8732235 0.133284 0.8935739 0.9377351 0.8944406 0.9378904 0.9258485 0.06226492 0.8944406 0.06210957 0.9258485 0.8633406 0.3825024 0.9289876 0.3121607 0.9015604 0.3470352 0.8969874 0.3412654 0.752836 0.4464427 0.8076837 0.3396384 0.9376742 0.2788709 0.8190631 0.2887612 0.8187692 0.2428104 0.8746047 0.2413867 0.9185354 0.2547596 0.8343478 0.5168045 0.8269593 0.5197518 0.7993937 0.4924085 0.8088494 0.4732826 0.7842219 0.4733571 0.8325784 0.4639856 0.8637058 0.5234375 0.8580716 0.4681211 0.8553043 0.4577788 0.8943105 0.419415 0.9078134 0.469106 0.9332744 0.4841384 0.933634 0.5234375 0.9882813 0.5234375 0.9757438 0.4204258 0.914354 0.4045238 0.929051 0.3836505 0.9516683 0.4225792 0.9617503 0.3772599 0.9352537 0.3858842 0.9476753 0.3512791 0.07101241 0.3121607 0.1366594 0.3825024 0.09843957 0.3470352 0.1030126 0.3412654 0.247164 0.4464427 0.1923164 0.3396384 0.06232584 0.2788709 0.1809369 0.2887612 0.1812308 0.2428104 0.1253952 0.2413867 0.08146459 0.2547596 0.1656522 0.5168045 0.2006063 0.4924085 0.1730407 0.5197518 0.1911506 0.4732826 0.2157781 0.4733571 0.1674217 0.4639856 0.1362942 0.5234375 0.1419284 0.4681211 0.1446957 0.4577788 0.1056895 0.419415 0.09218664 0.4691061 0.06672563 0.4841384 0.06636593 0.5234375 0.01171875 0.5234375 0.02425619 0.4204258 0.08564603 0.4045238 0.07094892 0.3836505 0.04833169 0.4225792 0.03824968 0.3772599 0.06474628 0.3858842 0.05232465 0.3512791 0.9760041 0.783551 0.9759752 0.8101903 0.9536849 0.7985159 0.9747816 0.7797146 0.9113886 0.8499636 0.8872992 0.8376941 0.9115316 0.8219802 0.9097635 0.8544286 0.9773902 0.8590652 0.9780964 0.8879867 0.9576337 0.8728447 0.9783106 0.8541738 0.9102453 0.8953766 0.911871 0.899918 0.8872997 0.9122859 0.9122162 0.9281554 0.02399594 0.783551 0.04631513 0.7985159 0.02402477 0.8101903 0.02521843 0.7797146 0.08861142 0.8499636 0.08846843 0.8219802 0.1127008 0.8376941 0.09023654 0.8544286 0.02260983 0.8590652 0.04236633 0.8728447 0.02190363 0.8879867 0.02168941 0.8541738 0.1127003 0.9122859 0.08812904 0.899918 0.0897547 0.8953766 0.08778383 0.9281554 0.0162158 0.5429688 0.06321311 0.5429688 0.03044093 0.5628673 0.0569905 0.5841787 0.04572105 0.6055607 0.9837842 0.5429688 0.9695591 0.5628673 0.9367869 0.5429688 0.9430095 0.5841787 0.9542789 0.6055607 0.7482986 0.1998018 0.7748559 0.1858666 0.7748559 0.2197927 0.7127305 0.1800683 0.7050384 0.1971532 0.6518826 0.2043112 0.6264531 0.1894263 0.6079077 0.218488 0.5847417 0.2091101 0.5710945 0.1729455 0.5901973 0.2673725 0.6099952 0.2687518 0.5601861 0.3707688 0.5443091 0.1959209 0.5362293 0.1647049 0.5 0.1627992 0.5583644 0.2359194 0.5485484 0.3223351 0.5353834 0.3993415 0.5 0.2309639 0.5 0.39767 0.5 0.4346163 0.4646166 0.3993415 0.4514516 0.3223351 0.4398139 0.3707688 0.5 0.19356 0.4098027 0.2673725 0.3900048 0.2687518 0.3920923 0.218488 0.4556909 0.1959209 0.4637707 0.1647049 0.4289055 0.1729456 0.4416356 0.2359194 0.4152583 0.2091101 0.3735469 0.1894263 0.3481174 0.2043112 0.2872694 0.1800683 0.2949616 0.1971532 0.2517014 0.1998018 0.2251441 0.1858666 0.2251441 0.2197927 0.678702 0.01171875 0.6883764 0.01171875 0.6945482 0.06771934 0.6286948 0.01171875 0.6567888 0.04385078 0.6606737 0.05335796 0.6440195 0.1121538 0.6015625 0.05021203 0.6377985 0.1130239 0.6015625 0.06301677 0.572499 0.111621 0.5650994 0.1109911 0.5439125 0.03996587 0.5396342 0.0505538 0.5255733 0.01171875 0.5128703 0.06409752 0.514348 0.01171875 0.3116236 0.01171875 0.321298 0.01171875 0.3054518 0.06771934 0.3713052 0.01171875 0.3432112 0.04385078 0.3393263 0.05335796 0.3559805 0.1121538 0.3984375 0.05021203 0.3622015 0.1130239 0.3984375 0.06301677 0.4275009 0.111621 0.4349007 0.1109911 0.4560875 0.03996587 0.4603657 0.0505538 0.4744268 0.01171875 0.4871297 0.06409752 0.485652 0.01171875 0.8086553 0.09666157 0.8160927 0.15625 0.8036836 0.15625 0.7809105 0.1252271 0.7843665 0.1120266 0.7451187 0.04779971 0.6947498 0.15625 0.7372249 0.04784763 0.6783893 0.09937632 0.6843394 0.15625 0.7140427 0.1290495 0.7087407 0.1134369 0.7690452 0.2521119 0.7782725 0.2521119 0.7798158 0.2810529 0.7647364 0.3121684 0.7726452 0.3162487 0.6606201 0.2521119 0.7304665 0.3728881 0.6582195 0.2772661 0.7035073 0.3069882 0.1913447 0.09666157 0.1963164 0.15625 0.1839073 0.15625 0.2190895 0.1252271 0.2156335 0.1120266 0.2548813 0.04779971 0.3052501 0.15625 0.2627751 0.04784763 0.3156606 0.15625 0.3216107 0.09937632 0.2859574 0.1290495 0.2912593 0.1134369 0.2201842 0.2810529 0.2217275 0.2521119 0.2309548 0.2521119 0.2352636 0.3121684 0.3393799 0.2521119 0.2273548 0.3162487 0.3417805 0.2772661 0.2695335 0.3728881 0.2964927 0.3069882 0.9063092 0.07452893 0.9399561 0.1157659 0.7958047 0.01058871 0.8506523 0.117393 0.9175735 0.2156446 0.8620318 0.1682701 0.861738 0.2142209 0.9806429 0.1781603 0.9719563 0.1448706 0.9615041 0.2022717 0.9882813 0.1796875 0.06004393 0.1157659 0.09369069 0.07452893 0.2041953 0.01058865 0.1493476 0.117393 0.08242655 0.2156446 0.1379682 0.1682701 0.1382621 0.2142209 0.01935709 0.1781603 0.02804375 0.1448706 0.03849588 0.2022717 0.01171875 0.1796875 0.7415634 0.4944682 0.753744 0.5255528 0.7519728 0.5332043 0.6784135 0.4594096 0.6748183 0.4059277 0.6471804 0.3805596 0.6524287 0.3779181 0.6555554 0.3311288 0.6222855 0.351658 0.5731034 0.3980814 0.6005032 0.4435544 0.5329149 0.4622909 0.5758541 0.5162648 0.5124383 0.5707086 0.6179402 0.4404451 0.5716956 0.5705032 0.5248878 0.6406257 0.5955867 0.4957261 0.5944343 0.5332276 0.5804605 0.629487 0.6231667 0.503343 0.6059802 0.691366 0.5845718 0.7417861 0.6197488 0.497085 0.6256537 0.4776656 0.6330434 0.4511778 0.6385312 0.4467151 0.6500813 0.4392031 0.6541786 0.4548475 0.6563511 0.4794002 0.6730515 0.4936005 0.6436146 0.4950036 0.6687554 0.6010787 0.757713 0.5957875 0.7855897 0.5429689 0.6921068 0.7367414 0.7358969 0.6768447 0.8171403 0.6197773 0.785913 0.6754258 0.753989 0.7797885 0.8050646 0.7324527 0.851826 0.5930522 0.8555216 0.5429688 0.9101563 0.5429688 0.9013551 0.6257542 0.8847681 0.690773 0.8396517 0.6801004 0.8032466 0.8408247 0.7752044 0.8407907 0.857712 0.9516358 0.7327451 0.9591179 0.8184602 0.9757466 0.7821705 0.9845122 0.712873 0.9842929 0.674588 0.969647 0.679251 0.9502645 0.7494574 0.8423628 0.7168986 0.8467894 0.7115972 0.8391854 0.65964 0.7671865 0.2584366 0.4944682 0.2480272 0.5332043 0.2462561 0.5255528 0.3215865 0.4594096 0.3251817 0.4059277 0.3528196 0.3805596 0.3475713 0.3779181 0.3444447 0.3311288 0.3777145 0.351658 0.4268966 0.3980814 0.3994968 0.4435544 0.4670851 0.4622909 0.4241459 0.5162648 0.4875617 0.5707086 0.3820598 0.4404451 0.4283044 0.5705032 0.4751122 0.6406257 0.4044133 0.4957261 0.4055657 0.5332276 0.4195395 0.629487 0.3768334 0.503343 0.3940198 0.691366 0.4154282 0.7417861 0.3802512 0.497085 0.3743463 0.4776656 0.3669565 0.4511778 0.3614688 0.4467151 0.3499187 0.4392031 0.3458213 0.4548475 0.3436489 0.4794002 0.3269485 0.4936005 0.3563854 0.4950036 0.3312445 0.6010788 0.242287 0.5957875 0.2144103 0.5429688 0.3078931 0.7367414 0.2641031 0.6768447 0.1828597 0.6197773 0.214087 0.6754258 0.246011 0.7797885 0.1949355 0.7324527 0.1481741 0.5930522 0.1444784 0.5429688 0.08984375 0.5429688 0.09864485 0.6257543 0.1152319 0.690773 0.1603482 0.6801004 0.1967534 0.8408247 0.2247956 0.8407907 0.142288 0.9516358 0.2672549 0.9591179 0.1815398 0.9757466 0.2178295 0.9845122 0.287127 0.9842929 0.3254121 0.969647 0.3207491 0.9502645 0.2505426 0.8423628 0.2831014 0.8467894 0.2884027 0.8391854 0.34036 0.7671865 0.5554529 0.8345792 0.5740966 0.8170626 0.5524452 0.862029 0.5279168 0.8746408 0.5473703 0.7383021 0.5 0.8363893 0.5 0.8789063 0.4720832 0.8746408 0.5 0.7380825 0.5 0.706483 0.4526297 0.7383021 0.4445471 0.8345792 0.4475548 0.862029 0.4259034 0.8170626 0.3526695 0.8946604 0.3743329 0.9146581 0.3418358 0.9370511 0.3962041 0.8730469 0.379201 0.9374877 0.4019897 0.9063023 0.3659323 0.9687766 0.4318208 0.8845118 0.4013125 0.9447608 0.4199516 0.9125656 0.4102049 0.9785155 0.4555097 0.9251009 0.4270914 0.937093 0.4450725 0.9588993 0.6037959 0.8730469 0.6473305 0.8946604 0.6256671 0.9146581 0.6581643 0.9370511 0.5980103 0.9063023 0.6207989 0.9374877 0.5681792 0.8845118 0.6340678 0.9687766 0.5800484 0.9125656 0.5986875 0.9447608 0.5444903 0.9251009 0.5897951 0.9785155 0.5729086 0.937093 0.5549275 0.9588993</float_array>
                    <technique_common>
                        <accessor count="453" offset="0" source="pm0550_00_41_body_mesh_shape_lod2_body_01-geometry-TEXCOORD-array" stride="2">
                            <param name="S" type="float" />
                            <param name="T" type="float" />
                        </accessor>
                    </technique_common>
                </source>
                <vertices id="pm0550_00_41_body_mesh_shape_lod2_body_01-vertices">
                    <input semantic="POSITION" source="#pm0550_00_41_body_mesh_shape_lod2_body_01-geometry-POSITION" />
                </vertices>
                <triangles count="480" material="body_01">
                    <input semantic="VERTEX" source="#pm0550_00_41_body_mesh_shape_lod2_body_01-vertices" offset="0" set="0" />
                    <input semantic="NORMAL" source="#pm0550_00_41_body_mesh_shape_lod2_body_01-geometry-NORMAL" offset="1" set="0" />
                    <input semantic="TEXCOORD" source="#pm0550_00_41_body_mesh_shape_lod2_body_01-geometry-TEXCOORD" offset="2" set="0" />
                    <p>0 0 0 1 0 1 2 0 2 3 1 3 4 2 2 5 3 1 6 4 4 7 5 5 8 6 6 9 7 4 10 7 6 11 7 7 12 8 8 13 8 9 14 8 10 15 9 11 16 9 12 17 9 13 18 10 14 19 11 15 20 12 16 21 13 17 22 13 18 23 13 19 24 14 17 25 15 20 26 16 18 27 17 21 28 17 22 29 17 23 30 18 22 31 19 21 32 20 24 33 21 25 34 22 26 35 23 27 36 24 26 37 24 28 38 24 27 39 25 29 40 25 30 41 25 31 42 26 32 43 26 33 44 26 34 45 27 35 46 28 36 47 29 37 48 30 38 49 30 39 50 30 40 51 31 41 52 32 40 53 33 39 54 34 11 55 10 42 56 12 12 57 11 43 58 35 13 56 12 12 59 27 33 60 29 44 61 36 34 59 27 33 62 37 32 63 28 45 64 38 46 65 39 47 66 40 48 65 39 47 67 41 46 68 42 49 68 42 49 67 41 46 69 43 50 70 44 51 68 42 49 69 43 50 65 39 47 68 42 49 71 45 52 71 45 52 68 42 49 70 44 51 70 44 51 72 46 53 71 45 52 72 46 53 73 47 54 71 45 52 73 47 54 74 48 55 71 45 52 74 48 55 75 49 56 71 45 52 76 50 57 77 51 58 78 52 59 79 53 59 80 54 60 76 50 57 80 54 60 79 53 59 81 55 61 81 55 61 82 56 62 80 54 60 80 54 60 83 57 63 76 50 57 80 54 60 82 56 62 84 58 64 80 54 60 84 58 64 83 57 63 84 58 64 82 56 62 85 59 65 85 59 65 86 60 66 84 58 64 84 58 64 87 61 67 83 57 63 86 60 66 87 61 67 84 58 64 83 57 63 87 61 67 88 62 68 88 62 68 89 63 69 83 57 63 89 63 69 88 62 68 90 64 70 90 64 70 88 62 68 91 65 71 87 61 67 86 60 66 92 66 72 92 66 72 86 60 66 93 67 73 88 62 68 87 61 67 94 68 74 91 65 71 88 62 68 94 68 74 87 61 67 92 66 72 94 68 74 94 68 74 95 69 75 91 65 71 96 70 76 92 66 72 93 67 73 94 68 74 92 66 72 96 70 76 96 70 76 95 69 75 94 68 74 97 71 77 96 70 76 93 67 73 97 71 77 95 69 75 96 70 76 98 72 78 99 73 79 100 74 80 101 75 79 98 72 78 102 76 81 101 75 79 102 76 81 103 77 82 103 77 82 102 76 81 104 78 83 105 79 84 102 76 81 98 72 78 104 78 83 102 76 81 105 79 84 106 80 85 104 78 83 105 79 84 107 81 86 106 80 85 105 79 84 108 82 87 107 81 86 105 79 84 108 82 87 105 79 84 109 83 88 110 84 89 111 85 90 112 86 91 110 84 89 113 87 92 114 88 90 115 89 93 114 88 90 113 87 92 113 87 92 116 90 94 115 89 93 113 87 92 110 84 89 117 91 95 118 92 96 116 90 94 113 87 92 118 92 96 113 87 92 117 91 95 119 93 97 116 90 94 118 92 96 120 94 98 119 93 97 118 92 96 121 95 99 118 92 96 117 91 95 118 92 96 121 95 99 120 94 98 117 91 95 122 96 100 121 95 99 117 91 95 123 97 101 122 96 100 123 97 101 124 64 102 122 96 100 122 96 100 124 64 102 125 65 103 120 94 98 121 95 99 126 98 104 127 99 105 120 94 98 126 98 104 128 100 106 121 95 99 122 96 100 128 100 106 122 96 100 125 65 103 121 95 99 128 100 106 126 98 104 128 100 106 125 65 103 129 69 107 126 98 104 130 101 108 127 99 105 126 98 104 128 100 106 130 101 108 129 69 107 130 101 108 128 100 106 127 99 105 130 101 108 131 71 109 131 71 109 130 101 108 129 69 107 132 102 110 133 1 111 134 3 112 134 3 112 135 103 113 132 102 110 136 104 114 137 6 115 138 5 116 137 6 115 136 104 114 139 105 117 140 106 118 141 107 119 142 108 120 143 109 121 140 106 118 142 108 120 144 110 122 145 111 123 146 14 124 147 15 125 146 14 124 145 111 123 148 112 126 149 18 127 150 20 128 149 18 127 148 112 126 151 113 129 152 114 130 153 21 131 154 23 132 152 114 130 154 23 132 155 115 133 156 116 134 157 117 135 158 118 136 157 117 135 156 116 134 159 119 137 160 32 138 161 120 139 162 121 140 163 31 141 161 120 139 160 32 138 164 122 142 165 86 143 166 123 144 166 123 144 165 86 143 167 85 145 168 124 146 166 123 144 167 85 145 169 125 147 170 126 148 171 51 149 171 51 149 170 126 148 172 52 150 170 126 148 173 127 151 172 52 150 174 128 152 175 129 153 176 130 154 174 128 152 177 131 155 175 129 153 178 132 156 177 131 155 174 128 152 177 131 155 178 132 156 179 125 157 177 131 155 179 125 157 180 133 158 181 51 159 180 133 158 179 125 157 181 51 159 182 134 160 180 133 158 180 133 158 182 134 160 183 135 161 182 134 160 181 51 159 184 136 162 184 136 162 181 51 159 185 137 163 186 138 164 184 136 162 185 137 163 183 135 161 182 134 160 187 139 165 183 135 161 187 139 165 188 140 166 187 139 165 189 141 167 188 140 166 184 136 162 190 142 168 182 134 160 182 134 160 190 142 168 187 139 165 191 143 169 184 136 162 186 138 164 190 142 168 184 136 162 191 143 169 192 144 170 191 143 169 186 138 164 190 142 168 193 145 171 187 139 165 190 142 168 191 143 169 193 145 171 192 144 170 194 146 172 191 143 169 193 145 171 191 143 169 194 146 172 195 147 173 194 146 172 192 144 170 195 147 173 196 148 174 194 146 172 194 146 172 196 148 174 197 149 175 197 149 175 193 145 171 194 146 172 196 148 174 198 150 176 197 149 175 199 151 177 187 139 165 193 145 171 199 151 177 189 141 167 187 139 165 197 149 175 198 150 176 200 152 178 200 152 178 198 150 176 201 153 179 201 153 179 202 86 180 200 152 178 199 151 177 203 154 181 189 141 167 193 145 171 203 154 181 199 151 177 189 141 167 203 154 181 204 155 182 205 156 183 204 155 182 203 154 181 206 157 184 193 145 171 197 149 175 203 154 181 193 145 171 206 157 184 200 152 178 206 157 184 197 149 175 207 158 185 205 156 183 203 154 181 203 154 181 206 157 184 207 158 185 207 158 185 206 157 184 200 152 178 200 152 178 202 86 180 207 158 185 208 159 186 205 156 183 207 158 185 202 86 180 208 159 186 207 158 185 202 86 180 209 122 187 208 159 186 208 159 186 209 122 187 210 160 188 211 161 189 210 160 188 209 122 187 212 162 190 210 160 188 211 161 189 213 129 191 210 160 188 212 162 190 213 129 191 212 162 190 214 130 192 215 163 193 216 164 194 217 165 195 215 163 193 217 165 195 218 166 196 218 166 196 217 165 195 219 167 197 217 165 195 220 168 198 219 167 197 221 169 199 219 167 197 220 168 198 221 169 199 222 170 200 219 167 197 218 166 196 219 167 197 222 170 200 223 171 201 222 170 200 221 169 199 223 171 201 224 172 202 222 170 200 222 170 200 224 172 202 225 173 203 225 173 203 226 174 204 222 170 200 227 175 205 218 166 196 222 170 200 227 175 205 222 170 200 226 174 204 226 174 204 228 176 206 227 175 205 229 177 207 218 166 196 227 175 205 230 178 208 227 175 205 228 176 206 227 175 205 230 178 208 229 177 207 230 178 208 231 179 209 229 177 207 232 180 210 233 181 211 234 182 212 235 183 213 234 182 212 233 181 211 236 184 214 234 182 212 235 183 213 237 185 215 234 182 212 236 184 214 237 185 215 236 184 214 238 186 216 236 184 214 239 187 217 238 186 216 239 187 217 236 184 214 235 183 213 240 188 218 238 186 216 239 187 217 241 189 219 240 188 218 239 187 217 241 189 219 239 187 217 242 190 220 239 187 217 243 191 221 242 190 220 235 183 213 244 192 222 239 187 217 243 191 221 239 187 217 244 192 222 243 191 221 244 192 222 245 193 223 246 194 224 244 192 222 235 183 213 245 193 223 244 192 222 247 195 225 247 195 225 244 192 222 246 194 224 247 195 225 246 194 224 248 196 226 249 197 227 250 198 228 251 199 229 252 200 230 249 197 227 251 199 229 249 197 227 252 200 230 253 201 231 254 202 232 253 201 231 252 200 230 251 199 229 255 203 233 252 200 230 256 204 234 254 202 232 252 200 230 257 205 235 255 203 233 258 206 236 256 204 234 252 200 230 259 207 237 252 200 230 255 203 233 259 207 237 255 203 233 257 205 235 259 207 237 256 204 234 259 207 237 260 208 238 257 205 235 260 208 238 259 207 237 261 209 239 262 210 240 263 211 241 261 209 239 263 211 241 264 212 242 264 212 242 263 211 241 265 213 243 266 214 244 261 209 239 264 212 242 265 213 243 267 215 245 264 212 242 266 214 244 264 212 242 268 216 246 269 217 247 264 212 242 267 215 245 268 216 246 264 212 242 269 217 247 270 218 248 271 219 249 272 220 250 270 218 248 273 221 251 271 219 249 274 222 252 273 221 251 270 218 248 273 221 251 274 222 252 275 223 253 271 219 249 273 221 251 276 224 254 277 225 255 273 221 251 275 223 253 278 226 256 276 224 254 279 227 257 280 228 258 273 221 251 277 225 255 276 224 254 273 221 251 280 228 258 280 228 258 279 227 257 276 224 254 277 225 255 281 229 259 280 228 258 281 229 259 279 227 257 280 228 258 282 230 260 283 231 261 284 232 262 285 233 263 282 230 260 284 232 262 284 232 262 286 234 264 285 233 263 287 235 265 282 230 260 285 233 263 286 234 264 288 236 266 285 233 263 289 237 267 287 235 265 285 233 263 285 233 263 288 236 266 290 238 268 285 233 263 290 238 268 289 237 267 291 38 269 292 40 270 293 239 271 292 40 270 294 240 272 293 239 271 292 40 270 295 241 273 294 240 272 296 242 274 294 240 272 295 241 273 295 241 273 297 243 275 296 242 274 298 244 276 295 241 273 292 40 270 298 244 276 292 40 270 299 39 277 295 241 273 298 244 276 300 49 278 298 244 276 299 39 277 301 45 279 300 49 278 298 244 276 301 45 279 302 74 280 303 73 281 304 245 282 305 246 283 302 74 280 304 245 282 306 247 284 302 74 280 305 246 283 305 246 283 307 248 285 306 247 284 306 247 284 307 248 285 308 249 286 302 74 280 306 247 284 309 250 287 310 72 288 302 74 280 309 250 287 306 247 284 311 83 289 309 250 287 310 72 288 309 250 287 312 79 290 309 250 287 311 83 289 312 79 290 313 137 291 314 51 292 315 50 293 315 50 293 316 251 294 313 137 291 313 137 291 316 251 294 317 252 295 318 253 296 317 252 295 316 251 294 317 252 295 318 253 296 319 254 297 320 255 298 319 254 297 318 253 296 320 255 298 318 253 296 321 256 299 321 256 299 318 253 296 322 257 300 318 253 296 323 258 301 322 257 300 324 259 302 322 257 300 323 258 301 325 260 303 324 259 302 323 258 301 324 259 302 325 260 303 326 261 304 327 262 305 323 258 301 318 253 296 325 260 303 328 263 306 326 261 304 326 261 304 328 263 306 329 264 307 325 260 303 323 258 301 330 265 308 323 258 301 327 262 305 330 265 308 331 266 309 328 263 306 325 260 303 330 265 308 331 266 309 325 260 303 329 264 307 328 263 306 332 267 310 333 268 311 331 266 309 330 265 308 334 269 312 329 264 307 332 267 310 335 270 313 329 264 307 334 269 312 336 271 314 333 268 311 330 265 308 327 262 305 336 271 314 330 265 308 327 262 305 337 272 315 336 271 314 338 273 316 337 272 315 327 262 305 339 274 317 338 273 316 327 262 305 340 275 318 339 274 317 327 262 305 318 253 296 340 275 318 327 262 305 339 274 317 340 275 318 341 276 319 316 251 294 340 275 318 318 253 296 316 251 294 341 276 319 340 275 318 341 276 319 316 251 294 342 277 320 316 251 294 343 278 321 342 277 320 343 278 321 344 279 322 342 277 320 333 268 311 344 279 322 343 278 321 316 251 294 315 50 293 343 278 321 333 268 311 343 278 321 345 280 323 315 50 293 345 280 323 343 278 321 333 268 311 345 280 323 331 266 309 345 280 323 328 263 306 331 266 309 332 267 310 328 263 306 345 280 323 345 280 323 334 269 312 332 267 310 345 280 323 315 50 293 346 281 324 315 50 293 347 57 325 346 281 324 345 280 323 348 282 326 334 269 312 349 283 327 345 280 323 346 281 324 349 283 327 348 282 326 345 280 323 347 57 325 350 284 328 346 281 324 346 281 324 351 285 329 349 283 327 351 285 329 346 281 324 350 284 328 349 283 327 351 285 329 352 286 330 348 282 326 349 283 327 352 286 330 350 284 328 353 287 331 351 285 329 351 285 329 353 287 331 352 286 330 347 57 325 354 288 332 350 284 328 355 63 333 354 288 332 347 57 325 356 64 334 354 288 332 355 63 333 357 289 335 354 288 332 356 64 334 358 290 336 354 288 332 357 289 335 354 288 332 359 291 337 350 284 328 354 288 332 358 290 336 359 291 337 350 284 328 359 291 337 353 287 331 360 292 338 359 291 337 358 290 336 359 291 337 360 292 338 353 287 331 360 292 338 352 286 330 353 287 331 352 286 330 360 292 338 361 293 339 352 286 330 361 293 339 348 282 326 361 293 339 360 292 338 362 294 340 362 294 340 363 295 341 361 293 339 364 296 342 363 295 341 362 294 340 365 297 343 363 295 341 364 296 342 365 297 343 366 298 344 363 295 341 366 298 344 367 299 345 363 295 341 368 300 346 363 295 341 367 299 345 361 293 339 363 295 341 369 301 347 369 301 347 363 295 341 368 300 346 361 293 339 369 301 347 348 282 326 370 302 348 369 301 347 368 300 346 371 303 349 369 301 347 370 302 348 371 303 349 348 282 326 369 301 347 371 303 349 372 304 350 348 282 326 348 282 326 372 304 350 334 269 312 335 270 313 372 304 350 371 303 349 335 270 313 334 269 312 372 304 350 373 153 351 374 84 352 375 86 353 374 84 352 373 153 351 376 305 354 376 305 354 373 153 351 377 306 355 376 305 354 377 306 355 378 307 356 377 306 355 379 308 357 378 307 356 378 307 356 379 308 357 380 255 358 381 256 359 378 307 356 380 255 358 382 257 360 378 307 356 381 256 359 383 309 361 378 307 356 382 257 360 384 259 362 383 309 361 382 257 360 383 309 361 384 259 362 385 310 363 386 261 364 385 310 363 384 259 362 378 307 356 383 309 361 387 311 365 386 261 364 388 312 366 385 310 363 389 264 367 388 312 366 386 261 364 385 310 363 390 313 368 383 309 361 383 309 361 390 313 368 387 311 365 385 310 363 388 312 366 391 314 369 385 310 363 391 314 369 390 313 368 392 315 370 388 312 366 389 264 367 390 313 368 391 314 369 393 316 371 392 315 370 389 264 367 394 317 372 394 317 372 389 264 367 395 270 373 393 316 371 396 318 374 390 313 368 387 311 365 390 313 368 396 318 374 397 319 375 387 311 365 396 318 374 398 320 376 387 311 365 397 319 375 387 311 365 398 320 376 399 321 377 400 322 378 387 311 365 399 321 377 378 307 356 387 311 365 400 322 378 399 321 377 401 323 379 400 322 378 400 322 378 376 305 354 378 307 356 400 322 378 401 323 379 376 305 354 376 305 354 401 323 379 402 324 380 376 305 354 402 324 380 403 325 381 402 324 380 404 326 382 403 325 381 403 325 381 404 326 382 393 316 371 376 305 354 403 325 381 374 84 352 393 316 371 405 327 383 403 325 381 405 327 383 374 84 352 403 325 381 393 316 371 391 314 369 405 327 383 391 314 369 388 312 366 405 327 383 405 327 383 388 312 366 392 315 370 392 315 370 394 317 372 405 327 383 374 84 352 405 327 383 406 328 384 407 91 385 374 84 352 406 328 384 394 317 372 408 329 386 405 327 383 409 330 387 406 328 384 405 327 383 405 327 383 408 329 386 409 330 387 407 91 385 406 328 384 410 331 388 406 328 384 409 330 387 411 332 389 411 332 389 410 331 388 406 328 384 411 332 389 409 330 387 412 333 390 412 333 390 409 330 387 408 329 386 410 331 388 411 332 389 413 334 391 413 334 391 411 332 389 412 333 390 414 335 392 407 91 385 410 331 388 415 97 393 407 91 385 414 335 392 415 97 393 414 335 392 416 64 394 414 335 392 417 289 395 416 64 394 418 290 396 417 289 395 414 335 392 414 335 392 410 331 388 419 336 397 419 336 397 418 290 396 414 335 392 419 336 397 410 331 388 413 334 391 419 336 397 420 292 398 418 290 396 419 336 397 413 334 391 420 292 398 420 292 398 413 334 391 412 333 390 421 337 399 420 292 398 412 333 390 408 329 386 421 337 399 412 333 390 422 338 400 420 292 398 421 337 399 421 337 399 423 339 401 422 338 400 423 339 401 424 340 402 422 338 400 424 340 402 423 339 401 425 341 403 425 341 403 423 339 401 426 342 404 423 339 401 427 343 405 426 342 404 427 343 405 423 339 401 428 344 406 429 345 407 423 339 401 421 337 399 428 344 406 423 339 401 429 345 407 421 337 399 408 329 386 429 345 407 429 345 407 430 302 408 428 344 406 430 302 408 429 345 407 431 303 409 429 345 407 408 329 386 431 303 409 408 329 386 432 346 410 431 303 409 394 317 372 432 346 410 408 329 386 431 303 409 432 346 410 395 270 373 432 346 410 394 317 372 395 270 373 433 347 411 434 133 412 435 135 413 435 135 413 436 140 414 433 347 411 437 131 415 434 133 412 433 347 411 436 140 414 438 348 416 433 347 411 439 141 417 438 348 416 436 140 414 439 141 417 440 155 418 438 348 416 441 349 419 437 131 415 433 347 411 441 349 419 433 347 411 438 348 416 442 129 420 437 131 415 441 349 419 442 129 420 441 349 419 443 160 421 438 348 416 440 155 418 444 350 422 444 350 422 441 349 419 438 348 416 444 350 422 443 160 421 441 349 419 440 155 418 445 156 423 444 350 422 446 159 424 443 160 421 444 350 422 446 159 424 444 350 422 445 156 423 447 351 425 448 352 426 449 353 427 450 354 428 448 352 426 447 351 425 448 352 426 451 355 429 449 353 427 452 356 430 448 352 426 450 354 428 449 353 427 451 355 429 453 357 431 450 354 428 454 358 432 452 356 430 451 355 429 455 359 433 453 357 431 452 356 430 454 358 432 456 360 434 453 357 431 455 359 433 457 361 435 458 362 436 456 360 434 454 358 432 455 359 433 459 363 437 457 361 435 458 362 436 459 363 437 456 360 434 457 361 435 459 363 437 460 364 438 460 364 438 459 363 437 458 362 436 461 365 439 462 366 440 463 367 441 462 366 440 464 368 442 463 367 441 461 365 439 463 367 441 465 369 443 464 368 442 466 370 444 463 367 441 465 369 443 467 371 445 461 365 439 464 368 442 468 372 446 466 370 444 469 373 447 467 371 445 465 369 443 468 372 446 470 374 448 466 370 444 471 375 449 467 371 445 469 373 447 468 372 446 472 376 450 470 374 448 473 377 451 471 375 449 469 373 447 470 374 448 472 376 450 473 377 451 474 378 452 471 375 449 473 377 451 472 376 450 474 378 452 473 377 451</p>
                </triangles>
            </mesh>
        </geometry>
    </library_geometries>
    <library_controllers>
        <controller id="pm0550_00_41_body_mesh_shape_lod2_l_eye-controller" name="pm0550_00_41_body_mesh_shape_lod2_l_eye">
            <skin source="#pm0550_00_41_body_mesh_shape_lod2_l_eye-geometry">
                <bind_shape_matrix>1 0 0 0 0 1 0 0 0 0 1 0 0 0 0 1</bind_shape_matrix>
                <source id="pm0550_00_41_body_mesh_shape_lod2_l_eye-joints">
                    <Name_array id="pm0550_00_41_body_mesh_shape_lod2_l_eye-joints-array" count="1">upper_jaw</Name_array>
                    <technique_common>
                        <accessor count="1" offset="0" source="#pm0550_00_41_body_mesh_shape_lod2_l_eye-joints-array" stride="1">
                            <param name="JOINT" type="Name" />
                        </accessor>
                    </technique_common>
                </source>
                <source id="pm0550_00_41_body_mesh_shape_lod2_l_eye-matrices">
                    <float_array id="pm0550_00_41_body_mesh_shape_lod2_l_eye-matrices-array" count="16">9.979195E-07 -0.01745129 0.9998489 -0.080127 1.000001 1.087409E-06 8.823164E-07 9.690916E-07 1.031768E-06 0.999849 0.01745341 -0.3944576 1E-06 1E-06 1E-06 1.000001</float_array>
                    <technique_common>
                        <accessor count="1" offset="0" source="#pm0550_00_41_body_mesh_shape_lod2_l_eye-matrices-array" stride="16">
                            <param name="TRANSFORM" type="float4x4" />
                        </accessor>
                    </technique_common>
                </source>
                <source id="pm0550_00_41_body_mesh_shape_lod2_l_eye-weights">
                    <float_array id="pm0550_00_41_body_mesh_shape_lod2_l_eye-weights-array" count="1">1</float_array>
                    <technique_common>
                        <accessor count="1" offset="0" source="#pm0550_00_41_body_mesh_shape_lod2_l_eye-weights-array" stride="1">
                            <param name="WEIGHT" type="float" />
                        </accessor>
                    </technique_common>
                </source>
                <joints>
                    <input semantic="JOINT" source="#pm0550_00_41_body_mesh_shape_lod2_l_eye-joints" />
                    <input semantic="INV_BIND_MATRIX" source="#pm0550_00_41_body_mesh_shape_lod2_l_eye-matrices" />
                </joints>
                <vertex_weights count="10">
                    <input semantic="JOINT" source="#pm0550_00_41_body_mesh_shape_lod2_l_eye-joints" offset="0" set="0" />
                    <input semantic="WEIGHT" source="#pm0550_00_41_body_mesh_shape_lod2_l_eye-weights" offset="1" set="0" />
                    <vcount>1 1 1 1 1 1 1 1 1 1</vcount>
                    <v>0 0 0 0 0 0 0 0 0 0 0 0 0 0 0 0 0 0 0 0</v>
                </vertex_weights>
            </skin>
        </controller>
        <controller id="pm0550_00_41_body_mesh_shape_lod2_r_eye-controller" name="pm0550_00_41_body_mesh_shape_lod2_r_eye">
            <skin source="#pm0550_00_41_body_mesh_shape_lod2_r_eye-geometry">
                <bind_shape_matrix>1 0 0 0 0 1 0 0 0 0 1 0 0 0 0 1</bind_shape_matrix>
                <source id="pm0550_00_41_body_mesh_shape_lod2_r_eye-joints">
                    <Name_array id="pm0550_00_41_body_mesh_shape_lod2_r_eye-joints-array" count="6">upper_jaw left_upper_eyelid_c left_upper_eyelid_c_sub left_lower_eyelid_c head lower_jaw_01</Name_array>
                    <technique_common>
                        <accessor count="6" offset="0" source="#pm0550_00_41_body_mesh_shape_lod2_r_eye-joints-array" stride="1">
                            <param name="JOINT" type="Name" />
                        </accessor>
                    </technique_common>
                </source>
                <source id="pm0550_00_41_body_mesh_shape_lod2_r_eye-matrices">
                    <float_array id="pm0550_00_41_body_mesh_shape_lod2_r_eye-matrices-array" count="96">9.979195E-07 -0.01745129 0.9998489 -0.080127 1.000001 1.087409E-06 8.823164E-07 9.690916E-07 1.031768E-06 0.999849 0.01745341 -0.3944576 1E-06 1E-06 1E-06 1.000001 0.9634158 -0.2274586 0.1417553 0.09178133 0.1973279 0.2440708 -0.9494684 0.02406837 0.181369 0.9427059 0.2800254 -0.5523109 1E-06 1E-06 1E-06 1.000001 0.181369 0.9427059 0.2800254 -0.5523109 -0.197326 -0.2440688 0.9494705 -0.02406634 0.9634157 -0.2274587 0.1417554 -0.04021863 1E-06 1E-06 1E-06 1.000001 0.8547847 0.4366788 0.2804609 -0.2376474 -0.4654176 0.8840968 0.04195861 -0.391712 -0.2296306 -0.1663948 0.9589495 -0.06021448 1E-06 1E-06 1E-06 1.000001 1E-06 1.119209E-06 1.000001 -0.03099904 -0.9999991 1E-06 1.119209E-06 9.964238E-07 8.807907E-07 -0.9999991 1E-06 0.3400011 1E-06 1E-06 1E-06 1.000001 9.477421E-07 -0.43837 0.8987951 0.1025471 -0.999999 1E-06 1.119209E-06 9.964238E-07 8.928554E-07 -0.8987932 -0.4383701 0.3950267 1E-06 1E-06 1E-06 1.000001</float_array>
                    <technique_common>
                        <accessor count="6" offset="0" source="#pm0550_00_41_body_mesh_shape_lod2_r_eye-matrices-array" stride="16">
                            <param name="TRANSFORM" type="float4x4" />
                        </accessor>
                    </technique_common>
                </source>
                <source id="pm0550_00_41_body_mesh_shape_lod2_r_eye-weights">
                    <float_array id="pm0550_00_41_body_mesh_shape_lod2_r_eye-weights-array" count="14">0.6509957 0.08499275 0.2130007 0.05099565 1 0.9100023 0.02200351 0.05499351 0.01300069 0.02999924 0.9400015 0.02299535 0.8740063 0.07299916</float_array>
                    <technique_common>
                        <accessor count="14" offset="0" source="#pm0550_00_41_body_mesh_shape_lod2_r_eye-weights-array" stride="1">
                            <param name="WEIGHT" type="float" />
                        </accessor>
                    </technique_common>
                </source>
                <joints>
                    <input semantic="JOINT" source="#pm0550_00_41_body_mesh_shape_lod2_r_eye-joints" />
                    <input semantic="INV_BIND_MATRIX" source="#pm0550_00_41_body_mesh_shape_lod2_r_eye-matrices" />
                </joints>
                <vertex_weights count="10">
                    <input semantic="JOINT" source="#pm0550_00_41_body_mesh_shape_lod2_r_eye-joints" offset="0" set="0" />
                    <input semantic="WEIGHT" source="#pm0550_00_41_body_mesh_shape_lod2_r_eye-weights" offset="1" set="0" />
                    <vcount>4 1 4 1 1 1 1 1 3 4</vcount>
                    <v>0 0 1 1 2 2 3 3 0 4 0 5 1 6 2 7 3 8 0 4 0 4 0 4 0 4 0 4 4 9 0 10 5 9 4 11 0 12 1 9 2 13</v>
                </vertex_weights>
            </skin>
        </controller>
        <controller id="pm0550_00_41_body_mesh_shape_lod2_body_01-controller" name="pm0550_00_41_body_mesh_shape_lod2_body_01">
            <skin source="#pm0550_00_41_body_mesh_shape_lod2_body_01-geometry">
                <bind_shape_matrix>1 0 0 0 0 1 0 0 0 0 1 0 0 0 0 1</bind_shape_matrix>
                <source id="pm0550_00_41_body_mesh_shape_lod2_body_01-joints">
                    <Name_array id="pm0550_00_41_body_mesh_shape_lod2_body_01-joints-array" count="39">head lower_jaw_01 upper_jaw lower_jaw_02 left_feeler_01 left_feeler_02 hips right_feeler_01 right_feeler_02 tail_01 upper_feeler_b_02 upper_feeler_a_02 upper_feeler_a_01 upper_feeler_b_01 tail_02 lower_feeler_01 lower_feeler_02 left_upper_eyelid_c left_upper_eyelid_c_sub left_lower_eyelid_c left_upper_eyelid_b left_upper_eyelid_b_sub left_upper_eyelid_a left_lower_eyelid_a left_upper_eyelid_a_sub left_lower_eyelid_b left_lower_eyelid_b_sub tail_03 tail_04 right_upper_eyelid_c right_upper_eyelid_c_sub right_lower_eyelid_c right_upper_eyelid_b right_upper_eyelid_b_sub right_upper_eyelid_a right_lower_eyelid_a right_upper_eyelid_a_sub right_lower_eyelid_b right_lower_eyelid_b_sub</Name_array>
                    <technique_common>
                        <accessor count="39" offset="0" source="#pm0550_00_41_body_mesh_shape_lod2_body_01-joints-array" stride="1">
                            <param name="JOINT" type="Name" />
                        </accessor>
                    </technique_common>
                </source>
                <source id="pm0550_00_41_body_mesh_shape_lod2_body_01-matrices">
                    <float_array id="pm0550_00_41_body_mesh_shape_lod2_body_01-matrices-array" count="624">1E-06 1.119209E-06 1.000001 -0.03099904 -0.9999991 1E-06 1.119209E-06 9.964238E-07 8.807907E-07 -0.9999991 1E-06 0.3400011 1E-06 1E-06 1E-06 1.000001 9.477421E-07 -0.43837 0.8987951 0.1025471 -0.999999 1E-06 1.119209E-06 9.964238E-07 8.928554E-07 -0.8987932 -0.4383701 0.3950267 1E-06 1E-06 1E-06 1.000001 9.979195E-07 -0.01745129 0.9998489 -0.080127 1.000001 1.087409E-06 8.823164E-07 9.690916E-07 1.031768E-06 0.999849 0.01745341 -0.3944576 1E-06 1E-06 1E-06 1.000001 1.079767E-06 0.6691318 0.7431459 -0.351069 -0.999999 1E-06 1.119209E-06 9.964238E-07 9.114102E-07 -0.7431437 0.6691317 -0.02797697 1E-06 1E-06 1E-06 1.000001 1.000001 1.119209E-06 8.807907E-07 -0.157999 1.119209E-06 1.000001 1.119209E-06 -0.3729991 8.807907E-07 1.119209E-06 1.000001 -0.08499903 1E-06 1E-06 1E-06 1.000001 1.000001 1.119209E-06 8.807907E-07 -0.257999 1.119209E-06 1.000001 1.119209E-06 -0.3729991 8.807907E-07 1.119209E-06 1.000001 -0.08499904 1E-06 1E-06 1E-06 1.000001 1.087423E-06 8.807907E-07 -0.9999991 0.02900104 1.000001 1E-06 9.682135E-07 1.001041E-06 8.807907E-07 -0.9999991 1E-06 0.3400011 1E-06 1E-06 1E-06 1.000001 -0.9999992 1.119209E-06 1.119209E-06 -0.1579991 8.807907E-07 -0.9999992 8.807907E-07 0.3730011 1.119209E-06 1.119209E-06 1.000001 -0.08499903 1E-06 1E-06 1E-06 1.000001 -0.9999992 1.119209E-06 1.119209E-06 -0.257999 8.807907E-07 -0.9999992 8.807907E-07 0.3730011 1.119209E-06 1.119209E-06 1.000001 -0.08499904 1E-06 1E-06 1E-06 1.000001 1.087423E-06 8.807907E-07 -0.9999991 -0.140999 1.000001 1E-06 9.682135E-07 1.001041E-06 8.807907E-07 -0.9999991 1E-06 0.3400011 1E-06 1E-06 1E-06 1.000001 1.146806E-06 0.7313548 -0.6819974 -0.5995439 -0.9999991 1.059622E-06 1.095724E-06 9.857923E-07 1.104786E-06 0.6819995 0.7313548 -0.1506084 1E-06 1E-06 1E-06 1.000001 1.117398E-06 0.9848089 -0.1736472 -0.6826637 -0.9999991 1E-06 1.119209E-06 9.964238E-07 1.0207E-06 0.1736493 0.9848089 -0.0958432 1E-06 1E-06 1E-06 1.000001 1.117398E-06 0.9848089 -0.1736472 -0.6126637 -0.9999991 1E-06 1.119209E-06 9.964238E-07 1.0207E-06 0.1736493 0.9848089 -0.0958432 1E-06 1E-06 1E-06 1.000001 1.146806E-06 0.7313548 -0.6819974 -0.5295439 -0.9999991 1.059622E-06 1.095724E-06 9.857923E-07 1.104786E-06 0.6819995 0.7313548 -0.1506084 1E-06 1E-06 1E-06 1.000001 1.087423E-06 8.807907E-07 -0.9999991 -0.260999 1.000001 1E-06 9.682135E-07 1.001041E-06 8.807907E-07 -0.9999991 1E-06 0.3400011 1E-06 1E-06 1E-06 1.000001 9.266549E-07 -0.9135446 -0.4067356 0.1242951 1.000001 1E-06 9.682135E-07 1.001041E-06 8.716485E-07 -0.4067355 0.9135466 0.2863085 1E-06 1E-06 1E-06 1.000001 9.98077E-07 -0.6018143 -0.7986345 -0.07382455 1.000001 1E-06 9.682135E-07 1.001041E-06 8.521828E-07 -0.7986345 0.6018162 0.2864297 1E-06 1E-06 1E-06 1.000001 0.9634158 -0.2274586 0.1417553 0.09178133 0.1973279 0.2440708 -0.9494684 0.02406837 0.181369 0.9427059 0.2800254 -0.5523109 1E-06 1E-06 1E-06 1.000001 0.181369 0.9427059 0.2800254 -0.5523109 -0.197326 -0.2440688 0.9494705 -0.02406634 0.9634157 -0.2274587 0.1417554 -0.04021863 1E-06 1E-06 1E-06 1.000001 0.8547847 0.4366788 0.2804609 -0.2376474 -0.4654176 0.8840968 0.04195861 -0.391712 -0.2296306 -0.1663948 0.9589495 -0.06021448 1E-06 1E-06 1E-06 1.000001 0.9634158 -0.2274586 0.1417553 0.09193735 0.1973279 0.2440708 -0.9494684 0.06912305 0.181369 0.9427059 0.2800254 -0.5525359 1E-06 1E-06 1E-06 1.000001 0.181369 0.9427059 0.2800254 -0.5525358 -0.197326 -0.2440688 0.9494705 -0.06912106 0.9634157 -0.2274587 0.1417554 -0.04006264 1E-06 1E-06 1E-06 1.000001 0.9465939 -0.2995035 0.1194133 0.1344157 0.1970865 0.2443507 -0.9494465 0.1149793 0.2551865 0.9222758 0.2903287 -0.5442957 1E-06 1E-06 1E-06 1.000001 0.8371475 0.3395037 0.4288643 -0.229918 0.4716903 -0.8450568 -0.251766 0.4122682 0.2769397 0.413057 -0.8675759 0.003662119 1E-06 1E-06 1E-06 1.000001 0.2551864 0.9222758 0.2903287 -0.5442957 -0.1970846 -0.2443487 0.9494485 -0.1149773 0.9465938 -0.2995035 0.1194133 0.002415757 1E-06 1E-06 1E-06 1.000001 0.7819802 0.5317051 0.32527 -0.2687742 -0.2449608 -0.2176977 0.9447768 -0.07648095 0.5731525 -0.8184722 -0.03998776 0.3375059 1E-06 1E-06 1E-06 1.000001 0.5731525 -0.8184723 -0.03998778 0.337506 0.2449629 0.2176998 -0.9447748 0.07648291 0.7819801 0.5317051 0.3252701 -0.4287744 1E-06 1E-06 1E-06 1.000001 1.087423E-06 8.807907E-07 -0.9999991 -0.355999 1.000001 1E-06 9.682135E-07 1.001041E-06 8.807907E-07 -0.9999991 1E-06 0.3400011 1E-06 1E-06 1E-06 1.000001 1.087423E-06 8.807907E-07 -0.9999991 -0.4759989 1.000001 1E-06 9.682135E-07 1.001041E-06 8.807907E-07 -0.9999991 1E-06 0.3400011 1E-06 1E-06 1E-06 1.000001 -0.9634137 -0.2274587 0.1417556 0.09178139 0.1973278 -0.2440688 0.9494703 -0.02406637 -0.181367 0.9427059 0.2800255 -0.5523109 1E-06 1E-06 1E-06 1.000001 -0.1813669 0.9427059 0.2800255 -0.5523109 -0.1973259 0.2440708 -0.9494684 0.02406837 -0.9634137 -0.2274588 0.1417556 -0.04021883 1E-06 1E-06 1E-06 1.000001 -0.8547826 0.4366786 0.2804611 -0.2376473 -0.4654177 -0.8840948 -0.0419565 0.391714 0.2296326 -0.1663948 0.9589494 -0.0602145 1E-06 1E-06 1E-06 1.000001 -0.9634137 -0.2274587 0.1417556 0.0919374 0.1973278 -0.2440688 0.9494703 -0.06912106 -0.181367 0.9427059 0.2800255 -0.5525359 1E-06 1E-06 1E-06 1.000001 -0.1813669 0.9427059 0.2800255 -0.5525358 -0.1973259 0.2440708 -0.9494684 0.06912306 -0.9634137 -0.2274588 0.1417556 -0.04006261 1E-06 1E-06 1E-06 1.000001 -0.9465918 -0.2995036 0.1194135 0.1344158 0.1970865 -0.2443487 0.9494485 -0.1149773 -0.2551844 0.9222757 0.2903287 -0.5442957 1E-06 1E-06 1E-06 1.000001 -0.8371455 0.3395036 0.4288645 -0.229918 0.4716903 0.8450589 0.2517679 -0.4122662 -0.2769376 0.413057 -0.8675758 0.003662119 1E-06 1E-06 1E-06 1.000001 -0.2551844 0.9222758 0.2903288 -0.5442957 -0.1970845 0.2443507 -0.9494466 0.1149793 -0.9465918 -0.2995037 0.1194135 0.002415861 1E-06 1E-06 1E-06 1.000001 -0.7819781 0.531705 0.3252702 -0.2687742 -0.2449608 0.2176996 -0.9447747 0.07648297 -0.5731506 -0.8184723 -0.03998761 0.3375059 1E-06 1E-06 1E-06 1.000001 -0.5731506 -0.8184724 -0.03998765 0.337506 0.2449629 -0.2176977 0.9447768 -0.07648091 -0.781978 0.531705 0.3252703 -0.4287748 1E-06 1E-06 1E-06 1.000001</float_array>
                    <technique_common>
                        <accessor count="39" offset="0" source="#pm0550_00_41_body_mesh_shape_lod2_body_01-matrices-array" stride="16">
                            <param name="TRANSFORM" type="float4x4" />
                        </accessor>
                    </technique_common>
                </source>
                <source id="pm0550_00_41_body_mesh_shape_lod2_body_01-weights">
                    <float_array id="pm0550_00_41_body_mesh_shape_lod2_body_01-weights-array" count="111">0.0399939 0.9600061 0.03900206 0.9609979 0.0970016 0.9029984 0.00999466 0.9900053 1 0.04499885 0.9550011 0.9750057 0.02499428 0.007003891 0.9389944 0.05400168 0.02400244 0.9759976 0.03500419 0.9649958 0.9730068 0.02699321 0.9129931 0.08700694 0.2500038 0.5000076 0.7499962 0.4800031 0.2999924 0.2200046 0.4500038 0.5499962 0.3499962 0.6500038 0.4 0.6 0.6999924 0.880003 0.1000076 0.02000458 0.9000076 0.3100023 0.6899977 0.3900054 0.6099946 0.7700008 0.2 0.02999924 0.7400015 0.2299992 0.1900053 0.8099946 0.1700008 0.8299992 0.05900664 0.9409934 0.003006027 0.9309987 0.06599527 0.2399939 0.3700007 0.9700007 0.1300069 0.6299992 0.5199969 0.0749981 0.4780041 0.4039979 0.04299992 0.4299992 0.319997 0.5400015 0.4399939 0.5600061 0.4200046 0.1400015 0.7100023 0.1499962 0.1600061 0.5799954 0.119997 0.06999313 0.4599985 0.3300069 0.203006 0.521004 0.2330053 0.05999848 0.3799954 0.1799954 0.3400015 0.08000305 0.5300069 0.2899977 0.1100023 0.05000382 0.5900053 0.6599985 0.8399939 0.5100023 0.280003 0.6699932 0.680003 0.5700008 0.6399939 0.3600061 0.2099947 0.7300069 0.9499962 0.8 0.9570001</float_array>
                    <technique_common>
                        <accessor count="111" offset="0" source="#pm0550_00_41_body_mesh_shape_lod2_body_01-weights-array" stride="1">
                            <param name="WEIGHT" type="float" />
                        </accessor>
                    </technique_common>
                </source>
                <joints>
                    <input semantic="JOINT" source="#pm0550_00_41_body_mesh_shape_lod2_body_01-joints" />
                    <input semantic="INV_BIND_MATRIX" source="#pm0550_00_41_body_mesh_shape_lod2_body_01-matrices" />
                </joints>
                <vertex_weights count="475">
                    <input semantic="JOINT" source="#pm0550_00_41_body_mesh_shape_lod2_body_01-joints" offset="0" set="0" />
                    <input semantic="WEIGHT" source="#pm0550_00_41_body_mesh_shape_lod2_body_01-weights" offset="1" set="0" />
                    <vcount>2 2 2 2 2 2 2 1 1 2 1 1 2 2 2 1 1 2 1 3 1 1 1 1 1 1 1 2 2 2 2 2 2 1 2 1 2 1 1 2 2 2 2 1 2 1 1 1 1 1 1 1 1 1 1 1 1 3 2 1 1 2 2 1 3 2 3 3 3 1 1 1 1 1 3 2 2 2 2 2 2 2 2 3 2 2 2 2 2 3 3 2 1 2 2 2 2 1 2 3 3 3 3 1 1 1 1 1 3 2 2 2 2 2 2 2 2 3 2 2 2 2 2 3 3 2 1 2 2 2 2 1 2 2 2 2 1 1 1 1 3 2 2 2 1 1 1 1 2 2 2 2 1 1 1 1 2 2 2 2 1 1 1 1 2 2 2 2 2 2 2 2 2 2 2 1 1 1 2 2 1 2 3 1 2 1 1 2 1 1 3 1 1 3 1 1 1 1 1 2 2 1 2 2 1 1 3 3 1 2 1 2 2 1 1 3 4 3 3 4 4 3 3 3 3 3 3 4 4 2 3 2 4 3 3 3 4 4 3 3 3 3 3 3 4 4 2 3 2 4 4 3 4 4 3 3 3 4 3 4 4 3 3 4 4 4 3 1 4 4 4 3 4 4 4 3 3 3 3 4 4 4 4 3 3 4 3 4 4 1 4 3 3 1 1 3 1 1 1 2 2 1 3 3 1 1 3 1 1 1 2 2 1 1 2 2 1 1 1 1 1 1 1 1 1 1 3 1 3 2 1 1 2 4 3 3 4 4 3 4 1 4 3 1 4 3 3 3 4 3 2 3 3 4 3 3 3 2 3 3 4 4 2 2 1 1 1 2 2 4 4 3 3 1 2 2 1 1 1 1 1 1 1 1 1 1 3 1 3 2 1 1 2 4 3 3 4 4 3 4 1 4 3 1 4 3 3 3 4 3 2 3 3 4 3 3 3 2 3 3 4 4 2 2 1 1 1 2 2 4 4 3 3 1 1 1 1 1 1 1 1 1 1 1 1 1 1 4 2 3 4 2 2 4 3 2 2 4 4 2 4 4 4 2 3 2 2 3 4 2 2 4 4 2 4</vcount>
                    <v>0 0 1 1 0 0 1 1 0 2 1 3 0 4 1 5 0 2 1 3 0 0 1 1 0 6 2 7 2 8 2 8 0 6 2 7 2 8 2 8 0 6 1 7 0 6 1 7 0 9 1 10 1 8 1 8 1 11 3 12 1 8 0 13 1 14 3 15 1 8 2 8 2 8 2 8 2 8 2 8 2 8 0 2 1 3 0 0 1 1 0 16 1 17 0 0 1 1 0 2 1 3 0 0 1 1 2 8 0 6 2 7 2 8 0 6 2 7 2 8 2 8 0 18 1 19 0 6 1 7 1 20 3 21 1 11 3 12 1 8 1 22 3 23 1 8 1 8 1 8 2 8 2 8 2 8 2 8 2 8 2 8 1 8 1 8 1 8 0 13 1 14 3 15 1 11 3 12 1 8 1 8 1 22 3 23 1 11 3 12 1 8 0 24 4 24 5 25 0 26 4 24 0 27 4 28 5 29 0 24 4 24 5 25 0 27 4 28 5 29 5 8 5 8 0 8 5 8 5 8 0 24 4 24 5 25 0 26 4 24 0 25 1 25 0 25 1 25 0 30 1 31 0 30 1 31 0 32 1 33 0 34 1 35 0 28 1 36 0 37 1 38 6 39 0 38 1 40 0 38 1 40 0 6 1 7 0 41 1 42 0 43 1 44 0 45 1 46 6 47 0 48 1 49 6 47 0 50 1 51 1 8 1 36 3 28 0 52 1 53 1 31 3 30 1 36 3 28 3 8 0 26 7 24 0 24 7 24 8 25 0 27 7 28 8 29 0 24 7 24 8 25 0 27 7 28 8 29 8 8 8 8 0 8 8 8 8 8 0 24 7 24 8 25 0 26 7 24 0 25 1 25 0 30 1 31 0 25 1 25 0 32 1 33 0 30 1 31 0 34 1 35 0 28 1 36 0 37 1 38 6 39 0 38 1 40 0 38 1 40 0 6 1 7 0 41 1 42 0 43 1 44 0 45 1 46 6 47 0 48 1 49 6 47 0 50 1 51 1 8 1 36 3 28 0 52 1 53 1 31 3 30 1 36 3 28 3 8 0 54 1 55 0 4 1 5 0 0 1 1 0 0 1 1 2 8 2 8 2 8 2 8 0 56 1 57 3 58 0 9 1 10 0 6 1 7 0 6 1 7 2 8 2 8 2 8 2 8 0 54 1 55 0 0 1 1 0 0 1 1 0 16 1 17 2 8 2 8 2 8 2 8 0 6 1 7 0 6 1 7 0 18 1 19 1 20 3 21 2 8 2 8 2 8 2 8 0 38 1 40 0 25 1 25 0 28 1 36 0 30 1 31 0 34 1 35 0 38 1 40 0 28 1 36 0 25 1 25 0 30 1 31 0 34 1 35 1 36 3 28 1 8 3 8 1 8 0 6 1 7 0 38 1 40 1 8 0 25 1 25 0 59 2 60 1 43 1 8 0 47 2 61 2 8 2 8 2 25 1 25 1 8 1 8 0 29 2 33 1 62 2 8 2 8 0 46 2 63 1 52 2 8 2 8 2 8 2 8 2 8 2 25 1 25 0 47 2 61 2 8 0 25 1 25 2 25 1 25 1 8 1 8 0 29 2 33 1 62 0 59 2 60 1 43 1 8 0 38 1 40 1 8 0 6 1 7 1 36 3 28 1 8 3 8 0 24 6 64 9 49 0 65 6 66 9 67 10 68 11 24 6 31 9 46 0 31 6 69 9 39 12 70 11 38 6 27 9 38 12 70 11 38 6 27 9 38 11 71 6 72 9 39 12 35 11 38 6 28 11 73 6 74 9 39 12 35 11 38 6 28 2 75 11 76 6 77 2 78 11 42 6 77 2 29 12 79 11 38 6 38 2 29 12 79 11 38 6 38 0 74 2 79 2 79 12 80 11 28 0 34 2 35 0 65 6 66 9 67 10 68 0 24 6 64 9 49 11 24 6 31 9 46 0 31 6 69 9 39 12 70 11 38 6 27 9 38 12 70 11 38 6 27 9 38 11 71 6 72 9 39 12 35 11 38 6 28 11 73 6 74 9 39 12 35 11 38 6 28 2 75 11 76 6 77 2 78 11 42 6 77 2 29 12 79 11 38 6 38 2 29 12 79 11 38 6 38 0 74 2 79 2 79 12 80 11 28 0 34 2 35 0 81 6 82 13 75 10 83 0 84 11 68 6 85 9 86 0 87 6 72 9 25 6 88 14 39 13 25 10 38 6 43 14 47 13 27 10 38 6 89 14 52 10 33 6 39 9 88 14 35 6 78 14 50 10 33 6 47 14 25 13 75 10 83 6 47 9 90 14 63 6 91 14 28 13 64 10 38 6 91 14 28 13 64 10 38 0 78 6 64 9 70 0 89 6 92 9 93 6 69 9 52 15 46 16 46 6 59 9 78 15 38 16 25 6 24 9 75 15 94 16 25 6 87 9 73 14 88 16 8 9 59 14 78 15 34 16 46 6 0 9 78 15 46 16 35 0 81 6 82 13 75 10 83 0 87 6 72 9 25 0 84 11 68 6 85 9 86 6 88 14 39 13 25 10 38 6 43 14 47 13 27 10 38 6 89 14 52 10 33 6 39 9 88 14 35 6 78 14 50 10 33 6 47 9 90 14 63 6 47 14 25 13 75 10 83 6 91 14 28 13 64 10 38 6 91 14 28 13 64 10 38 6 69 9 52 15 46 16 46 0 89 6 92 9 93 0 78 6 64 9 70 6 59 9 78 15 38 16 25 6 87 9 73 14 88 6 24 9 75 15 94 16 25 9 59 14 78 15 34 16 46 16 8 6 0 9 78 15 46 16 35 0 24 4 24 5 25 0 27 4 28 5 29 5 8 5 8 0 24 4 24 5 25 5 8 5 8 0 8 0 26 4 24 0 26 4 24 0 8 0 27 7 28 8 29 0 24 7 24 8 25 8 8 8 8 0 24 7 24 8 25 8 8 8 8 0 8 0 26 7 24 0 26 7 24 0 8 2 8 0 25 1 25 0 25 1 25 2 8 2 8 2 8 2 8 2 8 2 8 2 8 2 8 2 8 2 8 0 33 2 28 6 95 2 8 0 33 2 28 6 95 0 36 6 28 2 8 2 8 0 42 6 41 2 96 17 38 18 24 19 87 0 24 6 31 9 46 0 38 6 25 9 34 2 6 20 38 21 26 17 75 2 94 20 77 21 76 18 47 22 91 21 36 23 29 2 97 22 87 24 46 23 91 2 8 2 70 25 38 26 64 19 87 25 62 26 98 19 47 2 8 2 99 25 77 26 100 19 87 0 101 2 62 6 46 0 102 1 38 6 29 0 37 1 38 6 39 0 47 6 90 9 103 14 87 0 49 6 31 9 29 0 104 6 105 0 49 6 73 9 106 6 38 9 103 14 83 0 47 6 90 9 103 14 87 0 107 1 38 6 52 0 45 1 46 6 47 0 48 1 49 6 47 0 36 6 28 0 24 6 31 9 46 0 59 6 73 9 46 9 6 14 25 27 82 28 47 9 6 14 25 27 82 28 47 27 95 28 108 27 46 28 109 28 8 28 8 28 8 27 68 28 110 27 46 28 109 9 6 14 25 27 82 28 47 9 6 14 25 27 82 28 47 9 91 14 45 27 77 6 46 9 33 14 77 2 8 0 25 1 25 0 25 1 25 2 8 2 8 2 8 2 8 2 8 2 8 2 8 2 8 2 8 2 8 0 33 2 28 6 95 2 8 0 33 2 28 6 95 0 36 6 28 2 8 2 8 0 42 6 41 2 96 29 38 30 24 31 87 0 24 6 31 9 46 0 38 6 25 9 34 2 6 32 38 33 26 29 75 2 94 32 77 33 76 30 47 34 91 33 36 35 29 2 97 34 87 36 46 35 91 2 8 2 70 37 38 38 64 31 87 37 62 38 98 31 47 2 8 2 99 37 77 38 100 31 87 0 101 2 62 6 46 0 102 1 38 6 29 0 37 1 38 6 39 0 47 6 90 9 103 14 87 0 49 6 31 9 29 0 104 6 105 0 49 6 73 9 106 6 38 9 103 14 83 0 47 6 90 9 103 14 87 0 107 1 38 6 52 0 45 1 46 6 47 0 48 1 49 6 47 0 36 6 28 0 24 6 31 9 46 0 59 6 73 9 46 9 6 14 25 27 82 28 47 9 6 14 25 27 82 28 47 27 95 28 108 27 46 28 109 28 8 28 8 28 8 27 68 28 110 27 46 28 109 9 6 14 25 27 82 28 47 9 6 14 25 27 82 28 47 9 91 14 45 27 77 6 46 9 33 14 77 1 8 1 8 1 8 1 8 1 8 1 8 1 8 1 8 1 8 1 8 1 8 1 8 1 8 1 8 2 70 37 38 38 64 31 87 2 70 37 102 37 62 38 98 31 47 2 97 34 87 36 46 35 91 2 52 37 53 2 69 34 103 2 99 37 77 38 100 31 87 34 91 33 36 35 29 2 1 37 0 2 41 34 42 2 96 29 38 30 24 31 87 2 94 32 77 33 76 30 47 2 38 32 40 2 6 32 38 33 26 29 75 2 97 22 87 24 46 23 91 2 70 25 38 26 64 19 87 2 70 25 102 25 62 26 98 19 47 2 69 22 103 2 52 25 53 22 91 21 36 23 29 2 99 25 77 26 100 19 87 2 41 22 42 2 1 25 0 2 94 20 77 21 76 18 47 2 96 17 38 18 24 19 87 2 38 20 40 2 6 20 38 21 26 17 75</v>
                </vertex_weights>
            </skin>
        </controller>
    </library_controllers>
    <library_visual_scenes>
        <visual_scene id="Scene" name="Scene">
            <node id="pm0550_00_41" sid="pm0550_00_41" name="pm0550_00_41" type="JOINT">
                <matrix sid="transform">1 0 0 0 0 1 0 0 0 0 1 0 0 0 0 1</matrix>
                <node id="origin" sid="origin" name="origin" type="JOINT">
                    <matrix sid="transform">1 0 0 0 0 1 0 0 0 0 1 0 0 0 0 1</matrix>
                    <node id="waist" sid="waist" name="waist" type="JOINT">
                        <matrix sid="transform">1.192093E-07 -0.9999999 0 -2.00964E-21 0 1.192093E-07 -0.9999999 0.34 0.9999999 0 1.192093E-07 0.03 0 0 0 1</matrix>
                        <node id="head" sid="head" name="head" type="JOINT">
                            <matrix sid="transform">1 0 0 0.001 0 1 0 5.551115E-19 0 0 1 7.105427E-17 0 0 0 1</matrix>
                            <node id="upper_jaw" sid="upper_jaw" name="upper_jaw" type="JOINT">
                                <matrix sid="transform">0.9998477 1.525738E-09 0.01745241 0.056 5.551115E-17 -1 8.742277E-08 0 0.01745241 -8.740945E-08 -0.9998477 -0.053 0 0 0 1</matrix>
                                <node id="left_upper_eyelid_a" sid="left_upper_eyelid_a" name="left_upper_eyelid_a" type="JOINT">
                                    <matrix sid="transform">0.1246213 -0.9535674 0.2741876 0.162 0.9465927 0.1970854 0.2551854 -0.011 -0.2973749 0.2277424 0.9272009 0.124 0 0 0 1</matrix>
                                    <node id="left_upper_eyelid_a_sub" sid="left_upper_eyelid_a_sub" name="left_upper_eyelid_a_sub" type="JOINT">
                                        <matrix sid="transform">5.960464E-08 -8.742278E-08 0.9999999 0.132 0 -0.9999999 -8.742278E-08 -1.142551E-15 0.9999999 0 5.960464E-08 -1.99195E-16 0 0 0 1</matrix>
                                    </node>
                                </node>
                                <node id="left_upper_eyelid_b" sid="left_upper_eyelid_b" name="left_upper_eyelid_b" type="JOINT">
                                    <matrix sid="transform">0.1457026 -0.9535844 0.2635293 0.118 0.9634147 0.1973268 0.181368 -0.002 -0.2249511 0.2274622 0.9474481 0.134 0 0 0 1</matrix>
                                    <node id="left_upper_eyelid_b_sub" sid="left_upper_eyelid_b_sub" name="left_upper_eyelid_b_sub" type="JOINT">
                                        <matrix sid="transform">5.960464E-08 -8.742278E-08 0.9999999 0.132 0 -0.9999999 -8.742278E-08 -4.596317E-16 0.9999999 0 5.960464E-08 -5.460186E-17 0 0 0 1</matrix>
                                    </node>
                                </node>
                                <node id="left_upper_eyelid_c" sid="left_upper_eyelid_c" name="left_upper_eyelid_c" type="JOINT">
                                    <matrix sid="transform">0.1457026 -0.9535844 0.2635293 0.075 0.9634147 0.1973268 0.181368 0.007 -0.2249511 0.2274622 0.9474481 0.144 0 0 0 1</matrix>
                                    <node id="left_upper_eyelid_c_sub" sid="left_upper_eyelid_c_sub" name="left_upper_eyelid_c_sub" type="JOINT">
                                        <matrix sid="transform">5.960464E-08 -8.742278E-08 0.9999999 0.132 0 -0.9999999 -8.742278E-08 -5.790806E-16 0.9999999 0 5.960464E-08 1.31628E-16 0 0 0 1</matrix>
                                    </node>
                                </node>
                                <node id="left_lower_eyelid_a" sid="left_lower_eyelid_a" name="left_lower_eyelid_a" type="JOINT">
                                    <matrix sid="transform">0.4228729 -0.2369804 -0.8746536 0.118 0.8371465 0.4716892 0.2769389 -0.003 0.3469357 -0.8493231 0.3978519 0.034 0 0 0 1</matrix>
                                </node>
                                <node id="left_lower_eyelid_b" sid="left_lower_eyelid_b" name="left_lower_eyelid_b" type="JOINT">
                                    <matrix sid="transform">0.31594 0.9484311 -0.0256983 0.086 0.781979 -0.2449619 0.5731515 -0.002 0.5372996 -0.201177 -0.8190464 0.011 0 0 0 1</matrix>
                                    <node id="left_lower_eyelid_b_sub" sid="left_lower_eyelid_b_sub" name="left_lower_eyelid_b_sub" type="JOINT">
                                        <matrix sid="transform">5.960464E-08 8.742278E-08 0.9999999 0.16 0 -0.9999999 8.742278E-08 1.831015E-16 0.9999999 0 5.960464E-08 4.18145E-16 0 0 0 1</matrix>
                                    </node>
                                </node>
                                <node id="left_lower_eyelid_c" sid="left_lower_eyelid_c" name="left_lower_eyelid_c" type="JOINT">
                                    <matrix sid="transform">0.2727962 0.02652153 0.9617062 0.053 0.8547835 -0.4654186 -0.2296315 0.007 0.4415058 0.8846932 -0.1496346 0.048 0 0 0 1</matrix>
                                </node>
                                <node id="right_upper_eyelid_a" sid="right_upper_eyelid_a" name="right_upper_eyelid_a" type="JOINT">
                                    <matrix sid="transform">0.1246213 0.9535674 0.2741876 0.162 -0.9465927 0.1970854 -0.2551854 0.011 -0.2973749 -0.2277424 0.9272009 0.124 0 0 0 1</matrix>
                                    <node id="right_upper_eyelid_a_sub" sid="right_upper_eyelid_a_sub" name="right_upper_eyelid_a_sub" type="JOINT">
                                        <matrix sid="transform">5.960464E-08 8.742278E-08 0.9999999 0.132 0 -0.9999999 8.742278E-08 0 0.9999999 0 5.960464E-08 0 0 0 0 1</matrix>
                                    </node>
                                </node>
                                <node id="right_upper_eyelid_b" sid="right_upper_eyelid_b" name="right_upper_eyelid_b" type="JOINT">
                                    <matrix sid="transform">0.1457026 0.9535844 0.2635293 0.118 -0.9634147 0.1973268 -0.181368 0.002 -0.2249511 -0.2274622 0.9474481 0.134 0 0 0 1</matrix>
                                    <node id="right_upper_eyelid_b_sub" sid="right_upper_eyelid_b_sub" name="right_upper_eyelid_b_sub" type="JOINT">
                                        <matrix sid="transform">5.960464E-08 8.742278E-08 0.9999999 0.132 0 -0.9999999 8.742278E-08 0 0.9999999 0 5.960464E-08 0 0 0 0 1</matrix>
                                    </node>
                                </node>
                                <node id="right_upper_eyelid_c" sid="right_upper_eyelid_c" name="right_upper_eyelid_c" type="JOINT">
                                    <matrix sid="transform">0.1457026 0.9535844 0.2635293 0.075 -0.9634147 0.1973268 -0.181368 -0.007 -0.2249511 -0.2274622 0.9474481 0.144 0 0 0 1</matrix>
                                    <node id="right_upper_eyelid_c_sub" sid="right_upper_eyelid_c_sub" name="right_upper_eyelid_c_sub" type="JOINT">
                                        <matrix sid="transform">5.960464E-08 8.742278E-08 0.9999999 0.1320002 0 -0.9999999 8.742278E-08 0 0.9999999 0 5.960464E-08 0 0 0 0 1</matrix>
                                    </node>
                                </node>
                                <node id="right_lower_eyelid_a" sid="right_lower_eyelid_a" name="right_lower_eyelid_a" type="JOINT">
                                    <matrix sid="transform">0.4228729 0.2369804 -0.8746536 0.118 -0.8371465 0.4716892 -0.2769389 0.003 0.3469357 0.8493231 0.3978519 0.034 0 0 0 1</matrix>
                                </node>
                                <node id="right_lower_eyelid_b" sid="right_lower_eyelid_b" name="right_lower_eyelid_b" type="JOINT">
                                    <matrix sid="transform">0.31594 -0.9484311 -0.0256983 0.086 -0.781979 -0.2449619 -0.5731515 0.002 0.5372996 0.201177 -0.8190464 0.011 0 0 0 1</matrix>
                                    <node id="right_lower_eyelid_b_sub" sid="right_lower_eyelid_b_sub" name="right_lower_eyelid_b_sub" type="JOINT">
                                        <matrix sid="transform">5.960464E-08 -8.742278E-08 0.9999999 0.1600005 0 -0.9999999 -8.742278E-08 0 0.9999999 0 5.960464E-08 0 0 0 0 1</matrix>
                                    </node>
                                </node>
                                <node id="right_lower_eyelid_c" sid="right_lower_eyelid_c" name="right_lower_eyelid_c" type="JOINT">
                                    <matrix sid="transform">0.2727962 -0.02652153 0.9617062 0.053 -0.8547835 -0.4654186 0.2296315 -0.007 0.4415058 -0.8846932 -0.1496346 0.048 0 0 0 1</matrix>
                                </node>
                            </node>
                            <node id="lower_jaw_01" sid="lower_jaw_01" name="lower_jaw_01" type="JOINT">
                                <matrix sid="transform">0.8987941 0 -0.4383711 0.05 0 1 0 0 0.4383711 0 0.8987941 -0.06 0 0 0 1</matrix>
                                <node id="lower_jaw_02" sid="lower_jaw_02" name="lower_jaw_02" type="JOINT">
                                    <matrix sid="transform">0.3746066 0 0.9271839 0.26 0 1 0 4.810753E-19 -0.9271839 0 0.3746066 0.08 0 0 0 1</matrix>
                                </node>
                            </node>
                            <node id="upper_feeler_a_01" sid="upper_feeler_a_01" name="upper_feeler_a_01" type="JOINT">
                                <matrix sid="transform">-0.1736481 0 0.9848078 -0.043 0 1 0 0 -0.9848078 0 -0.1736481 -0.28 0 0 0 1</matrix>
                                <node id="upper_feeler_a_02" sid="upper_feeler_a_02" name="upper_feeler_a_02" type="JOINT">
                                    <matrix sid="transform">1 0 0 0.07 0 1 0 0 0 0 1 0 0 0 0 1</matrix>
                                </node>
                            </node>
                            <node id="left_feeler_01" sid="left_feeler_01" name="left_feeler_01" type="JOINT">
                                <matrix sid="transform">1.192093E-07 0 0.9999999 0.054 -0.9999999 1.192093E-07 0 -0.158 0 -0.9999999 1.192093E-07 -0.033 0 0 0 1</matrix>
                                <node id="left_feeler_02" sid="left_feeler_02" name="left_feeler_02" type="JOINT">
                                    <matrix sid="transform">1 0 0 0.09999999 0 1 0 7.105427E-17 0 0 1 0 0 0 0 1</matrix>
                                </node>
                            </node>
                            <node id="right_feeler_01" sid="right_feeler_01" name="right_feeler_01" type="JOINT">
                                <matrix sid="transform">1.192093E-07 0 0.9999999 0.054 0.9999999 1.192093E-07 0 0.158 0 0.9999999 1.192093E-07 -0.033 0 0 0 1</matrix>
                                <node id="right_feeler_02" sid="right_feeler_02" name="right_feeler_02" type="JOINT">
                                    <matrix sid="transform">1 0 0 0.09999999 0 1 0 0 0 0 1 0 0 0 0 1</matrix>
                                </node>
                            </node>
                        </node>
                        <node id="hips" sid="hips" name="hips" type="JOINT">
                            <matrix sid="transform">-1 8.742278E-08 0 -0.001 -8.742278E-08 -1 0 5.551115E-19 0 0 1 7.105427E-17 0 0 0 1</matrix>
                            <node id="tail_01" sid="tail_01" name="tail_01" type="JOINT">
                                <matrix sid="transform">1 0 0 0.17 0 1 0 -1.893266E-31 0 0 1 0 0 0 0 1</matrix>
                                <node id="tail_02" sid="tail_02" name="tail_02" type="JOINT">
                                    <matrix sid="transform">1 0 0 0.12 0 1 0 2.495412E-17 0 0 1 2.131628E-16 0 0 0 1</matrix>
                                    <node id="tail_03" sid="tail_03" name="tail_03" type="JOINT">
                                        <matrix sid="transform">1 0 0 0.095 0 1 0 6.941976E-31 0 0 1 0 0 0 0 1</matrix>
                                        <node id="tail_04" sid="tail_04" name="tail_04" type="JOINT">
                                            <matrix sid="transform">1 0 0 0.12 0 1 0 0 0 0 1 0 0 0 0 1</matrix>
                                        </node>
                                    </node>
                                </node>
                                <node id="upper_feeler_b_01" sid="upper_feeler_b_01" name="upper_feeler_b_01" type="JOINT">
                                    <matrix sid="transform">0.6819984 -6.393697E-08 -0.7313538 0.11 0 -1 8.742278E-08 0 -0.7313538 -5.96222E-08 -0.6819984 -0.15 0 0 0 1</matrix>
                                    <node id="upper_feeler_b_02" sid="upper_feeler_b_02" name="upper_feeler_b_02" type="JOINT">
                                        <matrix sid="transform">1 0 0 0.07 0 1 0 1.598721E-16 0 0 1 7.105427E-17 0 0 0 1</matrix>
                                    </node>
                                </node>
                                <node id="lower_feeler_01" sid="lower_feeler_01" name="lower_feeler_01" type="JOINT">
                                    <matrix sid="transform">0.4067366 0 -0.9135455 0.07 0 1 0 0 0.9135455 0 0.4067366 0.11 0 0 0 1</matrix>
                                    <node id="lower_feeler_02" sid="lower_feeler_02" name="lower_feeler_02" type="JOINT">
                                        <matrix sid="transform">0.8746197 0 0.4848096 0.05 0 1 0 -5.679798E-31 -0.4848096 0 0.8746197 0 0 0 0 1</matrix>
                                    </node>
                                </node>
                            </node>
                        </node>
                    </node>
                </node>
                <node id="lod_group" sid="lod_group" name="lod_group" type="JOINT">
                    <matrix sid="transform">1 0 0 0 0 1 0 0 0 0 1 0 0 0 0 1</matrix>
                    <node id="lod0" sid="lod0" name="lod0" type="JOINT">
                        <matrix sid="transform">1 0 0 0 0 1 0 0 0 0 1 0 0 0 0 1</matrix>
                        <node id="pm0550_00_41_body_mesh" sid="pm0550_00_41_body_mesh" name="pm0550_00_41_body_mesh" type="JOINT">
                            <matrix sid="transform">1 0 0 0 0 1 0 0 0 0 1 0 0 0 0 1</matrix>
                        </node>
                    </node>
                    <node id="lod1" sid="lod1" name="lod1" type="JOINT">
                        <matrix sid="transform">1 0 0 0 0 1 0 0 0 0 1 0 0 0 0 1</matrix>
                        <node id="pm0550_00_41_body_mesh_lod1" sid="pm0550_00_41_body_mesh_lod1" name="pm0550_00_41_body_mesh_lod1" type="JOINT">
                            <matrix sid="transform">1 0 0 0 0 1 0 0 0 0 1 0 0 0 0 1</matrix>
                        </node>
                    </node>
                    <node id="lod2" sid="lod2" name="lod2" type="JOINT">
                        <matrix sid="transform">1 0 0 0 0 1 0 0 0 0 1 0 0 0 0 1</matrix>
                        <node id="pm0550_00_41_body_mesh_lod2" sid="pm0550_00_41_body_mesh_lod2" name="pm0550_00_41_body_mesh_lod2" type="JOINT">
                            <matrix sid="transform">1 0 0 0 0 1 0 0 0 0 1 0 0 0 0 1</matrix>
                        </node>
                    </node>
                </node>
            </node>
            <node id="pm0550_00_41_body_mesh_shape_lod2_l_eye" sid="pm0550_00_41_body_mesh_shape_lod2_l_eye" name="pm0550_00_41_body_mesh_shape_lod2_l_eye">
                <instance_controller url="#pm0550_00_41_body_mesh_shape_lod2_l_eye-controller">
                    <skeleton>#pm0550_00_41</skeleton>
                    <bind_material>
                        <technique_common>
                            <instance_material target="#l_eye" symbol="l_eye" />
                        </technique_common>
                    </bind_material>
                </instance_controller>
            </node>
            <node id="pm0550_00_41_body_mesh_shape_lod2_r_eye" sid="pm0550_00_41_body_mesh_shape_lod2_r_eye" name="pm0550_00_41_body_mesh_shape_lod2_r_eye">
                <instance_controller url="#pm0550_00_41_body_mesh_shape_lod2_r_eye-controller">
                    <skeleton>#pm0550_00_41</skeleton>
                    <bind_material>
                        <technique_common>
                            <instance_material target="#r_eye" symbol="r_eye" />
                        </technique_common>
                    </bind_material>
                </instance_controller>
            </node>
            <node id="pm0550_00_41_body_mesh_shape_lod2_body_01" sid="pm0550_00_41_body_mesh_shape_lod2_body_01" name="pm0550_00_41_body_mesh_shape_lod2_body_01">
                <instance_controller url="#pm0550_00_41_body_mesh_shape_lod2_body_01-controller">
                    <skeleton>#pm0550_00_41</skeleton>
                    <bind_material>
                        <technique_common>
                            <instance_material target="#body_01" symbol="body_01" />
                        </technique_common>
                    </bind_material>
                </instance_controller>
            </node>
        </visual_scene>
    </library_visual_scenes>
    <scene>
        <instance_visual_scene url="#Scene" />
    </scene>
</COLLADA>