<?xml version="1.0" encoding="utf-8"?>
<COLLADA xmlns:xsd="http://www.w3.org/2001/XMLSchema" xmlns:xsi="http://www.w3.org/2001/XMLSchema-instance" version="1.4.1" xmlns="http://www.collada.org/2005/11/COLLADASchema">
    <asset>
        <created>0001-01-01T00:00:00</created>
        <modified>0001-01-01T00:00:00</modified>
        <unit name="Meter" />
        <contributor>
            <authoring_tool>IONET Exporter</authoring_tool>
        </contributor>
    </asset>
    <library_images>
        <image id="pm0550_00_41_eye_alb-image" name="pm0550_00_41_eye_alb">
            <init_from>pm0550_00_41_eye_alb.png</init_from>
        </image>
        <image id="pm0550_00_41_eye_alb-image_0" name="pm0550_00_41_eye_alb">
            <init_from>pm0550_00_41_eye_alb.png</init_from>
        </image>
        <image id="pm0550_00_41_body_alb-image" name="pm0550_00_41_body_alb">
            <init_from>pm0550_00_41_body_alb.png</init_from>
        </image>
    </library_images>
    <library_materials>
        <material id="l_eye" name="l_eye">
            <instance_effect url="#l_eye-effect" />
        </material>
        <material id="r_eye" name="r_eye">
            <instance_effect url="#r_eye-effect" />
        </material>
        <material id="body_01" name="body_01">
            <instance_effect url="#body_01-effect" />
        </material>
    </library_materials>
    <library_effects>
        <effect id="l_eye-effect" name="l_eye">
            <profile_COMMON>
                <newparam sid="pm0550_00_41_eye_alb-image_surface">
                    <surface type="2D">
                        <init_from>pm0550_00_41_eye_alb-image</init_from>
                    </surface>
                </newparam>
                <newparam sid="pm0550_00_41_eye_alb-image_sampler">
                    <sampler2D>
                        <source>pm0550_00_41_eye_alb-image_surface</source>
                    </sampler2D>
                </newparam>
                <technique sid="standard">
                    <phong>
                        <emission>
                            <color sid="emission">0 0 0 1</color>
                        </emission>
                        <ambient>
                            <color sid="ambient">0 0 0 1</color>
                        </ambient>
                        <diffuse>
                            <texture texture="pm0550_00_41_eye_alb-image_sampler" texcoord="CHANNEL0" />
                        </diffuse>
                        <specular>
                            <color sid="specular">0 0 0 1</color>
                        </specular>
                        <reflective>
                            <color sid="reflective">1 1 1 1</color>
                        </reflective>
                        <shininess>
                            <float sid="shininess">50</float>
                        </shininess>
                        <reflectivity>
                            <float sid="reflectivity">1</float>
                        </reflectivity>
                        <transparency>
                            <float sid="transparency">1</float>
                        </transparency>
                    </phong>
                </technique>
            </profile_COMMON>
        </effect>
        <effect id="r_eye-effect" name="r_eye">
            <profile_COMMON>
                <newparam sid="pm0550_00_41_eye_alb-image_0_surface">
                    <surface type="2D">
                        <init_from>pm0550_00_41_eye_alb-image_0</init_from>
                    </surface>
                </newparam>
                <newparam sid="pm0550_00_41_eye_alb-image_0_sampler">
                    <sampler2D>
                        <source>pm0550_00_41_eye_alb-image_0_surface</source>
                    </sampler2D>
                </newparam>
                <technique sid="standard">
                    <phong>
                        <emission>
                            <color sid="emission">0 0 0 1</color>
                        </emission>
                        <ambient>
                            <color sid="ambient">0 0 0 1</color>
                        </ambient>
                        <diffuse>
                            <texture texture="pm0550_00_41_eye_alb-image_0_sampler" texcoord="CHANNEL0" />
                        </diffuse>
                        <specular>
                            <color sid="specular">0 0 0 1</color>
                        </specular>
                        <reflective>
                            <color sid="reflective">1 1 1 1</color>
                        </reflective>
                        <shininess>
                            <float sid="shininess">50</float>
                        </shininess>
                        <reflectivity>
                            <float sid="reflectivity">1</float>
                        </reflectivity>
                        <transparency>
                            <float sid="transparency">1</float>
                        </transparency>
                    </phong>
                </technique>
            </profile_COMMON>
        </effect>
        <effect id="body_01-effect" name="body_01">
            <profile_COMMON>
                <newparam sid="pm0550_00_41_body_alb-image_surface">
                    <surface type="2D">
                        <init_from>pm0550_00_41_body_alb-image</init_from>
                    </surface>
                </newparam>
                <newparam sid="pm0550_00_41_body_alb-image_sampler">
                    <sampler2D>
                        <source>pm0550_00_41_body_alb-image_surface</source>
                    </sampler2D>
                </newparam>
                <technique sid="standard">
                    <phong>
                        <emission>
                            <color sid="emission">0 0 0 1</color>
                        </emission>
                        <ambient>
                            <color sid="ambient">0 0 0 1</color>
                        </ambient>
                        <diffuse>
                            <texture texture="pm0550_00_41_body_alb-image_sampler" texcoord="CHANNEL0" />
                        </diffuse>
                        <specular>
                            <color sid="specular">0 0 0 1</color>
                        </specular>
                        <reflective>
                            <color sid="reflective">1 1 1 1</color>
                        </reflective>
                        <shininess>
                            <float sid="shininess">50</float>
                        </shininess>
                        <reflectivity>
                            <float sid="reflectivity">1</float>
                        </reflectivity>
                        <transparency>
                            <float sid="transparency">1</float>
                        </transparency>
                    </phong>
                </technique>
            </profile_COMMON>
        </effect>
    </library_effects>
    <library_geometries>
        <geometry id="pm0550_00_41_body_mesh_shape_l_eye-geometry" name="pm0550_00_41_body_mesh_shape_l_eye">
            <mesh>
                <source id="pm0550_00_41_body_mesh_shape_l_eye-geometry-POSITION">
                    <float_array id="pm0550_00_41_body_mesh_shape_l_eye-geometry-POSITION-array" count="147">0.09831277 0.5594068 0.2105843 0.09520444 0.5758471 0.1904556 0.08843733 0.5668572 0.2239572 0.09972569 0.5660084 0.1950924 0.1098121 0.5557857 0.1718452 0.09621648 0.5505883 0.2273546 0.0838556 0.5493805 0.2538018 0.1080488 0.5428079 0.2044349 0.1096226 0.5503323 0.1863147 0.1190602 0.5276113 0.1815535 0.1252332 0.5151337 0.1664233 0.1270992 0.5014847 0.1818867 0.1365782 0.4620967 0.1770134 0.117764 0.5202793 0.199516 0.1065948 0.5344097 0.2223447 0.09430128 0.5422941 0.2421064 0.1153744 0.512809 0.2187644 0.09222868 0.5341987 0.2543352 0.08137073 0.5315139 0.2757092 0.1039338 0.525048 0.2400724 0.0901029 0.5262707 0.2661707 0.100638 0.5155852 0.2554423 0.09639155 0.5070496 0.2691115 0.09217085 0.4952118 0.2824828 0.1125938 0.5047848 0.236485 0.1079613 0.4964353 0.2544065 0.1027656 0.4887047 0.2690762 0.1056446 0.4554366 0.2742492 0.1188814 0.4851191 0.2330968 0.1140155 0.4773572 0.2508242 0.1088516 0.470553 0.2655517 0.1138735 0.4554469 0.2585389 0.1186546 0.4440471 0.2498938 0.1188297 0.4272541 0.2499462 0.1188683 0.4601158 0.2462217 0.1238496 0.4658022 0.2295786 0.1224803 0.446098 0.2414262 0.1246014 0.4372748 0.2379969 0.1299145 0.4367115 0.2236051 0.1340129 0.425822 0.211107 0.1273714 0.4491825 0.2265225 0.1338838 0.4425683 0.2088609 0.13203 0.4531159 0.2101361 0.1350605 0.4571392 0.1951968 0.1280567 0.4713474 0.2123804 0.1322994 0.4790101 0.1862746 0.1309875 0.4763565 0.1955493 0.1224619 0.4920568 0.2152332 0.1251968 0.4977477 0.1970447</float_array>
                    <technique_common>
                        <accessor count="49" offset="0" source="pm0550_00_41_body_mesh_shape_l_eye-geometry-POSITION-array" stride="3">
                            <param name="X" type="float" />
                            <param name="Y" type="float" />
                            <param name="Z" type="float" />
                        </accessor>
                    </technique_common>
                </source>
                <source id="pm0550_00_41_body_mesh_shape_l_eye-geometry-NORMAL">
                    <float_array id="pm0550_00_41_body_mesh_shape_l_eye-geometry-NORMAL-array" count="147">0.8413086 0.4560547 0.2888184 0.8388672 0.4904785 0.2346191 0.7988281 0.4863281 0.3532715 0.8500977 0.4680176 0.2408447 0.909668 0.3901367 0.1387939 0.8222656 0.447998 0.3500977 0.7822266 0.4631348 0.4160156 0.8930664 0.3754883 0.2476807 0.9042969 0.3845215 0.1829834 0.9291992 0.3308105 0.1619873 0.9506836 0.2897949 0.1088867 0.9584961 0.2541504 0.1252441 0.9829102 0.1583252 0.09240723 0.9243164 0.3134766 0.2160645 0.8808594 0.3735352 0.2900391 0.8095703 0.4433594 0.3837891 0.9169922 0.3022461 0.2585449 0.7993164 0.4160156 0.4328613 0.7768555 0.3857422 0.4975586 0.862793 0.3605957 0.3532715 0.7900391 0.3786621 0.4814453 0.8452148 0.3376465 0.4133301 0.8085938 0.3215332 0.4921875 0.800293 0.2491455 0.5444336 0.9038086 0.2814941 0.3217773 0.8808594 0.260498 0.394043 0.840332 0.2080078 0.500061 0.8510742 0.09503174 0.515625 0.9257813 0.2177734 0.3088379 0.9086914 0.1906738 0.3708496 0.8564453 0.1607666 0.4902344 0.8959961 0.06488037 0.4389648 0.8930664 0.0324707 0.4484863 0.9047852 -0.02235413 0.4245605 0.9213867 0.1394043 0.3620605 0.9355469 0.1704102 0.3083496 0.9272461 0.1091309 0.3571777 0.9306641 -0.01795959 0.3647461 0.940918 0.002252579 0.3378906 0.9716797 -0.01535034 0.2355957 0.9399414 0.1347656 0.3127441 0.9838867 0.05145264 0.1697998 0.9492188 0.159668 0.2695313 0.9838867 0.09558105 0.149292 0.9453125 0.1982422 0.2570801 0.9672852 0.2279053 0.1102295 0.9506836 0.2225342 0.2154541 0.9360352 0.2463379 0.2504883 0.9404297 0.2666016 0.2088623</float_array>
                    <technique_common>
                        <accessor count="49" offset="0" source="pm0550_00_41_body_mesh_shape_l_eye-geometry-NORMAL-array" stride="3">
                            <param name="X" type="float" />
                            <param name="Y" type="float" />
                            <param name="Z" type="float" />
                        </accessor>
                    </technique_common>
                </source>
                <source id="pm0550_00_41_body_mesh_shape_l_eye-geometry-TEXCOORD">
                    <float_array id="pm0550_00_41_body_mesh_shape_l_eye-geometry-TEXCOORD-array" count="98">0.4259942 0.8557931 0.3148936 0.9607143 0.5162046 0.9123458 0.3355582 0.8951828 0.1903581 0.8283284 0.5252104 0.8056616 0.6961446 0.8141748 0.3787914 0.7480409 0.2733555 0.7929095 0.2354482 0.651574 0.1417851 0.5759823 0.2293847 0.4922477 0.1933548 0.2556198 0.3397913 0.6076223 0.4828106 0.6981791 0.6127317 0.7581408 0.4526608 0.5644828 0.6866505 0.7132444 0.8277985 0.7113589 0.5878697 0.6454662 0.7582532 0.6688894 0.6813866 0.594102 0.7677727 0.5496775 0.8547762 0.4864662 0.5575395 0.519487 0.6669438 0.4756335 0.7600904 0.4367983 0.7945595 0.24176 0.5325808 0.400623 0.6412669 0.3601966 0.7339969 0.3259798 0.6907333 0.2344104 0.6371613 0.1641488 0.6423644 0.06592107 0.6117409 0.2567989 0.5091844 0.2853277 0.582342 0.1731066 0.5618345 0.1205922 0.4722729 0.1128734 0.3977696 0.04589987 0.4901001 0.1868289 0.3823421 0.1436881 0.3900511 0.2060103 0.3005557 0.2275361 0.4054211 0.3142012 0.2503394 0.3563718 0.3050823 0.3416246 0.4256791 0.4382653 0.3183969 0.4703494</float_array>
                    <technique_common>
                        <accessor count="49" offset="0" source="pm0550_00_41_body_mesh_shape_l_eye-geometry-TEXCOORD-array" stride="2">
                            <param name="S" type="float" />
                            <param name="T" type="float" />
                        </accessor>
                    </technique_common>
                </source>
                <vertices id="pm0550_00_41_body_mesh_shape_l_eye-vertices">
                    <input semantic="POSITION" source="#pm0550_00_41_body_mesh_shape_l_eye-geometry-POSITION" />
                </vertices>
                <triangles count="85" material="l_eye">
                    <input semantic="VERTEX" source="#pm0550_00_41_body_mesh_shape_l_eye-vertices" offset="0" set="0" />
                    <input semantic="NORMAL" source="#pm0550_00_41_body_mesh_shape_l_eye-geometry-NORMAL" offset="1" set="0" />
                    <input semantic="TEXCOORD" source="#pm0550_00_41_body_mesh_shape_l_eye-geometry-TEXCOORD" offset="2" set="0" />
                    <p>0 0 0 1 1 1 2 2 2 3 3 3 1 1 1 0 0 0 3 3 3 4 4 4 1 1 1 5 5 5 0 0 0 2 2 2 6 6 6 5 5 5 2 2 2 7 7 7 3 3 3 0 0 0 5 5 5 7 7 7 0 0 0 8 8 8 4 4 4 3 3 3 8 8 8 3 3 3 7 7 7 8 8 8 9 9 9 4 4 4 7 7 7 9 9 9 8 8 8 4 4 4 9 9 9 10 10 10 9 9 9 11 11 11 10 10 10 11 11 11 12 12 12 10 10 10 13 13 13 9 9 9 7 7 7 9 9 9 13 13 13 11 11 11 14 14 14 7 7 7 5 5 5 7 7 7 14 14 14 13 13 13 5 5 5 15 15 15 14 14 14 15 15 15 5 5 5 6 6 6 13 13 13 14 14 14 16 16 16 17 17 17 15 15 15 6 6 6 18 18 18 17 17 17 6 6 6 14 14 14 15 15 15 19 19 19 15 15 15 17 17 17 19 19 19 19 19 19 16 16 16 14 14 14 20 20 20 17 17 17 18 18 18 19 19 19 17 17 17 21 21 21 17 17 17 20 20 20 21 21 21 20 20 20 18 18 18 22 22 22 21 21 21 20 20 20 22 22 22 22 22 22 18 18 18 23 23 23 19 19 19 21 21 21 24 24 24 24 24 24 16 16 16 19 19 19 22 22 22 25 25 25 21 21 21 24 24 24 21 21 21 25 25 25 26 26 26 22 22 22 23 23 23 26 26 26 25 25 25 22 22 22 27 27 27 26 26 26 23 23 23 25 25 25 28 28 28 24 24 24 26 26 26 29 29 29 25 25 25 29 29 29 28 28 28 25 25 25 30 30 30 26 26 26 27 27 27 30 30 30 29 29 29 26 26 26 31 31 31 30 30 30 27 27 27 30 30 30 31 31 31 29 29 29 31 31 31 27 27 27 32 32 32 32 32 32 27 27 27 33 33 33 29 29 29 31 31 31 34 34 34 32 32 32 34 34 34 31 31 31 35 35 35 29 29 29 34 34 34 28 28 28 29 29 29 35 35 35 36 36 36 34 34 34 32 32 32 36 36 36 35 35 35 34 34 34 37 37 37 32 32 32 33 33 33 37 37 37 36 36 36 32 32 32 37 37 37 33 33 33 38 38 38 38 38 38 33 33 33 39 39 39 37 37 37 40 40 40 36 36 36 38 38 38 40 40 40 37 37 37 40 40 40 35 35 35 36 36 36 41 41 41 38 38 38 39 39 39 41 41 41 40 40 40 38 38 38 40 40 40 42 42 42 35 35 35 42 42 42 40 40 40 41 41 41 41 41 41 39 39 39 43 43 43 43 43 43 42 42 42 41 41 41 43 43 43 39 39 39 12 12 12 35 35 35 42 42 42 44 44 44 43 43 43 44 44 44 42 42 42 44 44 44 28 28 28 35 35 35 45 45 45 43 43 43 12 12 12 45 45 45 12 12 12 11 11 11 46 46 46 44 44 44 43 43 43 43 43 43 45 45 45 46 46 46 47 47 47 28 28 28 44 44 44 46 46 46 47 47 47 44 44 44 28 28 28 47 47 47 24 24 24 24 24 24 47 47 47 16 16 16 45 45 45 48 48 48 46 46 46 48 48 48 47 47 47 46 46 46 11 11 11 48 48 48 45 45 45 47 47 47 48 48 48 16 16 16 11 11 11 13 13 13 48 48 48 16 16 16 48 48 48 13 13 13</p>
                </triangles>
            </mesh>
        </geometry>
        <geometry id="pm0550_00_41_body_mesh_shape_r_eye-geometry" name="pm0550_00_41_body_mesh_shape_r_eye">
            <mesh>
                <source id="pm0550_00_41_body_mesh_shape_r_eye-geometry-POSITION">
                    <float_array id="pm0550_00_41_body_mesh_shape_r_eye-geometry-POSITION-array" count="147">-0.08843733 0.5668572 0.2239572 -0.09520444 0.5758471 0.1904556 -0.09831277 0.5594068 0.2105843 -0.09972569 0.5660084 0.1950924 -0.1098121 0.5557857 0.1718452 -0.09621648 0.5505883 0.2273546 -0.0838556 0.5493805 0.2538018 -0.1080488 0.5428079 0.2044349 -0.1096226 0.5503323 0.1863147 -0.1190602 0.5276113 0.1815535 -0.1252332 0.5151337 0.1664233 -0.1270992 0.5014847 0.1818867 -0.1365782 0.4620967 0.1770134 -0.117764 0.5202793 0.199516 -0.1065948 0.5344097 0.2223447 -0.09430128 0.5422941 0.2421064 -0.1153744 0.512809 0.2187644 -0.09222868 0.5341987 0.2543352 -0.08137073 0.5315139 0.2757092 -0.1039338 0.525048 0.2400724 -0.0901029 0.5262707 0.2661707 -0.100638 0.5155852 0.2554423 -0.09639155 0.5070496 0.2691115 -0.09217085 0.4952118 0.2824828 -0.1125938 0.5047848 0.236485 -0.1079613 0.4964353 0.2544065 -0.1027656 0.4887047 0.2690762 -0.1056446 0.4554366 0.2742492 -0.1188814 0.4851191 0.2330968 -0.1088516 0.470553 0.2655517 -0.1140155 0.4773572 0.2508242 -0.1138735 0.4554469 0.2585389 -0.1186546 0.4440471 0.2498938 -0.1188297 0.4272541 0.2499462 -0.1188683 0.4601158 0.2462217 -0.1238496 0.4658022 0.2295786 -0.1224803 0.446098 0.2414262 -0.1246014 0.4372748 0.2379969 -0.1299145 0.4367115 0.2236051 -0.1340129 0.425822 0.211107 -0.1273714 0.4491825 0.2265225 -0.1338838 0.4425683 0.2088609 -0.13203 0.4531159 0.2101361 -0.1350605 0.4571392 0.1951968 -0.1280567 0.4713474 0.2123804 -0.1322994 0.4790101 0.1862746 -0.1309875 0.4763565 0.1955493 -0.1224619 0.4920568 0.2152332 -0.1251968 0.4977477 0.1970447</float_array>
                    <technique_common>
                        <accessor count="49" offset="0" source="pm0550_00_41_body_mesh_shape_r_eye-geometry-POSITION-array" stride="3">
                            <param name="X" type="float" />
                            <param name="Y" type="float" />
                            <param name="Z" type="float" />
                        </accessor>
                    </technique_common>
                </source>
                <source id="pm0550_00_41_body_mesh_shape_r_eye-geometry-NORMAL">
                    <float_array id="pm0550_00_41_body_mesh_shape_r_eye-geometry-NORMAL-array" count="147">-0.7988281 0.4863281 0.3532715 -0.8388672 0.4904785 0.2346191 -0.8413086 0.4560547 0.2888184 -0.8500977 0.4680176 0.2408447 -0.909668 0.3901367 0.1387939 -0.8222656 0.447998 0.3500977 -0.7822266 0.4631348 0.4160156 -0.8930664 0.3754883 0.2476807 -0.9042969 0.3845215 0.1829834 -0.9291992 0.3308105 0.1619873 -0.9506836 0.2897949 0.1088867 -0.9584961 0.2541504 0.1252441 -0.9829102 0.1583252 0.09240723 -0.9243164 0.3134766 0.2160645 -0.8808594 0.3735352 0.2900391 -0.8095703 0.4433594 0.3837891 -0.9169922 0.3022461 0.2585449 -0.7993164 0.4160156 0.4328613 -0.7768555 0.3857422 0.4975586 -0.862793 0.3605957 0.3532715 -0.7900391 0.3786621 0.4814453 -0.8452148 0.3376465 0.4133301 -0.8085938 0.3215332 0.4921875 -0.800293 0.2491455 0.5444336 -0.9038086 0.2814941 0.3217773 -0.8808594 0.260498 0.394043 -0.840332 0.2080078 0.500061 -0.8510742 0.09503174 0.515625 -0.9257813 0.2177734 0.3088379 -0.8564453 0.1607666 0.4902344 -0.9086914 0.1906738 0.3708496 -0.8959961 0.06488037 0.4389648 -0.8930664 0.0324707 0.4484863 -0.9047852 -0.02235413 0.4245605 -0.9213867 0.1394043 0.3620605 -0.9355469 0.1704102 0.3083496 -0.9272461 0.1091309 0.3571777 -0.9306641 -0.01795959 0.3647461 -0.940918 0.002252579 0.3378906 -0.9716797 -0.01535034 0.2355957 -0.9399414 0.1347656 0.3127441 -0.9838867 0.05145264 0.1697998 -0.9492188 0.159668 0.2695313 -0.9838867 0.09558105 0.149292 -0.9453125 0.1982422 0.2570801 -0.9672852 0.2279053 0.1102295 -0.9506836 0.2225342 0.2154541 -0.9360352 0.2463379 0.2504883 -0.9404297 0.2666016 0.2088623</float_array>
                    <technique_common>
                        <accessor count="49" offset="0" source="pm0550_00_41_body_mesh_shape_r_eye-geometry-NORMAL-array" stride="3">
                            <param name="X" type="float" />
                            <param name="Y" type="float" />
                            <param name="Z" type="float" />
                        </accessor>
                    </technique_common>
                </source>
                <source id="pm0550_00_41_body_mesh_shape_r_eye-geometry-TEXCOORD">
                    <float_array id="pm0550_00_41_body_mesh_shape_r_eye-geometry-TEXCOORD-array" count="98">0.5162046 0.9123458 0.3148936 0.9607143 0.4259941 0.8557931 0.3355582 0.8951828 0.1903581 0.8283284 0.5252104 0.8056616 0.6961446 0.8141748 0.3787914 0.7480409 0.2733555 0.7929095 0.2354482 0.651574 0.1417852 0.5759823 0.2293847 0.4922477 0.1933549 0.2556198 0.3397913 0.6076223 0.4828106 0.6981791 0.6127317 0.7581408 0.4526608 0.5644828 0.6866505 0.7132444 0.8277985 0.7113589 0.5878697 0.6454662 0.7582532 0.6688894 0.6813866 0.594102 0.7677727 0.5496775 0.8547762 0.4864662 0.5575395 0.519487 0.6669438 0.4756335 0.7600904 0.4367983 0.7945595 0.24176 0.5325808 0.400623 0.7339969 0.3259798 0.6412669 0.3601966 0.6907333 0.2344104 0.6371613 0.1641488 0.6423644 0.06592107 0.6117409 0.2567989 0.5091844 0.2853277 0.582342 0.1731066 0.5618345 0.1205922 0.4722729 0.1128734 0.3977696 0.04589987 0.4901001 0.1868289 0.3823421 0.1436881 0.3900511 0.2060103 0.3005557 0.2275361 0.4050906 0.3142012 0.2503394 0.3563718 0.3050824 0.3416246 0.4256791 0.4382653 0.3183969 0.4703494</float_array>
                    <technique_common>
                        <accessor count="49" offset="0" source="pm0550_00_41_body_mesh_shape_r_eye-geometry-TEXCOORD-array" stride="2">
                            <param name="S" type="float" />
                            <param name="T" type="float" />
                        </accessor>
                    </technique_common>
                </source>
                <vertices id="pm0550_00_41_body_mesh_shape_r_eye-vertices">
                    <input semantic="POSITION" source="#pm0550_00_41_body_mesh_shape_r_eye-geometry-POSITION" />
                </vertices>
                <triangles count="85" material="r_eye">
                    <input semantic="VERTEX" source="#pm0550_00_41_body_mesh_shape_r_eye-vertices" offset="0" set="0" />
                    <input semantic="NORMAL" source="#pm0550_00_41_body_mesh_shape_r_eye-geometry-NORMAL" offset="1" set="0" />
                    <input semantic="TEXCOORD" source="#pm0550_00_41_body_mesh_shape_r_eye-geometry-TEXCOORD" offset="2" set="0" />
                    <p>0 0 0 1 1 1 2 2 2 2 2 2 1 1 1 3 3 3 1 1 1 4 4 4 3 3 3 5 5 5 0 0 0 2 2 2 5 5 5 6 6 6 0 0 0 2 2 2 3 3 3 7 7 7 7 7 7 5 5 5 2 2 2 3 3 3 4 4 4 8 8 8 7 7 7 3 3 3 8 8 8 8 8 8 4 4 4 9 9 9 9 9 9 7 7 7 8 8 8 9 9 9 4 4 4 10 10 10 9 9 9 10 10 10 11 11 11 10 10 10 12 12 12 11 11 11 13 13 13 7 7 7 9 9 9 11 11 11 13 13 13 9 9 9 14 14 14 5 5 5 7 7 7 13 13 13 14 14 14 7 7 7 14 14 14 15 15 15 5 5 5 15 15 15 6 6 6 5 5 5 16 16 16 14 14 14 13 13 13 17 17 17 6 6 6 15 15 15 17 17 17 18 18 18 6 6 6 19 19 19 15 15 15 14 14 14 19 19 19 17 17 17 15 15 15 16 16 16 19 19 19 14 14 14 20 20 20 18 18 18 17 17 17 21 21 21 17 17 17 19 19 19 21 21 21 20 20 20 17 17 17 22 22 22 18 18 18 20 20 20 22 22 22 20 20 20 21 21 21 23 23 23 18 18 18 22 22 22 24 24 24 21 21 21 19 19 19 24 24 24 19 19 19 16 16 16 25 25 25 22 22 22 21 21 21 25 25 25 21 21 21 24 24 24 26 26 26 23 23 23 22 22 22 26 26 26 22 22 22 25 25 25 26 26 26 27 27 27 23 23 23 28 28 28 25 25 25 24 24 24 29 29 29 27 27 27 26 26 26 30 30 30 26 26 26 25 25 25 29 29 29 26 26 26 30 30 30 30 30 30 25 25 25 28 28 28 31 31 31 27 27 27 29 29 29 30 30 30 31 31 31 29 29 29 32 32 32 27 27 27 31 31 31 33 33 33 27 27 27 32 32 32 34 34 34 31 31 31 30 30 30 31 31 31 34 34 34 32 32 32 30 30 30 35 35 35 34 34 34 28 28 28 35 35 35 30 30 30 32 32 32 34 34 34 36 36 36 34 34 34 35 35 35 36 36 36 37 37 37 33 33 33 32 32 32 37 37 37 32 32 32 36 36 36 38 38 38 33 33 33 37 37 37 39 39 39 33 33 33 38 38 38 36 36 36 40 40 40 37 37 37 37 37 37 40 40 40 38 38 38 36 36 36 35 35 35 40 40 40 41 41 41 39 39 39 38 38 38 38 38 38 40 40 40 41 41 41 40 40 40 35 35 35 42 42 42 41 41 41 40 40 40 42 42 42 43 43 43 39 39 39 41 41 41 43 43 43 41 41 41 42 42 42 12 12 12 39 39 39 43 43 43 42 42 42 35 35 35 44 44 44 42 42 42 44 44 44 43 43 43 28 28 28 44 44 44 35 35 35 45 45 45 12 12 12 43 43 43 11 11 11 12 12 12 45 45 45 43 43 43 44 44 44 46 46 46 43 43 43 46 46 46 45 45 45 47 47 47 44 44 44 28 28 28 47 47 47 46 46 46 44 44 44 28 28 28 24 24 24 47 47 47 47 47 47 24 24 24 16 16 16 46 46 46 48 48 48 45 45 45 48 48 48 46 46 46 47 47 47 47 47 47 16 16 16 48 48 48 45 45 45 48 48 48 11 11 11 48 48 48 16 16 16 13 13 13 48 48 48 13 13 13 11 11 11</p>
                </triangles>
            </mesh>
        </geometry>
        <geometry id="pm0550_00_41_body_mesh_shape_body_01-geometry" name="pm0550_00_41_body_mesh_shape_body_01">
            <mesh>
                <source id="pm0550_00_41_body_mesh_shape_body_01-geometry-POSITION">
                    <float_array id="pm0550_00_41_body_mesh_shape_body_01-geometry-POSITION-array" count="6363">0.004321602 0.2693072 0.3364314 -5.040128E-30 0.2506235 0.3245328 -8.077935E-30 0.2705809 0.3378607 0.02376874 0.258929 0.3245235 0.01553785 0.2463127 0.3161902 1.89918E-30 0.2341857 0.3009371 0.04297717 0.2485509 0.3099185 0.02443773 0.2358221 0.2937555 0.04174463 0.2404379 0.2799532 0.06861625 0.256026 0.2857303 0.06610852 0.2511076 0.2501577 0.09019574 0.2666406 0.2560354 0.08727319 0.2671026 0.2103279 0.109798 0.2802335 0.2207431 0.1016205 0.2833855 0.1737952 0.1269768 0.2962018 0.1816213 0.1081391 0.2983783 0.1399319 0.1392322 0.3097692 0.1446941 0.1461203 0.3201619 0.1138178 0.1025238 0.3153781 0.1060593 0.1378949 0.3375558 0.07212135 0.07822135 0.3303852 0.07973614 0.1320844 0.3518587 0.1202478 0.1423553 0.327791 0.1383419 0.09968106 0.3542759 0.04288432 0.04185281 0.3413034 0.06362774 0.09483758 0.3824173 0.096903 0.1261166 0.3665684 0.1614724 0.1364119 0.3393254 0.1737084 0.1286732 0.3549447 0.2063181 0.08772094 0.3996382 0.1483246 0.1177651 0.378747 0.2001397 0.1193855 0.3723588 0.2363948 0.04587726 0.413394 0.1424777 0.1078398 0.3926331 0.2341617 0.1043349 0.3923461 0.2702832 0.08037215 0.4113955 0.1913205 0.09194634 0.407791 0.268828 0.08342216 0.4139203 0.3079959 0.07268313 0.4218682 0.2311734 0.04241031 0.4228991 0.1873478 0.07156959 0.4266667 0.307242 0.06672166 0.4251141 0.3303471 0.0623459 0.4310501 0.2672355 0.03775608 0.4310673 0.2303893 0.05066441 0.43807 0.3351414 0.05340291 0.4294678 0.3485418 0.04626946 0.4392691 0.3067416 0.0310231 0.4376712 0.2672365 0.03529753 0.4382552 0.352468 0.02839896 0.4074156 0.3644049 0.03305466 0.4431225 0.3371105 0.01339526 0.4145676 0.3667261 0.004073689 0.3867764 0.3757641 0.02518422 0.4423959 0.3549301 0.02376947 0.443585 0.3066005 0.01563386 0.4463255 0.3382306 0.01361606 0.4450505 0.3559044 2.057542E-30 0.4155801 0.3683216 2.072066E-30 0.3853449 0.3764932 -0.004073689 0.3867764 0.3757641 1.942845E-30 0.4475225 0.3385325 -0.01339526 0.4145676 0.3667261 -0.02839896 0.4074156 0.3644049 2.025277E-30 0.4457968 0.3563754 -0.01361606 0.4450505 0.3559044 1.791379E-30 0.4453492 0.3066445 -0.01563386 0.4463255 0.3382306 -0.02518422 0.4423959 0.3549301 -0.03529753 0.4382552 0.352468 -0.05340291 0.4294678 0.3485418 -0.03305466 0.4431225 0.3371105 -0.05066441 0.43807 0.3351414 -0.06672166 0.4251141 0.3303471 -0.02376947 0.443585 0.3066005 -0.04626946 0.4392691 0.3067416 -0.07156959 0.4266667 0.307242 -0.08342216 0.4139203 0.3079959 1.598821E-30 0.4393738 0.2666454 -0.09194634 0.407791 0.268828 -0.1043349 0.3923461 0.2702832 1.422291E-30 0.4329581 0.2301328 -0.0310231 0.4376712 0.2672365 1.207861E-30 0.4250801 0.1857957 -0.03775608 0.4310673 0.2303893 -0.0623459 0.4310501 0.2672355 -0.07268313 0.4218682 0.2311734 -0.04241031 0.4228991 0.1873478 9.751478E-31 0.4168062 0.1414583 -0.1078398 0.3926331 0.2341617 -0.1193855 0.3723588 0.2363948 -0.08037215 0.4113955 0.1913205 -0.1177651 0.378747 0.2001397 -0.1286732 0.3549447 0.2063181 -0.04587726 0.413394 0.1424777 -0.08772094 0.3996382 0.1483246 -0.1261166 0.3665684 0.1614724 -0.1364119 0.3393254 0.1737084 -0.1423553 0.327791 0.1383419 -0.1320844 0.3518587 0.1202478 -0.1461203 0.3201619 0.1138178 -0.09483758 0.3824173 0.096903 -0.1378949 0.3375558 0.07212135 -0.1025238 0.3153781 0.1060593 -0.1081391 0.2983783 0.1399319 -0.1392322 0.3097692 0.1446941 -0.07822135 0.3303852 0.07973614 -0.1269768 0.2962018 0.1816213 -0.1016205 0.2833855 0.1737952 -0.109798 0.2802335 0.2207431 -0.08727319 0.2671026 0.2103279 -0.09019574 0.2666406 0.2560354 -0.06610852 0.2511076 0.2501577 -0.06861625 0.256026 0.2857303 -0.04174463 0.2404379 0.2799532 -0.04297717 0.2485509 0.3099185 -0.02443773 0.2358221 0.2937555 -0.01553785 0.2463127 0.3161902 1.89918E-30 0.2341857 0.3009371 -0.02376874 0.258929 0.3245235 -5.040128E-30 0.2506235 0.3245328 -0.004321602 0.2693072 0.3364314 -8.077935E-30 0.2705809 0.3378607 -0.09968106 0.3542759 0.04288432 -0.04185281 0.3413034 0.06362774 -0.04961367 0.3958989 0.08351411 -0.05211178 0.3677638 0.02364515 3.695354E-31 0.3455838 0.05855522 5.298315E-31 0.4016446 0.07721505 2.566959E-31 0.3732288 0.01989323 0.05211178 0.3677638 0.02364515 0.04961367 0.3958989 0.08351411 -8.138845E-31 0.5652965 -0.1290801 -8.476861E-31 0.5954558 -0.1456189 0.01139004 0.5718335 -0.1181878 0.008838689 0.6013546 -0.1377233 0.01626008 0.5876062 -0.08376589 -8.515598E-31 0.6245291 -0.1577645 0.01162698 0.6346228 -0.102821 0.01926252 0.5996574 -0.04798607 0.006314406 0.6298245 -0.1527123 0.01629625 0.6541076 -0.06506538 0.01978444 0.6087132 -0.009611023 0.003081653 0.6528106 -0.1627653 -8.555586E-31 0.6552958 -0.1682833 -7.929547E-31 0.660074 -0.1630619 0.003146661 0.6548591 -0.1605397 -5.753333E-31 0.6530684 -0.1340557 0.00709838 0.6484066 -0.1358113 -4.144272E-31 0.6441059 -0.1076651 0.007372713 0.6897367 -0.105369 -1.680043E-31 0.6877764 -0.1100915 2.107994E-32 0.724423 -0.1106385 0.004328147 0.7259595 -0.1064747 0.01125746 0.6978758 -0.08417307 0.002774292 0.7448549 -0.1066227 1.386091E-31 0.7473399 -0.1093283 0.006330567 0.7293282 -0.09719572 0.00337651 0.7478004 -0.1049497 1.703638E-31 0.7514761 -0.1063034 2.09562E-31 0.7505875 -0.1013539 0.002766901 0.7469936 -0.1016751 1.97327E-31 0.7350301 -0.08346394 0.004574887 0.7329472 -0.08800573 0.008139035 0.7076443 -0.06243667 1.624479E-31 0.710542 -0.05677317 8.051112E-32 0.6791063 -0.02387223 0.01483912 0.6666393 -0.02104647 0.007890452 0.716 -0.005450728 4.123792E-31 0.7166646 -0.01077017 0.01673145 0.6679758 0.0237894 0.01970896 0.6138853 0.03115639 7.019798E-31 0.7524241 0.001100773 0.0134325 0.6626051 0.07162391 0.01758205 0.6177216 0.07107329 0.01089958 0.7173403 0.01917717 0.004583792 0.7524202 0.00541217 0.003050616 0.7672637 0.009927664 8.419588E-31 0.7704483 0.007840258 0.006447335 0.7528903 0.0149865 0.003570253 0.7700766 0.01320263 8.487784E-31 0.7743425 0.01255235 8.57136E-31 0.771255 0.01814643 0.003032144 0.7680433 0.01695072 7.788001E-31 0.7541276 0.02888994 0.004517266 0.7535907 0.02521289 0.007782852 0.7185711 0.04359543 5.887468E-31 0.7194315 0.04855258 3.768591E-31 0.6740782 0.07229125 0.007348408 0.6873259 0.09488329 6.502089E-31 0.6906527 0.09046035 0.0111 0.6529708 0.1093704 0.01524938 0.6178335 0.1059532 6.639668E-31 0.6180578 0.1183813 7.418582E-31 0.6524696 0.1178471 0.005763593 0.6825748 0.1119604 8.553272E-31 0.682925 0.1171656 0.002353535 0.7008341 0.1132396 9.625949E-31 0.7043883 0.1157938 0.002482864 0.701835 0.1109613 9.291724E-31 0.7072509 0.1111154 1.987885E-31 0.1573641 0.06908837 0.04013491 0.1662468 0.1046576 2.607606E-31 0.1594436 0.1071606 0.04004443 0.1650182 0.06712654 1.517872E-31 0.157707 0.02785123 0.08328514 0.1873177 0.1013358 0.03938321 0.1655338 0.02571505 7.209734E-32 0.1601839 -0.01461271 0.08388378 0.1870541 0.06328637 0.1222575 0.2278806 0.09815741 0.03830772 0.1684169 -0.01577533 -1.795429E-31 0.1660936 -0.06293294 0.08288085 0.1871734 0.02223553 0.121519 0.2274256 0.05814025 0.1477223 0.2752379 0.09653233 0.03676666 0.1748942 -0.06312135 -7.091101E-31 0.1759564 -0.1154338 0.1471391 0.2748864 0.05497463 0.1560138 0.3213206 0.09642223 0.1187126 0.2278215 0.01697355 0.08003706 0.1901659 -0.01877835 0.1444224 0.2738675 0.0131536 0.1147522 0.2300816 -0.02388285 0.07568102 0.1960899 -0.06478812 0.03422907 0.1851279 -0.1154338 -1.267327E-30 0.1878162 -0.1591229 0.1083197 0.2332384 -0.06694024 0.03168454 0.1969936 -0.1594888 -1.798142E-30 0.2034562 -0.2024928 0.06916887 0.2061458 -0.1154337 0.02768861 0.2115798 -0.2026725 -2.230494E-30 0.2194894 -0.239124 0.06090877 0.2180652 -0.1594557 0.0978995 0.2396824 -0.1154337 0.02352158 0.2275651 -0.2388856 -2.588576E-30 0.2371085 -0.2751175 0.05227081 0.2323985 -0.2026312 0.08599867 0.2483544 -0.1594501 0.01888476 0.2450023 -0.2751174 -2.902544E-30 0.2559638 -0.307451 0.04456351 0.2475272 -0.2388728 0.07386758 0.2579683 -0.2026236 0.01474267 0.2625084 -0.307451 -3.28868E-30 0.2745101 -0.3474081 0.0358776 0.2614987 -0.2751175 0.06154303 0.2698674 -0.2388704 0.01070205 0.2799704 -0.3474081 -3.466691E-30 0.2767346 -0.3662127 0.02721713 0.2764792 -0.307451 0.04896824 0.283144 -0.2751174 0.008834354 0.2841238 -0.3662127 0.01852999 0.2902189 -0.3474081 0.03653218 0.2940221 -0.307451 0.00750727 0.2660857 -0.4099706 -3.880918E-30 0.2558731 -0.4099706 0.01515324 0.2936342 -0.3662127 0.006180182 0.2480477 -0.4537285 -4.295145E-30 0.2350117 -0.4537286 0.01347473 0.2802587 -0.4099706 0.01179621 0.2668833 -0.4537285 0.00545133 0.2329041 -0.4910832 -4.603012E-30 0.2182194 -0.4862509 -4.910879E-30 0.201427 -0.5187733 0.009583411 0.2543563 -0.4963155 0.004722474 0.2177604 -0.528438 -5.155405E-30 0.1904718 -0.5446044 0.00737061 0.2418292 -0.5389026 0.002418262 0.2107072 -0.5546284 -5.297768E-30 0.192836 -0.5596432 -5.38563E-30 0.2097345 -0.5689248 0.003646716 0.2353455 -0.5649825 -5.484427E-30 0.2332115 -0.5793615 0.009424073 0.2668456 -0.5465532 0.004456604 0.260626 -0.5734509 -5.561818E-30 0.2580498 -0.5875368 0.01226919 0.2767561 -0.5001408 0.005086516 0.290527 -0.5798064 -5.62206E-30 0.2879739 -0.5939007 0.01068511 0.2951328 -0.5524165 0.004968666 0.3191875 -0.5835689 -5.65927E-30 0.3181975 -0.5978314 0.0151143 0.2866666 -0.4537285 0.01427109 0.3010852 -0.5030725 0.01702632 0.2947821 -0.4099706 0.01785707 0.3070378 -0.4537285 0.01185536 0.3211871 -0.5551662 0.01529394 0.3234651 -0.5044473 0.01993957 0.3109371 -0.4099706 0.01210011 0.3483241 -0.555589 0.01873253 0.325743 -0.4537285 0.01559671 0.3469608 -0.5046588 0.01893834 0.3028977 -0.3662127 0.02202206 0.3148364 -0.3662127 0.02386915 0.302195 -0.3474081 0.02107667 0.3267315 -0.4099706 0.02744326 0.3150891 -0.3474081 0.04291371 0.3092566 -0.307451 0.05705774 0.3031783 -0.2751175 0.04641019 0.3225588 -0.307451 0.02342081 0.32772 -0.3662127 0.02928162 0.3298317 -0.3474081 0.02349246 0.3423234 -0.3662127 0.02129289 0.3439604 -0.4099706 0.02886965 0.3465952 -0.3474082 0.01909332 0.3455974 -0.4537285 0.02265066 0.3556488 -0.3662127 0.02049902 0.3591501 -0.4099706 0.01834737 0.3626513 -0.4537285 0.01533069 0.3677247 -0.5041505 0.01844801 0.3753048 -0.4099706 0.01668442 0.381465 -0.4537285 0.02021161 0.3691447 -0.3662127 0.02662281 0.363687 -0.3474082 0.01687805 0.3802792 -0.3662127 0.01572484 0.3892826 -0.4099706 0.02228191 0.3788347 -0.3474081 0.01251106 0.389164 -0.3662127 0.01733948 0.3900956 -0.3474081 0.01458262 0.3982859 -0.4537285 0.01208579 0.4027795 -0.4099706 0.01448681 0.3888609 -0.5031973 0.01166444 0.4163951 -0.4537285 0.01231402 0.3727982 -0.5545725 0.01289937 0.4091948 -0.5012748 0.0122952 0.3962568 -0.5526661 0.005092615 0.3498788 -0.5846049 -5.673119E-30 0.3505346 -0.5992944 0.0051498 0.3760864 -0.5835781 -5.660068E-30 0.3777436 -0.5979157 0.005092325 0.4014498 -0.5813273 -5.628776E-30 0.4037068 -0.5946101 0.01121126 0.4201037 -0.5488209 0.00503287 0.4270732 -0.5767491 -5.58452E-30 0.4309972 -0.5899351 0.01026679 0.429412 -0.4988655 0.008864347 0.4424289 -0.5440025 0.004406725 0.4514029 -0.5703812 -5.525163E-30 0.4556475 -0.5836648 0.005964648 0.4480148 -0.4957686 0.002974225 0.4713261 -0.5634779 -5.466183E-30 0.4758659 -0.5774342 -5.391194E-30 0.4913408 -0.5695125 -5.258932E-30 0.4926476 -0.5555407 -5.029905E-30 0.4813163 -0.5313468 0.005227836 0.4635509 -0.5378087 -4.662525E-30 0.4631399 -0.4925377 -4.295144E-30 0.4449635 -0.4537285 0.006698449 0.4324788 -0.4537285 -3.880917E-30 0.4232573 -0.4099706 0.006641453 0.4145405 -0.4099706 -3.466691E-30 0.4015512 -0.3662127 0.006584655 0.3966022 -0.3662127 0.009458546 0.4025583 -0.3474081 -3.288679E-30 0.4071434 -0.3474081 0.01608664 0.438596 -0.307451 -2.902544E-30 0.4431109 -0.307451 0.02665487 0.4229606 -0.307451 0.02150727 0.4702895 -0.2751174 -2.588575E-30 0.4753242 -0.2751174 0.03732599 0.4556784 -0.2751174 0.03348829 0.4114207 -0.307451 0.0452334 0.442477 -0.2751175 0.04027294 0.3963043 -0.307451 0.05355042 0.4233016 -0.2751174 0.0563433 0.4753215 -0.2388703 0.04435832 0.3808185 -0.307451 0.06667289 0.4501947 -0.2388703 0.06042444 0.4013816 -0.2751174 0.07345781 0.4191064 -0.2388703 0.04669771 0.3666727 -0.307451 0.06328962 0.3811053 -0.2751174 0.07759372 0.3959674 -0.2388703 0.04774798 0.3513712 -0.307451 0.06411804 0.360421 -0.2751175 0.08027565 0.3712451 -0.2388703 0.04789526 0.3372846 -0.307451 0.06408762 0.3428616 -0.2751174 0.06209801 0.3224689 -0.2751174 0.08062763 0.3482876 -0.2388703 0.07899923 0.3222816 -0.2388703 0.0731049 0.2970749 -0.2388703 0.0869265 0.2914737 -0.2026231 0.09376312 0.3224346 -0.2026231 0.1020279 0.2865135 -0.1594493 0.09614432 0.3532922 -0.2026231 0.109693 0.3223059 -0.1594493 0.1160661 0.2814478 -0.1154338 0.0951638 0.3811666 -0.2026231 0.1119572 0.3595487 -0.1594493 0.1248731 0.3223129 -0.1154337 0.09225476 0.4095196 -0.2026231 0.1107624 0.3915592 -0.1594494 0.1268221 0.3640333 -0.1154338 0.08738588 0.4397277 -0.2026231 0.1062176 0.4251997 -0.1594493 0.0783935 0.4732425 -0.2026231 0.09978452 0.4598088 -0.1594493 0.1247542 0.401989 -0.1154337 0.1194607 0.4399267 -0.1154337 0.08979995 0.498297 -0.1594493 0.1109753 0.4792025 -0.1154338 0.1374469 0.4102847 -0.07157695 0.06690097 0.5044535 -0.202623 0.1392789 0.3678919 -0.07269194 0.04885589 0.489316 -0.2388703 0.1376985 0.322154 -0.07091638 0.02702539 0.5025873 -0.2388703 -2.229671E-30 0.5078089 -0.2388702 0.1287545 0.2769998 -0.06961453 0.1471654 0.3221896 -0.03147432 0.1378538 0.2748729 -0.02852705 0.1490075 0.3699352 -0.03234677 0.1541742 0.3215706 0.01119064 0.1472078 0.4154851 -0.03221089 0.1562584 0.3216039 0.05423567 0.1555438 0.3712803 0.01112367 0.1583492 0.3722797 0.05452442 0.1535769 0.4185654 0.01243616 0.131694 0.4528689 -0.07049137 0.1403554 0.4633696 -0.02884473 0.1216727 0.4960002 -0.06848774 0.09935202 0.5203971 -0.1154338 0.1293185 0.5095777 -0.0243309 0.07762155 0.5346121 -0.1594494 0.1088516 0.5405113 -0.06630798 0.08686391 0.5576425 -0.1154338 0.05915695 0.5177056 -0.2026231 0.06968778 0.5475118 -0.1594493 0.03194143 0.5314485 -0.2026231 -1.799338E-30 0.5362344 -0.202623 0.03793037 0.5621679 -0.1594493 -1.270107E-30 0.5672432 -0.1594493 0.07813125 0.5736074 -0.1154338 0.04283103 0.5871776 -0.1147384 -6.990265E-31 0.5935362 -0.1140135 0.09557534 0.5776505 -0.06438612 0.08516924 0.594555 -0.06293292 0.04681026 0.609235 -0.06048035 -1.626926E-31 0.6170653 -0.05937291 0.1160114 0.5536588 -0.01887648 0.1017603 0.5916703 -0.01331019 0.09051248 0.6102908 -0.009674871 0.05023407 0.6252591 -0.005937668 1.045029E-31 0.6341981 -0.003201889 0.1049316 0.5947735 0.03489806 0.05169433 0.6294537 0.04287569 2.617257E-31 0.639519 0.04524704 0.09362958 0.6149609 0.0397042 0.009061857 0.6374239 0.09024946 3.907746E-31 0.6383253 0.09047518 0.09425948 0.6137032 0.08507412 0.008986964 0.6315819 0.1287714 7.010803E-31 0.6325822 0.129113 0.05305057 0.6272207 0.08823631 0.05260062 0.6216896 0.1268784 0.09344058 0.6078921 0.1236899 0.1060802 0.5941563 0.0804083 0.1063308 0.5888397 0.1202535 0.09222833 0.599681 0.1608322 0.05189711 0.6131467 0.1636544 0.00886395 0.6235059 0.1661012 1.273308E-30 0.6244674 0.1662391 1.409921E-30 0.6136502 0.1971464 0.008646418 0.6127172 0.196792 1.538669E-30 0.6004407 0.2267808 0.008422114 0.5995578 0.2266947 1.662826E-30 0.5831485 0.2561233 0.05064503 0.6025015 0.1948645 0.008043189 0.5824292 0.2559184 1.790759E-30 0.5597465 0.2872963 0.0485388 0.5896809 0.2238564 0.09005926 0.5891007 0.1916342 0.08728494 0.5766061 0.2198524 0.04641617 0.5733407 0.2529272 0.103941 0.5733589 0.1747441 0.007549068 0.5593154 0.286992 0.1051957 0.5795571 0.1570745 0.1022479 0.5662833 0.1939193 0.1191588 0.5456626 0.1677454 0.1208965 0.548098 0.1507303 0.1232161 0.55309 0.1143845 0.1316086 0.5076058 0.1622651 0.1238661 0.5564856 0.07203637 0.1340586 0.5100722 0.1453978 0.1367418 0.5140932 0.1079473 0.1214089 0.5578378 0.02878334 0.1375313 0.5167809 0.06576394 0.1353158 0.5162872 0.02233584 0.149152 0.4667772 0.1020345 0.1468851 0.4684235 0.01629731 0.1493161 0.4694893 0.06047574 0.1558413 0.4189813 0.05717241 0.1550777 0.4191741 0.09876527 0.1580229 0.374734 0.09716211 0.1553056 0.3207072 0.1063773 0.1502877 0.3314638 0.13759 0.1461203 0.3201619 0.1138178 0.1423553 0.327791 0.1383419 0.1534894 0.3790815 0.1378246 0.143738 0.3441914 0.1730709 0.1364119 0.3393254 0.1737084 0.1516925 0.4213957 0.1384032 0.1361783 0.3594557 0.2057158 0.1286732 0.3549447 0.2063181 0.1478545 0.3883267 0.1748766 0.1501927 0.4021634 0.1563155 0.1268511 0.3769863 0.2358837 0.1193855 0.3723588 0.2363948 0.1403304 0.3993683 0.206009 0.1459879 0.4235595 0.1724677 0.1454782 0.4648808 0.1406431 0.1352199 0.4933063 0.1669038 0.1396721 0.4666114 0.1747342 0.1409123 0.4451305 0.1875572 0.1389299 0.431859 0.2022043 0.1348995 0.4698572 0.1956197 0.134245 0.4547661 0.2097923 0.134816 0.4252091 0.2211614 0.1294902 0.4114009 0.2365068 0.1293905 0.4506726 0.2267385 0.1117589 0.3970374 0.2706931 0.1043349 0.3923461 0.2702832 0.08342216 0.4139203 0.3079959 0.127849 0.4269757 0.239892 0.09020973 0.4189252 0.3101275 0.06672166 0.4251141 0.3303471 0.1133042 0.4249918 0.2700043 0.1206321 0.4337629 0.2546234 0.1235773 0.4513527 0.2423591 0.09434824 0.4409817 0.3029896 0.1118016 0.4482397 0.2690517 0.07233339 0.4311024 0.3338909 0.05340291 0.4294678 0.3485418 0.1172493 0.4558813 0.2542599 0.1280909 0.4593297 0.2280148 0.1230999 0.456904 0.2425123 0.1323271 0.4637178 0.2113823 0.1211775 0.4680195 0.2438665 0.1258254 0.472283 0.2296222 0.1294308 0.4763285 0.2136903 0.1168277 0.4655963 0.254845 0.1182891 0.4809515 0.2455924 0.1129868 0.4634296 0.26318 0.1154407 0.4761301 0.2554038 0.1125921 0.472359 0.2622609 0.1122225 0.478012 0.255052 0.1107117 0.4744333 0.2608693 0.1145798 0.4834993 0.2453218 0.1092293 0.4714778 0.2647388 0.1215961 0.4867767 0.2317353 0.1181052 0.4896042 0.2320887 0.1206121 0.4954851 0.2168762 0.1248911 0.4924315 0.216472 0.1226613 0.4998812 0.2015857 0.1318015 0.4810745 0.1979558 0.1270449 0.4969982 0.2011396 0.1252506 0.5020688 0.1887021 0.1338314 0.4846171 0.1850771 0.1286673 0.4997006 0.1884116 0.1269616 0.5030128 0.1818418 0.1296566 0.5019498 0.1791749 0.1297036 0.5055088 0.1744508 0.122463 0.5040939 0.1779452 0.1273853 0.5027681 0.1786022 0.1248426 0.5216185 0.179197 0.1280336 0.5066842 0.178031 0.1278697 0.5054588 0.1848145 0.1268838 0.5020714 0.1849646 0.1169845 0.538645 0.185304 0.1234045 0.5226107 0.1865647 0.1261035 0.5024942 0.1995714 0.1255773 0.499165 0.1983635 0.1227831 0.4942189 0.2163985 0.112798 0.5457106 0.1902463 0.1196029 0.5196822 0.2029602 0.1007394 0.5594068 0.2105843 0.1096044 0.5422432 0.2071629 0.09864309 0.5505883 0.2273546 0.1060388 0.5355985 0.2245316 0.1163064 0.5141222 0.2206479 0.08411089 0.5610156 0.2480142 0.09672789 0.5422941 0.2421064 0.1034204 0.5281306 0.2395487 0.09465529 0.5341987 0.2543352 0.07929696 0.5406659 0.2771219 0.04361624 0.5516322 0.2830699 0.09204563 0.5240459 0.2684994 0.04029655 0.5264313 0.3101569 0.1011683 0.5206209 0.2520051 0.07356569 0.5164435 0.3030297 0.08975296 0.5139025 0.279879 0.006964503 0.5326096 0.314827 1.901923E-30 0.5329817 0.3154633 0.06861975 0.4911814 0.32351 0.006406134 0.5051782 0.3365938 1.981918E-30 0.5053081 0.3371459 0.03722021 0.5001525 0.3318494 0.005913135 0.473343 0.3571807 2.052688E-30 0.4733074 0.357591 0.03438152 0.4695038 0.3504565 0.005374056 0.4435431 0.3704978 2.093595E-30 0.4436677 0.3712807 2.109384E-30 0.4150848 0.379444 0.03127767 0.4412366 0.3628704 0.06370969 0.4630588 0.3412729 0.05833091 0.4363109 0.3532597 0.0206734 0.4230305 0.3718298 0.005015757 0.4145898 0.3784402 0.03084939 0.4122442 0.3702197 0.004174272 0.3896702 0.3826334 2.106746E-30 0.388159 0.3834051 2.072066E-30 0.3853449 0.3764932 0.004073689 0.3867764 0.3757641 0.02839896 0.4074156 0.3644049 0.07780412 0.4536587 0.3249376 0.08272789 0.4781409 0.3114754 0.09718067 0.463159 0.2922807 0.08728883 0.5027378 0.2918103 0.09892099 0.4871811 0.2803804 0.106393 0.4649385 0.2758569 0.1101874 0.4696955 0.2673813 0.1082204 0.4706291 0.2664437 0.1087045 0.4704277 0.2701201 0.1092444 0.4707527 0.2647924 0.1041373 0.4884026 0.2693411 0.1101848 0.4737824 0.2662425 0.1119428 0.4756095 0.2580551 0.09793007 0.5067566 0.2689645 0.1127553 0.478444 0.2592387 0.1162498 0.4820616 0.2451319 0.1053989 0.4940548 0.2626195 0.09788119 0.5113912 0.2656102 0.1169755 0.485506 0.2462423 0.1196685 0.4883535 0.2324264 0.1097226 0.5017533 0.2488243 0.1201741 0.4910823 0.2333026 0.1126857 0.5080224 0.2362062 0.1234119 0.4970065 0.2174717 0.1269768 0.2962018 0.1816213 0.1413051 0.3331644 0.172557 0.1392322 0.3097692 0.1446941 0.1459705 0.3393951 0.1487958 0.1461203 0.3201619 0.1138178 0.1469563 0.3699924 0.1705891 0.1517107 0.3481118 0.1261385 0.1487901 0.3729555 0.157601 0.1524193 0.3793671 0.1438255 0.1495467 0.4000768 0.1714152 0.1513467 0.4031159 0.1625641 0.1499814 0.4014729 0.1673493 0.15001 0.4064508 0.1711149 0.1506792 0.4078442 0.1680682 0.1500399 0.4077565 0.1698784 -8.138845E-31 0.5652965 -0.1290801 -0.01139004 0.5718335 -0.1181878 -8.476861E-31 0.5954558 -0.1456189 -0.008838689 0.6013546 -0.1377233 -0.01626008 0.5876062 -0.08376589 -8.515598E-31 0.6245291 -0.1577645 -0.01162698 0.6346228 -0.102821 -0.01926252 0.5996574 -0.04798607 -0.006314406 0.6298245 -0.1527123 -0.01629625 0.6541076 -0.06506538 -0.01978444 0.6087132 -0.009611023 -0.00709838 0.6484066 -0.1358113 -0.003081653 0.6528106 -0.1627653 -8.555586E-31 0.6552958 -0.1682833 -7.929547E-31 0.660074 -0.1630619 -0.003146661 0.6548591 -0.1605397 -5.753333E-31 0.6530684 -0.1340557 -4.144272E-31 0.6441059 -0.1076651 -0.007372713 0.6897367 -0.105369 -1.680043E-31 0.6877764 -0.1100915 2.107994E-32 0.724423 -0.1106385 -0.004328147 0.7259595 -0.1064747 -0.01125746 0.6978758 -0.08417307 -0.002774292 0.7448549 -0.1066227 1.386091E-31 0.7473399 -0.1093283 -0.006330567 0.7293282 -0.09719572 -0.00337651 0.7478004 -0.1049497 1.703638E-31 0.7514761 -0.1063034 2.09562E-31 0.7505875 -0.1013539 -0.002766901 0.7469936 -0.1016751 1.97327E-31 0.7350301 -0.08346394 -0.004574887 0.7329472 -0.08800573 -0.008139035 0.7076443 -0.06243667 1.624479E-31 0.710542 -0.05677317 8.051112E-32 0.6791063 -0.02387223 -0.01483912 0.6666393 -0.02104647 -0.007890452 0.716 -0.005450728 4.123792E-31 0.7166646 -0.01077017 -0.01673145 0.6679758 0.0237894 -0.01970896 0.6138853 0.03115639 7.019798E-31 0.7524241 0.001100773 -0.0134325 0.6626051 0.07162391 -0.01758205 0.6177216 0.07107329 -0.004583792 0.7524202 0.00541217 -0.01089958 0.7173403 0.01917717 -0.003050616 0.7672637 0.009927664 8.419588E-31 0.7704483 0.007840258 -0.006447335 0.7528903 0.0149865 -0.003570253 0.7700766 0.01320263 8.487784E-31 0.7743425 0.01255235 8.57136E-31 0.771255 0.01814643 -0.003032144 0.7680433 0.01695072 7.788001E-31 0.7541276 0.02888994 -0.004517266 0.7535907 0.02521289 -0.007782852 0.7185711 0.04359543 5.887468E-31 0.7194315 0.04855258 3.768591E-31 0.6740782 0.07229125 -0.007348408 0.6873259 0.09488329 6.502089E-31 0.6906527 0.09046035 -0.0111 0.6529708 0.1093704 -0.01524938 0.6178335 0.1059532 6.639668E-31 0.6180578 0.1183813 7.418582E-31 0.6524696 0.1178471 -0.005763593 0.6825748 0.1119604 8.553272E-31 0.682925 0.1171656 -0.002353535 0.7008341 0.1132396 9.625949E-31 0.7043883 0.1157938 -0.002482864 0.701835 0.1109613 9.291724E-31 0.7072509 0.1111154 -0.04013491 0.1662468 0.1046576 1.987885E-31 0.1573641 0.06908837 2.607606E-31 0.1594436 0.1071606 -0.04004443 0.1650182 0.06712654 -0.08328514 0.1873177 0.1013358 1.517872E-31 0.157707 0.02785123 -0.08388378 0.1870541 0.06328637 -0.1222575 0.2278806 0.09815741 -0.03938321 0.1655338 0.02571505 7.209734E-32 0.1601839 -0.01461271 -0.121519 0.2274256 0.05814025 -0.1477223 0.2752379 0.09653233 -0.08288085 0.1871734 0.02223553 -0.03830772 0.1684169 -0.01577533 -1.795429E-31 0.1660936 -0.06293294 -0.1471391 0.2748864 0.05497463 -0.1560138 0.3213206 0.09642223 -0.1187126 0.2278215 0.01697355 -0.08003706 0.1901659 -0.01877835 -0.03676666 0.1748942 -0.06312135 -7.091101E-31 0.1759564 -0.1154338 -0.1147522 0.2300816 -0.02388285 -0.03422907 0.1851279 -0.1154338 -1.267327E-30 0.1878162 -0.1591229 -0.07568102 0.1960899 -0.06478812 -0.03168454 0.1969936 -0.1594888 -1.798142E-30 0.2034562 -0.2024928 -0.06916887 0.2061458 -0.1154337 -0.1083197 0.2332384 -0.06694024 -0.02768861 0.2115798 -0.2026725 -2.230494E-30 0.2194894 -0.239124 -0.06090877 0.2180652 -0.1594557 -0.0978995 0.2396824 -0.1154337 -0.02352158 0.2275651 -0.2388856 -2.588576E-30 0.2371085 -0.2751175 -0.05227081 0.2323985 -0.2026312 -0.08599867 0.2483544 -0.1594501 -0.01888476 0.2450023 -0.2751174 -2.902544E-30 0.2559638 -0.307451 -0.04456351 0.2475272 -0.2388728 -0.07386758 0.2579683 -0.2026236 -0.01474267 0.2625084 -0.307451 -3.28868E-30 0.2745101 -0.3474081 -0.0358776 0.2614987 -0.2751175 -0.06154303 0.2698674 -0.2388704 -0.01070205 0.2799704 -0.3474081 -3.466691E-30 0.2767346 -0.3662127 -0.02721713 0.2764792 -0.307451 -0.04896824 0.283144 -0.2751174 -0.008834354 0.2841238 -0.3662127 -0.01852999 0.2902189 -0.3474081 -0.03653218 0.2940221 -0.307451 -0.00750727 0.2660857 -0.4099706 -3.880918E-30 0.2558731 -0.4099706 -0.01515324 0.2936342 -0.3662127 -0.006180182 0.2480477 -0.4537285 -4.295145E-30 0.2350117 -0.4537286 -0.01347473 0.2802587 -0.4099706 -0.01179621 0.2668833 -0.4537285 -0.00545133 0.2329041 -0.4910832 -4.603012E-30 0.2182194 -0.4862509 -4.910879E-30 0.201427 -0.5187733 -0.009583411 0.2543563 -0.4963155 -0.004722474 0.2177604 -0.528438 -5.155405E-30 0.1904718 -0.5446044 -0.00737061 0.2418292 -0.5389026 -0.002418262 0.2107072 -0.5546284 -5.297768E-30 0.192836 -0.5596432 -5.38563E-30 0.2097345 -0.5689248 -0.003646716 0.2353455 -0.5649825 -5.484427E-30 0.2332115 -0.5793615 -0.009424073 0.2668456 -0.5465532 -0.004456604 0.260626 -0.5734509 -5.561818E-30 0.2580498 -0.5875368 -0.01226919 0.2767561 -0.5001408 -0.005086516 0.290527 -0.5798064 -5.62206E-30 0.2879739 -0.5939007 -0.01068511 0.2951328 -0.5524165 -0.004968666 0.3191875 -0.5835689 -5.65927E-30 0.3181975 -0.5978314 -0.01427109 0.3010852 -0.5030725 -0.005092615 0.3498788 -0.5846049 -5.673119E-30 0.3505346 -0.5992944 -0.01185536 0.3211871 -0.5551662 -0.01210011 0.3483241 -0.555589 -0.0051498 0.3760864 -0.5835781 -5.660068E-30 0.3777436 -0.5979157 -0.01231402 0.3727982 -0.5545725 -0.005092325 0.4014498 -0.5813273 -5.628776E-30 0.4037068 -0.5946101 -0.0122952 0.3962568 -0.5526661 -0.00503287 0.4270732 -0.5767491 -5.58452E-30 0.4309972 -0.5899351 -0.01121126 0.4201037 -0.5488209 -0.004406725 0.4514029 -0.5703812 -5.525163E-30 0.4556475 -0.5836648 -0.008864347 0.4424289 -0.5440025 -0.002974225 0.4713261 -0.5634779 -5.466183E-30 0.4758659 -0.5774342 -5.391194E-30 0.4913408 -0.5695125 -5.258932E-30 0.4926476 -0.5555407 -5.029905E-30 0.4813163 -0.5313468 -0.005227836 0.4635509 -0.5378087 -4.662525E-30 0.4631399 -0.4925377 -0.005964648 0.4480148 -0.4957686 -4.295144E-30 0.4449635 -0.4537285 -0.01026679 0.429412 -0.4988655 -0.006698449 0.4324788 -0.4537285 -3.880917E-30 0.4232573 -0.4099706 -0.01289937 0.4091948 -0.5012748 -0.01166444 0.4163951 -0.4537285 -0.006641453 0.4145405 -0.4099706 -3.466691E-30 0.4015512 -0.3662127 -0.01448681 0.3888609 -0.5031973 -0.01458262 0.3982859 -0.4537285 -0.01208579 0.4027795 -0.4099706 -0.006584655 0.3966022 -0.3662127 -0.009458546 0.4025583 -0.3474081 -3.288679E-30 0.4071434 -0.3474081 -0.01251106 0.389164 -0.3662127 -0.01572484 0.3892826 -0.4099706 -0.01668442 0.381465 -0.4537285 -0.01533069 0.3677247 -0.5041505 -0.01844801 0.3753048 -0.4099706 -0.01559671 0.3469608 -0.5046588 -0.01834737 0.3626513 -0.4537285 -0.01529394 0.3234651 -0.5044473 -0.01909332 0.3455974 -0.4537285 -0.01785707 0.3070378 -0.4537285 -0.01873253 0.325743 -0.4537285 -0.02049902 0.3591501 -0.4099706 -0.02129289 0.3439604 -0.4099706 -0.01993957 0.3109371 -0.4099706 -0.02107667 0.3267315 -0.4099706 -0.02265066 0.3556488 -0.3662127 -0.02349246 0.3423234 -0.3662127 -0.02021161 0.3691447 -0.3662127 -0.01687805 0.3802792 -0.3662127 -0.01733948 0.3900956 -0.3474081 -0.02228191 0.3788347 -0.3474081 -0.02662281 0.363687 -0.3474082 -0.02665487 0.4229606 -0.307451 -0.03348829 0.4114207 -0.307451 -0.04027294 0.3963043 -0.307451 -0.01608664 0.438596 -0.307451 -2.902544E-30 0.4431109 -0.307451 -0.0452334 0.442477 -0.2751175 -0.02150727 0.4702895 -0.2751174 -2.588575E-30 0.4753242 -0.2751174 -0.03732599 0.4556784 -0.2751174 -0.02702539 0.5025873 -0.2388703 -2.229671E-30 0.5078089 -0.2388702 -0.04885589 0.489316 -0.2388703 -0.03194143 0.5314485 -0.2026231 -1.799338E-30 0.5362344 -0.202623 -0.05915695 0.5177056 -0.2026231 -0.0563433 0.4753215 -0.2388703 -0.03793037 0.5621679 -0.1594493 -1.270107E-30 0.5672432 -0.1594493 -0.06968778 0.5475118 -0.1594493 -0.06690097 0.5044535 -0.202623 -0.07762155 0.5346121 -0.1594494 -0.04283103 0.5871776 -0.1147384 -6.990265E-31 0.5935362 -0.1140135 -0.07813125 0.5736074 -0.1154338 -0.04681026 0.609235 -0.06048035 -1.626926E-31 0.6170653 -0.05937291 -0.08516924 0.594555 -0.06293292 -0.08686391 0.5576425 -0.1154338 -0.09557534 0.5776505 -0.06438612 -0.05023407 0.6252591 -0.005937668 1.045029E-31 0.6341981 -0.003201889 -0.09051248 0.6102908 -0.009674871 -0.05169433 0.6294537 0.04287569 2.617257E-31 0.639519 0.04524704 -0.09362958 0.6149609 0.0397042 -0.1017603 0.5916703 -0.01331019 -0.1049316 0.5947735 0.03489806 -0.1160114 0.5536588 -0.01887648 -0.1214089 0.5578378 0.02878334 -0.1060802 0.5941563 0.0804083 -0.1088516 0.5405113 -0.06630798 -0.1238661 0.5564856 0.07203637 -0.09935202 0.5203971 -0.1154338 -0.09425948 0.6137032 0.08507412 -0.08979995 0.498297 -0.1594493 -0.05305057 0.6272207 0.08823631 -0.0783935 0.4732425 -0.2026231 -0.009061857 0.6374239 0.09024946 3.907746E-31 0.6383253 0.09047518 -0.008986964 0.6315819 0.1287714 7.010803E-31 0.6325822 0.129113 -0.05260062 0.6216896 0.1268784 -0.09344058 0.6078921 0.1236899 -0.00886395 0.6235059 0.1661012 1.273308E-30 0.6244674 0.1662391 1.409921E-30 0.6136502 0.1971464 -0.05189711 0.6131467 0.1636544 -0.008646418 0.6127172 0.196792 1.538669E-30 0.6004407 0.2267808 -0.09222833 0.599681 0.1608322 -0.008422114 0.5995578 0.2266947 1.662826E-30 0.5831485 0.2561233 -0.05064503 0.6025015 0.1948645 -0.008043189 0.5824292 0.2559184 1.790759E-30 0.5597465 0.2872963 -0.0485388 0.5896809 0.2238564 -0.09005926 0.5891007 0.1916342 -0.08728494 0.5766061 0.2198524 -0.04641617 0.5733407 0.2529272 -0.007549068 0.5593154 0.286992 -0.006964503 0.5326096 0.314827 1.901923E-30 0.5329817 0.3154633 -0.04361624 0.5516322 0.2830699 -0.006406134 0.5051782 0.3365938 1.981918E-30 0.5053081 0.3371459 -0.04029655 0.5264313 0.3101569 -0.03722021 0.5001525 0.3318494 -0.005913135 0.473343 0.3571807 2.052688E-30 0.4733074 0.357591 -0.03438152 0.4695038 0.3504565 -0.005374056 0.4435431 0.3704978 2.093595E-30 0.4436677 0.3712807 2.109384E-30 0.4150848 0.379444 -0.03127767 0.4412366 0.3628704 -0.005015757 0.4145898 0.3784402 -0.0206734 0.4230305 0.3718298 -0.03084939 0.4122442 0.3702197 -0.004174272 0.3896702 0.3826334 2.106746E-30 0.388159 0.3834051 2.072066E-30 0.3853449 0.3764932 -0.004073689 0.3867764 0.3757641 -0.02839896 0.4074156 0.3644049 -0.05340291 0.4294678 0.3485418 -0.05833091 0.4363109 0.3532597 -0.07233339 0.4311024 0.3338909 -0.06672166 0.4251141 0.3303471 -0.06370969 0.4630588 0.3412729 -0.09020973 0.4189252 0.3101275 -0.08342216 0.4139203 0.3079959 -0.06861975 0.4911814 0.32351 -0.07780412 0.4536587 0.3249376 -0.07356569 0.5164435 0.3030297 -0.08272789 0.4781409 0.3114754 -0.08728883 0.5027378 0.2918103 -0.07929696 0.5406659 0.2771219 -0.08975296 0.5139025 0.279879 -0.09892099 0.4871811 0.2803804 -0.09718067 0.463159 0.2922807 -0.09434824 0.4409817 0.3029896 -0.106393 0.4649385 0.2758569 -0.1133042 0.4249918 0.2700043 -0.1118016 0.4482397 0.2690517 -0.1117589 0.3970374 0.2706931 -0.1043349 0.3923461 0.2702832 -0.1193855 0.3723588 0.2363948 -0.1268511 0.3769863 0.2358837 -0.1286732 0.3549447 0.2063181 -0.1294902 0.4114009 0.2365068 -0.1361783 0.3594557 0.2057158 -0.1364119 0.3393254 0.1737084 -0.1403304 0.3993683 0.206009 -0.143738 0.3441914 0.1730709 -0.1423553 0.327791 0.1383419 -0.1478545 0.3883267 0.1748766 -0.1502877 0.3314638 0.13759 -0.1461203 0.3201619 0.1138178 -0.1553056 0.3207072 0.1063773 -0.1534894 0.3790815 0.1378246 -0.1580229 0.374734 0.09716211 -0.1501927 0.4021634 0.1563155 -0.1583492 0.3722797 0.05452442 -0.1459879 0.4235595 0.1724677 -0.1516925 0.4213957 0.1384032 -0.1550777 0.4191741 0.09876527 -0.1558413 0.4189813 0.05717241 -0.149152 0.4667772 0.1020345 -0.1493161 0.4694893 0.06047574 -0.1454782 0.4648808 0.1406431 -0.1375313 0.5167809 0.06576394 -0.1367418 0.5140932 0.1079473 -0.1468851 0.4684235 0.01629731 -0.1353158 0.5162872 0.02233584 -0.1232161 0.55309 0.1143845 -0.1293185 0.5095777 -0.0243309 -0.1216727 0.4960002 -0.06848774 -0.1403554 0.4633696 -0.02884473 -0.1535769 0.4185654 0.01243616 -0.1109753 0.4792025 -0.1154338 -0.131694 0.4528689 -0.07049137 -0.1472078 0.4154851 -0.03221089 -0.1555438 0.3712803 0.01112367 -0.1562584 0.3216039 0.05423567 -0.1490075 0.3699352 -0.03234677 -0.1444224 0.2738675 0.0131536 -0.1541742 0.3215706 0.01119064 -0.1378538 0.2748729 -0.02852705 -0.1471654 0.3221896 -0.03147432 -0.1287545 0.2769998 -0.06961453 -0.1392789 0.3678919 -0.07269194 -0.1160661 0.2814478 -0.1154338 -0.1376985 0.322154 -0.07091638 -0.1020279 0.2865135 -0.1594493 -0.1248731 0.3223129 -0.1154337 -0.0869265 0.2914737 -0.2026231 -0.109693 0.3223059 -0.1594493 -0.09376312 0.3224346 -0.2026231 -0.0731049 0.2970749 -0.2388703 -0.07899923 0.3222816 -0.2388703 -0.05705774 0.3031783 -0.2751175 -0.06209801 0.3224689 -0.2751174 -0.08062763 0.3482876 -0.2388703 -0.06408762 0.3428616 -0.2751174 -0.04641019 0.3225588 -0.307451 -0.09614432 0.3532922 -0.2026231 -0.04291371 0.3092566 -0.307451 -0.02386915 0.302195 -0.3474081 -0.02744326 0.3150891 -0.3474081 -0.04789526 0.3372846 -0.307451 -0.02928162 0.3298317 -0.3474081 -0.02202206 0.3148364 -0.3662127 -0.04774798 0.3513712 -0.307451 -0.02342081 0.32772 -0.3662127 -0.02886965 0.3465952 -0.3474082 -0.01893834 0.3028977 -0.3662127 -0.01702632 0.2947821 -0.4099706 -0.0151143 0.2866666 -0.4537285 -0.04669771 0.3666727 -0.307451 -0.04435832 0.3808185 -0.307451 -0.06411804 0.360421 -0.2751175 -0.06328962 0.3811053 -0.2751174 -0.08027565 0.3712451 -0.2388703 -0.06042444 0.4013816 -0.2751174 -0.07759372 0.3959674 -0.2388703 -0.0951638 0.3811666 -0.2026231 -0.05355042 0.4233016 -0.2751174 -0.07345781 0.4191064 -0.2388703 -0.06667289 0.4501947 -0.2388703 -0.09225476 0.4095196 -0.2026231 -0.08738588 0.4397277 -0.2026231 -0.1107624 0.3915592 -0.1594494 -0.09978452 0.4598088 -0.1594493 -0.1062176 0.4251997 -0.1594493 -0.1194607 0.4399267 -0.1154337 -0.1247542 0.401989 -0.1154337 -0.1374469 0.4102847 -0.07157695 -0.1268221 0.3640333 -0.1154338 -0.1119572 0.3595487 -0.1594493 -0.1269768 0.2962018 0.1816213 -0.1392322 0.3097692 0.1446941 -0.1413051 0.3331644 0.172557 -0.1459705 0.3393951 0.1487958 -0.1461203 0.3201619 0.1138178 -0.1469563 0.3699924 0.1705891 -0.1517107 0.3481118 0.1261385 -0.1487901 0.3729555 0.157601 -0.1524193 0.3793671 0.1438255 -0.1495467 0.4000768 0.1714152 -0.1513467 0.4031159 0.1625641 -0.1499814 0.4014729 0.1673493 -0.15001 0.4064508 0.1711149 -0.1506792 0.4078442 0.1680682 -0.1500399 0.4077565 0.1698784 0.1159221 0.2800345 0.1863615 0.109509 0.2797219 0.187061 0.1108503 0.2966952 0.2059505 0.107045 0.2952257 0.2058587 0.09841032 0.2728264 0.2038803 0.1046711 0.3031129 0.217102 0.1063388 0.3049909 0.2181382 0.1022101 0.2926606 0.2138454 0.1038833 0.3033943 0.2190753 0.1053144 0.3050801 0.2205071 0.1042955 0.3033532 0.2221392 0.1030531 0.3018161 0.2202699 0.1008686 0.2886953 0.2254941 0.09881805 0.2886322 0.2219666 0.0914153 0.2652208 0.2224873 0.09490931 0.2631938 0.2275032 0.1108503 0.2966952 0.2059505 0.1194162 0.2780076 0.1913774 0.1159221 0.2800345 0.1863615 0.1129038 0.2942119 0.2084112 0.1124212 0.2704019 0.2099844 0.1076051 0.3026051 0.2183802 0.1063388 0.3049909 0.2181382 0.109508 0.2913977 0.2170249 0.1067492 0.3028984 0.2203239 0.1053144 0.3050801 0.2205071 0.1042955 0.3033532 0.2221392 0.1059871 0.3013083 0.2215482 0.1008686 0.2886953 0.2254941 0.1046768 0.2876184 0.2245191 0.1013225 0.2635064 0.2268036 0.09490931 0.2631938 0.2275032 0.1066447 0.4056326 0.2464171 0.09697306 0.3854703 0.2633414 0.09914682 0.4069874 0.2465534 0.09278724 0.3877077 0.2631342 0.08706637 0.4129747 0.2644498 0.08819632 0.3777827 0.2732241 0.08976655 0.3753271 0.274128 0.08742376 0.3897333 0.2715413 0.08717018 0.3772562 0.2751679 0.08849088 0.3749684 0.2765009 0.08759426 0.3766405 0.2784461 0.0864763 0.3788226 0.2766432 0.08636183 0.3918859 0.2844344 0.08404146 0.3929955 0.2805191 0.0799121 0.4186167 0.2847883 0.08430672 0.4191383 0.2908205 0.1066447 0.4056326 0.2464171 0.1110393 0.4061541 0.2524492 0.09697306 0.3854703 0.2633414 0.09982006 0.387215 0.2666207 0.103885 0.4117962 0.2727877 0.09171828 0.3775359 0.2749702 0.08976655 0.3753271 0.274128 0.09618419 0.3891195 0.2758844 0.09061044 0.3770152 0.2768735 0.08849088 0.3749684 0.2765009 0.08759426 0.3766405 0.2784461 0.08999823 0.3785759 0.2783892 0.08636183 0.3918859 0.2844344 0.09107426 0.3925028 0.2840056 0.09180462 0.4177836 0.2906841 0.08430672 0.4191383 0.2908205 0.06768319 0.2491704 0.2691692 0.07501893 0.2522408 0.2685084 0.07654628 0.2715948 0.2679045 0.08033802 0.2699152 0.2671269 0.08698403 0.2571692 0.2543417 0.08425073 0.2843101 0.2641909 0.08280317 0.2867302 0.2647175 0.086733 0.2731959 0.2595538 0.08542671 0.2858878 0.2629604 0.08430979 0.288414 0.263074 0.08561338 0.288149 0.2606338 0.08647586 0.2854335 0.2609573 0.09027354 0.2785251 0.2479563 0.09165206 0.2756272 0.2506855 0.09583131 0.262748 0.2382642 0.09430528 0.2626106 0.2304824 0.03418315 0.2395411 0.3026336 0.0424716 0.2439275 0.3034573 0.04416361 0.2578428 0.3035572 0.04775312 0.2557487 0.3035406 0.05530829 0.2469953 0.2938127 0.05372597 0.2692765 0.301805 0.05251535 0.2718067 0.3020702 0.05572793 0.2581581 0.2976051 0.05527286 0.2706677 0.3008904 0.05447151 0.2732606 0.3008265 0.05616422 0.2728424 0.2987329 0.05661514 0.2700965 0.2991625 0.06198771 0.262902 0.2872551 0.06244374 0.2599185 0.2901042 0.06597155 0.2505977 0.2819639 0.06678054 0.2487938 0.2728195 0.08436126 0.4268824 0.2868415 0.07579866 0.4062847 0.3046887 0.07678283 0.4274509 0.2862252 0.07143198 0.4080947 0.3039533 0.06305549 0.4332981 0.303067 0.06727382 0.3980788 0.3145542 0.06902738 0.3958019 0.3157862 0.06537376 0.4100735 0.3119464 0.06618842 0.397546 0.3164892 0.06765003 0.3954384 0.3181269 0.06646454 0.3971602 0.3199245 0.06524456 0.3991543 0.3178309 0.06327975 0.4129197 0.3249034 0.06111382 0.4135633 0.3206143 0.05408994 0.439478 0.322868 0.05800728 0.4408499 0.3293961 0.08436126 0.4268824 0.2868415 0.08827865 0.4282542 0.2933696 0.07579866 0.4062847 0.3046887 0.07823023 0.4085698 0.3081782 0.07931309 0.4344341 0.3131706 0.0706783 0.3983168 0.3166701 0.06902738 0.3958019 0.3157862 0.07384195 0.4106654 0.3172092 0.06951396 0.3977784 0.3185559 0.06765003 0.3954384 0.3181269 0.06646454 0.3971602 0.3199245 0.06864903 0.3993922 0.3199468 0.06327975 0.4129197 0.3249034 0.06791206 0.4140384 0.3248393 0.06558578 0.4402814 0.3300124 0.05800728 0.4408499 0.3293961 0.01757777 0.5364473 -0.1766798 -4.946842E-30 0.5752116 -0.194528 -1.366649E-30 0.541864 -0.1659451 0.0110486 0.5690994 -0.2017194 0.01924466 0.5151586 -0.209533 0.006651987 0.5917919 -0.2206044 -6.205161E-30 0.596941 -0.215205 0.01341231 0.5544975 -0.2373655 0.003227225 0.6079167 -0.2357447 -7.408217E-30 0.6153082 -0.2365858 0.007751092 0.5865686 -0.2390658 0.003398316 0.607154 -0.2385509 -7.783705E-30 0.612189 -0.244082 -7.436299E-30 0.5894536 -0.2462476 -6.404218E-30 0.5689424 -0.2453688 0.008222191 0.5847471 -0.3049453 -9.411708E-30 0.5913739 -0.3004642 -1.201072E-29 0.6071894 -0.3399085 0.01677662 0.5213502 -0.2772146 0.01950922 0.4866885 -0.2451882 0.01786314 0.4542274 -0.2829455 0.004996158 0.6030602 -0.3436878 0.01191687 0.5652708 -0.3212718 0.003374396 0.609916 -0.3599865 -1.306347E-29 0.6142094 -0.3610257 0.006851313 0.5961817 -0.3513579 0.004075006 0.6095316 -0.3644087 -1.316339E-29 0.6129826 -0.3679363 -1.317934E-29 0.6071895 -0.3697353 0.003578011 0.6048053 -0.3649056 -1.233402E-29 0.585696 -0.3645417 0.005169101 0.5894972 -0.3599218 0.009033768 0.54479 -0.3422827 -1.010833E-29 0.5408214 -0.3497681 -7.800179E-30 0.4948005 -0.3332745 0.01359548 0.4821925 -0.315271 0.008510084 0.4880891 -0.3519682 -8.577633E-30 0.494885 -0.3551317 0.01149578 0.4478853 -0.3335878 0.01489988 0.427604 -0.3087694 -2.988666E-30 0.4205966 -0.3162154 -6.671387E-30 0.4395769 -0.3374959 0.007684447 0.4668666 -0.3549823 -8.175696E-30 0.4621924 -0.3619763 0.00340534 0.4865496 -0.3810126 -9.424443E-30 0.4871632 -0.386505 0.003368931 0.4900587 -0.3795642 -9.394555E-30 0.4941157 -0.3835734 0.005847204 0.2654434 -0.2913692 1.942826E-30 0.246051 -0.3081172 -2.803771E-30 0.2686573 -0.2971835 0.005912642 0.2426379 -0.3027288 0.009728802 0.2490855 -0.2609553 0.005578613 0.2329915 -0.3106663 2.887538E-30 0.231932 -0.3198101 -6.607389E-31 0.203697 -0.2906545 0.008875515 0.2259704 -0.2737878 0.01269493 0.230842 -0.2176277 0.005891718 0.2094056 -0.285685 0.006711398 0.1617669 -0.2610673 -6.505033E-31 0.1582929 -0.2670192 0.009647316 0.1687602 -0.2472324 0.0128242 0.1996003 -0.2238718 0.0139371 0.2138609 -0.1736459 0.006393965 0.1062214 -0.253287 -1.929332E-30 0.1034502 -0.2613205 0.01428405 0.1775178 -0.1851909 0.01314535 0.2022795 -0.1389048 0.01209007 0.1774537 -0.2283144 0.01261308 0.1576119 -0.1513718 -9.1923E-31 0.200901 -0.1313885 5.364934E-31 0.1545709 -0.1452062 0.01308605 0.1457849 -0.2029528 0.01215528 0.1122355 -0.1806744 -8.826212E-31 0.1058578 -0.1762685 0.01000773 0.1198773 -0.2313953 0.009860363 0.07823343 -0.2213768 -1.548351E-30 0.0706364 -0.2195656 0.006216414 0.05443256 -0.2638515 -3.129188E-30 0.04485597 -0.2707518 -0.1159221 0.2800345 0.1863615 -0.1108503 0.2966952 0.2059505 -0.109509 0.2797219 0.187061 -0.107045 0.2952257 0.2058587 -0.09841032 0.2728264 0.2038803 -0.1046711 0.3031129 0.217102 -0.1063388 0.3049909 0.2181382 -0.1022101 0.2926606 0.2138454 -0.1038833 0.3033943 0.2190753 -0.1053144 0.3050801 0.2205071 -0.1042955 0.3033532 0.2221392 -0.1030531 0.3018161 0.2202699 -0.1008686 0.2886953 0.2254941 -0.09881805 0.2886322 0.2219666 -0.0914153 0.2652208 0.2224873 -0.09490931 0.2631938 0.2275032 -0.1159221 0.2800345 0.1863615 -0.1194162 0.2780076 0.1913774 -0.1108503 0.2966952 0.2059505 -0.1129038 0.2942119 0.2084112 -0.1124212 0.2704019 0.2099844 -0.1076051 0.3026051 0.2183802 -0.1063388 0.3049909 0.2181382 -0.109508 0.2913977 0.2170249 -0.1067492 0.3028984 0.2203239 -0.1053144 0.3050801 0.2205071 -0.1042955 0.3033532 0.2221392 -0.1059871 0.3013083 0.2215482 -0.1008686 0.2886953 0.2254941 -0.1046768 0.2876184 0.2245191 -0.1013225 0.2635064 0.2268036 -0.09490931 0.2631938 0.2275032 -0.1066447 0.4056326 0.2464171 -0.09914682 0.4069874 0.2465534 -0.09697306 0.3854703 0.2633414 -0.09278724 0.3877077 0.2631342 -0.08706637 0.4129747 0.2644498 -0.08819632 0.3777827 0.2732241 -0.08976655 0.3753271 0.274128 -0.08742376 0.3897333 0.2715413 -0.08717018 0.3772562 0.2751679 -0.08849088 0.3749684 0.2765009 -0.08759426 0.3766405 0.2784461 -0.0864763 0.3788226 0.2766432 -0.08636183 0.3918859 0.2844344 -0.08404146 0.3929955 0.2805191 -0.0799121 0.4186167 0.2847883 -0.08430672 0.4191383 0.2908205 -0.09697306 0.3854703 0.2633414 -0.1110393 0.4061541 0.2524492 -0.1066447 0.4056326 0.2464171 -0.09982006 0.387215 0.2666207 -0.103885 0.4117962 0.2727877 -0.09171828 0.3775359 0.2749702 -0.08976655 0.3753271 0.274128 -0.09618419 0.3891195 0.2758844 -0.09061044 0.3770152 0.2768735 -0.08849088 0.3749684 0.2765009 -0.08759426 0.3766405 0.2784461 -0.08999823 0.3785759 0.2783892 -0.08636183 0.3918859 0.2844344 -0.09107426 0.3925028 0.2840056 -0.09180462 0.4177836 0.2906841 -0.08430672 0.4191383 0.2908205 -0.07654628 0.2715948 0.2679045 -0.07501893 0.2522408 0.2685084 -0.06768319 0.2491704 0.2691692 -0.08033802 0.2699152 0.2671269 -0.08698403 0.2571692 0.2543417 -0.08425073 0.2843101 0.2641909 -0.08280317 0.2867302 0.2647175 -0.086733 0.2731959 0.2595538 -0.08542671 0.2858878 0.2629604 -0.08430979 0.288414 0.263074 -0.08561338 0.288149 0.2606338 -0.08647586 0.2854335 0.2609573 -0.09027354 0.2785251 0.2479563 -0.09165206 0.2756272 0.2506855 -0.09583131 0.262748 0.2382642 -0.09430528 0.2626106 0.2304824 -0.04416361 0.2578428 0.3035572 -0.0424716 0.2439275 0.3034573 -0.03418315 0.2395411 0.3026336 -0.04775312 0.2557487 0.3035406 -0.05530829 0.2469953 0.2938127 -0.05372597 0.2692765 0.301805 -0.05251535 0.2718067 0.3020702 -0.05572793 0.2581581 0.2976051 -0.05527286 0.2706677 0.3008904 -0.05447151 0.2732606 0.3008265 -0.05616422 0.2728424 0.2987329 -0.05661514 0.2700965 0.2991625 -0.06198771 0.262902 0.2872551 -0.06244374 0.2599185 0.2901042 -0.06597155 0.2505977 0.2819639 -0.06678054 0.2487938 0.2728195 -0.08436126 0.4268824 0.2868415 -0.07678283 0.4274509 0.2862252 -0.07579866 0.4062847 0.3046887 -0.07143198 0.4080947 0.3039533 -0.06305549 0.4332981 0.303067 -0.06727382 0.3980788 0.3145542 -0.06902738 0.3958019 0.3157862 -0.06537376 0.4100735 0.3119464 -0.06618842 0.397546 0.3164892 -0.06765003 0.3954384 0.3181269 -0.06646454 0.3971602 0.3199245 -0.06524456 0.3991543 0.3178309 -0.06327975 0.4129197 0.3249034 -0.06111382 0.4135633 0.3206143 -0.05408994 0.439478 0.322868 -0.05800728 0.4408499 0.3293961 -0.07579866 0.4062847 0.3046887 -0.08827865 0.4282542 0.2933696 -0.08436126 0.4268824 0.2868415 -0.07823023 0.4085698 0.3081782 -0.07931309 0.4344341 0.3131706 -0.0706783 0.3983168 0.3166701 -0.06902738 0.3958019 0.3157862 -0.07384195 0.4106654 0.3172092 -0.06951396 0.3977784 0.3185559 -0.06765003 0.3954384 0.3181269 -0.06646454 0.3971602 0.3199245 -0.06864903 0.3993922 0.3199468 -0.06327975 0.4129197 0.3249034 -0.06791206 0.4140384 0.3248393 -0.06558578 0.4402814 0.3300124 -0.05800728 0.4408499 0.3293961 -1.366649E-30 0.541864 -0.1659451 -4.946842E-30 0.5752116 -0.194528 -0.01757777 0.5364473 -0.1766798 -0.0110486 0.5690994 -0.2017194 -0.01924466 0.5151586 -0.209533 -0.006651987 0.5917919 -0.2206044 -6.205161E-30 0.596941 -0.215205 -0.01341231 0.5544975 -0.2373655 -0.003227225 0.6079167 -0.2357447 -7.408217E-30 0.6153082 -0.2365858 -0.007751092 0.5865686 -0.2390658 -0.003398316 0.607154 -0.2385509 -7.783705E-30 0.612189 -0.244082 -7.436299E-30 0.5894536 -0.2462476 -6.404218E-30 0.5689424 -0.2453688 -0.008222191 0.5847471 -0.3049453 -9.411708E-30 0.5913739 -0.3004642 -1.201072E-29 0.6071894 -0.3399085 -0.01677662 0.5213502 -0.2772146 -0.01950922 0.4866885 -0.2451882 -0.01786314 0.4542274 -0.2829455 -0.004996158 0.6030602 -0.3436878 -0.01191687 0.5652708 -0.3212718 -0.003374396 0.609916 -0.3599865 -1.306347E-29 0.6142094 -0.3610257 -0.006851313 0.5961817 -0.3513579 -0.004075006 0.6095316 -0.3644087 -1.316339E-29 0.6129826 -0.3679363 -1.317934E-29 0.6071895 -0.3697353 -0.003578011 0.6048053 -0.3649056 -1.233402E-29 0.585696 -0.3645417 -0.005169101 0.5894972 -0.3599218 -0.009033768 0.54479 -0.3422827 -1.010833E-29 0.5408214 -0.3497681 -7.800179E-30 0.4948005 -0.3332745 -0.01359548 0.4821925 -0.315271 -0.008510084 0.4880891 -0.3519682 -8.577633E-30 0.494885 -0.3551317 -0.01149578 0.4478853 -0.3335878 -0.01489988 0.427604 -0.3087694 -2.988666E-30 0.4205966 -0.3162154 -6.671387E-30 0.4395769 -0.3374959 -0.007684447 0.4668666 -0.3549823 -8.175696E-30 0.4621924 -0.3619763 -0.00340534 0.4865496 -0.3810126 -9.424443E-30 0.4871632 -0.386505 -0.003368931 0.4900587 -0.3795642 -9.394555E-30 0.4941157 -0.3835734 -2.803771E-30 0.2686573 -0.2971835 1.942826E-30 0.246051 -0.3081172 -0.005847204 0.2654434 -0.2913692 -0.005912642 0.2426379 -0.3027288 -0.009728802 0.2490855 -0.2609553 -0.005578613 0.2329915 -0.3106663 2.887538E-30 0.231932 -0.3198101 -6.607389E-31 0.203697 -0.2906545 -0.008875515 0.2259704 -0.2737878 -0.01269493 0.230842 -0.2176277 -0.005891718 0.2094056 -0.285685 -0.006711398 0.1617669 -0.2610673 -6.505033E-31 0.1582929 -0.2670192 -0.009647316 0.1687602 -0.2472324 -0.0128242 0.1996003 -0.2238718 -0.0139371 0.2138609 -0.1736459 -0.006393965 0.1062214 -0.253287 -1.929332E-30 0.1034502 -0.2613205 -0.01428405 0.1775178 -0.1851909 -0.01314535 0.2022795 -0.1389048 -0.01209007 0.1774537 -0.2283144 -0.01261308 0.1576119 -0.1513718 -9.1923E-31 0.200901 -0.1313885 5.364934E-31 0.1545709 -0.1452062 -0.01308605 0.1457849 -0.2029528 -0.01215528 0.1122355 -0.1806744 -8.826212E-31 0.1058578 -0.1762685 -0.01000773 0.1198773 -0.2313953 -0.009860363 0.07823343 -0.2213768 -1.548351E-30 0.0706364 -0.2195656 -0.006216414 0.05443256 -0.2638515 -3.129188E-30 0.04485597 -0.2707518 0.1560138 0.3213206 0.09642223 0.1553056 0.3207072 0.1063773 0.1477223 0.2752379 0.09653233 0.1592411 0.3178921 0.1130263 0.1447577 0.271772 0.1341331 0.1222575 0.2278806 0.09815741 0.1580206 0.3507943 0.1209309 0.1461203 0.3201619 0.1138178 0.1517107 0.3481118 0.1261385 0.1524193 0.3793671 0.1438255 0.1189731 0.2274013 0.1289912 0.08328514 0.1873177 0.1013358 0.1576428 0.382686 0.1404098 0.08267155 0.1890351 0.1314994 0.04013491 0.1662468 0.1046576 0.154648 0.4038328 0.1604763 0.1513467 0.4031159 0.1625641 0.04003018 0.1694025 0.1371437 2.607606E-31 0.1594436 0.1071606 5.003469E-31 0.1627758 0.1410453 0.1533464 0.4091393 0.1681358 0.1506792 0.4078442 0.1680682 0.03953923 0.1758935 0.1760831 7.452365E-31 0.1696186 0.18127 0.08055725 0.1933987 0.1671513 0.1128413 0.2272061 0.1600084 0.038783 0.1858809 0.2175209 1.043863E-30 0.180595 0.2238981 1.358837E-30 0.1950229 0.2623041 0.07637326 0.2012841 0.2039595 0.1058718 0.2271202 0.1890458 0.1336731 0.2642511 0.1700102 0.09241925 0.2225578 0.217214 0.1179257 0.2539109 0.2033778 0.1414541 0.2949982 0.1811449 0.07028936 0.212245 0.2411037 0.09847537 0.2432032 0.237791 0.03831111 0.2028355 0.264718 -7.993614E-31 0.2126755 0.2951325 0.07345833 0.2318994 0.26998 0.03848872 0.222772 0.2998967 0.1232209 0.2788794 0.2194757 0.1009813 0.2641474 0.2565438 0.07673226 0.2523451 0.2878084 0.02001481 0.2390313 0.3220893 -2.519107E-30 0.2344534 0.3215117 0.0432912 0.2429434 0.316005 0.005034503 0.2541125 0.337472 -5.015178E-30 0.2537505 0.3377111 0.02410668 0.2541739 0.331387 0.004684632 0.2653415 0.3441351 -8.077935E-30 0.2664768 0.3454235 0.04464014 0.2484219 0.3142718 0.0253071 0.2602346 0.3300723 0.004464026 0.2716039 0.3433604 -8.077935E-30 0.2727696 0.3444141 -8.077935E-30 0.2705809 0.3378607 0.004321602 0.2693072 0.3364314 0.02376874 0.258929 0.3245235 0.04297717 0.2485509 0.3099185 0.07232732 0.2571467 0.2884001 0.06861625 0.256026 0.2857303 0.09019574 0.2666406 0.2560354 0.09539711 0.2683903 0.257343 0.109798 0.2802335 0.2207431 0.1162309 0.2821543 0.2212455 0.1269768 0.2962018 0.1816213 0.1331071 0.2966768 0.1863151 0.1413051 0.3331644 0.172557 0.1456538 0.3322898 0.1778393 0.1505393 0.3698987 0.1748321 0.1469563 0.3699924 0.1705891 0.1525567 0.3326755 0.1725342 0.1563391 0.3079214 0.1417468 0.1610989 0.3392281 0.148829 0.1566065 0.3696853 0.1706865 0.1521443 0.3993029 0.1736691 0.1495467 0.4000768 0.1714152 0.15001 0.4064508 0.1711149 0.1626661 0.347976 0.1258896 0.152338 0.4074046 0.1724133 0.1500399 0.4077565 0.1698784 0.1612369 0.37925 0.1437432 0.1605889 0.3729095 0.1573194 0.1572069 0.403092 0.1626339 0.1557613 0.4000745 0.1714221 0.157377 0.4014831 0.1673195 0.1560046 0.4077681 0.1680895 0.1555423 0.4064663 0.1711017 0.1556654 0.4078119 0.1699238 0.1526115 0.409386 0.1707837 -0.1560138 0.3213206 0.09642223 -0.1477223 0.2752379 0.09653233 -0.1553056 0.3207072 0.1063773 -0.1592411 0.3178921 0.1130263 -0.1447577 0.271772 0.1341331 -0.1222575 0.2278806 0.09815741 -0.1580206 0.3507943 0.1209309 -0.1461203 0.3201619 0.1138178 -0.1517107 0.3481118 0.1261385 -0.1524193 0.3793671 0.1438255 -0.1189731 0.2274013 0.1289912 -0.08328514 0.1873177 0.1013358 -0.1576428 0.382686 0.1404098 -0.08267155 0.1890351 0.1314994 -0.04013491 0.1662468 0.1046576 -0.154648 0.4038328 0.1604763 -0.1513467 0.4031159 0.1625641 -0.04003018 0.1694025 0.1371437 2.607606E-31 0.1594436 0.1071606 5.003469E-31 0.1627758 0.1410453 -0.1533464 0.4091393 0.1681358 -0.1506792 0.4078442 0.1680682 -0.03953923 0.1758935 0.1760831 7.452365E-31 0.1696186 0.18127 -0.1526115 0.409386 0.1707837 -0.1500399 0.4077565 0.1698784 -0.038783 0.1858809 0.2175209 1.043863E-30 0.180595 0.2238981 1.358837E-30 0.1950229 0.2623041 -0.08055725 0.1933987 0.1671513 -0.07637326 0.2012841 0.2039595 -0.03831111 0.2028355 0.264718 -7.993614E-31 0.2126755 0.2951325 -0.1128413 0.2272061 0.1600084 -0.1058718 0.2271202 0.1890458 -0.1336731 0.2642511 0.1700102 -0.09241925 0.2225578 0.217214 -0.1179257 0.2539109 0.2033778 -0.1414541 0.2949982 0.1811449 -0.07028936 0.212245 0.2411037 -0.09847537 0.2432032 0.237791 -0.07345833 0.2318994 0.26998 -0.1232209 0.2788794 0.2194757 -0.1009813 0.2641474 0.2565438 -0.03848872 0.222772 0.2998967 -0.07673226 0.2523451 0.2878084 -0.02001481 0.2390313 0.3220893 -2.519107E-30 0.2344534 0.3215117 -0.0432912 0.2429434 0.316005 -0.005034503 0.2541125 0.337472 -5.015178E-30 0.2537505 0.3377111 -0.02410668 0.2541739 0.331387 -0.004684632 0.2653415 0.3441351 -8.077935E-30 0.2664768 0.3454235 -0.04464014 0.2484219 0.3142718 -0.0253071 0.2602346 0.3300723 -0.004464026 0.2716039 0.3433604 -8.077935E-30 0.2727696 0.3444141 -8.077935E-30 0.2705809 0.3378607 -0.004321602 0.2693072 0.3364314 -0.02376874 0.258929 0.3245235 -0.04297717 0.2485509 0.3099185 -0.07232732 0.2571467 0.2884001 -0.06861625 0.256026 0.2857303 -0.09019574 0.2666406 0.2560354 -0.09539711 0.2683903 0.257343 -0.109798 0.2802335 0.2207431 -0.1162309 0.2821543 0.2212455 -0.1269768 0.2962018 0.1816213 -0.1331071 0.2966768 0.1863151 -0.1413051 0.3331644 0.172557 -0.1456538 0.3322898 0.1778393 -0.1505393 0.3698987 0.1748321 -0.1469563 0.3699924 0.1705891 -0.1525567 0.3326755 0.1725342 -0.1563391 0.3079214 0.1417468 -0.1610989 0.3392281 0.148829 -0.1566065 0.3696853 0.1706865 -0.1521443 0.3993029 0.1736691 -0.1495467 0.4000768 0.1714152 -0.15001 0.4064508 0.1711149 -0.1626661 0.347976 0.1258896 -0.152338 0.4074046 0.1724133 -0.1612369 0.37925 0.1437432 -0.1605889 0.3729095 0.1573194 -0.1572069 0.403092 0.1626339 -0.1557613 0.4000745 0.1714221 -0.157377 0.4014831 0.1673195 -0.1560046 0.4077681 0.1680895 -0.1555423 0.4064663 0.1711017 -0.1556654 0.4078119 0.1699238 0.1092293 0.4714778 0.2647388 0.1107117 0.4744333 0.2608693 0.05360148 0.4655437 0.239632 0.1082204 0.4706291 0.2664437 0.1122225 0.478012 0.255052 0.05004878 0.4728286 0.2442208 0.05706672 0.4620562 0.2288865 0.1092444 0.4707527 0.2647924 0.1145798 0.4834993 0.2453218 0.1119428 0.4756095 0.2580551 0.06307773 0.4700646 0.213892 0.0535199 0.4892151 0.2395654 0.1181052 0.4896042 0.2320887 0.1162498 0.4820616 0.2451319 0.1206121 0.4954851 0.2168762 0.05896911 0.4958556 0.2187834 0.06264806 0.4841748 0.1980643 0.1196685 0.4883535 0.2324264 0.1226613 0.4998812 0.2015857 0.1227831 0.4942189 0.2163985 0.1252506 0.5020688 0.1887021 0.0634217 0.5051681 0.1944159 0.06284478 0.5012606 0.186789 0.1255773 0.499165 0.1983635 0.1269616 0.5030128 0.1818418 0.1268838 0.5020714 0.1849646 0.122463 0.5040939 0.1779452 0.06475134 0.5027211 0.1869242 0.1273853 0.5027681 0.1786022 -0.1092293 0.4714778 0.2647388 -0.05360148 0.4655437 0.239632 -0.1107117 0.4744333 0.2608693 -0.1122225 0.478012 0.255052 -0.1082204 0.4706291 0.2664437 -0.05706672 0.4620562 0.2288865 -0.05004878 0.4728286 0.2442208 -0.1145798 0.4834993 0.2453218 -0.1092444 0.4707527 0.2647924 -0.06307773 0.4700646 0.213892 -0.1119428 0.4756095 0.2580551 -0.1181052 0.4896042 0.2320887 -0.0535199 0.4892151 0.2395654 -0.1206121 0.4954851 0.2168762 -0.1162498 0.4820616 0.2451319 -0.06264806 0.4841748 0.1980643 -0.05896911 0.4958556 0.2187834 -0.1226613 0.4998812 0.2015857 -0.1196685 0.4883535 0.2324264 -0.1252506 0.5020688 0.1887021 -0.1227831 0.4942189 0.2163985 -0.06284478 0.5012606 0.186789 -0.0634217 0.5051681 0.1944159 -0.1269616 0.5030128 0.1818418 -0.1255773 0.499165 0.1983635 -0.122463 0.5040939 0.1779452 -0.1268838 0.5020714 0.1849646 -0.06475134 0.5027211 0.1869242 -0.1273853 0.5027681 0.1786022 0.06351349 0.2477872 0.2638504 0.06768319 0.2491704 0.2691692 0.0748822 0.2717611 0.2640222 0.07654628 0.2715948 0.2679045 0.07404433 0.2547148 0.2446832 0.08151852 0.2852345 0.262636 0.08280317 0.2867302 0.2647175 0.07993696 0.2754951 0.2556864 0.08275788 0.2867908 0.2614417 0.08430979 0.288414 0.263074 0.08561338 0.288149 0.2606338 0.08374364 0.2863579 0.2594025 0.09027354 0.2785251 0.2479563 0.08619625 0.2774729 0.2475808 0.09430528 0.2626106 0.2304824 0.08839659 0.2603496 0.2276906 0.02973507 0.2362546 0.2965099 0.03418315 0.2395411 0.3026336 0.04334452 0.2582019 0.2994814 0.04416361 0.2578428 0.3035572 0.04434577 0.2416992 0.280313 0.05151819 0.270505 0.2997722 0.05251535 0.2718067 0.3020702 0.05023639 0.2612139 0.2925488 0.05311634 0.2718678 0.2989047 0.05447151 0.2732606 0.3008265 0.05616422 0.2728424 0.2987329 0.05440738 0.2713251 0.2971297 0.06198771 0.262902 0.2872551 0.05803519 0.2623718 0.2860451 0.06678054 0.2487938 0.2728195 0.06204439 0.2454253 0.2669593 -0.06351349 0.2477872 0.2638504 -0.0748822 0.2717611 0.2640222 -0.06768319 0.2491704 0.2691692 -0.07654628 0.2715948 0.2679045 -0.07404433 0.2547148 0.2446832 -0.08151852 0.2852345 0.262636 -0.08280317 0.2867302 0.2647175 -0.07993696 0.2754951 0.2556864 -0.08275788 0.2867908 0.2614417 -0.08430979 0.288414 0.263074 -0.08561338 0.288149 0.2606338 -0.08374364 0.2863579 0.2594025 -0.09027354 0.2785251 0.2479563 -0.08619625 0.2774729 0.2475808 -0.09430528 0.2626106 0.2304824 -0.08839659 0.2603496 0.2276906 -0.04334452 0.2582019 0.2994814 -0.03418315 0.2395411 0.3026336 -0.02973507 0.2362546 0.2965099 -0.04416361 0.2578428 0.3035572 -0.04434577 0.2416992 0.280313 -0.05151819 0.270505 0.2997722 -0.05251535 0.2718067 0.3020702 -0.05023639 0.2612139 0.2925488 -0.05311634 0.2718678 0.2989047 -0.05447151 0.2732606 0.3008265 -0.05616422 0.2728424 0.2987329 -0.05440738 0.2713251 0.2971297 -0.06198771 0.262902 0.2872551 -0.05803519 0.2623718 0.2860451 -0.06678054 0.2487938 0.2728195 -0.06204439 0.2454253 0.2669593 -0.1063308 0.5888397 0.1202535 -0.1051957 0.5795571 0.1570745 -0.1208965 0.548098 0.1507303 -0.103941 0.5733589 0.1747441 -0.1191588 0.5456626 0.1677454 -0.1022479 0.5662833 0.1939193 -0.1340586 0.5100722 0.1453978 -0.1316086 0.5076058 0.1622651 -0.1352199 0.4933063 0.1669038 -0.1396721 0.4666114 0.1747342 -0.1248426 0.5216185 0.179197 -0.1409123 0.4451305 0.1875572 -0.1169845 0.538645 0.185304 -0.1389299 0.431859 0.2022043 -0.112798 0.5457106 0.1902463 -0.134816 0.4252091 0.2211614 -0.134245 0.4547661 0.2097923 -0.1348995 0.4698572 0.1956197 -0.127849 0.4269757 0.239892 -0.1293905 0.4506726 0.2267385 -0.1206321 0.4337629 0.2546234 -0.1235773 0.4513527 0.2423591 -0.1172493 0.4558813 0.2542599 -0.1129868 0.4634296 0.26318 -0.1230999 0.456904 0.2425123 -0.128091 0.4593297 0.2280148 -0.1168278 0.4655964 0.2548451 -0.1323271 0.4637178 0.2113823 -0.1211777 0.4680197 0.2438666 -0.1258255 0.4722832 0.2296222 -0.1294308 0.4763285 0.2136903 -0.1154409 0.4761303 0.2554038 -0.1182891 0.4809515 0.2455924 -0.1215965 0.4867769 0.2317355 -0.1125921 0.472359 0.2622609 -0.1122225 0.478012 0.255052 -0.1107117 0.4744333 0.2608693 -0.1145798 0.4834993 0.2453218 -0.1092293 0.4714778 0.2647388 -0.1181052 0.4896042 0.2320887 -0.1206121 0.4954851 0.2168762 -0.1101874 0.4696955 0.2673813 -0.1082204 0.4706291 0.2664437 -0.1087045 0.4704277 0.2701201 -0.1092444 0.4707527 0.2647924 -0.1101848 0.4737824 0.2662425 -0.1119428 0.4756095 0.2580551 -0.1041373 0.4884026 0.2693411 -0.1127553 0.478444 0.2592387 -0.1162498 0.4820616 0.2451319 -0.09793007 0.5067566 0.2689645 -0.1169755 0.485506 0.2462423 -0.1196685 0.4883535 0.2324264 -0.1054017 0.4940554 0.2626204 -0.1201741 0.4910823 0.2333026 -0.1227831 0.4942189 0.2163985 -0.1097226 0.5017532 0.2488243 -0.09788119 0.5113912 0.2656102 -0.09204563 0.5240459 0.2684994 -0.1011683 0.5206209 0.2520051 -0.1126857 0.5080224 0.2362062 -0.09465529 0.5341987 0.2543352 -0.1234119 0.4970065 0.2174717 -0.1034204 0.5281305 0.2395487 -0.1163064 0.5141222 0.2206479 -0.1261035 0.5024942 0.1995714 -0.1255773 0.499165 0.1983635 -0.1268838 0.5020714 0.1849646 -0.1060388 0.5355985 0.2245316 -0.1278697 0.5054588 0.1848145 -0.1273853 0.5027681 0.1786022 -0.1196029 0.5196822 0.2029602 -0.1234045 0.5226107 0.1865647 -0.1280336 0.5066842 0.178031 -0.1297036 0.5055088 0.1744508 -0.122463 0.5040939 0.1779452 -0.1269616 0.5030128 0.1818418 -0.1296566 0.5019498 0.1791749 -0.1338314 0.4846171 0.1850771 -0.1286673 0.4997006 0.1884116 -0.1252506 0.5020688 0.1887021 -0.1318016 0.4810746 0.1979558 -0.1270452 0.4969984 0.2011397 -0.1226613 0.4998812 0.2015857 -0.1248911 0.4924315 0.216472 -0.1096044 0.5422432 0.2071629 -0.1007394 0.5594068 0.2105843 -0.09864309 0.5505883 0.2273546 -0.08411089 0.5610156 0.2480142 -0.09672789 0.5422941 0.2421064 0.3719718 0.5497679 0.08531116 0.4570531 0.5685955 0.08878807 0.480992 0.5799102 0.08531116 0.4099736 0.5015652 0.08531116 0.3731628 0.5433705 0.09180454 0.2856273 0.5112762 0.08531116 0.3953069 0.5018284 0.08992463 0.3585328 0.429817 0.08531116 0.2873214 0.5042633 0.09374981 0.215107 0.4647411 0.08531116 0.3264267 0.4845376 0.09228555 0.3422717 0.4299674 0.0899353 0.3253816 0.3525501 0.08531116 0.2174608 0.4587693 0.09538923 0.1631984 0.4162686 0.08531116 0.261621 0.4548594 0.09456917 0.2937397 0.4216181 0.09214695 0.310955 0.3533219 0.09026943 0.300187 0.2883032 0.0894099 0.3133661 0.2794106 0.08531116 0.2658619 0.2848019 0.08531116 0.2752869 0.3518891 0.09218529 0.2668944 0.2905516 0.09094419 0.2250631 0.2959329 0.08531116 0.2262474 0.3020448 0.09238768 0.1902429 0.3112587 0.08531116 0.2461421 0.4089377 0.09419973 0.233638 0.3520808 0.09392229 0.191439 0.3170706 0.0933217 0.1618387 0.3311692 0.08531116 0.2069757 0.4233784 0.09607336 0.2010937 0.3925678 0.09572867 0.1969295 0.3537441 0.09558716 0.1669292 0.4110939 0.0970296 0.1761445 0.3981676 0.09687221 0.1633486 0.3776264 0.09715448 0.1321994 0.3704503 0.09603215 0.1256434 0.3702683 0.08531116 0.1741304 0.3577714 0.0966017 0.1633144 0.3371227 0.09449112 0.4570531 0.5685955 0.08183426 0.3719718 0.5497679 0.08531116 0.480992 0.5799102 0.08531116 0.4099736 0.5015652 0.08531116 0.3731628 0.5433705 0.07881778 0.2856273 0.5112762 0.08531116 0.3953069 0.5018284 0.0806977 0.3585328 0.429817 0.08531116 0.2873214 0.5042633 0.0768725 0.215107 0.4647411 0.08531116 0.3264267 0.4845376 0.07833677 0.3422717 0.4299674 0.08068702 0.3253816 0.3525501 0.08531116 0.2174608 0.4587693 0.07523309 0.1631984 0.4162686 0.08531116 0.261621 0.4548594 0.07605317 0.2937397 0.4216181 0.07847539 0.310955 0.3533219 0.08035289 0.300187 0.2883032 0.08121242 0.3133661 0.2794106 0.08531116 0.2658619 0.2848019 0.08531116 0.2752869 0.3518891 0.07843706 0.2668944 0.2905516 0.07967816 0.2250631 0.2959329 0.08531116 0.2262474 0.3020448 0.07823464 0.1902429 0.3112587 0.08531116 0.2461421 0.4089377 0.07642259 0.233638 0.3520808 0.07670005 0.191439 0.3170706 0.07730063 0.1618387 0.3311692 0.08531116 0.2069757 0.4233784 0.07454897 0.2010937 0.3925678 0.07489365 0.1969295 0.3537441 0.07503515 0.1633144 0.3371227 0.0761312 0.1761441 0.3981678 0.07375012 0.17413 0.3577714 0.07402063 0.1669292 0.4110939 0.07359274 0.1633477 0.3776265 0.07346787 0.132199 0.3704503 0.07459019 0.1256434 0.3702683 0.08531116 -0.4570531 0.5685955 0.08878807 -0.3719718 0.5497679 0.08531116 -0.480992 0.5799102 0.08531116 -0.4099736 0.5015652 0.08531116 -0.3731628 0.5433705 0.09180454 -0.2856273 0.5112762 0.08531116 -0.3953069 0.5018284 0.08992463 -0.3585328 0.429817 0.08531116 -0.2873214 0.5042633 0.09374981 -0.215107 0.4647411 0.08531116 -0.3264267 0.4845376 0.09228555 -0.3422717 0.4299674 0.0899353 -0.3253816 0.3525501 0.08531116 -0.2174608 0.4587693 0.09538923 -0.1631984 0.4162686 0.08531116 -0.261621 0.4548594 0.09456917 -0.2937397 0.4216181 0.09214695 -0.310955 0.3533219 0.09026943 -0.300187 0.2883032 0.0894099 -0.3133661 0.2794106 0.08531116 -0.2658619 0.2848019 0.08531116 -0.2752869 0.3518891 0.09218529 -0.2668944 0.2905516 0.09094419 -0.2250631 0.2959329 0.08531116 -0.2262474 0.3020448 0.09238768 -0.1902429 0.3112587 0.08531116 -0.2461421 0.4089377 0.09419973 -0.233638 0.3520808 0.09392229 -0.191439 0.3170706 0.0933217 -0.1618387 0.3311692 0.08531116 -0.2069757 0.4233784 0.09607336 -0.2010937 0.3925678 0.09572867 -0.1969295 0.3537441 0.09558716 -0.1633144 0.3371227 0.09449112 -0.1761445 0.3981676 0.09687221 -0.1741304 0.3577714 0.0966017 -0.1669292 0.4110939 0.0970296 -0.1633486 0.3776264 0.09715448 -0.1321994 0.3704503 0.09603215 -0.1256434 0.3702683 0.08531116 -0.3719718 0.5497679 0.08531116 -0.4570531 0.5685955 0.08183426 -0.480992 0.5799102 0.08531116 -0.4099736 0.5015652 0.08531116 -0.3731628 0.5433705 0.07881778 -0.2856273 0.5112762 0.08531116 -0.3953069 0.5018284 0.0806977 -0.3585328 0.429817 0.08531116 -0.2873214 0.5042633 0.0768725 -0.215107 0.4647411 0.08531116 -0.3264267 0.4845376 0.07833677 -0.3422717 0.4299674 0.08068702 -0.3253816 0.3525501 0.08531116 -0.2174608 0.4587693 0.07523309 -0.1631984 0.4162686 0.08531116 -0.261621 0.4548594 0.07605317 -0.2937397 0.4216181 0.07847539 -0.310955 0.3533219 0.08035289 -0.300187 0.2883032 0.08121242 -0.3133661 0.2794106 0.08531116 -0.2658619 0.2848019 0.08531116 -0.2752869 0.3518891 0.07843706 -0.2668944 0.2905516 0.07967816 -0.2250631 0.2959329 0.08531116 -0.2262474 0.3020448 0.07823464 -0.1902429 0.3112587 0.08531116 -0.2461421 0.4089377 0.07642259 -0.233638 0.3520808 0.07670005 -0.191439 0.3170706 0.07730063 -0.1618387 0.3311692 0.08531116 -0.2069757 0.4233784 0.07454897 -0.2010937 0.3925678 0.07489365 -0.1969295 0.3537441 0.07503515 -0.1669292 0.4110939 0.07359274 -0.1761441 0.3981678 0.07375012 -0.1633477 0.3776265 0.07346787 -0.132199 0.3704503 0.07459019 -0.1256434 0.3702683 0.08531116 -0.17413 0.3577714 0.07402063 -0.1633144 0.3371227 0.0761312 3.695354E-31 0.3455838 0.05855522 5.599407E-31 0.3561335 0.08872615 0.04185281 0.3413034 0.06362774 -0.04185281 0.3413034 0.06362774 0.0391449 0.3512662 0.0929101 0.07822135 0.3303852 0.07973614 -0.0391449 0.3512662 0.0929101 -0.07822135 0.3303852 0.07973614 7.98915E-31 0.3528978 0.1265931 0.07279166 0.3388295 0.106464 0.1025238 0.3153781 0.1060593 0.03560971 0.3469633 0.1292982 0.08741101 0.3279783 0.1216915 0.1081391 0.2983783 0.1399319 0.06777544 0.3339668 0.1379826 0.09023678 0.315529 0.1455521 0.08564436 0.3025775 0.1742039 0.1016205 0.2833855 0.1737952 0.06123326 0.3209006 0.173052 0.03110977 0.3321452 0.1707895 0.07512662 0.2863826 0.2116796 0.08727319 0.2671026 0.2103279 0.05244035 0.3031477 0.2113687 0.02698004 0.3130243 0.2103307 1.070038E-30 0.3371246 0.1695543 1.322766E-30 0.3178392 0.2096007 -0.03560971 0.3469633 0.1292982 -0.03110977 0.3321452 0.1707895 -0.07279166 0.3388295 0.106464 -0.1025238 0.3153781 0.1060593 -0.06777544 0.3339668 0.1379826 -0.08741101 0.3279783 0.1216915 -0.1081391 0.2983783 0.1399319 -0.09023678 0.315529 0.1455521 -0.06123326 0.3209006 0.173052 -0.08564436 0.3025775 0.1742039 -0.1016205 0.2833855 0.1737952 -0.02698004 0.3130243 0.2103307 -0.05244035 0.3031477 0.2113687 -0.07512662 0.2863826 0.2116796 -0.08727319 0.2671026 0.2103279 -0.02166805 0.2931814 0.2450577 -0.05778821 0.2685702 0.2496866 -0.06610852 0.2511076 0.2501577 -0.04235076 0.2839915 0.247184 -0.03680479 0.2566031 0.27678 -0.04174463 0.2404379 0.2799532 -0.02749139 0.2705069 0.271531 -0.02041619 0.2543408 0.2863553 -0.02443773 0.2358221 0.2937555 -0.01581502 0.2750504 0.2714487 1.836134E-30 0.2547941 0.290947 1.89918E-30 0.2341857 0.3009371 0.02443773 0.2358221 0.2937555 1.548652E-30 0.2962566 0.2453937 1.714073E-30 0.2766697 0.2716057 0.02041619 0.2543408 0.2863553 0.04174463 0.2404379 0.2799532 0.01581502 0.2750504 0.2714487 0.02166805 0.2931814 0.2450577 0.02749139 0.2705069 0.271531 0.03680479 0.2566031 0.27678 0.06610852 0.2511076 0.2501577 0.04235076 0.2839915 0.247184 0.05778821 0.2685702 0.2496866</float_array>
                    <technique_common>
                        <accessor count="2121" offset="0" source="pm0550_00_41_body_mesh_shape_body_01-geometry-POSITION-array" stride="3">
                            <param name="X" type="float" />
                            <param name="Y" type="float" />
                            <param name="Z" type="float" />
                        </accessor>
                    </technique_common>
                </source>
                <source id="pm0550_00_41_body_mesh_shape_body_01-geometry-NORMAL">
                    <float_array id="pm0550_00_41_body_mesh_shape_body_01-geometry-NORMAL-array" count="5427">-0.1896973 0.5820313 -0.7900391 0 0.7138672 -0.699707 0 0.5551758 -0.831543 -0.2041016 0.6923828 -0.6914063 -0.1804199 0.7719727 -0.6088867 0 0.8500977 -0.5258789 -0.3537598 0.8579102 -0.3723145 -0.3083496 0.8603516 -0.4055176 -0.4650879 0.8691406 -0.1668701 -0.489502 0.8637695 -0.1173706 -0.5180664 0.8544922 -0.03244019 -0.5258789 0.8500977 0.002439499 -0.5253906 0.8457031 0.08929443 -0.5234375 0.8457031 0.1008301 -0.4760742 0.8588867 0.1877441 -0.4660645 0.8618164 0.1984863 -0.3398438 0.8876953 0.3098145 -0.3261719 0.8891602 0.3203125 -0.8320313 0.4521484 0.3203125 -0.1254883 0.8769531 0.4628906 -0.7841797 -0.1030273 0.6118164 -0.01519775 0.8432617 0.5366211 -0.7587891 -0.637207 0.1335449 -0.9208984 -0.3894043 -0.007701874 -0.5463867 -0.2207031 0.8071289 0.02044678 0.828125 0.5595703 -0.5068359 -0.8178711 0.2709961 -0.7734375 -0.6289063 0.07434082 -0.9208984 -0.3881836 -0.03120422 -0.90625 -0.4196777 -0.04785156 -0.5146484 -0.8383789 0.1772461 -0.7583008 -0.6499023 0.04449463 -0.8686523 -0.4919434 -0.05487061 -0.2078857 -0.9506836 0.2286377 -0.7246094 -0.6884766 0.02676392 -0.8037109 -0.5893555 -0.07769775 -0.5043945 -0.8525391 0.1346436 -0.6733398 -0.7387695 -0.002933502 -0.7407227 -0.6655273 -0.08728027 -0.4794922 -0.8701172 0.1107178 -0.1779785 -0.9663086 0.1837158 -0.5908203 -0.8061523 -0.02410889 -0.6611328 -0.7163086 -0.2213135 -0.4282227 -0.8994141 0.0838623 -0.1531982 -0.9731445 0.1695557 -0.4694824 -0.8735352 -0.1247559 -0.4782715 -0.5664063 -0.6704102 -0.3352051 -0.9399414 0.06359863 -0.1347656 -0.9794922 0.1467285 -0.3618164 -0.5283203 -0.7675781 -0.2766113 -0.2709961 -0.921875 -0.265625 -0.9633789 -0.03068542 -0.2078857 -0.2822266 -0.9360352 -0.1756592 -0.2456055 -0.953125 -0.2797852 -0.65625 -0.7001953 -0.1282959 -0.9863281 0.102356 -0.1259766 -0.9916992 0.009788513 -0.1699219 -0.6904297 -0.7026367 0 -0.3017578 -0.953125 0 -0.2607422 -0.965332 0.1756592 -0.2456055 -0.953125 0 -0.9995117 0.02124023 0.2078857 -0.2822266 -0.9360352 0.2766113 -0.2709961 -0.921875 0 -0.6914063 -0.722168 0.1699219 -0.6904297 -0.7026367 0 -0.9931641 0.1151123 0.1259766 -0.9916992 0.009780884 0.2797852 -0.65625 -0.7001953 0.3618164 -0.5283203 -0.7675781 0.4782715 -0.5664063 -0.6704102 0.265625 -0.9633789 -0.03068542 0.4694824 -0.8735352 -0.1247559 0.6611328 -0.7163086 -0.2213135 0.1282959 -0.9863281 0.102356 0.3352051 -0.9399414 0.06359863 0.5908203 -0.8061523 -0.02410889 0.7407227 -0.6655273 -0.08728027 0 -0.9873047 0.1573486 0.6733398 -0.7387695 -0.002933502 0.8037109 -0.5893555 -0.07769775 0 -0.984375 0.1744385 0.1347656 -0.9794922 0.1467285 0 -0.9824219 0.1859131 0.1531982 -0.9731445 0.1695557 0.4282227 -0.8994141 0.0838623 0.4794922 -0.8701172 0.1107178 0.1779785 -0.9663086 0.1837158 0 -0.9731445 0.229248 0.7246094 -0.6884766 0.02676392 0.8686523 -0.4919434 -0.05487061 0.5043945 -0.8525391 0.1346436 0.7583008 -0.6499023 0.04449463 0.90625 -0.4196777 -0.04785156 0.2078857 -0.9506836 0.2286377 0.5146484 -0.8383789 0.1772461 0.7734375 -0.6289063 0.07434082 0.9208984 -0.3881836 -0.03120422 0.9208984 -0.3894043 -0.007701874 0.7587891 -0.637207 0.1335449 0.8320313 0.4521484 0.3203125 0.5068359 -0.8178711 0.2709961 0.7841797 -0.1030273 0.6118164 0.1254883 0.8769531 0.4628906 0.3398438 0.8876953 0.3098145 0.3261719 0.8891602 0.3203125 0.01519775 0.8432617 0.5366211 0.4660645 0.8618164 0.1984863 0.4760742 0.8588867 0.1877441 0.5234375 0.8457031 0.1008301 0.5253906 0.8457031 0.08929443 0.5258789 0.8500977 0.002439499 0.5180664 0.8544922 -0.03244019 0.489502 0.8637695 -0.1173706 0.4650879 0.8691406 -0.1668701 0.3537598 0.8579102 -0.3723145 0.3083496 0.8603516 -0.4055176 0.1804199 0.7719727 -0.6088867 0.2041016 0.6923828 -0.6914063 0.1896973 0.5820313 -0.7900391 0.5463867 -0.2207031 0.8071289 -0.02044678 0.828125 0.5595703 0.2426758 -0.9082031 0.3408203 0.2705078 -0.3676758 0.8896484 0 0.8217773 0.5693359 0 -0.9355469 0.3522949 0 -0.4240723 0.9052734 -0.2705078 -0.3676758 0.8896484 -0.2426758 -0.9082031 0.3408203 0 -0.4819336 -0.8759766 0 -0.4482422 -0.8935547 0.9726563 -0.04364014 -0.2279053 0.96875 -0.04620361 -0.2434082 0.9916992 0.03041077 -0.1227417 0 -0.3637695 -0.9311523 0.9853516 0.06152344 -0.15625 0.996582 0.05209351 -0.05749512 0.9677734 -0.02301025 -0.2491455 0.9946289 0.07659912 -0.06237793 0.9975586 0.06732178 -0.01643372 0.9296875 -0.0186615 -0.3666992 0 -0.1699219 -0.9853516 0 0.9975586 0.06719971 0.9345703 0.3518066 -0.05108643 0 0.9624023 0.2712402 0.9682617 0.2470703 -0.03234863 0 0.5385742 -0.8422852 0.9291992 0.04388428 -0.3666992 0 -0.01904297 -0.9995117 0 0.01966858 -0.9995117 0.9082031 0.05584717 -0.4140625 0.9907227 0.1115112 -0.07318115 0.8735352 0.07141113 -0.480957 0 0.1624756 -0.9863281 0.987793 0.1357422 -0.0725708 0.9638672 0.2435303 -0.1057739 0 0.9277344 -0.3728027 0 0.8105469 0.5854492 0.8754883 0.3918457 0.2819824 0 0.7524414 0.6582031 0.9165039 0.3317871 0.2219238 0.9350586 0.3037109 0.1824951 0 0.7436523 0.6679688 0 0.9907227 -0.1351318 0.9902344 0.135376 -0.02540588 0.9379883 0.1878662 -0.2900391 0 0.3459473 -0.9379883 0.9946289 0.1010132 0.01548004 0.9970703 0.07092285 0.01652527 0 0.3366699 -0.9414063 0.9829102 0.1479492 0.1066284 0.9936523 0.08483887 0.06817627 0.9902344 0.1369629 0.009269714 0.9189453 0.1760254 -0.3518066 0.8696289 0.2321777 -0.4350586 0 0.4780273 -0.8779297 0.9897461 0.1413574 -0.008743286 0.9501953 0.3105469 -0.02032471 0 0.9926758 -0.1199341 0 0.6435547 0.7646484 0.8603516 0.3242188 0.3928223 0 0.5097656 0.8598633 0.9125977 0.2473145 0.3249512 0.9301758 0.2269287 0.2878418 0 0.4836426 0.875 0 0.824707 0.5649414 0.9443359 0.3193359 -0.07684326 0 0.7724609 -0.6342773 0.9487305 0.09399414 0.3007813 0.9589844 0.08050537 0.2700195 0 0.005874634 0.9995117 0 0.01763916 0.9995117 0.9360352 0.1289063 0.3261719 0 0.05154419 0.9985352 0.9047852 0.1474609 0.3989258 0 0.2473145 0.96875 0.9018555 0.4125977 -0.1264648 0 0.8686523 -0.4953613 0 -0.9995117 0.01545715 0.3193359 -0.9458008 0.05618286 0 -0.9975586 0.06964111 0.3300781 -0.9438477 0.007602692 0 -0.9990234 -0.0380249 0.6010742 -0.7978516 0.03692627 0.3347168 -0.940918 -0.04452515 0 -0.9946289 -0.09979248 0.609375 -0.7924805 -0.008361816 0.8110352 -0.5839844 0.02314758 0.3425293 -0.9331055 -0.1083374 0 -0.9863281 -0.1629639 0.6113281 -0.7885742 -0.06152344 0.8110352 -0.5839844 -0.0249939 0.9306641 -0.3647461 0.009437561 0.3608398 -0.9165039 -0.170166 0 -0.9741211 -0.2255859 0.9379883 -0.3444824 -0.03115845 0.9941406 -0.1051025 -0.01109314 0.8100586 -0.5800781 -0.081604 0.6118164 -0.7807617 -0.1252441 0.9311523 -0.3493652 -0.09985352 0.8095703 -0.5683594 -0.1455078 0.6147461 -0.7651367 -0.1884766 0.3859863 -0.8920898 -0.2329102 0 -0.9536133 -0.3007813 0.8100586 -0.5463867 -0.2114258 0.4189453 -0.8554688 -0.3029785 0 -0.9282227 -0.3706055 0.6274414 -0.7348633 -0.2565918 0.4467773 -0.8164063 -0.3647461 0 -0.9018555 -0.4318848 0.6459961 -0.6938477 -0.3173828 0.8095703 -0.515625 -0.2785645 0.4785156 -0.7749023 -0.4125977 0 -0.8803711 -0.4741211 0.6601563 -0.6557617 -0.3659668 0.8081055 -0.4890137 -0.3273926 0.5039063 -0.7431641 -0.4394531 0 -0.8793945 -0.4755859 0.6787109 -0.6108398 -0.4064941 0.8007813 -0.4731445 -0.3666992 0.5419922 -0.7231445 -0.427002 0 -0.9248047 -0.3791504 0.7055664 -0.5678711 -0.4228516 0.7939453 -0.4477539 -0.4104004 0.6152344 -0.7138672 -0.333252 0 -0.9741211 0.2244873 0.7524414 -0.5234375 -0.3984375 0.8027344 -0.4169922 -0.4260254 0.7988281 -0.5952148 0.08203125 0.8061523 -0.4978027 -0.3188477 0.8339844 -0.3835449 -0.3955078 0.862793 -0.4753418 0.1705322 0 -0.9208984 0.3894043 0.9150391 -0.402832 -0.0134201 0.9321289 -0.3432617 0.1136475 0 -0.9199219 0.3908691 0.9472656 -0.3137207 0.06359863 0.9746094 -0.2218018 0.02697754 0.9702148 -0.2310791 0.06768799 0 -0.9204102 0.390625 0 -0.9541016 0.298584 0.9882813 -0.1513672 -0.0005030632 0.9848633 -0.1710205 0.01352692 0 -0.9995117 -0.02159119 0.9916992 -0.1169434 -0.05175781 0.9882813 -0.1311035 -0.07452393 0 -0.7836914 -0.6206055 0 -0.5585938 -0.8291016 0.9824219 -0.1065063 -0.1522217 0 -0.4111328 -0.9111328 0.9921875 -0.08581543 -0.09039307 0.9746094 -0.08502197 -0.2052002 0 -0.2895508 -0.9570313 0.9936523 -0.104126 -0.03970337 0.96875 -0.05758667 -0.2407227 0 -0.1810303 -0.9833984 0.9912109 -0.05938721 -0.1154785 0.9638672 -0.02752686 -0.263916 0 -0.08300781 -0.9960938 0.9887695 -0.145752 -0.02404785 0.9956055 -0.06939697 -0.05886841 0.9780273 -0.206665 -0.001842499 0.9946289 -0.09094238 -0.04794312 0.9907227 -0.02931213 -0.1317139 0.9970703 -0.03097534 -0.06689453 0.9912109 -0.1257324 -0.03326416 0.9907227 -0.004558563 -0.1356201 0.9975586 -0.03323364 -0.05966187 0.9975586 -0.000415802 -0.06573486 0.9609375 -0.2663574 -0.06964111 0.9819336 -0.1564941 -0.1027832 0.8769531 -0.3515625 -0.3266602 0.9975586 -0.04098511 -0.04928589 0.9130859 -0.2034912 -0.3527832 0.8671875 -0.2880859 -0.4050293 0.8574219 -0.2878418 -0.425293 0.8955078 -0.1499023 -0.4179688 0.9912109 -0.04797363 -0.1213379 0.9243164 -0.04678345 -0.3781738 0.9916992 0.02989197 -0.1231079 0.9985352 0.01774597 -0.04940796 0.918457 0.06292725 -0.3896484 0.9980469 0.008552551 -0.05865479 0.9868164 0.1162109 -0.1101074 0.9951172 0.09063721 -0.03820801 0.9970703 0.05966187 -0.04742432 0.9980469 0.02819824 -0.05499268 0.9873047 0.1567383 -0.01599121 0.9941406 0.1013794 -0.02767944 0.9741211 0.2089844 -0.08538818 0.8911133 0.1885986 -0.4125977 0.9477539 0.3149414 -0.04846191 0.9736328 0.2265625 0.02523804 0.8388672 0.3193359 -0.4399414 0.8984375 0.4384766 0.01397705 0.7783203 0.4284668 -0.458252 0.9887695 0.1461182 0.001737595 0.9370117 0.3354492 0.09643555 0.9970703 0.06008911 -0.03613281 0.9716797 0.2302246 0.05136108 0.9912109 0.01293182 -0.1298828 0.9941406 0.1038208 -0.01251984 0.9921875 0.04223633 -0.1169434 0.9624023 -0.003318787 -0.270752 0 -0.003740311 -0.9995117 0.9614258 0.01750183 -0.2731934 0 0.07623291 -0.9970703 0.9619141 0.04434204 -0.2692871 0 0.1437988 -0.9892578 0.9921875 0.0859375 -0.0881958 0.9672852 0.07867432 -0.2401123 0 0.2293701 -0.9731445 0.9848633 0.1713867 0.02267456 0.9892578 0.1396484 -0.04144287 0.9770508 0.1152344 -0.1768799 0.9580078 0.2722168 0.08581543 0.9853516 0.1514893 -0.0736084 0 0.5615234 -0.8271484 0 0.793457 -0.6079102 0 0.9995117 -0.0125351 0 0.9560547 0.2924805 0.9770508 0.2093506 0.0319519 0 0.9311523 0.3642578 0 0.921875 0.3869629 0.9189453 0.3691406 0.1357422 0 0.9101563 0.4130859 0.8457031 0.4938965 0.201416 0 0.9824219 0.184082 0.7695313 0.6279297 0.1131592 0.5791016 0.5986328 -0.5522461 0 0.7719727 -0.6352539 0.4331055 0.609375 -0.6635742 0 0.7148438 -0.6992188 0.6782227 0.4445801 -0.5844727 0.3303223 0.65625 -0.6782227 0 0.7260742 -0.6870117 0.5932617 0.4943848 -0.6347656 0.7524414 0.3527832 -0.5556641 0.7373047 0.357666 -0.5722656 0.8027344 0.2756348 -0.5283203 0.8110352 0.2749023 -0.5151367 0.7749023 0.3525391 -0.5239258 0.8510742 0.1717529 -0.4953613 0.8378906 0.2680664 -0.4750977 0.8623047 0.1893311 -0.4689941 0.8818359 0.1865234 -0.4321289 0.8793945 0.09521484 -0.4663086 0.8916016 0.09838867 -0.4414063 0.9047852 0.1170654 -0.4091797 0.8950195 0.02738953 -0.4450684 0.9013672 0.03289795 -0.4316406 0.9140625 0.0512085 -0.4020996 0.9013672 -0.04196167 -0.4299316 0.9038086 -0.03890991 -0.425293 0.8935547 -0.1496582 -0.4230957 0.9169922 -0.02853394 -0.3977051 0.9077148 -0.1394043 -0.3950195 0.8710938 -0.2832031 -0.4003906 0.8896484 -0.2822266 -0.357666 0.9243164 -0.133667 -0.3564453 0.8999023 -0.2871094 -0.3278809 0.9321289 -0.02105713 -0.361084 0.9350586 -0.1282959 -0.3300781 0.9077148 -0.3007813 -0.2919922 0.9262695 0.06768799 -0.369873 0.9433594 -0.01113129 -0.3308105 0.9462891 -0.1237793 -0.2971191 0.9165039 0.1309814 -0.3776855 0.9384766 0.08044434 -0.3347168 0.9541016 -0.002380371 -0.2988281 0.8994141 0.1932373 -0.3908691 0.9291992 0.1479492 -0.3378906 0.8666992 0.2680664 -0.4199219 0.9140625 0.2109375 -0.3457031 0.9472656 0.09057617 -0.3059082 0.9345703 0.1671143 -0.3127441 0.8901367 0.2714844 -0.3649902 0.9204102 0.2324219 -0.3137207 0.9584961 0.09466553 -0.2678223 0.8168945 0.3452148 -0.4614258 0.965332 0.0007419586 -0.2592773 0.534668 0.5717773 -0.621582 0.9594727 -0.1222534 -0.253418 0.2727051 0.7133789 -0.6450195 0 0.7631836 -0.6459961 0.9165039 -0.3195801 -0.2398682 0.9736328 -0.1186523 -0.1923828 0.9238281 -0.338623 -0.1763916 0.980957 0.001853943 -0.1917725 0.9873047 -0.1157227 -0.1065063 0.9755859 0.09686279 -0.1947021 0.9931641 -0.1106567 -0.02645874 0.9941406 0.005290985 -0.104126 0.9995117 0.006023407 -0.02490234 0.9897461 0.09637451 -0.104187 0.9438477 0.1849365 -0.2731934 0.9594727 0.1970215 -0.1992188 0.9277344 0.2556152 -0.2702637 0.9052734 0.2836914 -0.3146973 0.9404297 0.2756348 -0.1975098 0.8476563 0.3493652 -0.3989258 0.9140625 0.3085938 -0.2619629 0.8701172 0.3654785 -0.3303223 0.4990234 0.6386719 -0.5849609 0.487793 0.6923828 -0.5307617 0.2393799 0.7612305 -0.6025391 0 0.7978516 -0.6020508 0.2236328 0.8095703 -0.5419922 0 0.8417969 -0.5390625 0.4902344 0.7573242 -0.4309082 0.2198486 0.8710938 -0.4382324 0 0.8994141 -0.4365234 0.8769531 0.401123 -0.2631836 0.4926758 0.8041992 -0.331543 0.223877 0.9145508 -0.3364258 0 0.940918 -0.3371582 0.9228516 0.3398438 -0.180542 0.8847656 0.4348145 -0.166626 0.5087891 0.8369141 -0.1992188 0.2375488 0.9501953 -0.1992188 0 0.9799805 -0.1968994 0.8920898 0.4470215 -0.06335449 0.2539063 0.9663086 -0.0395813 0 0.9985352 -0.04418945 0.5327148 0.8447266 -0.04425049 0.2042236 0.9755859 0.07727051 0 0.9941406 0.1043701 0.5322266 0.8432617 0.06921387 0.2099609 0.9609375 0.1790771 0 0.9833984 0.1804199 0.2680664 0.9599609 0.0791626 0.276123 0.9438477 0.1793213 0.5322266 0.8300781 0.1646729 0.8896484 0.4558105 0.01925659 0.8828125 0.4592285 0.09509277 0.5205078 0.8164063 0.2495117 0.279541 0.9223633 0.2653809 0.2147217 0.9394531 0.2651367 0 0.9633789 0.2666016 0 0.9296875 0.3679199 0.2172852 0.9067383 0.361084 0 0.8896484 0.4558105 0.2158203 0.8676758 0.4472656 0 0.831543 0.5546875 0.2817383 0.8881836 0.3620605 0.2089844 0.8139648 0.5415039 0 0.7646484 0.644043 0.2822266 0.8491211 0.4458008 0.484375 0.8022461 0.3483887 0.4665527 0.7739258 0.427002 0.2792969 0.7963867 0.5356445 0.8647461 0.4487305 0.2235107 0.2022705 0.7480469 0.6318359 0.8735352 0.4592285 0.15979 0.8574219 0.4418945 0.2629395 0.9091797 0.3664551 0.1958008 0.9233398 0.3601074 0.1298828 0.9272461 0.3664551 0.07543945 0.9433594 0.2888184 0.1625977 0.9277344 0.3725586 0.001480103 0.9560547 0.2683105 0.1151123 0.9584961 0.2766113 0.06420898 0.9267578 0.3649902 -0.08581543 0.9589844 0.2827148 -0.01100159 0.9526367 0.2841797 -0.105957 0.9814453 0.1835938 0.05450439 0.9746094 0.1940918 -0.1077881 0.9819336 0.1882324 -0.01893616 0.9951172 0.09381104 -0.02322388 0.9941406 0.09106445 0.04956055 0.9980469 0.004924774 0.05877686 0.996582 -0.04544067 -0.06201172 0.9643555 -0.1761475 0.1970215 -0.9716797 0.01956177 -0.2348633 0.4387207 -0.8261719 0.3530273 0.9892578 -0.02223206 0.1417236 0.9384766 -0.2207031 0.263916 0.4914551 -0.7670898 0.4118652 0.9887695 0.09655762 0.1121826 0.9047852 -0.2321777 0.355957 0.4833984 -0.7138672 0.5058594 0.9741211 -0.04455566 0.2198486 0.9833984 0.07397461 0.1640625 0.8652344 -0.2237549 0.447998 0.4467773 -0.6889648 0.5698242 0.956543 -0.04309082 0.2878418 0.9790039 0.09857178 0.1766357 0.9770508 0.1781006 0.1135864 0.9609375 0.2296143 0.1538086 0.9711914 0.1763916 0.1584473 0.9741211 0.1251221 0.1856689 0.9682617 0.09442139 0.2299805 0.9619141 0.1765137 0.2073975 0.9580078 0.1339111 0.253418 0.9487305 0.07373047 0.3059082 0.9169922 -0.04928589 0.3947754 0.9428711 0.1225586 0.3085938 0.8198242 -0.2209473 0.527832 0.3999023 -0.6958008 0.5961914 0.3625488 -0.7060547 0.6079102 0.9228516 0.06097412 0.3796387 0.7797852 -0.1932373 0.5952148 0.394043 -0.7128906 0.5795898 0.8818359 -0.004692078 0.4709473 0.9023438 0.06738281 0.4248047 0.9204102 0.12146 0.3713379 0.8510742 0.05523682 0.5214844 0.8842773 0.09875488 0.4558105 0.7617188 -0.1376953 0.6323242 0.6352539 -0.6923828 0.3415527 0.9077148 0.1104126 0.4040527 0.9438477 0.1250152 0.3056641 0.9248047 0.09161377 0.3691406 0.9536133 0.1605225 0.2529297 0.9238281 0.1342773 0.357666 0.9370117 0.1767578 0.3007813 0.9477539 0.2047119 0.2435303 0.9101563 0.08630371 0.4040527 0.8618164 0.3210449 0.392334 0.8994141 0.1035767 0.4240723 0.8510742 0.2810059 0.4428711 0.8300781 0.248291 0.4987793 -0.2406006 0.9584961 0.1503906 -0.1949463 0.9755859 0.1005249 -0.3515625 0.8740234 0.3342285 0.05722046 0.9746094 -0.215332 0.8759766 0.3430176 0.3376465 -0.3273926 0.8916016 0.3122559 -0.265625 0.8618164 0.4313965 0.8891602 0.3654785 0.2741699 -0.2316895 0.8989258 0.3710938 0.949707 0.2314453 0.2086182 0.8925781 0.3874512 0.2303467 -0.04446411 0.8164063 0.5751953 0.953125 0.2316895 0.1922607 0.8911133 0.4006348 0.2115479 0.01079559 0.7646484 0.6435547 0.9345703 0.291748 0.2030029 0.940918 0.286377 0.1778564 -0.004627228 0.8989258 0.4379883 0.06744385 -0.9926758 0.09771729 0.9462891 0.2810059 0.1580811 0.9726563 0.1555176 0.1704102 0.9663086 0.1894531 0.1717529 0.05288696 -0.9980469 -0.01776123 0.8920898 0.3874512 0.2310791 0.9213867 0.3205566 0.2181396 0.949707 0.2242432 0.2175293 0.002197266 -0.9560547 -0.2929688 0.005996704 -0.9458008 -0.3232422 0.890625 0.3850098 0.2412109 0.90625 0.3320313 0.2614746 0.8500977 0.4387207 0.2902832 0.8842773 0.3740234 0.2788086 0.8481445 0.4111328 0.3327637 0.8774414 0.3605957 0.3156738 0.8911133 0.3383789 0.3007813 0.4262695 0.7412109 0.5175781 0.8481445 0.3879395 0.3601074 0.8701172 0.3493652 0.3466797 0.8310547 0.3781738 0.4069824 0.4511719 0.6547852 0.605957 0.2766113 0.7275391 0.6274414 0.8125 0.3530273 0.4628906 0.2790527 0.6391602 0.7163086 0.8598633 0.3266602 0.3911133 0.4846191 0.5488281 0.6806641 0.8012695 0.3459473 0.487793 0.1986084 0.6625977 0.7216797 0 0.6762695 0.7363281 0.5244141 0.434082 0.7319336 0.2022705 0.5625 0.8012695 0 0.5791016 0.8149414 0.2878418 0.5361328 0.7929688 0.2250977 0.4567871 0.8603516 0.3046875 0.4277344 0.8505859 0.2487793 0.3378906 0.9072266 0 0.3464355 0.9379883 0 0.2200928 0.9750977 0.3244629 0.3110352 0.8930664 0.5429688 0.3173828 0.7768555 0.5683594 0.09698486 0.8164063 0.315918 0.2215576 0.9223633 0.2731934 0.1949463 0.9418945 0.5585938 -0.1168213 0.8208008 0.5166016 -0.2432861 0.8208008 0 -0.1328125 0.9907227 0 -0.9248047 0.380127 0.6625977 -0.6943359 0.2792969 0.7041016 -0.6645508 0.2495117 0.8051758 0.118042 0.5805664 0.8041992 0.2178955 0.5522461 0.8515625 0.1464844 0.5024414 0.8041992 0.2797852 0.5234375 0.8432617 0.2294922 0.4853516 0.8642578 0.1278076 0.4855957 0.8745117 0.152832 0.4592285 0.2695313 0.6542969 -0.7060547 0.8540039 0.1947021 0.4816895 0.2336426 -0.559082 -0.7954102 0.8544922 0.2790527 0.4377441 0.8935547 0.1611328 0.4182129 0.1781006 -0.6801758 -0.7104492 0.8530273 0.298584 0.427002 0.8896484 0.2050781 0.4069824 0.002685547 -0.9238281 -0.3820801 0.8505859 0.3015137 0.4304199 0.8540039 0.3098145 0.4172363 0.8950195 0.2366943 0.3771973 0.01047516 -0.9350586 -0.354248 0.8598633 0.3183594 0.3984375 0.9145508 0.2514648 0.3156738 0.8764648 0.3361816 0.3435059 0.9316406 0.2481689 0.2636719 -0.8354492 0.5322266 0.1339111 -0.9628906 0.2692871 0.01306915 -0.949707 0.2700195 -0.157959 -0.9638672 0.2116699 -0.1594238 -0.9882813 0.1287842 0.08099365 -0.9082031 0.2658691 -0.3220215 -0.9775391 0.1241455 -0.168335 -0.9072266 0.2285156 -0.3518066 -0.9833984 0.08410645 0.157959 -0.8999023 0.2539063 -0.3537598 -0.980957 0.1016846 -0.1652832 -0.8813477 0.1535645 0.4462891 -0.7514648 0.5009766 -0.4284668 -0.9414063 0.3308105 -0.05825806 -0.9726563 -0.04364014 -0.2279053 -0.96875 -0.04620361 -0.2434082 -0.9916992 0.03041077 -0.1227417 -0.9853516 0.06152344 -0.15625 -0.996582 0.05209351 -0.05749512 -0.9677734 -0.02301025 -0.2491455 -0.9946289 0.07659912 -0.06237793 -0.9975586 0.06732178 -0.01643372 -0.9682617 0.2470703 -0.03234863 -0.9296875 -0.0186615 -0.3666992 -0.9345703 0.3518066 -0.05108643 -0.9291992 0.04388428 -0.3666992 -0.9082031 0.05584717 -0.4140625 -0.9907227 0.1115112 -0.07318115 -0.8735352 0.07141113 -0.480957 -0.987793 0.1357422 -0.0725708 -0.9638672 0.2435303 -0.1057739 -0.8754883 0.3918457 0.2819824 -0.9165039 0.3317871 0.2219238 -0.9350586 0.3037109 0.1824951 -0.9902344 0.135376 -0.02540588 -0.9379883 0.1878662 -0.2900391 -0.9946289 0.1010132 0.01548004 -0.9970703 0.07092285 0.01652527 -0.9829102 0.1479492 0.1066284 -0.9936523 0.08483887 0.06817627 -0.9189453 0.1760254 -0.3518066 -0.9902344 0.1369629 0.009269714 -0.8696289 0.2321777 -0.4350586 -0.9897461 0.1413574 -0.008743286 -0.9501953 0.3105469 -0.02032471 -0.8603516 0.3242188 0.3928223 -0.9125977 0.2473145 0.3249512 -0.9301758 0.2269287 0.2878418 -0.9443359 0.3193359 -0.07684326 -0.9487305 0.09399414 0.3007813 -0.9589844 0.08050537 0.2700195 -0.9360352 0.1289063 0.3261719 -0.9047852 0.1474609 0.3989258 -0.9018555 0.4125977 -0.1264648 -0.3193359 -0.9458008 0.05618286 -0.3300781 -0.9438477 0.007602692 -0.6010742 -0.7978516 0.03692627 -0.609375 -0.7924805 -0.008361816 -0.8110352 -0.5839844 0.02314758 -0.3347168 -0.940918 -0.04452515 -0.8110352 -0.5839844 -0.0249939 -0.9306641 -0.3647461 0.009437561 -0.6113281 -0.7885742 -0.06152344 -0.3425293 -0.9331055 -0.1083374 -0.9379883 -0.3444824 -0.03115845 -0.9941406 -0.1051025 -0.01109314 -0.8100586 -0.5800781 -0.081604 -0.6118164 -0.7807617 -0.1252441 -0.3608398 -0.9165039 -0.170166 -0.8095703 -0.5683594 -0.1455078 -0.3859863 -0.8920898 -0.2329102 -0.6147461 -0.7651367 -0.1884766 -0.4189453 -0.8554688 -0.3029785 -0.6274414 -0.7348633 -0.2565918 -0.8100586 -0.5463867 -0.2114258 -0.4467773 -0.8164063 -0.3647461 -0.6459961 -0.6938477 -0.3173828 -0.8095703 -0.515625 -0.2785645 -0.4785156 -0.7749023 -0.4125977 -0.6601563 -0.6557617 -0.3659668 -0.8081055 -0.4890137 -0.3273926 -0.5039063 -0.7431641 -0.4394531 -0.6787109 -0.6108398 -0.4064941 -0.8007813 -0.4731445 -0.3666992 -0.5419922 -0.7231445 -0.427002 -0.7055664 -0.5678711 -0.4228516 -0.7939453 -0.4477539 -0.4104004 -0.6152344 -0.7138672 -0.333252 -0.7524414 -0.5234375 -0.3984375 -0.8027344 -0.4169922 -0.4260254 -0.7988281 -0.5952148 0.08203125 -0.8061523 -0.4978027 -0.3188477 -0.8339844 -0.3835449 -0.3955078 -0.862793 -0.4753418 0.1705322 -0.9150391 -0.402832 -0.0134201 -0.9321289 -0.3432617 0.1136475 -0.9472656 -0.3137207 0.06359863 -0.9746094 -0.2218018 0.02697754 -0.9702148 -0.2310791 0.06768799 -0.9882813 -0.1513672 -0.0005030632 -0.9848633 -0.1710205 0.01352692 -0.9916992 -0.1169434 -0.05175781 -0.9882813 -0.1311035 -0.07452393 -0.9824219 -0.1065063 -0.1522217 -0.9921875 -0.08581543 -0.09039307 -0.9746094 -0.08502197 -0.2052002 -0.9936523 -0.104126 -0.03970337 -0.96875 -0.05758667 -0.2407227 -0.9912109 -0.05938721 -0.1154785 -0.9638672 -0.02752686 -0.263916 -0.9956055 -0.06939697 -0.05886841 -0.9624023 -0.003318787 -0.270752 -0.9907227 -0.02931213 -0.1317139 -0.9907227 -0.004558563 -0.1356201 -0.9614258 0.01750183 -0.2731934 -0.9912109 0.01293182 -0.1298828 -0.9619141 0.04434204 -0.2692871 -0.9921875 0.04223633 -0.1169434 -0.9672852 0.07867432 -0.2401123 -0.9921875 0.0859375 -0.0881958 -0.9770508 0.1152344 -0.1768799 -0.9892578 0.1396484 -0.04144287 -0.9853516 0.1514893 -0.0736084 -0.9770508 0.2093506 0.0319519 -0.9580078 0.2722168 0.08581543 -0.9848633 0.1713867 0.02267456 -0.9189453 0.3691406 0.1357422 -0.9941406 0.1038208 -0.01251984 -0.9716797 0.2302246 0.05136108 -0.8457031 0.4938965 0.201416 -0.9970703 0.06008911 -0.03613281 -0.9887695 0.1461182 0.001737595 -0.9370117 0.3354492 0.09643555 -0.7695313 0.6279297 0.1131592 -0.5791016 0.5986328 -0.5522461 -0.8984375 0.4384766 0.01397705 -0.9736328 0.2265625 0.02523804 -0.9941406 0.1013794 -0.02767944 -0.9980469 0.02819824 -0.05499268 -0.9873047 0.1567383 -0.01599121 -0.9975586 -0.000415802 -0.06573486 -0.9970703 0.05966187 -0.04742432 -0.9970703 -0.03097534 -0.06689453 -0.9980469 0.008552551 -0.05865479 -0.9946289 -0.09094238 -0.04794312 -0.9975586 -0.03323364 -0.05966187 -0.9951172 0.09063721 -0.03820801 -0.9985352 0.01774597 -0.04940796 -0.9912109 -0.1257324 -0.03326416 -0.9975586 -0.04098511 -0.04928589 -0.9868164 0.1162109 -0.1101074 -0.9916992 0.02989197 -0.1231079 -0.9741211 0.2089844 -0.08538818 -0.9477539 0.3149414 -0.04846191 -0.7783203 0.4284668 -0.458252 -0.8388672 0.3193359 -0.4399414 -0.8911133 0.1885986 -0.4125977 -0.6782227 0.4445801 -0.5844727 -0.7524414 0.3527832 -0.5556641 -0.8027344 0.2756348 -0.5283203 -0.4331055 0.609375 -0.6635742 -0.7373047 0.357666 -0.5722656 -0.3303223 0.65625 -0.6782227 -0.5932617 0.4943848 -0.6347656 -0.2727051 0.7133789 -0.6450195 -0.534668 0.5717773 -0.621582 -0.2393799 0.7612305 -0.6025391 -0.4990234 0.6386719 -0.5849609 -0.7749023 0.3525391 -0.5239258 -0.2236328 0.8095703 -0.5419922 -0.487793 0.6923828 -0.5307617 -0.8168945 0.3452148 -0.4614258 -0.8476563 0.3493652 -0.3989258 -0.2198486 0.8710938 -0.4382324 -0.4902344 0.7573242 -0.4309082 -0.223877 0.9145508 -0.3364258 -0.4926758 0.8041992 -0.331543 -0.8701172 0.3654785 -0.3303223 -0.8769531 0.401123 -0.2631836 -0.2375488 0.9501953 -0.1992188 -0.5087891 0.8369141 -0.1992188 -0.2539063 0.9663086 -0.0395813 -0.5327148 0.8447266 -0.04425049 -0.8847656 0.4348145 -0.166626 -0.8920898 0.4470215 -0.06335449 -0.9228516 0.3398438 -0.180542 -0.9267578 0.3649902 -0.08581543 -0.8896484 0.4558105 0.01925659 -0.9140625 0.3085938 -0.2619629 -0.9277344 0.3725586 0.001480103 -0.9052734 0.2836914 -0.3146973 -0.5322266 0.8432617 0.06921387 -0.8901367 0.2714844 -0.3649902 -0.2680664 0.9599609 0.0791626 -0.8666992 0.2680664 -0.4199219 -0.2042236 0.9755859 0.07727051 -0.2099609 0.9609375 0.1790771 -0.276123 0.9438477 0.1793213 -0.5322266 0.8300781 0.1646729 -0.2147217 0.9394531 0.2651367 -0.279541 0.9223633 0.2653809 -0.2172852 0.9067383 0.361084 -0.5205078 0.8164063 0.2495117 -0.2158203 0.8676758 0.4472656 -0.2817383 0.8881836 0.3620605 -0.2089844 0.8139648 0.5415039 -0.2822266 0.8491211 0.4458008 -0.484375 0.8022461 0.3483887 -0.4665527 0.7739258 0.427002 -0.2792969 0.7963867 0.5356445 -0.2022705 0.7480469 0.6318359 -0.1986084 0.6625977 0.7216797 -0.2766113 0.7275391 0.6274414 -0.2022705 0.5625 0.8012695 -0.2790527 0.6391602 0.7163086 -0.2878418 0.5361328 0.7929688 -0.2250977 0.456543 0.8603516 -0.3046875 0.4277344 0.8505859 -0.2487793 0.3378906 0.9072266 -0.3244629 0.3110352 0.8930664 -0.2731934 0.1949463 0.9418945 -0.315918 0.2215576 0.9223633 -0.5585938 -0.1168213 0.8208008 -0.5166016 -0.2432861 0.8208008 -0.6625977 -0.6943359 0.2792969 -0.7041016 -0.6645508 0.2495117 -0.6352539 -0.6923828 0.3415527 -0.5683594 0.09698486 0.8164063 -0.7617188 -0.1376953 0.6323242 -0.394043 -0.7128906 0.5795898 -0.5429688 0.3173828 0.7768555 -0.7797852 -0.1932373 0.5952148 -0.3625488 -0.7060547 0.6079102 -0.5244141 0.434082 0.7319336 -0.8051758 0.118042 0.5805664 -0.4846191 0.5488281 0.6806641 -0.8041992 0.2178955 0.5522461 -0.8041992 0.2797852 0.5234375 -0.4511719 0.6547852 0.605957 -0.8012695 0.3459473 0.487793 -0.8432617 0.2294922 0.4853516 -0.8515625 0.1464844 0.5024414 -0.8510742 0.05523682 0.5214844 -0.8642578 0.1278076 0.4855957 -0.8818359 -0.004692078 0.4709473 -0.8842773 0.09875488 0.4558105 -0.8198242 -0.2209473 0.527832 -0.3999023 -0.6958008 0.5961914 -0.4467773 -0.6889648 0.5698242 -0.8652344 -0.2237549 0.447998 -0.4833984 -0.7138672 0.5058594 -0.9169922 -0.04928589 0.3947754 -0.9047852 -0.2321777 0.355957 -0.4914551 -0.7670898 0.4118652 -0.956543 -0.04309082 0.2878418 -0.9384766 -0.2207031 0.263916 -0.4387207 -0.8261719 0.3530273 -0.9741211 -0.04455566 0.2198486 -0.9643555 -0.1761475 0.1970215 0.9716797 0.01956177 -0.2348633 -0.996582 -0.04544067 -0.06201172 -0.9892578 -0.02223206 0.1417236 -0.9980469 0.004924774 0.05877686 -0.9833984 0.07397461 0.1640625 -0.9995117 0.006023407 -0.02490234 -0.9790039 0.09857178 0.1766357 -0.9887695 0.09655762 0.1121826 -0.9941406 0.09106445 0.04956055 -0.9951172 0.09381104 -0.02322388 -0.9814453 0.1835938 0.05450439 -0.9819336 0.1882324 -0.01893616 -0.9770508 0.1781006 0.1135864 -0.9589844 0.2827148 -0.01100159 -0.9584961 0.2766113 0.06420898 -0.9746094 0.1940918 -0.1077881 -0.9526367 0.2841797 -0.105957 -0.9272461 0.3664551 0.07543945 -0.9404297 0.2756348 -0.1975098 -0.9277344 0.2556152 -0.2702637 -0.9594727 0.1970215 -0.1992188 -0.9897461 0.09637451 -0.104187 -0.9204102 0.2324219 -0.3137207 -0.9438477 0.1849365 -0.2731934 -0.9755859 0.09686279 -0.1947021 -0.9941406 0.005290985 -0.104126 -0.9931641 -0.1106567 -0.02645874 -0.980957 0.001853943 -0.1917725 -0.9311523 -0.3493652 -0.09985352 -0.9873047 -0.1157227 -0.1065063 -0.9238281 -0.338623 -0.1763916 -0.9736328 -0.1186523 -0.1923828 -0.9165039 -0.3195801 -0.2398682 -0.965332 0.0007419586 -0.2592773 -0.9077148 -0.3007813 -0.2919922 -0.9594727 -0.1222534 -0.253418 -0.8999023 -0.2871094 -0.3278809 -0.9462891 -0.1237793 -0.2971191 -0.8896484 -0.2822266 -0.357666 -0.9350586 -0.1282959 -0.3300781 -0.9243164 -0.133667 -0.3564453 -0.8710938 -0.2832031 -0.4003906 -0.9077148 -0.1394043 -0.3950195 -0.8574219 -0.2878418 -0.425293 -0.8935547 -0.1496582 -0.4230957 -0.9169922 -0.02853394 -0.3977051 -0.9038086 -0.03890991 -0.425293 -0.8955078 -0.1499023 -0.4179688 -0.9321289 -0.02105713 -0.361084 -0.8671875 -0.2880859 -0.4050293 -0.8769531 -0.3515625 -0.3266602 -0.9130859 -0.2034912 -0.3527832 -0.9013672 -0.04196167 -0.4299316 -0.9243164 -0.04678345 -0.3781738 -0.9819336 -0.1564941 -0.1027832 -0.8950195 0.02738953 -0.4450684 -0.9912109 -0.04797363 -0.1213379 -0.918457 0.06292725 -0.3896484 -0.9609375 -0.2663574 -0.06964111 -0.9780273 -0.206665 -0.001842499 -0.9887695 -0.145752 -0.02404785 -0.8793945 0.09521484 -0.4663086 -0.8510742 0.1717529 -0.4953613 -0.9013672 0.03289795 -0.4316406 -0.8916016 0.09838867 -0.4414063 -0.9140625 0.0512085 -0.4020996 -0.8623047 0.1893311 -0.4689941 -0.9047852 0.1170654 -0.4091797 -0.9262695 0.06768799 -0.369873 -0.8110352 0.2749023 -0.5151367 -0.8818359 0.1865234 -0.4321289 -0.8378906 0.2680664 -0.4750977 -0.9165039 0.1309814 -0.3776855 -0.8994141 0.1932373 -0.3908691 -0.9384766 0.08044434 -0.3347168 -0.9140625 0.2109375 -0.3457031 -0.9291992 0.1479492 -0.3378906 -0.9345703 0.1671143 -0.3127441 -0.9472656 0.09057617 -0.3059082 -0.9584961 0.09466553 -0.2678223 -0.9541016 -0.002380371 -0.2988281 -0.9433594 -0.01113129 -0.3308105 0.8354492 0.5322266 0.1339111 0.949707 0.2700195 -0.157959 0.9628906 0.2692871 0.01306915 0.9638672 0.2116699 -0.1594238 0.9882813 0.1287842 0.08099365 0.9082031 0.2658691 -0.3220215 0.9775391 0.1241455 -0.168335 0.9072266 0.2285156 -0.3518066 0.9833984 0.08410645 0.157959 0.8999023 0.2539063 -0.3537598 0.980957 0.1016846 -0.1652832 0.8813477 0.1535645 0.4462891 0.7514648 0.5009766 -0.4284668 0.9414063 0.3308105 -0.05825806 0.3564453 0.7651367 -0.5356445 -0.6396484 0.5463867 -0.5400391 0.3647461 0.7827148 -0.503418 -0.7119141 0.4926758 -0.4997559 -0.8886719 0.3271484 -0.3198242 -0.6938477 0.5146484 -0.5024414 0.2944336 0.8789063 -0.3747559 -0.8896484 0.3225098 -0.3225098 -0.8828125 0.3554688 -0.3054199 -0.005687714 0.925293 0.3781738 -0.3322754 0.3710938 0.8666992 -0.9506836 0.3093262 -0.0008525848 -0.3518066 0.2058105 0.9130859 -0.953125 0.300293 -0.02644348 -0.9516602 0.2976074 0.07427979 -0.3757324 0.1777344 0.9091797 0.9614258 0.2365723 0.137207 0.9594727 0.1693115 0.2247314 0.8945313 -0.0297699 0.4450684 0.9248047 0.2895508 0.2456055 0.8920898 -0.01161194 0.4506836 0.862793 0.1217041 0.4902344 0.6796875 0.09118652 0.7275391 0.7211914 -0.02157593 0.6918945 0.6391602 -0.02012634 0.7685547 0.2727051 -0.7041016 -0.6547852 0.269043 -0.7280273 -0.6298828 -0.6386719 -0.3652344 -0.6767578 -0.7080078 -0.3110352 -0.6333008 -0.9008789 -0.135498 -0.4116211 -0.6928711 -0.3349609 -0.6376953 0.1744385 -0.8305664 -0.5283203 -0.9008789 -0.1297607 -0.4140625 -0.8999023 -0.1704102 -0.4008789 -0.1729736 -0.9624023 0.208252 -0.4367676 -0.4396973 0.7841797 -0.9853516 -0.1599121 -0.05093384 -0.4331055 -0.2844238 0.8549805 -0.9863281 -0.145752 -0.07513428 -0.9868164 -0.1580811 0.02462769 -0.4511719 -0.2524414 0.8554688 0.8886719 -0.4465332 0.09973145 0.894043 -0.4006348 0.1993408 0.8447266 -0.2145996 0.4899902 0.8295898 -0.5214844 0.1972656 0.8374023 -0.2346191 0.4929199 0.7749023 -0.3789063 0.5053711 0.5546875 -0.3459473 0.7563477 0.6210938 -0.2304688 0.7485352 0.5341797 -0.2263184 0.8144531 -0.6582031 0.3181152 0.6816406 0.5083008 -0.09344482 0.855957 -0.4353027 0.2800293 0.8554688 0.640625 -0.1152954 0.7587891 0.8378906 -0.1612549 0.5209961 0.6323242 -0.01568604 0.7739258 -0.3530273 0.421875 0.8344727 0.8374023 -0.1358643 0.5288086 0.8261719 -0.0147934 0.5629883 0.09161377 0.9189453 0.3830566 0.4509277 0.824707 -0.340332 0.9306641 0.1329346 0.3398438 0.4785156 0.734375 -0.4807129 0.9506836 0.03811646 0.3068848 0.9746094 0.1334229 0.1795654 0.2277832 0.7568359 -0.6123047 -0.7880859 0.4287109 0.4406738 0.2612305 -0.1342773 0.9555664 -0.5839844 0.3503418 0.7314453 0.4326172 -0.1740723 0.8842773 0.6904297 -0.260498 0.6743164 0.4545898 -0.08874512 0.8862305 -0.4628906 0.463623 0.7553711 0.6914063 -0.2260742 0.6855469 0.6879883 -0.1118164 0.7167969 0.1204224 0.9023438 0.4130859 0.6054688 0.7631836 -0.2241211 0.8530273 0.02301025 0.5205078 0.6225586 0.6860352 -0.3759766 0.8779297 -0.05041504 0.4760742 0.940918 0.05160522 0.3337402 0.3308105 0.7387695 -0.5864258 0.4018555 -0.7006836 -0.5888672 0.4089355 -0.7226563 -0.5571289 -0.5556641 -0.46875 -0.6860352 -0.628418 -0.4233398 -0.6523438 -0.8574219 -0.2526855 -0.4475098 -0.6103516 -0.4458008 -0.6542969 0.3220215 -0.8310547 -0.4526367 -0.8574219 -0.2471924 -0.4504395 -0.8530273 -0.2868652 -0.4348145 -0.09417725 -0.9614258 0.2575684 -0.4736328 -0.4331055 0.7666016 -0.9604492 -0.2614746 -0.09460449 -0.486084 -0.276123 0.8286133 -0.9609375 -0.2495117 -0.1185303 -0.9663086 -0.255127 -0.02182007 -0.5043945 -0.2460938 0.8271484 0.925293 -0.3347168 0.1761475 0.9189453 -0.2856445 0.2705078 0.831543 -0.09338379 0.546875 0.8691406 -0.411377 0.2734375 0.8276367 -0.1143188 0.5493164 0.7792969 -0.2634277 0.5678711 0.5322266 -0.2420654 0.8110352 0.5888672 -0.119751 0.7988281 0.4941406 -0.1216431 0.8603516 0.9360352 0.2978516 0.1849365 0 0.6860352 0.7270508 0 0.6728516 0.7392578 0.9399414 0.2937012 0.1721191 0.9921875 0.1183472 -0.02545166 0.940918 0.3000488 0.154541 0 0.7373047 0.675293 0.984375 0.1740723 -0.009567261 0.9130859 0.3662109 0.1787109 0 0.8808594 0.4726563 0.9526367 0.1531982 -0.262207 0.9301758 0.1951904 -0.3093262 0 0.3310547 -0.9433594 0 0.09106445 -0.9956055 0 0.9995117 -0.01444244 0.9492188 0.3046875 0.07794189 0 0.934082 0.3557129 0.9960938 0.06610107 -0.05709839 0.996582 0.05917358 -0.05584717 0.9946289 0.01834106 -0.09942627 0.9277344 0.3603516 0.09680176 0.9946289 0.07733154 -0.06347656 0.871582 0.4777832 0.1080933 0 0.9785156 0.2058105 0.9912109 0.09747314 -0.08587646 0.9482422 0.2443848 -0.2012939 0 0.722168 -0.6914063 0 -0.1096802 -0.9936523 0.8852539 -0.05969238 -0.4604492 0 -0.2915039 -0.956543 0.934082 -0.06054688 -0.3518066 0.9580078 -0.05429077 -0.2802734 0 -0.3266602 -0.9448242 0 0.1335449 -0.9907227 0.9892578 0.01580811 -0.1445313 0.953125 0.2814941 -0.1096802 0 0.9995117 -0.01236725 0.9521484 -0.1572266 -0.2612305 0.9609375 -0.1384277 -0.2384033 0 -0.734375 -0.6782227 0 -0.7231445 -0.6904297 0.9462891 -0.1619873 -0.279541 0 -0.703125 -0.7104492 0.9047852 -0.2319336 -0.3569336 0 -0.5942383 -0.8041992 0.9301758 0.3339844 -0.151123 0 0.9799805 -0.1970215 0.9736328 0.09088135 -0.2073975 0 0.5136719 -0.8574219 0 0.4418945 -0.8969727 0.9799805 0.06250762 -0.1876221 0.996582 0.0189209 -0.07849121 0.9404297 -0.1395264 -0.3095703 0 -0.4418945 -0.8964844 0 -0.5517578 -0.8334961 0.9946289 -0.009849548 -0.09863281 0.9985352 0.01224518 -0.04934692 0.9506836 -0.157959 -0.265625 0.9458008 -0.09637451 -0.3095703 0 -0.2685547 -0.9628906 0.9912109 -0.0385437 -0.1245728 0.9980469 -0.002761841 -0.05950928 0.9995117 0.001535416 0.001686096 0.9633789 -0.01005554 -0.2668457 0 0.05004883 -0.9985352 0.9995117 -0.01197052 -0.001974106 0.9458008 -0.09265137 0.3105469 0.9960938 -0.0242157 -0.08117676 0.9335938 -0.1583252 0.3210449 0 -0.2802734 0.9594727 0 -0.4250488 0.9047852 0.9985352 -0.02984619 -0.03491211 0.9467773 -0.2305908 0.2236328 0 -0.6708984 0.7407227 0.9951172 -0.02767944 -0.0925293 0.9672852 -0.236084 0.08905029 0 -0.8408203 0.5405273 0.9526367 -0.2502441 -0.1712646 0 -0.8901367 -0.4550781 -0.3564453 0.7651367 -0.5356445 -0.3647461 0.7827148 -0.503418 0.6396484 0.5463867 -0.5400391 0.7119141 0.4926758 -0.4997559 0.8886719 0.3271484 -0.3198242 0.6938477 0.5146484 -0.5024414 -0.2944336 0.8789063 -0.3747559 0.8896484 0.3225098 -0.3225098 0.8828125 0.3554688 -0.3054199 0.005687714 0.925293 0.3781738 0.3322754 0.3710938 0.8666992 0.9506836 0.3093262 -0.0008516312 0.3518066 0.2058105 0.9130859 0.953125 0.300293 -0.02644348 0.9516602 0.2976074 0.07427979 0.3757324 0.1777344 0.9091797 -0.9614258 0.2365723 0.137207 -0.9594727 0.1693115 0.2247314 -0.8945313 -0.0297699 0.4450684 -0.9248047 0.2895508 0.2456055 -0.8920898 -0.01161194 0.4506836 -0.862793 0.1217041 0.4902344 -0.6796875 0.09118652 0.7275391 -0.7211914 -0.02157593 0.6918945 -0.6391602 -0.02012634 0.7685547 -0.2727051 -0.7041016 -0.6547852 0.6386719 -0.3652344 -0.6767578 -0.269043 -0.7280273 -0.6298828 0.7080078 -0.3110352 -0.6333008 0.9008789 -0.135498 -0.4116211 0.6928711 -0.3349609 -0.6376953 -0.1744385 -0.8305664 -0.5283203 0.9008789 -0.1297607 -0.4140625 0.8999023 -0.1704102 -0.4008789 0.1729736 -0.9624023 0.208252 0.4367676 -0.4396973 0.7841797 0.9853516 -0.1599121 -0.05090332 0.4331055 -0.2844238 0.8549805 0.9863281 -0.145752 -0.07513428 0.9868164 -0.1580811 0.02462769 0.4511719 -0.2524414 0.8554688 -0.8886719 -0.4465332 0.09973145 -0.894043 -0.4006348 0.1993408 -0.8447266 -0.2145996 0.4899902 -0.8295898 -0.5214844 0.1972656 -0.8374023 -0.2346191 0.4929199 -0.7749023 -0.3789063 0.5053711 -0.5546875 -0.3459473 0.7563477 -0.6210938 -0.2304688 0.7485352 -0.5341797 -0.2263184 0.8144531 0.4353027 0.2800293 0.8554688 -0.5083008 -0.09344482 0.855957 0.6582031 0.3181152 0.6816406 -0.640625 -0.1152954 0.7587891 -0.8378906 -0.1612549 0.5209961 -0.6323242 -0.01568604 0.7739258 0.3530273 0.421875 0.8344727 -0.8374023 -0.1358643 0.5288086 -0.8261719 -0.0147934 0.5629883 -0.09161377 0.9189453 0.3830566 -0.4509277 0.824707 -0.340332 -0.9306641 0.1329346 0.3398438 -0.4785156 0.734375 -0.4807129 -0.9506836 0.03811646 0.3068848 -0.9746094 0.1334229 0.1795654 -0.2277832 0.7568359 -0.6123047 0.5839844 0.3503418 0.7314453 -0.2612305 -0.1342773 0.9555664 0.7880859 0.4287109 0.4406738 -0.4326172 -0.1740723 0.8842773 -0.6904297 -0.260498 0.6743164 -0.4545898 -0.08874512 0.8862305 0.4628906 0.463623 0.7553711 -0.6914063 -0.2259521 0.6855469 -0.6879883 -0.1118164 0.7167969 -0.1204224 0.9023438 0.4130859 -0.6054688 0.7631836 -0.2241211 -0.8530273 0.02301025 0.5205078 -0.6225586 0.6860352 -0.3759766 -0.8779297 -0.05041504 0.4760742 -0.940918 0.05160522 0.3337402 -0.3308105 0.7387695 -0.5864258 -0.4018555 -0.7006836 -0.5888672 0.5556641 -0.46875 -0.6860352 -0.4089355 -0.7226563 -0.5571289 0.628418 -0.4233398 -0.6523438 0.8574219 -0.2526855 -0.4475098 0.6103516 -0.4458008 -0.6542969 -0.3220215 -0.8310547 -0.4526367 0.8574219 -0.2471924 -0.4504395 0.8530273 -0.2868652 -0.4348145 0.09417725 -0.9614258 0.2575684 0.4736328 -0.4331055 0.7666016 0.9604492 -0.2614746 -0.09460449 0.486084 -0.276123 0.8286133 0.9609375 -0.2495117 -0.1185303 0.9663086 -0.255127 -0.02182007 0.5043945 -0.2460938 0.8271484 -0.925293 -0.3347168 0.1761475 -0.9189453 -0.2856445 0.2705078 -0.831543 -0.09338379 0.546875 -0.8691406 -0.411377 0.2734375 -0.8276367 -0.1143188 0.5493164 -0.7792969 -0.2634277 0.5678711 -0.5322266 -0.2420654 0.8110352 -0.5888672 -0.119751 0.7988281 -0.4941406 -0.1216431 0.8603516 -0.9360352 0.2978516 0.1849365 -0.9399414 0.2937012 0.1721191 -0.9921875 0.1183472 -0.02545166 -0.940918 0.3000488 0.154541 -0.984375 0.1740723 -0.009567261 -0.9130859 0.3662109 0.1787109 -0.9526367 0.1531982 -0.262207 -0.9301758 0.1951904 -0.3093262 -0.9492188 0.3046875 0.07794189 -0.9960938 0.06610107 -0.05709839 -0.996582 0.05917358 -0.05584717 -0.9946289 0.01834106 -0.09942627 -0.9277344 0.3603516 0.09680176 -0.9946289 0.07733154 -0.06347656 -0.871582 0.4777832 0.1080933 -0.9912109 0.09747314 -0.08587646 -0.9482422 0.2443848 -0.2012939 -0.8852539 -0.05969238 -0.4604492 -0.934082 -0.06054688 -0.3518066 -0.9580078 -0.05429077 -0.2802734 -0.9892578 0.01580811 -0.1445313 -0.953125 0.2814941 -0.1096802 -0.9521484 -0.1572266 -0.2612305 -0.9609375 -0.1384277 -0.2384033 -0.9462891 -0.1619873 -0.279541 -0.9047852 -0.2319336 -0.3569336 -0.9301758 0.3339844 -0.151123 -0.9736328 0.09088135 -0.2073975 -0.9799805 0.06250762 -0.1876221 -0.996582 0.0189209 -0.07849121 -0.9404297 -0.1395264 -0.3095703 -0.9946289 -0.009849548 -0.09863281 -0.9985352 0.01224518 -0.04934692 -0.9506836 -0.157959 -0.265625 -0.9458008 -0.09637451 -0.3095703 -0.9912109 -0.0385437 -0.1245728 -0.9980469 -0.002761841 -0.05950928 -0.9995117 0.001535416 0.001686096 -0.9633789 -0.01005554 -0.2668457 -0.9995117 -0.01197052 -0.001974106 -0.9458008 -0.09265137 0.3105469 -0.9960938 -0.0242157 -0.08117676 -0.9335938 -0.1583252 0.3210449 -0.9985352 -0.02984619 -0.03491211 -0.9467773 -0.2305908 0.2236328 -0.9951172 -0.02767944 -0.0925293 -0.9672852 -0.236084 0.08905029 -0.9526367 -0.2502441 -0.1712646 0.9804688 -0.1884766 -0.05395508 0.9047852 -0.4099121 0.1133423 0.02748108 0.4746094 -0.8793945 0.7998047 -0.5913086 0.09802246 0.003334045 0.5854492 -0.8100586 0.5898438 -0.800293 0.1048584 -0.01502991 0.6870117 -0.7260742 0.3088379 -0.9428711 0.1235962 0 -0.9902344 0.137085 -0.0120697 0.8764648 -0.480957 0.3059082 -0.9311523 0.1966553 0 -0.9775391 0.2088623 0.574707 -0.7983398 0.1765137 0.7836914 -0.5966797 0.1700439 0.3120117 -0.90625 0.2836914 0 -0.9541016 0.2990723 0 -0.9145508 0.4035645 0.5522461 -0.7939453 0.2526855 0.7700195 -0.5932617 0.232666 0.8764648 -0.427002 0.2208252 0.730957 -0.6113281 0.3027344 0.8486328 -0.4440918 0.2868652 0.9042969 -0.2536621 0.3425293 0.5683594 -0.7441406 0.3491211 0.7856445 -0.503418 0.3583984 0.3383789 -0.8500977 0.4030762 0 -0.8422852 0.5380859 0.6484375 -0.6191406 0.4418945 0.3874512 -0.7451172 0.5424805 0.8920898 -0.1976318 0.4057617 0.8364258 -0.2705078 0.4758301 0.71875 -0.4025879 0.565918 0.1923828 -0.6865234 0.7006836 0 -0.7407227 0.6713867 0.5366211 -0.5097656 0.6713867 0.1878662 -0.5786133 0.793457 0 -0.6254883 0.7797852 0.4006348 -0.3981934 0.824707 0.390625 -0.2478027 0.8862305 0 -0.2800293 0.9594727 0.546875 0.6030273 0.5800781 0.6547852 0.6337891 0.4108887 0.5712891 0.6767578 0.4633789 0 0.8569336 0.5146484 0 0.9482422 -0.3171387 0.286377 0.9086914 -0.3029785 0.3293457 0.9086914 -0.2546387 -0.04067993 0.9980469 -0.04571533 0.282959 0.7749023 0.5649414 -0.2924805 0.9536133 0.06878662 -0.3320313 0.9345703 0.1253662 0.1975098 0.8588867 0.4716797 -0.3046875 0.9296875 0.2067871 0.1419678 0.8852539 0.442627 0.08416748 0.6958008 0.7128906 0.05874634 0.1608887 0.9848633 0.01820374 0.05609131 0.9980469 0.8964844 -0.1429443 0.4191895 0.9550781 -0.2568359 0.1459961 0.9765625 -0.1235352 0.1759033 0.8793945 -0.04541016 0.4731445 0.004917145 0.04013062 0.9990234 0.9946289 -0.003543854 -0.1004639 0.007980347 0.2573242 0.9658203 0.984375 0.1397705 -0.105957 0.9833984 -0.01007843 0.1801758 0.9643555 0.2480469 -0.08856201 0.8510742 0.01422119 0.5244141 0.9799805 0.06130981 0.1890869 0.8037109 0.5625 -0.1914063 0.715332 0.1506348 0.6821289 0.8686523 0.3952637 0.2973633 -0.02513123 0.9155273 0.4003906 -0.9804688 -0.1884766 -0.05395508 -0.9047852 -0.4099121 0.1133423 -0.02748108 0.4746094 -0.8793945 -0.7998047 -0.5913086 0.09802246 -0.003334045 0.5854492 -0.8100586 -0.5898438 -0.800293 0.1048584 0.01502991 0.6870117 -0.7260742 -0.3088379 -0.9428711 0.1235962 0.0120697 0.8764648 -0.480957 -0.3059082 -0.9311523 0.1966553 0.02513123 0.9155273 0.4003906 -0.3120117 -0.90625 0.2836914 -0.574707 -0.7983398 0.1765137 -0.5522461 -0.7939453 0.2526855 -0.3383789 -0.8500977 0.4030762 -0.7836914 -0.5966797 0.1700439 -0.7700195 -0.5932617 0.232666 -0.8764648 -0.427002 0.2208252 -0.730957 -0.6113281 0.3027344 -0.8486328 -0.4440918 0.2868652 -0.9042969 -0.2536621 0.3425293 -0.5683594 -0.7441406 0.3491211 -0.7856445 -0.503418 0.3583984 -0.6484375 -0.6191406 0.4418945 -0.8920898 -0.1976318 0.4057617 -0.8364258 -0.2705078 0.4758301 -0.3874512 -0.7451172 0.5424805 -0.71875 -0.4025879 0.565918 -0.1923828 -0.6865234 0.7006836 -0.5366211 -0.5097656 0.6713867 -0.1878662 -0.5786133 0.793457 -0.4006348 -0.3981934 0.824707 -0.390625 -0.2478027 0.8862305 -0.546875 0.6030273 0.5800781 -0.6547852 0.6337891 0.4108887 -0.5712891 0.6767578 0.4633789 -0.286377 0.9086914 -0.3029785 -0.3293457 0.9086914 -0.2546387 0.04067993 0.9980469 -0.04571533 -0.282959 0.7749023 0.5649414 0.2924805 0.9536133 0.06878662 0.3320313 0.9345703 0.1253662 -0.1975098 0.8588867 0.4716797 0.3046875 0.9296875 0.2067871 -0.1419678 0.8852539 0.442627 -0.08416748 0.6958008 0.7128906 -0.05874634 0.1608887 0.9848633 -0.01820374 0.05609131 0.9980469 -0.8964844 -0.1429443 0.4191895 -0.9550781 -0.2568359 0.1459961 -0.9765625 -0.1235352 0.1759033 -0.8793945 -0.04541016 0.4731445 -0.004917145 0.04013062 0.9990234 -0.9946289 -0.003543854 -0.1004639 -0.007980347 0.2573242 0.9658203 -0.984375 0.1397705 -0.105957 -0.9833984 -0.01007843 0.1801758 -0.9643555 0.2480469 -0.08856201 -0.8510742 0.01422119 0.5244141 -0.9799805 0.06130981 0.1890869 -0.8037109 0.5625 -0.1914063 -0.715332 0.1506348 0.6821289 -0.8686523 0.3952637 0.2973633 -0.04650879 0.9628906 -0.265625 0.2602539 -0.2128906 -0.9414063 -0.3408203 0.921875 0.182251 -0.3671875 0.8510742 0.3745117 0.05245972 -0.8066406 -0.5883789 -0.05212402 -0.9355469 -0.3483887 -0.2208252 0.8041992 0.5512695 -0.04623413 -0.9682617 -0.244873 -0.03059387 0.7001953 0.7128906 -0.002521515 -0.9941406 0.1049805 -0.05722046 0.9746094 -0.215332 0.04650879 0.9628906 -0.265625 0.1949463 0.9755859 0.1005249 0.2406006 0.9584961 0.1503906 -0.2695313 0.6542969 -0.7060547 0.3408203 0.921875 0.182251 -0.2602539 -0.2128906 -0.9414063 0.3515625 0.8740234 0.3342285 -0.2336426 -0.559082 -0.7954102 0.3671875 0.8510742 0.3745117 -0.1781006 -0.6801758 -0.7104492 0.3273926 0.8916016 0.3122559 -0.05245972 -0.8066406 -0.5883789 0.265625 0.8618164 0.4313965 -0.002685547 -0.9238281 -0.3820801 0.2208252 0.8041992 0.5512695 0.05212402 -0.9355469 -0.3483887 0.2316895 0.8989258 0.3710938 -0.01047516 -0.9350586 -0.354248 0.04446411 0.8164063 0.5751953 -0.005996704 -0.9458008 -0.3232422 0.03059387 0.7001953 0.7128906 0.04623413 -0.9682617 -0.244873 -0.01079559 0.7646484 0.6435547 -0.002197266 -0.9560547 -0.2929688 0.004627228 0.8984375 0.4379883 -0.05288696 -0.9980469 -0.01776123 0.002521515 -0.9941406 0.1049805 -0.06744385 -0.9926758 0.09771729 -0.8959961 0.4238281 -0.1315918 -0.8935547 0.4248047 -0.1446533 -0.8046875 0.4370117 -0.401123 -0.8945313 0.4338379 -0.1060791 -0.8051758 0.4328613 -0.4042969 -0.7963867 0.4633789 -0.3876953 -0.5839844 0.5883789 -0.5585938 -0.6147461 0.5625 -0.5517578 -0.6069336 0.5664063 -0.5566406 -0.7739258 0.5268555 -0.3500977 -0.7861328 0.5307617 -0.3161621 -0.6484375 0.5322266 -0.5429688 -0.796875 0.5400391 -0.2700195 -0.6494141 0.5283203 -0.5463867 -0.6401367 0.5576172 -0.5273438 -0.3820801 0.65625 -0.6499023 -0.4245605 0.6313477 -0.6484375 -0.458252 0.6142578 -0.6420898 0.8959961 0.4238281 -0.1315918 0.8935547 0.4248047 -0.1446533 0.8046875 0.4370117 -0.401123 0.8945313 0.4338379 -0.1060791 0.8051758 0.4328613 -0.4042969 0.7963867 0.4633789 -0.3876953 0.5839844 0.5883789 -0.5585938 0.6147461 0.5625 -0.5517578 0.6069336 0.5664063 -0.5566406 0.7861328 0.5307617 -0.3161621 0.7739258 0.5268555 -0.3500977 0.6484375 0.5322266 -0.5429688 0.796875 0.5400391 -0.2700195 0.6494141 0.5283203 -0.5463867 0.6401367 0.5576172 -0.5273438 0.3820801 0.65625 -0.6499023 0.4245605 0.6313477 -0.6484375 0.458252 0.6142578 -0.6420898 -0.8828125 0.4592285 0.09509277 -0.8735352 0.4592285 0.15979 -0.9233398 0.3601074 0.1298828 -0.8647461 0.4487305 0.2235107 -0.9091797 0.3664551 0.1958008 -0.8574219 0.4418945 0.2629395 -0.9560547 0.2683105 0.1151123 -0.9433594 0.2888184 0.1625977 -0.9609375 0.2296143 0.1538086 -0.9711914 0.1763916 0.1584473 -0.9462891 0.2810059 0.1580811 -0.9741211 0.1251221 0.1856689 -0.8920898 0.3874512 0.2310791 -0.9682617 0.09442139 0.2299805 -0.890625 0.3850098 0.2412109 -0.9487305 0.07373047 0.3059082 -0.9580078 0.1339111 0.253418 -0.9619141 0.1765137 0.2073975 -0.9228516 0.06097412 0.3796387 -0.9428711 0.1224976 0.3085938 -0.9023438 0.06738281 0.4248047 -0.9204102 0.12146 0.3713379 -0.9077148 0.1104126 0.4040527 -0.8994141 0.1035767 0.4240723 -0.9248047 0.09161377 0.3691406 -0.9438477 0.1250152 0.3056641 -0.9101563 0.08630371 0.4040527 -0.9536133 0.1605225 0.2529297 -0.9238281 0.1342773 0.357666 -0.9370117 0.1767578 0.3007813 -0.9477539 0.2047119 0.2435303 -0.8510742 0.2810059 0.4428711 -0.8618164 0.3210449 0.392334 -0.8759766 0.3430176 0.3376465 -0.8300781 0.248291 0.4987793 -0.8745117 0.152832 0.4592285 -0.8540039 0.1947021 0.4816895 -0.8935547 0.1610107 0.4182129 -0.8540039 0.2790527 0.4379883 -0.8896484 0.2049561 0.4069824 -0.8530273 0.2988281 0.4272461 -0.8950195 0.2366943 0.3771973 -0.8505859 0.3015137 0.4304199 -0.9145508 0.2514648 0.3156738 -0.8598633 0.3183594 0.3981934 -0.8540039 0.3098145 0.4172363 -0.8125 0.3530273 0.4628906 -0.8598633 0.3266602 0.3911133 -0.8764648 0.3361816 0.3435059 -0.8310547 0.3781738 0.4069824 -0.9316406 0.2481689 0.2636719 -0.8701172 0.3493652 0.3466797 -0.8911133 0.3383789 0.3007813 -0.949707 0.2242432 0.2175293 -0.8774414 0.3605957 0.3156738 -0.9663086 0.1895752 0.1717529 -0.90625 0.3320313 0.2614746 -0.9213867 0.3205566 0.2181396 -0.9726563 0.1555176 0.1704102 -0.940918 0.286377 0.1778564 -0.9345703 0.291748 0.2030029 -0.953125 0.2316895 0.1922607 -0.8911133 0.4006348 0.2115479 -0.949707 0.2314453 0.2086182 -0.8925781 0.3874512 0.2303467 -0.8891602 0.3654785 0.2741699 -0.8842773 0.3740234 0.2788086 -0.8500977 0.4387207 0.2902832 -0.8481445 0.4111328 0.3327637 -0.4262695 0.7412109 0.5175781 -0.8481445 0.3879395 0.3601074 -0.3400879 0.9399414 0 0.07897949 0.0970459 0.9916992 0.9975586 -0.06951904 0 0.7680664 -0.6401367 0 -0.02011108 0.1260986 0.9916992 -0.4692383 0.8828125 0 0.09692383 -0.0682373 0.9926758 0.8544922 -0.519043 0 -0.090271 0.2006836 0.9750977 -0.6054688 0.7954102 0 0.04016113 -0.02085876 0.9985352 0.1065674 -0.0557251 0.9926758 0.9516602 -0.3068848 0 -0.1984863 0.2758789 0.9404297 -0.7192383 0.6938477 0 0.03518677 -0.0107193 0.9990234 0.0479126 -0.02078247 0.9985352 0.1174316 -0.03659058 0.9921875 0.1190186 -0.1085205 0.9868164 0.9003906 -0.4343262 0 -0.1751709 -0.984375 0 0.04495239 -0.01950073 0.9985352 0.01916504 -0.1220703 0.9921875 -0.3198242 -0.9472656 0 -0.0150528 -0.1530762 0.987793 -0.4726563 -0.8808594 0 0.04342651 -0.01708984 0.9985352 0.03713989 -0.02366638 0.9990234 -0.08374023 -0.22229 0.9711914 -0.6577148 -0.7529297 0 0.03074646 -0.005653381 0.9990234 0.0411377 -0.01382446 0.9990234 0.03033447 -0.03320313 0.9985352 -0.364502 0.3544922 0.8608398 0.01707458 -0.001882553 0.9995117 -0.003290176 -0.02217102 0.9995117 -0.5683594 0.03015137 0.8217773 -0.996582 0.07757568 0 0.005973816 -0.04721069 0.9985352 -0.2651367 -0.326416 0.9067383 0.07897949 0.0970459 -0.9916992 -0.02011108 0.1260986 -0.9916992 0.09692383 -0.0682373 -0.9926758 -0.09020996 0.2006836 -0.9750977 0.04016113 -0.02085876 -0.9985352 0.1065674 -0.0557251 -0.9926758 -0.1984863 0.2758789 -0.9404297 0.03518677 -0.0107193 -0.9990234 0.0479126 -0.02078247 -0.9985352 0.1174316 -0.03659058 -0.9921875 0.1190186 -0.1085205 -0.9868164 0.04495239 -0.01950073 -0.9985352 0.01916504 -0.1220703 -0.9921875 -0.0150528 -0.1530762 -0.987793 0.04342651 -0.01708984 -0.9985352 0.03713989 -0.02366638 -0.9990234 -0.08374023 -0.22229 -0.9711914 0.03074646 -0.005657196 -0.9990234 0.0411377 -0.01382446 -0.9990234 0.03033447 -0.03320313 -0.9985352 -0.2651367 -0.326416 -0.9067383 0.01707458 -0.001882553 -0.9995117 0.005973816 -0.04721069 -0.9985352 -0.364502 0.3544922 -0.8608398 -0.003290176 -0.02217102 -0.9995117 -0.5683594 0.03015137 -0.8217773 -0.07897949 0.0970459 0.9916992 0.3400879 0.9399414 0 -0.9975586 -0.06951904 0 -0.7680664 -0.6401367 0 0.02011108 0.1260986 0.9916992 0.4692383 0.8828125 0 -0.09692383 -0.0682373 0.9926758 -0.8544922 -0.519043 0 0.09020996 0.2006836 0.9750977 0.6054688 0.7954102 0 -0.04016113 -0.02085876 0.9985352 -0.1065674 -0.0557251 0.9926758 -0.9516602 -0.3068848 0 0.1984863 0.2758789 0.9404297 0.7192383 0.6938477 0 -0.03518677 -0.0107193 0.9990234 -0.0479126 -0.02078247 0.9985352 -0.1174316 -0.03659058 0.9921875 -0.1190186 -0.1085205 0.9868164 -0.9003906 -0.4343262 0 0.1751709 -0.984375 0 -0.04495239 -0.01950073 0.9985352 -0.01916504 -0.1220703 0.9921875 0.3198242 -0.9472656 0 0.0150528 -0.1530762 0.987793 0.4726563 -0.8808594 0 -0.04342651 -0.01708984 0.9985352 -0.03713989 -0.02366638 0.9990234 0.08374023 -0.22229 0.9711914 0.6577148 -0.7529297 0 -0.03074646 -0.005653381 0.9990234 -0.0411377 -0.01382446 0.9990234 -0.03033447 -0.03320313 0.9985352 0.2651367 -0.326416 0.9067383 -0.01707458 -0.001882553 0.9995117 -0.005973816 -0.04721069 0.9985352 0.364502 0.3544922 0.8608398 0.003290176 -0.02217102 0.9995117 0.5683594 0.03015137 0.8217773 0.996582 0.07757568 0 -0.07897949 0.0970459 -0.9916992 0.02011108 0.1260986 -0.9916992 -0.09692383 -0.0682373 -0.9926758 0.09020996 0.2006836 -0.9750977 -0.04016113 -0.02085876 -0.9985352 -0.1065674 -0.0557251 -0.9926758 0.1984863 0.2758789 -0.9404297 -0.03518677 -0.0107193 -0.9990234 -0.0479126 -0.02078247 -0.9985352 -0.1174316 -0.03659058 -0.9921875 -0.1190186 -0.1085205 -0.9868164 -0.04495239 -0.01950073 -0.9985352 -0.01916504 -0.1220703 -0.9921875 0.0150528 -0.1530762 -0.987793 -0.04342651 -0.01708984 -0.9985352 -0.03713989 -0.02366638 -0.9990234 0.08374023 -0.22229 -0.9711914 -0.03074646 -0.005657196 -0.9990234 -0.0411377 -0.01382446 -0.9990234 -0.03033447 -0.03320313 -0.9985352 0.364502 0.3544922 -0.8608398 -0.01707458 -0.001882553 -0.9995117 0.003290176 -0.02217102 -0.9995117 0.5683594 0.03015137 -0.8217773 -0.005973816 -0.04721069 -0.9985352 0.2651367 -0.326416 -0.9067383 0 0.9472656 -0.3200684 0 0.9936523 -0.1112671 0.2563477 0.9238281 -0.282959 -0.2563477 0.9238281 -0.282959 0.2437744 0.9663086 -0.08172607 0.4697266 0.8618164 -0.1900635 -0.2437744 0.9663086 -0.08172607 -0.4697266 0.8618164 -0.1900635 0 0.9741211 0.2247314 0.4379883 0.8984375 -0.001977921 0.6811523 0.7290039 0.06323242 0.2095947 0.9467773 0.2440186 0.6176758 0.7719727 0.1481934 0.7177734 0.6196289 0.3156738 0.3730469 0.8754883 0.3063965 0.6245117 0.7016602 0.3413086 0.6162109 0.65625 0.4343262 0.7167969 0.5444336 0.4345703 0.3979492 0.8154297 0.4199219 0.208374 0.894043 0.3955078 0.6303711 0.5917969 0.5014648 0.7338867 0.4538574 0.5043945 0.4143066 0.769043 0.4863281 0.217041 0.8535156 0.4731445 0 0.9213867 0.3874512 0 0.8823242 0.470459 -0.2095947 0.9467773 0.2440186 -0.208374 0.894043 0.3955078 -0.4379883 0.8984375 -0.001977921 -0.6811523 0.7290039 0.06323242 -0.3730469 0.8754883 0.3063965 -0.6176758 0.7719727 0.1481934 -0.7177734 0.6196289 0.3156738 -0.6245117 0.7016602 0.3413086 -0.3979492 0.8154297 0.4199219 -0.6162109 0.65625 0.4343262 -0.7167969 0.5444336 0.4345703 -0.217041 0.8535156 0.4731445 -0.4143066 0.769043 0.4863281 -0.6303711 0.5917969 0.5014648 -0.7338867 0.4538574 0.5043945 -0.210083 0.815918 0.5380859 -0.6274414 0.5092773 0.5878906 -0.7109375 0.3728027 0.5957031 -0.421875 0.7138672 0.5581055 -0.5444336 0.4504395 0.7070313 -0.5942383 0.3503418 0.7236328 -0.3803711 0.6479492 0.659668 -0.2770996 0.4951172 0.8232422 -0.3259277 0.3994141 0.8564453 -0.1876221 0.7231445 0.6640625 0 0.5283203 0.8486328 0 0.425293 0.9047852 0.3259277 0.3994141 0.8564453 0 0.8398438 0.5419922 0 0.7387695 0.6733398 0.2770996 0.4951172 0.8232422 0.5942383 0.3503418 0.7236328 0.1876221 0.7231445 0.6640625 0.210083 0.815918 0.5380859 0.3803711 0.6479492 0.659668 0.5444336 0.4504395 0.7070313 0.7109375 0.3728027 0.5957031 0.421875 0.7138672 0.5581055 0.6274414 0.5092773 0.5878906</float_array>
                    <technique_common>
                        <accessor count="1809" offset="0" source="pm0550_00_41_body_mesh_shape_body_01-geometry-NORMAL-array" stride="3">
                            <param name="X" type="float" />
                            <param name="Y" type="float" />
                            <param name="Z" type="float" />
                        </accessor>
                    </technique_common>
                </source>
                <source id="pm0550_00_41_body_mesh_shape_body_01-geometry-TEXCOORD">
                    <float_array id="pm0550_00_41_body_mesh_shape_body_01-geometry-TEXCOORD-array" count="4242">0.7721128 0.2187881 0.7748559 0.2049997 0.7748559 0.2197927 0.760121 0.2091369 0.7652038 0.1992001 0.7748559 0.1858666 0.7482986 0.1998018 0.7563746 0.1843858 0.7403849 0.1818821 0.7276266 0.1975747 0.7127305 0.1800683 0.7050384 0.1971532 0.6802265 0.1813408 0.6791639 0.19921 0.6517988 0.185548 0.6518826 0.2043112 0.6264531 0.1894263 0.6279873 0.2114915 0.6079077 0.218488 0.6009616 0.1858217 0.5847417 0.2091101 0.5710945 0.1729455 0.5916594 0.2380106 0.6111492 0.2404447 0.5588013 0.1987573 0.5362293 0.1647049 0.5583644 0.2359194 0.5901973 0.2673725 0.6099952 0.2687518 0.6037198 0.29469 0.5570571 0.268804 0.5862498 0.2950778 0.5938044 0.3182824 0.5289515 0.2693717 0.5784878 0.3195839 0.5791591 0.3438296 0.5534648 0.2965782 0.5661537 0.3443205 0.5601861 0.3707688 0.5485484 0.3223351 0.5275631 0.2968574 0.5488471 0.370808 0.5463514 0.386429 0.5414817 0.3455541 0.5248562 0.3233576 0.5328146 0.3887607 0.5353834 0.3993415 0.5305133 0.3704754 0.5204944 0.3460439 0.522207 0.3986499 0.5194482 0.4201982 0.5211848 0.388557 0.5089756 0.416735 0.502646 0.4340543 0.5153244 0.3982154 0.5156121 0.3698772 0.5099389 0.388045 0.5082011 0.397881 0.5 0.4162672 0.5 0.4346163 0.497354 0.4340543 0.5 0.3879086 0.4910244 0.416735 0.4805518 0.4201982 0.5 0.39767 0.4917989 0.397881 0.5 0.3697244 0.4900611 0.388045 0.4846756 0.3982154 0.477793 0.3986499 0.4646166 0.3993415 0.4788152 0.388557 0.4671854 0.3887607 0.4536486 0.386429 0.4843879 0.3698772 0.4694867 0.3704754 0.4511529 0.370808 0.4398139 0.3707688 0.5 0.3457535 0.4338463 0.3443205 0.4208409 0.3438296 0.5 0.3235012 0.4795056 0.3460439 0.5 0.2964891 0.4751438 0.3233576 0.4585183 0.3455541 0.4514516 0.3223351 0.4724369 0.2968574 0.5 0.2696565 0.4215122 0.3195839 0.4061956 0.3182824 0.4465352 0.2965782 0.4137502 0.2950778 0.3962802 0.29469 0.4710485 0.2693717 0.4429429 0.268804 0.4098027 0.2673725 0.3900048 0.2687518 0.3888508 0.2404447 0.4083406 0.2380106 0.3920923 0.218488 0.4416356 0.2359194 0.4152583 0.2091101 0.3990384 0.1858217 0.3735469 0.1894263 0.3720127 0.2114915 0.4289055 0.1729456 0.3481174 0.2043112 0.3482012 0.185548 0.3208361 0.19921 0.3197735 0.1813408 0.2949616 0.1971532 0.2872694 0.1800683 0.2723734 0.1975747 0.2596151 0.1818821 0.2517014 0.1998018 0.2436254 0.1843858 0.2347962 0.1992001 0.2251441 0.1858666 0.239879 0.2091369 0.2251441 0.2049997 0.2278872 0.2187881 0.2251441 0.2197927 0.4411987 0.1987573 0.4637707 0.1647049 0.4704685 0.2328228 0.4701831 0.1930845 0.5 0.1627992 0.5 0.2309639 0.5 0.19356 0.5298169 0.1930845 0.5295315 0.2328228 0.6883764 0.01171875 0.6913072 0.0298506 0.678702 0.01171875 0.683519 0.03174031 0.6544403 0.01171875 0.6941361 0.04766285 0.6567888 0.04385078 0.6286948 0.01171875 0.6887031 0.04995829 0.6303735 0.04805446 0.6015625 0.01171875 0.691218 0.06519204 0.6945482 0.06771934 0.6904081 0.0700646 0.6895789 0.06603312 0.6733626 0.06220514 0.6759852 0.05755979 0.6606737 0.05335796 0.649188 0.07661229 0.6546954 0.07708251 0.648901 0.09863049 0.6450725 0.09848994 0.6357849 0.0778234 0.6422833 0.109849 0.6440195 0.1121538 0.638907 0.09892952 0.6407577 0.1112264 0.6410962 0.1142238 0.6377985 0.1130239 0.6388853 0.1103958 0.6288731 0.1012128 0.6328282 0.09987336 0.6221039 0.08049273 0.6163664 0.08325458 0.6015625 0.06301677 0.6015625 0.05021203 0.5849662 0.07878816 0.5902715 0.08136553 0.5735023 0.04592049 0.5736248 0.01171875 0.5791521 0.1014239 0.5439125 0.03996587 0.5472227 0.01171875 0.5706165 0.07707322 0.5754546 0.1002451 0.5711499 0.1088755 0.572499 0.111621 0.56953 0.09939611 0.5688344 0.1100801 0.5687304 0.113409 0.5650994 0.1109911 0.5667118 0.1086217 0.5595894 0.09954649 0.5631534 0.09895849 0.556233 0.07578158 0.5506703 0.07713056 0.5396342 0.0505538 0.5250474 0.05276656 0.5279714 0.05757087 0.5213559 0.03186715 0.5255733 0.01171875 0.514348 0.01171875 0.5127465 0.03075463 0.5153238 0.04860008 0.5105321 0.04835069 0.5124686 0.05968994 0.5101972 0.06176996 0.513748 0.06050479 0.5128703 0.06409752 0.9086496 0.5678598 0.8851347 0.5429688 0.9101563 0.5429688 0.8837022 0.566832 0.9058526 0.5962914 0.8555216 0.5429688 0.8813812 0.5945341 0.9013551 0.6257542 0.8535657 0.5662163 0.8201262 0.5429688 0.8776729 0.6224468 0.8946358 0.6569951 0.851826 0.5930522 0.8193855 0.5666872 0.7855897 0.5429689 0.8720837 0.6521909 0.8847681 0.690773 0.7857814 0.5676197 0.7544388 0.5429688 0.8188367 0.5932864 0.8491628 0.6200008 0.7868984 0.5940326 0.8171403 0.6197773 0.8454672 0.6484705 0.8638916 0.6851125 0.87405 0.7187569 0.8157768 0.6463791 0.8548021 0.7127366 0.8609484 0.7461821 0.8396517 0.6801004 0.8444418 0.7399174 0.8478311 0.7688996 0.8333213 0.708093 0.8132285 0.6767548 0.8338195 0.7628471 0.8336782 0.7905247 0.8252078 0.7356921 0.8096378 0.7048185 0.8221183 0.7855722 0.8197358 0.8094418 0.8163749 0.759017 0.8050646 0.7324527 0.8105556 0.8056507 0.8058023 0.831623 0.8078886 0.7822955 0.7993162 0.7563477 0.7986878 0.8296439 0.8032466 0.8408247 0.7991471 0.8034114 0.7923576 0.7804299 0.7962569 0.8409848 0.7907892 0.8288168 0.7868217 0.8022485 0.8074589 0.8671743 0.8151772 0.8664115 0.7891918 0.8408219 0.8198215 0.8931347 0.8286242 0.8924319 0.7980663 0.8675194 0.8077954 0.8937818 0.8303032 0.9154499 0.8396748 0.911858 0.8508087 0.9313368 0.8171098 0.9193327 0.8407627 0.9378211 0.8581748 0.946897 0.8263074 0.9449464 0.8460219 0.9536372 0.8571856 0.9561718 0.8472086 0.9624567 0.8313103 0.9607838 0.8332894 0.9697435 0.8112546 0.9504182 0.8161892 0.966854 0.8184602 0.9757466 0.8034488 0.9223837 0.7982055 0.971849 0.8004596 0.9808712 0.7942193 0.9549798 0.7809078 0.975338 0.7821705 0.9845122 0.7955362 0.894333 0.7886569 0.9249765 0.788938 0.8677236 0.7830031 0.8949019 0.7784556 0.9575822 0.7750596 0.9266179 0.7789171 0.8680142 0.7619835 0.9589232 0.7716116 0.895522 0.7607684 0.9276689 0.782945 0.8407254 0.7752044 0.8407907 0.7826545 0.8285003 0.7692529 0.8684422 0.7742816 0.8284671 0.7765369 0.8015792 0.7790093 0.7796156 0.7679403 0.8014181 0.7670455 0.8411107 0.7649233 0.8287811 0.757849 0.8416694 0.7587432 0.8691176 0.7543386 0.8295614 0.7595477 0.8962959 0.7494574 0.8423628 0.7494817 0.8698676 0.7491815 0.8970758 0.7481127 0.9282385 0.7395864 0.8708276 0.7377027 0.8980265 0.7408922 0.8433102 0.7434697 0.8306252 0.733696 0.8443059 0.7309431 0.8717562 0.7335986 0.8320161 0.7276239 0.845286 0.7259812 0.8334291 0.7273831 0.8989141 0.722456 0.8726764 0.7351915 0.9286089 0.7161934 0.8998541 0.7470726 0.9592978 0.7226712 0.9283936 0.7327451 0.9591179 0.7622507 0.9772168 0.7624911 0.9867362 0.7462353 0.9776721 0.7458088 0.9870396 0.730669 0.977338 0.7297801 0.9861047 0.718074 0.9578632 0.7148453 0.9755543 0.712873 0.9842929 0.7101139 0.927893 0.7041985 0.9560197 0.6997248 0.9726784 0.6975425 0.9813488 0.6983082 0.9268814 0.6872089 0.9694057 0.6849604 0.9782997 0.6751846 0.9741368 0.6736677 0.9656807 0.679251 0.9502645 0.6908475 0.9533192 0.6882488 0.9255245 0.6972418 0.9009044 0.7059073 0.9005869 0.707858 0.8734076 0.714558 0.8733194 0.7168986 0.8467894 0.7218217 0.8462653 0.7170523 0.8356431 0.7115972 0.8391854 0.6918143 0.8137743 0.684535 0.8210591 0.7030478 0.8100458 0.6693486 0.7957904 0.6598594 0.8055246 0.6814572 0.7899867 0.7111473 0.8077451 0.6907288 0.7873764 0.7213191 0.8054987 0.7035207 0.7846984 0.669292 0.7649905 0.7312959 0.8040584 0.6859231 0.7619324 0.7176512 0.7824352 0.7055351 0.7596858 0.7402574 0.8030679 0.7303129 0.7812366 0.7199829 0.7580949 0.7498585 0.8023047 0.7431253 0.7804253 0.7352477 0.756706 0.7586759 0.8017216 0.753989 0.7797885 0.766673 0.7793792 0.7493347 0.7557964 0.7653135 0.7550691 0.7811913 0.7551848 0.7831893 0.7314259 0.7638918 0.7314095 0.7845829 0.7035457 0.745066 0.732165 0.7624525 0.7036299 0.785913 0.6754258 0.7281063 0.7333786 0.7399366 0.7046834 0.7608656 0.6755325 0.7107594 0.7348925 0.7206193 0.7060835 0.7358969 0.6768447 0.6921068 0.7367414 0.7001442 0.7080847 0.6709331 0.7394489 0.6788622 0.7103363 0.7131852 0.6786563 0.6902778 0.6809466 0.6547734 0.7131727 0.666206 0.68369 0.7070969 0.6514856 0.6506023 0.742525 0.7323145 0.650108 0.65964 0.7671865 0.7594597 0.6475271 0.6460294 0.7752414 0.6338402 0.7869655 0.7868657 0.6464567 0.7581642 0.6228968 0.7868544 0.6208307 0.7298455 0.6250483 0.757713 0.5957875 0.7028852 0.6272852 0.7561942 0.5690217 0.7277408 0.5981827 0.7250921 0.571726 0.6990117 0.600189 0.6815323 0.6534773 0.6741143 0.6285139 0.6550845 0.6554918 0.6405102 0.6867752 0.6457167 0.629455 0.6314995 0.716086 0.6273118 0.6575981 0.6168715 0.6895783 0.6413187 0.7446109 0.622383 0.717956 0.6250819 0.7541136 0.6101592 0.767177 0.6033943 0.727874 0.5845718 0.7417861 0.6059802 0.691366 0.5850296 0.7007089 0.5619594 0.713562 0.6035542 0.6594015 0.5915397 0.6605422 0.5676308 0.6676869 0.540768 0.6783121 0.6180602 0.6298075 0.5936158 0.6296824 0.5804605 0.629487 0.5549946 0.633819 0.5248878 0.6406257 0.5883366 0.5999205 0.5476127 0.601205 0.5163743 0.6049078 0.5742396 0.5988942 0.5179921 0.5706114 0.5124383 0.5707086 0.5716956 0.5705032 0.519348 0.5387499 0.5138671 0.5380764 0.5457029 0.5703142 0.5463301 0.5411849 0.5722367 0.543677 0.5855794 0.5716871 0.5861928 0.544657 0.5758541 0.5162648 0.5506265 0.5115705 0.5246518 0.5063014 0.5193242 0.5052705 0.5251679 0.4833206 0.5302438 0.4849056 0.5329149 0.4622909 0.537766 0.4640932 0.5430987 0.4411823 0.5556023 0.4914757 0.5475074 0.4434044 0.5569851 0.4185433 0.5614502 0.472423 0.580039 0.4977204 0.5848612 0.480315 0.5694876 0.45307 0.5928696 0.5073608 0.5608259 0.4211456 0.5903839 0.5180012 0.5955867 0.4957261 0.6068094 0.5097253 0.6117909 0.5206908 0.6101673 0.5465063 0.6264087 0.5110965 0.6108972 0.5736969 0.6363134 0.5222428 0.6352385 0.5481725 0.612763 0.6004417 0.636272 0.5744288 0.6391432 0.6009644 0.664896 0.5490086 0.6687554 0.6010787 0.6657251 0.5744078 0.6965489 0.5731344 0.6939708 0.547936 0.7210715 0.5458559 0.7519728 0.5332043 0.7460067 0.5191448 0.753744 0.5255528 0.7506075 0.516299 0.7177489 0.5215008 0.7368224 0.4970409 0.7415634 0.4944682 0.691602 0.5225798 0.7245182 0.4759775 0.7289032 0.4728866 0.7094829 0.4983695 0.7023556 0.5107516 0.7102414 0.4566746 0.7142711 0.4531202 0.6999695 0.4790579 0.6881151 0.5017067 0.6647558 0.5230694 0.6448603 0.5086907 0.6608547 0.5025867 0.6730515 0.4936005 0.6797316 0.4835979 0.6619484 0.4905531 0.6697341 0.48084 0.6818051 0.4712137 0.6891344 0.4599091 0.6706293 0.4700232 0.6924003 0.4342231 0.6962838 0.430563 0.6748183 0.4059277 0.6784135 0.4594096 0.6706234 0.409165 0.6614946 0.3904451 0.6755841 0.4385051 0.6721588 0.4502926 0.6681274 0.4603246 0.6591436 0.4178441 0.6612587 0.4420595 0.6567075 0.3931825 0.6524287 0.3779181 0.6630224 0.4531015 0.668027 0.4701534 0.6664362 0.4606214 0.6670908 0.4806458 0.6630741 0.4609322 0.6641353 0.4702855 0.6633576 0.480439 0.6603837 0.4536943 0.6590259 0.4611956 0.6557434 0.4480153 0.6560208 0.4544725 0.6518953 0.4495959 0.6541786 0.4548475 0.6498865 0.4506502 0.656571 0.461455 0.64517 0.4474285 0.6593999 0.470332 0.6572825 0.470268 0.6563511 0.4794002 0.658614 0.4801897 0.6516688 0.4884419 0.6586115 0.4900833 0.6536002 0.4894833 0.6436146 0.4950036 0.6502235 0.4973792 0.6452998 0.4962621 0.6344862 0.4985369 0.6355239 0.5008115 0.6231667 0.503343 0.6228081 0.5012753 0.6209147 0.5008261 0.6147487 0.5017108 0.6189272 0.5015661 0.6173832 0.4975598 0.6197488 0.497085 0.606921 0.4990749 0.6107515 0.4972084 0.6203058 0.4882384 0.6220456 0.4882407 0.6256537 0.4776656 0.6022871 0.496381 0.6126575 0.4874474 0.5982417 0.4855299 0.6043496 0.4864446 0.6018554 0.4749879 0.6076558 0.4758377 0.6155549 0.4768497 0.5914586 0.462534 0.6053523 0.4656687 0.610913 0.4664406 0.6088675 0.4577197 0.6005032 0.4435544 0.5805218 0.4326156 0.613345 0.4483436 0.5930905 0.4132846 0.6142436 0.4584564 0.6110198 0.4252675 0.6179402 0.4404451 0.576306 0.4009202 0.5731034 0.3980814 0.6223952 0.4094283 0.5916191 0.3841331 0.5889242 0.3812714 0.6062133 0.3966994 0.6089892 0.3675247 0.6066744 0.3647368 0.6213967 0.3806156 0.6243083 0.3542927 0.6222855 0.351658 0.6367739 0.3403849 0.6347976 0.3672375 0.6353434 0.3940072 0.6471804 0.3805596 0.6400846 0.3543406 0.6387907 0.3428141 0.6490964 0.3559368 0.6510922 0.3334782 0.6506222 0.3307926 0.6555554 0.3311288 0.6555578 0.3339772 0.6538224 0.3548056 0.6458611 0.4041204 0.6342844 0.4168177 0.6478736 0.4278878 0.6229682 0.432061 0.6353216 0.4382985 0.6500813 0.4392031 0.6458877 0.4457583 0.6385312 0.4467151 0.6393601 0.4444312 0.6361574 0.4473747 0.6303979 0.4457475 0.6344494 0.4464742 0.6330434 0.4511778 0.6219882 0.4470555 0.6312894 0.4507804 0.6305919 0.4596804 0.6253409 0.4504309 0.6184288 0.4494121 0.6288692 0.4600268 0.6281017 0.4678617 0.6203303 0.4591999 0.62332 0.4677697 0.6169481 0.4671328 0.6236632 0.4777825 0.9837842 0.5429688 0.9695591 0.5628673 0.9570313 0.5429688 0.9537307 0.561771 0.9367869 0.5429688 0.9609545 0.584136 0.9381522 0.5621132 0.9526157 0.5831488 0.9430095 0.5841787 0.9556659 0.6018544 0.949856 0.6017048 0.9530356 0.601787 0.9542789 0.6055607 0.9522529 0.6055566 0.9533597 0.6059637 0.3116236 0.01171875 0.321298 0.01171875 0.3086928 0.0298506 0.316481 0.03174031 0.3455597 0.01171875 0.3058639 0.04766285 0.3432112 0.04385078 0.3713052 0.01171875 0.3112969 0.04995829 0.3696265 0.04805446 0.3984375 0.01171875 0.3240148 0.05755979 0.308782 0.06519204 0.3054518 0.06771934 0.3095919 0.0700646 0.3104211 0.06603312 0.3266374 0.06220514 0.3393263 0.05335796 0.350812 0.07661229 0.3453046 0.07708251 0.351099 0.09863049 0.3549275 0.09848994 0.3642151 0.0778234 0.3577167 0.109849 0.3559805 0.1121538 0.361093 0.09892952 0.3592423 0.1112264 0.3589038 0.1142238 0.3622015 0.1130239 0.3611147 0.1103958 0.3711269 0.1012128 0.3671718 0.09987336 0.3778961 0.08049273 0.3836336 0.08325458 0.3984375 0.06301677 0.3984375 0.05021203 0.4150338 0.07878816 0.4097285 0.08136553 0.4264976 0.04592049 0.4263752 0.01171875 0.4208479 0.1014239 0.4560875 0.03996587 0.4527773 0.01171875 0.4245453 0.1002451 0.4293835 0.07707322 0.4288501 0.1088755 0.4275009 0.111621 0.4304699 0.09939611 0.4311655 0.1100801 0.4312696 0.113409 0.4349007 0.1109911 0.4332882 0.1086217 0.4404106 0.09954649 0.4368467 0.09895849 0.443767 0.07578158 0.4493297 0.07713056 0.4603657 0.0505538 0.4749526 0.05276656 0.4720286 0.05757087 0.4786441 0.03186715 0.4744268 0.01171875 0.485652 0.01171875 0.4872535 0.03075463 0.4846762 0.04860008 0.4894679 0.04835069 0.4875314 0.05968994 0.4898028 0.06176996 0.486252 0.06050479 0.4871297 0.06409752 0.1148653 0.5429688 0.09135047 0.5678598 0.08984375 0.5429688 0.1162978 0.566832 0.1444784 0.5429688 0.09414738 0.5962914 0.1464343 0.5662163 0.1798738 0.5429688 0.1186189 0.5945341 0.09864485 0.6257543 0.1806145 0.5666872 0.2144103 0.5429688 0.1481741 0.5930522 0.1223271 0.6224468 0.1053642 0.6569951 0.2142186 0.5676197 0.2455612 0.5429688 0.1811633 0.5932865 0.1508371 0.6200008 0.1279163 0.6521909 0.1152319 0.690773 0.1828597 0.6197773 0.1361084 0.6851125 0.12595 0.7187569 0.1545328 0.6484705 0.1451979 0.7127366 0.1390516 0.7461821 0.1603482 0.6801004 0.1842232 0.6463791 0.1555583 0.7399174 0.1521689 0.7688996 0.1666787 0.708093 0.1867715 0.6767548 0.1661805 0.7628471 0.1663218 0.7905247 0.1747922 0.7356921 0.1903622 0.7048185 0.1778817 0.7855721 0.1802642 0.8094418 0.1836251 0.7590171 0.1949355 0.7324527 0.1894444 0.8056507 0.1941977 0.831623 0.1921113 0.7822955 0.2006838 0.7563477 0.2013122 0.8296439 0.1967534 0.8408247 0.2008528 0.8034114 0.2076425 0.7804299 0.2037431 0.8409848 0.2092108 0.8288168 0.2131783 0.8022485 0.1925411 0.8671743 0.1848228 0.8664115 0.2108081 0.8408219 0.1801785 0.8931347 0.1713757 0.8924319 0.2019338 0.8675194 0.1922045 0.8937818 0.1696968 0.9154499 0.1603252 0.911858 0.1491913 0.9313368 0.1828901 0.9193327 0.1592373 0.9378211 0.1418252 0.946897 0.1736925 0.9449464 0.1539781 0.9536372 0.1428144 0.9561718 0.1527914 0.9624567 0.1686897 0.9607838 0.1667106 0.9697435 0.1887454 0.9504182 0.1838108 0.966854 0.1815398 0.9757466 0.1965512 0.9223837 0.2017945 0.971849 0.1995403 0.9808712 0.2057808 0.9549798 0.2190922 0.975338 0.2178295 0.9845122 0.211343 0.9249765 0.2377493 0.9772169 0.2375088 0.9867362 0.2215443 0.9575822 0.2380164 0.9589232 0.2537648 0.9776721 0.2541912 0.9870396 0.2529274 0.9592978 0.269331 0.977338 0.2702199 0.9861047 0.2672549 0.9591179 0.2851548 0.9755543 0.287127 0.9842929 0.281926 0.9578632 0.3002753 0.9726784 0.3024575 0.9813488 0.2958016 0.9560197 0.3127911 0.9694057 0.3150397 0.9782997 0.3248154 0.9741368 0.3263323 0.9656807 0.3207491 0.9502645 0.3091525 0.9533192 0.3117512 0.9255245 0.3016917 0.9268814 0.3027582 0.9009044 0.2898861 0.927893 0.2940926 0.9005869 0.292142 0.8734076 0.2773288 0.9283936 0.2838066 0.8998541 0.2854419 0.8733194 0.2831014 0.8467894 0.2648085 0.9286089 0.2726169 0.8989141 0.277544 0.8726764 0.2781784 0.8462653 0.2829477 0.8356431 0.2884027 0.8391854 0.2723761 0.845286 0.2690569 0.8717562 0.2622973 0.8980265 0.2518873 0.9282385 0.2604136 0.8708276 0.2392315 0.9276689 0.2508184 0.8970758 0.2249404 0.9266179 0.2404523 0.8962959 0.2169969 0.8949019 0.2283884 0.895522 0.2505184 0.8698676 0.2412568 0.8691176 0.2210829 0.8680142 0.2307471 0.8684422 0.2505426 0.8423628 0.2421511 0.8416694 0.2591079 0.8433102 0.2663041 0.8443059 0.2740187 0.8334291 0.2664014 0.8320161 0.2565303 0.8306252 0.2969522 0.8100458 0.2888527 0.8077451 0.278681 0.8054987 0.3081858 0.8137743 0.315465 0.8210591 0.3092712 0.7873764 0.3306515 0.7957904 0.3401406 0.8055246 0.3185428 0.7899867 0.3539706 0.7752414 0.3661597 0.7869655 0.34036 0.7671865 0.374918 0.7541136 0.3898408 0.767177 0.3586813 0.7446108 0.330708 0.7649905 0.3966058 0.7278741 0.4154282 0.7417861 0.3776169 0.717956 0.3493976 0.742525 0.3685005 0.7160861 0.4149703 0.7007089 0.4380406 0.713562 0.3940198 0.691366 0.4323692 0.6676869 0.459232 0.6783121 0.4084602 0.6605423 0.3831285 0.6895783 0.3964457 0.6594015 0.4450054 0.633819 0.4751122 0.6406257 0.4195395 0.629487 0.4523873 0.601205 0.4836257 0.6049078 0.4257604 0.5988942 0.4063842 0.6296824 0.4116634 0.5999205 0.3819398 0.6298075 0.387237 0.6004417 0.4144206 0.5716871 0.3726882 0.6575981 0.3891028 0.5736969 0.3594898 0.6867753 0.4283044 0.5705032 0.3452266 0.7131727 0.4542971 0.5703142 0.3290669 0.7394489 0.4820079 0.5706114 0.4875617 0.5707086 0.480652 0.5387499 0.4861329 0.5380765 0.4536699 0.541185 0.4277633 0.543677 0.4753482 0.5063014 0.4806758 0.5052705 0.4748321 0.4833206 0.4493735 0.5115705 0.4697562 0.4849056 0.4670851 0.4622909 0.4241459 0.5162648 0.462234 0.4640932 0.4569013 0.4411823 0.4443977 0.4914757 0.4524926 0.4434044 0.4430149 0.4185433 0.4385497 0.472423 0.419961 0.4977204 0.4151388 0.480315 0.4305124 0.45307 0.4391741 0.4211456 0.423694 0.4009202 0.4268966 0.3980814 0.4194782 0.4326156 0.4083808 0.3841331 0.4110758 0.3812714 0.4069094 0.4132846 0.3937867 0.3966994 0.3910108 0.3675247 0.3933255 0.3647368 0.3786033 0.3806156 0.3756917 0.3542927 0.3777145 0.351658 0.3632261 0.3403849 0.3652024 0.3672375 0.3612093 0.3428141 0.3599154 0.3543406 0.3509037 0.3559368 0.3489078 0.3334782 0.3493778 0.3307926 0.3444447 0.3311288 0.3444423 0.3339772 0.3461776 0.3548056 0.3475713 0.3779181 0.3528196 0.3805596 0.3432924 0.3931825 0.3385054 0.3904451 0.3646566 0.3940072 0.3293766 0.409165 0.3251817 0.4059277 0.3776048 0.4094283 0.3541388 0.4041204 0.3889802 0.4252675 0.3657156 0.4168177 0.3770319 0.432061 0.3994968 0.4435544 0.3820598 0.4404451 0.3646784 0.4382985 0.3521264 0.4278878 0.3408565 0.4178441 0.3499187 0.4392031 0.3244158 0.4385051 0.3387413 0.4420595 0.3075997 0.4342231 0.3037162 0.430563 0.285729 0.4531202 0.2897586 0.4566746 0.2710969 0.4728866 0.3108656 0.4599091 0.2754819 0.4759775 0.2584366 0.4944682 0.3000306 0.4790579 0.2631777 0.4970409 0.2493925 0.516299 0.2905171 0.4983695 0.2539933 0.5191448 0.2462561 0.5255528 0.2480272 0.5332043 0.2822511 0.5215008 0.2789285 0.5458559 0.2976444 0.5107516 0.274908 0.571726 0.3118849 0.5017067 0.308398 0.5225798 0.3060292 0.547936 0.3034511 0.5731344 0.335104 0.5490086 0.3342749 0.5744079 0.3352442 0.5230693 0.363728 0.5744288 0.3647615 0.5481725 0.3312445 0.6010788 0.3608568 0.6009644 0.3898327 0.5465062 0.3542834 0.629455 0.3449154 0.6554919 0.3258857 0.628514 0.3009883 0.600189 0.333794 0.68369 0.3184677 0.6534773 0.2971148 0.6272853 0.2722593 0.5981826 0.2438057 0.5690218 0.2701544 0.6250482 0.2131017 0.5940326 0.242287 0.5957875 0.2131457 0.6208307 0.2418358 0.6228968 0.2131343 0.6464567 0.2676855 0.650108 0.214087 0.6754258 0.2405403 0.6475271 0.2154171 0.7035457 0.2391344 0.6755325 0.2168107 0.7314259 0.2375476 0.7036299 0.2361082 0.7314095 0.2188087 0.7551848 0.2346865 0.7550691 0.2209907 0.7796157 0.233327 0.7793793 0.2506653 0.7557964 0.246011 0.7797885 0.2320597 0.8014181 0.254934 0.7321649 0.223463 0.8015792 0.2173455 0.8285003 0.2257184 0.8284671 0.2413241 0.8017216 0.2350767 0.8287811 0.2247956 0.8407907 0.2501414 0.8023047 0.2329546 0.8411107 0.2456614 0.8295614 0.2170549 0.8407254 0.211062 0.8677236 0.2044639 0.894333 0.2597426 0.8030679 0.2687041 0.8040584 0.2568747 0.7804253 0.269687 0.7812366 0.2647523 0.756706 0.2823488 0.7824351 0.2800171 0.7580949 0.2718937 0.7333786 0.2964793 0.7846984 0.2944649 0.7596858 0.3140768 0.7619324 0.2892406 0.7348925 0.3078931 0.7367414 0.2793807 0.7060835 0.3211378 0.7103363 0.2998559 0.7080846 0.3097221 0.6809465 0.2868148 0.6786563 0.2929031 0.6514856 0.2641031 0.6768447 0.2600634 0.7046835 0.0162158 0.5429688 0.04296875 0.5429688 0.03044093 0.5628673 0.0462693 0.561771 0.06321311 0.5429688 0.03904545 0.584136 0.06184781 0.5621132 0.04738426 0.5831488 0.0569905 0.5841787 0.04433399 0.6018544 0.05014396 0.6017048 0.04696441 0.601787 0.04572105 0.6055607 0.04774714 0.6055566 0.04664028 0.6059637 0.9354095 0.7749501 0.9338881 0.7711963 0.9490262 0.7658289 0.9474468 0.7638183 0.9333506 0.7578124 0.9547969 0.7589625 0.9564714 0.7594532 0.9477417 0.7578124 0.9554176 0.7578125 0.9570313 0.7578125 0.956467 0.7561719 0.9547926 0.7566681 0.9490081 0.7498086 0.9474292 0.7518241 0.9338499 0.7444011 0.9353747 0.740652 0.9611299 0.8048914 0.9759752 0.8101903 0.9747467 0.8140127 0.9626672 0.8028837 0.9762786 0.796875 0.9553286 0.7980686 0.9536849 0.7985159 0.9623592 0.796875 0.9547224 0.796875 0.953125 0.796875 0.9536892 0.7952344 0.9553303 0.7957059 0.9611481 0.7888712 0.9626793 0.7909003 0.9760041 0.783551 0.9747816 0.7797146 0.8830621 0.7668262 0.8976457 0.7765859 0.8814372 0.7711988 0.8958117 0.7788568 0.8811036 0.7851563 0.9037924 0.7838937 0.9056566 0.7834009 0.8961461 0.7851563 0.9044469 0.7851563 0.90625 0.7851563 0.9056696 0.7869128 0.9038072 0.7863696 0.8977143 0.7937534 0.895879 0.7914101 0.8815801 0.7991824 0.8832053 0.8036473 0.9099067 0.8176076 0.9115316 0.8219802 0.8953231 0.827367 0.897157 0.8296381 0.9118651 0.8359375 0.8891764 0.834675 0.8873122 0.8341821 0.8968226 0.8359375 0.8885219 0.8359375 0.8867188 0.8359375 0.8872992 0.8376941 0.8891616 0.8371509 0.8952546 0.8445347 0.8970897 0.8421914 0.9113886 0.8499636 0.9097635 0.8544286 0.9783106 0.8541738 0.9773902 0.8590652 0.9657376 0.8625554 0.9673268 0.8646526 0.9774548 0.8710938 0.9593881 0.8698342 0.9576568 0.869341 0.9669403 0.8710938 0.9587218 0.8710938 0.9570313 0.8710938 0.9576337 0.8728447 0.9593713 0.8723769 0.9656257 0.8796402 0.9672372 0.8775653 0.9772241 0.8831174 0.9780964 0.8879867 0.9763274 0.9335031 0.9741009 0.9389421 0.9655172 0.9408557 0.9671016 0.9429055 0.9741185 0.9492188 0.9593414 0.9479858 0.9576417 0.9475015 0.9667475 0.9492188 0.9586905 0.9492188 0.9570313 0.9492188 0.9576236 0.9509346 0.9593285 0.9504723 0.9654308 0.9575889 0.9670323 0.9555565 0.9739894 0.9594933 0.9761721 0.964911 0.8670984 0.8563141 0.8819337 0.8662885 0.8654727 0.8608555 0.8800709 0.8686548 0.8649099 0.875 0.8881444 0.8737509 0.890044 0.8732235 0.8803081 0.875 0.888792 0.875 0.890625 0.875 0.8900063 0.8767772 0.8881142 0.8762485 0.8817483 0.8836616 0.8799143 0.8813221 0.8651276 0.8890929 0.866716 0.8935739 0.9102453 0.8953766 0.911871 0.899918 0.89541 0.905351 0.8972728 0.9077173 0.9124338 0.9140625 0.8891993 0.9128133 0.8872997 0.9122859 0.8970357 0.9140625 0.8885517 0.9140625 0.8867188 0.9140625 0.8873374 0.9158397 0.8892295 0.915311 0.8955955 0.9227241 0.8974295 0.9203846 0.9122162 0.9281554 0.9106278 0.9326364 0.8036836 0.15625 0.8128536 0.1309156 0.8160927 0.15625 0.8039205 0.1318311 0.7795472 0.15625 0.8056722 0.1142856 0.8117983 0.1136669 0.7809105 0.1252271 0.805663 0.1006574 0.8086553 0.09666157 0.7953862 0.1095702 0.8040681 0.09988999 0.8038279 0.09481925 0.7925115 0.1034372 0.7843665 0.1120266 0.7596887 0.08460253 0.7662008 0.08183086 0.7531024 0.05929232 0.7483374 0.1266479 0.75 0.15625 0.717733 0.15625 0.748651 0.06055486 0.7445527 0.08774257 0.7435198 0.05088347 0.7451187 0.04779971 0.7422394 0.06100237 0.7411907 0.04955417 0.7407975 0.04579794 0.7372249 0.04784763 0.7390592 0.05144978 0.7306552 0.06008363 0.7354941 0.06072181 0.7268652 0.08894825 0.7195526 0.08673012 0.7087407 0.1134369 0.7140427 0.1290495 0.6963207 0.1123018 0.6982911 0.1055884 0.6915479 0.1375818 0.6947498 0.15625 0.6843394 0.15625 0.6828367 0.1400926 0.6873516 0.1211393 0.6803036 0.1207982 0.6815439 0.101858 0.6783893 0.09937632 0.6834866 0.1006709 0.6828687 0.09662068 0.6655271 0.2521119 0.659685 0.2667748 0.6606201 0.2521119 0.6651031 0.2672921 0.68685 0.2521119 0.6631812 0.2745845 0.6576842 0.2783571 0.6804929 0.2867545 0.685487 0.2686403 0.716536 0.2521119 0.6826836 0.2812176 0.7074878 0.3025408 0.7035073 0.3069882 0.7138921 0.2951484 0.7201656 0.2717203 0.746184 0.2521119 0.7246588 0.3329449 0.7193546 0.3369941 0.7472831 0.2758303 0.7690452 0.2521119 0.7226899 0.2856455 0.7709696 0.280169 0.7782725 0.2521119 0.7798158 0.2810529 0.7442966 0.2981563 0.7647364 0.3121684 0.7726452 0.3162487 0.7341399 0.3198012 0.7503449 0.3410046 0.7557625 0.3467491 0.7324414 0.364531 0.7304665 0.3728881 0.06459045 0.7749501 0.05097377 0.7658289 0.06611186 0.7711963 0.05255318 0.7638183 0.06664938 0.7578124 0.04520309 0.7589625 0.04352862 0.7594532 0.05225831 0.7578124 0.04458237 0.7578125 0.04296875 0.7578125 0.04353297 0.7561719 0.04520744 0.7566681 0.05099189 0.7498086 0.05257076 0.7518241 0.06615007 0.7444011 0.06462532 0.740652 0.02525331 0.8140127 0.02402477 0.8101903 0.0388701 0.8048914 0.03733283 0.8028837 0.0237214 0.796875 0.04467142 0.7980686 0.04631513 0.7985159 0.03764081 0.796875 0.0452776 0.796875 0.046875 0.796875 0.04631078 0.7952344 0.04466975 0.7957059 0.03885186 0.7888712 0.03732067 0.7909003 0.02399594 0.783551 0.02521843 0.7797146 0.1169379 0.7668262 0.1185628 0.7711987 0.1023543 0.7765859 0.1041883 0.7788568 0.1188964 0.7851563 0.09620762 0.7838938 0.09434342 0.7834009 0.1038539 0.7851563 0.0955531 0.7851563 0.09375 0.7851563 0.09433043 0.7869128 0.09619284 0.7863696 0.1022857 0.7937534 0.104121 0.7914101 0.1184199 0.7991824 0.1167947 0.8036473 0.1046769 0.827367 0.08846843 0.8219802 0.09009331 0.8176076 0.102843 0.8296381 0.08813488 0.8359375 0.1108236 0.834675 0.1126878 0.8341821 0.1031774 0.8359375 0.1114781 0.8359375 0.1132813 0.8359375 0.1127008 0.8376941 0.1108384 0.8371509 0.1047454 0.8445347 0.1029103 0.8421914 0.08861142 0.8499636 0.09023654 0.8544286 0.03426236 0.8625554 0.02260983 0.8590652 0.02168941 0.8541738 0.03267318 0.8646526 0.02254522 0.8710938 0.04061192 0.8698342 0.0423432 0.869341 0.03305966 0.8710938 0.04127818 0.8710938 0.04296875 0.8710938 0.04236633 0.8728447 0.04062867 0.8723769 0.0343743 0.8796402 0.03276277 0.8775653 0.02277595 0.8831174 0.02190363 0.8879867 0.03448284 0.9408557 0.02589905 0.9389421 0.02367258 0.9335031 0.03289844 0.9429055 0.02588147 0.9492188 0.04065859 0.9479858 0.04235834 0.9475015 0.03325254 0.9492188 0.04130948 0.9492188 0.04296875 0.9492188 0.0423764 0.9509346 0.04067147 0.9504723 0.0345692 0.9575889 0.03296775 0.9555565 0.02601063 0.9594933 0.02382791 0.964911 0.1329016 0.8563141 0.1345273 0.8608555 0.1180663 0.8662885 0.1199291 0.8686548 0.1350901 0.875 0.1118556 0.8737509 0.109956 0.8732235 0.1196919 0.875 0.111208 0.875 0.109375 0.875 0.1099937 0.8767772 0.1118858 0.8762485 0.1182517 0.8836616 0.1200857 0.8813221 0.1348724 0.8890929 0.133284 0.8935739 0.10459 0.905351 0.08812904 0.899918 0.0897547 0.8953766 0.1027272 0.9077173 0.0875662 0.9140625 0.1108007 0.9128133 0.1127003 0.9122859 0.1029643 0.9140625 0.1114483 0.9140625 0.1132813 0.9140625 0.1126625 0.9158397 0.1107705 0.915311 0.1044045 0.9227241 0.1025705 0.9203846 0.08778383 0.9281554 0.08937223 0.9326364 0.1839073 0.15625 0.1871464 0.1309156 0.1963164 0.15625 0.1960795 0.1318311 0.2204528 0.15625 0.1943278 0.1142856 0.1882017 0.1136669 0.2190895 0.1252271 0.194337 0.1006574 0.1913447 0.09666157 0.2046138 0.1095702 0.1959319 0.09988999 0.1961721 0.09481925 0.2074885 0.1034372 0.2156335 0.1120266 0.2403113 0.08460253 0.2337992 0.08183086 0.2468976 0.05929232 0.2516626 0.1266479 0.25 0.15625 0.282267 0.15625 0.251349 0.06055486 0.2554473 0.08774257 0.2564802 0.05088347 0.2548813 0.04779971 0.2577606 0.06100237 0.2588093 0.04955417 0.2592025 0.04579794 0.2627751 0.04784763 0.2609408 0.05144978 0.2693448 0.06008363 0.2645059 0.06072181 0.2731348 0.08894825 0.2804474 0.08673012 0.2912593 0.1134369 0.2859574 0.1290495 0.3036793 0.1123018 0.3017089 0.1055884 0.3084522 0.1375818 0.3052501 0.15625 0.3156606 0.15625 0.3171633 0.1400926 0.3126485 0.1211393 0.3196964 0.1207982 0.3184561 0.101858 0.3216107 0.09937632 0.3165134 0.1006709 0.3171312 0.09662068 0.3393799 0.2521119 0.340315 0.2667748 0.3344729 0.2521119 0.3348969 0.2672921 0.31315 0.2521119 0.3368188 0.2745845 0.3423158 0.2783571 0.3195071 0.2867545 0.314513 0.2686403 0.283464 0.2521119 0.3173164 0.2812176 0.2925122 0.3025408 0.2964927 0.3069882 0.2861079 0.2951484 0.2798344 0.2717203 0.253816 0.2521119 0.2753412 0.3329449 0.2806454 0.3369941 0.2527169 0.2758303 0.2309548 0.2521119 0.2773101 0.2856455 0.2290304 0.280169 0.2217275 0.2521119 0.2201842 0.2810529 0.2557034 0.2981563 0.2352636 0.3121684 0.2273548 0.3162487 0.2658601 0.3198012 0.2496551 0.3410046 0.2442375 0.3467491 0.2675586 0.364531 0.2695335 0.3728881 0.8325577 0.5234375 0.8343478 0.5168045 0.8637058 0.5234375 0.8367085 0.5119284 0.8682355 0.5002503 0.8982445 0.5234375 0.8173517 0.5056946 0.8269593 0.5197518 0.8144228 0.5100286 0.7968086 0.4959145 0.900366 0.5051149 0.933634 0.5234375 0.7993937 0.4924085 0.9335347 0.5055263 0.9632966 0.5234375 0.7867322 0.4799845 0.7844126 0.4807369 0.9627073 0.5032002 0.9882813 0.5234375 0.987645 0.5005843 0.7840621 0.47492 0.7826201 0.4749735 0.9608331 0.478814 0.985227 0.4740131 0.9332744 0.4841384 0.9037863 0.4865457 0.9576226 0.452734 0.9809431 0.4460057 0.9757438 0.4204258 0.9327735 0.4615315 0.9078134 0.469106 0.8773344 0.4781443 0.9168508 0.4522529 0.8907157 0.4582663 0.8580716 0.4681211 0.9320979 0.4380053 0.9059621 0.4376993 0.9516683 0.4225792 0.9693913 0.3975334 0.9235707 0.4184728 0.9445766 0.3990211 0.8774439 0.4455076 0.8963273 0.423285 0.914354 0.4045238 0.9492949 0.379657 0.9617503 0.3772599 0.9352537 0.3858842 0.9526234 0.3638973 0.9555035 0.3626688 0.9424472 0.3709258 0.9491227 0.3566548 0.9510169 0.3541988 0.9317824 0.3846844 0.9392565 0.3687986 0.946545 0.3538305 0.9476753 0.3512791 0.9430324 0.3514257 0.9421276 0.3544219 0.9356425 0.3687822 0.929051 0.3836505 0.9127712 0.4008862 0.9112175 0.3984762 0.8929713 0.4161704 0.8943105 0.419415 0.8741455 0.4370779 0.8756537 0.4409987 0.8553043 0.4577788 0.8577613 0.4616047 0.8325784 0.4639856 0.8336071 0.4680256 0.808954 0.468783 0.8087318 0.465359 0.8325337 0.4732482 0.8453552 0.4940186 0.8265952 0.4882621 0.8088494 0.4732826 0.7900388 0.4702629 0.78909 0.468352 0.7843811 0.4708881 0.8198327 0.501898 0.7850542 0.472114 0.7830561 0.4726678 0.8021306 0.4899713 0.8064718 0.4817909 0.7880289 0.4783422 0.7898979 0.4728428 0.7891693 0.4755625 0.7857334 0.4751542 0.7863483 0.4735923 0.7856984 0.4742516 0.7842219 0.4733571 0.1674422 0.5234375 0.1362942 0.5234375 0.1656522 0.5168045 0.1632914 0.5119284 0.1317646 0.5002503 0.1017555 0.5234375 0.1826483 0.5056946 0.1730407 0.5197518 0.1855772 0.5100286 0.2031914 0.4959145 0.09963397 0.5051149 0.06636593 0.5234375 0.2006063 0.4924085 0.06646531 0.5055263 0.03670342 0.5234375 0.2132678 0.4799845 0.2155873 0.4807369 0.03729274 0.5032002 0.01171875 0.5234375 0.01235493 0.5005843 0.2159379 0.47492 0.2173799 0.4749735 0.03916691 0.478814 0.01477297 0.4740131 0.2157781 0.4733571 0.2169439 0.4726678 0.04237731 0.452734 0.01905693 0.4460057 0.02425619 0.4204258 0.06672563 0.4841384 0.06722654 0.4615315 0.04833169 0.4225792 0.03060872 0.3975334 0.09621368 0.4865457 0.09218664 0.4691061 0.1226656 0.4781443 0.08314922 0.4522529 0.1092843 0.4582663 0.1419284 0.4681211 0.06790209 0.4380053 0.09403788 0.4376993 0.0764293 0.4184728 0.1225561 0.4455076 0.1036727 0.423285 0.05542343 0.3990211 0.08564603 0.4045238 0.05070509 0.379657 0.03824968 0.3772599 0.06474628 0.3858842 0.04737663 0.3638973 0.04449657 0.3626688 0.05755274 0.3709258 0.0508773 0.3566548 0.04898309 0.3541988 0.0682176 0.3846844 0.06074345 0.3687986 0.05345495 0.3538305 0.05232465 0.3512791 0.05696761 0.3514257 0.0578724 0.3544219 0.06435746 0.3687822 0.07094892 0.3836505 0.08722881 0.4008862 0.08878253 0.3984762 0.1070287 0.4161704 0.1056895 0.419415 0.1258545 0.4370779 0.1243463 0.4409987 0.1446957 0.4577788 0.1422388 0.4616047 0.1674217 0.4639856 0.1663929 0.4680256 0.191046 0.468783 0.1912682 0.465359 0.1674662 0.4732482 0.1546449 0.4940186 0.1734048 0.4882621 0.1911506 0.4732826 0.2099612 0.4702629 0.2109099 0.468352 0.2156189 0.4708881 0.1801673 0.501898 0.2149458 0.472114 0.1978694 0.4899713 0.1935282 0.4817909 0.2119711 0.4783422 0.2101021 0.4728428 0.2108307 0.4755625 0.2142666 0.4751542 0.2136516 0.4735923 0.2143015 0.4742516 0.6214548 0.8766244 0.6367386 0.8840896 0.6149126 0.907878 0.6037959 0.8730469 0.6473305 0.8946604 0.5980103 0.9063023 0.6256671 0.9146581 0.5856086 0.8766522 0.6551752 0.9068415 0.5681792 0.8845118 0.6287663 0.9239992 0.5800484 0.9125656 0.6586347 0.9213476 0.5569857 0.8955884 0.6581643 0.9370511 0.5763434 0.9238023 0.6207989 0.9374877 0.5488651 0.9080839 0.6499883 0.9534919 0.5444903 0.9251009 0.6340678 0.9687766 0.5729086 0.937093 0.5986875 0.9447608 0.5477533 0.944622 0.6152044 0.9784492 0.5549275 0.9588993 0.5897951 0.9785155 0.5804275 0.9435606 0.5675404 0.9718746 0.3785452 0.8766244 0.3850874 0.907878 0.3632614 0.8840895 0.3526695 0.8946604 0.3962041 0.8730469 0.3743329 0.9146581 0.4019897 0.9063023 0.3448248 0.9068415 0.4143914 0.8766522 0.3712337 0.9239992 0.4318208 0.8845118 0.3413653 0.9213476 0.4199516 0.9125656 0.3418358 0.9370511 0.4430143 0.8955884 0.379201 0.9374877 0.4236566 0.9238023 0.3500117 0.9534919 0.4511349 0.9080839 0.3659323 0.9687766 0.4555097 0.9251009 0.4013125 0.9447608 0.4270914 0.937093 0.3847956 0.9784492 0.4522466 0.944622 0.4102049 0.9785155 0.4450725 0.9588993 0.4195725 0.9435606 0.4324596 0.9718746 0.9338251 0.8220874 0.9357519 0.8190175 0.947149 0.8294526 0.9483249 0.8273992 0.9332725 0.8359375 0.9547644 0.8347001 0.9564057 0.8341848 0.9475713 0.8359375 0.9554004 0.8359375 0.9570313 0.8359375 0.9564288 0.8376884 0.954782 0.837184 0.9484368 0.8444839 0.9472383 0.8424461 0.9359661 0.8528305 0.9340349 0.8497524 0.9346928 0.8967369 0.9377351 0.8944406 0.9473957 0.9037818 0.9485453 0.9017932 0.9340215 0.9101563 0.9548161 0.9089458 0.9564208 0.9084389 0.9478081 0.9101563 0.9554338 0.9101563 0.9570313 0.9101563 0.9564389 0.9118721 0.9548298 0.9113761 0.9486317 0.9185264 0.9474633 0.9165546 0.9378904 0.9258485 0.9348534 0.9235434 0.06617488 0.8220874 0.05285102 0.8294526 0.06424809 0.8190175 0.05167514 0.8273992 0.06672753 0.8359375 0.04523563 0.8347001 0.0435943 0.8341848 0.05242866 0.8359375 0.04459961 0.8359375 0.04296875 0.8359375 0.04357117 0.8376884 0.04521799 0.837184 0.0515632 0.8444839 0.05276173 0.8424461 0.06403387 0.8528305 0.06596506 0.8497524 0.05260432 0.9037818 0.06226492 0.8944406 0.0653072 0.8967369 0.05145466 0.9017932 0.06597847 0.9101563 0.04518391 0.9089458 0.04357915 0.9084389 0.05219185 0.9101563 0.04456615 0.9101563 0.04296875 0.9101563 0.0435611 0.9118721 0.04517017 0.9113761 0.0513683 0.9185264 0.05253671 0.9165547 0.06210957 0.9258485 0.06514657 0.9235434 0.4138071 0.544657 0.4096161 0.5180012 0.388209 0.5206909 0.4071304 0.5073608 0.3931906 0.5097253 0.4044133 0.4957261 0.3636866 0.5222428 0.3735913 0.5110965 0.3551397 0.5086907 0.3391453 0.5025867 0.3852512 0.5017108 0.3269485 0.4936005 0.393079 0.4990749 0.3202684 0.4835979 0.3977129 0.496381 0.3181949 0.4712137 0.3302659 0.48084 0.3380515 0.4905531 0.3215865 0.4594096 0.3293707 0.4700232 0.3278411 0.4502926 0.3318726 0.4603246 0.3369775 0.4531015 0.3442567 0.4480153 0.3335637 0.4606214 0.3319729 0.4701534 0.3396163 0.4536943 0.3329093 0.4806458 0.3369259 0.4609322 0.3358647 0.4702855 0.3366424 0.480439 0.3439793 0.4544725 0.3409742 0.4611956 0.3406002 0.470332 0.3481047 0.4495959 0.3458213 0.4548475 0.3501136 0.4506502 0.3434289 0.461455 0.35483 0.4474285 0.3427175 0.470268 0.3436489 0.4794002 0.3541123 0.4457583 0.3614688 0.4467151 0.3606399 0.4444312 0.3638426 0.4473747 0.3655506 0.4464742 0.3669565 0.4511778 0.3696021 0.4457475 0.3687106 0.4507804 0.3694081 0.4596804 0.3780118 0.4470555 0.3711308 0.4600268 0.3718983 0.4678617 0.3746591 0.4504309 0.3737338 0.4680865 0.3743463 0.4776656 0.3781711 0.4593467 0.3815712 0.4494121 0.386655 0.4483436 0.3857563 0.4584564 0.3812865 0.4673595 0.3911325 0.4577197 0.3763368 0.4777825 0.389087 0.4664406 0.3844451 0.4768497 0.3796942 0.4882384 0.3779544 0.4882407 0.3802512 0.497085 0.3923443 0.4758377 0.3826168 0.4975598 0.3790852 0.5008261 0.3873425 0.4874474 0.3892485 0.4972084 0.3810727 0.5015661 0.3768334 0.503343 0.3771919 0.5012753 0.3655138 0.4985369 0.3644761 0.5008115 0.3497765 0.4973792 0.3547002 0.4962621 0.3563854 0.4950036 0.3413884 0.4900833 0.3463998 0.4894833 0.3483313 0.4884419 0.341386 0.4801897 0.3956504 0.4864446 0.4017583 0.4855299 0.3981447 0.4749879 0.4085414 0.462534 0.3946477 0.4656687 0.8584704 0.04143691 0.8088348 0.02078426 0.7958047 0.01058871 0.827966 0.06761086 0.8561219 0.0466243 0.9063092 0.07452893 0.8373765 0.06903374 0.8506523 0.117393 0.9029869 0.08051038 0.9445291 0.1099961 0.877002 0.0878284 0.8609542 0.1190749 0.8620318 0.1682701 0.9399561 0.1157659 0.9719563 0.1448706 0.9127879 0.1132432 0.8894714 0.1297266 0.8713986 0.1693255 0.8709948 0.2100453 0.861738 0.2142209 0.8913051 0.2173225 0.8929436 0.1741331 0.891438 0.2123137 0.9175735 0.2156446 0.917353 0.2098387 0.9408952 0.2107439 0.916952 0.1427398 0.9182663 0.1786442 0.9401642 0.2046473 0.9615041 0.2022717 0.9423589 0.1382872 0.9424074 0.1575691 0.9406898 0.1817008 0.9653401 0.1499937 0.9581442 0.1568186 0.9632359 0.1706436 0.9806429 0.1781603 0.9882813 0.1796875 0.9548357 0.1816846 0.9593849 0.1956316 0.7658662 0.4362471 0.8155018 0.4155945 0.752836 0.4464427 0.7849972 0.3894204 0.8131533 0.410407 0.8633406 0.3825024 0.7944078 0.3879976 0.8076837 0.3396384 0.8600181 0.3765209 0.9015604 0.3470352 0.8340333 0.3692029 0.8179855 0.3379564 0.8190631 0.2887612 0.8969874 0.3412654 0.9289876 0.3121607 0.8698192 0.343788 0.8465027 0.3273047 0.8284299 0.2877058 0.8280261 0.2469861 0.8187692 0.2428104 0.8483365 0.239709 0.8499749 0.2828982 0.8484693 0.2447177 0.8746047 0.2413867 0.8743844 0.2471926 0.8979266 0.2462875 0.8739833 0.3142915 0.8752977 0.2783871 0.8971955 0.252384 0.9185354 0.2547596 0.8993902 0.3187442 0.8994386 0.2994622 0.8977212 0.2753304 0.9164163 0.2613997 0.9151756 0.3002127 0.911867 0.2753467 0.9223714 0.3070377 0.9202671 0.2863876 0.9376742 0.2788709 0.9453125 0.2773438 0.1911651 0.02078426 0.1415296 0.04143691 0.2041953 0.01058865 0.1720341 0.06761086 0.1438781 0.0466243 0.09369069 0.07452893 0.1626235 0.06903374 0.1493476 0.117393 0.09701318 0.08051038 0.05547088 0.1099961 0.122998 0.0878284 0.1390458 0.1190749 0.1379682 0.1682701 0.06004393 0.1157659 0.02804375 0.1448706 0.08721215 0.1132432 0.1105286 0.1297266 0.1286014 0.1693255 0.1290052 0.2100453 0.1382621 0.2142209 0.1086949 0.2173225 0.1070564 0.1741332 0.108562 0.2123137 0.08242655 0.2156446 0.08264697 0.2098387 0.0591048 0.2107439 0.08304805 0.1427398 0.08173364 0.1786442 0.05983579 0.2046473 0.03849588 0.2022717 0.05764115 0.1382872 0.05759269 0.1575691 0.0593102 0.1817008 0.04061502 0.1956316 0.04185575 0.1568186 0.04516435 0.1816846 0.03465989 0.1499937 0.0367642 0.1706436 0.01935709 0.1781603 0.01171875 0.1796875 0.1844983 0.4155945 0.2341339 0.4362471 0.247164 0.4464427 0.2150027 0.3894204 0.1868468 0.410407 0.1366594 0.3825024 0.2055922 0.3879976 0.1923164 0.3396384 0.1399819 0.3765209 0.09843957 0.3470352 0.1659667 0.3692029 0.1820145 0.3379564 0.1809369 0.2887612 0.1030126 0.3412654 0.07101241 0.3121607 0.1301808 0.343788 0.1534973 0.3273047 0.1715701 0.2877058 0.1719739 0.2469861 0.1812308 0.2428104 0.1516636 0.239709 0.1500251 0.2828982 0.1515307 0.2447177 0.1253952 0.2413867 0.1256156 0.2471926 0.1020734 0.2462875 0.1260167 0.3142915 0.1247023 0.2783871 0.1028045 0.252384 0.08146459 0.2547596 0.1006097 0.3187442 0.1005614 0.2994622 0.1022789 0.2753304 0.07762858 0.3070377 0.08482441 0.3002127 0.07973289 0.2863876 0.06232584 0.2788709 0.0546875 0.2773438 0.08813298 0.2753467 0.08358371 0.2613997 0.5 0.8789063 0.5 0.8588673 0.5279168 0.8746408 0.4720832 0.8746408 0.524293 0.8559141 0.5524452 0.862029 0.475707 0.8559141 0.4475548 0.862029 0.5 0.8363893 0.5456691 0.8457003 0.5690094 0.8419758 0.5216913 0.8337789 0.5554529 0.8345792 0.5740966 0.8170626 0.5420239 0.8262327 0.5583569 0.8177762 0.5562572 0.7978595 0.5707012 0.7925441 0.5383264 0.8033231 0.5190705 0.807261 0.549508 0.7721397 0.5621676 0.7660505 0.5330533 0.7774564 0.5166719 0.7808319 0.5 0.8091322 0.5 0.782577 0.4783087 0.8337789 0.4809295 0.807261 0.4543309 0.8457003 0.4309906 0.8419758 0.4579761 0.8262327 0.4445471 0.8345792 0.4259034 0.8170626 0.4416431 0.8177762 0.4616736 0.8033231 0.4437428 0.7978595 0.4292988 0.7925441 0.4833281 0.7808319 0.4669467 0.7774564 0.450492 0.7721397 0.4378324 0.7660505 0.4866457 0.7567755 0.4618866 0.745785 0.4526297 0.7383021 0.4734281 0.7526335 0.4761205 0.7277067 0.4706486 0.7186729 0.4829109 0.7358081 0.486948 0.7223504 0.483488 0.7103444 0.4903092 0.7375628 0.5 0.7207624 0.5 0.706483 0.516512 0.7103444 0.5 0.7576036 0.5 0.7380825 0.513052 0.7223504 0.5293514 0.7186729 0.5096908 0.7375628 0.5133543 0.7567755 0.5170891 0.7358081 0.5238795 0.7277067 0.5473703 0.7383021 0.5265719 0.7526335 0.5381134 0.745785</float_array>
                    <technique_common>
                        <accessor count="2121" offset="0" source="pm0550_00_41_body_mesh_shape_body_01-geometry-TEXCOORD-array" stride="2">
                            <param name="S" type="float" />
                            <param name="T" type="float" />
                        </accessor>
                    </technique_common>
                </source>
                <vertices id="pm0550_00_41_body_mesh_shape_body_01-vertices">
                    <input semantic="POSITION" source="#pm0550_00_41_body_mesh_shape_body_01-geometry-POSITION" />
                </vertices>
                <triangles count="3330" material="body_01">
                    <input semantic="VERTEX" source="#pm0550_00_41_body_mesh_shape_body_01-vertices" offset="0" set="0" />
                    <input semantic="NORMAL" source="#pm0550_00_41_body_mesh_shape_body_01-geometry-NORMAL" offset="1" set="0" />
                    <input semantic="TEXCOORD" source="#pm0550_00_41_body_mesh_shape_body_01-geometry-TEXCOORD" offset="2" set="0" />
                    <p>0 0 0 1 1 1 2 2 2 3 3 3 1 1 1 0 0 0 4 4 4 1 1 1 3 3 3 1 1 1 4 4 4 5 5 5 6 6 6 4 4 4 3 3 3 5 5 5 4 4 4 7 7 7 7 7 7 4 4 4 6 6 6 7 7 7 6 6 6 8 8 8 8 8 8 6 6 6 9 9 9 9 9 9 10 10 10 8 8 8 11 11 11 10 10 10 9 9 9 10 10 10 11 11 11 12 12 12 12 12 12 11 11 11 13 13 13 12 12 12 13 13 13 14 14 14 14 14 14 13 13 13 15 15 15 15 15 15 16 16 16 14 14 14 17 17 17 16 16 16 15 15 15 18 18 18 16 16 16 17 17 17 19 19 19 16 16 16 18 18 18 18 18 18 20 20 20 19 19 19 19 19 19 20 20 20 21 21 21 20 20 20 18 18 18 22 22 22 22 22 22 18 18 18 23 23 23 21 21 21 20 20 20 24 24 24 21 21 21 24 24 24 25 25 25 22 22 22 26 26 26 20 20 20 20 20 20 26 26 26 24 24 24 22 22 22 23 23 23 27 27 27 27 27 27 23 23 23 28 28 28 29 29 29 27 27 27 28 28 28 27 27 27 30 30 30 22 22 22 22 22 22 30 30 30 26 26 26 31 31 31 27 27 27 29 29 29 27 27 27 31 31 31 30 30 30 32 32 32 31 31 31 29 29 29 30 30 30 33 33 33 26 26 26 34 34 34 31 31 31 32 32 32 35 35 35 34 34 34 32 32 32 30 30 30 31 31 31 36 36 36 31 31 31 34 34 34 36 36 36 30 30 30 36 36 36 33 33 33 37 37 37 34 34 34 35 35 35 38 38 38 37 37 37 35 35 35 36 36 36 34 34 34 39 39 39 34 34 34 37 37 37 39 39 39 33 33 33 36 36 36 40 40 40 36 36 36 39 39 39 40 40 40 41 41 41 37 37 37 38 38 38 42 42 42 41 41 41 38 38 38 39 39 39 37 37 37 43 43 43 37 37 37 41 41 41 43 43 43 40 40 40 39 39 39 44 44 44 39 39 39 43 43 43 44 44 44 45 45 45 41 41 41 42 42 42 46 46 46 45 45 45 42 42 42 43 43 43 41 41 41 47 47 47 41 41 41 45 45 45 47 47 47 44 44 44 43 43 43 48 48 48 47 47 47 48 48 48 43 43 43 49 49 49 45 45 45 46 46 46 46 46 46 50 50 50 49 49 49 47 47 47 45 45 45 51 51 51 49 49 49 51 51 51 45 45 45 49 49 49 50 50 50 52 52 52 50 50 50 53 53 53 52 52 52 54 54 54 51 51 51 49 49 49 49 49 49 52 52 52 54 54 54 47 47 47 51 51 51 55 55 55 55 55 55 48 48 48 47 47 47 54 54 54 56 56 56 51 51 51 55 55 55 51 51 51 56 56 56 52 52 52 57 57 57 54 54 54 57 57 57 56 56 56 54 54 54 53 53 53 58 58 58 52 52 52 58 58 58 57 57 57 52 52 52 58 58 58 53 53 53 59 59 59 58 58 58 59 59 59 60 60 60 57 57 57 61 61 61 56 56 56 60 60 60 62 62 62 58 58 58 63 63 63 62 62 62 60 60 60 64 64 64 57 57 57 58 58 58 64 64 64 61 61 61 57 57 57 58 58 58 65 65 65 64 64 64 64 64 64 65 65 65 61 61 61 62 62 62 65 65 65 58 58 58 61 61 61 66 66 66 56 56 56 56 56 56 66 66 66 55 55 55 61 61 61 65 65 65 67 67 67 61 61 61 67 67 67 66 66 66 62 62 62 68 68 68 65 65 65 65 65 65 68 68 68 67 67 67 62 62 62 63 63 63 69 69 69 69 69 69 68 68 68 62 62 62 69 69 69 63 63 63 70 70 70 67 67 67 68 68 68 71 71 71 68 68 68 69 69 69 71 71 71 70 70 70 72 72 72 69 69 69 71 71 71 69 69 69 72 72 72 73 73 73 72 72 72 70 70 70 71 71 71 74 74 74 67 67 67 66 66 66 67 67 67 74 74 74 72 72 72 75 75 75 71 71 71 75 75 75 74 74 74 71 71 71 72 72 72 73 73 73 76 76 76 76 76 76 75 75 75 72 72 72 76 76 76 73 73 73 77 77 77 66 66 66 74 74 74 78 78 78 66 66 66 78 78 78 55 55 55 55 55 55 78 78 78 48 48 48 76 76 76 77 77 77 79 79 79 79 79 79 77 77 77 80 80 80 78 78 78 81 81 81 48 48 48 48 48 48 81 81 81 44 44 44 78 78 78 74 74 74 82 82 82 78 78 78 82 82 82 81 81 81 74 74 74 75 75 75 82 82 82 81 81 81 83 83 83 44 44 44 44 44 44 83 83 83 40 40 40 81 81 81 82 82 82 84 84 84 81 81 81 84 84 84 83 83 83 82 82 82 75 75 75 85 85 85 85 85 85 84 84 84 82 82 82 75 75 75 76 76 76 85 85 85 85 85 85 76 76 76 79 79 79 86 86 86 84 84 84 85 85 85 79 79 79 86 86 86 85 85 85 83 83 83 84 84 84 87 87 87 86 86 86 87 87 87 84 84 84 83 83 83 88 88 88 40 40 40 83 83 83 87 87 87 88 88 88 40 40 40 88 88 88 33 33 33 89 89 89 86 86 86 79 79 79 79 79 79 80 80 80 89 89 89 89 89 89 80 80 80 90 90 90 91 91 91 87 87 87 86 86 86 89 89 89 91 91 91 86 86 86 89 89 89 90 90 90 92 92 92 92 92 92 91 91 91 89 89 89 92 92 92 90 90 90 93 93 93 91 91 91 94 94 94 87 87 87 88 88 88 87 87 87 94 94 94 92 92 92 95 95 95 91 91 91 95 95 95 94 94 94 91 91 91 92 92 92 93 93 93 96 96 96 96 96 96 95 95 95 92 92 92 96 96 96 93 93 93 97 97 97 97 97 97 98 98 98 96 96 96 96 96 96 98 98 98 99 99 99 99 99 99 95 95 95 96 96 96 98 98 98 100 100 100 99 99 99 101 101 101 95 95 95 99 99 99 101 101 101 94 94 94 95 95 95 99 99 99 100 100 100 102 102 102 102 102 102 101 101 101 99 99 99 100 100 100 103 103 103 102 102 102 103 103 103 100 100 100 104 104 104 104 104 104 100 100 100 105 105 105 103 103 103 106 106 106 102 102 102 105 105 105 107 107 107 104 104 104 104 104 104 107 107 107 108 108 108 107 107 107 109 109 109 108 108 108 108 108 108 109 109 109 110 110 110 111 111 111 110 110 110 109 109 109 112 112 112 110 110 110 111 111 111 113 113 113 112 112 112 111 111 111 114 114 114 112 112 112 113 113 113 113 113 113 115 115 115 114 114 114 114 114 114 115 115 115 116 116 116 116 116 116 115 115 115 117 117 117 116 116 116 117 117 117 118 5 118 117 117 117 115 115 115 119 118 119 118 5 118 117 117 117 120 1 120 117 117 117 119 118 119 120 1 120 120 1 120 119 118 119 121 119 121 121 119 121 122 2 122 120 1 120 102 102 102 106 106 106 123 120 123 123 120 123 101 101 101 102 102 102 106 106 106 124 121 124 123 120 123 123 120 123 125 122 125 101 101 101 125 122 125 94 94 94 101 101 101 123 120 123 124 121 124 126 123 126 126 123 126 125 122 125 123 120 123 94 94 94 125 122 125 88 88 88 127 124 127 126 123 126 124 121 124 88 88 88 125 122 125 128 125 128 125 122 125 126 123 126 128 125 128 129 126 129 126 123 126 127 124 127 128 125 128 126 123 126 129 126 129 129 126 129 127 124 127 130 127 130 129 126 129 130 127 130 128 125 128 130 127 130 127 124 127 25 25 25 25 25 25 24 24 24 130 127 130 128 125 128 131 128 131 88 88 88 128 125 128 130 127 130 131 128 131 24 24 24 131 128 131 130 127 130 88 88 88 131 128 131 33 33 33 26 26 26 131 128 131 24 24 24 26 26 26 33 33 33 131 128 131 132 129 132 133 130 133 134 131 134 134 131 134 133 130 133 135 132 135 134 131 134 135 132 135 136 133 136 133 130 133 137 134 137 135 132 135 136 133 136 135 132 135 138 135 138 136 133 136 138 135 138 139 136 139 135 132 135 137 134 137 140 137 140 139 136 139 138 135 138 141 138 141 139 136 139 141 138 141 142 139 142 137 134 137 143 140 143 140 137 140 144 141 144 143 140 143 137 134 137 144 141 144 145 142 145 143 140 143 143 140 143 145 142 145 146 143 146 143 140 143 146 143 146 140 137 140 145 142 145 147 144 147 146 143 146 148 145 148 140 137 140 146 143 146 146 143 146 147 144 147 148 145 148 148 145 148 135 132 135 140 137 140 138 135 138 135 132 135 148 145 148 147 144 147 149 146 149 148 145 148 148 145 148 149 146 149 138 135 138 149 146 149 150 147 150 138 135 138 150 147 150 141 138 141 138 135 138 151 148 151 150 147 150 149 146 149 151 148 151 152 149 152 150 147 150 150 147 150 152 149 152 153 150 153 154 151 154 141 138 141 150 147 150 153 150 153 154 151 154 150 147 150 153 150 153 152 149 152 155 152 155 155 152 155 152 149 152 156 153 156 155 152 155 157 154 157 153 150 153 157 154 157 154 151 154 153 150 153 156 153 156 158 155 158 155 152 155 158 155 158 157 154 157 155 152 155 159 156 159 158 155 158 156 153 156 159 156 159 160 157 160 158 155 158 158 155 158 160 157 160 161 158 161 161 158 161 157 154 157 158 155 158 160 157 160 162 159 162 161 158 161 163 160 163 157 154 157 161 158 161 161 158 161 162 159 162 163 160 163 163 160 163 154 151 154 157 154 157 163 160 163 162 159 162 164 161 164 164 161 164 154 151 154 163 160 163 164 161 164 162 159 162 165 162 165 164 161 164 141 138 141 154 151 154 165 162 165 166 163 166 164 161 164 167 164 167 141 138 141 164 161 164 164 161 164 166 163 166 167 164 167 142 139 142 141 138 141 167 164 167 166 163 166 168 165 168 167 164 167 169 166 169 168 165 168 166 163 166 170 167 170 142 139 142 167 164 167 167 164 167 168 165 168 170 167 170 171 168 171 142 139 142 170 167 170 169 166 169 172 169 172 168 165 168 173 170 173 171 168 171 170 167 170 174 171 174 171 168 171 173 170 173 170 167 170 168 165 168 175 172 175 168 165 168 172 169 172 176 173 176 168 165 168 176 173 176 175 172 175 176 173 176 172 169 172 177 174 177 177 174 177 172 169 172 178 175 178 175 172 175 176 173 176 179 176 179 176 173 176 177 174 177 179 176 179 178 175 178 180 177 180 177 174 177 179 176 179 177 174 177 180 177 180 181 178 181 180 177 180 178 175 178 181 178 181 182 179 182 180 177 180 180 177 180 182 179 182 183 180 183 183 180 183 179 176 179 180 177 180 182 179 182 184 181 184 183 180 183 185 182 185 179 176 179 183 180 183 183 180 183 184 181 184 185 182 185 185 182 185 175 172 175 179 176 179 185 182 185 184 181 184 186 183 186 186 183 186 175 172 175 185 182 185 186 183 186 170 167 170 175 172 175 186 183 186 184 181 184 187 184 187 173 170 173 170 167 170 186 183 186 187 184 187 188 185 188 186 183 186 186 183 186 188 185 188 173 170 173 188 185 188 189 186 189 173 170 173 190 187 190 189 186 189 188 185 188 191 188 191 174 171 174 173 170 173 173 170 173 189 186 189 191 188 191 192 189 192 174 171 174 191 188 191 191 188 191 193 190 193 192 189 192 194 191 194 193 190 193 191 188 191 195 192 195 194 191 194 191 188 191 191 188 191 189 186 189 195 192 195 196 193 196 194 191 194 195 192 195 197 194 197 196 193 196 195 192 195 195 192 195 189 186 189 197 194 197 198 195 198 196 193 196 197 194 197 199 196 199 197 194 197 189 186 189 199 196 199 198 195 198 197 194 197 190 187 190 199 196 199 189 186 189 200 197 200 198 195 198 199 196 199 200 197 200 199 196 199 190 187 190 201 198 201 202 199 202 203 200 203 204 201 204 202 199 202 201 198 201 205 202 205 204 201 204 201 198 201 202 199 202 204 201 204 206 203 206 207 204 207 204 201 204 205 202 205 208 205 208 207 204 207 205 202 205 206 203 206 204 201 204 209 206 209 204 201 204 207 204 207 209 206 209 206 203 206 209 206 209 210 207 210 211 208 211 207 204 207 208 205 208 212 209 212 211 208 211 208 205 208 209 206 209 207 204 207 213 210 213 207 204 207 211 208 211 213 210 213 210 207 210 209 206 209 214 211 214 209 206 209 213 210 213 214 211 214 210 207 210 214 211 214 215 212 215 216 213 216 211 208 211 212 209 212 217 214 217 216 213 216 212 209 212 215 212 215 214 211 214 218 215 218 215 212 215 218 215 218 219 216 219 214 211 214 213 210 213 220 217 220 214 211 214 220 217 220 218 215 218 213 210 213 211 208 211 221 218 221 213 210 213 221 218 221 220 217 220 211 208 211 216 213 216 221 218 221 218 215 218 220 217 220 222 219 222 220 217 220 221 218 221 223 220 223 220 217 220 223 220 223 222 219 222 221 218 221 216 213 216 224 221 224 221 218 221 224 221 224 223 220 223 225 222 225 216 213 216 217 214 217 216 213 216 225 222 225 224 221 224 226 223 226 225 222 225 217 214 217 223 220 223 224 221 224 227 224 227 228 225 228 225 222 225 226 223 226 229 226 229 228 225 228 226 223 226 224 221 224 225 222 225 230 227 230 225 222 225 228 225 228 230 227 230 224 221 224 230 227 230 227 224 227 231 228 231 228 225 228 229 226 229 232 229 232 231 228 231 229 226 229 230 227 230 228 225 228 233 230 233 228 225 228 231 228 231 233 230 233 227 224 227 230 227 230 234 231 234 230 227 230 233 230 233 234 231 234 235 232 235 231 228 231 232 229 232 236 233 236 235 232 235 232 229 232 233 230 233 231 228 231 237 234 237 231 228 231 235 232 235 237 234 237 234 231 234 233 230 233 238 235 238 233 230 233 237 234 237 238 235 238 239 236 239 235 232 235 236 233 236 240 237 240 239 236 239 236 233 236 237 234 237 235 232 235 241 238 241 235 232 235 239 236 239 241 238 241 238 235 238 237 234 237 242 239 242 237 234 237 241 238 241 242 239 242 243 240 243 239 236 239 240 237 240 244 241 244 243 240 243 240 237 240 241 238 241 239 236 239 245 242 245 239 236 239 243 240 243 245 242 245 242 239 242 241 238 241 246 243 246 241 238 241 245 242 245 246 243 246 247 244 247 243 240 243 244 241 244 248 245 248 247 244 247 244 241 244 245 242 245 243 240 243 249 246 249 243 240 243 247 244 247 249 246 249 246 243 246 245 242 245 250 247 250 245 242 245 249 246 249 250 247 250 251 248 251 247 244 247 248 245 248 249 246 249 247 244 247 252 249 252 247 244 247 251 248 251 252 249 252 250 247 250 249 246 249 253 250 253 249 246 249 252 249 252 253 250 253 251 248 251 248 245 248 254 251 254 254 251 254 248 245 248 255 252 255 252 249 252 251 248 251 256 253 256 254 251 254 255 252 255 257 254 257 257 254 257 255 252 255 258 255 258 254 251 254 259 256 259 251 248 251 251 248 251 259 256 259 256 253 256 257 254 257 260 257 260 254 251 254 254 251 254 260 257 260 259 256 259 257 254 257 258 255 258 261 258 261 261 258 261 258 255 258 262 259 262 263 260 263 261 258 261 262 259 262 257 254 257 264 261 264 260 257 260 261 258 261 264 261 264 257 254 257 265 262 265 261 258 261 263 260 263 266 263 266 265 262 265 263 260 263 267 264 267 261 258 261 265 262 265 264 261 264 261 258 261 267 264 267 268 265 268 265 262 265 266 263 266 265 262 265 268 265 268 267 264 267 269 266 269 268 265 268 266 263 266 270 267 270 268 265 268 269 266 269 268 265 268 270 267 270 271 268 271 267 264 267 268 265 268 271 268 271 271 268 271 270 267 270 272 269 272 267 264 267 271 268 271 273 270 273 273 270 273 264 261 264 267 264 267 271 268 271 272 269 272 274 271 274 273 270 273 271 268 271 274 271 274 274 271 274 272 269 272 275 272 275 276 273 276 264 261 264 273 270 273 264 261 264 276 273 276 260 257 260 275 272 275 277 274 277 274 271 274 278 275 278 277 274 277 275 272 275 274 271 274 279 276 279 273 270 273 277 274 277 279 276 279 274 271 274 273 270 273 279 276 279 276 273 276 278 275 278 280 277 280 277 274 277 280 277 280 279 276 279 277 274 277 281 278 281 280 277 280 278 275 278 260 257 260 276 273 276 282 279 282 282 279 282 259 256 259 260 257 260 276 273 276 279 276 279 283 280 283 276 273 276 283 280 283 282 279 282 284 281 284 259 256 259 282 279 282 259 256 259 284 281 284 256 253 256 282 279 282 283 280 283 285 282 285 285 282 285 284 281 284 282 279 282 286 283 286 283 280 283 279 276 279 286 283 286 279 276 279 280 277 280 283 280 283 287 284 287 285 282 285 287 284 287 283 280 283 286 283 286 288 285 288 284 281 284 285 282 285 280 277 280 289 286 289 286 283 286 285 282 285 287 284 287 290 287 290 290 287 290 288 285 288 285 282 285 286 283 286 291 288 291 287 284 287 287 284 287 291 288 291 290 287 290 289 286 289 291 288 291 286 283 286 284 281 284 288 285 288 292 289 292 256 253 256 284 281 284 292 289 292 292 289 292 288 285 288 293 290 293 294 291 294 256 253 256 292 289 292 292 289 292 293 290 293 294 291 294 252 249 252 256 253 256 294 291 294 253 250 253 252 249 252 294 291 294 288 285 288 295 292 295 293 290 293 295 292 295 288 285 288 290 287 290 294 291 294 293 290 293 296 293 296 294 291 294 297 294 297 253 250 253 296 293 296 297 294 297 294 291 294 298 295 298 253 250 253 297 294 297 250 247 250 253 250 253 298 295 298 296 293 296 299 296 299 297 294 297 297 294 297 299 296 299 298 295 298 300 297 300 296 293 296 293 290 293 293 290 293 295 292 295 300 297 300 301 298 301 296 293 296 300 297 300 301 298 301 299 296 299 296 293 296 295 292 295 302 299 302 300 297 300 300 297 300 302 299 302 301 298 301 303 300 303 302 299 302 295 292 295 290 287 290 303 300 303 295 292 295 301 298 301 302 299 302 304 301 304 305 302 305 303 300 303 290 287 290 290 287 290 291 288 291 305 302 305 303 300 303 306 303 306 302 299 302 306 303 306 304 301 304 302 299 302 305 302 305 307 304 307 303 300 303 307 304 307 306 303 306 303 300 303 305 302 305 291 288 291 308 305 308 308 305 308 307 304 307 305 302 305 308 305 308 291 288 291 309 306 309 291 288 291 289 286 289 309 306 309 307 304 307 308 305 308 310 307 310 309 306 309 311 308 311 308 305 308 310 307 310 308 305 308 311 308 311 306 303 306 307 304 307 312 309 312 312 309 312 307 304 307 310 307 310 312 309 312 313 310 313 306 303 306 313 310 313 304 301 304 306 303 306 312 309 312 310 307 310 314 311 314 310 307 310 311 308 311 315 312 315 314 311 314 310 307 310 315 312 315 314 311 314 316 313 316 312 309 312 316 313 316 313 310 313 312 309 312 314 311 314 315 312 315 317 314 317 318 315 318 316 313 316 314 311 314 314 311 314 317 314 317 318 315 318 315 312 315 311 308 311 319 316 319 317 314 317 315 312 315 320 317 320 315 312 315 319 316 319 320 317 320 311 308 311 321 318 321 319 316 319 321 318 321 311 308 311 309 306 309 320 317 320 319 316 319 322 319 322 323 320 323 321 318 321 309 306 309 309 306 309 289 286 289 323 320 323 319 316 319 321 318 321 324 321 324 319 316 319 324 321 324 322 319 322 325 322 325 321 318 321 323 320 323 321 318 321 325 322 325 324 321 324 326 323 326 323 320 323 289 286 289 326 323 326 289 286 289 280 277 280 281 278 281 326 323 326 280 277 280 327 324 327 326 323 326 281 278 281 328 325 328 323 320 323 326 323 326 327 324 327 328 325 328 326 323 326 323 320 323 328 325 328 325 322 325 329 326 329 328 325 328 327 324 327 328 325 328 329 326 329 330 327 330 325 322 325 328 325 328 330 327 330 330 327 330 329 326 329 331 328 331 325 322 325 330 327 330 332 329 332 324 321 324 325 322 325 332 329 332 330 327 330 331 328 331 333 330 333 332 329 332 330 327 330 333 330 333 333 330 333 331 328 331 334 331 334 324 321 324 332 329 332 335 332 335 322 319 322 324 321 324 335 332 335 332 329 332 333 330 333 336 333 336 335 332 335 332 329 332 336 333 336 334 331 334 337 334 337 333 330 333 336 333 336 333 330 333 337 334 337 338 166 338 337 334 337 334 331 334 335 332 335 336 333 336 339 335 339 337 334 337 338 166 338 340 336 340 340 336 340 338 166 338 341 337 341 341 337 341 342 338 342 340 336 340 340 336 340 342 338 342 343 339 343 343 339 343 344 340 344 340 336 340 336 333 336 337 334 337 345 341 345 345 341 345 337 334 337 340 336 340 340 336 340 344 340 344 345 341 345 339 335 339 336 333 336 345 341 345 344 340 344 346 342 346 345 341 345 345 341 345 346 342 346 339 335 339 346 342 346 347 343 347 339 335 339 339 335 339 347 343 347 348 344 348 348 344 348 335 332 335 339 335 339 322 319 322 335 332 335 348 344 348 347 343 347 349 345 349 348 344 348 350 346 350 322 319 322 348 344 348 348 344 348 349 345 349 350 346 350 320 317 320 322 319 322 350 346 350 349 345 349 351 347 351 350 346 350 352 348 352 320 317 320 350 346 350 350 346 350 351 347 351 352 348 352 317 314 317 320 317 320 352 348 352 351 347 351 353 349 353 352 348 352 353 349 353 317 314 317 352 348 352 354 350 354 353 349 353 351 347 351 318 315 318 317 314 317 353 349 353 354 350 354 355 351 355 353 349 353 356 352 356 355 351 355 354 350 354 318 315 318 353 349 353 357 353 357 357 353 357 353 349 353 355 351 355 356 352 356 358 354 358 355 351 355 359 355 359 358 354 358 356 352 356 355 351 355 360 356 360 357 353 357 358 354 358 360 356 360 355 351 355 361 357 361 318 315 318 357 353 357 316 313 316 318 315 318 361 357 361 360 356 360 362 358 362 357 353 357 357 353 357 362 358 362 361 357 361 361 357 361 363 359 363 316 313 316 316 313 316 363 359 363 313 310 313 362 358 362 364 360 364 361 357 361 361 357 361 364 360 364 363 359 363 360 356 360 365 361 365 362 358 362 366 362 366 313 310 313 363 359 363 362 358 362 367 363 367 364 360 364 365 361 365 367 363 367 362 358 362 368 364 368 363 359 363 364 360 364 366 362 366 363 359 363 368 364 368 367 363 367 369 365 369 364 360 364 364 360 364 369 365 369 368 364 368 366 362 366 370 366 370 313 310 313 313 310 313 370 366 370 304 301 304 371 367 371 366 362 366 368 364 368 370 366 370 366 362 366 371 367 371 369 365 369 372 368 372 368 364 368 368 364 368 372 368 372 371 367 371 304 301 304 370 366 370 373 369 373 374 370 374 370 366 370 371 367 371 373 369 373 370 366 370 374 370 374 372 368 372 375 371 375 371 367 371 371 367 371 375 371 375 374 370 374 373 369 373 376 372 376 304 301 304 304 301 304 376 372 376 301 298 301 376 372 376 299 296 299 301 298 301 377 373 377 373 369 373 374 370 374 376 372 376 373 369 373 377 373 377 299 296 299 376 372 376 378 374 378 378 374 378 376 372 376 377 373 377 298 295 298 299 296 299 378 374 378 374 370 374 379 375 379 377 373 377 375 371 375 379 375 379 374 370 374 377 373 377 380 376 380 378 374 378 379 375 379 380 376 380 377 373 377 378 374 378 381 377 381 298 295 298 380 376 380 381 377 381 378 374 378 298 295 298 381 377 381 250 247 250 250 247 250 381 377 381 246 243 246 382 378 382 246 243 246 381 377 381 380 376 380 382 378 382 381 377 381 242 239 242 246 243 246 382 378 382 383 379 383 382 378 382 380 376 380 379 375 379 383 379 383 380 376 380 384 380 384 242 239 242 382 378 382 383 379 383 384 380 384 382 378 382 238 235 238 242 239 242 384 380 384 385 381 385 383 379 383 379 375 379 379 375 379 375 371 375 385 381 385 386 382 386 384 380 384 383 379 383 385 381 385 386 382 386 383 379 383 387 383 387 238 235 238 384 380 384 386 382 386 387 383 387 384 380 384 234 231 234 238 235 238 387 383 387 385 381 385 375 371 375 388 384 388 375 371 375 372 368 372 388 384 388 389 385 389 386 382 386 385 381 385 388 384 388 389 385 389 385 381 385 390 386 390 387 383 387 386 382 386 389 385 389 390 386 390 386 382 386 388 384 388 372 368 372 391 387 391 372 368 372 369 365 369 391 387 391 392 388 392 389 385 389 388 384 388 391 387 391 392 388 392 388 384 388 393 389 393 390 386 390 389 385 389 389 385 389 392 388 392 393 389 393 391 387 391 369 365 369 394 390 394 369 365 369 367 363 367 394 390 394 395 391 395 392 388 392 391 387 391 394 390 394 395 391 395 391 387 391 394 390 394 367 363 367 396 392 396 365 361 365 396 392 396 367 363 367 397 393 397 395 391 395 394 390 394 396 392 396 397 393 397 394 390 394 392 388 392 395 391 395 398 394 398 393 389 393 392 388 392 398 394 398 395 391 395 397 393 397 399 395 399 398 394 398 395 391 395 399 395 399 400 396 400 397 393 397 396 392 396 399 395 399 397 393 397 401 397 401 397 393 397 400 396 400 401 397 401 399 395 399 402 398 402 398 394 398 403 399 403 400 396 400 396 392 396 403 399 403 396 392 396 365 361 365 404 400 404 398 394 398 402 398 402 393 389 393 398 394 398 404 400 404 405 401 405 403 399 403 365 361 365 405 401 405 365 361 365 360 356 360 360 356 360 358 354 358 405 401 405 404 400 404 406 402 406 393 389 393 393 389 393 406 402 406 390 386 390 390 386 390 406 402 406 387 383 387 405 401 405 358 354 358 407 403 407 359 355 359 407 403 407 358 354 358 408 404 408 407 403 407 359 355 359 387 383 387 406 402 406 409 405 409 409 405 409 234 231 234 387 383 387 227 224 227 234 231 234 409 405 409 406 402 406 410 406 410 409 405 409 404 400 404 410 406 410 406 402 406 411 407 411 227 224 227 409 405 409 409 405 409 410 406 410 411 407 411 223 220 223 227 224 227 411 407 411 222 219 222 223 220 223 411 407 411 412 408 412 410 406 410 404 400 404 404 400 404 402 398 402 412 408 412 410 406 410 413 409 413 411 407 411 412 408 412 413 409 413 410 406 410 411 407 411 413 409 413 222 219 222 412 408 412 402 398 402 414 410 414 415 411 415 222 219 222 413 409 413 218 215 218 222 219 222 415 411 415 219 216 219 218 215 218 415 411 415 416 412 416 413 409 413 412 408 412 413 409 413 416 412 416 415 411 415 412 408 412 414 410 414 416 412 416 417 413 417 219 216 219 415 411 415 415 411 415 416 412 416 417 413 417 416 412 416 414 410 414 418 414 418 416 412 416 418 414 418 417 413 417 402 398 402 419 415 419 414 410 414 419 415 419 402 398 402 399 395 399 401 397 401 419 415 419 399 395 399 414 410 414 419 415 419 420 416 420 420 416 420 418 414 418 414 410 414 421 417 421 419 415 419 401 397 401 419 415 419 421 417 421 420 416 420 422 418 422 421 417 421 401 397 401 401 397 401 400 396 400 422 418 422 420 416 420 421 417 421 423 419 423 424 420 424 422 418 422 400 396 400 424 420 424 400 396 400 403 399 403 425 421 425 421 417 421 422 418 422 421 417 421 425 421 425 423 419 423 426 422 426 422 418 422 424 420 424 422 418 422 426 422 426 425 421 425 427 423 427 424 420 424 403 399 403 427 423 427 403 399 403 405 401 405 407 403 407 427 423 427 405 401 405 428 424 428 424 420 424 427 423 427 428 424 428 426 422 426 424 420 424 429 425 429 427 423 427 407 403 407 427 423 427 429 425 429 428 424 428 408 404 408 429 425 429 407 403 407 430 426 430 429 425 429 408 404 408 430 426 430 431 427 431 429 425 429 428 424 428 429 425 429 431 427 431 432 428 432 431 427 431 430 426 430 431 427 431 433 429 433 428 424 428 433 429 433 426 422 426 428 424 428 432 428 432 434 430 434 431 427 431 434 430 434 433 429 433 431 427 431 435 431 435 434 430 434 432 428 432 426 422 426 433 429 433 436 432 436 425 421 425 426 422 426 436 432 436 433 429 433 434 430 434 437 433 437 436 432 436 433 429 433 437 433 437 435 431 435 438 434 438 434 430 434 437 433 437 434 430 434 438 434 438 439 435 439 438 434 438 435 431 435 436 432 436 440 436 440 425 421 425 423 419 423 425 421 425 440 436 440 437 433 437 441 437 441 436 432 436 441 437 441 440 436 440 436 432 436 438 434 438 442 438 442 437 433 437 442 438 442 441 437 441 437 433 437 439 435 439 443 439 443 438 434 438 443 439 443 442 438 442 438 434 438 444 440 444 443 439 443 439 435 439 441 437 441 442 438 442 445 441 445 444 440 444 446 442 446 443 439 443 447 443 447 446 442 446 444 440 444 442 438 442 443 439 443 448 444 448 448 444 448 443 439 443 446 442 446 445 441 445 442 438 442 448 444 448 447 443 447 449 445 449 446 442 446 447 443 447 450 446 450 449 445 449 446 442 446 451 447 451 448 444 448 450 446 450 452 448 452 449 445 449 453 449 453 452 448 452 450 446 450 446 442 446 449 445 449 454 450 454 454 450 454 451 447 451 446 442 446 449 445 449 455 451 455 454 450 454 452 448 452 455 451 455 449 445 449 454 450 454 456 452 456 451 447 451 455 451 455 456 452 456 454 450 454 451 447 451 457 453 457 448 444 448 448 444 448 457 453 457 445 441 445 456 452 456 458 454 458 451 447 451 451 447 451 458 454 458 457 453 457 456 452 456 455 451 455 459 455 459 459 455 459 458 454 458 456 452 456 452 448 452 460 456 460 455 451 455 459 455 459 455 451 455 460 456 460 452 448 452 453 449 453 461 457 461 461 457 461 460 456 460 452 448 452 461 457 461 453 449 453 462 458 462 463 459 463 461 457 461 462 458 462 464 460 464 461 457 461 463 459 463 461 457 461 464 460 464 460 456 460 465 461 465 464 460 464 463 459 463 466 462 466 464 460 464 465 461 465 467 463 467 466 462 466 465 461 465 460 456 460 464 460 464 468 464 468 464 460 464 466 462 466 468 464 468 469 465 469 466 462 466 467 463 467 470 466 470 469 465 469 467 463 467 468 464 468 466 462 466 471 467 471 466 462 466 469 465 469 471 467 471 468 464 468 472 468 472 460 456 460 460 456 460 472 468 472 459 455 459 471 467 471 473 469 473 468 464 468 468 464 468 473 469 473 472 468 472 471 467 471 469 465 469 474 470 474 475 471 475 459 455 459 472 468 472 469 465 469 476 472 476 474 470 474 476 472 476 469 465 469 470 466 470 477 473 477 459 455 459 475 471 475 477 473 477 458 454 458 459 455 459 472 468 472 478 474 478 475 471 475 473 469 473 478 474 478 472 468 472 479 475 479 477 473 477 475 471 475 475 471 475 478 474 478 479 475 479 477 473 477 480 476 480 458 454 458 480 476 480 477 473 477 479 475 479 458 454 458 480 476 480 481 477 481 458 454 458 481 477 481 457 453 457 479 475 479 482 478 482 480 476 480 457 453 457 481 477 481 483 479 483 457 453 457 483 479 483 445 441 445 480 476 480 484 480 484 481 477 481 480 476 480 482 478 482 484 480 484 485 481 485 483 479 483 481 477 481 481 477 481 484 480 484 485 481 485 445 441 445 483 479 483 486 482 486 486 482 486 441 437 441 445 441 445 440 436 440 441 437 441 486 482 486 487 483 487 486 482 486 483 479 483 487 483 487 483 479 483 485 481 485 486 482 486 488 484 488 440 436 440 488 484 488 486 482 486 487 483 487 440 436 440 488 484 488 423 419 423 489 485 489 487 483 487 485 481 485 488 484 488 490 486 490 423 419 423 423 419 423 490 486 490 420 416 420 490 486 490 418 414 418 420 416 420 491 487 491 488 484 488 487 483 487 490 486 490 488 484 488 491 487 491 491 487 491 487 483 487 489 485 489 418 414 418 490 486 490 492 488 492 492 488 492 490 486 490 491 487 491 417 413 417 418 414 418 492 488 492 492 488 492 491 487 491 493 489 493 493 489 493 491 487 491 489 485 489 492 488 492 494 490 494 417 413 417 493 489 493 494 490 494 492 488 492 494 490 494 219 216 219 417 413 417 219 216 219 494 490 494 495 491 495 495 491 495 494 490 494 496 492 496 496 492 496 497 493 497 495 491 495 498 494 498 497 493 497 496 492 496 494 490 494 493 489 493 499 495 499 496 492 496 494 490 494 499 495 499 500 496 500 498 494 498 496 492 496 499 495 499 500 496 500 496 492 496 501 497 501 498 494 498 500 496 500 499 495 499 493 489 493 502 498 502 489 485 489 502 498 502 493 489 493 500 496 500 503 499 503 501 497 501 501 497 501 503 499 503 504 500 504 505 501 505 500 496 500 499 495 499 500 496 500 505 501 505 503 499 503 502 498 502 506 502 506 499 495 499 505 501 505 499 495 499 506 502 506 503 499 503 507 503 507 504 500 504 504 500 504 507 503 507 508 504 508 503 499 503 505 501 505 509 505 509 503 499 503 509 505 509 507 503 507 506 502 506 510 506 510 505 501 505 506 502 506 502 498 502 510 506 510 505 501 505 510 506 510 509 505 509 511 507 511 502 498 502 489 485 489 510 506 510 502 498 502 511 507 511 485 481 485 511 507 511 489 485 489 484 480 484 511 507 511 485 481 485 484 480 484 512 508 512 511 507 511 484 480 484 482 478 482 512 508 512 511 507 511 513 509 513 510 506 510 511 507 511 512 508 512 513 509 513 510 506 510 513 509 513 514 510 514 515 511 515 510 506 510 514 510 514 509 505 509 510 506 510 515 511 515 513 509 513 516 512 516 514 510 514 514 510 514 517 513 517 515 511 515 516 512 516 517 513 517 514 510 514 509 505 509 515 511 515 518 514 518 515 511 515 517 513 517 518 514 518 509 505 509 518 514 518 519 515 519 507 503 507 509 505 509 519 515 519 518 514 518 517 513 517 520 516 520 507 503 507 519 515 519 521 517 521 507 503 507 521 517 521 508 504 508 508 504 508 521 517 521 522 518 522 522 518 522 521 517 521 523 519 523 519 515 519 518 514 518 524 520 524 518 514 518 520 516 520 524 520 524 523 519 523 521 517 521 525 521 525 525 521 525 526 522 526 523 519 523 521 517 521 519 515 519 527 523 527 521 517 521 527 523 527 525 521 525 524 520 524 528 524 528 519 515 519 519 515 519 528 524 528 527 523 527 524 520 524 520 516 520 529 525 529 524 520 524 529 525 529 528 524 528 525 521 525 527 523 527 530 526 530 528 524 528 531 527 531 527 523 527 531 527 531 530 526 530 527 523 527 532 528 532 526 522 526 525 521 525 530 526 530 532 528 532 525 521 525 526 522 526 532 528 532 533 529 533 528 524 528 529 525 529 534 530 534 534 530 534 531 527 531 528 524 528 520 516 520 535 531 535 529 525 529 520 516 520 517 513 517 535 531 535 536 532 536 534 530 534 529 525 529 529 525 529 535 531 535 536 532 536 535 531 535 517 513 517 537 533 537 517 513 517 516 512 516 537 533 537 536 532 536 535 531 535 538 534 538 535 531 535 537 533 537 539 535 539 538 534 538 535 531 535 539 535 539 537 533 537 516 512 516 540 536 540 539 535 539 537 533 537 540 536 540 541 537 541 536 532 536 538 534 538 534 530 534 536 532 536 541 537 541 538 534 538 539 535 539 542 538 542 534 530 534 541 537 541 543 539 543 543 539 543 531 527 531 534 530 534 541 537 541 538 534 538 544 540 544 544 540 544 538 534 538 542 538 542 541 537 541 545 541 545 543 539 543 544 540 544 545 541 545 541 537 541 544 540 544 542 538 542 546 542 546 547 543 547 544 540 544 546 542 546 545 541 545 544 540 544 547 543 547 546 542 546 542 538 542 548 544 548 549 545 549 545 541 545 547 543 547 542 538 542 550 546 550 548 544 548 542 538 542 539 535 539 550 546 550 548 544 548 550 546 550 551 547 551 539 535 539 540 536 540 550 546 550 550 546 550 552 548 552 551 547 551 553 549 553 552 548 552 550 546 550 550 546 550 540 536 540 553 549 553 553 549 553 554 550 554 552 548 552 540 536 540 555 551 555 553 549 553 540 536 540 516 512 516 555 551 555 556 552 556 554 550 554 553 549 553 553 549 553 555 551 555 556 552 556 556 552 556 557 553 557 554 550 554 516 512 516 558 554 558 555 551 555 558 554 558 516 512 516 513 509 513 512 508 512 558 554 558 513 509 513 555 551 555 559 555 559 556 552 556 559 555 559 557 553 557 556 552 556 558 554 558 559 555 559 555 551 555 559 555 559 560 556 560 557 553 557 561 557 561 559 555 559 558 554 558 561 557 561 560 556 560 559 555 559 561 557 561 558 554 558 512 508 512 561 557 561 562 558 562 560 556 560 512 508 512 562 558 562 561 557 561 560 556 560 562 558 562 563 559 563 482 478 482 562 558 562 512 508 512 562 558 562 564 560 564 563 559 563 482 478 482 565 561 565 562 558 562 479 475 479 565 561 565 482 478 482 562 558 562 566 562 566 564 560 564 562 558 562 565 561 565 566 562 566 566 562 566 567 563 567 564 560 564 565 561 565 567 563 567 566 562 566 564 560 564 567 563 567 568 564 568 479 475 479 569 565 569 565 561 565 479 475 479 478 474 478 569 565 569 570 566 570 567 563 567 565 561 565 565 561 565 569 565 569 570 566 570 571 567 571 568 564 568 567 563 567 567 563 567 570 566 570 571 567 571 572 568 572 568 564 568 571 567 571 572 568 572 571 567 571 573 569 573 570 566 570 569 565 569 574 570 574 574 570 574 569 565 569 478 474 478 571 567 571 570 566 570 575 571 575 570 566 570 574 570 574 575 571 575 576 572 576 574 570 574 478 474 478 576 572 576 478 474 478 473 469 473 575 571 575 574 570 574 577 573 577 577 573 577 574 570 574 576 572 576 473 469 473 578 574 578 576 572 576 578 574 578 577 573 577 576 572 576 579 575 579 575 571 575 577 573 577 579 575 579 577 573 577 578 574 578 580 576 580 571 567 571 575 571 575 580 576 580 575 571 575 579 575 579 473 469 473 581 577 581 578 574 578 473 469 473 471 467 471 581 577 581 582 578 582 579 575 579 578 574 578 581 577 581 582 578 582 578 574 578 581 577 581 471 467 471 474 470 474 583 579 583 579 575 579 582 578 582 583 579 583 580 576 580 579 575 579 584 580 584 582 578 582 581 577 581 584 580 584 583 579 583 582 578 582 581 577 581 474 470 474 585 581 585 584 580 584 581 577 581 585 581 585 585 581 585 474 470 474 586 582 586 474 470 474 476 472 476 586 582 586 585 581 585 587 583 587 584 580 584 476 472 476 588 584 588 586 582 586 589 585 589 583 579 583 584 580 584 587 583 587 589 585 589 584 580 584 585 581 585 586 582 586 590 586 590 590 586 590 586 582 586 588 584 588 587 583 587 585 581 585 591 587 591 591 587 591 585 581 585 590 586 590 592 588 592 588 584 588 476 472 476 476 472 476 470 466 470 592 588 592 592 588 592 470 466 470 593 589 593 590 586 590 588 584 588 594 590 594 592 588 592 593 589 593 595 591 595 595 591 595 593 589 593 596 592 596 592 588 592 597 593 597 588 584 588 595 591 595 597 593 597 592 588 592 594 590 594 588 584 588 597 593 597 595 591 595 596 592 596 598 594 598 598 594 598 596 592 596 599 184 599 595 591 595 600 595 600 597 593 597 598 594 598 600 595 600 595 591 595 599 184 599 601 596 601 598 594 598 602 597 602 601 596 601 599 184 599 602 597 602 603 598 603 601 596 601 598 594 598 604 599 604 600 595 600 601 596 601 604 599 604 598 594 598 605 600 605 597 593 597 600 595 600 594 590 594 597 593 597 605 600 605 604 599 604 606 601 606 600 595 600 600 595 600 606 601 606 605 600 605 601 596 601 607 602 607 604 599 604 608 603 608 607 602 607 601 596 601 601 596 601 603 598 603 608 603 608 607 602 607 609 604 609 604 599 604 608 603 608 609 604 609 607 602 607 604 599 604 609 604 609 606 601 606 603 598 603 610 605 610 608 603 608 610 605 610 609 604 609 608 603 608 611 606 611 610 605 610 603 598 603 612 607 612 610 605 610 611 606 611 613 608 613 610 605 610 612 607 612 613 608 613 614 609 614 610 605 610 610 605 610 614 609 614 609 604 609 614 609 614 533 529 533 609 604 609 609 604 609 533 529 533 606 601 606 533 529 533 532 528 532 606 601 606 532 528 532 605 600 605 606 601 606 615 610 615 605 600 605 532 528 532 615 610 615 532 528 532 530 526 530 615 610 615 616 611 616 605 600 605 605 600 605 616 611 616 594 590 594 530 526 530 617 612 617 615 610 615 615 610 615 617 612 617 616 611 616 617 612 617 530 526 530 531 527 531 616 611 616 618 613 618 594 590 594 594 590 594 618 613 618 590 586 590 591 587 591 590 586 590 618 613 618 616 611 616 619 614 619 618 613 618 618 613 618 619 614 619 591 587 591 617 612 617 619 614 619 616 611 616 620 615 620 617 612 617 531 527 531 619 614 619 617 612 617 620 615 620 531 527 531 543 539 543 620 615 620 620 615 620 543 539 543 621 616 621 545 541 545 621 616 621 543 539 543 621 616 621 545 541 545 549 545 549 622 617 622 621 616 621 549 545 549 620 615 620 621 616 621 623 618 623 623 618 623 621 616 621 622 617 622 620 615 620 623 618 623 619 614 619 622 617 622 624 619 624 623 618 623 619 614 619 623 618 623 625 620 625 619 614 619 625 620 625 591 587 591 623 618 623 624 619 624 626 621 626 623 618 623 626 621 626 625 620 625 624 619 624 627 622 627 626 621 626 625 620 625 628 623 628 591 587 591 591 587 591 628 623 628 587 583 587 626 621 626 627 622 627 629 624 629 626 621 626 629 624 629 625 620 625 627 622 627 630 625 630 629 624 629 625 620 625 631 626 631 628 623 628 625 620 625 629 624 629 631 626 631 628 623 628 632 627 632 587 583 587 628 623 628 631 626 631 632 627 632 632 627 632 589 585 589 587 583 587 629 624 629 630 625 630 633 628 633 633 628 633 631 626 631 629 624 629 630 625 630 634 629 634 633 628 633 631 626 631 635 630 635 632 627 632 635 630 635 631 626 631 633 628 633 632 627 632 635 630 635 589 585 589 633 628 633 634 629 634 636 631 636 633 628 633 636 631 636 635 630 635 634 629 634 573 569 573 636 631 636 635 630 635 637 632 637 589 585 589 635 630 635 636 631 636 637 632 637 589 585 589 637 632 637 583 579 583 637 632 637 580 576 580 583 579 583 636 631 636 573 569 573 638 633 638 636 631 636 638 633 638 637 632 637 637 632 637 638 633 638 580 576 580 573 569 573 571 567 571 638 633 638 638 633 638 571 567 571 580 576 580 639 634 639 640 635 640 641 636 641 641 636 641 640 635 640 642 637 642 642 637 642 643 493 643 641 636 641 640 635 640 644 638 644 642 637 642 645 639 645 643 493 643 642 637 642 642 637 642 644 638 644 646 640 646 642 637 642 646 640 646 645 639 645 645 639 645 646 640 646 647 641 647 644 638 644 648 642 648 646 640 646 646 640 646 649 643 649 647 641 647 646 640 646 648 642 648 650 644 650 650 644 650 649 643 649 646 640 646 648 642 648 651 645 651 650 644 650 650 644 650 652 646 652 649 643 649 650 644 650 651 645 651 653 647 653 653 647 653 652 646 652 650 644 650 654 129 654 655 648 655 656 130 656 656 130 656 655 648 655 657 649 657 658 650 658 657 649 657 655 648 655 656 130 656 657 649 657 659 134 659 660 651 660 657 649 657 658 650 658 661 652 661 660 651 660 658 650 658 659 134 659 657 649 657 662 653 662 663 654 663 660 651 660 661 652 661 664 655 664 663 654 663 661 652 661 660 651 660 665 656 665 657 649 657 657 649 657 665 656 665 662 653 662 662 653 662 666 657 666 659 134 659 659 134 659 666 657 666 667 141 667 667 141 667 666 657 666 668 142 668 666 657 666 662 653 662 669 658 669 668 142 668 666 657 666 669 658 669 665 656 665 669 658 669 662 653 662 668 142 668 669 658 669 670 144 670 670 144 670 669 658 669 665 656 665 670 144 670 665 656 665 671 146 671 671 146 671 665 656 665 660 651 660 660 651 660 672 659 672 671 146 671 663 654 663 672 659 672 660 651 660 671 146 671 672 659 672 673 148 673 673 148 673 672 659 672 674 149 674 674 149 674 672 659 672 675 660 675 676 661 676 672 659 672 663 654 663 672 659 672 676 661 676 675 660 675 675 660 675 677 662 677 674 149 674 674 149 674 677 662 677 678 153 678 675 660 675 676 661 676 679 663 679 679 663 679 677 662 677 675 660 675 677 662 677 680 664 680 678 153 678 680 664 680 677 662 677 679 663 679 678 153 678 680 664 680 681 156 681 681 156 681 680 664 680 682 157 682 682 157 682 680 664 680 683 665 683 679 663 679 683 665 683 680 664 680 682 157 682 683 665 683 684 159 684 685 666 685 683 665 683 679 663 679 684 159 684 683 665 683 685 666 685 676 661 676 685 666 685 679 663 679 685 666 685 686 667 686 684 159 684 686 667 686 685 666 685 676 661 676 684 159 684 686 667 686 687 162 687 663 654 663 686 667 686 676 661 676 687 162 687 686 667 686 688 163 688 689 668 689 686 667 686 663 654 663 688 163 688 686 667 686 689 668 689 689 668 689 663 654 663 664 655 664 689 668 689 690 669 690 688 163 688 688 163 688 690 669 690 691 166 691 664 655 664 692 670 692 689 668 689 692 670 692 690 669 690 689 668 689 693 671 693 692 670 692 664 655 664 691 166 691 690 669 690 694 169 694 693 671 693 695 672 695 692 670 692 696 673 696 695 672 695 693 671 693 694 169 694 690 669 690 697 674 697 698 675 698 690 669 690 692 670 692 698 675 698 697 674 697 690 669 690 697 674 697 699 676 699 694 169 694 694 169 694 699 676 699 700 175 700 701 677 701 699 676 699 697 674 697 701 677 701 697 674 697 698 675 698 699 676 699 702 678 702 700 175 700 702 678 702 699 676 699 701 677 701 700 175 700 702 678 702 703 178 703 703 178 703 702 678 702 704 179 704 704 179 704 702 678 702 705 679 705 701 677 701 705 679 705 702 678 702 704 179 704 705 679 705 706 181 706 707 680 707 705 679 705 701 677 701 706 181 706 705 679 705 707 680 707 698 675 698 707 680 707 701 677 701 707 680 707 708 681 708 706 181 706 708 681 708 707 680 707 698 675 698 692 670 692 708 681 708 698 675 698 706 181 706 708 681 708 709 184 709 695 672 695 708 681 708 692 670 692 709 184 709 708 681 708 710 185 710 710 185 710 708 681 708 695 672 695 695 672 695 711 682 711 710 185 710 710 185 710 711 682 711 712 187 712 696 673 696 713 683 713 695 672 695 713 683 713 711 682 711 695 672 695 714 684 714 713 683 713 696 673 696 715 190 715 713 683 713 714 684 714 716 191 716 713 683 713 715 190 715 716 191 716 717 685 717 713 683 713 717 685 717 711 682 711 713 683 713 718 193 718 717 685 717 716 191 716 718 193 718 719 686 719 717 685 717 717 685 717 719 686 719 711 682 711 720 195 720 719 686 719 718 193 718 721 687 721 711 682 711 719 686 719 720 195 720 721 687 721 719 686 719 711 682 711 721 687 721 712 187 712 722 197 722 721 687 721 720 195 720 712 187 712 721 687 721 722 197 722 723 688 723 724 198 724 725 200 725 726 689 726 724 198 724 723 688 723 723 688 723 727 690 727 726 689 726 726 689 726 728 202 728 724 198 724 726 689 726 727 690 727 729 691 729 727 690 727 730 692 730 729 691 729 731 693 731 728 202 728 726 689 726 729 691 729 731 693 731 726 689 726 731 693 731 732 205 732 728 202 728 729 691 729 730 692 730 733 694 733 730 692 730 734 695 734 733 694 733 735 696 735 731 693 731 729 691 729 729 691 729 733 694 733 735 696 735 736 697 736 732 205 732 731 693 731 735 696 735 736 697 736 731 693 731 736 697 736 737 209 737 732 205 732 733 694 733 734 695 734 738 698 738 734 695 734 739 699 739 738 698 738 735 696 735 733 694 733 740 700 740 733 694 733 738 698 738 740 700 740 741 701 741 736 697 736 735 696 735 735 696 735 740 700 740 741 701 741 742 702 742 737 209 737 736 697 736 741 701 741 742 702 742 736 697 736 742 702 742 743 214 743 737 209 737 741 701 741 740 700 740 744 703 744 745 704 745 743 214 743 742 702 742 745 704 745 746 223 746 743 214 743 747 705 747 742 702 742 741 701 741 747 705 747 745 704 745 742 702 742 741 701 741 744 703 744 747 705 747 748 706 748 746 223 746 745 704 745 748 706 748 749 226 749 746 223 746 750 707 750 745 704 745 747 705 747 750 707 750 748 706 748 745 704 745 747 705 747 744 703 744 751 708 751 747 705 747 751 708 751 750 707 750 752 709 752 749 226 749 748 706 748 752 709 752 753 229 753 749 226 749 754 710 754 748 706 748 750 707 750 754 710 754 752 709 752 748 706 748 750 707 750 751 708 751 755 711 755 750 707 750 755 711 755 754 710 754 756 712 756 753 229 753 752 709 752 756 712 756 757 233 757 753 229 753 758 713 758 752 709 752 754 710 754 758 713 758 756 712 756 752 709 752 754 710 754 755 711 755 759 714 759 754 710 754 759 714 759 758 713 758 760 715 760 757 233 757 756 712 756 760 715 760 761 237 761 757 233 757 762 716 762 756 712 756 758 713 758 762 716 762 760 715 760 756 712 756 758 713 758 759 714 759 763 717 763 758 713 758 763 717 763 762 716 762 764 718 764 761 237 761 760 715 760 764 718 764 765 241 765 761 237 761 766 719 766 760 715 760 762 716 762 760 715 760 766 719 766 764 718 764 762 716 762 763 717 763 767 720 767 762 716 762 767 720 767 766 719 766 768 721 768 765 241 765 764 718 764 768 721 768 769 245 769 765 241 765 764 718 764 766 719 766 770 722 770 764 718 764 770 722 770 768 721 768 766 719 766 767 720 767 771 723 771 766 719 766 771 723 771 770 722 770 772 724 772 769 245 769 768 721 768 768 721 768 770 722 770 773 725 773 768 721 768 773 725 773 772 724 772 770 722 770 771 723 771 774 726 774 770 722 770 774 726 774 773 725 773 775 727 775 769 245 769 772 724 772 776 252 776 769 245 769 775 727 775 772 724 772 773 725 773 777 728 777 778 729 778 776 252 776 775 727 775 779 255 779 776 252 776 778 729 778 775 727 775 772 724 772 780 730 780 780 730 780 772 724 772 777 728 777 778 729 778 775 727 775 781 731 781 781 731 781 775 727 775 780 730 780 782 732 782 779 255 779 778 729 778 783 259 783 779 255 779 782 732 782 782 732 782 784 260 784 783 259 783 781 731 781 785 733 785 778 729 778 778 729 778 785 733 785 782 732 782 786 734 786 784 260 784 782 732 782 786 734 786 787 263 787 784 260 784 785 733 785 788 735 788 782 732 782 782 732 782 788 735 788 786 734 786 789 736 789 787 263 787 786 734 786 786 734 786 788 735 788 789 736 789 787 263 787 789 736 789 790 266 790 790 266 790 789 736 789 791 267 791 792 737 792 791 267 791 789 736 789 789 736 789 788 735 788 792 737 792 793 269 793 791 267 791 792 737 792 794 738 794 792 737 792 788 735 788 785 733 785 794 738 794 788 735 788 792 737 792 795 739 795 793 269 793 795 739 795 792 737 792 794 738 794 793 269 793 795 739 795 796 272 796 797 740 797 794 738 794 785 733 785 781 731 781 797 740 797 785 733 785 795 739 795 798 741 798 796 272 796 796 272 796 798 741 798 799 275 799 800 742 800 795 739 795 794 738 794 798 741 798 795 739 795 800 742 800 794 738 794 797 740 797 800 742 800 798 741 798 801 743 801 799 275 799 798 741 798 800 742 800 801 743 801 799 275 799 801 743 801 802 278 802 800 742 800 797 740 797 803 744 803 801 743 801 804 745 804 802 278 802 802 278 802 804 745 804 805 324 805 801 743 801 800 742 800 806 746 806 803 744 803 806 746 806 800 742 800 804 745 804 801 743 801 807 747 807 807 747 807 801 743 801 806 746 806 804 745 804 808 748 808 805 324 805 805 324 805 808 748 808 809 326 809 810 749 810 804 745 804 807 747 807 808 748 808 804 745 804 810 749 810 808 748 808 811 750 811 809 326 809 809 326 809 811 750 811 812 328 812 810 749 810 813 751 813 808 748 808 808 748 808 813 751 813 811 750 811 811 750 811 814 752 814 812 328 812 812 328 812 814 752 814 815 331 815 813 751 813 816 753 816 811 750 811 811 750 811 816 753 816 814 752 814 814 752 814 817 754 817 815 331 815 815 331 815 817 754 817 818 166 818 819 755 819 814 752 814 816 753 816 817 754 817 814 752 814 819 755 819 817 754 817 820 756 820 818 166 818 818 166 818 820 756 820 821 337 821 821 337 821 820 756 820 822 338 822 822 338 822 820 756 820 823 339 823 823 339 823 820 756 820 824 340 824 817 754 817 825 757 825 820 756 820 824 340 824 820 756 820 825 757 825 819 755 819 825 757 825 817 754 817 824 340 824 825 757 825 826 342 826 826 342 826 825 757 825 827 758 827 825 757 825 819 755 819 827 758 827 826 342 826 827 758 827 828 343 828 827 758 827 819 755 819 829 759 829 819 755 819 816 753 816 829 759 829 828 343 828 827 758 827 830 760 830 827 758 827 829 759 829 830 760 830 828 343 828 830 760 830 831 345 831 829 759 829 816 753 816 832 761 832 816 753 816 813 751 813 832 761 832 830 760 830 829 759 829 833 762 833 832 761 832 833 762 833 829 759 829 831 345 831 830 760 830 834 763 834 830 760 830 833 762 833 834 763 834 831 345 831 834 763 834 835 347 835 832 761 832 813 751 813 836 764 836 810 749 810 836 764 836 813 751 813 837 765 837 833 762 833 832 761 832 836 764 836 837 765 837 832 761 832 834 763 834 833 762 833 838 766 838 833 762 833 837 765 837 838 766 838 835 347 835 834 763 834 839 767 839 838 766 838 839 767 839 834 763 834 839 767 839 840 768 840 835 347 835 835 347 835 840 768 840 841 350 841 842 769 842 839 767 839 838 766 838 840 768 840 839 767 839 842 769 842 838 766 838 837 765 837 843 770 843 843 770 843 842 769 842 838 766 838 844 771 844 837 765 837 836 764 836 837 765 837 844 771 844 843 770 843 845 772 845 836 764 836 810 749 810 845 772 845 844 771 844 836 764 836 810 749 810 807 747 807 845 772 845 843 770 843 844 771 844 846 773 846 845 772 845 807 747 807 847 774 847 806 746 806 847 774 847 807 747 807 848 775 848 844 771 844 845 772 845 847 774 847 848 775 848 845 772 845 844 771 844 848 775 848 846 773 846 849 776 849 847 774 847 806 746 806 849 776 849 806 746 806 803 744 803 850 777 850 848 775 848 847 774 847 851 778 851 849 776 849 803 744 803 849 776 849 852 779 852 847 774 847 847 774 847 852 779 852 850 777 850 852 779 852 849 776 849 851 778 851 848 775 848 850 777 850 853 780 853 846 773 846 848 775 848 853 780 853 850 777 850 852 779 852 854 781 854 853 780 853 850 777 850 854 781 854 851 778 851 855 782 855 852 779 852 854 781 854 852 779 852 856 783 856 852 779 852 855 782 855 856 783 856 854 781 854 857 784 857 853 780 853 856 783 856 858 785 858 854 781 854 858 785 858 857 784 857 854 781 854 853 780 853 859 786 859 846 773 846 857 784 857 859 786 859 853 780 853 859 786 859 860 787 860 846 773 846 846 773 846 860 787 860 843 770 843 860 787 860 842 769 842 843 770 843 861 788 861 842 769 842 860 787 860 840 768 840 842 769 842 861 788 861 862 789 862 860 787 860 859 786 859 861 788 861 860 787 860 862 789 862 857 784 857 863 790 863 859 786 859 859 786 859 863 790 863 862 789 862 864 791 864 840 768 840 861 788 861 862 789 862 865 792 865 861 788 861 861 788 861 865 792 865 864 791 864 863 790 863 866 793 866 862 789 862 862 789 862 866 793 866 865 792 865 867 794 867 840 768 840 864 791 864 840 768 840 867 794 867 841 350 841 841 350 841 867 794 867 868 352 868 869 795 869 864 791 864 865 792 865 867 794 867 870 796 870 868 352 868 868 352 868 870 796 870 871 355 871 864 791 864 872 797 872 867 794 867 867 794 867 872 797 872 870 796 870 872 797 872 864 791 864 869 795 869 870 796 870 873 798 873 871 355 871 871 355 871 873 798 873 874 404 874 875 799 875 870 796 870 872 797 872 873 798 873 870 796 870 875 799 875 873 798 873 876 800 876 874 404 874 874 404 874 876 800 876 877 426 877 875 799 875 878 801 878 873 798 873 873 798 873 878 801 878 876 800 876 875 799 875 872 797 872 879 802 879 879 802 879 872 797 872 869 795 869 876 800 876 880 803 880 877 426 877 877 426 877 880 803 880 881 428 881 882 804 882 876 800 876 878 801 878 880 803 880 876 800 876 882 804 882 878 801 878 875 799 875 883 805 883 883 805 883 875 799 875 879 802 879 882 804 882 878 801 878 884 806 884 884 806 884 878 801 878 883 805 883 880 803 880 885 807 885 881 428 881 881 428 881 885 807 885 886 431 886 882 804 882 887 808 887 880 803 880 880 803 880 887 808 887 885 807 885 885 807 885 888 809 888 886 431 886 886 431 886 888 809 888 889 435 889 890 810 890 885 807 885 887 808 887 888 809 888 885 807 885 890 810 890 887 808 887 882 804 882 891 811 891 891 811 891 882 804 882 884 806 884 890 810 890 887 808 887 892 812 892 892 812 892 887 808 887 891 811 891 888 809 888 893 813 893 889 435 889 889 435 889 893 813 893 894 440 894 890 810 890 895 814 895 888 809 888 888 809 888 895 814 895 893 813 893 893 813 893 896 815 896 894 440 894 894 440 894 896 815 896 897 443 897 898 816 898 893 813 893 895 814 895 896 815 896 893 813 893 898 816 898 895 814 895 890 810 890 899 817 899 899 817 899 890 810 890 892 812 892 898 816 898 895 814 895 900 818 900 900 818 900 895 814 895 899 817 899 892 812 892 901 819 901 899 817 899 900 818 900 899 817 899 902 820 902 902 820 902 899 817 899 901 819 901 903 821 903 898 816 898 900 818 900 904 822 904 901 819 901 892 812 892 892 812 892 891 811 891 904 822 904 902 820 902 905 823 905 900 818 900 900 818 900 905 823 905 903 821 903 904 822 904 891 811 891 906 824 906 884 806 884 906 824 906 891 811 891 907 825 907 898 816 898 903 821 903 898 816 898 907 825 907 896 815 896 908 826 908 906 824 906 884 806 884 883 805 883 908 826 908 884 806 884 896 815 896 907 825 907 909 827 909 910 828 910 908 826 908 883 805 883 879 802 879 910 828 910 883 805 883 911 829 911 896 815 896 909 827 909 897 443 897 896 815 896 911 829 911 897 443 897 911 829 911 912 446 912 913 830 913 912 446 912 911 829 911 914 449 914 912 446 912 913 830 913 909 827 909 915 831 915 911 829 911 911 829 911 915 831 915 913 830 913 909 827 909 916 832 916 915 831 915 907 825 907 916 832 916 909 827 909 917 833 917 914 449 914 913 830 913 918 458 918 914 449 914 917 833 917 918 458 918 917 833 917 919 459 919 915 831 915 920 834 920 913 830 913 913 830 913 920 834 920 917 833 917 919 459 919 917 833 917 921 835 921 917 833 917 920 834 920 921 835 921 919 459 919 921 835 921 922 461 922 920 834 920 915 831 915 923 836 923 923 836 923 915 831 915 916 832 916 922 461 922 921 835 921 924 837 924 924 837 924 925 463 925 922 461 922 921 835 921 920 834 920 926 838 926 921 835 921 926 838 926 924 837 924 927 839 927 925 463 925 924 837 924 927 839 927 928 466 928 925 463 925 924 837 924 926 838 926 929 840 929 924 837 924 929 840 929 927 839 927 920 834 920 930 841 930 926 838 926 923 836 923 930 841 930 920 834 920 926 838 926 931 842 931 929 840 929 930 841 930 931 842 931 926 838 926 927 839 927 929 840 929 932 843 932 933 844 933 928 466 928 927 839 927 927 839 927 932 843 932 933 844 933 934 845 934 928 466 928 933 844 933 935 589 935 928 466 928 934 845 934 933 844 933 932 843 932 936 846 936 937 847 937 935 589 935 934 845 934 938 592 938 935 589 935 937 847 937 933 844 933 939 848 939 934 845 934 936 846 936 939 848 939 933 844 933 934 845 934 940 849 940 937 847 937 939 848 939 940 849 940 934 845 934 941 850 941 938 592 938 937 847 937 942 184 942 938 592 938 941 850 941 940 849 940 943 851 943 937 847 937 937 847 937 943 851 943 941 850 941 944 852 944 942 184 942 941 850 941 945 597 945 942 184 942 944 852 944 944 852 944 946 598 946 945 597 945 943 851 943 947 853 947 941 850 941 941 850 941 947 853 947 944 852 944 948 854 948 946 598 946 944 852 944 947 853 947 949 855 949 944 852 944 944 852 944 949 855 949 948 854 948 947 853 947 950 856 950 949 855 949 949 855 949 950 856 950 948 854 948 948 854 948 951 857 951 946 598 946 948 854 948 950 856 950 951 857 951 946 598 946 951 857 951 952 606 952 952 606 952 951 857 951 953 607 953 953 607 953 951 857 951 954 858 954 951 857 951 955 859 955 954 858 954 950 856 950 955 859 955 951 857 951 950 856 950 956 860 956 955 859 955 957 861 957 950 856 950 947 853 947 957 861 957 956 860 956 950 856 950 943 851 943 957 861 957 947 853 947 958 862 958 956 860 956 957 861 957 959 863 959 956 860 956 958 862 958 960 864 960 957 861 957 943 851 943 957 861 957 960 864 960 958 862 958 943 851 943 940 849 940 960 864 960 961 865 961 959 863 959 958 862 958 962 866 962 959 863 959 961 865 961 960 864 960 940 849 940 963 867 963 939 848 939 963 867 963 940 849 940 958 862 958 960 864 960 964 868 964 965 869 965 963 867 963 939 848 939 939 848 939 936 846 936 965 869 965 963 867 963 966 870 966 960 864 960 960 864 960 966 870 966 964 868 964 967 871 967 963 867 963 965 869 965 966 870 966 963 867 963 967 871 967 965 869 965 936 846 936 968 872 968 936 846 936 932 843 932 968 872 968 969 873 969 967 871 967 965 869 965 965 869 965 968 872 968 969 873 969 967 871 967 970 874 970 966 870 966 967 871 967 969 873 969 970 874 970 971 875 971 964 868 964 966 870 966 966 870 966 970 874 970 971 875 971 964 868 964 972 876 972 958 862 958 972 876 972 964 868 964 971 875 971 958 862 958 972 876 972 961 865 961 970 874 970 973 877 973 971 875 971 974 878 974 961 865 961 972 876 972 975 879 975 972 876 972 971 875 971 974 878 974 972 876 972 975 879 975 973 877 973 975 879 975 971 875 971 976 880 976 961 865 961 974 878 974 976 880 976 962 866 962 961 865 961 977 881 977 962 866 962 976 880 976 977 881 977 976 880 976 978 882 978 978 882 978 976 880 976 979 883 979 979 883 979 980 884 980 978 882 978 981 885 981 976 880 976 974 878 974 979 883 979 976 880 976 981 885 981 982 886 982 980 884 980 979 883 979 982 886 982 983 887 983 980 884 980 981 885 981 984 888 984 979 883 979 979 883 979 984 888 984 982 886 982 985 889 985 983 887 983 982 886 982 983 887 983 985 889 985 986 890 986 984 888 984 987 891 987 982 886 982 982 886 982 987 891 987 985 889 985 986 890 986 985 889 985 988 892 988 986 890 986 988 892 988 989 893 989 989 893 989 988 892 988 990 894 990 985 889 985 991 895 991 988 892 988 987 891 987 991 895 991 985 889 985 990 894 990 988 892 988 992 896 992 992 896 992 988 892 988 991 895 991 739 699 739 990 894 990 992 896 992 987 891 987 993 897 993 991 895 991 992 896 992 994 898 994 739 699 739 987 891 987 995 899 995 993 897 993 984 888 984 995 899 995 987 891 987 996 900 996 991 895 991 993 897 993 993 897 993 995 899 995 996 900 996 991 895 991 997 901 997 992 896 992 996 900 996 997 901 997 991 895 991 998 902 998 992 896 992 997 901 997 994 898 994 992 896 992 998 902 998 997 901 997 996 900 996 999 903 999 997 901 997 1000 904 1000 998 902 998 999 903 999 1000 904 1000 997 901 997 999 903 999 996 900 996 1001 905 1001 996 900 996 995 899 995 1001 905 1001 999 903 999 1002 906 1002 1000 904 1000 999 903 999 1001 905 1001 1003 907 1003 1003 907 1003 1002 906 1002 999 903 999 1000 904 1000 1004 908 1004 998 902 998 1002 906 1002 1005 909 1005 1000 904 1000 1000 904 1000 1005 909 1005 1004 908 1004 1002 906 1002 902 820 902 1005 909 1005 905 823 905 902 820 902 1002 906 1002 1003 907 1003 905 823 905 1002 906 1002 902 820 902 901 819 901 1005 909 1005 1006 910 1006 905 823 905 1003 907 1003 1005 909 1005 901 819 901 1007 911 1007 1007 911 1007 1004 908 1004 1005 909 1005 901 819 901 904 822 904 1007 911 1007 905 823 905 1006 910 1006 903 821 903 1007 911 1007 904 822 904 1008 912 1008 904 822 904 906 824 906 1008 912 1008 1009 913 1009 1004 908 1004 1007 911 1007 1007 911 1007 1008 912 1008 1009 913 1009 998 902 998 1004 908 1004 1010 914 1010 1009 913 1009 1010 914 1010 1004 908 1004 998 902 998 1010 914 1010 994 898 994 1008 912 1008 906 824 906 1011 915 1011 906 824 906 908 826 908 1011 915 1011 1009 913 1009 1008 912 1008 1012 916 1012 1011 915 1011 1012 916 1012 1008 912 1008 1013 917 1013 1010 914 1010 1009 913 1009 1009 913 1009 1012 916 1012 1013 917 1013 994 898 994 1010 914 1010 1014 918 1014 1013 917 1013 1014 918 1014 1010 914 1010 994 898 994 1014 918 1014 1015 919 1015 739 699 739 994 898 994 1015 919 1015 738 698 738 739 699 739 1015 919 1015 1016 920 1016 1014 918 1014 1013 917 1013 738 698 738 1015 919 1015 1017 921 1017 740 700 740 738 698 738 1017 921 1017 740 700 740 1017 921 1017 744 703 744 1015 919 1015 1014 918 1014 1018 922 1018 1017 921 1017 1015 919 1015 1018 922 1018 1014 918 1014 1016 920 1016 1018 922 1018 744 703 744 1017 921 1017 1019 923 1019 1018 922 1018 1019 923 1019 1017 921 1017 744 703 744 1019 923 1019 751 708 751 1020 924 1020 1019 923 1019 1018 922 1018 1018 922 1018 1016 920 1016 1020 924 1020 751 708 751 1019 923 1019 1021 925 1021 1020 924 1020 1021 925 1021 1019 923 1019 751 708 751 1021 925 1021 755 711 755 1016 920 1016 1022 926 1022 1020 924 1020 755 711 755 1021 925 1021 1023 927 1023 755 711 755 1023 927 1023 759 714 759 1024 928 1024 1021 925 1021 1020 924 1020 1024 928 1024 1023 927 1023 1021 925 1021 1020 924 1020 1022 926 1022 1024 928 1024 759 714 759 1023 927 1023 1025 929 1025 759 714 759 1025 929 1025 763 717 763 1026 930 1026 1023 927 1023 1024 928 1024 763 717 763 1025 929 1025 1027 931 1027 763 717 763 1027 931 1027 767 720 767 1025 929 1025 1023 927 1023 1028 932 1028 1028 932 1028 1023 927 1023 1026 930 1026 1027 931 1027 1025 929 1025 1029 933 1029 1029 933 1029 1025 929 1025 1028 932 1028 767 720 767 1027 931 1027 1030 934 1030 1030 934 1030 771 723 771 767 720 767 1031 935 1031 1027 931 1027 1029 933 1029 1030 934 1030 1027 931 1027 1031 935 1031 1032 936 1032 771 723 771 1030 934 1030 771 723 771 1032 936 1032 774 726 774 1033 937 1033 1030 934 1030 1031 935 1031 1032 936 1032 1030 934 1030 1033 937 1033 1029 933 1029 1034 938 1034 1031 935 1031 1031 935 1031 1035 939 1035 1033 937 1033 1034 938 1034 1035 939 1035 1031 935 1031 1033 937 1033 1036 940 1036 1032 936 1032 1037 941 1037 1034 938 1034 1029 933 1029 1028 932 1028 1037 941 1037 1029 933 1029 774 726 774 1032 936 1032 1038 942 1038 1032 936 1032 1036 940 1036 1038 942 1038 774 726 774 1038 942 1038 1039 943 1039 773 725 773 774 726 774 1039 943 1039 773 725 773 1039 943 1039 777 728 777 1040 944 1040 1038 942 1038 1036 940 1036 1039 943 1039 1038 942 1038 1040 944 1040 1033 937 1033 1041 945 1041 1036 940 1036 1035 939 1035 1041 945 1041 1033 937 1033 1040 944 1040 1036 940 1036 1042 946 1042 1042 946 1042 1036 940 1036 1041 945 1041 1043 947 1043 1039 943 1039 1040 944 1040 1041 945 1041 1035 939 1035 1044 948 1044 1045 949 1045 1040 944 1040 1042 946 1042 1043 947 1043 1040 944 1040 1045 949 1045 1042 946 1042 1041 945 1041 1046 950 1046 1046 950 1046 1041 945 1041 1044 948 1044 1045 949 1045 1042 946 1042 858 785 858 858 785 858 1042 946 1042 1046 950 1046 1045 949 1045 858 785 858 856 783 856 856 783 856 1043 947 1043 1045 949 1045 858 785 858 1046 950 1046 857 784 857 855 782 855 1043 947 1043 856 783 856 857 784 857 1046 950 1046 863 790 863 1043 947 1043 855 782 855 1047 951 1047 1047 951 1047 1039 943 1039 1043 947 1043 777 728 777 1039 943 1039 1047 951 1047 1047 951 1047 855 782 855 1048 952 1048 1047 951 1047 1048 952 1048 777 728 777 855 782 855 851 778 851 1048 952 1048 777 728 777 1048 952 1048 780 730 780 1048 952 1048 851 778 851 1049 953 1049 1048 952 1048 1049 953 1049 780 730 780 803 744 803 1049 953 1049 851 778 851 780 730 780 1049 953 1049 781 731 781 797 740 797 1049 953 1049 803 744 803 1049 953 1049 797 740 797 781 731 781 1050 954 1050 863 790 863 1046 950 1046 1046 950 1046 1044 948 1044 1050 954 1050 1051 955 1051 863 790 863 1050 954 1050 1051 955 1051 866 793 866 863 790 863 1044 948 1044 1052 956 1052 1050 954 1050 1044 948 1044 1035 939 1035 1052 956 1052 1035 939 1035 1034 938 1034 1052 956 1052 1053 957 1053 1051 955 1051 1050 954 1050 1050 954 1050 1052 956 1052 1053 957 1053 1052 956 1052 1034 938 1034 1054 958 1054 1052 956 1052 1054 958 1054 1053 957 1053 1034 938 1034 1037 941 1037 1054 958 1054 1055 959 1055 1051 955 1051 1053 957 1053 1055 959 1055 866 793 866 1051 955 1051 1053 957 1053 1054 958 1054 1056 960 1056 1053 957 1053 1056 960 1056 1055 959 1055 1054 958 1054 1037 941 1037 1057 961 1057 1054 958 1054 1057 961 1057 1056 960 1056 1058 962 1058 866 793 866 1055 959 1055 866 793 866 1058 962 1058 865 792 865 865 792 865 1058 962 1058 869 795 869 1055 959 1055 1056 960 1056 1059 963 1059 1055 959 1055 1059 963 1059 1058 962 1058 1058 962 1058 1060 964 1060 869 795 869 1058 962 1058 1059 963 1059 1060 964 1060 869 795 869 1060 964 1060 879 802 879 1060 964 1060 910 828 910 879 802 879 1061 965 1061 1059 963 1059 1056 960 1056 1056 960 1056 1057 961 1057 1061 965 1061 1062 966 1062 1060 964 1060 1059 963 1059 1062 966 1062 1059 963 1059 1061 965 1061 910 828 910 1060 964 1060 1062 966 1062 1057 961 1057 1063 967 1063 1061 965 1061 1062 966 1062 1064 968 1064 910 828 910 910 828 910 1064 968 1064 908 826 908 1011 915 1011 908 826 908 1064 968 1064 1061 965 1061 1065 969 1065 1062 966 1062 1062 966 1062 1065 969 1065 1064 968 1064 1061 965 1061 1063 967 1063 1065 969 1065 1011 915 1011 1064 968 1064 1066 970 1066 1066 970 1066 1064 968 1064 1065 969 1065 1066 970 1066 1012 916 1012 1011 915 1011 1065 969 1065 1067 971 1067 1066 970 1066 1063 967 1063 1067 971 1067 1065 969 1065 1066 970 1066 1068 972 1068 1012 916 1012 1067 971 1067 1068 972 1068 1066 970 1066 1013 917 1013 1012 916 1012 1068 972 1068 1068 972 1068 1016 920 1016 1013 917 1013 1022 926 1022 1016 920 1016 1068 972 1068 1067 971 1067 1022 926 1022 1068 972 1068 1069 973 1069 1022 926 1022 1067 971 1067 1063 967 1063 1069 973 1069 1067 971 1067 1022 926 1022 1069 973 1069 1024 928 1024 1024 928 1024 1069 973 1069 1026 930 1026 1070 974 1070 1069 973 1069 1063 967 1063 1069 973 1069 1070 974 1070 1026 930 1026 1057 961 1057 1070 974 1070 1063 967 1063 1026 930 1026 1070 974 1070 1028 932 1028 1037 941 1037 1070 974 1070 1057 961 1057 1070 974 1070 1037 941 1037 1028 932 1028 1071 975 1071 1072 976 1072 1073 977 1073 1073 977 1073 1072 976 1072 1074 978 1074 1075 893 1075 1074 978 1074 1072 976 1072 1073 977 1073 1074 978 1074 1076 979 1076 1077 980 1077 1074 978 1074 1075 893 1075 1076 979 1076 1074 978 1074 1078 981 1078 1074 978 1074 1077 980 1077 1078 981 1078 1078 981 1078 1077 980 1077 1079 982 1079 1078 981 1078 1080 983 1080 1076 979 1076 1081 984 1081 1078 981 1078 1079 982 1079 1082 985 1082 1080 983 1080 1078 981 1078 1082 985 1082 1078 981 1078 1081 984 1081 1082 985 1082 1083 986 1083 1080 983 1080 1084 987 1084 1082 985 1082 1081 984 1081 1085 988 1085 1083 986 1083 1082 985 1082 1085 988 1085 1082 985 1082 1084 987 1084 1086 989 1086 1087 990 1087 1088 991 1088 1088 991 1088 1087 990 1087 1089 992 1089 1087 990 1087 1090 993 1090 1089 992 1089 1089 992 1089 1091 994 1091 1088 991 1088 1088 991 1088 1091 994 1091 1092 995 1092 1089 992 1089 1090 993 1090 1093 996 1093 1089 992 1089 1093 996 1093 1091 994 1091 1091 994 1091 1094 997 1094 1092 995 1092 1091 994 1091 1093 996 1093 1094 997 1094 1092 995 1092 1094 997 1094 1095 998 1095 1094 997 1094 1096 999 1096 1095 998 1095 1097 1000 1097 1096 999 1096 1094 997 1094 1093 996 1093 1097 1000 1097 1094 997 1094 1096 999 1096 1097 1000 1097 1098 1001 1098 1099 1002 1099 1097 1000 1097 1093 996 1093 1098 1001 1098 1097 1000 1097 1099 1002 1099 1090 993 1090 1099 1002 1099 1093 996 1093 1100 1003 1100 1099 1002 1099 1090 993 1090 1099 1002 1099 1100 1003 1100 1098 1001 1098 1098 1001 1098 1100 1003 1100 1101 1004 1101 1102 991 1102 1103 1005 1103 1104 989 1104 1105 1006 1105 1103 1005 1103 1102 991 1102 1103 1005 1103 1105 1006 1105 1106 1007 1106 1105 1006 1105 1102 991 1102 1107 1008 1107 1107 1008 1107 1102 991 1102 1108 995 1108 1106 1007 1106 1105 1006 1105 1109 1009 1109 1105 1006 1105 1107 1008 1107 1109 1009 1109 1107 1008 1107 1108 995 1108 1110 1010 1110 1109 1009 1109 1107 1008 1107 1110 1010 1110 1110 1010 1110 1108 995 1108 1111 998 1111 1112 999 1112 1110 1010 1110 1111 998 1111 1113 1011 1113 1110 1010 1110 1112 999 1112 1113 1011 1113 1109 1009 1109 1110 1010 1110 1112 999 1112 1114 1001 1114 1113 1011 1113 1115 1012 1115 1109 1009 1109 1113 1011 1113 1113 1011 1113 1114 1001 1114 1115 1012 1115 1115 1012 1115 1106 1007 1106 1109 1009 1109 1116 1013 1116 1106 1007 1106 1115 1012 1115 1115 1012 1115 1114 1001 1114 1116 1013 1116 1116 1013 1116 1114 1001 1114 1117 1004 1117 1118 1014 1118 1119 1015 1119 1120 1016 1120 1120 1016 1120 1119 1015 1119 1121 1017 1121 1120 1016 1120 1121 1017 1121 1122 1018 1122 1119 1015 1119 1123 1019 1123 1121 1017 1121 1124 1020 1124 1123 1019 1123 1119 1015 1119 1122 1018 1122 1121 1017 1121 1125 1021 1125 1121 1017 1121 1123 1019 1123 1125 1021 1125 1124 1020 1124 1126 1022 1126 1123 1019 1123 1125 1021 1125 1123 1019 1123 1126 1022 1126 1127 1023 1127 1126 1022 1126 1124 1020 1124 1127 1023 1127 1128 1024 1128 1126 1022 1126 1126 1022 1126 1128 1024 1128 1129 1025 1129 1126 1022 1126 1129 1025 1129 1125 1021 1125 1128 1024 1128 1130 1026 1130 1129 1025 1129 1125 1021 1125 1129 1025 1129 1131 1027 1131 1129 1025 1129 1130 1026 1130 1131 1027 1131 1125 1021 1125 1131 1027 1131 1122 1018 1122 1122 1018 1122 1131 1027 1131 1132 1028 1132 1130 1026 1130 1132 1028 1132 1131 1027 1131 1133 1029 1133 1132 1028 1132 1130 1026 1130 1134 1014 1134 1135 1030 1135 1136 1015 1136 1136 1015 1136 1135 1030 1135 1137 1031 1137 1138 1032 1138 1137 1031 1137 1135 1030 1135 1139 1033 1139 1136 1015 1136 1137 1031 1137 1140 1020 1140 1136 1015 1136 1139 1033 1139 1141 1034 1141 1137 1031 1137 1138 1032 1138 1141 1034 1141 1139 1033 1139 1137 1031 1137 1142 1035 1142 1140 1020 1140 1139 1033 1139 1142 1035 1142 1139 1033 1139 1141 1034 1141 1143 1023 1143 1140 1020 1140 1142 1035 1142 1143 1023 1143 1142 1035 1142 1144 1024 1144 1144 1024 1144 1142 1035 1142 1145 1036 1145 1141 1034 1141 1145 1036 1145 1142 1035 1142 1145 1036 1145 1146 1026 1146 1144 1024 1144 1147 1037 1147 1145 1036 1145 1141 1034 1141 1147 1037 1147 1146 1026 1146 1145 1036 1145 1138 1032 1138 1147 1037 1147 1141 1034 1141 1148 1038 1148 1147 1037 1147 1138 1032 1138 1147 1037 1147 1148 1038 1148 1146 1026 1146 1146 1026 1146 1148 1038 1148 1149 1029 1149 1150 1039 1150 1151 1040 1151 1152 1041 1152 1152 1041 1152 1151 1040 1151 1153 1042 1153 1151 1040 1151 1154 1043 1154 1153 1042 1153 1155 1044 1155 1152 1041 1152 1153 1042 1153 1156 1045 1156 1152 1041 1152 1155 1044 1155 1153 1042 1153 1154 1043 1154 1157 1046 1157 1153 1042 1153 1157 1046 1157 1155 1044 1155 1155 1044 1155 1158 1047 1158 1156 1045 1156 1155 1044 1155 1157 1046 1157 1158 1047 1158 1156 1045 1156 1158 1047 1158 1159 1048 1159 1158 1047 1158 1160 1049 1160 1159 1048 1159 1161 1050 1161 1160 1049 1160 1158 1047 1158 1157 1046 1157 1161 1050 1161 1158 1047 1158 1161 1050 1161 1162 1051 1162 1160 1049 1160 1163 1052 1163 1161 1050 1161 1157 1046 1157 1163 1052 1163 1162 1051 1162 1161 1050 1161 1154 1043 1154 1163 1052 1163 1157 1046 1157 1164 1053 1164 1163 1052 1163 1154 1043 1154 1164 1053 1164 1162 1051 1162 1163 1052 1163 1165 1054 1165 1162 1051 1162 1164 1053 1164 1166 1055 1166 1167 1056 1167 1168 1057 1168 1168 1057 1168 1167 1056 1167 1169 1058 1169 1167 1056 1167 1170 1059 1170 1169 1058 1169 1171 1060 1171 1168 1057 1168 1169 1058 1169 1172 1061 1172 1168 1057 1168 1171 1060 1171 1169 1058 1169 1170 1059 1170 1173 1062 1173 1169 1058 1169 1173 1062 1173 1171 1060 1171 1171 1060 1171 1174 1063 1174 1172 1061 1172 1171 1060 1171 1173 1062 1173 1174 1063 1174 1172 1061 1172 1174 1063 1174 1175 1064 1175 1174 1063 1174 1176 1065 1176 1175 1064 1175 1177 1066 1177 1176 1065 1176 1174 1063 1174 1173 1062 1173 1177 1066 1177 1174 1063 1174 1177 1066 1177 1178 1067 1178 1176 1065 1176 1179 1068 1179 1177 1066 1177 1173 1062 1173 1179 1068 1179 1178 1067 1178 1177 1066 1177 1170 1059 1170 1179 1068 1179 1173 1062 1173 1180 1069 1180 1179 1068 1179 1170 1059 1170 1180 1069 1180 1178 1067 1178 1179 1068 1179 1181 1070 1181 1178 1067 1178 1180 1069 1180 1182 1071 1182 1183 1072 1183 1184 1073 1184 1184 1073 1184 1183 1072 1183 1185 1074 1185 1184 1073 1184 1185 1074 1185 1186 1075 1186 1183 1072 1183 1187 1076 1187 1185 1074 1185 1188 1077 1188 1187 1076 1187 1183 1072 1183 1186 1075 1186 1185 1074 1185 1189 1078 1189 1185 1074 1185 1187 1076 1187 1189 1078 1189 1188 1077 1188 1190 1079 1190 1187 1076 1187 1189 1078 1189 1187 1076 1187 1190 1079 1190 1191 1080 1191 1190 1079 1190 1188 1077 1188 1191 1080 1191 1192 1081 1192 1190 1079 1190 1190 1079 1190 1192 1081 1192 1193 1082 1193 1190 1079 1190 1193 1082 1193 1189 1078 1189 1192 1081 1192 1194 1083 1194 1193 1082 1193 1189 1078 1189 1193 1082 1193 1195 1084 1195 1193 1082 1193 1194 1083 1194 1195 1084 1195 1189 1078 1189 1195 1084 1195 1186 1075 1186 1186 1075 1186 1195 1084 1195 1196 1085 1196 1194 1083 1194 1196 1085 1196 1195 1084 1195 1197 1086 1197 1196 1085 1196 1194 1083 1194 1198 1071 1198 1199 1087 1199 1200 1072 1200 1200 1072 1200 1199 1087 1199 1201 1088 1201 1202 1089 1202 1201 1088 1201 1199 1087 1199 1203 1090 1203 1200 1072 1200 1201 1088 1201 1204 1077 1204 1200 1072 1200 1203 1090 1203 1205 1091 1205 1201 1088 1201 1202 1089 1202 1205 1091 1205 1203 1090 1203 1201 1088 1201 1206 1092 1206 1204 1077 1204 1203 1090 1203 1206 1092 1206 1203 1090 1203 1205 1091 1205 1207 1080 1207 1204 1077 1204 1206 1092 1206 1207 1080 1207 1206 1092 1206 1208 1081 1208 1208 1081 1208 1206 1092 1206 1209 1093 1209 1205 1091 1205 1209 1093 1209 1206 1092 1206 1209 1093 1209 1210 1083 1210 1208 1081 1208 1211 1094 1211 1209 1093 1209 1205 1091 1205 1211 1094 1211 1210 1083 1210 1209 1093 1209 1202 1089 1202 1211 1094 1211 1205 1091 1205 1212 1095 1212 1211 1094 1211 1202 1089 1202 1211 1094 1211 1212 1095 1212 1210 1083 1210 1210 1083 1210 1212 1095 1212 1213 1086 1213 1214 1096 1214 1215 1097 1215 1216 1098 1216 1217 1099 1217 1215 1097 1215 1214 1096 1214 1214 1096 1214 1218 1100 1218 1217 1099 1217 1219 1101 1219 1215 1097 1215 1217 1099 1217 1220 1102 1220 1215 1097 1215 1219 1101 1219 1217 1099 1217 1218 1100 1218 1221 1103 1221 1222 1104 1222 1220 1102 1220 1219 1101 1219 1223 1105 1223 1220 1102 1220 1222 1104 1222 1217 1099 1217 1224 1106 1224 1219 1101 1219 1219 1101 1219 1224 1106 1224 1222 1104 1222 1221 1103 1221 1224 1106 1224 1217 1099 1217 1225 1107 1225 1223 1105 1223 1222 1104 1222 1222 1104 1222 1224 1106 1224 1225 1107 1225 1226 1108 1226 1223 1105 1223 1225 1107 1225 1226 1108 1226 1225 1107 1225 1227 1109 1227 1227 1109 1227 1225 1107 1225 1224 1106 1224 1227 1109 1227 1224 1106 1224 1228 1110 1228 1228 1110 1228 1224 1106 1224 1221 1103 1221 1229 1111 1229 1228 1110 1228 1221 1103 1221 1230 342 1230 1228 1110 1228 1229 1111 1229 1229 1111 1229 1231 1112 1231 1230 342 1230 1218 1100 1218 1232 1113 1232 1221 1103 1221 1232 1113 1232 1229 1111 1229 1221 1103 1221 1233 1114 1233 1232 1113 1232 1218 1100 1218 1233 1114 1233 1234 1115 1234 1232 1113 1232 1235 1116 1235 1231 1112 1231 1229 1111 1229 1236 1117 1236 1229 1111 1229 1232 1113 1232 1236 1117 1236 1235 1116 1235 1229 1111 1229 1237 1118 1237 1231 1112 1231 1235 1116 1235 1238 1119 1238 1231 1112 1231 1237 1118 1237 1235 1116 1235 1239 1120 1239 1237 1118 1237 1239 1120 1239 1235 1116 1235 1236 1117 1236 1240 1121 1240 1238 1119 1238 1237 1118 1237 1237 1118 1237 1239 1120 1239 1240 1121 1240 1241 1122 1241 1238 1119 1238 1240 1121 1240 1241 1122 1241 1240 1121 1240 1242 1123 1242 1242 1123 1242 1240 1121 1240 1243 1124 1243 1240 1121 1240 1239 1120 1239 1243 1124 1243 1243 1124 1243 1244 1125 1244 1242 1123 1242 1243 1124 1243 1239 1120 1239 1245 1126 1245 1245 1126 1245 1244 1125 1244 1243 1124 1243 1239 1120 1239 1236 1117 1236 1245 1126 1245 1245 1126 1245 1246 1127 1246 1244 1125 1244 1245 1126 1245 1236 1117 1236 1246 1127 1246 1244 1125 1244 1246 1127 1246 1247 1128 1247 1236 1117 1236 1232 1113 1232 1246 1127 1246 1247 1128 1247 1246 1127 1246 1248 1129 1248 1246 1127 1246 1232 1113 1232 1249 1130 1249 1248 1129 1248 1246 1127 1246 1249 1130 1249 1232 1113 1232 1234 1115 1234 1249 1130 1249 1250 1131 1250 1248 1129 1248 1249 1130 1249 1251 1132 1251 1248 1129 1248 1250 1131 1250 1249 1130 1249 1234 1115 1234 1252 1133 1252 1252 1133 1252 1234 1115 1234 1253 1134 1253 1253 1134 1253 1254 1135 1254 1252 1133 1252 1252 1133 1252 1254 1135 1254 1255 1136 1255 1252 1133 1252 1256 1137 1256 1249 1130 1249 1255 1136 1255 1256 1137 1256 1252 1133 1252 1249 1130 1249 1256 1137 1256 1250 1131 1250 1257 1138 1257 1256 1137 1256 1255 1136 1255 1257 1138 1257 1258 1139 1258 1256 1137 1256 1256 1137 1256 1258 1139 1258 1250 1131 1250 1259 1140 1259 1258 1139 1258 1257 1138 1257 1250 1131 1250 1258 1139 1258 1260 1141 1260 1259 1140 1259 1260 1141 1260 1258 1139 1258 1260 1141 1260 1251 1132 1251 1250 1131 1250 1261 1142 1261 1260 1141 1260 1259 1140 1259 1261 1142 1261 1251 1132 1251 1260 1141 1260 1262 1143 1262 1263 1144 1263 1264 1145 1264 1265 1146 1265 1263 1144 1263 1262 1143 1262 1266 1147 1266 1265 1146 1265 1262 1143 1262 1267 1148 1267 1263 1144 1263 1265 1146 1265 1268 1149 1268 1263 1144 1263 1267 1148 1267 1268 1149 1268 1267 1148 1267 1269 1150 1269 1270 1151 1270 1265 1146 1265 1266 1147 1266 1271 1152 1271 1270 1151 1270 1266 1147 1266 1267 1148 1267 1265 1146 1265 1272 1153 1272 1269 1150 1269 1267 1148 1267 1272 1153 1272 1272 1153 1272 1265 1146 1265 1270 1151 1270 1272 1153 1272 1273 1154 1273 1269 1150 1269 1269 1150 1269 1273 1154 1273 1274 1155 1274 1270 1151 1270 1275 1156 1275 1272 1153 1272 1272 1153 1272 1275 1156 1275 1273 1154 1273 1276 1157 1276 1270 1151 1270 1271 1152 1271 1270 1151 1270 1276 1157 1276 1275 1156 1275 1277 1158 1277 1276 1157 1276 1271 1152 1271 1273 1154 1273 1278 1159 1278 1274 1155 1274 1274 1155 1274 1278 1159 1278 1279 1160 1279 1280 1161 1280 1276 1157 1276 1277 1158 1277 1277 1158 1277 1281 1162 1281 1280 1161 1280 1276 1157 1276 1280 1161 1280 1282 1163 1282 1275 1156 1275 1276 1157 1276 1282 1163 1282 1280 1161 1280 1281 1162 1281 1283 1164 1283 1281 1162 1281 1284 1165 1284 1283 1164 1283 1283 1164 1283 1284 1165 1284 1285 1166 1285 1282 1163 1282 1280 1161 1280 1286 1167 1286 1280 1161 1280 1283 1164 1283 1286 1167 1286 1282 1163 1282 1286 1167 1286 1275 1156 1275 1283 1164 1283 1285 1166 1285 1287 1168 1287 1286 1167 1286 1283 1164 1283 1287 1168 1287 1287 1168 1287 1285 1166 1285 1288 1169 1288 1275 1156 1275 1286 1167 1286 1289 1170 1289 1286 1167 1286 1287 1168 1287 1289 1170 1289 1275 1156 1275 1289 1170 1289 1273 1154 1273 1273 1154 1273 1289 1170 1289 1278 1159 1278 1287 1168 1287 1288 1169 1288 1290 1171 1290 1289 1170 1289 1287 1168 1287 1290 1171 1290 1289 1170 1289 1290 1171 1290 1278 1159 1278 1290 1171 1290 1288 1169 1288 1291 1172 1291 1278 1159 1278 1290 1171 1290 1292 1173 1292 1291 1172 1291 1292 1173 1292 1290 1171 1290 1278 1159 1278 1292 1173 1292 1279 1160 1279 1293 1174 1293 1292 1173 1292 1291 1172 1291 1279 1160 1279 1292 1173 1292 1293 1174 1293 1294 1175 1294 1295 1176 1295 1296 1177 1296 1296 1177 1296 1295 1176 1295 1297 1178 1297 1296 1177 1296 1297 1178 1297 1298 1179 1298 1295 1176 1295 1299 1180 1299 1297 1178 1297 1300 1181 1300 1299 1180 1299 1295 1176 1295 1298 1179 1298 1297 1178 1297 1301 1182 1301 1297 1178 1297 1299 1180 1299 1301 1182 1301 1300 1181 1300 1302 1183 1302 1299 1180 1299 1301 1182 1301 1299 1180 1299 1302 1183 1302 1303 1184 1303 1302 1183 1302 1300 1181 1300 1303 1184 1303 1304 1185 1304 1302 1183 1302 1302 1183 1302 1304 1185 1304 1305 1186 1305 1302 1183 1302 1305 1186 1305 1301 1182 1301 1304 1185 1304 1306 1187 1306 1305 1186 1305 1301 1182 1301 1305 1186 1305 1307 1188 1307 1305 1186 1305 1306 1187 1306 1307 1188 1307 1301 1182 1301 1307 1188 1307 1298 1179 1298 1298 1179 1298 1307 1188 1307 1308 1189 1308 1306 1187 1306 1308 1189 1308 1307 1188 1307 1309 1190 1309 1308 1189 1308 1306 1187 1306 1310 1175 1310 1311 1191 1311 1312 1176 1312 1312 1176 1312 1311 1191 1311 1313 1192 1313 1314 1193 1314 1313 1192 1313 1311 1191 1311 1315 1194 1315 1312 1176 1312 1313 1192 1313 1316 1181 1316 1312 1176 1312 1315 1194 1315 1317 1195 1317 1313 1192 1313 1314 1193 1314 1317 1195 1317 1315 1194 1315 1313 1192 1313 1318 1196 1318 1316 1181 1316 1315 1194 1315 1318 1196 1318 1315 1194 1315 1317 1195 1317 1319 1184 1319 1316 1181 1316 1318 1196 1318 1319 1184 1319 1318 1196 1318 1320 1185 1320 1320 1185 1320 1318 1196 1318 1321 1197 1321 1317 1195 1317 1321 1197 1321 1318 1196 1318 1321 1197 1321 1322 1187 1322 1320 1185 1320 1323 1198 1323 1321 1197 1321 1317 1195 1317 1323 1198 1323 1322 1187 1322 1321 1197 1321 1314 1193 1314 1323 1198 1323 1317 1195 1317 1324 1199 1324 1323 1198 1323 1314 1193 1314 1323 1198 1323 1324 1199 1324 1322 1187 1322 1322 1187 1322 1324 1199 1324 1325 1190 1325 1326 1200 1326 1327 1201 1327 1328 1202 1328 1328 1202 1328 1327 1201 1327 1329 1203 1329 1327 1201 1327 1330 1204 1330 1329 1203 1329 1329 1203 1329 1331 1205 1331 1328 1202 1328 1328 1202 1328 1331 1205 1331 1332 1206 1332 1329 1203 1329 1330 1204 1330 1333 1207 1333 1329 1203 1329 1333 1207 1333 1331 1205 1331 1331 1205 1331 1334 1208 1334 1332 1206 1332 1331 1205 1331 1333 1207 1333 1334 1208 1334 1332 1206 1332 1334 1208 1334 1335 1209 1335 1334 1208 1334 1336 1210 1336 1335 1209 1335 1337 1211 1337 1336 1210 1336 1334 1208 1334 1333 1207 1333 1337 1211 1337 1334 1208 1334 1336 1210 1336 1337 1211 1337 1338 1212 1338 1339 1213 1339 1337 1211 1337 1333 1207 1333 1338 1212 1338 1337 1211 1337 1339 1213 1339 1330 1204 1330 1339 1213 1339 1333 1207 1333 1340 1214 1340 1339 1213 1339 1330 1204 1330 1339 1213 1339 1340 1214 1340 1338 1212 1338 1338 1212 1338 1340 1214 1340 1341 1215 1341 1342 1202 1342 1343 1216 1343 1344 1200 1344 1345 1217 1345 1343 1216 1343 1342 1202 1342 1343 1216 1343 1345 1217 1345 1346 1218 1346 1345 1217 1345 1342 1202 1342 1347 1219 1347 1347 1219 1347 1342 1202 1342 1348 1206 1348 1346 1218 1346 1345 1217 1345 1349 1220 1349 1345 1217 1345 1347 1219 1347 1349 1220 1349 1347 1219 1347 1348 1206 1348 1350 1221 1350 1349 1220 1349 1347 1219 1347 1350 1221 1350 1350 1221 1350 1348 1206 1348 1351 1209 1351 1352 1210 1352 1350 1221 1350 1351 1209 1351 1353 1222 1353 1350 1221 1350 1352 1210 1352 1353 1222 1353 1349 1220 1349 1350 1221 1350 1352 1210 1352 1354 1212 1354 1353 1222 1353 1355 1223 1355 1349 1220 1349 1353 1222 1353 1353 1222 1353 1354 1212 1354 1355 1223 1355 1355 1223 1355 1346 1218 1346 1349 1220 1349 1356 1224 1356 1346 1218 1346 1355 1223 1355 1355 1223 1355 1354 1212 1354 1356 1224 1356 1356 1224 1356 1354 1212 1354 1357 1215 1357 1358 1225 1358 1359 1226 1359 1360 1227 1360 1361 1228 1361 1359 1226 1359 1358 1225 1358 1359 1226 1359 1361 1228 1361 1362 1229 1362 1361 1228 1361 1358 1225 1358 1363 1230 1363 1363 1230 1363 1358 1225 1358 1364 1231 1364 1362 1229 1362 1361 1228 1361 1365 1232 1365 1361 1228 1361 1363 1230 1363 1365 1232 1365 1364 1231 1364 1366 1233 1366 1363 1230 1363 1365 1232 1365 1363 1230 1363 1366 1233 1366 1367 1234 1367 1366 1233 1366 1364 1231 1364 1367 1234 1367 1368 1235 1368 1366 1233 1366 1366 1233 1366 1368 1235 1368 1369 1236 1369 1366 1233 1366 1369 1236 1369 1365 1232 1365 1368 1235 1368 1370 1237 1370 1369 1236 1369 1365 1232 1365 1369 1236 1369 1371 1238 1371 1369 1236 1369 1370 1237 1370 1371 1238 1371 1365 1232 1365 1371 1238 1371 1362 1229 1362 1362 1229 1362 1371 1238 1371 1372 1239 1372 1371 1238 1371 1370 1237 1370 1372 1239 1372 1372 1239 1372 1370 1237 1370 1373 1240 1373 1374 1241 1374 1375 1242 1375 1376 1243 1376 1377 1244 1377 1375 1242 1375 1374 1241 1374 1375 1242 1375 1377 1244 1377 1378 1245 1378 1377 1244 1377 1374 1241 1374 1379 1246 1379 1379 1246 1379 1374 1241 1374 1380 1247 1380 1378 1245 1378 1377 1244 1377 1381 1248 1381 1377 1244 1377 1379 1246 1379 1381 1248 1381 1380 1247 1380 1382 1249 1382 1379 1246 1379 1381 1248 1381 1379 1246 1379 1382 1249 1382 1383 1250 1383 1382 1249 1382 1380 1247 1380 1383 1250 1383 1384 1251 1384 1382 1249 1382 1382 1249 1382 1384 1251 1384 1385 1252 1385 1382 1249 1382 1385 1252 1385 1381 1248 1381 1384 1251 1384 1386 1253 1386 1385 1252 1385 1381 1248 1381 1385 1252 1385 1387 1254 1387 1385 1252 1385 1386 1253 1386 1387 1254 1387 1381 1248 1381 1387 1254 1387 1378 1245 1378 1378 1245 1378 1387 1254 1387 1388 1255 1388 1387 1254 1387 1386 1253 1386 1388 1255 1388 1388 1255 1388 1386 1253 1386 1389 1256 1389 1390 1257 1390 1391 1258 1391 1392 1259 1392 1392 1259 1392 1391 1258 1391 1393 1260 1393 1391 1258 1391 1394 1261 1394 1393 1260 1393 1393 1260 1393 1395 1262 1395 1392 1259 1392 1392 1259 1392 1395 1262 1395 1396 1263 1396 1393 1260 1393 1394 1261 1394 1397 1264 1397 1393 1260 1393 1397 1264 1397 1395 1262 1395 1395 1262 1395 1398 1265 1398 1396 1263 1396 1395 1262 1395 1397 1264 1397 1398 1265 1398 1396 1263 1396 1398 1265 1398 1399 1266 1399 1398 1265 1398 1400 1267 1400 1399 1266 1399 1401 1268 1401 1400 1267 1400 1398 1265 1398 1397 1264 1397 1401 1268 1401 1398 1265 1398 1400 1267 1400 1401 1268 1401 1402 1269 1402 1403 1270 1403 1401 1268 1401 1397 1264 1397 1402 1269 1402 1401 1268 1401 1403 1270 1403 1394 1261 1394 1403 1270 1403 1397 1264 1397 1404 1271 1404 1403 1270 1403 1394 1261 1394 1403 1270 1403 1404 1271 1404 1402 1269 1402 1402 1269 1402 1404 1271 1404 1405 1272 1405 1406 1259 1406 1407 1273 1407 1408 1257 1408 1409 1274 1409 1407 1273 1407 1406 1259 1406 1407 1273 1407 1409 1274 1409 1410 1275 1410 1409 1274 1409 1406 1259 1406 1411 1276 1411 1411 1276 1411 1406 1259 1406 1412 1263 1412 1410 1275 1410 1409 1274 1409 1413 1277 1413 1409 1274 1409 1411 1276 1411 1413 1277 1413 1411 1276 1411 1412 1263 1412 1414 1278 1414 1413 1277 1413 1411 1276 1411 1414 1278 1414 1414 1278 1414 1412 1263 1412 1415 1266 1415 1416 1267 1416 1414 1278 1414 1415 1266 1415 1417 1279 1417 1414 1278 1414 1416 1267 1416 1417 1279 1417 1413 1277 1413 1414 1278 1414 1416 1267 1416 1418 1269 1418 1417 1279 1417 1419 1280 1419 1413 1277 1413 1417 1279 1417 1417 1279 1417 1418 1269 1418 1419 1280 1419 1419 1280 1419 1410 1275 1410 1413 1277 1413 1420 1281 1420 1410 1275 1410 1419 1280 1419 1419 1280 1419 1418 1269 1418 1420 1281 1420 1420 1281 1420 1418 1269 1418 1421 1272 1421 1422 1098 1422 1423 1097 1423 1424 1282 1424 1424 1282 1424 1423 1097 1423 1425 1283 1425 1424 1282 1424 1425 1283 1425 1426 1284 1426 1423 1097 1423 1427 1285 1427 1425 1283 1425 1428 1102 1428 1427 1285 1427 1423 1097 1423 1426 1284 1426 1425 1283 1425 1429 1286 1429 1428 1102 1428 1430 1287 1430 1427 1285 1427 1431 1105 1431 1430 1287 1430 1428 1102 1428 1427 1285 1427 1432 1288 1432 1425 1283 1425 1427 1285 1427 1430 1287 1430 1432 1288 1432 1425 1283 1425 1432 1288 1432 1429 1286 1429 1431 1105 1431 1433 1289 1433 1430 1287 1430 1432 1288 1432 1430 1287 1430 1433 1289 1433 1434 1108 1434 1433 1289 1433 1431 1105 1431 1435 1109 1435 1433 1289 1433 1434 1108 1434 1432 1288 1432 1433 1289 1433 1435 1109 1435 1436 1110 1436 1432 1288 1432 1435 1109 1435 1429 1286 1429 1432 1288 1432 1436 1110 1436 1429 1286 1429 1436 1110 1436 1437 1290 1437 1437 1290 1437 1436 1110 1436 1438 342 1438 1439 1112 1439 1437 1290 1437 1438 342 1438 1429 1286 1429 1440 1291 1440 1426 1284 1426 1429 1286 1429 1437 1290 1437 1440 1291 1440 1426 1284 1426 1440 1291 1440 1441 1292 1441 1441 1292 1441 1440 1291 1440 1442 1293 1442 1443 1294 1443 1437 1290 1437 1439 1112 1439 1440 1291 1440 1437 1290 1437 1444 1295 1444 1437 1290 1437 1443 1294 1443 1444 1295 1444 1443 1294 1443 1439 1112 1439 1445 1296 1445 1445 1296 1445 1439 1112 1439 1446 1119 1446 1444 1295 1444 1443 1294 1443 1447 1297 1447 1443 1294 1443 1445 1296 1445 1447 1297 1447 1446 1119 1446 1448 1298 1448 1445 1296 1445 1447 1297 1447 1445 1296 1445 1448 1298 1448 1449 1122 1449 1448 1298 1448 1446 1119 1446 1450 1123 1450 1448 1298 1448 1449 1122 1449 1451 1299 1451 1448 1298 1448 1450 1123 1450 1451 1299 1451 1447 1297 1447 1448 1298 1448 1450 1123 1450 1452 1125 1452 1451 1299 1451 1453 1300 1453 1447 1297 1447 1451 1299 1451 1451 1299 1451 1452 1125 1452 1453 1300 1453 1453 1300 1453 1444 1295 1444 1447 1297 1447 1452 1125 1452 1454 1301 1454 1453 1300 1453 1454 1301 1454 1444 1295 1444 1453 1300 1453 1455 1128 1455 1454 1301 1454 1452 1125 1452 1454 1301 1454 1440 1291 1440 1444 1295 1444 1455 1128 1455 1456 1129 1456 1454 1301 1454 1457 1302 1457 1440 1291 1440 1454 1301 1454 1454 1301 1454 1456 1129 1456 1457 1302 1457 1442 1293 1442 1440 1291 1440 1457 1302 1457 1456 1129 1456 1458 1303 1458 1457 1302 1457 1459 1132 1459 1458 1303 1458 1456 1129 1456 1457 1302 1457 1460 1304 1460 1442 1293 1442 1442 1293 1442 1460 1304 1460 1461 1305 1461 1461 1305 1461 1460 1304 1460 1462 1135 1462 1462 1135 1462 1460 1304 1460 1463 1136 1463 1457 1302 1457 1464 1306 1464 1460 1304 1460 1460 1304 1460 1464 1306 1464 1463 1136 1463 1458 1303 1458 1464 1306 1464 1457 1302 1457 1463 1136 1463 1464 1306 1464 1465 1138 1465 1464 1306 1464 1466 1307 1466 1465 1138 1465 1458 1303 1458 1466 1307 1466 1464 1306 1464 1465 1138 1465 1466 1307 1466 1467 1140 1467 1468 1308 1468 1466 1307 1466 1458 1303 1458 1466 1307 1466 1468 1308 1468 1467 1140 1467 1459 1132 1459 1468 1308 1468 1458 1303 1458 1467 1140 1467 1468 1308 1468 1469 1142 1469 1469 1142 1469 1468 1308 1468 1459 1132 1459 1470 1145 1470 1471 1144 1471 1472 1309 1472 1472 1309 1472 1471 1144 1471 1473 1310 1473 1473 1310 1473 1474 1311 1474 1472 1309 1472 1473 1310 1473 1471 1144 1471 1475 1312 1475 1475 1312 1475 1471 1144 1471 1476 1149 1476 1477 1150 1477 1475 1312 1475 1476 1149 1476 1478 1313 1478 1474 1311 1474 1473 1310 1473 1474 1311 1474 1478 1313 1478 1479 1314 1479 1480 1315 1480 1473 1310 1473 1475 1312 1475 1480 1315 1480 1475 1312 1475 1477 1150 1477 1478 1313 1478 1473 1310 1473 1480 1315 1480 1480 1315 1480 1477 1150 1477 1481 1316 1481 1481 1316 1481 1477 1150 1477 1482 1155 1482 1478 1313 1478 1480 1315 1480 1483 1317 1483 1483 1317 1483 1480 1315 1480 1481 1316 1481 1479 1314 1479 1478 1313 1478 1484 1318 1484 1478 1313 1478 1483 1317 1483 1484 1318 1484 1479 1314 1479 1484 1318 1484 1485 1319 1485 1481 1316 1481 1482 1155 1482 1486 1320 1486 1486 1320 1486 1482 1155 1482 1487 1160 1487 1485 1319 1485 1484 1318 1484 1488 1321 1488 1485 1319 1485 1488 1321 1488 1489 1322 1489 1484 1318 1484 1490 1323 1490 1488 1321 1488 1484 1318 1484 1483 1317 1483 1490 1323 1490 1489 1322 1489 1488 1321 1488 1491 1324 1491 1491 1324 1491 1492 1165 1492 1489 1322 1489 1493 1166 1493 1492 1165 1492 1491 1324 1491 1488 1321 1488 1490 1323 1490 1494 1325 1494 1488 1321 1488 1494 1325 1494 1491 1324 1491 1490 1323 1490 1483 1317 1483 1494 1325 1494 1495 1326 1495 1493 1166 1493 1491 1324 1491 1491 1324 1491 1494 1325 1494 1495 1326 1495 1496 1169 1496 1493 1166 1493 1495 1326 1495 1494 1325 1494 1483 1317 1483 1497 1327 1497 1494 1325 1494 1497 1327 1497 1495 1326 1495 1483 1317 1483 1481 1316 1481 1497 1327 1497 1497 1327 1497 1481 1316 1481 1486 1320 1486 1498 1328 1498 1496 1169 1496 1495 1326 1495 1495 1326 1495 1497 1327 1497 1498 1328 1498 1497 1327 1497 1486 1320 1486 1498 1328 1498 1499 1172 1499 1496 1169 1496 1498 1328 1498 1498 1328 1498 1486 1320 1486 1500 1329 1500 1500 1329 1500 1499 1172 1499 1498 1328 1498 1486 1320 1486 1487 1160 1487 1500 1329 1500 1501 1174 1501 1499 1172 1499 1500 1329 1500 1500 1329 1500 1487 1160 1487 1501 1174 1501 1502 216 1502 1503 491 1503 1504 212 1504 1505 1330 1505 1504 212 1504 1503 491 1503 1505 1330 1505 1506 1331 1506 1504 212 1504 1504 212 1504 1506 1331 1506 1507 207 1507 1508 1332 1508 1505 1330 1505 1503 491 1503 1503 491 1503 1509 493 1509 1508 1332 1508 1508 1332 1508 1509 493 1509 1510 639 1510 1510 639 1510 1511 641 1511 1508 1332 1508 1507 207 1507 1506 1331 1506 1512 1333 1512 1512 1333 1512 1513 203 1513 1507 207 1507 1508 1332 1508 1511 641 1511 1514 1334 1514 1515 1335 1515 1513 203 1513 1512 1333 1512 1513 203 1513 1515 1335 1515 1516 199 1516 1514 1334 1514 1511 641 1511 1517 1336 1517 1517 1336 1517 1511 641 1511 1518 643 1518 1516 199 1516 1515 1335 1515 1519 1337 1519 1516 199 1516 1519 1337 1519 1520 200 1520 1520 200 1520 1519 1337 1519 1521 1338 1521 1517 1336 1517 1518 643 1518 1522 1339 1522 1522 1339 1522 1518 643 1518 1523 646 1523 1519 1337 1519 1524 1340 1524 1521 1338 1521 1521 1338 1521 1524 1340 1524 1525 1341 1525 1515 1335 1515 1526 1342 1526 1519 1337 1519 1519 1337 1519 1526 1342 1526 1524 1340 1524 1526 1342 1526 1515 1335 1515 1527 1343 1527 1527 1343 1527 1515 1335 1515 1512 1333 1512 1524 1340 1524 1528 1344 1528 1525 1341 1525 1525 1341 1525 1528 1344 1528 1529 1345 1529 1528 1344 1528 1530 1346 1530 1529 1345 1529 1526 1342 1526 1531 1347 1531 1524 1340 1524 1524 1340 1524 1531 1347 1531 1528 1344 1528 1527 1343 1527 1532 1348 1532 1526 1342 1526 1526 1342 1526 1532 1348 1532 1531 1347 1531 1512 1333 1512 1533 1349 1533 1527 1343 1527 1533 1349 1533 1532 1348 1532 1527 1343 1527 1506 1331 1506 1533 1349 1533 1512 1333 1512 1534 1350 1534 1531 1347 1531 1532 1348 1532 1535 1351 1535 1532 1348 1532 1533 1349 1533 1532 1348 1532 1535 1351 1535 1534 1350 1534 1533 1349 1533 1506 1331 1506 1536 1352 1536 1536 1352 1536 1535 1351 1535 1533 1349 1533 1537 1353 1537 1531 1347 1531 1534 1350 1534 1531 1347 1531 1537 1353 1537 1528 1344 1528 1534 1350 1534 1535 1351 1535 1538 1354 1538 1534 1350 1534 1538 1354 1538 1537 1353 1537 1528 1344 1528 1537 1353 1537 1539 1355 1539 1539 1355 1539 1530 1346 1530 1528 1344 1528 1539 1355 1539 1540 1356 1540 1530 1346 1530 1537 1353 1537 1541 1357 1541 1539 1355 1539 1537 1353 1537 1538 1354 1538 1541 1357 1541 1542 1358 1542 1540 1356 1540 1539 1355 1539 1539 1355 1539 1541 1357 1541 1542 1358 1542 1543 1359 1543 1538 1354 1538 1535 1351 1535 1543 1359 1543 1535 1351 1535 1536 1352 1536 1538 1354 1538 1544 1360 1544 1541 1357 1541 1544 1360 1544 1538 1354 1538 1543 1359 1543 1541 1357 1541 1545 1361 1545 1542 1358 1542 1541 1357 1541 1544 1360 1544 1545 1361 1545 1542 1358 1542 1546 1362 1546 1540 1356 1540 1540 1356 1540 1546 1362 1546 1547 1363 1547 1542 1358 1542 1545 1361 1545 1548 1364 1548 1548 1364 1548 1546 1362 1546 1542 1358 1542 1546 1362 1546 1549 1365 1549 1547 1363 1547 1547 1363 1547 1549 1365 1549 1550 1366 1550 1551 1367 1551 1546 1362 1546 1548 1364 1548 1546 1362 1546 1551 1367 1551 1549 1365 1549 1549 1365 1549 1552 1368 1552 1550 1366 1550 1549 1365 1549 1551 1367 1551 1552 1368 1552 1550 1366 1550 1552 1368 1552 1553 1369 1553 1554 1370 1554 1551 1367 1551 1548 1364 1548 1548 1364 1548 1545 1361 1545 1554 1370 1554 1555 1371 1555 1552 1368 1552 1551 1367 1551 1555 1371 1555 1551 1367 1551 1554 1370 1554 1552 1368 1552 1556 1372 1556 1553 1369 1553 1556 1372 1556 1552 1368 1552 1555 1371 1555 1553 1369 1553 1556 1372 1556 1557 1373 1557 1556 1372 1556 1558 1374 1558 1557 1373 1557 1559 1375 1559 1558 1374 1558 1556 1372 1556 1556 1372 1556 1555 1371 1555 1559 1375 1559 1559 1375 1559 1555 1371 1555 1560 1376 1560 1555 1371 1555 1554 1370 1554 1560 1376 1560 1560 1376 1560 1554 1370 1554 1561 1377 1561 1562 1378 1562 1561 1377 1561 1554 1370 1554 1554 1370 1554 1545 1361 1545 1562 1378 1562 1563 1379 1563 1561 1377 1561 1562 1378 1562 1562 1378 1562 1564 1380 1564 1563 1379 1563 1545 1361 1545 1565 1381 1565 1562 1378 1562 1565 1381 1565 1564 1380 1564 1562 1378 1562 1544 1360 1544 1565 1381 1565 1545 1361 1545 1564 1380 1564 1565 1381 1565 1566 1382 1566 1565 1381 1565 1544 1360 1544 1567 1383 1567 1566 1382 1566 1565 1381 1565 1567 1383 1567 1567 1383 1567 1544 1360 1544 1543 1359 1543 1566 1382 1566 1567 1383 1567 1568 634 1568 1543 1359 1543 1569 1384 1569 1567 1383 1567 1568 634 1568 1567 1383 1567 1569 1384 1569 1536 1352 1536 1569 1384 1569 1543 1359 1543 1569 1384 1569 1570 635 1570 1568 634 1568 1569 1384 1569 1536 1352 1536 1571 1385 1571 1571 1385 1571 1570 635 1570 1569 1384 1569 1571 1385 1571 1572 1386 1572 1570 635 1570 1570 635 1570 1572 1386 1572 1573 638 1573 1571 1385 1571 1536 1352 1536 1574 1387 1574 1574 1387 1574 1572 1386 1572 1571 1385 1571 1536 1352 1536 1575 1388 1575 1574 1387 1574 1536 1352 1536 1506 1331 1506 1575 1388 1575 1575 1388 1575 1506 1331 1506 1505 1330 1505 1574 1387 1574 1575 1388 1575 1576 1389 1576 1505 1330 1505 1576 1389 1576 1575 1388 1575 1577 1390 1577 1572 1386 1572 1574 1387 1574 1576 1389 1576 1577 1390 1577 1574 1387 1574 1578 1391 1578 1573 638 1573 1572 1386 1572 1572 1386 1572 1577 1390 1577 1578 1391 1578 1579 642 1579 1573 638 1573 1578 1391 1578 1578 1391 1578 1580 645 1580 1579 642 1579 1581 1392 1581 1576 1389 1576 1505 1330 1505 1581 1392 1581 1505 1330 1505 1508 1332 1508 1582 1393 1582 1580 645 1580 1578 1391 1578 1580 645 1580 1582 1393 1582 1583 647 1583 1508 1332 1508 1584 1394 1584 1581 1392 1581 1514 1334 1514 1584 1394 1584 1508 1332 1508 1576 1389 1576 1581 1392 1581 1585 1395 1585 1585 1395 1585 1581 1392 1581 1584 1394 1584 1585 1395 1585 1577 1390 1577 1576 1389 1576 1514 1334 1514 1586 1396 1586 1584 1394 1584 1586 1396 1586 1585 1395 1585 1584 1394 1584 1517 1336 1517 1586 1396 1586 1514 1334 1514 1577 1390 1577 1585 1395 1585 1587 1397 1587 1578 1391 1578 1577 1390 1577 1587 1397 1587 1578 1391 1578 1587 1397 1587 1582 1393 1582 1588 1398 1588 1585 1395 1585 1586 1396 1586 1587 1397 1587 1585 1395 1585 1588 1398 1588 1586 1396 1586 1517 1336 1517 1589 1399 1589 1589 1399 1589 1588 1398 1588 1586 1396 1586 1589 1399 1589 1517 1336 1517 1522 1339 1522 1587 1397 1587 1588 1398 1588 1590 1400 1590 1582 1393 1582 1587 1397 1587 1590 1400 1590 1591 1401 1591 1588 1398 1588 1589 1399 1589 1590 1400 1590 1588 1398 1588 1591 1401 1591 1589 1399 1589 1522 1339 1522 1591 1401 1591 1590 1400 1590 1592 1402 1592 1582 1393 1582 1591 1401 1591 1592 1402 1592 1590 1400 1590 1591 1401 1591 1522 1339 1522 1592 1402 1592 1583 647 1583 1582 1393 1582 1592 1402 1592 1522 1339 1522 1523 646 1523 1592 1402 1592 1592 1402 1592 1523 646 1523 1583 647 1583 1593 699 1593 1594 695 1594 1595 894 1595 1596 1403 1596 1595 894 1595 1594 695 1594 1597 1404 1597 1596 1403 1596 1594 695 1594 1594 695 1594 1598 692 1598 1597 1404 1597 1595 894 1595 1596 1403 1596 1599 1405 1599 1595 894 1595 1599 1405 1599 1600 893 1600 1600 893 1600 1599 1405 1599 1601 980 1601 1601 980 1601 1599 1405 1599 1602 982 1602 1597 1404 1597 1598 692 1598 1603 1406 1603 1604 690 1604 1603 1406 1603 1598 692 1598 1602 982 1602 1599 1405 1599 1605 1407 1605 1606 1408 1606 1603 1406 1603 1604 690 1604 1604 690 1604 1607 688 1607 1606 1408 1606 1605 1407 1605 1608 1409 1608 1602 982 1602 1602 982 1602 1608 1409 1608 1609 984 1609 1606 1408 1606 1607 688 1607 1610 1410 1610 1607 688 1607 1611 200 1611 1610 1410 1610 1610 1410 1610 1611 200 1611 1612 1338 1612 1608 1409 1608 1613 1411 1613 1609 984 1609 1609 984 1609 1613 1411 1613 1614 987 1614 1610 1410 1610 1612 1338 1612 1615 1412 1615 1615 1412 1615 1612 1338 1612 1616 1341 1616 1613 1411 1613 1617 1413 1617 1614 987 1614 1614 987 1614 1617 1413 1617 1618 988 1618 1615 1412 1615 1616 1341 1616 1619 1414 1619 1619 1414 1619 1616 1341 1616 1620 1345 1620 1620 1345 1620 1621 1346 1621 1619 1414 1619 1622 1415 1622 1610 1410 1610 1615 1412 1615 1606 1408 1606 1610 1410 1610 1622 1415 1622 1619 1414 1619 1623 1416 1623 1615 1412 1615 1615 1412 1615 1623 1416 1623 1622 1415 1622 1619 1414 1619 1621 1346 1621 1624 1417 1624 1621 1346 1621 1625 1356 1625 1624 1417 1624 1626 1418 1626 1606 1408 1606 1622 1415 1622 1603 1406 1603 1606 1408 1606 1626 1418 1626 1626 1418 1626 1622 1415 1622 1627 1419 1627 1627 1419 1627 1622 1415 1622 1623 1416 1623 1628 1420 1628 1603 1406 1603 1626 1418 1626 1627 1419 1627 1628 1420 1628 1626 1418 1626 1597 1404 1597 1603 1406 1603 1628 1420 1628 1627 1419 1627 1623 1416 1623 1629 1421 1629 1630 1422 1630 1628 1420 1628 1627 1419 1627 1627 1419 1627 1629 1421 1629 1630 1422 1630 1631 1423 1631 1597 1404 1597 1628 1420 1628 1630 1422 1630 1631 1423 1631 1628 1420 1628 1629 1421 1629 1623 1416 1623 1632 1424 1632 1619 1414 1619 1632 1424 1632 1623 1416 1623 1624 1417 1624 1632 1424 1632 1619 1414 1619 1630 1422 1630 1629 1421 1629 1633 1425 1633 1629 1421 1629 1632 1424 1632 1633 1425 1633 1624 1417 1624 1634 1426 1634 1632 1424 1632 1633 1425 1633 1632 1424 1632 1634 1426 1634 1630 1422 1630 1633 1425 1633 1635 1427 1635 1635 1427 1635 1631 1423 1631 1630 1422 1630 1633 1425 1633 1634 1426 1634 1636 1428 1636 1635 1427 1635 1633 1425 1633 1636 1428 1636 1637 1429 1637 1634 1426 1634 1624 1417 1624 1624 1417 1624 1625 1356 1625 1637 1429 1637 1636 1428 1636 1634 1426 1634 1638 1430 1638 1634 1426 1634 1637 1429 1637 1638 1430 1638 1637 1429 1637 1625 1356 1625 1639 1431 1639 1639 1431 1639 1625 1356 1625 1640 1363 1640 1638 1430 1638 1637 1429 1637 1641 1432 1641 1639 1431 1639 1641 1432 1641 1637 1429 1637 1639 1431 1639 1640 1363 1640 1642 1433 1642 1642 1433 1642 1640 1363 1640 1643 1366 1643 1644 1434 1644 1641 1432 1641 1639 1431 1639 1639 1431 1639 1642 1433 1642 1644 1434 1644 1643 1366 1643 1645 1435 1645 1642 1433 1642 1644 1434 1644 1642 1433 1642 1645 1435 1645 1646 1369 1646 1645 1435 1645 1643 1366 1643 1644 1434 1644 1647 1436 1647 1641 1432 1641 1641 1432 1641 1647 1436 1647 1638 1430 1638 1645 1435 1645 1648 1437 1648 1644 1434 1644 1648 1437 1648 1647 1436 1647 1644 1434 1644 1646 1369 1646 1649 1438 1649 1645 1435 1645 1649 1438 1649 1648 1437 1648 1645 1435 1645 1650 1373 1650 1649 1438 1649 1646 1369 1646 1650 1373 1650 1651 1374 1651 1649 1438 1649 1649 1438 1649 1651 1374 1651 1652 1439 1652 1652 1439 1652 1648 1437 1648 1649 1438 1649 1653 1440 1653 1648 1437 1648 1652 1439 1652 1653 1440 1653 1647 1436 1647 1648 1437 1648 1654 1441 1654 1647 1436 1647 1653 1440 1653 1654 1441 1654 1655 1442 1655 1647 1436 1647 1638 1430 1638 1647 1436 1647 1655 1442 1655 1656 1443 1656 1655 1442 1655 1654 1441 1654 1656 1443 1656 1657 1444 1657 1655 1442 1655 1655 1442 1655 1658 1445 1658 1638 1430 1638 1655 1442 1655 1657 1444 1657 1658 1445 1658 1638 1430 1638 1658 1445 1658 1636 1428 1636 1657 1444 1657 1659 1446 1659 1658 1445 1658 1658 1445 1658 1660 1447 1660 1636 1428 1636 1658 1445 1658 1659 1446 1659 1660 1447 1660 1636 1428 1636 1660 1447 1660 1635 1427 1635 1661 975 1661 1660 1447 1660 1659 1446 1659 1660 1447 1660 1662 1448 1662 1635 1427 1635 1662 1448 1662 1660 1447 1660 1661 975 1661 1635 1427 1635 1662 1448 1662 1631 1423 1631 1661 975 1661 1663 977 1663 1662 1448 1662 1662 1448 1662 1664 1449 1664 1631 1423 1631 1662 1448 1662 1663 977 1663 1664 1449 1664 1664 1449 1664 1663 977 1663 1665 1450 1665 1665 1450 1665 1663 977 1663 1666 979 1666 1631 1423 1631 1664 1449 1664 1667 1451 1667 1664 1449 1664 1665 1450 1665 1667 1451 1667 1631 1423 1631 1667 1451 1667 1668 1452 1668 1668 1452 1668 1597 1404 1597 1631 1423 1631 1668 1452 1668 1596 1403 1596 1597 1404 1597 1668 1452 1668 1667 1451 1667 1669 1453 1669 1669 1453 1669 1596 1403 1596 1668 1452 1668 1667 1451 1667 1665 1450 1665 1670 1454 1670 1667 1451 1667 1670 1454 1670 1669 1453 1669 1665 1450 1665 1666 979 1666 1671 1455 1671 1665 1450 1665 1671 1455 1671 1670 1454 1670 1671 1455 1671 1666 979 1666 1672 983 1672 1673 986 1673 1671 1455 1671 1672 983 1672 1674 1456 1674 1596 1403 1596 1669 1453 1669 1599 1405 1599 1596 1403 1596 1674 1456 1674 1675 1457 1675 1671 1455 1671 1673 986 1673 1618 988 1618 1675 1457 1675 1673 986 1673 1617 1413 1617 1675 1457 1675 1618 988 1618 1674 1456 1674 1676 1458 1676 1599 1405 1599 1599 1405 1599 1676 1458 1676 1605 1407 1605 1677 1459 1677 1674 1456 1674 1669 1453 1669 1676 1458 1676 1674 1456 1674 1677 1459 1677 1669 1453 1669 1670 1454 1670 1677 1459 1677 1678 1460 1678 1605 1407 1605 1676 1458 1676 1676 1458 1676 1677 1459 1677 1678 1460 1678 1608 1409 1608 1605 1407 1605 1678 1460 1678 1670 1454 1670 1679 1461 1679 1677 1459 1677 1670 1454 1670 1671 1455 1671 1679 1461 1679 1671 1455 1671 1675 1457 1675 1679 1461 1679 1678 1460 1678 1677 1459 1677 1680 1462 1680 1677 1459 1677 1679 1461 1679 1680 1462 1680 1681 1463 1681 1608 1409 1608 1678 1460 1678 1678 1460 1678 1680 1462 1680 1681 1463 1681 1613 1411 1613 1608 1409 1608 1681 1463 1681 1679 1461 1679 1675 1457 1675 1682 1464 1682 1679 1461 1679 1682 1464 1682 1680 1462 1680 1675 1457 1675 1617 1413 1617 1682 1464 1682 1681 1463 1681 1680 1462 1680 1683 1465 1683 1680 1462 1680 1682 1464 1682 1683 1465 1683 1683 1465 1683 1613 1411 1613 1681 1463 1681 1682 1464 1682 1617 1413 1617 1683 1465 1683 1617 1413 1617 1613 1411 1613 1683 1465 1683 1684 545 1684 1685 543 1685 1686 1466 1686 1684 545 1684 1686 1466 1686 1687 617 1687 1685 543 1685 1688 542 1688 1686 1466 1686 1687 617 1687 1686 1466 1686 1689 1467 1689 1686 1466 1686 1688 542 1688 1690 1468 1690 1691 619 1691 1687 617 1687 1689 1467 1689 1688 542 1688 1692 544 1692 1690 1468 1690 1689 1467 1689 1693 622 1693 1691 619 1691 1692 544 1692 1694 1469 1694 1690 1468 1690 1695 1470 1695 1693 622 1693 1689 1467 1689 1696 547 1696 1694 1469 1694 1692 544 1692 1693 622 1693 1695 1470 1695 1697 625 1697 1696 547 1696 1698 548 1698 1694 1469 1694 1699 1471 1699 1697 625 1697 1695 1470 1695 1698 548 1698 1700 1472 1700 1694 1469 1694 1701 629 1701 1697 625 1697 1699 1471 1699 1702 550 1702 1700 1472 1700 1698 548 1698 1703 569 1703 1701 629 1701 1699 1471 1699 1702 550 1702 1704 553 1704 1700 1472 1700 1705 1473 1705 1703 569 1703 1699 1471 1699 1704 553 1704 1706 1474 1706 1700 1472 1700 1707 568 1707 1703 569 1703 1705 1473 1705 1708 556 1708 1706 1474 1706 1704 553 1704 1705 1473 1705 1709 564 1709 1707 568 1707 1708 556 1708 1710 559 1710 1706 1474 1706 1705 1473 1705 1711 1475 1711 1709 564 1709 1706 1474 1706 1710 559 1710 1711 1475 1711 1709 564 1709 1711 1475 1711 1712 560 1712 1710 559 1710 1712 560 1712 1711 1475 1711 1713 1476 1713 1714 1477 1714 1715 1478 1715 1715 1478 1715 1714 1477 1714 1716 1479 1716 1717 1480 1717 1714 1477 1714 1713 1476 1713 1716 1479 1716 1714 1477 1714 1718 1481 1718 1719 1482 1719 1714 1477 1714 1717 1480 1717 1716 1479 1716 1718 1481 1718 1720 1483 1720 1721 1484 1721 1719 1482 1719 1717 1480 1717 1718 1481 1718 1722 1485 1722 1720 1483 1720 1721 1484 1721 1723 1486 1723 1719 1482 1719 1720 1483 1720 1722 1485 1722 1724 1487 1724 1719 1482 1719 1723 1486 1723 1725 1488 1725 1724 1487 1724 1722 1485 1722 1726 1489 1726 1723 1486 1723 1727 1490 1727 1725 1488 1725 1722 1485 1722 1728 1491 1728 1726 1489 1726 1727 1490 1727 1729 1492 1729 1725 1488 1725 1726 1489 1726 1728 1491 1728 1730 1493 1730 1731 1494 1731 1729 1492 1729 1727 1490 1727 1730 1493 1730 1728 1491 1728 1732 1495 1732 1733 1496 1733 1729 1492 1729 1731 1494 1731 1728 1491 1728 1734 1497 1734 1732 1495 1732 1733 1496 1733 1735 1498 1735 1729 1492 1729 1732 1495 1732 1734 1497 1734 1736 1499 1736 1737 1500 1737 1735 1498 1735 1733 1496 1733 1736 1499 1736 1734 1497 1734 1738 1501 1738 1735 1498 1735 1737 1500 1737 1739 1502 1739 1734 1497 1734 1740 1503 1740 1738 1501 1738 1735 1498 1735 1739 1502 1739 1740 1503 1740 1738 1501 1738 1740 1503 1740 1741 1504 1741 1740 1503 1740 1739 1502 1739 1741 1504 1741 1742 1505 1742 1743 1039 1743 1744 1506 1744 1744 1506 1744 1743 1039 1743 1745 1041 1745 1742 1505 1742 1744 1506 1744 1746 1507 1746 1745 1041 1745 1747 1508 1747 1744 1506 1744 1748 1045 1748 1747 1508 1747 1745 1041 1745 1746 1507 1746 1744 1506 1744 1749 1509 1749 1744 1506 1744 1747 1508 1747 1749 1509 1749 1747 1508 1747 1748 1045 1748 1750 1510 1750 1749 1509 1749 1747 1508 1747 1750 1510 1750 1750 1510 1750 1748 1045 1748 1751 1048 1751 1752 1049 1752 1750 1510 1750 1751 1048 1751 1753 1511 1753 1750 1510 1750 1752 1049 1752 1753 1511 1753 1749 1509 1749 1750 1510 1750 1754 1051 1754 1753 1511 1753 1752 1049 1752 1755 1512 1755 1749 1509 1749 1753 1511 1753 1755 1512 1755 1753 1511 1753 1754 1051 1754 1755 1512 1755 1746 1507 1746 1749 1509 1749 1756 1054 1756 1755 1512 1755 1754 1051 1754 1757 1513 1757 1746 1507 1746 1755 1512 1755 1757 1513 1757 1755 1512 1755 1756 1054 1756 1758 1514 1758 1759 1055 1759 1760 1515 1760 1760 1515 1760 1759 1055 1759 1761 1057 1761 1758 1514 1758 1760 1515 1760 1762 1516 1762 1761 1057 1761 1763 1517 1763 1760 1515 1760 1764 1061 1764 1763 1517 1763 1761 1057 1761 1762 1516 1762 1760 1515 1760 1765 1518 1765 1760 1515 1760 1763 1517 1763 1765 1518 1765 1763 1517 1763 1764 1061 1764 1766 1519 1766 1765 1518 1765 1763 1517 1763 1766 1519 1766 1766 1519 1766 1764 1061 1764 1767 1064 1767 1768 1065 1768 1766 1519 1766 1767 1064 1767 1769 1520 1769 1766 1519 1766 1768 1065 1768 1769 1520 1769 1765 1518 1765 1766 1519 1766 1770 1067 1770 1769 1520 1769 1768 1065 1768 1771 1521 1771 1765 1518 1765 1769 1520 1769 1771 1521 1771 1769 1520 1769 1770 1067 1770 1771 1521 1771 1762 1516 1762 1765 1518 1765 1772 1070 1772 1771 1521 1771 1770 1067 1770 1773 1522 1773 1762 1516 1762 1771 1521 1771 1773 1522 1773 1771 1521 1771 1772 1070 1772 1774 1523 1774 1775 1524 1775 1776 1227 1776 1776 1227 1776 1775 1524 1775 1777 1225 1777 1778 1525 1778 1775 1524 1775 1774 1523 1774 1779 1526 1779 1777 1225 1777 1775 1524 1775 1780 1231 1780 1777 1225 1777 1779 1526 1779 1781 1527 1781 1775 1524 1775 1778 1525 1778 1781 1527 1781 1779 1526 1779 1775 1524 1775 1782 1528 1782 1780 1231 1780 1779 1526 1779 1782 1528 1782 1779 1526 1779 1781 1527 1781 1783 1234 1783 1780 1231 1780 1782 1528 1782 1783 1234 1783 1782 1528 1782 1784 1235 1784 1784 1235 1784 1782 1528 1782 1785 1529 1785 1781 1527 1781 1785 1529 1785 1782 1528 1782 1784 1235 1784 1785 1529 1785 1786 1237 1786 1787 1530 1787 1785 1529 1785 1781 1527 1781 1786 1237 1786 1785 1529 1785 1787 1530 1787 1778 1525 1778 1787 1530 1787 1781 1527 1781 1786 1237 1786 1787 1530 1787 1788 1240 1788 1789 1531 1789 1787 1530 1787 1778 1525 1778 1788 1240 1788 1787 1530 1787 1789 1531 1789 1790 1532 1790 1791 1243 1791 1792 1533 1792 1793 1241 1793 1791 1243 1791 1790 1532 1790 1794 1534 1794 1790 1532 1790 1792 1533 1792 1795 1535 1795 1793 1241 1793 1790 1532 1790 1796 1247 1796 1793 1241 1793 1795 1535 1795 1797 1536 1797 1790 1532 1790 1794 1534 1794 1797 1536 1797 1795 1535 1795 1790 1532 1790 1798 1537 1798 1796 1247 1796 1795 1535 1795 1798 1537 1798 1795 1535 1795 1797 1536 1797 1799 1250 1799 1796 1247 1796 1798 1537 1798 1799 1250 1799 1798 1537 1798 1800 1251 1800 1800 1251 1800 1798 1537 1798 1801 1538 1801 1797 1536 1797 1801 1538 1801 1798 1537 1798 1800 1251 1800 1801 1538 1801 1802 1253 1802 1803 1539 1803 1801 1538 1801 1797 1536 1797 1802 1253 1802 1801 1538 1801 1803 1539 1803 1794 1534 1794 1803 1539 1803 1797 1536 1797 1802 1253 1802 1803 1539 1803 1804 1256 1804 1805 1540 1805 1803 1539 1803 1794 1534 1794 1804 1256 1804 1803 1539 1803 1805 1540 1805 916 832 916 907 825 907 1806 1541 1806 1806 1541 1806 907 825 907 903 821 903 916 832 916 1806 1541 1806 923 836 923 903 821 903 1006 910 1006 1806 1541 1806 923 836 923 1806 1541 1806 1807 1542 1807 1006 910 1006 1808 1543 1808 1806 1541 1806 1806 1541 1806 1808 1543 1808 1807 1542 1807 1809 1544 1809 923 836 923 1807 1542 1807 930 841 930 923 836 923 1809 1544 1809 1808 1543 1808 1810 1545 1810 1807 1542 1807 1807 1542 1807 1810 1545 1810 1809 1544 1809 930 841 930 1809 1544 1809 1811 1546 1811 1809 1544 1809 1810 1545 1810 1811 1546 1811 930 841 930 1811 1546 1811 931 842 931 1006 910 1006 1812 1547 1812 1808 1543 1808 1003 907 1003 1812 1547 1812 1006 910 1006 1003 907 1003 1001 905 1001 1812 1547 1812 1812 1547 1812 1813 1548 1813 1808 1543 1808 1808 1543 1808 1813 1548 1813 1810 1545 1810 1001 905 1001 1814 1549 1814 1812 1547 1812 1812 1547 1812 1814 1549 1814 1813 1548 1813 1815 1550 1815 1814 1549 1814 1001 905 1001 1001 905 1001 995 899 995 1815 1550 1815 1813 1548 1813 1816 1551 1816 1810 1545 1810 1815 1550 1815 995 899 995 1817 1552 1817 1810 1545 1810 1816 1551 1816 1818 1553 1818 1811 1546 1811 1810 1545 1810 1818 1553 1818 995 899 995 1819 1554 1819 1817 1552 1817 984 888 984 1819 1554 1819 995 899 995 1820 1555 1820 1811 1546 1811 1818 1553 1818 984 888 984 1821 1556 1821 1819 1554 1819 981 885 981 1821 1556 1821 984 888 984 1822 1557 1822 1817 1552 1817 1819 1554 1819 1821 1556 1821 1822 1557 1822 1819 1554 1819 1817 1552 1817 1823 1558 1823 1815 1550 1815 1823 1558 1823 1817 1552 1817 1822 1557 1822 1824 1559 1824 1821 1556 1821 981 885 981 1825 1560 1825 1822 1557 1822 1821 1556 1821 1821 1556 1821 1824 1559 1824 1825 1560 1825 981 885 981 1826 1561 1826 1824 1559 1824 974 878 974 1826 1561 1826 981 885 981 1826 1561 1826 974 878 974 975 879 975 1825 1560 1825 1824 1559 1824 1827 1562 1827 1826 1561 1826 1827 1562 1827 1824 1559 1824 1826 1561 1826 975 879 975 1828 1563 1828 1828 1563 1828 1827 1562 1827 1826 1561 1826 1828 1563 1828 975 879 975 1829 1564 1829 975 879 975 973 877 973 1829 1564 1829 1830 1565 1830 1827 1562 1827 1828 1563 1828 1827 1562 1827 1831 1566 1831 1825 1560 1825 1830 1565 1830 1831 1566 1831 1827 1562 1827 1825 1560 1825 1831 1566 1831 1822 1557 1822 1832 1567 1832 1830 1565 1830 1828 1563 1828 1828 1563 1828 1829 1564 1829 1832 1567 1832 1822 1557 1822 1831 1566 1831 1833 1568 1833 1822 1557 1822 1833 1568 1833 1823 1558 1823 1830 1565 1830 1834 1569 1834 1831 1566 1831 1834 1569 1834 1830 1565 1830 1832 1567 1832 1831 1566 1831 1835 1570 1835 1833 1568 1833 1831 1566 1831 1834 1569 1834 1835 1570 1835 1833 1568 1833 1836 1571 1836 1823 1558 1823 1833 1568 1833 1835 1570 1835 1836 1571 1836 1832 1567 1832 1837 1572 1837 1834 1569 1834 1834 1569 1834 1838 1573 1838 1835 1570 1835 1834 1569 1834 1837 1572 1837 1838 1573 1838 1835 1570 1835 1839 1574 1839 1836 1571 1836 1835 1570 1835 1838 1573 1838 1839 1574 1839 1837 1572 1837 1832 1567 1832 1840 1575 1840 1840 1575 1840 1832 1567 1832 1829 1564 1829 1841 1479 1841 1838 1573 1838 1837 1572 1837 1837 1572 1837 1842 1478 1842 1841 1479 1841 1840 1575 1840 1842 1478 1842 1837 1572 1837 1843 1483 1843 1838 1573 1838 1841 1479 1841 1838 1573 1838 1843 1483 1843 1839 1574 1839 1842 1478 1842 1840 1575 1840 1844 1476 1844 1839 1574 1839 1843 1483 1843 1845 1487 1845 1845 1487 1845 1846 1489 1846 1839 1574 1839 1844 1476 1844 1840 1575 1840 1847 1576 1847 1840 1575 1840 1829 1564 1829 1847 1576 1847 1844 1476 1844 1847 1576 1847 1848 1480 1848 1829 1564 1829 973 877 973 1847 1576 1847 1848 1480 1848 1847 1576 1847 1849 1577 1849 973 877 973 1849 1577 1849 1847 1576 1847 1848 1480 1848 1849 1577 1849 1850 1484 1850 973 877 973 970 874 970 1849 1577 1849 1849 1577 1849 1851 1578 1851 1850 1484 1850 1850 1484 1850 1851 1578 1851 1852 1486 1852 970 874 970 1853 1579 1853 1849 1577 1849 1849 1577 1849 1853 1579 1853 1851 1578 1851 970 874 970 969 873 969 1853 1579 1853 1852 1486 1852 1851 1578 1851 1854 1580 1854 1853 1579 1853 1854 1580 1854 1851 1578 1851 1852 1486 1852 1854 1580 1854 1855 1490 1855 1853 1579 1853 969 873 969 1856 1581 1856 1855 1490 1855 1854 1580 1854 1857 1582 1857 1855 1490 1855 1857 1582 1857 1858 1494 1858 1859 1583 1859 1854 1580 1854 1853 1579 1853 1859 1583 1859 1857 1582 1857 1854 1580 1854 1853 1579 1853 1856 1581 1856 1859 1583 1859 1858 1494 1858 1857 1582 1857 1860 1584 1860 1858 1494 1858 1860 1584 1860 1861 1496 1861 1862 1585 1862 1857 1582 1857 1859 1583 1859 1857 1582 1857 1862 1585 1862 1860 1584 1860 1859 1583 1859 1856 1581 1856 1863 1586 1863 1863 1586 1863 1862 1585 1862 1859 1583 1859 969 873 969 1864 1587 1864 1856 1581 1856 1856 1581 1856 1864 1587 1864 1863 1586 1863 969 873 969 968 872 968 1864 1587 1864 1865 1588 1865 1862 1585 1862 1863 1586 1863 1863 1586 1863 1864 1587 1864 1865 1588 1865 1860 1584 1860 1862 1585 1862 1866 1589 1866 1862 1585 1862 1865 1588 1865 1866 1589 1866 968 872 968 1867 1590 1867 1864 1587 1864 1865 1588 1865 1864 1587 1864 1867 1590 1867 1860 1584 1860 1866 1589 1866 1868 1591 1868 1861 1496 1861 1860 1584 1860 1868 1591 1868 1866 1589 1866 1865 1588 1865 1869 1592 1869 1865 1588 1865 1867 1590 1867 1869 1592 1869 1868 1591 1868 1866 1589 1866 1870 1593 1870 1866 1589 1866 1869 1592 1869 1870 1593 1870 1868 1591 1868 1871 1594 1871 1861 1496 1861 1868 1591 1868 1870 1593 1870 1871 1594 1871 1861 1496 1861 1871 1594 1871 1872 1500 1872 1872 1500 1872 1871 1594 1871 1873 1502 1873 1870 1593 1870 1869 1592 1869 1874 1595 1874 1873 1502 1873 1871 1594 1871 1875 1596 1875 1875 1596 1875 1876 1504 1876 1873 1502 1873 1871 1594 1871 1870 1593 1870 1877 1597 1877 1870 1593 1870 1874 1595 1874 1877 1597 1877 1871 1594 1871 1878 1598 1878 1875 1596 1875 1877 1597 1877 1878 1598 1878 1871 1594 1871 1879 1599 1879 1876 1504 1876 1875 1596 1875 1816 1551 1816 1875 1596 1875 1878 1598 1878 1879 1599 1879 1875 1596 1875 1816 1551 1816 1816 1551 1816 1878 1598 1878 1818 1553 1818 1818 1553 1818 1878 1598 1878 1820 1555 1820 1877 1597 1877 1820 1555 1820 1878 1598 1878 1880 1600 1880 1879 1599 1879 1816 1551 1816 1880 1600 1880 1876 1504 1876 1879 1599 1879 1880 1600 1880 1816 1551 1816 1813 1548 1813 1880 1600 1880 1881 1501 1881 1876 1504 1876 1814 1549 1814 1880 1600 1880 1813 1548 1813 1882 1499 1882 1881 1501 1881 1880 1600 1880 1883 1601 1883 1880 1600 1880 1814 1549 1814 1883 1601 1883 1882 1499 1882 1880 1600 1880 1883 1601 1883 1814 1549 1814 1884 1602 1884 1884 1602 1884 1814 1549 1814 1815 1550 1815 1815 1550 1815 1823 1558 1823 1884 1602 1884 1885 1603 1885 1882 1499 1882 1883 1601 1883 1883 1601 1883 1884 1602 1884 1885 1603 1885 1886 1495 1886 1882 1499 1882 1885 1603 1885 1823 1558 1823 1887 1604 1887 1884 1602 1884 1884 1602 1884 1887 1604 1887 1885 1603 1885 1823 1558 1823 1836 1571 1836 1887 1604 1887 1888 1605 1888 1886 1495 1886 1885 1603 1885 1885 1603 1885 1887 1604 1887 1888 1605 1888 1889 1493 1889 1886 1495 1886 1888 1605 1888 1836 1571 1836 1890 1606 1890 1887 1604 1887 1887 1604 1887 1890 1606 1890 1888 1605 1888 1890 1606 1890 1889 1493 1889 1888 1605 1888 1836 1571 1836 1839 1574 1839 1890 1606 1890 1846 1489 1846 1889 1493 1889 1890 1606 1890 1839 1574 1839 1846 1489 1846 1890 1606 1890 1891 1607 1891 1820 1555 1820 1877 1597 1877 1877 1597 1877 1874 1595 1874 1891 1607 1891 1891 1607 1891 1892 1608 1892 1820 1555 1820 1820 1555 1820 1892 1608 1892 1811 1546 1811 931 842 931 1811 1546 1811 1892 1608 1892 1891 1607 1891 1893 1609 1893 1892 1608 1892 931 842 931 1892 1608 1892 1893 1609 1893 1874 1595 1874 1893 1609 1893 1891 1607 1891 931 842 931 1893 1609 1893 1894 1610 1894 1894 1610 1894 929 840 929 931 842 931 932 843 932 929 840 929 1894 1610 1894 968 872 968 932 843 932 1894 1610 1894 1867 1590 1867 968 872 968 1894 1610 1894 1874 1595 1874 1895 1611 1895 1893 1609 1893 1894 1610 1894 1893 1609 1893 1895 1611 1895 1867 1590 1867 1894 1610 1894 1895 1611 1895 1869 1592 1869 1895 1611 1895 1874 1595 1874 1869 1592 1869 1867 1590 1867 1895 1611 1895 1896 1612 1896 1897 1613 1897 1898 1614 1898 1897 1613 1897 1899 1615 1899 1898 1614 1898 1900 1616 1900 1897 1613 1897 1896 1612 1896 1901 1617 1901 1900 1616 1900 1896 1612 1896 1902 1618 1902 1899 1615 1899 1897 1613 1897 1900 1616 1900 1902 1618 1902 1897 1613 1897 1899 1615 1899 1902 1618 1902 1903 1619 1903 1904 1620 1904 1900 1616 1900 1901 1617 1901 1905 1621 1905 1904 1620 1904 1901 1617 1901 1906 1622 1906 1902 1618 1902 1900 1616 1900 1900 1616 1900 1904 1620 1904 1906 1622 1906 1903 1619 1903 1902 1618 1902 1907 1623 1907 1902 1618 1902 1906 1622 1906 1907 1623 1907 1903 1619 1903 1907 1623 1907 1908 1624 1908 1909 1625 1909 1904 1620 1904 1905 1621 1905 1910 1626 1910 1909 1625 1909 1905 1621 1905 1906 1622 1906 1904 1620 1904 1911 1627 1911 1904 1620 1904 1909 1625 1909 1911 1627 1911 1907 1623 1907 1906 1622 1906 1912 1628 1912 1906 1622 1906 1911 1627 1911 1912 1628 1912 1908 1624 1908 1907 1623 1907 1913 1629 1913 1912 1628 1912 1913 1629 1913 1907 1623 1907 1913 1629 1913 1914 1630 1914 1908 1624 1908 1908 1624 1908 1914 1630 1914 1915 1631 1915 1915 1631 1915 1914 1630 1914 1916 1632 1916 1917 1633 1917 1913 1629 1913 1912 1628 1912 1917 1633 1917 1914 1630 1914 1913 1629 1913 1916 1632 1916 1914 1630 1914 1918 1634 1918 1918 1634 1918 1914 1630 1914 1917 1633 1917 1916 1632 1916 1918 1634 1918 1919 1635 1919 1919 1635 1919 1918 1634 1918 1920 1636 1920 1918 1634 1918 1917 1633 1917 1920 1636 1920 1919 1635 1919 1920 1636 1920 1921 1637 1921 1912 1628 1912 1922 1638 1922 1917 1633 1917 1912 1628 1912 1911 1627 1911 1922 1638 1922 1920 1636 1920 1917 1633 1917 1923 1639 1923 1917 1633 1917 1922 1638 1922 1923 1639 1923 1921 1637 1921 1920 1636 1920 1924 1640 1924 1923 1639 1923 1924 1640 1924 1920 1636 1920 1924 1640 1924 1925 1641 1925 1921 1637 1921 1911 1627 1911 1926 1642 1926 1922 1638 1922 1911 1627 1911 1909 1625 1909 1926 1642 1926 1927 1643 1927 1923 1639 1923 1922 1638 1922 1922 1638 1922 1926 1642 1926 1927 1643 1927 1928 1644 1928 1924 1640 1924 1923 1639 1923 1928 1644 1928 1923 1639 1923 1927 1643 1927 1929 1645 1929 1926 1642 1926 1909 1625 1909 1929 1645 1929 1909 1625 1909 1910 1626 1910 1926 1642 1926 1930 1646 1930 1927 1643 1927 1930 1646 1930 1926 1642 1926 1929 1645 1929 1927 1643 1927 1930 1646 1930 1931 1647 1931 1929 1645 1929 1931 1647 1931 1930 1646 1930 1931 1647 1931 1928 1644 1928 1927 1643 1927 1929 1645 1929 1910 1626 1910 1932 1648 1932 1932 1648 1932 1931 1647 1931 1929 1645 1929 1932 1648 1932 1910 1626 1910 1933 1649 1933 1925 1641 1925 1932 1648 1932 1933 1649 1933 1934 1650 1934 1928 1644 1928 1931 1647 1931 1935 1651 1935 1932 1648 1932 1925 1641 1925 1932 1648 1932 1935 1651 1935 1931 1647 1931 1931 1647 1931 1935 1651 1935 1934 1650 1934 1934 1650 1934 1935 1651 1935 1928 1644 1928 1935 1651 1935 1925 1641 1925 1924 1640 1924 1928 1644 1928 1935 1651 1935 1924 1640 1924 1936 1652 1936 1937 1612 1937 1938 1614 1938 1939 1615 1939 1936 1652 1936 1938 1614 1938 1940 1653 1940 1937 1612 1937 1936 1652 1936 1940 1653 1940 1941 1617 1941 1937 1612 1937 1942 1654 1942 1936 1652 1936 1939 1615 1939 1942 1654 1942 1940 1653 1940 1936 1652 1936 1939 1615 1939 1943 1619 1943 1942 1654 1942 1944 1655 1944 1941 1617 1941 1940 1653 1940 1944 1655 1944 1945 1621 1945 1941 1617 1941 1946 1656 1946 1940 1653 1940 1942 1654 1942 1946 1656 1946 1944 1655 1944 1940 1653 1940 1942 1654 1942 1943 1619 1943 1947 1657 1947 1942 1654 1942 1947 1657 1947 1946 1656 1946 1943 1619 1943 1948 1624 1948 1947 1657 1947 1949 1658 1949 1945 1621 1945 1944 1655 1944 1945 1621 1945 1949 1658 1949 1950 1626 1950 1951 1659 1951 1944 1655 1944 1946 1656 1946 1944 1655 1944 1951 1659 1951 1949 1658 1949 1946 1656 1946 1947 1657 1947 1952 1660 1952 1946 1656 1946 1952 1660 1952 1951 1659 1951 1947 1657 1947 1948 1624 1948 1953 1661 1953 1953 1661 1953 1952 1660 1952 1947 1657 1947 1948 1624 1948 1954 1662 1954 1953 1661 1953 1955 1631 1955 1954 1662 1954 1948 1624 1948 1955 1631 1955 1956 1632 1956 1954 1662 1954 1957 1663 1957 1952 1660 1952 1953 1661 1953 1954 1662 1954 1957 1663 1957 1953 1661 1953 1954 1662 1954 1956 1632 1956 1958 1664 1958 1958 1664 1958 1957 1663 1957 1954 1662 1954 1956 1632 1956 1959 1635 1959 1958 1664 1958 1958 1664 1958 1959 1635 1959 1960 1665 1960 1958 1664 1958 1960 1665 1960 1957 1663 1957 1959 1635 1959 1961 1637 1961 1960 1665 1960 1957 1663 1957 1962 1666 1962 1952 1660 1952 1951 1659 1951 1952 1660 1952 1962 1666 1962 1957 1663 1957 1960 1665 1960 1963 1667 1963 1963 1667 1963 1962 1666 1962 1957 1663 1957 1960 1665 1960 1961 1637 1961 1964 1668 1964 1960 1665 1960 1964 1668 1964 1963 1667 1963 1965 1641 1965 1964 1668 1964 1961 1637 1961 1951 1659 1951 1962 1666 1962 1966 1669 1966 1949 1658 1949 1951 1659 1951 1966 1669 1966 1962 1666 1962 1963 1667 1963 1967 1670 1967 1966 1669 1966 1962 1666 1962 1967 1670 1967 1963 1667 1963 1964 1668 1964 1968 1671 1968 1967 1670 1967 1963 1667 1963 1968 1671 1968 1969 1672 1969 1964 1668 1964 1965 1641 1965 1964 1668 1964 1969 1672 1969 1968 1671 1968 1966 1669 1966 1967 1670 1967 1970 1673 1970 1968 1671 1968 1969 1672 1969 1971 1674 1971 1970 1673 1970 1972 1675 1972 1966 1669 1966 1966 1669 1966 1972 1675 1972 1949 1658 1949 1950 1626 1950 1949 1658 1949 1972 1675 1972 1970 1673 1970 1967 1670 1967 1973 1676 1973 1970 1673 1970 1973 1676 1973 1972 1675 1972 1968 1671 1968 1973 1676 1973 1967 1670 1967 1971 1674 1971 1973 1676 1973 1968 1671 1968 1969 1672 1969 1973 1676 1973 1971 1674 1971 1972 1675 1972 1974 1677 1974 1950 1626 1950 1972 1675 1972 1973 1676 1973 1974 1677 1974 1974 1677 1974 1973 1676 1973 1969 1672 1969 1965 1641 1965 1974 1677 1974 1969 1672 1969 1950 1626 1950 1974 1677 1974 1975 1649 1975 1975 1649 1975 1974 1677 1974 1965 1641 1965 1976 1678 1976 1977 1679 1977 1978 1680 1978 1979 1681 1979 1976 1678 1976 1978 1680 1978 1980 1682 1980 1977 1679 1977 1976 1678 1976 1980 1682 1980 1981 1683 1981 1977 1679 1977 1982 1684 1982 1976 1678 1976 1979 1681 1979 1982 1684 1982 1980 1682 1980 1976 1678 1976 1979 1681 1979 1983 1685 1983 1982 1684 1982 1984 1686 1984 1981 1683 1981 1980 1682 1980 1984 1686 1984 1985 1687 1985 1981 1683 1981 1986 1688 1986 1980 1682 1980 1982 1684 1982 1980 1682 1980 1986 1688 1986 1984 1686 1984 1982 1684 1982 1983 1685 1983 1987 1689 1987 1982 1684 1982 1987 1689 1987 1986 1688 1986 1983 1685 1983 1988 1690 1988 1987 1689 1987 1989 1691 1989 1985 1687 1985 1984 1686 1984 1985 1687 1985 1989 1691 1989 1990 1692 1990 1984 1686 1984 1986 1688 1986 1991 1693 1991 1991 1693 1991 1989 1691 1989 1984 1686 1984 1986 1688 1986 1987 1689 1987 1992 1694 1992 1992 1694 1992 1991 1693 1991 1986 1688 1986 1987 1689 1987 1988 1690 1988 1993 1695 1993 1993 1695 1993 1992 1694 1992 1987 1689 1987 1993 1695 1993 1988 1690 1988 1994 1696 1994 1994 1696 1994 1988 1690 1988 1995 1697 1995 1995 1697 1995 1996 1698 1996 1994 1696 1994 1997 1699 1997 1992 1694 1992 1993 1695 1993 1994 1696 1994 1997 1699 1997 1993 1695 1993 1994 1696 1994 1996 1698 1996 1998 1700 1998 1998 1700 1998 1997 1699 1997 1994 1696 1994 1996 1698 1996 1999 1701 1999 1998 1700 1998 1998 1700 1998 1999 1701 1999 2000 1702 2000 1998 1700 1998 2000 1702 2000 1997 1699 1997 1999 1701 1999 2001 1703 2001 2000 1702 2000 1992 1694 1992 1997 1699 1997 2002 1704 2002 2002 1704 2002 1991 1693 1991 1992 1694 1992 1997 1699 1997 2000 1702 2000 2003 1705 2003 2002 1704 2002 1997 1699 1997 2003 1705 2003 2000 1702 2000 2001 1703 2001 2004 1706 2004 2000 1702 2000 2004 1706 2004 2003 1705 2003 2005 1707 2005 2004 1706 2004 2001 1703 2001 2002 1704 2002 2006 1708 2006 1991 1693 1991 2006 1708 2006 1989 1691 1989 1991 1693 1991 2002 1704 2002 2003 1705 2003 2007 1709 2007 2007 1709 2007 2006 1708 2006 2002 1704 2002 2003 1705 2003 2004 1706 2004 2008 1710 2008 2007 1709 2007 2003 1705 2003 2008 1710 2008 2009 1711 2009 2004 1706 2004 2005 1707 2005 2004 1706 2004 2009 1711 2009 2008 1710 2008 2007 1709 2007 2010 1712 2010 2006 1708 2006 2008 1710 2008 2009 1711 2009 2011 1713 2011 2012 1714 2012 2006 1708 2006 2010 1712 2010 1989 1691 1989 2006 1708 2006 2012 1714 2012 1990 1692 1990 1989 1691 1989 2012 1714 2012 2013 1715 2013 2010 1712 2010 2007 1709 2007 2010 1712 2010 2013 1715 2013 2012 1714 2012 2008 1710 2008 2013 1715 2013 2007 1709 2007 2011 1713 2011 2013 1715 2013 2008 1710 2008 2011 1713 2011 2009 1711 2009 2013 1715 2013 2012 1714 2012 2014 1716 2014 1990 1692 1990 2012 1714 2012 2013 1715 2013 2014 1716 2014 2013 1715 2013 2009 1711 2009 2014 1716 2014 2009 1711 2009 2005 1707 2005 2014 1716 2014 1990 1692 1990 2014 1716 2014 2015 1717 2015 2014 1716 2014 2005 1707 2005 2015 1717 2015 2016 1679 2016 2017 1718 2017 2018 1680 2018 2018 1680 2018 2017 1718 2017 2019 1681 2019 2020 1719 2020 2017 1718 2017 2016 1679 2016 2021 1683 2021 2020 1719 2020 2016 1679 2016 2019 1681 2019 2017 1718 2017 2022 1720 2022 2017 1718 2017 2020 1719 2020 2022 1720 2022 2019 1681 2019 2022 1720 2022 2023 1685 2023 2024 1721 2024 2020 1719 2020 2021 1683 2021 2025 1687 2025 2024 1721 2024 2021 1683 2021 2022 1720 2022 2020 1719 2020 2026 1722 2026 2024 1721 2024 2026 1722 2026 2020 1719 2020 2023 1685 2023 2022 1720 2022 2027 1723 2027 2026 1722 2026 2027 1723 2027 2022 1720 2022 2023 1685 2023 2027 1723 2027 2028 1690 2028 2029 1724 2029 2024 1721 2024 2025 1687 2025 2030 1692 2030 2029 1724 2029 2025 1687 2025 2031 1725 2031 2026 1722 2026 2024 1721 2024 2029 1724 2029 2031 1725 2031 2024 1721 2024 2032 1726 2032 2027 1723 2027 2026 1722 2026 2031 1725 2031 2032 1726 2032 2026 1722 2026 2028 1690 2028 2027 1723 2027 2033 1727 2033 2027 1723 2027 2032 1726 2032 2033 1727 2033 2034 1728 2034 2028 1690 2028 2033 1727 2033 2035 1697 2035 2028 1690 2028 2034 1728 2034 2035 1697 2035 2034 1728 2034 2036 1698 2036 2033 1727 2033 2032 1726 2032 2037 1729 2037 2033 1727 2033 2037 1729 2037 2034 1728 2034 2036 1698 2036 2034 1728 2034 2038 1730 2038 2034 1728 2034 2037 1729 2037 2038 1730 2038 2036 1698 2036 2038 1730 2038 2039 1701 2039 2039 1701 2039 2038 1730 2038 2040 1731 2040 2038 1730 2038 2037 1729 2037 2040 1731 2040 2039 1701 2039 2040 1731 2040 2041 1703 2041 2032 1726 2032 2042 1732 2042 2037 1729 2037 2042 1732 2042 2032 1726 2032 2031 1725 2031 2040 1731 2040 2037 1729 2037 2043 1733 2043 2037 1729 2037 2042 1732 2042 2043 1733 2043 2041 1703 2041 2040 1731 2040 2044 1734 2044 2040 1731 2040 2043 1733 2043 2044 1734 2044 2044 1734 2044 2045 1707 2045 2041 1703 2041 2046 1735 2046 2042 1732 2042 2031 1725 2031 2046 1735 2046 2031 1725 2031 2029 1724 2029 2047 1736 2047 2043 1733 2043 2042 1732 2042 2047 1736 2047 2042 1732 2042 2046 1735 2046 2044 1734 2044 2043 1733 2043 2048 1737 2048 2048 1737 2048 2043 1733 2043 2047 1736 2047 2029 1724 2029 2049 1738 2049 2046 1735 2046 2049 1738 2049 2029 1724 2029 2030 1692 2030 2050 1739 2050 2047 1736 2047 2046 1735 2046 2046 1735 2046 2049 1738 2049 2050 1739 2050 2051 1740 2051 2047 1736 2047 2050 1739 2050 2049 1738 2049 2051 1740 2051 2050 1739 2050 2047 1736 2047 2051 1740 2051 2048 1737 2048 2049 1738 2049 2030 1692 2030 2052 1741 2052 2052 1741 2052 2051 1740 2051 2049 1738 2049 2052 1741 2052 2030 1692 2030 2053 1717 2053 2053 1717 2053 2045 1707 2045 2052 1741 2052 2048 1737 2048 2051 1740 2051 2054 1742 2054 2052 1741 2052 2045 1707 2045 2055 1743 2055 2055 1743 2055 2051 1740 2051 2052 1741 2052 2054 1742 2054 2051 1740 2051 2055 1743 2055 2055 1743 2055 2048 1737 2048 2054 1742 2054 2055 1743 2055 2045 1707 2045 2044 1734 2044 2044 1734 2044 2048 1737 2048 2055 1743 2055 2056 1744 2056 2057 1745 2057 2058 1746 2058 2056 1744 2056 2059 1747 2059 2057 1745 2057 2058 1746 2058 2057 1745 2057 2060 1748 2060 2058 1746 2058 2060 1748 2060 2061 1749 2061 2057 1745 2057 2059 1747 2059 2062 1750 2062 2059 1747 2059 2063 1751 2063 2062 1750 2062 2057 1745 2057 2064 1752 2064 2060 1748 2060 2057 1745 2057 2062 1750 2062 2064 1752 2064 2061 1749 2061 2060 1748 2060 2065 1753 2065 2065 1753 2065 2066 1754 2066 2061 1749 2061 2060 1748 2060 2064 1752 2064 2067 1755 2067 2067 1755 2067 2065 1753 2065 2060 1748 2060 2068 1756 2068 2066 1754 2066 2065 1753 2065 2066 1754 2066 2068 1756 2068 2069 1757 2069 2070 1758 2070 2068 1756 2068 2065 1753 2065 2070 1758 2070 2065 1753 2065 2067 1755 2067 2069 1757 2069 2068 1756 2068 2071 1759 2071 2071 1759 2071 2068 1756 2068 2070 1758 2070 2071 1759 2071 2072 1760 2072 2069 1757 2069 2069 1757 2069 2072 1760 2072 2073 1761 2073 2074 1762 2074 2071 1759 2071 2070 1758 2070 2072 1760 2072 2071 1759 2071 2074 1762 2074 2075 1763 2075 2070 1758 2070 2067 1755 2067 2074 1762 2074 2070 1758 2070 2075 1763 2075 2076 1764 2076 2073 1761 2073 2072 1760 2072 2077 1765 2077 2073 1761 2073 2076 1764 2076 2078 1766 2078 2072 1760 2072 2074 1762 2074 2076 1764 2076 2072 1760 2072 2078 1766 2078 2079 1767 2079 2074 1762 2074 2075 1763 2075 2078 1766 2078 2074 1762 2074 2079 1767 2079 2067 1755 2067 2080 1768 2080 2075 1763 2075 2064 1752 2064 2080 1768 2080 2067 1755 2067 2075 1763 2075 2081 1769 2081 2079 1767 2079 2080 1768 2080 2081 1769 2081 2075 1763 2075 2064 1752 2064 2082 1770 2082 2080 1768 2080 2064 1752 2064 2062 1750 2062 2082 1770 2082 2080 1768 2080 2083 1771 2083 2081 1769 2081 2080 1768 2080 2082 1770 2082 2083 1771 2083 2062 1750 2062 2084 1772 2084 2082 1770 2082 2062 1750 2062 2063 1751 2063 2084 1772 2084 2085 1773 2085 2084 1772 2084 2063 1751 2063 2082 1770 2082 2084 1772 2084 2086 1774 2086 2086 1774 2086 2083 1771 2083 2082 1770 2082 2087 1775 2087 2084 1772 2084 2085 1773 2085 2084 1772 2084 2087 1775 2087 2086 1774 2086 2088 1776 2088 2087 1775 2087 2085 1773 2085 2086 1774 2086 2087 1775 2087 2089 1777 2089 2089 1777 2089 2087 1775 2087 2088 1776 2088 2090 1778 2090 2083 1771 2083 2086 1774 2086 2089 1777 2089 2090 1778 2090 2086 1774 2086 2088 1776 2088 2091 1779 2091 2089 1777 2089 2091 1779 2091 2090 1778 2090 2089 1777 2089 2092 1780 2092 2091 1779 2091 2088 1776 2088 2090 1778 2090 2093 1781 2093 2083 1771 2083 2081 1769 2081 2083 1771 2083 2093 1781 2093 2091 1779 2091 2094 1782 2094 2090 1778 2090 2094 1782 2094 2093 1781 2093 2090 1778 2090 2092 1780 2092 2095 1783 2095 2091 1779 2091 2095 1783 2095 2094 1782 2094 2091 1779 2091 2096 1784 2096 2095 1783 2095 2092 1780 2092 2093 1781 2093 2094 1782 2094 2097 1785 2097 2095 1783 2095 2096 1784 2096 2098 1786 2098 2098 1786 2098 2096 1784 2096 2099 1787 2099 2094 1782 2094 2095 1783 2095 2100 1788 2100 2100 1788 2100 2095 1783 2095 2098 1786 2098 2097 1785 2097 2094 1782 2094 2100 1788 2100 2099 1787 2099 2101 1789 2101 2098 1786 2098 2102 1790 2102 2101 1789 2101 2099 1787 2099 2098 1786 2098 2103 1791 2103 2100 1788 2100 2101 1789 2101 2103 1791 2103 2098 1786 2098 2103 1791 2103 2097 1785 2097 2100 1788 2100 2101 1789 2101 2102 1790 2102 2104 1792 2104 2104 1792 2104 2103 1791 2103 2101 1789 2101 2104 1792 2104 2102 1790 2102 2105 1793 2105 2106 1794 2106 2097 1785 2097 2103 1791 2103 2106 1794 2106 2103 1791 2103 2104 1792 2104 2104 1792 2104 2105 1793 2105 2107 1795 2107 2107 1795 2107 2106 1794 2106 2104 1792 2104 2107 1795 2107 2105 1793 2105 2108 1796 2108 2108 1796 2108 2109 1797 2109 2107 1795 2107 2097 1785 2097 2106 1794 2106 2110 1798 2110 2110 1798 2110 2093 1781 2093 2097 1785 2097 2081 1769 2081 2093 1781 2093 2110 1798 2110 2081 1769 2081 2110 1798 2110 2079 1767 2079 2111 1799 2111 2106 1794 2106 2107 1795 2107 2110 1798 2110 2106 1794 2106 2111 1799 2111 2107 1795 2107 2109 1797 2109 2112 1800 2112 2113 1801 2113 2112 1800 2112 2109 1797 2109 2111 1799 2111 2107 1795 2107 2114 1802 2114 2111 1799 2111 2114 1802 2114 2110 1798 2110 2114 1802 2114 2107 1795 2107 2112 1800 2112 2079 1767 2079 2110 1798 2110 2115 1803 2115 2110 1798 2110 2114 1802 2114 2115 1803 2115 2115 1803 2115 2078 1766 2078 2079 1767 2079 2112 1800 2112 2116 1804 2116 2114 1802 2114 2116 1804 2116 2115 1803 2115 2114 1802 2114 2117 1805 2117 2112 1800 2112 2113 1801 2113 2117 1805 2117 2116 1804 2116 2112 1800 2112 2113 1801 2113 2118 1806 2118 2117 1805 2117 2119 1807 2119 2078 1766 2078 2115 1803 2115 2119 1807 2119 2115 1803 2115 2116 1804 2116 2119 1807 2119 2076 1764 2076 2078 1766 2078 2117 1805 2117 2120 1808 2120 2116 1804 2116 2116 1804 2116 2120 1808 2120 2119 1807 2119 2117 1805 2117 2118 1806 2118 2120 1808 2120 2120 1808 2120 2076 1764 2076 2119 1807 2119 2118 1806 2118 2077 1765 2077 2120 1808 2120 2120 1808 2120 2077 1765 2077 2076 1764 2076</p>
                </triangles>
            </mesh>
        </geometry>
    </library_geometries>
    <library_controllers>
        <controller id="pm0550_00_41_body_mesh_shape_l_eye-controller" name="pm0550_00_41_body_mesh_shape_l_eye">
            <skin source="#pm0550_00_41_body_mesh_shape_l_eye-geometry">
                <bind_shape_matrix>1 0 0 0 0 1 0 0 0 0 1 0 0 0 0 1</bind_shape_matrix>
                <source id="pm0550_00_41_body_mesh_shape_l_eye-joints">
                    <Name_array id="pm0550_00_41_body_mesh_shape_l_eye-joints-array" count="1">upper_jaw</Name_array>
                    <technique_common>
                        <accessor count="1" offset="0" source="#pm0550_00_41_body_mesh_shape_l_eye-joints-array" stride="1">
                            <param name="JOINT" type="Name" />
                        </accessor>
                    </technique_common>
                </source>
                <source id="pm0550_00_41_body_mesh_shape_l_eye-matrices">
                    <float_array id="pm0550_00_41_body_mesh_shape_l_eye-matrices-array" count="16">9.979195E-07 -0.01745129 0.9998489 -0.080127 1.000001 1.087409E-06 8.823164E-07 9.690916E-07 1.031768E-06 0.999849 0.01745341 -0.3944576 1E-06 1E-06 1E-06 1.000001</float_array>
                    <technique_common>
                        <accessor count="1" offset="0" source="#pm0550_00_41_body_mesh_shape_l_eye-matrices-array" stride="16">
                            <param name="TRANSFORM" type="float4x4" />
                        </accessor>
                    </technique_common>
                </source>
                <source id="pm0550_00_41_body_mesh_shape_l_eye-weights">
                    <float_array id="pm0550_00_41_body_mesh_shape_l_eye-weights-array" count="1">1</float_array>
                    <technique_common>
                        <accessor count="1" offset="0" source="#pm0550_00_41_body_mesh_shape_l_eye-weights-array" stride="1">
                            <param name="WEIGHT" type="float" />
                        </accessor>
                    </technique_common>
                </source>
                <joints>
                    <input semantic="JOINT" source="#pm0550_00_41_body_mesh_shape_l_eye-joints" />
                    <input semantic="INV_BIND_MATRIX" source="#pm0550_00_41_body_mesh_shape_l_eye-matrices" />
                </joints>
                <vertex_weights count="49">
                    <input semantic="JOINT" source="#pm0550_00_41_body_mesh_shape_l_eye-joints" offset="0" set="0" />
                    <input semantic="WEIGHT" source="#pm0550_00_41_body_mesh_shape_l_eye-weights" offset="1" set="0" />
                    <vcount>1 1 1 1 1 1 1 1 1 1 1 1 1 1 1 1 1 1 1 1 1 1 1 1 1 1 1 1 1 1 1 1 1 1 1 1 1 1 1 1 1 1 1 1 1 1 1 1 1</vcount>
                    <v>0 0 0 0 0 0 0 0 0 0 0 0 0 0 0 0 0 0 0 0 0 0 0 0 0 0 0 0 0 0 0 0 0 0 0 0 0 0 0 0 0 0 0 0 0 0 0 0 0 0 0 0 0 0 0 0 0 0 0 0 0 0 0 0 0 0 0 0 0 0 0 0 0 0 0 0 0 0 0 0 0 0 0 0 0 0 0 0 0 0 0 0 0 0 0 0 0 0</v>
                </vertex_weights>
            </skin>
        </controller>
        <controller id="pm0550_00_41_body_mesh_shape_r_eye-controller" name="pm0550_00_41_body_mesh_shape_r_eye">
            <skin source="#pm0550_00_41_body_mesh_shape_r_eye-geometry">
                <bind_shape_matrix>1 0 0 0 0 1 0 0 0 0 1 0 0 0 0 1</bind_shape_matrix>
                <source id="pm0550_00_41_body_mesh_shape_r_eye-joints">
                    <Name_array id="pm0550_00_41_body_mesh_shape_r_eye-joints-array" count="1">upper_jaw</Name_array>
                    <technique_common>
                        <accessor count="1" offset="0" source="#pm0550_00_41_body_mesh_shape_r_eye-joints-array" stride="1">
                            <param name="JOINT" type="Name" />
                        </accessor>
                    </technique_common>
                </source>
                <source id="pm0550_00_41_body_mesh_shape_r_eye-matrices">
                    <float_array id="pm0550_00_41_body_mesh_shape_r_eye-matrices-array" count="16">9.979195E-07 -0.01745129 0.9998489 -0.080127 1.000001 1.087409E-06 8.823164E-07 9.690916E-07 1.031768E-06 0.999849 0.01745341 -0.3944576 1E-06 1E-06 1E-06 1.000001</float_array>
                    <technique_common>
                        <accessor count="1" offset="0" source="#pm0550_00_41_body_mesh_shape_r_eye-matrices-array" stride="16">
                            <param name="TRANSFORM" type="float4x4" />
                        </accessor>
                    </technique_common>
                </source>
                <source id="pm0550_00_41_body_mesh_shape_r_eye-weights">
                    <float_array id="pm0550_00_41_body_mesh_shape_r_eye-weights-array" count="1">1</float_array>
                    <technique_common>
                        <accessor count="1" offset="0" source="#pm0550_00_41_body_mesh_shape_r_eye-weights-array" stride="1">
                            <param name="WEIGHT" type="float" />
                        </accessor>
                    </technique_common>
                </source>
                <joints>
                    <input semantic="JOINT" source="#pm0550_00_41_body_mesh_shape_r_eye-joints" />
                    <input semantic="INV_BIND_MATRIX" source="#pm0550_00_41_body_mesh_shape_r_eye-matrices" />
                </joints>
                <vertex_weights count="49">
                    <input semantic="JOINT" source="#pm0550_00_41_body_mesh_shape_r_eye-joints" offset="0" set="0" />
                    <input semantic="WEIGHT" source="#pm0550_00_41_body_mesh_shape_r_eye-weights" offset="1" set="0" />
                    <vcount>1 1 1 1 1 1 1 1 1 1 1 1 1 1 1 1 1 1 1 1 1 1 1 1 1 1 1 1 1 1 1 1 1 1 1 1 1 1 1 1 1 1 1 1 1 1 1 1 1</vcount>
                    <v>0 0 0 0 0 0 0 0 0 0 0 0 0 0 0 0 0 0 0 0 0 0 0 0 0 0 0 0 0 0 0 0 0 0 0 0 0 0 0 0 0 0 0 0 0 0 0 0 0 0 0 0 0 0 0 0 0 0 0 0 0 0 0 0 0 0 0 0 0 0 0 0 0 0 0 0 0 0 0 0 0 0 0 0 0 0 0 0 0 0 0 0 0 0 0 0 0 0</v>
                </vertex_weights>
            </skin>
        </controller>
        <controller id="pm0550_00_41_body_mesh_shape_body_01-controller" name="pm0550_00_41_body_mesh_shape_body_01">
            <skin source="#pm0550_00_41_body_mesh_shape_body_01-geometry">
                <bind_shape_matrix>1 0 0 0 0 1 0 0 0 0 1 0 0 0 0 1</bind_shape_matrix>
                <source id="pm0550_00_41_body_mesh_shape_body_01-joints">
                    <Name_array id="pm0550_00_41_body_mesh_shape_body_01-joints-array" count="39">lower_jaw_02 lower_jaw_01 head upper_jaw hips tail_01 upper_feeler_a_01 upper_feeler_a_02 tail_02 tail_03 tail_04 left_upper_eyelid_b left_upper_eyelid_b_sub left_lower_eyelid_c left_lower_eyelid_b left_lower_eyelid_b_sub left_lower_eyelid_a left_upper_eyelid_c left_upper_eyelid_c_sub left_upper_eyelid_a_sub left_upper_eyelid_a upper_feeler_b_01 upper_feeler_b_02 lower_feeler_01 lower_feeler_02 right_lower_eyelid_b right_lower_eyelid_c right_lower_eyelid_b_sub right_upper_eyelid_a right_upper_eyelid_a_sub right_lower_eyelid_a right_upper_eyelid_b right_upper_eyelid_b_sub right_upper_eyelid_c_sub right_upper_eyelid_c left_feeler_01 left_feeler_02 right_feeler_01 right_feeler_02</Name_array>
                    <technique_common>
                        <accessor count="39" offset="0" source="#pm0550_00_41_body_mesh_shape_body_01-joints-array" stride="1">
                            <param name="JOINT" type="Name" />
                        </accessor>
                    </technique_common>
                </source>
                <source id="pm0550_00_41_body_mesh_shape_body_01-matrices">
                    <float_array id="pm0550_00_41_body_mesh_shape_body_01-matrices-array" count="624">1.079767E-06 0.6691318 0.7431459 -0.351069 -0.999999 1E-06 1.119209E-06 9.964238E-07 9.114102E-07 -0.7431437 0.6691317 -0.02797697 1E-06 1E-06 1E-06 1.000001 9.477421E-07 -0.43837 0.8987951 0.1025471 -0.999999 1E-06 1.119209E-06 9.964238E-07 8.928554E-07 -0.8987932 -0.4383701 0.3950267 1E-06 1E-06 1E-06 1.000001 1E-06 1.119209E-06 1.000001 -0.03099904 -0.9999991 1E-06 1.119209E-06 9.964238E-07 8.807907E-07 -0.9999991 1E-06 0.3400011 1E-06 1E-06 1E-06 1.000001 9.979195E-07 -0.01745129 0.9998489 -0.080127 1.000001 1.087409E-06 8.823164E-07 9.690916E-07 1.031768E-06 0.999849 0.01745341 -0.3944576 1E-06 1E-06 1E-06 1.000001 1.087423E-06 8.807907E-07 -0.9999991 0.02900104 1.000001 1E-06 9.682135E-07 1.001041E-06 8.807907E-07 -0.9999991 1E-06 0.3400011 1E-06 1E-06 1E-06 1.000001 1.087423E-06 8.807907E-07 -0.9999991 -0.140999 1.000001 1E-06 9.682135E-07 1.001041E-06 8.807907E-07 -0.9999991 1E-06 0.3400011 1E-06 1E-06 1E-06 1.000001 1.117398E-06 0.9848089 -0.1736472 -0.6126637 -0.9999991 1E-06 1.119209E-06 9.964238E-07 1.0207E-06 0.1736493 0.9848089 -0.0958432 1E-06 1E-06 1E-06 1.000001 1.117398E-06 0.9848089 -0.1736472 -0.6826637 -0.9999991 1E-06 1.119209E-06 9.964238E-07 1.0207E-06 0.1736493 0.9848089 -0.0958432 1E-06 1E-06 1E-06 1.000001 1.087423E-06 8.807907E-07 -0.9999991 -0.260999 1.000001 1E-06 9.682135E-07 1.001041E-06 8.807907E-07 -0.9999991 1E-06 0.3400011 1E-06 1E-06 1E-06 1.000001 1.087423E-06 8.807907E-07 -0.9999991 -0.355999 1.000001 1E-06 9.682135E-07 1.001041E-06 8.807907E-07 -0.9999991 1E-06 0.3400011 1E-06 1E-06 1E-06 1.000001 1.087423E-06 8.807907E-07 -0.9999991 -0.4759989 1.000001 1E-06 9.682135E-07 1.001041E-06 8.807907E-07 -0.9999991 1E-06 0.3400011 1E-06 1E-06 1E-06 1.000001 0.9634158 -0.2274586 0.1417553 0.09193735 0.1973279 0.2440708 -0.9494684 0.06912305 0.181369 0.9427059 0.2800254 -0.5525359 1E-06 1E-06 1E-06 1.000001 0.181369 0.9427059 0.2800254 -0.5525358 -0.197326 -0.2440688 0.9494705 -0.06912106 0.9634157 -0.2274587 0.1417554 -0.04006264 1E-06 1E-06 1E-06 1.000001 0.8547847 0.4366788 0.2804609 -0.2376474 -0.4654176 0.8840968 0.04195861 -0.391712 -0.2296306 -0.1663948 0.9589495 -0.06021448 1E-06 1E-06 1E-06 1.000001 0.7819802 0.5317051 0.32527 -0.2687742 -0.2449608 -0.2176977 0.9447768 -0.07648095 0.5731525 -0.8184722 -0.03998776 0.3375059 1E-06 1E-06 1E-06 1.000001 0.5731525 -0.8184723 -0.03998778 0.337506 0.2449629 0.2176998 -0.9447748 0.07648291 0.7819801 0.5317051 0.3252701 -0.4287744 1E-06 1E-06 1E-06 1.000001 0.8371475 0.3395037 0.4288643 -0.229918 0.4716903 -0.8450568 -0.251766 0.4122682 0.2769397 0.413057 -0.8675759 0.003662119 1E-06 1E-06 1E-06 1.000001 0.9634158 -0.2274586 0.1417553 0.09178133 0.1973279 0.2440708 -0.9494684 0.02406837 0.181369 0.9427059 0.2800254 -0.5523109 1E-06 1E-06 1E-06 1.000001 0.181369 0.9427059 0.2800254 -0.5523109 -0.197326 -0.2440688 0.9494705 -0.02406634 0.9634157 -0.2274587 0.1417554 -0.04021863 1E-06 1E-06 1E-06 1.000001 0.2551864 0.9222758 0.2903287 -0.5442957 -0.1970846 -0.2443487 0.9494485 -0.1149773 0.9465938 -0.2995035 0.1194133 0.002415757 1E-06 1E-06 1E-06 1.000001 0.9465939 -0.2995035 0.1194133 0.1344157 0.1970865 0.2443507 -0.9494465 0.1149793 0.2551865 0.9222758 0.2903287 -0.5442957 1E-06 1E-06 1E-06 1.000001 1.146806E-06 0.7313548 -0.6819974 -0.5295439 -0.9999991 1.059622E-06 1.095724E-06 9.857923E-07 1.104786E-06 0.6819995 0.7313548 -0.1506084 1E-06 1E-06 1E-06 1.000001 1.146806E-06 0.7313548 -0.6819974 -0.5995439 -0.9999991 1.059622E-06 1.095724E-06 9.857923E-07 1.104786E-06 0.6819995 0.7313548 -0.1506084 1E-06 1E-06 1E-06 1.000001 9.266549E-07 -0.9135446 -0.4067356 0.1242951 1.000001 1E-06 9.682135E-07 1.001041E-06 8.716485E-07 -0.4067355 0.9135466 0.2863085 1E-06 1E-06 1E-06 1.000001 9.98077E-07 -0.6018143 -0.7986345 -0.07382455 1.000001 1E-06 9.682135E-07 1.001041E-06 8.521828E-07 -0.7986345 0.6018162 0.2864297 1E-06 1E-06 1E-06 1.000001 -0.7819781 0.531705 0.3252702 -0.2687742 -0.2449608 0.2176996 -0.9447747 0.07648297 -0.5731506 -0.8184723 -0.03998761 0.3375059 1E-06 1E-06 1E-06 1.000001 -0.8547826 0.4366786 0.2804611 -0.2376473 -0.4654177 -0.8840948 -0.0419565 0.391714 0.2296326 -0.1663948 0.9589494 -0.0602145 1E-06 1E-06 1E-06 1.000001 -0.5731506 -0.8184724 -0.03998765 0.337506 0.2449629 -0.2176977 0.9447768 -0.07648091 -0.781978 0.531705 0.3252703 -0.4287748 1E-06 1E-06 1E-06 1.000001 -0.9465918 -0.2995036 0.1194135 0.1344158 0.1970865 -0.2443487 0.9494485 -0.1149773 -0.2551844 0.9222757 0.2903287 -0.5442957 1E-06 1E-06 1E-06 1.000001 -0.2551844 0.9222758 0.2903288 -0.5442957 -0.1970845 0.2443507 -0.9494466 0.1149793 -0.9465918 -0.2995037 0.1194135 0.002415861 1E-06 1E-06 1E-06 1.000001 -0.8371455 0.3395036 0.4288645 -0.229918 0.4716903 0.8450589 0.2517679 -0.4122662 -0.2769376 0.413057 -0.8675758 0.003662119 1E-06 1E-06 1E-06 1.000001 -0.9634137 -0.2274587 0.1417556 0.0919374 0.1973278 -0.2440688 0.9494703 -0.06912106 -0.181367 0.9427059 0.2800255 -0.5525359 1E-06 1E-06 1E-06 1.000001 -0.1813669 0.9427059 0.2800255 -0.5525358 -0.1973259 0.2440708 -0.9494684 0.06912306 -0.9634137 -0.2274588 0.1417556 -0.04006261 1E-06 1E-06 1E-06 1.000001 -0.1813669 0.9427059 0.2800255 -0.5523109 -0.1973259 0.2440708 -0.9494684 0.02406837 -0.9634137 -0.2274588 0.1417556 -0.04021883 1E-06 1E-06 1E-06 1.000001 -0.9634137 -0.2274587 0.1417556 0.09178139 0.1973278 -0.2440688 0.9494703 -0.02406637 -0.181367 0.9427059 0.2800255 -0.5523109 1E-06 1E-06 1E-06 1.000001 1.000001 1.119209E-06 8.807907E-07 -0.157999 1.119209E-06 1.000001 1.119209E-06 -0.3729991 8.807907E-07 1.119209E-06 1.000001 -0.08499903 1E-06 1E-06 1E-06 1.000001 1.000001 1.119209E-06 8.807907E-07 -0.257999 1.119209E-06 1.000001 1.119209E-06 -0.3729991 8.807907E-07 1.119209E-06 1.000001 -0.08499904 1E-06 1E-06 1E-06 1.000001 -0.9999992 1.119209E-06 1.119209E-06 -0.1579991 8.807907E-07 -0.9999992 8.807907E-07 0.3730011 1.119209E-06 1.119209E-06 1.000001 -0.08499903 1E-06 1E-06 1E-06 1.000001 -0.9999992 1.119209E-06 1.119209E-06 -0.257999 8.807907E-07 -0.9999992 8.807907E-07 0.3730011 1.119209E-06 1.119209E-06 1.000001 -0.08499904 1E-06 1E-06 1E-06 1.000001</float_array>
                    <technique_common>
                        <accessor count="39" offset="0" source="#pm0550_00_41_body_mesh_shape_body_01-matrices-array" stride="16">
                            <param name="TRANSFORM" type="float4x4" />
                        </accessor>
                    </technique_common>
                </source>
                <source id="pm0550_00_41_body_mesh_shape_body_01-weights">
                    <float_array id="pm0550_00_41_body_mesh_shape_body_01-weights-array" count="95">1 0.2999924 0.6999924 0.4 0.6 0.00999466 0.9900053 0.0399939 0.9600061 0.1000076 0.9000076 0.4500038 0.5499962 0.5000076 0.2399939 0.3700007 0.3900054 0.2699931 0.6599985 0.06999313 0.2200046 0.6500038 0.1300069 0.02999924 0.9700007 0.02000458 0.9799954 0.2099947 0.6299992 0.1600061 0.2 0.1700008 0.2500038 0.1499962 0.5400015 0.5199969 0.2299992 0.4200046 0.4800031 0.1799954 0.319997 0.4299992 0.5600061 0.1900053 0.2599985 0.5100023 0.4399939 0.05999848 0.4699931 0.08000305 0.119997 0.4599985 0.4099947 0.3100023 0.3799954 0.3300069 0.3400015 0.3600061 0.1100023 0.5799954 0.680003 0.1400015 0.7100023 0.6899977 0.05000382 0.5900053 0.7499962 0.7400015 0.7700008 0.8299992 0.7300069 0.880003 0.4899977 0.9300069 0.7199969 0.6399939 0.5700008 0.3499962 0.8 0.9499962 0.6200046 0.7900053 0.6699932 0.280003 0.2899977 0.5300069 0.8399939 0.08999771 0.919997 0.8599985 0.8500038 0.7600061 0.6099946 0.8099946 0.8699932</float_array>
                    <technique_common>
                        <accessor count="95" offset="0" source="#pm0550_00_41_body_mesh_shape_body_01-weights-array" stride="1">
                            <param name="WEIGHT" type="float" />
                        </accessor>
                    </technique_common>
                </source>
                <joints>
                    <input semantic="JOINT" source="#pm0550_00_41_body_mesh_shape_body_01-joints" />
                    <input semantic="INV_BIND_MATRIX" source="#pm0550_00_41_body_mesh_shape_body_01-matrices" />
                </joints>
                <vertex_weights count="2121">
                    <input semantic="JOINT" source="#pm0550_00_41_body_mesh_shape_body_01-joints" offset="0" set="0" />
                    <input semantic="WEIGHT" source="#pm0550_00_41_body_mesh_shape_body_01-weights" offset="1" set="0" />
                    <vcount>1 2 1 2 2 1 2 1 1 1 1 2 1 2 1 2 1 2 2 1 3 1 3 2 2 1 3 2 1 1 2 1 1 2 1 1 1 1 1 1 1 1 1 1 1 1 1 1 1 1 1 1 1 1 1 1 1 1 1 1 1 1 1 1 1 1 1 1 1 1 1 1 1 1 1 1 1 1 1 1 1 1 1 1 1 1 1 1 2 1 1 1 1 1 2 2 2 1 2 3 2 3 3 1 1 2 1 2 1 2 1 2 1 1 1 2 1 2 1 2 2 1 1 2 1 3 2 1 3 2 2 3 3 4 3 4 3 4 4 3 4 4 2 3 3 3 3 4 4 4 4 4 4 4 4 3 3 4 3 3 3 3 4 4 4 3 3 3 4 4 4 3 4 4 3 4 4 3 3 4 3 3 3 3 4 4 4 4 4 4 4 3 2 2 3 3 3 3 3 3 3 3 3 3 3 3 3 3 2 3 3 2 3 3 3 3 3 3 4 3 3 2 3 2 3 3 3 3 3 4 3 4 3 3 3 3 3 4 4 3 4 3 4 4 3 3 3 3 4 4 3 4 3 4 3 3 4 3 3 3 3 3 3 2 3 2 2 2 2 1 1 2 1 2 2 1 3 2 1 2 2 1 3 3 3 3 2 3 3 2 3 3 4 4 3 3 3 4 3 4 4 3 4 3 3 3 4 3 3 3 3 3 4 3 4 3 3 4 3 3 3 3 3 2 3 2 2 1 2 1 2 1 2 2 1 3 2 2 1 3 2 1 1 2 2 2 3 3 3 3 3 4 4 3 3 4 4 4 3 3 3 4 3 4 3 3 4 3 3 3 4 3 3 4 3 3 4 3 3 3 3 3 4 4 4 4 4 3 4 4 3 4 4 3 4 4 4 4 3 3 3 3 3 4 3 3 3 3 3 3 3 3 3 3 3 4 4 4 3 3 3 3 3 2 3 3 3 4 3 4 4 3 3 3 3 3 3 3 3 3 2 2 2 2 2 3 3 3 3 3 3 3 2 2 3 2 2 3 2 1 1 1 1 1 1 1 1 1 1 1 1 1 1 1 1 1 1 1 1 4 1 2 3 3 1 2 3 3 3 2 3 3 4 2 4 2 2 2 2 1 1 1 1 1 1 1 1 1 1 1 1 1 1 1 1 1 3 3 1 1 4 1 1 1 1 1 1 1 1 3 1 1 1 1 3 3 4 4 4 4 4 4 4 3 4 4 4 4 4 3 4 3 3 4 4 4 4 4 3 4 3 1 4 4 3 4 3 4 4 4 4 4 4 4 4 3 1 3 1 3 3 1 1 3 1 1 1 1 1 3 1 1 1 1 1 1 1 1 1 1 1 1 1 1 1 1 1 1 1 1 1 1 1 1 1 1 1 1 1 1 1 3 4 4 4 4 4 3 4 4 3 4 3 3 3 3 3 3 4 2 2 2 2 2 2 2 2 2 2 2 2 2 2 2 3 3 4 4 3 4 4 3 4 4 2 4 3 3 3 3 4 4 4 4 4 4 4 3 3 4 3 3 3 3 4 4 4 3 3 3 4 4 4 3 4 4 3 4 4 3 3 4 3 3 3 3 4 4 4 4 4 4 4 3 2 2 3 3 3 3 3 3 3 3 3 3 3 3 3 3 3 3 2 3 3 3 2 3 4 3 3 2 3 3 2 3 3 3 3 4 3 3 4 3 3 3 3 3 4 4 3 4 3 4 4 3 3 3 3 4 4 3 4 3 4 3 3 4 3 3 3 3 3 3 2 3 2 2 2 2 1 1 2 1 2 2 1 3 2 1 2 2 1 3 2 1 2 2 2 1 2 2 1 2 2 1 2 2 1 2 2 1 1 2 2 2 3 3 3 3 3 3 3 3 3 4 3 3 3 4 3 3 4 3 3 3 3 3 3 3 3 3 3 3 3 3 3 4 4 4 4 3 3 3 4 4 4 4 4 3 3 3 3 3 3 3 4 4 4 3 3 3 3 4 3 3 3 3 3 3 3 3 3 2 2 2 3 3 3 2 3 2 3 3 3 3 3 3 3 3 4 3 3 2 2 2 2 1 1 1 1 1 1 1 1 1 1 1 1 1 1 1 1 1 1 1 1 1 1 1 1 1 1 1 1 1 1 1 1 1 1 1 1 1 1 1 1 1 1 1 1 1 1 1 1 1 1 1 1 1 1 1 1 1 1 1 1 1 1 1 1 1 1 1 1 1 2 1 2 2 2 1 4 1 4 1 1 2 4 2 3 1 3 2 3 3 2 2 3 3 3 3 3 3 4 4 3 3 3 3 3 3 3 3 3 4 3 4 4 4 3 3 3 3 3 3 4 4 4 3 3 4 3 4 4 4 3 4 3 3 4 4 3 3 3 3 3 4 3 3 3 4 4 4 4 4 3 3 3 3 4 2 2 2 2 2 2 2 2 2 2 2 2 2 2 2 2 2 2 2 2 2 2 2 2 2 2 2 2 2 2 2 2 2 2 2 2 2 2 2 2 2 2 2 2 2 2 2 1 1 1 1 1 1 1 1 1 1 1 1 1 1 1 1 1 1 1 1 1 1 1 1 1 1 1 1 1 1 1 1 2 2 2 2 2 2 2 2 2 2 2 2 2 2 2 2 1 1 1 1 1 1 1 1 1 1 1 1 1 1 1 1 1 1 1 1 1 1 1 1 1 1 1 1 1 1 1 1 1 1 1 1 1 1 1 1 1 1 1 1 1 1 1 1 3 4 3 4 4 4 4 4 4 4 4 4 4 4 4 4 4 4 4 3 3 4 4 3 3 4 3 3 3 3 4 4 4 4 4 4 4 4 4 3 3 4 4 4 4 4 4 4 3 4 3 4 3 4 4 4 4 4 4 4 4 4 4 4 4 4 4 3 4 4 3 4 4 4 4 4 4 4 2 1 2 2 2 2 2 2 2 2 2 2 2 2 2 2 2 2 2 2 2 2 2 2 2 2 2 2 2 2 2 2 2 2 1 1 1 1 1 1 1 1 1 1 1 1 1 1 1 1 1 1 1 1 1 1 1 1 1 1 1 1 1 1 1 1 2 2 2 2 2 2 2 2 2 2 2 2 2 2 2 2 1 1 1 1 1 1 1 1 1 1 1 1 1 1 1 1 1 1 1 1 1 1 1 1 1 1 1 1 1 1 1 1 1 1 1 1 1 1 1 1 1 1 1 1 1 1 1 1 3 4 3 4 4 4 4 4 4 4 4 4 4 4 4 4 4 4 4 3 3 4 4 3 3 4 3 3 3 3 4 4 4 4 4 4 4 4 4 3 3 4 4 4 4 4 4 4 3 4 3 4 3 4 4 4 4 4 4 4 4 4 4 4 4 4 4 3 4 4 3 4 4 4 4 4 4 4 2 1 3 2 3 2 2 3 2 2 2 2 2 3 2 2 3 2 2 2 3 2 2 2 2 2 2 2 2 2 2 2 2 2 2 2 2 2 2 2 3 2 3 2 2 1 2 2 2 2 2 2 1 1 2 2 1 1 1 1 2 2 1 1 2 2 2 2 2 2 2 2 2 2 2 2 2 2 2 2 2 2 2 2 2 2 2 2 2 2 2 2 2 3 3 2 2 2 3 2 2 2 2 2 3 2 2 3 2 2 2 3 2 2 2 2 2 2 2 2 2 2 2 2 2 3 2 2 2 2 2 2 2 2 2 2 2 3 1 2 2 2 2 2 2 1 1 2 2 1 1 1 1 2 2 1 1 2 2 2 2 2 2 2 2 2 2 2 2 2 2 2 2 2 2 2 2 2 2 2 2 2 2 2 3 4 2 4 4 2 2 4 4 3 2 2 3 3 3 3 2 3 4 4 4 2 2 4 3 4 4 2 3 3 2 4 4 4 2 2 4 4 2 3 3 2 3 3 2 3 4 3 4 4 2 2 3 4 4 4 2 3 2 2 2 2 2 2 2 2 2 2 2 2 2 2 2 2 1 1 1 1 1 1 1 1 1 1 1 1 1 1 1 1 2 2 2 2 2 2 2 2 2 2 2 2 2 2 2 2 1 1 1 1 1 1 1 1 1 1 1 1 1 1 1 1 2 1 1 1 4 1 1 3 1 1 4 1 4 1 4 1 3 3 1 4 1 3 3 3 4 3 4 4 4 4 4 4 4 4 4 4 4 4 3 3 3 3 4 4 4 4 3 4 4 3 4 3 3 4 3 4 3 3 1 3 3 1 4 3 3 4 4 4 3 4 3 3 4 3 4 4 3 1 3 4 4 4 4 4 4 3 1 1 1 1 3 3 1 1 3 3 2 1 3 3 3 2 1 3 2 3 3 2 3 1 3 3 3 3 3 3 3 3 3 2 3 3 3 3 3 2 1 1 3 3 3 3 1 1 3 3 2 1 3 3 3 2 1 3 2 3 3 2 3 1 3 3 3 3 3 3 3 3 3 2 3 3 3 3 3 3 3 2 1 1 3 3 1 1 3 3 2 1 3 3 3 2 1 3 2 3 3 2 3 1 3 3 3 3 3 3 3 3 3 2 3 3 3 3 3 3 3 2 1 1 3 3 1 1 3 3 2 1 3 3 3 2 1 3 2 3 3 2 3 1 3 3 3 3 3 3 3 3 3 2 3 3 3 3 3 2 1 1 3 3 1 1 1 1 1 1 1 1 1 1 1 1 1 1 1 1 1 1 1 1 1 1 1 1 1 1 1 1 1 1 1 1 1 1 1 1 1 1 1 1 1 1 1 1 1 1 1 1 1 1 1 1 1 1 1 1 1 1 1 1 1 1 1 1 1</vcount>
                    <v>0 0 1 1 0 2 0 0 1 3 0 4 1 4 0 3 1 0 1 2 0 1 1 0 1 0 1 0 1 0 2 5 1 6 1 0 2 7 1 8 1 0 2 9 1 10 1 0 2 11 1 12 2 13 1 13 1 0 2 14 3 15 1 16 1 0 2 17 3 18 1 19 2 1 3 2 3 13 1 13 1 0 2 20 3 21 1 22 2 23 3 24 3 0 3 0 2 25 3 26 3 0 3 0 2 23 3 24 3 0 3 0 3 0 3 0 3 0 3 0 3 0 3 0 3 0 3 0 3 0 3 0 3 0 3 0 3 0 3 0 3 0 3 0 3 0 3 0 3 0 3 0 3 0 3 0 3 0 3 0 3 0 3 0 3 0 3 0 3 0 3 0 3 0 3 0 3 0 3 0 3 0 3 0 3 0 3 0 3 0 3 0 3 0 3 0 3 0 3 0 3 0 3 0 3 0 3 0 3 0 3 0 3 0 3 0 2 25 3 26 3 0 3 0 3 0 3 0 3 0 2 23 3 24 2 25 3 26 2 23 3 24 3 0 2 1 3 2 2 17 3 18 1 19 2 13 1 13 2 20 3 21 1 22 2 14 3 15 1 16 1 0 1 0 2 11 1 12 1 0 2 9 1 10 1 0 2 7 1 8 1 0 2 5 1 6 1 0 1 0 1 0 1 2 0 1 1 0 1 4 0 3 1 0 1 3 0 4 1 1 0 2 0 0 0 0 3 13 1 13 1 0 2 27 3 28 1 29 3 13 1 13 1 0 2 30 3 28 1 31 3 13 1 13 3 13 1 13 2 27 3 28 1 29 2 32 4 13 5 32 6 33 7 9 4 34 5 27 2 32 4 35 5 36 6 33 7 9 4 12 5 30 2 37 4 38 5 9 6 19 7 39 4 12 5 30 6 40 7 9 4 38 5 9 2 12 4 41 5 25 6 19 7 39 4 42 5 43 6 11 7 9 4 41 5 25 2 2 4 1 7 32 4 42 5 43 7 32 4 12 5 30 7 44 4 12 5 43 7 44 4 12 5 43 6 29 7 39 4 45 5 33 6 33 7 39 4 35 5 33 6 40 7 9 4 38 5 9 6 30 7 1 4 46 5 47 6 39 7 1 4 11 5 19 6 19 7 11 4 46 5 7 6 47 7 48 4 46 5 23 6 32 7 1 4 41 5 25 7 34 4 46 5 25 7 34 4 46 5 25 6 49 7 48 4 41 5 25 7 12 4 41 5 25 7 12 4 41 5 25 7 42 4 37 5 25 7 42 4 37 5 25 6 50 7 51 4 52 5 5 6 9 7 48 4 52 5 25 6 53 7 1 4 54 5 5 6 55 7 1 4 15 6 4 7 9 4 1 6 4 7 9 4 1 3 49 6 56 7 57 4 20 3 19 6 56 7 57 4 36 3 33 6 4 7 9 4 33 2 2 3 33 4 33 3 58 6 58 7 4 4 39 3 20 6 59 7 9 4 9 2 60 3 20 4 9 3 33 6 56 7 57 4 33 3 50 6 58 7 4 4 31 3 61 7 62 4 33 3 61 7 62 4 33 3 61 6 58 7 4 4 33 3 33 7 2 4 33 3 33 7 2 4 33 3 29 7 63 4 33 3 29 7 63 4 33 3 29 6 58 7 4 4 22 3 33 6 58 7 4 4 61 3 39 6 55 7 57 4 22 3 43 6 55 7 57 4 50 3 20 6 59 7 9 4 9 3 11 6 53 7 30 4 7 3 52 6 56 7 30 4 64 3 59 6 40 7 9 2 37 3 59 2 3 3 4 3 4 6 1 7 9 3 59 6 20 7 30 3 4 6 30 7 30 3 65 6 58 7 1 3 4 6 9 7 1 3 59 6 50 7 1 3 59 6 50 7 1 2 66 1 30 4 64 2 67 1 36 4 23 2 67 1 36 4 23 2 66 1 30 4 64 2 66 1 9 4 33 2 68 1 30 4 23 2 67 1 9 4 29 2 2 4 1 2 66 1 30 4 64 2 69 1 33 4 25 2 60 4 40 2 13 4 11 5 64 2 70 1 9 4 31 2 67 1 30 4 47 2 71 1 9 4 25 2 72 4 51 5 64 2 32 4 12 5 30 2 67 3 5 1 39 4 19 2 73 1 64 4 25 2 74 1 9 4 39 2 18 4 56 2 2 1 9 4 30 2 75 4 57 2 51 4 72 5 64 2 32 4 12 5 30 2 9 4 13 5 3 2 41 4 45 5 47 2 9 4 13 5 3 2 23 4 15 5 76 8 23 2 14 4 42 5 30 2 23 4 57 5 76 8 7 4 27 5 21 8 61 2 9 4 72 5 52 2 36 4 76 5 30 4 27 5 21 8 61 4 9 5 76 8 55 2 23 4 77 5 76 8 64 2 9 4 72 5 3 8 5 4 9 5 76 8 55 4 64 5 57 8 76 9 25 4 27 5 75 8 33 2 23 4 56 5 76 8 47 4 64 5 57 8 76 9 25 5 49 8 68 9 33 4 9 5 76 8 55 4 30 5 75 8 29 5 49 8 68 9 33 5 5 8 13 9 51 10 23 4 64 5 57 8 76 9 25 4 9 5 76 8 55 5 5 8 13 9 51 10 23 5 49 8 68 9 33 4 64 5 57 8 76 9 25 8 61 9 18 10 30 8 61 9 18 10 30 5 5 8 13 9 51 10 23 8 47 9 34 10 3 8 47 9 34 10 3 8 61 9 18 10 30 8 47 9 34 10 3 8 25 9 54 10 4 8 25 9 54 10 4 9 30 10 78 8 25 9 54 10 4 9 30 10 78 9 64 10 79 9 30 10 78 9 64 10 79 10 0 10 0 9 64 10 79 10 0 9 30 10 78 9 64 10 79 10 0 8 25 9 54 10 4 9 64 10 79 10 0 9 30 10 78 9 64 10 79 10 0 8 47 9 34 10 3 8 25 9 54 10 4 8 61 9 18 10 30 8 47 9 34 10 3 9 30 10 78 8 25 9 54 10 4 8 61 9 18 10 30 9 30 10 78 8 47 9 34 10 3 8 25 9 54 10 4 5 5 8 13 9 51 10 23 5 5 8 13 9 51 10 23 5 49 8 68 9 33 8 61 9 18 10 30 5 49 8 68 9 33 4 64 5 57 8 76 9 25 4 9 5 76 8 55 4 64 5 57 8 76 9 25 5 5 8 13 9 51 10 23 5 49 8 68 9 33 5 5 8 13 9 51 10 23 8 61 9 18 10 30 5 49 8 68 9 33 8 47 9 34 10 3 5 5 8 13 9 51 10 23 8 61 9 18 10 30 8 47 9 34 10 3 8 25 9 54 10 4 8 61 9 18 10 30 8 47 9 34 10 3 5 5 8 13 9 51 10 23 5 49 8 68 9 33 5 5 8 13 9 51 10 23 8 61 9 18 10 30 5 49 8 68 9 33 5 5 8 13 9 51 10 23 5 49 8 68 9 33 8 47 9 34 10 3 8 61 9 18 10 30 8 25 9 54 10 4 8 47 9 34 10 3 9 30 10 78 8 25 9 54 10 4 9 30 10 78 9 64 10 79 10 0 9 64 10 79 10 0 9 64 10 79 10 0 9 30 10 78 9 64 10 79 10 0 8 25 9 54 10 4 9 30 10 78 9 64 10 79 10 0 8 25 9 54 10 4 9 64 10 79 10 0 10 0 9 64 10 79 9 30 10 78 9 30 10 78 8 25 9 54 10 4 8 47 9 34 10 3 8 47 9 34 10 3 8 61 9 18 10 30 8 61 9 18 10 30 5 5 8 13 9 51 10 23 5 5 8 13 9 51 10 23 5 49 8 68 9 33 5 49 8 68 9 33 4 64 5 57 8 76 9 25 4 64 5 57 8 76 9 25 4 64 5 57 8 76 9 25 4 9 5 76 8 55 4 9 5 76 8 55 4 9 5 76 8 55 4 64 5 57 8 76 9 25 4 9 5 76 8 55 4 64 5 57 8 76 9 25 4 9 5 76 8 55 4 30 5 21 8 33 4 64 5 57 8 76 9 25 4 30 5 21 8 33 4 9 5 76 8 55 4 30 5 75 8 29 4 64 5 57 8 76 9 25 4 9 5 76 8 55 4 30 5 28 8 31 4 64 5 57 8 76 9 25 4 9 5 76 8 55 4 30 5 80 8 39 4 64 5 57 8 76 9 25 4 9 5 76 8 55 4 9 5 76 8 55 4 30 5 80 8 39 4 30 5 80 8 39 4 30 5 28 8 31 2 23 4 55 5 76 8 19 2 23 4 40 5 76 8 49 2 9 4 38 5 3 8 25 2 23 4 40 5 76 8 49 2 9 4 38 5 3 8 25 2 36 4 42 5 27 2 23 4 40 5 76 8 49 2 9 4 38 5 3 8 25 2 36 4 12 5 20 2 23 4 55 5 76 8 19 2 9 4 38 5 3 8 25 2 36 4 12 5 20 2 23 4 56 5 76 8 47 2 9 4 38 5 3 8 25 2 23 4 77 5 76 8 64 2 9 4 72 5 3 8 5 2 36 4 12 5 20 2 36 4 42 5 27 2 9 4 72 5 52 2 36 4 76 5 30 2 3 4 35 5 49 2 23 4 57 5 76 8 7 2 3 4 35 5 49 4 30 5 21 8 33 2 3 4 35 5 49 4 30 5 21 8 33 4 30 5 21 8 33 2 52 4 35 5 19 2 4 4 54 5 25 2 80 4 15 5 5 2 4 4 54 5 25 2 60 1 9 4 20 2 4 4 54 5 25 2 66 3 23 1 61 4 49 2 63 3 23 1 47 4 20 2 67 3 9 1 49 4 49 2 2 3 49 4 20 2 52 4 35 5 19 2 80 4 15 5 5 2 41 4 45 5 47 2 14 4 42 5 30 2 75 4 57 2 9 4 13 5 3 2 51 4 72 5 64 2 32 4 12 5 30 2 23 4 15 5 76 8 23 2 9 4 13 5 3 2 23 4 15 5 76 8 23 2 23 4 15 5 76 8 23 2 9 4 13 5 3 2 9 4 13 5 3 2 32 4 12 5 30 2 32 4 12 5 30 2 32 4 12 5 30 2 72 4 51 5 64 2 13 4 11 5 64 2 13 4 11 5 64 2 13 4 11 5 64 2 18 4 56 2 60 4 40 2 63 4 53 2 2 4 1 2 2 4 1 2 63 3 33 4 29 2 2 3 33 4 33 2 2 3 33 4 33 2 2 3 33 4 33 2 21 3 1 4 64 2 21 3 1 4 64 2 21 3 1 4 64 2 3 3 4 2 3 3 4 2 21 3 1 4 64 2 3 3 4 2 3 3 4 2 21 3 1 4 64 2 3 3 4 3 0 3 0 3 0 3 0 3 0 3 0 3 0 3 0 3 0 3 0 3 0 3 0 3 0 3 0 3 0 3 0 3 0 3 0 3 0 3 0 3 81 11 58 12 7 13 47 3 0 2 11 3 12 3 67 11 50 12 61 2 21 3 1 4 64 3 0 2 13 3 13 2 60 3 33 4 31 2 75 3 1 4 47 2 82 3 33 4 39 2 4 3 3 2 82 3 22 4 30 2 60 3 32 4 19 2 74 3 39 1 25 4 49 2 74 3 83 2 81 3 33 1 64 4 5 2 13 1 13 2 1 3 2 2 13 1 13 2 1 3 2 3 0 3 0 3 0 3 0 3 0 3 0 3 0 3 0 3 0 3 0 3 0 3 0 3 0 3 0 3 0 3 0 3 0 3 74 14 27 15 19 3 70 14 32 15 25 3 0 3 0 3 18 16 23 14 84 15 25 3 0 3 0 3 0 3 0 3 0 3 0 3 0 3 0 3 63 14 83 15 23 3 0 3 0 3 0 3 0 3 70 14 44 15 5 3 12 14 17 15 39 3 76 14 32 15 61 13 7 3 12 14 83 15 61 13 23 3 15 14 39 15 16 13 47 3 84 14 30 15 51 13 64 3 40 14 36 15 3 13 64 3 85 14 29 15 44 13 64 3 33 14 23 15 66 13 19 3 86 14 9 15 47 3 53 14 23 15 12 13 58 3 4 14 7 15 44 13 9 3 40 14 9 15 35 13 47 3 76 14 87 15 32 13 87 3 50 14 50 15 74 13 7 3 88 14 5 13 19 3 64 14 7 15 89 13 64 3 7 14 9 15 89 14 22 15 86 13 23 3 7 14 64 15 90 13 47 3 43 14 29 15 75 13 5 3 45 14 27 15 44 13 25 3 14 14 19 15 82 13 25 3 45 14 33 15 83 13 47 3 71 14 47 15 47 3 65 14 19 15 40 13 25 3 79 14 23 13 25 3 0 3 65 17 9 18 32 13 47 3 13 17 40 18 7 16 61 3 14 12 35 17 14 3 46 11 44 12 32 13 64 3 83 12 38 17 14 11 87 12 74 17 61 13 64 3 5 11 9 12 66 17 61 3 4 11 1 12 19 13 23 3 29 11 56 12 54 13 50 3 9 11 43 12 80 18 87 3 64 11 43 12 18 18 9 3 58 11 33 12 62 18 23 3 12 11 55 12 7 13 49 3 56 11 56 12 40 3 0 3 63 11 83 12 23 3 0 3 70 11 14 12 23 3 16 11 84 12 40 3 0 3 0 3 66 11 27 12 7 3 0 3 0 3 0 3 0 3 0 3 91 11 39 12 47 3 0 3 0 3 0 3 0 3 0 3 0 3 0 3 0 3 0 3 0 3 0 3 0 3 0 3 0 3 0 3 0 3 0 3 0 3 0 3 0 3 0 3 0 3 0 3 0 3 0 3 0 3 0 3 0 3 0 3 0 3 0 3 73 19 5 13 47 3 18 20 47 19 30 16 49 3 28 20 47 19 30 16 58 3 83 19 51 11 19 16 43 3 82 20 50 19 29 16 64 3 52 19 46 11 64 16 9 20 49 12 2 16 20 3 69 20 58 19 23 16 23 3 58 20 47 12 60 16 33 3 39 11 49 12 67 3 46 20 27 12 1 16 64 3 68 20 31 12 47 3 36 11 19 12 2 3 33 11 58 12 67 3 51 11 20 12 40 3 43 11 58 12 2 3 41 11 44 12 53 3 33 11 61 12 60 18 23 2 9 1 10 2 1 1 2 2 11 1 12 2 3 1 4 2 13 1 13 2 77 1 21 2 13 1 13 2 3 1 4 2 11 1 12 2 54 1 80 2 41 1 76 2 3 1 4 2 54 1 80 2 37 1 59 2 3 1 4 2 32 4 13 5 32 2 32 4 35 5 36 6 33 7 9 4 34 5 27 6 33 7 9 4 12 5 30 2 37 4 38 5 9 6 19 7 39 4 12 5 30 6 40 7 9 4 38 5 9 2 12 4 41 5 25 6 19 7 39 4 42 5 43 6 11 7 9 4 41 5 25 2 2 4 1 6 33 7 39 4 35 5 33 7 32 4 42 5 43 7 32 4 12 5 30 7 44 4 12 5 43 7 44 4 12 5 43 6 29 7 39 4 45 5 33 6 40 7 9 4 38 5 9 6 30 7 1 4 46 5 47 6 39 7 1 4 11 5 19 6 19 7 11 4 46 5 7 6 47 7 48 4 46 5 23 6 32 7 1 4 41 5 25 7 34 4 46 5 25 7 34 4 46 5 25 6 49 7 48 4 41 5 25 7 12 4 41 5 25 7 12 4 41 5 25 7 42 4 37 5 25 7 42 4 37 5 25 6 50 7 51 4 52 5 5 6 9 7 48 4 52 5 25 6 53 7 1 4 54 5 5 6 55 7 1 4 15 6 4 7 9 4 1 6 4 7 9 4 1 3 49 6 56 7 57 4 20 3 19 6 56 7 57 4 36 3 33 6 4 7 9 4 33 2 2 3 33 4 33 3 58 6 58 7 4 4 39 3 20 6 59 7 9 4 9 2 60 3 20 4 9 3 50 6 58 7 4 4 31 3 33 6 56 7 57 4 33 3 61 7 62 4 33 3 61 7 62 4 33 3 61 6 58 7 4 4 33 3 33 7 2 4 33 3 33 7 2 4 33 3 29 7 63 4 33 3 29 7 63 4 33 3 29 6 58 7 4 4 22 3 33 6 58 7 4 4 61 3 39 6 55 7 57 4 22 3 43 6 55 7 57 4 50 3 20 6 59 7 9 4 9 3 11 6 53 7 30 4 7 3 52 6 56 7 30 4 64 3 59 6 40 7 9 2 37 3 59 2 3 3 4 3 4 6 1 7 9 3 59 6 20 7 30 3 4 6 30 7 30 3 65 6 58 7 1 3 4 6 9 7 1 3 59 6 50 7 1 3 59 6 50 7 1 2 67 1 36 4 23 2 66 1 30 4 64 2 67 1 36 4 23 2 66 1 30 4 64 2 68 1 30 4 23 2 66 1 9 4 33 2 66 1 30 4 64 2 69 1 33 4 25 2 67 1 9 4 29 2 2 4 1 2 67 1 30 4 47 2 71 1 9 4 25 2 70 1 9 4 31 2 60 4 40 2 13 4 11 5 64 2 67 3 5 1 39 4 19 2 73 1 64 4 25 2 74 1 9 4 39 2 18 4 56 2 72 4 51 5 64 2 32 4 12 5 30 2 75 4 57 2 32 4 12 5 30 2 9 4 13 5 3 2 51 4 72 5 64 2 9 4 13 5 3 2 23 4 15 5 76 8 23 2 14 4 42 5 30 2 41 4 45 5 47 2 23 4 57 5 76 8 7 4 27 5 21 8 61 2 9 4 72 5 52 2 36 4 76 5 30 4 27 5 21 8 61 4 9 5 76 8 55 2 23 4 77 5 76 8 64 2 9 4 72 5 3 8 5 4 9 5 76 8 55 4 64 5 57 8 76 9 25 4 27 5 75 8 33 2 23 4 56 5 76 8 47 4 64 5 57 8 76 9 25 5 49 8 68 9 33 4 9 5 76 8 55 4 30 5 75 8 29 5 49 8 68 9 33 5 5 8 13 9 51 10 23 4 64 5 57 8 76 9 25 4 9 5 76 8 55 5 5 8 13 9 51 10 23 5 49 8 68 9 33 4 64 5 57 8 76 9 25 8 61 9 18 10 30 8 61 9 18 10 30 5 5 8 13 9 51 10 23 8 47 9 34 10 3 8 47 9 34 10 3 8 61 9 18 10 30 8 47 9 34 10 3 8 25 9 54 10 4 8 25 9 54 10 4 9 30 10 78 8 25 9 54 10 4 9 30 10 78 9 64 10 79 9 30 10 78 9 64 10 79 10 0 10 0 9 64 10 79 10 0 9 30 10 78 9 64 10 79 10 0 8 25 9 54 10 4 9 64 10 79 10 0 9 30 10 78 9 64 10 79 10 0 8 25 9 54 10 4 9 64 10 79 10 0 9 30 10 78 9 30 10 78 9 64 10 79 10 0 9 30 10 78 9 64 10 79 10 0 9 30 10 78 9 64 10 79 10 0 9 30 10 78 9 64 10 79 10 0 9 30 10 78 9 64 10 79 10 0 10 0 9 64 10 79 9 30 10 78 9 30 10 78 8 25 9 54 10 4 8 25 9 54 10 4 8 47 9 34 10 3 8 25 9 54 10 4 8 47 9 34 10 3 8 61 9 18 10 30 8 25 9 54 10 4 8 47 9 34 10 3 8 61 9 18 10 30 5 5 8 13 9 51 10 23 8 25 9 54 10 4 8 47 9 34 10 3 8 61 9 18 10 30 5 5 8 13 9 51 10 23 5 49 8 68 9 33 5 49 8 68 9 33 5 5 8 13 9 51 10 23 8 61 9 18 10 30 8 47 9 34 10 3 8 25 9 54 10 4 8 61 9 18 10 30 8 25 9 54 10 4 8 47 9 34 10 3 8 25 9 54 10 4 8 47 9 34 10 3 8 47 9 34 10 3 8 47 9 34 10 3 8 61 9 18 10 30 8 61 9 18 10 30 8 61 9 18 10 30 8 61 9 18 10 30 5 5 8 13 9 51 10 23 5 5 8 13 9 51 10 23 5 5 8 13 9 51 10 23 5 5 8 13 9 51 10 23 5 49 8 68 9 33 5 49 8 68 9 33 5 49 8 68 9 33 4 64 5 57 8 76 9 25 4 64 5 57 8 76 9 25 4 64 5 57 8 76 9 25 4 64 5 57 8 76 9 25 4 64 5 57 8 76 9 25 4 9 5 76 8 55 4 9 5 76 8 55 4 9 5 76 8 55 4 9 5 76 8 55 4 30 5 21 8 33 4 30 5 21 8 33 4 30 5 21 8 33 2 23 4 15 5 76 8 23 2 23 4 15 5 76 8 23 2 23 4 15 5 76 8 23 4 30 5 21 8 33 2 9 4 13 5 3 2 9 4 13 5 3 2 9 4 13 5 3 2 23 4 57 5 76 8 7 2 9 4 13 5 3 2 32 4 12 5 30 2 32 4 12 5 30 2 32 4 12 5 30 2 13 4 11 5 64 2 13 4 11 5 64 2 13 4 11 5 64 2 32 4 12 5 30 2 72 4 51 5 64 2 2 4 1 2 2 4 1 2 63 4 53 2 2 3 33 4 33 2 2 3 33 4 33 2 2 3 33 4 33 2 60 4 40 2 63 3 33 4 29 2 18 4 56 2 60 3 33 4 31 2 21 3 1 4 64 2 51 4 72 5 64 2 21 3 1 4 64 2 14 4 42 5 30 2 21 3 1 4 64 2 9 4 72 5 52 2 21 3 1 4 64 2 23 4 77 5 76 8 64 2 21 3 1 4 64 2 21 3 1 4 64 2 3 3 4 2 3 3 4 2 3 3 4 2 3 3 4 3 0 3 0 3 0 3 0 3 0 3 0 3 0 3 0 3 0 3 0 3 0 3 0 3 0 3 0 3 0 3 0 3 0 3 0 3 0 3 0 3 0 3 0 3 0 3 0 3 0 3 0 3 0 3 0 3 0 3 0 3 0 3 0 3 0 3 0 3 0 3 0 3 0 3 0 3 0 3 0 3 0 3 0 3 0 3 0 3 0 3 0 3 0 3 0 3 0 3 0 3 0 3 0 3 0 3 0 3 0 3 0 3 0 3 0 3 0 3 0 3 0 3 0 3 0 3 0 3 0 3 0 3 0 3 0 3 0 2 1 3 2 3 0 2 1 3 2 2 13 1 13 2 13 1 13 3 0 2 81 3 33 1 64 4 5 3 0 2 67 3 9 1 49 4 49 3 0 3 0 2 74 3 83 2 74 3 39 1 25 4 49 2 4 3 3 2 60 3 32 4 19 3 0 2 75 3 1 4 47 2 13 3 13 2 82 3 22 4 30 2 82 3 33 4 39 2 11 3 12 2 75 4 57 2 41 4 45 5 47 2 80 4 15 5 5 2 2 3 49 4 20 2 36 4 76 5 30 2 52 4 35 5 19 2 4 4 54 5 25 2 63 3 23 1 47 4 20 2 66 3 23 1 61 4 49 2 4 4 54 5 25 2 2 1 9 4 30 2 60 1 9 4 20 2 80 4 15 5 5 2 4 4 54 5 25 2 52 4 35 5 19 2 3 4 35 5 49 2 36 4 42 5 27 2 3 4 35 5 49 2 9 4 38 5 3 8 25 2 36 4 12 5 20 2 23 4 55 5 76 8 19 2 9 4 38 5 3 8 25 2 23 4 40 5 76 8 49 4 30 5 28 8 31 4 30 5 80 8 39 4 9 5 76 8 55 4 9 5 76 8 55 4 30 5 80 8 39 4 9 5 76 8 55 4 64 5 57 8 76 9 25 2 23 4 40 5 76 8 49 4 64 5 57 8 76 9 25 5 49 8 68 9 33 5 49 8 68 9 33 4 64 5 57 8 76 9 25 5 49 8 68 9 33 5 5 8 13 9 51 10 23 4 64 5 57 8 76 9 25 5 5 8 13 9 51 10 23 5 49 8 68 9 33 5 5 8 13 9 51 10 23 8 61 9 18 10 30 8 47 9 34 10 3 4 64 5 57 8 76 9 25 4 64 5 57 8 76 9 25 4 9 5 76 8 55 4 9 5 76 8 55 4 30 5 80 8 39 4 9 5 76 8 55 4 30 5 28 8 31 2 23 4 40 5 76 8 49 4 9 5 76 8 55 4 30 5 75 8 29 4 30 5 21 8 33 2 23 4 55 5 76 8 19 2 23 4 56 5 76 8 47 2 9 4 38 5 3 8 25 2 9 4 72 5 3 8 5 2 9 4 38 5 3 8 25 2 36 4 42 5 27 2 36 4 12 5 20 2 3 4 35 5 49 2 36 4 12 5 20 2 9 4 38 5 3 8 25 2 9 1 10 2 11 1 12 2 1 1 2 2 3 1 4 2 13 1 13 2 77 1 21 2 13 1 13 2 3 1 4 2 11 1 12 2 54 1 80 2 41 1 76 2 3 1 4 2 54 1 80 2 37 1 59 2 3 1 4 2 7 1 8 2 7 1 8 2 7 1 8 2 7 1 8 2 7 1 8 2 7 1 8 2 7 1 8 2 7 1 8 2 7 1 8 2 7 1 8 2 7 1 8 2 7 1 8 2 7 1 8 2 7 1 8 2 7 1 8 2 7 1 8 2 7 1 8 2 7 1 8 2 7 1 8 2 7 1 8 2 7 1 8 2 7 1 8 2 7 1 8 2 7 1 8 2 7 1 8 2 7 1 8 2 7 1 8 2 7 1 8 2 7 1 8 2 7 1 8 2 7 1 8 2 7 1 8 3 0 3 0 3 0 3 0 3 0 3 0 3 0 3 0 3 0 3 0 3 0 3 0 3 0 3 0 3 0 3 0 3 0 3 0 3 0 3 0 3 0 3 0 3 0 3 0 3 0 3 0 3 0 3 0 3 0 3 0 3 0 3 0 2 5 1 6 2 5 1 6 2 5 1 6 2 5 1 6 2 5 1 6 2 5 1 6 2 5 1 6 2 5 1 6 2 5 1 6 2 5 1 6 2 5 1 6 2 5 1 6 2 5 1 6 2 5 1 6 2 5 1 6 2 5 1 6 1 0 1 0 1 0 1 0 1 0 1 0 1 0 1 0 1 0 1 0 1 0 1 0 1 0 1 0 1 0 1 0 3 0 3 0 3 0 3 0 3 0 3 0 3 0 3 0 3 0 3 0 3 0 3 0 3 0 3 0 3 0 3 0 3 0 3 0 3 0 3 0 3 0 3 0 3 0 3 0 3 0 3 0 3 0 3 0 3 0 3 0 3 0 3 0 2 47 4 46 5 13 2 49 4 11 21 15 22 9 2 49 4 11 5 48 2 47 4 46 21 3 22 9 2 25 4 53 5 4 8 19 2 47 4 46 21 83 22 20 2 49 4 11 21 32 22 20 4 54 8 25 21 13 22 9 2 47 4 46 21 31 22 55 2 19 4 51 21 61 22 55 2 23 4 37 21 1 22 32 2 47 4 41 21 39 22 55 2 64 4 46 21 39 22 55 2 25 4 41 21 1 22 32 4 16 8 23 21 38 22 9 4 14 8 22 21 1 22 55 4 32 8 50 21 1 22 55 4 30 8 33 21 87 22 42 4 31 8 39 21 12 22 9 4 31 5 21 8 39 4 49 5 34 8 54 4 43 8 29 21 87 22 42 4 31 8 39 21 40 22 55 4 31 8 31 22 18 4 39 8 31 22 21 4 31 8 39 21 87 22 42 4 31 8 39 22 21 4 31 8 39 22 21 4 29 8 43 22 21 4 29 8 39 22 18 4 33 8 30 21 87 22 42 4 29 8 43 21 87 22 42 4 22 8 36 21 53 22 55 4 50 8 14 21 53 22 55 4 49 8 1 21 35 22 9 4 49 8 1 21 35 22 9 4 64 8 52 21 40 22 20 4 64 8 52 21 40 22 20 4 25 8 85 21 77 22 9 4 25 5 54 8 4 4 23 5 56 8 28 4 5 8 12 21 56 22 9 4 25 8 72 21 17 22 20 4 23 8 13 21 32 22 20 4 25 8 72 21 29 22 55 4 23 8 13 21 61 22 55 4 7 8 38 21 33 22 55 4 7 8 72 21 61 22 55 4 47 5 59 8 57 5 56 8 36 23 55 24 9 4 47 5 42 8 54 5 77 8 20 23 55 24 9 4 22 5 21 8 20 5 32 8 61 23 52 24 30 5 14 8 29 23 3 24 30 5 1 8 9 23 30 24 3 5 46 8 22 23 32 24 39 2 25 4 84 5 4 8 87 5 1 8 9 23 30 24 3 4 7 5 29 23 30 24 4 4 7 5 29 23 30 24 4 4 49 5 27 23 36 24 38 4 39 5 3 23 27 24 27 2 19 4 11 5 48 8 5 4 23 5 19 23 9 24 78 4 23 5 19 23 9 24 78 4 53 5 83 23 27 24 30 2 29 4 35 5 40 4 22 5 44 23 44 24 77 4 52 5 43 23 30 24 30 2 39 4 85 5 84 4 41 5 31 23 30 24 30 4 30 5 30 23 30 24 3 4 14 5 29 23 9 24 13 4 32 5 61 23 58 24 13 4 58 5 9 23 43 24 4 4 87 5 87 23 19 24 66 4 87 5 49 23 49 24 66 5 23 24 24 24 0 2 7 1 8 2 7 1 8 2 7 1 8 2 7 1 8 2 7 1 8 2 7 1 8 2 7 1 8 2 7 1 8 2 7 1 8 2 7 1 8 2 7 1 8 2 7 1 8 2 7 1 8 2 7 1 8 2 7 1 8 2 7 1 8 2 7 1 8 2 7 1 8 2 7 1 8 2 7 1 8 2 7 1 8 2 7 1 8 2 7 1 8 2 7 1 8 2 7 1 8 2 7 1 8 2 7 1 8 2 7 1 8 2 7 1 8 2 7 1 8 2 7 1 8 2 7 1 8 3 0 3 0 3 0 3 0 3 0 3 0 3 0 3 0 3 0 3 0 3 0 3 0 3 0 3 0 3 0 3 0 3 0 3 0 3 0 3 0 3 0 3 0 3 0 3 0 3 0 3 0 3 0 3 0 3 0 3 0 3 0 3 0 2 5 1 6 2 5 1 6 2 5 1 6 2 5 1 6 2 5 1 6 2 5 1 6 2 5 1 6 2 5 1 6 2 5 1 6 2 5 1 6 2 5 1 6 2 5 1 6 2 5 1 6 2 5 1 6 2 5 1 6 2 5 1 6 1 0 1 0 1 0 1 0 1 0 1 0 1 0 1 0 1 0 1 0 1 0 1 0 1 0 1 0 1 0 1 0 3 0 3 0 3 0 3 0 3 0 3 0 3 0 3 0 3 0 3 0 3 0 3 0 3 0 3 0 3 0 3 0 3 0 3 0 3 0 3 0 3 0 3 0 3 0 3 0 3 0 3 0 3 0 3 0 3 0 3 0 3 0 3 0 2 49 4 11 5 48 2 49 4 11 21 15 22 9 2 47 4 46 5 13 2 47 4 46 21 3 22 9 2 25 4 53 5 4 8 19 2 47 4 46 21 83 22 20 2 49 4 11 21 32 22 20 4 54 8 25 21 13 22 9 2 47 4 46 21 31 22 55 2 19 4 51 21 61 22 55 2 23 4 37 21 1 22 32 2 47 4 41 21 39 22 55 2 64 4 46 21 39 22 55 2 25 4 41 21 1 22 32 4 16 8 23 21 38 22 9 4 14 8 22 21 1 22 55 4 32 8 50 21 1 22 55 4 30 8 33 21 87 22 42 4 31 8 39 21 12 22 9 4 31 5 21 8 39 4 49 5 34 8 54 4 43 8 29 21 87 22 42 4 31 8 39 21 40 22 55 4 31 8 31 22 18 4 39 8 31 22 21 4 31 8 39 21 87 22 42 4 31 8 39 22 21 4 31 8 39 22 21 4 29 8 43 22 21 4 29 8 39 22 18 4 33 8 30 21 87 22 42 4 29 8 43 21 87 22 42 4 22 8 36 21 53 22 55 4 50 8 14 21 53 22 55 4 49 8 1 21 35 22 9 4 49 8 1 21 35 22 9 4 64 8 52 21 40 22 20 4 64 8 52 21 40 22 20 4 25 8 85 21 77 22 9 4 25 5 54 8 4 4 23 5 56 8 28 4 5 8 12 21 56 22 9 4 25 8 72 21 17 22 20 4 23 8 13 21 32 22 20 4 25 8 72 21 29 22 55 4 23 8 13 21 61 22 55 4 7 8 38 21 33 22 55 4 7 8 72 21 61 22 55 4 47 5 42 8 54 5 56 8 36 23 55 24 9 4 47 5 59 8 57 5 77 8 20 23 55 24 9 4 22 5 21 8 20 5 32 8 61 23 52 24 30 5 14 8 29 23 3 24 30 5 1 8 9 23 30 24 3 5 46 8 22 23 32 24 39 2 25 4 84 5 4 8 87 5 1 8 9 23 30 24 3 4 7 5 29 23 30 24 4 4 7 5 29 23 30 24 4 4 49 5 27 23 36 24 38 4 39 5 3 23 27 24 27 2 19 4 11 5 48 8 5 4 23 5 19 23 9 24 78 4 23 5 19 23 9 24 78 4 53 5 83 23 27 24 30 2 29 4 35 5 40 4 22 5 44 23 44 24 77 4 52 5 43 23 30 24 30 2 39 4 85 5 84 4 41 5 31 23 30 24 30 4 30 5 30 23 30 24 3 4 14 5 29 23 9 24 13 4 32 5 61 23 58 24 13 4 58 5 9 23 43 24 4 4 87 5 87 23 19 24 66 4 87 5 49 23 49 24 66 5 23 24 24 24 0 2 73 1 64 4 25 2 13 1 13 2 71 1 9 4 25 2 13 1 13 2 51 1 34 2 69 1 33 4 25 2 13 1 13 2 13 1 13 2 13 1 13 2 11 1 12 2 48 1 85 2 68 1 30 4 23 2 11 1 12 2 72 1 45 2 67 1 36 4 23 2 11 1 12 2 41 1 76 2 72 1 45 2 67 1 36 4 23 2 72 1 45 2 37 1 59 2 37 1 59 2 16 1 92 2 54 1 80 2 16 1 92 2 54 1 80 2 83 1 74 2 83 1 74 2 43 1 93 2 84 1 62 2 53 1 63 2 14 1 91 2 14 1 91 2 30 1 78 2 9 1 10 2 30 1 78 2 22 1 94 2 31 1 69 2 9 1 21 0 32 2 9 1 10 2 49 1 74 0 30 2 7 1 8 2 5 1 6 1 0 1 12 0 11 1 12 0 11 1 2 0 1 1 1 0 2 1 1 0 2 1 3 0 4 0 0 0 0 1 2 0 1 1 3 0 4 0 0 0 0 0 0 0 0 1 3 0 4 1 2 0 1 1 0 1 0 2 5 1 6 2 5 1 6 2 7 1 8 2 7 1 8 2 9 1 10 2 9 1 10 2 1 1 2 2 1 1 2 2 77 1 21 2 77 1 21 2 1 1 2 2 11 1 12 2 3 1 4 2 77 1 21 2 77 1 21 2 54 1 80 2 54 1 80 2 13 1 13 2 16 1 92 2 3 1 4 2 11 1 12 2 3 1 4 2 11 1 12 2 77 1 21 2 3 1 4 2 37 1 59 2 3 1 4 2 3 1 4 2 3 1 4 2 73 1 64 4 25 2 71 1 9 4 25 2 13 1 13 2 13 1 13 2 51 1 34 2 69 1 33 4 25 2 13 1 13 2 13 1 13 2 13 1 13 2 11 1 12 2 48 1 85 2 68 1 30 4 23 2 11 1 12 2 72 1 45 2 67 1 36 4 23 2 11 1 12 2 41 1 76 2 72 1 45 2 67 1 36 4 23 2 72 1 45 2 37 1 59 2 37 1 59 2 16 1 92 2 54 1 80 2 3 1 4 2 3 1 4 2 83 1 74 2 83 1 74 2 43 1 93 2 16 1 92 2 84 1 62 2 31 1 69 2 9 1 21 0 32 2 54 1 80 2 53 1 63 2 14 1 91 2 14 1 91 2 30 1 78 2 9 1 10 2 30 1 78 2 22 1 94 2 9 1 10 2 7 1 8 2 5 1 6 2 49 1 74 0 30 1 0 1 12 0 11 1 12 0 11 1 2 0 1 1 1 0 2 1 1 0 2 1 3 0 4 0 0 0 0 1 2 0 1 1 3 0 4 0 0 0 0 0 0 0 0 1 3 0 4 1 2 0 1 1 0 1 0 2 5 1 6 2 5 1 6 2 7 1 8 2 7 1 8 2 9 1 10 2 9 1 10 2 1 1 2 2 1 1 2 2 77 1 21 2 77 1 21 2 1 1 2 2 11 1 12 2 3 1 4 2 77 1 21 2 77 1 21 2 54 1 80 2 54 1 80 2 13 1 13 2 16 1 92 2 11 1 12 2 3 1 4 2 11 1 12 2 77 1 21 2 3 1 4 2 37 1 59 2 3 1 4 2 3 1 4 3 88 14 5 13 19 3 76 14 87 15 32 13 87 3 70 14 17 3 18 20 47 19 30 16 49 3 40 14 9 15 35 13 47 3 41 20 76 3 40 14 60 3 83 19 51 11 19 16 43 3 50 14 50 15 74 13 7 20 49 12 2 16 20 3 49 14 88 3 53 20 63 3 7 14 9 15 89 3 39 11 49 12 67 14 22 15 86 13 23 3 43 20 49 11 70 3 31 14 69 3 33 11 58 12 67 3 43 14 29 15 75 13 5 3 58 11 33 12 62 18 23 3 45 14 33 15 83 13 47 3 9 11 10 3 8 14 7 3 64 11 43 12 18 18 9 3 79 14 23 13 25 3 5 11 9 12 66 17 61 3 13 17 40 18 7 16 61 3 36 11 68 3 14 12 35 17 14 3 88 25 5 26 19 3 70 25 17 3 76 25 87 27 32 26 87 3 40 25 9 27 35 26 47 3 18 28 47 29 30 30 49 3 40 25 60 3 41 28 76 3 50 25 50 27 74 26 7 3 83 29 51 31 19 30 43 3 49 25 88 28 49 32 2 30 20 3 7 25 9 27 89 3 53 28 63 25 22 27 86 26 23 3 39 31 49 32 67 3 31 25 69 3 43 28 49 31 70 3 43 25 29 27 75 26 5 3 33 31 58 32 67 3 45 25 33 27 83 26 47 3 58 31 33 32 62 33 23 3 8 25 7 3 9 31 10 3 79 25 23 26 25 3 64 31 43 32 18 33 9 3 13 34 40 33 7 30 61 3 5 31 9 32 66 34 61 3 36 31 68 3 14 32 35 34 14 2 5 1 6 2 5 1 6 2 5 1 6 2 5 1 6 2 5 1 6 2 5 1 6 2 5 1 6 2 5 1 6 2 5 1 6 2 5 1 6 2 5 1 6 2 5 1 6 2 5 1 6 2 5 1 6 2 5 1 6 2 5 1 6 1 0 1 0 1 0 1 0 1 0 1 0 1 0 1 0 1 0 1 0 1 0 1 0 1 0 1 0 1 0 1 0 2 5 1 6 2 5 1 6 2 5 1 6 2 5 1 6 2 5 1 6 2 5 1 6 2 5 1 6 2 5 1 6 2 5 1 6 2 5 1 6 2 5 1 6 2 5 1 6 2 5 1 6 2 5 1 6 2 5 1 6 2 5 1 6 1 0 1 0 1 0 1 0 1 0 1 0 1 0 1 0 1 0 1 0 1 0 1 0 1 0 1 0 1 0 1 0 2 3 3 4 3 0 3 0 3 0 3 81 31 58 32 7 26 47 3 0 3 0 3 67 31 50 32 61 3 0 3 0 3 46 31 44 32 32 26 64 3 0 3 4 31 1 32 19 26 23 3 0 3 12 31 55 32 7 26 49 3 0 3 70 25 32 27 25 3 74 25 27 27 19 3 0 3 18 30 23 25 84 27 25 3 0 3 63 25 83 27 23 3 70 25 44 27 5 3 86 25 9 27 47 3 76 25 32 27 61 26 7 3 12 25 17 27 39 3 85 25 29 27 44 26 64 3 12 25 83 27 61 26 23 3 15 25 39 27 16 26 47 3 84 25 30 27 51 26 64 3 40 25 36 27 3 26 64 3 53 25 23 27 12 26 58 3 33 25 23 27 66 26 19 3 64 25 7 27 89 26 64 3 4 25 7 27 44 26 9 3 40 25 9 27 35 26 47 3 76 25 87 27 32 26 87 3 50 25 50 27 74 26 7 3 88 25 5 26 19 3 7 25 9 27 89 25 22 27 86 26 23 3 73 29 5 26 47 3 18 28 47 29 30 30 49 3 28 28 47 29 30 30 58 3 83 29 51 31 19 30 43 3 52 29 46 31 64 30 9 28 49 32 2 30 20 3 82 28 50 29 29 30 64 3 58 28 47 32 60 30 33 3 39 31 49 32 67 3 69 28 58 29 23 30 23 3 36 31 19 32 2 3 33 31 58 32 67 3 46 28 27 32 1 30 64 3 43 31 58 32 2 3 58 31 33 32 62 33 23 3 51 31 20 32 40 3 68 28 31 32 47 3 0 3 91 31 39 32 47 3 41 31 44 32 53 3 0 3 33 31 61 32 60 33 23 3 66 31 27 32 7 3 16 31 84 32 40 3 9 31 43 32 80 33 87 3 64 31 43 32 18 33 9 3 5 31 9 32 66 34 61 3 70 31 14 32 23 31 87 32 74 34 61 26 64 3 14 32 35 34 14 3 56 31 56 32 40 3 29 31 56 32 54 26 50 3 83 32 38 34 14 3 65 34 9 33 32 26 47 3 13 34 40 33 7 30 61 3 79 25 23 26 25 3 0 3 71 25 47 27 47 3 65 25 19 27 40 26 25 3 45 25 33 27 83 26 47 3 45 25 27 27 44 26 25 3 14 25 19 27 82 26 25 3 43 25 29 27 75 26 5 3 7 25 64 27 90 26 47 3 63 31 83 32 23 3 0 3 0 3 0 3 0 2 9 35 33 36 66 2 5 35 25 36 24 36 0 36 0 2 87 35 61 36 68 2 32 35 32 36 13 35 5 36 6 36 0 2 14 35 14 36 35 2 13 35 1 36 30 2 9 35 33 36 66 35 5 36 6 36 0 2 38 35 1 36 20 2 66 35 32 2 32 35 32 36 13 2 9 35 33 36 66 35 5 36 6 2 5 35 23 36 8 36 0 2 9 35 33 36 66 2 9 35 33 36 66 2 9 35 33 36 66 2 32 35 32 36 13 2 32 35 32 36 13 2 13 35 1 36 30 2 32 35 32 36 13 2 32 35 32 36 13 2 72 35 1 36 27 2 66 35 32 2 13 35 1 36 30 2 13 35 1 36 30 2 72 35 1 36 27 2 70 35 32 36 25 2 60 35 44 36 47 2 66 35 32 2 0 2 0 2 18 35 17 36 19 2 67 35 32 36 5 2 5 35 25 36 24 2 9 35 33 36 66 36 0 36 0 2 87 35 61 36 68 2 32 35 32 36 13 35 5 36 6 36 0 2 14 35 14 36 35 2 13 35 1 36 30 2 9 35 33 36 66 35 5 36 6 36 0 2 38 35 1 36 20 2 66 35 32 2 32 35 32 36 13 2 9 35 33 36 66 35 5 36 6 2 5 35 23 36 8 36 0 2 9 35 33 36 66 2 9 35 33 36 66 2 9 35 33 36 66 2 32 35 32 36 13 2 32 35 32 36 13 2 13 35 1 36 30 2 32 35 32 36 13 2 32 35 32 36 13 2 72 35 1 36 27 2 66 35 32 2 13 35 1 36 30 2 13 35 1 36 30 2 72 35 1 36 27 2 67 35 32 36 5 2 60 35 44 36 47 2 18 35 17 36 19 2 70 35 32 36 25 2 66 35 32 2 0 2 0 2 5 37 25 38 24 2 9 37 33 38 66 38 0 38 0 2 87 37 61 38 68 2 32 37 32 38 13 37 5 38 6 38 0 2 14 37 14 38 35 2 13 37 1 38 30 2 9 37 33 38 66 37 5 38 6 38 0 2 38 37 1 38 20 2 66 37 32 2 32 37 32 38 13 2 9 37 33 38 66 37 5 38 6 2 5 37 23 38 8 38 0 2 9 37 33 38 66 2 9 37 33 38 66 2 9 37 33 38 66 2 32 37 32 38 13 2 32 37 32 38 13 2 13 37 1 38 30 2 32 37 32 38 13 2 32 37 32 38 13 2 72 37 1 38 27 2 66 37 32 2 13 37 1 38 30 2 13 37 1 38 30 2 72 37 1 38 27 2 67 37 32 38 5 2 60 37 44 38 47 2 18 37 17 38 19 2 70 37 32 38 25 2 66 37 32 2 0 2 0 2 9 37 33 38 66 2 5 37 25 38 24 38 0 38 0 2 87 37 61 38 68 2 32 37 32 38 13 37 5 38 6 38 0 2 14 37 14 38 35 2 13 37 1 38 30 2 9 37 33 38 66 37 5 38 6 38 0 2 38 37 1 38 20 2 66 37 32 2 32 37 32 38 13 2 9 37 33 38 66 37 5 38 6 2 5 37 23 38 8 38 0 2 9 37 33 38 66 2 9 37 33 38 66 2 9 37 33 38 66 2 32 37 32 38 13 2 32 37 32 38 13 2 13 37 1 38 30 2 32 37 32 38 13 2 32 37 32 38 13 2 72 37 1 38 27 2 66 37 32 2 13 37 1 38 30 2 13 37 1 38 30 2 72 37 1 38 27 2 70 37 32 38 25 2 60 37 44 38 47 2 66 37 32 2 0 2 0 2 18 37 17 38 19 2 67 37 32 38 5 1 0 1 0 1 0 1 0 1 0 1 0 1 0 1 0 1 0 1 0 1 0 1 0 1 0 1 0 1 0 1 0 1 0 1 0 1 0 1 0 1 0 1 0 1 0 1 0 1 0 1 0 1 0 1 0 1 0 1 0 1 0 1 0 1 0 1 0 1 0 1 0 1 0 1 0 1 0 1 0 1 0 1 0 1 0 1 0 1 0 1 0 1 0 1 0 1 0 1 0 1 0 1 0 1 0 1 0 1 0 1 0 1 0 1 0 1 0 1 0 1 0 1 0 1 0 1 0 1 0</v>
                </vertex_weights>
            </skin>
        </controller>
    </library_controllers>
    <library_visual_scenes>
        <visual_scene id="Scene" name="Scene">
            <node id="pm0550_00_41" sid="pm0550_00_41" name="pm0550_00_41" type="JOINT">
                <matrix sid="transform">1 0 0 0 0 1 0 0 0 0 1 0 0 0 0 1</matrix>
                <node id="origin" sid="origin" name="origin" type="JOINT">
                    <matrix sid="transform">1 0 0 0 0 1 0 0 0 0 1 0 0 0 0 1</matrix>
                    <node id="waist" sid="waist" name="waist" type="JOINT">
                        <matrix sid="transform">1.192093E-07 -0.9999999 0 -2.00964E-21 0 1.192093E-07 -0.9999999 0.34 0.9999999 0 1.192093E-07 0.03 0 0 0 1</matrix>
                        <node id="head" sid="head" name="head" type="JOINT">
                            <matrix sid="transform">1 0 0 0.001 0 1 0 5.551115E-19 0 0 1 7.105427E-17 0 0 0 1</matrix>
                            <node id="upper_jaw" sid="upper_jaw" name="upper_jaw" type="JOINT">
                                <matrix sid="transform">0.9998477 1.525738E-09 0.01745241 0.056 5.551115E-17 -1 8.742277E-08 0 0.01745241 -8.740945E-08 -0.9998477 -0.053 0 0 0 1</matrix>
                                <node id="left_upper_eyelid_a" sid="left_upper_eyelid_a" name="left_upper_eyelid_a" type="JOINT">
                                    <matrix sid="transform">0.1246213 -0.9535674 0.2741876 0.162 0.9465927 0.1970854 0.2551854 -0.011 -0.2973749 0.2277424 0.9272009 0.124 0 0 0 1</matrix>
                                    <node id="left_upper_eyelid_a_sub" sid="left_upper_eyelid_a_sub" name="left_upper_eyelid_a_sub" type="JOINT">
                                        <matrix sid="transform">5.960464E-08 -8.742278E-08 0.9999999 0.132 0 -0.9999999 -8.742278E-08 -1.142551E-15 0.9999999 0 5.960464E-08 -1.99195E-16 0 0 0 1</matrix>
                                    </node>
                                </node>
                                <node id="left_upper_eyelid_b" sid="left_upper_eyelid_b" name="left_upper_eyelid_b" type="JOINT">
                                    <matrix sid="transform">0.1457026 -0.9535844 0.2635293 0.118 0.9634147 0.1973268 0.181368 -0.002 -0.2249511 0.2274622 0.9474481 0.134 0 0 0 1</matrix>
                                    <node id="left_upper_eyelid_b_sub" sid="left_upper_eyelid_b_sub" name="left_upper_eyelid_b_sub" type="JOINT">
                                        <matrix sid="transform">5.960464E-08 -8.742278E-08 0.9999999 0.132 0 -0.9999999 -8.742278E-08 -4.596317E-16 0.9999999 0 5.960464E-08 -5.460186E-17 0 0 0 1</matrix>
                                    </node>
                                </node>
                                <node id="left_upper_eyelid_c" sid="left_upper_eyelid_c" name="left_upper_eyelid_c" type="JOINT">
                                    <matrix sid="transform">0.1457026 -0.9535844 0.2635293 0.075 0.9634147 0.1973268 0.181368 0.007 -0.2249511 0.2274622 0.9474481 0.144 0 0 0 1</matrix>
                                    <node id="left_upper_eyelid_c_sub" sid="left_upper_eyelid_c_sub" name="left_upper_eyelid_c_sub" type="JOINT">
                                        <matrix sid="transform">5.960464E-08 -8.742278E-08 0.9999999 0.132 0 -0.9999999 -8.742278E-08 -5.790806E-16 0.9999999 0 5.960464E-08 1.31628E-16 0 0 0 1</matrix>
                                    </node>
                                </node>
                                <node id="left_lower_eyelid_a" sid="left_lower_eyelid_a" name="left_lower_eyelid_a" type="JOINT">
                                    <matrix sid="transform">0.4228729 -0.2369804 -0.8746536 0.118 0.8371465 0.4716892 0.2769389 -0.003 0.3469357 -0.8493231 0.3978519 0.034 0 0 0 1</matrix>
                                </node>
                                <node id="left_lower_eyelid_b" sid="left_lower_eyelid_b" name="left_lower_eyelid_b" type="JOINT">
                                    <matrix sid="transform">0.31594 0.9484311 -0.0256983 0.086 0.781979 -0.2449619 0.5731515 -0.002 0.5372996 -0.201177 -0.8190464 0.011 0 0 0 1</matrix>
                                    <node id="left_lower_eyelid_b_sub" sid="left_lower_eyelid_b_sub" name="left_lower_eyelid_b_sub" type="JOINT">
                                        <matrix sid="transform">5.960464E-08 8.742278E-08 0.9999999 0.16 0 -0.9999999 8.742278E-08 1.831015E-16 0.9999999 0 5.960464E-08 4.18145E-16 0 0 0 1</matrix>
                                    </node>
                                </node>
                                <node id="left_lower_eyelid_c" sid="left_lower_eyelid_c" name="left_lower_eyelid_c" type="JOINT">
                                    <matrix sid="transform">0.2727962 0.02652153 0.9617062 0.053 0.8547835 -0.4654186 -0.2296315 0.007 0.4415058 0.8846932 -0.1496346 0.048 0 0 0 1</matrix>
                                </node>
                                <node id="right_upper_eyelid_a" sid="right_upper_eyelid_a" name="right_upper_eyelid_a" type="JOINT">
                                    <matrix sid="transform">0.1246213 0.9535674 0.2741876 0.162 -0.9465927 0.1970854 -0.2551854 0.011 -0.2973749 -0.2277424 0.9272009 0.124 0 0 0 1</matrix>
                                    <node id="right_upper_eyelid_a_sub" sid="right_upper_eyelid_a_sub" name="right_upper_eyelid_a_sub" type="JOINT">
                                        <matrix sid="transform">5.960464E-08 8.742278E-08 0.9999999 0.132 0 -0.9999999 8.742278E-08 0 0.9999999 0 5.960464E-08 0 0 0 0 1</matrix>
                                    </node>
                                </node>
                                <node id="right_upper_eyelid_b" sid="right_upper_eyelid_b" name="right_upper_eyelid_b" type="JOINT">
                                    <matrix sid="transform">0.1457026 0.9535844 0.2635293 0.118 -0.9634147 0.1973268 -0.181368 0.002 -0.2249511 -0.2274622 0.9474481 0.134 0 0 0 1</matrix>
                                    <node id="right_upper_eyelid_b_sub" sid="right_upper_eyelid_b_sub" name="right_upper_eyelid_b_sub" type="JOINT">
                                        <matrix sid="transform">5.960464E-08 8.742278E-08 0.9999999 0.132 0 -0.9999999 8.742278E-08 0 0.9999999 0 5.960464E-08 0 0 0 0 1</matrix>
                                    </node>
                                </node>
                                <node id="right_upper_eyelid_c" sid="right_upper_eyelid_c" name="right_upper_eyelid_c" type="JOINT">
                                    <matrix sid="transform">0.1457026 0.9535844 0.2635293 0.075 -0.9634147 0.1973268 -0.181368 -0.007 -0.2249511 -0.2274622 0.9474481 0.144 0 0 0 1</matrix>
                                    <node id="right_upper_eyelid_c_sub" sid="right_upper_eyelid_c_sub" name="right_upper_eyelid_c_sub" type="JOINT">
                                        <matrix sid="transform">5.960464E-08 8.742278E-08 0.9999999 0.1320002 0 -0.9999999 8.742278E-08 0 0.9999999 0 5.960464E-08 0 0 0 0 1</matrix>
                                    </node>
                                </node>
                                <node id="right_lower_eyelid_a" sid="right_lower_eyelid_a" name="right_lower_eyelid_a" type="JOINT">
                                    <matrix sid="transform">0.4228729 0.2369804 -0.8746536 0.118 -0.8371465 0.4716892 -0.2769389 0.003 0.3469357 0.8493231 0.3978519 0.034 0 0 0 1</matrix>
                                </node>
                                <node id="right_lower_eyelid_b" sid="right_lower_eyelid_b" name="right_lower_eyelid_b" type="JOINT">
                                    <matrix sid="transform">0.31594 -0.9484311 -0.0256983 0.086 -0.781979 -0.2449619 -0.5731515 0.002 0.5372996 0.201177 -0.8190464 0.011 0 0 0 1</matrix>
                                    <node id="right_lower_eyelid_b_sub" sid="right_lower_eyelid_b_sub" name="right_lower_eyelid_b_sub" type="JOINT">
                                        <matrix sid="transform">5.960464E-08 -8.742278E-08 0.9999999 0.1600005 0 -0.9999999 -8.742278E-08 0 0.9999999 0 5.960464E-08 0 0 0 0 1</matrix>
                                    </node>
                                </node>
                                <node id="right_lower_eyelid_c" sid="right_lower_eyelid_c" name="right_lower_eyelid_c" type="JOINT">
                                    <matrix sid="transform">0.2727962 -0.02652153 0.9617062 0.053 -0.8547835 -0.4654186 0.2296315 -0.007 0.4415058 -0.8846932 -0.1496346 0.048 0 0 0 1</matrix>
                                </node>
                            </node>
                            <node id="lower_jaw_01" sid="lower_jaw_01" name="lower_jaw_01" type="JOINT">
                                <matrix sid="transform">0.8987941 0 -0.4383711 0.05 0 1 0 0 0.4383711 0 0.8987941 -0.06 0 0 0 1</matrix>
                                <node id="lower_jaw_02" sid="lower_jaw_02" name="lower_jaw_02" type="JOINT">
                                    <matrix sid="transform">0.3746066 0 0.9271839 0.26 0 1 0 4.810753E-19 -0.9271839 0 0.3746066 0.08 0 0 0 1</matrix>
                                </node>
                            </node>
                            <node id="upper_feeler_a_01" sid="upper_feeler_a_01" name="upper_feeler_a_01" type="JOINT">
                                <matrix sid="transform">-0.1736481 0 0.9848078 -0.043 0 1 0 0 -0.9848078 0 -0.1736481 -0.28 0 0 0 1</matrix>
                                <node id="upper_feeler_a_02" sid="upper_feeler_a_02" name="upper_feeler_a_02" type="JOINT">
                                    <matrix sid="transform">1 0 0 0.07 0 1 0 0 0 0 1 0 0 0 0 1</matrix>
                                </node>
                            </node>
                            <node id="left_feeler_01" sid="left_feeler_01" name="left_feeler_01" type="JOINT">
                                <matrix sid="transform">1.192093E-07 0 0.9999999 0.054 -0.9999999 1.192093E-07 0 -0.158 0 -0.9999999 1.192093E-07 -0.033 0 0 0 1</matrix>
                                <node id="left_feeler_02" sid="left_feeler_02" name="left_feeler_02" type="JOINT">
                                    <matrix sid="transform">1 0 0 0.09999999 0 1 0 7.105427E-17 0 0 1 0 0 0 0 1</matrix>
                                </node>
                            </node>
                            <node id="right_feeler_01" sid="right_feeler_01" name="right_feeler_01" type="JOINT">
                                <matrix sid="transform">1.192093E-07 0 0.9999999 0.054 0.9999999 1.192093E-07 0 0.158 0 0.9999999 1.192093E-07 -0.033 0 0 0 1</matrix>
                                <node id="right_feeler_02" sid="right_feeler_02" name="right_feeler_02" type="JOINT">
                                    <matrix sid="transform">1 0 0 0.09999999 0 1 0 0 0 0 1 0 0 0 0 1</matrix>
                                </node>
                            </node>
                        </node>
                        <node id="hips" sid="hips" name="hips" type="JOINT">
                            <matrix sid="transform">-1 8.742278E-08 0 -0.001 -8.742278E-08 -1 0 5.551115E-19 0 0 1 7.105427E-17 0 0 0 1</matrix>
                            <node id="tail_01" sid="tail_01" name="tail_01" type="JOINT">
                                <matrix sid="transform">1 0 0 0.17 0 1 0 -1.893266E-31 0 0 1 0 0 0 0 1</matrix>
                                <node id="tail_02" sid="tail_02" name="tail_02" type="JOINT">
                                    <matrix sid="transform">1 0 0 0.12 0 1 0 2.495412E-17 0 0 1 2.131628E-16 0 0 0 1</matrix>
                                    <node id="tail_03" sid="tail_03" name="tail_03" type="JOINT">
                                        <matrix sid="transform">1 0 0 0.095 0 1 0 6.941976E-31 0 0 1 0 0 0 0 1</matrix>
                                        <node id="tail_04" sid="tail_04" name="tail_04" type="JOINT">
                                            <matrix sid="transform">1 0 0 0.12 0 1 0 0 0 0 1 0 0 0 0 1</matrix>
                                        </node>
                                    </node>
                                </node>
                                <node id="upper_feeler_b_01" sid="upper_feeler_b_01" name="upper_feeler_b_01" type="JOINT">
                                    <matrix sid="transform">0.6819984 -6.393697E-08 -0.7313538 0.11 0 -1 8.742278E-08 0 -0.7313538 -5.96222E-08 -0.6819984 -0.15 0 0 0 1</matrix>
                                    <node id="upper_feeler_b_02" sid="upper_feeler_b_02" name="upper_feeler_b_02" type="JOINT">
                                        <matrix sid="transform">1 0 0 0.07 0 1 0 1.598721E-16 0 0 1 7.105427E-17 0 0 0 1</matrix>
                                    </node>
                                </node>
                                <node id="lower_feeler_01" sid="lower_feeler_01" name="lower_feeler_01" type="JOINT">
                                    <matrix sid="transform">0.4067366 0 -0.9135455 0.07 0 1 0 0 0.9135455 0 0.4067366 0.11 0 0 0 1</matrix>
                                    <node id="lower_feeler_02" sid="lower_feeler_02" name="lower_feeler_02" type="JOINT">
                                        <matrix sid="transform">0.8746197 0 0.4848096 0.05 0 1 0 -5.679798E-31 -0.4848096 0 0.8746197 0 0 0 0 1</matrix>
                                    </node>
                                </node>
                            </node>
                        </node>
                    </node>
                </node>
                <node id="lod_group" sid="lod_group" name="lod_group" type="JOINT">
                    <matrix sid="transform">1 0 0 0 0 1 0 0 0 0 1 0 0 0 0 1</matrix>
                    <node id="lod0" sid="lod0" name="lod0" type="JOINT">
                        <matrix sid="transform">1 0 0 0 0 1 0 0 0 0 1 0 0 0 0 1</matrix>
                        <node id="pm0550_00_41_body_mesh" sid="pm0550_00_41_body_mesh" name="pm0550_00_41_body_mesh" type="JOINT">
                            <matrix sid="transform">1 0 0 0 0 1 0 0 0 0 1 0 0 0 0 1</matrix>
                        </node>
                    </node>
                    <node id="lod1" sid="lod1" name="lod1" type="JOINT">
                        <matrix sid="transform">1 0 0 0 0 1 0 0 0 0 1 0 0 0 0 1</matrix>
                        <node id="pm0550_00_41_body_mesh_lod1" sid="pm0550_00_41_body_mesh_lod1" name="pm0550_00_41_body_mesh_lod1" type="JOINT">
                            <matrix sid="transform">1 0 0 0 0 1 0 0 0 0 1 0 0 0 0 1</matrix>
                        </node>
                    </node>
                    <node id="lod2" sid="lod2" name="lod2" type="JOINT">
                        <matrix sid="transform">1 0 0 0 0 1 0 0 0 0 1 0 0 0 0 1</matrix>
                        <node id="pm0550_00_41_body_mesh_lod2" sid="pm0550_00_41_body_mesh_lod2" name="pm0550_00_41_body_mesh_lod2" type="JOINT">
                            <matrix sid="transform">1 0 0 0 0 1 0 0 0 0 1 0 0 0 0 1</matrix>
                        </node>
                    </node>
                </node>
            </node>
            <node id="pm0550_00_41_body_mesh_shape_l_eye" sid="pm0550_00_41_body_mesh_shape_l_eye" name="pm0550_00_41_body_mesh_shape_l_eye">
                <instance_controller url="#pm0550_00_41_body_mesh_shape_l_eye-controller">
                    <skeleton>#pm0550_00_41</skeleton>
                    <bind_material>
                        <technique_common>
                            <instance_material target="#l_eye" symbol="l_eye" />
                        </technique_common>
                    </bind_material>
                </instance_controller>
            </node>
            <node id="pm0550_00_41_body_mesh_shape_r_eye" sid="pm0550_00_41_body_mesh_shape_r_eye" name="pm0550_00_41_body_mesh_shape_r_eye">
                <instance_controller url="#pm0550_00_41_body_mesh_shape_r_eye-controller">
                    <skeleton>#pm0550_00_41</skeleton>
                    <bind_material>
                        <technique_common>
                            <instance_material target="#r_eye" symbol="r_eye" />
                        </technique_common>
                    </bind_material>
                </instance_controller>
            </node>
            <node id="pm0550_00_41_body_mesh_shape_body_01" sid="pm0550_00_41_body_mesh_shape_body_01" name="pm0550_00_41_body_mesh_shape_body_01">
                <instance_controller url="#pm0550_00_41_body_mesh_shape_body_01-controller">
                    <skeleton>#pm0550_00_41</skeleton>
                    <bind_material>
                        <technique_common>
                            <instance_material target="#body_01" symbol="body_01" />
                        </technique_common>
                    </bind_material>
                </instance_controller>
            </node>
        </visual_scene>
    </library_visual_scenes>
    <scene>
        <instance_visual_scene url="#Scene" />
    </scene>
</COLLADA>