<?xml version="1.0" encoding="utf-8"?>
<COLLADA xmlns:xsd="http://www.w3.org/2001/XMLSchema" xmlns:xsi="http://www.w3.org/2001/XMLSchema-instance" version="1.4.1" xmlns="http://www.collada.org/2005/11/COLLADASchema">
    <asset>
        <created>0001-01-01T00:00:00</created>
        <modified>0001-01-01T00:00:00</modified>
        <unit name="Meter" />
        <contributor>
            <authoring_tool>IONET Exporter</authoring_tool>
        </contributor>
    </asset>
    <library_images>
        <image id="pm0285_00_00_body_b_alb-image" name="pm0285_00_00_body_b_alb">
            <init_from>pm0285_00_00_body_b_alb.png</init_from>
        </image>
        <image id="pm0285_00_00_body_a_alb-image" name="pm0285_00_00_body_a_alb">
            <init_from>pm0285_00_00_body_a_alb.png</init_from>
        </image>
        <image id="pm0285_00_00_eye_alb-image" name="pm0285_00_00_eye_alb">
            <init_from>pm0285_00_00_eye_alb.png</init_from>
        </image>
        <image id="pm0285_00_00_eye_alb-image_0" name="pm0285_00_00_eye_alb">
            <init_from>pm0285_00_00_eye_alb.png</init_from>
        </image>
    </library_images>
    <library_materials>
        <material id="body_b" name="body_b">
            <instance_effect url="#body_b-effect" />
        </material>
        <material id="body_a" name="body_a">
            <instance_effect url="#body_a-effect" />
        </material>
        <material id="l_eye" name="l_eye">
            <instance_effect url="#l_eye-effect" />
        </material>
        <material id="r_eye" name="r_eye">
            <instance_effect url="#r_eye-effect" />
        </material>
    </library_materials>
    <library_effects>
        <effect id="body_b-effect" name="body_b">
            <profile_COMMON>
                <newparam sid="pm0285_00_00_body_b_alb-image_surface">
                    <surface type="2D">
                        <init_from>pm0285_00_00_body_b_alb-image</init_from>
                    </surface>
                </newparam>
                <newparam sid="pm0285_00_00_body_b_alb-image_sampler">
                    <sampler2D>
                        <source>pm0285_00_00_body_b_alb-image_surface</source>
                    </sampler2D>
                </newparam>
                <technique sid="standard">
                    <phong>
                        <emission>
                            <color sid="emission">0 0 0 1</color>
                        </emission>
                        <ambient>
                            <color sid="ambient">0 0 0 1</color>
                        </ambient>
                        <diffuse>
                            <texture texture="pm0285_00_00_body_b_alb-image_sampler" texcoord="CHANNEL0" />
                        </diffuse>
                        <specular>
                            <color sid="specular">0 0 0 1</color>
                        </specular>
                        <reflective>
                            <color sid="reflective">1 1 1 1</color>
                        </reflective>
                        <shininess>
                            <float sid="shininess">50</float>
                        </shininess>
                        <reflectivity>
                            <float sid="reflectivity">1</float>
                        </reflectivity>
                        <transparency>
                            <float sid="transparency">1</float>
                        </transparency>
                    </phong>
                </technique>
            </profile_COMMON>
        </effect>
        <effect id="body_a-effect" name="body_a">
            <profile_COMMON>
                <newparam sid="pm0285_00_00_body_a_alb-image_surface">
                    <surface type="2D">
                        <init_from>pm0285_00_00_body_a_alb-image</init_from>
                    </surface>
                </newparam>
                <newparam sid="pm0285_00_00_body_a_alb-image_sampler">
                    <sampler2D>
                        <source>pm0285_00_00_body_a_alb-image_surface</source>
                    </sampler2D>
                </newparam>
                <technique sid="standard">
                    <phong>
                        <emission>
                            <color sid="emission">0 0 0 1</color>
                        </emission>
                        <ambient>
                            <color sid="ambient">0 0 0 1</color>
                        </ambient>
                        <diffuse>
                            <texture texture="pm0285_00_00_body_a_alb-image_sampler" texcoord="CHANNEL0" />
                        </diffuse>
                        <specular>
                            <color sid="specular">0 0 0 1</color>
                        </specular>
                        <reflective>
                            <color sid="reflective">1 1 1 1</color>
                        </reflective>
                        <shininess>
                            <float sid="shininess">50</float>
                        </shininess>
                        <reflectivity>
                            <float sid="reflectivity">1</float>
                        </reflectivity>
                        <transparency>
                            <float sid="transparency">1</float>
                        </transparency>
                    </phong>
                </technique>
            </profile_COMMON>
        </effect>
        <effect id="l_eye-effect" name="l_eye">
            <profile_COMMON>
                <newparam sid="pm0285_00_00_eye_alb-image_surface">
                    <surface type="2D">
                        <init_from>pm0285_00_00_eye_alb-image</init_from>
                    </surface>
                </newparam>
                <newparam sid="pm0285_00_00_eye_alb-image_sampler">
                    <sampler2D>
                        <source>pm0285_00_00_eye_alb-image_surface</source>
                    </sampler2D>
                </newparam>
                <technique sid="standard">
                    <phong>
                        <emission>
                            <color sid="emission">0 0 0 1</color>
                        </emission>
                        <ambient>
                            <color sid="ambient">0 0 0 1</color>
                        </ambient>
                        <diffuse>
                            <texture texture="pm0285_00_00_eye_alb-image_sampler" texcoord="CHANNEL0" />
                        </diffuse>
                        <specular>
                            <color sid="specular">0 0 0 1</color>
                        </specular>
                        <reflective>
                            <color sid="reflective">1 1 1 1</color>
                        </reflective>
                        <shininess>
                            <float sid="shininess">50</float>
                        </shininess>
                        <reflectivity>
                            <float sid="reflectivity">1</float>
                        </reflectivity>
                        <transparency>
                            <float sid="transparency">1</float>
                        </transparency>
                    </phong>
                </technique>
            </profile_COMMON>
        </effect>
        <effect id="r_eye-effect" name="r_eye">
            <profile_COMMON>
                <newparam sid="pm0285_00_00_eye_alb-image_0_surface">
                    <surface type="2D">
                        <init_from>pm0285_00_00_eye_alb-image_0</init_from>
                    </surface>
                </newparam>
                <newparam sid="pm0285_00_00_eye_alb-image_0_sampler">
                    <sampler2D>
                        <source>pm0285_00_00_eye_alb-image_0_surface</source>
                    </sampler2D>
                </newparam>
                <technique sid="standard">
                    <phong>
                        <emission>
                            <color sid="emission">0 0 0 1</color>
                        </emission>
                        <ambient>
                            <color sid="ambient">0 0 0 1</color>
                        </ambient>
                        <diffuse>
                            <texture texture="pm0285_00_00_eye_alb-image_0_sampler" texcoord="CHANNEL0" />
                        </diffuse>
                        <specular>
                            <color sid="specular">0 0 0 1</color>
                        </specular>
                        <reflective>
                            <color sid="reflective">1 1 1 1</color>
                        </reflective>
                        <shininess>
                            <float sid="shininess">50</float>
                        </shininess>
                        <reflectivity>
                            <float sid="reflectivity">1</float>
                        </reflectivity>
                        <transparency>
                            <float sid="transparency">1</float>
                        </transparency>
                    </phong>
                </technique>
            </profile_COMMON>
        </effect>
    </library_effects>
    <library_geometries>
        <geometry id="pm0285_00_00_body_mesh_shape_lod1_body_b-geometry" name="pm0285_00_00_body_mesh_shape_lod1_body_b">
            <mesh>
                <source id="pm0285_00_00_body_mesh_shape_lod1_body_b-geometry-POSITION">
                    <float_array id="pm0285_00_00_body_mesh_shape_lod1_body_b-geometry-POSITION-array" count="1203">-0.0464663 0.1995907 0.1849357 -0.03254683 0.2296787 0.1731543 -0.03697765 0.2274752 0.1775501 0.0464663 0.1995907 0.1849357 0.1031338 0.1530217 0.1771641 0.06848829 0.2349699 0.1670608 -0.07369392 0.1596915 0.1934444 -0.0464663 0.1995907 0.1849357 -0.1031338 0.1530217 0.1771641 0.07369392 0.1596915 0.1934444 0.1031338 0.1530217 0.1771641 0.0464663 0.1995907 0.1849357 0.03254683 0.2296787 0.1731543 0.0464663 0.1995907 0.1849357 0.03697765 0.2274752 0.1775501 0.07369392 0.1596915 0.1934444 0.0464663 0.1995907 0.1849357 -9.88779E-06 0.1521539 0.208344 -0.07369392 0.1596915 0.1934444 -9.88779E-06 0.1521539 0.208344 -0.0464663 0.1995907 0.1849357 -0.0464663 0.1995907 0.1849357 -2.720418E-05 0.1965118 0.1919821 8.445064E-07 0.2279364 0.1831362 0.0464663 0.1995907 0.1849357 8.445064E-07 0.2279364 0.1831362 -2.720418E-05 0.1965118 0.1919821 0.03448093 0.2425377 0.1675511 0.02999262 0.2385228 0.1753108 0.03127821 0.2415909 0.168379 1.120588E-21 0.2066579 0.1247345 1.488039E-21 0.1853084 0.1048575 -0.04634096 0.1859881 0.1277488 0.03153298 0.2131396 0.123444 1.488039E-21 0.1853084 0.1048575 0.04634096 0.1859881 0.1277488 -0.03153298 0.2131396 0.123444 -0.04634096 0.1859881 0.1277488 1.488039E-21 0.1853084 0.1048575 0.03153298 0.2131396 0.123444 0.0464663 0.1995907 0.1849357 4.852937E-07 0.2280666 0.1832174 0.0464663 0.1995907 0.1849357 0.06848829 0.2349699 0.1670608 0.03697765 0.2274752 0.1775501 -0.1031338 0.1530217 0.1771641 -0.0464663 0.1995907 0.1849357 -0.06848829 0.2349699 0.1670608 -0.0464663 0.1995907 0.1849357 -0.02690423 0.1879533 0.1785767 -0.04691858 0.1844598 0.1573295 1.120588E-21 0.2066579 0.1247345 0.04691858 0.1844598 0.1573295 0.04634096 0.1859881 0.1277488 0.0464663 0.1995907 0.1849357 0.04634096 0.1859881 0.1277488 0.04691858 0.1844598 0.1573295 0.02690423 0.1879533 0.1785767 0.0464663 0.1995907 0.1849357 0.04691858 0.1844598 0.1573295 0.0464663 0.1995907 0.1849357 0.03254683 0.2296787 0.1731543 4.852937E-07 0.2280666 0.1832174 -0.03254683 0.2296787 0.1731543 -0.0464663 0.1995907 0.1849357 4.852937E-07 0.2280666 0.1832174 0.02999262 0.2385228 0.1753108 4.852937E-07 0.2280666 0.1832174 0.03254683 0.2296787 0.1731543 0.04634096 0.1859881 0.1277488 1.488039E-21 0.1853084 0.1048575 1.120588E-21 0.2066579 0.1247345 -1.308731E-07 0.1890121 0.1851698 8.445064E-07 0.2279364 0.1831362 0.02690423 0.1879533 0.1785767 0.02690423 0.1879533 0.1785767 8.445064E-07 0.2279364 0.1831362 0.0464663 0.1995907 0.1849357 0.0464663 0.1995907 0.1849357 0.03153298 0.2131396 0.123444 0.04634096 0.1859881 0.1277488 0.03177976 0.2435223 0.1675004 0.03292272 0.2440332 0.1671219 0.03448093 0.2425377 0.1675511 0.03127821 0.2415909 0.168379 0.03177976 0.2435223 0.1675004 0.03448093 0.2425377 0.1675511 0.0313343 0.2366062 0.1704389 0.03126031 0.2392695 0.1693441 0.02999262 0.2385228 0.1753108 0.02999262 0.2385228 0.1753108 0.03126031 0.2392695 0.1693441 0.03127821 0.2415909 0.168379 0.02999262 0.2385228 0.1753108 0.03155821 0.2339468 0.1715292 0.0313343 0.2366062 0.1704389 0.02999262 0.2385228 0.1753108 0.03183345 0.2316214 0.1724566 0.03155821 0.2339468 0.1715292 0.02999262 0.2385228 0.1753108 0.03254683 0.2296787 0.1731543 0.03183345 0.2316214 0.1724566 -0.01754961 0.3620493 -0.02499942 -0.04183065 0.3882754 -0.04098383 -0.02874062 0.3623322 0.01061943 -0.03448093 0.2425377 0.1675511 -0.03127821 0.2415909 0.168379 -0.02999262 0.2385228 0.1753108 -0.02883454 0.3550178 -0.03530351 -0.04183065 0.3882754 -0.04098383 -0.01754961 0.3620493 -0.02499942 -0.01754961 0.3620493 -0.02499942 -0.02540559 0.3759608 -0.03373824 -0.02883454 0.3550178 -0.03530351 -0.04372849 0.3550419 0.01679683 -0.05335121 0.3884138 0.02780125 -0.02874062 0.3623322 0.01061943 -0.02874062 0.3623322 0.01061943 -0.05676423 0.387818 0.01149 -0.04372849 0.3550419 0.01679683 -0.000101905 0.3606065 0.03231243 0.0002561241 0.3766361 0.04336734 0.002222335 0.3564904 0.04858844 -0.05335121 0.3884138 0.02780125 -0.02605672 0.3912092 0.06327064 0.0002561241 0.3766361 0.04336734 -0.02874062 0.3623322 0.01061943 -0.04183065 0.3882754 -0.04098383 -0.05676423 0.387818 0.01149 -0.06607695 0.3943588 -0.003153748 -0.05676423 0.387818 0.01149 -0.04183065 0.3882754 -0.04098383 1.314661E-05 0.3487475 -0.009445608 -8.106661E-05 0.3938272 -0.04558785 -0.01754961 0.3620493 -0.02499942 1.298901E-05 0.396954 -0.06482872 -0.01780404 0.394089 -0.06300794 -8.106661E-05 0.3938272 -0.04558785 4.852937E-07 0.2280666 0.1832174 -0.02999262 0.2385228 0.1753108 -0.03254683 0.2296787 0.1731543 -0.04634096 0.1859881 0.1277488 -0.04691858 0.1844598 0.1573295 1.120588E-21 0.2066579 0.1247345 -0.0464663 0.1995907 0.1849357 8.445064E-07 0.2279364 0.1831362 -0.02690423 0.1879533 0.1785767 -0.02690423 0.1879533 0.1785767 8.445064E-07 0.2279364 0.1831362 -1.308731E-07 0.1890121 0.1851698 -0.0464663 0.1995907 0.1849357 -0.03153298 0.2131396 0.123444 4.852937E-07 0.2280666 0.1832174 -0.0464663 0.1995907 0.1849357 -0.04691858 0.1844598 0.1573295 -0.04634096 0.1859881 0.1277488 -0.0464663 0.1995907 0.1849357 -0.04634096 0.1859881 0.1277488 -0.03153298 0.2131396 0.123444 -0.03177976 0.2435223 0.1675004 -0.03448093 0.2425377 0.1675511 -0.03292272 0.2440332 0.1671219 -0.03177976 0.2435223 0.1675004 -0.03127821 0.2415909 0.168379 -0.03448093 0.2425377 0.1675511 -0.0313343 0.2366062 0.1704389 -0.02999262 0.2385228 0.1753108 -0.03126031 0.2392695 0.1693441 -0.03126031 0.2392695 0.1693441 -0.02999262 0.2385228 0.1753108 -0.03127821 0.2415909 0.168379 -0.03155821 0.2339468 0.1715292 -0.02999262 0.2385228 0.1753108 -0.0313343 0.2366062 0.1704389 -0.03183345 0.2316214 0.1724566 -0.02999262 0.2385228 0.1753108 -0.03155821 0.2339468 0.1715292 -0.03254683 0.2296787 0.1731543 -0.02999262 0.2385228 0.1753108 -0.03183345 0.2316214 0.1724566 -0.06848829 0.2349699 0.1670608 -0.0464663 0.1995907 0.1849357 -0.03697765 0.2274752 0.1775501 0.02874062 0.3623322 0.01061943 0.04183065 0.3882754 -0.04098383 0.01754961 0.3620493 -0.02499942 0.01754961 0.3620493 -0.02499942 0.04183065 0.3882754 -0.04098383 0.02883454 0.3550178 -0.03530351 0.01754961 0.3620493 -0.02499942 0.02883454 0.3550178 -0.03530351 0.02540559 0.3759608 -0.03373824 0.02874062 0.3623322 0.01061943 0.05335121 0.3884138 0.02780125 0.04372849 0.3550419 0.01679683 0.02874062 0.3623322 0.01061943 0.04372849 0.3550419 0.01679683 0.05676423 0.387818 0.01149 -0.000101905 0.3606065 0.03231243 0.002222335 0.3564904 0.04858844 -0.0002561241 0.3766361 0.04336734 0.05335121 0.3884138 0.02780125 -0.0002561241 0.3766361 0.04336734 0.02605672 0.3912092 0.06327064 0.04183065 0.3882754 -0.04098383 0.02874062 0.3623322 0.01061943 0.05676423 0.387818 0.01149 0.05676423 0.387818 0.01149 0.06607695 0.3943588 -0.003153748 0.04183065 0.3882754 -0.04098383 1.314661E-05 0.3487475 -0.009445608 0.01754961 0.3620493 -0.02499942 -8.106661E-05 0.3938272 -0.04558785 -8.106661E-05 0.3938272 -0.04558785 0.01780404 0.394089 -0.06300794 1.298901E-05 0.396954 -0.06482872 -0.04691858 0.1844598 0.1573295 -0.02690423 0.1879533 0.1785767 3.995715E-21 0.2062078 0.1660886 -1.308731E-07 0.1890121 0.1851698 3.995715E-21 0.2062078 0.1660886 0.04691858 0.1844598 0.1573295 1.120588E-21 0.2066579 0.1247345 -0.04691858 0.1844598 0.1573295 3.995715E-21 0.2062078 0.1660886 0.02690423 0.1879533 0.1785767 0.04691858 0.1844598 0.1573295 -1.308731E-07 0.1890121 0.1851698 -9.88779E-06 0.1521539 0.208344 0.0464663 0.1995907 0.1849357 -2.720418E-05 0.1965118 0.1919821 -0.0464663 0.1995907 0.1849357 0.03697765 0.2274752 0.1775501 0.03845815 0.2380565 0.1733758 0.03539356 0.2315983 0.171931 0.06848829 0.2349699 0.1670608 0.03153298 0.2131396 0.123444 4.852937E-07 0.2280666 0.1832174 -2.42128E-07 0.2209116 0.1214599 1.488039E-21 0.1853084 0.1048575 -0.02874062 0.3623322 0.01061943 1.314661E-05 0.3487475 -0.009445608 -0.01754961 0.3620493 -0.02499942 -0.000101905 0.3606065 0.03231243 -0.02874062 0.3623322 0.01061943 0.0002561241 0.3766361 0.04336734 -0.000101905 0.3606065 0.03231243 -0.05335121 0.3884138 0.02780125 -0.01754961 0.3620493 -0.02499942 -8.106661E-05 0.3938272 -0.04558785 -0.02540559 0.3759608 -0.03373824 -0.01780404 0.394089 -0.06300794 -0.03697765 0.2274752 0.1775501 -0.03539356 0.2315983 0.171931 -0.03845815 0.2380565 0.1733758 -0.06848829 0.2349699 0.1670608 4.852937E-07 0.2280666 0.1832174 -0.03153298 0.2131396 0.123444 -2.42128E-07 0.2209116 0.1214599 1.488039E-21 0.1853084 0.1048575 1.314661E-05 0.3487475 -0.009445608 0.02874062 0.3623322 0.01061943 0.01754961 0.3620493 -0.02499942 -0.000101905 0.3606065 0.03231243 -0.000101905 0.3606065 0.03231243 -0.0002561241 0.3766361 0.04336734 0.02874062 0.3623322 0.01061943 0.05335121 0.3884138 0.02780125 -8.106661E-05 0.3938272 -0.04558785 0.01754961 0.3620493 -0.02499942 0.02540559 0.3759608 -0.03373824 0.01780404 0.394089 -0.06300794 0.02944493 0.2507113 0.1726602 4.395518E-07 0.2916033 0.1444812 -0.02944493 0.2507113 0.1726602 -1.361856E-05 0.3309089 0.07526069 -0.05287103 0.3323171 0.05672328 0.05287103 0.3323171 0.05672328 -0.0969067 0.2947372 0.1007552 -0.07862668 0.3294038 -0.0009416628 -0.1386897 0.293899 -8.723762E-05 0.0969067 0.2947372 0.1007552 0.07862668 0.3294038 -0.0009416628 0.1386897 0.293899 -8.723743E-05 -0.06848829 0.2349699 0.1670608 0.06848829 0.2349699 0.1670608 -0.1590346 0.236907 0.08905239 -0.1031338 0.1530217 0.1771641 -0.1872399 0.2336325 0.0004001397 -0.1312625 0.1596118 0.1588203 -0.1770858 0.1525229 0.1014997 -0.2053278 0.1526954 -0.0001245773 -0.1930398 0.159249 0.0727357 -0.1770858 0.1525229 0.1014997 0.1590346 0.236907 0.08905239 0.1031338 0.1530217 0.1771641 0.1872399 0.2336325 0.0004001397 0.1312625 0.1596118 0.1588203 0.1770858 0.1525229 0.1014997 0.2053278 0.1526954 -0.0001245773 0.1930398 0.159249 0.0727357 0.1770858 0.1525229 0.1014997 0.03697765 0.2274752 0.1775501 0.03374733 0.2291524 0.1731953 0.03254683 0.2296787 0.1731543 0.03489136 0.2296656 0.1728134 0.03539356 0.2315983 0.171931 0.03845815 0.2380565 0.1733758 0.03541283 0.2339226 0.1709607 0.03532344 0.2365535 0.1697842 0.03511584 0.2392473 0.1687983 0.03448093 0.2425377 0.1675511 -0.03374733 0.2291524 0.1731953 -0.03697765 0.2274752 0.1775501 -0.03254683 0.2296787 0.1731543 -0.03489136 0.2296656 0.1728134 -0.03539356 0.2315983 0.171931 -0.03541283 0.2339226 0.1709607 -0.03845815 0.2380565 0.1733758 -0.03532344 0.2365535 0.1697842 -0.03511584 0.2392473 0.1687983 -0.03448093 0.2425377 0.1675511 -0.1872399 0.2336325 0.0004001397 -0.1934577 0.1595153 -0.07270381 -0.2053278 0.1526954 -0.0001245773 -0.1359576 0.2341141 -0.1306523 -0.1770148 0.1525626 -0.1015414 -0.1386897 0.293899 -8.723762E-05 -0.07862668 0.3294038 -0.0009416628 -0.05335684 0.3320108 -0.05576218 -0.09285302 0.2969315 -0.101281 2.142076E-05 0.3318994 -0.07720774 -0.1316547 0.1602576 -0.1591594 -0.1770148 0.1525626 -0.1015414 -0.1032675 0.1537323 -0.1766524 -0.07380539 0.1584725 -0.1926894 -1.011755E-06 0.2361804 -0.1809604 5.76556E-07 0.1523386 -0.2082798 0.07380539 0.1584725 -0.1926894 1.095459E-07 0.2970737 -0.1305846 0.09285305 0.2969314 -0.101281 0.05335684 0.3320108 -0.05576218 0.07862668 0.3294038 -0.0009416628 0.1386897 0.293899 -8.723743E-05 0.1359581 0.2341134 -0.1306523 0.1872399 0.2336325 0.0004001397 0.1316547 0.1602576 -0.1591594 0.1032675 0.1537323 -0.1766524 0.1770148 0.1525626 -0.1015414 0.1934577 0.1595153 -0.07270381 0.1770148 0.1525626 -0.1015414 0.2053278 0.1526954 -0.0001245773 -0.06848829 0.2349699 0.1670608 -0.03845815 0.2380565 0.1733758 -0.03448093 0.2425377 0.1675511 -0.02944493 0.2507113 0.1726602 4.395518E-07 0.2916033 0.1444812 -0.0270597 0.2422631 0.1734323 -0.02999262 0.2385228 0.1753108 4.852937E-07 0.2280666 0.1832174 0.02944493 0.2507113 0.1726602 0.0270597 0.2422631 0.1734323 0.02999262 0.2385228 0.1753108 0.03448093 0.2425377 0.1675511 0.06848829 0.2349699 0.1670608 0.03845815 0.2380565 0.1733758 4.395518E-07 0.2916033 0.1444812 -0.05646723 0.06632502 -0.005682292 -0.01415047 0.03525364 -0.02632868 -0.06509067 0.03582274 -0.06144228 -0.1162852 0.03475378 -0.0265968 -0.01412671 0.03461006 0.02639367 -0.1100051 0.03618469 0.03732123 -0.04344871 0.03498603 0.06165095 0.01415047 0.03525364 -0.02632868 0.05646723 0.06632502 -0.005682292 0.06509067 0.03582274 -0.06144228 0.1162852 0.03475378 -0.0265968 0.01412671 0.03461006 0.02639367 0.1100051 0.03618469 0.03732123 0.04344871 0.03498603 0.06165095 -0.01415047 0.03525364 -0.02632868 -0.06042458 0.0030596 -0.03943618 -0.06509067 0.03582274 -0.06144228 -0.1162852 0.03475378 -0.0265968 -0.03454728 0.001761791 0.03738621 -0.01412671 0.03461006 0.02639367 -0.1118732 0.008906915 0.02410712 -0.1100051 0.03618469 0.03732123 -0.04344871 0.03498603 0.06165095 -0.08490924 0.008828537 0.05632067 0.06509067 0.03582274 -0.06144228 0.06042458 0.0030596 -0.03943618 0.01415047 0.03525364 -0.02632868 0.1162852 0.03475378 -0.0265968 0.03454728 0.001761791 0.03738621 0.01412671 0.03461006 0.02639367 0.1118732 0.008906915 0.02410712 0.1100051 0.03618469 0.03732123 0.04344871 0.03498603 0.06165095 0.08490924 0.008828537 0.05632067</float_array>
                    <technique_common>
                        <accessor count="401" offset="0" source="pm0285_00_00_body_mesh_shape_lod1_body_b-geometry-POSITION-array" stride="3">
                            <param name="X" type="float" />
                            <param name="Y" type="float" />
                            <param name="Z" type="float" />
                        </accessor>
                    </technique_common>
                </source>
                <source id="pm0285_00_00_body_mesh_shape_lod1_body_b-geometry-NORMAL">
                    <float_array id="pm0285_00_00_body_mesh_shape_lod1_body_b-geometry-NORMAL-array" count="555">-0.2401123 0.3078613 0.9204102 -0.2244873 0.3557129 0.9067383 -0.08325195 0.2910156 0.9526367 0.2401123 0.3078613 0.9204102 0.4724121 0.4406738 0.7626953 0.4382324 0.4946289 0.75 -0.2949219 0.5449219 0.784668 -0.4724121 0.4406738 0.7626953 0.2949219 0.5449219 0.784668 0.2244873 0.3557129 0.9067383 0.08325195 0.2910156 0.9526367 0 0.5410156 0.840332 0 0.329834 0.9438477 0.0001071692 0.2995605 0.9536133 0.34375 -0.8129883 -0.4692383 0.9926758 -0.04473877 0.1080322 0.5751953 -0.769043 -0.2780762 0 0.9511719 -0.3081055 0 0.6811523 -0.7314453 -0.4106445 0.8989258 -0.1507568 -0.5737305 -0.7260742 0.3781738 0 -0.2814941 0.9594727 -0.8261719 -0.3654785 0.4277344 0.5737305 -0.7260742 0.3779297 0.8261719 -0.3654785 0.4277344 -0.6162109 -0.7866211 -0.02934265 0 -0.9995117 -0.02740479 -0.4382324 0.4946289 0.75 0.03485107 0.5234375 -0.8510742 -0.196167 0.8154297 -0.543457 -0.3425293 0.9389648 0.004306793 0.3425293 0.9389648 0.004306793 0.4106445 0.8989258 -0.1507568 -0.9980469 -0.05975342 0.01638794 0.196167 0.8154297 -0.543457 -0.03485107 0.5234375 -0.8510742 0 0.420166 0.9072266 0.2529297 0.1143188 0.9604492 0 -0.05691528 -0.9980469 0 0.07678223 -0.996582 -0.1380615 -0.3830566 -0.9130859 -0.1380615 -0.3835449 -0.9125977 0.9667969 0.1422119 0.2119141 0.9707031 0.09759521 0.2192383 0.9658203 0.1781006 0.1868896 0.9609375 0.2724609 -0.04022217 0.9448242 0.3022461 -0.1242065 0.2819824 0.7949219 0.5366211 0.6777344 0.7275391 0.105896 0.4821777 0.8569336 -0.1800537 -0.34375 -0.8129883 -0.4692383 -0.5751953 -0.769043 -0.2780762 -0.9926758 -0.04473877 0.1080322 0.6293945 0.1148682 -0.7680664 -0.7060547 0.5361328 0.4614258 -0.9663086 0.142334 0.2128906 -0.442627 0.1629639 -0.8813477 0.2590332 0.7866211 -0.5595703 0.6113281 0.7490234 0.253418 0.2600098 0.2541504 0.9311523 0.08734131 0.8183594 -0.5678711 0.6132813 0.765625 -0.1923828 0.8710938 0.2009277 0.4470215 0.2851563 0.9125977 -0.2912598 0.4257813 0.8950195 0.1290283 -0.0002748966 0.9848633 0.1716309 -0.0005793571 0.8300781 0.5571289 0.0004618168 0.9868164 0.1604004 -0.4882813 0.8242188 0.2856445 -0.2529297 0.1143188 0.9604492 0.6162109 -0.7866211 -0.02935791 0.9980469 -0.05975342 0.01638794 0.1380615 -0.3830566 -0.9130859 0.1380615 -0.3835449 -0.9125977 -0.9667969 0.1422119 0.2119141 -0.9707031 0.09759521 0.2192383 -0.9658203 0.1781006 0.1868896 -0.9609375 0.2724609 -0.04022217 -0.9448242 0.3022461 -0.1242065 -0.4819336 0.8569336 -0.180542 -0.6777344 0.7275391 0.105896 -0.2817383 0.7944336 0.5371094 -0.6293945 0.1148682 -0.7680664 0.9663086 0.142334 0.2128906 0.7045898 0.5375977 0.4624023 -0.2590332 0.7866211 -0.5595703 0.442627 0.1629639 -0.8813477 -0.2600098 0.2541504 0.9311523 -0.6113281 0.7490234 0.253418 -0.9887695 -0.09100342 0.1181641 -0.8046875 0.05407715 0.590332 -0.6313477 0.7539063 -0.1793213 -0.2851563 0.9125977 -0.2912598 -0.4257813 0.8950195 0.1290283 0.4865723 0.824707 0.2878418 0 0.9863281 0.1619873 0 0.7426758 0.6694336 0.1716309 0.6000977 0.7807617 -0.8295898 0.3015137 0.4692383 0 -0.890625 0.4541016 0.8295898 0.3015137 0.4692383 -0.1716309 0.6000977 0.7807617 0.1947021 0.6044922 0.7719727 0 0.7709961 0.6367188 -0.1947021 0.6044922 0.7719727 0 0.8730469 0.4875488 -0.3059082 0.8305664 0.4643555 0.3056641 0.8305664 0.4643555 -0.4912109 0.7348633 0.4667969 -0.5107422 0.8442383 0.1601563 -0.6582031 0.7519531 -0.008102417 0.4912109 0.7348633 0.4667969 0.5063477 0.855957 -0.1008301 0.6582031 0.7519531 -0.008102417 -0.8334961 0.463623 0.2998047 -0.8823242 0.470459 0.003198624 -0.5932617 0.4990234 0.6313477 -0.7275391 0.4831543 0.486084 -0.8706055 0.4916992 0.006607056 -0.8081055 0.5283203 0.2595215 0.8334961 0.463623 0.2998047 0.8823242 0.470459 0.003198624 0.5932617 0.4990234 0.6313477 0.7275391 0.4831543 0.486084 0.8706055 0.4916992 0.006607056 0.8081055 0.5283203 0.2595215 0.1328125 0.9536133 0.2687988 0.3991699 0.9150391 0.05627441 -0.5913086 0.6000977 0.5380859 -0.7822266 0.2421875 0.5732422 -0.7788086 0.2019043 0.5932617 -0.7797852 0.1582031 0.6049805 -0.78125 0.1525879 0.6044922 -0.1328125 0.9536133 0.2687988 -0.3991699 0.9150391 0.05627441 0.5913086 0.6000977 0.5380859 0.7822266 0.2421875 0.5732422 0.7788086 0.2019043 0.5932617 0.7797852 0.1582031 0.6049805 0.78125 0.1525879 0.6044922 -0.8334961 0.4672852 -0.2939453 -0.6796875 0.4694824 -0.5629883 -0.7436523 0.4428711 -0.5004883 -0.3945313 0.8569336 -0.3308105 -0.4155273 0.6884766 -0.59375 0 0.8378906 -0.5449219 -0.5844727 0.4475098 -0.6762695 -0.3657227 0.5004883 -0.7841797 -0.2680664 0.4812012 -0.8339844 0 0.559082 -0.8286133 0 0.4846191 -0.8745117 0.2680664 0.4812012 -0.8339844 0 0.6606445 -0.7504883 0.4155273 0.6884766 -0.59375 0.3947754 0.8569336 -0.3308105 0.3408203 0.484375 -0.8051758 0.5844727 0.4475098 -0.6762695 0.3657227 0.5004883 -0.7841797 0.7436523 0.4428711 -0.5004883 0.8334961 0.4672852 -0.2939453 -0.182251 0.8803711 0.4372559 -0.3125 0.2080078 0.9267578 0.3125 0.2080078 0.9267578 -0.07391357 -0.4753418 0.8764648 -0.3696289 0.9287109 -0.01422882 0.9506836 0.1867676 -0.2460938 -0.3647461 0.5483398 -0.7519531 -0.9052734 0.260498 -0.3349609 0.9677734 0.1170044 0.2220459 -0.8842773 0.4355469 0.1657715 0.4953613 0.1276855 0.8588867 -0.9506836 0.1867676 -0.2460938 -0.2680664 0.9145508 0.3012695 0.3647461 0.5483398 -0.7519531 0.9052734 0.260498 -0.3349609 -0.9677734 0.1170044 0.2220459 0.5200195 0.5581055 0.6459961 -0.4953613 0.1276855 0.8588867 0.5874023 -0.7119141 -0.3840332 0 -1.000122 0 -0.7807617 -0.6152344 0.1043701 -0.2224121 -0.6435547 0.7319336 0.3083496 -0.5927734 -0.7436523 0.7807617 -0.6152344 0.1043701 0.2224121 -0.6435547 0.7319336</float_array>
                    <technique_common>
                        <accessor count="185" offset="0" source="pm0285_00_00_body_mesh_shape_lod1_body_b-geometry-NORMAL-array" stride="3">
                            <param name="X" type="float" />
                            <param name="Y" type="float" />
                            <param name="Z" type="float" />
                        </accessor>
                    </technique_common>
                </source>
                <source id="pm0285_00_00_body_mesh_shape_lod1_body_b-geometry-TEXCOORD">
                    <float_array id="pm0285_00_00_body_mesh_shape_lod1_body_b-geometry-TEXCOORD-array" count="436">0.4095998 1.115237 0.4470314 1.165892 0.437392 1.16708 0.6073955 1.097541 0.6928453 1.063666 0.6128417 1.185335 0.3626019 1.054456 0.3071547 1.063666 0.6373981 1.054456 0.5529686 1.165892 0.5791213 1.116496 0.562608 1.16708 0.5 1.010369 0.4219002 1.100259 0.5 1.082849 0.4975301 1.103089 0.5581048 1.184453 0.5483952 1.177801 0.5532726 1.177167 0.5 1.539309 0.5 1.570313 0.4432617 1.535639 0.8830982 1.94928 0.8359375 1.984375 0.8725314 1.912241 0.1169018 1.94928 0.1274686 1.912241 0.1640625 1.984375 0.9465675 1.910153 0.9569393 1.984375 0.3871583 1.185335 0.05343246 1.910153 0.05463147 1.867198 0.08913803 1.886804 0.5588503 1.493546 0.5567383 1.535639 0.910862 1.886804 0.9453685 1.867198 0.5 1.158959 0.9708761 1.845156 0.9818782 1.85719 0.6155189 1.521449 0.6169402 1.52224 0.6184731 1.52179 0.6146795 1.51896 0.6146016 1.511743 0.6145325 1.515706 0.6093149 1.511385 0.6150061 1.507792 0.6156952 1.504415 0.6169405 1.501897 0.1473836 1.040129 0.1692613 1.087793 0.09351599 1.056314 0.4418952 1.184453 0.4467274 1.177167 0.4516048 1.177801 0.1566575 1.047092 0.1705755 1.04084 0.08982956 1.067214 0.05601805 1.092896 0.09961557 1.10625 0.06180364 1.011719 0.04169571 1.023698 0.05029827 1.011719 0.008298337 1.054703 0.1172154 1.120304 0.1235359 1.011719 0.1963568 1.011719 0.2211339 1.011719 0.2163725 1.034446 0.4411497 1.493546 0.01812199 1.85719 0.0291239 1.845156 0.04306066 1.984375 0.3844811 1.521449 0.381527 1.52179 0.3830598 1.52224 0.3853206 1.51896 0.3853984 1.511743 0.3906851 1.511385 0.3854675 1.515706 0.3849939 1.507792 0.3843048 1.504415 0.3830595 1.501897 0.906484 1.056314 0.8307387 1.087793 0.8526164 1.040129 0.8433425 1.047092 0.8294245 1.04084 0.9439819 1.092896 0.9101704 1.067214 0.9003844 1.10625 0.9381964 1.011719 0.9497017 1.011719 0.9583043 1.023698 0.9917017 1.054703 0.8827846 1.120304 0.8764641 1.011719 0.8036432 1.011719 0.7836275 1.034446 0.7788661 1.011719 0.4666417 1.465762 0.5 1.48912 0.4999999 1.459523 0.533358 1.465762 0.5644057 1.178584 0.5606074 1.172639 0.8858434 1.984375 0.4393926 1.172639 0.4355943 1.178584 0.1141566 1.984375 0.5465038 1.200863 0.500004 1.287683 0.4534962 1.200863 0.5000013 1.415778 0.3971004 1.43681 0.6029139 1.43681 0.3580984 1.326849 0.2902008 1.492788 0.1935029 1.41966 0.6419064 1.326849 0.7098039 1.492788 0.806495 1.41966 0.2274801 1.253819 0.1126397 1.331217 0.2614658 1.093145 0.154156 1.135863 0.02343542 1.242184 0.1152418 1.171266 0.7725205 1.253819 0.8873603 1.331217 0.7385342 1.093145 0.845844 1.135863 0.9765646 1.242184 0.8847582 1.171266 0.6216594 1.498079 0.61855 1.501385 0.6200305 1.502265 0.6207476 1.504907 0.6259324 1.512538 0.6208962 1.508311 0.6207879 1.512254 0.6204375 1.515927 0.6197867 1.519465 0.38145 1.501385 0.3783406 1.498079 0.3799695 1.502265 0.3792524 1.504907 0.3791038 1.508311 0.3740676 1.512538 0.3792121 1.512254 0.3795625 1.515927 0.3802133 1.519465 0.1235754 1.689353 0.1297753 1.850966 0.03124828 1.777345 0.2943276 1.808105 0.1675925 1.891397 0.2114101 1.597367 0.2904805 1.521383 0.3779673 1.57791 0.3600387 1.686575 0.5 1.609928 0.2780846 1.934245 0.3261186 1.958985 0.3793719 1.964815 0.4999945 1.842851 0.5 1.988281 0.6206281 1.964815 0.4999872 1.710686 0.6399403 1.686578 0.622033 1.57791 0.7095193 1.521383 0.7885786 1.597368 0.7056662 1.808107 0.8764258 1.689353 0.7219153 1.934246 0.6738814 1.958985 0.8324075 1.891397 0.8702247 1.850966 0.9687517 1.777345 0.4560559 1.185293 0.5439439 1.185293 0.07672648 1.448241 0.05306953 1.501704 0.01216412 1.439501 0.05311751 1.377396 0.111178 1.501688 0.1237328 1.384813 0.1517416 1.46481 0.9469305 1.501704 0.9232736 1.448241 0.9878359 1.439501 0.9468825 1.377396 0.888822 1.501688 0.8762673 1.384813 0.8482584 1.46481 0.05306953 1.52564 0.04949793 1.584285 0.01216412 1.587843 0.05311751 1.649948 0.1124478 1.563207 0.111178 1.525656 0.1030571 1.627155 0.1237328 1.642531 0.1517416 1.562533 0.1289479 1.604475 0.9878359 1.587843 0.950502 1.584285 0.9469305 1.52564 0.9468825 1.649948 0.8875522 1.563207 0.888822 1.525656 0.8969429 1.627155 0.8762673 1.642531 0.8482584 1.562533 0.8710521 1.604475</float_array>
                    <technique_common>
                        <accessor count="218" offset="0" source="pm0285_00_00_body_mesh_shape_lod1_body_b-geometry-TEXCOORD-array" stride="2">
                            <param name="S" type="float" />
                            <param name="T" type="float" />
                        </accessor>
                    </technique_common>
                </source>
                <vertices id="pm0285_00_00_body_mesh_shape_lod1_body_b-vertices">
                    <input semantic="POSITION" source="#pm0285_00_00_body_mesh_shape_lod1_body_b-geometry-POSITION" />
                </vertices>
                <triangles count="226" material="body_b">
                    <input semantic="VERTEX" source="#pm0285_00_00_body_mesh_shape_lod1_body_b-vertices" offset="0" set="0" />
                    <input semantic="NORMAL" source="#pm0285_00_00_body_mesh_shape_lod1_body_b-geometry-NORMAL" offset="1" set="0" />
                    <input semantic="TEXCOORD" source="#pm0285_00_00_body_mesh_shape_lod1_body_b-geometry-TEXCOORD" offset="2" set="0" />
                    <p>0 0 0 1 1 1 2 2 2 3 3 3 4 4 4 5 5 5 6 6 6 7 0 0 8 7 7 9 8 8 10 4 4 11 3 3 12 9 9 13 3 10 14 10 11 15 8 8 16 3 3 17 11 12 18 6 6 19 11 12 20 0 13 21 0 13 22 12 14 23 13 15 24 3 3 25 13 15 26 12 14 27 14 16 28 15 17 29 16 18 30 17 19 31 18 20 32 19 21 33 20 22 34 21 23 35 22 24 36 23 25 37 24 26 38 21 27 39 20 22 40 25 28 41 26 29 42 3 3 43 5 5 44 10 11 45 7 7 46 0 0 47 27 30 48 28 31 49 29 32 50 30 33 51 17 19 52 31 34 53 32 35 54 25 28 55 22 24 56 33 36 57 34 37 58 35 28 59 31 36 60 3 10 61 9 9 62 36 38 63 1 1 64 0 0 65 36 38 66 37 17 67 36 38 68 9 9 69 32 35 70 18 20 71 17 19 72 38 39 73 39 40 74 34 37 75 34 37 76 39 40 77 35 28 78 25 28 79 20 22 80 22 24 81 40 41 82 41 42 83 14 43 84 16 44 85 40 41 86 14 43 87 42 45 88 43 46 89 15 47 90 15 47 91 43 46 92 16 44 93 15 47 94 44 48 95 42 45 96 15 47 97 45 49 98 44 48 99 15 47 100 46 50 101 45 49 102 47 51 103 48 52 104 49 53 105 50 54 106 51 55 107 52 56 108 53 57 109 48 52 110 53 51 111 47 51 112 54 58 113 55 57 114 56 59 115 57 60 116 49 53 117 49 53 118 58 61 119 59 59 120 60 62 121 61 63 122 62 64 123 57 60 124 63 65 125 61 63 126 49 53 127 48 52 128 58 61 129 64 66 130 58 61 131 48 52 132 65 67 133 66 68 134 47 51 135 67 69 136 68 70 137 66 68 138 36 38 139 69 56 140 1 1 141 19 21 142 30 71 143 17 19 144 28 31 145 39 72 146 29 32 147 29 32 148 39 72 149 38 73 150 70 31 151 23 25 152 26 74 153 70 31 154 71 33 155 24 26 156 70 31 157 24 26 158 23 25 159 72 75 160 50 76 161 73 77 162 72 75 163 51 78 164 50 76 165 74 79 166 52 80 167 75 81 168 75 81 169 52 80 170 51 78 171 76 82 172 52 80 173 74 79 174 77 83 175 52 80 176 76 82 177 78 84 178 52 80 179 77 83 180 27 30 181 0 0 182 2 2 183 79 85 184 80 86 185 81 87 186 82 87 187 80 86 188 82 88 189 81 87 190 83 88 191 84 89 192 79 85 193 85 90 194 86 91 195 79 85 196 87 91 197 88 92 198 89 93 199 90 94 200 91 95 201 85 90 202 91 95 203 92 96 204 80 86 205 79 85 206 88 92 207 88 92 208 93 97 209 80 86 210 65 98 211 81 87 212 66 99 213 66 99 214 94 100 215 67 101 216 30 71 217 29 102 218 95 103 218 95 103 217 29 102 219 96 104 220 95 103 221 31 34 222 17 19 222 17 19 223 30 71 220 95 103 224 95 103 225 34 105 226 31 34 227 96 104 225 34 105 224 95 103 228 11 12 229 3 3 230 12 14 230 12 14 231 0 13 228 11 12 232 10 11 233 97 106 234 98 107 232 10 11 235 5 5 233 97 106 236 20 22 237 26 29 238 99 108 236 20 22 238 99 108 239 21 23 240 49 53 241 65 67 242 47 51 241 65 67 240 49 53 243 60 62 244 49 53 245 61 63 246 60 62 245 61 63 244 49 53 247 57 60 248 47 51 249 66 68 250 54 58 250 54 58 249 66 68 251 68 70 252 2 2 253 100 109 254 101 110 254 101 110 255 27 30 252 2 2 256 26 74 257 23 25 258 99 111 257 23 25 259 21 27 258 99 111 260 65 98 261 79 85 262 81 87 260 65 98 263 60 93 261 79 85 264 60 93 265 91 95 266 79 85 266 79 85 265 91 95 267 85 90 268 66 99 269 81 87 270 84 89 270 84 89 271 94 100 268 66 99 272 102 112 273 103 113 274 104 114 273 103 113 275 105 115 276 106 116 277 107 117 275 105 115 273 103 113 276 106 116 278 108 118 273 103 113 276 106 116 279 109 119 278 108 118 278 108 118 279 109 119 280 110 120 281 111 121 277 107 117 273 103 113 281 111 121 282 112 122 277 107 117 283 113 123 282 112 122 281 111 121 273 103 113 278 108 118 284 27 30 285 5 5 281 111 121 273 103 113 284 27 30 278 108 118 286 114 124 278 108 118 280 110 120 286 114 124 284 27 30 286 114 124 287 7 7 288 115 125 286 114 124 280 110 120 287 7 7 286 114 124 289 116 126 290 117 127 289 116 126 286 114 124 286 114 124 288 115 125 291 118 128 291 118 128 292 119 129 286 114 124 292 119 129 293 117 127 286 114 124 294 120 130 281 111 121 285 5 5 283 113 123 281 111 121 294 120 130 295 4 4 294 120 130 285 5 5 296 121 131 283 113 123 294 120 130 297 122 132 294 120 130 295 4 4 298 123 133 294 120 130 297 122 132 296 121 131 294 120 130 299 124 134 300 125 135 299 124 134 294 120 130 294 120 130 301 123 133 300 125 135 302 10 136 303 126 137 304 127 50 305 128 138 303 126 137 302 10 136 306 98 139 305 128 138 302 10 136 306 98 139 307 97 140 308 129 141 308 129 141 307 97 140 309 130 142 307 97 140 310 131 143 309 130 142 311 132 144 310 131 143 307 97 140 312 133 145 313 2 146 314 134 84 315 135 147 313 2 146 312 133 145 315 135 147 316 100 148 313 2 146 316 100 148 317 136 149 318 101 150 318 101 150 317 136 149 319 137 151 319 137 151 320 138 152 318 101 150 318 101 150 320 138 152 321 139 153 322 115 154 323 140 155 324 118 156 323 140 155 322 115 154 325 141 157 325 141 157 326 142 158 323 140 155 322 115 154 327 110 159 325 141 157 327 110 159 328 109 160 329 143 161 330 144 162 327 110 159 329 143 161 325 141 157 327 110 159 330 144 162 331 145 163 330 144 162 329 143 161 332 146 164 333 142 158 325 141 157 334 147 165 332 146 164 335 148 166 332 146 164 325 141 157 335 148 166 336 149 167 335 148 166 325 141 157 325 141 157 330 144 162 336 149 167 335 148 166 336 149 167 337 150 168 336 149 167 338 151 169 337 150 168 339 152 170 330 144 162 331 145 163 336 149 167 330 144 162 339 152 170 340 153 171 339 152 170 331 145 163 339 152 170 340 153 171 336 149 167 340 153 171 331 145 163 341 154 172 341 154 172 342 112 173 343 113 174 341 154 172 343 113 174 340 153 171 336 149 167 340 153 171 344 155 175 340 153 171 343 113 174 344 155 175 338 151 169 336 149 167 344 155 175 344 155 175 343 113 174 345 121 176 338 151 169 346 156 177 347 157 178 344 155 175 346 156 177 338 151 169 344 155 175 348 158 179 346 156 177 345 121 176 349 159 180 344 155 175 344 155 175 349 159 180 350 158 179 349 159 180 345 121 176 351 124 181 352 27 30 353 101 110 354 160 54 352 27 30 355 104 114 356 103 113 354 160 54 355 104 114 352 27 30 354 160 54 357 161 182 355 104 114 357 161 182 354 160 54 358 69 56 358 69 56 359 36 38 357 161 182 359 36 38 355 104 114 357 161 182 359 36 38 360 102 112 355 104 114 361 162 183 360 102 112 359 36 38 361 162 183 359 36 38 362 37 17 363 163 16 361 162 183 362 37 17 361 162 183 363 163 16 360 102 112 364 5 5 360 102 112 363 163 16 364 5 5 363 163 16 365 97 106 364 5 5 366 103 113 360 102 112 367 164 184 368 165 185 369 166 186 370 167 187 367 164 184 369 166 186 367 164 184 371 168 188 368 165 185 372 169 189 367 164 184 370 167 187 373 170 190 371 168 188 367 164 184 367 164 184 372 169 189 373 170 190 374 171 191 375 172 192 376 173 193 375 172 192 377 174 194 376 173 193 378 175 195 375 172 192 374 171 191 377 174 194 375 172 192 379 176 196 375 172 192 378 175 195 380 177 197 380 177 197 379 176 196 375 172 192 381 165 198 382 178 199 383 166 200 383 166 200 382 178 199 384 167 201 381 165 198 385 179 202 382 178 199 385 179 202 381 165 198 386 168 203 384 167 201 382 178 199 387 180 204 387 180 204 382 178 199 385 179 202 384 167 201 387 180 204 388 169 205 389 170 206 385 179 202 386 168 203 387 180 204 390 181 207 388 169 205 387 180 204 385 179 202 390 181 207 390 181 207 389 170 206 388 169 205 385 179 202 389 170 206 390 181 207 391 173 208 392 182 209 393 171 210 391 173 208 394 174 211 392 182 209 395 179 212 393 171 210 392 182 209 393 171 210 395 179 212 396 175 213 394 174 211 397 183 214 392 182 209 392 182 209 397 183 214 395 179 212 397 183 214 394 174 211 398 176 215 399 177 216 396 175 213 395 179 212 397 183 214 398 176 215 400 184 217 395 179 212 397 183 214 400 184 217 399 177 216 400 184 217 398 176 215 400 184 217 399 177 216 395 179 212</p>
                </triangles>
            </mesh>
        </geometry>
        <geometry id="pm0285_00_00_body_mesh_shape_lod1_body_a-geometry" name="pm0285_00_00_body_mesh_shape_lod1_body_a">
            <mesh>
                <source id="pm0285_00_00_body_mesh_shape_lod1_body_a-geometry-POSITION">
                    <float_array id="pm0285_00_00_body_mesh_shape_lod1_body_a-geometry-POSITION-array" count="1752">-0.01359484 0.09717853 -0.2400126 -0.03214425 0.1135661 -0.1816652 -0.08960608 0.06533789 -0.2549543 -0.09747629 0.1177467 -0.1618269 -0.08960608 0.06533789 -0.2549543 -0.03214425 0.1135661 -0.1816652 -0.1099112 0.1193075 -0.1922426 -0.08960608 0.06533789 -0.2549543 -0.09747629 0.1177467 -0.1618269 -0.05670585 0.09067489 -0.2615804 -0.01359484 0.09717853 -0.2400126 -0.08960608 0.06533789 -0.2549543 -0.05670585 0.09067489 -0.2615804 -0.08960608 0.06533789 -0.2549543 -0.1032675 0.1537323 -0.1766524 -0.1032675 0.1537323 -0.1766524 -0.08960608 0.06533789 -0.2549543 -0.1099112 0.1193075 -0.1922426 -0.1689343 0.06210123 -0.1992653 -0.09747629 0.1177467 -0.1618269 -0.1631486 0.1191204 -0.09502573 -0.09747629 0.1177467 -0.1618269 -0.1524011 0.08064919 -0.207418 -0.1121095 0.119217 -0.1879452 -0.1032675 0.1537323 -0.1766524 -0.1121095 0.119217 -0.1879452 -0.1524011 0.08064919 -0.207418 -0.1631486 0.1191204 -0.09502573 -0.2140891 0.09792288 -0.1086434 -0.1770148 0.1525626 -0.1015414 -0.2611207 0.06091151 -0.08057909 -0.2140891 0.09792288 -0.1086434 -0.1631486 0.1191204 -0.09502573 -0.1631486 0.1191204 -0.09502573 -0.1857236 0.1207546 0.0001232509 -0.2611207 0.06091151 -0.08057909 -0.2209983 0.1185556 -0.002026692 -0.2642953 0.06549933 -0.04994161 -0.1857236 0.1207546 0.0001232509 -0.2611207 0.06091151 -0.08057909 -0.1857236 0.1207546 0.0001232509 -0.2642953 0.06549933 -0.04994161 -0.2611207 0.06091151 -0.08057909 -0.2642953 0.06549933 -0.04994161 -0.2316342 0.1284603 -0.01089823 -0.2650927 0.06024004 0.05935312 -0.1857236 0.1207546 0.0001232509 -0.1626312 0.1191862 0.09436035 -0.2650927 0.06024004 0.05935312 -0.2546763 0.08057226 0.02645269 -0.1857236 0.1207546 0.0001232509 -0.1626312 0.1191862 0.09436035 -0.2320427 0.07276656 0.09407215 -0.2650927 0.06024004 0.05935312 -0.1986597 0.0905587 0.1786078 -0.19904 0.06038117 0.1840543 -0.1764362 0.06515804 0.2036854 -0.19904 0.06038117 0.1840543 -0.1626312 0.1191862 0.09436035 -0.09727676 0.1171908 0.1615961 -0.1626312 0.1191862 0.09436035 -0.2067096 0.08026007 0.1506957 -0.1873331 0.1186465 0.1106919 -0.19904 0.06038117 0.1840543 -0.2067096 0.08026007 0.1506957 -0.1626312 0.1191862 0.09436035 -0.09727676 0.1171908 0.1615961 -0.1764362 0.06515804 0.2036854 -0.19904 0.06038117 0.1840543 -0.09727676 0.1171908 0.1615961 -0.1357231 0.09831119 0.2013694 -0.1764362 0.06515804 0.2036854 -0.100819 0.1331427 0.1728505 -0.1357231 0.09831119 0.2013694 -0.09727676 0.1171908 0.1615961 -0.1873331 0.1186465 0.1106919 -0.2067096 0.08026007 0.1506957 -0.1770858 0.1525229 0.1014997 -0.2053278 0.1526954 -0.0001245773 -0.2209983 0.1185556 -0.002026692 -0.1857236 0.1207546 0.0001232509 -0.1770148 0.1525626 -0.1015414 -0.1892805 0.1189122 -0.1121754 -0.1631486 0.1191204 -0.09502573 -0.09747629 0.1177467 -0.1618269 -0.1121095 0.119217 -0.1879452 -0.1032675 0.1537323 -0.1766524 -0.1032675 0.1537323 -0.1766524 -0.1099112 0.1193075 -0.1922426 -0.09747629 0.1177467 -0.1618269 -0.03214425 0.1135661 -0.1816652 -0.01359484 0.09717853 -0.2400126 3.010762E-06 0.1145611 -0.1852547 -0.01359484 0.09717853 -0.2400126 5.76556E-07 0.1523386 -0.2082798 3.010762E-06 0.1145611 -0.1852547 -0.1631486 0.1191204 -0.09502573 -0.1007835 0.06495801 0.03941675 -0.1857236 0.1207546 0.0001232509 -0.104112 0.07186335 -0.08776394 -0.1631486 0.1191204 -0.09502573 -0.09747629 0.1177467 -0.1618269 -0.02605672 0.3912092 0.06327064 -0.05335121 0.3884138 0.02780125 -0.04372849 0.3550419 0.01679683 6.728527E-06 0.34819 0.05079864 0.002222335 0.3564904 0.04858844 -0.04372849 0.3550419 0.01679683 -0.02605672 0.3912092 0.06327064 -0.04372849 0.3550419 0.01679683 0.002222335 0.3564904 0.04858844 0.002222335 0.3564904 0.04858844 0.0002561241 0.3766361 0.04336734 -0.02605672 0.3912092 0.06327064 -0.04372849 0.3550419 0.01679683 -0.05676423 0.387818 0.01149 -0.06607695 0.3943588 -0.003153748 -0.04372849 0.3550419 0.01679683 -0.06607695 0.3943588 -0.003153748 -0.02883454 0.3550178 -0.03530351 -0.04183065 0.3882754 -0.04098383 -0.02883454 0.3550178 -0.03530351 -0.06607695 0.3943588 -0.003153748 -0.02883454 0.3550178 -0.03530351 -0.02540559 0.3759608 -0.03373824 -0.01780404 0.394089 -0.06300794 2.142076E-05 0.3318994 -0.07720774 -0.02883454 0.3550178 -0.03530351 0.02883454 0.3550178 -0.03530351 -0.05335684 0.3320108 -0.05576218 -0.07862668 0.3294038 -0.0009416628 -0.02883454 0.3550178 -0.03530351 -0.07862668 0.3294038 -0.0009416628 -0.04372849 0.3550419 0.01679683 -0.02883454 0.3550178 -0.03530351 -0.04372849 0.3550419 0.01679683 -1.361856E-05 0.3309089 0.07526069 6.728527E-06 0.34819 0.05079864 -0.1770858 0.1525229 0.1014997 -0.1921833 0.1187881 0.108036 -0.1626312 0.1191862 0.09436035 -0.1626312 0.1191862 0.09436035 -0.1873331 0.1186465 0.1106919 -0.1770858 0.1525229 0.1014997 -0.09727676 0.1171908 0.1615961 -0.1096375 0.0979474 0.2135325 -0.100819 0.1331427 0.1728505 -0.09727676 0.1171908 0.1615961 -0.1020754 0.08700912 0.2428051 -0.1096375 0.0979474 0.2135325 -0.09727676 0.1171908 0.1615961 -0.08156817 0.06032503 0.2593563 -0.1020754 0.08700912 0.2428051 -0.007638932 0.1086873 0.209916 -0.09727676 0.1171908 0.1615961 -2.753731E-06 0.1121527 0.1872003 -2.753731E-06 0.1121527 0.1872003 -1.533763E-07 0.1392018 0.2110299 -0.007638932 0.1086873 0.209916 -0.09727676 0.1171908 0.1615961 -0.03499368 0.07241096 0.2470816 -0.08156817 0.06032503 0.2593563 -0.007638932 0.1086873 0.209916 -0.03499368 0.07241096 0.2470816 -0.09727676 0.1171908 0.1615961 -1.533763E-07 0.1392018 0.2110299 -0.03499368 0.07241096 0.2470816 -0.007638932 0.1086873 0.209916 -0.05257896 0.06725891 0.2655163 -0.08156817 0.06032503 0.2593563 -0.03499368 0.07241096 0.2470816 -0.07369392 0.1596915 0.1934444 -0.1020754 0.08700912 0.2428051 -0.05257896 0.06725891 0.2655163 -0.1031338 0.1530217 0.1771641 -0.1020754 0.08700912 0.2428051 -0.07369392 0.1596915 0.1934444 -0.1031338 0.1530217 0.1771641 -0.1096375 0.0979474 0.2135325 -0.1020754 0.08700912 0.2428051 -0.100819 0.1331427 0.1728505 -0.1096375 0.0979474 0.2135325 -0.1031338 0.1530217 0.1771641 -0.05257896 0.06725891 0.2655163 -0.1020754 0.08700912 0.2428051 -0.08156817 0.06032503 0.2593563 -0.1007835 0.06495801 0.03941675 -0.1626312 0.1191862 0.09436035 -0.1857236 0.1207546 0.0001232509 -0.1007835 0.06495801 0.03941675 -0.09727676 0.1171908 0.1615961 -0.1626312 0.1191862 0.09436035 -2.753731E-06 0.1121527 0.1872003 -0.09727676 0.1171908 0.1615961 -0.1007835 0.06495801 0.03941675 0.03214425 0.1135661 -0.1816652 0.01359484 0.09717853 -0.2400126 0.08960608 0.06533789 -0.2549543 0.03214425 0.1135661 -0.1816652 0.08960608 0.06533789 -0.2549543 0.09747629 0.1177467 -0.1618269 0.09747629 0.1177467 -0.1618269 0.08960608 0.06533789 -0.2549543 0.1099112 0.1193075 -0.1922426 0.08960608 0.06533789 -0.2549543 0.01359484 0.09717853 -0.2400126 0.05670585 0.09067489 -0.2615804 0.1032675 0.1537323 -0.1766524 0.08960608 0.06533789 -0.2549543 0.05670585 0.09067489 -0.2615804 0.1099112 0.1193075 -0.1922426 0.08960608 0.06533789 -0.2549543 0.1032675 0.1537323 -0.1766524 0.1631486 0.1191204 -0.09502573 0.09747629 0.1177467 -0.1618269 0.1689343 0.06210123 -0.1992653 0.1121095 0.119217 -0.1879452 0.1524011 0.08064919 -0.207418 0.09747629 0.1177467 -0.1618269 0.1524011 0.08064919 -0.207418 0.1121095 0.119217 -0.1879452 0.1032675 0.1537323 -0.1766524 0.1770148 0.1525626 -0.1015414 0.2140891 0.09792288 -0.1086434 0.1631486 0.1191204 -0.09502573 0.1631486 0.1191204 -0.09502573 0.2140891 0.09792288 -0.1086434 0.2611207 0.06091151 -0.08057909 0.2611207 0.06091151 -0.08057909 0.1857236 0.1207546 0.0001232509 0.1631486 0.1191204 -0.09502573 0.1857236 0.1207546 0.0001232509 0.2642953 0.06549933 -0.04994161 0.2209983 0.1185556 -0.002026692 0.2642953 0.06549933 -0.04994161 0.1857236 0.1207546 0.0001232509 0.2611207 0.06091151 -0.08057909 0.2316342 0.1284603 -0.01089823 0.2642953 0.06549933 -0.04994161 0.2611207 0.06091151 -0.08057909 0.1626312 0.1191862 0.09436035 0.1857236 0.1207546 0.0001232509 0.2650927 0.06024004 0.05935312 0.1857236 0.1207546 0.0001232509 0.2546763 0.08057226 0.02645269 0.2650927 0.06024004 0.05935312 0.2650927 0.06024004 0.05935312 0.2320427 0.07276656 0.09407215 0.1626312 0.1191862 0.09436035 0.19904 0.06038117 0.1840543 0.1986597 0.0905587 0.1786078 0.1764362 0.06515804 0.2036854 0.09727676 0.1171908 0.1615961 0.1626312 0.1191862 0.09436035 0.19904 0.06038117 0.1840543 0.1873331 0.1186465 0.1106919 0.2067096 0.08026007 0.1506957 0.1626312 0.1191862 0.09436035 0.1626312 0.1191862 0.09436035 0.2067096 0.08026007 0.1506957 0.19904 0.06038117 0.1840543 0.19904 0.06038117 0.1840543 0.1764362 0.06515804 0.2036854 0.09727676 0.1171908 0.1615961 0.09727676 0.1171908 0.1615961 0.1357231 0.09831119 0.2013694 0.100819 0.1331427 0.1728505 0.1764362 0.06515804 0.2036854 0.1357231 0.09831119 0.2013694 0.09727676 0.1171908 0.1615961 0.1770858 0.1525229 0.1014997 0.2067096 0.08026007 0.1506957 0.1873331 0.1186465 0.1106919 0.1007835 0.06495801 0.03941675 0.09727676 0.1171908 0.1615961 -2.753731E-06 0.1121527 0.1872003 0.1007835 0.06495801 0.03941675 0.1626312 0.1191862 0.09436035 0.09727676 0.1171908 0.1615961 0.1857236 0.1207546 0.0001232509 0.1626312 0.1191862 0.09436035 0.1007835 0.06495801 0.03941675 0.1857236 0.1207546 0.0001232509 0.2209983 0.1185556 -0.002026692 0.2053278 0.1526954 -0.0001245773 0.1631486 0.1191204 -0.09502573 0.1892805 0.1189122 -0.1121754 0.1770148 0.1525626 -0.1015414 0.1032675 0.1537323 -0.1766524 0.1121095 0.119217 -0.1879452 0.09747629 0.1177467 -0.1618269 0.09747629 0.1177467 -0.1618269 0.1099112 0.1193075 -0.1922426 0.1032675 0.1537323 -0.1766524 3.010762E-06 0.1145611 -0.1852547 0.01359484 0.09717853 -0.2400126 0.03214425 0.1135661 -0.1816652 3.010762E-06 0.1145611 -0.1852547 5.76556E-07 0.1523386 -0.2082798 0.01359484 0.09717853 -0.2400126 0.1857236 0.1207546 0.0001232509 0.1007835 0.06495801 0.03941675 0.1631486 0.1191204 -0.09502573 0.1631486 0.1191204 -0.09502573 0.104112 0.07186335 -0.08776394 0.09747629 0.1177467 -0.1618269 0.04372849 0.3550419 0.01679683 0.05335121 0.3884138 0.02780125 0.02605672 0.3912092 0.06327064 0.04372849 0.3550419 0.01679683 0.002222335 0.3564904 0.04858844 6.728527E-06 0.34819 0.05079864 0.02605672 0.3912092 0.06327064 0.002222335 0.3564904 0.04858844 0.04372849 0.3550419 0.01679683 0.02605672 0.3912092 0.06327064 -0.0002561241 0.3766361 0.04336734 0.002222335 0.3564904 0.04858844 0.06607695 0.3943588 -0.003153748 0.05676423 0.387818 0.01149 0.04372849 0.3550419 0.01679683 0.04372849 0.3550419 0.01679683 0.02883454 0.3550178 -0.03530351 0.06607695 0.3943588 -0.003153748 0.04183065 0.3882754 -0.04098383 0.06607695 0.3943588 -0.003153748 0.02883454 0.3550178 -0.03530351 0.01780404 0.394089 -0.06300794 0.02540559 0.3759608 -0.03373824 0.02883454 0.3550178 -0.03530351 0.05335684 0.3320108 -0.05576218 0.02883454 0.3550178 -0.03530351 0.07862668 0.3294038 -0.0009416628 0.02883454 0.3550178 -0.03530351 0.04372849 0.3550419 0.01679683 0.07862668 0.3294038 -0.0009416628 0.08156817 0.06032503 0.2593563 0.1020754 0.08700912 0.2428051 0.05257896 0.06725891 0.2655163 0.1020754 0.08700912 0.2428051 0.1096375 0.0979474 0.2135325 0.1031338 0.1530217 0.1771641 0.1031338 0.1530217 0.1771641 0.1096375 0.0979474 0.2135325 0.100819 0.1331427 0.1728505 0.05257896 0.06725891 0.2655163 0.1020754 0.08700912 0.2428051 0.07369392 0.1596915 0.1934444 0.07369392 0.1596915 0.1934444 0.1020754 0.08700912 0.2428051 0.1031338 0.1530217 0.1771641 -1.361856E-05 0.3309089 0.07526069 0.04372849 0.3550419 0.01679683 6.728527E-06 0.34819 0.05079864 0.03499368 0.07241096 0.2470816 0.08156817 0.06032503 0.2593563 0.05257896 0.06725891 0.2655163 0.007638932 0.1086873 0.209916 0.03499368 0.07241096 0.2470816 -1.533763E-07 0.1392018 0.2110299 0.08156817 0.06032503 0.2593563 0.03499368 0.07241096 0.2470816 0.09727676 0.1171908 0.1615961 0.09727676 0.1171908 0.1615961 0.03499368 0.07241096 0.2470816 0.007638932 0.1086873 0.209916 -2.753731E-06 0.1121527 0.1872003 0.007638932 0.1086873 0.209916 -1.533763E-07 0.1392018 0.2110299 -2.753731E-06 0.1121527 0.1872003 0.09727676 0.1171908 0.1615961 0.007638932 0.1086873 0.209916 0.09727676 0.1171908 0.1615961 0.1020754 0.08700912 0.2428051 0.08156817 0.06032503 0.2593563 0.1096375 0.0979474 0.2135325 0.1020754 0.08700912 0.2428051 0.09727676 0.1171908 0.1615961 0.100819 0.1331427 0.1728505 0.1096375 0.0979474 0.2135325 0.09727676 0.1171908 0.1615961 0.1626312 0.1191862 0.09436035 0.1921833 0.1187881 0.108036 0.1770858 0.1525229 0.1014997 0.1770858 0.1525229 0.1014997 0.1873331 0.1186465 0.1106919 0.1626312 0.1191862 0.09436035 -0.1857236 0.1207546 0.0001232509 -0.2546763 0.08057226 0.02645269 -0.2190848 0.1188996 0.0024515 -0.1857236 0.1207546 0.0001232509 -0.2053278 0.1526954 -0.0001245773 -0.1921833 0.1187881 0.108036 -0.2320427 0.07276656 0.09407215 -0.1626312 0.1191862 0.09436035 -0.2650927 0.06024004 0.05935312 -0.2564656 0.06664033 0.08711074 -0.05335684 0.3320108 -0.05576218 -0.02883454 0.3550178 -0.03530351 2.142076E-05 0.3318994 -0.07720774 0.02883454 0.3550178 -0.03530351 0.05335684 0.3320108 -0.05576218 -0.07862668 0.3294038 -0.0009416628 -0.05287103 0.3323171 0.05672328 -0.04372849 0.3550419 0.01679683 -1.361856E-05 0.3309089 0.07526069 -0.04372849 0.3550419 0.01679683 0.2190848 0.1188996 0.0024515 0.2546763 0.08057226 0.02645269 0.1857236 0.1207546 0.0001232509 0.2053278 0.1526954 -0.0001245773 0.1857236 0.1207546 0.0001232509 0.1626312 0.1191862 0.09436035 0.2320427 0.07276656 0.09407215 0.1921833 0.1187881 0.108036 0.2564656 0.06664033 0.08711074 0.2650927 0.06024004 0.05935312 0.07862668 0.3294038 -0.0009416628 0.04372849 0.3550419 0.01679683 0.05287103 0.3323171 0.05672328 0.04372849 0.3550419 0.01679683 -1.361856E-05 0.3309089 0.07526069 -0.1892805 0.1189122 -0.1121754 -0.1994893 0.07288717 -0.1538846 -0.1631486 0.1191204 -0.09502573 -0.1631486 0.1191204 -0.09502573 -0.1689343 0.06210123 -0.1992653 -0.2047396 0.06478811 -0.1781058 -0.189608 0.07187615 -0.2027714 -0.1524011 0.08064919 -0.207418 -0.09747629 0.1177467 -0.1618269 0.1631486 0.1191204 -0.09502573 0.1994893 0.07288717 -0.1538846 0.1892805 0.1189122 -0.1121754 0.1689343 0.06210123 -0.1992653 0.1631486 0.1191204 -0.09502573 0.2047396 0.06478811 -0.1781058 0.189608 0.07187615 -0.2027714 0.09747629 0.1177467 -0.1618269 0.1524011 0.08064919 -0.207418 -0.2140891 0.09792288 -0.1086434 -0.2611207 0.06091151 -0.08057909 -0.1934577 0.1595153 -0.07270381 -0.1770148 0.1525626 -0.1015414 -0.1770858 0.1525229 0.1014997 -0.2067096 0.08026007 0.1506957 -0.1986597 0.0905587 0.1786078 -0.19904 0.06038117 0.1840543 -0.03214425 0.1135661 -0.1816652 -1.00044E-05 0.07662749 -0.1442948 -0.09747629 0.1177467 -0.1618269 3.010762E-06 0.1145611 -0.1852547 -0.01198216 0.1278772 0.23296 -0.03499368 0.07241096 0.2470816 -1.533763E-07 0.1392018 0.2110299 -0.05257896 0.06725891 0.2655163 0.2611207 0.06091151 -0.08057909 0.2140891 0.09792288 -0.1086434 0.1934577 0.1595153 -0.07270381 0.1770148 0.1525626 -0.1015414 0.1986597 0.0905587 0.1786078 0.2067096 0.08026007 0.1506957 0.1770858 0.1525229 0.1014997 0.19904 0.06038117 0.1840543 -1.00044E-05 0.07662749 -0.1442948 0.03214425 0.1135661 -0.1816652 0.09747629 0.1177467 -0.1618269 3.010762E-06 0.1145611 -0.1852547 -1.533763E-07 0.1392018 0.2110299 0.03499368 0.07241096 0.2470816 0.01198216 0.1278772 0.23296 0.05257896 0.06725891 0.2655163 5.76556E-07 0.1523386 -0.2082798 -0.01359484 0.09717853 -0.2400126 -0.05670585 0.09067489 -0.2615804 -0.07380539 0.1584725 -0.1926894 -0.1032675 0.1537323 -0.1766524 -0.07369392 0.1596915 0.1934444 -0.05257896 0.06725891 0.2655163 -0.01198216 0.1278772 0.23296 -9.88779E-06 0.1521539 0.208344 -1.533763E-07 0.1392018 0.2110299 0.07380539 0.1584725 -0.1926894 0.1032675 0.1537323 -0.1766524 0.05670585 0.09067489 -0.2615804 5.76556E-07 0.1523386 -0.2082798 0.01359484 0.09717853 -0.2400126 -9.88779E-06 0.1521539 0.208344 -1.533763E-07 0.1392018 0.2110299 0.01198216 0.1278772 0.23296 0.07369392 0.1596915 0.1934444 0.05257896 0.06725891 0.2655163 -0.02883454 0.3550178 -0.03530351 -0.01780404 0.394089 -0.06300794 0.02883454 0.3550178 -0.03530351 0.01780404 0.394089 -0.06300794 1.298901E-05 0.396954 -0.06482872 -0.1934577 0.1595153 -0.07270381 -0.2611207 0.06091151 -0.08057909 -0.2316342 0.1284603 -0.01089823 -0.2053278 0.1526954 -0.0001245773 -0.2209983 0.1185556 -0.002026692 -0.2642953 0.06549933 -0.04994161 -0.1031338 0.1530217 0.1771641 -0.1357231 0.09831119 0.2013694 -0.100819 0.1331427 0.1728505 -0.1312625 0.1596118 0.1588203 -0.1986597 0.0905587 0.1786078 -0.1770858 0.1525229 0.1014997 -0.1764362 0.06515804 0.2036854 0.2316342 0.1284603 -0.01089823 0.2611207 0.06091151 -0.08057909 0.1934577 0.1595153 -0.07270381 0.2053278 0.1526954 -0.0001245773 0.2209983 0.1185556 -0.002026692 0.2642953 0.06549933 -0.04994161 0.100819 0.1331427 0.1728505 0.1357231 0.09831119 0.2013694 0.1031338 0.1530217 0.1771641 0.1312625 0.1596118 0.1588203 0.1986597 0.0905587 0.1786078 0.1770858 0.1525229 0.1014997 0.1764362 0.06515804 0.2036854 -0.2190848 0.1188996 0.0024515 -0.2546763 0.08057226 0.02645269 -0.2053278 0.1526954 -0.0001245773 -0.2616678 0.09064571 0.05452691 -0.2650927 0.06024004 0.05935312 -0.1930398 0.159249 0.0727357 -0.2650927 0.06024004 0.05935312 -0.2564656 0.06664033 0.08711074 -0.2460092 0.08686236 0.09735683 -0.1770858 0.1525229 0.1014997 -0.2320427 0.07276656 0.09407215 -0.1921833 0.1187881 0.108036 -0.1770858 0.1525229 0.1014997 0.2053278 0.1526954 -0.0001245773 0.2546763 0.08057226 0.02645269 0.2190848 0.1188996 0.0024515 0.2616678 0.09064571 0.05452691 0.2650927 0.06024004 0.05935312 0.1930398 0.159249 0.0727357 0.2650927 0.06024004 0.05935312 0.2564656 0.06664033 0.08711074 0.2460092 0.08686236 0.09735683 0.1770858 0.1525229 0.1014997 0.2320427 0.07276656 0.09407215 0.1921833 0.1187881 0.108036 0.1770858 0.1525229 0.1014997 -0.1770148 0.1525626 -0.1015414 -0.1948743 0.1278026 -0.1239426 -0.1892805 0.1189122 -0.1121754 -0.1994893 0.07288717 -0.1538846 -0.2088606 0.08746087 -0.1654683 -0.2047396 0.06478811 -0.1781058 -0.189608 0.07187615 -0.2027714 -0.1316547 0.1602576 -0.1591594 -0.1770148 0.1525626 -0.1015414 -0.1524011 0.08064919 -0.207418 -0.1032675 0.1537323 -0.1766524 -0.1689343 0.06210123 -0.1992653 0.1770148 0.1525626 -0.1015414 0.1892805 0.1189122 -0.1121754 0.1948743 0.1278026 -0.1239426 0.1994893 0.07288717 -0.1538846 0.2088606 0.08746087 -0.1654683 0.2047396 0.06478811 -0.1781058 0.189608 0.07187615 -0.2027714 0.1316547 0.1602576 -0.1591594 0.1770148 0.1525626 -0.1015414 0.1524011 0.08064919 -0.207418 0.1032675 0.1537323 -0.1766524 0.1689343 0.06210123 -0.1992653 -0.104112 0.07186335 -0.08776394 -0.09747629 0.1177467 -0.1618269 -1.00044E-05 0.07662749 -0.1442948 0.09747629 0.1177467 -0.1618269 0.104112 0.07186335 -0.08776394 -0.1007835 0.06495801 0.03941675 -0.1631486 0.1191204 -0.09502573 -7.602604E-06 0.03981643 -0.000103817 0.1007835 0.06495801 0.03941675 0.1631486 0.1191204 -0.09502573 -2.753731E-06 0.1121527 0.1872003</float_array>
                    <technique_common>
                        <accessor count="584" offset="0" source="pm0285_00_00_body_mesh_shape_lod1_body_a-geometry-POSITION-array" stride="3">
                            <param name="X" type="float" />
                            <param name="Y" type="float" />
                            <param name="Z" type="float" />
                        </accessor>
                    </technique_common>
                </source>
                <source id="pm0285_00_00_body_mesh_shape_lod1_body_a-geometry-NORMAL">
                    <float_array id="pm0285_00_00_body_mesh_shape_lod1_body_a-geometry-NORMAL-array" count="690">0.4377441 -0.8193359 0.3693848 0.003353119 -0.9990234 0.03341675 0.04779053 -0.8691406 0.4914551 -0.3112793 -0.9287109 -0.199707 -0.9858398 -0.1358643 -0.09381104 -0.217041 0.5371094 -0.8144531 0.5532227 0.2954102 -0.7783203 -0.5185547 0.4685059 -0.7148438 -0.3657227 0.5004883 -0.7841797 0.3979492 -0.8808594 0.2556152 0.5200195 -0.7988281 0.3012695 0.251709 -0.7978516 0.546875 0.1203613 0.1625977 -0.9790039 0.6376953 -0.1629639 -0.7524414 -0.1141357 -0.9638672 -0.239624 -0.4355469 0.01406097 -0.8999023 0.2839355 -0.06848145 -0.9560547 0.512207 -0.8510742 0.1140137 -0.2546387 -0.9604492 0.1114502 -0.21521 -0.4345703 0.8745117 0.4526367 -0.8588867 0.237793 -0.7851563 0.5527344 -0.2780762 -0.8295898 0.5327148 -0.1657715 -0.8325195 0.5532227 -0.01779175 0.5068359 -0.8432617 -0.1768799 0.4892578 -0.8266602 -0.2763672 0.5644531 -0.824707 0.01699829 -0.4760742 -0.4460449 -0.7573242 0.4836426 -0.8623047 0.1488037 -0.6430664 0.5546875 0.5273438 -0.8056641 0.1149292 0.5805664 -0.4130859 0.4306641 0.8022461 0.3625488 -0.8496094 -0.3825684 0.2739258 -0.8266602 -0.4907227 0.4726563 -0.8388672 -0.2695313 -0.8217773 -0.4106445 -0.3945313 -0.7631836 -0.1641846 -0.6245117 0.4538574 -0.8642578 -0.21521 0.0002406836 0.182251 0.9829102 0.7148438 -0.1595459 0.6801758 -0.7275391 0.4831543 0.486084 -0.8706055 0.4916992 0.006607056 -0.6225586 -0.02018738 0.7817383 -0.659668 -0.3151855 0.6816406 -0.925293 0.007087708 0.3786621 0 -0.9760742 -0.217041 0 0.4846191 -0.8745117 0.9711914 -0.1231079 -0.2021484 -0.376709 -0.9257813 -0.02752686 -0.2648926 -0.9125977 -0.3112793 -0.515625 -0.5698242 0.6396484 -0.7119141 -0.3962402 0.5791016 -0.6943359 0.5766602 0.4296875 -0.01612854 0.7578125 0.6518555 0.03390503 -0.5571289 0.8295898 0.8710938 0.2009277 0.4470215 0.6132813 0.765625 -0.1923828 0.6674805 0.2470703 0.7016602 -0.8041992 -0.5585938 -0.2000732 -0.8618164 -0.2739258 0.4257813 -0.824707 -0.512207 -0.2374268 -0.8037109 -0.5063477 -0.3110352 -0.8022461 -0.3903809 -0.4511719 -0.9663086 0.142334 0.2128906 -0.7060547 0.5361328 0.4614258 -0.4882813 0.8242188 0.2856445 0 0.8378906 -0.5449219 -0.3356934 0.8520508 -0.4006348 0.3356934 0.8520508 -0.4003906 -0.3945313 0.8569336 -0.3308105 -0.5107422 0.8442383 0.1601563 -0.5063477 0.855957 -0.1008301 0 0.8730469 0.4875488 0.4199219 -0.01218414 0.9072266 0.05648804 -0.1140137 0.9916992 -0.5493164 -0.05984497 -0.8330078 -0.9682617 -0.04156494 -0.2458496 -0.9223633 0.2824707 0.2617188 -0.9658203 -0.04977417 -0.2524414 -0.2363281 -0.9174805 0.3183594 -0.6396484 -0.7070313 -0.3005371 -0.005947113 -0.9370117 -0.3486328 -0.03546143 -0.8740234 -0.4838867 0.1768799 -0.859375 -0.4794922 0 -0.9067383 0.4211426 0.9296875 -0.2427979 0.2753906 0.9008789 -0.1640625 0.401123 0.8925781 -0.2374268 0.3823242 0.3449707 -0.8574219 -0.3813477 0.2407227 -0.9692383 -0.04135132 -0.2949219 0.5449219 0.784668 -0.2199707 0.5849609 0.7802734 -0.1104126 0.5371094 0.8359375 -0.4724121 0.4406738 0.7626953 -0.2734375 0.3461914 0.8969727 -0.4873047 -0.8310547 0.2666016 -0.6088867 -0.7080078 0.3571777 -0.1685791 -0.9208984 0.3505859 -0.003343582 -0.9990234 0.03341675 -0.4377441 -0.8193359 0.3693848 -0.04779053 -0.8691406 0.4914551 0.3112793 -0.9287109 -0.1998291 0.9858398 -0.1358643 -0.09381104 0.5185547 0.4685059 -0.7148438 -0.5532227 0.2954102 -0.7783203 0.217041 0.5371094 -0.8144531 0.3657227 0.5004883 -0.7841797 -0.251709 -0.7978516 0.546875 -0.5200195 -0.7988281 0.3012695 -0.3979492 -0.8808594 0.2556152 -0.6376953 -0.1629639 -0.7524414 -0.1203613 0.1625977 -0.9790039 -0.2839355 -0.06848145 -0.9560547 0.4355469 0.01406097 -0.8999023 0.1141357 -0.9638672 -0.239624 -0.512207 -0.8510742 0.1140137 0.2546387 -0.9604492 0.1114502 -0.4526367 -0.8588867 0.237793 0.21521 -0.4345703 0.8745117 0.8325195 0.5532227 -0.01779175 0.8295898 0.5327148 -0.1657715 0.7851563 0.5527344 -0.2780762 -0.5644531 -0.824707 0.01699829 -0.4892578 -0.8266602 -0.2763672 -0.5068359 -0.8432617 -0.1768799 0.4760742 -0.4460449 -0.7573242 -0.4836426 -0.8623047 0.1488037 0.8056641 0.1149292 0.5805664 0.6430664 0.5546875 0.5273438 0.4130859 0.4306641 0.8022461 -0.4726563 -0.8388672 -0.2695313 -0.2739258 -0.8266602 -0.4907227 -0.3625488 -0.8496094 -0.3825684 0.7631836 -0.1641846 -0.6245117 0.8217773 -0.4106445 -0.3945313 -0.4538574 -0.8642578 -0.21521 -0.0002406836 0.182251 0.9829102 -0.7148438 -0.1595459 0.6801758 0.7275391 0.4831543 0.486084 0.1685791 -0.9208984 0.3505859 0.2363281 -0.9174805 0.3183594 0.4873047 -0.8310547 0.2666016 0.6088867 -0.7080078 0.3571777 0.8706055 0.4916992 0.006607056 0.659668 -0.3151855 0.6816406 0.6225586 -0.02018738 0.7817383 0.925293 0.007087708 0.3786621 -0.9711914 -0.1231689 -0.2020264 0.376709 -0.9257813 -0.02752686 0.2648926 -0.9125977 -0.3112793 0.6889648 0.6000977 0.4052734 0.7119141 -0.3962402 0.5791016 0.5537109 -0.5415039 0.6318359 -0.6396484 0.118042 0.7592773 -0.6313477 0.7539063 -0.1793213 -0.8046875 0.05407715 0.590332 0.824707 -0.512207 -0.2374268 0.8618164 -0.2739258 0.4257813 0.8041992 -0.5585938 -0.2000732 0.8037109 -0.5063477 -0.3110352 0.8022461 -0.3903809 -0.4511719 0.4865723 0.824707 0.2878418 0.7045898 0.5375977 0.4624023 0.9663086 0.142334 0.2128906 0.3947754 0.8569336 -0.3308105 0.5063477 0.855957 -0.1008301 0.2734375 0.3461914 0.8969727 0.2199707 0.5849609 0.7802734 0.1104126 0.5371094 0.8359375 0.9223633 0.2824707 0.2617188 0.4724121 0.4406738 0.7626953 0.9658203 -0.04977417 -0.2524414 0.2949219 0.5449219 0.784668 -0.3449707 -0.8574219 -0.3813477 0.03546143 -0.8740234 -0.4838867 -0.2407227 -0.9692383 -0.04135132 -0.8925781 -0.2374268 0.3823242 -0.9008789 -0.1644287 0.4008789 -0.1768799 -0.859375 -0.479248 -0.9296875 -0.2427979 0.2756348 0.6396484 -0.7070313 -0.3005371 0.005947113 -0.9370117 -0.3486328 0.9682617 -0.04156494 -0.2458496 -0.05648804 -0.1140137 0.9916992 -0.4199219 -0.01218414 0.9072266 0.5493164 -0.05984497 -0.8330078 -0.3286133 -0.1743164 -0.9277344 -0.7578125 -0.3833008 0.5273438 -0.3059082 0.8305664 0.4643555 0.3286133 -0.1743164 -0.9277344 0.7578125 -0.3833008 0.5273438 0.3056641 0.8305664 0.4643555 0.06945801 -0.8486328 0.5234375 -0.5678711 -0.8203125 -0.05908203 -0.5029297 0.4528809 -0.7353516 -0.06945801 -0.8486328 0.5234375 0.5678711 -0.8203125 -0.05908203 0.5029297 0.4528809 -0.7353516 -0.8334961 0.4672852 -0.2939453 -0.7436523 0.4428711 -0.5004883 0 -0.949707 -0.3120117 0.02320862 0.5385742 0.8417969 0.8334961 0.4672852 -0.2939453 0.7436523 0.4428711 -0.5004883 -0.02319336 0.5390625 0.8417969 -0.2680664 0.4812012 -0.8339844 0 0.5410156 0.840332 0.2680664 0.4812012 -0.8339844 0 -0.578125 -0.8154297 0 -0.5776367 -0.815918 0 -0.5361328 -0.84375 -0.6865234 -0.09112549 0.7211914 -0.5932617 0.4990234 0.6313477 0.6865234 -0.09112549 0.7211914 0.5932617 0.4990234 0.6313477 -0.8222656 0.565918 0.05480957 -0.9897461 0.1223755 0.06835938 -0.8081055 0.5283203 0.2595215 -0.6767578 0.4616699 0.5727539 0.8222656 0.565918 0.05480957 0.9897461 0.1223755 0.06835938 0.8081055 0.5283203 0.2595215 0.6767578 0.4616699 0.5727539 -0.7270508 0.6186523 -0.2973633 -0.730957 0.5498047 -0.4033203 -0.5844727 0.4475098 -0.6762695 0.7270508 0.6186523 -0.2973633 0.730957 0.5498047 -0.4033203 0.5844727 0.4475098 -0.6762695 0 -0.9916992 -0.126709</float_array>
                    <technique_common>
                        <accessor count="230" offset="0" source="pm0285_00_00_body_mesh_shape_lod1_body_a-geometry-NORMAL-array" stride="3">
                            <param name="X" type="float" />
                            <param name="Y" type="float" />
                            <param name="Z" type="float" />
                        </accessor>
                    </technique_common>
                </source>
                <source id="pm0285_00_00_body_mesh_shape_lod1_body_a-geometry-TEXCOORD">
                    <float_array id="pm0285_00_00_body_mesh_shape_lod1_body_a-geometry-TEXCOORD-array" count="584">0.03365356 0.928992 0.08203125 0.8671875 0.1247791 0.9809842 0.1578649 0.8580935 0.1767712 0.8911795 0.07178724 0.0453949 0.01910388 0.07199228 0.1136351 0.01999998 0.1514475 0.1523438 0.1609007 0.1098047 0.1140546 0.708988 0.1459144 0.823718 0.03431535 0.8252647 0.1382997 0.7212803 0.1666591 0.7921788 0.4296584 0.515625 0.4391116 0.5628906 0.4107521 0.6337891 0.1865761 0.6971383 0.1818492 0.7661442 0.1676697 0.6905192 0.2338415 0.8275895 0.30474 0.6905192 0.3219567 0.7330582 0.2705669 0.8196836 0.2219591 0.3542968 0.2584636 0.3622179 0.2944492 0.4506488 0.1067181 0.3098489 0.06171566 0.1788247 0.1800798 0.1796482 0.06890541 0.2767631 0.1570808 0.2768027 0.4279537 0.9563673 0.4246058 0.9894533 0.3891352 0.981512 0.2186948 0.5333593 0.2691863 0.6624373 0.1545088 0.662437 0.2596552 0.5651416 0.2834918 0.6373438 0.1856087 0.5380859 0.1430697 0.5948046 0.1336168 0.6609766 0.4892647 0.8901954 0.4637846 0.9610938 0.4784652 0.8476563 0.3283748 0.6905242 0.01068258 0.8347179 0.01540899 0.7921788 0.1761124 0.8347179 0.1883093 0.8533669 0.04660529 0.8580935 0.0113415 0.8580935 0.2878837 0.1221038 0.382529 0.28853 0.2573525 0.2442936 0.376482 0.1401424 0.3738369 0.03672796 0.09565473 0.6342728 0.03491729 0.6224012 0.03663558 0.5766909 0.1198559 0.5636574 0.1215415 0.5778492 0.1217534 0.5985716 0.2651232 0.07594705 0.2665675 0.1220309 0.2498817 0.1385034 0.1865188 0.07473409 0.1848624 0.1216722 0.4606426 0.6114854 0.4527344 0.5898829 0.4752706 0.5483698 0.5 0.6796875 0.5393574 0.6114854 0.1730549 0.02215433 0.2587684 0.008426785 0.1388764 0.5253382 0.2012493 0.1727786 0.1965227 0.2105911 0.2943197 0.6704296 0.02985561 0.3303908 0.02429688 0.4012892 0.01113391 0.3365257 0.04320312 0.4296485 0.08101565 0.4627344 0.1491449 0.3599668 0.148043 0.3303908 0.1802734 0.3398438 0.1284415 0.4273643 0.1155459 0.4551869 0.2318656 0.9882813 0.218081 0.8822065 0.2828612 0.8544317 0.1914455 0.9882813 0.1914455 0.9079297 0.1772656 0.9741015 0.2481643 0.8464844 0.289599 0.3657821 0.3762686 0.449182 0.5 0.4726563 0.9179688 0.8671875 0.9663464 0.928992 0.875221 0.9809842 0.8421351 0.8580935 0.8232288 0.8911795 0.8863649 0.01999998 0.9808961 0.07199228 0.9282128 0.0453949 0.8485525 0.1523438 0.8390993 0.1098047 0.9656847 0.8252647 0.8540856 0.823718 0.8859454 0.708988 0.8333409 0.7921788 0.8617003 0.7212803 0.5892479 0.6337891 0.5608884 0.5628906 0.5703416 0.515625 0.8323303 0.6905192 0.8181508 0.7661442 0.8134239 0.6971383 0.7661585 0.8275895 0.69526 0.6905192 0.7294331 0.8196836 0.6780433 0.7330582 0.7055508 0.4506488 0.7415364 0.3622179 0.7780409 0.3542968 0.8199202 0.1796482 0.9382843 0.1788247 0.8932819 0.3098489 0.9310946 0.2767631 0.8429192 0.2768027 0.5753942 0.9894533 0.5720463 0.9563673 0.6108648 0.981512 0.8454912 0.662437 0.7308137 0.6624373 0.7813052 0.5333593 0.7165082 0.6373438 0.7403448 0.5651416 0.8143913 0.5380859 0.8569303 0.5948046 0.8663832 0.6609766 0.5215348 0.8476563 0.5362154 0.9610938 0.5107353 0.8901954 0.617471 0.28853 0.6237314 0.449182 0.7104009 0.3657821 0.7426475 0.2442936 0.6716253 0.6905242 0.984591 0.7921788 0.9893174 0.8347179 0.8238876 0.8347179 0.8116907 0.8533669 0.9533947 0.8580935 0.9886585 0.8580935 0.7121164 0.1221038 0.623518 0.1401424 0.6261631 0.03672796 0.9633644 0.5766909 0.9650827 0.6224012 0.9043453 0.6342728 0.8861826 0.5766675 0.8801441 0.5636574 0.8782466 0.5985716 0.7501183 0.1385034 0.7334325 0.1220309 0.7348768 0.07594705 0.8134812 0.07473409 0.8151376 0.1216722 0.5247294 0.5483698 0.5472656 0.5898829 0.8269451 0.02215433 0.7412316 0.008426785 0.7518357 0.8464844 0.781919 0.8822065 0.7171388 0.8544317 0.8085545 0.9079297 0.8085545 0.9882813 0.8227344 0.9741015 0.7681344 0.9882813 0.8611203 0.5253404 0.8715585 0.4273643 0.9189844 0.4627344 0.8844541 0.4551869 0.8508551 0.3599668 0.8197266 0.3398438 0.9701444 0.3303908 0.851957 0.3303908 0.9567969 0.4296485 0.9757031 0.4012892 0.9888661 0.3365257 0.8034773 0.2105911 0.7987507 0.1727786 0.7056803 0.6704296 0.04527265 0.2105911 0.04054423 0.1775092 0.1445305 0.3034885 0.4282909 0.6645916 0.571709 0.6645917 -0.01847941 0.5396394 0.06255933 0.5112936 0.9547274 0.2105911 0.9594558 0.1775092 0.8554695 0.3034885 1.018479 0.5396394 0.9374405 0.5112938 0.05486512 0.7295334 0.06740129 0.7023741 0.1004872 0.6929209 0.9451349 0.7295334 0.9325987 0.7023741 0.8995128 0.6929209 0.1699672 0.4157423 0.2109375 0.4960938 0.167671 0.4960938 0.4578125 0.01171875 0.5 0.07320184 0.5 0.01171875 0.3161842 0.9457421 0.3059773 0.8780961 0.3379688 0.9788281 0.8300328 0.4157423 0.7890625 0.4960938 0.832329 0.4960938 0.5421875 0.01171875 0.6620312 0.9788281 0.6940227 0.8780961 0.6838158 0.9457421 0.02383029 0.1501678 0.1111456 0.1523438 0.3237891 0.9882813 0.8888544 0.1523438 0.9761697 0.1501678 0.6762109 0.9882813 0.5 0.5426172 0.3023099 0.4960908 0.311764 0.4488281 0.3445913 0.8476564 0.3493179 0.928008 0.3304117 0.861836 0.3871304 0.8476564 0.6976901 0.4960908 0.688236 0.4488281 0.6695883 0.861836 0.6506821 0.928008 0.6554087 0.8476564 0.6128696 0.8476564 0.3343359 0.785586 0.3581203 0.7146875 0.3389577 0.8285896 0.3932324 0.7194141 0.3957813 0.6863281 0.4335938 0.828125 0.4335938 0.6923674 0.4451306 0.7187178 0.4762843 0.8281251 0.4572266 0.7146875 0.4808594 0.785586 0.6610423 0.8285896 0.6418797 0.7146875 0.6656641 0.785586 0.6067676 0.7194141 0.6042187 0.6863281 0.5664063 0.828125 0.5664063 0.6923674 0.5548694 0.7187178 0.5237157 0.8281251 0.5427734 0.7146875 0.5191406 0.785586 0.2973146 0.515625 0.3046091 0.5615193 0.2878615 0.5676171 0.3114942 0.6290625 0.3240805 0.6273412 0.3351271 0.6574218 0.3709923 0.6526953 0.3872733 0.513954 0.3918459 0.6526953 0.7026854 0.515625 0.7121385 0.5676171 0.6953909 0.5615193 0.6885058 0.6290625 0.6759195 0.6273412 0.6648729 0.6574218 0.6290077 0.6526953 0.6127268 0.513954 0.6081541 0.6526953 0.5 0.2422225</float_array>
                    <technique_common>
                        <accessor count="292" offset="0" source="pm0285_00_00_body_mesh_shape_lod1_body_a-geometry-TEXCOORD-array" stride="2">
                            <param name="S" type="float" />
                            <param name="T" type="float" />
                        </accessor>
                    </technique_common>
                </source>
                <vertices id="pm0285_00_00_body_mesh_shape_lod1_body_a-vertices">
                    <input semantic="POSITION" source="#pm0285_00_00_body_mesh_shape_lod1_body_a-geometry-POSITION" />
                </vertices>
                <triangles count="256" material="body_a">
                    <input semantic="VERTEX" source="#pm0285_00_00_body_mesh_shape_lod1_body_a-vertices" offset="0" set="0" />
                    <input semantic="NORMAL" source="#pm0285_00_00_body_mesh_shape_lod1_body_a-geometry-NORMAL" offset="1" set="0" />
                    <input semantic="TEXCOORD" source="#pm0285_00_00_body_mesh_shape_lod1_body_a-geometry-TEXCOORD" offset="2" set="0" />
                    <p>0 0 0 1 1 1 2 2 2 3 3 3 4 2 2 5 1 1 6 4 4 7 2 2 8 3 3 9 5 5 10 6 6 11 7 7 12 5 5 13 7 7 14 8 8 15 8 8 16 7 7 17 4 9 18 9 10 19 10 11 20 11 12 21 10 11 22 12 13 23 13 14 24 8 15 25 13 16 26 12 17 27 14 18 28 15 19 29 16 20 30 17 21 31 15 19 32 14 18 33 14 18 34 18 22 35 17 21 36 19 23 37 20 24 38 18 22 39 17 21 40 18 22 41 20 24 42 21 25 43 22 26 44 23 27 45 24 28 46 25 29 47 26 30 48 24 28 49 27 31 50 25 29 51 26 30 52 28 32 53 24 28 54 29 33 55 30 34 56 31 35 57 32 36 58 33 37 59 34 38 60 33 37 61 35 39 62 36 40 63 32 36 64 35 39 65 33 37 66 34 38 67 37 41 68 32 36 69 34 38 70 38 42 71 37 41 72 39 43 73 38 42 74 34 38 75 36 44 76 35 45 77 40 46 78 41 47 79 19 23 80 18 22 81 42 48 82 43 49 83 11 12 84 10 11 85 13 14 86 8 50 87 44 51 88 4 4 89 3 3 90 1 1 91 0 0 92 45 52 93 6 0 94 46 53 95 47 52 96 14 54 97 48 55 98 18 56 99 49 57 100 14 54 101 3 58 102 50 59 103 51 60 104 52 61 105 53 62 106 54 63 107 52 61 108 50 59 109 52 61 110 54 63 111 55 63 112 56 64 113 57 59 114 58 65 115 59 66 116 60 67 117 58 65 118 60 67 119 61 68 120 62 69 121 61 68 122 60 67 123 63 70 124 64 71 125 65 72 126 66 73 127 67 70 128 68 74 129 69 75 130 70 76 131 67 68 132 71 76 133 52 65 134 67 68 135 52 61 136 72 77 137 53 62 138 73 78 139 74 79 140 26 30 141 33 37 142 36 40 143 75 80 144 76 81 145 77 82 146 78 83 147 79 81 148 80 84 149 81 82 150 79 81 151 82 85 152 80 84 153 83 86 154 79 81 155 84 87 156 85 87 157 86 88 158 87 86 159 79 81 160 88 89 161 82 85 162 83 86 163 88 89 164 79 81 165 86 88 166 88 89 167 87 86 168 89 90 169 82 85 170 88 89 171 90 91 172 91 92 173 92 93 174 93 94 175 91 92 176 90 91 177 93 94 178 77 95 179 91 92 180 78 96 181 77 95 182 93 94 183 92 93 184 91 92 185 94 97 186 95 55 187 96 98 188 18 56 189 95 55 190 79 99 191 96 98 192 84 100 193 79 99 194 97 55 195 98 101 196 99 102 197 100 103 198 98 101 199 100 103 200 101 104 201 101 104 202 100 103 203 102 105 204 103 106 205 104 107 206 105 108 207 106 109 208 103 106 209 105 108 210 102 110 211 103 106 212 106 109 213 107 111 214 108 112 215 109 113 216 110 114 217 111 115 218 108 112 219 111 116 220 110 117 221 106 118 222 112 119 223 113 120 224 114 121 225 114 121 226 113 120 227 115 122 228 115 122 229 116 123 230 114 121 231 116 123 232 117 124 233 118 125 234 117 124 235 116 123 236 115 122 237 119 126 238 120 127 239 121 128 240 122 129 241 123 130 242 124 131 243 123 130 244 125 132 245 124 131 246 124 131 247 126 133 248 122 129 249 127 134 250 128 135 251 129 136 252 130 137 253 131 138 254 132 139 255 133 140 256 134 141 257 131 138 258 131 138 259 134 141 260 132 139 261 132 139 262 135 142 263 130 137 264 130 137 265 136 143 266 137 144 267 135 142 268 136 143 269 130 137 270 138 145 271 134 146 272 133 147 273 139 148 274 140 149 275 84 100 276 141 148 277 142 150 278 140 149 279 116 151 280 142 150 281 141 148 282 116 123 283 118 125 284 143 152 285 107 111 286 144 153 287 145 154 288 106 155 289 110 114 290 108 112 291 101 104 292 102 105 293 146 156 294 45 157 295 99 102 296 98 101 297 147 157 298 46 158 299 104 102 300 116 151 301 148 148 302 114 159 303 114 159 304 149 160 305 101 161 306 150 162 307 151 163 308 152 164 309 150 162 310 54 165 311 53 166 312 152 164 313 54 165 314 150 162 315 153 164 316 154 167 317 155 165 318 156 168 319 157 169 320 158 170 321 158 170 322 159 171 323 156 168 324 160 172 325 156 168 326 159 171 327 161 173 328 162 174 329 163 74 330 164 175 331 68 171 332 165 176 333 68 171 334 150 170 335 165 176 336 166 177 337 167 178 338 168 179 339 167 178 340 169 180 341 170 181 342 170 181 343 169 180 344 171 182 345 168 179 346 167 178 347 172 183 348 172 183 349 167 178 350 170 181 351 72 184 352 150 162 353 53 166 354 173 185 355 174 186 356 175 187 357 176 188 358 173 185 359 177 189 360 174 186 361 173 185 362 140 190 363 140 190 364 173 185 365 178 188 366 179 191 367 176 188 368 177 189 369 84 191 370 140 190 371 178 188 372 140 190 373 180 192 374 174 186 375 181 193 376 180 192 377 140 190 378 171 194 379 169 193 380 182 190 381 122 129 382 183 195 383 184 196 384 185 197 385 133 140 386 131 138 387 25 29 388 27 31 389 186 198 390 25 29 389 186 198 391 41 199 392 74 79 393 28 32 394 26 30 395 24 28 393 28 32 396 187 200 397 69 201 398 67 70 399 66 73 399 66 73 400 68 74 401 164 202 402 70 203 403 188 204 404 52 61 403 188 204 405 72 77 406 52 61 407 189 205 408 125 132 409 123 130 410 143 206 407 189 205 411 123 130 412 122 129 413 126 133 414 183 195 415 190 207 413 126 133 416 124 131 417 165 208 418 150 162 419 191 209 419 191 209 420 150 162 421 72 184 422 43 49 423 192 210 424 11 12 425 11 12 423 192 210 426 9 10 426 9 10 423 192 210 427 193 211 426 9 10 427 193 211 428 194 212 426 9 10 429 12 13 430 10 11 431 107 111 432 195 213 433 144 153 434 109 113 432 195 213 435 107 111 436 196 214 432 195 213 434 109 113 434 109 113 437 197 215 436 196 214 438 108 112 439 111 115 434 109 113 440 15 216 441 21 25 442 198 217 440 15 216 442 198 217 443 199 218 444 40 46 445 35 45 446 29 33 447 30 34 446 29 33 445 35 45 448 1 219 449 200 220 450 3 58 449 200 220 448 1 219 451 45 221 452 201 222 453 88 223 454 86 224 455 92 93 453 88 223 452 201 222 456 121 128 457 113 225 458 202 226 457 113 225 459 203 227 458 202 226 460 128 135 461 134 146 462 138 145 461 134 146 460 128 135 463 127 134 464 200 220 465 98 228 466 101 161 467 45 221 465 98 228 464 200 220 468 177 229 469 173 230 470 204 231 470 204 231 469 173 230 471 168 179 472 46 232 473 6 6 474 5 5 475 205 233 472 46 232 474 5 5 476 8 8 475 205 233 474 5 5 477 90 91 478 92 93 479 201 222 480 206 234 477 90 91 479 201 222 480 206 234 479 201 222 481 86 224 482 207 235 483 106 109 484 105 108 485 46 236 482 207 235 484 105 108 484 105 108 486 104 107 485 46 236 487 206 237 488 177 229 489 204 231 489 204 231 490 172 183 487 206 237 491 168 179 490 172 183 489 204 231 492 208 70 493 208 72 494 208 74 494 208 74 493 208 72 495 209 173 493 208 72 496 210 238 495 209 173 497 198 217 498 21 25 499 23 27 499 23 27 500 41 239 497 198 217 500 41 239 499 23 27 501 19 240 499 23 27 502 211 26 501 19 240 503 93 241 504 38 242 505 39 243 506 212 244 504 38 242 503 93 241 507 29 33 504 38 242 506 212 244 508 40 46 507 29 33 506 212 244 504 38 242 507 29 33 509 31 35 510 119 126 511 121 128 512 202 226 513 143 245 510 119 126 512 202 226 513 143 245 514 118 246 510 119 126 514 118 246 515 213 127 510 119 126 516 137 247 517 136 248 518 170 249 518 170 249 517 136 248 519 214 250 519 214 250 517 136 248 520 128 135 520 128 135 521 138 145 519 214 250 522 129 136 520 128 135 517 136 248 523 186 251 524 27 252 525 41 253 525 41 253 524 27 252 526 215 254 524 27 252 527 216 255 526 215 254 528 217 256 525 41 253 526 215 254 526 215 254 529 216 255 530 187 257 531 218 258 528 217 256 526 215 254 531 218 258 526 215 254 530 187 257 532 40 259 528 217 256 531 218 258 531 218 258 530 187 257 533 28 260 531 218 258 533 28 260 534 74 261 535 40 259 531 218 258 534 74 261 536 143 262 537 125 263 538 189 264 539 219 265 537 125 263 536 143 262 539 219 265 540 220 266 537 125 263 541 221 267 539 219 265 536 143 262 542 220 266 539 219 265 543 190 268 541 221 267 544 222 269 539 219 265 543 190 268 539 219 265 544 222 269 545 138 270 544 222 269 541 221 267 546 126 271 543 190 268 544 222 269 547 183 272 546 126 271 544 222 269 548 138 270 547 183 272 544 222 269 549 42 273 550 223 274 551 43 275 550 223 274 552 192 276 551 43 275 553 224 277 552 192 276 550 223 274 553 224 277 554 193 278 552 192 276 553 224 277 555 194 279 554 193 278 556 225 280 553 224 277 550 223 274 553 224 277 556 225 280 555 194 279 550 223 274 557 199 273 556 225 280 558 12 17 555 194 279 556 225 280 559 8 15 558 12 17 556 225 280 558 12 17 560 9 281 555 194 279 561 145 282 562 144 283 563 226 284 562 144 283 564 195 285 563 226 284 563 226 284 564 195 285 565 227 286 564 195 285 566 196 287 565 227 286 566 196 287 567 197 288 565 227 286 563 226 284 565 227 286 568 228 289 568 228 289 565 227 286 567 197 288 569 203 282 563 226 284 568 228 289 568 228 289 567 197 288 570 111 116 568 228 289 570 111 116 571 106 118 567 197 288 572 109 290 570 111 116 573 49 57 574 3 58 575 200 220 575 200 220 576 101 161 577 149 160 577 149 160 573 49 57 575 200 220 573 49 57 578 95 55 579 14 54 580 229 291 573 49 57 577 149 160 573 49 57 580 229 291 578 95 55 581 148 148 580 229 291 577 149 160 581 148 148 578 95 55 580 229 291 582 114 159 581 148 148 577 149 160 578 95 55 581 148 148 583 84 100</p>
                </triangles>
            </mesh>
        </geometry>
        <geometry id="pm0285_00_00_eye_mesh_shape_lod1_l_eye-geometry" name="pm0285_00_00_eye_mesh_shape_lod1_l_eye">
            <mesh>
                <source id="pm0285_00_00_eye_mesh_shape_lod1_l_eye-geometry-POSITION">
                    <float_array id="pm0285_00_00_eye_mesh_shape_lod1_l_eye-geometry-POSITION-array" count="69">0.03030342 0.2262876 0.173843 0.03439429 0.2246614 0.1737168 0.02818158 0.230004 0.1727792 0.03832955 0.2261368 0.1724006 0.04008218 0.2297805 0.1706405 0.03439429 0.2246614 0.1737168 0.02818158 0.230004 0.1727792 0.03439429 0.2246614 0.1737168 0.02745656 0.235731 0.1706638 0.02732093 0.243226 0.167729 0.03439429 0.2246614 0.1737168 0.02917403 0.248801 0.1652052 0.03439429 0.2246614 0.1737168 0.03310929 0.2502764 0.163889 0.03439429 0.2246614 0.1737168 0.03439429 0.2246614 0.1737168 0.03720015 0.2486503 0.1637628 0.03439429 0.2246614 0.1737168 0.0396139 0.2429998 0.1655321 0.03439429 0.2246614 0.1737168 0.04023343 0.2354909 0.1683677 0.04008218 0.2297805 0.1706405 0.03439429 0.2246614 0.1737168</float_array>
                    <technique_common>
                        <accessor count="23" offset="0" source="pm0285_00_00_eye_mesh_shape_lod1_l_eye-geometry-POSITION-array" stride="3">
                            <param name="X" type="float" />
                            <param name="Y" type="float" />
                            <param name="Z" type="float" />
                        </accessor>
                    </technique_common>
                </source>
                <source id="pm0285_00_00_eye_mesh_shape_lod1_l_eye-geometry-NORMAL">
                    <float_array id="pm0285_00_00_eye_mesh_shape_lod1_l_eye-geometry-NORMAL-array" count="9">0.1715088 0.3603516 0.9165039 0.1713867 0.3603516 0.9165039 0.157959 0.3571777 0.9204102</float_array>
                    <technique_common>
                        <accessor count="3" offset="0" source="pm0285_00_00_eye_mesh_shape_lod1_l_eye-geometry-NORMAL-array" stride="3">
                            <param name="X" type="float" />
                            <param name="Y" type="float" />
                            <param name="Z" type="float" />
                        </accessor>
                    </technique_common>
                </source>
                <source id="pm0285_00_00_eye_mesh_shape_lod1_l_eye-geometry-TEXCOORD">
                    <float_array id="pm0285_00_00_eye_mesh_shape_lod1_l_eye-geometry-TEXCOORD-array" count="24">0.651864 0.09205902 0.5123758 0.03116059 0.7172003 0.2298518 0.3697342 0.08425248 0.2968787 0.2182233 0.7274644 0.4761361 0.7109681 0.7189125 0.6288488 0.9240907 0.4862078 0.9771869 0.3467185 0.9162914 0.2761559 0.7068827 0.2766902 0.3949593</float_array>
                    <technique_common>
                        <accessor count="12" offset="0" source="pm0285_00_00_eye_mesh_shape_lod1_l_eye-geometry-TEXCOORD-array" stride="2">
                            <param name="S" type="float" />
                            <param name="T" type="float" />
                        </accessor>
                    </technique_common>
                </source>
                <vertices id="pm0285_00_00_eye_mesh_shape_lod1_l_eye-vertices">
                    <input semantic="POSITION" source="#pm0285_00_00_eye_mesh_shape_lod1_l_eye-geometry-POSITION" />
                </vertices>
                <triangles count="10" material="l_eye">
                    <input semantic="VERTEX" source="#pm0285_00_00_eye_mesh_shape_lod1_l_eye-vertices" offset="0" set="0" />
                    <input semantic="NORMAL" source="#pm0285_00_00_eye_mesh_shape_lod1_l_eye-geometry-NORMAL" offset="1" set="0" />
                    <input semantic="TEXCOORD" source="#pm0285_00_00_eye_mesh_shape_lod1_l_eye-geometry-TEXCOORD" offset="2" set="0" />
                    <p>0 0 0 1 1 1 2 0 2 3 0 3 4 0 4 5 1 1 6 0 2 7 1 1 8 0 5 9 2 6 8 0 5 10 1 1 11 0 7 9 2 6 12 1 1 13 0 8 11 0 7 14 1 1 13 0 8 15 1 1 16 0 9 16 0 9 17 1 1 18 0 10 18 0 10 19 1 1 20 0 11 21 0 4 20 0 11 22 1 1</p>
                </triangles>
            </mesh>
        </geometry>
        <geometry id="pm0285_00_00_eye_mesh_shape_lod1_r_eye-geometry" name="pm0285_00_00_eye_mesh_shape_lod1_r_eye">
            <mesh>
                <source id="pm0285_00_00_eye_mesh_shape_lod1_r_eye-geometry-POSITION">
                    <float_array id="pm0285_00_00_eye_mesh_shape_lod1_r_eye-geometry-POSITION-array" count="42">-0.03832955 0.2261368 0.1724006 -0.03439429 0.2246614 0.1737168 -0.04008218 0.2297805 0.1706405 -0.04023343 0.2354909 0.1683677 -0.0396139 0.2429998 0.1655321 -0.03720015 0.2486503 0.1637628 -0.02818158 0.230004 0.1727792 -0.03030342 0.2262876 0.173843 -0.02745656 0.235731 0.1706638 -0.02732093 0.243226 0.167729 -0.02917403 0.248801 0.1652052 -0.03310929 0.2502764 0.163889 -0.02917403 0.248801 0.1652052 -0.03720015 0.2486503 0.1637628</float_array>
                    <technique_common>
                        <accessor count="14" offset="0" source="pm0285_00_00_eye_mesh_shape_lod1_r_eye-geometry-POSITION-array" stride="3">
                            <param name="X" type="float" />
                            <param name="Y" type="float" />
                            <param name="Z" type="float" />
                        </accessor>
                    </technique_common>
                </source>
                <source id="pm0285_00_00_eye_mesh_shape_lod1_r_eye-geometry-NORMAL">
                    <float_array id="pm0285_00_00_eye_mesh_shape_lod1_r_eye-geometry-NORMAL-array" count="12">-0.1715088 0.3603516 0.9165039 -0.1713867 0.3603516 0.9165039 -0.1824951 0.3649902 0.9125977 -0.1702881 0.3598633 0.9169922</float_array>
                    <technique_common>
                        <accessor count="4" offset="0" source="pm0285_00_00_eye_mesh_shape_lod1_r_eye-geometry-NORMAL-array" stride="3">
                            <param name="X" type="float" />
                            <param name="Y" type="float" />
                            <param name="Z" type="float" />
                        </accessor>
                    </technique_common>
                </source>
                <source id="pm0285_00_00_eye_mesh_shape_lod1_r_eye-geometry-TEXCOORD">
                    <float_array id="pm0285_00_00_eye_mesh_shape_lod1_r_eye-geometry-TEXCOORD-array" count="24">0.3697342 0.08425248 0.5123758 0.03116059 0.2968787 0.2182233 0.2748517 0.429261 0.2761559 0.7068827 0.3467185 0.9162914 0.7172003 0.2298518 0.651864 0.09205902 0.7275252 0.4417855 0.7156016 0.683309 0.6288488 0.9240907 0.4862078 0.9771869</float_array>
                    <technique_common>
                        <accessor count="12" offset="0" source="pm0285_00_00_eye_mesh_shape_lod1_r_eye-geometry-TEXCOORD-array" stride="2">
                            <param name="S" type="float" />
                            <param name="T" type="float" />
                        </accessor>
                    </technique_common>
                </source>
                <vertices id="pm0285_00_00_eye_mesh_shape_lod1_r_eye-vertices">
                    <input semantic="POSITION" source="#pm0285_00_00_eye_mesh_shape_lod1_r_eye-geometry-POSITION" />
                </vertices>
                <triangles count="10" material="r_eye">
                    <input semantic="VERTEX" source="#pm0285_00_00_eye_mesh_shape_lod1_r_eye-vertices" offset="0" set="0" />
                    <input semantic="NORMAL" source="#pm0285_00_00_eye_mesh_shape_lod1_r_eye-geometry-NORMAL" offset="1" set="0" />
                    <input semantic="TEXCOORD" source="#pm0285_00_00_eye_mesh_shape_lod1_r_eye-geometry-TEXCOORD" offset="2" set="0" />
                    <p>0 0 0 1 1 1 2 0 2 2 0 2 1 1 1 3 0 3 3 0 3 1 1 1 4 0 4 4 0 4 1 1 1 5 0 5 6 0 6 1 1 1 7 0 7 8 2 8 1 1 1 6 0 6 9 3 9 1 1 1 8 2 8 10 0 10 1 1 1 9 3 9 11 0 11 1 1 1 12 0 10 13 0 5 1 1 1 11 0 11</p>
                </triangles>
            </mesh>
        </geometry>
    </library_geometries>
    <library_controllers>
        <controller id="pm0285_00_00_body_mesh_shape_lod1_body_b-controller" name="pm0285_00_00_body_mesh_shape_lod1_body_b">
            <skin source="#pm0285_00_00_body_mesh_shape_lod1_body_b-geometry">
                <bind_shape_matrix>1 0 0 0 0 1 0 0 0 0 1 0 0 0 0 1</bind_shape_matrix>
                <source id="pm0285_00_00_body_mesh_shape_lod1_body_b-joints">
                    <Name_array id="pm0285_00_00_body_mesh_shape_lod1_body_b-joints-array" count="31">waist right_eyelid_a right_lower_eyelid right_eyelid_b left_feeler_b left_feeler_a right_feeler_a right_feeler_b left_eyelid_a left_lower_eyelid left_eyelid_b jaw_01 left_upper_eyelid jaw_01_sub right_hair_b back_hair_a hair right_hair_a right_upper_eyelid left_hair_a left_hair_b right_feeler_d right_feeler_c left_feeler_d left_feeler_c right_feeler_e right_feeler_f left_feeler_f left_feeler_e right_foot left_foot</Name_array>
                    <technique_common>
                        <accessor count="31" offset="0" source="#pm0285_00_00_body_mesh_shape_lod1_body_b-joints-array" stride="1">
                            <param name="JOINT" type="Name" />
                        </accessor>
                    </technique_common>
                </source>
                <source id="pm0285_00_00_body_mesh_shape_lod1_body_b-matrices">
                    <float_array id="pm0285_00_00_body_mesh_shape_lod1_body_b-matrices-array" count="496">1.059605E-06 1.000001 1E-06 -0.1534872 -0.999999 1.059605E-06 1E-06 9.908514E-07 1E-06 1E-06 1.000001 1E-06 1E-06 1E-06 1E-06 1.000001 -0.149639 0.07588652 0.9858253 -0.02982357 -0.04815908 0.9953086 -0.08392496 -0.2234457 -0.9875661 -0.060035 -0.1452821 0.00927161 1E-06 1E-06 1E-06 1.000001 -0.1944247 0.271917 0.9424767 -0.06246565 0.9809185 0.05389677 0.1868072 -0.0113609 1.13411E-06 0.9608117 -0.2772049 -0.1695329 1E-06 1E-06 1E-06 1.000001 -0.2796452 0.07703084 0.9570091 -0.03077384 -0.1868947 -0.982075 0.02443611 0.2223828 0.941738 -0.1720265 0.2890314 0.02594249 1E-06 1E-06 1E-06 1.000001 0.5114671 -0.6905891 0.51136 -0.008216294 0.7070338 8.956919E-07 -0.7071798 -0.002365134 0.4883731 0.7232475 0.4882707 -0.2321981 1E-06 1E-06 1E-06 1.000001 0.213718 -0.6906526 0.6908866 -0.01218672 0.9553373 8.658895E-07 -0.2955207 0.006229856 0.2041042 0.723187 0.6598072 -0.232732 1E-06 1E-06 1E-06 1.000001 -0.2137161 -0.6906525 0.6908866 -0.01218668 0.9553372 1.014901E-06 0.2955226 -0.006227916 -0.2041021 0.7231869 0.6598071 -0.2327324 1E-06 1E-06 1E-06 1.000001 -0.5114652 -0.6905891 0.51136 -0.008216147 0.7070338 1.014901E-06 0.7071819 0.002367233 -0.488371 0.7232477 0.4882707 -0.2321974 1E-06 1E-06 1E-06 1.000001 0.149641 0.0758865 0.9858253 -0.02982355 -0.0481592 -0.9953066 0.08392695 0.223448 0.9875681 -0.06003512 -0.1452821 0.009271642 1E-06 1E-06 1E-06 1.000001 0.194427 0.2719173 0.9424766 -0.06246578 0.9809184 -0.05389505 -0.1868055 0.01136297 9.701977E-07 0.9608116 -0.2772053 -0.1695331 1E-06 1E-06 1E-06 1.000001 0.2796473 0.07703082 0.9570091 -0.03077382 -0.1868946 0.9820771 -0.02443411 -0.222381 -0.9417359 -0.1720264 0.2890314 0.02594251 1E-06 1E-06 1E-06 1.000001 -4.847069E-05 0.5349731 0.8448709 -0.09880263 -0.9999992 -1.224851E-05 -4.916525E-05 2.466143E-06 -1.464374E-05 -0.844869 0.5349732 0.08737275 1E-06 1E-06 1E-06 1.000001 0.1476595 0.454609 0.8783682 -0.1133757 -0.9855906 -0.006450546 0.1690235 0.005707309 0.0825068 -0.8906677 0.447106 0.1425984 1E-06 1E-06 1E-06 1.000001 1.664373E-05 0.8448712 -0.5349711 -0.08737079 -0.9999992 -1.224851E-05 -4.916525E-05 2.466141E-06 -4.847069E-05 0.534973 0.844871 -0.2988026 1E-06 1E-06 1E-06 1.000001 -0.6050874 0.7795596 -0.1617289 -0.2856246 -0.2743257 -0.01344449 0.9615434 0.006379597 0.7474051 0.6261862 0.2219904 -0.2000483 1E-06 1E-06 1E-06 1.000001 1.045044E-06 0.7557179 -0.6548975 -0.2759041 -0.9999991 1.059605E-06 1E-06 9.908514E-07 1.039035E-06 0.6548996 0.7557178 -0.2134192 1E-06 1E-06 1E-06 1.000001 1.059605E-06 1.000001 1E-06 -0.3264171 -0.999999 1.059605E-06 1E-06 9.908514E-07 1E-06 1E-06 1.000001 1.000013E-06 1E-06 1E-06 1E-06 1.000001 -0.3300508 0.8262073 0.4565635 -0.3051519 0.8119757 0.001819851 0.5836911 -0.001055202 0.4814189 0.5633661 -0.6714578 -0.171028 1E-06 1E-06 1E-06 1.000001 -0.1476574 0.454609 0.8783681 -0.1133759 -0.9855906 0.006452665 -0.1690215 -0.005705335 -0.08250491 -0.8906677 0.447106 0.1425987 1E-06 1E-06 1E-06 1.000001 0.3300529 0.8262072 0.4565634 -0.3051519 0.8119757 -0.001817956 -0.583689 0.001057195 -0.4814168 0.5633662 -0.6714578 -0.171028 1E-06 1E-06 1E-06 1.000001 0.6050895 0.7795594 -0.161729 -0.2856247 -0.2743257 0.01344654 -0.9615414 -0.00637762 -0.747403 0.6261863 0.2219904 -0.2000485 1E-06 1E-06 1E-06 1.000001 -0.7031009 -0.6793446 -0.2100887 -0.008565452 -0.2862956 1.104308E-06 0.9581422 -0.006170899 -0.650908 0.7338197 -0.1944934 -0.2301971 1E-06 1E-06 1E-06 1.000001 -0.7150801 -0.674225 0.184604 -0.01093106 0.2499627 1.119209E-06 0.9682568 -0.0004111642 -0.6528223 0.7385261 0.1685317 -0.2293991 1E-06 1E-06 1E-06 1.000001 0.7031028 -0.6793447 -0.2100887 -0.008565116 -0.2862956 9.403954E-07 -0.9581401 0.006172836 0.6509101 0.7338196 -0.1944934 -0.2301972 1E-06 1E-06 1E-06 1.000001 0.715082 -0.6742252 0.184604 -0.01093094 0.2499627 8.360872E-07 -0.9682547 0.000413127 0.6528245 0.738526 0.1685317 -0.2293993 1E-06 1E-06 1E-06 1.000001 -0.5011572 -0.697306 -0.512448 -0.00779814 -0.7149383 1.089407E-06 0.6991879 0.0001136671 -0.4875467 0.7167742 -0.4985311 -0.234936 1E-06 1E-06 1E-06 1.000001 -0.1874546 -0.6964908 -0.6926457 -0.007220963 -0.9652732 9.254942E-07 0.2612397 0.0004596979 -0.1819497 0.7175657 -0.6723046 -0.234541 1E-06 1E-06 1E-06 1.000001 0.1874566 -0.6964908 -0.6926455 -0.007220633 -0.9652733 1.014901E-06 -0.2612376 -0.0004576774 0.1819516 0.7175656 -0.6723046 -0.2345411 1E-06 1E-06 1E-06 1.000001 0.5011591 -0.6973059 -0.5124478 -0.007798719 -0.7149381 1.029802E-06 -0.6991858 -0.0001119227 0.4875488 0.7167739 -0.498531 -0.234936 1E-06 1E-06 1E-06 1.000001 1E-06 9.403954E-07 1.000001 0.01103671 1.000001 1.027818E-06 1E-06 0.06573158 9.721819E-07 1.000001 1.059605E-06 -0.0645584 1E-06 1E-06 1E-06 1.000001 1E-06 9.403954E-07 1.000001 0.01103668 1.000001 8.529726E-07 1E-06 -0.06572954 1.147027E-06 1.000001 1.059605E-06 -0.06455838 1E-06 1E-06 1E-06 1.000001</float_array>
                    <technique_common>
                        <accessor count="31" offset="0" source="#pm0285_00_00_body_mesh_shape_lod1_body_b-matrices-array" stride="16">
                            <param name="TRANSFORM" type="float4x4" />
                        </accessor>
                    </technique_common>
                </source>
                <source id="pm0285_00_00_body_mesh_shape_lod1_body_b-weights">
                    <float_array id="pm0285_00_00_body_mesh_shape_lod1_body_b-weights-array" count="98">1 0.680003 0.02000458 0.2999924 0.2099947 0.08000305 0.7100023 0.2 0.4 0.5000076 0.3100023 0.4800031 0.6699932 0.2500038 0.9000076 0.1000076 0.6 0.319997 0.6599985 0.05999848 0.280003 0.08999771 0.8500038 0.476997 0.364004 0.158999 0.2339971 0.4249943 0.3409934 0.4059968 0.3109941 0.2829938 0.1069963 0.603006 0.2899977 0.03799497 0.6959945 0.2630045 0.003006027 0.3700007 0.3799954 0.1499962 0.5109941 0.2560006 0.2330053 0.05000382 0.1889983 0.5550011 0.0399939 0.9600061 0.1799954 0.7199969 0.4220035 0.1329976 0.3980011 0.04699779 0.3629969 0.4780041 0.4699931 0.5100023 0.119997 0.7700008 0.2299992 0.3300069 0.7499962 0.9989929 0.001007095 0.9100023 0.9109941 0.08900587 0.007003891 0.9860075 0.3499962 0.6399939 0.1100023 0.5600061 0.2599985 0.08400092 0.7920043 0.1040055 0.1250019 0.3349966 0.0630045 0.2870069 0.2249943 0.4879988 0.2090028 0.4119936 0.3779965 0.9779965 0.02200351 0.1270008 0.7459983 0.9660029 0.0339971 0.1900053 0.7750057 0.03500419</float_array>
                    <technique_common>
                        <accessor count="98" offset="0" source="#pm0285_00_00_body_mesh_shape_lod1_body_b-weights-array" stride="1">
                            <param name="WEIGHT" type="float" />
                        </accessor>
                    </technique_common>
                </source>
                <joints>
                    <input semantic="JOINT" source="#pm0285_00_00_body_mesh_shape_lod1_body_b-joints" />
                    <input semantic="INV_BIND_MATRIX" source="#pm0285_00_00_body_mesh_shape_lod1_body_b-matrices" />
                </joints>
                <vertex_weights count="401">
                    <input semantic="JOINT" source="#pm0285_00_00_body_mesh_shape_lod1_body_b-joints" offset="0" set="0" />
                    <input semantic="WEIGHT" source="#pm0285_00_00_body_mesh_shape_lod1_body_b-weights" offset="1" set="0" />
                    <vcount>1 3 3 1 3 1 2 1 3 2 3 1 3 1 3 2 1 3 2 3 1 1 1 1 1 1 1 1 3 3 2 1 2 1 1 2 1 2 1 1 1 1 1 1 3 3 1 1 1 3 3 2 3 2 1 2 3 3 1 3 1 3 1 3 1 1 3 1 3 2 1 2 3 1 3 3 1 1 1 1 2 3 3 1 3 3 1 3 3 3 3 3 3 3 3 3 3 4 3 3 3 4 3 2 3 1 3 3 3 2 3 3 3 3 3 2 3 3 2 3 3 3 3 2 2 3 3 2 2 2 2 2 3 2 3 1 2 2 1 3 3 2 3 2 1 1 3 3 1 3 1 1 1 1 3 2 1 2 1 4 1 3 4 3 1 3 3 3 3 3 3 3 3 3 2 3 3 3 3 2 1 1 3 3 2 3 3 2 3 3 3 3 3 2 3 3 3 2 3 3 3 2 3 2 2 3 2 2 2 2 3 3 2 2 2 1 3 3 2 3 2 3 2 3 2 3 3 3 3 1 1 1 3 3 2 1 1 1 1 1 3 3 3 3 3 3 3 2 3 2 3 2 3 2 3 1 1 1 1 1 3 3 3 3 3 3 3 2 2 3 3 2 1 2 1 2 2 2 1 2 1 1 2 1 1 1 1 3 3 2 3 3 2 3 1 3 3 2 3 3 2 3 3 3 3 3 2 3 3 3 3 1 3 3 3 4 2 4 3 3 4 1 3 2 3 1 3 1 2 2 2 2 2 3 3 2 3 3 2 2 2 2 2 1 3 3 2 3 3 2 3 3 1 3 1 1 2 2 3 1 1 2 3 1 1 3 2 1 1 1 1 1 1 1 1 1 1 1 1 1 1 1 1 1 1 1 1 1 1 1 1 1 1 1 1 1 1 1 1 1 1</vcount>
                    <v>0 0 0 1 1 2 2 3 0 4 3 5 2 6 0 0 0 7 4 8 5 8 0 0 6 9 0 9 0 0 7 8 6 8 0 7 0 9 5 9 0 7 4 8 5 8 0 0 0 1 8 2 9 3 0 0 0 4 10 5 9 6 0 9 5 9 0 0 6 8 0 7 5 8 6 9 0 9 6 8 0 7 5 8 0 0 0 0 11 0 11 0 0 0 11 0 11 0 12 0 12 4 0 10 8 11 12 12 0 5 8 13 0 14 11 15 0 0 0 14 11 15 0 0 0 0 0 14 11 15 0 0 0 14 11 15 0 0 0 0 0 0 0 0 0 0 0 0 0 4 10 5 9 6 7 8 6 8 0 7 0 0 0 0 0 0 0 16 13 5 11 17 0 18 13 19 11 20 0 14 11 15 0 18 13 19 11 20 0 14 11 15 0 0 0 14 11 15 0 18 13 19 11 20 0 16 13 5 11 17 0 0 0 18 13 19 11 20 0 0 0 1 8 2 9 3 0 0 0 1 1 2 2 3 0 0 0 0 12 4 0 10 8 11 0 0 0 1 8 2 9 3 0 14 11 15 0 0 0 14 11 15 0 16 13 21 11 10 11 0 0 16 13 5 11 17 0 16 13 5 11 17 11 0 0 0 0 0 0 0 0 14 11 15 12 22 0 21 8 19 12 23 0 24 10 25 12 0 12 12 0 5 8 13 12 22 0 21 8 19 12 0 12 26 0 27 10 28 12 29 0 30 10 31 12 4 0 10 8 11 12 4 0 10 8 11 12 29 0 30 10 31 12 12 0 5 8 13 12 4 0 10 8 11 12 32 0 33 10 34 12 26 0 27 10 28 12 4 0 10 8 11 12 35 0 36 10 37 9 38 12 32 0 33 10 34 12 4 0 10 8 11 0 1 8 2 9 3 12 35 0 36 10 37 9 38 14 39 15 40 16 13 14 22 16 41 14 39 17 40 16 13 18 0 0 5 18 12 1 13 0 10 18 4 1 11 14 42 15 43 16 44 14 22 16 41 14 39 15 40 16 13 14 39 15 40 16 13 14 45 15 12 16 20 14 42 15 43 16 44 14 46 17 47 16 43 17 22 16 41 14 39 17 40 16 13 14 39 17 40 16 13 14 22 16 41 14 46 17 47 16 43 19 40 17 39 16 13 19 48 17 12 16 34 19 47 17 46 16 43 17 22 16 41 17 49 16 48 19 48 17 12 16 34 14 39 17 40 16 13 14 22 16 41 14 22 16 41 14 49 16 48 14 22 16 41 14 22 16 41 0 50 15 15 16 51 15 22 16 41 14 39 15 40 16 13 15 0 15 49 16 48 15 22 16 41 0 0 0 10 18 4 1 11 0 1 1 2 2 3 0 14 11 15 0 18 13 19 11 20 0 14 11 15 0 0 11 0 0 16 13 5 11 17 0 16 13 5 11 17 11 0 0 16 13 21 11 10 0 0 0 0 0 0 0 0 0 18 13 19 11 20 0 14 11 15 0 0 0 14 11 15 0 0 0 52 3 53 18 54 1 55 18 0 0 56 3 25 18 57 0 52 3 53 18 54 1 55 0 5 18 12 1 13 18 0 0 13 18 13 1 9 0 10 18 4 1 11 0 41 18 58 1 40 0 41 18 58 1 40 0 10 18 4 1 11 0 5 18 12 1 13 0 59 18 60 1 39 0 10 18 4 1 11 0 13 18 13 1 9 0 61 1 62 0 10 18 4 1 11 0 59 18 60 1 39 0 1 1 2 2 3 0 10 18 4 1 11 0 61 1 62 0 0 0 0 0 4 3 5 2 6 19 40 16 13 20 39 16 41 20 22 15 40 16 13 20 39 15 40 16 13 20 39 16 41 20 22 15 43 16 44 20 42 15 40 16 13 20 39 15 43 16 44 20 42 15 12 16 20 20 45 19 40 16 13 20 39 19 22 16 41 19 47 16 43 20 46 19 40 16 13 20 39 19 47 16 43 20 46 16 41 20 22 19 40 17 39 16 13 19 47 17 46 16 43 19 12 17 48 16 34 19 22 16 41 19 12 17 48 16 34 19 49 16 48 16 41 20 22 19 40 16 13 20 39 16 41 20 22 16 41 20 22 16 48 20 49 16 41 20 22 0 50 15 15 16 51 15 40 16 13 20 39 15 22 16 41 15 22 16 41 15 49 16 48 15 0 0 18 13 19 11 20 0 16 13 5 11 17 0 12 11 63 0 16 13 21 11 10 0 12 11 63 0 18 13 19 11 20 0 14 11 15 0 18 13 19 11 20 0 12 11 63 0 16 13 5 11 17 0 18 13 19 11 20 0 16 13 21 11 10 6 8 0 7 5 8 0 0 11 0 0 0 0 4 10 5 9 6 12 7 0 11 10 17 0 64 10 13 0 0 0 0 0 0 0 0 0 0 14 39 17 40 16 13 0 50 15 15 16 51 14 39 15 40 16 13 19 40 17 39 16 13 14 39 17 40 16 13 19 48 17 12 16 34 19 40 17 39 16 13 17 22 16 41 14 39 15 40 16 13 15 22 16 41 14 45 15 12 16 20 15 49 16 48 0 4 3 5 2 6 0 64 3 13 0 11 3 17 18 7 0 0 0 0 0 0 0 0 0 0 0 50 15 15 16 51 19 40 16 13 20 39 15 40 16 13 20 39 19 40 17 39 16 13 19 40 17 39 16 13 19 12 17 48 16 34 19 40 16 13 20 39 19 22 16 41 15 22 16 41 15 40 16 13 20 39 15 12 16 20 20 45 15 49 16 48 0 0 0 65 16 66 0 0 0 67 16 21 0 68 16 69 0 68 16 69 0 0 0 67 16 21 0 0 0 0 0 67 16 21 0 0 0 0 0 0 0 0 7 8 6 8 0 7 21 70 0 71 22 70 7 9 0 9 7 8 0 7 22 8 21 8 0 7 22 8 0 9 22 9 7 8 0 7 22 8 0 0 0 7 4 8 5 8 0 71 23 70 24 70 0 9 4 9 0 7 4 8 24 8 0 7 23 8 24 8 0 9 24 9 0 7 4 8 24 8 0 4 10 5 9 6 0 16 10 45 9 72 0 1 8 2 9 3 0 73 10 74 9 13 0 64 10 13 12 7 0 11 10 17 12 60 0 75 10 17 12 76 0 39 10 39 12 58 0 62 10 3 12 0 0 16 3 45 2 72 0 4 3 5 2 6 0 1 1 2 2 3 21 2 7 77 0 78 22 79 0 64 3 13 0 23 18 80 1 81 2 82 0 11 3 17 18 7 0 83 18 84 1 85 0 86 3 66 18 87 1 88 18 0 21 70 0 71 22 70 21 9 0 9 21 8 0 7 22 8 0 0 21 8 25 8 0 7 0 0 0 67 16 21 0 68 16 69 0 89 16 90 0 67 16 21 25 9 0 9 21 8 25 8 0 7 26 8 25 8 0 7 26 9 0 9 26 91 0 92 27 91 26 8 0 7 27 8 0 9 27 9 0 93 16 94 0 89 16 90 0 68 16 69 0 67 16 21 0 0 28 95 0 96 23 97 0 71 23 70 24 70 28 9 0 9 28 8 0 7 27 8 28 8 0 7 23 8 0 9 23 9 28 8 0 7 23 8 0 7 23 8 24 8 0 0 0 11 3 17 18 7 18 0 0 0 0 65 16 66 0 6 1 34 0 10 18 4 1 11 0 0 0 0 0 6 8 34 12 4 0 10 8 11 12 0 0 0 12 7 0 11 10 17 0 65 16 66 29 0 29 0 29 0 29 0 29 0 29 0 29 0 30 0 30 0 30 0 30 0 30 0 30 0 30 0 29 0 29 0 29 0 29 0 29 0 29 0 29 0 29 0 29 0 29 0 30 0 30 0 30 0 30 0 30 0 30 0 30 0 30 0 30 0 30 0</v>
                </vertex_weights>
            </skin>
        </controller>
        <controller id="pm0285_00_00_body_mesh_shape_lod1_body_a-controller" name="pm0285_00_00_body_mesh_shape_lod1_body_a">
            <skin source="#pm0285_00_00_body_mesh_shape_lod1_body_a-geometry">
                <bind_shape_matrix>1 0 0 0 0 1 0 0 0 0 1 0 0 0 0 1</bind_shape_matrix>
                <source id="pm0285_00_00_body_mesh_shape_lod1_body_a-joints">
                    <Name_array id="pm0285_00_00_body_mesh_shape_lod1_body_a-joints-array" count="19">right_feeler_f waist right_feeler_e right_feeler_d right_feeler_c right_feeler_b right_feeler_a left_feeler_f right_hair_a hair right_hair_b left_hair_a back_hair_a left_hair_b left_feeler_a left_feeler_e left_feeler_d left_feeler_c left_feeler_b</Name_array>
                    <technique_common>
                        <accessor count="19" offset="0" source="#pm0285_00_00_body_mesh_shape_lod1_body_a-joints-array" stride="1">
                            <param name="JOINT" type="Name" />
                        </accessor>
                    </technique_common>
                </source>
                <source id="pm0285_00_00_body_mesh_shape_lod1_body_a-matrices">
                    <float_array id="pm0285_00_00_body_mesh_shape_lod1_body_a-matrices-array" count="304">-0.1874546 -0.6964908 -0.6926457 -0.007220963 -0.9652732 9.254942E-07 0.2612397 0.0004596979 -0.1819497 0.7175657 -0.6723046 -0.234541 1E-06 1E-06 1E-06 1.000001 1.059605E-06 1.000001 1E-06 -0.1534872 -0.999999 1.059605E-06 1E-06 9.908514E-07 1E-06 1E-06 1.000001 1E-06 1E-06 1E-06 1E-06 1.000001 -0.5011572 -0.697306 -0.512448 -0.00779814 -0.7149383 1.089407E-06 0.6991879 0.0001136671 -0.4875467 0.7167742 -0.4985311 -0.234936 1E-06 1E-06 1E-06 1.000001 -0.7031009 -0.6793446 -0.2100887 -0.008565452 -0.2862956 1.104308E-06 0.9581422 -0.006170899 -0.650908 0.7338197 -0.1944934 -0.2301971 1E-06 1E-06 1E-06 1.000001 -0.7150801 -0.674225 0.184604 -0.01093106 0.2499627 1.119209E-06 0.9682568 -0.0004111642 -0.6528223 0.7385261 0.1685317 -0.2293991 1E-06 1E-06 1E-06 1.000001 -0.5114652 -0.6905891 0.51136 -0.008216147 0.7070338 1.014901E-06 0.7071819 0.002367233 -0.488371 0.7232477 0.4882707 -0.2321974 1E-06 1E-06 1E-06 1.000001 -0.2137161 -0.6906525 0.6908866 -0.01218668 0.9553372 1.014901E-06 0.2955226 -0.006227916 -0.2041021 0.7231869 0.6598071 -0.2327324 1E-06 1E-06 1E-06 1.000001 0.1874566 -0.6964908 -0.6926455 -0.007220633 -0.9652733 1.014901E-06 -0.2612376 -0.0004576774 0.1819516 0.7175656 -0.6723046 -0.2345411 1E-06 1E-06 1E-06 1.000001 -0.3300508 0.8262073 0.4565635 -0.3051519 0.8119757 0.001819851 0.5836911 -0.001055202 0.4814189 0.5633661 -0.6714578 -0.171028 1E-06 1E-06 1E-06 1.000001 1.059605E-06 1.000001 1E-06 -0.3264171 -0.999999 1.059605E-06 1E-06 9.908514E-07 1E-06 1E-06 1.000001 1.000013E-06 1E-06 1E-06 1E-06 1.000001 -0.6050874 0.7795596 -0.1617289 -0.2856246 -0.2743257 -0.01344449 0.9615434 0.006379597 0.7474051 0.6261862 0.2219904 -0.2000483 1E-06 1E-06 1E-06 1.000001 0.3300529 0.8262072 0.4565634 -0.3051519 0.8119757 -0.001817956 -0.583689 0.001057195 -0.4814168 0.5633662 -0.6714578 -0.171028 1E-06 1E-06 1E-06 1.000001 1.045044E-06 0.7557179 -0.6548975 -0.2759041 -0.9999991 1.059605E-06 1E-06 9.908514E-07 1.039035E-06 0.6548996 0.7557178 -0.2134192 1E-06 1E-06 1E-06 1.000001 0.6050895 0.7795594 -0.161729 -0.2856247 -0.2743257 0.01344654 -0.9615414 -0.00637762 -0.747403 0.6261863 0.2219904 -0.2000485 1E-06 1E-06 1E-06 1.000001 0.213718 -0.6906526 0.6908866 -0.01218672 0.9553373 8.658895E-07 -0.2955207 0.006229856 0.2041042 0.723187 0.6598072 -0.232732 1E-06 1E-06 1E-06 1.000001 0.5011591 -0.6973059 -0.5124478 -0.007798719 -0.7149381 1.029802E-06 -0.6991858 -0.0001119227 0.4875488 0.7167739 -0.498531 -0.234936 1E-06 1E-06 1E-06 1.000001 0.7031028 -0.6793447 -0.2100887 -0.008565116 -0.2862956 9.403954E-07 -0.9581401 0.006172836 0.6509101 0.7338196 -0.1944934 -0.2301972 1E-06 1E-06 1E-06 1.000001 0.715082 -0.6742252 0.184604 -0.01093094 0.2499627 8.360872E-07 -0.9682547 0.000413127 0.6528245 0.738526 0.1685317 -0.2293993 1E-06 1E-06 1E-06 1.000001 0.5114671 -0.6905891 0.51136 -0.008216294 0.7070338 8.956919E-07 -0.7071798 -0.002365134 0.4883731 0.7232475 0.4882707 -0.2321981 1E-06 1E-06 1E-06 1.000001</float_array>
                    <technique_common>
                        <accessor count="19" offset="0" source="#pm0285_00_00_body_mesh_shape_lod1_body_a-matrices-array" stride="16">
                            <param name="TRANSFORM" type="float4x4" />
                        </accessor>
                    </technique_common>
                </source>
                <source id="pm0285_00_00_body_mesh_shape_lod1_body_a-weights">
                    <float_array id="pm0285_00_00_body_mesh_shape_lod1_body_a-weights-array" count="32">0.9799954 0.02000458 0.1000076 0.9000076 1 0.1499962 0.6999924 0.8399939 0.05000382 0.1100023 0.4 0.2 0.2500038 0.5000076 0.9600061 0.0399939 0.8500038 0.1889983 0.5550011 0.2560006 0.6 0.6699932 0.2899977 0.5109941 0.2330053 0.280003 0.9100023 0.08999771 0.9109941 0.08900587 0.7900053 0.1600061</float_array>
                    <technique_common>
                        <accessor count="32" offset="0" source="#pm0285_00_00_body_mesh_shape_lod1_body_a-weights-array" stride="1">
                            <param name="WEIGHT" type="float" />
                        </accessor>
                    </technique_common>
                </source>
                <joints>
                    <input semantic="JOINT" source="#pm0285_00_00_body_mesh_shape_lod1_body_a-joints" />
                    <input semantic="INV_BIND_MATRIX" source="#pm0285_00_00_body_mesh_shape_lod1_body_a-matrices" />
                </joints>
                <vertex_weights count="584">
                    <input semantic="JOINT" source="#pm0285_00_00_body_mesh_shape_lod1_body_a-joints" offset="0" set="0" />
                    <input semantic="WEIGHT" source="#pm0285_00_00_body_mesh_shape_lod1_body_a-weights" offset="1" set="0" />
                    <vcount>2 2 1 3 1 2 3 1 3 1 2 1 1 1 3 3 1 3 1 3 3 3 1 3 3 3 1 3 2 3 1 2 3 3 3 1 3 1 3 1 3 1 1 1 3 1 3 3 1 1 3 3 1 1 1 1 1 1 3 3 3 1 3 1 1 3 3 1 1 3 2 1 3 2 3 3 1 3 3 3 3 3 3 3 3 3 3 3 3 3 2 2 3 2 3 3 3 1 3 1 3 3 2 2 3 2 3 3 2 3 3 3 3 2 3 2 2 3 2 3 2 3 2 3 3 2 2 3 3 2 2 3 2 3 3 3 2 2 3 3 3 3 3 3 3 2 3 3 1 2 3 1 1 3 3 3 3 3 3 3 1 1 3 1 3 3 1 3 1 1 1 2 1 1 3 1 2 3 2 1 3 2 3 1 1 1 1 3 3 1 3 3 3 3 1 2 2 1 2 1 3 3 1 3 1 2 1 3 1 1 3 1 3 3 3 1 3 1 3 1 3 3 3 2 3 3 2 1 1 3 3 3 1 3 1 3 1 3 1 1 3 3 1 3 1 1 1 1 3 1 1 1 3 3 1 3 1 3 3 1 1 1 1 3 3 2 3 1 2 3 3 1 3 1 3 3 1 3 3 3 3 1 3 3 3 3 3 3 3 3 3 3 3 3 3 2 2 3 3 2 3 1 3 3 1 3 3 2 2 3 3 2 2 3 3 2 3 3 2 2 3 3 3 2 2 2 3 2 3 3 2 3 2 3 3 2 1 1 1 1 2 3 3 2 3 1 1 2 2 1 3 2 3 2 1 1 1 3 1 3 1 1 3 3 1 3 3 3 3 3 3 3 3 1 1 2 1 3 3 2 3 3 3 3 3 3 3 3 1 3 3 3 3 1 3 1 1 2 3 2 3 2 2 2 3 2 3 3 1 3 3 3 3 1 3 1 1 2 3 2 3 2 3 1 3 3 1 1 1 1 3 3 1 3 1 3 1 1 3 1 2 1 2 3 3 1 1 1 2 1 3 3 3 1 3 1 1 2 2 3 1 1 3 1 1 2 3 3 3 1 3 1 3 2 1 2 3 2 1 3 3 3 2 3 1 3 2 3 3 3 2 1 3 2 3 2 1 2 1 3 3 3 1 3 2 3 2 1 3 1 3 1 2 3 3 1 3 2 3 2 1 3 1 3 1 3 1 1 2 1 1 1 3 1 3 3 3 1 3 1 1 2 1 1 1 3 1 3 3 3 3 3 1 1 1 1 2 3 1 3 1 3 3 3 1 1 1 1 2 3 1 3 1 1 3 1 3 1 1 3 1 1 3 3</vcount>
                    <v>0 0 1 1 0 2 1 3 0 4 0 5 2 5 1 6 0 4 0 2 1 3 0 7 2 8 1 9 0 4 0 5 2 5 1 6 0 4 0 0 1 1 0 4 0 4 0 4 0 10 2 10 1 11 0 10 2 10 1 11 0 4 0 7 2 8 1 9 2 4 0 5 2 5 1 6 3 5 2 5 1 6 0 5 2 5 1 6 2 4 0 8 2 7 1 9 0 10 2 10 1 11 0 8 2 7 1 9 2 4 3 5 2 5 1 6 3 0 1 1 3 10 2 10 1 11 3 4 3 0 1 1 3 5 2 5 1 6 3 5 2 5 1 6 3 5 1 6 4 5 3 4 3 7 1 9 4 8 3 4 3 5 1 6 4 5 3 4 3 5 1 6 4 5 3 4 3 4 3 4 3 7 1 9 4 8 4 4 3 5 1 6 4 5 5 5 1 6 4 5 4 4 4 4 3 5 1 6 4 5 5 5 1 6 4 5 4 4 4 4 5 4 5 4 5 4 5 4 5 5 1 6 4 5 5 5 6 5 1 6 5 5 1 6 4 5 5 4 5 7 1 9 4 8 5 4 5 4 5 5 1 6 4 5 5 5 6 5 1 6 5 4 5 4 5 5 6 5 1 6 5 0 1 1 5 4 5 12 6 12 1 13 5 0 1 1 5 5 6 5 1 6 5 7 1 9 4 8 5 4 5 10 1 11 4 10 3 10 1 11 4 10 3 7 1 9 4 8 3 5 1 6 4 5 3 10 2 10 1 11 3 8 2 7 1 9 3 5 2 5 1 6 0 5 2 5 1 6 0 8 2 7 1 9 0 10 2 10 1 11 0 10 2 10 1 11 0 7 2 8 1 9 0 5 2 5 1 6 0 2 1 3 0 0 1 1 0 5 1 6 7 5 0 0 1 1 0 10 1 11 7 10 0 5 1 6 7 5 3 5 2 5 1 6 1 4 3 5 1 6 4 5 1 4 3 5 2 5 1 6 0 5 2 5 1 6 8 14 9 15 8 16 9 5 10 17 8 18 9 19 1 10 9 20 11 18 8 17 9 19 10 17 8 18 9 19 8 14 9 15 10 17 8 18 9 19 11 18 8 17 9 19 11 18 8 17 9 19 11 15 8 21 9 22 8 14 9 15 10 17 8 18 9 19 10 16 9 5 10 14 9 15 10 17 8 18 9 19 10 14 9 15 10 23 12 19 9 24 10 16 9 5 10 23 12 19 9 24 10 14 9 15 10 23 12 19 9 24 10 8 12 21 9 25 12 14 9 15 1 26 9 27 10 23 12 19 9 24 12 19 9 24 13 23 1 28 9 29 1 26 9 27 10 23 12 19 9 24 1 26 9 27 10 17 8 18 9 19 10 23 12 19 9 24 10 17 8 18 9 19 1 26 9 27 1 10 9 20 5 10 1 11 4 10 5 8 1 9 4 7 5 5 1 6 4 5 5 5 1 6 4 5 5 7 1 9 4 8 5 10 1 11 4 10 5 5 6 5 1 6 6 0 1 1 5 12 6 12 1 13 5 5 6 5 1 6 6 4 6 0 1 1 5 5 6 5 1 6 6 4 6 4 6 30 1 31 14 8 5 5 6 5 1 6 6 5 1 6 14 5 6 5 1 6 14 5 6 12 1 13 14 12 6 30 1 31 14 8 5 5 6 5 1 6 6 4 6 4 6 30 1 31 14 8 6 4 5 5 6 5 1 6 6 12 1 13 14 12 6 4 6 30 1 31 14 8 6 4 6 4 6 4 6 13 1 13 6 4 6 4 5 10 6 10 1 11 6 4 6 13 1 13 5 10 6 10 1 11 6 0 1 1 6 4 5 12 6 12 1 13 6 0 1 1 5 10 6 10 1 11 6 4 6 4 6 4 1 4 5 5 1 6 4 5 3 5 1 6 4 5 1 4 5 5 6 5 1 6 5 5 1 6 4 5 6 5 1 6 14 5 5 5 6 5 1 6 1 4 1 3 7 2 1 1 7 0 7 4 1 3 7 2 7 4 15 5 1 6 7 5 15 5 1 6 7 5 7 4 15 8 1 9 7 7 7 4 1 1 7 0 7 4 15 10 1 11 7 10 7 4 7 4 15 8 1 9 7 7 7 4 15 10 1 11 7 10 15 5 1 6 16 5 15 5 1 6 7 5 15 4 15 7 1 9 7 8 15 4 15 5 1 6 7 5 15 4 15 7 1 9 7 8 15 10 1 11 7 10 15 10 1 11 16 10 1 1 16 0 15 5 1 6 16 5 15 5 1 6 16 5 1 1 16 0 16 4 16 4 1 6 16 5 17 5 15 5 1 6 16 5 1 6 16 5 17 5 16 4 1 9 16 7 17 8 16 4 1 6 16 5 17 5 16 4 1 9 16 7 17 8 16 4 16 4 1 6 18 5 17 5 1 6 16 5 17 5 17 4 1 6 16 5 17 5 17 4 17 4 17 4 17 4 1 6 18 5 17 5 18 4 18 4 18 4 1 6 18 5 14 5 1 6 18 5 17 5 18 4 1 9 18 7 17 8 18 4 1 6 18 5 17 5 1 6 18 5 17 5 18 4 18 4 18 4 18 4 1 6 18 5 14 5 1 6 18 5 14 5 1 1 18 0 1 13 18 12 14 12 18 4 1 1 18 0 1 6 18 5 14 5 1 11 18 10 17 10 18 4 1 9 18 7 17 8 1 4 1 6 18 5 14 5 6 5 1 6 14 5 1 4 1 6 18 5 17 5 1 6 18 5 14 5 1 6 16 5 17 5 1 6 18 5 17 5 1 4 1 6 16 5 17 5 1 9 16 7 17 8 1 11 16 10 17 10 15 5 1 6 16 5 15 7 1 9 16 8 15 10 1 11 16 10 15 10 1 11 7 10 15 7 1 9 7 8 15 5 1 6 7 5 15 5 1 6 7 5 15 8 1 9 7 7 15 10 1 11 7 10 0 5 1 6 7 5 1 1 7 0 1 3 7 2 0 5 1 6 7 5 0 10 1 11 7 10 1 1 7 0 1 6 16 5 17 5 1 4 15 5 1 6 16 5 15 5 1 6 16 5 1 4 15 5 1 6 7 5 11 18 9 19 13 17 11 16 9 5 11 14 9 15 11 18 9 19 13 17 11 18 8 17 9 19 1 10 9 20 11 14 9 15 11 18 8 17 9 19 11 18 9 19 13 17 11 14 9 15 11 21 8 15 9 22 11 18 8 17 9 19 9 15 13 14 9 5 13 16 11 18 9 19 13 17 11 18 9 19 13 17 12 19 9 24 13 23 9 15 13 14 9 5 13 16 9 15 13 14 12 19 9 24 13 23 12 14 9 15 12 21 9 25 13 8 12 19 9 24 13 23 1 28 9 29 12 19 9 24 13 23 1 26 9 27 12 19 9 24 13 23 11 18 9 19 13 17 1 26 9 27 14 4 14 4 14 4 14 4 1 1 14 0 1 11 18 10 14 10 1 11 18 10 14 10 1 1 14 0 1 13 18 12 14 12 14 4 14 4 1 13 14 13 1 13 14 13 14 4 1 11 18 10 14 10 1 26 9 27 11 18 9 19 13 17 1 10 9 20 14 4 14 4 14 4 6 8 1 31 14 30 14 4 6 12 1 13 14 12 14 4 14 4 1 6 18 5 14 5 1 6 18 5 14 5 14 4 6 8 1 31 14 30 6 5 1 6 14 5 6 8 1 31 14 30 6 12 1 13 14 12 6 5 1 6 14 5 1 6 18 5 14 5 6 8 1 31 14 30 1 6 18 5 14 5 14 4 14 4 1 1 14 0 14 4 1 6 18 5 14 5 1 13 18 12 14 12 1 1 14 0 1 6 18 5 14 5 1 6 18 5 17 5 1 9 18 8 17 7 1 11 18 10 17 10 1 11 18 10 17 10 1 9 18 7 17 8 1 6 18 5 17 5 3 5 1 6 4 5 4 4 3 8 1 9 4 7 3 5 1 6 4 5 3 10 1 11 4 10 5 8 1 9 4 7 4 4 5 5 1 6 4 5 4 4 4 4 1 28 9 29 10 23 12 19 9 24 1 26 9 27 12 19 9 24 13 23 1 28 9 29 1 26 9 27 1 28 9 29 10 17 8 18 9 19 1 26 9 27 10 17 8 18 9 19 1 9 16 8 17 7 17 4 1 6 16 5 17 5 1 11 16 10 17 10 1 6 16 5 17 5 1 6 18 5 17 5 17 4 1 9 18 8 17 7 17 4 17 4 1 26 9 27 11 18 9 19 13 17 1 28 9 29 11 18 9 19 13 17 1 26 9 27 3 8 2 7 1 9 2 4 3 5 2 5 1 6 3 5 2 5 1 6 2 4 2 4 2 4 2 4 0 5 2 5 1 6 15 5 1 6 16 5 15 4 15 7 1 9 16 8 15 4 15 5 1 6 16 5 15 4 15 4 15 5 1 6 7 5 15 4 3 0 1 1 3 4 3 13 1 13 3 10 2 10 1 11 5 10 1 11 4 10 5 4 5 4 5 4 0 2 1 3 1 4 0 5 2 5 1 6 0 5 1 6 7 5 6 7 1 9 14 8 6 4 6 12 1 13 14 12 6 4 16 4 1 1 16 0 1 13 16 13 15 10 1 11 16 10 18 4 18 4 1 11 18 10 17 10 18 4 1 4 1 3 7 2 15 5 1 6 7 5 0 5 1 6 7 5 6 12 1 13 14 12 14 4 6 8 1 9 14 7 14 4 0 10 1 11 7 10 0 0 1 1 0 4 0 13 1 13 0 10 2 10 1 11 6 13 1 13 6 4 6 7 1 9 14 8 6 10 1 11 14 10 6 12 1 13 14 12 1 13 7 13 15 10 1 11 7 10 7 4 0 10 1 11 7 10 1 1 7 0 6 10 1 11 14 10 6 12 1 13 14 12 6 8 1 9 14 7 1 13 14 13 14 4 10 23 12 19 9 24 12 14 9 15 12 19 9 24 13 23 12 14 9 15 12 4 3 13 1 13 3 4 3 7 1 9 4 8 3 10 1 11 4 10 3 7 1 9 4 8 3 4 5 10 6 10 1 11 5 0 1 1 5 12 6 12 1 13 5 13 1 13 5 4 5 10 1 11 4 10 5 4 1 9 16 7 17 8 16 4 1 13 16 13 1 11 16 10 17 10 1 9 16 7 17 8 16 4 1 13 18 12 14 12 1 1 18 0 1 11 18 10 14 10 1 13 18 13 18 4 1 11 18 10 17 10 18 4 3 8 1 9 4 7 4 4 3 10 1 11 4 10 4 4 4 4 1 13 4 13 4 4 4 4 4 4 5 10 1 11 4 10 4 4 5 8 1 9 4 7 5 10 1 11 4 10 1 11 16 10 17 10 17 4 1 9 16 8 17 7 17 4 17 4 1 13 17 13 17 4 17 4 17 4 1 11 18 10 17 10 17 4 1 9 18 8 17 7 1 11 18 10 17 10 3 10 2 10 1 11 3 8 2 7 1 9 3 8 2 7 1 9 2 4 2 4 2 4 2 4 2 13 1 13 3 10 2 10 1 11 2 4 0 10 2 10 1 11 2 4 15 10 1 11 16 10 15 7 1 9 16 8 15 7 1 9 16 8 15 4 15 4 15 4 15 4 15 13 1 13 15 10 1 11 16 10 15 4 15 10 1 11 7 10 15 4 1 4 0 5 2 5 1 6 1 4 15 5 1 6 7 5 1 4 1 4 3 5 2 5 1 6 1 4 1 4 15 5 1 6 16 5 6 5 1 6 14 5</v>
                </vertex_weights>
            </skin>
        </controller>
        <controller id="pm0285_00_00_eye_mesh_shape_lod1_l_eye-controller" name="pm0285_00_00_eye_mesh_shape_lod1_l_eye">
            <skin source="#pm0285_00_00_eye_mesh_shape_lod1_l_eye-geometry">
                <bind_shape_matrix>1 0 0 0 0 1 0 0 0 0 1 0 0 0 0 1</bind_shape_matrix>
                <source id="pm0285_00_00_eye_mesh_shape_lod1_l_eye-joints">
                    <Name_array id="pm0285_00_00_eye_mesh_shape_lod1_l_eye-joints-array" count="1">waist</Name_array>
                    <technique_common>
                        <accessor count="1" offset="0" source="#pm0285_00_00_eye_mesh_shape_lod1_l_eye-joints-array" stride="1">
                            <param name="JOINT" type="Name" />
                        </accessor>
                    </technique_common>
                </source>
                <source id="pm0285_00_00_eye_mesh_shape_lod1_l_eye-matrices">
                    <float_array id="pm0285_00_00_eye_mesh_shape_lod1_l_eye-matrices-array" count="16">1.059605E-06 1.000001 1E-06 -0.1534872 -0.999999 1.059605E-06 1E-06 9.908514E-07 1E-06 1E-06 1.000001 1E-06 1E-06 1E-06 1E-06 1.000001</float_array>
                    <technique_common>
                        <accessor count="1" offset="0" source="#pm0285_00_00_eye_mesh_shape_lod1_l_eye-matrices-array" stride="16">
                            <param name="TRANSFORM" type="float4x4" />
                        </accessor>
                    </technique_common>
                </source>
                <source id="pm0285_00_00_eye_mesh_shape_lod1_l_eye-weights">
                    <float_array id="pm0285_00_00_eye_mesh_shape_lod1_l_eye-weights-array" count="1">1</float_array>
                    <technique_common>
                        <accessor count="1" offset="0" source="#pm0285_00_00_eye_mesh_shape_lod1_l_eye-weights-array" stride="1">
                            <param name="WEIGHT" type="float" />
                        </accessor>
                    </technique_common>
                </source>
                <joints>
                    <input semantic="JOINT" source="#pm0285_00_00_eye_mesh_shape_lod1_l_eye-joints" />
                    <input semantic="INV_BIND_MATRIX" source="#pm0285_00_00_eye_mesh_shape_lod1_l_eye-matrices" />
                </joints>
                <vertex_weights count="23">
                    <input semantic="JOINT" source="#pm0285_00_00_eye_mesh_shape_lod1_l_eye-joints" offset="0" set="0" />
                    <input semantic="WEIGHT" source="#pm0285_00_00_eye_mesh_shape_lod1_l_eye-weights" offset="1" set="0" />
                    <vcount>1 1 1 1 1 1 1 1 1 1 1 1 1 1 1 1 1 1 1 1 1 1 1</vcount>
                    <v>0 0 0 0 0 0 0 0 0 0 0 0 0 0 0 0 0 0 0 0 0 0 0 0 0 0 0 0 0 0 0 0 0 0 0 0 0 0 0 0 0 0 0 0 0 0</v>
                </vertex_weights>
            </skin>
        </controller>
        <controller id="pm0285_00_00_eye_mesh_shape_lod1_r_eye-controller" name="pm0285_00_00_eye_mesh_shape_lod1_r_eye">
            <skin source="#pm0285_00_00_eye_mesh_shape_lod1_r_eye-geometry">
                <bind_shape_matrix>1 0 0 0 0 1 0 0 0 0 1 0 0 0 0 1</bind_shape_matrix>
                <source id="pm0285_00_00_eye_mesh_shape_lod1_r_eye-joints">
                    <Name_array id="pm0285_00_00_eye_mesh_shape_lod1_r_eye-joints-array" count="1">waist</Name_array>
                    <technique_common>
                        <accessor count="1" offset="0" source="#pm0285_00_00_eye_mesh_shape_lod1_r_eye-joints-array" stride="1">
                            <param name="JOINT" type="Name" />
                        </accessor>
                    </technique_common>
                </source>
                <source id="pm0285_00_00_eye_mesh_shape_lod1_r_eye-matrices">
                    <float_array id="pm0285_00_00_eye_mesh_shape_lod1_r_eye-matrices-array" count="16">1.059605E-06 1.000001 1E-06 -0.1534872 -0.999999 1.059605E-06 1E-06 9.908514E-07 1E-06 1E-06 1.000001 1E-06 1E-06 1E-06 1E-06 1.000001</float_array>
                    <technique_common>
                        <accessor count="1" offset="0" source="#pm0285_00_00_eye_mesh_shape_lod1_r_eye-matrices-array" stride="16">
                            <param name="TRANSFORM" type="float4x4" />
                        </accessor>
                    </technique_common>
                </source>
                <source id="pm0285_00_00_eye_mesh_shape_lod1_r_eye-weights">
                    <float_array id="pm0285_00_00_eye_mesh_shape_lod1_r_eye-weights-array" count="1">1</float_array>
                    <technique_common>
                        <accessor count="1" offset="0" source="#pm0285_00_00_eye_mesh_shape_lod1_r_eye-weights-array" stride="1">
                            <param name="WEIGHT" type="float" />
                        </accessor>
                    </technique_common>
                </source>
                <joints>
                    <input semantic="JOINT" source="#pm0285_00_00_eye_mesh_shape_lod1_r_eye-joints" />
                    <input semantic="INV_BIND_MATRIX" source="#pm0285_00_00_eye_mesh_shape_lod1_r_eye-matrices" />
                </joints>
                <vertex_weights count="14">
                    <input semantic="JOINT" source="#pm0285_00_00_eye_mesh_shape_lod1_r_eye-joints" offset="0" set="0" />
                    <input semantic="WEIGHT" source="#pm0285_00_00_eye_mesh_shape_lod1_r_eye-weights" offset="1" set="0" />
                    <vcount>1 1 1 1 1 1 1 1 1 1 1 1 1 1</vcount>
                    <v>0 0 0 0 0 0 0 0 0 0 0 0 0 0 0 0 0 0 0 0 0 0 0 0 0 0 0 0</v>
                </vertex_weights>
            </skin>
        </controller>
    </library_controllers>
    <library_visual_scenes>
        <visual_scene id="Scene" name="Scene">
            <node id="pm0285_00_00" sid="pm0285_00_00" name="pm0285_00_00" type="JOINT">
                <matrix sid="transform">1 0 0 0 0 1 0 0 0 0 1 0 0 0 0 1</matrix>
                <node id="origin" sid="origin" name="origin" type="JOINT">
                    <matrix sid="transform">1 0 0 0 0 1 0 0 0 0 1 0 0 0 0 1</matrix>
                    <node id="waist" sid="waist" name="waist" type="JOINT">
                        <matrix sid="transform">5.960464E-08 -0.9999999 0 0 0.9999999 5.960464E-08 0 0.1534882 0 0 1 0 0 0 0 1</matrix>
                        <node id="left_root_eyelid" sid="left_root_eyelid" name="left_root_eyelid" type="JOINT">
                            <matrix sid="transform">5.960464E-08 8.742278E-08 0.9999999 0.08404749 0 -0.9999999 8.742278E-08 -0.0339736 0.9999999 0 5.960464E-08 0 0 0 0 1</matrix>
                            <node id="left_upper_eyelid" sid="left_upper_eyelid" name="left_upper_eyelid" type="JOINT">
                                <matrix sid="transform">0.8783671 0.1690224 0.4471048 0.03486589 0.1476584 -0.9855908 0.08250571 -0.0233736 0.4546078 -0.006451502 -0.8906682 -0.05895005 0 0 0 1</matrix>
                                <node id="left_upper_eyelid_sub" sid="left_upper_eyelid_sub" name="left_upper_eyelid_sub" type="JOINT">
                                    <matrix sid="transform">-0.01138973 0.001398097 0.9999342 0.173272 0.001943704 0.9999971 -0.001376046 -1.790707E-09 -0.9999332 0.001927903 -0.01139235 6.318169E-10 0 0 0 1</matrix>
                                </node>
                            </node>
                            <node id="left_lower_eyelid" sid="left_lower_eyelid" name="left_lower_eyelid" type="JOINT">
                                <matrix sid="transform">0.9424755 -0.1868065 -0.2772062 0.014 0.1944259 0.9809172 -1.862645E-09 -0.0329736 0.2719164 -0.05389608 0.9608104 -0.05704749 0 0 0 1</matrix>
                            </node>
                            <node id="left_eyelid_a" sid="left_eyelid_a" name="left_eyelid_a" type="JOINT">
                                <matrix sid="transform">0.9858242 0.08392587 -0.1452831 0.01199567 0.14964 -0.0481602 0.987567 -0.0279048 0.07588556 -0.9953076 -0.06003618 -0.01231742 0 0 0 1</matrix>
                            </node>
                            <node id="left_eyelid_b" sid="left_eyelid_b" name="left_eyelid_b" type="JOINT">
                                <matrix sid="transform">0.9570081 -0.02443504 0.2890303 0.01651997 0.2796462 -0.1868955 -0.9417366 -0.04249968 0.07702986 0.9820758 -0.1720273 -0.01230651 0 0 0 1</matrix>
                            </node>
                        </node>
                        <node id="right_root_eyelid" sid="right_root_eyelid" name="right_root_eyelid" type="JOINT">
                            <matrix sid="transform">5.960464E-08 -8.742278E-08 0.9999999 0.08404779 0 -0.9999999 -8.742278E-08 0.0339736 0.9999999 0 5.960464E-08 0 0 0 0 1</matrix>
                            <node id="right_upper_eyelid" sid="right_upper_eyelid" name="right_upper_eyelid" type="JOINT">
                                <matrix sid="transform">0.8783671 -0.1690224 0.4471048 0.0348659 -0.1476584 -0.9855908 -0.08250571 0.0233736 0.4546078 0.006451502 -0.8906682 -0.05895 0 0 0 1</matrix>
                                <node id="right_upper_eyelid_sub" sid="right_upper_eyelid_sub" name="right_upper_eyelid_sub" type="JOINT">
                                    <matrix sid="transform">-0.01138973 -0.001397923 0.9999342 0.1732713 -0.001943698 0.9999971 0.001375872 7.499796E-08 -0.9999332 -0.001927899 -0.01139235 5.845123E-07 0 0 0 1</matrix>
                                </node>
                            </node>
                            <node id="right_lower_eyelid" sid="right_lower_eyelid" name="right_lower_eyelid" type="JOINT">
                                <matrix sid="transform">0.9424757 0.1868062 -0.2772059 0.014 -0.1944257 0.9809173 0 0.0329736 0.271916 0.05389594 0.9608105 -0.057048 0 0 0 1</matrix>
                            </node>
                            <node id="right_eyelid_a" sid="right_eyelid_a" name="right_eyelid_a" type="JOINT">
                                <matrix sid="transform">0.9858242 -0.08392587 -0.1452831 0.0119957 -0.14964 -0.0481602 -0.987567 0.0279048 0.07588556 0.9953076 -0.06003618 -0.012318 0 0 0 1</matrix>
                            </node>
                            <node id="right_eyelid_b" sid="right_eyelid_b" name="right_eyelid_b" type="JOINT">
                                <matrix sid="transform">0.9570081 0.02443504 0.2890303 0.01652 -0.2796462 -0.1868955 0.9417366 0.04249967 0.07702986 -0.9820758 -0.1720273 -0.012307 0 0 0 1</matrix>
                            </node>
                        </node>
                        <node id="root_jaw" sid="root_jaw" name="root_jaw" type="JOINT">
                            <matrix sid="transform">5.960464E-08 8.742278E-08 0.9999999 0.04686004 0 -0.9999999 8.742278E-08 1.06744E-17 0.9999999 0 5.960464E-08 0 0 0 0 1</matrix>
                            <node id="jaw_01" sid="jaw_01" name="jaw_01" type="JOINT">
                                <matrix sid="transform">0.8448697 -5.016524E-05 0.534972 0.03673475 -4.945579E-05 -1 -1.566723E-05 -2.059762E-06 0.534972 -1.322069E-05 -0.8448697 -0.07367335 0 0 0 1</matrix>
                                <node id="jaw_02" sid="jaw_02" name="jaw_02" type="JOINT">
                                    <matrix sid="transform">0.9947988 0 -0.1018599 -5.32907E-17 0 1 0 -2.490412E-18 0.1018599 0 0.9947988 -0.01855041 0 0 0 1</matrix>
                                </node>
                                <node id="jaw_01_sub" sid="jaw_01_sub" name="jaw_01_sub" type="JOINT">
                                    <matrix sid="transform">5.960464E-08 0 0.9999999 0.2 0 1 0 4.882433E-18 -0.9999999 0 5.960464E-08 -2.309264E-16 0 0 0 1</matrix>
                                </node>
                            </node>
                        </node>
                        <node id="hair" sid="hair" name="hair" type="JOINT">
                            <matrix sid="transform">1 0 0 0.1729299 0 1 0 1.106532E-15 0 0 1 -1.303566E-11 0 0 0 1</matrix>
                            <node id="back_hair_a" sid="back_hair_a" name="back_hair_a" type="JOINT">
                                <matrix sid="transform">0.7557168 0 0.6548986 0.02185657 0 1 0 -3.339558E-16 -0.6548986 0 0.7557168 -0.01940465 0 0 0 1</matrix>
                            </node>
                            <node id="left_hair_a" sid="left_hair_a" name="left_hair_a" type="JOINT">
                                <matrix sid="transform">0.8262061 -0.00181891 0.563365 0.02205478 -0.3300518 -0.8119745 0.4814177 -0.01752229 0.4565624 -0.5836899 -0.6714586 0.02509895 0 0 0 1</matrix>
                            </node>
                            <node id="right_hair_a" sid="right_hair_a" name="right_hair_a" type="JOINT">
                                <matrix sid="transform">0.8262061 0.00181891 0.563365 0.02205476 0.3300518 -0.8119745 -0.4814177 0.01752224 0.4565624 0.5836899 -0.6714586 0.02509892 0 0 0 1</matrix>
                            </node>
                            <node id="left_hair_b" sid="left_hair_b" name="left_hair_b" type="JOINT">
                                <matrix sid="transform">0.7795584 0.01344562 0.6261852 0.02159762 -0.6050885 0.2743267 0.7474042 -0.02156119 -0.1617301 -0.9615427 0.2219895 -0.007918704 0 0 0 1</matrix>
                            </node>
                            <node id="right_hair_b" sid="right_hair_b" name="right_hair_b" type="JOINT">
                                <matrix sid="transform">0.7795584 -0.01344562 0.6261852 0.02159737 0.6050885 0.2743267 -0.7474042 0.02156122 -0.1617301 0.9615427 0.2219895 -0.007918703 0 0 0 1</matrix>
                            </node>
                        </node>
                        <node id="left_leg_01" sid="left_leg_01" name="left_leg_01" type="JOINT">
                            <matrix sid="transform">-1 -8.742278E-08 0 0.1511772 8.742278E-08 -1 0 -0.006412435 0 0 1 0.00230723 0 0 0 1</matrix>
                            <node id="left_foot" sid="left_foot" name="left_foot" type="JOINT">
                                <matrix sid="transform">5.960464E-08 0 -0.9999999 0.240106 0 1 0 0.05931814 0.9999999 0 5.960464E-08 -0.0133429 0 0 0 1</matrix>
                            </node>
                        </node>
                        <node id="right_leg_01" sid="right_leg_01" name="right_leg_01" type="JOINT">
                            <matrix sid="transform">-1 8.742278E-08 0 0.1511768 -8.742278E-08 -1 0 0.00641244 0 0 1 0.00230723 0 0 0 1</matrix>
                            <node id="right_foot" sid="right_foot" name="right_foot" type="JOINT">
                                <matrix sid="transform">5.960464E-08 0 -0.9999999 0.2401056 0 1 0 -0.05931816 0.9999999 0 5.960464E-08 -0.01334293 0 0 0 1</matrix>
                            </node>
                        </node>
                        <node id="left_feeler_a" sid="left_feeler_a" name="left_feeler_a" type="JOINT">
                            <matrix sid="transform">-0.6906534 -8.195639E-08 0.7231858 0.006403494 -0.213717 -0.955336 -0.2041031 -0.0441556 0.6908855 -0.2955216 0.6598062 0.1638197 0 0 0 1</matrix>
                        </node>
                        <node id="right_feeler_a" sid="right_feeler_a" name="right_feeler_a" type="JOINT">
                            <matrix sid="transform">-0.6906534 8.195639E-08 0.7231858 0.006403795 0.213717 -0.955336 0.2041031 0.0441556 0.6908855 0.2955216 0.6598062 0.16382 0 0 0 1</matrix>
                        </node>
                        <node id="left_feeler_b" sid="left_feeler_b" name="left_feeler_b" type="JOINT">
                            <matrix sid="transform">-0.6905899 -2.980232E-08 0.7232465 0.008774206 -0.511466 -0.7070327 -0.488372 -0.1192753 0.5113589 -0.7071809 0.4882696 0.1159045 0 0 0 1</matrix>
                        </node>
                        <node id="right_feeler_b" sid="right_feeler_b" name="right_feeler_b" type="JOINT">
                            <matrix sid="transform">-0.6905899 2.980232E-08 0.7232465 0.008773795 0.511466 -0.7070327 0.488372 0.119275 0.5113589 0.7071809 0.4882696 0.115904 0 0 0 1</matrix>
                        </node>
                        <node id="left_feeler_c" sid="left_feeler_c" name="left_feeler_c" type="JOINT">
                            <matrix sid="transform">-0.6742263 -8.940697E-08 0.738525 0.008559026 -0.7150811 -0.2499617 -0.6528234 -0.1574721 0.184603 -0.9682558 0.1685306 0.04107808 0 0 0 1</matrix>
                        </node>
                        <node id="right_feeler_c" sid="right_feeler_c" name="right_feeler_c" type="JOINT">
                            <matrix sid="transform">-0.6742263 8.940697E-08 0.738525 0.008558795 0.7150811 -0.2499617 0.6528234 0.157472 0.184603 0.9682558 0.1685306 0.0410781 0 0 0 1</matrix>
                        </node>
                        <node id="left_feeler_d" sid="left_feeler_d" name="left_feeler_d" type="JOINT">
                            <matrix sid="transform">-0.6793456 -5.960464E-08 0.7338185 0.009616107 -0.7031016 0.2862966 -0.6509088 -0.1576279 -0.2100897 -0.9581411 -0.1944944 -0.04065841 0 0 0 1</matrix>
                        </node>
                        <node id="right_feeler_d" sid="right_feeler_d" name="right_feeler_d" type="JOINT">
                            <matrix sid="transform">-0.6793456 5.960464E-08 0.7338185 0.009615796 0.7031016 0.2862966 0.6509088 0.157628 -0.2100897 0.9581411 -0.1944944 -0.0406584 0 0 0 1</matrix>
                        </node>
                        <node id="left_feeler_e" sid="left_feeler_e" name="left_feeler_e" type="JOINT">
                            <matrix sid="transform">-0.6973068 -5.960464E-08 0.7167727 0.00946943 -0.5011581 0.7149391 -0.4875477 -0.1183712 -0.5124488 -0.6991867 -0.4985318 -0.1211995 0 0 0 1</matrix>
                        </node>
                        <node id="right_feeler_e" sid="right_feeler_e" name="right_feeler_e" type="JOINT">
                            <matrix sid="transform">-0.6973066 8.940697E-08 0.7167727 0.009469795 0.501158 0.7149391 0.4875475 0.118371 -0.5124488 0.6991866 -0.4985318 -0.121199 0 0 0 1</matrix>
                        </node>
                        <node id="left_feeler_f" sid="left_feeler_f" name="left_feeler_f" type="JOINT">
                            <matrix sid="transform">-0.6964921 -2.980232E-08 0.7175648 0.009781125 -0.1874556 0.9652743 -0.1819506 -0.04358606 -0.6926468 -0.2612386 -0.6723058 -0.1628059 0 0 0 1</matrix>
                        </node>
                        <node id="right_feeler_f" sid="right_feeler_f" name="right_feeler_f" type="JOINT">
                            <matrix sid="transform">-0.6964918 -1.266599E-07 0.7175647 0.009780795 0.1874556 0.9652742 0.1819507 0.0435861 -0.6926467 0.2612387 -0.6723056 -0.162806 0 0 0 1</matrix>
                        </node>
                    </node>
                </node>
                <node id="lod_group" sid="lod_group" name="lod_group" type="JOINT">
                    <matrix sid="transform">1 0 0 0 0 1 0 0 0 0 1 0 0 0 0 1</matrix>
                    <node id="lod0" sid="lod0" name="lod0" type="JOINT">
                        <matrix sid="transform">1 0 0 0 0 1 0 0 0 0 1 0 0 0 0 1</matrix>
                        <node id="pm0285_00_00_body_mesh" sid="pm0285_00_00_body_mesh" name="pm0285_00_00_body_mesh" type="JOINT">
                            <matrix sid="transform">1 0 0 0 0 1 0 0 0 0 1 0 0 0 0 1</matrix>
                        </node>
                        <node id="pm0285_00_00_eye_mesh" sid="pm0285_00_00_eye_mesh" name="pm0285_00_00_eye_mesh" type="JOINT">
                            <matrix sid="transform">1 0 0 0 0 1 0 0 0 0 1 0 0 0 0 1</matrix>
                        </node>
                    </node>
                    <node id="lod1" sid="lod1" name="lod1" type="JOINT">
                        <matrix sid="transform">1 0 0 0 0 1 0 0 0 0 1 0 0 0 0 1</matrix>
                        <node id="pm0285_00_00_body_mesh_lod1" sid="pm0285_00_00_body_mesh_lod1" name="pm0285_00_00_body_mesh_lod1" type="JOINT">
                            <matrix sid="transform">1 0 0 0 0 1 0 0 0 0 1 0 0 0 0 1</matrix>
                        </node>
                        <node id="pm0285_00_00_eye_mesh_lod1" sid="pm0285_00_00_eye_mesh_lod1" name="pm0285_00_00_eye_mesh_lod1" type="JOINT">
                            <matrix sid="transform">1 0 0 0 0 1 0 0 0 0 1 0 0 0 0 1</matrix>
                        </node>
                    </node>
                    <node id="lod2" sid="lod2" name="lod2" type="JOINT">
                        <matrix sid="transform">1 0 0 0 0 1 0 0 0 0 1 0 0 0 0 1</matrix>
                        <node id="pm0285_00_00_body_mesh_lod2" sid="pm0285_00_00_body_mesh_lod2" name="pm0285_00_00_body_mesh_lod2" type="JOINT">
                            <matrix sid="transform">1 0 0 0 0 1 0 0 0 0 1 0 0 0 0 1</matrix>
                        </node>
                        <node id="pm0285_00_00_eye_mesh_lod2" sid="pm0285_00_00_eye_mesh_lod2" name="pm0285_00_00_eye_mesh_lod2" type="JOINT">
                            <matrix sid="transform">1 0 0 0 0 1 0 0 0 0 1 0 0 0 0 1</matrix>
                        </node>
                    </node>
                </node>
            </node>
            <node id="pm0285_00_00_body_mesh_shape_lod1_body_b" sid="pm0285_00_00_body_mesh_shape_lod1_body_b" name="pm0285_00_00_body_mesh_shape_lod1_body_b">
                <instance_controller url="#pm0285_00_00_body_mesh_shape_lod1_body_b-controller">
                    <skeleton>#pm0285_00_00</skeleton>
                    <bind_material>
                        <technique_common>
                            <instance_material target="#body_b" symbol="body_b" />
                        </technique_common>
                    </bind_material>
                </instance_controller>
            </node>
            <node id="pm0285_00_00_body_mesh_shape_lod1_body_a" sid="pm0285_00_00_body_mesh_shape_lod1_body_a" name="pm0285_00_00_body_mesh_shape_lod1_body_a">
                <instance_controller url="#pm0285_00_00_body_mesh_shape_lod1_body_a-controller">
                    <skeleton>#pm0285_00_00</skeleton>
                    <bind_material>
                        <technique_common>
                            <instance_material target="#body_a" symbol="body_a" />
                        </technique_common>
                    </bind_material>
                </instance_controller>
            </node>
            <node id="pm0285_00_00_eye_mesh_shape_lod1_l_eye" sid="pm0285_00_00_eye_mesh_shape_lod1_l_eye" name="pm0285_00_00_eye_mesh_shape_lod1_l_eye">
                <instance_controller url="#pm0285_00_00_eye_mesh_shape_lod1_l_eye-controller">
                    <skeleton>#pm0285_00_00</skeleton>
                    <bind_material>
                        <technique_common>
                            <instance_material target="#l_eye" symbol="l_eye" />
                        </technique_common>
                    </bind_material>
                </instance_controller>
            </node>
            <node id="pm0285_00_00_eye_mesh_shape_lod1_r_eye" sid="pm0285_00_00_eye_mesh_shape_lod1_r_eye" name="pm0285_00_00_eye_mesh_shape_lod1_r_eye">
                <instance_controller url="#pm0285_00_00_eye_mesh_shape_lod1_r_eye-controller">
                    <skeleton>#pm0285_00_00</skeleton>
                    <bind_material>
                        <technique_common>
                            <instance_material target="#r_eye" symbol="r_eye" />
                        </technique_common>
                    </bind_material>
                </instance_controller>
            </node>
        </visual_scene>
    </library_visual_scenes>
    <scene>
        <instance_visual_scene url="#Scene" />
    </scene>
</COLLADA>