<?xml version="1.0" encoding="utf-8"?>
<COLLADA xmlns:xsd="http://www.w3.org/2001/XMLSchema" xmlns:xsi="http://www.w3.org/2001/XMLSchema-instance" version="1.4.1" xmlns="http://www.collada.org/2005/11/COLLADASchema">
    <asset>
        <created>0001-01-01T00:00:00</created>
        <modified>0001-01-01T00:00:00</modified>
        <unit name="Meter" />
        <contributor>
            <authoring_tool>IONET Exporter</authoring_tool>
        </contributor>
    </asset>
    <library_images>
        <image id="pm0285_00_00_body_b_alb-image" name="pm0285_00_00_body_b_alb">
            <init_from>pm0285_00_00_body_b_alb.png</init_from>
        </image>
        <image id="pm0285_00_00_body_a_alb-image" name="pm0285_00_00_body_a_alb">
            <init_from>pm0285_00_00_body_a_alb.png</init_from>
        </image>
        <image id="pm0285_00_00_eye_alb-image" name="pm0285_00_00_eye_alb">
            <init_from>pm0285_00_00_eye_alb.png</init_from>
        </image>
        <image id="pm0285_00_00_eye_alb-image_0" name="pm0285_00_00_eye_alb">
            <init_from>pm0285_00_00_eye_alb.png</init_from>
        </image>
    </library_images>
    <library_materials>
        <material id="body_b" name="body_b">
            <instance_effect url="#body_b-effect" />
        </material>
        <material id="body_a" name="body_a">
            <instance_effect url="#body_a-effect" />
        </material>
        <material id="l_eye" name="l_eye">
            <instance_effect url="#l_eye-effect" />
        </material>
        <material id="r_eye" name="r_eye">
            <instance_effect url="#r_eye-effect" />
        </material>
    </library_materials>
    <library_effects>
        <effect id="body_b-effect" name="body_b">
            <profile_COMMON>
                <newparam sid="pm0285_00_00_body_b_alb-image_surface">
                    <surface type="2D">
                        <init_from>pm0285_00_00_body_b_alb-image</init_from>
                    </surface>
                </newparam>
                <newparam sid="pm0285_00_00_body_b_alb-image_sampler">
                    <sampler2D>
                        <source>pm0285_00_00_body_b_alb-image_surface</source>
                    </sampler2D>
                </newparam>
                <technique sid="standard">
                    <phong>
                        <emission>
                            <color sid="emission">0 0 0 1</color>
                        </emission>
                        <ambient>
                            <color sid="ambient">0 0 0 1</color>
                        </ambient>
                        <diffuse>
                            <texture texture="pm0285_00_00_body_b_alb-image_sampler" texcoord="CHANNEL0" />
                        </diffuse>
                        <specular>
                            <color sid="specular">0 0 0 1</color>
                        </specular>
                        <reflective>
                            <color sid="reflective">1 1 1 1</color>
                        </reflective>
                        <shininess>
                            <float sid="shininess">50</float>
                        </shininess>
                        <reflectivity>
                            <float sid="reflectivity">1</float>
                        </reflectivity>
                        <transparency>
                            <float sid="transparency">1</float>
                        </transparency>
                    </phong>
                </technique>
            </profile_COMMON>
        </effect>
        <effect id="body_a-effect" name="body_a">
            <profile_COMMON>
                <newparam sid="pm0285_00_00_body_a_alb-image_surface">
                    <surface type="2D">
                        <init_from>pm0285_00_00_body_a_alb-image</init_from>
                    </surface>
                </newparam>
                <newparam sid="pm0285_00_00_body_a_alb-image_sampler">
                    <sampler2D>
                        <source>pm0285_00_00_body_a_alb-image_surface</source>
                    </sampler2D>
                </newparam>
                <technique sid="standard">
                    <phong>
                        <emission>
                            <color sid="emission">0 0 0 1</color>
                        </emission>
                        <ambient>
                            <color sid="ambient">0 0 0 1</color>
                        </ambient>
                        <diffuse>
                            <texture texture="pm0285_00_00_body_a_alb-image_sampler" texcoord="CHANNEL0" />
                        </diffuse>
                        <specular>
                            <color sid="specular">0 0 0 1</color>
                        </specular>
                        <reflective>
                            <color sid="reflective">1 1 1 1</color>
                        </reflective>
                        <shininess>
                            <float sid="shininess">50</float>
                        </shininess>
                        <reflectivity>
                            <float sid="reflectivity">1</float>
                        </reflectivity>
                        <transparency>
                            <float sid="transparency">1</float>
                        </transparency>
                    </phong>
                </technique>
            </profile_COMMON>
        </effect>
        <effect id="l_eye-effect" name="l_eye">
            <profile_COMMON>
                <newparam sid="pm0285_00_00_eye_alb-image_surface">
                    <surface type="2D">
                        <init_from>pm0285_00_00_eye_alb-image</init_from>
                    </surface>
                </newparam>
                <newparam sid="pm0285_00_00_eye_alb-image_sampler">
                    <sampler2D>
                        <source>pm0285_00_00_eye_alb-image_surface</source>
                    </sampler2D>
                </newparam>
                <technique sid="standard">
                    <phong>
                        <emission>
                            <color sid="emission">0 0 0 1</color>
                        </emission>
                        <ambient>
                            <color sid="ambient">0 0 0 1</color>
                        </ambient>
                        <diffuse>
                            <texture texture="pm0285_00_00_eye_alb-image_sampler" texcoord="CHANNEL0" />
                        </diffuse>
                        <specular>
                            <color sid="specular">0 0 0 1</color>
                        </specular>
                        <reflective>
                            <color sid="reflective">1 1 1 1</color>
                        </reflective>
                        <shininess>
                            <float sid="shininess">50</float>
                        </shininess>
                        <reflectivity>
                            <float sid="reflectivity">1</float>
                        </reflectivity>
                        <transparency>
                            <float sid="transparency">1</float>
                        </transparency>
                    </phong>
                </technique>
            </profile_COMMON>
        </effect>
        <effect id="r_eye-effect" name="r_eye">
            <profile_COMMON>
                <newparam sid="pm0285_00_00_eye_alb-image_0_surface">
                    <surface type="2D">
                        <init_from>pm0285_00_00_eye_alb-image_0</init_from>
                    </surface>
                </newparam>
                <newparam sid="pm0285_00_00_eye_alb-image_0_sampler">
                    <sampler2D>
                        <source>pm0285_00_00_eye_alb-image_0_surface</source>
                    </sampler2D>
                </newparam>
                <technique sid="standard">
                    <phong>
                        <emission>
                            <color sid="emission">0 0 0 1</color>
                        </emission>
                        <ambient>
                            <color sid="ambient">0 0 0 1</color>
                        </ambient>
                        <diffuse>
                            <texture texture="pm0285_00_00_eye_alb-image_0_sampler" texcoord="CHANNEL0" />
                        </diffuse>
                        <specular>
                            <color sid="specular">0 0 0 1</color>
                        </specular>
                        <reflective>
                            <color sid="reflective">1 1 1 1</color>
                        </reflective>
                        <shininess>
                            <float sid="shininess">50</float>
                        </shininess>
                        <reflectivity>
                            <float sid="reflectivity">1</float>
                        </reflectivity>
                        <transparency>
                            <float sid="transparency">1</float>
                        </transparency>
                    </phong>
                </technique>
            </profile_COMMON>
        </effect>
    </library_effects>
    <library_geometries>
        <geometry id="pm0285_00_00_body_mesh_shape_body_b-geometry" name="pm0285_00_00_body_mesh_shape_body_b">
            <mesh>
                <source id="pm0285_00_00_body_mesh_shape_body_b-geometry-POSITION">
                    <float_array id="pm0285_00_00_body_mesh_shape_body_b-geometry-POSITION-array" count="3357">0.009442673 0.2198187 0.1823769 6.093175E-21 0.1893487 0.1831594 2.287747E-20 0.2246549 0.1818836 0.01452526 0.1891524 0.1819665 0.01873573 0.214849 0.1828729 0.02651704 0.1883456 0.1781095 0.0283006 0.2096138 0.1833925 0.03797287 0.2040564 0.1839728 0.03818624 0.1866399 0.1713762 0.04582768 0.1992486 0.1842982 0.04593105 0.1905493 0.1695772 0.04623725 0.1863028 0.1567871 0.04882944 0.1986754 0.1684172 0.0498489 0.198056 0.156303 0.04914816 0.1860002 0.1421044 0.0447869 0.2071062 0.1686716 0.03780096 0.2037704 0.1840982 0.04276669 0.2050964 0.1396623 0.04530524 0.1857701 0.1279399 0.04468976 0.2079908 0.155494 0.03171538 0.214449 0.1702059 0.02835072 0.2089577 0.1837099 0.01890048 0.2141449 0.183137 0.0329905 0.2177197 0.1541196 0.01647771 0.2217498 0.1703152 0.00945024 0.2193321 0.1825641 2.21697E-21 0.2269765 0.1716943 -1.43321E-22 0.2245194 0.1819912 0.01743292 0.2251808 0.1532026 2.199499E-19 0.2279739 0.1530367 6.151722E-19 0.2255963 0.1363761 0.03209402 0.2163623 0.1375316 0.01716812 0.2226519 0.1364393 0.01607564 0.2186578 0.1222039 -1.22452E-18 0.2210883 0.1217706 -1.232288E-18 0.2121378 0.1107865 0.0303962 0.2114501 0.1233519 0.01358525 0.207995 0.1123671 3.850641E-20 0.1975332 0.1047392 0.03982045 0.2003553 0.1256062 0.03391347 0.1855058 0.1147252 0.02435272 0.1984213 0.1127491 0.01622105 0.1854883 0.1069931 1.488039E-21 0.1853084 0.1048575 -0.009442673 0.2198187 0.1823769 2.287747E-20 0.2246549 0.1818836 6.093175E-21 0.1893487 0.1831594 -0.01452526 0.1891524 0.1819665 -0.01873573 0.214849 0.1828729 -0.02651704 0.1883456 0.1781095 -0.0283006 0.2096138 0.1833925 -0.03797287 0.2040564 0.1839728 -0.03818624 0.1866399 0.1713762 -0.04582768 0.1992486 0.1842982 -0.04593105 0.1905493 0.1695772 -0.04623725 0.1863028 0.1567871 -0.04882944 0.1986754 0.1684172 -0.0498489 0.198056 0.156303 -0.04914816 0.1860002 0.1421044 -0.0447869 0.2071062 0.1686716 -0.03780096 0.2037704 0.1840982 -0.04276669 0.2050964 0.1396623 -0.04530524 0.1857701 0.1279399 -0.04468976 0.2079908 0.155494 -0.03171538 0.214449 0.1702059 -0.02835072 0.2089577 0.1837099 -0.01890048 0.2141449 0.183137 -0.0329905 0.2177197 0.1541196 -0.01647771 0.2217498 0.1703152 -0.00945024 0.2193321 0.1825641 2.21697E-21 0.2269765 0.1716943 -1.43321E-22 0.2245194 0.1819912 -0.01743292 0.2251808 0.1532026 2.199499E-19 0.2279739 0.1530367 6.151722E-19 0.2255963 0.1363761 -0.03209402 0.2163623 0.1375316 -0.01716812 0.2226519 0.1364393 -0.01607564 0.2186578 0.1222039 -1.22452E-18 0.2210883 0.1217706 -1.232288E-18 0.2121378 0.1107865 -0.0303962 0.2114501 0.1233519 -0.01358525 0.207995 0.1123671 3.850641E-20 0.1975332 0.1047392 -0.03982045 0.2003553 0.1256062 -0.03391347 0.1855058 0.1147252 -0.02435272 0.1984213 0.1127491 -0.01622105 0.1854883 0.1069931 1.488039E-21 0.1853084 0.1048575 0.1993107 0.1706066 2.67827E-05 0.2032465 0.1582117 0.03345786 0.2035593 0.1516859 2.67827E-05 0.1916856 0.1708613 0.05138469 0.1939909 0.1905758 1.294773E-05 0.191923 0.1582117 0.07244071 0.1869227 0.1905876 0.05011275 0.1862413 0.2117765 2.535271E-05 0.1724916 0.1705716 0.09952784 0.1754471 0.1515613 0.1007615 0.1586323 0.1584383 0.1286816 0.1680075 0.1905758 0.09702615 0.1405753 0.1707834 0.1403262 0.1305031 0.159117 0.1579415 0.1798953 0.2117765 0.04814171 0.1779969 0.2328852 0.0002591024 0.1612898 0.2117765 0.09297901 0.171664 0.2327642 0.04625545 0.1681041 0.2512577 0.0002876357 0.1316925 0.2117765 0.1314816 0.1539298 0.2327726 0.08913027 0.161857 0.2509104 0.0439911 0.1369111 0.1905851 0.136938 0.1486339 0.2710866 0.03969087 0.1545673 0.2713458 0.0002722043 0.139237 0.2884242 3.544015E-05 0.09996656 0.1707436 0.1729582 0.1021475 0.1524197 0.1756206 0.07355068 0.1583531 0.1919137 0.09698521 0.1905763 0.1680442 0.06572417 0.1708056 0.1880557 0.0786576 0.1823815 0.1789786 0.05174428 0.1708309 0.1921267 0.03504334 0.158102 0.2032693 0.05994251 0.1819258 0.1865408 0.02451163 0.170773 0.1983355 -2.620477E-17 0.1514374 0.206809 0.04759903 0.184966 0.1891633 0.05692936 0.1937125 0.1840098 0.07717941 0.1922845 0.1765527 0.05406179 0.1946888 0.1843605 0.04829791 0.1978807 0.1845625 0.07373851 0.2013856 0.1752302 0.03949854 0.2019744 0.1852437 0.04582768 0.1992486 0.1842982 0.03797287 0.2040564 0.1839728 0.02446959 0.1901571 0.1918577 0.02956784 0.2066423 0.1852134 0.0283006 0.2096138 0.1833925 0.01924637 0.2122917 0.1847439 0.01873573 0.214849 0.1828729 1.206333E-19 0.1707283 0.1997909 0.009630913 0.2176265 0.1842965 0.009442673 0.2198187 0.1823769 6.930966E-20 0.1968386 0.1922836 1.999202E-20 0.2227544 0.183834 2.287747E-20 0.2246549 0.1818836 -0.009442673 0.2198187 0.1823769 -0.009630913 0.2176265 0.1842965 -0.01873573 0.214849 0.1828729 -0.01924638 0.2122917 0.1847439 -0.0283006 0.2096138 0.1833925 -0.02446959 0.1901571 0.1918577 -0.02956784 0.2066423 0.1852134 -0.03797287 0.2040564 0.1839728 -0.03949854 0.2019744 0.1852437 -0.04582768 0.1992486 0.1842982 -0.04829791 0.1978807 0.1845625 -0.04759903 0.184966 0.1891633 -0.05406179 0.1946888 0.1843605 -0.02451163 0.170773 0.1983355 -0.03504334 0.158102 0.2032693 -0.05692936 0.1937125 0.1840098 -0.05174428 0.1708309 0.1921267 -0.07355068 0.1583531 0.1919137 -0.05994251 0.1819258 0.1865408 -0.06572417 0.1708056 0.1880557 -0.09996656 0.1707436 0.1729582 -0.1021475 0.1524197 0.1756206 -0.0786576 0.1823815 0.1789786 -0.1305031 0.159117 0.1579415 -0.07717941 0.1922845 0.1765527 -0.1405753 0.1707834 0.1403262 -0.1586323 0.1584383 0.1286816 -0.09698521 0.1905763 0.1680442 -0.1369111 0.1905851 0.136938 -0.1724916 0.1705716 0.09952784 -0.1754471 0.1515613 0.1007615 -0.191923 0.1582117 0.07244071 -0.1680075 0.1905758 0.09702615 -0.1916856 0.1708613 0.05138469 -0.2032465 0.1582117 0.03345786 -0.1993107 0.1706066 2.67827E-05 -0.2035593 0.1516859 2.67827E-05 -0.1939909 0.1905758 1.294773E-05 -0.1869227 0.1905876 0.05011275 -0.1862413 0.2117765 2.535271E-05 -0.1798953 0.2117765 0.04814171 -0.1779969 0.2328852 0.0002591024 -0.1612898 0.2117765 0.09297901 -0.171664 0.2327642 0.04625545 -0.1681041 0.2512577 0.0002876357 -0.1316925 0.2117765 0.1314816 -0.1539298 0.2327726 0.08913027 -0.161857 0.2509104 0.0439911 -0.1486339 0.2710866 0.03969087 -0.1545673 0.2713458 0.0002722043 -0.139237 0.2884242 3.544015E-05 -0.1452252 0.251387 0.08376181 -0.1339191 0.2878757 0.03587114 -0.1208066 0.3044685 -5.939915E-05 -0.1336343 0.2710866 0.0770255 -0.1203682 0.2881333 0.06948718 -0.1155962 0.3044885 0.03099869 -0.09880288 0.3186189 -0.0001607135 -0.1045158 0.3044925 0.06047511 -0.09485111 0.31853 0.02554838 -0.07686838 0.3298229 -0.0008541831 -0.0727475 0.3300867 0.01976399 -0.06674566 0.3299889 0.03805117 -0.08635725 0.3184379 0.05020339 -0.06849859 0.3191 0.07157069 -0.05150018 0.3307617 0.0557072 -0.08494233 0.305839 0.0861342 -0.0506583 0.3199376 0.08519498 -0.03963958 0.3310089 0.06448168 -0.0192976 0.3309608 0.07324988 -0.06111253 0.3066002 0.104817 -0.02604485 0.3199828 0.09548845 -1.147443E-17 0.3309337 0.07695036 -0.070743 0.2906857 0.1221381 -0.03169477 0.3068316 0.1169328 -1.080387E-17 0.3201291 0.0992185 -0.09877717 0.2890241 0.0987854 -0.1098172 0.2717939 0.1094848 -0.07829855 0.2736859 0.1357618 -0.03666436 0.2915442 0.1367043 -0.1191243 0.2522601 0.1190146 -0.08302997 0.2595713 0.144118 -0.1254976 0.2326666 0.1257612 -0.0848569 0.253296 0.1474366 -0.06353958 0.2583201 0.1571504 -0.09275273 0.2117722 0.1612672 -0.08834836 0.2332076 0.1545324 -0.07373851 0.2013856 0.1752302 -0.07118746 0.2124703 0.1724583 -0.05396887 0.1971891 0.1840508 -0.05406179 0.1946888 0.1843605 -0.04829791 0.1978807 0.1845625 -0.04839459 0.2120293 0.1807033 -0.0431759 0.2033867 0.1841165 -0.04582768 0.1992486 0.1842982 -0.03780096 0.2037704 0.1840982 -0.02881579 0.2116326 0.183749 -0.02835072 0.2089577 0.1837099 -0.01890048 0.2141449 0.183137 -0.03345289 0.2192313 0.1811432 -0.01920898 0.2170477 0.1832934 -0.00945024 0.2193321 0.1825641 -0.02284573 0.2240364 0.1811901 -0.009604488 0.2224709 0.1828992 -1.43321E-22 0.2245194 0.1819912 -0.03037319 0.2261206 0.1796347 5.355908E-31 0.2278942 0.182505 -0.01215668 0.2287208 0.1809693 -0.03478988 0.2243649 0.1794985 0.009604488 0.2224709 0.1828992 0.00945024 0.2193321 0.1825641 -0.03903856 0.2259578 0.1780774 0.01920898 0.2170477 0.1832934 0.01890048 0.2141449 0.183137 -0.03467677 0.2266451 0.1786308 0.02881579 0.2116326 0.183749 0.02835072 0.2089577 0.1837099 0.03780096 0.2037704 0.1840982 0.02284573 0.2240364 0.1811901 0.0431759 0.2033867 0.1841165 0.04582768 0.1992486 0.1842982 0.04829791 0.1978807 0.1845625 0.03345289 0.2192313 0.1811432 0.05396887 0.1971891 0.1840508 0.05406179 0.1946888 0.1843605 0.04839459 0.2120293 0.1807033 0.07118746 0.2124703 0.1724583 0.03478988 0.2243649 0.1794985 0.09275273 0.2117722 0.1612672 0.03037319 0.2261206 0.1796347 0.1254976 0.2326666 0.1257612 0.08834836 0.2332076 0.1545324 0.1191243 0.2522601 0.1190146 0.067635 0.2341408 0.1654056 0.0848569 0.253296 0.1474366 0.04708501 0.2261382 0.1758637 0.1452252 0.251387 0.08376181 0.1336343 0.2710866 0.0770255 0.03903856 0.2259578 0.1780774 0.1203682 0.2881333 0.06948718 0.03467677 0.2266451 0.1786308 0.1098172 0.2717939 0.1094848 0.08302997 0.2595713 0.144118 0.09877717 0.2890241 0.0987854 0.07829855 0.2736859 0.1357618 0.06353958 0.2583201 0.1571504 0.1339191 0.2878757 0.03587114 0.1208066 0.3044685 -5.939915E-05 0.1045158 0.3044925 0.06047511 0.1155962 0.3044885 0.03099869 0.09880288 0.3186189 -0.0001607135 0.08494233 0.305839 0.0861342 0.09485111 0.31853 0.02554838 0.07686838 0.3298229 -0.0008541831 0.0727475 0.3300867 0.01976399 0.06674566 0.3299889 0.03805117 0.08635725 0.3184379 0.05020339 0.06849859 0.3191 0.07157069 0.05150018 0.3307617 0.0557072 0.070743 0.2906857 0.1221381 0.06111253 0.3066002 0.104817 0.0506583 0.3199376 0.08519498 0.03963958 0.3310089 0.06448168 0.0192976 0.3309608 0.07324988 0.02604485 0.3199828 0.09548845 0.03169477 0.3068316 0.1169328 -6.640878E-19 0.3068096 0.1221248 0.03666436 0.2915442 0.1367043 0.04066828 0.2750818 0.1537268 -9.406722E-19 0.2912794 0.1429844 -0.04066828 0.2750818 0.1537268 -1.028039E-18 0.275266 0.1590056 0.04353021 0.2584606 0.1653013 0.0220321 0.2586111 0.1703061 0.06435972 0.2555772 0.1590113 0.04382147 0.2557551 0.166571 0.06448486 0.2533345 0.1591643 0.04448377 0.2533608 0.1661834 0.04540415 0.2437453 0.1696061 0.0463857 0.2342111 0.1730115 0.04093077 0.2298917 0.1761772 0.04104527 0.2380619 0.1729444 0.03743337 0.2277086 0.177697 0.04114287 0.2340519 0.1745023 0.03865031 0.2307122 0.1762887 0.0343482 0.2288911 0.1765677 0.03569586 0.2294851 0.1760821 0.03629558 0.2317838 0.1750664 0.03180815 0.2278142 0.1787079 0.03874006 0.2342752 0.1748714 0.03632931 0.2345575 0.1739698 0.03293834 0.2295369 0.1765776 0.03865838 0.2381092 0.1733798 0.0362564 0.2377404 0.1727324 0.03600981 0.2409265 0.1715262 0.03835518 0.2419474 0.1719279 0.03569746 0.2437067 0.1704918 0.04074035 0.2420758 0.1714238 0.03790745 0.2455205 0.1706072 0.03486576 0.2460323 0.1697334 0.04011005 0.2462519 0.1699002 0.03638656 0.2485756 0.1696909 0.03345589 0.2466782 0.1697433 0.0378192 0.2502643 0.1687517 0.03351795 0.2497448 0.1697681 0.03340253 0.25202 0.168888 0.03076134 0.2486812 0.1707018 0.03210823 0.2460841 0.1702289 0.02915384 0.2504271 0.170309 0.02231879 0.2532623 0.1702189 0.02726162 0.2464933 0.1722093 0.0295444 0.2456776 0.1721101 0.03150852 0.2437855 0.1712447 0.02704953 0.242333 0.1738842 0.02945466 0.2421146 0.1735274 0.03147478 0.2410117 0.1723412 0.02253339 0.2429698 0.1743058 0.02953635 0.2382806 0.1750191 0.03154769 0.2378288 0.1735786 0.03179429 0.2346427 0.1747848 0.02714712 0.238323 0.175442 0.02983954 0.2344425 0.176471 0.03210663 0.2318625 0.1758191 0.02745205 0.2343091 0.1769627 0.03028728 0.2308693 0.1777917 0.02808235 0.230133 0.1784862 0.02272736 0.2342703 0.177613 0.01215668 0.2287208 0.1809693 3.399761E-21 0.2340348 0.1801994 6.647098E-20 0.253296 0.1722094 -0.02272736 0.2342703 0.177613 -0.02253339 0.2429698 0.1743058 0.02204608 0.255875 0.1714089 3.899866E-10 0.2588685 0.1723039 1.367042E-10 0.2559493 0.1732807 -0.02204607 0.255875 0.1714089 -0.02203209 0.2586111 0.1703061 -0.02231879 0.2532623 0.1702189 -0.04382147 0.2557551 0.166571 -0.04353021 0.2584606 0.1653013 -0.06435972 0.2555772 0.1590113 -0.04448377 0.2533608 0.1661834 -0.06448486 0.2533345 0.1591643 -0.067635 0.2341408 0.1654056 -0.04540415 0.2437453 0.1696061 -0.04708501 0.2261382 0.1758637 -0.0463857 0.2342111 0.1730115 -0.04093077 0.2298917 0.1761772 -0.03743337 0.2277086 0.177697 -0.04114287 0.2340519 0.1745023 -0.0343482 0.2288911 0.1765677 -0.03865031 0.2307122 0.1762887 -0.03569586 0.2294851 0.1760821 -0.03629558 0.2317838 0.1750664 -0.03180815 0.2278142 0.1787079 -0.03293834 0.2295369 0.1765776 -0.03874006 0.2342752 0.1748714 -0.03632931 0.2345575 0.1739698 -0.03028728 0.2308693 0.1777917 -0.03210663 0.2318625 0.1758191 -0.02808235 0.230133 0.1784862 -0.02745205 0.2343091 0.1769627 -0.02983954 0.2344425 0.176471 -0.03179429 0.2346427 0.1747848 -0.02714712 0.238323 0.175442 -0.02953635 0.2382806 0.1750191 -0.03154769 0.2378288 0.1735786 -0.03147478 0.2410117 0.1723412 -0.02945466 0.2421146 0.1735274 -0.03150852 0.2437855 0.1712447 -0.02704953 0.242333 0.1738842 -0.0295444 0.2456776 0.1721101 -0.03210823 0.2460841 0.1702289 -0.02726162 0.2464933 0.1722093 -0.03076134 0.2486812 0.1707018 -0.03345589 0.2466782 0.1697433 -0.02915384 0.2504271 0.170309 -0.03340253 0.25202 0.168888 -0.03351795 0.2497448 0.1697681 -0.0378192 0.2502643 0.1687517 -0.03638656 0.2485756 0.1696909 -0.03486576 0.2460323 0.1697334 -0.04011005 0.2462519 0.1699002 -0.03790745 0.2455205 0.1706072 -0.03569746 0.2437067 0.1704918 -0.04074035 0.2420758 0.1714238 -0.03835518 0.2419474 0.1719279 -0.03600981 0.2409265 0.1715262 -0.04104527 0.2380619 0.1729444 -0.03865838 0.2381092 0.1733798 -0.0362564 0.2377404 0.1727324 0.2032465 0.1582117 -0.0334043 0.1993107 0.1706066 2.67827E-05 0.2035593 0.1516859 2.67827E-05 0.1916856 0.1708613 -0.05133113 0.191923 0.1582117 -0.07238715 0.1939909 0.1905758 1.294773E-05 0.1724916 0.1705716 -0.09947427 0.1754471 0.1515613 -0.1007079 0.1586323 0.1584383 -0.128628 0.1869343 0.1905873 -0.05010395 0.1405753 0.1707834 -0.1402726 0.1305031 0.159117 -0.157888 0.1680075 0.1905758 -0.09701424 0.09928897 0.1704534 -0.1717611 0.1021475 0.1524197 -0.1755671 0.07308219 0.1577027 -0.190946 0.1368816 0.1905861 -0.1368966 0.05167734 0.170779 -0.1918974 0.03474908 0.1583907 -0.2017233 0.0968807 0.1905993 -0.167477 0.1316925 0.2117765 -0.131431 -1.284606E-17 0.1707272 -0.1997389 -3.266167E-17 0.1514374 -0.2067554 -0.03474908 0.1583907 -0.2017233 0.05012773 0.1906043 -0.1871012 0.09312067 0.2117765 -0.1609751 0.04838158 0.2120326 -0.1802344 6.314399E-20 0.190578 -0.194021 1.289238E-19 0.2123355 -0.1874232 -0.05012773 0.1906043 -0.1871012 -0.05167734 0.170779 -0.1918974 -0.07308219 0.1577027 -0.190946 -0.04838158 0.2120326 -0.1802344 -0.09928897 0.1704534 -0.1717611 -0.1021475 0.1524197 -0.1755671 -0.0968807 0.1905993 -0.167477 -0.1305031 0.159117 -0.157888 2.846134E-19 0.2330721 -0.178158 -0.1405753 0.1707834 -0.1402726 -0.1586323 0.1584383 -0.128628 0.04597495 0.232732 -0.1713324 -0.1724916 0.1705716 -0.09947427 -0.1754471 0.1515613 -0.1007079 -0.191923 0.1582117 -0.07238715 -0.1368816 0.1905861 -0.1368966 -0.1680075 0.1905758 -0.09701424 -0.1916856 0.1708613 -0.05133113 -0.2032465 0.1582117 -0.0334043 -0.1993107 0.1706066 2.67827E-05 -0.2035593 0.1516859 2.67827E-05 -0.1939909 0.1905758 1.294773E-05 -0.1869343 0.1905873 -0.05010395 -0.1798953 0.2117765 -0.048091 -0.1862413 0.2117765 2.535271E-05 -0.1612897 0.2117765 -0.09292828 -0.1316925 0.2117765 -0.131431 -0.1541499 0.2328852 -0.08873934 -0.09312067 0.2117765 -0.1609751 -0.1258628 0.2328852 -0.1256037 -0.04597495 0.232732 -0.1713324 -0.08899847 0.2328852 -0.1538907 5.586689E-19 0.2517292 -0.1684768 -0.0437335 0.2517318 -0.1627134 -0.08448296 0.2517424 -0.1458154 -0.1194707 0.2517498 -0.1189435 -0.07785996 0.2710866 -0.1349726 -0.110381 0.2707443 -0.1098119 -0.1463184 0.251752 -0.08392811 -0.0402241 0.2710866 -0.1502071 -0.1343866 0.2710866 -0.07772376 -0.1719318 0.2328852 -0.0458099 -0.1779969 0.2328852 0.0002591024 -0.1681041 0.2512577 0.0002876357 -0.1628588 0.2515424 -0.04345669 -0.1545673 0.2713458 0.0002722043 -0.1491903 0.2710866 -0.04010696 -0.139237 0.2884242 3.544015E-05 -0.1208484 0.2887232 -0.06981157 -0.1342826 0.288318 -0.03602929 -0.1208066 0.3044685 -5.939915E-05 -0.09822747 0.2883137 -0.09838692 -0.1044834 0.3044173 -0.06056039 -0.1154697 0.3044908 -0.03126083 -0.09880288 0.3186189 -0.0001607135 -0.06987461 0.2886515 -0.1208937 -0.09460702 0.3185309 -0.02586543 -0.07686838 0.3298229 -0.0008541831 -0.07256541 0.3300188 -0.02002896 -0.0667 0.329784 -0.03812949 -0.08454433 0.3187723 -0.0493109 -0.06843638 0.3185331 -0.07088224 -0.05216526 0.3300298 -0.05485101 -0.03930065 0.3298742 -0.06634117 -0.08400901 0.3045878 -0.0856221 -0.04988394 0.3187319 -0.08493437 -0.01893248 0.3299314 -0.07396939 -0.06094056 0.3045017 -0.1045352 -0.02546697 0.3185294 -0.09610491 -1.827799E-18 0.329984 -0.07681654 -0.03612773 0.2889069 -0.1348092 -0.03113588 0.3049397 -0.1165876 -3.252085E-18 0.3184884 -0.1000723 -4.550126E-18 0.3050233 -0.121138 -5.710693E-18 0.2890347 -0.140022 9.847169E-19 0.2710866 -0.1565455 0.0402241 0.2710866 -0.1502071 0.03612773 0.2889069 -0.1348092 0.03113588 0.3049397 -0.1165876 0.02546697 0.3185294 -0.09610491 0.01893248 0.3299314 -0.07396939 0.06094056 0.3045017 -0.1045352 0.04988394 0.3187319 -0.08493437 0.03930065 0.3298742 -0.06634117 0.06987461 0.2886515 -0.1208937 0.06843638 0.3185331 -0.07088224 0.05216526 0.3300298 -0.05485101 0.0667 0.329784 -0.03812949 0.08400901 0.3045878 -0.0856221 0.08454433 0.3187723 -0.0493109 0.09460702 0.3185309 -0.02586543 0.07256541 0.3300188 -0.02002896 0.07686838 0.3298229 -0.0008541831 0.09880288 0.3186189 -0.0001607135 0.1154697 0.3044908 -0.03126083 0.1208066 0.3044685 -5.939915E-05 0.1044834 0.3044173 -0.06056039 0.1342826 0.288318 -0.03602929 0.139237 0.2884242 3.544015E-05 0.09822747 0.2883137 -0.09838692 0.1208484 0.2887232 -0.06981157 0.1491903 0.2710866 -0.04010696 0.1545673 0.2713458 0.0002722043 0.07785996 0.2710866 -0.1349726 0.110381 0.2707443 -0.1098119 0.1343866 0.2710866 -0.07772376 0.1628588 0.2515424 -0.04345669 0.1681041 0.2512577 0.0002876357 0.1463184 0.251752 -0.08392811 0.1719318 0.2328852 -0.0458099 0.1779969 0.2328852 0.0002591024 0.1862413 0.2117765 2.535271E-05 0.1194707 0.2517498 -0.1189435 0.1541499 0.2328852 -0.08873934 0.1798953 0.2117765 -0.048091 0.1612897 0.2117765 -0.09292828 0.1258628 0.2328852 -0.1256037 0.08448296 0.2517424 -0.1458154 0.08899847 0.2328852 -0.1538907 0.0437335 0.2517318 -0.1627134 0.0164832 0.393764 -0.06163543 -3.229395E-23 0.3960195 -0.06478634 0.01447195 0.395518 -0.0574175 -2.06163E-24 0.3972788 -0.05992455 0.02648091 0.3865282 -0.0516852 -3.790095E-21 0.3918954 -0.04623359 0.02340461 0.3893814 -0.04778157 0.02848951 0.3732976 -0.03953939 -2.191209E-20 0.3790691 -0.03253306 0.02344371 0.3756546 -0.03413869 0.02420526 0.3589724 -0.03214291 0.01910244 0.36154 -0.02525073 -3.813182E-20 0.3636875 -0.02059635 0.009133797 0.3507831 -0.01147641 -6.788865E-20 0.3507707 -0.00969299 -1.716821E-18 0.3477193 0.0008987702 0.02058103 0.3636874 -0.005603083 0.010485 0.3508082 -0.002160859 0.0147005 0.3507942 0.005924689 0.006857446 0.3509455 0.01067531 -2.566989E-17 0.3508101 0.01672124 0.01298298 0.3636874 0.01890701 -1.429025E-16 0.36154 0.03327041 0.0305744 0.36154 0.01102503 0.01974211 0.3790691 0.02874418 0.001489408 0.3755905 0.0434359 -1.331835E-16 0.3589724 0.04184006 0.00113443 0.3730033 0.0498384 0.009736594 0.3893814 0.05405238 0.009696961 0.3864665 0.05884626 0.0226253 0.3955181 0.05660678 0.0234741 0.393764 0.06120194 0.03851683 0.3960195 0.05418196 0.0276402 0.3918955 0.03915187 0.03566264 0.3972788 0.05024618 0.04578169 0.3955181 0.03984457 0.04988947 0.3937694 0.04208888 0.04736609 0.3893814 0.02681334 0.05242383 0.3866162 0.028053 0.0464712 0.3732849 0.0172006 0.03989121 0.3759666 0.01595574 0.03869589 0.358972 0.01374814 0.03193958 0.3790691 -0.00932639 0.04094791 0.3759666 0.01258633 0.03869589 0.358972 0.01374814 0.0472009 0.373285 0.01480647 0.05306929 0.3893814 0.00829931 0.05777344 0.3865777 0.01022586 0.06429106 0.3937694 -0.002367517 0.02615833 0.3756546 -0.0321685 0.02420526 0.3589724 -0.03214291 0.03044537 0.3732976 -0.03812505 0.05966063 0.3955181 -0.003053094 0.0394659 0.3893814 -0.03611796 0.04231239 0.386505 -0.04009585 0.06250707 0.3960195 -0.01887197 0.05128932 0.3955181 -0.03038646 0.05473663 0.393764 -0.03354115 0.04476841 0.3918954 -0.01343652 0.0578572 0.3972788 -0.01745229 -0.0164832 0.393764 -0.06163543 -0.01447195 0.395518 -0.0574175 -3.229395E-23 0.3960195 -0.06478634 -2.06163E-24 0.3972788 -0.05992455 -0.02648091 0.3865282 -0.0516852 -3.790095E-21 0.3918954 -0.04623359 -0.02340461 0.3893814 -0.04778157 -0.02848951 0.3732976 -0.03953939 -2.191209E-20 0.3790691 -0.03253306 -0.02344371 0.3756546 -0.03413869 -0.02420526 0.3589724 -0.03214291 -0.01910244 0.36154 -0.02525073 -3.813182E-20 0.3636875 -0.02059635 -0.009133797 0.3507831 -0.01147641 -6.788865E-20 0.3507707 -0.00969299 -1.716821E-18 0.3477193 0.0008987702 -0.02058103 0.3636874 -0.005603083 -0.010485 0.3508082 -0.002160859 -0.0147005 0.3507942 0.005924689 -0.006857446 0.3509455 0.01067531 -2.566989E-17 0.3508101 0.01672124 -0.01298298 0.3636874 0.01890701 -1.429025E-16 0.36154 0.03327041 -0.0305744 0.36154 0.01102503 -0.01974211 0.3790691 0.02874418 -0.001489408 0.3755905 0.0434359 -1.331835E-16 0.3589724 0.04184006 -0.00113443 0.3730033 0.0498384 -0.009736594 0.3893814 0.05405238 -0.009696961 0.3864665 0.05884626 -0.0226253 0.3955181 0.05660678 -0.0234741 0.393764 0.06120194 -0.03851683 0.3960195 0.05418196 -0.0276402 0.3918955 0.03915187 -0.03566264 0.3972788 0.05024618 -0.04578169 0.3955181 0.03984457 -0.04988947 0.3937694 0.04208888 -0.04736609 0.3893814 0.02681334 -0.05242383 0.3866162 0.028053 -0.0464712 0.3732849 0.0172006 -0.03989121 0.3759666 0.01595574 -0.03869589 0.358972 0.01374814 -0.03193958 0.3790691 -0.00932639 -0.04094791 0.3759666 0.01258633 -0.03869589 0.358972 0.01374814 -0.0472009 0.373285 0.01480647 -0.05306929 0.3893814 0.00829931 -0.05777344 0.3865777 0.01022586 -0.06429106 0.3937694 -0.002367517 -0.02615833 0.3756546 -0.0321685 -0.02420526 0.3589724 -0.03214291 -0.03044537 0.3732976 -0.03812505 -0.0394659 0.3893814 -0.03611796 -0.04231239 0.386505 -0.04009585 -0.04476841 0.3918954 -0.01343652 -0.05128932 0.3955181 -0.03038646 -0.05473663 0.393764 -0.03354115 -0.06250707 0.3960195 -0.01887197 -0.0578572 0.3972788 -0.01745229 -0.05966063 0.3955181 -0.003053094 0.03345589 0.2466782 0.1697433 0.03292272 0.2440332 0.1670514 0.03486576 0.2460323 0.1697334 0.03210823 0.2460841 0.1702289 0.034123 0.2435064 0.1670912 0.03177976 0.2435223 0.167439 0.03569746 0.2437067 0.1704918 0.03150852 0.2437855 0.1712447 0.03483886 0.241569 0.1678022 0.03127821 0.2415909 0.1683249 0.03600981 0.2409265 0.1715262 0.03147478 0.2410117 0.1723412 0.03511584 0.2392473 0.1687459 0.03126031 0.2392695 0.1693081 0.0362564 0.2377404 0.1727324 0.03154769 0.2378288 0.1735786 0.03532344 0.2365535 0.169761 0.0313343 0.2366062 0.1704198 0.03541283 0.2339226 0.1709551 0.03155821 0.2339468 0.1715222 0.03632931 0.2345575 0.1739698 0.03179429 0.2346427 0.1747848 0.03539356 0.2315983 0.171931 0.03183345 0.2316214 0.1724566 0.03629558 0.2317838 0.1750664 0.03210663 0.2318625 0.1758191 0.03489136 0.2296656 0.1728134 0.03254683 0.2296787 0.1731543 0.03569586 0.2294851 0.1760821 0.03293834 0.2295369 0.1765776 0.03374733 0.2291524 0.1731953 0.0343482 0.2288911 0.1765677 -0.0313343 0.2366062 0.1704198 -0.03154769 0.2378288 0.1735786 -0.03126031 0.2392695 0.1693081 -0.03155821 0.2339468 0.1715222 -0.03147478 0.2410117 0.1723412 -0.03179429 0.2346427 0.1747848 -0.03127821 0.2415909 0.1683249 -0.03183345 0.2316214 0.1724566 -0.03150852 0.2437855 0.1712447 -0.03210663 0.2318625 0.1758191 -0.03177976 0.2435223 0.167439 -0.03254683 0.2296787 0.1731543 -0.03210823 0.2460841 0.1702289 -0.03293834 0.2295369 0.1765776 -0.03292272 0.2440332 0.1670514 -0.03374733 0.2291524 0.1731953 -0.03345589 0.2466782 0.1697433 -0.0343482 0.2288911 0.1765677 -0.03486576 0.2460323 0.1697334 -0.03569586 0.2294851 0.1760821 -0.034123 0.2435064 0.1670912 -0.03489136 0.2296656 0.1728134 -0.03569746 0.2437067 0.1704918 -0.03629558 0.2317838 0.1750664 -0.03483886 0.241569 0.1678022 -0.03539356 0.2315983 0.171931 -0.03600981 0.2409265 0.1715262 -0.03632931 0.2345575 0.1739698 -0.03511584 0.2392473 0.1687459 -0.03541283 0.2339226 0.1709551 -0.0362564 0.2377404 0.1727324 -0.03532344 0.2365535 0.169761 -0.06523789 0.04691884 0.05666996 -0.08610596 0.03516021 0.05984093 -0.06523789 0.03519401 0.06370228 -0.04436989 0.03516021 0.05984093 -0.08412413 0.04617128 0.05310591 -0.1031041 0.03515461 0.04667953 -0.04635165 0.04617128 0.05310591 -0.02737164 0.03515461 0.04667954 -0.06523789 0.05741556 0.04286563 -0.09955253 0.04469066 0.04220518 -0.1143761 0.03485333 0.0259428 -0.08236443 0.05581256 0.04133373 -0.1089091 0.04616789 0.02339488 -0.1188877 0.03514124 2.678283E-05 -0.0947809 0.05267375 0.0362175 -0.06523789 0.06583959 0.02227638 -0.08308291 0.06404385 0.02171305 -0.09924499 0.05586825 0.0210709 -0.1124766 0.04688952 2.678264E-05 -0.1089091 0.0461679 -0.02334133 -0.1143761 0.03485334 -0.02588925 -0.1009261 0.05744811 2.678255E-05 -0.09955254 0.04469066 -0.04215163 -0.1031041 0.03515461 -0.046626 -0.09924501 0.05586826 -0.02101734 -0.09478091 0.05267376 -0.03616394 -0.08377359 0.06586288 2.678242E-05 -0.08308292 0.06404385 -0.0216595 -0.06523789 0.06760734 2.678226E-05 -0.08236444 0.05581257 -0.04128017 -0.06523789 0.06583959 -0.02222282 -0.08412414 0.04617128 -0.05305236 -0.08610597 0.03516021 -0.05978739 -0.06523789 0.05741556 -0.04281208 -0.06523789 0.04691884 -0.05661643 -0.06523789 0.03519401 -0.06364874 -0.04436988 0.03516021 -0.05978738 -0.04635165 0.04617128 -0.05305236 -0.02737164 0.03515461 -0.04662599 -0.04811134 0.05581257 -0.04128017 -0.03092321 0.04469066 -0.04215162 -0.01609967 0.03485334 -0.02588924 -0.04739286 0.06404385 -0.02165949 -0.03569487 0.05267376 -0.03616394 -0.02156665 0.04616789 -0.02334132 -0.01158808 0.03514124 2.678283E-05 -0.03123078 0.05586826 -0.02101734 -0.04670219 0.06586288 2.678242E-05 -0.01799911 0.04688952 2.678264E-05 -0.02954969 0.05744811 2.678255E-05 -0.04739286 0.06404385 0.02171306 -0.03123078 0.05586826 0.0210709 -0.02156665 0.04616789 0.02339488 -0.01609967 0.03485334 0.0259428 -0.03569487 0.05267375 0.0362175 -0.03092321 0.04469066 0.04220518 -0.04811134 0.05581256 0.04133373 4.661895E-21 0.1981102 0.1765835 -0.01452526 0.1891524 0.1819665 6.093175E-21 0.1893487 0.1831594 0.01452526 0.1891524 0.1819665 -0.01443319 0.1972004 0.1751509 -0.02651704 0.1883456 0.1781095 0.01443319 0.1972004 0.1751509 0.02651704 0.1883456 0.1781095 3.835847E-21 0.2062078 0.1660886 -0.02747194 0.1953302 0.172068 -0.03818624 0.1866399 0.1713762 -0.01464003 0.2049097 0.1655752 -0.03828559 0.1914484 0.1674177 -0.04623725 0.1863028 0.1567871 -0.02849889 0.200946 0.1634793 -0.03931775 0.1953618 0.1594044 -0.04022391 0.1971378 0.1503661 -0.04914816 0.1860002 0.1421044 -0.02896949 0.2037813 0.1520664 -0.01478227 0.2082857 0.1529899 -0.04071028 0.1965982 0.139715 -0.04530524 0.1857701 0.1279399 -0.0289916 0.2040018 0.1394314 -0.03928615 0.1946624 0.127837 -0.03391347 0.1855058 0.1147252 -0.01497765 0.2087745 0.1390459 -0.02839436 0.2001389 0.1267931 -0.02733477 0.1945321 0.1181097 -0.01622105 0.1854883 0.1069931 -0.01514234 0.2049863 0.1255342 -0.01478912 0.1968931 0.1142157 1.488039E-21 0.1853084 0.1048575 1.086231E-21 0.2066579 0.1247345 3.19958E-20 0.198175 0.1131293 0.01478912 0.1968931 0.1142157 0.01622105 0.1854883 0.1069931 1.120559E-21 0.2105198 0.1389428 0.02733477 0.1945321 0.1181097 0.03391347 0.1855058 0.1147252 0.01514234 0.2049863 0.1255342 0.01497765 0.2087745 0.1390459 2.29276E-21 0.2099887 0.1533791 0.01478227 0.2082857 0.1529899 0.01464003 0.2049097 0.1655752 0.02896949 0.2037813 0.1520664 0.02747194 0.1953302 0.172068 0.03818624 0.1866399 0.1713762 0.02849889 0.200946 0.1634793 0.03828559 0.1914484 0.1674177 0.04623725 0.1863028 0.1567871 0.03931775 0.1953618 0.1594044 0.04022391 0.1971378 0.1503661 0.04914816 0.1860002 0.1421044 0.0289916 0.2040018 0.1394314 0.04071028 0.1965982 0.139715 0.04530524 0.1857701 0.1279399 0.02839436 0.2001389 0.1267931 0.03928615 0.1946624 0.127837 0.06523789 0.03519401 0.06370228 0.08610596 0.03516021 0.05984093 0.06523789 0.04691884 0.05666996 0.04436989 0.03516021 0.05984093 0.08412413 0.04617128 0.05310591 0.1031041 0.03515461 0.04667953 0.04635165 0.04617128 0.05310591 0.02737164 0.03515461 0.04667954 0.06523789 0.05741556 0.04286563 0.09955253 0.04469066 0.04220518 0.1143761 0.03485333 0.0259428 0.08236443 0.05581256 0.04133373 0.1089091 0.04616789 0.02339488 0.1188877 0.03514124 2.678283E-05 0.0947809 0.05267375 0.0362175 0.06523789 0.06583959 0.02227638 0.08308291 0.06404385 0.02171305 0.09924499 0.05586825 0.0210709 0.1124766 0.04688952 2.678264E-05 0.1089091 0.0461679 -0.02334133 0.1143761 0.03485334 -0.02588925 0.1009261 0.05744811 2.678255E-05 0.09955254 0.04469066 -0.04215163 0.1031041 0.03515461 -0.046626 0.09924501 0.05586826 -0.02101734 0.09478091 0.05267376 -0.03616394 0.08377359 0.06586288 2.678242E-05 0.08308292 0.06404385 -0.0216595 0.06523789 0.06760734 2.678226E-05 0.08236444 0.05581257 -0.04128017 0.06523789 0.06583959 -0.02222282 0.08412414 0.04617128 -0.05305236 0.08610597 0.03516021 -0.05978739 0.06523789 0.05741556 -0.04281208 0.06523789 0.04691884 -0.05661643 0.06523789 0.03519401 -0.06364874 0.04436988 0.03516021 -0.05978738 0.04635165 0.04617128 -0.05305236 0.02737164 0.03515461 -0.04662599 0.04811134 0.05581257 -0.04128017 0.03092321 0.04469066 -0.04215162 0.01609967 0.03485334 -0.02588924 0.04739286 0.06404385 -0.02165949 0.03569487 0.05267376 -0.03616394 0.02156665 0.04616789 -0.02334132 0.01158808 0.03514124 2.678283E-05 0.03123078 0.05586826 -0.02101734 0.04670219 0.06586288 2.678242E-05 0.01799911 0.04688952 2.678264E-05 0.02954969 0.05744811 2.678255E-05 0.04739286 0.06404385 0.02171306 0.03123078 0.05586826 0.0210709 0.02156665 0.04616789 0.02339488 0.01609967 0.03485334 0.0259428 0.03569487 0.05267375 0.0362175 0.03092321 0.04469066 0.04220518 0.04811134 0.05581256 0.04133373 0.01609967 0.03485334 -0.02588924 0.01119321 0.02022549 2.67827E-05 0.01158808 0.03514124 2.678283E-05 0.01609967 0.03485334 0.0259428 0.01575585 0.02053476 -0.02601698 0.02737164 0.03515461 -0.04662599 0.01575585 0.02053476 0.02607054 0.02737164 0.03515461 0.04667954 0.02711071 0.02022549 -0.04696603 0.04436988 0.03516021 -0.05978738 0.02711072 0.02022549 0.04701958 0.04436989 0.03516021 0.05984093 0.04427047 0.02022549 -0.06024492 0.06523789 0.03519401 -0.06364874 0.04427047 0.02022549 0.06029847 0.06523789 0.03519401 0.06370228 0.06523789 0.02022549 -0.06406327 0.06523789 0.02022549 0.06411681 0.08620531 0.02022549 -0.06024493 0.08610597 0.03516021 -0.05978739 0.06523789 0.01012683 -0.05835519 0.1033651 0.02022549 -0.04696603 0.1031041 0.03515461 -0.046626 0.08455151 0.01011403 -0.05472615 0.04592429 0.01011403 -0.05472615 0.1147199 0.02053476 -0.02601699 0.1143761 0.03485334 -0.02588925 0.1004893 0.01016315 -0.04333044 0.06523789 0.003284606 -0.04748253 0.08296309 0.003284606 -0.04528511 0.02998645 0.01016315 -0.04333043 0.04751269 0.003284606 -0.04528511 0.0202309 0.01012092 -0.02388099 0.03553576 0.003284606 -0.03640582 0.05242118 0.0010321 -0.03088543 0.01649015 0.01006679 2.678268E-05 0.0279444 0.003284606 -0.02180764 0.02023091 0.01012092 0.02393455 0.02564258 0.003284606 2.678259E-05 0.02998646 0.01016315 0.04338399 0.04312926 0.0010321 -0.02705668 0.03978855 0.0010321 -0.01572167 0.0518835 0.0010321 -0.01620222 0.03853049 0.0010321 2.678077E-05 0.05136663 0.0010321 2.678067E-05 0.03978855 0.0010321 0.01577523 0.0279444 0.003284606 0.0218612 0.0518835 0.0010321 0.01625578 0.03553576 0.003284606 0.03645938 0.04312927 0.0010321 0.02711024 0.05242118 0.0010321 0.03093899 0.04751269 0.003284606 0.04533866 0.04592429 0.01011403 0.0547797 0.06523789 0.003284606 0.04753608 0.06523789 0.01012683 0.05840874 0.06523789 0.0010321 0.03208539 0.0862053 0.02022549 0.06029847 0.08610596 0.03516021 0.05984093 0.06523789 0.0010321 0.01667735 0.1033651 0.02022549 0.04701957 0.1031041 0.03515461 0.04667953 0.0845515 0.01011403 0.0547797 0.1147199 0.02053476 0.02607054 0.1143761 0.03485333 0.0259428 0.1004893 0.01016315 0.04338399 0.08296309 0.003284606 0.04533866 0.0780546 0.0010321 0.03093898 0.09494001 0.003284606 0.03645938 0.1102448 0.01012092 0.02393454 0.1192826 0.0202255 2.67827E-05 0.1188877 0.03514124 2.678283E-05 0.1102449 0.01012092 -0.023881 0.1139856 0.01006679 2.678268E-05 0.1048332 0.003284606 2.678259E-05 0.1025314 0.003284606 0.0218612 0.08734652 0.0010321 0.02711024 0.09068722 0.0010321 0.01577523 0.07859228 0.0010321 0.01625578 0.09194528 0.0010321 2.678077E-05 0.06523789 0.0010321 2.678056E-05 0.07910915 0.0010321 2.678067E-05 0.06523789 0.0010321 -0.01662379 0.07859229 0.0010321 -0.01620222 0.09068724 0.0010321 -0.01572167 0.06523789 0.0010321 -0.03203183 0.07805461 0.0010321 -0.03088543 0.08734652 0.0010321 -0.02705668 0.1025314 0.003284606 -0.02180764 0.09494002 0.003284606 -0.03640582 -0.01119321 0.02022549 2.67827E-05 -0.01609967 0.03485334 -0.02588924 -0.01158808 0.03514124 2.678283E-05 -0.01609967 0.03485334 0.0259428 -0.01575585 0.02053476 -0.02601698 -0.02737164 0.03515461 -0.04662599 -0.01575585 0.02053476 0.02607054 -0.02737164 0.03515461 0.04667954 -0.02711071 0.02022549 -0.04696603 -0.04436988 0.03516021 -0.05978738 -0.02711072 0.02022549 0.04701958 -0.04436989 0.03516021 0.05984093 -0.04427047 0.02022549 -0.06024492 -0.06523789 0.03519401 -0.06364874 -0.04427047 0.02022549 0.06029847 -0.06523789 0.03519401 0.06370228 -0.06523789 0.02022549 -0.06406327 -0.06523789 0.02022549 0.06411681 -0.08620531 0.02022549 -0.06024493 -0.08610597 0.03516021 -0.05978739 -0.0862053 0.02022549 0.06029847 -0.08610596 0.03516021 0.05984093 -0.06523789 0.01012683 0.05840874 -0.1033651 0.02022549 0.04701957 -0.1031041 0.03515461 0.04667953 -0.0845515 0.01011403 0.0547797 -0.04592429 0.01011403 0.0547797 -0.06523789 0.003284606 0.04753608 -0.02998646 0.01016315 0.04338399 -0.04751269 0.003284606 0.04533866 -0.02023091 0.01012092 0.02393455 -0.03553576 0.003284606 0.03645938 -0.05242118 0.0010321 0.03093899 -0.0279444 0.003284606 0.0218612 -0.04312927 0.0010321 0.02711024 -0.01649015 0.01006679 2.678268E-05 -0.02564258 0.003284606 2.678259E-05 -0.0202309 0.01012092 -0.02388099 -0.03978855 0.0010321 0.01577523 -0.02998645 0.01016315 -0.04333043 -0.0279444 0.003284606 -0.02180764 -0.04592429 0.01011403 -0.05472615 -0.03553576 0.003284606 -0.03640582 -0.04751269 0.003284606 -0.04528511 -0.06523789 0.01012683 -0.05835519 -0.06523789 0.003284606 -0.04748253 -0.05242118 0.0010321 -0.03088543 -0.08455151 0.01011403 -0.05472615 -0.1033651 0.02022549 -0.04696603 -0.1031041 0.03515461 -0.046626 -0.08296309 0.003284606 -0.04528511 -0.1147199 0.02053476 -0.02601699 -0.1143761 0.03485334 -0.02588925 -0.1004893 0.01016315 -0.04333044 -0.1192826 0.0202255 2.67827E-05 -0.1188877 0.03514124 2.678283E-05 -0.1143761 0.03485333 0.0259428 -0.1102449 0.01012092 -0.023881 -0.09494002 0.003284606 -0.03640582 -0.1147199 0.02053476 0.02607054 -0.1139856 0.01006679 2.678268E-05 -0.1004893 0.01016315 0.04338399 -0.1102448 0.01012092 0.02393454 -0.08296309 0.003284606 0.04533866 -0.09494001 0.003284606 0.03645938 -0.0780546 0.0010321 0.03093898 -0.06523789 0.0010321 0.03208539 -0.08734652 0.0010321 0.02711024 -0.06523789 0.0010321 0.01667735 -0.1025314 0.003284606 0.0218612 -0.07859228 0.0010321 0.01625578 -0.09068722 0.0010321 0.01577523 -0.1048332 0.003284606 2.678259E-05 -0.07910915 0.0010321 2.678067E-05 -0.1025314 0.003284606 -0.02180764 -0.09194528 0.0010321 2.678077E-05 -0.09068724 0.0010321 -0.01572167 -0.08734652 0.0010321 -0.02705668 -0.07805461 0.0010321 -0.03088543 -0.07859229 0.0010321 -0.01620222 -0.06523789 0.0010321 2.678056E-05 -0.06523789 0.0010321 -0.03203183 -0.06523789 0.0010321 -0.01662379 -0.0518835 0.0010321 0.01625578 -0.0518835 0.0010321 -0.01620222 -0.05136663 0.0010321 2.678067E-05 -0.03853049 0.0010321 2.678077E-05 -0.03978855 0.0010321 -0.01572167 -0.04312926 0.0010321 -0.02705668</float_array>
                    <technique_common>
                        <accessor count="1119" offset="0" source="pm0285_00_00_body_mesh_shape_body_b-geometry-POSITION-array" stride="3">
                            <param name="X" type="float" />
                            <param name="Y" type="float" />
                            <param name="Z" type="float" />
                        </accessor>
                    </technique_common>
                </source>
                <source id="pm0285_00_00_body_mesh_shape_body_b-geometry-NORMAL">
                    <float_array id="pm0285_00_00_body_mesh_shape_body_b-geometry-NORMAL-array" count="2631">-0.00446701 -0.007995605 -0.9995117 0 0.004356384 -0.9995117 0 -0.03610229 -0.9990234 -0.1067505 0.03034973 -0.9936523 -0.03074646 0.0390625 -0.9985352 -0.230835 0.300293 -0.925293 0.1784668 0.2230225 -0.9580078 0.1096191 0.4216309 -0.8999023 -0.3432617 0.6850586 -0.6420898 -0.4260254 0.08978271 -0.8999023 -0.8061523 0.5366211 -0.2476807 -0.9213867 0.3520508 -0.163208 -0.9902344 -0.07672119 -0.1123657 -0.9907227 -0.1324463 0.02958679 -0.9584961 -0.197876 0.2033691 -0.6850586 -0.7060547 -0.1773682 -0.4545898 -0.7973633 -0.3959961 -0.7988281 -0.5473633 0.2479248 -0.8691406 -0.2463379 0.4279785 -0.7255859 -0.6870117 0.02345276 -0.4750977 -0.8320313 -0.2849121 -0.4084473 -0.809082 -0.4221191 -0.4064941 -0.8129883 -0.4160156 -0.5424805 -0.8393555 0.01589966 -0.373291 -0.8789063 -0.2961426 -0.3735352 -0.8588867 -0.3496094 0 -0.9794922 -0.2010498 0 -0.9726563 -0.2320557 -0.3012695 -0.9526367 0.0333252 0 -0.9970703 0.07543945 0 -0.9770508 0.2109375 -0.5654297 -0.793457 0.223999 -0.2893066 -0.9331055 0.2111816 -0.2802734 -0.8378906 0.4675293 0 -0.8740234 0.4851074 0 -0.6298828 0.7763672 -0.5698242 -0.6655273 0.480957 -0.2807617 -0.5224609 0.8046875 0 -0.2258301 0.9741211 -0.7602539 -0.4204102 0.4943848 -0.5825195 -0.2340088 0.777832 -0.4328613 -0.2988281 0.8500977 -0.3007813 -0.1732178 0.9375 0 0.009666443 0.9995117 0.00446701 -0.007995605 -0.9995117 0.1067505 0.03034973 -0.9936523 0.03074646 0.0390625 -0.9985352 0.230835 0.300293 -0.925293 -0.1784668 0.2230225 -0.9580078 -0.1096191 0.4216309 -0.8999023 0.3432617 0.6850586 -0.6420898 0.4260254 0.08978271 -0.8999023 0.8061523 0.5366211 -0.2476807 0.9213867 0.3520508 -0.163208 0.9902344 -0.07672119 -0.1123657 0.9907227 -0.1324463 0.02957153 0.9584961 -0.197876 0.2033691 0.6850586 -0.7060547 -0.1773682 0.4545898 -0.7973633 -0.3959961 0.7988281 -0.5473633 0.2479248 0.8691406 -0.2463379 0.4279785 0.7255859 -0.6870117 0.02345276 0.4750977 -0.8320313 -0.2849121 0.4084473 -0.809082 -0.4221191 0.4064941 -0.8129883 -0.4160156 0.5424805 -0.8393555 0.01589966 0.373291 -0.8789063 -0.2961426 0.3735352 -0.8588867 -0.3496094 0.3012695 -0.9526367 0.0333252 0.5654297 -0.793457 0.223999 0.2893066 -0.9331055 0.2111816 0.2802734 -0.8378906 0.4675293 0.5698242 -0.6655273 0.480957 0.2807617 -0.5224609 0.8046875 0.7602539 -0.4204102 0.4943848 0.5825195 -0.2340088 0.777832 0.4328613 -0.2988281 0.8500977 0.3007813 -0.1732178 0.9375 0.9458008 0.3239746 6.759167E-05 0.7910156 0.6074219 0.06414795 0.8139648 0.5800781 -0.001155853 0.9199219 0.3017578 0.2490234 0.9560547 0.2927246 0 0.715332 0.6025391 0.3520508 0.9233398 0.291748 0.2480469 0.9365234 0.3498535 0.0003106594 0.8266602 0.2949219 0.4782715 0.7124023 0.565918 0.4138184 0.6728516 0.5898438 0.4458008 0.8276367 0.2932129 0.4777832 0.6811523 0.2895508 0.671875 0.4650879 0.605957 0.6445313 0.9038086 0.3513184 0.2423096 0.909668 0.4143066 0.004451752 0.8095703 0.3537598 0.4672852 0.8754883 0.4199219 0.2373047 0.8540039 0.5195313 0.009048462 0.6606445 0.354248 0.6611328 0.7871094 0.4150391 0.4555664 0.8222656 0.5219727 0.2260742 0.6748047 0.2990723 0.6738281 0.7636719 0.6103516 0.208252 0.7895508 0.612793 0.008827209 0.7021484 0.7119141 0.004787445 0.534668 0.2961426 0.7910156 0.4250488 0.5805664 0.6938477 0.333252 0.6499023 0.6821289 0.5483398 0.3029785 0.7792969 0.340332 0.3425293 0.8754883 0.3825684 0.2744141 0.8818359 0.2304688 0.3537598 0.90625 0.09350586 0.6445313 0.7587891 0.3232422 0.2739258 0.9052734 0.09613037 0.3334961 0.9375 0 0.5917969 0.8056641 0.2039795 0.2900391 0.9345703 0.3217773 0.2724609 0.90625 0.3811035 0.2741699 0.8828125 0.2419434 0.2866211 0.9267578 0.2180176 0.3215332 0.9213867 0.3959961 0.3181152 0.8608398 0.1811523 0.3303223 0.9257813 0.3937988 0.7138672 0.5786133 0.3046875 0.6210938 0.7216797 0.1269531 0.300293 0.9448242 0.1759033 0.3530273 0.918457 0.2895508 0.5976563 0.7470703 0.130249 0.3464355 0.9287109 0.2976074 0.6123047 0.7319336 0 0.326416 0.9448242 0.1337891 0.3508301 0.9267578 0.3078613 0.6464844 0.6977539 0 0.3056641 0.9516602 0 0.4194336 0.9072266 0 0.6948242 0.71875 -0.3078613 0.6464844 0.6977539 -0.1337891 0.3508301 0.9267578 -0.2976074 0.6123047 0.7319336 -0.130249 0.3464355 0.9287109 -0.2895508 0.5976563 0.7470703 -0.1269531 0.300293 0.9448242 -0.1759033 0.3530273 0.918457 -0.3046875 0.6210938 0.7216797 -0.1811523 0.3303223 0.9257813 -0.3937988 0.7138672 0.5786133 -0.2180176 0.3215332 0.9213867 -0.2039795 0.2900391 0.9345703 -0.2419434 0.2866211 0.9267578 -0.09613037 0.3334961 0.9375 -0.09350586 0.6445313 0.7587891 -0.3217773 0.2724609 0.90625 -0.2304688 0.3537598 0.90625 -0.333252 0.6499023 0.6821289 -0.3232422 0.2739258 0.9052734 -0.340332 0.3425293 0.8754883 -0.534668 0.2961426 0.7910156 -0.4250488 0.5805664 0.6938477 -0.3825684 0.2744141 0.8818359 -0.4650879 0.605957 0.6445313 -0.3811035 0.2741699 0.8828125 -0.6811523 0.2895508 0.671875 -0.6728516 0.5898438 0.4458008 -0.5483398 0.3029785 0.7792969 -0.6748047 0.2990723 0.6738281 -0.8266602 0.2949219 0.4782715 -0.7124023 0.565918 0.4138184 -0.715332 0.6025391 0.3520508 -0.8276367 0.2932129 0.4777832 -0.9199219 0.3017578 0.2490234 -0.7910156 0.6074219 0.06414795 -0.9458008 0.3239746 6.759167E-05 -0.8139648 0.5800781 -0.001155853 -0.9560547 0.2927246 0 -0.9233398 0.291748 0.2480469 -0.9365234 0.3498535 0.0003106594 -0.9038086 0.3513184 0.2423096 -0.909668 0.4143066 0.004451752 -0.8095703 0.3537598 0.4672852 -0.8754883 0.4199219 0.2373047 -0.8540039 0.5195313 0.009048462 -0.6606445 0.354248 0.6611328 -0.7871094 0.4150391 0.4555664 -0.8222656 0.5219727 0.2260742 -0.7636719 0.6103516 0.208252 -0.7895508 0.612793 0.008827209 -0.7021484 0.7119141 0.004787445 -0.746582 0.515625 0.4199219 -0.6816406 0.7070313 0.1872559 -0.605957 0.7949219 0.001671791 -0.6943359 0.6103516 0.3806152 -0.6245117 0.7045898 0.3364258 -0.5922852 0.7895508 0.1590576 -0.5063477 0.8618164 -0.001636505 -0.5429688 0.7880859 0.2880859 -0.4938965 0.8598633 0.1274414 -0.4448242 0.8955078 -0.001974106 -0.4350586 0.8935547 0.1067505 -0.3825684 0.8984375 0.2145996 -0.4450684 0.862793 0.2387695 -0.3657227 0.8691406 0.331543 -0.3190918 0.9013672 0.291748 -0.451416 0.7963867 0.4020996 -0.248291 0.8764648 0.411377 -0.2143555 0.9052734 0.3654785 -0.1289063 0.9038086 0.4074707 -0.3103027 0.8125 0.4926758 -0.1335449 0.878418 0.4580078 0 0.9013672 0.432373 -0.3781738 0.7285156 0.5708008 -0.1595459 0.824707 0.5419922 0 0.8789063 0.4760742 -0.5288086 0.7070313 0.46875 -0.5952148 0.6132813 0.5185547 -0.4274902 0.6567383 0.6206055 -0.1938477 0.7514648 0.6298828 -0.6411133 0.4851074 0.59375 -0.5253906 0.5522461 0.6464844 -0.6533203 0.3930664 0.6464844 -0.5415039 0.4394531 0.7158203 -0.3693848 0.5917969 0.7158203 -0.5332031 0.3493652 0.7700195 -0.5336914 0.3676758 0.7607422 -0.3959961 0.3181152 0.8608398 -0.4042969 0.3376465 0.8496094 -0.3098145 0.2946777 0.9038086 -0.1326904 0.1265869 0.9829102 -0.06787109 0.1402588 0.9873047 -0.2507324 0.3056641 0.9179688 -0.1329346 0.2453613 0.9599609 -0.05905151 0.1313477 0.9892578 0.01789856 0.02391052 0.9995117 -0.09680176 0.2120361 0.972168 0.03656006 0.005420685 0.9990234 0.0770874 -0.04421997 0.9956055 -0.1407471 0.2670898 0.953125 -0.05734253 0.1773682 0.9824219 0.1020508 -0.09301758 0.9902344 -0.107666 0.2709961 0.9560547 -0.04055786 0.1713867 0.9838867 0 -0.1263428 0.9916992 -0.1298828 0.2897949 0.9477539 0 0.2330322 0.972168 -0.1017456 0.3110352 0.9448242 -0.1623535 0.2854004 0.9443359 0.04055786 0.1713867 0.9838867 -0.1020508 -0.09301758 0.9902344 -0.2087402 0.3134766 0.9262695 0.05734253 0.1773682 0.9824219 -0.0770874 -0.04421997 0.9956055 -0.1650391 0.4643555 0.8701172 0.09680176 0.2120361 0.972168 -0.03656006 0.005420685 0.9990234 -0.01789856 0.02391052 0.9995117 0.107666 0.2709961 0.9560547 0.1329346 0.2453613 0.9599609 0.05905151 0.1313477 0.9892578 0.06787109 0.1402588 0.9873047 0.1407471 0.2670898 0.953125 0.3098145 0.2946777 0.9038086 0.1326904 0.1265869 0.9829102 0.2507324 0.3056641 0.9179688 0.4042969 0.3376465 0.8496094 0.1623535 0.2854004 0.9443359 0.5332031 0.3493652 0.7700195 0.1298828 0.2897949 0.9477539 0.6533203 0.3930664 0.6464844 0.5336914 0.3676758 0.7607422 0.6411133 0.4851074 0.59375 0.4125977 0.3481445 0.8413086 0.5415039 0.4394531 0.7158203 0.296875 0.3371582 0.8930664 0.746582 0.515625 0.4199219 0.6943359 0.6103516 0.3806152 0.2087402 0.3134766 0.9262695 0.6245117 0.7045898 0.3364258 0.1650391 0.4643555 0.8701172 0.5952148 0.6132813 0.5185547 0.5253906 0.5522461 0.6464844 0.5288086 0.7070313 0.46875 0.4274902 0.6567383 0.6206055 0.3693848 0.5917969 0.7158203 0.6816406 0.7070313 0.1872559 0.605957 0.7949219 0.001671791 0.5429688 0.7880859 0.2880859 0.5922852 0.7895508 0.1590576 0.5063477 0.8618164 -0.001636505 0.451416 0.7963867 0.4020996 0.4938965 0.8598633 0.1274414 0.4448242 0.8955078 -0.001974106 0.4350586 0.8935547 0.1067505 0.3825684 0.8984375 0.2145996 0.4450684 0.862793 0.2387695 0.3657227 0.8691406 0.331543 0.3190918 0.9013672 0.291748 0.3781738 0.7285156 0.5708008 0.3103027 0.8125 0.4926758 0.248291 0.8764648 0.411377 0.2143555 0.9052734 0.3654785 0.1289063 0.9038086 0.4074707 0.1335449 0.878418 0.4580078 0.1595459 0.824707 0.5419922 0 0.8286133 0.559082 0.1938477 0.7514648 0.6298828 0.2163086 0.6860352 0.6938477 0 0.7583008 0.6513672 -0.2163086 0.6860352 0.6938477 0 0.6977539 0.7158203 0.2519531 0.5546875 0.7924805 0.1182251 0.5927734 0.7963867 0.4123535 0.4069824 0.8144531 0.2685547 0.190918 0.9438477 0.4172363 0.3220215 0.8496094 0.2922363 0.1503906 0.9443359 0.2956543 0.3452148 0.890625 0.3010254 0.3452148 0.8886719 0.237915 0.3400879 0.909668 0.2207031 0.3544922 0.9082031 0.07720947 0.4404297 0.894043 0.2299805 0.3505859 0.9077148 -0.006839752 0.3977051 0.9169922 0.1126709 0.8286133 0.5478516 -0.3852539 0.6513672 0.6533203 -0.6591797 0.3679199 0.6547852 0.2548828 0.4372559 0.8623047 -0.0435791 0.3654785 0.9296875 -0.7128906 0.2536621 0.6533203 0.6147461 0.6337891 0.4689941 -0.04760742 0.3557129 0.9331055 -0.7241211 0.2154541 0.6542969 -0.7211914 0.1824951 0.6679688 -0.04263306 0.3461914 0.9370117 -0.6694336 0.09692383 0.7363281 0.2166748 0.3532715 0.909668 -0.002822876 0.3173828 0.9477539 -0.3757324 -0.1013794 0.9208984 0.2039795 0.3547363 0.9121094 0.08538818 0.2775879 0.956543 0.1641846 -0.2700195 0.9482422 0.1777344 0.3679199 0.9125977 0.1756592 0.251709 0.9516602 0.1622314 0.425293 0.8901367 0.2629395 0.2744141 0.9248047 0.6713867 -0.1245728 0.7299805 0.1542969 0.3796387 0.9116211 0.1206665 0.05993652 0.9907227 0.1424561 0.3666992 0.9189453 0.3442383 0.3110352 0.8857422 0.8911133 0.06359863 0.4482422 0.1411133 0.3618164 0.9213867 0.3786621 0.3383789 0.8613281 0.9189453 0.1483154 0.364502 0.09881592 0.3693848 0.9238281 0.3823242 0.3474121 0.855957 0.9179688 0.1816406 0.3515625 0.9091797 0.2198486 0.3530273 0.1416016 0.3581543 0.9223633 0.3776855 0.357666 0.8540039 0.8642578 0.3371582 0.3723145 0.1268311 0.3464355 0.9291992 0.3400879 0.3911133 0.8549805 0.1186523 0.3398438 0.9326172 0.109314 0.3486328 0.9306641 0.1017456 0.3110352 0.9448242 0 0.3632813 0.9316406 0 0.208374 0.9780273 -0.109314 0.3486328 0.9306641 -0.09881592 0.3693848 0.9238281 0.1448975 0.03482056 0.9887695 0 0.5698242 0.8212891 0 -0.01420593 0.9995117 -0.1448975 0.03482056 0.9887695 -0.1182251 0.5927734 0.7963867 -0.1206665 0.05993652 0.9907227 -0.2685547 0.190918 0.9438477 -0.2519531 0.5546875 0.7924805 -0.4123535 0.4069824 0.8144531 -0.2922363 0.1503906 0.9443359 -0.4172363 0.3220215 0.8496094 -0.4125977 0.3481445 0.8413086 -0.2956543 0.3452148 0.890625 -0.296875 0.3371582 0.8930664 -0.3010254 0.3452148 0.8886719 -0.237915 0.3400879 0.909668 -0.07720947 0.4404297 0.894043 -0.2299805 0.3505859 0.9077148 -0.1127319 0.8286133 0.5478516 0.006839752 0.3977051 0.9169922 0.3852539 0.6513672 0.6533203 0.6591797 0.3679199 0.6547852 -0.2548828 0.4372559 0.8623047 -0.6147461 0.6337891 0.4689941 0.0435791 0.3654785 0.9296875 0.7128906 0.2536621 0.6533203 -0.3400879 0.3911133 0.8549805 -0.8642578 0.3371582 0.3723145 -0.1186523 0.3398438 0.9326172 -0.1268311 0.3464355 0.9291992 -0.3776855 0.357666 0.8540039 -0.9091797 0.2198486 0.3530273 -0.1416016 0.3581543 0.9223633 -0.3823242 0.3474121 0.855957 -0.9179688 0.1816406 0.3515625 -0.9189453 0.1483154 0.364502 -0.3786621 0.3383789 0.8613281 -0.8911133 0.06359863 0.4482422 -0.1411133 0.3618164 0.9213867 -0.3442383 0.3110352 0.8857422 -0.6713867 -0.1245728 0.7299805 -0.1424561 0.3666992 0.9189453 -0.2629395 0.2744141 0.9248047 -0.1641846 -0.2700195 0.9482422 -0.1542969 0.3796387 0.9116211 -0.1622314 0.425293 0.8901367 -0.1756592 0.251709 0.9516602 -0.1777344 0.3679199 0.9125977 -0.08538818 0.2775879 0.956543 0.3757324 -0.1013794 0.9208984 -0.2039795 0.3547363 0.9121094 0.002822876 0.3173828 0.9477539 0.6694336 0.09692383 0.7363281 -0.2166748 0.3532715 0.909668 0.04263306 0.3461914 0.9370117 0.7211914 0.1824951 0.6679688 -0.2207031 0.3544922 0.9082031 0.04760742 0.3557129 0.9331055 0.7241211 0.2154541 0.6542969 0.7875977 0.6118164 -0.06811523 0.9204102 0.3012695 -0.2489014 0.7192383 0.5947266 -0.3581543 0.8266602 0.2946777 -0.4782715 0.7109375 0.5712891 -0.4091797 0.6611328 0.605957 -0.4416504 0.9233398 0.291748 -0.2481689 0.6757813 0.2873535 -0.6782227 0.449707 0.6196289 -0.6430664 0.8276367 0.2929688 -0.4780273 0.4736328 0.310791 -0.8237305 0.3999023 0.5942383 -0.6972656 0.3361816 0.6298828 -0.699707 0.6728516 0.2912598 -0.6796875 0.2590332 0.2961426 -0.9189453 0.09259033 0.6176758 -0.7802734 0.4814453 0.2856445 -0.828125 0.6611328 0.3503418 -0.6630859 0 0.3327637 -0.9428711 0 0.5810547 -0.8134766 -0.09259033 0.6176758 -0.7802734 0.2568359 0.2824707 -0.9238281 0.4707031 0.3503418 -0.8095703 0.2521973 0.3525391 -0.9008789 0 0.2819824 -0.9589844 0 0.3532715 -0.9350586 -0.2568359 0.2824707 -0.9238281 -0.2590332 0.2961426 -0.9189453 -0.3361816 0.6298828 -0.699707 -0.2521973 0.3525391 -0.9008789 -0.4736328 0.310791 -0.8237305 -0.3999023 0.5942383 -0.6972656 -0.4814453 0.2856445 -0.828125 -0.449707 0.6196289 -0.6430664 0 0.4240723 -0.9052734 -0.6757813 0.2873535 -0.6782227 -0.6611328 0.605957 -0.4416504 0.2424316 0.4145508 -0.8769531 -0.8266602 0.2946777 -0.4782715 -0.7109375 0.5712891 -0.4091797 -0.7192383 0.5947266 -0.3581543 -0.6728516 0.2912598 -0.6796875 -0.8276367 0.2929688 -0.4780273 -0.9204102 0.3012695 -0.2489014 -0.7875977 0.6118164 -0.0680542 -0.9233398 0.291748 -0.2481689 -0.9047852 0.3496094 -0.2425537 -0.8105469 0.3515625 -0.4680176 -0.6611328 0.3503418 -0.6630859 -0.793457 0.3994141 -0.458252 -0.4707031 0.3503418 -0.8095703 -0.6479492 0.3981934 -0.6484375 -0.2424316 0.4145508 -0.8769531 -0.4575195 0.4020996 -0.7924805 0 0.4916992 -0.8706055 -0.2287598 0.4914551 -0.8398438 -0.434082 0.4951172 -0.7524414 -0.6132813 0.4992676 -0.6113281 -0.3967285 0.612793 -0.6831055 -0.559082 0.6162109 -0.5541992 -0.7490234 0.5063477 -0.4262695 -0.2102051 0.605957 -0.7666016 -0.6826172 0.6186523 -0.3886719 -0.8837891 0.4047852 -0.2344971 -0.8295898 0.5141602 -0.215332 -0.762207 0.6162109 -0.1975098 -0.6044922 0.7167969 -0.3461914 -0.6787109 0.7119141 -0.1777344 -0.4943848 0.7167969 -0.4909668 -0.5170898 0.8017578 -0.2988281 -0.5795898 0.7993164 -0.1561279 -0.3549805 0.7158203 -0.6005859 -0.4904785 0.8603516 -0.1368408 -0.4377441 0.890625 -0.1199341 -0.3869629 0.8930664 -0.2285156 -0.4362793 0.862793 -0.2539063 -0.362793 0.8613281 -0.3552246 -0.3239746 0.8925781 -0.3127441 -0.2169189 0.8964844 -0.3859863 -0.4272461 0.7983398 -0.4233398 -0.2558594 0.8632813 -0.4343262 -0.1182251 0.8984375 -0.4223633 -0.3088379 0.7978516 -0.5170898 -0.1396484 0.8647461 -0.4819336 0 0.8999023 -0.4353027 -0.1881104 0.7133789 -0.6743164 -0.1647949 0.7993164 -0.5771484 0 0.8657227 -0.500061 0 0.7988281 -0.6010742 0 0.7143555 -0.6992188 0 0.6035156 -0.796875 0.2102051 0.605957 -0.7666016 0.1881104 0.7133789 -0.6743164 0.1647949 0.7993164 -0.5771484 0.1396484 0.8647461 -0.4819336 0.1182251 0.8984375 -0.4223633 0.3088379 0.7978516 -0.5170898 0.2558594 0.8632813 -0.4343262 0.2169189 0.8964844 -0.3859863 0.3549805 0.7158203 -0.6005859 0.362793 0.8613281 -0.3552246 0.3239746 0.8925781 -0.3127441 0.3869629 0.8930664 -0.2285156 0.4272461 0.7983398 -0.4233398 0.4362793 0.862793 -0.2539063 0.4904785 0.8603516 -0.1368408 0.4377441 0.890625 -0.1199341 0.5795898 0.7993164 -0.1561279 0.5170898 0.8017578 -0.2988281 0.6787109 0.7119141 -0.1777344 0.4943848 0.7167969 -0.4909668 0.6044922 0.7167969 -0.3461914 0.762207 0.6162109 -0.1975098 0.3967285 0.612793 -0.6831055 0.559082 0.6162109 -0.5541992 0.6826172 0.6186523 -0.3886719 0.8295898 0.5141602 -0.215332 0.7490234 0.5063477 -0.4262695 0.8837891 0.4047852 -0.2344971 0.6132813 0.4992676 -0.6113281 0.793457 0.3994141 -0.458252 0.9047852 0.3496094 -0.2425537 0.8105469 0.3515625 -0.4680176 0.6479492 0.3981934 -0.6484375 0.434082 0.4951172 -0.7524414 0.4575195 0.4020996 -0.7924805 0.2287598 0.4914551 -0.8398438 0.4274902 0.8886719 -0.1640625 0 0.9599609 -0.279541 0.2012939 0.9501953 0.2373047 0 0.9731445 0.229248 0.7504883 0.6113281 0.2504883 0 0.7954102 0.6054688 0.3061523 0.7680664 0.5620117 0.7993164 0.3051758 0.5170898 0 0.6499023 0.7597656 0.3393555 0.5776367 0.7416992 0.7871094 0.1085205 0.6064453 -0.3908691 0.7470703 0.5371094 0 0.605957 0.7949219 -0.3173828 0.8388672 0.4414063 0 0.7529297 0.6572266 0 0.9995117 -0.003721237 -0.7578125 0.6049805 0.243042 -0.6274414 0.7519531 0.2004395 -0.5302734 0.8339844 -0.1508789 -0.3876953 0.7529297 -0.5307617 0 0.8320313 -0.5537109 -0.4655762 0.6064453 -0.644043 0 0.7397461 -0.6723633 -0.6357422 0.7456055 -0.1972656 -0.4494629 0.6450195 -0.6171875 -0.7114258 0.574707 -0.4042969 -0.9956055 0.08856201 0.006889343 -0.9584961 0.2666016 0.09643555 -0.5820313 0.7631836 -0.2788086 -0.7573242 0.5859375 0.2866211 -0.3041992 0.949707 -0.07147217 -0.2521973 0.8837891 0.3930664 0.1635742 0.9599609 0.2259521 -0.3591309 0.7905273 -0.4958496 -0.1343994 0.9731445 -0.1855469 0.02349854 0.9501953 -0.3105469 0.4316406 0.8935547 -0.1226196 -0.08972168 0.7651367 -0.637207 0.4553223 0.6181641 -0.6401367 0.347168 0.2907715 -0.8911133 -0.1688232 0.5771484 -0.7983398 0.2932129 0.1027832 -0.9501953 -0.7260742 0.6469727 0.2303467 -0.6005859 0.5742188 0.5551758 -0.2893066 0.1033936 0.9511719 -0.2133789 0.265625 0.9399414 -0.4492188 0.7631836 0.4633789 0.009033203 0.590332 0.8066406 0.2756348 0.8911133 0.3601074 -0.8105469 0.5751953 -0.1088257 -0.7866211 0.09118652 -0.6098633 -0.7050781 0.2788086 -0.6518555 -0.1678467 0.949707 0.2626953 -0.6274414 0.7666016 -0.1325684 -0.4445801 0.5878906 -0.675293 0.2666016 0.9599609 -0.08166504 -0.2858887 0.949707 -0.1253662 0.03289795 0.8862305 -0.4614258 -0.5805664 0.793457 0.1796875 -0.2191162 0.9731445 0.0670166 -0.4274902 0.8886719 -0.1640625 -0.2012939 0.9501953 0.2373047 -0.7504883 0.6113281 0.2504883 -0.3061523 0.7680664 0.5620117 -0.7993164 0.3051758 0.5170898 -0.3393555 0.5776367 0.7416992 -0.7871094 0.1085205 0.6064453 0.3908691 0.7470703 0.5371094 0.3173828 0.8388672 0.4414063 0.7578125 0.6049805 0.243042 0.6274414 0.7519531 0.2004395 0.5302734 0.8339844 -0.1508789 0.3876953 0.7529297 -0.5307617 0.4655762 0.6064453 -0.644043 0.6357422 0.7456055 -0.1972656 0.4494629 0.6450195 -0.6171875 0.7114258 0.574707 -0.4042969 0.9956055 0.08856201 0.006889343 0.9584961 0.2666016 0.09643555 0.5820313 0.7631836 -0.2788086 0.7573242 0.5859375 0.2866211 0.3041992 0.949707 -0.07147217 0.2521973 0.8837891 0.3930664 -0.1635742 0.9599609 0.2259521 0.3591309 0.7905273 -0.4958496 0.1343994 0.9731445 -0.1855469 -0.02349854 0.9501953 -0.3105469 -0.4316406 0.8935547 -0.1226196 0.08972168 0.7651367 -0.637207 -0.4553223 0.6181641 -0.6401367 -0.347168 0.2907715 -0.8911133 0.1688232 0.5771484 -0.7983398 -0.2932129 0.1027832 -0.9501953 0.7260742 0.6469727 0.2303467 0.6005859 0.5742188 0.5551758 0.2893066 0.1033936 0.9511719 0.2133789 0.265625 0.9399414 0.4492188 0.7631836 0.4633789 -0.009033203 0.590332 0.8066406 -0.2756348 0.8911133 0.3601074 0.8105469 0.5751953 -0.1088257 0.7866211 0.09118652 -0.6098633 0.7050781 0.2788086 -0.6518555 0.6274414 0.7666016 -0.1325684 0.4445801 0.5878906 -0.675293 0.5805664 0.793457 0.1796875 0.2858887 0.949707 -0.1253662 -0.03289795 0.8862305 -0.4614258 -0.2666016 0.9599609 -0.08166504 0.2191162 0.9731445 0.0670166 0.1678467 0.949707 0.2626953 0.1134644 -0.7192383 0.6850586 -0.7446289 -0.364502 0.5585938 0.8823242 -0.3925781 0.2578125 -0.9335938 -0.06756592 0.3515625 0.9941406 -0.1052856 0.001131058 -0.9555664 0.02253723 0.2927246 0.9975586 -0.01507568 -0.06164551 -0.9580078 0.05953979 0.2788086 0.996582 0.02166748 -0.07556152 -0.9580078 0.09893799 0.2687988 0.9941406 0.06051636 -0.08532715 -0.9438477 0.2036133 0.2590332 0.9814453 0.1657715 -0.09173584 -0.7866211 0.574707 0.223999 0.840332 0.5366211 -0.07403564 0.03466797 0.996582 0.07019043 -0.996582 0.02166748 -0.07556152 -0.9975586 -0.01507568 -0.06164551 -0.9941406 0.06051636 -0.08532715 -0.9941406 -0.1052856 0.001131058 -0.9814453 0.1657715 -0.09173584 -0.8823242 -0.3925781 0.2578125 -0.840332 0.5366211 -0.07403564 -0.1134644 -0.7192383 0.6850586 -0.03466797 0.996582 0.07019043 0.7446289 -0.364502 0.5585938 0.7866211 0.574707 0.223999 0.9335938 -0.06756592 0.3515625 0.9438477 0.2036133 0.2590332 0.9555664 0.02253723 0.2927246 0.9580078 0.09893799 0.2687988 0.9580078 0.05953979 0.2788086 0 0.668457 0.7431641 -0.3911133 0.2496338 0.8857422 0 0.2600098 0.965332 0.3911133 0.2496338 0.8857422 -0.3034668 0.6459961 0.699707 -0.7436523 0.2316895 0.6264648 0.3034668 0.6459961 0.699707 0.7436523 0.2316895 0.6264648 0 0.8710938 0.4902344 -0.6230469 0.5869141 0.5161133 -0.9233398 0.2247314 0.3105469 -0.2410889 0.8461914 0.4746094 -0.7685547 0.5908203 0.2440186 -0.9726563 0.2314453 0 -0.4919434 0.7700195 0.4057617 0 0.972168 0.2331543 -0.2575684 0.9414063 0.2156982 -0.546875 0.8129883 0.1975098 -0.796875 0.6035156 0 -0.7685547 0.5908203 -0.2440186 -0.9233398 0.2247314 -0.3105469 -0.5615234 0.8271484 0 -0.6230469 0.5869141 -0.5161133 -0.7436523 0.2316895 -0.6264648 -0.546875 0.8129883 -0.1975098 -0.4919434 0.7700195 -0.4057617 -0.2770996 0.9604492 0 -0.2575684 0.9414063 -0.2156982 0 1.000122 0 -0.2410889 0.8461914 -0.4746094 0 0.972168 -0.2331543 -0.3034668 0.6459961 -0.699707 -0.3911133 0.2496338 -0.8857422 0 0.8710938 -0.4902344 0 0.668457 -0.7431641 0 0.2600098 -0.965332 0.3911133 0.2496338 -0.8857422 0.3034668 0.6459961 -0.699707 0.7436523 0.2316895 -0.6264648 0.2410889 0.8461914 -0.4746094 0.6230469 0.5869141 -0.5161133 0.9233398 0.2247314 -0.3105469 0.2575684 0.9414063 -0.2156982 0.4919434 0.7700195 -0.4057617 0.7685547 0.5908203 -0.2440186 0.9726563 0.2314453 0 0.546875 0.8129883 -0.1975098 0.2770996 0.9604492 0 0.796875 0.6035156 0 0.5615234 0.8271484 0 0.2575684 0.9414063 0.2156982 0.546875 0.8129883 0.1975098 0.7685547 0.5908203 0.2440186 0.9233398 0.2247314 0.3105469 0.4919434 0.7700195 0.4057617 0.6230469 0.5869141 0.5161133 0.2410889 0.8461914 0.4746094 0 0.7143555 0.6992188 -0.1694336 0.6210938 0.7646484 0 0.6230469 0.7817383 0.1694336 0.6210938 0.7646484 -0.1778564 0.7104492 0.6806641 -0.3459473 0.59375 0.7260742 0.1778564 0.7104492 0.6806641 0.3459473 0.59375 0.7260742 0 0.8925781 0.4499512 -0.3703613 0.684082 0.6274414 -0.5585938 0.5117188 0.6518555 -0.1942139 0.8798828 0.4326172 -0.5908203 0.6015625 0.5366211 -0.8178711 0.5390625 0.1986084 -0.3903809 0.8359375 0.3847656 -0.6538086 0.7006836 0.2839355 -0.6645508 0.7382813 0.1134644 -0.8149414 0.5766602 -0.04855347 -0.402832 0.9067383 0.1219482 -0.2070313 0.9677734 0.1428223 -0.6469727 0.7495117 -0.1374512 -0.7768555 0.5424805 -0.3188477 -0.4089355 0.9042969 -0.1220093 -0.6425781 0.6845703 -0.3425293 -0.4699707 0.5473633 -0.6918945 -0.2167969 0.96875 -0.119873 -0.3898926 0.8422852 -0.3713379 -0.3713379 0.6733398 -0.6386719 -0.1737061 0.5410156 -0.8222656 -0.217041 0.8828125 -0.4160156 -0.1884766 0.6850586 -0.703125 0 0.5424805 -0.8398438 0 0.9018555 -0.4311523 0 0.6850586 -0.7280273 0.1884766 0.6850586 -0.703125 0.1737061 0.5410156 -0.8222656 0 0.9926758 -0.1168823 0.3713379 0.6733398 -0.6386719 0.4699707 0.5473633 -0.6918945 0.217041 0.8828125 -0.4160156 0.2167969 0.96875 -0.119873 0 0.9882813 0.151123 0.2070313 0.9677734 0.1428223 0.1942139 0.8798828 0.4326172 0.402832 0.9067383 0.1219482 0.3703613 0.684082 0.6274414 0.5585938 0.5117188 0.6518555 0.3903809 0.8359375 0.3847656 0.5908203 0.6015625 0.5366211 0.8178711 0.5390625 0.1986084 0.6538086 0.7006836 0.2839355 0.6645508 0.7382813 0.1134644 0.8149414 0.5766602 -0.04855347 0.4089355 0.9042969 -0.1220093 0.6469727 0.7495117 -0.1374512 0.7768555 0.5424805 -0.3188477 0.3898926 0.8422852 -0.3713379 0.6425781 0.6845703 -0.3425293 -0.984375 -0.1760254 0 -0.9345703 -0.1656494 -0.3137207 -0.9345703 -0.1656494 0.3137207 -0.753418 -0.1676025 -0.6352539 -0.753418 -0.1676025 0.6352539 -0.3952637 -0.1834717 -0.8999023 -0.3952637 -0.1834717 0.8999023 0 -0.1951904 -0.9804688 0 -0.1951904 0.9804688 0.3952637 -0.1834717 -0.8999023 0 -0.6660156 -0.7456055 0.753418 -0.1676025 -0.6352539 0.2958984 -0.6430664 -0.7060547 -0.2958984 -0.6430664 -0.7060547 0.9345703 -0.1656494 -0.3137207 0.6225586 -0.5869141 -0.5166016 0 -0.9282227 -0.3710938 0.1546631 -0.9125977 -0.3781738 -0.6225586 -0.5869141 -0.5166016 -0.1546631 -0.9125977 -0.3781738 -0.7709961 -0.5898438 -0.2388916 -0.3532715 -0.8896484 -0.2880859 -0.02549744 -0.9956055 -0.08557129 -0.7958984 -0.6044922 0 -0.4370117 -0.8901367 -0.1264648 -0.7709961 -0.5898438 0.2388916 -0.4289551 -0.902832 0 -0.6225586 -0.5869141 0.5166016 -0.09130859 -0.9931641 -0.0723877 -0.1019897 -0.9941406 -0.02058411 0 -1.000122 0 -0.100769 -0.9946289 0 -0.1019897 -0.9941406 0.02058411 -0.4370117 -0.8901367 0.1264648 -0.3532715 -0.8896484 0.2880859 -0.09130859 -0.9931641 0.0723877 -0.02549744 -0.9956055 0.08557129 -0.1546631 -0.9125977 0.3781738 -0.2958984 -0.6430664 0.7060547 0 -0.9282227 0.3710938 0 -0.6660156 0.7456055 0 -0.9960938 0.08404541 0.3952637 -0.1834717 0.8999023 0.753418 -0.1676025 0.6352539 0.2958984 -0.6430664 0.7060547 0.9345703 -0.1656494 0.3137207 0.6225586 -0.5869141 0.5166016 0.1546631 -0.9125977 0.3781738 0.02549744 -0.9956055 0.08557129 0.3532715 -0.8896484 0.2880859 0.7709961 -0.5898438 0.2388916 0.984375 -0.1760254 0 0.7709961 -0.5898438 -0.2388916 0.7958984 -0.6044922 0 0.4289551 -0.902832 0 0.4370117 -0.8901367 0.1264648 0.09130859 -0.9931641 0.0723877 0.1019897 -0.9941406 0.02058411 0 -0.9995117 0 0.100769 -0.9946289 0 0.1019897 -0.9941406 -0.02058411 0 -0.9960938 -0.08404541 0.02549744 -0.9956055 -0.08557129 0.09130859 -0.9931641 -0.0723877 0.4370117 -0.8901367 -0.1264648 0.3532715 -0.8896484 -0.2880859</float_array>
                    <technique_common>
                        <accessor count="877" offset="0" source="pm0285_00_00_body_mesh_shape_body_b-geometry-NORMAL-array" stride="3">
                            <param name="X" type="float" />
                            <param name="Y" type="float" />
                            <param name="Z" type="float" />
                        </accessor>
                    </technique_common>
                </source>
                <source id="pm0285_00_00_body_mesh_shape_body_b-geometry-TEXCOORD">
                    <float_array id="pm0285_00_00_body_mesh_shape_body_b-geometry-TEXCOORD-array" count="2230">0.9718663 1.86335 0.9708761 1.845156 0.9807196 1.855845 0.9572546 1.856803 0.963675 1.870894 0.9453685 1.867198 0.9556973 1.880219 0.9495631 1.893307 0.9309287 1.876234 0.9465675 1.910153 0.9292644 1.897304 0.910862 1.886804 0.9304587 1.907591 0.9150469 1.909703 0.8910273 1.898953 0.9336555 1.920751 0.9513608 1.927084 0.8980017 1.928809 0.8725314 1.912241 0.9181184 1.924377 0.9396937 1.939605 0.9542103 1.94085 0.9565006 1.954978 0.9206622 1.943114 0.944713 1.961547 0.9574817 1.970006 0.9482685 1.984375 0.9569393 1.984375 0.9239585 1.963367 0.9269058 1.984375 0.9061643 1.984375 0.9010832 1.946532 0.9034351 1.964845 0.8855546 1.966906 0.8858434 1.984375 0.8682032 1.984375 0.8830982 1.94928 0.8676329 1.968089 0.8492738 1.984375 0.879216 1.932963 0.8540791 1.933232 0.8610328 1.95215 0.8407387 1.959865 0.8359375 1.984375 0.02813375 1.86335 0.01928043 1.855845 0.0291239 1.845156 0.04274535 1.856803 0.03632498 1.870894 0.05463147 1.867198 0.0443027 1.880219 0.05043685 1.893307 0.06907129 1.876234 0.05343246 1.910153 0.07073557 1.897304 0.08913803 1.886804 0.06954134 1.907591 0.08495307 1.909703 0.1089727 1.898953 0.0663445 1.920751 0.04863918 1.927084 0.1019983 1.928809 0.1274686 1.912241 0.08188164 1.924377 0.06030631 1.939605 0.04578972 1.94085 0.04349935 1.954978 0.07933784 1.943114 0.055287 1.961547 0.04251826 1.970006 0.05173147 1.984375 0.04306066 1.984375 0.07604146 1.963367 0.07309425 1.984375 0.09383571 1.984375 0.09891677 1.946532 0.09656489 1.964845 0.1144454 1.966906 0.1141566 1.984375 0.1317968 1.984375 0.1169018 1.94928 0.1323671 1.968089 0.1507262 1.984375 0.120784 1.932963 0.1459209 1.933232 0.1389672 1.95215 0.1592613 1.959865 0.1640625 1.984375 0.9570313 1.261719 0.9355085 1.209951 0.9765625 1.242188 0.8961801 1.208278 0.9335938 1.285156 0.8847582 1.171266 0.875782 1.234023 0.9074194 1.311131 0.829444 1.161941 0.845844 1.135863 0.7961477 1.119355 0.8122095 1.189941 0.7574849 1.1247 0.7385342 1.093145 0.8533505 1.262413 0.8828125 1.335938 0.793459 1.220973 0.8306254 1.290825 0.8586522 1.360097 0.7287568 1.186819 0.7740778 1.251714 0.8094541 1.316867 0.7434226 1.154038 0.7854773 1.348737 0.8304338 1.388281 0.8029414 1.41386 0.6821587 1.092316 0.6928453 1.063666 0.6373981 1.054456 0.6713742 1.1246 0.6202404 1.072597 0.6401238 1.100607 0.5953832 1.06227 0.5689144 1.023571 0.6063232 1.08903 0.5460228 1.047793 0.5 1.010369 0.5843482 1.083499 0.5985644 1.109754 0.6354536 1.116942 0.5935035 1.109071 0.5829599 1.108991 0.6275634 1.130805 0.5669959 1.098381 0.5780998 1.109159 0.5639193 1.101661 0.5426929 1.073393 0.5491524 1.096124 0.5464128 1.101771 0.5315218 1.099411 0.5304602 1.105175 0.5 1.050017 0.5154629 1.102383 0.5152544 1.10842 0.5 1.082849 0.5 1.103078 0.5 1.109369 0.4847456 1.10842 0.4845371 1.102383 0.4695398 1.105175 0.4684782 1.099411 0.4535872 1.101771 0.4573071 1.073393 0.4508476 1.096124 0.4360807 1.101661 0.4330041 1.098381 0.4219002 1.109159 0.4170401 1.108991 0.4156518 1.083499 0.4064965 1.109071 0.4539772 1.047793 0.4310856 1.023571 0.4014356 1.109754 0.4046168 1.06227 0.3626019 1.054456 0.3936768 1.08903 0.3797596 1.072597 0.3178413 1.092316 0.3071547 1.063666 0.3598762 1.100607 0.2614658 1.093145 0.3645464 1.116942 0.2425151 1.1247 0.2038523 1.119355 0.3286258 1.1246 0.2565774 1.154038 0.170556 1.161941 0.154156 1.135863 0.1152418 1.171266 0.1877905 1.189941 0.1038199 1.208278 0.06449151 1.209951 0.04296875 1.261719 0.0234375 1.242188 0.06640625 1.285156 0.124218 1.234023 0.09258056 1.311131 0.1466495 1.262413 0.1171875 1.335938 0.206541 1.220973 0.1693746 1.290825 0.1413478 1.360097 0.2712432 1.186819 0.2259222 1.251714 0.1905459 1.316867 0.2145227 1.348737 0.1695662 1.388281 0.1970586 1.41386 0.2434434 1.281314 0.2380767 1.377295 0.2265626 1.441406 0.2636162 1.314336 0.2834475 1.346106 0.2643624 1.409344 0.2559932 1.470744 0.3047882 1.380439 0.290352 1.442249 0.2851563 1.5 0.3161503 1.474914 0.3472139 1.453952 0.3265402 1.416048 0.3706464 1.396755 0.3894588 1.435345 0.3513806 1.358841 0.4077997 1.384634 0.4173893 1.425681 0.460708 1.417373 0.3972842 1.343391 0.453821 1.375578 0.5 1.41355 0.3856947 1.303387 0.4478956 1.333465 0.5 1.372303 0.3330507 1.321563 0.3169299 1.28735 0.374495 1.26738 0.4420525 1.292185 0.3008513 1.252094 0.3660014 1.240501 0.2865896 1.219771 0.3623613 1.228981 0.3989797 1.226674 0.3400291 1.15979 0.3508159 1.195626 0.3724366 1.130805 0.3788824 1.148924 0.4071263 1.115805 0.4064965 1.111809 0.4168578 1.11489 0.4174769 1.140506 0.4256216 1.125269 0.4208787 1.116496 0.4346967 1.120865 0.4504023 1.135328 0.4511788 1.127885 0.4673637 1.135579 0.4430503 1.149255 0.4669957 1.14315 0.4837629 1.143361 0.4613017 1.154674 0.4835927 1.151279 0.5 1.151134 0.4490213 1.159834 0.5 1.158959 0.4797127 1.16161 0.4413663 1.157954 0.5164073 1.151279 0.5162371 1.143361 0.4343126 1.161536 0.5330043 1.14315 0.5326363 1.135579 0.4420546 1.165263 0.5495977 1.135328 0.5488212 1.127885 0.5653033 1.120865 0.5386983 1.154674 0.5743784 1.125269 0.5791213 1.116496 0.5831422 1.11489 0.5569497 1.149255 0.5928737 1.115805 0.5935035 1.111809 0.5825231 1.140506 0.6211176 1.148924 0.5586337 1.157954 0.6599709 1.15979 0.5509787 1.159834 0.7134104 1.219771 0.6491841 1.195626 0.6991487 1.252094 0.6128417 1.185335 0.6376387 1.228981 0.5795118 1.164002 0.7565566 1.281314 0.7363838 1.314336 0.5656874 1.161536 0.7165525 1.346106 0.5579454 1.165263 0.6830701 1.28735 0.6339986 1.240501 0.6669493 1.321563 0.625505 1.26738 0.6010203 1.226674 0.7619233 1.377295 0.7734374 1.441406 0.6952118 1.380439 0.7356376 1.409344 0.7440068 1.470744 0.6486194 1.358841 0.709648 1.442249 0.7148438 1.5 0.6838497 1.474914 0.6527861 1.453952 0.6734598 1.416048 0.6293536 1.396755 0.6105412 1.435345 0.6143053 1.303387 0.6027158 1.343391 0.5922003 1.384634 0.5826107 1.425681 0.539292 1.417373 0.546179 1.375578 0.5521044 1.333465 0.4999999 1.328402 0.5579475 1.292185 0.5634763 1.253771 0.4999999 1.285806 0.4365237 1.253771 0.4999996 1.249133 0.5683705 1.218791 0.5343396 1.214487 0.6024013 1.221216 0.5691539 1.213642 0.6034697 1.217676 0.5710489 1.209763 0.5750613 1.193392 0.577233 1.177527 0.5685375 1.168625 0.5679038 1.182708 0.562608 1.16708 0.568496 1.175827 0.5646014 1.17043 0.5574519 1.169462 0.5596677 1.170311 0.5606059 1.172639 0.5529686 1.165892 0.5647568 1.174149 0.5606921 1.174869 0.5550765 1.169851 0.5644655 1.178499 0.5607054 1.176968 0.5605601 1.177441 0.5639882 1.181025 0.5602612 1.177945 0.5670081 1.189417 0.5634562 1.182257 0.5591274 1.177976 0.5654375 1.196374 0.5611157 1.182798 0.5568451 1.177859 0.5609789 1.202765 0.5563675 1.182456 0.5534765 1.204815 0.5516233 1.181503 0.5545469 1.177481 0.5466837 1.201066 0.5356161 1.204648 0.5438361 1.193836 0.5492945 1.180234 0.5532822 1.177131 0.5437877 1.186696 0.5488223 1.178857 0.5529384 1.176548 0.5360813 1.186713 0.5486851 1.176475 0.5527459 1.175853 0.5530385 1.173965 0.5442538 1.179943 0.5491599 1.172553 0.5535626 1.171935 0.5450628 1.173147 0.5501463 1.168686 0.5466292 1.166112 0.5371785 1.172252 0.5202873 1.16161 0.5 1.168693 0.4999999 1.20337 0.4628215 1.172252 0.4639187 1.186713 0.5345185 1.209443 0.4999999 1.213307 0.4999999 1.208163 0.4654814 1.209443 0.4656602 1.214486 0.4643838 1.204648 0.4308461 1.213642 0.4316295 1.218791 0.3975987 1.221216 0.4289511 1.209763 0.3965304 1.217676 0.3871583 1.185335 0.4249387 1.193392 0.4204882 1.164002 0.422767 1.177527 0.4314625 1.168625 0.437392 1.16708 0.431504 1.175827 0.4425481 1.169462 0.4353986 1.17043 0.4403323 1.170311 0.4393941 1.172639 0.4470314 1.165892 0.4449235 1.169851 0.4352432 1.174149 0.4393079 1.174869 0.4498537 1.168686 0.4464374 1.171935 0.4533708 1.166112 0.4549372 1.173147 0.4508401 1.172553 0.4469615 1.173965 0.4557462 1.179943 0.4513149 1.176475 0.4472541 1.175853 0.4470616 1.176548 0.4511777 1.178857 0.4467178 1.177131 0.4562123 1.186696 0.4507055 1.180234 0.4454531 1.177481 0.4561639 1.193836 0.4483767 1.181503 0.4431549 1.177859 0.4533163 1.201066 0.4465235 1.204815 0.4436325 1.182456 0.4390211 1.202765 0.4388843 1.182798 0.4408726 1.177976 0.4345625 1.196374 0.4365438 1.182257 0.4397388 1.177945 0.4329919 1.189417 0.4360118 1.181025 0.4394399 1.177441 0.4320962 1.182708 0.4355345 1.178499 0.4392946 1.176968 0.9217101 1.812608 0.9492188 1.757813 0.96875 1.777344 0.8831969 1.813462 0.8702247 1.850966 0.9257813 1.734375 0.8162338 1.863963 0.8324075 1.891397 0.7818347 1.908012 0.864374 1.787674 0.7430021 1.902069 0.7222409 1.93363 0.8000094 1.835167 0.6650487 1.930434 0.6738814 1.958985 0.6206281 1.964815 0.7301466 1.871746 0.5839696 1.948086 0.5567619 1.973982 0.6562715 1.898326 0.7166637 1.838114 0.5 1.955116 0.5 1.988281 0.4432381 1.973982 0.5789763 1.915388 0.6468629 1.863453 0.5742478 1.879187 0.5 1.92134 0.5 1.884691 0.4210237 1.915388 0.4160304 1.948086 0.3793719 1.964815 0.4257522 1.879187 0.3349513 1.930434 0.3261186 1.958985 0.3437285 1.898326 0.2777591 1.93363 0.5 1.84798 0.2569979 1.902069 0.2181653 1.908012 0.5693601 1.84282 0.1837662 1.863963 0.1675925 1.891397 0.1297753 1.850966 0.2698534 1.871746 0.1999906 1.835167 0.1168031 1.813462 0.07828993 1.812608 0.05078125 1.757813 0.03125 1.777344 0.07421875 1.734375 0.135626 1.787674 0.1564291 1.759185 0.1004933 1.708267 0.2174612 1.803396 0.2833363 1.838114 0.2352449 1.771758 0.3531371 1.863453 0.2971414 1.804513 0.4306399 1.84282 0.3626891 1.828139 0.5 1.813904 0.4350594 1.809022 0.3712502 1.795366 0.3097699 1.773102 0.3813882 1.759334 0.3239022 1.738822 0.2515653 1.742349 0.4402314 1.771359 0.2712371 1.710141 0.1779013 1.730345 0.125 1.683594 0.149237 1.657753 0.1982405 1.703801 0.1774789 1.6308 0.2223266 1.67347 0.2049714 1.605222 0.2903324 1.677237 0.2454503 1.644033 0.234375 1.578125 0.3397238 1.702815 0.3106307 1.643238 0.2713872 1.612211 0.2638839 1.548694 0.3912321 1.721825 0.2971365 1.579678 0.2928903 1.519531 0.3223575 1.548803 0.3517123 1.572768 0.3331311 1.605787 0.3738141 1.628583 0.3898362 1.592374 0.4214324 1.602777 0.3569054 1.665986 0.4118029 1.640737 0.4628968 1.608176 0.4010155 1.682834 0.4564918 1.650652 0.5 1.609928 0.445269 1.732583 0.4507295 1.692288 0.5 1.654082 0.5 1.695945 0.5 1.736853 0.5 1.776837 0.5597686 1.771359 0.554731 1.732583 0.5492705 1.692288 0.5435082 1.650652 0.5371032 1.608176 0.5989845 1.682834 0.5881971 1.640737 0.5785676 1.602777 0.6087679 1.721825 0.6261859 1.628583 0.6101638 1.592374 0.6482877 1.572768 0.6430946 1.665986 0.6668689 1.605787 0.7028635 1.579678 0.6776425 1.548803 0.7071097 1.519531 0.7361161 1.548694 0.7286128 1.612211 0.765625 1.578125 0.6893693 1.643238 0.7545497 1.644033 0.7950286 1.605222 0.6602762 1.702815 0.7096676 1.677237 0.7776734 1.67347 0.8225211 1.6308 0.6186118 1.759334 0.6760978 1.738822 0.7287629 1.710141 0.8017595 1.703801 0.850763 1.657753 0.7484347 1.742349 0.8220987 1.730345 0.875 1.683594 0.8995067 1.708267 0.6902301 1.773102 0.7647551 1.771758 0.8435709 1.759185 0.7825388 1.803396 0.7028586 1.804513 0.6287498 1.795366 0.6373109 1.828139 0.5649406 1.809022 0.7836275 1.034446 0.7788661 1.011719 0.7886852 1.030444 0.7844865 1.011719 0.8012841 1.048084 0.8036432 1.011719 0.8036432 1.041797 0.8258193 1.050796 0.8294245 1.011719 0.8294245 1.04084 0.8433425 1.047092 0.8526164 1.040129 0.8541576 1.011719 0.8746907 1.02381 0.8764641 1.011719 0.890625 1.011719 0.8802024 1.046929 0.8868529 1.025985 0.8977276 1.030962 0.9041619 1.020913 0.9116954 1.011719 0.9215586 1.033504 0.9381964 1.011719 0.906484 1.056314 0.9422635 1.04752 0.9583043 1.023698 0.9497017 1.011719 0.9650453 1.017478 0.9786718 1.037496 0.9844655 1.033103 0.9852732 1.054614 0.9917017 1.054703 0.984112 1.076172 0.9623294 1.061516 0.9783834 1.07225 0.9645292 1.084792 0.9669245 1.091527 0.9465046 1.084792 0.9439819 1.092896 0.9221196 1.080469 0.925751 1.071682 0.9101704 1.067214 0.8730478 1.070754 0.9007925 1.079651 0.9089998 1.084433 0.8942357 1.102565 0.9003844 1.10625 0.8827846 1.120304 0.8451009 1.062675 0.8347105 1.063281 0.8800905 1.114256 0.8380814 1.087135 0.8307387 1.087793 0.8595026 1.119141 0.8444448 1.104602 0.8390438 1.108475 0.866243 1.094751 0.8612218 1.113458 0.2163725 1.034446 0.2113148 1.030444 0.2211339 1.011719 0.2155135 1.011719 0.1987159 1.048084 0.1963568 1.011719 0.1963568 1.041797 0.1741807 1.050796 0.1705755 1.011719 0.1705755 1.04084 0.1566575 1.047092 0.1473836 1.040129 0.1458424 1.011719 0.1253093 1.02381 0.1235359 1.011719 0.109375 1.011719 0.1197976 1.046929 0.1131471 1.025985 0.1022724 1.030962 0.09583807 1.020913 0.08830464 1.011719 0.07844144 1.033504 0.06180364 1.011719 0.09351599 1.056314 0.05773652 1.04752 0.04169571 1.023698 0.05029827 1.011719 0.03495473 1.017478 0.02132821 1.037496 0.01553446 1.033103 0.01472676 1.054614 0.008298337 1.054703 0.01588798 1.076172 0.03767055 1.061516 0.02161664 1.07225 0.03547084 1.084792 0.03307551 1.091527 0.05349541 1.084792 0.05601805 1.092896 0.07788044 1.080469 0.07424897 1.071682 0.08982956 1.067214 0.1269522 1.070754 0.09920752 1.079651 0.0910002 1.084433 0.1057643 1.102565 0.09961557 1.10625 0.1172154 1.120304 0.1548991 1.062675 0.1652895 1.063281 0.1619186 1.087135 0.1692613 1.087793 0.133757 1.094751 0.1555552 1.104602 0.1609562 1.108475 0.1404974 1.119141 0.1387782 1.113458 0.1199095 1.114256 0.6166546 1.526952 0.616961 1.522262 0.6194433 1.526515 0.6139406 1.52616 0.6184899 1.521882 0.6155109 1.521641 0.6230924 1.523347 0.6107026 1.522549 0.6197037 1.519511 0.6146756 1.519122 0.6250567 1.518303 0.6094052 1.517263 0.6203568 1.516205 0.6145236 1.515763 0.6259314 1.512554 0.6093415 1.511411 0.6208465 1.512272 0.6145775 1.511746 0.6209058 1.508294 0.6149096 1.507776 0.62562 1.50686 0.6103594 1.505565 0.6207857 1.504889 0.6156779 1.5044 0.6244966 1.501804 0.6125483 1.500567 0.6200305 1.502265 0.6169405 1.501897 0.6216594 1.498079 0.6162308 1.497466 0.61855 1.501385 0.6190279 1.497111 0.3854225 1.511746 0.3906585 1.511411 0.3854764 1.515763 0.3850904 1.507776 0.3905948 1.517263 0.3896406 1.505565 0.3853244 1.519122 0.3843221 1.5044 0.3892974 1.522549 0.3874517 1.500567 0.3844891 1.521641 0.3830595 1.501897 0.3860594 1.52616 0.3837692 1.497466 0.383039 1.522262 0.38145 1.501385 0.3833454 1.526952 0.3809721 1.497111 0.3805567 1.526515 0.3783406 1.498079 0.3815101 1.521882 0.3799695 1.502265 0.3769076 1.523347 0.3755034 1.501804 0.3802963 1.519511 0.3792143 1.504889 0.3749433 1.518303 0.37438 1.50686 0.3796432 1.516205 0.3790942 1.508294 0.3740686 1.512554 0.3791535 1.512272 0.142251 1.439515 0.1517247 1.414201 0.1542259 1.439515 0.1517416 1.46481 0.1389036 1.418507 0.1363318 1.392192 0.1389182 1.46053 0.1363991 1.486853 0.125213 1.439515 0.1278549 1.40024 0.1111337 1.377433 0.1240233 1.42159 0.1068865 1.390228 0.08203125 1.375124 0.1194225 1.407821 0.1036454 1.439515 0.1032221 1.421893 0.1034626 1.403895 0.08205277 1.387977 0.0572685 1.390216 0.05311751 1.377396 0.08204621 1.403106 0.03623849 1.400209 0.0277968 1.392155 0.0606336 1.403891 0.04464978 1.407802 0.08203036 1.421426 0.06083047 1.421889 0.08203125 1.439515 0.03999597 1.421571 0.06040907 1.439515 0.02506727 1.418455 0.01217276 1.414083 0.03870761 1.439515 0.02174938 1.439515 0.009834588 1.439515 0.01215547 1.464918 0.02505296 1.460574 0.02773124 1.486878 0.03998417 1.457479 0.03619748 1.47884 0.05306953 1.501704 0.06082243 1.457179 0.04462415 1.471256 0.05723417 1.488864 0.08203125 1.503906 0.06061321 1.475181 0.08203071 1.457646 0.08205277 1.491078 0.08204639 1.475961 0.1032307 1.45718 0.1034836 1.475185 0.1069203 1.488865 0.111178 1.501688 0.1194488 1.471246 0.1278968 1.478821 0.1240355 1.457468 0.5 1.472655 0.4817784 1.461091 0.4999999 1.459523 0.5182212 1.461091 0.483151 1.47384 0.4666417 1.465762 0.5168483 1.47384 0.533358 1.465762 0.5 1.48912 0.4677625 1.477045 0.4526488 1.475702 0.4840015 1.489573 0.4538594 1.48115 0.4411497 1.493546 0.4684781 1.490902 0.4543037 1.493755 0.45525 1.507681 0.4383987 1.514715 0.4684787 1.507138 0.4845212 1.506961 0.4550805 1.521331 0.4432617 1.535639 0.4684787 1.522687 0.4549367 1.53511 0.4558703 1.554552 0.4844877 1.523691 0.4684787 1.536873 0.4677632 1.548409 0.4779351 1.56716 0.4832695 1.538421 0.4824687 1.553121 0.5 1.570313 0.5 1.539309 0.5 1.553858 0.5175309 1.553121 0.5220648 1.56716 0.5 1.523914 0.5322368 1.548408 0.5441298 1.554552 0.5167301 1.538421 0.5155123 1.523691 0.5 1.506961 0.5154788 1.506961 0.5159985 1.489573 0.5315207 1.507138 0.5322375 1.477045 0.5473503 1.475702 0.5315212 1.490901 0.5461398 1.48115 0.5588503 1.493546 0.5456958 1.493755 0.54475 1.507681 0.5616013 1.514715 0.5315212 1.522687 0.544919 1.521331 0.5567383 1.535639 0.5315212 1.536873 0.5450633 1.53511 0.8457741 1.439515 0.8482753 1.414201 0.857749 1.439515 0.8482584 1.46481 0.8610964 1.418507 0.8636682 1.392192 0.8610818 1.46053 0.8636009 1.486853 0.874787 1.439515 0.8721451 1.40024 0.8888663 1.377433 0.8759767 1.42159 0.8931135 1.390228 0.9179688 1.375124 0.8805774 1.407821 0.8963546 1.439515 0.8967779 1.421893 0.8965374 1.403895 0.9179472 1.387977 0.9427315 1.390216 0.9468825 1.377396 0.9179538 1.403106 0.9637615 1.400209 0.9722032 1.392155 0.9393664 1.403891 0.9553502 1.407802 0.9179696 1.421426 0.9391695 1.421889 0.9179688 1.439515 0.960004 1.421571 0.9395909 1.439515 0.9749327 1.418455 0.9878272 1.414083 0.9612924 1.439515 0.9782506 1.439515 0.9901654 1.439515 0.9878445 1.464918 0.974947 1.460574 0.9722688 1.486878 0.9600158 1.457479 0.9638025 1.47884 0.9469305 1.501704 0.9391776 1.457179 0.9553759 1.471256 0.9427658 1.488864 0.9179688 1.503906 0.9393868 1.475181 0.9179693 1.457646 0.9179472 1.491078 0.9179536 1.475961 0.8967693 1.45718 0.8965164 1.475185 0.8930797 1.488865 0.888822 1.501688 0.8805512 1.471246 0.8721032 1.478821 0.8759645 1.457468 0.9469305 1.52564 0.9179688 1.536494 0.9179688 1.523438 0.888822 1.525656 0.9430426 1.538312 0.9722688 1.540466 0.8927634 1.538334 0.8636009 1.54049 0.9632496 1.550443 0.9878445 1.562426 0.8726732 1.550471 0.8482584 1.562533 0.9749891 1.567903 0.9901654 1.587829 0.8610993 1.567973 0.8457741 1.587829 0.9769626 1.587829 0.8589748 1.587829 0.9749783 1.607774 0.9878272 1.613261 0.9670911 1.587829 0.9631731 1.62519 0.9722032 1.635189 0.9650297 1.604546 0.9650647 1.571129 0.942951 1.637232 0.9468825 1.649948 0.9557796 1.618678 0.9570398 1.587829 0.9553407 1.602519 0.9558856 1.55693 0.9553888 1.573103 0.9390544 1.548232 0.9484437 1.563164 0.9430781 1.577337 0.9179688 1.546565 0.9363897 1.557035 0.8968046 1.548266 0.9179688 1.555764 0.8800721 1.556968 0.9400911 1.569393 0.9310398 1.56748 0.9311324 1.577351 0.9179688 1.566724 0.9179688 1.576767 0.9049355 1.56749 0.8995273 1.557063 0.905045 1.577421 0.8875522 1.563207 0.8958463 1.569393 0.8930352 1.577374 0.8806868 1.573138 0.8710184 1.571179 0.8790276 1.587829 0.8684196 1.587829 0.8921589 1.587829 0.8611088 1.607689 0.8482753 1.613143 0.9047379 1.587829 0.8727523 1.625143 0.8636682 1.635151 0.8710521 1.604475 0.8928563 1.637179 0.8888663 1.649911 0.8801821 1.618613 0.8807335 1.602455 0.8930777 1.598149 0.8876719 1.612314 0.8969429 1.627155 0.9179688 1.639162 0.9179688 1.652219 0.9389185 1.627235 0.9179688 1.629019 0.9179688 1.619807 0.8996392 1.618389 0.8958463 1.606264 0.9050619 1.607997 0.9050422 1.598265 0.9179688 1.608852 0.9179688 1.587829 0.9179688 1.59889 0.9314675 1.587829 0.9311277 1.598366 0.9309158 1.608056 0.9437788 1.587829 0.943031 1.598227 0.9400911 1.606264 0.9362792 1.618462 0.9483258 1.612394 0.08203125 1.536494 0.05306953 1.52564 0.08203125 1.523438 0.111178 1.525656 0.05695736 1.538312 0.02773124 1.540466 0.1072366 1.538334 0.1363991 1.54049 0.03675044 1.550443 0.01215547 1.562426 0.1273268 1.550471 0.1517416 1.562533 0.02501094 1.567903 0.009834588 1.587829 0.1389007 1.567973 0.1542259 1.587829 0.02303743 1.587829 0.1410252 1.587829 0.02502167 1.607774 0.01217276 1.613261 0.1388912 1.607689 0.1517247 1.613143 0.1315804 1.587829 0.1272477 1.625143 0.1363318 1.635151 0.1289479 1.604475 0.1289816 1.571179 0.1209724 1.587829 0.1199279 1.556968 0.1193132 1.573138 0.1031954 1.548266 0.1124478 1.563207 0.1069648 1.577374 0.1004727 1.557063 0.1041537 1.569393 0.08203125 1.546565 0.08203125 1.555764 0.06094563 1.548232 0.09506452 1.56749 0.04411441 1.55693 0.06361026 1.557035 0.0349353 1.571129 0.05155629 1.563164 0.04461122 1.573103 0.03290892 1.587829 0.04296023 1.587829 0.0569219 1.577337 0.03497028 1.604546 0.03682691 1.62519 0.0277968 1.635189 0.04465926 1.602519 0.05704904 1.637232 0.05311751 1.649948 0.04422045 1.618678 0.08203125 1.639162 0.08203125 1.652219 0.1111337 1.649911 0.06108147 1.627235 0.05167419 1.612394 0.1071437 1.637179 0.08203125 1.629019 0.1198179 1.618613 0.1030571 1.627155 0.1192665 1.602455 0.1123281 1.612314 0.1069223 1.598149 0.1078411 1.587829 0.1041537 1.606264 0.09526211 1.587829 0.1003608 1.618389 0.09495777 1.598265 0.0949381 1.607997 0.08203125 1.619807 0.08203125 1.59889 0.06372076 1.618462 0.08203125 1.608852 0.06908423 1.608056 0.05990887 1.606264 0.05696905 1.598227 0.06887233 1.598366 0.08203125 1.587829 0.05622125 1.587829 0.06853253 1.587829 0.09495503 1.577421 0.06886756 1.577351 0.08203125 1.576767 0.08203125 1.566724 0.06896025 1.56748 0.05990887 1.569393</float_array>
                    <technique_common>
                        <accessor count="1115" offset="0" source="pm0285_00_00_body_mesh_shape_body_b-geometry-TEXCOORD-array" stride="2">
                            <param name="S" type="float" />
                            <param name="T" type="float" />
                        </accessor>
                    </technique_common>
                </source>
                <vertices id="pm0285_00_00_body_mesh_shape_body_b-vertices">
                    <input semantic="POSITION" source="#pm0285_00_00_body_mesh_shape_body_b-geometry-POSITION" />
                </vertices>
                <triangles count="1792" material="body_b">
                    <input semantic="VERTEX" source="#pm0285_00_00_body_mesh_shape_body_b-vertices" offset="0" set="0" />
                    <input semantic="NORMAL" source="#pm0285_00_00_body_mesh_shape_body_b-geometry-NORMAL" offset="1" set="0" />
                    <input semantic="TEXCOORD" source="#pm0285_00_00_body_mesh_shape_body_b-geometry-TEXCOORD" offset="2" set="0" />
                    <p>0 0 0 1 1 1 2 2 2 1 1 1 0 0 0 3 3 3 3 3 3 0 0 0 4 4 4 4 4 4 5 5 5 3 3 3 5 5 5 4 4 4 6 6 6 7 7 7 5 5 5 6 6 6 5 5 5 7 7 7 8 8 8 9 9 9 8 8 8 7 7 7 8 8 8 9 9 9 10 10 10 8 8 8 10 10 10 11 11 11 9 9 9 12 12 12 10 10 10 11 11 11 10 10 10 13 13 13 13 13 13 10 10 10 12 12 12 11 11 11 13 13 13 14 14 14 9 9 9 15 15 15 12 12 12 12 12 12 15 15 15 13 13 13 16 16 16 15 15 15 9 9 9 13 13 13 17 17 17 14 14 14 14 14 14 17 17 17 18 18 18 13 13 13 15 15 15 19 19 19 13 13 13 19 19 19 17 17 17 15 15 15 16 16 16 20 20 20 15 15 15 20 20 20 19 19 19 21 21 21 20 20 20 16 16 16 21 21 21 22 22 22 20 20 20 19 19 19 20 20 20 23 23 23 19 19 19 23 23 23 17 17 17 20 20 20 22 22 22 24 24 24 24 24 24 23 23 23 20 20 20 24 24 24 22 22 22 25 25 25 26 26 26 25 25 25 27 27 27 24 24 24 25 25 25 26 26 26 26 26 26 28 28 28 24 24 24 23 23 23 24 24 24 28 28 28 28 28 28 26 26 26 29 29 29 29 29 29 30 30 30 28 28 28 23 23 23 28 28 28 31 31 31 17 17 17 23 23 23 31 31 31 28 28 28 30 30 30 32 32 32 31 31 31 28 28 28 32 32 32 30 30 30 33 33 33 32 32 32 34 34 34 33 33 33 30 30 30 34 34 34 35 35 35 33 33 33 31 31 31 32 32 32 36 36 36 36 36 36 32 32 32 33 33 33 33 33 33 35 35 35 37 37 37 36 36 36 33 33 33 37 37 37 35 35 35 38 38 38 37 37 37 39 39 39 31 31 31 36 36 36 17 17 17 31 31 31 39 39 39 18 18 18 17 17 17 39 39 39 39 39 39 40 40 40 18 18 18 36 36 36 37 37 37 41 41 41 39 39 39 36 36 36 41 41 41 39 39 39 41 41 41 40 40 40 37 37 37 38 38 38 41 41 41 41 41 41 42 42 42 40 40 40 38 38 38 42 42 42 41 41 41 38 38 38 43 43 43 42 42 42 44 44 44 45 2 45 46 1 46 47 45 47 44 44 44 46 1 46 48 46 48 44 44 44 47 45 47 49 47 49 48 46 48 47 45 47 48 46 48 49 47 49 50 48 50 49 47 49 51 49 51 50 48 50 51 49 51 49 47 49 52 50 52 52 50 52 53 51 53 51 49 51 53 51 53 52 50 52 54 52 54 52 50 52 55 53 55 54 52 54 53 51 53 54 52 54 56 54 56 57 55 57 54 52 54 55 53 55 56 54 56 54 52 54 57 55 57 55 53 55 58 56 58 57 55 57 53 51 53 56 54 56 59 57 59 57 55 57 59 57 59 56 54 56 59 57 59 60 58 60 53 51 53 57 55 57 58 56 58 61 59 61 58 56 58 62 60 62 61 59 61 63 61 63 59 57 59 57 55 57 57 55 57 61 59 61 63 61 63 60 58 60 59 57 59 64 62 64 59 57 59 63 61 63 64 62 64 64 62 64 65 63 65 60 58 60 65 63 65 64 62 64 66 64 66 64 62 64 63 61 63 67 65 67 63 61 63 61 59 61 67 65 67 66 64 66 64 62 64 68 66 68 67 65 67 68 66 68 64 62 64 69 67 69 66 64 66 68 66 68 69 67 69 70 26 70 71 27 71 69 67 69 68 66 68 70 26 70 72 68 72 70 26 70 68 66 68 68 66 68 67 65 67 72 68 72 70 26 70 72 68 72 73 29 73 73 29 73 72 68 72 74 30 74 67 65 67 75 69 75 72 68 72 67 65 67 61 59 61 75 69 75 74 30 74 72 68 72 76 70 76 72 68 72 75 69 75 76 70 76 76 70 76 77 71 77 74 30 74 74 30 74 77 71 77 78 34 78 78 34 78 77 71 77 79 35 79 75 69 75 80 72 80 76 70 76 76 70 76 80 72 80 77 71 77 79 35 79 77 71 77 81 73 81 80 72 80 81 73 81 77 71 77 79 35 79 81 73 81 82 38 82 75 69 75 83 74 83 80 72 80 61 59 61 83 74 83 75 69 75 61 59 61 62 60 62 83 74 83 62 60 62 84 75 84 83 74 83 80 72 80 85 76 85 81 73 81 83 74 83 85 76 85 80 72 80 83 74 83 84 75 84 85 76 85 82 38 82 81 73 81 85 76 85 85 76 85 84 75 84 86 77 86 82 38 82 85 76 85 86 77 86 82 38 82 86 77 86 87 43 87 88 78 88 89 79 89 90 80 90 91 81 91 89 79 89 88 78 88 88 78 88 92 82 92 91 81 91 91 81 91 93 83 93 89 79 89 91 81 91 92 82 92 94 84 94 95 85 95 94 84 94 92 82 92 96 86 96 93 83 93 91 81 91 97 87 97 93 83 93 96 86 96 96 86 96 98 88 98 97 87 97 91 81 91 99 89 99 96 86 96 94 84 94 99 89 99 91 81 91 100 90 100 98 88 98 96 86 96 96 86 96 99 89 99 100 90 100 100 90 100 101 91 101 98 88 98 102 92 102 94 84 94 95 85 95 95 85 95 103 93 103 102 92 102 104 94 104 94 84 94 102 92 102 99 89 99 94 84 94 104 94 104 102 92 102 103 93 103 105 95 105 102 92 102 105 95 105 104 94 104 103 93 103 106 96 106 105 95 105 107 97 107 99 89 99 104 94 104 104 94 104 105 95 105 108 98 108 104 94 104 108 98 108 107 97 107 105 95 105 106 96 106 109 99 109 105 95 105 109 99 109 108 98 108 110 100 110 99 89 99 107 97 107 100 90 100 99 89 99 110 100 110 106 96 106 111 101 111 109 99 109 112 102 112 111 101 111 106 96 106 113 103 113 111 101 111 112 102 112 110 100 110 114 104 114 100 90 100 114 104 114 101 91 101 100 90 100 115 105 115 101 91 101 114 104 114 114 104 114 116 106 116 115 105 115 117 107 117 114 104 114 110 100 110 107 97 107 117 107 117 110 100 110 116 106 116 114 104 114 118 108 118 117 107 117 119 109 119 114 104 114 114 104 114 119 109 119 118 108 118 116 106 116 118 108 118 120 110 120 120 110 120 121 111 121 116 106 116 118 108 118 119 109 119 122 112 122 118 108 118 122 112 122 120 110 120 120 110 120 123 113 123 121 111 121 121 111 121 123 113 123 124 114 124 120 110 120 122 112 122 125 115 125 120 110 120 125 115 125 123 113 123 122 112 122 119 109 119 126 116 126 122 112 122 126 116 126 125 115 125 119 109 119 127 117 127 126 116 126 127 117 127 119 109 119 117 107 117 125 115 125 126 116 126 128 118 128 129 119 129 125 115 125 128 118 128 130 120 130 126 116 126 127 117 127 117 107 117 130 120 130 127 117 127 131 121 131 125 115 125 129 119 129 129 119 129 132 122 132 131 121 131 131 121 131 132 122 132 133 123 133 125 115 125 131 121 131 134 124 134 123 113 123 125 115 125 134 124 134 131 121 131 133 123 133 135 125 135 134 124 134 131 121 131 135 125 135 135 125 135 133 123 133 136 126 136 135 125 135 136 126 136 137 127 137 134 124 134 135 125 135 137 127 137 137 127 137 136 126 136 138 128 138 123 113 123 134 124 134 139 129 139 124 114 124 123 113 123 139 129 139 138 128 138 140 130 140 137 127 137 141 131 141 140 130 140 138 128 138 134 124 134 137 127 137 142 132 142 142 132 142 137 127 137 140 130 140 139 129 139 134 124 134 142 132 142 141 131 141 143 133 143 140 130 140 140 130 140 143 133 143 142 132 142 144 134 144 143 133 143 141 131 141 144 134 144 145 135 145 143 133 143 143 133 143 145 135 145 146 136 146 146 136 146 142 132 142 143 133 143 147 137 147 146 136 146 145 135 145 148 138 148 146 136 146 147 137 147 146 136 146 148 138 148 142 132 142 149 139 149 148 138 148 147 137 147 142 132 142 148 138 148 150 140 150 150 140 150 139 129 139 142 132 142 151 141 151 148 138 148 149 139 149 151 141 151 150 140 150 148 138 148 149 139 149 152 142 152 151 141 151 151 141 151 152 142 152 153 143 153 153 143 153 150 140 150 151 141 151 152 142 152 154 144 154 153 143 153 153 143 153 154 144 154 155 145 155 153 143 153 155 145 155 156 146 156 156 146 156 150 140 150 153 143 153 156 146 156 155 145 155 157 147 157 158 148 158 139 129 139 150 140 150 156 146 156 158 148 158 150 140 150 139 129 139 158 148 158 124 114 124 124 114 124 158 148 158 159 149 159 157 147 157 160 150 160 156 146 156 159 149 159 158 148 158 161 151 161 161 151 161 158 148 158 156 146 156 161 151 161 162 152 162 159 149 159 163 153 163 161 151 161 156 146 156 156 146 156 160 150 160 163 153 163 162 152 162 161 151 161 164 154 164 164 154 164 161 151 161 163 153 163 162 152 162 164 154 164 165 155 165 162 152 162 165 155 165 166 156 166 167 157 167 164 154 164 163 153 163 165 155 165 164 154 164 167 157 167 163 153 163 160 150 160 167 157 167 165 155 165 168 158 168 166 156 166 169 159 169 167 157 167 160 150 160 170 160 170 168 158 168 165 155 165 170 160 170 171 161 171 168 158 168 165 155 165 167 157 167 172 162 172 172 162 172 167 157 167 169 159 169 170 160 170 165 155 165 173 163 173 173 163 173 165 155 165 172 162 172 170 160 170 174 164 174 171 161 171 171 161 171 174 164 174 175 165 175 174 164 174 176 166 176 175 165 175 177 167 177 170 160 170 173 163 173 174 164 174 170 160 170 177 167 177 178 168 178 176 166 176 174 164 174 174 164 174 177 167 177 178 168 178 178 168 178 179 169 179 176 166 176 179 169 179 180 170 180 181 171 181 178 168 178 180 170 180 179 169 179 180 170 180 178 168 178 182 172 182 182 172 182 178 168 178 183 173 183 178 168 178 177 167 177 183 173 183 183 173 183 184 174 184 182 172 182 185 175 185 184 174 184 183 173 183 184 174 184 185 175 185 186 176 186 187 177 187 183 173 183 177 167 177 185 175 185 183 173 183 187 177 187 186 176 186 185 175 185 188 178 188 185 175 185 187 177 187 188 178 188 186 176 186 188 178 188 189 179 189 187 177 187 177 167 177 190 180 190 190 180 190 177 167 177 173 163 173 172 162 172 190 180 190 173 163 173 188 178 188 187 177 187 191 181 191 187 177 187 190 180 190 191 181 191 189 179 189 188 178 188 192 182 192 188 178 188 191 181 191 192 182 192 192 182 192 193 183 193 189 179 189 189 179 189 193 183 193 194 184 194 194 184 194 193 183 193 195 185 195 192 182 192 191 181 191 196 186 196 195 185 195 193 183 193 197 187 197 195 185 195 197 187 197 198 188 198 192 182 192 199 189 199 193 183 193 196 186 196 199 189 199 192 182 192 197 187 197 193 183 193 200 190 200 200 190 200 193 183 193 199 189 199 198 188 198 197 187 197 201 191 201 198 188 198 201 191 201 202 192 202 200 190 200 203 193 203 197 187 197 197 187 197 203 193 203 201 191 201 202 192 202 201 191 201 204 194 204 202 192 202 204 194 204 205 195 205 205 195 205 204 194 204 206 196 206 204 194 204 207 197 207 206 196 206 201 191 201 208 198 208 204 194 204 208 198 208 207 197 207 204 194 204 203 193 203 208 198 208 201 191 201 208 198 208 209 199 209 207 197 207 207 197 207 209 199 209 210 200 210 203 193 203 211 201 211 208 198 208 208 198 208 211 201 211 209 199 209 209 199 209 212 202 212 210 200 210 210 200 210 212 202 212 213 203 213 212 202 212 214 204 214 213 203 213 209 199 209 215 205 215 212 202 212 211 201 211 215 205 215 209 199 209 216 206 216 214 204 214 212 202 212 215 205 215 216 206 216 212 202 212 216 206 216 217 207 217 214 204 214 211 201 211 218 208 218 215 205 215 219 209 219 216 206 216 215 205 215 218 208 218 219 209 219 215 205 215 220 210 220 217 207 217 216 206 216 219 209 219 220 210 220 216 206 216 203 193 203 221 211 221 211 201 211 221 211 221 218 208 218 211 201 211 200 190 200 221 211 221 203 193 203 200 190 200 222 212 222 221 211 221 199 189 199 222 212 222 200 190 200 221 211 221 223 213 223 218 208 218 222 212 222 223 213 223 221 211 221 224 214 224 219 209 219 218 208 218 218 208 218 223 213 223 224 214 224 199 189 199 225 215 225 222 212 222 196 186 196 225 215 225 199 189 199 191 181 191 225 215 225 196 186 196 222 212 222 226 216 226 223 213 223 225 215 225 226 216 226 222 212 222 227 217 227 225 215 225 191 181 191 191 181 191 190 180 190 227 217 227 228 218 228 226 216 226 225 215 225 227 217 227 228 218 228 225 215 225 223 213 223 226 216 226 229 219 229 226 216 226 228 218 228 229 219 229 190 180 190 230 220 230 227 217 227 230 220 230 190 180 190 172 162 172 231 221 231 228 218 228 227 217 227 227 217 227 230 220 230 231 221 231 172 162 172 232 222 232 230 220 230 169 159 169 232 222 232 172 162 172 160 150 160 232 222 232 169 159 169 230 220 230 233 223 233 231 221 231 230 220 230 232 222 232 233 223 233 234 224 234 232 222 232 160 150 160 160 150 160 235 225 235 234 224 234 236 226 236 234 224 234 235 225 235 234 224 234 237 227 237 232 222 232 237 227 237 233 223 233 232 222 232 236 226 236 238 228 238 234 224 234 234 224 234 238 228 238 237 227 237 239 229 239 238 228 238 236 226 236 239 229 239 240 230 240 238 228 238 238 228 238 240 230 240 241 231 241 241 231 241 240 230 240 242 232 242 243 233 243 241 231 241 242 232 242 241 231 241 244 234 244 238 228 238 238 228 238 244 234 244 237 227 237 245 235 245 241 231 241 243 233 243 246 236 246 245 235 245 243 233 243 247 237 247 241 231 241 245 235 245 244 234 244 241 231 241 247 237 247 248 238 248 245 235 245 246 236 246 248 238 248 247 237 247 245 235 245 249 239 249 248 238 248 246 236 246 250 240 250 244 234 244 247 237 247 251 241 251 248 238 248 249 239 249 252 242 252 247 237 247 248 238 248 248 238 248 251 241 251 252 242 252 253 243 253 244 234 244 250 240 250 244 234 244 253 243 253 237 227 237 249 239 249 254 244 254 251 241 251 255 245 255 254 244 254 249 239 249 237 227 237 253 243 253 256 246 256 255 245 255 257 247 257 254 244 254 258 248 258 257 247 257 255 245 255 259 249 259 256 246 256 253 243 253 253 243 253 250 240 250 259 249 259 258 248 258 260 250 260 257 247 257 261 251 261 260 250 260 258 248 258 262 252 262 260 250 260 261 251 261 257 247 257 263 253 263 254 244 254 260 250 260 263 253 263 257 247 257 264 254 264 260 250 260 262 252 262 265 255 265 264 254 264 262 252 262 265 255 265 266 256 266 264 254 264 260 250 260 264 254 264 267 257 267 267 257 267 263 253 263 260 250 260 264 254 264 266 256 266 268 258 268 268 258 268 266 256 266 269 259 269 126 116 126 268 258 268 269 259 269 268 258 268 126 116 126 130 120 130 270 260 270 264 254 264 268 258 268 270 260 270 268 258 268 130 120 130 267 257 267 264 254 264 270 260 270 271 261 271 270 260 270 130 120 130 270 260 270 272 262 272 267 257 267 271 261 271 130 120 130 273 263 273 273 263 273 130 120 130 117 107 117 273 263 273 117 107 117 107 97 107 272 262 272 274 264 274 267 257 267 267 257 267 274 264 274 263 253 263 107 97 107 275 265 275 273 263 273 107 97 107 108 98 108 275 265 275 273 263 273 275 265 275 276 266 276 273 263 273 276 266 276 271 261 271 108 98 108 277 267 277 275 265 275 271 261 271 276 266 276 278 268 278 275 265 275 279 269 279 276 266 276 276 266 276 279 269 279 278 268 278 277 267 277 279 269 279 275 265 275 278 268 278 280 270 280 271 261 271 271 261 271 280 270 280 270 260 270 281 271 281 277 267 277 108 98 108 108 98 108 109 99 109 281 271 281 109 99 109 282 272 282 281 271 281 281 271 281 282 272 282 277 267 277 111 101 111 282 272 282 109 99 109 270 260 270 280 270 280 283 273 283 283 273 283 272 262 272 270 260 270 111 101 111 284 274 284 282 272 282 272 262 272 283 273 283 285 275 285 285 275 285 274 264 274 272 262 272 277 267 277 282 272 282 286 276 286 284 274 284 286 276 286 282 272 282 286 276 286 287 277 287 277 267 277 277 267 277 287 277 287 279 269 279 288 278 288 286 276 286 284 274 284 287 277 287 286 276 286 289 279 289 288 278 288 289 279 289 286 276 286 287 277 287 290 280 290 279 269 279 289 279 289 290 280 290 287 277 287 291 281 291 284 274 284 111 101 111 291 281 291 111 101 111 113 103 113 113 103 113 292 282 292 291 281 291 291 281 291 293 283 293 284 274 284 284 274 284 293 283 293 288 278 288 291 281 291 292 282 292 294 284 294 294 284 294 293 283 293 291 281 291 292 282 292 295 285 295 294 284 294 288 278 288 293 283 293 296 286 296 294 284 294 295 285 295 297 287 297 295 285 295 298 288 298 297 287 297 297 287 297 298 288 298 299 289 299 299 289 299 300 290 300 297 287 297 294 284 294 301 291 301 293 283 293 297 287 297 301 291 301 294 284 294 297 287 297 300 290 300 301 291 301 293 283 293 301 291 301 296 286 296 301 291 301 300 290 300 302 292 302 296 286 296 301 291 301 302 292 302 302 292 302 300 290 300 303 293 303 288 278 288 296 286 296 304 294 304 304 294 304 289 279 289 288 278 288 296 286 296 302 292 302 305 295 305 304 294 304 296 286 296 305 295 305 302 292 302 303 293 303 306 296 306 305 295 305 302 292 302 306 296 306 306 296 306 303 293 303 307 297 307 307 297 307 308 298 308 306 296 306 306 296 306 308 298 308 309 299 309 306 296 306 309 299 309 305 295 305 308 298 308 217 207 217 309 299 309 309 299 309 217 207 217 220 210 220 305 295 305 309 299 309 310 300 310 220 210 220 310 300 310 309 299 309 305 295 305 310 300 310 304 294 304 311 301 311 310 300 310 220 210 220 311 301 311 220 210 220 219 209 219 304 294 304 310 300 310 312 302 312 311 301 311 312 302 312 310 300 310 312 302 312 289 279 289 304 294 304 224 214 224 311 301 311 219 209 219 313 303 313 289 279 289 312 302 312 314 304 314 312 302 312 311 301 311 314 304 314 311 301 311 224 214 224 312 302 312 314 304 314 313 303 313 313 303 313 290 280 290 289 279 289 224 214 224 315 305 315 314 304 314 224 214 224 223 213 223 315 305 315 229 219 229 315 305 315 223 213 223 313 303 313 314 304 314 316 306 316 314 304 314 315 305 315 316 306 316 317 307 317 290 280 290 313 303 313 313 303 313 316 306 316 318 308 318 313 303 313 318 308 318 317 307 317 317 307 317 319 309 319 290 280 290 279 269 279 290 280 290 319 309 319 317 307 317 318 308 318 320 310 320 320 310 320 319 309 319 317 307 317 279 269 279 319 309 319 321 311 321 278 268 278 279 269 279 321 311 321 321 311 321 319 309 319 322 312 322 322 312 322 319 309 319 320 310 320 321 311 321 323 313 323 278 268 278 321 311 321 322 312 322 323 313 323 278 268 278 323 313 323 324 314 324 280 270 280 278 268 278 324 314 324 280 270 280 324 314 324 325 315 325 283 273 283 280 270 280 325 315 325 324 314 324 323 313 323 326 316 326 283 273 283 325 315 325 327 317 327 285 275 285 283 273 283 327 317 327 325 315 325 324 314 324 328 318 328 324 314 324 326 316 326 328 318 328 327 317 327 325 315 325 329 319 329 325 315 325 328 318 328 329 319 329 285 275 285 327 317 327 330 320 330 327 317 327 329 319 329 331 321 331 330 320 330 327 317 327 331 321 331 331 321 331 329 319 329 332 322 332 285 275 285 330 320 330 333 323 333 329 319 329 334 324 334 332 322 332 329 319 329 328 318 328 334 324 334 328 318 328 326 316 326 334 324 334 332 322 332 334 324 334 335 325 335 333 323 333 330 320 330 336 326 336 333 323 333 274 264 274 285 275 285 334 324 334 337 327 337 335 325 335 334 324 334 326 316 326 337 327 337 335 325 335 337 327 337 338 328 338 337 327 337 339 329 339 338 328 338 340 330 340 339 329 339 337 327 337 337 327 337 326 316 326 340 330 340 340 330 340 341 331 341 339 329 339 340 330 340 326 316 326 342 332 342 326 316 326 323 313 323 342 332 342 343 333 343 341 331 341 340 330 340 340 330 340 342 332 342 343 333 343 343 333 343 344 334 344 341 331 341 323 313 323 345 335 345 342 332 342 343 333 343 342 332 342 345 335 345 322 312 322 345 335 345 323 313 323 346 336 346 344 334 344 343 333 343 345 335 345 346 336 346 343 333 343 346 336 346 347 337 347 344 334 344 348 338 348 346 336 346 345 335 345 345 335 345 322 312 322 348 338 348 349 339 349 347 337 347 346 336 346 346 336 346 348 338 348 349 339 349 348 338 348 322 312 322 350 340 350 349 339 349 348 338 348 350 340 350 349 339 349 351 341 351 347 337 347 347 337 347 351 341 351 352 342 352 353 343 353 349 339 349 350 340 350 351 341 351 349 339 349 353 343 353 354 344 354 350 340 350 322 312 322 354 344 354 353 343 353 350 340 350 320 310 320 354 344 354 322 312 322 353 343 353 355 345 355 351 341 351 353 343 353 354 344 354 355 345 355 356 346 356 352 342 352 351 341 351 351 341 351 355 345 355 356 346 356 357 347 357 352 342 352 356 346 356 358 348 358 356 346 356 355 345 355 356 346 356 359 349 359 357 347 357 359 349 359 356 346 356 358 348 358 357 347 357 359 349 359 360 350 360 358 348 358 355 345 355 361 351 361 361 351 361 355 345 355 354 344 354 359 349 359 362 352 362 360 350 360 360 350 360 362 352 362 363 353 363 362 352 362 364 354 364 363 353 363 358 348 358 365 355 365 359 349 359 359 349 359 365 355 365 362 352 362 358 348 358 361 351 361 365 355 365 366 356 366 364 354 364 362 352 362 365 355 365 366 356 366 362 352 362 364 354 364 366 356 366 367 357 367 368 358 368 366 356 366 365 355 365 367 357 367 366 356 366 369 359 369 368 358 368 369 359 369 366 356 366 369 359 369 336 326 336 367 357 367 333 323 333 336 326 336 369 359 369 370 360 370 333 323 333 369 359 369 370 360 370 369 359 369 368 358 368 274 264 274 333 323 333 370 360 370 370 360 370 263 253 263 274 264 274 371 361 371 370 360 370 368 358 368 263 253 263 370 360 370 371 361 371 365 355 365 371 361 371 368 358 368 365 355 365 361 351 361 371 361 371 263 253 263 371 361 371 372 362 372 254 244 254 263 253 263 372 362 372 254 244 254 372 362 372 251 241 251 373 363 373 372 362 372 371 361 371 251 241 251 372 362 372 373 363 373 371 361 371 361 351 361 373 363 373 252 242 252 251 241 251 373 363 373 373 363 373 361 351 361 374 364 374 354 344 354 374 364 374 361 351 361 375 365 375 252 242 252 373 363 373 247 237 247 252 242 252 375 365 375 374 364 374 376 366 376 373 363 373 373 363 373 376 366 376 375 365 375 354 344 354 377 367 377 374 364 374 377 367 377 354 344 354 320 310 320 320 310 320 318 308 318 377 367 377 318 308 318 378 368 378 377 367 377 318 308 318 316 306 316 378 368 378 374 364 374 377 367 377 379 369 379 377 367 377 378 368 378 379 369 379 380 370 380 374 364 374 379 369 379 378 368 378 380 370 380 379 369 379 316 306 316 381 371 381 378 368 378 381 371 381 380 370 380 378 368 378 315 305 315 381 371 381 316 306 316 382 372 382 374 364 374 380 370 380 382 372 382 376 366 376 374 364 374 381 371 381 383 373 383 380 370 380 383 373 383 382 372 382 380 370 380 315 305 315 384 374 384 381 371 381 384 374 384 383 373 383 381 371 381 384 374 384 315 305 315 229 219 229 385 375 385 384 374 384 229 219 229 383 373 383 384 374 384 385 375 385 229 219 229 228 218 228 385 375 385 385 375 385 386 376 386 383 373 383 386 376 386 382 372 382 383 373 383 385 375 385 228 218 228 387 377 387 387 377 387 386 376 386 385 375 385 387 377 387 228 218 228 388 378 388 388 378 388 228 218 228 231 221 231 231 221 231 233 223 233 388 378 388 389 379 389 387 377 387 388 378 388 389 379 389 386 376 386 387 377 387 388 378 388 233 223 233 390 380 390 390 380 390 233 223 233 237 227 237 237 227 237 256 246 256 390 380 390 388 378 388 390 380 390 391 381 391 389 379 389 388 378 388 391 381 391 390 380 390 256 246 256 392 382 392 392 382 392 391 381 391 390 380 390 256 246 256 393 383 393 392 382 392 393 383 393 256 246 256 259 249 259 394 384 394 391 381 391 392 382 392 259 249 259 395 385 395 393 383 393 392 382 392 393 383 393 396 386 396 392 382 392 396 386 396 394 384 394 393 383 393 395 385 395 397 387 397 393 383 393 397 387 397 396 386 396 396 386 396 397 387 397 398 388 398 399 389 399 395 385 395 259 249 259 259 249 259 250 240 250 399 389 399 400 390 400 395 385 395 399 389 399 396 386 396 398 388 398 401 391 401 394 384 394 396 386 396 401 391 401 401 391 401 398 388 398 402 392 402 403 393 403 400 390 400 399 389 399 404 394 404 400 390 400 403 393 403 405 395 405 399 389 399 250 240 250 403 393 403 399 389 399 405 395 405 247 237 247 405 395 405 250 240 250 247 237 247 375 365 375 405 395 405 406 396 406 403 393 403 405 395 405 405 395 405 375 365 375 406 396 406 407 397 407 404 394 404 403 393 403 407 397 407 403 393 403 406 396 406 408 398 408 404 394 404 407 397 407 406 396 406 375 365 375 409 399 409 409 399 409 407 397 407 406 396 406 375 365 375 376 366 376 409 399 409 410 400 410 408 398 408 407 397 407 410 400 410 407 397 407 409 399 409 411 401 411 408 398 408 410 400 410 410 400 410 412 402 412 411 401 411 413 403 413 412 402 412 410 400 410 409 399 409 413 403 413 410 400 410 413 403 413 414 404 414 412 402 412 409 399 409 376 366 376 415 405 415 415 405 415 413 403 413 409 399 409 416 406 416 414 404 414 413 403 413 413 403 413 415 405 415 416 406 416 414 404 414 416 406 416 417 407 417 376 366 376 418 408 418 415 405 415 416 406 416 415 405 415 418 408 418 382 372 382 418 408 418 376 366 376 417 407 417 416 406 416 419 409 419 416 406 416 418 408 418 419 409 419 419 409 419 420 410 420 417 407 417 418 408 418 382 372 382 421 411 421 419 409 419 418 408 418 421 411 421 382 372 382 422 412 422 421 411 421 386 376 386 422 412 422 382 372 382 421 411 421 423 413 423 419 409 419 422 412 422 423 413 423 421 411 421 423 413 423 420 410 420 419 409 419 386 376 386 424 414 424 422 412 422 422 412 422 424 414 424 423 413 423 425 415 425 420 410 420 423 413 423 423 413 423 424 414 424 425 415 425 426 416 426 420 410 420 425 415 425 386 376 386 427 417 427 424 414 424 427 417 427 425 415 425 424 414 424 386 376 386 389 379 389 427 417 427 428 418 428 426 416 426 425 415 425 428 418 428 425 415 425 427 417 427 429 419 429 426 416 426 428 418 428 427 417 427 389 379 389 430 420 430 430 420 430 428 418 428 427 417 427 431 421 431 429 419 429 428 418 428 431 421 431 428 418 428 430 420 430 432 422 432 429 419 429 431 421 431 389 379 389 433 423 433 430 420 430 433 423 433 431 421 431 430 420 430 391 381 391 433 423 433 389 379 389 391 381 391 394 384 394 433 423 433 401 391 401 433 423 433 394 384 394 434 424 434 432 422 432 431 421 431 434 424 434 431 421 431 433 423 433 434 424 434 433 423 433 401 391 401 435 425 435 432 422 432 434 424 434 401 391 401 402 392 402 434 424 434 434 424 434 402 392 402 435 425 435 436 426 436 437 78 437 438 80 438 439 427 439 437 78 437 436 426 436 439 427 439 436 426 436 440 428 440 437 78 437 439 427 439 441 82 441 439 427 439 440 428 440 442 429 442 442 429 442 440 428 440 443 430 443 444 431 444 442 429 442 443 430 443 441 82 441 439 427 439 445 432 445 446 433 446 442 429 442 444 431 444 446 433 446 444 431 444 447 434 447 442 429 442 448 435 448 439 427 439 442 429 442 446 433 446 448 435 448 439 427 439 448 435 448 445 432 445 446 433 446 447 434 447 449 436 449 449 436 449 447 434 447 450 437 450 451 438 451 449 436 449 450 437 450 448 435 448 446 433 446 452 439 452 446 433 446 449 436 449 452 439 452 453 440 453 449 436 449 451 438 451 453 440 453 451 438 451 454 441 454 452 439 452 449 436 449 455 442 455 449 436 449 453 440 453 455 442 455 456 443 456 448 435 448 452 439 452 453 440 453 454 441 454 457 444 457 457 444 457 454 441 454 458 445 458 458 445 458 459 446 459 457 444 457 455 442 455 453 440 453 460 447 460 453 440 453 457 444 457 460 447 460 461 448 461 452 439 452 455 442 455 456 443 456 452 439 452 461 448 461 462 449 462 455 442 455 460 447 460 461 448 461 455 442 455 462 449 462 460 447 460 457 444 457 463 450 463 462 449 462 460 447 460 464 451 464 464 451 464 460 447 460 463 450 463 457 444 457 465 452 465 463 450 463 465 452 465 464 451 464 463 450 463 457 444 457 459 446 459 466 453 466 466 453 466 465 452 465 457 444 457 466 453 466 459 446 459 467 454 467 468 455 468 464 451 464 465 452 465 466 453 466 467 454 467 469 456 469 469 456 469 467 454 467 470 457 470 466 453 466 471 458 471 465 452 465 469 456 469 471 458 471 466 453 466 471 458 471 468 455 468 465 452 465 470 457 470 472 459 472 469 456 469 464 451 464 468 455 468 473 460 473 464 451 464 473 460 473 462 449 462 469 456 469 472 459 472 474 461 474 474 461 474 472 459 472 475 462 475 462 449 462 473 460 473 476 463 476 462 449 462 476 463 476 461 448 461 474 461 474 475 462 475 477 464 477 477 464 477 475 462 475 478 465 478 478 465 478 479 466 479 477 464 477 474 461 474 480 467 480 469 456 469 469 456 469 480 467 480 471 458 471 477 464 477 481 468 481 474 461 474 474 461 474 481 468 481 480 467 480 477 464 477 479 466 479 482 469 482 482 469 482 481 468 481 477 464 477 482 469 482 479 466 479 483 470 483 484 170 484 483 470 483 485 171 485 482 469 482 483 470 483 484 170 484 484 170 484 486 172 486 482 469 482 482 469 482 486 172 486 487 471 487 487 471 487 481 468 481 482 469 482 486 172 486 488 472 488 487 471 487 489 174 489 488 472 488 486 172 486 487 471 487 490 473 490 481 468 481 488 472 488 490 473 490 487 471 487 490 473 490 491 474 491 481 468 481 481 468 481 491 474 491 480 467 480 490 473 490 488 472 488 492 475 492 491 474 491 493 476 493 480 467 480 480 467 480 493 476 493 471 458 471 493 476 493 468 455 468 471 458 471 491 474 491 490 473 490 494 477 494 491 474 491 494 477 494 493 476 493 494 477 494 490 473 490 492 475 492 468 455 468 493 476 493 495 478 495 473 460 473 468 455 468 495 478 495 493 476 493 494 477 494 496 479 496 495 478 495 493 476 493 496 479 496 473 460 473 495 478 495 497 480 497 473 460 473 497 480 497 476 463 476 495 478 495 496 479 496 498 481 498 497 480 497 495 478 495 498 481 498 496 479 496 494 477 494 499 482 499 498 481 498 496 479 496 499 482 499 499 482 499 494 477 494 500 483 500 494 477 494 492 475 492 500 483 500 499 482 499 501 484 501 498 481 498 500 483 500 502 485 502 499 482 499 499 482 499 502 485 502 501 484 501 500 483 500 492 475 492 503 486 503 498 481 498 501 484 501 504 487 504 498 481 498 504 487 504 497 480 497 503 486 503 505 488 505 500 483 500 500 483 500 505 488 505 502 485 502 492 475 492 506 489 506 503 486 503 492 475 492 488 472 488 506 489 506 488 472 488 489 174 489 506 489 506 506 489 506 489 174 489 507 176 507 507 176 507 508 179 508 506 489 506 506 489 506 508 179 508 509 490 509 503 486 503 506 489 506 509 490 509 508 179 508 510 184 510 509 490 509 509 490 509 511 491 511 503 486 503 509 490 509 510 184 510 511 491 511 503 486 503 511 491 511 505 488 505 512 185 512 511 491 511 510 184 510 505 488 505 511 491 511 513 492 513 513 492 513 502 485 502 505 488 505 514 493 514 511 491 511 512 185 512 513 492 513 511 491 511 514 493 514 512 185 512 515 188 515 514 493 514 516 494 516 502 485 502 513 492 513 516 494 516 501 484 501 502 485 502 513 492 513 514 493 514 517 495 517 513 492 513 517 495 517 516 494 516 514 493 514 515 188 515 518 496 518 517 495 517 514 493 514 518 496 518 515 188 515 519 192 519 518 496 518 520 497 520 501 484 501 516 494 516 520 497 520 504 487 504 501 484 501 518 496 518 519 192 519 521 498 521 519 192 519 522 195 522 521 498 521 521 498 521 522 195 522 523 499 523 524 500 524 521 498 521 523 499 523 525 501 525 518 496 518 521 498 521 525 501 525 521 498 521 524 500 524 517 495 517 518 496 518 525 501 525 525 501 525 524 500 524 526 502 526 526 502 526 524 500 524 527 503 527 528 504 528 526 502 526 527 503 527 517 495 517 525 501 525 529 505 529 529 505 529 525 501 525 526 502 526 516 494 516 517 495 517 529 505 529 530 506 530 526 502 526 528 504 528 530 506 530 529 505 529 526 502 526 531 507 531 530 506 530 528 504 528 532 508 532 516 494 516 529 505 529 532 508 532 529 505 529 530 506 530 520 497 520 516 494 516 532 508 532 533 509 533 530 506 530 531 507 531 533 509 533 532 508 532 530 506 530 534 510 534 533 509 533 531 507 531 520 497 520 532 508 532 535 511 535 535 511 535 504 487 504 520 497 520 536 512 536 532 508 532 533 509 533 535 511 535 532 508 532 536 512 536 537 513 537 533 509 533 534 510 534 537 513 537 536 512 536 533 509 533 538 514 538 535 511 535 536 512 536 538 514 538 536 512 536 537 513 537 535 511 535 539 515 539 504 487 504 539 515 539 535 511 535 538 514 538 504 487 504 539 515 539 540 516 540 497 480 497 504 487 504 540 516 540 539 515 539 541 517 541 540 516 540 541 517 541 497 480 497 540 516 540 538 514 538 542 518 542 539 515 539 542 518 542 541 517 541 539 515 539 537 513 537 543 519 543 538 514 538 543 519 543 542 518 542 538 514 538 537 513 537 534 510 534 544 520 544 544 520 544 543 519 543 537 513 537 544 520 544 534 510 534 545 521 545 543 519 543 546 522 546 542 518 542 543 519 543 544 520 544 546 522 546 544 520 544 545 521 545 547 523 547 546 522 546 544 520 544 547 523 547 547 523 547 545 521 545 548 524 548 542 518 542 546 522 546 549 525 549 542 518 542 549 525 549 541 517 541 547 523 547 548 524 548 550 526 550 550 526 550 548 524 548 551 527 551 551 527 551 552 528 552 550 526 550 546 522 546 547 523 547 553 529 553 553 529 553 547 523 547 550 526 550 550 526 550 552 528 552 554 530 554 550 526 550 554 530 554 553 529 553 554 530 554 552 528 552 555 531 555 555 531 555 552 528 552 556 532 556 556 532 556 557 288 557 555 531 555 555 531 555 557 288 557 558 285 558 555 531 555 558 285 558 559 533 559 559 533 559 554 530 554 555 531 555 559 533 559 558 285 558 560 282 560 553 529 553 554 530 554 561 534 561 561 534 561 554 530 554 559 533 559 559 533 559 560 282 560 562 535 562 562 535 562 561 534 561 559 533 559 562 535 562 560 282 560 563 103 563 553 529 553 561 534 561 564 536 564 564 536 564 546 522 546 553 529 553 549 525 549 546 522 546 564 536 564 565 537 565 561 534 561 562 535 562 564 536 564 561 534 561 565 537 565 562 535 562 563 103 563 566 538 566 562 535 562 566 538 566 565 537 565 566 538 566 563 103 563 567 102 567 549 525 549 564 536 564 568 539 568 541 517 541 549 525 549 568 539 568 564 536 564 565 537 565 569 540 569 568 539 568 564 536 564 569 540 569 565 537 565 566 538 566 570 541 570 569 540 569 565 537 565 570 541 570 567 102 567 571 542 571 566 538 566 572 96 572 571 542 571 567 102 567 570 541 570 566 538 566 573 543 573 573 543 573 566 538 566 571 542 571 571 542 571 572 96 572 574 544 574 574 544 574 573 543 573 571 542 571 574 544 574 572 96 572 575 93 575 576 85 576 574 544 574 575 93 575 577 545 577 570 541 570 573 543 573 569 540 569 570 541 570 577 545 577 578 546 578 573 543 573 574 544 574 578 546 578 577 545 577 573 543 573 579 547 579 574 544 574 576 85 576 579 547 579 578 546 578 574 544 574 576 85 576 441 82 441 579 547 579 579 547 579 441 82 441 445 432 445 579 547 579 445 432 445 580 548 580 580 548 580 578 546 578 579 547 579 580 548 580 445 432 445 448 435 448 580 548 580 448 435 448 456 443 456 578 546 578 580 548 580 581 549 581 581 549 581 580 548 580 456 443 456 581 549 581 577 545 577 578 546 578 461 448 461 581 549 581 456 443 456 581 549 581 582 550 582 577 545 577 582 550 582 569 540 569 577 545 577 568 539 568 569 540 569 582 550 582 583 551 583 581 549 581 461 448 461 583 551 583 582 550 582 581 549 581 461 448 461 476 463 476 583 551 583 584 552 584 568 539 568 582 550 582 583 551 583 584 552 584 582 550 582 476 463 476 584 552 584 583 551 583 541 517 541 568 539 568 584 552 584 476 463 476 497 480 497 584 552 584 584 552 584 497 480 497 541 517 541 585 553 585 586 554 586 587 555 587 587 555 587 586 554 586 588 556 588 587 555 587 589 557 589 585 553 585 590 558 590 587 555 587 588 556 588 591 559 591 589 557 589 587 555 587 591 559 591 587 555 587 590 558 590 591 559 591 592 560 592 589 557 589 593 561 593 591 559 591 590 558 590 594 562 594 592 560 592 591 559 591 594 562 594 591 559 591 593 561 593 594 562 594 595 563 595 592 560 592 596 564 596 595 563 595 594 562 594 593 561 593 596 564 596 594 562 594 597 565 597 596 564 596 593 561 593 597 565 597 598 566 598 596 564 596 599 567 599 598 566 598 597 565 597 600 568 600 598 566 598 599 567 599 598 566 598 601 569 601 596 564 596 600 568 600 602 570 602 598 566 598 602 570 602 601 569 601 598 566 598 600 568 600 603 571 603 602 570 602 602 570 602 603 571 603 601 569 601 600 568 600 604 572 604 603 571 603 600 568 600 605 573 605 604 572 604 604 572 604 605 573 605 606 574 606 604 572 604 606 574 606 603 571 603 606 574 606 605 573 605 607 575 607 601 569 601 603 571 603 608 576 608 603 571 603 606 574 606 608 576 608 606 574 606 607 575 607 609 577 609 606 574 606 609 577 609 608 576 608 609 577 609 607 575 607 610 578 610 607 575 607 611 579 611 610 578 610 610 578 610 611 579 611 612 580 612 610 578 610 612 580 612 613 581 613 610 578 610 613 581 613 609 577 609 613 581 613 612 580 612 614 582 614 613 581 613 614 582 614 615 583 615 615 583 615 614 582 614 616 584 616 616 584 616 617 585 617 615 583 615 613 581 613 615 583 615 618 586 618 609 577 609 613 581 613 618 586 618 615 583 615 617 585 617 619 587 619 618 586 618 615 583 615 619 587 619 617 585 617 620 588 620 619 587 619 619 587 619 620 588 620 618 586 618 621 589 621 620 588 620 617 585 617 618 586 618 620 588 620 622 590 622 620 588 620 621 589 621 622 590 622 622 590 622 609 577 609 618 586 618 622 590 622 621 589 621 623 591 623 624 592 624 622 590 622 623 591 623 625 593 625 609 577 609 622 590 622 625 593 625 622 590 622 624 592 624 608 576 608 609 577 609 625 593 625 626 594 626 625 593 625 624 592 624 608 576 608 625 593 625 626 594 626 601 569 601 608 576 608 627 595 627 601 569 601 627 595 627 596 564 596 627 595 627 608 576 608 628 596 628 608 576 608 629 597 626 628 596 628 628 596 628 629 597 626 630 598 629 628 596 628 630 598 629 631 599 630 628 596 628 631 599 630 627 595 627 631 599 630 630 598 629 632 600 631 632 600 631 633 601 632 631 599 630 596 564 596 627 595 627 634 602 633 596 564 596 634 602 633 635 603 595 635 603 595 634 602 633 636 604 634 631 599 630 633 601 632 637 605 635 634 602 633 638 606 636 636 604 634 634 602 633 627 595 627 638 606 636 636 604 634 638 606 636 639 607 637 633 601 632 640 608 638 637 605 635 638 606 636 641 609 639 639 607 637 639 607 637 641 609 639 642 610 640 642 610 640 641 609 639 640 608 638 638 606 636 627 595 627 643 611 641 643 611 641 641 609 639 638 606 636 627 595 627 631 599 630 643 611 641 631 599 630 637 605 635 643 611 641 640 608 638 641 609 639 644 612 642 644 612 642 641 609 639 643 611 641 637 605 635 640 608 638 644 612 642 643 611 641 637 605 635 644 612 642 645 613 643 646 614 644 647 554 645 647 554 645 646 614 644 648 556 646 649 615 647 646 614 644 645 613 643 648 556 646 646 614 644 650 558 648 651 616 649 646 614 644 649 615 647 650 558 648 646 614 644 651 616 649 652 617 650 651 616 649 649 615 647 651 616 649 653 561 651 650 558 648 654 618 652 651 616 649 652 617 650 654 618 652 653 561 651 651 616 649 655 619 653 654 618 652 652 617 650 656 620 654 654 618 652 655 619 653 656 620 654 653 561 651 654 618 652 657 565 655 653 561 651 656 620 654 658 621 656 657 565 655 656 620 654 659 567 657 657 565 655 658 621 656 660 568 658 659 567 657 658 621 656 656 620 654 661 622 659 658 621 656 660 568 658 658 621 656 662 623 660 658 621 656 661 622 659 662 623 660 660 568 658 662 623 660 663 624 661 662 623 660 661 622 659 663 624 661 660 568 658 663 624 661 664 625 662 660 568 658 664 625 662 665 573 663 664 625 662 666 626 664 665 573 663 663 624 661 666 626 664 664 625 662 665 573 663 666 626 664 667 575 665 663 624 661 661 622 659 668 627 666 668 627 666 666 626 664 663 624 661 666 626 664 669 628 667 667 575 665 666 626 664 668 627 666 669 628 667 667 575 665 669 628 667 670 629 668 667 575 665 670 629 668 671 630 669 671 630 669 670 629 668 672 631 670 670 629 668 673 632 671 672 631 670 670 629 668 669 628 667 673 632 671 672 631 670 673 632 671 674 633 672 673 632 671 675 634 673 674 633 672 674 633 672 675 634 673 676 635 674 676 635 674 675 634 673 677 636 675 678 637 676 675 634 673 673 632 671 673 632 671 669 628 667 678 637 676 677 636 675 675 634 673 679 638 677 679 638 677 675 634 673 678 637 676 680 639 678 677 636 675 679 638 677 678 637 676 680 639 678 679 638 677 681 640 679 677 636 675 680 639 678 682 641 680 680 639 678 678 637 676 682 641 680 681 640 679 680 639 678 669 628 667 682 641 680 678 637 676 683 642 681 681 640 679 682 641 680 682 641 680 684 643 682 683 642 681 685 644 683 682 641 680 669 628 667 685 644 683 684 643 682 682 641 680 669 628 667 668 627 666 685 644 683 684 643 682 685 644 683 686 645 684 686 645 684 685 644 683 668 627 666 661 622 659 687 646 685 668 627 666 661 622 659 656 620 654 687 646 685 668 627 666 687 646 685 688 647 686 668 627 666 688 647 686 689 648 684 689 648 684 688 647 686 690 649 687 688 647 686 691 650 688 690 649 687 688 647 686 687 646 685 691 650 688 690 649 687 691 650 688 692 651 689 691 650 688 693 652 690 692 651 689 687 646 685 656 620 654 694 653 691 695 654 653 694 653 691 656 620 654 696 655 692 694 653 691 695 654 653 694 653 691 696 655 692 697 656 693 694 653 691 697 656 693 687 646 685 697 656 693 696 655 692 698 657 694 687 646 685 697 656 693 699 658 695 691 650 688 687 646 685 699 658 695 697 656 693 698 657 694 700 659 696 697 656 693 700 659 696 699 658 695 700 659 696 698 657 694 701 660 697 701 660 697 702 661 698 700 659 696 699 658 695 700 659 696 703 662 699 700 659 696 702 661 698 703 662 699 699 658 695 704 663 700 691 650 688 703 662 699 704 663 700 699 658 695 702 661 698 704 663 700 703 662 699 704 663 700 693 652 690 691 650 688 693 652 690 704 663 700 702 661 698 705 337 701 706 664 702 707 334 703 708 342 704 706 664 702 705 337 701 707 334 703 706 664 702 709 665 705 710 666 706 706 664 702 708 342 704 707 334 703 709 665 705 711 331 707 712 347 708 710 666 706 708 342 704 711 331 707 709 665 705 713 667 709 714 668 710 710 666 706 712 347 708 713 667 709 715 329 711 711 331 707 716 350 712 714 668 710 712 347 708 717 669 713 715 329 711 713 667 709 718 670 714 714 668 710 716 350 712 715 329 711 717 669 713 719 328 715 720 353 716 718 670 714 716 350 712 719 328 715 717 669 713 721 671 717 722 672 718 718 670 714 720 353 716 723 673 719 719 328 715 721 671 717 720 353 716 724 674 720 722 672 718 725 325 721 719 328 715 723 673 719 726 354 722 724 674 720 720 353 716 723 673 719 727 675 723 725 325 721 726 354 722 728 676 724 724 674 720 725 325 721 727 675 723 729 322 725 730 357 726 728 676 724 726 354 722 727 675 723 731 677 727 729 322 725 730 357 726 732 678 728 728 676 724 729 322 725 731 677 727 733 321 729 734 326 730 732 678 728 730 357 726 731 677 727 735 679 731 733 321 729 732 678 728 734 326 730 735 679 731 733 321 729 735 679 731 736 320 732 735 679 731 734 326 730 736 320 732 737 680 733 738 401 734 739 681 735 740 682 736 738 401 734 737 680 733 739 681 735 738 401 734 741 402 737 742 398 738 738 401 734 740 682 736 739 681 735 741 402 737 743 683 739 744 684 740 742 398 738 740 682 736 743 683 739 741 402 737 745 404 741 746 394 742 742 398 738 744 684 740 743 683 739 745 404 741 747 685 743 748 686 744 746 394 742 744 684 740 747 685 743 745 404 741 749 407 745 750 390 746 746 394 742 748 686 744 747 685 743 749 407 745 751 687 747 752 688 748 750 390 746 748 686 744 751 687 747 749 407 745 753 410 749 754 385 750 750 390 746 752 688 748 755 416 751 751 687 747 753 410 749 752 688 748 756 387 752 754 385 750 757 689 753 751 687 747 755 416 751 758 690 754 756 387 752 752 688 748 759 419 755 757 689 753 755 416 751 758 690 754 760 388 756 756 387 752 761 691 757 757 689 753 759 419 755 762 692 758 760 388 756 758 690 754 759 419 755 763 422 759 761 691 757 760 388 756 762 692 758 764 392 760 761 691 757 763 422 759 765 693 761 764 392 760 762 692 758 766 694 762 767 425 763 765 693 761 763 422 759 764 392 760 766 694 762 767 425 763 768 695 764 765 693 761 767 425 763 767 425 763 766 694 762 768 695 764 769 696 765 770 697 766 771 698 767 772 699 768 769 696 765 771 698 767 773 700 769 770 697 766 769 696 765 770 697 766 773 700 769 774 701 770 775 702 771 769 696 765 772 699 768 776 703 772 775 702 771 772 699 768 777 704 773 773 700 769 769 696 765 769 696 765 775 702 771 777 704 773 774 701 770 773 700 769 778 705 774 778 705 774 779 706 775 774 701 770 780 707 776 773 700 769 777 704 773 773 700 769 780 707 776 778 705 774 781 708 777 779 706 775 778 705 774 779 706 775 781 708 777 782 709 778 778 705 774 780 707 776 783 710 779 783 710 779 781 708 777 778 705 774 784 711 780 780 707 776 777 704 773 780 707 776 785 712 781 783 710 779 785 712 781 780 707 776 784 711 780 786 713 782 781 708 777 783 710 779 783 710 779 785 712 781 786 713 782 782 709 778 781 708 777 787 714 783 781 708 777 786 713 782 787 714 783 787 714 783 788 715 784 782 709 778 782 709 778 788 715 784 789 716 785 787 714 783 786 713 782 790 717 786 788 715 784 791 718 787 789 716 785 789 716 785 791 718 787 792 719 788 788 715 784 787 714 783 793 720 789 793 720 789 787 714 783 790 717 786 791 718 787 788 715 784 794 721 790 794 721 790 788 715 784 793 720 789 786 713 782 795 722 791 790 717 786 795 722 791 793 720 789 790 717 786 785 712 781 795 722 791 786 713 782 793 720 789 796 723 792 794 721 790 796 723 792 793 720 789 795 722 791 795 722 791 785 712 781 797 724 793 797 724 793 796 723 792 795 722 791 797 724 793 785 712 781 784 711 780 794 721 790 796 723 792 798 725 794 798 725 794 791 718 787 794 721 790 796 723 792 799 726 795 798 725 794 799 726 795 796 723 792 797 724 793 800 727 796 791 718 787 798 725 794 791 718 787 800 727 796 792 719 788 792 719 788 800 727 796 801 728 797 802 729 798 800 727 796 798 725 794 798 725 794 799 726 795 802 729 798 800 727 796 803 730 799 801 728 797 803 730 799 800 727 796 802 729 798 801 728 797 803 730 799 804 731 800 803 730 799 805 732 801 804 731 800 806 733 802 805 732 801 803 730 799 802 729 798 806 733 802 803 730 799 805 732 801 806 733 802 807 734 803 799 726 795 808 735 804 802 729 798 808 735 804 806 733 802 802 729 798 807 734 803 806 733 802 809 736 805 806 733 802 808 735 804 809 736 805 809 736 805 810 737 806 807 734 803 811 738 807 808 735 804 799 726 795 797 724 793 811 738 807 799 726 795 809 736 805 808 735 804 812 739 808 808 735 804 811 738 807 812 739 808 813 740 809 810 737 806 809 736 805 812 739 808 813 740 809 809 736 805 810 737 806 813 740 809 814 741 810 812 739 808 811 738 807 815 742 811 815 742 811 813 740 809 812 739 808 816 743 812 811 738 807 797 724 793 811 738 807 816 743 812 815 742 811 814 741 810 813 740 809 817 744 813 813 740 809 815 742 811 817 744 813 815 742 811 816 743 812 818 745 814 817 744 813 815 742 811 818 745 814 797 724 793 819 746 815 816 743 812 784 711 780 819 746 815 797 724 793 816 743 812 820 747 816 818 745 814 820 747 816 817 744 813 818 745 814 819 746 815 820 747 816 816 743 812 817 744 813 821 748 817 814 741 810 821 748 817 817 744 813 820 747 816 814 741 810 821 748 817 822 749 818 820 747 816 819 746 815 823 750 819 823 750 819 821 748 817 820 747 816 821 748 817 824 751 820 822 749 818 824 751 820 821 748 817 823 750 819 822 749 818 824 751 820 776 703 772 824 751 820 775 702 771 776 703 772 823 750 819 819 746 815 825 752 821 825 752 821 824 751 820 823 750 819 775 702 771 824 751 820 825 752 821 819 746 815 784 711 780 825 752 821 777 704 773 775 702 771 825 752 821 825 752 821 784 711 780 777 704 773 826 753 822 827 754 823 828 755 824 829 756 825 826 753 822 828 755 824 830 757 826 827 754 823 826 753 822 827 754 823 830 757 826 831 758 827 832 759 828 826 753 822 829 756 825 829 756 825 833 760 829 832 759 828 834 761 830 830 757 826 826 753 822 826 753 822 832 759 828 834 761 830 831 758 827 830 757 826 835 762 831 831 758 827 835 762 831 836 763 832 837 764 833 830 757 826 834 761 830 837 764 833 835 762 831 830 757 826 836 763 832 835 762 831 838 765 834 839 766 835 836 763 832 838 765 834 840 767 836 838 765 834 835 762 831 840 767 836 835 762 831 837 764 833 839 766 835 838 765 834 841 768 837 841 768 837 838 765 834 840 767 836 842 769 838 839 766 835 841 768 837 843 770 839 839 766 835 842 769 838 844 771 840 841 768 837 840 767 836 842 769 838 841 768 837 844 771 840 837 764 833 845 772 841 840 767 836 840 767 836 845 772 841 844 771 840 843 770 839 842 769 838 846 773 842 843 770 839 846 773 842 847 774 843 848 775 844 842 769 838 844 771 840 846 773 842 842 769 838 848 775 844 847 774 843 846 773 842 849 776 845 848 775 844 849 776 845 846 773 842 849 776 845 850 777 846 847 774 843 844 771 840 851 778 847 848 775 844 845 772 841 851 778 847 844 771 840 852 779 848 849 776 845 848 775 844 849 776 845 853 780 849 850 777 846 853 780 849 849 776 845 852 779 848 850 777 846 853 780 849 854 781 850 848 775 844 855 782 851 852 779 848 852 779 848 855 782 851 853 780 849 851 778 847 855 782 851 848 775 844 854 781 850 853 780 849 856 783 852 853 780 849 855 782 851 856 783 852 856 783 852 857 784 853 854 781 850 855 782 851 851 778 847 858 785 854 855 782 851 858 785 854 856 783 852 859 786 855 857 784 853 856 783 852 856 783 852 858 785 854 859 786 855 860 787 856 857 784 853 859 786 855 858 785 854 860 787 856 859 786 855 861 788 857 857 784 853 860 787 856 858 785 854 851 778 847 862 789 858 851 778 847 845 772 841 862 789 858 861 788 857 860 787 856 863 790 859 863 790 859 864 791 860 861 788 857 865 792 861 860 787 856 858 785 854 860 787 856 865 792 861 863 790 859 866 793 862 858 785 854 862 789 858 865 792 861 858 785 854 866 793 862 862 789 858 845 772 841 867 794 863 837 764 833 867 794 863 845 772 841 834 761 830 867 794 863 837 764 833 868 795 864 862 789 858 867 794 863 866 793 862 862 789 858 868 795 864 834 761 830 869 796 865 867 794 863 867 794 863 869 796 865 868 795 864 834 761 830 832 759 828 869 796 865 868 795 864 870 797 866 866 793 862 832 759 828 871 798 867 869 796 865 832 759 828 833 760 829 871 798 867 872 799 868 871 798 867 833 760 829 869 796 865 873 800 869 868 795 864 869 796 865 871 798 867 873 800 869 868 795 864 873 800 869 870 797 866 874 801 870 871 798 867 872 799 868 871 798 867 874 801 870 873 800 869 875 802 871 874 801 870 872 799 868 873 800 869 874 801 870 876 803 872 875 802 871 876 803 872 874 801 870 873 800 869 876 803 872 870 797 866 876 803 872 875 802 871 877 804 873 870 797 866 876 803 872 877 804 873 877 804 873 875 802 871 878 805 874 866 793 862 870 797 866 879 806 875 870 797 866 877 804 873 879 806 875 866 793 862 879 806 875 865 792 861 880 807 876 877 804 873 878 805 874 879 806 875 877 804 873 880 807 876 881 808 877 880 807 876 878 805 874 865 792 861 879 806 875 882 809 878 863 790 859 865 792 861 882 809 878 883 810 879 879 806 875 880 807 876 882 809 878 879 806 875 883 810 879 883 810 879 880 807 876 881 808 877 882 809 878 883 810 879 863 790 859 864 791 860 883 810 879 881 808 877 863 790 859 883 810 879 864 791 860 884 698 880 885 699 881 886 696 882 884 698 880 886 696 882 887 697 883 886 696 882 885 699 881 888 702 884 885 699 881 889 703 885 888 702 884 887 697 883 886 696 882 890 700 886 890 700 886 891 701 887 887 697 883 888 702 884 892 704 888 886 696 882 886 696 882 892 704 888 890 700 886 888 702 884 889 703 885 893 751 889 889 703 885 894 749 890 893 751 889 895 752 891 892 704 888 888 702 884 893 751 889 895 752 891 888 702 884 893 751 889 894 749 890 896 748 892 894 749 890 897 741 893 896 748 892 898 750 894 895 752 891 893 751 889 896 748 892 898 750 894 893 751 889 892 704 888 895 752 891 899 711 895 895 752 891 898 750 894 900 746 896 899 711 895 895 752 891 900 746 896 901 747 897 898 750 894 896 748 892 900 746 896 898 750 894 901 747 897 896 748 892 897 741 893 902 744 898 902 744 898 901 747 897 896 748 892 902 744 898 897 741 893 903 740 899 903 740 899 897 741 893 904 737 900 905 745 901 901 747 897 902 744 898 904 737 900 906 736 902 903 740 899 907 734 903 906 736 902 904 737 900 908 742 904 902 744 898 903 740 899 905 745 901 902 744 898 908 742 904 906 736 902 909 739 905 903 740 899 903 740 899 909 739 905 908 742 904 905 745 901 910 743 906 901 747 897 905 745 901 908 742 904 910 743 906 901 747 897 910 743 906 900 746 896 908 742 904 909 739 905 911 738 907 910 743 906 908 742 904 911 738 907 910 743 906 912 724 908 900 746 896 911 738 907 912 724 908 910 743 906 900 746 896 912 724 908 899 711 895 911 738 907 909 739 905 913 735 909 909 739 905 906 736 902 913 735 909 914 726 910 912 724 908 911 738 907 913 735 909 914 726 910 911 738 907 913 735 909 906 736 902 915 733 911 906 736 902 907 734 903 915 733 911 915 733 911 907 734 903 916 732 912 915 733 911 917 729 913 913 735 909 917 729 913 914 726 910 913 735 909 916 732 912 918 730 914 915 733 911 918 730 914 917 729 913 915 733 911 919 731 915 918 730 914 916 732 912 919 731 915 920 728 916 918 730 914 918 730 914 920 728 916 921 727 917 921 727 917 917 729 913 918 730 914 920 728 916 922 719 918 921 727 917 923 725 919 917 729 913 921 727 917 917 729 913 923 725 919 914 726 910 921 727 917 922 719 918 924 718 920 924 718 920 923 725 919 921 727 917 922 719 918 925 716 921 924 718 920 914 726 910 923 725 919 926 723 922 926 723 922 912 724 908 914 726 910 927 721 923 923 725 919 924 718 920 923 725 919 927 721 923 926 723 922 924 718 920 925 716 921 928 715 924 928 715 924 927 721 923 924 718 920 925 716 921 929 709 925 928 715 924 926 723 922 927 721 923 930 720 926 930 720 926 927 721 923 928 715 924 931 722 927 912 724 908 926 723 922 930 720 926 931 722 927 926 723 922 928 715 924 929 709 925 932 714 928 932 714 928 930 720 926 928 715 924 933 717 929 931 722 927 930 720 926 933 717 929 930 720 926 932 714 928 934 712 930 912 724 908 931 722 927 899 711 895 912 724 908 934 712 930 933 717 929 935 713 931 931 722 927 933 717 929 932 714 928 935 713 931 931 722 927 935 713 931 934 712 930 932 714 928 929 709 925 936 708 932 935 713 931 932 714 928 936 708 932 936 708 932 929 709 925 937 706 933 935 713 931 938 710 934 934 712 930 936 708 932 938 710 934 935 713 931 937 706 933 939 705 935 936 708 932 939 705 935 938 710 934 936 708 932 891 701 887 939 705 935 937 706 933 939 705 935 891 701 887 890 700 886 934 712 930 938 710 934 940 707 936 938 710 934 939 705 935 940 707 936 940 707 936 939 705 935 890 700 886 940 707 936 899 711 895 934 712 930 890 700 886 892 704 888 940 707 936 892 704 888 899 711 895 940 707 936 941 716 937 942 811 938 943 709 939 942 811 938 944 706 940 943 709 939 945 812 941 942 811 938 941 716 937 946 719 942 945 812 941 941 716 937 947 813 943 944 706 940 942 811 938 944 706 940 947 813 943 948 701 944 949 814 945 945 812 941 946 719 942 946 719 942 950 728 946 949 814 945 948 701 944 947 813 943 951 815 947 948 701 944 951 815 947 952 697 948 949 814 945 950 728 946 953 816 949 950 728 946 954 731 950 953 816 949 952 697 948 951 815 947 955 817 951 955 817 951 956 698 952 952 697 948 953 816 949 954 731 950 957 818 953 958 819 954 956 698 952 955 817 951 957 818 953 954 731 950 959 820 955 959 820 955 954 731 950 960 732 956 957 818 953 961 821 957 953 816 949 957 818 953 959 820 955 961 821 957 959 820 955 960 732 956 962 822 958 962 822 958 960 732 956 963 734 959 961 821 957 959 820 955 964 823 960 959 820 955 962 822 958 964 823 960 953 816 949 961 821 957 965 824 961 965 824 961 949 814 945 953 816 949 962 822 958 963 734 959 966 825 962 966 825 962 963 734 959 967 737 963 964 823 960 962 822 958 968 826 964 962 822 958 966 825 962 968 826 964 961 821 957 964 823 960 969 827 965 961 821 957 969 827 965 965 824 961 964 823 960 968 826 964 970 828 966 969 827 965 964 823 960 970 828 966 971 829 967 949 814 945 965 824 961 949 814 945 971 829 967 945 812 941 965 824 961 972 830 968 971 829 967 965 824 961 969 827 965 972 830 968 945 812 941 971 829 967 973 831 969 973 831 969 942 811 938 945 812 941 971 829 967 972 830 968 974 832 970 971 829 967 974 832 970 973 831 969 969 827 965 975 833 971 972 830 968 975 833 971 974 832 970 972 830 968 976 834 972 942 811 938 973 831 969 973 831 969 974 832 970 977 835 973 978 836 974 942 811 938 976 834 972 947 813 943 942 811 938 978 836 974 976 834 972 973 831 969 979 837 975 976 834 972 979 837 975 978 836 974 979 837 975 973 831 969 977 835 973 980 838 976 947 813 943 978 836 974 951 815 947 947 813 943 980 838 976 981 839 977 977 835 973 974 832 970 981 839 977 974 832 970 975 833 971 982 840 978 977 835 973 981 839 977 982 840 978 979 837 975 977 835 973 983 841 979 981 839 977 975 833 971 982 840 978 981 839 977 983 841 979 984 842 980 979 837 975 982 840 978 985 841 981 982 840 978 983 841 979 984 842 980 982 840 978 985 841 981 984 842 980 986 843 982 979 837 975 984 842 980 985 841 981 986 843 982 979 837 975 986 843 982 987 844 983 978 836 974 979 837 975 987 844 983 986 843 982 985 841 981 988 841 984 989 845 985 978 836 974 987 844 983 980 838 976 978 836 974 989 845 985 986 843 982 990 846 986 987 844 983 987 844 983 990 846 986 989 845 985 988 841 984 990 846 986 986 843 982 990 846 986 991 847 987 989 845 985 991 847 987 990 846 986 988 841 984 992 848 988 980 838 976 989 845 985 989 845 985 991 847 987 992 848 988 993 849 989 980 838 976 992 848 988 993 849 989 951 815 947 980 838 976 955 817 951 951 815 947 993 849 989 994 850 990 993 849 989 992 848 988 991 847 987 994 850 990 992 848 988 995 851 991 955 817 951 993 849 989 995 851 991 993 849 989 994 850 990 958 819 954 955 817 951 995 851 991 996 852 992 994 850 990 991 847 987 958 819 954 995 851 991 997 853 993 997 853 993 956 698 952 958 819 954 998 699 994 956 698 952 997 853 993 996 852 992 991 847 987 999 841 995 999 841 995 991 847 987 988 841 984 1000 854 996 998 699 994 997 853 993 1001 703 997 998 699 994 1000 854 996 997 853 993 995 851 991 1002 855 998 1002 855 998 1000 854 996 997 853 993 995 851 991 994 850 990 1002 855 998 1000 854 996 1003 856 999 1001 703 997 1001 703 997 1003 856 999 1004 749 1000 1005 857 1001 1000 854 996 1002 855 998 1000 854 996 1005 857 1001 1003 856 999 1002 855 998 994 850 990 1006 858 1002 1002 855 998 1006 858 1002 1005 857 1001 994 850 990 1007 859 1003 1006 858 1002 996 852 992 1007 859 1003 994 850 990 996 852 992 999 841 995 1007 859 1003 1005 857 1001 1006 858 1002 1008 860 1004 1007 859 1003 1008 860 1004 1006 858 1002 1003 856 999 1005 857 1001 1009 861 1005 1005 857 1001 1008 860 1004 1009 861 1005 1003 856 999 1010 862 1006 1004 749 1000 1009 861 1005 1010 862 1006 1003 856 999 1004 749 1000 1010 862 1006 1011 741 1007 1010 862 1006 967 737 963 1011 741 1007 966 825 962 967 737 963 1010 862 1006 966 825 962 1010 862 1006 1012 863 1008 968 826 964 966 825 962 1012 863 1008 1013 864 1009 1010 862 1006 1009 861 1005 1012 863 1008 1010 862 1006 1013 864 1009 1013 864 1009 1009 861 1005 1014 865 1010 1013 864 1009 1014 865 1010 1012 863 1008 1009 861 1005 1008 860 1004 1015 866 1011 1014 865 1010 1009 861 1005 1015 866 1011 1016 867 1012 1015 866 1011 1008 860 1004 1016 867 1012 1008 860 1004 1007 859 1003 1017 868 1013 1015 866 1011 1016 867 1012 1017 868 1013 1014 865 1010 1015 866 1011 1018 869 1014 1016 867 1012 1007 859 1003 1017 868 1013 1016 867 1012 1018 869 1014 1007 859 1003 999 841 995 1018 869 1014 1019 870 1015 1014 865 1010 1017 868 1013 999 841 995 1020 869 1016 1018 869 1014 988 841 984 1020 869 1016 999 841 995 985 841 981 1020 869 1016 988 841 984 983 841 979 1020 869 1016 985 841 981 1021 841 1017 1017 868 1013 1018 869 1014 1018 869 1014 1020 869 1016 1021 841 1017 1019 870 1015 1017 868 1013 1021 841 1017 1022 841 1018 1020 869 1016 983 841 979 975 833 971 1022 841 1018 983 841 979 1021 841 1017 1020 869 1016 1023 841 1019 1023 841 1019 1020 869 1016 1022 841 1018 1019 870 1015 1021 841 1017 1024 871 1020 1024 871 1020 1021 841 1017 1023 841 1019 1019 870 1015 1024 871 1020 1014 865 1010 1025 872 1021 1022 841 1018 975 833 971 1025 872 1021 975 833 971 969 827 965 1025 872 1021 1026 873 1022 1022 841 1018 1025 872 1021 969 827 965 1026 873 1022 1022 841 1018 1026 873 1022 1023 841 1019 1026 873 1022 969 827 965 970 828 966 1023 841 1019 1027 874 1023 1024 871 1020 1026 873 1022 1027 874 1023 1023 841 1019 1014 865 1010 1024 871 1020 1028 875 1024 1024 871 1020 1027 874 1023 1028 875 1024 1012 863 1008 1014 865 1010 1028 875 1024 1027 874 1023 1026 873 1022 1029 876 1025 1028 875 1024 1027 874 1023 1029 876 1025 1029 876 1025 1026 873 1022 970 828 966 1029 876 1025 1012 863 1008 1028 875 1024 970 828 966 968 826 964 1029 876 1025 968 826 964 1012 863 1008 1029 876 1025 1030 862 1026 1031 737 1027 1032 741 1028 1033 749 1029 1030 862 1026 1032 741 1028 1034 825 1030 1031 737 1027 1030 862 1026 1034 825 1030 1035 734 1031 1031 737 1027 1036 856 1032 1030 862 1026 1033 749 1029 1037 703 1033 1036 856 1032 1033 749 1029 1038 822 1034 1035 734 1031 1034 825 1030 1038 822 1034 1039 732 1035 1035 734 1031 1040 854 1036 1036 856 1032 1037 703 1033 1037 703 1033 1041 699 1037 1040 854 1036 1042 820 1038 1039 732 1035 1038 822 1034 1042 820 1038 1043 731 1039 1039 732 1035 1040 854 1036 1041 699 1037 1044 853 1040 1041 699 1037 1045 698 1041 1044 853 1040 1046 818 1042 1043 731 1039 1042 820 1038 1044 853 1040 1045 698 1041 1047 819 1043 1048 816 1044 1043 731 1039 1046 818 1042 1049 728 1045 1043 731 1039 1048 816 1044 1047 819 1043 1045 698 1041 1050 817 1046 1050 817 1046 1045 698 1041 1051 697 1047 1052 851 1048 1044 853 1040 1047 819 1043 1050 817 1046 1052 851 1048 1047 819 1043 1051 697 1047 1053 815 1049 1050 817 1046 1054 701 1050 1053 815 1049 1051 697 1047 1055 849 1051 1052 851 1048 1050 817 1046 1053 815 1049 1055 849 1051 1050 817 1046 1056 855 1052 1044 853 1040 1052 851 1048 1044 853 1040 1056 855 1052 1040 854 1036 1055 849 1051 1057 850 1053 1052 851 1048 1052 851 1048 1057 850 1053 1056 855 1052 1040 854 1036 1056 855 1052 1058 857 1054 1058 857 1054 1036 856 1032 1040 854 1036 1056 855 1052 1057 850 1053 1059 858 1055 1056 855 1052 1059 858 1055 1058 857 1054 1060 861 1056 1036 856 1032 1058 857 1054 1036 856 1032 1060 861 1056 1030 862 1026 1058 857 1054 1059 858 1055 1061 860 1057 1058 857 1054 1061 860 1057 1060 861 1056 1062 859 1058 1061 860 1057 1059 858 1055 1059 858 1055 1057 850 1053 1062 859 1058 1060 861 1056 1061 860 1057 1063 866 1059 1064 867 1060 1061 860 1057 1062 859 1058 1064 867 1060 1063 866 1059 1061 860 1057 1030 862 1026 1060 861 1056 1065 864 1061 1063 866 1059 1066 865 1062 1060 861 1056 1060 861 1056 1066 865 1062 1065 864 1061 1065 864 1061 1067 863 1063 1030 862 1026 1065 864 1061 1066 865 1062 1067 863 1063 1030 862 1026 1067 863 1063 1034 825 1030 1068 868 1064 1063 866 1059 1064 867 1060 1068 868 1064 1066 865 1062 1063 866 1059 1067 863 1063 1069 826 1065 1034 825 1030 1034 825 1030 1069 826 1065 1038 822 1034 1067 863 1063 1066 865 1062 1070 875 1066 1069 826 1065 1071 823 1067 1038 822 1034 1038 822 1034 1071 823 1067 1042 820 1038 1067 863 1063 1072 876 1068 1069 826 1065 1070 875 1066 1072 876 1068 1067 863 1063 1069 826 1065 1073 828 1069 1071 823 1067 1072 876 1068 1073 828 1069 1069 826 1065 1071 823 1067 1074 821 1070 1042 820 1038 1042 820 1038 1074 821 1070 1046 818 1042 1074 821 1070 1048 816 1044 1046 818 1042 1073 828 1069 1075 827 1071 1071 823 1067 1071 823 1067 1075 827 1071 1074 821 1070 1073 828 1069 1072 876 1068 1076 873 1072 1076 873 1072 1075 827 1071 1073 828 1069 1077 824 1073 1048 816 1044 1074 821 1070 1074 821 1070 1075 827 1071 1077 824 1073 1048 816 1044 1077 824 1073 1078 814 1074 1078 814 1074 1049 728 1045 1048 816 1044 1079 719 1075 1049 728 1045 1078 814 1074 1077 824 1073 1075 827 1071 1080 830 1076 1078 814 1074 1081 812 1077 1079 719 1075 1079 719 1075 1081 812 1077 1082 716 1078 1078 814 1074 1077 824 1073 1083 829 1079 1083 829 1079 1081 812 1077 1078 814 1074 1077 824 1073 1080 830 1076 1083 829 1079 1081 812 1077 1084 811 1080 1082 716 1078 1082 716 1078 1084 811 1080 1085 709 1081 1084 811 1080 1086 706 1082 1085 709 1081 1087 831 1083 1081 812 1077 1083 829 1079 1081 812 1077 1087 831 1083 1084 811 1080 1083 829 1079 1080 830 1076 1088 832 1084 1088 832 1084 1087 831 1083 1083 829 1079 1089 813 1085 1086 706 1082 1084 811 1080 1086 706 1082 1089 813 1085 1054 701 1050 1054 701 1050 1089 813 1085 1053 815 1049 1084 811 1080 1087 831 1083 1090 834 1086 1089 813 1085 1091 838 1087 1053 815 1049 1091 838 1087 1055 849 1051 1053 815 1049 1084 811 1080 1092 836 1088 1089 813 1085 1090 834 1086 1092 836 1088 1084 811 1080 1092 836 1088 1091 838 1087 1089 813 1085 1091 838 1087 1093 848 1089 1055 849 1051 1093 848 1089 1057 850 1053 1055 849 1051 1094 845 1090 1093 848 1089 1091 838 1087 1092 836 1088 1094 845 1090 1091 838 1087 1095 847 1091 1057 850 1053 1093 848 1089 1093 848 1089 1094 845 1090 1095 847 1091 1096 852 1092 1057 850 1053 1095 847 1091 1062 859 1058 1057 850 1053 1096 852 1092 1095 847 1091 1094 845 1090 1097 846 1093 1098 841 1094 1062 859 1058 1096 852 1092 1095 847 1091 1098 841 1094 1096 852 1092 1094 845 1090 1099 844 1095 1097 846 1093 1099 844 1095 1094 845 1090 1092 836 1088 1097 846 1093 1100 869 1096 1095 847 1091 1100 869 1096 1098 841 1094 1095 847 1091 1097 846 1093 1099 844 1095 1101 843 1097 1101 843 1097 1100 869 1096 1097 846 1093 1092 836 1088 1102 837 1098 1099 844 1095 1099 844 1095 1102 837 1098 1101 843 1097 1090 834 1086 1102 837 1098 1092 836 1088 1087 831 1083 1102 837 1098 1090 834 1086 1100 869 1096 1101 843 1097 1103 869 1099 1104 835 1100 1102 837 1098 1087 831 1083 1104 835 1100 1087 831 1083 1088 832 1084 1101 843 1097 1102 837 1098 1105 842 1101 1103 869 1099 1101 843 1097 1105 842 1101 1105 842 1101 1102 837 1098 1106 840 1102 1106 840 1102 1102 837 1098 1104 835 1100 1106 840 1102 1103 869 1099 1105 842 1101 1088 832 1084 1107 839 1103 1104 835 1100 1104 835 1100 1107 839 1103 1106 840 1102 1107 839 1103 1088 832 1084 1108 833 1104 1108 833 1104 1088 832 1084 1080 830 1076 1107 839 1103 1109 841 1105 1106 840 1102 1109 841 1105 1103 869 1099 1106 840 1102 1108 833 1104 1109 841 1105 1107 839 1103 1080 830 1076 1075 827 1071 1108 833 1104 1103 869 1099 1109 841 1105 1110 869 1106 1110 869 1106 1100 869 1096 1103 869 1099 1098 841 1094 1100 869 1096 1110 869 1106 1108 833 1104 1075 827 1071 1111 872 1107 1111 872 1107 1075 827 1071 1076 873 1072 1109 841 1105 1108 833 1104 1112 841 1108 1112 841 1108 1108 833 1104 1111 872 1107 1110 869 1106 1109 841 1105 1112 841 1108 1076 873 1072 1112 841 1108 1111 872 1107 1110 869 1106 1113 841 1109 1098 841 1094 1113 841 1109 1062 859 1058 1098 841 1094 1062 859 1058 1113 841 1109 1064 867 1060 1064 867 1060 1113 841 1109 1068 868 1064 1112 841 1108 1114 841 1110 1110 869 1106 1114 841 1110 1112 841 1108 1076 873 1072 1115 841 1111 1113 841 1109 1110 869 1106 1113 841 1109 1115 841 1111 1068 868 1064 1110 869 1106 1114 841 1110 1115 841 1111 1068 868 1064 1115 841 1111 1116 870 1112 1116 870 1112 1066 865 1062 1068 868 1064 1115 841 1111 1117 871 1113 1116 870 1112 1117 871 1113 1066 865 1062 1116 870 1112 1114 841 1110 1117 871 1113 1115 841 1111 1070 875 1066 1066 865 1062 1117 871 1113 1117 871 1113 1114 841 1110 1118 874 1114 1118 874 1114 1070 875 1066 1117 871 1113 1118 874 1114 1114 841 1110 1076 873 1072 1072 876 1068 1070 875 1066 1118 874 1114 1076 873 1072 1072 876 1068 1118 874 1114</p>
                </triangles>
            </mesh>
        </geometry>
        <geometry id="pm0285_00_00_body_mesh_shape_body_a-geometry" name="pm0285_00_00_body_mesh_shape_body_a">
            <mesh>
                <source id="pm0285_00_00_body_mesh_shape_body_a-geometry-POSITION">
                    <float_array id="pm0285_00_00_body_mesh_shape_body_a-geometry-POSITION-array" count="3351">0.1686027 0.1418504 0.09687599 0.187403 0.1187189 0.1110149 0.1629005 0.1211351 0.09489372 0.177168 0.1087075 0.1084398 0.1442984 0.1171686 0.1190923 0.1997468 0.09763487 0.131584 0.1528564 0.1031464 0.1274114 0.1204395 0.1180799 0.1444236 0.190952 0.08931964 0.1300288 0.204886 0.08062296 0.1515312 0.1281818 0.1034484 0.1533813 0.09679075 0.1191323 0.1612092 0.1976214 0.07402743 0.1507314 0.2052398 0.06724316 0.1710776 0.169497 0.08428174 0.1468383 0.1491447 0.08428162 0.168517 0.1105468 0.109523 0.1785583 0.1007758 0.1337087 0.1732451 0.1137661 0.1196195 0.1885184 0.1359839 0.09770298 0.1994414 0.1337072 0.0893099 0.1910167 0.1559065 0.08043323 0.2039773 0.1546511 0.07383757 0.1967778 0.1769563 0.06651508 0.2022561 0.1667355 0.07025793 0.1803896 0.1738632 0.06286944 0.1971606 0.1848915 0.05977256 0.191098 0.1892011 0.06214906 0.1958009 0.199311 0.06214907 0.1850321 0.1823729 0.07003251 0.1635415 0.1943455 0.0597725 0.1810278 0.199398 0.06379574 0.1682456 0.1629005 0.1211351 0.09489372 0.1922838 0.1188777 0.106144 0.1686027 0.1418504 0.09687599 0.1846796 0.1088298 0.09888367 0.1740219 0.1176177 0.06306317 0.2178398 0.09770298 0.1040972 0.1879985 0.1030147 0.06828063 0.1811282 0.1177198 0.03215265 0.2116558 0.0893099 0.09793965 0.2373613 0.08043323 0.09806415 0.1970912 0.1030146 0.03364038 0.2326744 0.07383757 0.09245693 0.2547303 0.06651508 0.08604869 0.2137752 0.08428162 0.0707356 0.2495039 0.06286944 0.08318243 0.2349456 0.07025793 0.07222211 0.2560233 0.05977256 0.07241788 0.2621071 0.06214906 0.07433591 0.2654781 0.06214907 0.0599549 0.2205615 0.08428174 0.04178507 0.2400639 0.07003251 0.04981254 0.2591757 0.0597725 0.05896983 0.2636353 0.06724316 0.04490556 0.2571602 0.06379574 0.04537381 0.2468645 0.07402743 0.0310944 0.2535558 0.08062296 0.02815475 0.2307373 0.08931964 0.01650019 0.2391314 0.09763487 0.01344961 0.2092299 0.1088298 0.005355286 0.2194189 0.1188784 0.002765466 0.1854523 0.1227726 2.67827E-05 0.1972655 0.1420466 2.67827E-05 -2.229946E-17 0.1429377 -0.1990784 0.004686804 0.1193235 -0.2202722 -4.462645E-18 0.1136034 -0.1857147 0.007221375 0.1092752 -0.2100708 0.01536189 0.09763487 -0.2391046 0.03292312 0.1149973 -0.18289 0.01841246 0.08931964 -0.2307106 0.03006702 0.08062296 -0.253529 0.03543779 0.1034602 -0.1977818 0.03300667 0.07402743 -0.2468378 0.04681784 0.06724316 -0.2636085 0.04369735 0.08428174 -0.2205347 0.07002341 0.1034602 -0.1885047 0.06751787 0.1164844 -0.1735315 0.07264788 0.08428162 -0.2137485 0.1006022 0.1092753 -0.1850226 0.09679075 0.1191323 -0.1611556 0.107902 0.1193236 -0.1925861 0.09851661 0.1432339 -0.1695106 0.1060095 0.09770298 -0.217813 0.09985192 0.0893099 -0.211629 0.09997642 0.08043323 -0.2373345 0.0943692 0.07383757 -0.2326476 0.08796096 0.06651508 -0.2547035 0.07413439 0.07025793 -0.2349188 0.0850947 0.06286944 -0.2494771 0.07433014 0.05977256 -0.2559966 0.07624818 0.06214906 -0.2620803 0.06186717 0.06214907 -0.2654513 0.05172482 0.07003251 -0.2400371 0.0608821 0.0597725 -0.259149 0.04728609 0.06379574 -0.2571334 0.1629005 0.1211351 -0.09484015 0.1887776 0.1187185 -0.1130551 0.1686027 0.1418504 -0.09682242 0.1786331 0.1087075 -0.1101637 0.1442984 0.1171686 -0.1190388 0.2009866 0.09770298 -0.1365928 0.1537482 0.1031464 -0.1283621 0.1204395 0.1180799 -0.1443701 0.192562 0.0893099 -0.1343161 0.2055226 0.08043323 -0.1565154 0.1282814 0.1034484 -0.1535399 0.09679075 0.1191323 -0.1611556 0.1700623 0.08428162 -0.1497536 0.1983231 0.07383757 -0.15526 0.2038013 0.06651508 -0.1775652 0.09851661 0.1432339 -0.1695106 0.1127762 0.1196199 -0.1881942 0.1098732 0.109523 -0.1781435 0.1331293 0.09763487 -0.2003557 0.1315741 0.08931964 -0.1915609 0.1530765 0.08062296 -0.205495 0.1483835 0.08428174 -0.1701059 0.1522767 0.07402743 -0.1982304 0.1726229 0.06724316 -0.2058487 0.1819348 0.07025793 -0.1673444 0.1650867 0.07003251 -0.1829818 0.1697908 0.06379574 -0.2000069 0.1825731 0.0597725 -0.1949545 0.1865773 0.06214907 -0.1999199 0.1926432 0.05977256 -0.1855004 0.1973462 0.06214906 -0.1898101 0.1987059 0.06286944 -0.1744721 0.1686027 0.1418504 -0.09682242 0.190268 0.118878 -0.1065191 0.1629005 0.1211351 -0.09484015 0.1828925 0.1088298 -0.0990222 0.1740219 0.1176177 -0.0630096 0.2138053 0.09763487 -0.1066455 0.1871676 0.1030147 -0.06852911 0.2080611 0.08931964 -0.09980653 0.2336497 0.08062296 -0.1011226 0.1811282 0.1177198 -0.03209909 0.2293248 0.07402743 -0.09523117 0.2507543 0.06724316 -0.09165575 0.211891 0.08428174 -0.07282126 0.2453808 0.06379574 -0.08801266 0.2327943 0.07003251 -0.07562048 0.2539243 0.0597725 -0.07724595 0.2598748 0.06214907 -0.07954402 0.2579183 0.05977256 -0.06402341 0.264146 0.06214906 -0.06540421 0.2636139 0.06651508 -0.05157226 0.2395665 0.07025793 -0.05365406 0.2576545 0.06286944 -0.05144129 0.247717 0.07383757 -0.03499457 0.2545796 0.08043323 -0.03248205 0.2204892 0.08428162 -0.04435623 0.2322557 0.0893099 -0.01973713 0.24069 0.09770298 -0.01749649 0.1973425 0.1030147 -0.0341788 0.2103643 0.1088298 -0.006276622 0.220633 0.118878 -0.004005997 0.1854523 0.1227726 2.67827E-05 0.1972655 0.1420466 2.67827E-05 -0.1021475 0.1524197 0.1756206 -0.1007758 0.1337087 0.1732451 -0.1075612 0.119311 0.1907742 -0.105703 0.1281676 0.2020884 -0.1079412 0.09763487 0.2138321 -0.07355068 0.1583531 0.1919137 -0.1057486 0.1049116 0.2234554 -0.1024184 0.08062298 0.2336765 -0.0785047 0.1325563 0.2164605 -0.03504334 0.158102 0.2032693 -0.1003274 0.08645432 0.2419153 -0.0929515 0.06724317 0.2507811 -0.08172071 0.1093941 0.2367769 -0.04450016 0.1325564 0.2267318 -0.09202439 0.07565487 0.2538718 -0.05309223 0.1093892 0.2454297 -0.08107214 0.07087675 0.2623285 -0.08083977 0.06214908 0.2599016 -0.0828957 0.08948787 0.2523821 -0.06784957 0.07087675 0.2663224 -0.06669995 0.06214907 0.2641727 -0.05286799 0.06651508 0.2636406 -0.06073936 0.0894873 0.2590751 -0.05518417 0.07457352 0.2659653 -0.04006257 0.08626599 0.2603344 -0.03377779 0.08043323 0.2546064 -0.0254233 0.1049654 0.2479275 -0.01879224 0.09770299 0.2407168 -0.01270143 0.1273599 0.2313763 -0.006080156 0.1193103 0.2214277 -2.620477E-17 0.1514374 0.206809 -1.671745E-17 0.1392947 0.2089952 -0.1021475 0.1524197 0.1756206 -0.1137661 0.1196195 0.1885184 -0.1007758 0.1337087 0.1732451 -0.1247241 0.1281215 0.1928856 -0.1359839 0.09770298 0.1994414 -0.1305031 0.159117 0.1579415 -0.1453319 0.1049654 0.2023704 -0.1559065 0.08043323 0.2039773 -0.1501587 0.1326874 0.1739029 -0.1586323 0.1584383 0.1286816 -0.1642133 0.08626599 0.2057955 -0.1769563 0.06651508 0.2022561 -0.168045 0.1093892 0.1863728 -0.1748333 0.1323854 0.147933 -0.1801245 0.07457352 0.2031112 -0.1814903 0.0894873 0.1943665 -0.1912716 0.07087674 0.1970878 -0.1892011 0.06214906 0.1958009 -0.199311 0.06214907 0.1850321 -0.1885116 0.1093941 0.164565 -0.1973317 0.08948789 0.177492 -0.2007257 0.07087675 0.1870177 -0.2052398 0.06724316 0.1710776 -0.2059823 0.07565485 0.1742178 -0.2071947 0.08645433 0.1597117 -0.204886 0.08062296 0.1515312 -0.2026596 0.1049116 0.1410143 -0.1997468 0.09763487 0.131584 -0.1914714 0.1277099 0.1217961 -0.187403 0.1187189 0.1110149 -0.1754471 0.1515613 0.1007615 -0.1686027 0.1418504 0.09687599 -0.1629005 0.1211351 0.09489372 -0.187403 0.1187189 0.1110149 -0.1686027 0.1418504 0.09687599 -0.177168 0.1087075 0.1084398 -0.1442984 0.1171686 0.1190923 -0.1997468 0.09763487 0.131584 -0.1528564 0.1031464 0.1274114 -0.1204395 0.1180799 0.1444236 -0.190952 0.08931964 0.1300288 -0.204886 0.08062296 0.1515312 -0.1281818 0.1034484 0.1533813 -0.09679075 0.1191323 0.1612092 -0.1976214 0.07402743 0.1507314 -0.2052398 0.06724316 0.1710776 -0.169497 0.08428174 0.1468383 -0.1491447 0.08428162 0.168517 -0.1105468 0.109523 0.1785583 -0.1007758 0.1337087 0.1732451 -0.1137661 0.1196195 0.1885184 -0.1359839 0.09770298 0.1994414 -0.1337072 0.0893099 0.1910167 -0.1559065 0.08043323 0.2039773 -0.1546511 0.07383757 0.1967778 -0.1769563 0.06651508 0.2022561 -0.1667355 0.07025793 0.1803896 -0.1738632 0.06286944 0.1971606 -0.1848915 0.05977256 0.191098 -0.1892011 0.06214906 0.1958009 -0.199311 0.06214907 0.1850321 -0.1823729 0.07003251 0.1635415 -0.1943455 0.0597725 0.1810278 -0.199398 0.06379574 0.1682456 -0.1754471 0.1515613 0.1007615 -0.1922838 0.1188777 0.106144 -0.1686027 0.1418504 0.09687599 -0.2039902 0.127416 0.1047577 -0.2178398 0.09770298 0.1040972 -0.191923 0.1582117 0.07244071 -0.2274 0.1049654 0.1019599 -0.2373613 0.08043323 0.09806415 -0.2170905 0.1322348 0.07591703 -0.2032465 0.1582117 0.03345786 -0.2454643 0.08626599 0.09548537 -0.2547303 0.06651508 0.08604869 -0.2390712 0.1093892 0.076749 -0.2261832 0.1322348 0.04127677 -0.2579016 0.07457352 0.08520515 -0.2547121 0.0894873 0.0769491 -0.2645436 0.07087674 0.07441516 -0.2621071 0.06214906 0.07433591 -0.2654781 0.06214907 0.0599549 -0.2458919 0.1093941 0.04762961 -0.259994 0.08948789 0.05441464 -0.267696 0.07087675 0.06096711 -0.2636353 0.06724316 0.04490556 -0.2658484 0.07565485 0.04725382 -0.2596453 0.08645433 0.03408493 -0.2535558 0.08062296 0.02815475 -0.2463692 0.1049116 0.02016011 -0.2391314 0.09763487 0.01344961 -0.2281641 0.1278199 0.01032536 -0.2194189 0.1188784 0.002765466 -0.2035593 0.1516859 2.67827E-05 -0.1972655 0.1420466 2.67827E-05 -0.1686027 0.1418504 0.09687599 -0.1922838 0.1188777 0.106144 -0.1629005 0.1211351 0.09489372 -0.1846796 0.1088298 0.09888367 -0.1740219 0.1176177 0.06306317 -0.2178398 0.09770298 0.1040972 -0.1879985 0.1030147 0.06828063 -0.2116558 0.0893099 0.09793965 -0.2373613 0.08043323 0.09806415 -0.1811282 0.1177198 0.03215265 -0.2326744 0.07383757 0.09245693 -0.2547303 0.06651508 0.08604869 -0.2137752 0.08428162 0.0707356 -0.1970912 0.1030146 0.03364038 -0.2495039 0.06286944 0.08318243 -0.2349456 0.07025793 0.07222211 -0.2560233 0.05977256 0.07241788 -0.2621071 0.06214906 0.07433591 -0.2654781 0.06214907 0.0599549 -0.2205615 0.08428174 0.04178507 -0.2400639 0.07003251 0.04981254 -0.2591757 0.0597725 0.05896983 -0.2636353 0.06724316 0.04490556 -0.2571602 0.06379574 0.04537381 -0.2468645 0.07402743 0.0310944 -0.2535558 0.08062296 0.02815475 -0.2307373 0.08931964 0.01650019 -0.2391314 0.09763487 0.01344961 -0.2092299 0.1088298 0.005355286 -0.2194189 0.1188784 0.002765466 -0.1854523 0.1227726 2.67827E-05 -0.1972655 0.1420466 2.67827E-05 -0.1021475 0.1524197 -0.1755671 -0.107902 0.1193236 -0.1925861 -0.09851661 0.1432339 -0.1695106 -0.106577 0.1278616 -0.2043032 -0.1060095 0.09770298 -0.217813 -0.07308219 0.1577027 -0.190946 -0.1038722 0.1049654 -0.2273732 -0.09997642 0.08043323 -0.2373345 -0.07781464 0.1326804 -0.2175508 -0.03474908 0.1583907 -0.2017233 -0.09739764 0.08626599 -0.2454375 -0.08796096 0.06651508 -0.2547035 -0.07866127 0.1093892 -0.2390445 -0.04322902 0.1326804 -0.226828 -0.08711742 0.07457352 -0.2578748 -0.07886139 0.0894873 -0.2546853 -0.07632744 0.07087674 -0.2645168 -0.07624818 0.06214906 -0.2620803 -0.06186717 0.06214907 -0.2654513 -0.04954188 0.1093941 -0.2458652 -0.05632691 0.08948789 -0.2599672 -0.06287939 0.07087675 -0.2676692 -0.04681784 0.06724316 -0.2636085 -0.04916609 0.07565485 -0.2658216 -0.0359972 0.08645433 -0.2596185 -0.03006702 0.08062296 -0.253529 -0.02207238 0.1049116 -0.2463424 -0.01536189 0.09763487 -0.2391046 -0.01112296 0.1282654 -0.2282039 -0.004686804 0.1193235 -0.2202722 -3.266167E-17 0.1514374 -0.2067554 -2.229946E-17 0.1429377 -0.1990784 -4.462645E-18 0.1136034 -0.1857147 -0.004686804 0.1193235 -0.2202722 -2.229946E-17 0.1429377 -0.1990784 -0.007221375 0.1092752 -0.2100708 -0.01536189 0.09763487 -0.2391046 -0.03292312 0.1149973 -0.18289 -0.01841246 0.08931964 -0.2307106 -0.03006702 0.08062296 -0.253529 -0.03543779 0.1034602 -0.1977818 -0.03300667 0.07402743 -0.2468378 -0.04681784 0.06724316 -0.2636085 -0.04369735 0.08428174 -0.2205347 -0.07002341 0.1034602 -0.1885047 -0.06751787 0.1164844 -0.1735315 -0.07264788 0.08428162 -0.2137485 -0.1006022 0.1092753 -0.1850226 -0.09679075 0.1191323 -0.1611556 -0.09851661 0.1432339 -0.1695106 -0.107902 0.1193236 -0.1925861 -0.1060095 0.09770298 -0.217813 -0.09985192 0.0893099 -0.211629 -0.09997642 0.08043323 -0.2373345 -0.0943692 0.07383757 -0.2326476 -0.08796096 0.06651508 -0.2547035 -0.07413439 0.07025793 -0.2349188 -0.0850947 0.06286944 -0.2494771 -0.07433014 0.05977256 -0.2559966 -0.07624818 0.06214906 -0.2620803 -0.06186717 0.06214907 -0.2654513 -0.05172482 0.07003251 -0.2400371 -0.0608821 0.0597725 -0.259149 -0.04728609 0.06379574 -0.2571334 -0.1021475 0.1524197 -0.1755671 -0.09851661 0.1432339 -0.1695106 -0.1127762 0.1196199 -0.1881942 -0.1237437 0.1285254 -0.1919327 -0.1331293 0.09763487 -0.2003557 -0.1305031 0.159117 -0.157888 -0.1425596 0.1049116 -0.2032685 -0.1530765 0.08062296 -0.205495 -0.1495931 0.1326874 -0.1747267 -0.1612569 0.08645433 -0.2078036 -0.1726229 0.06724316 -0.2058487 -0.1661103 0.1093941 -0.1891205 -0.1750598 0.1323854 -0.1495489 -0.1586323 0.1584383 -0.128628 -0.1879181 0.1093892 -0.1686539 -0.1934746 0.127306 -0.1238268 -0.1754471 0.1515613 -0.1007079 -0.1887776 0.1187185 -0.1130551 -0.1686027 0.1418504 -0.09682242 -0.2009866 0.09770298 -0.1365928 -0.2039157 0.1049654 -0.1459408 -0.2055226 0.08043323 -0.1565154 -0.2073407 0.08626599 -0.1648222 -0.2038013 0.06651508 -0.1775652 -0.1959118 0.0894873 -0.1820992 -0.2046565 0.07457352 -0.1807334 -0.1986331 0.07087674 -0.1918805 -0.1973462 0.06214906 -0.1898101 -0.1865773 0.06214907 -0.1999199 -0.1790373 0.08948789 -0.1979406 -0.1885629 0.07087675 -0.2013346 -0.1757631 0.07565485 -0.2065912 -0.1686027 0.1418504 -0.09682242 -0.1887776 0.1187185 -0.1130551 -0.1629005 0.1211351 -0.09484015 -0.1786331 0.1087075 -0.1101637 -0.1442984 0.1171686 -0.1190388 -0.2009866 0.09770298 -0.1365928 -0.1537482 0.1031464 -0.1283621 -0.1204395 0.1180799 -0.1443701 -0.192562 0.0893099 -0.1343161 -0.2055226 0.08043323 -0.1565154 -0.1282814 0.1034484 -0.1535399 -0.1983231 0.07383757 -0.15526 -0.09679075 0.1191323 -0.1611556 -0.2038013 0.06651508 -0.1775652 -0.1127762 0.1196199 -0.1881942 -0.09851661 0.1432339 -0.1695106 -0.1098732 0.109523 -0.1781435 -0.1331293 0.09763487 -0.2003557 -0.1315741 0.08931964 -0.1915609 -0.1530765 0.08062296 -0.205495 -0.1522767 0.07402743 -0.1982304 -0.1726229 0.06724316 -0.2058487 -0.1483835 0.08428174 -0.1701059 -0.1700623 0.08428162 -0.1497536 -0.1819348 0.07025793 -0.1673444 -0.1650867 0.07003251 -0.1829818 -0.1987059 0.06286944 -0.1744721 -0.1926432 0.05977256 -0.1855004 -0.1973462 0.06214906 -0.1898101 -0.1865773 0.06214907 -0.1999199 -0.1825731 0.0597725 -0.1949545 -0.1697908 0.06379574 -0.2000069 -0.1754471 0.1515613 -0.1007079 -0.1686027 0.1418504 -0.09682242 -0.190268 0.118878 -0.1065191 -0.2016683 0.1278199 -0.1045837 -0.2138053 0.09763487 -0.1066455 -0.191923 0.1582117 -0.07238715 -0.2234287 0.1049116 -0.1044529 -0.2336497 0.08062296 -0.1011226 -0.2160162 0.1322348 -0.07707421 -0.2418885 0.08645433 -0.09903169 -0.2507543 0.06724316 -0.09165575 -0.2367501 0.1093941 -0.08042497 -0.226191 0.1322348 -0.04272391 -0.2032465 0.1582117 -0.0334043 -0.2454029 0.1093892 -0.05179649 -0.229918 0.127416 -0.01124336 -0.2035593 0.1516859 2.67827E-05 -0.220633 0.118878 -0.004005997 -0.1972655 0.1420466 2.67827E-05 -0.24069 0.09770298 -0.01749649 -0.2479007 0.1049654 -0.02412756 -0.2545796 0.08043323 -0.03248205 -0.2603076 0.08626599 -0.03876682 -0.2636139 0.06651508 -0.05157226 -0.2590483 0.0894873 -0.05944362 -0.2659386 0.07457352 -0.05388843 -0.2662956 0.07087674 -0.06655384 -0.264146 0.06214906 -0.06540421 -0.2598748 0.06214907 -0.07954402 -0.2523553 0.08948789 -0.08159998 -0.2623017 0.07087675 -0.07977639 -0.253845 0.07565485 -0.09072866 -0.1629005 0.1211351 -0.09484015 -0.190268 0.118878 -0.1065191 -0.1686027 0.1418504 -0.09682242 -0.1828925 0.1088298 -0.0990222 -0.1740219 0.1176177 -0.0630096 -0.2138053 0.09763487 -0.1066455 -0.1871676 0.1030147 -0.06852911 -0.2080611 0.08931964 -0.09980653 -0.2336497 0.08062296 -0.1011226 -0.1811282 0.1177198 -0.03209909 -0.2293248 0.07402743 -0.09523117 -0.2507543 0.06724316 -0.09165575 -0.211891 0.08428174 -0.07282126 -0.1973425 0.1030147 -0.0341788 -0.2453808 0.06379574 -0.08801266 -0.2103643 0.1088298 -0.006276622 -0.1854523 0.1227726 2.67827E-05 -0.1972655 0.1420466 2.67827E-05 -0.220633 0.118878 -0.004005997 -0.24069 0.09770298 -0.01749649 -0.2322557 0.0893099 -0.01973713 -0.2545796 0.08043323 -0.03248205 -0.2204892 0.08428162 -0.04435623 -0.247717 0.07383757 -0.03499457 -0.2636139 0.06651508 -0.05157226 -0.2395665 0.07025793 -0.05365406 -0.2576545 0.06286944 -0.05144129 -0.2579183 0.05977256 -0.06402341 -0.264146 0.06214906 -0.06540421 -0.2598748 0.06214907 -0.07954402 -0.2327943 0.07003251 -0.07562048 -0.2539243 0.0597725 -0.07724595 0.1021475 0.1524197 0.1756206 0.1075612 0.119311 0.1907742 0.1007758 0.1337087 0.1732451 0.105703 0.1281676 0.2020884 0.1079412 0.09763487 0.2138321 0.07355068 0.1583531 0.1919137 0.1057486 0.1049116 0.2234554 0.1024184 0.08062298 0.2336765 0.0785047 0.1325563 0.2164605 0.03504334 0.158102 0.2032693 0.1003274 0.08645432 0.2419153 0.0929515 0.06724317 0.2507811 0.08172071 0.1093941 0.2367769 0.04450016 0.1325564 0.2267318 0.09202439 0.07565487 0.2538718 0.01270143 0.1273599 0.2313763 -2.620477E-17 0.1514374 0.206809 -1.671745E-17 0.1392947 0.2089952 0.006080156 0.1193103 0.2214277 0.01879224 0.09770299 0.2407168 0.0254233 0.1049654 0.2479275 0.03377779 0.08043323 0.2546064 0.05309223 0.1093892 0.2454297 0.04006257 0.08626599 0.2603344 0.05286799 0.06651508 0.2636406 0.06073936 0.0894873 0.2590751 0.05518417 0.07457352 0.2659653 0.06784957 0.07087675 0.2663224 0.06669995 0.06214907 0.2641727 0.08083977 0.06214908 0.2599016 0.0828957 0.08948787 0.2523821 0.08107214 0.07087675 0.2623285 0.1021475 0.1524197 0.1756206 0.1007758 0.1337087 0.1732451 0.1137661 0.1196195 0.1885184 0.1247241 0.1281215 0.1928856 0.1305031 0.159117 0.1579415 0.1359839 0.09770298 0.1994414 0.1501587 0.1326874 0.1739029 0.1453319 0.1049654 0.2023704 0.1559065 0.08043323 0.2039773 0.1586323 0.1584383 0.1286816 0.1642133 0.08626599 0.2057955 0.1769563 0.06651508 0.2022561 0.168045 0.1093892 0.1863728 0.1748333 0.1323854 0.147933 0.1801245 0.07457352 0.2031112 0.1814903 0.0894873 0.1943665 0.1912716 0.07087674 0.1970878 0.1892011 0.06214906 0.1958009 0.199311 0.06214907 0.1850321 0.1885116 0.1093941 0.164565 0.1973317 0.08948789 0.177492 0.2007257 0.07087675 0.1870177 0.2052398 0.06724316 0.1710776 0.2059823 0.07565485 0.1742178 0.2071947 0.08645433 0.1597117 0.204886 0.08062296 0.1515312 0.2026596 0.1049116 0.1410143 0.1997468 0.09763487 0.131584 0.1914714 0.1277099 0.1217961 0.187403 0.1187189 0.1110149 0.1754471 0.1515613 0.1007615 0.1686027 0.1418504 0.09687599 0.1754471 0.1515613 0.1007615 0.1686027 0.1418504 0.09687599 0.1922838 0.1188777 0.106144 0.2039902 0.127416 0.1047577 0.191923 0.1582117 0.07244071 0.2178398 0.09770298 0.1040972 0.2170905 0.1322348 0.07591703 0.2274 0.1049654 0.1019599 0.2373613 0.08043323 0.09806415 0.2032465 0.1582117 0.03345786 0.2454643 0.08626599 0.09548537 0.2547303 0.06651508 0.08604869 0.2390712 0.1093892 0.076749 0.2261832 0.1322348 0.04127677 0.2579016 0.07457352 0.08520515 0.2547121 0.0894873 0.0769491 0.2645436 0.07087674 0.07441516 0.2621071 0.06214906 0.07433591 0.2654781 0.06214907 0.0599549 0.2458919 0.1093941 0.04762961 0.259994 0.08948789 0.05441464 0.267696 0.07087675 0.06096711 0.2636353 0.06724316 0.04490556 0.2658484 0.07565485 0.04725382 0.2596453 0.08645433 0.03408493 0.2535558 0.08062296 0.02815475 0.2463692 0.1049116 0.02016011 0.2391314 0.09763487 0.01344961 0.2281641 0.1278199 0.01032536 0.2194189 0.1188784 0.002765466 0.2035593 0.1516859 2.67827E-05 0.1972655 0.1420466 2.67827E-05 0.2035593 0.1516859 2.67827E-05 0.1972655 0.1420466 2.67827E-05 0.220633 0.118878 -0.004005997 0.229918 0.127416 -0.01124336 0.2032465 0.1582117 -0.0334043 0.24069 0.09770298 -0.01749649 0.226191 0.1322348 -0.04272391 0.2479007 0.1049654 -0.02412756 0.2545796 0.08043323 -0.03248205 0.191923 0.1582117 -0.07238715 0.2603076 0.08626599 -0.03876682 0.2636139 0.06651508 -0.05157226 0.2454029 0.1093892 -0.05179649 0.2160162 0.1322348 -0.07707421 0.2659386 0.07457352 -0.05388843 0.2590483 0.0894873 -0.05944362 0.2662956 0.07087674 -0.06655384 0.264146 0.06214906 -0.06540421 0.2598748 0.06214907 -0.07954402 0.2367501 0.1093941 -0.08042497 0.2523553 0.08948789 -0.08159998 0.2623017 0.07087675 -0.07977639 0.2507543 0.06724316 -0.09165575 0.253845 0.07565485 -0.09072866 0.2418885 0.08645433 -0.09903169 0.2336497 0.08062296 -0.1011226 0.2234287 0.1049116 -0.1044529 0.2138053 0.09763487 -0.1066455 0.2016683 0.1278199 -0.1045837 0.190268 0.118878 -0.1065191 0.1754471 0.1515613 -0.1007079 0.1686027 0.1418504 -0.09682242 0.1754471 0.1515613 -0.1007079 0.1686027 0.1418504 -0.09682242 0.1887776 0.1187185 -0.1130551 0.1934746 0.127306 -0.1238268 0.1586323 0.1584383 -0.128628 0.2009866 0.09770298 -0.1365928 0.1750598 0.1323854 -0.1495489 0.2039157 0.1049654 -0.1459408 0.2055226 0.08043323 -0.1565154 0.1305031 0.159117 -0.157888 0.2073407 0.08626599 -0.1648222 0.2038013 0.06651508 -0.1775652 0.1879181 0.1093892 -0.1686539 0.1495931 0.1326874 -0.1747267 0.2046565 0.07457352 -0.1807334 0.1959118 0.0894873 -0.1820992 0.1986331 0.07087674 -0.1918805 0.1973462 0.06214906 -0.1898101 0.1865773 0.06214907 -0.1999199 0.1661103 0.1093941 -0.1891205 0.1790373 0.08948789 -0.1979406 0.1885629 0.07087675 -0.2013346 0.1726229 0.06724316 -0.2058487 0.1757631 0.07565485 -0.2065912 0.1612569 0.08645433 -0.2078036 0.1530765 0.08062296 -0.205495 0.1425596 0.1049116 -0.2032685 0.1331293 0.09763487 -0.2003557 0.1237437 0.1285254 -0.1919327 0.1127762 0.1196199 -0.1881942 0.1021475 0.1524197 -0.1755671 0.09851661 0.1432339 -0.1695106 0.1021475 0.1524197 -0.1755671 0.09851661 0.1432339 -0.1695106 0.107902 0.1193236 -0.1925861 0.106577 0.1278616 -0.2043032 0.07308219 0.1577027 -0.190946 0.1060095 0.09770298 -0.217813 0.07781464 0.1326804 -0.2175508 0.1038722 0.1049654 -0.2273732 0.09997642 0.08043323 -0.2373345 0.03474908 0.1583907 -0.2017233 0.09739764 0.08626599 -0.2454375 0.08796096 0.06651508 -0.2547035 0.07866127 0.1093892 -0.2390445 0.04322902 0.1326804 -0.226828 0.08711742 0.07457352 -0.2578748 0.07886139 0.0894873 -0.2546853 0.07632744 0.07087674 -0.2645168 0.07624818 0.06214906 -0.2620803 0.06186717 0.06214907 -0.2654513 0.04954188 0.1093941 -0.2458652 0.05632691 0.08948789 -0.2599672 0.06287939 0.07087675 -0.2676692 0.04681784 0.06724316 -0.2636085 0.04916609 0.07565485 -0.2658216 0.0359972 0.08645433 -0.2596185 0.03006702 0.08062296 -0.253529 0.02207238 0.1049116 -0.2463424 0.01536189 0.09763487 -0.2391046 0.01112296 0.1282654 -0.2282039 0.004686804 0.1193235 -0.2202722 -3.266167E-17 0.1514374 -0.2067554 -2.229946E-17 0.1429377 -0.1990784 0.03930065 0.3298742 -0.06634117 0.03133832 0.3384093 -0.05029187 0.05216526 0.3300298 -0.05485101 0.03896911 0.3384925 -0.04328357 0.01893248 0.3299314 -0.07396939 0.02846753 0.3473116 -0.03828844 0.0119927 0.3380647 -0.05739604 -1.827799E-18 0.329984 -0.07681654 -7.892714E-19 0.3383779 -0.05867868 -1.946196E-19 0.3472624 -0.04578669 -0.0119927 0.3380647 -0.05739604 -0.01893248 0.3299314 -0.07396939 0.02550408 0.3570316 -0.037549 0.02420526 0.3589724 -0.03214291 0.02848951 0.3732976 -0.03953939 -0.03133832 0.3384093 -0.05029187 -0.03930065 0.3298742 -0.06634117 -0.05216526 0.3300298 -0.05485101 -0.03896911 0.3384925 -0.04328357 -0.02846753 0.3473116 -0.03828844 -0.02550408 0.3570316 -0.037549 -0.02420526 0.3589724 -0.03214291 -0.02848951 0.3732976 -0.03953939 -4.23999E-20 0.355205 -0.04216882 -0.02572491 0.3704084 -0.04474172 -0.02648091 0.3865282 -0.0516852 0.02572491 0.3704084 -0.04474172 0.02648091 0.3865282 -0.0516852 -8.601925E-21 0.3688196 -0.04974698 -0.02312062 0.3830155 -0.0551419 -0.0164832 0.393764 -0.06163543 0.02312062 0.3830155 -0.0551419 0.0164832 0.393764 -0.06163543 -1.991401E-21 0.3809149 -0.05756275 -0.01504215 0.3899415 -0.06333389 -3.229395E-23 0.3960195 -0.06478634 0.01504215 0.3899415 -0.06333389 -7.170423E-22 0.3919697 -0.06589556 -1.147443E-17 0.3309337 0.07695036 0.01204371 0.3391385 0.05763995 -1.201026E-17 0.3395589 0.0594024 0.0192976 0.3309608 0.07324988 -1.243886E-17 0.3473327 0.04894931 0.03127626 0.3388217 0.04878479 0.03963958 0.3310089 0.06448168 0.02751378 0.3472855 0.03838285 0.03815733 0.3385445 0.04385435 0.05150018 0.3307617 0.0557072 0.05259525 0.3383346 0.027387 0.06674566 0.3299889 0.03805117 0.0727475 0.3300867 0.01976399 0.05584066 0.3386494 0.01613007 0.04570311 0.347324 0.01580148 0.04339946 0.3570316 0.01707743 0.03869589 0.358972 0.01374814 0.0464712 0.3732849 0.0172006 0.02541378 0.355205 0.03576734 0.0475372 0.370189 0.02332988 0.05242383 0.3866162 0.028053 0.002709952 0.3570316 0.04701448 -1.331835E-16 0.3589724 0.04184006 0.00113443 0.3730033 0.0498384 0.02948154 0.369002 0.04181964 0.05146629 0.3830156 0.0329314 0.04988947 0.3937694 0.04208888 0.006241417 0.370189 0.05322273 0.009696961 0.3864665 0.05884626 0.04970781 0.3899415 0.04430705 0.03851683 0.3960195 0.05418196 0.01428849 0.3830155 0.05984335 0.0234741 0.393764 0.06120194 0.03428269 0.3809149 0.04832942 0.02563789 0.3899415 0.06173056 0.03916541 0.3919697 0.05508183 -0.01204371 0.3391385 0.05763995 -1.147443E-17 0.3309337 0.07695036 -1.201026E-17 0.3395589 0.0594024 -0.0192976 0.3309608 0.07324988 -1.243886E-17 0.3473327 0.04894931 -0.03127626 0.3388217 0.04878479 -0.03963958 0.3310089 0.06448168 -0.02751378 0.3472855 0.03838285 -0.03815733 0.3385445 0.04385435 -0.05150018 0.3307617 0.0557072 -0.05259525 0.3383346 0.027387 -0.06674566 0.3299889 0.03805117 -0.0727475 0.3300867 0.01976399 -0.05584066 0.3386494 0.01613007 -0.04570311 0.347324 0.01580148 -0.04339946 0.3570316 0.01707743 -0.03869589 0.358972 0.01374814 -0.0464712 0.3732849 0.0172006 -0.02541378 0.355205 0.03576734 -0.0475372 0.370189 0.02332988 -0.05242383 0.3866162 0.028053 -0.002709952 0.3570316 0.04701448 -1.331835E-16 0.3589724 0.04184006 -0.00113443 0.3730033 0.0498384 -0.02948154 0.369002 0.04181964 -0.006241417 0.370189 0.05322273 -0.009696961 0.3864665 0.05884626 -0.01428849 0.3830155 0.05984335 -0.0234741 0.393764 0.06120194 -0.05146629 0.3830156 0.0329314 -0.04988947 0.3937694 0.04208888 -0.03428269 0.3809149 0.04832942 -0.02563789 0.3899415 0.06173056 -0.03851683 0.3960195 0.05418196 -0.04970781 0.3899415 0.04430705 -0.03916541 0.3919697 0.05508183 0.09679075 0.1191323 0.1612092 0.1007758 0.1337087 0.1732451 0.1000888 0.1093114 0.1835016 0.1075612 0.119311 0.1907742 0.06751787 0.1164844 0.1735851 0.1079412 0.09763487 0.2138321 0.06987861 0.1035842 0.1879023 0.1011023 0.08931965 0.2080879 0.1024184 0.08062298 0.2336765 0.03292312 0.1149973 0.1829435 0.09652693 0.07402743 0.2293516 0.0929515 0.06724317 0.2507811 0.074117 0.08428176 0.2119178 0.08930841 0.06379574 0.2454075 0.07691623 0.07003253 0.2328211 0.07854169 0.0597725 0.2539511 0.08083977 0.06214908 0.2599016 0.06531915 0.05977257 0.2579451 0.06669995 0.06214907 0.2641727 0.05286799 0.06651508 0.2636406 0.05494981 0.07025794 0.2395933 0.05273702 0.06286945 0.2576813 0.03629032 0.07383757 0.2477438 0.03377779 0.08043323 0.2546064 0.04565199 0.08428162 0.220516 0.02103287 0.0893099 0.2322825 0.01879224 0.09770299 0.2407168 0.03587405 0.1035842 0.1981736 0.008276735 0.1093114 0.2112338 0.006080156 0.1193103 0.2214277 -8.285746E-18 0.1136034 0.1857682 -1.671745E-17 0.1392947 0.2089952 -8.285746E-18 0.1136034 0.1857682 -1.671745E-17 0.1392947 0.2089952 -0.008276735 0.1093114 0.2112338 -0.006080156 0.1193103 0.2214277 -0.03292312 0.1149973 0.1829435 -0.01879224 0.09770299 0.2407168 -0.03587405 0.1035842 0.1981736 -0.02103287 0.0893099 0.2322825 -0.03377779 0.08043323 0.2546064 -0.06987861 0.1035842 0.1879023 -0.06751787 0.1164844 0.1735851 -0.04565199 0.08428162 0.220516 -0.03629032 0.07383757 0.2477438 -0.05286799 0.06651508 0.2636406 -0.05494981 0.07025794 0.2395933 -0.05273702 0.06286945 0.2576813 -0.06531915 0.05977257 0.2579451 -0.06669995 0.06214907 0.2641727 -0.08083977 0.06214908 0.2599016 -0.074117 0.08428176 0.2119178 -0.07691623 0.07003253 0.2328211 -0.07854169 0.0597725 0.2539511 -0.0929515 0.06724317 0.2507811 -0.08930841 0.06379574 0.2454075 -0.09652693 0.07402743 0.2293516 -0.1024184 0.08062298 0.2336765 -0.1011023 0.08931965 0.2080879 -0.1079412 0.09763487 0.2138321 -0.1000888 0.1093114 0.1835016 -0.1075612 0.119311 0.1907742 -0.09679075 0.1191323 0.1612092 -0.1007758 0.1337087 0.1732451 -0.07686838 0.3298229 -0.0008541831 -0.0727475 0.3300867 0.01976399 -0.05921717 0.3382745 -0.003540925 -0.05584066 0.3386494 0.01613007 -0.07256541 0.3300188 -0.02002896 -0.04570311 0.347324 0.01580148 -0.05547487 0.3385094 -0.01562818 -0.0441314 0.3472759 -0.01339555 -0.05268475 0.3386554 -0.02728768 -0.0667 0.329784 -0.03812949 -0.05216526 0.3300298 -0.05485101 -0.03896911 0.3384925 -0.04328357 -0.02846753 0.3473116 -0.03828844 -0.02904349 0.3570316 -0.03518095 -0.02420526 0.3589724 -0.03214291 -0.03044537 0.3732976 -0.03812505 -0.04399445 0.3570316 0.01363592 -0.03869589 0.358972 0.01374814 -0.0472009 0.373285 0.01480647 -0.0409108 0.355205 -0.01211844 -0.03645295 0.3699995 -0.03765089 -0.04231239 0.386505 -0.04009585 -0.05138179 0.3699995 0.01109389 -0.05777344 0.3865777 0.01022586 -0.04798684 0.3688995 -0.01450163 -0.04658868 0.3830155 -0.03799445 -0.05473663 0.393764 -0.03354115 -0.06002883 0.3830156 0.005889554 -0.06429106 0.3937694 -0.002367517 -0.05560072 0.3809149 -0.01675482 -0.05678174 0.3899415 -0.03265854 -0.06250707 0.3960195 -0.01887197 -0.06548329 0.3899416 -0.004246859 -0.06356702 0.3919697 -0.01919898 0.07686838 0.3298229 -0.0008541831 0.05921717 0.3382745 -0.003540925 0.0727475 0.3300867 0.01976399 0.05584066 0.3386494 0.01613007 0.07256541 0.3300188 -0.02002896 0.04570311 0.347324 0.01580148 0.05547487 0.3385094 -0.01562818 0.0441314 0.3472759 -0.01339555 0.05268475 0.3386554 -0.02728768 0.0667 0.329784 -0.03812949 0.05216526 0.3300298 -0.05485101 0.03896911 0.3384925 -0.04328357 0.02846753 0.3473116 -0.03828844 0.02904349 0.3570316 -0.03518095 0.02420526 0.3589724 -0.03214291 0.03044537 0.3732976 -0.03812505 0.04399445 0.3570316 0.01363592 0.03869589 0.358972 0.01374814 0.0472009 0.373285 0.01480647 0.0409108 0.355205 -0.01211844 0.03645295 0.3699995 -0.03765089 0.04231239 0.386505 -0.04009585 0.05138179 0.3699995 0.01109389 0.05777344 0.3865777 0.01022586 0.04798684 0.3688995 -0.01450163 0.04658868 0.3830155 -0.03799445 0.05473663 0.393764 -0.03354115 0.06002883 0.3830156 0.005889554 0.06429106 0.3937694 -0.002367517 0.05560072 0.3809149 -0.01675482 0.05678174 0.3899415 -0.03265854 0.06250707 0.3960195 -0.01887197 0.06548329 0.3899416 -0.004246859 0.06356702 0.3919697 -0.01919898 -1.603501E-18 0.09608339 0.1679352 0.03292312 0.1149973 0.1829435 -8.285746E-18 0.1136034 0.1857682 -0.03292312 0.1149973 0.1829435 0.03303558 0.09740957 0.1648602 0.06751787 0.1164844 0.1735851 -0.03303558 0.09740957 0.1648602 -0.06751787 0.1164844 0.1735851 4.393724E-20 0.0782598 0.1431275 0.06793246 0.1001816 0.1577719 0.09679075 0.1191323 0.1612092 0.03443245 0.08014949 0.1404074 0.09610865 0.102337 0.1454328 0.1204395 0.1180799 0.1444236 0.06885197 0.0838521 0.1341488 0.1155538 0.1045742 0.1327437 0.1442984 0.1171686 0.1190923 0.09761412 0.08924389 0.1255586 0.03609942 0.07102533 0.1230798 0.1361576 0.104885 0.1117394 0.1629005 0.1211351 0.09489372 0.06996646 0.07595226 0.1184657 0.1112442 0.09305866 0.1201137 0.09936157 0.08317883 0.1128589 0.1202564 0.09238495 0.1093827 0.07268429 0.06462862 0.09063719 0.103749 0.07376872 0.08719104 0.1293094 0.08686096 0.08500305 0.150139 0.1020691 0.08653022 0.1740219 0.1176177 0.06306317 0.1080074 0.06818895 0.06325398 0.1584759 0.09946068 0.06279667 0.1355804 0.08264577 0.06235619 0.1645497 0.09714605 0.03082062 0.1811282 0.1177198 0.03215265 0.1401911 0.07990848 0.03058533 0.1666038 0.09647264 2.678271E-05 0.1854523 0.1227726 2.67827E-05 0.1811282 0.1177198 -0.03209909 0.1421771 0.07850064 2.678274E-05 0.1645497 0.09714605 -0.03076706 0.1740219 0.1176177 -0.0630096 0.1130621 0.06263253 2.67827E-05 0.1584759 0.09946068 -0.06274311 0.1401911 0.07990848 -0.03053177 0.150139 0.1020691 -0.08647666 0.1629005 0.1211351 -0.09484015 0.1355804 0.08264577 -0.06230262 0.1117365 0.06399367 -0.03089293 0.1361576 0.104885 -0.1116858 0.1442984 0.1171686 -0.1190388 0.1293094 0.08686096 -0.08494948 0.1080074 0.06818895 -0.06320041 0.1155538 0.1045742 -0.1326901 0.1204395 0.1180799 -0.1443701 0.1202501 0.09239438 -0.1093241 0.103749 0.07376872 -0.08713747 0.09610865 0.102337 -0.1453792 0.09679075 0.1191323 -0.1611556 0.1111852 0.09315319 -0.1199988 0.06793246 0.1001816 -0.1577183 0.06751787 0.1164844 -0.1735315 0.09761412 0.08924389 -0.125505 0.09936157 0.08317883 -0.1128053 0.06885197 0.0838521 -0.1340952 0.06996646 0.07595226 -0.1184121 0.07268429 0.06462862 -0.09058364 0.07540183 0.05751344 -0.06487905 0.03742596 0.0585256 -0.09378673 0.0779327 0.05241301 -0.03151904 0.03870306 0.05092721 -0.06643788 0.03994437 0.04552088 -0.03197952 0.07873894 0.05108998 2.678269E-05 0.04032182 0.0442288 2.67827E-05 0.1117365 0.06399367 0.0309465 0.0779327 0.05241301 0.0315726 0.07540183 0.05751344 0.06493262 0.03994437 0.04552088 0.03203308 0.03870306 0.05092721 0.06649144 0.03742596 0.0585256 0.0938403 -4.93022E-18 0.04351739 0.03219317 -6.369156E-18 0.04843589 0.0673877 -6.101407E-18 0.05587519 0.0955302 -3.689356E-18 0.04185063 2.67827E-05 -4.001402E-18 0.06859732 0.1253951 -0.03443245 0.08014949 0.1404074 -0.03609942 0.07102533 0.1230798 -0.06793246 0.1001816 0.1577719 -0.09679075 0.1191323 0.1612092 -0.06885197 0.0838521 0.1341488 -0.09610865 0.102337 0.1454328 -0.1204395 0.1180799 0.1444236 -0.06996646 0.07595226 0.1184657 -0.1155538 0.1045742 0.1327437 -0.1442984 0.1171686 0.1190923 -0.09761412 0.08924389 0.1255586 -0.1361576 0.104885 0.1117394 -0.1629005 0.1211351 0.09489372 -0.1112442 0.09305866 0.1201137 -0.150139 0.1020691 0.08653022 -0.1740219 0.1176177 0.06306317 -0.1202564 0.09238495 0.1093827 -0.09936157 0.08317883 0.1128589 -0.1293094 0.08686096 0.08500305 -0.103749 0.07376872 0.08719104 -0.07268429 0.06462862 0.09063719 -0.03742596 0.0585256 0.0938403 -0.03870306 0.05092721 0.06649144 -0.07540183 0.05751344 0.06493262 -0.03994437 0.04552088 0.03203308 -0.1080074 0.06818895 0.06325398 -0.0779327 0.05241301 0.0315726 -0.1355804 0.08264577 0.06235619 -0.1117365 0.06399367 0.0309465 -0.04032182 0.0442288 2.67827E-05 -0.07873894 0.05108998 2.678269E-05 -0.1584759 0.09946068 0.06279667 -0.1401911 0.07990848 0.03058533 -0.1645497 0.09714605 0.03082062 -0.1811282 0.1177198 0.03215265 -0.1130621 0.06263253 2.67827E-05 -0.1421771 0.07850064 2.678274E-05 -0.1666038 0.09647264 2.678271E-05 -0.1854523 0.1227726 2.67827E-05 -0.1811282 0.1177198 -0.03209909 -0.1645497 0.09714605 -0.03076706 -0.1740219 0.1176177 -0.0630096 -0.1401911 0.07990848 -0.03053177 -0.1584759 0.09946068 -0.06274311 -0.150139 0.1020691 -0.08647666 -0.1629005 0.1211351 -0.09484015 -0.1355804 0.08264577 -0.06230262 -0.1117365 0.06399367 -0.03089293 -0.1361576 0.104885 -0.1116858 -0.1442984 0.1171686 -0.1190388 -0.1293094 0.08686096 -0.08494948 -0.1080074 0.06818895 -0.06320041 -0.0779327 0.05241301 -0.03151904 -0.103749 0.07376872 -0.08713747 -0.03994437 0.04552088 -0.03197952 -0.07540183 0.05751344 -0.06487905 -3.548037E-18 0.04351739 -0.03213961 -0.03870306 0.05092721 -0.06643788 -3.184563E-18 0.04843589 -0.06733413 -0.07268429 0.06462862 -0.09058364 -0.03742596 0.0585256 -0.09378673 4.984198E-19 0.05587519 -0.09547663 0.03609942 0.07102533 -0.1230262 -0.03609942 0.07102533 -0.1230262 0.03443245 0.08014949 -0.1403539 3.674992E-19 0.06859732 -0.1253416 0.03303558 0.09740957 -0.1648066 0.03292312 0.1149973 -0.18289 1.991137E-18 0.0782598 -0.1430739 2.823192E-18 0.09608339 -0.1678816 -4.462645E-18 0.1136034 -0.1857147 -0.03292312 0.1149973 -0.18289 -0.03303558 0.09740957 -0.1648066 -0.06751787 0.1164844 -0.1735315 -0.03443245 0.08014949 -0.1403539 -0.06793246 0.1001816 -0.1577183 -0.09679075 0.1191323 -0.1611556 -0.06885197 0.0838521 -0.1340952 -0.09610865 0.102337 -0.1453792 -0.1204395 0.1180799 -0.1443701 -0.06996646 0.07595226 -0.1184121 -0.09761412 0.08924389 -0.125505 -0.1155538 0.1045742 -0.1326901 -0.09936157 0.08317883 -0.1128053 -0.1111852 0.09315319 -0.1199988 -0.1202501 0.09239438 -0.1093241</float_array>
                    <technique_common>
                        <accessor count="1117" offset="0" source="pm0285_00_00_body_mesh_shape_body_a-geometry-POSITION-array" stride="3">
                            <param name="X" type="float" />
                            <param name="Y" type="float" />
                            <param name="Z" type="float" />
                        </accessor>
                    </technique_common>
                </source>
                <source id="pm0285_00_00_body_mesh_shape_body_a-geometry-NORMAL">
                    <float_array id="pm0285_00_00_body_mesh_shape_body_a-geometry-NORMAL-array" count="2694">0.5415039 -0.114563 -0.8325195 0.7172852 -0.1122437 -0.6870117 0.1485596 -0.9848633 0.08770752 0.0380249 -0.6669922 -0.7436523 0.03790283 -0.9941406 -0.1009521 0.8037109 -0.2038574 -0.5581055 -0.3981934 -0.7661133 -0.5039063 -0.1251221 -0.9916992 0.0112915 0.02639771 -0.7597656 -0.6489258 0.8481445 -0.3381348 -0.4074707 -0.5195313 -0.7744141 -0.3601074 0.08294678 -0.9794922 0.1821289 0.05950928 -0.8208008 -0.5673828 0.8666992 -0.486084 -0.1099243 -0.3413086 -0.8134766 -0.4699707 -0.4926758 -0.8129883 -0.3095703 -0.7216797 -0.6870117 0.07971191 -0.8105469 -0.1442871 0.5668945 -0.6474609 -0.1361084 0.7495117 -0.5161133 -0.2188721 0.8276367 -0.6484375 -0.7578125 0.06658936 -0.3574219 -0.3393555 0.8696289 -0.5595703 -0.8222656 0.09753418 -0.04586792 -0.4919434 0.8691406 -0.4399414 -0.8510742 -0.2849121 -0.4130859 -0.9018555 0.1234131 -0.2683105 -0.9541016 -0.1295166 0.4245605 -0.6010742 0.6767578 0.71875 -0.5986328 0.3525391 -0.3120117 -0.8525391 -0.4187012 -0.1330566 -0.9575195 -0.2543945 0.107666 -0.8969727 -0.4282227 -0.1796875 -0.1257324 0.9755859 -0.3845215 -0.1001587 0.9174805 -0.5727539 -0.6894531 0.442627 0.07403564 -0.9916992 0.1047363 -0.0276947 -0.2298584 0.9726563 -0.6079102 -0.7919922 -0.04919434 0.1870117 -0.9790039 -0.07958984 -0.5161133 -0.7670898 0.380127 0.1252441 -0.3393555 0.9321289 -0.5673828 -0.7851563 -0.2468262 -0.4360352 -0.8222656 0.3642578 0.3947754 -0.4919434 0.7753906 -0.5756836 -0.8168945 -0.0266571 -0.2958984 -0.9018555 0.3134766 -0.5234375 -0.8510742 -0.02670288 -0.2971191 -0.9541016 0.02206421 0.7060547 -0.6010742 0.3737793 0.7988281 -0.5986328 -0.0541687 -0.5327148 -0.8100586 -0.243042 -0.4794922 -0.8525391 -0.206543 -0.2424316 -0.9575195 -0.1538086 0.6953125 -0.486084 -0.5283203 -0.1208496 -0.8969727 -0.4248047 -0.2322998 -0.8208008 -0.5209961 0.5307617 -0.3381348 -0.7768555 -0.3105469 -0.7509766 -0.5825195 0.4145508 -0.1970215 -0.8881836 -0.3232422 -0.6616211 -0.6762695 0.2766113 -0.09326172 -0.9560547 0.2692871 -0.9628906 0.007022858 0.0670166 -0.1082764 -0.9916992 -0.9794922 -0.1401367 -0.1437988 -0.9453125 -0.1237793 -0.3015137 0 -0.9384766 -0.3439941 -0.7124023 -0.6704102 0.2044678 -0.8862305 -0.2110596 -0.411377 0.008018494 -0.9833984 -0.1787109 -0.5839844 -0.7451172 0.3217773 -0.7768555 -0.3381348 -0.5307617 -0.2166748 -0.8203125 0.5288086 -0.5209961 -0.8208008 0.2322998 -0.5283203 -0.486084 -0.6953125 -0.2462158 -0.8022461 0.543457 -0.04968262 -0.8071289 0.5874023 0.1297607 -0.9848633 -0.1107178 -0.02975464 -0.809082 0.5859375 0.4892578 -0.6816406 0.543457 0.1071777 -0.9765625 -0.1853027 0.9770508 -0.1114502 0.1789551 0.9257813 -0.08496094 0.3671875 0.9726563 -0.2287598 0.03338623 0.3771973 -0.7607422 0.5273438 0.9321289 -0.3393555 -0.1252441 0.3642578 -0.8222656 0.4360352 0.7753906 -0.4919434 -0.3947754 -0.02670288 -0.8510742 0.5234375 0.3134766 -0.9018555 0.2958984 0.02206421 -0.9541016 0.2971191 0.3737793 -0.6010742 -0.7060547 -0.0541687 -0.5986328 -0.7988281 -0.206543 -0.8525391 0.4794922 -0.1538086 -0.9575195 0.2424316 -0.4248047 -0.8969727 0.1208496 0.159668 -0.9853516 -0.05645752 0.7324219 -0.1356201 0.6669922 0.5634766 -0.1269531 0.815918 0.09185791 -0.6831055 0.7241211 0.04663086 -0.9931641 0.1044922 0.8256836 -0.2186279 0.5200195 -0.3615723 -0.7856445 0.5009766 -0.118103 -0.9926758 -0.003854752 0.07452393 -0.7685547 0.6347656 0.8696289 -0.3393555 0.3574219 -0.5024414 -0.777832 0.3759766 -0.307373 -0.8212891 0.4797363 0.09753418 -0.8222656 0.5595703 0.8691406 -0.4919434 0.04586792 -0.8408203 -0.1184692 -0.5273438 -0.6958008 -0.1040039 -0.7099609 -0.7592773 -0.6450195 -0.08227539 -0.5571289 -0.1972656 -0.8061523 -0.6552734 -0.7543945 -0.02775574 -0.4074707 -0.3381348 -0.8481445 -0.4736328 -0.8144531 0.3342285 -0.5673828 -0.8208008 -0.05950928 -0.1099243 -0.486084 -0.8666992 -0.2849121 -0.8510742 0.4399414 -0.4187012 -0.8525391 0.3120117 -0.4282227 -0.8969727 -0.107666 -0.2543945 -0.9575195 0.1330566 0.3525391 -0.5986328 -0.71875 -0.1295166 -0.9541016 0.2683105 0.6767578 -0.6010742 -0.4245605 0.1234131 -0.9018555 0.4130859 -0.4172363 -0.08447266 -0.9047852 -0.2138672 -0.0947876 -0.972168 -0.6147461 -0.675293 -0.4064941 0.07635498 -0.9921875 -0.09613037 -0.07843018 -0.2067871 -0.9750977 -0.6191406 -0.78125 0.0760498 -0.5512695 -0.7578125 -0.3476563 0.07110596 -0.3381348 -0.9379883 0.1895752 -0.9775391 0.08740234 -0.4619141 -0.8208008 -0.3352051 0.3381348 -0.486084 -0.8056641 -0.5800781 -0.8120117 0.05947876 -0.3171387 -0.8969727 -0.307373 -0.5185547 -0.8525391 0.06091309 -0.2868652 -0.9575195 -0.01198578 0.6645508 -0.5986328 -0.4462891 -0.24646 -0.9541016 0.1677246 0.7983398 -0.6010742 -0.02931213 0.7294922 -0.4919434 0.4743652 -0.4667969 -0.8510742 0.2386475 -0.09967041 -0.9018555 0.4194336 -0.1954346 -0.8222656 0.5336914 0.5742188 -0.3393555 0.7446289 -0.5151367 -0.8129883 0.2700195 -0.2658691 -0.7597656 0.5932617 0.4589844 -0.2220459 0.8598633 -0.550293 -0.7910156 0.2661133 -0.2749023 -0.6728516 0.6860352 0.3088379 -0.1262207 0.9423828 0.09869385 -0.1243286 0.9873047 -0.4250488 0.5805664 0.6938477 -0.9291992 -0.1104736 -0.3525391 -0.9775391 -0.1022949 -0.182373 -0.6347656 0.5698242 0.5209961 -0.9746094 -0.2045898 -0.08605957 -0.333252 0.6499023 0.6821289 -0.699707 0.4575195 0.5478516 -0.9379883 -0.3381348 0.07110596 -0.3239746 0.6713867 0.6660156 -0.09350586 0.6445313 0.7587891 -0.7026367 0.3439941 0.6220703 -0.8056641 -0.486084 0.3381348 -0.3417969 0.6206055 0.7055664 -0.1001587 0.6738281 0.7314453 -0.6743164 0.1638184 0.7192383 -0.1115723 0.6196289 0.7763672 -0.3962402 0.2246094 0.8901367 -0.4462891 -0.5986328 0.6645508 -0.3540039 0.5361328 0.765625 -0.1740723 0.2344971 0.9560547 -0.02931213 -0.6010742 0.7983398 0.4743652 -0.4919434 0.7294922 -0.1314697 0.5366211 0.8330078 0.1540527 0.1557617 0.9755859 0.2408447 0.3356934 0.9101563 0.7446289 -0.3393555 0.5742188 0.2719727 0.4528809 0.8486328 0.8642578 -0.2307129 0.4462891 0.2340088 0.5698242 0.7871094 0.9243164 -0.1832275 0.3344727 0 0.5917969 0.8056641 0.9428711 -0.1837158 0.2763672 0.6474609 -0.1361084 0.7495117 0.8105469 -0.1442871 0.5668945 -0.1625977 0.5771484 0.7998047 0.5161133 -0.2188721 0.8276367 -0.4650879 0.605957 0.6445313 -0.1809082 0.4692383 0.8637695 0.3574219 -0.3393555 0.8696289 -0.4431152 0.6801758 0.5830078 -0.6728516 0.5898438 0.4458008 -0.246582 0.3356934 0.9086914 0.04586792 -0.4919434 0.8691406 -0.4763184 0.6328125 0.6098633 -0.6113281 0.6767578 0.409668 -0.354248 0.1557617 0.921875 -0.5302734 0.5366211 0.6557617 -0.6289063 0.2344971 0.7407227 -0.4245605 -0.6010742 0.6767578 -0.71875 -0.5986328 0.3525391 -0.640625 0.6333008 0.4328613 -0.6894531 0.5361328 0.486084 -0.7880859 0.2246094 0.5727539 -0.8666992 -0.486084 -0.1099243 -0.9438477 0.1638184 0.2858887 -0.9199219 0.3439941 0.1873779 -0.8481445 -0.3381348 -0.4074707 -0.8725586 0.4726563 0.1216431 -0.8037109 -0.2038574 -0.5581055 -0.809082 0.5732422 0.1264648 -0.7172852 -0.1122437 -0.6870117 -0.7124023 0.565918 0.4138184 -0.5415039 -0.114563 -0.8325195 -0.1485596 -0.9848633 0.08770752 -0.0380249 -0.6669922 -0.7436523 -0.03790283 -0.9941406 -0.1009521 0.3981934 -0.7661133 -0.5039063 0.1251221 -0.9916992 0.0112915 -0.02639771 -0.7597656 -0.6489258 0.5195313 -0.7744141 -0.3601074 -0.08294678 -0.9794922 0.1821289 -0.05950928 -0.8208008 -0.5673828 0.3413086 -0.8134766 -0.4699707 0.4926758 -0.8129883 -0.3095703 0.7216797 -0.6870117 0.07971191 0.6484375 -0.7578125 0.06658936 0.5595703 -0.8222656 0.09753418 0.4399414 -0.8510742 -0.2849121 0.4130859 -0.9018555 0.1234131 0.2683105 -0.9541016 -0.1295166 0.3120117 -0.8525391 -0.4187012 0.1330566 -0.9575195 -0.2543945 -0.107666 -0.8969727 -0.4282227 0.1796875 -0.1257324 0.9755859 0.3845215 -0.1001587 0.9174805 -0.5253906 0.5717773 0.6293945 0.0276947 -0.2298584 0.9726563 -0.715332 0.6025391 0.3520508 -0.5854492 0.4716797 0.6591797 -0.1252441 -0.3393555 0.9321289 -0.6669922 0.6801758 0.3029785 -0.7910156 0.6074219 0.06414795 -0.6679688 0.3356934 0.6635742 -0.3947754 -0.4919434 0.7753906 -0.7143555 0.6337891 0.2946777 -0.7348633 0.6743164 0.06713867 -0.7675781 0.1557617 0.6210938 -0.7871094 0.5366211 0.3027344 -0.9150391 0.2344971 0.3273926 -0.7060547 -0.6010742 0.3737793 -0.7988281 -0.5986328 -0.0541687 -0.7739258 0.6298828 0.06057739 -0.840332 0.5361328 0.07629395 -0.96875 0.2246094 0.1019287 -0.6953125 -0.486084 -0.5283203 -0.9604492 0.1638184 -0.2243652 -0.8901367 0.3439941 -0.2976074 -0.5307617 -0.3381348 -0.7768555 -0.8212891 0.4660645 -0.328125 -0.4145508 -0.1970215 -0.8881836 -0.7680664 0.5761719 -0.2775879 -0.2766113 -0.09326172 -0.9560547 -0.8139648 0.5800781 -0.001155853 -0.0670166 -0.1082764 -0.9916992 0.5727539 -0.6894531 0.442627 -0.07403564 -0.9916992 0.1047363 0.6079102 -0.7919922 -0.04919434 0.5161133 -0.7670898 0.380127 -0.1870117 -0.9790039 -0.07958984 0.4360352 -0.8222656 0.3642578 0.5756836 -0.8168945 -0.0266571 0.5673828 -0.7851563 -0.2468262 0.2958984 -0.9018555 0.3134766 0.5234375 -0.8510742 -0.02670288 0.2971191 -0.9541016 0.02206421 0.5327148 -0.8100586 -0.243042 0.4794922 -0.8525391 -0.206543 0.2424316 -0.9575195 -0.1538086 0.1208496 -0.8969727 -0.4248047 0.2322998 -0.8208008 -0.5209961 0.3105469 -0.7509766 -0.5825195 0.3232422 -0.6616211 -0.6762695 -0.2692871 -0.9628906 0.007022858 -0.3999023 0.5942383 -0.6972656 -0.9770508 -0.1114502 0.1789551 -0.9257813 -0.08496094 0.3671875 -0.6171875 0.5849609 -0.5253906 -0.9726563 -0.2287598 0.03338623 -0.3361816 0.6298828 -0.699707 -0.6625977 0.4624023 -0.5883789 -0.9321289 -0.3393555 -0.1252441 -0.2963867 0.6914063 -0.6582031 -0.09259033 0.6176758 -0.7802734 -0.6635742 0.3356934 -0.6679688 -0.7753906 -0.4919434 -0.3947754 -0.2983398 0.6240234 -0.7216797 -0.07598877 0.6801758 -0.7285156 -0.6210938 0.1557617 -0.7675781 -0.3027344 0.5366211 -0.7871094 -0.3273926 0.2344971 -0.9150391 -0.3737793 -0.6010742 -0.7060547 0.0541687 -0.5986328 -0.7988281 -0.06063843 0.6191406 -0.7822266 -0.07629395 0.5361328 -0.840332 -0.1019287 0.2246094 -0.96875 0.5283203 -0.486084 -0.6953125 0.2243652 0.1638184 -0.9604492 0.2976074 0.3439941 -0.8901367 0.7768555 -0.3381348 -0.5307617 0.3212891 0.4567871 -0.8291016 0.8862305 -0.2110596 -0.411377 0.2429199 0.5771484 -0.7792969 0.9453125 -0.1237793 -0.3015137 0 0.5810547 -0.8134766 0.9794922 -0.1401367 -0.1437988 0.7124023 -0.6704102 0.2044678 -0.008018494 -0.9833984 -0.1787109 0.5839844 -0.7451172 0.3217773 0.2166748 -0.8203125 0.5288086 0.5209961 -0.8208008 0.2322998 0.2462158 -0.8022461 0.543457 0.04968262 -0.8071289 0.5874023 -0.1297607 -0.9848633 -0.1107178 0.02975464 -0.809082 0.5859375 -0.4892578 -0.6816406 0.543457 -0.1071777 -0.9765625 -0.1853027 -0.3771973 -0.7607422 0.5273438 -0.3642578 -0.8222656 0.4360352 0.02670288 -0.8510742 0.5234375 -0.3134766 -0.9018555 0.2958984 -0.02206421 -0.9541016 0.2971191 0.206543 -0.8525391 0.4794922 0.1538086 -0.9575195 0.2424316 0.4248047 -0.8969727 0.1208496 0.8408203 -0.1184692 -0.5273438 0.6958008 -0.1040039 -0.7099609 -0.144165 0.5839844 -0.7983398 0.5571289 -0.1972656 -0.8061523 -0.449707 0.6196289 -0.6430664 -0.1274414 0.473877 -0.8710938 0.4074707 -0.3381348 -0.8481445 -0.4226074 0.6865234 -0.5913086 -0.1873779 0.3439941 -0.9199219 0.1099243 -0.486084 -0.8666992 -0.4365234 0.6386719 -0.6333008 -0.5874023 0.6943359 -0.4147949 -0.6611328 0.605957 -0.4416504 -0.6069336 0.6455078 -0.4626465 -0.7978516 0.5878906 -0.1308594 -0.7109375 0.5712891 -0.4091797 -0.7324219 -0.1356201 0.6669922 -0.5634766 -0.1269531 0.815918 -0.8256836 -0.2186279 0.5200195 -0.8554688 0.4897461 -0.1676025 -0.8696289 -0.3393555 0.3574219 -0.9086914 0.3356934 -0.246582 -0.8691406 -0.4919434 0.04586792 -0.6557617 0.5366211 -0.5302734 -0.921875 0.1557617 -0.354248 -0.7407227 0.2344971 -0.6289063 -0.6767578 -0.6010742 -0.4245605 -0.3525391 -0.5986328 -0.71875 -0.486084 0.5361328 -0.6894531 -0.5727539 0.2246094 -0.7880859 -0.2858887 0.1638184 -0.9438477 -0.159668 -0.9853516 -0.05645752 -0.09185791 -0.6831055 0.7241211 -0.04663086 -0.9931641 0.1044922 0.3615723 -0.7856445 0.5009766 0.118103 -0.9926758 -0.003854752 -0.07452393 -0.7685547 0.6347656 0.5024414 -0.777832 0.3759766 -0.09753418 -0.8222656 0.5595703 0.7592773 -0.6450195 -0.08227539 0.6552734 -0.7543945 -0.02775574 0.5673828 -0.8208008 -0.05950928 0.4736328 -0.8144531 0.3342285 0.307373 -0.8212891 0.4797363 0.2849121 -0.8510742 0.4399414 0.4187012 -0.8525391 0.3120117 -0.1234131 -0.9018555 0.4130859 0.1295166 -0.9541016 0.2683105 0.2543945 -0.9575195 0.1330566 0.4282227 -0.8969727 -0.107666 0.4172363 -0.08447266 -0.9047852 0.2138672 -0.0947876 -0.972168 -0.5161133 0.5703125 -0.6386719 0.07843018 -0.2067871 -0.9750977 -0.7192383 0.5947266 -0.3581543 -0.5463867 0.465332 -0.6958008 -0.07110596 -0.3381348 -0.9379883 -0.6650391 0.6723633 -0.3239746 -0.6220703 0.3439941 -0.7026367 -0.3381348 -0.486084 -0.8056641 -0.6992188 0.6289063 -0.3381348 -0.7304688 0.6767578 -0.08734131 -0.7875977 0.6118164 -0.0680542 -0.7685547 0.6303711 -0.1066895 -0.7753906 0.5732422 0.263916 -0.3088379 -0.1262207 0.9423828 -0.09869385 -0.1243286 0.9873047 -0.4589844 -0.2220459 0.8598633 -0.8398438 0.467041 0.2758789 -0.5742188 -0.3393555 0.7446289 -0.9101563 0.3356934 0.2408447 -0.7294922 -0.4919434 0.4743652 -0.8330078 0.5366211 -0.1314697 -0.9755859 0.1557617 0.1540527 -0.9560547 0.2344971 -0.1740723 -0.7983398 -0.6010742 -0.02931213 -0.6645508 -0.5986328 -0.4462891 -0.765625 0.5361328 -0.3540039 -0.8901367 0.2246094 -0.3962402 -0.7192383 0.1638184 -0.6743164 0.6147461 -0.675293 -0.4064941 -0.07635498 -0.9921875 -0.09613037 0.6191406 -0.78125 0.0760498 0.5512695 -0.7578125 -0.3476563 -0.1895752 -0.9775391 0.08740234 0.4619141 -0.8208008 -0.3352051 0.5800781 -0.8120117 0.05947876 0.550293 -0.7910156 0.2661133 0.3171387 -0.8969727 -0.307373 0.2749023 -0.6728516 0.6860352 0.2658691 -0.7597656 0.5932617 0.5151367 -0.8129883 0.2700195 0.1954346 -0.8222656 0.5336914 0.4667969 -0.8510742 0.2386475 0.09967041 -0.9018555 0.4194336 0.24646 -0.9541016 0.1677246 0.5185547 -0.8525391 0.06091309 0.2868652 -0.9575195 -0.01198578 0.4250488 0.5805664 0.6938477 0.9775391 -0.1022949 -0.182373 0.9291992 -0.1104736 -0.3525391 0.6347656 0.5698242 0.5209961 0.9746094 -0.2045898 -0.08605957 0.333252 0.6499023 0.6821289 0.699707 0.4575195 0.5478516 0.9379883 -0.3381348 0.07110596 0.3239746 0.6713867 0.6660156 0.09350586 0.6445313 0.7587891 0.7026367 0.3439941 0.6220703 0.8056641 -0.486084 0.3381348 0.3417969 0.6206055 0.7055664 0.1001587 0.6738281 0.7314453 0.6743164 0.1638184 0.7192383 -0.2340088 0.5698242 0.7871094 -0.9428711 -0.1837158 0.2763672 -0.9243164 -0.1832275 0.3344727 -0.8642578 -0.2307129 0.4462891 -0.2719727 0.4528809 0.8486328 -0.7446289 -0.3393555 0.5742188 0.1115723 0.6196289 0.7763672 -0.2408447 0.3356934 0.9101563 -0.4743652 -0.4919434 0.7294922 0.1314697 0.5366211 0.8330078 -0.1540527 0.1557617 0.9755859 0.1740723 0.2344971 0.9560547 0.02931213 -0.6010742 0.7983398 0.4462891 -0.5986328 0.6645508 0.3540039 0.5361328 0.765625 0.3962402 0.2246094 0.8901367 0.1625977 0.5771484 0.7998047 0.4650879 0.605957 0.6445313 0.4431152 0.6801758 0.5830078 0.1809082 0.4692383 0.8637695 0.6728516 0.5898438 0.4458008 0.246582 0.3356934 0.9086914 0.4763184 0.6328125 0.6098633 0.6113281 0.6767578 0.409668 0.354248 0.1557617 0.921875 0.5302734 0.5366211 0.6557617 0.6289063 0.2344971 0.7407227 0.640625 0.6333008 0.4328613 0.6894531 0.5361328 0.486084 0.7880859 0.2246094 0.5727539 0.9438477 0.1638184 0.2858887 0.9199219 0.3439941 0.1873779 0.8725586 0.4726563 0.1216431 0.809082 0.5732422 0.1264648 0.7124023 0.565918 0.4138184 0.5253906 0.5717773 0.6293945 0.715332 0.6025391 0.3520508 0.6669922 0.6801758 0.3029785 0.5854492 0.4716797 0.6591797 0.7910156 0.6074219 0.06414795 0.6679688 0.3356934 0.6635742 0.7143555 0.6337891 0.2946777 0.7348633 0.6743164 0.06713867 0.7675781 0.1557617 0.6210938 0.7871094 0.5366211 0.3027344 0.9150391 0.2344971 0.3273926 0.7739258 0.6298828 0.06057739 0.840332 0.5361328 0.07629395 0.96875 0.2246094 0.1019287 0.9604492 0.1638184 -0.2243652 0.8901367 0.3439941 -0.2976074 0.8212891 0.4660645 -0.328125 0.7680664 0.5761719 -0.2775879 0.8139648 0.5800781 -0.001155853 0.7753906 0.5732422 0.263916 0.7875977 0.6118164 -0.06811523 0.7304688 0.6767578 -0.08734131 0.8398438 0.467041 0.2758789 0.7192383 0.5947266 -0.3581543 0.9101563 0.3356934 0.2408447 0.7685547 0.6303711 -0.1066895 0.6650391 0.6723633 -0.3239746 0.9755859 0.1557617 0.1540527 0.8330078 0.5366211 -0.1314697 0.9560547 0.2344971 -0.1740723 0.6992188 0.6289063 -0.3381348 0.765625 0.5361328 -0.3540039 0.8901367 0.2246094 -0.3962402 0.7192383 0.1638184 -0.6743164 0.6220703 0.3439941 -0.7026367 0.5463867 0.465332 -0.6958008 0.5161133 0.5703125 -0.6386719 0.7109375 0.5712891 -0.4091797 0.7978516 0.5878906 -0.1308594 0.6611328 0.605957 -0.4416504 0.5874023 0.6943359 -0.4147949 0.8554688 0.4897461 -0.1676025 0.449707 0.6196289 -0.6430664 0.9086914 0.3356934 -0.246582 0.6069336 0.6455078 -0.4626465 0.4226074 0.6865234 -0.5913086 0.921875 0.1557617 -0.354248 0.6557617 0.5366211 -0.5302734 0.7407227 0.2344971 -0.6289063 0.4365234 0.6386719 -0.6333008 0.486084 0.5361328 -0.6894531 0.5727539 0.2246094 -0.7880859 0.2858887 0.1638184 -0.9438477 0.1873779 0.3439941 -0.9199219 0.1274414 0.473877 -0.8710938 0.144165 0.5839844 -0.7983398 0.3999023 0.5942383 -0.6972656 0.6171875 0.5849609 -0.5253906 0.3361816 0.6298828 -0.699707 0.2963867 0.6914063 -0.6582031 0.6625977 0.4624023 -0.5883789 0.09259033 0.6176758 -0.7802734 0.6635742 0.3356934 -0.6679688 0.2983398 0.6240234 -0.7216797 0.07598877 0.6801758 -0.7285156 0.6210938 0.1557617 -0.7675781 0.3027344 0.5366211 -0.7871094 0.3273926 0.2344971 -0.9150391 0.06063843 0.6191406 -0.7822266 0.07629395 0.5361328 -0.840332 0.1019287 0.2246094 -0.96875 -0.2243652 0.1638184 -0.9604492 -0.2976074 0.3439941 -0.8901367 -0.3212891 0.4567871 -0.8291016 -0.2429199 0.5771484 -0.7792969 0.2169189 0.8964844 -0.3859863 0.1972656 0.8774414 -0.4362793 0.3239746 0.8925781 -0.3127441 0.3706055 0.871582 -0.3203125 0.1182251 0.8984375 -0.4223633 0.4140625 0.6977539 -0.5839844 0.1250152 0.8759766 -0.4650879 0 0.8999023 -0.4353027 0 0.8916016 -0.4523926 0 0.6401367 -0.7680664 -0.1250152 0.8759766 -0.4650879 -0.1182251 0.8984375 -0.4223633 0.3928223 -0.1776123 -0.9018555 0.9912109 -0.1273193 -0.02786255 0.9423828 -0.213623 -0.2561035 -0.1972656 0.8774414 -0.4362793 -0.2169189 0.8964844 -0.3859863 -0.3239746 0.8925781 -0.3127441 -0.3706055 0.871582 -0.3203125 -0.4140625 0.6977539 -0.5839844 -0.3928223 -0.1776123 -0.9018555 -0.9912109 -0.1273193 -0.02787781 -0.9423828 -0.213623 -0.2561035 0 -0.190918 -0.9814453 -0.3845215 -0.4941406 -0.7792969 -0.8320313 -0.1529541 -0.5322266 0.3845215 -0.4941406 -0.7792969 0.8320313 -0.1529541 -0.5322266 0 -0.5327148 -0.8461914 -0.3466797 -0.5048828 -0.7900391 -0.5234375 0.145752 -0.8393555 0.3466797 -0.5048828 -0.7900391 0.5234375 0.145752 -0.8393555 0 -0.6083984 -0.793457 -0.2293701 -0.4489746 -0.8632813 0 0.3007813 -0.9536133 0.2293701 -0.4489746 -0.8632813 0 -0.4438477 -0.8959961 0 0.9013672 0.432373 0.1678467 0.8725586 0.4580078 0 0.8837891 0.4677734 0.1289063 0.9038086 0.4074707 0 0.6420898 0.7661133 0.2207031 0.8779297 0.4238281 0.2143555 0.9052734 0.3654785 0.4604492 0.6308594 0.6235352 0.3615723 0.8740234 0.3234863 0.3190918 0.9013672 0.291748 0.4086914 0.8725586 0.2661133 0.3825684 0.8984375 0.2145996 0.4350586 0.8935547 0.1067505 0.4907227 0.8676758 0.07635498 0.7075195 0.6674805 0.2307129 0.8505859 -0.1882324 0.4899902 0.7924805 -0.09661865 -0.6015625 0.9082031 -0.2006836 -0.3666992 0.5771484 -0.2064209 0.7895508 0.7651367 -0.4938965 0.4121094 0.984375 -0.1657715 -0.05587769 0.2145996 -0.1923828 0.9575195 -0.7885742 -0.1106567 0.6044922 -0.6542969 -0.1875 0.7324219 0.4973145 -0.5302734 0.6860352 0.7436523 -0.5053711 0.4365234 0.9155273 0.1329346 0.3793945 0.1429443 -0.4909668 0.8588867 -0.4077148 -0.1174316 0.9052734 0.6918945 -0.4489746 0.5649414 0.559082 0.3000488 0.7724609 0.1794434 -0.5014648 0.8457031 0.0604248 0.1539307 0.9858398 0.4655762 -0.6079102 0.6425781 0.3188477 -0.4482422 0.8349609 0.5253906 -0.4436035 0.7255859 -0.1678467 0.8725586 0.4580078 -0.1289063 0.9038086 0.4074707 -0.2207031 0.8779297 0.4238281 -0.2143555 0.9052734 0.3654785 -0.4604492 0.6308594 0.6235352 -0.3615723 0.8740234 0.3234863 -0.3190918 0.9013672 0.291748 -0.4086914 0.8725586 0.2661133 -0.3825684 0.8984375 0.2145996 -0.4350586 0.8935547 0.1067505 -0.4907227 0.8676758 0.07635498 -0.7075195 0.6674805 0.2307129 -0.8505859 -0.1882324 0.4899902 -0.7924805 -0.09661865 -0.6015625 -0.9082031 -0.2006836 -0.3666992 -0.5771484 -0.2064209 0.7895508 -0.7651367 -0.4938965 0.4121094 -0.984375 -0.1657715 -0.05587769 -0.2145996 -0.1923828 0.9575195 0.7885742 -0.1106567 0.6044922 0.6542969 -0.1875 0.7324219 -0.4973145 -0.5302734 0.6860352 -0.1429443 -0.4909668 0.8588867 0.4077148 -0.1174316 0.9052734 -0.1794434 -0.5014648 0.8457031 -0.0604248 0.1539307 0.9858398 -0.7436523 -0.5053711 0.4365234 -0.9155273 0.1329346 0.3793945 -0.4655762 -0.6079102 0.6425781 -0.3188477 -0.4482422 0.8349609 -0.559082 0.3000488 0.7724609 -0.6918945 -0.4489746 0.5649414 -0.5253906 -0.4436035 0.7255859 0.394043 -0.7138672 -0.5786133 0.1253662 -0.984375 0.1196899 -0.07727051 -0.7958984 -0.5996094 0.3435059 -0.7490234 -0.5654297 0.004375458 -0.9824219 0.18396 0.3352051 -0.8208008 -0.4619141 -0.06439209 -0.8017578 -0.5932617 0.307373 -0.8969727 -0.3171387 -0.06091309 -0.8525391 -0.5185547 0.01198578 -0.9575195 -0.2868652 -0.1677246 -0.9541016 -0.24646 -0.2386475 -0.8510742 -0.4667969 -0.4194336 -0.9018555 -0.09967041 -0.5336914 -0.8222656 -0.1954346 -0.2753906 -0.8017578 -0.5297852 -0.5991211 -0.7485352 -0.2827148 -0.2351074 -0.8242188 -0.5146484 -0.6811523 -0.7114258 -0.1705322 0 -0.9399414 0.3398438 0.6811523 -0.7114258 -0.1705322 -0.004375458 -0.9824219 0.18396 0.2351074 -0.8242188 -0.5146484 0.5991211 -0.7485352 -0.2827148 0.07727051 -0.7958984 -0.5996094 -0.1253662 -0.984375 0.1196899 0.2753906 -0.8017578 -0.5297852 0.5336914 -0.8222656 -0.1954346 0.2386475 -0.8510742 -0.4667969 0.4194336 -0.9018555 -0.09967041 0.1677246 -0.9541016 -0.24646 0.06439209 -0.8017578 -0.5932617 0.06091309 -0.8525391 -0.5185547 -0.01198578 -0.9575195 -0.2868652 -0.307373 -0.8969727 -0.3171387 -0.3352051 -0.8208008 -0.4619141 -0.3435059 -0.7490234 -0.5654297 -0.394043 -0.7138672 -0.5786133 -0.4448242 0.8955078 -0.001974106 -0.4890137 0.8720703 -0.009765625 -0.4377441 0.890625 -0.1199341 -0.470459 0.8735352 -0.1225586 -0.7397461 0.6289063 -0.2380371 -0.4135742 0.8745117 -0.2512207 -0.3869629 0.8930664 -0.2285156 -0.7382813 -0.189209 -0.6464844 0.3144531 -0.08691406 -0.9448242 0.08624268 -0.1704102 -0.9814453 -0.9770508 -0.1824951 0.1064453 -0.2871094 -0.08557129 0.9536133 -0.5102539 -0.1807861 0.840332 -0.9350586 -0.2064209 -0.2866211 -0.6337891 -0.4951172 -0.5932617 -0.2303467 -0.1210327 -0.965332 -0.8598633 -0.4953613 0.1207886 -0.7485352 -0.144043 0.6469727 -0.8085938 -0.5327148 -0.2486572 -0.6591797 -0.4924316 -0.5678711 -0.6455078 0.1488037 -0.7485352 -0.862793 -0.4960938 0.09564209 -0.9570313 0.138916 0.2529297 -0.7651367 -0.5996094 -0.2338867 -0.7578125 -0.4484863 -0.4733887 -0.9116211 0.3000488 -0.2792969 -0.8925781 -0.4487305 -0.03302002 -0.8564453 -0.4436035 -0.2624512 0.4448242 0.8955078 -0.001974106 0.4890137 0.8720703 -0.009765625 0.4377441 0.890625 -0.1199341 0.470459 0.8735352 -0.1225586 0.7397461 0.6289063 -0.2380371 0.4135742 0.8745117 -0.2512207 0.3869629 0.8930664 -0.2285156 0.7382813 -0.189209 -0.6464844 -0.3144531 -0.08691406 -0.9448242 -0.08624268 -0.1704102 -0.9814453 0.9770508 -0.1824951 0.1064453 0.2871094 -0.08557129 0.9536133 0.5102539 -0.1807861 0.840332 0.9350586 -0.2064209 -0.2866211 0.6337891 -0.4951172 -0.5932617 0.2303467 -0.1210327 -0.965332 0.8598633 -0.4953613 0.1207886 0.7485352 -0.144043 0.6469727 0.8085938 -0.5327148 -0.2486572 0.6591797 -0.4924316 -0.5678711 0.6455078 0.1488037 -0.7485352 0.862793 -0.4960938 0.09564209 0.9570313 0.138916 0.2529297 0.7651367 -0.5996094 -0.2338867 0.7578125 -0.4484863 -0.4733887 0.9116211 0.3000488 -0.2792969 0.8925781 -0.4487305 -0.03302002 0.8564453 -0.4436035 -0.2624512 0 -0.7700195 0.6376953 0.1420898 -0.7607422 0.6323242 -0.1420898 -0.7607422 0.6323242 0 -0.8408203 0.5405273 0.2521973 -0.7387695 0.6240234 0.1356201 -0.8339844 0.534668 0.3642578 -0.7133789 0.5981445 0.2348633 -0.8203125 0.5205078 0.4824219 -0.6850586 0.5449219 0.3395996 -0.7963867 0.500061 0.1334229 -0.8969727 0.4208984 0.5688477 -0.6953125 0.4384766 0.2322998 -0.8813477 0.4108887 0.451416 -0.753418 0.4775391 0.345459 -0.8520508 0.392334 0.4814453 -0.7807617 0.3972168 0.2381592 -0.9121094 0.3322754 0.3654785 -0.8720703 0.3244629 0.4960938 -0.8051758 0.3242188 0.625 -0.699707 0.3444824 0.385498 -0.8984375 0.2088623 0.6572266 -0.7172852 0.2302246 0.5166016 -0.8295898 0.2092285 0.684082 -0.7211914 0.1090088 0.5288086 -0.8413086 0.1118774 0.7011719 -0.7128906 0 0.5336914 -0.8452148 0 0.684082 -0.7211914 -0.1090088 0.401123 -0.9160156 0 0.6572266 -0.7172852 -0.2302246 0.5288086 -0.8413086 -0.1118774 0.625 -0.699707 -0.3444824 0.5166016 -0.8295898 -0.2092285 0.3972168 -0.9111328 -0.1091919 0.5683594 -0.6958008 -0.4384766 0.4960938 -0.8051758 -0.3242188 0.385498 -0.8984375 -0.2088623 0.4824219 -0.6855469 -0.5444336 0.4807129 -0.78125 -0.3977051 0.3654785 -0.8720703 -0.3244629 0.364502 -0.7133789 -0.5981445 0.4516602 -0.7529297 -0.4777832 0.2521973 -0.7387695 -0.6240234 0.340332 -0.7963867 -0.4995117 0.3459473 -0.8515625 -0.3928223 0.2348633 -0.8203125 -0.5205078 0.2322998 -0.8813477 -0.4108887 0.2381592 -0.9121094 -0.3322754 0.2432861 -0.9462891 -0.2106934 0.1306152 -0.9335938 -0.333252 0.2470703 -0.9628906 -0.105835 0.1213379 -0.9711914 -0.2045898 0.116394 -0.987793 -0.1013184 0.2475586 -0.96875 0 0.1151123 -0.9931641 0 0.3972168 -0.9111328 0.1091919 0.2469482 -0.9628906 0.105835 0.2432861 -0.9462891 0.2106934 0.116394 -0.987793 0.1013184 0.1213379 -0.9711914 0.2045898 0.1306152 -0.9335938 0.333252 0 -0.9946289 0.09887695 0 -0.9794922 0.1992188 0 -0.9428711 0.3325195 0 -1.000122 0 0 -0.9047852 0.425293 -0.1356201 -0.8339844 0.534668 -0.1334229 -0.8969727 0.4208984 -0.2521973 -0.7387695 0.6240234 -0.2348633 -0.8203125 0.5205078 -0.3642578 -0.7133789 0.5981445 -0.2322998 -0.8813477 0.4108887 -0.4824219 -0.6850586 0.5449219 -0.3395996 -0.7963867 0.500061 -0.5688477 -0.6953125 0.4384766 -0.451416 -0.753418 0.4775391 -0.625 -0.699707 0.3444824 -0.4814453 -0.7807617 0.3972168 -0.345459 -0.8520508 0.392334 -0.4960938 -0.8051758 0.3242188 -0.3654785 -0.8720703 0.3244629 -0.2381592 -0.9121094 0.3322754 -0.1306152 -0.9335938 0.333252 -0.1213379 -0.9711914 0.2045898 -0.2432861 -0.9462891 0.2106934 -0.116394 -0.987793 0.1013184 -0.385498 -0.8984375 0.2088623 -0.2469482 -0.9628906 0.105835 -0.5166016 -0.8295898 0.2092285 -0.3972168 -0.9111328 0.1091919 -0.1151123 -0.9931641 0 -0.2475586 -0.96875 0 -0.6572266 -0.7172852 0.2302246 -0.5288086 -0.8413086 0.1118774 -0.684082 -0.7211914 0.1090088 -0.401123 -0.9160156 0 -0.5336914 -0.8452148 0 -0.7011719 -0.7128906 0 -0.684082 -0.7211914 -0.1090088 -0.5288086 -0.8413086 -0.1118774 -0.6572266 -0.7172852 -0.2302246 -0.625 -0.699707 -0.3444824 -0.5166016 -0.8295898 -0.2092285 -0.3972168 -0.9111328 -0.1091919 -0.5683594 -0.6958008 -0.4384766 -0.4960938 -0.8051758 -0.3242188 -0.385498 -0.8984375 -0.2088623 -0.2469482 -0.9628906 -0.105835 -0.3654785 -0.8720703 -0.3244629 -0.116394 -0.987793 -0.1013184 -0.2432861 -0.9462891 -0.2106934 0 -0.9946289 -0.09887695 -0.1213379 -0.9711914 -0.2045898 0 -0.9794922 -0.1992188 -0.2381592 -0.9121094 -0.3322754 -0.1306152 -0.9335938 -0.333252 0 -0.9428711 -0.3325195 0.1334229 -0.8969727 -0.4208984 -0.1334229 -0.8969727 -0.4208984 0.1356201 -0.8339844 -0.534668 0 -0.9047852 -0.425293 0.1420898 -0.7607422 -0.6323242 0 -0.8408203 -0.5405273 0 -0.7700195 -0.6376953 -0.1420898 -0.7607422 -0.6323242 -0.1356201 -0.8339844 -0.534668 -0.2521973 -0.7387695 -0.6240234 -0.2348633 -0.8203125 -0.5205078 -0.364502 -0.7133789 -0.5981445 -0.2322998 -0.8813477 -0.4108887 -0.340332 -0.7963867 -0.4995117 -0.4824219 -0.6855469 -0.5444336 -0.3459473 -0.8515625 -0.3928223 -0.4516602 -0.7529297 -0.4777832 -0.4807129 -0.78125 -0.3977051</float_array>
                    <technique_common>
                        <accessor count="898" offset="0" source="pm0285_00_00_body_mesh_shape_body_a-geometry-NORMAL-array" stride="3">
                            <param name="X" type="float" />
                            <param name="Y" type="float" />
                            <param name="Z" type="float" />
                        </accessor>
                    </technique_common>
                </source>
                <source id="pm0285_00_00_body_mesh_shape_body_a-geometry-TEXCOORD">
                    <float_array id="pm0285_00_00_body_mesh_shape_body_a-geometry-TEXCOORD-array" count="2234">0.7056803 0.6704296 0.7165082 0.6373438 0.7308137 0.6624373 0.7329142 0.6373438 0.7681543 0.65625 0.7284265 0.5969239 0.7695313 0.6352497 0.8096646 0.65625 0.7415721 0.5995312 0.7403448 0.5651416 0.8117864 0.6346434 0.8454912 0.662437 0.7518793 0.568598 0.7602087 0.5413048 0.7732455 0.5977599 0.8083113 0.5968 0.8474771 0.6347141 0.8663832 0.6609766 0.863501 0.6326172 0.8569303 0.5948046 0.8412606 0.5956532 0.838024 0.5617188 0.828617 0.5656675 0.8143913 0.5380859 0.803825 0.56718 0.8116739 0.5449914 0.7982098 0.5408042 0.8002115 0.5333593 0.7813052 0.5333593 0.7763439 0.5679666 0.7818912 0.5410483 0.7660608 0.5483611 0.8199202 0.1796482 0.8034773 0.2105911 0.7987507 0.1727786 0.8205615 0.2083435 0.859375 0.1835938 0.8150474 0.2504331 0.8578634 0.2083331 0.8988297 0.1835938 0.829381 0.2475587 0.8318367 0.2814895 0.9008303 0.2089244 0.8429192 0.2768027 0.8554695 0.3034885 0.8626611 0.2459086 0.860381 0.2967712 0.8679305 0.2753646 0.8750614 0.3022008 0.8743757 0.3098489 0.8932819 0.3098489 0.89823 0.2451669 0.8953908 0.2746021 0.8914719 0.3018962 0.9121883 0.3003958 0.9062883 0.2937143 0.9196591 0.2736726 0.9310946 0.2767631 0.9311063 0.2452312 0.9452743 0.2484037 0.9380371 0.2094058 0.9547274 0.2105911 0.9382843 0.1788247 0.9594538 0.1775053 0.9886585 0.8580935 0.9763153 0.8911795 0.9533947 0.8580935 0.9592128 0.8878448 0.9663464 0.928992 0.9179688 0.8671875 0.9512535 0.9250854 0.950846 0.9573513 0.9211945 0.8889678 0.9395198 0.9540374 0.928534 0.9809842 0.9186752 0.9250314 0.8790211 0.8886887 0.8786065 0.8655114 0.8837194 0.9252269 0.8408692 0.8876986 0.8421351 0.8580935 0.8232288 0.8911795 0.8116907 0.8533669 0.8374085 0.928992 0.8510249 0.9255689 0.8515881 0.9573513 0.8631406 0.9540834 0.875221 0.9809842 0.8882546 0.9544205 0.8802336 0.9749323 0.8944535 0.982082 0.8941272 0.9904373 0.9096279 0.9904373 0.9153797 0.954618 0.9096279 0.9823258 0.9258098 0.9742116 0.9656847 0.8252647 0.984591 0.7921788 0.9893174 0.8347179 0.9671103 0.7961775 0.9296875 0.8203125 0.9704113 0.7543663 0.9293731 0.7969054 0.8880771 0.820312 0.9570675 0.7580237 0.9562316 0.7260069 0.8870219 0.7969054 0.8540856 0.823718 0.9249276 0.7590928 0.9451349 0.7295334 0.9325987 0.7023741 0.8238876 0.8347179 0.8333409 0.7921788 0.8503281 0.7958305 0.8431261 0.7543663 0.857491 0.7571876 0.8617003 0.7212803 0.8902318 0.7590928 0.8716598 0.7272267 0.8806065 0.7023741 0.9209032 0.7294804 0.894931 0.7287058 0.8859454 0.708988 0.9005842 0.701033 0.8995128 0.6929209 0.9161149 0.7011809 0.9184189 0.6929209 0.9284928 0.7087015 0.8323303 0.6905192 0.8276039 0.7283317 0.8134239 0.6971383 0.8112536 0.7250752 0.7730894 0.7002255 0.8181508 0.7661442 0.7746283 0.7246364 0.804319 0.7624193 0.8039709 0.7945036 0.734375 0.6992188 0.792918 0.7912021 0.7850647 0.8181364 0.7723264 0.7619879 0.7794556 0.8113835 0.7694759 0.7919756 0.7647016 0.8195687 0.7661585 0.8275895 0.7486683 0.8198537 0.7472521 0.8275895 0.7294331 0.8196836 0.743263 0.7926283 0.7348977 0.8136235 0.7198328 0.7945643 0.7096677 0.7992302 0.7380545 0.7631013 0.7064681 0.7665407 0.6938555 0.7722467 0.7322736 0.7257726 0.6948444 0.7278886 0.6780433 0.7330582 0.69526 0.6905192 0.6716272 0.6905192 0.1914455 0.9882813 0.1772656 0.9741015 0.1819923 0.9457421 0.1988502 0.9457421 0.1914455 0.9079297 0.2318656 0.9882813 0.2058648 0.9104909 0.2056251 0.8795702 0.2354553 0.9457421 0.28125 0.9882813 0.218081 0.8822065 0.2292578 0.8559375 0.2387602 0.9106899 0.2776912 0.9457421 0.2335513 0.8654329 0.2739681 0.9106964 0.2491007 0.857319 0.2481643 0.8464844 0.2428849 0.8816686 0.2649356 0.8571957 0.2670704 0.8464844 0.2828612 0.8544317 0.2697817 0.8816496 0.2784556 0.8636615 0.2943431 0.8815994 0.3059773 0.8780961 0.3071012 0.9105245 0.3212106 0.9079722 0.3161842 0.9457421 0.3332422 0.9457421 0.3237891 0.9882813 0.3379688 0.9788281 0.3445913 0.8476564 0.3373054 0.8901954 0.3304117 0.861836 0.3540968 0.8901954 0.3493179 0.928008 0.3871304 0.8476564 0.3631606 0.928008 0.36579 0.9592772 0.391714 0.8901954 0.4375 0.8476563 0.3763997 0.9563673 0.3891352 0.981512 0.3961966 0.928008 0.4344096 0.8901954 0.3931064 0.9730153 0.4011455 0.9563673 0.4071513 0.9792988 0.4060367 0.9894533 0.4246058 0.9894533 0.4310249 0.928008 0.4279537 0.9563673 0.4231836 0.9793172 0.4440221 0.9815483 0.4384638 0.9723304 0.4520466 0.9563673 0.4637846 0.9610938 0.4624184 0.928008 0.4756421 0.9301661 0.4717761 0.8901954 0.4892647 0.8901954 0.4784652 0.8476563 0.4911148 0.8511165 0.2691863 0.6624373 0.2834918 0.6373438 0.2943197 0.6704296 0.2670858 0.6373438 0.2318457 0.65625 0.2715735 0.5969239 0.2304688 0.6352497 0.1903354 0.65625 0.2584279 0.5995312 0.2596552 0.5651416 0.1882136 0.6346434 0.1545088 0.662437 0.2481207 0.568598 0.2397913 0.5413048 0.2267545 0.5977599 0.1916887 0.5968 0.1525229 0.6347141 0.1336168 0.6609766 0.136499 0.6326172 0.1430697 0.5948046 0.1587394 0.5956532 0.161976 0.5617188 0.171383 0.5656675 0.1856087 0.5380859 0.196175 0.56718 0.1883261 0.5449914 0.2017902 0.5408042 0.1997885 0.5333593 0.2186948 0.5333593 0.2236561 0.5679666 0.2181088 0.5410483 0.2339392 0.5483611 0.4762843 0.8281251 0.4808594 0.785586 0.4903126 0.828125 0.4649829 0.785586 0.470068 0.7456264 0.4335938 0.828125 0.456225 0.7479159 0.4572266 0.7146875 0.4288672 0.785586 0.384406 0.828125 0.4451306 0.7187178 0.4335938 0.6923674 0.4238858 0.7487569 0.3870863 0.785586 0.4287446 0.7016227 0.4201787 0.7194141 0.4140281 0.6957812 0.4146876 0.6863281 0.3957813 0.6863281 0.3892909 0.74939 0.3932324 0.7194141 0.3978121 0.6957812 0.3768751 0.6957812 0.3827339 0.7044545 0.3693529 0.7194141 0.3581203 0.7146875 0.3574251 0.7495662 0.3437891 0.7477735 0.3507447 0.785586 0.3343359 0.785586 0.339214 0.8281252 0.3296095 0.8186719 0.2012493 0.1727786 0.1965227 0.2105911 0.1800798 0.1796482 0.1794385 0.2083435 0.140625 0.1835938 0.1849526 0.2504331 0.1421366 0.2083331 0.170619 0.2475587 0.1681633 0.2814895 0.1011703 0.1835938 0.1570808 0.2768027 0.1445305 0.3034885 0.1373389 0.2459086 0.09916967 0.2089244 0.139619 0.2967712 0.1320695 0.2753646 0.1249386 0.3022008 0.1256243 0.3098489 0.1067181 0.3098489 0.10177 0.2451669 0.1046092 0.2746021 0.1085281 0.3018962 0.08781171 0.3003958 0.09371173 0.2937143 0.08034092 0.2736726 0.06890541 0.2767631 0.06889373 0.2452312 0.05472571 0.2484037 0.0619629 0.2094058 0.04527265 0.2105911 0.06171566 0.1788247 0.04054624 0.1775053 0.1514475 0.1523438 0.1609007 0.1098047 0.1656272 0.1476172 0.1443609 0.1097671 0.1514475 0.07199228 0.1111456 0.1523438 0.1366395 0.07406521 0.1372678 0.04363275 0.1072873 0.1100051 0.0625 0.1523438 0.1247751 0.04634994 0.1136351 0.01999998 0.1028402 0.07416826 0.0648613 0.1095798 0.1085157 0.0285219 0.09926403 0.04569966 0.0940941 0.02148426 0.09472877 0.01054692 0.0781858 0.01054692 0.06712717 0.07419461 0.07178724 0.0453949 0.0781858 0.02121544 0.05927956 0.01999998 0.06199574 0.02919686 0.04684687 0.0456776 0.0356468 0.04363275 0.03369868 0.07432932 0.01910388 0.07199228 0.0262605 0.1109741 0.009650707 0.1098047 0.02383029 0.1501678 0.009650707 0.1476172 0.04660529 0.8580935 0.02368473 0.8911795 0.0113415 0.8580935 0.04078716 0.8878448 0.03365356 0.928992 0.08203125 0.8671875 0.04874647 0.9250854 0.04915398 0.9573513 0.07880551 0.8889678 0.06048018 0.9540374 0.07146597 0.9809842 0.08132476 0.9250314 0.1209789 0.8886887 0.1213935 0.8655114 0.1162806 0.9252269 0.1591308 0.8876986 0.1578649 0.8580935 0.1883093 0.8533669 0.1767712 0.8911795 0.1625915 0.928992 0.1489751 0.9255689 0.1484119 0.9573513 0.1368594 0.9540834 0.1247791 0.9809842 0.1117454 0.9544205 0.1197664 0.9749323 0.1055465 0.982082 0.1058728 0.9904373 0.09037215 0.9904373 0.0846203 0.954618 0.09037215 0.9823258 0.0741902 0.9742116 0.4296584 0.515625 0.4438381 0.5203515 0.4391116 0.5628906 0.4218087 0.5604637 0.4277954 0.6007031 0.3867188 0.515625 0.4136317 0.5987651 0.4107521 0.6337891 0.3844099 0.5600863 0.3998599 0.6285105 0.3918459 0.6526953 0.3810717 0.5983194 0.3421201 0.5600854 0.3378588 0.515625 0.3463382 0.5983791 0.3046091 0.5615193 0.2973146 0.515625 0.2878615 0.5676171 0.2831349 0.5203515 0.3000864 0.6007031 0.3140466 0.5984706 0.3114942 0.6290625 0.3240805 0.6273412 0.3351271 0.6574218 0.3489811 0.6280288 0.3399274 0.6470515 0.3540334 0.6526953 0.3540334 0.6621484 0.3729397 0.6621484 0.3760555 0.6277297 0.3709923 0.6526953 0.3862505 0.6438899 0.01068258 0.8347179 0.01540899 0.7921788 0.03431535 0.8252647 0.03288972 0.7961775 0.0703125 0.8203125 0.0295887 0.7543663 0.07062685 0.7969054 0.1119229 0.820312 0.04293251 0.7580237 0.04376841 0.7260069 0.1129781 0.7969054 0.05486512 0.7295334 0.1459144 0.823718 0.06740129 0.7023741 0.1666591 0.7921788 0.1761124 0.8347179 0.1496719 0.7958305 0.1568739 0.7543663 0.142509 0.7571876 0.1382997 0.7212803 0.1283402 0.7272267 0.1193935 0.7023741 0.1097682 0.7590928 0.07507241 0.7590928 0.07909679 0.7294804 0.105069 0.7287058 0.07150722 0.7087015 0.08388507 0.7011809 0.08158112 0.6929209 0.1004872 0.6929209 0.09941578 0.701033 0.1140546 0.708988 0.167671 0.4960938 0.1557872 0.4929152 0.1605139 0.4535546 0.1770538 0.4549034 0.1699672 0.4157423 0.2109375 0.4960938 0.1841466 0.4184626 0.1841466 0.3873828 0.2125061 0.4535549 0.1956986 0.3901209 0.2030529 0.3637501 0.2161711 0.4182826 0.2550451 0.4535549 0.2597717 0.4960939 0.2503185 0.4174186 0.2944492 0.4506488 0.3023107 0.4960938 0.311764 0.4488281 0.3164907 0.4913673 0.2975841 0.4110157 0.2835884 0.4148831 0.2786779 0.3826562 0.2682697 0.3874387 0.2584636 0.3622179 0.2450141 0.3886164 0.2533244 0.3707873 0.2394077 0.3645551 0.2408656 0.3542968 0.2219591 0.3542968 0.2189993 0.3890634 0.2235607 0.3648692 0.2085886 0.3729855 0.1865761 0.6971383 0.1723961 0.7283317 0.1676697 0.6905192 0.1887464 0.7250752 0.2269106 0.7002255 0.1818492 0.7661442 0.2253717 0.7246364 0.195681 0.7624193 0.1960291 0.7945036 0.265625 0.6992188 0.207082 0.7912021 0.2149353 0.8181364 0.2276736 0.7619879 0.2677264 0.7257726 0.2205444 0.8113835 0.3051556 0.7278886 0.30474 0.6905192 0.3283728 0.6905192 0.3219567 0.7330582 0.3061445 0.7722467 0.2935319 0.7665407 0.2903323 0.7992302 0.2619455 0.7631013 0.2801672 0.7945643 0.2705669 0.8196836 0.256737 0.7926283 0.2651023 0.8136235 0.2513317 0.8198537 0.2527479 0.8275895 0.2338415 0.8275895 0.2305241 0.7919756 0.2352984 0.8195687 0.8085545 0.9882813 0.8180077 0.9457421 0.8227344 0.9741015 0.8011498 0.9457421 0.8085545 0.9079297 0.7681344 0.9882813 0.7941352 0.9104909 0.7943749 0.8795702 0.7645447 0.9457421 0.71875 0.9882813 0.781919 0.8822065 0.7707422 0.8559375 0.7612398 0.9106899 0.7223088 0.9457421 0.7664487 0.8654329 0.6838158 0.9457421 0.6762109 0.9882813 0.6620312 0.9788281 0.6667578 0.9457421 0.6787894 0.9079722 0.6928988 0.9105245 0.6940227 0.8780961 0.7260319 0.9106964 0.7056569 0.8815994 0.7171388 0.8544317 0.7302183 0.8816496 0.7215444 0.8636615 0.7350644 0.8571957 0.7329296 0.8464844 0.7518357 0.8464844 0.7571151 0.8816686 0.7508993 0.857319 0.6554087 0.8476564 0.6695883 0.861836 0.6626946 0.8901954 0.6459032 0.8901954 0.6128696 0.8476564 0.6506821 0.928008 0.608286 0.8901954 0.6368394 0.928008 0.63421 0.9592772 0.5625 0.8476563 0.6236003 0.9563673 0.6108648 0.981512 0.6038034 0.928008 0.5655904 0.8901954 0.6068936 0.9730153 0.5988545 0.9563673 0.5928487 0.9792988 0.5939633 0.9894533 0.5753942 0.9894533 0.5689751 0.928008 0.5720463 0.9563673 0.5768164 0.9793172 0.5559779 0.9815483 0.5615362 0.9723304 0.5479534 0.9563673 0.5362154 0.9610938 0.5375816 0.928008 0.5243579 0.9301661 0.5282239 0.8901954 0.5107353 0.8901954 0.5215348 0.8476563 0.5088852 0.8511165 0.5237157 0.8281251 0.5096874 0.828125 0.5191406 0.785586 0.5350171 0.785586 0.5664063 0.828125 0.529932 0.7456264 0.5711328 0.785586 0.543775 0.7479159 0.5427734 0.7146875 0.615594 0.828125 0.5548694 0.7187178 0.5664063 0.6923674 0.5761142 0.7487569 0.6129137 0.785586 0.5712554 0.7016227 0.5798213 0.7194141 0.5859719 0.6957812 0.5853124 0.6863281 0.6042187 0.6863281 0.6107091 0.74939 0.6067676 0.7194141 0.6021879 0.6957812 0.6231249 0.6957812 0.6172661 0.7044545 0.6306471 0.7194141 0.6418797 0.7146875 0.6425749 0.7495662 0.6562109 0.7477735 0.6492553 0.785586 0.6656641 0.785586 0.660786 0.8281252 0.6703905 0.8186719 0.6976893 0.4960938 0.6835093 0.4913673 0.688236 0.4488281 0.7055508 0.4506488 0.7402283 0.4960939 0.7024159 0.4110157 0.7449549 0.4535549 0.7164116 0.4148831 0.7213221 0.3826562 0.7890625 0.4960938 0.7317303 0.3874387 0.7415364 0.3622179 0.7496815 0.4174186 0.7874939 0.4535549 0.7466756 0.3707873 0.7549859 0.3886164 0.7605923 0.3645551 0.7591344 0.3542968 0.7780409 0.3542968 0.7838289 0.4182826 0.7810007 0.3890634 0.7764393 0.3648692 0.7969471 0.3637501 0.7914114 0.3729855 0.8043014 0.3901209 0.8158534 0.3873828 0.8158534 0.4184626 0.8300328 0.4157423 0.8229462 0.4549034 0.8394861 0.4535546 0.832329 0.4960938 0.8442128 0.4929152 0.7026854 0.515625 0.7168651 0.5203515 0.7121385 0.5676171 0.6953909 0.5615193 0.6621412 0.515625 0.6999136 0.6007031 0.6578799 0.5600854 0.6859534 0.5984706 0.6885058 0.6290625 0.6132813 0.515625 0.6759195 0.6273412 0.6648729 0.6574218 0.6536618 0.5983791 0.6155901 0.5600863 0.6600726 0.6470515 0.6510189 0.6280288 0.6459666 0.6526953 0.6459666 0.6621484 0.6270603 0.6621484 0.6189283 0.5983194 0.6239445 0.6277297 0.6290077 0.6526953 0.6081541 0.6526953 0.6137495 0.6438899 0.6001401 0.6285105 0.5892479 0.6337891 0.5863683 0.5987651 0.5722046 0.6007031 0.5781913 0.5604637 0.5608884 0.5628906 0.5703416 0.515625 0.5561619 0.5203515 0.8485525 0.1523438 0.8343728 0.1476172 0.8390993 0.1098047 0.8556391 0.1097671 0.8888544 0.1523438 0.8485525 0.07199228 0.8927127 0.1100051 0.8633605 0.07406521 0.8627322 0.04363275 0.9375 0.1523438 0.8752249 0.04634994 0.8863649 0.01999998 0.8971598 0.07416826 0.9351387 0.1095798 0.8914843 0.0285219 0.900736 0.04569966 0.9059059 0.02148426 0.9052712 0.01054692 0.9218142 0.01054692 0.9328728 0.07419461 0.9282128 0.0453949 0.9218142 0.02121544 0.9407204 0.01999998 0.9380043 0.02919686 0.9531531 0.0456776 0.9643532 0.04363275 0.9663013 0.07432932 0.9808961 0.07199228 0.9737395 0.1109741 0.9903493 0.1098047 0.9761697 0.1501678 0.9903493 0.1476172 0.5512937 0.6734023 0.5448369 0.6458172 0.5708984 0.6635736 0.5567187 0.641875 0.5236328 0.6796875 0.5425391 0.6229689 0.5170214 0.6504515 0.5 0.6796875 0.5 0.6513281 0.5 0.6276953 0.4829786 0.6504515 0.4763672 0.6796875 0.5393574 0.6114854 0.5472656 0.6103296 0.5472656 0.5898829 0.4551631 0.6458172 0.4487062 0.6734023 0.4291016 0.6635736 0.4432813 0.641875 0.4574609 0.6229689 0.4606426 0.6114854 0.4527344 0.6103296 0.4527344 0.5898829 0.5 0.6135157 0.4620969 0.5900269 0.4588996 0.5652549 0.5379031 0.5900269 0.5411005 0.5652549 0.5 0.5898829 0.4670922 0.5675514 0.4752706 0.5483698 0.5329078 0.5675514 0.5247294 0.5483698 0.5 0.569639 0.4791302 0.5534235 0.5 0.5426172 0.5208698 0.5534235 0.5 0.5493093 0.8605483 0.5237403 0.889661 0.5424224 0.8731544 0.5472851 0.8862129 0.5164496 0.8801441 0.5636574 0.9198623 0.5396949 0.9167414 0.5117188 0.9240255 0.5604924 0.9318178 0.5393049 0.9375 0.5117188 0.9621662 0.5423784 0.9686012 0.5163502 0.9919141 0.5277997 0.9763215 0.5495643 0.96686 0.5637563 0.9633644 0.5766909 0.9714287 0.5778492 0.9706556 0.5983351 0.9240255 0.5732797 0.9609899 0.59758 0.9650827 0.6224012 0.8861826 0.5766675 0.8784585 0.5778492 0.8782466 0.5985716 0.9240255 0.5967479 0.9566314 0.6201252 0.9479375 0.6393484 0.8874143 0.5981103 0.8847892 0.623041 0.9443333 0.6342056 0.9240255 0.6441782 0.8925209 0.6205176 0.9006304 0.6393484 0.9240255 0.6179184 0.9043453 0.6342728 0.9240255 0.6380582 0.110339 0.5424224 0.1394517 0.5237403 0.1268456 0.5472851 0.1137871 0.5164496 0.1198559 0.5636574 0.08013767 0.5396949 0.08325857 0.5117188 0.07597452 0.5604924 0.06818217 0.5393049 0.0625 0.5117188 0.03783375 0.5423784 0.03139883 0.5163502 0.008085907 0.5277997 0.02367848 0.5495643 0.03314 0.5637563 0.03663558 0.5766909 0.02857131 0.5778492 0.02934438 0.5983351 0.07597452 0.5732797 0.03901011 0.59758 0.03491729 0.6224012 0.1138174 0.5766675 0.1215415 0.5778492 0.1217534 0.5985716 0.07597452 0.5967479 0.1125857 0.5981103 0.1152108 0.623041 0.1074791 0.6205176 0.09936965 0.6393484 0.04336864 0.6201252 0.05206251 0.6393484 0.07597452 0.6179184 0.09565473 0.6342728 0.07597452 0.6441782 0.05566674 0.6342056 0.07597452 0.6380582 0.9701444 0.3303908 0.9888661 0.3365257 0.968398 0.3603534 0.9851563 0.3634766 0.9331641 0.3398438 0.9757031 0.4012892 0.9310707 0.3618672 0.9611005 0.3978128 0.9567969 0.4296485 0.890625 0.3398438 0.9463292 0.4261914 0.9378906 0.4532812 0.9275675 0.3975161 0.9324915 0.4464585 0.9228905 0.4269974 0.9177243 0.4546335 0.9189844 0.4627344 0.901878 0.4547158 0.9000781 0.4627344 0.8844541 0.4551869 0.8962567 0.4270403 0.8886657 0.4483781 0.8715585 0.4273643 0.8602828 0.4310756 0.892305 0.3976523 0.8597958 0.3979058 0.8463181 0.4012892 0.8883846 0.3616555 0.8508551 0.3599668 0.8361985 0.3634766 0.851957 0.3303908 0.8197266 0.3398438 0.148043 0.3303908 0.1802734 0.3398438 0.1491449 0.3599668 0.1638015 0.3634766 0.109375 0.3398438 0.1536819 0.4012892 0.1116154 0.3616555 0.1402042 0.3979058 0.1397172 0.4310756 0.06892931 0.3618672 0.06683594 0.3398438 0.107695 0.3976523 0.1284415 0.4273643 0.1155459 0.4551869 0.1037433 0.4270403 0.1113343 0.4483781 0.098122 0.4547158 0.09992194 0.4627344 0.08101565 0.4627344 0.07243252 0.3975161 0.07710946 0.4269974 0.08227569 0.4546335 0.06210935 0.4532812 0.06750852 0.4464585 0.05367076 0.4261914 0.04320312 0.4296485 0.03889954 0.3978128 0.02429688 0.4012892 0.03160203 0.3603534 0.0148437 0.3634766 0.02985561 0.3303908 0.01113391 0.3365257 0.2584014 0.01171875 0.2877154 0.02782506 0.2463331 0.03815961 0.2725366 0.04941273 0.2304688 0.01171875 0.2678249 0.06354791 0.2285273 0.03882051 0.2254526 0.06045771 0.2120148 0.03716028 0.2030532 0.01171875 0.1735901 0.02318138 0.1830136 0.04470098 0.1830136 0.06284487 0.1865188 0.07473409 0.1783019 0.07570177 0.1783019 0.09653002 0.2651232 0.07594705 0.2725366 0.07768303 0.2725366 0.09653002 0.2254526 0.07301462 0.1876405 0.09658939 0.1848624 0.1216722 0.2631201 0.09658939 0.2665675 0.1220309 0.2254526 0.09653002 0.1924369 0.1200887 0.2018202 0.1391284 0.2584014 0.1200887 0.2498817 0.1385034 0.2254526 0.117315 0.2050534 0.1332754 0.2254534 0.1436474 0.2461414 0.1334437 0.2254526 0.1374784 0.7415986 0.01171875 0.7536669 0.03815961 0.7122846 0.02782506 0.7274634 0.04941273 0.7695313 0.01171875 0.7321751 0.06354791 0.7714727 0.03882051 0.7745474 0.06045771 0.7879852 0.03716028 0.7969468 0.01171875 0.8264099 0.02318138 0.8169864 0.04470098 0.8169864 0.06284487 0.8134812 0.07473409 0.8216981 0.07570177 0.8216981 0.09653002 0.7348768 0.07594705 0.7274634 0.07768303 0.7274634 0.09653002 0.7745474 0.07301462 0.8123595 0.09658939 0.8151376 0.1216722 0.7368799 0.09658939 0.7334325 0.1220309 0.7745474 0.09653002 0.8075631 0.1200887 0.7981798 0.1391284 0.7415986 0.1200887 0.7501183 0.1385034 0.7745474 0.117315 0.7949466 0.1332754 0.7745466 0.1436474 0.7538586 0.1334437 0.7745474 0.1374784 0.5 0.4452292 0.5400229 0.4726563 0.5 0.4726563 0.4599771 0.4726563 0.5399881 0.4434732 0.5853581 0.4630878 0.4600119 0.4434732 0.4146419 0.4630878 0.5 0.4110919 0.5833794 0.4364641 0.6237314 0.449182 0.5409663 0.4091358 0.6187227 0.4223922 0.6536791 0.4273226 0.5825117 0.4030499 0.6436895 0.4078756 0.6842046 0.3949232 0.6180066 0.3943315 0.5424991 0.3867326 0.6697268 0.3820816 0.7104009 0.3657821 0.5829792 0.3827047 0.6354064 0.3888645 0.6190712 0.3777426 0.6464561 0.3758745 0.5848479 0.3480067 0.6226419 0.3455695 0.65631 0.3455241 0.6862386 0.3503318 0.723784 0.3245521 0.6267079 0.3167909 0.6956749 0.3206983 0.6627306 0.3177483 0.7026245 0.2813916 0.7334486 0.284955 0.6680169 0.2797394 0.7050145 0.243779 0.7426475 0.2442936 0.7340377 0.2033972 0.6699677 0.2433415 0.703093 0.2061201 0.7248912 0.1635928 0.6319101 0.2429303 0.6966236 0.1666844 0.6683956 0.2069075 0.68756 0.1368622 0.7121164 0.1221038 0.6635084 0.1688057 0.630776 0.206983 0.6714228 0.1047658 0.6862595 0.09234667 0.6573877 0.1409157 0.6273233 0.1689833 0.6455738 0.07839358 0.6560194 0.05925596 0.6478651 0.110387 0.623518 0.1401424 0.6205872 0.06333953 0.6261631 0.03672796 0.6369156 0.09717965 0.5850595 0.04858726 0.5876033 0.02203995 0.6194317 0.09133905 0.6202866 0.1079245 0.5836829 0.08196998 0.5839214 0.1023192 0.5854973 0.1370511 0.5876095 0.1677652 0.543691 0.1340668 0.5897893 0.2064679 0.5446253 0.1663659 0.5456647 0.2059821 0.5905074 0.2425776 0.5460067 0.2423276 0.6304808 0.2788525 0.5895812 0.2786708 0.5871685 0.3173325 0.5455559 0.2786657 0.5443904 0.318252 0.5433331 0.3505112 0.5 0.2787051 0.5 0.3189027 0.5 0.3517768 0.5 0.2422225 0.5 0.3883601 0.4590337 0.4091358 0.457501 0.3867326 0.4166206 0.4364641 0.3762686 0.449182 0.4174883 0.4030499 0.3812773 0.4223922 0.3463209 0.4273226 0.4170208 0.3827047 0.3563105 0.4078756 0.3157954 0.3949232 0.3819934 0.3943315 0.3302732 0.3820816 0.289599 0.3657821 0.3645935 0.3888645 0.3137614 0.3503318 0.276216 0.3245521 0.3535439 0.3758745 0.3809288 0.3777426 0.3436901 0.3455241 0.3773581 0.3455695 0.4151521 0.3480067 0.4566669 0.3505112 0.4556095 0.318252 0.4128315 0.3173325 0.4544441 0.2786657 0.3732922 0.3167909 0.4104188 0.2786708 0.3372694 0.3177483 0.3695193 0.2788525 0.4539933 0.2423276 0.4094926 0.2425776 0.3043251 0.3206983 0.3319832 0.2797394 0.2973755 0.2813916 0.2665514 0.284955 0.3680899 0.2429303 0.3300323 0.2433415 0.2949855 0.243779 0.2573525 0.2442936 0.2659623 0.2033972 0.296907 0.2061201 0.2751088 0.1635928 0.3316044 0.2069075 0.3033763 0.1666844 0.3124401 0.1368622 0.2878837 0.1221038 0.3364916 0.1688057 0.369224 0.206983 0.3285772 0.1047658 0.3137405 0.09234667 0.3426123 0.1409157 0.3726767 0.1689833 0.4102106 0.2064679 0.376482 0.1401424 0.4543353 0.2059821 0.4123905 0.1677652 0.5 0.2057568 0.4553747 0.1663659 0.5 0.16554 0.4145027 0.1370511 0.4563091 0.1340668 0.5 0.1326218 0.543047 0.09779119 0.456953 0.09779119 0.5416841 0.07534057 0.5 0.09598213 0.5411814 0.04094261 0.5421875 0.01171875 0.5 0.07320184 0.5 0.03904688 0.5 0.01171875 0.4578125 0.01171875 0.4588185 0.04094261 0.4123967 0.02203995 0.4583159 0.07534057 0.4149405 0.04858726 0.3738369 0.03672796 0.4163171 0.08196998 0.3794128 0.06333953 0.3439805 0.05925596 0.4160786 0.1023192 0.3805683 0.09133905 0.3544262 0.07839358 0.3797134 0.1079245 0.3630844 0.09717965 0.3521349 0.110387</float_array>
                    <technique_common>
                        <accessor count="1117" offset="0" source="pm0285_00_00_body_mesh_shape_body_a-geometry-TEXCOORD-array" stride="2">
                            <param name="S" type="float" />
                            <param name="T" type="float" />
                        </accessor>
                    </technique_common>
                </source>
                <vertices id="pm0285_00_00_body_mesh_shape_body_a-vertices">
                    <input semantic="POSITION" source="#pm0285_00_00_body_mesh_shape_body_a-geometry-POSITION" />
                </vertices>
                <triangles count="1660" material="body_a">
                    <input semantic="VERTEX" source="#pm0285_00_00_body_mesh_shape_body_a-vertices" offset="0" set="0" />
                    <input semantic="NORMAL" source="#pm0285_00_00_body_mesh_shape_body_a-geometry-NORMAL" offset="1" set="0" />
                    <input semantic="TEXCOORD" source="#pm0285_00_00_body_mesh_shape_body_a-geometry-TEXCOORD" offset="2" set="0" />
                    <p>0 0 0 1 1 1 2 2 2 2 2 2 1 1 1 3 3 3 3 3 3 4 4 4 2 2 2 1 1 1 5 5 5 3 3 3 6 6 6 4 4 4 3 3 3 6 6 6 7 7 7 4 4 4 3 3 3 5 5 5 8 8 8 3 3 3 8 8 8 6 6 6 5 5 5 9 9 9 8 8 8 10 10 10 7 7 7 6 6 6 7 7 7 10 10 10 11 11 11 8 8 8 9 9 9 12 12 12 9 9 9 13 13 13 12 12 12 6 6 6 8 8 8 14 14 14 8 8 8 12 12 12 14 14 14 6 6 6 15 15 15 10 10 10 14 14 14 15 15 15 6 6 6 11 11 11 10 10 10 16 16 16 11 11 11 16 16 16 17 17 17 17 17 17 16 16 16 18 18 18 16 16 16 19 19 19 18 18 18 10 10 10 20 20 20 16 16 16 20 20 20 19 19 19 16 16 16 15 15 15 20 20 20 10 10 10 20 20 20 21 21 21 19 19 19 22 22 22 21 21 21 20 20 20 20 20 20 15 15 15 22 22 22 22 22 22 23 23 23 21 21 21 22 22 22 15 15 15 24 24 24 14 14 14 24 24 24 15 15 15 25 25 25 23 23 23 22 22 22 24 24 24 25 25 25 22 22 22 25 25 25 26 26 26 23 23 23 26 26 26 25 25 25 24 24 24 23 23 23 26 26 26 27 27 27 26 26 26 28 28 28 27 27 27 29 29 29 24 24 24 14 14 14 29 29 29 26 26 26 24 24 24 14 14 14 12 12 12 29 29 29 30 30 30 28 28 28 26 26 26 30 30 30 26 26 26 29 29 29 28 28 28 30 30 30 13 13 13 12 12 12 31 31 31 29 29 29 12 12 12 13 13 13 31 31 31 29 29 29 31 31 31 30 30 30 13 13 13 30 30 30 31 31 31 32 2 32 33 32 33 34 33 34 35 34 35 33 32 33 32 2 32 32 2 32 36 35 36 35 34 35 35 34 35 37 36 37 33 32 33 35 34 35 36 35 36 38 37 38 36 35 36 39 38 39 38 37 38 40 39 40 37 36 37 35 34 35 38 37 38 40 39 40 35 34 35 40 39 40 41 40 41 37 36 37 38 37 38 39 38 39 42 41 42 43 42 43 41 40 41 40 39 40 43 42 43 44 43 44 41 40 41 45 44 45 40 39 40 38 37 38 40 39 40 45 44 45 43 42 43 42 41 42 45 44 45 38 37 38 46 45 46 44 43 44 43 42 43 43 42 43 45 44 45 47 46 47 47 46 47 46 45 46 43 42 43 46 45 46 48 47 48 44 43 44 48 47 48 46 45 46 47 46 47 44 43 44 48 47 48 49 48 49 48 47 48 50 49 50 49 48 49 51 50 51 47 46 47 45 44 45 51 50 51 45 44 45 42 41 42 52 51 52 48 47 48 47 46 47 52 51 52 47 46 47 51 50 51 53 52 53 50 49 50 48 47 48 53 52 53 48 47 48 52 51 52 50 49 50 53 52 53 54 53 54 52 51 52 55 54 55 53 52 53 54 53 54 53 52 53 55 54 55 56 55 56 55 54 55 52 51 52 56 55 56 54 53 54 55 54 55 51 50 51 56 55 56 52 51 52 57 56 57 54 53 54 56 55 56 58 57 58 56 55 56 51 50 51 58 57 58 57 56 57 56 55 56 42 41 42 58 57 58 51 50 51 59 58 59 57 56 57 58 57 58 60 59 60 58 57 58 42 41 42 60 59 60 59 58 59 58 57 58 42 41 42 39 38 39 60 59 60 61 60 61 59 58 59 60 59 60 60 59 60 39 38 39 62 61 62 62 61 62 61 60 61 60 59 60 63 62 63 61 60 61 62 61 62 64 63 64 65 64 65 66 65 66 66 65 66 65 64 65 67 66 67 65 64 65 68 67 68 67 66 67 66 65 66 67 66 67 69 68 69 67 66 67 68 67 68 70 69 70 68 67 68 71 70 71 70 69 70 69 68 69 67 66 67 72 71 72 67 66 67 70 69 70 72 71 72 70 69 70 71 70 71 73 72 73 71 70 71 74 73 74 73 72 73 72 71 72 70 69 70 75 74 75 70 69 70 73 72 73 75 74 75 72 71 72 76 75 76 69 68 69 69 68 69 76 75 76 77 76 77 75 74 75 78 77 78 72 71 72 72 71 72 78 77 78 76 75 76 76 75 76 79 78 79 77 76 77 77 76 77 79 78 79 80 79 80 80 79 80 81 80 81 82 81 82 79 78 79 81 80 81 80 79 80 79 78 79 83 82 83 81 80 81 76 75 76 84 83 84 79 78 79 84 83 84 83 82 83 79 78 79 78 77 78 84 83 84 76 75 76 84 83 84 85 84 85 83 82 83 86 85 86 85 84 85 84 83 84 84 83 84 78 77 78 86 85 86 86 85 86 87 86 87 85 84 85 86 85 86 78 77 78 88 87 88 75 74 75 88 87 88 78 77 78 89 88 89 87 86 87 86 85 86 88 87 88 89 88 89 86 85 86 89 88 89 90 89 90 87 86 87 90 89 90 89 88 89 88 87 88 87 86 87 90 89 90 91 90 91 90 89 90 92 91 92 91 90 91 93 92 93 88 87 88 75 74 75 93 92 93 90 89 90 88 87 88 75 74 75 73 72 73 93 92 93 94 93 94 92 91 92 90 89 90 94 93 94 90 89 90 93 92 93 92 91 92 94 93 94 74 73 74 73 72 73 95 94 95 93 92 93 73 72 73 74 73 74 95 94 95 93 92 93 95 94 95 94 93 94 74 73 74 94 93 94 95 94 95 96 95 96 97 96 97 98 97 98 99 98 99 97 96 97 96 95 96 96 95 96 100 99 100 99 98 99 99 98 99 101 100 101 97 96 97 99 98 99 100 99 100 102 101 102 103 102 103 102 101 102 100 99 100 104 103 104 101 100 101 99 98 99 102 101 102 104 103 104 99 98 99 104 103 104 105 104 105 101 100 101 106 105 106 102 101 102 103 102 103 107 79 107 106 105 106 103 102 103 108 106 108 104 103 104 102 101 102 106 105 106 108 106 108 102 101 102 109 107 109 105 104 105 104 103 104 104 103 104 108 106 108 109 107 109 109 107 109 110 108 110 105 104 105 111 109 111 112 110 112 107 79 107 107 79 107 112 110 112 113 111 113 113 111 113 106 105 106 107 79 107 112 110 112 114 112 114 113 111 113 113 111 113 114 112 114 115 113 115 113 111 113 115 113 115 106 105 106 114 112 114 116 114 116 115 113 115 106 105 106 115 113 115 117 115 117 117 115 117 108 106 108 106 105 106 115 113 115 116 114 116 118 116 118 115 113 115 118 116 118 117 115 117 116 114 116 119 117 119 118 116 118 117 115 117 120 118 120 108 106 108 109 107 109 108 106 108 120 118 120 117 115 117 118 116 118 121 119 121 121 119 121 120 118 120 117 115 117 118 116 118 119 117 119 122 120 122 118 116 118 122 120 122 121 119 121 119 117 119 123 121 123 122 120 122 121 119 121 122 120 122 123 121 123 124 122 124 123 121 123 119 117 119 123 121 123 125 123 125 121 119 121 123 121 123 124 122 124 125 123 125 121 119 121 125 123 125 120 118 120 125 123 125 124 122 124 126 124 126 110 108 110 125 123 125 126 124 126 125 123 125 127 125 127 120 118 120 127 125 127 125 123 125 110 108 110 120 118 120 127 125 127 109 107 109 127 125 127 110 108 110 109 107 109 128 126 128 129 127 129 130 95 130 130 95 130 129 127 129 131 128 131 131 128 131 132 129 132 130 95 130 129 127 129 133 130 133 131 128 131 134 131 134 132 129 132 131 128 131 131 128 131 133 130 133 135 132 135 131 128 131 135 132 135 134 131 134 133 130 133 136 133 136 135 132 135 134 131 134 137 134 137 132 129 132 135 132 135 136 133 136 138 135 138 136 133 136 139 136 139 138 135 138 134 131 134 135 132 135 140 137 140 135 132 135 138 135 138 140 137 140 138 135 138 139 136 139 141 138 141 140 137 140 138 135 138 142 139 142 138 135 138 141 138 141 142 139 142 139 136 139 143 140 143 141 138 141 142 139 142 141 138 141 143 140 143 144 141 144 143 140 143 139 136 139 143 140 143 144 141 144 145 142 145 143 140 143 145 142 145 142 139 142 145 142 145 144 141 144 146 143 146 147 144 147 145 142 145 146 143 146 142 139 142 145 142 145 148 145 148 142 139 142 148 145 148 140 137 140 149 146 149 145 142 145 147 144 147 145 142 145 149 146 149 148 145 148 149 146 149 147 144 147 150 147 150 148 145 148 149 146 149 150 147 150 150 147 150 147 144 147 151 148 151 140 137 140 148 145 148 152 149 152 150 147 150 152 149 152 148 145 148 140 137 140 152 149 152 134 131 134 150 147 150 151 148 151 153 150 153 153 150 153 152 149 152 150 147 150 153 150 153 151 148 151 154 151 154 134 131 134 152 149 152 155 152 155 152 149 152 153 150 153 155 152 155 155 152 155 137 134 137 134 131 134 153 150 153 154 151 154 156 153 156 155 152 155 153 150 153 156 153 156 156 153 156 137 134 137 155 152 155 156 153 156 154 151 154 157 154 157 158 61 158 137 134 137 156 153 156 156 153 156 157 154 157 158 61 158 158 61 158 157 154 157 159 155 159 160 156 160 161 157 161 162 158 162 160 156 160 162 158 162 163 159 163 162 158 162 164 160 164 163 159 163 160 156 160 163 159 163 165 161 165 163 159 163 164 160 164 166 162 166 164 160 164 167 163 167 166 162 166 165 161 165 163 159 163 168 164 168 163 159 163 166 162 166 168 164 168 165 161 165 168 164 168 169 165 169 166 162 166 167 163 167 170 166 170 167 163 167 171 167 171 170 166 170 168 164 168 166 162 166 172 168 172 166 162 166 170 166 170 172 168 172 169 165 169 168 164 168 173 169 173 170 166 170 171 167 171 174 170 174 168 164 168 175 171 175 173 169 173 172 168 172 175 171 175 168 164 168 171 167 171 176 172 176 174 170 174 177 173 177 176 172 176 171 167 171 170 166 170 174 170 174 178 174 178 178 174 178 174 170 174 176 172 176 172 168 172 170 166 170 178 174 178 176 172 176 177 173 177 179 175 179 176 172 176 179 175 179 178 174 178 179 175 179 177 173 177 180 176 180 181 177 181 179 175 179 180 176 180 178 174 178 182 178 182 172 168 172 178 174 178 179 175 179 182 178 182 172 168 172 182 178 182 175 171 175 183 179 183 179 175 179 181 177 181 179 175 179 183 179 183 182 178 182 183 179 183 181 177 181 184 180 184 182 178 182 183 179 183 184 180 184 184 180 184 175 171 175 182 178 182 184 180 184 181 177 181 185 181 185 186 182 186 175 171 175 184 180 184 184 180 184 185 181 185 186 182 186 175 171 175 186 182 186 173 169 173 186 182 186 185 181 185 187 183 187 173 169 173 186 182 186 188 184 188 186 182 186 187 183 187 188 184 188 188 184 188 169 165 169 173 169 173 188 184 188 187 183 187 189 185 189 190 186 190 169 165 169 188 184 188 190 186 190 188 184 188 189 185 189 190 186 190 189 185 189 191 187 191 192 156 192 193 188 193 194 189 194 192 156 192 195 190 195 193 188 193 195 190 195 196 191 196 193 188 193 192 156 192 197 192 197 195 190 195 198 193 198 196 191 196 195 190 195 198 193 198 199 194 199 196 191 196 195 190 195 197 192 197 200 195 200 200 195 200 198 193 198 195 190 195 197 192 197 201 196 201 200 195 200 202 197 202 199 194 199 198 193 198 202 197 202 203 198 203 199 194 199 204 199 204 198 193 198 200 195 200 198 193 198 204 199 204 202 197 202 200 195 200 201 196 201 205 200 205 205 200 205 204 199 204 200 195 200 206 201 206 203 198 203 202 197 202 202 197 202 204 199 204 207 202 207 207 202 207 206 201 206 202 197 202 206 201 206 208 203 208 203 198 203 208 203 208 206 201 206 207 202 207 203 198 203 208 203 208 209 204 209 208 203 208 210 205 210 209 204 209 211 206 211 207 202 207 204 199 204 211 206 211 204 199 204 205 200 205 212 207 212 208 203 208 207 202 207 212 207 212 207 202 207 211 206 211 213 208 213 210 205 210 208 203 208 213 208 213 208 203 208 212 207 212 210 205 210 213 208 213 214 209 214 212 207 212 215 210 215 213 208 213 214 209 214 213 208 213 215 210 215 216 211 216 215 210 215 212 207 212 216 211 216 214 209 214 215 210 215 211 206 211 216 211 216 212 207 212 217 212 217 214 209 214 216 211 216 218 213 218 216 211 216 211 206 211 218 213 218 217 212 217 216 211 216 205 200 205 218 213 218 211 206 211 219 214 219 217 212 217 218 213 218 220 215 220 218 213 218 205 200 205 220 215 220 219 214 219 218 213 218 201 196 201 220 215 220 205 200 205 221 216 221 219 214 219 220 215 220 222 217 222 220 215 220 201 196 201 222 217 222 221 216 221 220 215 220 222 217 222 223 218 223 221 216 221 224 219 224 225 216 225 226 218 226 227 220 227 225 216 225 224 219 224 228 221 228 227 220 227 224 219 224 227 220 227 229 214 229 225 216 225 230 222 230 227 220 227 228 221 228 231 223 231 230 222 230 228 221 228 232 224 232 229 214 229 227 220 227 230 222 230 232 224 232 227 220 227 232 224 232 233 212 233 229 214 229 234 225 234 230 222 230 231 223 231 235 226 235 234 225 234 231 223 231 236 227 236 233 212 233 232 224 232 236 227 236 237 209 237 233 212 233 238 228 238 232 224 232 230 222 230 232 224 232 238 228 238 236 227 236 239 229 239 230 222 230 234 225 234 238 228 238 230 222 230 239 229 239 240 230 240 234 225 234 235 226 235 235 226 235 241 189 241 240 230 240 240 230 240 241 189 241 242 188 242 242 188 242 243 191 243 240 230 240 240 230 240 244 231 244 234 225 234 240 230 240 243 191 243 244 231 244 234 225 234 244 231 244 239 229 239 243 191 243 245 194 245 244 231 244 244 231 244 245 194 245 246 232 246 244 231 244 246 232 246 239 229 239 245 194 245 247 198 247 246 232 246 239 229 239 246 232 246 248 233 248 248 233 248 238 228 238 239 229 239 246 232 246 247 198 247 249 234 249 246 232 246 249 234 249 248 233 248 247 198 247 250 235 250 249 234 249 248 233 248 249 234 249 250 235 250 251 204 251 250 235 250 247 198 247 252 205 252 250 235 250 251 204 251 253 236 253 238 228 238 248 233 248 250 235 250 253 236 253 248 233 248 236 227 236 238 228 238 253 236 253 254 237 254 250 235 250 252 205 252 254 237 254 253 236 253 250 235 250 237 209 237 254 237 254 252 205 252 253 236 253 255 238 255 236 227 236 254 237 254 255 238 255 253 236 253 255 238 255 237 209 237 236 227 236 255 238 255 254 237 254 237 209 237 256 217 256 257 239 257 258 240 258 256 217 256 259 241 259 257 239 257 259 241 259 260 242 260 257 239 257 256 217 256 261 243 261 259 241 259 262 244 262 260 242 260 259 241 259 262 244 262 263 245 263 260 242 260 259 241 259 261 243 261 264 246 264 264 246 264 262 244 262 259 241 259 261 243 261 265 247 265 264 246 264 266 248 266 263 245 263 262 244 262 266 248 266 267 249 267 263 245 263 268 250 268 262 244 262 264 246 264 262 244 262 268 250 268 266 248 266 264 246 264 265 247 265 269 251 269 269 251 269 268 250 268 264 246 264 270 252 270 267 249 267 266 248 266 266 248 266 268 250 268 271 253 271 271 253 271 270 252 270 266 248 266 270 252 270 272 254 272 267 249 267 272 254 272 270 252 270 271 253 271 267 249 267 272 254 272 273 255 273 272 254 272 274 256 274 273 255 273 275 257 275 271 253 271 268 250 268 275 257 275 268 250 268 269 251 269 276 258 276 272 254 272 271 253 271 276 258 276 271 253 271 275 257 275 277 259 277 274 256 274 272 254 272 277 259 277 272 254 272 276 258 276 274 256 274 277 259 277 278 260 278 276 258 276 279 261 279 277 259 277 278 260 278 277 259 277 279 261 279 280 262 280 279 261 279 276 258 276 280 262 280 278 260 278 279 261 279 275 257 275 280 262 280 276 258 276 281 263 281 278 260 278 280 262 280 282 264 282 280 262 280 275 257 275 282 264 282 281 263 281 280 262 280 269 251 269 282 264 282 275 257 275 283 265 283 281 263 281 282 264 282 284 266 284 282 264 282 269 251 269 284 266 284 283 265 283 282 264 282 265 247 265 284 266 284 269 251 269 285 267 285 283 265 283 284 266 284 286 268 286 284 266 284 265 247 265 286 268 286 285 267 285 284 266 284 286 268 286 287 269 287 285 267 285 288 240 288 289 239 289 290 219 290 290 219 290 289 239 289 291 270 291 290 219 290 291 270 291 292 271 292 289 239 289 293 242 293 291 270 291 292 271 292 291 270 291 294 272 294 291 270 291 293 242 293 295 273 295 291 270 291 295 273 295 294 272 294 293 242 293 296 245 296 295 273 295 294 272 294 297 274 297 292 271 292 295 273 295 296 245 296 298 275 298 296 245 296 299 249 299 298 275 298 294 272 294 295 273 295 300 276 300 295 273 295 298 275 298 300 276 300 301 277 301 297 274 297 294 272 294 300 276 300 301 277 301 294 272 294 298 275 298 299 249 299 302 278 302 300 276 300 298 275 298 303 279 303 298 275 298 302 278 302 303 279 303 299 249 299 304 280 304 302 278 302 303 279 303 302 278 302 304 280 304 305 255 305 304 280 304 299 249 299 306 256 306 304 280 304 305 255 305 303 279 303 307 281 307 300 276 300 307 281 307 301 277 301 300 276 300 304 280 304 308 282 308 303 279 303 308 282 308 307 281 307 303 279 303 309 283 309 304 280 304 306 256 306 309 283 309 308 282 308 304 280 304 310 260 310 309 283 309 306 256 306 309 283 309 311 284 311 308 282 308 311 284 311 309 283 309 310 260 310 308 282 308 311 284 311 312 285 312 311 284 311 310 260 310 312 285 312 312 285 312 307 281 307 308 282 308 312 285 312 310 260 310 313 263 313 314 286 314 307 281 307 312 285 312 312 285 312 313 263 313 314 286 314 307 281 307 314 286 314 301 277 301 314 286 314 313 263 313 315 265 315 301 277 301 314 286 314 316 287 316 314 286 314 315 265 315 316 287 316 301 277 301 316 287 316 297 274 297 316 287 316 315 265 315 317 267 317 297 274 297 316 287 316 318 288 318 316 287 316 317 267 317 318 288 318 318 288 318 317 267 317 319 269 319 320 289 320 321 290 321 322 291 322 320 289 320 323 292 323 321 290 321 323 292 323 324 293 324 321 290 321 320 289 320 325 294 325 323 292 323 326 295 326 324 293 324 323 292 323 326 295 326 327 296 327 324 293 324 323 292 323 325 294 325 328 297 328 328 297 328 326 295 326 323 292 323 329 298 329 328 297 328 325 294 325 330 299 330 327 296 327 326 295 326 330 299 330 331 300 331 327 296 327 332 301 332 326 295 326 328 297 328 326 295 326 332 301 332 330 299 330 333 302 333 328 297 328 329 298 329 333 302 333 332 301 332 328 297 328 334 303 334 331 300 331 330 299 330 330 299 330 332 301 332 335 304 335 335 304 335 334 303 334 330 299 330 334 303 334 336 305 336 331 300 331 336 305 336 334 303 334 335 304 335 331 300 331 336 305 336 337 306 337 336 305 336 338 307 338 337 306 337 339 308 339 335 304 335 332 301 332 339 308 339 332 301 332 333 302 333 340 309 340 336 305 336 335 304 335 340 309 340 335 304 335 339 308 339 341 310 341 338 307 338 336 305 336 341 310 341 336 305 336 340 309 340 338 307 338 341 310 341 342 311 342 340 309 340 343 312 343 341 310 341 342 311 342 341 310 341 343 312 343 344 313 344 343 312 343 340 309 340 344 313 344 342 311 342 343 312 343 339 308 339 344 313 344 340 309 340 345 314 345 342 311 342 344 313 344 346 315 346 344 313 344 339 308 339 346 315 346 345 314 345 344 313 344 333 302 333 346 315 346 339 308 339 347 316 347 345 314 345 346 315 346 348 317 348 346 315 346 333 302 333 348 317 348 347 316 347 346 315 346 329 298 329 348 317 348 333 302 333 349 318 349 347 316 347 348 317 348 350 319 350 348 317 348 329 298 329 350 319 350 349 318 349 348 317 348 350 319 350 351 320 351 349 318 349 352 65 352 353 318 353 354 320 354 355 321 355 353 318 353 352 65 352 355 321 355 356 316 356 353 318 353 357 322 357 355 321 355 352 65 352 358 323 358 356 316 356 355 321 355 358 323 358 359 314 359 356 316 356 360 324 360 355 321 355 357 322 357 360 324 360 358 323 358 355 321 355 361 325 361 359 314 359 358 323 358 361 325 361 362 311 362 359 314 359 363 326 363 358 323 358 360 324 360 358 323 358 363 326 363 361 325 361 360 324 360 357 322 357 364 327 364 364 327 364 357 322 357 365 328 365 363 326 363 360 324 360 366 329 366 366 329 366 360 324 360 364 327 364 364 327 364 365 328 365 367 330 367 367 330 367 365 328 365 368 331 368 369 291 369 370 290 370 368 331 368 368 331 368 370 290 370 367 330 367 370 290 370 371 293 371 367 330 367 367 330 367 372 332 372 364 327 364 367 330 367 371 293 371 372 332 372 364 327 364 372 332 372 366 329 366 371 293 371 373 296 373 372 332 372 372 332 372 373 296 373 374 333 374 372 332 372 374 333 374 366 329 366 373 296 373 375 300 375 374 333 374 366 329 366 374 333 374 376 334 376 376 334 376 363 326 363 366 329 366 374 333 374 375 300 375 377 335 377 374 333 374 377 335 377 376 334 376 375 300 375 378 336 378 377 335 377 376 334 376 377 335 377 378 336 378 379 306 379 378 336 378 375 300 375 380 307 380 378 336 378 379 306 379 381 337 381 363 326 363 376 334 376 378 336 378 381 337 381 376 334 376 361 325 361 363 326 363 381 337 381 382 338 382 378 336 378 380 307 380 382 338 382 381 337 381 378 336 378 362 311 362 382 338 382 380 307 380 381 337 381 383 339 383 361 325 361 382 338 382 383 339 383 381 337 381 383 339 383 362 311 362 361 325 361 383 339 383 382 338 382 362 311 362 384 289 384 385 340 385 386 341 386 384 289 384 386 341 386 387 342 387 386 341 386 388 343 388 387 342 387 384 289 384 387 342 387 389 344 389 387 342 387 388 343 388 390 345 390 388 343 388 391 346 391 390 345 390 389 344 389 387 342 387 392 347 392 387 342 387 390 345 390 392 347 392 390 345 390 391 346 391 393 348 393 391 346 391 394 349 394 393 348 393 392 347 392 390 345 390 395 350 395 390 345 390 393 348 393 395 350 395 392 347 392 396 351 396 389 344 389 389 344 389 396 351 396 397 352 397 395 350 395 398 353 398 392 347 392 392 347 392 398 353 398 396 351 396 399 354 399 397 352 397 396 351 396 400 355 400 397 352 397 399 354 399 400 355 400 401 356 401 402 357 402 400 355 400 399 354 399 401 356 401 399 354 399 403 358 403 401 356 401 396 351 396 404 359 404 399 354 399 404 359 404 403 358 403 399 354 399 398 353 398 404 359 404 396 351 396 404 359 404 405 360 405 403 358 403 406 361 406 405 360 405 404 359 404 404 359 404 398 353 398 406 361 406 406 361 406 407 362 407 405 360 405 406 361 406 398 353 398 408 363 408 395 350 395 408 363 408 398 353 398 409 364 409 407 362 407 406 361 406 408 363 408 409 364 409 406 361 406 409 364 409 410 365 410 407 362 407 410 365 410 409 364 409 408 363 408 407 362 407 410 365 410 411 366 411 410 365 410 412 367 412 411 366 411 413 368 413 408 363 408 395 350 395 413 368 413 410 365 410 408 363 408 395 350 395 393 348 393 413 368 413 414 369 414 412 367 412 410 365 410 414 369 414 410 365 410 413 368 413 412 367 412 414 369 414 394 349 394 393 348 393 415 370 415 413 368 413 393 348 393 394 349 394 415 370 415 413 368 413 415 370 415 414 369 414 394 349 394 414 369 414 415 370 415 416 357 416 417 356 417 418 371 418 418 371 418 417 356 417 419 372 419 418 371 418 419 372 419 420 373 420 417 356 417 421 358 421 419 372 419 420 373 420 419 372 419 422 374 422 422 374 422 423 375 423 420 373 420 419 372 419 421 358 421 424 376 424 419 372 419 424 376 424 422 374 422 421 358 421 425 360 425 424 376 424 426 377 426 423 375 423 422 374 422 424 376 424 425 360 425 427 378 427 423 375 423 426 377 426 428 331 428 425 360 425 429 362 429 427 378 427 428 331 428 430 341 430 431 340 431 432 379 432 430 341 430 428 331 428 428 331 428 426 377 426 432 379 432 432 379 432 433 343 433 430 341 430 434 380 434 433 343 433 432 379 432 426 377 426 434 380 434 432 379 432 434 380 434 435 346 435 433 343 433 436 381 436 435 346 435 434 380 434 436 381 436 437 349 437 435 346 435 438 382 438 434 380 434 426 377 426 434 380 434 438 382 438 436 381 436 439 383 439 426 377 426 422 374 422 438 382 438 426 377 426 439 383 439 422 374 422 424 376 424 439 383 439 424 376 424 427 378 427 439 383 439 440 384 440 438 382 438 439 383 439 439 383 439 427 378 427 440 384 440 436 381 436 438 382 438 441 385 441 441 385 441 438 382 438 440 384 440 427 378 427 442 386 442 440 384 440 427 378 427 429 362 429 442 386 442 440 384 440 442 386 442 443 387 443 429 362 429 443 387 443 442 386 442 443 387 443 441 385 441 440 384 440 444 366 444 443 387 443 429 362 429 445 367 445 443 387 443 444 366 444 446 388 446 443 387 443 445 367 445 446 388 446 441 385 441 443 387 443 437 349 437 446 388 446 445 367 445 446 388 446 447 389 447 441 385 441 447 389 447 446 388 446 437 349 437 441 385 441 447 389 447 436 381 436 447 389 447 437 349 437 436 381 436 448 355 448 449 390 449 450 391 450 448 355 448 450 391 450 451 392 451 450 391 450 452 393 452 451 392 451 448 355 448 451 392 451 453 394 453 451 392 451 452 393 452 454 395 454 452 393 452 455 396 455 454 395 454 453 394 453 451 392 451 456 397 456 451 392 451 454 395 454 456 397 456 454 395 454 455 396 455 457 398 457 455 396 455 458 399 458 457 398 457 456 397 456 454 395 454 459 400 459 454 395 454 457 398 457 459 400 459 456 397 456 460 401 460 453 394 453 453 394 453 460 401 460 461 402 461 459 400 459 462 403 462 456 397 456 456 397 456 462 403 462 460 401 460 463 404 463 461 402 461 460 401 460 464 268 464 461 402 461 463 404 463 464 268 464 465 405 465 466 406 466 464 268 464 463 404 463 465 405 465 463 404 463 467 407 467 465 405 465 460 401 460 468 408 468 463 404 463 468 408 468 467 407 467 463 404 463 462 403 462 468 408 468 460 401 460 468 408 468 469 409 469 467 407 467 470 410 470 469 409 469 468 408 468 468 408 468 462 403 462 470 410 470 470 410 470 471 411 471 469 409 469 470 410 470 462 403 462 472 412 472 459 400 459 472 412 472 462 403 462 473 413 473 471 411 471 470 410 470 472 412 472 473 413 473 470 410 470 473 413 473 474 414 474 471 411 471 474 414 474 473 413 473 472 412 472 471 411 471 474 414 474 475 415 475 474 414 474 476 416 476 475 415 475 477 417 477 472 412 472 459 400 459 477 417 477 474 414 474 472 412 472 459 400 459 457 398 457 477 417 477 478 418 478 476 416 476 474 414 474 478 418 478 474 414 474 477 417 477 476 416 476 478 418 478 458 399 458 457 398 457 479 419 479 477 417 477 457 398 457 458 399 458 479 419 479 477 417 477 479 419 479 478 418 478 458 399 458 478 418 478 479 419 479 480 371 480 481 391 481 482 390 482 483 420 483 481 391 481 480 371 480 484 421 484 483 420 483 480 371 480 483 420 483 485 393 485 481 391 481 486 422 486 483 420 483 484 421 484 487 423 487 485 393 485 483 420 483 486 422 486 487 423 487 483 420 483 487 423 487 488 396 488 485 393 485 484 421 484 489 424 489 486 422 486 490 425 490 488 396 488 487 423 487 490 425 490 491 399 491 488 396 488 492 426 492 487 423 487 486 422 486 487 423 487 492 426 492 490 425 490 486 422 486 489 424 489 493 427 493 494 428 494 491 399 491 490 425 490 489 424 489 495 429 495 493 427 493 496 288 496 495 429 495 489 424 489 497 406 497 498 405 498 496 288 496 496 288 496 498 405 498 495 429 495 498 405 498 499 407 499 495 429 495 495 429 495 499 407 499 500 430 500 495 429 495 500 430 500 493 427 493 499 407 499 501 409 501 500 430 500 502 431 502 486 422 486 493 427 493 493 427 493 500 430 500 502 431 502 492 426 492 486 422 486 502 431 502 500 430 500 501 409 501 503 432 503 500 430 500 503 432 503 502 431 502 501 409 501 504 411 504 503 432 503 505 433 505 492 426 492 502 431 502 502 431 502 503 432 503 505 433 505 503 432 503 504 411 504 506 434 506 503 432 503 506 434 506 505 433 505 504 411 504 507 435 507 506 434 506 505 433 505 506 434 506 507 435 507 508 415 508 507 435 507 504 411 504 509 416 509 507 435 507 508 415 508 510 436 510 492 426 492 505 433 505 507 435 507 510 436 510 505 433 505 490 425 490 492 426 492 510 436 510 510 436 510 494 428 494 490 425 490 511 437 511 507 435 507 509 416 509 511 437 511 510 436 510 507 435 507 511 437 511 494 428 494 510 436 510 491 399 491 511 437 511 509 416 509 494 428 494 511 437 511 491 399 491 512 438 512 513 439 513 514 440 514 512 438 512 515 441 515 513 439 513 515 441 515 516 442 516 513 439 513 512 438 512 517 443 517 515 441 515 518 444 518 516 442 516 515 441 515 518 444 518 519 445 519 516 442 516 515 441 515 517 443 517 520 446 520 520 446 520 518 444 518 515 441 515 521 447 521 520 446 520 517 443 517 522 448 522 519 445 519 518 444 518 522 448 522 523 449 523 519 445 519 524 450 524 518 444 518 520 446 520 518 444 518 524 450 524 522 448 522 525 451 525 520 446 520 521 447 521 526 452 526 523 449 523 522 448 522 521 447 521 527 453 527 525 451 525 528 186 528 527 453 527 521 447 521 528 186 528 529 454 529 530 455 530 528 186 528 530 455 530 527 453 527 530 455 530 531 456 531 527 453 527 527 453 527 531 456 531 532 457 532 527 453 527 532 457 532 525 451 525 531 456 531 533 458 533 532 457 532 534 459 534 520 446 520 525 451 525 525 451 525 532 457 532 534 459 534 524 450 524 520 446 520 534 459 534 532 457 532 533 458 533 535 460 535 532 457 532 535 460 535 534 459 534 533 458 533 536 461 536 535 460 535 537 462 537 524 450 524 534 459 534 534 459 534 535 460 535 537 462 537 535 460 535 536 461 536 538 463 538 535 460 535 538 463 538 537 462 537 536 461 536 539 464 539 538 463 538 537 462 537 538 463 538 539 464 539 540 465 540 539 464 539 536 461 536 541 466 541 539 464 539 540 465 540 542 467 542 524 450 524 537 462 537 539 464 539 542 467 542 537 462 537 522 448 522 524 450 524 542 467 542 542 467 542 526 452 526 522 448 522 543 468 543 539 464 539 541 466 541 543 468 543 542 467 542 539 464 539 543 468 543 526 452 526 542 467 542 523 449 523 543 468 543 541 466 541 526 452 526 543 468 543 523 449 523 544 438 544 545 17 545 546 18 546 544 438 544 546 18 546 547 469 547 544 438 544 547 469 547 548 470 548 546 18 546 549 19 549 547 469 547 548 470 548 547 469 547 550 471 550 547 469 547 549 19 549 551 472 551 547 469 547 551 472 551 550 471 550 549 19 549 552 21 552 551 472 551 548 470 548 550 471 550 553 473 553 551 472 551 552 21 552 554 474 554 552 21 552 555 23 555 554 474 554 550 471 550 551 472 551 556 475 556 551 472 551 554 474 554 556 475 556 553 473 553 550 471 550 557 476 557 556 475 556 557 476 557 550 471 550 554 474 554 555 23 555 558 477 558 556 475 556 554 474 554 559 478 559 554 474 554 558 477 558 559 478 559 555 23 555 560 479 560 558 477 558 559 478 559 558 477 558 560 479 560 561 27 561 560 479 560 555 23 555 562 28 562 560 479 560 561 27 561 559 478 559 563 480 563 556 475 556 563 480 563 557 476 557 556 475 556 560 479 560 564 481 564 559 478 559 564 481 564 563 480 563 559 478 559 565 482 565 560 479 560 562 28 562 565 482 565 564 481 564 560 479 560 566 13 566 565 482 565 562 28 562 565 482 565 567 483 567 564 481 564 567 483 567 565 482 565 566 13 566 564 481 564 567 483 567 568 484 568 567 483 567 566 13 566 568 484 568 568 484 568 563 480 563 564 481 564 568 484 568 566 13 566 569 9 569 570 485 570 563 480 563 568 484 568 568 484 568 569 9 569 570 485 570 563 480 563 570 485 570 557 476 557 570 485 570 569 9 569 571 5 571 557 476 557 570 485 570 572 486 572 570 485 570 571 5 571 572 486 572 572 486 572 553 473 553 557 476 557 572 486 572 571 5 571 573 1 573 574 487 574 553 473 553 572 486 572 574 487 574 572 486 572 573 1 573 574 487 574 573 1 573 575 0 575 576 487 576 577 33 577 578 32 578 576 487 576 578 32 578 579 488 579 576 487 576 579 488 579 580 489 580 578 32 578 581 36 581 579 488 579 580 489 580 579 488 579 582 490 582 579 488 579 581 36 581 583 491 583 579 488 579 583 491 583 582 490 582 581 36 581 584 40 584 583 491 583 580 489 580 582 490 582 585 492 585 583 491 583 584 40 584 586 493 586 584 40 584 587 43 587 586 493 586 582 490 582 583 491 583 588 494 588 583 491 583 586 493 586 588 494 588 585 492 585 582 490 582 589 495 589 588 494 588 589 495 589 582 490 582 586 493 586 587 43 587 590 496 590 588 494 588 586 493 586 591 497 591 586 493 586 590 496 590 591 497 591 587 43 587 592 498 592 590 496 590 591 497 591 590 496 590 592 498 592 593 48 593 592 498 592 587 43 587 594 49 594 592 498 592 593 48 593 591 497 591 595 499 595 588 494 588 595 499 595 589 495 589 588 494 588 592 498 592 596 500 596 591 497 591 596 500 596 595 499 595 591 497 591 597 501 597 592 498 592 594 49 594 597 501 597 596 500 596 592 498 592 598 53 598 597 501 597 594 49 594 597 501 597 599 502 599 596 500 596 599 502 599 597 501 597 598 53 598 596 500 596 599 502 599 600 503 600 599 502 599 598 53 598 600 503 600 600 503 600 595 499 595 596 500 596 600 503 600 598 53 598 601 56 601 602 504 602 595 499 595 600 503 600 600 503 600 601 56 601 602 504 602 595 499 595 602 504 602 589 495 589 602 504 602 601 56 601 603 58 603 589 495 589 602 504 602 604 505 604 602 504 602 603 58 603 604 505 604 604 505 604 585 492 585 589 495 589 604 505 604 603 58 603 605 60 605 606 506 606 585 492 585 604 505 604 606 506 606 604 505 604 605 60 605 606 506 606 605 60 605 607 62 607 608 506 608 609 155 609 610 154 610 608 506 608 610 154 610 611 507 611 608 506 608 611 507 611 612 508 612 610 154 610 613 151 613 611 507 611 612 508 612 611 507 611 614 509 614 611 507 611 613 151 613 615 510 615 611 507 611 615 510 615 614 509 614 613 151 613 616 148 616 615 510 615 612 508 612 614 509 614 617 511 617 615 510 615 616 148 616 618 512 618 616 148 616 619 144 619 618 512 618 614 509 614 615 510 615 620 513 620 615 510 615 618 512 618 620 513 620 617 511 617 614 509 614 621 514 621 620 513 620 621 514 621 614 509 614 618 512 618 619 144 619 622 515 622 620 513 620 618 512 618 623 516 623 618 512 618 622 515 622 623 516 623 619 144 619 624 517 624 622 515 622 623 516 623 622 515 622 624 517 624 625 143 625 624 517 624 619 144 619 626 141 626 624 517 624 625 143 625 623 516 623 627 518 627 620 513 620 627 518 627 621 514 621 620 513 620 624 517 624 628 519 628 623 516 623 628 519 628 627 518 627 623 516 623 629 520 629 624 517 624 626 141 626 629 520 629 628 519 628 624 517 624 630 136 630 629 520 629 626 141 626 629 520 629 631 521 631 628 519 628 631 521 631 629 520 629 630 136 630 628 519 628 631 521 631 632 522 632 631 521 631 630 136 630 632 522 632 632 522 632 627 518 627 628 519 628 632 522 632 630 136 630 633 133 633 634 523 634 627 518 627 632 522 632 632 522 632 633 133 633 634 523 634 627 518 627 634 523 634 621 514 621 634 523 634 633 133 633 635 130 635 621 514 621 634 523 634 636 524 636 634 523 634 635 130 635 636 524 636 636 524 636 617 511 617 621 514 621 636 524 636 635 130 635 637 127 637 638 525 638 617 511 617 636 524 636 638 525 638 636 524 636 637 127 637 638 525 638 637 127 637 639 126 639 640 525 640 641 97 641 642 96 642 640 525 640 642 96 642 643 526 643 640 525 640 643 526 643 644 527 644 642 96 642 645 100 645 643 526 643 644 527 644 643 526 643 646 528 646 643 526 643 645 100 645 647 529 647 643 526 643 647 529 647 646 528 646 645 100 645 648 104 648 647 529 647 644 527 644 646 528 646 649 530 649 647 529 647 648 104 648 650 531 650 648 104 648 651 108 651 650 531 650 646 528 646 647 529 647 652 532 652 647 529 647 650 531 650 652 532 652 649 530 649 646 528 646 653 533 653 652 532 652 653 533 653 646 528 646 650 531 650 651 108 651 654 534 654 652 532 652 650 531 650 655 535 655 650 531 650 654 534 654 655 535 655 651 108 651 656 536 656 654 534 654 655 535 655 654 534 654 656 536 656 657 124 657 656 536 656 651 108 651 658 122 658 656 536 656 657 124 657 655 535 655 659 537 659 652 532 652 659 537 659 653 533 653 652 532 652 656 536 656 660 538 660 655 535 655 660 538 660 659 537 659 655 535 655 661 539 661 656 536 656 658 122 658 661 539 661 660 538 660 656 536 656 662 117 662 661 539 661 658 122 658 661 539 661 663 540 663 660 538 660 663 540 663 661 539 661 662 117 662 660 538 660 663 540 663 664 541 664 663 540 663 662 117 662 664 541 664 664 541 664 659 537 659 660 538 660 664 541 664 662 117 662 665 114 665 666 542 666 659 537 659 664 541 664 664 541 664 665 114 665 666 542 666 659 537 659 666 542 666 653 533 653 666 542 666 665 114 665 667 112 667 653 533 653 666 542 666 668 543 668 666 542 666 667 112 667 668 543 668 668 543 668 649 530 649 653 533 653 668 543 668 667 112 667 669 110 669 670 544 670 649 530 649 668 543 668 670 544 670 668 543 668 669 110 669 670 544 670 669 110 669 671 109 671 672 544 672 673 81 673 674 80 674 672 544 672 674 80 674 675 545 675 672 544 672 675 545 675 676 546 676 674 80 674 677 82 677 675 545 675 676 546 676 675 545 675 678 547 678 675 545 675 677 82 677 679 548 679 675 545 675 679 548 679 678 547 678 677 82 677 680 84 680 679 548 679 676 546 676 678 547 678 681 549 681 679 548 679 680 84 680 682 550 682 680 84 680 683 86 683 682 550 682 678 547 678 679 548 679 684 551 684 679 548 679 682 550 682 684 551 684 681 549 681 678 547 678 685 552 685 684 551 684 685 552 685 678 547 678 682 550 682 683 86 683 686 553 686 684 551 684 682 550 682 687 554 687 682 550 682 686 553 686 687 554 687 683 86 683 688 555 688 686 553 686 687 554 687 686 553 686 688 555 688 689 90 689 688 555 688 683 86 683 690 91 690 688 555 688 689 90 689 687 554 687 691 556 691 684 551 684 691 556 691 685 552 685 684 551 684 688 555 688 692 557 692 687 554 687 692 557 692 691 556 691 687 554 687 693 558 693 688 555 688 690 91 690 693 558 693 692 557 692 688 555 688 694 73 694 693 558 693 690 91 690 693 558 693 695 559 695 692 557 692 695 559 695 693 558 693 694 73 694 692 557 692 695 559 695 696 560 696 695 559 695 694 73 694 696 560 696 696 560 696 691 556 691 692 557 692 696 560 696 694 73 694 697 70 697 698 561 698 691 556 691 696 560 696 696 560 696 697 70 697 698 561 698 691 556 691 698 561 698 685 552 685 698 561 698 697 70 697 699 67 699 685 552 685 698 561 698 700 562 700 698 561 698 699 67 699 700 562 700 700 562 700 681 549 681 685 552 685 700 562 700 699 67 699 701 64 701 702 319 702 681 549 681 700 562 700 702 319 702 700 562 700 701 64 701 702 319 702 701 64 701 703 63 703 704 563 704 705 564 705 706 565 706 706 565 706 705 564 705 707 566 707 708 567 708 705 564 705 704 563 704 705 564 705 709 568 709 707 566 707 710 569 710 705 564 705 708 567 708 710 569 710 709 568 709 705 564 705 711 570 711 710 569 710 708 567 708 712 571 712 710 569 710 711 570 711 713 572 713 709 568 709 710 569 710 712 571 712 713 572 713 710 569 710 711 570 711 714 573 714 712 571 712 712 571 712 714 573 714 713 572 713 715 574 715 714 573 714 711 570 711 709 568 709 713 572 713 716 575 716 709 568 709 716 575 716 717 576 717 716 575 716 718 577 718 717 576 717 715 574 715 719 578 719 714 573 714 720 579 720 719 578 719 715 574 715 720 579 720 721 580 721 719 578 719 719 578 719 721 580 721 722 581 722 719 578 719 722 581 722 723 582 723 719 578 719 723 582 723 714 573 714 714 573 714 723 582 723 713 572 713 723 582 723 724 583 724 713 572 713 723 582 723 725 584 725 724 583 724 725 584 725 726 585 726 724 583 724 713 572 713 724 583 724 727 586 727 716 575 716 713 572 713 727 586 727 724 583 724 726 585 726 728 587 728 724 583 724 728 587 728 727 586 727 726 585 726 729 588 729 728 587 728 716 575 716 727 586 727 730 589 730 730 589 730 718 577 718 716 575 716 730 589 730 731 590 731 718 577 718 727 586 727 728 587 728 732 591 732 730 589 730 727 586 727 732 591 732 728 587 728 729 588 729 733 592 733 728 587 728 733 592 733 732 591 732 729 588 729 734 593 734 733 592 733 735 594 735 731 590 731 730 589 730 730 589 730 732 591 732 735 594 735 735 594 735 736 595 736 731 590 731 732 591 732 733 592 733 737 596 737 735 594 735 732 591 732 737 596 737 733 592 733 734 593 734 738 597 738 733 592 733 738 597 738 737 596 737 734 593 734 739 598 739 738 597 738 740 599 740 736 595 736 735 594 735 736 595 736 740 599 740 739 598 739 737 596 737 740 599 740 735 594 735 738 597 738 739 598 739 741 600 741 739 598 739 740 599 740 741 600 741 737 596 737 738 597 738 741 600 741 741 600 741 740 599 740 737 596 737 742 601 742 743 602 743 744 603 744 745 604 745 743 602 743 742 601 742 743 602 743 746 605 746 744 603 744 745 604 745 747 606 747 743 602 743 748 607 748 747 606 747 745 604 745 743 602 743 749 608 749 746 605 746 747 606 747 749 608 749 743 602 743 748 607 748 750 609 750 747 606 747 750 609 750 749 608 749 747 606 747 751 610 751 750 609 750 748 607 748 751 610 751 752 611 752 750 609 750 752 611 752 749 608 749 750 609 750 753 612 753 752 611 752 751 610 751 754 613 754 752 611 752 753 612 753 755 614 755 752 611 752 754 613 754 755 614 755 756 615 756 752 611 752 756 615 756 749 608 749 752 611 752 756 615 756 757 616 757 749 608 749 756 615 756 758 617 758 757 616 757 758 617 758 759 618 759 757 616 757 749 608 749 757 616 757 760 619 760 757 616 757 759 618 759 761 620 761 757 616 757 761 620 761 760 619 760 759 618 759 762 621 762 761 620 761 760 619 760 763 622 763 749 608 749 749 608 749 763 622 763 746 605 746 746 605 746 763 622 763 764 623 764 763 622 763 765 624 765 764 623 764 760 619 760 761 620 761 766 625 766 766 625 766 763 622 763 760 619 760 761 620 761 762 621 762 767 626 767 761 620 761 767 626 767 766 625 766 762 621 762 768 627 768 767 626 767 769 628 769 765 624 765 763 622 763 769 628 769 763 622 763 766 625 766 769 628 769 770 629 770 765 624 765 767 626 767 768 627 768 771 630 771 768 627 768 772 631 772 771 630 771 773 632 773 770 629 770 769 628 769 769 628 769 766 625 766 773 632 773 773 632 773 774 633 774 770 629 770 766 625 766 767 626 767 775 634 775 773 632 773 766 625 766 775 634 775 767 626 767 771 630 771 775 634 775 776 635 776 774 633 774 773 632 773 775 634 775 776 635 776 773 632 773 774 633 774 776 635 776 772 631 772 775 634 775 771 630 771 777 636 777 771 630 771 772 631 772 777 636 777 777 636 777 776 635 776 775 634 775 772 631 772 776 635 776 777 636 777 778 637 778 779 601 779 780 603 780 781 638 781 779 601 779 778 637 778 778 637 778 780 603 780 782 605 782 783 639 783 781 638 781 778 637 778 784 640 784 781 638 781 783 639 783 785 641 785 778 637 778 782 605 782 783 639 783 778 637 778 785 641 785 786 642 786 784 640 784 783 639 783 786 642 786 783 639 783 785 641 785 787 643 787 784 640 784 786 642 786 788 644 788 787 643 787 786 642 786 786 642 786 785 641 785 788 644 788 789 645 789 787 643 787 788 644 788 789 645 789 788 644 788 790 646 790 790 646 790 788 644 788 791 647 791 791 647 791 788 644 788 792 648 792 788 644 788 785 641 785 792 648 792 785 641 785 793 649 793 792 648 792 792 648 792 793 649 793 794 650 794 793 649 793 795 651 795 794 650 794 796 652 796 793 649 793 785 641 785 797 653 797 795 651 795 793 649 793 796 652 796 797 653 797 793 649 793 797 653 797 798 654 798 795 651 795 785 641 785 799 655 799 796 652 796 782 605 782 799 655 799 785 641 785 782 605 782 800 656 800 799 655 799 800 656 800 801 657 801 799 655 799 802 658 802 797 653 797 796 652 796 799 655 799 802 658 802 796 652 796 799 655 799 801 657 801 803 659 803 803 659 803 802 658 802 799 655 799 801 657 801 804 660 804 803 659 803 803 659 803 804 660 804 805 661 805 803 659 803 805 661 805 802 658 802 804 660 804 806 662 806 805 661 805 797 653 797 802 658 802 807 663 807 807 663 807 798 654 798 797 653 797 807 663 807 808 664 808 798 654 798 802 658 802 805 661 805 809 665 809 807 663 807 802 658 802 809 665 809 805 661 805 806 662 806 810 666 810 805 661 805 810 666 810 809 665 809 806 662 806 811 667 811 810 666 810 812 668 812 808 664 808 807 663 807 808 664 808 812 668 812 811 667 811 809 665 809 812 668 812 807 663 807 810 666 810 811 667 811 813 669 813 811 667 811 812 668 812 813 669 813 809 665 809 810 666 810 813 669 813 813 669 813 812 668 812 809 665 809 814 11 814 815 440 815 816 670 816 816 670 816 815 440 815 817 439 817 816 670 816 818 671 818 814 11 814 817 439 817 819 442 819 816 670 816 820 672 820 818 671 818 816 670 816 816 670 816 819 442 819 821 673 821 816 670 816 821 673 821 820 672 820 819 442 819 822 445 822 821 673 821 820 672 820 823 674 823 818 671 818 821 673 821 822 445 822 824 675 824 822 445 822 825 449 825 824 675 824 820 672 820 821 673 821 826 676 826 821 673 821 824 675 824 826 676 826 824 675 824 825 449 825 827 677 827 826 676 826 824 675 824 828 678 828 824 675 824 827 677 827 828 678 828 825 449 825 829 679 829 827 677 827 828 678 828 827 677 827 829 679 829 830 466 830 829 679 829 825 449 825 829 679 829 830 466 830 831 680 831 829 679 829 831 680 831 828 678 828 831 680 831 830 466 830 832 465 832 833 461 833 831 680 831 832 465 832 828 678 828 831 680 831 834 681 834 828 678 828 834 681 834 826 676 826 835 682 835 831 680 831 833 461 833 831 680 831 835 682 835 834 681 834 835 682 835 833 461 833 836 683 836 834 681 834 835 682 835 836 683 836 836 683 836 833 461 833 837 458 837 826 676 826 834 681 834 838 684 838 836 683 836 838 684 838 834 681 834 826 676 826 838 684 838 820 672 820 836 683 836 837 458 837 839 685 839 839 685 839 838 684 838 836 683 836 839 685 839 837 458 837 840 456 840 820 672 820 838 684 838 841 686 841 838 684 838 839 685 839 841 686 841 841 686 841 823 674 823 820 672 820 839 685 839 840 456 840 842 687 842 841 686 841 839 685 839 842 687 842 842 687 842 823 674 823 841 686 841 842 687 842 840 456 840 843 455 843 844 688 844 823 674 823 842 687 842 845 454 845 842 687 842 843 455 843 844 688 844 842 687 842 845 454 845 846 688 846 847 187 847 848 689 848 848 689 848 847 187 847 849 185 849 848 689 848 850 690 850 846 688 846 849 185 849 851 183 851 848 689 848 852 691 852 850 690 850 848 689 848 848 689 848 851 183 851 853 692 853 848 689 848 853 692 853 852 691 852 851 183 851 854 181 854 853 692 853 852 691 852 855 693 855 850 690 850 850 690 850 855 693 855 856 694 856 852 691 852 853 692 853 857 695 857 857 695 857 855 693 855 852 691 852 853 692 853 854 181 854 858 696 858 853 692 853 858 696 858 857 695 857 854 181 854 859 177 859 858 696 858 857 695 857 858 696 858 860 697 860 858 696 858 859 177 859 861 698 861 858 696 858 861 698 861 860 697 860 859 177 859 862 699 862 861 698 861 860 697 860 861 698 861 862 699 862 863 176 863 862 699 862 859 177 859 864 173 864 862 699 862 863 176 863 860 697 860 865 700 865 857 695 857 865 700 865 855 693 855 857 695 857 862 699 862 866 701 866 860 697 860 866 701 866 865 700 865 860 697 860 867 702 867 862 699 862 864 173 864 867 702 867 866 701 866 862 699 862 868 167 868 867 702 867 864 173 864 867 702 867 869 703 869 866 701 866 869 703 869 867 702 867 868 167 868 866 701 866 869 703 869 870 704 870 869 703 869 868 167 868 870 704 870 870 704 870 865 700 865 866 701 866 870 704 870 868 167 868 871 163 871 872 705 872 865 700 865 870 704 870 870 704 870 871 163 871 872 705 872 865 700 865 872 705 872 855 693 855 872 705 872 871 163 871 873 160 873 855 693 855 872 705 872 874 706 874 872 705 872 873 160 873 874 706 874 855 693 855 874 706 874 856 694 856 874 706 874 873 160 873 875 158 875 856 694 856 874 706 874 876 226 876 877 157 877 874 706 874 875 158 875 876 226 876 874 706 874 877 157 877 878 707 878 879 646 879 880 708 880 880 708 880 879 646 879 881 647 881 878 707 878 880 708 880 882 709 882 881 647 881 883 648 883 880 708 880 882 709 882 880 708 880 884 710 884 880 708 880 883 648 883 885 711 885 884 710 884 880 708 880 885 711 885 886 712 886 882 709 882 884 710 884 886 712 886 884 710 884 885 711 885 887 713 887 882 709 882 886 712 886 887 713 887 886 712 886 888 580 888 888 580 888 886 712 886 889 581 889 889 581 889 886 712 886 890 582 890 890 582 890 886 712 886 885 711 885 885 711 885 891 714 891 890 582 890 890 582 890 891 714 891 892 715 892 891 714 891 893 716 893 892 715 892 894 717 894 885 711 885 883 648 883 883 648 883 895 718 895 894 717 894 895 718 895 896 719 896 894 717 894 897 720 897 891 714 891 885 711 885 897 720 897 885 711 885 894 717 894 898 721 898 893 716 893 891 714 891 891 714 891 897 720 897 898 721 898 898 721 898 899 722 899 893 716 893 894 717 894 896 719 896 900 723 900 900 723 900 897 720 897 894 717 894 896 719 896 901 724 901 900 723 900 898 721 898 897 720 897 902 725 902 902 725 902 897 720 897 900 723 900 903 726 903 899 722 899 898 721 898 898 721 898 902 725 902 903 726 903 903 726 903 904 727 904 899 722 899 900 723 900 901 724 901 905 728 905 900 723 900 905 728 905 902 725 902 901 724 901 906 729 906 905 728 905 903 726 903 902 725 902 907 730 907 902 725 902 905 728 905 907 730 907 908 731 908 904 727 904 903 726 903 907 730 907 908 731 908 903 726 903 904 727 904 908 731 908 909 732 909 905 728 905 906 729 906 910 733 910 906 729 906 909 732 909 910 733 910 905 728 905 910 733 910 907 730 907 909 732 909 908 731 908 911 734 911 911 734 911 908 731 908 907 730 907 910 733 910 909 732 909 911 734 911 907 730 907 910 733 910 911 734 911 912 735 912 913 736 913 914 613 914 914 613 914 913 736 913 915 614 915 916 737 916 913 736 913 912 735 912 913 736 913 917 615 917 915 614 915 918 738 918 913 736 913 916 737 916 919 739 919 917 615 917 913 736 913 918 738 918 919 739 919 913 736 913 916 737 916 920 740 920 918 738 918 920 740 920 919 739 919 918 738 918 921 741 921 920 740 920 916 737 916 922 565 922 920 740 920 921 741 921 923 566 923 920 740 920 922 565 922 923 566 923 924 568 924 920 740 920 920 740 920 924 568 924 919 739 919 924 568 924 925 742 925 919 739 919 924 568 924 926 743 926 925 742 925 926 743 926 927 744 927 925 742 925 917 615 917 919 739 919 928 745 928 917 615 917 928 745 928 929 746 929 928 745 928 930 747 930 929 746 929 919 739 919 925 742 925 931 748 931 928 745 928 919 739 919 931 748 931 925 742 925 927 744 927 932 749 932 932 749 932 931 748 931 925 742 925 927 744 927 933 750 933 932 749 932 934 751 934 930 747 930 928 745 928 928 745 928 931 748 931 934 751 934 934 751 934 935 752 935 930 747 930 936 753 936 931 748 931 932 749 932 934 751 934 931 748 931 936 753 936 932 749 932 933 750 933 937 754 937 932 749 932 937 754 937 936 753 936 933 750 933 938 755 938 937 754 937 939 756 939 935 752 935 934 751 934 934 751 934 936 753 936 939 756 939 939 756 939 940 757 940 935 752 935 936 753 936 937 754 937 941 758 941 939 756 939 936 753 936 941 758 941 937 754 937 938 755 938 942 759 942 937 754 937 942 759 942 941 758 941 938 755 938 943 760 943 942 759 942 944 761 944 940 757 940 939 756 939 940 757 940 944 761 944 943 760 943 941 758 941 944 761 944 939 756 939 942 759 942 943 760 943 945 762 945 943 760 943 944 761 944 945 762 945 941 758 941 942 759 942 945 762 945 945 762 945 944 761 944 941 758 941 946 763 946 947 674 947 948 688 948 948 688 948 949 690 949 946 763 946 950 764 950 947 674 947 946 763 946 947 674 947 950 764 950 951 671 951 946 763 946 949 690 949 952 765 952 949 690 949 953 694 953 952 765 952 954 766 954 950 764 950 946 763 946 952 765 952 954 766 954 946 763 946 951 671 951 950 764 950 955 767 955 955 767 955 956 11 956 951 671 951 957 768 957 950 764 950 954 766 954 950 764 950 957 768 957 955 767 955 958 769 958 956 11 956 955 767 955 956 11 956 958 769 958 959 7 959 955 767 955 957 768 957 960 770 960 960 770 960 958 769 958 955 767 955 959 7 959 958 769 958 961 771 961 961 771 961 962 4 962 959 7 959 963 772 963 958 769 958 960 770 960 958 769 958 963 772 963 961 771 961 957 768 957 964 773 964 960 770 960 965 774 965 962 4 962 961 771 961 962 4 962 965 774 965 966 2 966 967 775 967 963 772 963 960 770 960 960 770 960 964 773 964 967 775 967 961 771 961 963 772 963 968 776 968 969 777 969 963 772 963 967 775 967 963 772 963 969 777 969 968 776 968 970 778 970 961 771 961 968 776 968 968 776 968 969 777 969 970 778 970 965 774 965 961 771 961 970 778 970 971 779 971 969 777 969 967 775 967 969 777 969 972 780 972 970 778 970 972 780 972 969 777 969 971 779 971 973 781 973 965 774 965 970 778 970 970 778 970 972 780 972 973 781 973 966 2 966 965 774 965 974 782 974 974 782 974 965 774 965 973 781 973 974 782 974 975 35 975 966 2 966 972 780 972 976 783 976 973 781 973 977 784 977 975 35 975 974 782 974 978 785 978 974 782 974 973 781 973 977 784 977 974 782 974 978 785 978 973 781 973 976 783 976 978 785 978 977 784 977 979 786 979 975 35 975 975 35 975 979 786 979 980 38 980 981 787 981 977 784 977 978 785 978 979 786 979 977 784 977 981 787 981 979 786 979 982 788 982 980 38 980 980 38 980 982 788 982 983 61 983 982 788 982 984 134 984 983 61 983 979 786 979 985 789 985 982 788 982 981 787 981 985 789 985 979 786 979 986 790 986 984 134 984 982 788 982 985 789 985 986 790 986 982 788 982 984 134 984 986 790 986 987 129 987 981 787 981 988 791 988 985 789 985 987 129 987 986 790 986 989 792 989 990 793 990 986 790 986 985 789 985 986 790 986 990 793 990 989 792 989 985 789 985 988 791 988 990 793 990 991 794 991 987 129 987 989 792 989 992 95 992 987 129 987 991 794 991 989 792 989 990 793 990 993 795 993 993 795 993 991 794 991 989 792 989 990 793 990 988 791 988 994 796 994 990 793 990 994 796 994 993 795 993 995 797 995 992 95 992 991 794 991 996 99 996 992 95 992 995 797 995 997 798 997 991 794 991 993 795 993 991 794 991 997 798 997 995 797 995 993 795 993 994 796 994 998 799 998 998 799 998 997 798 997 993 795 993 999 800 999 996 99 996 995 797 995 1000 102 1000 996 99 996 999 800 999 995 797 995 997 798 997 1001 801 1001 1001 801 1001 999 800 999 995 797 995 1002 802 1002 997 798 997 998 799 998 997 798 997 1002 802 1002 1001 801 1001 1003 803 1003 1000 102 1000 999 800 999 1004 79 1004 1000 102 1000 1003 803 1003 1005 804 1005 999 800 999 1001 801 1001 1006 805 1006 1004 79 1004 1003 803 1003 1007 76 1007 1004 79 1004 1006 805 1006 999 800 999 1008 806 1008 1003 803 1003 1005 804 1005 1008 806 1008 999 800 999 1009 807 1009 1005 804 1005 1001 801 1001 1008 806 1008 1005 804 1005 1009 807 1009 1001 801 1001 1002 802 1002 1009 807 1009 1008 806 1008 1010 808 1010 1003 803 1003 1003 803 1003 1010 808 1010 1006 805 1006 1011 809 1011 1008 806 1008 1009 807 1009 1010 808 1010 1008 806 1008 1011 809 1011 1002 802 1002 1012 810 1012 1009 807 1009 1009 807 1009 1012 810 1012 1011 809 1011 1012 810 1012 1002 802 1002 1013 811 1013 1013 811 1013 1002 802 1002 998 799 998 1012 810 1012 1014 812 1014 1011 809 1011 998 799 998 1015 813 1015 1013 811 1013 994 796 994 1015 813 1015 998 799 998 1016 814 1016 1012 810 1012 1013 811 1013 1014 812 1014 1012 810 1012 1016 814 1016 1015 813 1015 1017 815 1017 1013 811 1013 1013 811 1013 1017 815 1017 1016 814 1016 994 796 994 1018 816 1018 1015 813 1015 988 791 988 1018 816 1018 994 796 994 1015 813 1015 1019 817 1019 1017 815 1017 1018 816 1018 1019 817 1019 1015 813 1015 1020 818 1020 1018 816 1018 988 791 988 1020 818 1020 988 791 988 981 787 981 978 785 978 1020 818 1020 981 787 981 976 783 976 1020 818 1020 978 785 978 1021 819 1021 1018 816 1018 1020 818 1020 1020 818 1020 976 783 976 1021 819 1021 1021 819 1021 1019 817 1019 1018 816 1018 1021 819 1021 976 783 976 1022 820 1022 976 783 976 972 780 972 1022 820 1022 1022 820 1022 972 780 972 971 779 971 1023 821 1023 1019 817 1019 1021 819 1021 1022 820 1022 1023 821 1023 1021 819 1021 971 779 971 1024 822 1024 1022 820 1022 1024 822 1024 1023 821 1023 1022 820 1022 1025 823 1025 1024 822 1024 971 779 971 967 775 967 1025 823 1025 971 779 971 964 773 964 1025 823 1025 967 775 967 1023 821 1023 1024 822 1024 1026 824 1026 1024 822 1024 1025 823 1025 1027 825 1027 1026 824 1026 1024 822 1024 1027 825 1027 1025 823 1025 964 773 964 1028 826 1028 1027 825 1027 1025 823 1025 1028 826 1028 1023 821 1023 1029 827 1029 1019 817 1019 1026 824 1026 1029 827 1029 1023 821 1023 1019 817 1019 1029 827 1029 1017 815 1017 1028 826 1028 964 773 964 1030 828 1030 964 773 964 957 768 957 1030 828 1030 1030 828 1030 957 768 957 954 766 954 954 766 954 1031 829 1031 1030 828 1030 1031 829 1031 954 766 954 952 765 952 1032 830 1032 1028 826 1028 1030 828 1030 1030 828 1030 1031 829 1031 1032 830 1032 1033 831 1033 1031 829 1031 952 765 952 952 765 952 953 694 953 1033 831 1033 953 694 953 1034 226 1034 1033 831 1033 1035 832 1035 1031 829 1031 1033 831 1033 1031 829 1031 1035 832 1035 1032 830 1032 1033 831 1033 1034 226 1034 1036 833 1036 1036 833 1036 1035 832 1035 1033 831 1033 1034 226 1034 1037 223 1037 1036 833 1036 1032 830 1032 1035 832 1035 1038 834 1038 1036 833 1036 1037 223 1037 1039 835 1039 1037 223 1037 1040 221 1040 1039 835 1039 1041 836 1041 1035 832 1035 1036 833 1036 1039 835 1039 1041 836 1041 1036 833 1036 1035 832 1035 1041 836 1041 1038 834 1038 1039 835 1039 1040 221 1040 1042 837 1042 1040 221 1040 1043 219 1043 1042 837 1042 1044 838 1044 1041 836 1041 1039 835 1039 1042 837 1042 1043 219 1043 1045 839 1045 1043 219 1043 1046 271 1046 1045 839 1045 1047 840 1047 1039 835 1039 1042 837 1042 1044 838 1044 1039 835 1039 1047 840 1047 1041 836 1041 1044 838 1044 1048 841 1048 1048 841 1048 1044 838 1044 1047 840 1047 1038 834 1038 1041 836 1041 1048 841 1048 1042 837 1042 1049 842 1049 1047 840 1047 1045 839 1045 1049 842 1049 1042 837 1042 1047 840 1047 1050 843 1050 1048 841 1048 1049 842 1049 1050 843 1050 1047 840 1047 1048 841 1048 1051 844 1051 1038 834 1038 1050 843 1050 1051 844 1051 1048 841 1048 1038 834 1038 1052 845 1052 1032 830 1032 1051 844 1051 1052 845 1052 1038 834 1038 1052 845 1052 1028 826 1028 1032 830 1032 1028 826 1028 1052 845 1052 1027 825 1027 1027 825 1027 1052 845 1052 1053 846 1053 1052 845 1052 1051 844 1051 1053 846 1053 1053 846 1053 1026 824 1026 1027 825 1027 1053 846 1053 1051 844 1051 1054 847 1054 1051 844 1051 1050 843 1050 1054 847 1054 1055 848 1055 1026 824 1026 1053 846 1053 1054 847 1054 1055 848 1055 1053 846 1053 1055 848 1055 1029 827 1029 1026 824 1026 1054 847 1054 1050 843 1050 1056 849 1056 1050 843 1050 1049 842 1049 1056 849 1056 1057 850 1057 1055 848 1055 1054 847 1054 1056 849 1056 1057 850 1057 1054 847 1054 1056 849 1056 1049 842 1049 1058 851 1058 1049 842 1049 1045 839 1045 1058 851 1058 1059 852 1059 1057 850 1057 1056 849 1056 1058 851 1058 1059 852 1059 1056 849 1056 1057 850 1057 1060 853 1060 1055 848 1055 1060 853 1060 1029 827 1029 1055 848 1055 1059 852 1059 1061 854 1061 1057 850 1057 1061 854 1061 1060 853 1060 1057 850 1057 1058 851 1058 1045 839 1045 1062 855 1062 1045 839 1045 1046 271 1046 1062 855 1062 1063 856 1063 1059 852 1059 1058 851 1058 1062 855 1062 1063 856 1063 1058 851 1058 1046 271 1046 1064 857 1064 1062 855 1062 1064 857 1064 1063 856 1063 1062 855 1062 1065 274 1065 1064 857 1064 1046 271 1046 1063 856 1063 1066 858 1066 1059 852 1059 1066 858 1066 1061 854 1061 1059 852 1059 1063 856 1063 1064 857 1064 1067 859 1067 1067 859 1067 1066 858 1066 1063 856 1063 1064 857 1064 1065 274 1065 1068 860 1068 1067 859 1067 1064 857 1064 1068 860 1068 1068 860 1068 1065 274 1065 1069 288 1069 1070 424 1070 1068 860 1068 1069 288 1069 1071 861 1071 1068 860 1068 1070 424 1070 1071 861 1071 1067 859 1067 1068 860 1068 1072 421 1072 1071 861 1071 1070 424 1070 1073 862 1073 1067 859 1067 1071 861 1071 1073 862 1073 1066 858 1066 1067 859 1067 1074 863 1074 1071 861 1071 1072 421 1072 1071 861 1071 1074 863 1074 1073 862 1073 1074 863 1074 1072 421 1072 1075 864 1075 1075 864 1075 1072 421 1072 1076 371 1076 1073 862 1073 1074 863 1074 1077 865 1077 1074 863 1074 1075 864 1075 1077 865 1077 1078 866 1078 1066 858 1066 1073 862 1073 1077 865 1077 1078 866 1078 1073 862 1073 1078 866 1078 1061 854 1061 1066 858 1066 1076 371 1076 1079 867 1079 1075 864 1075 1080 373 1080 1079 867 1079 1076 371 1076 1077 865 1077 1075 864 1075 1081 868 1081 1075 864 1075 1079 867 1079 1081 868 1081 1082 869 1082 1078 866 1078 1077 865 1077 1081 868 1081 1082 869 1082 1077 865 1077 1083 870 1083 1061 854 1061 1078 866 1078 1078 866 1078 1082 869 1082 1083 870 1083 1083 870 1083 1060 853 1060 1061 854 1061 1084 871 1084 1082 869 1082 1081 868 1081 1085 872 1085 1060 853 1060 1083 870 1083 1085 872 1085 1029 827 1029 1060 853 1060 1083 870 1083 1082 869 1082 1086 873 1086 1086 873 1086 1085 872 1085 1083 870 1083 1082 869 1082 1084 871 1084 1086 873 1086 1087 874 1087 1029 827 1029 1085 872 1085 1017 815 1017 1029 827 1029 1087 874 1087 1017 815 1017 1087 874 1087 1016 814 1016 1088 875 1088 1085 872 1085 1086 873 1086 1085 872 1085 1088 875 1088 1087 874 1087 1016 814 1016 1087 874 1087 1089 876 1089 1087 874 1087 1088 875 1088 1089 876 1089 1089 876 1089 1014 812 1014 1016 814 1016 1090 877 1090 1088 875 1088 1086 873 1086 1086 873 1086 1084 871 1084 1090 877 1090 1088 875 1088 1091 878 1091 1089 876 1089 1091 878 1091 1088 875 1088 1090 877 1090 1092 879 1092 1014 812 1014 1089 876 1089 1089 876 1089 1091 878 1091 1092 879 1092 1014 812 1014 1092 879 1092 1093 880 1093 1011 809 1011 1014 812 1014 1093 880 1093 1093 880 1093 1010 808 1010 1011 809 1011 1091 878 1091 1094 881 1094 1092 879 1092 1095 882 1095 1010 808 1010 1093 880 1093 1010 808 1010 1095 882 1095 1006 805 1006 1093 880 1093 1092 879 1092 1096 883 1096 1096 883 1096 1095 882 1095 1093 880 1093 1092 879 1092 1094 881 1094 1096 883 1096 1006 805 1006 1095 882 1095 1097 884 1097 1097 884 1097 1007 76 1007 1006 805 1006 1098 68 1098 1007 76 1007 1097 884 1097 1099 885 1099 1095 882 1095 1096 883 1096 1095 882 1095 1099 885 1099 1097 884 1097 1100 886 1100 1098 68 1098 1097 884 1097 1097 884 1097 1099 885 1099 1100 886 1100 1101 65 1101 1098 68 1098 1100 886 1100 1100 886 1100 1102 322 1102 1101 65 1101 1103 887 1103 1102 322 1102 1100 886 1100 1099 885 1099 1103 887 1103 1100 886 1100 1102 322 1102 1103 887 1103 1104 328 1104 1096 883 1096 1105 888 1105 1099 885 1099 1105 888 1105 1103 887 1103 1099 885 1099 1094 881 1094 1105 888 1105 1096 883 1096 1104 328 1104 1103 887 1103 1106 889 1106 1103 887 1103 1105 888 1105 1106 889 1106 1106 889 1106 1107 331 1107 1104 328 1104 1105 888 1105 1094 881 1094 1108 890 1108 1106 889 1106 1105 888 1105 1108 890 1108 1109 891 1109 1107 331 1107 1106 889 1106 1108 890 1108 1109 891 1109 1106 889 1106 1107 331 1107 1109 891 1109 1110 375 1110 1108 890 1108 1094 881 1094 1111 892 1111 1094 881 1094 1091 878 1091 1111 892 1111 1111 892 1111 1091 878 1091 1090 877 1090 1112 893 1112 1109 891 1109 1108 890 1108 1111 892 1111 1112 893 1112 1108 890 1108 1110 375 1110 1109 891 1109 1113 894 1113 1109 891 1109 1112 893 1112 1113 894 1113 1113 894 1113 1080 373 1080 1110 375 1110 1079 867 1079 1080 373 1080 1113 894 1113 1090 877 1090 1114 895 1114 1111 892 1111 1114 895 1114 1112 893 1112 1111 892 1111 1084 871 1084 1114 895 1114 1090 877 1090 1113 894 1113 1112 893 1112 1115 896 1115 1112 893 1112 1114 895 1114 1115 896 1115 1079 867 1079 1113 894 1113 1116 897 1116 1116 897 1116 1113 894 1113 1115 896 1115 1115 896 1115 1114 895 1114 1116 897 1116 1114 895 1114 1084 871 1084 1116 897 1116 1081 868 1081 1079 867 1079 1116 897 1116 1116 897 1116 1084 871 1084 1081 868 1081</p>
                </triangles>
            </mesh>
        </geometry>
        <geometry id="pm0285_00_00_eye_mesh_shape_l_eye-geometry" name="pm0285_00_00_eye_mesh_shape_l_eye">
            <mesh>
                <source id="pm0285_00_00_eye_mesh_shape_l_eye-geometry-POSITION">
                    <float_array id="pm0285_00_00_eye_mesh_shape_l_eye-geometry-POSITION-array" count="111">0.03310929 0.2502764 0.1674385 0.0334559 0.2466781 0.1697433 0.03720015 0.2486503 0.1673123 0.02917403 0.248801 0.1687547 0.03486577 0.2460323 0.1697334 0.039322 0.2449338 0.1683761 0.03210823 0.2460841 0.1702289 0.0274214 0.2451574 0.1705148 0.03362254 0.2437872 0.1709728 0.03569745 0.2437067 0.1704918 0.0399058 0.2410658 0.1697872 0.03150852 0.2437855 0.1712447 0.02722047 0.2412946 0.1720422 0.03376185 0.2410102 0.1720382 0.03600981 0.2409265 0.1715262 0.04018823 0.237348 0.1711957 0.03147478 0.2410117 0.1723412 0.02731534 0.2375899 0.1735091 0.0339216 0.2378257 0.17326 0.0362564 0.2377404 0.1727324 0.03632931 0.2345575 0.1739698 0.04027864 0.2336338 0.1726387 0.03154769 0.2378288 0.1735786 0.03629558 0.2317838 0.1750664 0.03179428 0.2346427 0.1747848 0.02759777 0.2338721 0.1749176 0.04008218 0.2297805 0.17419 0.03408135 0.2346412 0.1744818 0.03569586 0.2294851 0.1760821 0.03832955 0.2261368 0.1759501 0.03422066 0.2318642 0.1755473 0.03210663 0.2318625 0.1758191 0.02818158 0.230004 0.1763287 0.03293833 0.2295369 0.1765776 0.03030342 0.2262876 0.1773925 0.0343482 0.2288911 0.1765677 0.03439429 0.2246614 0.1772663</float_array>
                    <technique_common>
                        <accessor count="37" offset="0" source="pm0285_00_00_eye_mesh_shape_l_eye-geometry-POSITION-array" stride="3">
                            <param name="X" type="float" />
                            <param name="Y" type="float" />
                            <param name="Z" type="float" />
                        </accessor>
                    </technique_common>
                </source>
                <source id="pm0285_00_00_eye_mesh_shape_l_eye-geometry-NORMAL">
                    <float_array id="pm0285_00_00_eye_mesh_shape_l_eye-geometry-NORMAL-array" count="111">0.1585693 0.5405273 0.8261719 0.15979 0.5273438 0.8339844 0.3034668 0.4802246 0.8227539 0.0194397 0.4855957 0.8735352 0.3005371 0.4655762 0.8320313 0.364502 0.3972168 0.8417969 0.02494812 0.4709473 0.8813477 -0.03567505 0.4030762 0.9140625 0.1711426 0.3669434 0.9140625 0.3347168 0.3847656 0.8598633 0.3710938 0.3588867 0.855957 -0.001946449 0.3896484 0.9208984 -0.03997803 0.3664551 0.9291992 0.1713867 0.3613281 0.9165039 0.3237305 0.3598633 0.8745117 0.3708496 0.3486328 0.8603516 0.01184082 0.3657227 0.9301758 -0.0368042 0.3579102 0.9326172 0.1715088 0.3603516 0.9165039 0.3215332 0.3530273 0.878418 0.3244629 0.3459473 0.8798828 0.3720703 0.3381348 0.8642578 0.01635742 0.3598633 0.9326172 0.3378906 0.3183594 0.8852539 0.01485443 0.3518066 0.9355469 -0.03555298 0.3459473 0.9375 0.3693848 0.2998047 0.8793945 0.1715088 0.359375 0.9169922 0.3120117 0.2371826 0.9199219 0.3166504 0.2203369 0.9223633 0.1717529 0.3537598 0.9189453 0.00315094 0.324707 0.9453125 -0.0289917 0.307373 0.9506836 0.03640747 0.2423096 0.9692383 0.0324707 0.225708 0.9736328 0.1772461 0.1807861 0.9672852 0.1773682 0.1654053 0.9697266</float_array>
                    <technique_common>
                        <accessor count="37" offset="0" source="pm0285_00_00_eye_mesh_shape_l_eye-geometry-NORMAL-array" stride="3">
                            <param name="X" type="float" />
                            <param name="Y" type="float" />
                            <param name="Z" type="float" />
                        </accessor>
                    </technique_common>
                </source>
                <source id="pm0285_00_00_eye_mesh_shape_l_eye-geometry-TEXCOORD">
                    <float_array id="pm0285_00_00_eye_mesh_shape_l_eye-geometry-TEXCOORD-array" count="74">0.4862078 0.9771869 0.4902638 0.8304859 0.3467185 0.9162914 0.6288488 0.9240907 0.4430095 0.8064611 0.2813798 0.778499 0.5387736 0.8091098 0.7017012 0.7901198 0.493237 0.7229579 0.4201407 0.7211027 0.2709321 0.6352664 0.5663238 0.7251462 0.720235 0.6477053 0.4960546 0.6210821 0.4167408 0.6189952 0.2711746 0.4978644 0.5753626 0.6233832 0.7274036 0.5104868 0.499289 0.5041745 0.4169382 0.5018969 0.4232153 0.3849654 0.2785288 0.3606576 0.5816399 0.5064531 0.4322549 0.2832022 0.5818378 0.3893542 0.7276468 0.3730841 0.2968787 0.2182233 0.5025237 0.3872667 0.4598072 0.1992383 0.3697342 0.08425248 0.5053421 0.2853913 0.5784388 0.2872471 0.7172003 0.2298518 0.5555711 0.2018872 0.651864 0.09205902 0.5083171 0.177862 0.5123758 0.03116059</float_array>
                    <technique_common>
                        <accessor count="37" offset="0" source="pm0285_00_00_eye_mesh_shape_l_eye-geometry-TEXCOORD-array" stride="2">
                            <param name="S" type="float" />
                            <param name="T" type="float" />
                        </accessor>
                    </technique_common>
                </source>
                <vertices id="pm0285_00_00_eye_mesh_shape_l_eye-vertices">
                    <input semantic="POSITION" source="#pm0285_00_00_eye_mesh_shape_l_eye-geometry-POSITION" />
                </vertices>
                <triangles count="56" material="l_eye">
                    <input semantic="VERTEX" source="#pm0285_00_00_eye_mesh_shape_l_eye-vertices" offset="0" set="0" />
                    <input semantic="NORMAL" source="#pm0285_00_00_eye_mesh_shape_l_eye-geometry-NORMAL" offset="1" set="0" />
                    <input semantic="TEXCOORD" source="#pm0285_00_00_eye_mesh_shape_l_eye-geometry-TEXCOORD" offset="2" set="0" />
                    <p>0 0 0 1 1 1 2 2 2 0 0 0 3 3 3 1 1 1 2 2 2 1 1 1 4 4 4 2 2 2 4 4 4 5 5 5 1 1 1 3 3 3 6 6 6 3 3 3 7 7 7 6 6 6 4 4 4 1 1 1 8 8 8 8 8 8 1 1 1 6 6 6 5 5 5 4 4 4 9 9 9 9 9 9 4 4 4 8 8 8 5 5 5 9 9 9 10 10 10 6 6 6 7 7 7 11 11 11 8 8 8 6 6 6 11 11 11 7 7 7 12 12 12 11 11 11 13 13 13 9 9 9 8 8 8 8 8 8 11 11 11 13 13 13 10 10 10 9 9 9 14 14 14 14 14 14 9 9 9 13 13 13 10 10 10 14 14 14 15 15 15 11 11 11 12 12 12 16 16 16 13 13 13 11 11 11 16 16 16 12 12 12 17 17 17 16 16 16 18 18 18 14 14 14 13 13 13 13 13 13 16 16 16 18 18 18 15 15 15 14 14 14 19 19 19 19 19 19 14 14 14 18 18 18 20 20 20 15 15 15 19 19 19 18 18 18 20 20 20 19 19 19 21 21 21 15 15 15 20 20 20 18 18 18 16 16 16 22 22 22 16 16 16 17 17 17 22 22 22 23 23 23 21 21 21 20 20 20 17 17 17 24 24 24 22 22 22 22 22 22 24 24 24 18 18 18 25 25 25 24 24 24 17 17 17 26 26 26 21 21 21 23 23 23 27 27 27 20 20 20 18 18 18 27 27 27 23 23 23 20 20 20 18 18 18 24 24 24 27 27 27 28 28 28 26 26 26 23 23 23 29 29 29 26 26 26 28 28 28 30 30 30 23 23 23 27 27 27 30 30 30 28 28 28 23 23 23 24 24 24 31 31 31 27 27 27 25 25 25 31 31 31 24 24 24 27 27 27 31 31 31 30 30 30 32 32 32 31 31 31 25 25 25 32 32 32 33 33 33 31 31 31 31 31 31 33 33 33 30 30 30 34 34 34 33 33 33 32 32 32 33 33 33 35 35 35 30 30 30 34 34 34 35 35 35 33 33 33 30 30 30 35 35 35 28 28 28 35 35 35 29 29 29 28 28 28 36 36 36 35 35 35 34 34 34 36 36 36 29 29 29 35 35 35</p>
                </triangles>
            </mesh>
        </geometry>
        <geometry id="pm0285_00_00_eye_mesh_shape_r_eye-geometry" name="pm0285_00_00_eye_mesh_shape_r_eye">
            <mesh>
                <source id="pm0285_00_00_eye_mesh_shape_r_eye-geometry-POSITION">
                    <float_array id="pm0285_00_00_eye_mesh_shape_r_eye-geometry-POSITION-array" count="111">-0.03720015 0.2486503 0.1673123 -0.0334559 0.2466781 0.1697433 -0.03310929 0.2502764 0.1674385 -0.02917403 0.248801 0.1687547 -0.03486577 0.2460323 0.1697334 -0.039322 0.2449338 0.1683761 -0.03210823 0.2460841 0.1702289 -0.0274214 0.2451574 0.1705148 -0.03362254 0.2437872 0.1709728 -0.03569745 0.2437067 0.1704918 -0.0399058 0.2410658 0.1697872 -0.03150852 0.2437855 0.1712447 -0.02722047 0.2412946 0.1720422 -0.03376185 0.2410102 0.1720382 -0.03600981 0.2409265 0.1715262 -0.04018823 0.237348 0.1711957 -0.03147478 0.2410117 0.1723412 -0.02731534 0.2375899 0.1735091 -0.0339216 0.2378257 0.17326 -0.0362564 0.2377404 0.1727324 -0.03632931 0.2345575 0.1739698 -0.04027864 0.2336338 0.1726387 -0.03154769 0.2378288 0.1735786 -0.03179428 0.2346427 0.1747848 -0.02759777 0.2338721 0.1749176 -0.03408135 0.2346412 0.1744818 -0.03629558 0.2317838 0.1750664 -0.04008218 0.2297805 0.17419 -0.03210663 0.2318625 0.1758191 -0.02818158 0.230004 0.1763287 -0.03422066 0.2318642 0.1755473 -0.03569586 0.2294851 0.1760821 -0.03832955 0.2261368 0.1759501 -0.03293833 0.2295369 0.1765776 -0.03030342 0.2262876 0.1773925 -0.0343482 0.2288911 0.1765677 -0.03439429 0.2246614 0.1772663</float_array>
                    <technique_common>
                        <accessor count="37" offset="0" source="pm0285_00_00_eye_mesh_shape_r_eye-geometry-POSITION-array" stride="3">
                            <param name="X" type="float" />
                            <param name="Y" type="float" />
                            <param name="Z" type="float" />
                        </accessor>
                    </technique_common>
                </source>
                <source id="pm0285_00_00_eye_mesh_shape_r_eye-geometry-NORMAL">
                    <float_array id="pm0285_00_00_eye_mesh_shape_r_eye-geometry-NORMAL-array" count="111">-0.3034668 0.4802246 0.8227539 -0.15979 0.5273438 0.8339844 -0.1585693 0.5405273 0.8261719 -0.0194397 0.4855957 0.8735352 -0.3005371 0.4655762 0.8320313 -0.364502 0.3972168 0.8417969 -0.02494812 0.4709473 0.8813477 0.03567505 0.4030762 0.9140625 -0.1711426 0.3669434 0.9140625 -0.3347168 0.3847656 0.8598633 -0.3710938 0.3588867 0.855957 0.001946449 0.3896484 0.9208984 0.03997803 0.3664551 0.9291992 -0.1713867 0.3613281 0.9165039 -0.3237305 0.3598633 0.8745117 -0.3708496 0.3486328 0.8603516 -0.01184082 0.3657227 0.9301758 0.0368042 0.3579102 0.9326172 -0.1715088 0.3603516 0.9165039 -0.3215332 0.3530273 0.878418 -0.3244629 0.3459473 0.8798828 -0.3720703 0.3381348 0.8642578 -0.01635742 0.3598633 0.9326172 -0.01485443 0.3518066 0.9355469 0.03555298 0.3459473 0.9375 -0.1715088 0.359375 0.9169922 -0.3378906 0.3183594 0.8852539 -0.3693848 0.2998047 0.8793945 -0.003152847 0.324707 0.9453125 0.0289917 0.307373 0.9506836 -0.1717529 0.3537598 0.9189453 -0.3120117 0.2371826 0.9199219 -0.3166504 0.2203369 0.9223633 -0.03640747 0.2423096 0.9692383 -0.0324707 0.225708 0.9736328 -0.1772461 0.1807861 0.9672852 -0.1773682 0.1654053 0.9697266</float_array>
                    <technique_common>
                        <accessor count="37" offset="0" source="pm0285_00_00_eye_mesh_shape_r_eye-geometry-NORMAL-array" stride="3">
                            <param name="X" type="float" />
                            <param name="Y" type="float" />
                            <param name="Z" type="float" />
                        </accessor>
                    </technique_common>
                </source>
                <source id="pm0285_00_00_eye_mesh_shape_r_eye-geometry-TEXCOORD">
                    <float_array id="pm0285_00_00_eye_mesh_shape_r_eye-geometry-TEXCOORD-array" count="74">0.3467185 0.9162914 0.4902638 0.8304859 0.4862078 0.9771869 0.6288488 0.9240907 0.4430095 0.8064611 0.2813798 0.778499 0.5387736 0.8091098 0.7017012 0.7901198 0.493237 0.7229579 0.4201407 0.7211027 0.270932 0.6352664 0.5663238 0.7251462 0.720235 0.6477053 0.4960546 0.6210821 0.4167408 0.6189952 0.2711746 0.4978644 0.5753626 0.6233832 0.7274036 0.5104868 0.499289 0.5041745 0.4169382 0.5018969 0.4232153 0.3849654 0.2785288 0.3606576 0.5816399 0.5064531 0.5818378 0.3893542 0.7276468 0.3730841 0.5025237 0.3872667 0.4322549 0.2832022 0.2968787 0.2182233 0.5784388 0.2872471 0.7172003 0.2298518 0.5053421 0.2853913 0.4598071 0.1992383 0.3697342 0.08425248 0.5555711 0.2018872 0.651864 0.09205902 0.5083171 0.177862 0.5123758 0.03116059</float_array>
                    <technique_common>
                        <accessor count="37" offset="0" source="pm0285_00_00_eye_mesh_shape_r_eye-geometry-TEXCOORD-array" stride="2">
                            <param name="S" type="float" />
                            <param name="T" type="float" />
                        </accessor>
                    </technique_common>
                </source>
                <vertices id="pm0285_00_00_eye_mesh_shape_r_eye-vertices">
                    <input semantic="POSITION" source="#pm0285_00_00_eye_mesh_shape_r_eye-geometry-POSITION" />
                </vertices>
                <triangles count="56" material="r_eye">
                    <input semantic="VERTEX" source="#pm0285_00_00_eye_mesh_shape_r_eye-vertices" offset="0" set="0" />
                    <input semantic="NORMAL" source="#pm0285_00_00_eye_mesh_shape_r_eye-geometry-NORMAL" offset="1" set="0" />
                    <input semantic="TEXCOORD" source="#pm0285_00_00_eye_mesh_shape_r_eye-geometry-TEXCOORD" offset="2" set="0" />
                    <p>0 0 0 1 1 1 2 2 2 2 2 2 1 1 1 3 3 3 4 4 4 1 1 1 0 0 0 5 5 5 4 4 4 0 0 0 3 3 3 1 1 1 6 6 6 3 3 3 6 6 6 7 7 7 4 4 4 8 8 8 1 1 1 8 8 8 6 6 6 1 1 1 9 9 9 4 4 4 5 5 5 9 9 9 8 8 8 4 4 4 10 10 10 9 9 9 5 5 5 7 7 7 6 6 6 11 11 11 8 8 8 11 11 11 6 6 6 7 7 7 11 11 11 12 12 12 9 9 9 13 13 13 8 8 8 13 13 13 11 11 11 8 8 8 14 14 14 9 9 9 10 10 10 14 14 14 13 13 13 9 9 9 15 15 15 14 14 14 10 10 10 12 12 12 11 11 11 16 16 16 16 16 16 11 11 11 13 13 13 12 12 12 16 16 16 17 17 17 13 13 13 14 14 14 18 18 18 18 18 18 16 16 16 13 13 13 19 19 19 14 14 14 15 15 15 18 18 18 14 14 14 19 19 19 15 15 15 20 20 20 19 19 19 19 19 19 20 20 20 18 18 18 21 21 21 20 20 20 15 15 15 22 22 22 16 16 16 18 18 18 17 17 17 16 16 16 22 22 22 22 22 22 23 23 23 17 17 17 18 18 18 23 23 23 22 22 22 17 17 17 23 23 23 24 24 24 18 18 18 20 20 20 25 25 25 25 25 25 23 23 23 18 18 18 21 21 21 26 26 26 20 20 20 20 20 20 26 26 26 25 25 25 27 27 27 26 26 26 21 21 21 23 23 23 28 28 28 24 24 24 23 23 23 25 25 25 28 28 28 24 24 24 28 28 28 29 29 29 25 25 25 26 26 26 30 30 30 28 28 28 25 25 25 30 30 30 27 27 27 31 31 31 26 26 26 30 30 30 26 26 26 31 31 31 32 32 32 31 31 31 27 27 27 28 28 28 33 33 33 29 29 29 28 28 28 30 30 30 33 33 33 29 29 29 33 33 33 34 34 34 30 30 30 31 31 31 35 35 35 33 33 33 30 30 30 35 35 35 32 32 32 35 35 35 31 31 31 33 33 33 35 35 35 34 34 34 36 36 36 35 35 35 32 32 32 34 34 34 35 35 35 36 36 36</p>
                </triangles>
            </mesh>
        </geometry>
    </library_geometries>
    <library_controllers>
        <controller id="pm0285_00_00_body_mesh_shape_body_b-controller" name="pm0285_00_00_body_mesh_shape_body_b">
            <skin source="#pm0285_00_00_body_mesh_shape_body_b-geometry">
                <bind_shape_matrix>1 0 0 0 0 1 0 0 0 0 1 0 0 0 0 1</bind_shape_matrix>
                <source id="pm0285_00_00_body_mesh_shape_body_b-joints">
                    <Name_array id="pm0285_00_00_body_mesh_shape_body_b-joints-array" count="34">jaw_01_sub jaw_02 jaw_01 waist left_feeler_d left_feeler_c left_feeler_b left_feeler_a right_feeler_a right_feeler_b right_feeler_c right_feeler_d hair right_lower_eyelid right_eyelid_b left_lower_eyelid left_eyelid_b left_upper_eyelid left_eyelid_a left_upper_eyelid_sub right_eyelid_a right_upper_eyelid right_upper_eyelid_sub left_feeler_e left_feeler_f right_feeler_f right_feeler_e back_hair_a left_hair_b left_hair_a right_hair_a right_hair_b right_foot left_foot</Name_array>
                    <technique_common>
                        <accessor count="34" offset="0" source="#pm0285_00_00_body_mesh_shape_body_b-joints-array" stride="1">
                            <param name="JOINT" type="Name" />
                        </accessor>
                    </technique_common>
                </source>
                <source id="pm0285_00_00_body_mesh_shape_body_b-matrices">
                    <float_array id="pm0285_00_00_body_mesh_shape_body_b-matrices-array" count="544">1.664373E-05 0.8448712 -0.5349711 -0.08737079 -0.9999992 -1.224851E-05 -4.916525E-05 2.466141E-06 -4.847069E-05 0.534973 0.844871 -0.2988026 1E-06 1E-06 1E-06 1.000001 -4.980685E-05 0.4461321 0.8949687 -0.08749948 -0.9999992 -1.224851E-05 -4.916525E-05 2.466142E-06 -9.523288E-06 -0.8949668 0.4461323 0.1154363 1E-06 1E-06 1E-06 1.000001 -4.847069E-05 0.5349731 0.8448709 -0.09880263 -0.9999992 -1.224851E-05 -4.916525E-05 2.466143E-06 -1.464374E-05 -0.844869 0.5349732 0.08737275 1E-06 1E-06 1E-06 1.000001 1.059605E-06 1.000001 1E-06 -0.1534872 -0.999999 1.059605E-06 1E-06 9.908514E-07 1E-06 1E-06 1.000001 1E-06 1E-06 1E-06 1E-06 1.000001 0.7031028 -0.6793447 -0.2100887 -0.008565116 -0.2862956 9.403954E-07 -0.9581401 0.006172836 0.6509101 0.7338196 -0.1944934 -0.2301972 1E-06 1E-06 1E-06 1.000001 0.715082 -0.6742252 0.184604 -0.01093094 0.2499627 8.360872E-07 -0.9682547 0.000413127 0.6528245 0.738526 0.1685317 -0.2293993 1E-06 1E-06 1E-06 1.000001 0.5114671 -0.6905891 0.51136 -0.008216294 0.7070338 8.956919E-07 -0.7071798 -0.002365134 0.4883731 0.7232475 0.4882707 -0.2321981 1E-06 1E-06 1E-06 1.000001 0.213718 -0.6906526 0.6908866 -0.01218672 0.9553373 8.658895E-07 -0.2955207 0.006229856 0.2041042 0.723187 0.6598072 -0.232732 1E-06 1E-06 1E-06 1.000001 -0.2137161 -0.6906525 0.6908866 -0.01218668 0.9553372 1.014901E-06 0.2955226 -0.006227916 -0.2041021 0.7231869 0.6598071 -0.2327324 1E-06 1E-06 1E-06 1.000001 -0.5114652 -0.6905891 0.51136 -0.008216147 0.7070338 1.014901E-06 0.7071819 0.002367233 -0.488371 0.7232477 0.4882707 -0.2321974 1E-06 1E-06 1E-06 1.000001 -0.7150801 -0.674225 0.184604 -0.01093106 0.2499627 1.119209E-06 0.9682568 -0.0004111642 -0.6528223 0.7385261 0.1685317 -0.2293991 1E-06 1E-06 1E-06 1.000001 -0.7031009 -0.6793446 -0.2100887 -0.008565452 -0.2862956 1.104308E-06 0.9581422 -0.006170899 -0.650908 0.7338197 -0.1944934 -0.2301971 1E-06 1E-06 1E-06 1.000001 1.059605E-06 1.000001 1E-06 -0.3264171 -0.999999 1.059605E-06 1E-06 9.908514E-07 1E-06 1E-06 1.000001 1.000013E-06 1E-06 1E-06 1E-06 1.000001 -0.1944247 0.271917 0.9424767 -0.06246565 0.9809185 0.05389677 0.1868072 -0.0113609 1.13411E-06 0.9608117 -0.2772049 -0.1695329 1E-06 1E-06 1E-06 1.000001 -0.2796452 0.07703084 0.9570091 -0.03077384 -0.1868947 -0.982075 0.02443611 0.2223828 0.941738 -0.1720265 0.2890314 0.02594249 1E-06 1E-06 1E-06 1.000001 0.194427 0.2719173 0.9424766 -0.06246578 0.9809184 -0.05389505 -0.1868055 0.01136297 9.701977E-07 0.9608116 -0.2772053 -0.1695331 1E-06 1E-06 1E-06 1.000001 0.2796473 0.07703082 0.9570091 -0.03077382 -0.1868946 0.9820771 -0.02443411 -0.222381 -0.9417359 -0.1720264 0.2890314 0.02594251 1E-06 1E-06 1E-06 1.000001 0.1476595 0.454609 0.8783682 -0.1133757 -0.9855906 -0.006450546 0.1690235 0.005707309 0.0825068 -0.8906677 0.447106 0.1425984 1E-06 1E-06 1E-06 1.000001 0.149641 0.0758865 0.9858253 -0.02982355 -0.0481592 -0.9953066 0.08392695 0.223448 0.9875681 -0.06003512 -0.1452821 0.009271642 1E-06 1E-06 1E-06 1.000001 -0.08609677 0.8854198 -0.4567499 -0.1393109 -0.9852224 -0.007532073 0.1711131 0.005581445 0.1480661 0.4647348 0.8729841 -0.2882611 1E-06 1E-06 1E-06 1.000001 -0.149639 0.07588652 0.9858253 -0.02982357 -0.04815908 0.9953086 -0.08392496 -0.2234457 -0.9875661 -0.060035 -0.1452821 0.00927161 1E-06 1E-06 1E-06 1.000001 -0.1476574 0.454609 0.8783681 -0.1133759 -0.9855906 0.006452665 -0.1690215 -0.005705335 -0.08250491 -0.8906677 0.447106 0.1425987 1E-06 1E-06 1E-06 1.000001 0.08609886 0.8854198 -0.4567499 -0.1393107 -0.9852223 0.007534259 -0.1711109 -0.005579595 -0.1480638 0.4647348 0.8729842 -0.2882607 1E-06 1E-06 1E-06 1.000001 0.5011591 -0.6973059 -0.5124478 -0.007798719 -0.7149381 1.029802E-06 -0.6991858 -0.0001119227 0.4875488 0.7167739 -0.498531 -0.234936 1E-06 1E-06 1E-06 1.000001 0.1874566 -0.6964908 -0.6926455 -0.007220633 -0.9652733 1.014901E-06 -0.2612376 -0.0004576774 0.1819516 0.7175656 -0.6723046 -0.2345411 1E-06 1E-06 1E-06 1.000001 -0.1874546 -0.6964908 -0.6926457 -0.007220963 -0.9652732 9.254942E-07 0.2612397 0.0004596979 -0.1819497 0.7175657 -0.6723046 -0.234541 1E-06 1E-06 1E-06 1.000001 -0.5011572 -0.697306 -0.512448 -0.00779814 -0.7149383 1.089407E-06 0.6991879 0.0001136671 -0.4875467 0.7167742 -0.4985311 -0.234936 1E-06 1E-06 1E-06 1.000001 1.045044E-06 0.7557179 -0.6548975 -0.2759041 -0.9999991 1.059605E-06 1E-06 9.908514E-07 1.039035E-06 0.6548996 0.7557178 -0.2134192 1E-06 1E-06 1E-06 1.000001 0.6050895 0.7795594 -0.161729 -0.2856247 -0.2743257 0.01344654 -0.9615414 -0.00637762 -0.747403 0.6261863 0.2219904 -0.2000485 1E-06 1E-06 1E-06 1.000001 0.3300529 0.8262072 0.4565634 -0.3051519 0.8119757 -0.001817956 -0.583689 0.001057195 -0.4814168 0.5633662 -0.6714578 -0.171028 1E-06 1E-06 1E-06 1.000001 -0.3300508 0.8262073 0.4565635 -0.3051519 0.8119757 0.001819851 0.5836911 -0.001055202 0.4814189 0.5633661 -0.6714578 -0.171028 1E-06 1E-06 1E-06 1.000001 -0.6050874 0.7795596 -0.1617289 -0.2856246 -0.2743257 -0.01344449 0.9615434 0.006379597 0.7474051 0.6261862 0.2219904 -0.2000483 1E-06 1E-06 1E-06 1.000001 1E-06 9.403954E-07 1.000001 0.01103671 1.000001 1.027818E-06 1E-06 0.06573158 9.721819E-07 1.000001 1.059605E-06 -0.0645584 1E-06 1E-06 1E-06 1.000001 1E-06 9.403954E-07 1.000001 0.01103668 1.000001 8.529726E-07 1E-06 -0.06572954 1.147027E-06 1.000001 1.059605E-06 -0.06455838 1E-06 1E-06 1E-06 1.000001</float_array>
                    <technique_common>
                        <accessor count="34" offset="0" source="#pm0285_00_00_body_mesh_shape_body_b-matrices-array" stride="16">
                            <param name="TRANSFORM" type="float4x4" />
                        </accessor>
                    </technique_common>
                </source>
                <source id="pm0285_00_00_body_mesh_shape_body_b-weights">
                    <float_array id="pm0285_00_00_body_mesh_shape_body_b-weights-array" count="78">0.2999924 0.08000305 0.4599985 0.1600061 0.08999771 0.3100023 0.6 0.3499962 0.2099947 0.1400015 0.2399939 0.02000458 0.4800031 0.2599985 0.319997 0.1700008 0.4099947 0.4200046 0.2299992 0.6899977 0.2699931 0.6500038 1 0.1000076 0.9000076 0.05999848 0.280003 0.6599985 0.2 0.8 0.05000382 0.9499962 0.8099946 0.5000076 0.4 0.0399939 0.9600061 0.8200046 0.9100023 0.00999466 0.06999313 0.680003 0.4699931 0.4299992 0.02999924 0.5300069 0.2200046 0.119997 0.1900053 0.9900053 0.8500038 0.1100023 0.9300069 0.7700008 0.7100023 0.1799954 0.6099946 0.2500038 0.6200046 0.6299992 0.5100023 0.7199969 0.7900053 0.6399939 0.8599985 0.880003 0.2899977 0.3700007 0.5499962 0.5199969 0.6999924 0.1499962 0.9799954 0.6699932 0.3799954 0.5600061 0.7499962 0.3300069</float_array>
                    <technique_common>
                        <accessor count="78" offset="0" source="#pm0285_00_00_body_mesh_shape_body_b-weights-array" stride="1">
                            <param name="WEIGHT" type="float" />
                        </accessor>
                    </technique_common>
                </source>
                <joints>
                    <input semantic="JOINT" source="#pm0285_00_00_body_mesh_shape_body_b-joints" />
                    <input semantic="INV_BIND_MATRIX" source="#pm0285_00_00_body_mesh_shape_body_b-matrices" />
                </joints>
                <vertex_weights count="1119">
                    <input semantic="JOINT" source="#pm0285_00_00_body_mesh_shape_body_b-joints" offset="0" set="0" />
                    <input semantic="WEIGHT" source="#pm0285_00_00_body_mesh_shape_body_b-weights" offset="1" set="0" />
                    <vcount>4 3 4 3 4 3 3 3 3 1 2 3 2 2 2 2 1 1 2 2 1 1 1 1 1 1 1 1 1 1 1 1 1 1 1 1 1 1 1 1 1 1 1 1 4 4 3 3 4 3 3 3 3 1 2 3 2 2 2 2 1 1 2 2 1 1 1 1 1 1 1 1 1 1 1 1 1 1 1 1 1 1 1 1 1 1 1 1 3 2 3 2 1 2 1 1 3 3 2 1 2 2 1 1 1 1 1 1 1 1 1 1 1 1 3 3 2 1 3 3 2 2 3 1 3 3 1 1 1 1 1 3 1 3 2 3 3 4 4 1 4 4 3 4 4 4 4 4 4 3 2 3 3 3 1 1 3 1 1 2 1 2 2 3 3 3 3 3 2 1 2 2 1 1 3 3 2 1 2 2 3 3 1 1 1 1 1 1 1 1 1 1 1 1 1 1 1 1 1 1 1 1 1 1 1 2 2 2 1 1 2 1 1 2 2 1 1 2 1 1 1 1 1 1 1 1 1 1 1 1 1 1 1 1 1 1 1 1 1 1 1 1 1 1 1 1 1 1 1 1 1 1 1 2 1 1 1 1 1 3 1 1 1 1 1 1 1 1 1 1 1 1 2 1 1 1 1 1 1 1 1 1 1 1 1 3 1 1 1 1 1 1 1 1 1 1 1 1 2 2 2 1 1 2 1 1 1 2 2 1 1 1 1 1 1 1 1 1 1 1 1 1 1 1 1 2 2 3 2 3 3 3 3 2 3 3 3 3 3 3 3 4 2 4 3 2 3 3 1 3 1 4 3 1 1 2 4 3 2 4 3 1 3 3 3 2 3 3 2 3 2 1 1 1 1 1 1 1 1 1 1 1 1 1 1 1 1 1 1 1 1 1 2 3 2 3 3 3 3 2 3 3 3 3 3 2 2 3 3 2 3 3 3 4 3 2 4 3 2 4 3 1 1 3 1 3 3 2 4 4 2 3 3 2 3 3 2 3 3 2 2 1 3 3 2 1 2 2 1 3 3 2 1 2 2 1 1 3 3 2 1 1 1 1 1 1 2 2 1 3 3 1 2 1 2 2 1 3 3 2 1 1 2 2 3 3 1 1 1 1 1 1 1 1 1 1 1 1 1 1 1 1 1 1 1 1 1 1 1 1 1 1 1 1 1 1 1 1 1 1 1 1 2 2 2 1 1 2 2 1 1 2 1 1 2 1 1 1 1 1 1 1 1 1 1 2 1 1 2 1 1 2 2 1 1 1 2 2 1 1 1 1 1 1 1 1 1 1 1 1 1 1 1 1 1 1 1 1 1 1 1 1 1 1 1 2 1 2 2 2 2 2 3 2 3 4 3 2 4 3 2 2 3 4 3 4 2 3 3 2 3 4 3 2 2 2 2 1 2 2 2 2 2 2 3 3 4 2 3 4 3 2 2 2 3 4 3 2 2 2 1 2 2 2 2 2 2 1 2 2 2 2 3 2 3 4 3 2 4 3 2 2 3 4 3 4 2 3 3 2 3 4 3 2 2 2 2 1 2 2 2 2 2 2 3 3 4 2 3 4 3 2 2 2 3 4 3 2 2 2 2 2 1 2 2 3 3 3 3 3 3 4 3 3 3 3 3 3 3 3 3 3 3 3 3 3 3 2 2 3 3 3 3 3 3 3 3 3 3 3 3 3 3 3 2 3 3 3 3 3 3 3 3 3 3 3 3 3 3 4 3 3 2 3 3 3 3 3 3 1 1 1 1 1 1 1 1 1 1 1 1 1 1 1 1 1 1 1 1 1 1 1 1 1 1 1 1 1 1 1 1 1 1 1 1 1 1 1 1 1 1 1 1 1 1 1 1 1 1 1 1 1 1 1 1 1 2 3 3 3 2 3 2 3 2 2 3 2 2 3 2 2 2 2 2 2 2 2 2 2 1 2 2 1 1 2 1 1 2 1 1 1 2 1 1 2 2 2 2 2 2 2 3 2 2 3 2 2 2 2 2 2 2 2 1 1 1 1 1 1 1 1 1 1 1 1 1 1 1 1 1 1 1 1 1 1 1 1 1 1 1 1 1 1 1 1 1 1 1 1 1 1 1 1 1 1 1 1 1 1 1 1 1 1 1 1 1 1 1 1 1 1 1 1 1 1 1 1 1 1 1 1 1 1 1 1 1 1 1 1 1 1 1 1 1 1 1 1 1 1 1 1 1 1 1 1 1 1 1 1 1 1 1 1 1 1 1 1 1 1 1 1 1 1 1 1 1 1 1 1 1 1 1 1 1 1 1 1 1 1 1 1 1 1 1 1 1 1 1 1 1 1 1 1 1 1 1 1 1 1 1 1 1 1 1 1 1 1 1 1 1 1 1 1 1 1 1 1 1 1 1 1 1 1 1 1 1 1 1 1 1 1 1 1 1 1 1 1 1 1 1 1 1 1 1 1 1 1 1 1 1 1 1 1 1 1 1 1 1 1 1 1 1 1 1 1 1 1 1 1 1 1 1 1 1 1 1 1 1 1 1 1 1 1 1 1 1 1 1</vcount>
                    <v>0 0 1 1 2 2 3 3 0 4 2 5 3 6 0 7 1 8 2 0 3 9 0 4 2 5 3 6 0 10 1 11 2 12 3 13 0 1 2 14 3 6 0 15 2 16 3 17 0 1 2 18 3 19 0 1 2 20 3 21 3 22 2 23 3 24 0 25 2 26 3 27 2 23 3 24 2 23 3 24 2 28 3 29 2 30 3 31 3 22 3 22 2 23 3 24 2 30 3 31 3 22 3 22 3 22 3 22 3 22 3 22 3 22 3 22 3 22 3 22 3 22 3 22 3 22 3 22 3 22 3 22 3 22 3 22 3 22 3 22 3 22 3 22 3 22 3 22 0 0 1 1 2 2 3 3 0 7 1 8 2 0 3 9 0 4 2 5 3 6 0 4 2 5 3 6 0 10 1 11 2 12 3 13 0 1 2 14 3 6 0 15 2 16 3 17 0 1 2 18 3 19 0 1 2 20 3 21 3 22 2 23 3 24 0 25 2 26 3 27 2 23 3 24 2 23 3 24 2 28 3 29 2 30 3 31 3 22 3 22 2 23 3 24 2 30 3 31 3 22 3 22 3 22 3 22 3 22 3 22 3 22 3 22 3 22 3 22 3 22 3 22 3 22 3 22 3 22 3 22 3 22 3 22 3 22 3 22 3 22 3 22 3 22 3 22 4 4 5 23 3 32 5 33 3 33 4 34 5 34 3 28 5 35 3 36 3 22 5 33 3 33 3 22 3 22 5 4 6 23 3 32 5 34 6 34 3 28 6 33 3 33 3 22 6 35 3 36 6 33 3 33 3 22 3 22 3 22 3 22 3 22 3 22 3 22 3 22 3 22 3 22 3 22 3 22 6 4 7 23 3 32 6 34 7 34 3 28 7 33 3 33 3 22 6 11 7 3 3 37 6 35 7 30 3 38 7 35 3 36 7 33 3 33 6 39 7 4 3 24 3 22 8 34 7 34 3 28 7 11 2 40 3 38 3 22 3 22 3 22 3 22 3 22 0 30 2 20 3 41 3 22 0 1 2 18 3 19 2 14 3 41 0 23 2 42 3 43 0 15 2 16 3 17 0 15 1 44 2 45 3 20 0 10 1 11 2 12 3 13 3 22 0 46 1 47 2 42 3 48 0 0 1 1 2 2 3 3 0 35 2 2 3 33 0 20 1 13 2 0 3 15 0 7 1 8 2 0 3 9 0 0 1 1 2 2 3 3 0 46 1 47 2 42 3 48 0 10 1 11 2 12 3 13 0 15 1 44 2 45 3 20 0 15 2 16 3 17 2 14 3 41 0 23 2 42 3 43 0 1 2 18 3 19 0 30 2 20 3 41 3 22 3 22 8 11 2 40 3 38 3 22 3 22 8 33 3 33 3 22 8 35 3 36 8 33 3 33 9 39 8 4 3 24 9 11 8 3 3 37 9 4 8 23 3 32 9 34 8 34 3 28 9 35 8 30 3 38 9 33 3 33 3 22 9 35 3 36 9 33 3 33 3 22 3 22 10 4 9 23 3 32 10 34 9 34 3 28 10 33 3 33 3 22 10 35 3 36 10 33 3 33 11 4 10 23 3 32 11 34 10 34 3 28 3 22 3 22 3 22 3 22 3 22 3 22 3 22 3 22 3 22 3 22 3 22 3 22 3 22 3 22 3 22 3 22 3 22 3 22 3 22 3 22 3 22 3 22 3 22 12 4 3 38 12 4 3 38 12 4 3 38 3 22 3 22 12 4 3 38 3 22 3 22 12 4 3 38 12 4 3 38 3 22 3 22 12 4 3 38 3 22 3 22 3 22 3 22 3 22 3 22 3 22 3 22 3 22 3 22 3 22 3 22 3 22 3 22 3 22 3 22 3 22 3 22 3 22 3 22 3 22 3 22 3 22 3 22 3 22 3 22 3 22 3 22 3 22 3 22 3 22 3 22 3 22 3 22 3 22 13 39 3 49 3 22 3 22 3 22 3 22 3 22 14 35 13 50 3 51 3 22 3 22 3 22 3 22 3 22 3 22 3 22 3 22 3 22 3 22 3 22 3 22 15 39 3 49 3 22 3 22 3 22 3 22 3 22 3 22 3 22 3 22 3 22 3 22 3 22 3 22 16 35 15 50 3 51 3 22 3 22 3 22 3 22 3 22 3 22 3 22 3 22 3 22 3 22 3 22 3 22 12 4 3 38 12 4 3 38 12 4 3 38 3 22 3 22 12 4 3 38 3 22 3 22 3 22 12 4 3 38 12 4 3 38 3 22 3 22 3 22 3 22 3 22 3 22 3 22 3 22 3 22 3 22 3 22 3 22 3 22 3 22 3 22 3 22 16 40 3 52 16 18 3 53 16 1 15 54 3 8 16 28 3 29 16 55 15 46 3 6 16 30 15 54 3 10 16 51 15 56 3 26 16 57 15 46 3 45 15 19 3 5 16 0 17 1 3 58 16 14 17 1 3 6 18 11 15 59 3 7 16 14 17 28 3 12 16 34 17 57 3 7 16 5 17 60 3 55 16 55 17 16 3 16 16 18 19 39 17 61 3 35 16 8 3 62 16 40 19 11 17 63 3 20 16 40 19 44 17 24 16 4 3 38 19 35 17 50 3 51 16 11 19 44 17 31 3 22 16 11 19 30 17 52 3 22 16 11 19 35 17 64 3 1 18 40 19 11 17 38 3 22 3 22 18 47 3 65 18 40 19 11 17 27 3 57 18 20 19 39 17 61 18 66 3 54 18 20 19 39 17 17 3 0 18 34 17 60 3 4 3 22 18 12 17 8 3 5 18 45 17 13 3 8 18 67 17 1 3 68 18 67 3 59 18 43 17 40 3 33 18 18 15 57 3 69 18 0 3 70 18 71 15 28 3 21 18 47 3 65 3 22 3 22 3 22 3 22 3 22 3 22 3 22 3 22 3 22 3 22 3 22 3 22 3 22 3 22 3 22 3 22 3 22 3 22 3 22 3 22 3 22 14 40 3 52 14 1 13 54 3 8 14 28 3 29 14 30 13 54 3 10 14 55 13 46 3 6 14 51 13 56 3 26 14 57 13 46 3 45 13 19 3 5 20 11 13 59 3 7 14 0 21 1 3 58 14 14 21 1 3 6 20 71 13 28 3 21 20 18 13 57 3 69 20 47 3 65 20 0 3 70 20 43 21 40 3 33 20 67 21 1 3 68 20 67 3 59 20 12 21 8 3 5 20 45 21 13 3 8 20 34 21 60 3 4 20 20 22 39 21 17 3 0 20 20 22 39 21 61 20 66 3 54 20 40 22 11 21 27 3 57 20 40 22 11 21 38 20 47 3 65 14 11 22 35 21 64 3 1 14 11 22 44 21 31 3 22 3 22 14 11 22 30 21 52 3 22 22 35 21 50 3 51 14 40 22 44 21 24 14 4 3 38 14 40 22 11 21 63 3 20 14 18 22 39 21 61 3 35 14 8 3 62 14 55 21 16 3 16 14 5 21 60 3 55 14 18 3 53 14 14 21 28 3 12 14 34 21 57 3 7 4 33 3 33 4 4 5 23 3 32 4 34 5 34 3 28 4 35 3 36 4 33 3 33 3 22 23 4 4 23 3 32 23 34 4 34 3 28 23 33 3 33 3 22 23 35 3 36 23 33 3 33 3 22 24 4 23 23 3 32 24 34 23 34 3 28 24 33 3 33 3 22 24 35 3 36 24 33 3 33 3 22 3 22 25 4 24 23 3 32 25 34 24 34 3 28 25 33 3 33 3 22 3 22 3 22 3 22 3 22 3 22 25 35 3 36 25 33 3 33 3 22 25 4 26 23 3 32 25 34 26 34 3 28 3 22 26 33 3 33 3 22 26 35 3 36 26 33 3 33 3 22 26 4 11 23 3 32 26 34 11 34 3 28 11 33 3 33 3 22 3 22 11 35 3 36 11 33 3 33 11 4 10 23 3 32 11 34 10 34 3 28 3 22 3 22 3 22 3 22 3 22 3 22 3 22 3 22 3 22 3 22 3 22 3 22 3 22 3 22 3 22 3 22 3 22 3 22 3 22 3 22 3 22 3 22 3 22 3 22 3 22 3 22 3 22 3 22 3 22 3 22 3 22 3 22 3 22 3 22 3 22 3 22 12 4 3 38 12 4 3 38 12 4 3 38 3 22 3 22 12 4 3 38 12 4 3 38 3 22 3 22 12 4 3 38 3 22 3 22 12 4 3 38 3 22 3 22 3 22 3 22 3 22 3 22 3 22 3 22 3 22 3 22 12 4 3 38 3 22 3 22 12 4 3 38 3 22 3 22 12 4 3 38 12 4 3 38 3 22 3 22 3 22 12 4 3 38 12 4 3 38 3 22 3 22 3 22 3 22 3 22 3 22 3 22 3 22 3 22 3 22 3 22 3 22 3 22 3 22 3 22 3 22 3 22 3 22 3 22 3 22 3 22 3 22 3 22 3 22 3 22 3 22 3 22 27 36 12 35 27 22 27 36 12 35 27 72 12 11 27 50 12 71 27 50 12 71 27 50 12 71 28 30 27 73 12 26 27 70 12 0 28 30 27 73 12 26 28 7 27 7 12 18 3 40 28 67 27 74 12 57 27 6 12 34 28 30 27 30 12 61 3 55 27 23 12 61 3 55 12 6 3 34 28 6 12 34 28 23 12 61 3 55 28 30 29 30 12 61 3 55 29 23 12 61 3 55 30 30 29 30 12 61 3 55 29 6 12 34 30 67 29 74 12 57 28 67 29 74 12 57 29 70 12 0 30 35 29 73 12 66 30 7 29 7 12 18 3 40 30 35 29 73 12 66 29 50 12 71 29 50 12 71 29 36 12 35 29 36 12 35 29 22 29 50 12 71 29 72 12 11 29 36 12 35 29 36 12 35 29 50 12 71 29 50 12 71 28 35 29 73 12 66 28 35 29 73 12 66 28 7 29 7 12 18 3 40 28 70 12 0 28 27 29 30 12 66 28 7 29 7 12 18 3 40 28 27 29 30 12 66 28 50 12 71 28 50 12 71 28 36 12 35 28 27 27 30 12 66 28 7 27 7 12 18 3 40 28 27 27 30 12 66 28 36 12 35 28 50 12 71 28 50 12 71 28 22 28 36 12 35 28 36 12 35 28 50 12 71 28 72 12 11 27 36 12 35 27 36 12 35 27 22 27 72 12 11 27 50 12 71 27 50 12 71 27 50 12 71 31 30 27 73 12 26 27 70 12 0 31 30 27 73 12 26 31 7 27 7 12 18 3 40 31 67 27 74 12 57 27 6 12 34 31 30 27 30 12 61 3 55 27 23 12 61 3 55 12 6 3 34 31 6 12 34 31 23 12 61 3 55 31 30 30 30 12 61 3 55 30 23 12 61 3 55 30 30 29 30 12 61 3 55 30 6 12 34 30 67 29 74 12 57 31 67 30 74 12 57 30 70 12 0 30 73 29 35 12 66 30 7 29 7 12 18 3 40 30 73 29 35 12 66 30 50 12 71 30 50 12 71 30 36 12 35 30 36 12 35 30 22 30 50 12 71 30 72 12 11 30 36 12 35 30 36 12 35 30 50 12 71 30 50 12 71 31 35 30 73 12 66 31 35 30 73 12 66 31 7 30 7 12 18 3 40 31 70 12 0 31 27 30 30 12 66 31 7 30 7 12 18 3 40 31 27 30 30 12 66 31 50 12 71 31 50 12 71 31 36 12 35 31 27 27 30 12 66 31 7 27 7 12 18 3 40 31 27 27 30 12 66 31 50 12 71 31 50 12 71 31 50 12 71 31 36 12 35 31 36 12 35 31 22 31 72 12 11 31 36 12 35 16 11 19 44 17 31 16 11 17 24 3 1 16 40 19 44 17 24 18 40 19 11 17 38 16 1 17 50 3 40 18 25 17 50 3 4 16 18 19 39 17 61 3 35 18 20 19 39 17 61 16 46 17 27 3 47 18 57 17 73 3 1 16 5 17 60 3 55 18 34 17 60 3 4 16 0 17 42 3 18 18 74 17 42 3 71 16 34 17 57 3 7 18 45 17 13 3 8 16 67 17 13 3 67 18 33 17 57 3 57 16 14 17 47 3 75 18 67 17 47 3 60 16 14 17 1 3 6 18 67 17 1 3 68 16 57 3 76 18 18 3 53 16 57 15 46 3 45 18 18 15 57 3 69 16 51 15 57 3 63 18 11 15 0 3 41 16 51 15 56 3 26 18 11 15 59 3 7 16 30 15 7 3 6 16 30 15 54 3 10 20 33 21 57 3 57 20 45 21 13 3 8 20 74 21 42 3 71 20 67 21 47 3 60 20 34 21 60 3 4 20 67 21 1 3 68 20 57 21 73 3 1 20 18 3 53 20 20 22 39 21 61 20 18 13 57 3 69 20 25 21 50 3 4 20 11 13 0 3 41 20 40 22 11 21 38 20 11 13 59 3 7 14 11 21 24 3 1 14 30 13 7 3 6 14 11 22 44 21 31 14 30 13 54 3 10 14 40 22 44 21 24 14 51 13 56 3 26 14 1 21 50 3 40 14 51 13 57 3 63 14 18 22 39 21 61 3 35 14 57 13 46 3 45 14 46 21 27 3 47 14 57 3 76 14 5 21 60 3 55 14 14 21 1 3 6 14 0 21 42 3 18 14 14 21 47 3 75 14 34 21 57 3 7 14 67 21 13 3 67 32 22 32 22 32 22 32 22 32 22 32 22 32 22 32 22 32 22 32 22 32 22 32 22 32 22 32 22 32 22 32 22 32 22 32 22 32 22 32 22 32 22 32 22 32 22 32 22 32 22 32 22 32 22 32 22 32 22 32 22 32 22 32 22 32 22 32 22 32 22 32 22 32 22 32 22 32 22 32 22 32 22 32 22 32 22 32 22 32 22 32 22 32 22 32 22 32 22 32 22 32 22 32 22 32 22 32 22 32 22 32 22 32 22 2 34 3 6 0 4 2 5 3 6 0 4 2 5 3 6 0 4 2 5 3 6 2 34 3 6 0 1 2 14 3 6 2 34 3 6 0 1 2 14 3 6 2 77 3 73 2 34 3 6 0 1 2 20 3 21 2 77 3 73 2 34 3 6 0 25 2 26 3 27 2 77 3 73 2 77 3 73 2 28 3 29 2 28 3 29 2 28 3 29 2 28 3 29 2 23 3 24 2 23 3 24 2 23 3 24 2 23 3 24 3 22 2 23 3 24 2 23 3 24 3 22 3 22 2 23 3 24 3 22 3 22 2 23 3 24 3 22 3 22 3 22 2 23 3 24 3 22 3 22 2 23 3 24 2 23 3 24 2 28 3 29 2 28 3 29 2 77 3 73 2 28 3 29 2 34 3 6 0 1 2 20 3 21 2 77 3 73 2 34 3 6 0 25 2 26 3 27 2 77 3 73 2 28 3 29 2 28 3 29 2 23 3 24 2 23 3 24 2 23 3 24 2 23 3 24 2 23 3 24 33 22 33 22 33 22 33 22 33 22 33 22 33 22 33 22 33 22 33 22 33 22 33 22 33 22 33 22 33 22 33 22 33 22 33 22 33 22 33 22 33 22 33 22 33 22 33 22 33 22 33 22 33 22 33 22 33 22 33 22 33 22 33 22 33 22 33 22 33 22 33 22 33 22 33 22 33 22 33 22 33 22 33 22 33 22 33 22 33 22 33 22 33 22 33 22 33 22 33 22 33 22 33 22 33 22 33 22 33 22 33 22 33 22 33 22 33 22 33 22 33 22 33 22 33 22 33 22 33 22 33 22 33 22 33 22 33 22 33 22 33 22 33 22 33 22 33 22 33 22 33 22 33 22 33 22 33 22 33 22 33 22 33 22 33 22 33 22 33 22 33 22 33 22 33 22 33 22 33 22 33 22 33 22 33 22 33 22 33 22 33 22 33 22 33 22 33 22 33 22 33 22 33 22 33 22 33 22 33 22 33 22 33 22 33 22 33 22 33 22 33 22 33 22 33 22 33 22 33 22 33 22 33 22 33 22 33 22 33 22 33 22 33 22 33 22 33 22 33 22 33 22 33 22 33 22 33 22 33 22 33 22 33 22 33 22 33 22 33 22 33 22 33 22 33 22 33 22 33 22 33 22 33 22 33 22 33 22 33 22 33 22 32 22 32 22 32 22 32 22 32 22 32 22 32 22 32 22 32 22 32 22 32 22 32 22 32 22 32 22 32 22 32 22 32 22 32 22 32 22 32 22 32 22 32 22 32 22 32 22 32 22 32 22 32 22 32 22 32 22 32 22 32 22 32 22 32 22 32 22 32 22 32 22 32 22 32 22 32 22 32 22 32 22 32 22 32 22 32 22 32 22 32 22 32 22 32 22 32 22 32 22 32 22 32 22 32 22 32 22 32 22 32 22 32 22 32 22 32 22 32 22 32 22 32 22 32 22 32 22 32 22 32 22 32 22 32 22 32 22 32 22 32 22 32 22 32 22 32 22 32 22 32 22 32 22 32 22 32 22 32 22 32 22 32 22 32 22 32 22 32 22 32 22 32 22 32 22 32 22</v>
                </vertex_weights>
            </skin>
        </controller>
        <controller id="pm0285_00_00_body_mesh_shape_body_a-controller" name="pm0285_00_00_body_mesh_shape_body_a">
            <skin source="#pm0285_00_00_body_mesh_shape_body_a-geometry">
                <bind_shape_matrix>1 0 0 0 0 1 0 0 0 0 1 0 0 0 0 1</bind_shape_matrix>
                <source id="pm0285_00_00_body_mesh_shape_body_a-joints">
                    <Name_array id="pm0285_00_00_body_mesh_shape_body_a-joints-array" count="19">left_feeler_c left_feeler_b waist left_feeler_a left_feeler_d right_feeler_f left_feeler_f left_feeler_e right_feeler_b right_feeler_a right_feeler_c right_feeler_d right_feeler_e hair left_hair_b back_hair_a right_hair_b left_hair_a right_hair_a</Name_array>
                    <technique_common>
                        <accessor count="19" offset="0" source="#pm0285_00_00_body_mesh_shape_body_a-joints-array" stride="1">
                            <param name="JOINT" type="Name" />
                        </accessor>
                    </technique_common>
                </source>
                <source id="pm0285_00_00_body_mesh_shape_body_a-matrices">
                    <float_array id="pm0285_00_00_body_mesh_shape_body_a-matrices-array" count="304">0.715082 -0.6742252 0.184604 -0.01093094 0.2499627 8.360872E-07 -0.9682547 0.000413127 0.6528245 0.738526 0.1685317 -0.2293993 1E-06 1E-06 1E-06 1.000001 0.5114671 -0.6905891 0.51136 -0.008216294 0.7070338 8.956919E-07 -0.7071798 -0.002365134 0.4883731 0.7232475 0.4882707 -0.2321981 1E-06 1E-06 1E-06 1.000001 1.059605E-06 1.000001 1E-06 -0.1534872 -0.999999 1.059605E-06 1E-06 9.908514E-07 1E-06 1E-06 1.000001 1E-06 1E-06 1E-06 1E-06 1.000001 0.213718 -0.6906526 0.6908866 -0.01218672 0.9553373 8.658895E-07 -0.2955207 0.006229856 0.2041042 0.723187 0.6598072 -0.232732 1E-06 1E-06 1E-06 1.000001 0.7031028 -0.6793447 -0.2100887 -0.008565116 -0.2862956 9.403954E-07 -0.9581401 0.006172836 0.6509101 0.7338196 -0.1944934 -0.2301972 1E-06 1E-06 1E-06 1.000001 -0.1874546 -0.6964908 -0.6926457 -0.007220963 -0.9652732 9.254942E-07 0.2612397 0.0004596979 -0.1819497 0.7175657 -0.6723046 -0.234541 1E-06 1E-06 1E-06 1.000001 0.1874566 -0.6964908 -0.6926455 -0.007220633 -0.9652733 1.014901E-06 -0.2612376 -0.0004576774 0.1819516 0.7175656 -0.6723046 -0.2345411 1E-06 1E-06 1E-06 1.000001 0.5011591 -0.6973059 -0.5124478 -0.007798719 -0.7149381 1.029802E-06 -0.6991858 -0.0001119227 0.4875488 0.7167739 -0.498531 -0.234936 1E-06 1E-06 1E-06 1.000001 -0.5114652 -0.6905891 0.51136 -0.008216147 0.7070338 1.014901E-06 0.7071819 0.002367233 -0.488371 0.7232477 0.4882707 -0.2321974 1E-06 1E-06 1E-06 1.000001 -0.2137161 -0.6906525 0.6908866 -0.01218668 0.9553372 1.014901E-06 0.2955226 -0.006227916 -0.2041021 0.7231869 0.6598071 -0.2327324 1E-06 1E-06 1E-06 1.000001 -0.7150801 -0.674225 0.184604 -0.01093106 0.2499627 1.119209E-06 0.9682568 -0.0004111642 -0.6528223 0.7385261 0.1685317 -0.2293991 1E-06 1E-06 1E-06 1.000001 -0.7031009 -0.6793446 -0.2100887 -0.008565452 -0.2862956 1.104308E-06 0.9581422 -0.006170899 -0.650908 0.7338197 -0.1944934 -0.2301971 1E-06 1E-06 1E-06 1.000001 -0.5011572 -0.697306 -0.512448 -0.00779814 -0.7149383 1.089407E-06 0.6991879 0.0001136671 -0.4875467 0.7167742 -0.4985311 -0.234936 1E-06 1E-06 1E-06 1.000001 1.059605E-06 1.000001 1E-06 -0.3264171 -0.999999 1.059605E-06 1E-06 9.908514E-07 1E-06 1E-06 1.000001 1.000013E-06 1E-06 1E-06 1E-06 1.000001 0.6050895 0.7795594 -0.161729 -0.2856247 -0.2743257 0.01344654 -0.9615414 -0.00637762 -0.747403 0.6261863 0.2219904 -0.2000485 1E-06 1E-06 1E-06 1.000001 1.045044E-06 0.7557179 -0.6548975 -0.2759041 -0.9999991 1.059605E-06 1E-06 9.908514E-07 1.039035E-06 0.6548996 0.7557178 -0.2134192 1E-06 1E-06 1E-06 1.000001 -0.6050874 0.7795596 -0.1617289 -0.2856246 -0.2743257 -0.01344449 0.9615434 0.006379597 0.7474051 0.6261862 0.2219904 -0.2000483 1E-06 1E-06 1E-06 1.000001 0.3300529 0.8262072 0.4565634 -0.3051519 0.8119757 -0.001817956 -0.583689 0.001057195 -0.4814168 0.5633662 -0.6714578 -0.171028 1E-06 1E-06 1E-06 1.000001 -0.3300508 0.8262073 0.4565635 -0.3051519 0.8119757 0.001819851 0.5836911 -0.001055202 0.4814189 0.5633661 -0.6714578 -0.171028 1E-06 1E-06 1E-06 1.000001</float_array>
                    <technique_common>
                        <accessor count="19" offset="0" source="#pm0285_00_00_body_mesh_shape_body_a-matrices-array" stride="16">
                            <param name="TRANSFORM" type="float4x4" />
                        </accessor>
                    </technique_common>
                </source>
                <source id="pm0285_00_00_body_mesh_shape_body_a-weights">
                    <float_array id="pm0285_00_00_body_mesh_shape_body_a-weights-array" count="44">0.2500038 0.5000076 0.05000382 0.8399939 0.1100023 0.1499962 0.6999924 0.7900053 0.1600061 0.1000076 0.9000076 0.9799954 0.02000458 0.8 0.2 1 0.4 0.880003 0.119997 0.08999771 0.9100023 0.2699931 0.7300069 0.4200046 0.5100023 0.3400015 0.1799954 0.4899977 0.2299992 0.3499962 0.06999313 0.6699932 0.280003 0.8500038 0.2999924 0.9600061 0.0399939 0.6 0.1400015 0.4599985 0.1700008 0.2899977 0.2099947 0.6599985</float_array>
                    <technique_common>
                        <accessor count="44" offset="0" source="#pm0285_00_00_body_mesh_shape_body_a-weights-array" stride="1">
                            <param name="WEIGHT" type="float" />
                        </accessor>
                    </technique_common>
                </source>
                <joints>
                    <input semantic="JOINT" source="#pm0285_00_00_body_mesh_shape_body_a-joints" />
                    <input semantic="INV_BIND_MATRIX" source="#pm0285_00_00_body_mesh_shape_body_a-matrices" />
                </joints>
                <vertex_weights count="1117">
                    <input semantic="JOINT" source="#pm0285_00_00_body_mesh_shape_body_a-joints" offset="0" set="0" />
                    <input semantic="WEIGHT" source="#pm0285_00_00_body_mesh_shape_body_a-weights" offset="1" set="0" />
                    <vcount>3 3 3 3 2 2 2 2 2 1 2 3 1 1 2 2 3 3 3 2 2 1 1 1 1 1 1 1 1 1 1 1 3 3 3 3 2 2 2 2 2 1 2 1 1 2 1 1 1 1 1 2 1 1 1 1 1 1 2 2 3 3 3 3 3 3 3 3 2 2 2 1 2 1 1 2 2 2 2 3 3 3 3 2 2 1 1 1 1 1 1 1 1 1 1 1 3 3 3 3 2 2 2 2 2 1 2 3 2 1 1 3 3 3 2 2 1 2 1 1 1 1 1 1 1 1 1 1 3 3 3 3 2 2 2 2 1 2 1 1 2 1 1 1 1 1 1 1 1 1 1 1 2 2 2 2 3 3 3 3 3 3 3 3 2 2 2 1 2 2 1 1 2 2 1 2 1 1 1 1 1 1 1 1 1 1 2 2 3 3 3 3 3 3 3 3 2 2 2 1 2 2 1 1 2 2 1 1 1 1 1 2 1 1 1 1 1 1 2 2 3 3 3 3 3 3 3 3 2 2 2 2 2 1 2 3 1 1 2 2 3 3 3 2 2 1 1 1 1 1 1 1 1 1 1 1 3 3 3 3 2 2 2 1 2 2 1 1 2 2 1 1 1 1 1 2 1 1 1 1 1 1 2 2 3 3 3 3 3 3 3 3 2 2 2 2 1 2 1 1 2 2 1 1 1 1 1 2 1 1 1 1 1 1 2 2 3 3 3 3 3 3 3 3 2 2 2 1 2 2 1 1 2 2 1 1 1 1 1 2 1 1 1 1 1 1 2 2 3 3 3 3 3 3 3 3 2 2 2 1 2 1 1 2 2 2 2 3 3 3 3 2 2 1 1 1 1 1 1 1 1 1 1 1 3 3 3 3 2 2 2 1 2 1 1 2 2 2 2 3 3 3 3 2 2 1 1 1 1 1 1 1 1 1 1 1 3 3 3 3 2 2 2 2 2 1 2 1 3 1 3 3 3 2 2 1 1 1 2 2 1 1 1 1 1 1 1 1 3 3 3 3 2 2 2 1 2 1 1 2 2 2 2 3 3 3 3 2 2 1 1 1 1 1 1 1 1 1 1 1 3 3 3 3 2 2 2 2 1 2 1 1 2 2 1 3 3 3 3 2 2 1 2 1 1 1 1 1 1 1 1 1 3 3 3 3 2 2 2 1 2 2 1 1 2 2 1 3 3 3 3 2 2 1 2 1 1 1 1 1 1 1 1 1 3 3 3 3 2 2 2 2 1 2 1 1 2 2 1 1 1 1 1 2 1 1 1 1 1 1 2 2 3 3 3 3 3 3 3 3 2 2 2 2 1 2 1 1 2 2 1 1 1 1 1 2 1 1 1 1 1 1 2 2 3 3 3 3 3 3 3 3 2 2 2 2 1 2 1 1 2 2 1 1 1 1 1 2 1 1 1 1 1 1 2 2 3 3 3 3 3 3 3 3 2 2 2 2 1 2 1 1 2 2 1 1 1 1 1 2 1 1 1 1 1 1 2 2 3 3 3 3 3 3 3 3 2 2 2 2 1 2 1 1 2 2 1 1 1 1 1 2 1 1 1 1 1 1 2 2 3 3 3 3 2 2 2 2 2 4 2 2 2 3 2 2 4 4 3 2 2 2 2 4 4 4 3 3 3 2 3 2 2 2 2 2 2 2 2 1 2 2 2 2 2 2 2 2 2 3 2 2 2 2 2 2 4 4 4 3 3 3 2 4 4 3 2 2 2 3 2 2 1 2 2 2 2 2 2 2 2 2 2 2 2 3 2 2 2 2 2 2 4 4 4 3 3 3 2 4 4 3 2 3 2 2 2 2 2 2 2 1 2 2 3 3 3 3 2 2 2 2 1 2 1 1 2 1 1 1 1 1 1 1 1 1 1 1 2 2 2 2 3 3 3 3 3 3 3 3 2 2 2 2 1 2 2 2 1 1 1 1 1 1 1 2 1 1 1 1 1 1 2 2 3 3 3 3 2 2 2 2 2 4 2 3 2 2 2 2 4 4 4 3 4 4 3 3 3 2 3 2 2 2 2 2 2 2 2 1 2 2 2 2 2 2 2 4 2 3 2 2 2 2 4 4 4 3 4 4 3 3 3 2 3 2 2 2 2 2 2 2 2 1 2 2 1 2 3 2 1 2 1 2 1 1 3 1 1 2 1 1 2 1 1 1 3 1 1 1 1 1 1 1 1 2 1 1 1 1 2 1 1 3 2 1 1 2 1 1 1 1 3 1 1 1 2 1 1 1 2 1 1 1 3 1 1 2 1 1 1 1 1 1 1 1 1 1 1 1 1 1 1 1 1 1 1 1 1 1 1 1 1 1 3 1 1 2 1 1 2 1 1 3 1 1 2 1 1 1 1 1 1 1 1 1 1 1 1 1 1 1 1 1 1 2 1 1 1 3 2 1 2 1 1 1 3 1 1 1 2 1 1 1 1 1 1 1 1 1 1 1 1 1 1 1 1 1 2 1 1 3 2 1 2 1 1 3 1 1 2 1 1 1 1 1 1</vcount>
                    <v>0 0 1 0 2 1 0 2 1 3 2 4 0 5 1 5 2 6 0 2 1 7 2 8 1 9 2 10 1 11 2 12 1 13 2 14 1 9 2 10 1 11 2 12 1 15 1 13 2 14 1 5 3 5 2 6 1 15 1 15 1 11 2 12 1 11 2 12 1 7 3 2 2 8 1 0 3 0 2 1 1 3 3 2 2 4 1 11 2 12 1 11 2 12 1 15 1 15 1 15 1 15 1 15 1 15 1 15 1 15 1 15 1 15 1 15 0 5 1 5 2 6 0 3 1 2 2 4 0 0 1 0 2 1 0 7 1 2 2 8 0 9 2 10 0 11 2 12 0 13 2 14 0 9 2 10 0 11 2 12 0 15 0 13 2 14 0 15 0 15 0 11 2 12 0 15 0 15 0 15 0 15 0 15 0 11 2 12 0 15 0 15 0 15 0 15 0 15 0 15 0 11 2 12 0 11 2 12 4 2 0 7 2 8 4 2 0 3 2 4 4 5 0 5 2 6 4 0 0 0 2 1 5 0 6 0 2 1 5 2 6 3 2 4 5 5 6 5 2 6 5 2 6 7 2 8 6 11 2 12 6 9 2 10 6 11 2 12 6 15 6 13 2 14 6 15 6 15 6 11 2 12 6 13 2 14 6 9 2 10 6 11 2 12 6 7 7 2 2 8 6 5 7 5 2 6 6 3 7 2 2 4 6 0 7 0 2 1 6 11 2 12 6 11 2 12 6 15 6 15 6 15 6 15 6 15 6 15 6 15 6 15 6 15 6 15 6 15 7 5 4 5 2 6 7 3 4 2 2 4 7 0 4 0 2 1 7 7 4 2 2 8 7 9 2 10 7 11 2 12 7 13 2 14 7 9 2 10 7 11 2 12 7 15 7 13 2 14 6 5 7 5 2 6 7 11 2 12 7 15 7 15 6 0 7 0 2 1 6 2 7 3 2 4 6 2 7 7 2 8 7 11 2 12 7 11 2 12 7 15 7 11 2 12 7 15 7 15 7 15 7 15 7 15 7 15 7 15 7 15 7 15 7 15 7 0 4 0 2 1 7 2 4 3 2 4 7 5 4 5 2 6 7 2 4 7 2 8 4 9 2 10 4 11 2 12 4 13 2 14 4 11 2 12 4 15 4 9 2 10 4 15 4 15 4 11 2 12 4 15 4 15 4 15 4 15 4 15 4 15 4 15 4 15 4 15 4 15 4 15 4 11 2 12 4 11 2 12 4 11 2 12 4 13 2 14 4 7 0 2 2 8 4 3 0 2 2 4 4 5 0 5 2 6 4 0 0 0 2 1 8 16 9 16 2 14 8 0 9 0 2 1 8 2 9 3 2 4 8 2 9 3 2 4 9 11 2 12 9 1 2 1 9 11 2 12 9 15 9 17 2 18 9 1 2 1 9 15 9 15 9 11 2 12 9 17 2 18 9 15 9 11 2 12 9 15 9 15 9 15 9 15 9 15 9 15 9 15 9 15 9 15 9 15 9 11 2 12 9 11 2 12 9 3 3 2 2 4 9 3 3 2 2 4 9 16 3 16 2 14 9 0 3 0 2 1 8 16 9 16 2 14 8 3 9 2 2 4 8 0 9 0 2 1 8 3 9 2 2 4 8 11 2 12 8 1 2 1 8 11 2 12 8 15 8 17 2 18 8 1 2 1 8 15 8 15 8 11 2 12 8 17 2 18 8 15 8 15 8 15 8 15 8 15 8 11 2 12 8 15 8 15 8 15 8 15 8 15 8 15 8 11 2 12 8 11 2 12 10 2 8 3 2 4 10 2 8 3 2 4 10 16 8 16 2 14 10 0 8 0 2 1 10 5 8 5 2 6 10 2 8 3 2 4 10 0 8 0 2 1 10 2 8 7 2 8 8 9 2 10 8 11 2 12 8 13 2 14 8 9 2 10 8 11 2 12 8 15 8 13 2 14 8 5 9 5 2 6 8 15 8 15 8 11 2 12 8 11 2 12 8 7 9 2 2 8 8 0 9 0 2 1 8 3 9 2 2 4 8 11 2 12 8 11 2 12 8 15 8 15 8 15 8 15 8 15 8 15 8 15 8 15 8 15 8 15 8 15 10 16 8 16 2 14 10 3 8 2 2 4 10 0 8 0 2 1 10 3 8 2 2 4 10 11 2 12 10 1 2 1 10 11 2 12 10 15 10 17 2 18 10 1 2 1 10 15 10 15 10 11 2 12 10 17 2 18 10 15 10 15 10 15 10 15 10 15 10 11 2 12 10 15 10 15 10 15 10 15 10 15 10 15 10 11 2 12 10 11 2 12 11 2 10 3 2 4 11 2 10 3 2 4 11 16 10 16 2 14 11 0 10 0 2 1 10 0 8 0 2 1 10 3 8 2 2 4 10 5 8 5 2 6 10 7 8 2 2 8 10 9 2 10 10 11 2 12 10 13 2 14 10 11 2 12 10 15 10 9 2 10 10 15 10 15 10 11 2 12 10 13 2 14 10 15 10 15 10 15 10 15 10 15 10 11 2 12 10 15 10 15 10 15 10 15 10 15 10 15 10 11 2 12 10 11 2 12 11 2 10 7 2 8 11 2 10 3 2 4 11 5 10 5 2 6 11 0 10 0 2 1 5 16 12 16 2 14 5 3 12 2 2 4 5 0 12 0 2 1 5 3 12 2 2 4 5 11 2 12 5 1 2 1 5 11 2 12 5 15 5 17 2 18 5 1 2 1 5 15 5 15 5 11 2 12 5 17 2 18 5 15 5 15 5 15 5 15 5 15 5 11 2 12 5 15 5 15 5 15 5 15 5 15 5 15 5 11 2 12 5 11 2 12 5 3 6 2 2 4 5 3 6 2 2 4 5 16 6 16 2 14 5 0 6 0 2 1 5 5 6 5 2 6 5 3 6 2 2 4 5 0 6 0 2 1 5 7 6 2 2 8 5 11 2 12 5 9 2 10 5 11 2 12 5 15 5 13 2 14 5 15 5 15 5 11 2 12 5 13 2 14 5 9 2 10 5 11 2 12 5 7 12 2 2 8 5 5 12 5 2 6 5 0 12 0 2 1 5 3 12 2 2 4 5 11 2 12 5 11 2 12 5 15 5 15 5 15 5 15 5 15 5 15 5 15 5 15 5 15 5 15 5 15 5 16 12 16 2 14 5 0 12 0 2 1 5 2 12 3 2 4 5 2 12 3 2 4 12 11 2 12 12 1 2 1 12 11 2 12 12 15 12 17 2 18 12 15 12 15 12 11 2 12 12 17 2 18 12 1 2 1 12 11 2 12 12 3 11 2 2 4 12 16 11 16 2 14 12 3 11 2 2 4 12 0 11 0 2 1 12 11 2 12 12 11 2 12 12 15 12 15 12 15 12 15 12 15 12 15 12 15 12 15 12 15 12 15 12 15 12 0 11 0 2 1 12 3 11 2 2 4 12 5 11 5 2 6 12 7 11 2 2 8 12 9 2 10 12 11 2 12 12 13 2 14 12 9 2 10 12 11 2 12 12 15 12 13 2 14 12 15 5 5 12 5 2 6 12 15 5 2 12 3 2 4 5 0 12 0 2 1 5 2 12 7 2 8 12 11 2 12 12 11 2 12 12 15 12 15 12 15 12 11 2 12 12 11 2 12 12 15 12 15 12 15 12 15 12 15 12 15 12 15 12 15 12 16 11 16 2 14 12 0 11 0 2 1 12 2 11 3 2 4 12 2 11 3 2 4 11 11 2 12 11 1 2 1 11 11 2 12 11 15 11 17 2 18 11 15 11 15 11 11 2 12 11 17 2 18 11 1 2 1 11 11 2 12 11 3 10 2 2 4 11 16 10 16 2 14 11 3 10 2 2 4 11 0 10 0 2 1 11 11 2 12 11 11 2 12 11 15 11 15 11 15 11 15 11 15 11 15 11 15 11 15 11 15 11 15 11 15 12 5 11 5 2 6 12 2 11 3 2 4 12 0 11 0 2 1 12 2 11 7 2 8 11 9 2 10 11 11 2 12 11 13 2 14 11 11 2 12 11 15 11 9 2 10 11 15 11 15 11 11 2 12 11 13 2 14 11 15 11 7 10 2 2 8 11 5 10 5 2 6 11 0 10 0 2 1 11 3 10 2 2 4 11 11 2 12 11 11 2 12 11 15 11 11 2 12 11 15 11 15 11 15 11 15 11 15 11 15 11 15 11 15 11 15 1 16 3 16 2 14 1 2 3 3 2 4 1 0 3 0 2 1 1 2 3 3 2 4 3 11 2 12 3 1 2 1 3 11 2 12 3 15 3 17 2 18 3 1 2 1 3 15 3 15 3 11 2 12 3 17 2 18 3 15 9 2 3 3 2 4 9 16 3 16 2 14 9 0 3 0 2 1 9 2 3 3 2 4 3 11 2 12 3 11 2 12 3 15 3 11 2 12 3 15 3 15 3 15 3 15 3 15 3 15 3 15 3 15 3 15 1 16 3 16 2 14 1 0 3 0 2 1 1 3 3 2 2 4 1 3 3 2 2 4 1 1 2 1 1 11 2 12 1 17 2 18 1 11 2 12 1 15 1 1 2 1 1 15 1 15 1 11 2 12 1 17 2 18 1 15 1 15 1 15 1 15 1 15 1 11 2 12 1 15 1 15 1 15 1 15 1 15 1 15 1 11 2 12 1 11 2 12 0 2 1 3 2 4 0 2 1 3 2 4 0 16 1 16 2 14 0 0 1 0 2 1 0 16 1 16 2 14 0 0 1 0 2 1 0 3 1 2 2 4 0 3 1 2 2 4 0 1 2 1 0 11 2 12 0 17 2 18 0 11 2 12 0 15 0 1 2 1 0 15 0 15 0 11 2 12 0 17 2 18 0 15 0 15 0 15 0 15 0 15 0 11 2 12 0 15 0 15 0 15 0 15 0 15 0 15 0 11 2 12 0 11 2 12 4 2 0 3 2 4 4 2 0 3 2 4 4 16 0 16 2 14 4 0 0 0 2 1 4 16 0 16 2 14 4 0 0 0 2 1 4 3 0 2 2 4 4 3 0 2 2 4 4 1 2 1 4 11 2 12 4 17 2 18 4 11 2 12 4 15 4 1 2 1 4 15 4 15 4 11 2 12 4 17 2 18 4 15 4 15 4 15 4 15 4 15 4 11 2 12 4 15 4 15 4 15 4 15 4 15 4 15 4 11 2 12 4 11 2 12 7 2 4 3 2 4 7 2 4 3 2 4 7 16 4 16 2 14 7 0 4 0 2 1 7 16 4 16 2 14 7 0 4 0 2 1 7 3 4 2 2 4 7 3 4 2 2 4 7 1 2 1 7 11 2 12 7 17 2 18 7 11 2 12 7 15 7 1 2 1 7 15 7 15 7 11 2 12 7 17 2 18 7 15 7 15 7 15 7 15 7 15 7 11 2 12 7 15 7 15 7 15 7 15 7 15 7 15 7 11 2 12 7 11 2 12 6 2 7 3 2 4 6 2 7 3 2 4 6 16 7 16 2 14 6 0 7 0 2 1 6 16 7 16 2 14 6 0 7 0 2 1 6 3 7 2 2 4 6 3 7 2 2 4 6 1 2 1 6 11 2 12 6 17 2 18 6 11 2 12 6 15 6 1 2 1 6 15 6 15 6 11 2 12 6 17 2 18 6 15 6 15 6 15 6 15 6 15 6 11 2 12 6 15 6 15 6 15 6 15 6 15 6 15 6 11 2 12 6 11 2 12 5 2 6 3 2 4 5 2 6 3 2 4 5 16 6 16 2 14 5 0 6 0 2 1 13 19 2 20 13 21 2 22 13 19 2 20 13 21 2 22 13 19 2 20 14 19 15 19 13 23 2 16 13 21 2 22 13 19 2 20 13 21 2 22 15 5 13 24 2 25 13 21 2 22 13 19 2 20 14 26 15 27 13 28 2 9 14 29 15 29 13 28 2 30 14 2 15 31 13 32 13 21 2 22 13 19 2 20 13 19 2 20 13 21 2 22 16 19 15 19 13 23 2 16 16 26 15 27 13 28 2 9 16 29 15 29 13 28 2 30 16 2 15 31 13 32 15 23 13 24 2 30 16 2 15 31 13 32 15 33 13 5 14 2 15 31 13 32 15 33 13 5 15 6 13 34 15 33 13 5 15 35 13 36 15 33 13 5 15 35 13 36 15 33 13 5 15 35 13 36 15 15 15 35 13 36 15 11 13 12 13 19 2 20 13 21 2 22 13 21 2 22 13 19 2 20 13 37 2 16 13 21 2 22 13 19 2 20 17 38 13 39 2 16 13 21 2 22 13 19 2 20 13 21 2 22 13 19 2 20 13 19 2 20 13 21 2 22 14 19 17 19 13 23 2 16 14 40 17 1 13 28 2 9 14 29 17 29 13 28 2 30 14 36 17 31 13 41 17 23 13 24 2 30 14 36 17 31 13 41 17 33 13 5 18 40 17 1 13 28 2 9 18 29 17 29 13 28 2 30 18 36 17 31 13 41 17 6 13 34 17 33 13 5 17 35 13 36 18 36 17 31 13 41 17 33 13 5 17 35 13 36 17 15 17 33 13 5 17 35 13 36 17 33 13 5 17 35 13 36 17 11 13 12 13 21 2 22 13 19 2 20 13 21 2 22 13 19 2 20 13 37 2 16 13 21 2 22 13 19 2 20 18 38 13 39 2 16 13 21 2 22 13 19 2 20 13 21 2 22 13 19 2 20 13 19 2 20 13 21 2 22 16 19 18 19 13 23 2 16 16 40 18 1 13 28 2 9 16 29 18 29 13 28 2 30 16 36 18 31 13 41 18 23 13 24 2 30 16 36 18 31 13 41 18 33 13 5 18 1 17 40 13 28 2 9 18 29 17 29 13 28 2 30 18 31 17 36 13 41 18 6 13 34 18 31 17 36 13 41 18 33 13 5 18 33 13 5 18 35 13 36 18 33 13 5 18 35 13 36 18 33 13 5 18 35 13 36 18 15 18 35 13 36 18 11 13 12 1 5 3 5 2 6 1 0 3 0 2 1 1 2 3 7 2 8 1 2 3 3 2 4 3 9 2 10 3 11 2 12 3 13 2 14 3 11 2 12 3 15 3 9 2 10 3 15 3 15 3 11 2 12 3 15 3 15 3 15 3 15 3 15 3 15 3 15 3 15 3 15 3 15 3 15 3 11 2 12 3 11 2 12 3 11 2 12 3 13 2 14 9 2 3 7 2 8 9 2 3 3 2 4 9 5 3 5 2 6 9 0 3 0 2 1 9 5 3 5 2 6 9 0 3 0 2 1 9 7 3 2 2 8 9 3 3 2 2 4 9 9 2 10 9 11 2 12 9 13 2 14 9 11 2 12 9 15 9 13 2 14 9 9 2 10 9 11 2 12 9 15 9 15 9 15 9 15 9 15 9 15 9 15 9 11 2 12 9 15 9 15 9 15 9 15 9 15 9 15 9 11 2 12 9 11 2 12 8 2 9 7 2 8 8 2 9 3 2 4 8 5 9 5 2 6 8 0 9 0 2 1 13 19 2 20 13 19 2 20 13 21 2 22 13 21 2 22 13 19 2 20 16 19 18 19 13 23 2 16 13 21 2 22 16 38 13 39 2 16 13 21 2 22 13 19 2 20 13 19 2 20 13 21 2 22 16 19 15 19 13 23 2 16 16 39 15 28 13 42 2 9 16 29 15 29 13 28 2 30 16 43 15 2 13 41 16 39 18 28 13 42 2 9 16 29 18 29 13 28 2 30 16 43 18 2 13 41 16 23 13 24 2 30 16 43 15 2 13 41 16 33 13 5 16 43 18 2 13 41 16 33 13 5 16 6 13 34 16 33 13 5 16 35 13 36 16 33 13 5 16 35 13 36 16 33 13 5 16 35 13 36 16 15 16 35 13 36 16 11 13 12 13 19 2 20 13 21 2 22 13 19 2 20 13 21 2 22 13 19 2 20 14 19 17 19 13 23 2 16 13 21 2 22 14 38 13 39 2 16 13 21 2 22 13 19 2 20 13 19 2 20 13 21 2 22 14 19 15 19 13 23 2 16 14 39 15 28 13 42 2 9 14 29 15 29 13 28 2 30 14 43 15 2 13 41 14 39 17 28 13 42 2 9 14 29 17 29 13 28 2 30 14 43 17 2 13 41 14 23 13 24 2 30 14 43 15 2 13 41 14 33 13 5 14 43 17 2 13 41 14 33 13 5 14 6 13 34 14 33 13 5 14 35 13 36 14 33 13 5 14 35 13 36 14 33 13 5 14 35 13 36 14 15 14 35 13 36 14 11 13 12 2 15 3 9 2 10 9 5 3 5 2 6 9 9 2 10 2 15 3 9 2 10 2 15 9 9 2 10 2 15 2 15 1 5 3 5 2 6 2 15 2 15 1 9 2 10 2 15 2 15 1 9 2 10 2 15 2 15 2 15 0 5 1 5 2 6 2 15 2 15 2 15 2 15 2 15 2 15 2 15 2 15 0 9 2 10 2 15 2 15 2 15 2 15 0 9 2 10 2 15 2 15 4 5 0 5 2 6 4 9 2 10 2 15 2 15 4 9 2 10 2 15 2 15 2 15 2 15 7 5 4 5 2 6 2 15 2 15 2 15 7 9 2 10 2 15 2 15 2 15 7 9 2 10 2 15 2 15 2 15 6 5 7 5 2 6 2 15 2 15 6 9 2 10 2 15 2 15 2 15 2 15 2 15 2 15 2 15 2 15 2 15 2 15 2 15 2 15 2 15 2 15 2 15 2 15 2 15 2 15 2 15 2 15 2 15 2 15 2 15 2 15 2 15 2 15 8 5 9 5 2 6 2 15 2 15 8 9 2 10 2 15 2 15 8 9 2 10 2 15 2 15 10 5 8 5 2 6 2 15 2 15 10 9 2 10 2 15 2 15 2 15 2 15 2 15 2 15 2 15 2 15 2 15 2 15 2 15 2 15 2 15 2 15 2 15 2 15 2 15 2 15 10 9 2 10 2 15 2 15 2 15 11 5 10 5 2 6 11 9 2 10 2 15 11 9 2 10 2 15 2 15 2 15 12 5 11 5 2 6 2 15 2 15 2 15 12 9 2 10 2 15 2 15 2 15 2 15 2 15 2 15 2 15 2 15 2 15 2 15 2 15 2 15 2 15 2 15 2 15 2 15 2 15 6 9 2 10 2 15 2 15 5 5 6 5 2 6 5 9 2 10 2 15 5 9 2 10 2 15 2 15 5 5 12 5 2 6 2 15 2 15 12 9 2 10 2 15 2 15 2 15 2 15 2 15 2 15</v>
                </vertex_weights>
            </skin>
        </controller>
        <controller id="pm0285_00_00_eye_mesh_shape_l_eye-controller" name="pm0285_00_00_eye_mesh_shape_l_eye">
            <skin source="#pm0285_00_00_eye_mesh_shape_l_eye-geometry">
                <bind_shape_matrix>1 0 0 0 0 1 0 0 0 0 1 0 0 0 0 1</bind_shape_matrix>
                <source id="pm0285_00_00_eye_mesh_shape_l_eye-joints">
                    <Name_array id="pm0285_00_00_eye_mesh_shape_l_eye-joints-array" count="1">waist</Name_array>
                    <technique_common>
                        <accessor count="1" offset="0" source="#pm0285_00_00_eye_mesh_shape_l_eye-joints-array" stride="1">
                            <param name="JOINT" type="Name" />
                        </accessor>
                    </technique_common>
                </source>
                <source id="pm0285_00_00_eye_mesh_shape_l_eye-matrices">
                    <float_array id="pm0285_00_00_eye_mesh_shape_l_eye-matrices-array" count="16">1.059605E-06 1.000001 1E-06 -0.1534872 -0.999999 1.059605E-06 1E-06 9.908514E-07 1E-06 1E-06 1.000001 1E-06 1E-06 1E-06 1E-06 1.000001</float_array>
                    <technique_common>
                        <accessor count="1" offset="0" source="#pm0285_00_00_eye_mesh_shape_l_eye-matrices-array" stride="16">
                            <param name="TRANSFORM" type="float4x4" />
                        </accessor>
                    </technique_common>
                </source>
                <source id="pm0285_00_00_eye_mesh_shape_l_eye-weights">
                    <float_array id="pm0285_00_00_eye_mesh_shape_l_eye-weights-array" count="1">1</float_array>
                    <technique_common>
                        <accessor count="1" offset="0" source="#pm0285_00_00_eye_mesh_shape_l_eye-weights-array" stride="1">
                            <param name="WEIGHT" type="float" />
                        </accessor>
                    </technique_common>
                </source>
                <joints>
                    <input semantic="JOINT" source="#pm0285_00_00_eye_mesh_shape_l_eye-joints" />
                    <input semantic="INV_BIND_MATRIX" source="#pm0285_00_00_eye_mesh_shape_l_eye-matrices" />
                </joints>
                <vertex_weights count="37">
                    <input semantic="JOINT" source="#pm0285_00_00_eye_mesh_shape_l_eye-joints" offset="0" set="0" />
                    <input semantic="WEIGHT" source="#pm0285_00_00_eye_mesh_shape_l_eye-weights" offset="1" set="0" />
                    <vcount>1 1 1 1 1 1 1 1 1 1 1 1 1 1 1 1 1 1 1 1 1 1 1 1 1 1 1 1 1 1 1 1 1 1 1 1 1</vcount>
                    <v>0 0 0 0 0 0 0 0 0 0 0 0 0 0 0 0 0 0 0 0 0 0 0 0 0 0 0 0 0 0 0 0 0 0 0 0 0 0 0 0 0 0 0 0 0 0 0 0 0 0 0 0 0 0 0 0 0 0 0 0 0 0 0 0 0 0 0 0 0 0 0 0 0 0</v>
                </vertex_weights>
            </skin>
        </controller>
        <controller id="pm0285_00_00_eye_mesh_shape_r_eye-controller" name="pm0285_00_00_eye_mesh_shape_r_eye">
            <skin source="#pm0285_00_00_eye_mesh_shape_r_eye-geometry">
                <bind_shape_matrix>1 0 0 0 0 1 0 0 0 0 1 0 0 0 0 1</bind_shape_matrix>
                <source id="pm0285_00_00_eye_mesh_shape_r_eye-joints">
                    <Name_array id="pm0285_00_00_eye_mesh_shape_r_eye-joints-array" count="1">waist</Name_array>
                    <technique_common>
                        <accessor count="1" offset="0" source="#pm0285_00_00_eye_mesh_shape_r_eye-joints-array" stride="1">
                            <param name="JOINT" type="Name" />
                        </accessor>
                    </technique_common>
                </source>
                <source id="pm0285_00_00_eye_mesh_shape_r_eye-matrices">
                    <float_array id="pm0285_00_00_eye_mesh_shape_r_eye-matrices-array" count="16">1.059605E-06 1.000001 1E-06 -0.1534872 -0.999999 1.059605E-06 1E-06 9.908514E-07 1E-06 1E-06 1.000001 1E-06 1E-06 1E-06 1E-06 1.000001</float_array>
                    <technique_common>
                        <accessor count="1" offset="0" source="#pm0285_00_00_eye_mesh_shape_r_eye-matrices-array" stride="16">
                            <param name="TRANSFORM" type="float4x4" />
                        </accessor>
                    </technique_common>
                </source>
                <source id="pm0285_00_00_eye_mesh_shape_r_eye-weights">
                    <float_array id="pm0285_00_00_eye_mesh_shape_r_eye-weights-array" count="1">1</float_array>
                    <technique_common>
                        <accessor count="1" offset="0" source="#pm0285_00_00_eye_mesh_shape_r_eye-weights-array" stride="1">
                            <param name="WEIGHT" type="float" />
                        </accessor>
                    </technique_common>
                </source>
                <joints>
                    <input semantic="JOINT" source="#pm0285_00_00_eye_mesh_shape_r_eye-joints" />
                    <input semantic="INV_BIND_MATRIX" source="#pm0285_00_00_eye_mesh_shape_r_eye-matrices" />
                </joints>
                <vertex_weights count="37">
                    <input semantic="JOINT" source="#pm0285_00_00_eye_mesh_shape_r_eye-joints" offset="0" set="0" />
                    <input semantic="WEIGHT" source="#pm0285_00_00_eye_mesh_shape_r_eye-weights" offset="1" set="0" />
                    <vcount>1 1 1 1 1 1 1 1 1 1 1 1 1 1 1 1 1 1 1 1 1 1 1 1 1 1 1 1 1 1 1 1 1 1 1 1 1</vcount>
                    <v>0 0 0 0 0 0 0 0 0 0 0 0 0 0 0 0 0 0 0 0 0 0 0 0 0 0 0 0 0 0 0 0 0 0 0 0 0 0 0 0 0 0 0 0 0 0 0 0 0 0 0 0 0 0 0 0 0 0 0 0 0 0 0 0 0 0 0 0 0 0 0 0 0 0</v>
                </vertex_weights>
            </skin>
        </controller>
    </library_controllers>
    <library_visual_scenes>
        <visual_scene id="Scene" name="Scene">
            <node id="pm0285_00_00" sid="pm0285_00_00" name="pm0285_00_00" type="JOINT">
                <matrix sid="transform">1 0 0 0 0 1 0 0 0 0 1 0 0 0 0 1</matrix>
                <node id="origin" sid="origin" name="origin" type="JOINT">
                    <matrix sid="transform">1 0 0 0 0 1 0 0 0 0 1 0 0 0 0 1</matrix>
                    <node id="waist" sid="waist" name="waist" type="JOINT">
                        <matrix sid="transform">5.960464E-08 -0.9999999 0 0 0.9999999 5.960464E-08 0 0.1534882 0 0 1 0 0 0 0 1</matrix>
                        <node id="left_root_eyelid" sid="left_root_eyelid" name="left_root_eyelid" type="JOINT">
                            <matrix sid="transform">5.960464E-08 8.742278E-08 0.9999999 0.08404749 0 -0.9999999 8.742278E-08 -0.0339736 0.9999999 0 5.960464E-08 0 0 0 0 1</matrix>
                            <node id="left_upper_eyelid" sid="left_upper_eyelid" name="left_upper_eyelid" type="JOINT">
                                <matrix sid="transform">0.8783671 0.1690224 0.4471048 0.03486589 0.1476584 -0.9855908 0.08250571 -0.0233736 0.4546078 -0.006451502 -0.8906682 -0.05895005 0 0 0 1</matrix>
                                <node id="left_upper_eyelid_sub" sid="left_upper_eyelid_sub" name="left_upper_eyelid_sub" type="JOINT">
                                    <matrix sid="transform">-0.01138973 0.001398097 0.9999342 0.173272 0.001943704 0.9999971 -0.001376046 -1.790707E-09 -0.9999332 0.001927903 -0.01139235 6.318169E-10 0 0 0 1</matrix>
                                </node>
                            </node>
                            <node id="left_lower_eyelid" sid="left_lower_eyelid" name="left_lower_eyelid" type="JOINT">
                                <matrix sid="transform">0.9424755 -0.1868065 -0.2772062 0.014 0.1944259 0.9809172 -1.862645E-09 -0.0329736 0.2719164 -0.05389608 0.9608104 -0.05704749 0 0 0 1</matrix>
                            </node>
                            <node id="left_eyelid_a" sid="left_eyelid_a" name="left_eyelid_a" type="JOINT">
                                <matrix sid="transform">0.9858242 0.08392587 -0.1452831 0.01199567 0.14964 -0.0481602 0.987567 -0.0279048 0.07588556 -0.9953076 -0.06003618 -0.01231742 0 0 0 1</matrix>
                            </node>
                            <node id="left_eyelid_b" sid="left_eyelid_b" name="left_eyelid_b" type="JOINT">
                                <matrix sid="transform">0.9570081 -0.02443504 0.2890303 0.01651997 0.2796462 -0.1868955 -0.9417366 -0.04249968 0.07702986 0.9820758 -0.1720273 -0.01230651 0 0 0 1</matrix>
                            </node>
                        </node>
                        <node id="right_root_eyelid" sid="right_root_eyelid" name="right_root_eyelid" type="JOINT">
                            <matrix sid="transform">5.960464E-08 -8.742278E-08 0.9999999 0.08404779 0 -0.9999999 -8.742278E-08 0.0339736 0.9999999 0 5.960464E-08 0 0 0 0 1</matrix>
                            <node id="right_upper_eyelid" sid="right_upper_eyelid" name="right_upper_eyelid" type="JOINT">
                                <matrix sid="transform">0.8783671 -0.1690224 0.4471048 0.0348659 -0.1476584 -0.9855908 -0.08250571 0.0233736 0.4546078 0.006451502 -0.8906682 -0.05895 0 0 0 1</matrix>
                                <node id="right_upper_eyelid_sub" sid="right_upper_eyelid_sub" name="right_upper_eyelid_sub" type="JOINT">
                                    <matrix sid="transform">-0.01138973 -0.001397923 0.9999342 0.1732713 -0.001943698 0.9999971 0.001375872 7.499796E-08 -0.9999332 -0.001927899 -0.01139235 5.845123E-07 0 0 0 1</matrix>
                                </node>
                            </node>
                            <node id="right_lower_eyelid" sid="right_lower_eyelid" name="right_lower_eyelid" type="JOINT">
                                <matrix sid="transform">0.9424757 0.1868062 -0.2772059 0.014 -0.1944257 0.9809173 0 0.0329736 0.271916 0.05389594 0.9608105 -0.057048 0 0 0 1</matrix>
                            </node>
                            <node id="right_eyelid_a" sid="right_eyelid_a" name="right_eyelid_a" type="JOINT">
                                <matrix sid="transform">0.9858242 -0.08392587 -0.1452831 0.0119957 -0.14964 -0.0481602 -0.987567 0.0279048 0.07588556 0.9953076 -0.06003618 -0.012318 0 0 0 1</matrix>
                            </node>
                            <node id="right_eyelid_b" sid="right_eyelid_b" name="right_eyelid_b" type="JOINT">
                                <matrix sid="transform">0.9570081 0.02443504 0.2890303 0.01652 -0.2796462 -0.1868955 0.9417366 0.04249967 0.07702986 -0.9820758 -0.1720273 -0.012307 0 0 0 1</matrix>
                            </node>
                        </node>
                        <node id="root_jaw" sid="root_jaw" name="root_jaw" type="JOINT">
                            <matrix sid="transform">5.960464E-08 8.742278E-08 0.9999999 0.04686004 0 -0.9999999 8.742278E-08 1.06744E-17 0.9999999 0 5.960464E-08 0 0 0 0 1</matrix>
                            <node id="jaw_01" sid="jaw_01" name="jaw_01" type="JOINT">
                                <matrix sid="transform">0.8448697 -5.016524E-05 0.534972 0.03673475 -4.945579E-05 -1 -1.566723E-05 -2.059762E-06 0.534972 -1.322069E-05 -0.8448697 -0.07367335 0 0 0 1</matrix>
                                <node id="jaw_02" sid="jaw_02" name="jaw_02" type="JOINT">
                                    <matrix sid="transform">0.9947988 0 -0.1018599 -5.32907E-17 0 1 0 -2.490412E-18 0.1018599 0 0.9947988 -0.01855041 0 0 0 1</matrix>
                                </node>
                                <node id="jaw_01_sub" sid="jaw_01_sub" name="jaw_01_sub" type="JOINT">
                                    <matrix sid="transform">5.960464E-08 0 0.9999999 0.2 0 1 0 4.882433E-18 -0.9999999 0 5.960464E-08 -2.309264E-16 0 0 0 1</matrix>
                                </node>
                            </node>
                        </node>
                        <node id="hair" sid="hair" name="hair" type="JOINT">
                            <matrix sid="transform">1 0 0 0.1729299 0 1 0 1.106532E-15 0 0 1 -1.303566E-11 0 0 0 1</matrix>
                            <node id="back_hair_a" sid="back_hair_a" name="back_hair_a" type="JOINT">
                                <matrix sid="transform">0.7557168 0 0.6548986 0.02185657 0 1 0 -3.339558E-16 -0.6548986 0 0.7557168 -0.01940465 0 0 0 1</matrix>
                            </node>
                            <node id="left_hair_a" sid="left_hair_a" name="left_hair_a" type="JOINT">
                                <matrix sid="transform">0.8262061 -0.00181891 0.563365 0.02205478 -0.3300518 -0.8119745 0.4814177 -0.01752229 0.4565624 -0.5836899 -0.6714586 0.02509895 0 0 0 1</matrix>
                            </node>
                            <node id="right_hair_a" sid="right_hair_a" name="right_hair_a" type="JOINT">
                                <matrix sid="transform">0.8262061 0.00181891 0.563365 0.02205476 0.3300518 -0.8119745 -0.4814177 0.01752224 0.4565624 0.5836899 -0.6714586 0.02509892 0 0 0 1</matrix>
                            </node>
                            <node id="left_hair_b" sid="left_hair_b" name="left_hair_b" type="JOINT">
                                <matrix sid="transform">0.7795584 0.01344562 0.6261852 0.02159762 -0.6050885 0.2743267 0.7474042 -0.02156119 -0.1617301 -0.9615427 0.2219895 -0.007918704 0 0 0 1</matrix>
                            </node>
                            <node id="right_hair_b" sid="right_hair_b" name="right_hair_b" type="JOINT">
                                <matrix sid="transform">0.7795584 -0.01344562 0.6261852 0.02159737 0.6050885 0.2743267 -0.7474042 0.02156122 -0.1617301 0.9615427 0.2219895 -0.007918703 0 0 0 1</matrix>
                            </node>
                        </node>
                        <node id="left_leg_01" sid="left_leg_01" name="left_leg_01" type="JOINT">
                            <matrix sid="transform">-1 -8.742278E-08 0 0.1511772 8.742278E-08 -1 0 -0.006412435 0 0 1 0.00230723 0 0 0 1</matrix>
                            <node id="left_foot" sid="left_foot" name="left_foot" type="JOINT">
                                <matrix sid="transform">5.960464E-08 0 -0.9999999 0.240106 0 1 0 0.05931814 0.9999999 0 5.960464E-08 -0.0133429 0 0 0 1</matrix>
                            </node>
                        </node>
                        <node id="right_leg_01" sid="right_leg_01" name="right_leg_01" type="JOINT">
                            <matrix sid="transform">-1 8.742278E-08 0 0.1511768 -8.742278E-08 -1 0 0.00641244 0 0 1 0.00230723 0 0 0 1</matrix>
                            <node id="right_foot" sid="right_foot" name="right_foot" type="JOINT">
                                <matrix sid="transform">5.960464E-08 0 -0.9999999 0.2401056 0 1 0 -0.05931816 0.9999999 0 5.960464E-08 -0.01334293 0 0 0 1</matrix>
                            </node>
                        </node>
                        <node id="left_feeler_a" sid="left_feeler_a" name="left_feeler_a" type="JOINT">
                            <matrix sid="transform">-0.6906534 -8.195639E-08 0.7231858 0.006403494 -0.213717 -0.955336 -0.2041031 -0.0441556 0.6908855 -0.2955216 0.6598062 0.1638197 0 0 0 1</matrix>
                        </node>
                        <node id="right_feeler_a" sid="right_feeler_a" name="right_feeler_a" type="JOINT">
                            <matrix sid="transform">-0.6906534 8.195639E-08 0.7231858 0.006403795 0.213717 -0.955336 0.2041031 0.0441556 0.6908855 0.2955216 0.6598062 0.16382 0 0 0 1</matrix>
                        </node>
                        <node id="left_feeler_b" sid="left_feeler_b" name="left_feeler_b" type="JOINT">
                            <matrix sid="transform">-0.6905899 -2.980232E-08 0.7232465 0.008774206 -0.511466 -0.7070327 -0.488372 -0.1192753 0.5113589 -0.7071809 0.4882696 0.1159045 0 0 0 1</matrix>
                        </node>
                        <node id="right_feeler_b" sid="right_feeler_b" name="right_feeler_b" type="JOINT">
                            <matrix sid="transform">-0.6905899 2.980232E-08 0.7232465 0.008773795 0.511466 -0.7070327 0.488372 0.119275 0.5113589 0.7071809 0.4882696 0.115904 0 0 0 1</matrix>
                        </node>
                        <node id="left_feeler_c" sid="left_feeler_c" name="left_feeler_c" type="JOINT">
                            <matrix sid="transform">-0.6742263 -8.940697E-08 0.738525 0.008559026 -0.7150811 -0.2499617 -0.6528234 -0.1574721 0.184603 -0.9682558 0.1685306 0.04107808 0 0 0 1</matrix>
                        </node>
                        <node id="right_feeler_c" sid="right_feeler_c" name="right_feeler_c" type="JOINT">
                            <matrix sid="transform">-0.6742263 8.940697E-08 0.738525 0.008558795 0.7150811 -0.2499617 0.6528234 0.157472 0.184603 0.9682558 0.1685306 0.0410781 0 0 0 1</matrix>
                        </node>
                        <node id="left_feeler_d" sid="left_feeler_d" name="left_feeler_d" type="JOINT">
                            <matrix sid="transform">-0.6793456 -5.960464E-08 0.7338185 0.009616107 -0.7031016 0.2862966 -0.6509088 -0.1576279 -0.2100897 -0.9581411 -0.1944944 -0.04065841 0 0 0 1</matrix>
                        </node>
                        <node id="right_feeler_d" sid="right_feeler_d" name="right_feeler_d" type="JOINT">
                            <matrix sid="transform">-0.6793456 5.960464E-08 0.7338185 0.009615796 0.7031016 0.2862966 0.6509088 0.157628 -0.2100897 0.9581411 -0.1944944 -0.0406584 0 0 0 1</matrix>
                        </node>
                        <node id="left_feeler_e" sid="left_feeler_e" name="left_feeler_e" type="JOINT">
                            <matrix sid="transform">-0.6973068 -5.960464E-08 0.7167727 0.00946943 -0.5011581 0.7149391 -0.4875477 -0.1183712 -0.5124488 -0.6991867 -0.4985318 -0.1211995 0 0 0 1</matrix>
                        </node>
                        <node id="right_feeler_e" sid="right_feeler_e" name="right_feeler_e" type="JOINT">
                            <matrix sid="transform">-0.6973066 8.940697E-08 0.7167727 0.009469795 0.501158 0.7149391 0.4875475 0.118371 -0.5124488 0.6991866 -0.4985318 -0.121199 0 0 0 1</matrix>
                        </node>
                        <node id="left_feeler_f" sid="left_feeler_f" name="left_feeler_f" type="JOINT">
                            <matrix sid="transform">-0.6964921 -2.980232E-08 0.7175648 0.009781125 -0.1874556 0.9652743 -0.1819506 -0.04358606 -0.6926468 -0.2612386 -0.6723058 -0.1628059 0 0 0 1</matrix>
                        </node>
                        <node id="right_feeler_f" sid="right_feeler_f" name="right_feeler_f" type="JOINT">
                            <matrix sid="transform">-0.6964918 -1.266599E-07 0.7175647 0.009780795 0.1874556 0.9652742 0.1819507 0.0435861 -0.6926467 0.2612387 -0.6723056 -0.162806 0 0 0 1</matrix>
                        </node>
                    </node>
                </node>
                <node id="lod_group" sid="lod_group" name="lod_group" type="JOINT">
                    <matrix sid="transform">1 0 0 0 0 1 0 0 0 0 1 0 0 0 0 1</matrix>
                    <node id="lod0" sid="lod0" name="lod0" type="JOINT">
                        <matrix sid="transform">1 0 0 0 0 1 0 0 0 0 1 0 0 0 0 1</matrix>
                        <node id="pm0285_00_00_body_mesh" sid="pm0285_00_00_body_mesh" name="pm0285_00_00_body_mesh" type="JOINT">
                            <matrix sid="transform">1 0 0 0 0 1 0 0 0 0 1 0 0 0 0 1</matrix>
                        </node>
                        <node id="pm0285_00_00_eye_mesh" sid="pm0285_00_00_eye_mesh" name="pm0285_00_00_eye_mesh" type="JOINT">
                            <matrix sid="transform">1 0 0 0 0 1 0 0 0 0 1 0 0 0 0 1</matrix>
                        </node>
                    </node>
                    <node id="lod1" sid="lod1" name="lod1" type="JOINT">
                        <matrix sid="transform">1 0 0 0 0 1 0 0 0 0 1 0 0 0 0 1</matrix>
                        <node id="pm0285_00_00_body_mesh_lod1" sid="pm0285_00_00_body_mesh_lod1" name="pm0285_00_00_body_mesh_lod1" type="JOINT">
                            <matrix sid="transform">1 0 0 0 0 1 0 0 0 0 1 0 0 0 0 1</matrix>
                        </node>
                        <node id="pm0285_00_00_eye_mesh_lod1" sid="pm0285_00_00_eye_mesh_lod1" name="pm0285_00_00_eye_mesh_lod1" type="JOINT">
                            <matrix sid="transform">1 0 0 0 0 1 0 0 0 0 1 0 0 0 0 1</matrix>
                        </node>
                    </node>
                    <node id="lod2" sid="lod2" name="lod2" type="JOINT">
                        <matrix sid="transform">1 0 0 0 0 1 0 0 0 0 1 0 0 0 0 1</matrix>
                        <node id="pm0285_00_00_body_mesh_lod2" sid="pm0285_00_00_body_mesh_lod2" name="pm0285_00_00_body_mesh_lod2" type="JOINT">
                            <matrix sid="transform">1 0 0 0 0 1 0 0 0 0 1 0 0 0 0 1</matrix>
                        </node>
                        <node id="pm0285_00_00_eye_mesh_lod2" sid="pm0285_00_00_eye_mesh_lod2" name="pm0285_00_00_eye_mesh_lod2" type="JOINT">
                            <matrix sid="transform">1 0 0 0 0 1 0 0 0 0 1 0 0 0 0 1</matrix>
                        </node>
                    </node>
                </node>
            </node>
            <node id="pm0285_00_00_body_mesh_shape_body_b" sid="pm0285_00_00_body_mesh_shape_body_b" name="pm0285_00_00_body_mesh_shape_body_b">
                <instance_controller url="#pm0285_00_00_body_mesh_shape_body_b-controller">
                    <skeleton>#pm0285_00_00</skeleton>
                    <bind_material>
                        <technique_common>
                            <instance_material target="#body_b" symbol="body_b" />
                        </technique_common>
                    </bind_material>
                </instance_controller>
            </node>
            <node id="pm0285_00_00_body_mesh_shape_body_a" sid="pm0285_00_00_body_mesh_shape_body_a" name="pm0285_00_00_body_mesh_shape_body_a">
                <instance_controller url="#pm0285_00_00_body_mesh_shape_body_a-controller">
                    <skeleton>#pm0285_00_00</skeleton>
                    <bind_material>
                        <technique_common>
                            <instance_material target="#body_a" symbol="body_a" />
                        </technique_common>
                    </bind_material>
                </instance_controller>
            </node>
            <node id="pm0285_00_00_eye_mesh_shape_l_eye" sid="pm0285_00_00_eye_mesh_shape_l_eye" name="pm0285_00_00_eye_mesh_shape_l_eye">
                <instance_controller url="#pm0285_00_00_eye_mesh_shape_l_eye-controller">
                    <skeleton>#pm0285_00_00</skeleton>
                    <bind_material>
                        <technique_common>
                            <instance_material target="#l_eye" symbol="l_eye" />
                        </technique_common>
                    </bind_material>
                </instance_controller>
            </node>
            <node id="pm0285_00_00_eye_mesh_shape_r_eye" sid="pm0285_00_00_eye_mesh_shape_r_eye" name="pm0285_00_00_eye_mesh_shape_r_eye">
                <instance_controller url="#pm0285_00_00_eye_mesh_shape_r_eye-controller">
                    <skeleton>#pm0285_00_00</skeleton>
                    <bind_material>
                        <technique_common>
                            <instance_material target="#r_eye" symbol="r_eye" />
                        </technique_common>
                    </bind_material>
                </instance_controller>
            </node>
        </visual_scene>
    </library_visual_scenes>
    <scene>
        <instance_visual_scene url="#Scene" />
    </scene>
</COLLADA>