<?xml version="1.0" encoding="utf-8"?>
<COLLADA xmlns:xsd="http://www.w3.org/2001/XMLSchema" xmlns:xsi="http://www.w3.org/2001/XMLSchema-instance" version="1.4.1" xmlns="http://www.collada.org/2005/11/COLLADASchema">
    <asset>
        <created>0001-01-01T00:00:00</created>
        <modified>0001-01-01T00:00:00</modified>
        <unit name="Meter" />
        <contributor>
            <authoring_tool>IONET Exporter</authoring_tool>
        </contributor>
    </asset>
    <library_images>
        <image id="pm0339_00_00_body_b_alb-image" name="pm0339_00_00_body_b_alb">
            <init_from>pm0339_00_00_body_b_alb.png</init_from>
        </image>
        <image id="pm0339_00_00_body_b_alb-image_0" name="pm0339_00_00_body_b_alb">
            <init_from>pm0339_00_00_body_b_alb.png</init_from>
        </image>
        <image id="pm0339_00_00_body_b_alb-image_1" name="pm0339_00_00_body_b_alb">
            <init_from>pm0339_00_00_body_b_alb.png</init_from>
        </image>
        <image id="pm0339_00_00_body_a_alb-image" name="pm0339_00_00_body_a_alb">
            <init_from>pm0339_00_00_body_a_alb.png</init_from>
        </image>
    </library_images>
    <library_materials>
        <material id="l_eye" name="l_eye">
            <instance_effect url="#l_eye-effect" />
        </material>
        <material id="r_eye" name="r_eye">
            <instance_effect url="#r_eye-effect" />
        </material>
        <material id="body_b" name="body_b">
            <instance_effect url="#body_b-effect" />
        </material>
        <material id="body_a" name="body_a">
            <instance_effect url="#body_a-effect" />
        </material>
    </library_materials>
    <library_effects>
        <effect id="l_eye-effect" name="l_eye">
            <profile_COMMON>
                <newparam sid="pm0339_00_00_body_b_alb-image_surface">
                    <surface type="2D">
                        <init_from>pm0339_00_00_body_b_alb-image</init_from>
                    </surface>
                </newparam>
                <newparam sid="pm0339_00_00_body_b_alb-image_sampler">
                    <sampler2D>
                        <source>pm0339_00_00_body_b_alb-image_surface</source>
                    </sampler2D>
                </newparam>
                <technique sid="standard">
                    <phong>
                        <emission>
                            <color sid="emission">0 0 0 1</color>
                        </emission>
                        <ambient>
                            <color sid="ambient">0 0 0 1</color>
                        </ambient>
                        <diffuse>
                            <texture texture="pm0339_00_00_body_b_alb-image_sampler" texcoord="CHANNEL0" />
                        </diffuse>
                        <specular>
                            <color sid="specular">0 0 0 1</color>
                        </specular>
                        <reflective>
                            <color sid="reflective">1 1 1 1</color>
                        </reflective>
                        <shininess>
                            <float sid="shininess">50</float>
                        </shininess>
                        <reflectivity>
                            <float sid="reflectivity">1</float>
                        </reflectivity>
                        <transparency>
                            <float sid="transparency">1</float>
                        </transparency>
                    </phong>
                </technique>
            </profile_COMMON>
        </effect>
        <effect id="r_eye-effect" name="r_eye">
            <profile_COMMON>
                <newparam sid="pm0339_00_00_body_b_alb-image_0_surface">
                    <surface type="2D">
                        <init_from>pm0339_00_00_body_b_alb-image_0</init_from>
                    </surface>
                </newparam>
                <newparam sid="pm0339_00_00_body_b_alb-image_0_sampler">
                    <sampler2D>
                        <source>pm0339_00_00_body_b_alb-image_0_surface</source>
                    </sampler2D>
                </newparam>
                <technique sid="standard">
                    <phong>
                        <emission>
                            <color sid="emission">0 0 0 1</color>
                        </emission>
                        <ambient>
                            <color sid="ambient">0 0 0 1</color>
                        </ambient>
                        <diffuse>
                            <texture texture="pm0339_00_00_body_b_alb-image_0_sampler" texcoord="CHANNEL0" />
                        </diffuse>
                        <specular>
                            <color sid="specular">0 0 0 1</color>
                        </specular>
                        <reflective>
                            <color sid="reflective">1 1 1 1</color>
                        </reflective>
                        <shininess>
                            <float sid="shininess">50</float>
                        </shininess>
                        <reflectivity>
                            <float sid="reflectivity">1</float>
                        </reflectivity>
                        <transparency>
                            <float sid="transparency">1</float>
                        </transparency>
                    </phong>
                </technique>
            </profile_COMMON>
        </effect>
        <effect id="body_b-effect" name="body_b">
            <profile_COMMON>
                <newparam sid="pm0339_00_00_body_b_alb-image_1_surface">
                    <surface type="2D">
                        <init_from>pm0339_00_00_body_b_alb-image_1</init_from>
                    </surface>
                </newparam>
                <newparam sid="pm0339_00_00_body_b_alb-image_1_sampler">
                    <sampler2D>
                        <source>pm0339_00_00_body_b_alb-image_1_surface</source>
                    </sampler2D>
                </newparam>
                <technique sid="standard">
                    <phong>
                        <emission>
                            <color sid="emission">0 0 0 1</color>
                        </emission>
                        <ambient>
                            <color sid="ambient">0 0 0 1</color>
                        </ambient>
                        <diffuse>
                            <texture texture="pm0339_00_00_body_b_alb-image_1_sampler" texcoord="CHANNEL0" />
                        </diffuse>
                        <specular>
                            <color sid="specular">0 0 0 1</color>
                        </specular>
                        <reflective>
                            <color sid="reflective">1 1 1 1</color>
                        </reflective>
                        <shininess>
                            <float sid="shininess">50</float>
                        </shininess>
                        <reflectivity>
                            <float sid="reflectivity">1</float>
                        </reflectivity>
                        <transparency>
                            <float sid="transparency">1</float>
                        </transparency>
                    </phong>
                </technique>
            </profile_COMMON>
        </effect>
        <effect id="body_a-effect" name="body_a">
            <profile_COMMON>
                <newparam sid="pm0339_00_00_body_a_alb-image_surface">
                    <surface type="2D">
                        <init_from>pm0339_00_00_body_a_alb-image</init_from>
                    </surface>
                </newparam>
                <newparam sid="pm0339_00_00_body_a_alb-image_sampler">
                    <sampler2D>
                        <source>pm0339_00_00_body_a_alb-image_surface</source>
                    </sampler2D>
                </newparam>
                <technique sid="standard">
                    <phong>
                        <emission>
                            <color sid="emission">0 0 0 1</color>
                        </emission>
                        <ambient>
                            <color sid="ambient">0 0 0 1</color>
                        </ambient>
                        <diffuse>
                            <texture texture="pm0339_00_00_body_a_alb-image_sampler" texcoord="CHANNEL0" />
                        </diffuse>
                        <specular>
                            <color sid="specular">0 0 0 1</color>
                        </specular>
                        <reflective>
                            <color sid="reflective">1 1 1 1</color>
                        </reflective>
                        <shininess>
                            <float sid="shininess">50</float>
                        </shininess>
                        <reflectivity>
                            <float sid="reflectivity">1</float>
                        </reflectivity>
                        <transparency>
                            <float sid="transparency">1</float>
                        </transparency>
                    </phong>
                </technique>
            </profile_COMMON>
        </effect>
    </library_effects>
    <library_geometries>
        <geometry id="pm0339_00_00_eye_mesh_shape_lod2_l_eye-geometry" name="pm0339_00_00_eye_mesh_shape_lod2_l_eye">
            <mesh>
                <source id="pm0339_00_00_eye_mesh_shape_lod2_l_eye-geometry-POSITION">
                    <float_array id="pm0339_00_00_eye_mesh_shape_lod2_l_eye-geometry-POSITION-array" count="9">0.03014501 0.009071508 0.1627057 0.02737084 0.01202844 0.165875 0.02931632 0.001518649 0.1661769</float_array>
                    <technique_common>
                        <accessor count="3" offset="0" source="pm0339_00_00_eye_mesh_shape_lod2_l_eye-geometry-POSITION-array" stride="3">
                            <param name="X" type="float" />
                            <param name="Y" type="float" />
                            <param name="Z" type="float" />
                        </accessor>
                    </technique_common>
                </source>
                <source id="pm0339_00_00_eye_mesh_shape_lod2_l_eye-geometry-NORMAL">
                    <float_array id="pm0339_00_00_eye_mesh_shape_lod2_l_eye-geometry-NORMAL-array" count="3">0.8134766 0.1665039 0.5566406</float_array>
                    <technique_common>
                        <accessor count="1" offset="0" source="pm0339_00_00_eye_mesh_shape_lod2_l_eye-geometry-NORMAL-array" stride="3">
                            <param name="X" type="float" />
                            <param name="Y" type="float" />
                            <param name="Z" type="float" />
                        </accessor>
                    </technique_common>
                </source>
                <source id="pm0339_00_00_eye_mesh_shape_lod2_l_eye-geometry-TEXCOORD">
                    <float_array id="pm0339_00_00_eye_mesh_shape_lod2_l_eye-geometry-TEXCOORD-array" count="6">0.283355 0.6894578 0.5905972 0.9541665 0.5911955 0.05042112</float_array>
                    <technique_common>
                        <accessor count="3" offset="0" source="pm0339_00_00_eye_mesh_shape_lod2_l_eye-geometry-TEXCOORD-array" stride="2">
                            <param name="S" type="float" />
                            <param name="T" type="float" />
                        </accessor>
                    </technique_common>
                </source>
                <vertices id="pm0339_00_00_eye_mesh_shape_lod2_l_eye-vertices">
                    <input semantic="POSITION" source="#pm0339_00_00_eye_mesh_shape_lod2_l_eye-geometry-POSITION" />
                </vertices>
                <triangles count="1" material="l_eye">
                    <input semantic="VERTEX" source="#pm0339_00_00_eye_mesh_shape_lod2_l_eye-vertices" offset="0" set="0" />
                    <input semantic="NORMAL" source="#pm0339_00_00_eye_mesh_shape_lod2_l_eye-geometry-NORMAL" offset="1" set="0" />
                    <input semantic="TEXCOORD" source="#pm0339_00_00_eye_mesh_shape_lod2_l_eye-geometry-TEXCOORD" offset="2" set="0" />
                    <p>0 0 0 1 0 1 2 0 2</p>
                </triangles>
            </mesh>
        </geometry>
        <geometry id="pm0339_00_00_eye_mesh_shape_lod2_r_eye-geometry" name="pm0339_00_00_eye_mesh_shape_lod2_r_eye">
            <mesh>
                <source id="pm0339_00_00_eye_mesh_shape_lod2_r_eye-geometry-POSITION">
                    <float_array id="pm0339_00_00_eye_mesh_shape_lod2_r_eye-geometry-POSITION-array" count="9">-0.02737084 0.01202844 0.165875 -0.03014501 0.009071508 0.1627057 -0.02931632 0.001518649 0.1661769</float_array>
                    <technique_common>
                        <accessor count="3" offset="0" source="pm0339_00_00_eye_mesh_shape_lod2_r_eye-geometry-POSITION-array" stride="3">
                            <param name="X" type="float" />
                            <param name="Y" type="float" />
                            <param name="Z" type="float" />
                        </accessor>
                    </technique_common>
                </source>
                <source id="pm0339_00_00_eye_mesh_shape_lod2_r_eye-geometry-NORMAL">
                    <float_array id="pm0339_00_00_eye_mesh_shape_lod2_r_eye-geometry-NORMAL-array" count="3">-0.8134766 0.1665039 0.5566406</float_array>
                    <technique_common>
                        <accessor count="1" offset="0" source="pm0339_00_00_eye_mesh_shape_lod2_r_eye-geometry-NORMAL-array" stride="3">
                            <param name="X" type="float" />
                            <param name="Y" type="float" />
                            <param name="Z" type="float" />
                        </accessor>
                    </technique_common>
                </source>
                <source id="pm0339_00_00_eye_mesh_shape_lod2_r_eye-geometry-TEXCOORD">
                    <float_array id="pm0339_00_00_eye_mesh_shape_lod2_r_eye-geometry-TEXCOORD-array" count="6">0.5905972 0.9541665 0.2833549 0.6894578 0.5911955 0.05042112</float_array>
                    <technique_common>
                        <accessor count="3" offset="0" source="pm0339_00_00_eye_mesh_shape_lod2_r_eye-geometry-TEXCOORD-array" stride="2">
                            <param name="S" type="float" />
                            <param name="T" type="float" />
                        </accessor>
                    </technique_common>
                </source>
                <vertices id="pm0339_00_00_eye_mesh_shape_lod2_r_eye-vertices">
                    <input semantic="POSITION" source="#pm0339_00_00_eye_mesh_shape_lod2_r_eye-geometry-POSITION" />
                </vertices>
                <triangles count="1" material="r_eye">
                    <input semantic="VERTEX" source="#pm0339_00_00_eye_mesh_shape_lod2_r_eye-vertices" offset="0" set="0" />
                    <input semantic="NORMAL" source="#pm0339_00_00_eye_mesh_shape_lod2_r_eye-geometry-NORMAL" offset="1" set="0" />
                    <input semantic="TEXCOORD" source="#pm0339_00_00_eye_mesh_shape_lod2_r_eye-geometry-TEXCOORD" offset="2" set="0" />
                    <p>0 0 0 1 0 1 2 0 2</p>
                </triangles>
            </mesh>
        </geometry>
        <geometry id="pm0339_00_00_body_mesh_shape_lod2_body_b-geometry" name="pm0339_00_00_body_mesh_shape_lod2_body_b">
            <mesh>
                <source id="pm0339_00_00_body_mesh_shape_lod2_body_b-geometry-POSITION">
                    <float_array id="pm0339_00_00_body_mesh_shape_lod2_body_b-geometry-POSITION-array" count="885">0.0141202 -0.02863614 0.1746551 0.02867134 -0.03745358 0.1724462 0.02200112 -0.02065379 0.1760826 0.02893075 -0.05012465 0.1695073 0.02297262 -0.02170264 0.1718002 0.02867134 -0.03745358 0.1724462 0.0141202 -0.02863614 0.1746551 0.02297262 -0.02170264 0.1718002 0.02893075 -0.05012465 0.1695073 0.0141202 -0.02863614 0.1746551 0.02893075 -0.05012465 0.1695073 0.02867134 -0.03745358 0.1724462 0.02200112 -0.02065379 0.1760826 0.02867134 -0.03745358 0.1724462 0.04125292 -0.04031217 0.1698466 0.04125292 -0.04031217 0.1698466 0.02297262 -0.02170264 0.1718002 0.02200112 -0.02065379 0.1760826 0.02867134 -0.03745358 0.1724462 0.02297262 -0.02170264 0.1718002 0.04125292 -0.04031217 0.1698466 0.03768927 0.05562137 0.1807457 0.01675591 0.01384992 0.1821704 0.02648138 0.03523608 0.1869139 0.03224953 0.03271484 0.1845765 0.01675591 0.01384992 0.1821704 0.03768927 0.05562137 0.1807457 0.0173102 0.002127171 0.1878074 0.01675591 0.01384992 0.1821704 0.01364804 0.006723569 0.1826315 0.01829778 0.003673236 0.1818978 0.01364804 0.006723569 0.1826315 0.02177666 0.01166127 0.1817043 -0.02200112 -0.02065379 0.1760826 -0.02867134 -0.03745358 0.1724462 -0.0141202 -0.02863614 0.1746551 -0.02893075 -0.05012465 0.1695073 -0.02867134 -0.03745358 0.1724462 -0.02297262 -0.02170264 0.1718002 -0.02893075 -0.05012465 0.1695073 -0.02297262 -0.02170264 0.1718002 -0.0141202 -0.02863614 0.1746551 -0.02867134 -0.03745358 0.1724462 -0.02893075 -0.05012465 0.1695073 -0.0141202 -0.02863614 0.1746551 -0.02867134 -0.03745358 0.1724462 -0.02200112 -0.02065379 0.1760826 -0.04125292 -0.04031217 0.1698466 -0.02200112 -0.02065379 0.1760826 -0.02297262 -0.02170264 0.1718002 -0.04125292 -0.04031217 0.1698466 -0.02867134 -0.03745358 0.1724462 -0.04125292 -0.04031217 0.1698466 -0.02297262 -0.02170264 0.1718002 -0.0167559 0.01384992 0.1821704 -0.03768926 0.05562137 0.1807457 -0.02648138 0.03523608 0.1869139 -0.0167559 0.01384992 0.1821704 -0.03224953 0.03271485 0.1845765 -0.03768926 0.05562137 0.1807457 -0.01364804 0.00672357 0.1826315 -0.0167559 0.01384992 0.1821704 -0.0173102 0.002127172 0.1878074 -0.01829778 0.003673237 0.1818978 -0.02177666 0.01166127 0.1817043 -0.01364804 0.00672357 0.1826315 0.02648138 0.03523608 0.1869139 0.03224953 0.03271484 0.1845765 0.03590195 0.05645862 0.1867637 0.02648138 0.03523608 0.1869139 0.02084814 0.01207027 0.187811 0.01675591 0.01384992 0.1821704 0.0173102 0.002127171 0.1878074 0.02084814 0.01207027 0.187811 0.01829778 0.003673236 0.1818978 -0.02648138 0.03523608 0.1869139 -0.03590194 0.05645863 0.1867637 -0.03224953 0.03271485 0.1845765 -0.02084814 0.01207028 0.187811 -0.02648138 0.03523608 0.1869139 -0.0167559 0.01384992 0.1821704 -0.02084814 0.01207028 0.187811 -0.0173102 0.002127172 0.1878074 -0.01829778 0.003673237 0.1818978 0.02084814 0.01207027 0.187811 0.02177666 0.01166127 0.1817043 0.03224953 0.03271484 0.1845765 0.01829778 0.003673236 0.1818978 0.03224953 0.03271484 0.1845765 0.02177666 0.01166127 0.1817043 0.01675591 0.01384992 0.1821704 0.01364804 0.006723569 0.1826315 0.03768927 0.05562137 0.1807457 0.02648138 0.03523608 0.1869139 0.03590195 0.05645862 0.1867637 0.04626369 0.07728503 0.1805908 0.03590195 0.05645862 0.1867637 0.03224953 0.03271484 0.1845765 0.0407752 0.05430959 0.1850637 0.04513911 0.07769211 0.1873025 0.03224953 0.03271484 0.1845765 0.03768927 0.05562137 0.1807457 0.0407752 0.05430959 0.1850637 0.05068232 0.075524 0.1847896 0.04626369 0.07728503 0.1805908 0.03590195 0.05645862 0.1867637 0.04513911 0.07769211 0.1873025 0.06315748 0.1141405 0.1845356 0.04513911 0.07769211 0.1873025 0.0407752 0.05430959 0.1850637 0.05068232 0.075524 0.1847896 0.06315748 0.1141405 0.1845356 0.05068232 0.075524 0.1847896 0.03768927 0.05562137 0.1807457 0.04626369 0.07728503 0.1805908 0.06315748 0.1141405 0.1845356 -0.02084814 0.01207028 0.187811 -0.03224953 0.03271485 0.1845765 -0.02177666 0.01166127 0.1817043 -0.01829778 0.003673237 0.1818978 -0.02177666 0.01166127 0.1817043 -0.03224953 0.03271485 0.1845765 -0.0167559 0.01384992 0.1821704 -0.01364804 0.00672357 0.1826315 -0.02648138 0.03523608 0.1869139 -0.03768926 0.05562137 0.1807457 -0.03590194 0.05645863 0.1867637 -0.04626369 0.07728504 0.1805908 -0.03224953 0.03271485 0.1845765 -0.03590194 0.05645863 0.1867637 -0.0407752 0.0543096 0.1850637 -0.04513911 0.07769211 0.1873025 -0.03224953 0.03271485 0.1845765 -0.0407752 0.0543096 0.1850637 -0.03768926 0.05562137 0.1807457 -0.05068231 0.07552402 0.1847896 -0.03590194 0.05645863 0.1867637 -0.04626369 0.07728504 0.1805908 -0.04513911 0.07769211 0.1873025 -0.06315748 0.1141405 0.1845356 -0.0407752 0.0543096 0.1850637 -0.04513911 0.07769211 0.1873025 -0.05068231 0.07552402 0.1847896 -0.06315748 0.1141405 0.1845356 -0.03768926 0.05562137 0.1807457 -0.05068231 0.07552402 0.1847896 -0.04626369 0.07728504 0.1805908 -0.06315748 0.1141405 0.1845356 -1.421062E-07 -0.03856156 0.1317082 4.7392E-08 -0.03814392 0.09409676 0.01848786 -0.0329961 0.1319611 0.01782483 -0.03220171 0.1080664 0.03161269 -0.01961004 0.1327966 0.03023951 -0.01809961 0.09411804 0.03634699 -0.0008554274 0.134082 0.01734544 -0.03224773 0.07875868 0.03539523 0.0006010935 0.09413859 0.02897455 0.02798934 0.1375954 0.03071778 -0.01845322 0.07873192 0.03082009 0.01933297 0.1080664 0.01640936 -0.03237679 0.03210181 -8.187771E-09 -0.03748301 0.04810791 0.01814905 0.03407213 0.1080588 -2.178353E-06 0.04106766 0.1392403 4.908848E-07 0.0388996 0.09408245 0.008989038 0.03830164 0.0787628 0.02448778 0.0278919 0.07875402 0.03427549 0.01056344 0.07873405 0.01634925 0.03399451 0.03210824 4.620108E-09 0.03925434 0.06309071 -2.959014E-09 0.03934133 0.03209678 0.02874385 0.01995146 0.03210183 0.03358587 0.0008151805 0.03210991 0.02866923 -0.01822423 0.03210171 0.03229784 0.0008161033 -0.01588056 0.02783852 0.01970534 0.0001168796 0.01548538 0.03330161 -0.0158827 3.285641E-09 0.03819025 0.0001368371 1.360772E-10 0.03800234 -0.03189012 0.02737447 -0.01773428 -0.01586625 0.01467119 0.03219366 -0.04784729 0.007875358 0.03598618 -0.06383536 0.02663864 0.01928566 -0.04786652 0.0267485 0.01917434 -0.03185553 0.03239361 0.0007341923 -0.03188848 0.02603938 0.01873619 -0.07984278 0.00683631 0.03429189 -0.09581911 2.290992E-11 0.03577007 -0.07982481 0.02108645 0.02624111 -0.09604711 0.03009772 0.0008546847 -0.07983443 0.007182471 0.03219943 -0.1251424 -5.715193E-10 0.03484693 -0.1114299 -9.105484E-10 0.02988957 -0.1375462 0.009185233 0.02424147 -0.1493556 0.02857436 0.009674971 -0.09580631 0.02452402 0.009197838 -0.1364887 0.01352498 0.007875252 -0.1535369 9.531816E-10 0.008341177 -0.1599716 0.007325665 -0.007006634 -0.1585709 0.02469202 -0.007083546 -0.1365384 0.01220615 -0.01968057 -0.1465189 -5.16912E-10 -0.02279066 -0.1504203 6.89775E-10 -0.03303885 -0.1267363 0.02882359 -0.008211794 -0.09585504 0.01442638 -0.02777528 -0.1255022 0.007041289 -0.03290808 -0.09579901 0.02013564 -0.02373336 -0.09584823 0.0259902 -0.01693671 -0.0798533 0.01407747 -0.0296461 -0.07983334 7.682678E-10 -0.03483674 -0.07986511 0.02627788 -0.01722213 -0.04784412 0.01491068 -0.03087245 -0.047863 5.338884E-10 -0.03552029 -0.04784796 0.007637288 -0.03489139 -0.03186236 0.02234583 -0.02546404 -0.03187842 0.01564096 -0.03192406 0.0001096523 -6.505065E-10 -0.03617737 -0.01586238 3.786122E-09 -0.03674031 0.0001230086 4.7392E-08 -0.03814392 0.09409676 -1.421062E-07 -0.03856156 0.1317082 -0.01848786 -0.0329961 0.1319611 -0.01782483 -0.03220171 0.1080664 -0.03161269 -0.01961004 0.1327966 -0.03023951 -0.01809961 0.09411804 -0.03634699 -0.0008554274 0.134082 -0.01734544 -0.03224773 0.07875868 -0.03539523 0.0006010935 0.09413859 -0.02897455 0.02798934 0.1375954 -0.03071778 -0.01845322 0.07873192 -0.03082009 0.01933297 0.1080664 -0.01640936 -0.03237679 0.03210181 -8.187771E-09 -0.03748301 0.04810791 -0.01814905 0.03407213 0.1080588 -2.178353E-06 0.04106766 0.1392403 4.908848E-07 0.0388996 0.09408245 -0.03427549 0.01056344 0.07873405 -0.02448778 0.0278919 0.07875402 -0.008989038 0.03830164 0.0787628 0.008989038 0.03830164 0.0787628 4.620108E-09 0.03925434 0.06309071 -0.01634925 0.03399451 0.03210824 -2.959014E-09 0.03934133 0.03209678 -0.02874385 0.01995146 0.03210183 -0.03358587 0.0008151805 0.03210991 -0.02783852 0.01970534 0.0001168796 -0.02866923 -0.01822423 0.03210171 -0.03229784 0.0008161033 -0.01588056 -0.02737447 -0.01773428 -0.01586625 -0.01564096 -0.03192406 0.0001096523 3.786122E-09 -0.03674031 0.0001230086 -6.505065E-10 -0.03617737 -0.01586238 -0.03239361 0.0007341923 -0.03188848 -0.02234583 -0.02546404 -0.03187842 -0.007637288 -0.03489139 -0.03186236 0.007637288 -0.03489139 -0.03186236 5.338884E-10 -0.03552029 -0.04784796 -0.01491068 -0.03087245 -0.047863 7.682678E-10 -0.03483674 -0.07986511 -0.02627788 -0.01722213 -0.04784412 -0.01407747 -0.0296461 -0.07983334 -0.0259902 -0.01693671 -0.0798533 -0.007041289 -0.03290808 -0.09579901 0.007041289 -0.03290808 -0.09579901 6.89775E-10 -0.03303885 -0.1267363 -0.02013564 -0.02373336 -0.09584823 -0.01442638 -0.02777528 -0.1255022 -0.02882359 -0.008211794 -0.09585504 -0.01220615 -0.01968057 -0.1465189 -5.16912E-10 -0.02279066 -0.1504203 -0.02469202 -0.007083546 -0.1365384 -0.007325665 -0.007006634 -0.1585709 0.007325665 -0.007006634 -0.1585709 9.531816E-10 0.008341177 -0.1599716 -0.01352498 0.007875252 -0.1535369 -0.02452402 0.009197838 -0.1364887 -0.009185233 0.02424147 -0.1493556 0.009185233 0.02424147 -0.1493556 -9.105484E-10 0.02988957 -0.1375462 -0.02857436 0.009674971 -0.09580631 -0.007182471 0.03219943 -0.1251424 -5.715193E-10 0.03484693 -0.1114299 -0.02108645 0.02624111 -0.09604711 -0.00683631 0.03429189 -0.09581911 0.00683631 0.03429189 -0.09581911 2.290992E-11 0.03577007 -0.07982481 -0.007875358 0.03598618 -0.06383536 0.007875358 0.03598618 -0.06383536 1.360772E-10 0.03800234 -0.03189012 -0.02603938 0.01873619 -0.07984278 -0.03009772 0.0008546847 -0.07983443 -0.02663864 0.01928566 -0.04786652 -0.01467119 0.03219366 -0.04784729 -0.01548538 0.03330161 -0.0158827 3.285641E-09 0.03819025 0.0001368371 -0.0267485 0.01917434 -0.03185553</float_array>
                    <technique_common>
                        <accessor count="295" offset="0" source="pm0339_00_00_body_mesh_shape_lod2_body_b-geometry-POSITION-array" stride="3">
                            <param name="X" type="float" />
                            <param name="Y" type="float" />
                            <param name="Z" type="float" />
                        </accessor>
                    </technique_common>
                </source>
                <source id="pm0339_00_00_body_mesh_shape_lod2_body_b-geometry-NORMAL">
                    <float_array id="pm0339_00_00_body_mesh_shape_lod2_body_b-geometry-NORMAL-array" count="609">0.02296448 -0.2070313 0.9780273 0.08465576 -0.1862793 0.9785156 0.06390381 -0.1867676 0.9799805 -0.1933594 0.03851318 -0.9799805 -0.2191162 -0.0802002 -0.972168 0.1003418 -0.004493713 -0.9946289 -0.3120117 0.007289886 -0.949707 0.01110077 -0.2255859 0.9741211 0.1687012 -0.144043 0.9746094 0.7124023 0.7011719 -0.01004028 0.8007813 0.597168 0.03533936 0.9555664 -0.2749023 0.1056519 -0.2272949 -0.1218262 -0.9658203 -0.8798828 0.3737793 -0.2929688 -0.7993164 0.2736816 0.5341797 -0.7612305 0.4106445 0.5014648 0.4348145 -0.2374268 -0.8681641 0.07092285 0.01727295 -0.9970703 0.6748047 -0.2971191 -0.6748047 0.5981445 0.409668 0.6879883 -0.01457977 0.7822266 0.6220703 -0.1337891 0.03427124 -0.9902344 -0.1231689 0.01643372 -0.9921875 -0.04934692 0.1119995 -0.9921875 -0.06390381 -0.1867676 0.9799805 -0.08465576 -0.1862793 0.9785156 -0.02296448 -0.2070313 0.9780273 0.1933594 0.03851318 -0.9799805 -0.1003418 -0.004493713 -0.9946289 0.2191162 -0.0802002 -0.972168 0.3120117 0.007289886 -0.949707 -0.01110077 -0.2255859 0.9741211 -0.1687012 -0.144043 0.9746094 -0.9555664 -0.2749023 0.1056519 -0.8007813 0.597168 0.03533936 -0.7124023 0.7011719 -0.01004028 0.2272949 -0.1218262 -0.9658203 0.7993164 0.2736816 0.5341797 0.8798828 0.3737793 -0.2929688 0.7612305 0.4106445 0.5014648 -0.07092285 0.01727295 -0.9970703 -0.4348145 -0.2374268 -0.8681641 -0.6748047 -0.2971191 -0.6748047 0.01457977 0.7822266 0.6220703 -0.5981445 0.409668 0.6879883 0.1337891 0.03427124 -0.9902344 0.04934692 0.1119995 -0.9921875 0.1231689 0.01643372 -0.9921875 0.3911133 -0.1256104 0.9116211 0.2770996 -0.1362305 0.9506836 0.01122284 -0.147583 0.9887695 0.9306641 0.2966309 0.2128906 -0.2770996 -0.1362305 0.9506836 -0.3911133 -0.1256104 0.9116211 -0.01122284 -0.147583 0.9887695 -0.9306641 0.2966309 0.2128906 0.8833008 -0.4384766 0.1636963 -0.8793945 0.3703613 -0.2983398 -0.8920898 0.4121094 -0.1829834 0.2810059 -0.137085 0.949707 0.3625488 -0.1291504 0.9228516 0.7260742 -0.3098145 -0.6132813 0.628418 -0.2272949 -0.7431641 -0.8925781 0.4145508 -0.1746826 -0.8876953 0.4255371 -0.1745605 0.3669434 -0.1290283 0.9208984 0.3725586 -0.1143188 0.9204102 0.6230469 -0.2232666 -0.7490234 0.6289063 -0.2080078 -0.7490234 -0.8833008 -0.4384766 0.1636963 0.8793945 0.3703613 -0.2983398 0.8920898 0.4121094 -0.1829834 -0.2810059 -0.137085 0.949707 -0.3625488 -0.1291504 0.9228516 -0.7260742 -0.3098145 -0.6132813 -0.628418 -0.2272949 -0.7431641 0.8925781 0.4145508 -0.1746826 0.8876953 0.4255371 -0.1745605 -0.3669434 -0.1290283 0.9208984 -0.3725586 -0.1143188 0.9204102 -0.6230469 -0.2232666 -0.7490234 -0.6289063 -0.2080078 -0.7490234 0 -0.9980469 0.0585022 0 -0.9995117 -0.01028442 0.5009766 -0.8623047 0.07073975 0.5664063 -0.8227539 -0.03494263 0.8564453 -0.5136719 0.04052734 0.8935547 -0.4484863 -0.01280975 0.9975586 0.06384277 -0.01882935 0.5302734 -0.8476563 -0.01321411 0.9990234 -0.02432251 -0.02890015 0.7460938 0.6606445 0.07781982 0.9077148 -0.4179688 -0.01873779 0.8847656 0.4645996 -0.03302002 0.5776367 -0.8154297 -0.01940918 0 -0.9995117 -0.01526642 0.4997559 0.8652344 -0.02619934 0 0.9936523 0.109314 0 0.9995117 0.007514954 0.3867188 0.921875 -0.003494263 0.7407227 0.6708984 -0.01509857 0.9833984 0.1778564 -0.01860046 0.5585938 0.8286133 -0.02436829 0 0.9990234 -0.03741455 0 0.9995117 -0.0120697 0.8920898 0.4492188 -0.03939819 0.9990234 -0.01091003 -0.03329468 0.8847656 -0.4641113 -0.02992249 0.9980469 -0.05233765 -0.01641846 0.8681641 0.4946289 -0.02815247 0.5644531 0.824707 -0.02659607 0 0.9995117 -0.02842712 0 0.9995117 -0.02359009 0.9052734 -0.4230957 -0.02693176 0.5922852 0.8041992 -0.04284668 0.4301758 0.9018555 -0.02740479 0.8603516 0.5083008 -0.03140259 0.8911133 0.4526367 -0.02236938 0.9995117 -0.005851746 -0.02839661 0.8720703 0.4885254 -0.002418518 0.3603516 0.9311523 -0.05407715 0 0.9985352 -0.05343628 0.7441406 0.6635742 -0.07598877 0.9990234 0.0001952648 -0.03625488 0.5083008 0.8427734 -0.175415 0 0.9970703 -0.07092285 0 0.9501953 -0.3112793 0.574707 0.6699219 -0.4689941 0.972168 0.2177734 -0.08514404 0.8974609 0.3693848 -0.2403564 0.7041016 0.1380615 -0.6962891 0 0.2744141 -0.9614258 0.4797363 -0.2386475 -0.8442383 0.9301758 -0.2626953 -0.255127 0.6230469 -0.6025391 -0.4980469 0 -0.7924805 -0.609375 0 -0.9775391 -0.2093506 0.9663086 -0.239624 -0.08886719 0.6918945 -0.703125 -0.1623535 0.3166504 -0.9477539 -0.02954102 0.7587891 -0.6474609 -0.06103516 0.8964844 -0.4411621 -0.03112793 0.5664063 -0.8227539 -0.03207397 0 -0.9995117 -0.02734375 0.8920898 -0.4509277 -0.01322174 0.5644531 -0.8237305 -0.04241943 0 -0.9990234 -0.03665161 0.3408203 -0.9394531 -0.02845764 0.7714844 -0.6347656 -0.03671265 0.5463867 -0.8369141 -0.01835632 0 -0.9995117 0.007583618 0 -0.9995117 -0.02035522 -0.5009766 -0.8623047 0.07073975 -0.5664063 -0.8227539 -0.03494263 -0.8564453 -0.5136719 0.04052734 -0.8935547 -0.4484863 -0.01280975 -0.9975586 0.06384277 -0.01882935 -0.5302734 -0.8476563 -0.01321411 -0.9990234 -0.02432251 -0.02890015 -0.7460938 0.6606445 0.07781982 -0.9077148 -0.4179688 -0.01873779 -0.8847656 0.4645996 -0.03302002 -0.5776367 -0.8154297 -0.01940918 -0.4997559 0.8652344 -0.02622986 -0.9833984 0.1778564 -0.01860046 -0.7407227 0.6708984 -0.01509857 -0.3867188 0.921875 -0.003492355 -0.5585938 0.8286133 -0.02436829 -0.8920898 0.4492188 -0.03939819 -0.9990234 -0.01091003 -0.03329468 -0.8681641 0.4946289 -0.02815247 -0.8847656 -0.4641113 -0.02992249 -0.9980469 -0.05233765 -0.01641846 -0.9052734 -0.4230957 -0.02693176 -0.5463867 -0.8369141 -0.01835632 -0.9995117 -0.005851746 -0.02839661 -0.7714844 -0.6347656 -0.03671265 -0.3408203 -0.9394531 -0.02845764 -0.5644531 -0.8237305 -0.04241943 -0.8920898 -0.4509277 -0.01322174 -0.5664063 -0.8227539 -0.03207397 -0.8964844 -0.4411621 -0.03112793 -0.3166504 -0.9477539 -0.02954102 -0.7587891 -0.6474609 -0.06103516 -0.6918945 -0.703125 -0.1623535 -0.9663086 -0.239624 -0.08886719 -0.6230469 -0.6025391 -0.4980469 -0.9301758 -0.2626953 -0.255127 -0.4797363 -0.2386475 -0.8442383 -0.7041016 0.1380615 -0.6962891 -0.8974609 0.3693848 -0.2403564 -0.574707 0.6699219 -0.4689941 -0.972168 0.2177734 -0.08514404 -0.5083008 0.8427734 -0.175415 -0.7441406 0.6635742 -0.07598877 -0.3603516 0.9311523 -0.05407715 -0.4301758 0.9018555 -0.02740479 -0.8720703 0.4885254 -0.002418518 -0.9990234 0.0001952648 -0.03625488 -0.8603516 0.5083008 -0.03140259 -0.5922852 0.8041992 -0.04284668 -0.5644531 0.824707 -0.02659607 -0.8911133 0.4526367 -0.02236938</float_array>
                    <technique_common>
                        <accessor count="203" offset="0" source="pm0339_00_00_body_mesh_shape_lod2_body_b-geometry-NORMAL-array" stride="3">
                            <param name="X" type="float" />
                            <param name="Y" type="float" />
                            <param name="Z" type="float" />
                        </accessor>
                    </technique_common>
                </source>
                <source id="pm0339_00_00_body_mesh_shape_lod2_body_b-geometry-TEXCOORD">
                    <float_array id="pm0339_00_00_body_mesh_shape_lod2_body_b-geometry-TEXCOORD-array" count="410">0.5117188 1.09367 0.5990611 1.132692 0.5117193 1.164897 0.6434668 1.093669 0.5187523 1.022443 0.5990609 1.054647 0.6400661 1.167448 0.6438563 1.020703 0.5117188 1.015625 0.5322468 1.505483 0.5425106 1.28125 0.5630389 1.391209 0.5117188 1.391209 0.5835668 1.231356 0.5425106 1.243516 0.5219828 1.239703 0.5219828 1.28125 0.4882807 1.164897 0.4009389 1.132692 0.4882813 1.09367 0.3565332 1.093669 0.4009391 1.054647 0.4812477 1.022443 0.3599339 1.167448 0.4882813 1.015625 0.3561437 1.020703 0.4574893 1.28125 0.4677532 1.505483 0.4369611 1.391209 0.4882813 1.391209 0.4574893 1.243516 0.4164332 1.231356 0.4780172 1.239703 0.4780172 1.28125 0.5938311 1.391209 0.5630389 1.505483 0.5835668 1.28125 0.5938311 1.2341 0.4369611 1.505483 0.406169 1.391209 0.4164332 1.28125 0.406169 1.2341 0.5938311 1.28125 0.5322468 1.628247 0.5938311 1.505483 0.5630389 1.628247 0.5117188 1.505483 0.5117188 1.628247 0.5527813 1.867217 0.5938311 1.628247 0.406169 1.28125 0.4677532 1.628247 0.406169 1.505483 0.4369611 1.628247 0.4882813 1.505483 0.4882813 1.628247 0.4472186 1.867217 0.406169 1.628247 0.6213436 1.95245 0.6233234 1.827959 0.6793905 1.949337 0.6797394 1.873812 0.7366688 1.948148 0.7401836 1.830307 0.7937996 1.951325 0.6824918 1.781108 0.8015339 1.831314 0.8818716 1.967218 0.7414136 1.782694 0.8611493 1.875983 0.6875089 1.634889 0.6315778 1.682055 0.9220874 1.87969 0.9726563 1.988281 0.9814582 1.836949 0.9536287 1.787462 0.8953514 1.78645 0.8342797 1.78489 0.926687 1.640679 0.9808259 1.737802 0.9796388 1.640325 0.8684107 1.640339 0.8070596 1.639231 0.7457299 1.637371 0.8106525 1.489323 0.8699096 1.540306 0.9272799 1.490424 0.9782902 1.540071 0.9767213 1.439709 0.7507217 1.487451 0.9273778 1.390106 0.9516996 1.33919 0.8718756 1.390391 0.8712678 1.440309 0.8118266 1.439419 0.8725959 1.291022 0.9486536 1.23666 0.97308 1.287248 0.8994271 1.240339 0.8152839 1.291011 0.9343007 1.141248 0.9655011 1.182762 0.9387611 1.091932 0.8946022 1.068827 0.844171 1.24253 0.8418281 1.121084 0.8423849 1.062685 0.8485476 1.018992 0.796064 1.037975 0.7964365 1.120122 0.7561477 1.078583 0.7320675 1.047609 0.6825302 1.124691 0.7886618 1.241236 0.7243922 1.141087 0.6844918 1.230601 0.7335434 1.236488 0.7580305 1.288355 0.7040685 1.284096 0.6577772 1.279986 0.7541368 1.387625 0.6987278 1.384753 0.6504232 1.381717 0.6710587 1.433435 0.7236277 1.43624 0.6918842 1.534894 0.6439331 1.482021 0.6407996 1.532011 0.3766765 1.827959 0.3786564 1.95245 0.3206094 1.949337 0.3202606 1.873812 0.2633311 1.948148 0.2598164 1.830307 0.2062003 1.951325 0.3175083 1.781108 0.1984661 1.831314 0.1181284 1.967218 0.2585864 1.782694 0.1388507 1.875983 0.3124911 1.634889 0.3684222 1.682055 0.07791264 1.87969 0.02734375 1.988281 0.01854178 1.836949 0.1657203 1.78489 0.1046486 1.78645 0.04637131 1.787462 0.01872703 1.787504 0.01917413 1.737802 0.07331303 1.640679 0.02036121 1.640325 0.1315893 1.640339 0.1929403 1.639231 0.1300904 1.540306 0.2542701 1.637371 0.1893475 1.489323 0.2492783 1.487451 0.3081159 1.534894 0.3592003 1.532011 0.356067 1.482021 0.1881734 1.439419 0.2763723 1.43624 0.3289413 1.433435 0.3528689 1.431951 0.3495768 1.381717 0.3012722 1.384753 0.3422228 1.279986 0.2458632 1.387625 0.2959315 1.284096 0.2419694 1.288355 0.3155082 1.230601 0.3372583 1.228008 0.3174699 1.124691 0.2664566 1.236488 0.2756079 1.141087 0.2113381 1.241236 0.2438522 1.078583 0.2679325 1.047609 0.2035634 1.120122 0.203936 1.037975 0.2077526 1.018129 0.1514524 1.018992 0.157615 1.062685 0.1581719 1.121084 0.1053978 1.068827 0.09084842 1.052067 0.06123886 1.091932 0.1558289 1.24253 0.06569931 1.141248 0.0344989 1.182762 0.100573 1.240339 0.05134639 1.23666 0.02953991 1.234944 0.02691993 1.287248 0.04830042 1.33919 0.02533206 1.338589 0.02327868 1.439709 0.1274041 1.291022 0.1847161 1.291011 0.1281243 1.390391 0.07262221 1.390106 0.07272008 1.490424 0.02170977 1.540071 0.1287322 1.440309</float_array>
                    <technique_common>
                        <accessor count="205" offset="0" source="pm0339_00_00_body_mesh_shape_lod2_body_b-geometry-TEXCOORD-array" stride="2">
                            <param name="S" type="float" />
                            <param name="T" type="float" />
                        </accessor>
                    </technique_common>
                </source>
                <vertices id="pm0339_00_00_body_mesh_shape_lod2_body_b-vertices">
                    <input semantic="POSITION" source="#pm0339_00_00_body_mesh_shape_lod2_body_b-geometry-POSITION" />
                </vertices>
                <triangles count="294" material="body_b">
                    <input semantic="VERTEX" source="#pm0339_00_00_body_mesh_shape_lod2_body_b-vertices" offset="0" set="0" />
                    <input semantic="NORMAL" source="#pm0339_00_00_body_mesh_shape_lod2_body_b-geometry-NORMAL" offset="1" set="0" />
                    <input semantic="TEXCOORD" source="#pm0339_00_00_body_mesh_shape_lod2_body_b-geometry-TEXCOORD" offset="2" set="0" />
                    <p>0 0 0 1 1 1 2 2 2 3 3 3 4 4 4 5 5 5 6 6 0 7 4 4 8 3 3 9 0 0 10 7 3 11 1 1 12 2 2 13 1 1 14 8 6 15 9 7 16 10 4 17 11 8 18 5 5 19 4 4 20 12 7 21 13 9 22 14 10 23 15 11 24 16 12 25 17 10 26 18 9 27 19 13 28 14 10 29 20 14 30 21 15 31 22 14 32 23 16 33 24 17 34 25 18 35 26 19 36 27 20 37 28 21 38 29 22 39 27 20 40 29 22 41 30 19 42 25 18 43 31 20 44 26 19 45 25 18 46 24 17 47 32 23 48 33 24 49 34 22 50 35 25 51 28 21 52 36 25 53 29 22 54 37 26 55 38 27 56 39 28 57 40 26 58 41 29 59 42 27 60 43 30 61 37 26 62 44 31 63 45 32 64 46 33 65 47 30 66 15 11 67 48 34 68 49 35 69 15 11 70 50 36 67 48 34 71 14 10 70 50 36 69 15 11 72 19 13 73 50 36 71 14 10 72 19 13 74 51 37 73 50 36 75 39 28 76 52 38 77 53 39 78 54 40 79 39 28 77 53 39 80 37 26 79 39 28 78 54 40 80 37 26 81 54 40 82 44 31 82 44 31 81 54 40 83 55 41 84 50 36 85 56 42 86 48 34 84 50 36 87 51 37 85 56 42 88 16 12 89 23 16 90 17 10 91 22 14 90 17 10 89 23 16 92 13 9 93 15 11 94 57 35 92 13 9 94 57 35 95 58 43 96 49 35 97 48 34 98 59 44 96 49 35 98 59 44 99 60 45 100 16 12 101 18 9 102 61 46 102 61 46 101 18 9 103 62 47 104 58 43 105 57 35 106 63 45 106 63 45 107 64 48 104 58 43 108 60 45 109 59 44 110 65 49 110 65 49 111 66 48 108 60 45 112 62 47 113 18 9 114 67 43 112 62 47 114 67 43 115 68 48 116 54 40 117 53 39 118 69 50 119 55 41 116 54 40 118 69 50 120 46 33 121 41 29 122 40 26 120 46 33 122 40 26 123 47 30 124 39 28 125 38 27 126 70 38 125 38 27 127 71 51 126 70 38 128 53 39 129 52 38 130 72 52 129 52 38 131 73 53 130 72 52 132 41 29 133 74 54 134 42 27 133 74 54 135 75 55 134 42 27 136 70 38 137 71 51 138 76 53 137 71 51 139 77 56 138 76 53 140 72 52 141 73 53 142 78 57 141 73 53 143 79 56 142 78 57 144 42 27 145 75 55 146 80 51 145 75 55 147 81 56 146 80 51 148 82 58 149 83 59 150 84 60 149 83 59 151 85 61 150 84 60 150 84 60 151 85 61 152 86 62 151 85 61 153 87 63 152 86 62 152 86 62 153 87 63 154 88 64 149 83 59 155 89 65 151 85 61 153 87 63 156 90 66 154 88 64 154 88 64 156 90 66 157 91 67 151 85 61 158 92 68 153 87 63 158 92 68 156 90 66 153 87 63 155 89 65 158 92 68 151 85 61 156 90 66 159 93 69 157 91 67 149 83 59 160 94 70 155 89 65 161 95 71 160 94 70 149 83 59 162 96 72 157 91 67 159 93 69 162 96 72 163 97 73 157 91 67 162 96 72 164 98 74 163 97 73 165 99 75 164 98 74 162 96 72 166 100 76 162 96 72 159 93 69 165 99 75 162 96 72 166 100 76 167 101 77 159 93 69 156 90 66 166 100 76 159 93 69 167 101 77 167 101 77 156 90 66 158 92 68 168 102 78 165 99 75 166 100 76 169 103 79 165 99 75 168 102 78 170 104 80 169 103 79 168 102 78 171 105 81 166 100 76 167 101 77 168 102 78 166 100 76 171 105 81 158 92 68 172 106 82 167 101 77 171 105 81 167 101 77 172 106 82 173 107 83 172 106 82 158 92 68 155 89 65 173 107 83 158 92 68 160 94 70 173 107 83 155 89 65 174 108 84 171 105 81 172 106 82 173 107 83 174 108 84 172 106 82 175 109 85 168 102 78 171 105 81 175 109 85 171 105 81 174 108 84 168 102 78 176 110 86 170 104 80 168 102 78 175 109 85 176 110 86 170 104 80 176 110 86 177 111 87 177 111 87 176 110 86 178 112 88 179 113 89 174 108 84 173 107 83 160 94 70 179 113 89 173 107 83 176 110 86 180 114 90 178 112 88 180 114 90 181 115 91 178 112 88 176 110 86 182 116 92 180 114 90 182 116 92 181 115 91 180 114 90 175 109 85 183 117 93 176 110 86 183 117 93 182 116 92 176 110 86 175 109 85 184 118 94 183 117 93 183 117 93 184 118 94 182 116 92 174 108 84 184 118 94 175 109 85 179 113 89 184 118 94 174 108 84 185 119 95 181 115 91 182 116 92 182 116 92 184 118 94 185 119 95 181 115 91 186 120 96 187 121 97 185 119 95 188 122 98 181 115 91 188 122 98 186 120 96 181 115 91 184 118 94 189 123 99 185 119 95 188 122 98 190 124 100 186 120 96 190 124 100 191 125 101 186 120 96 190 124 100 192 126 102 191 125 101 193 127 103 192 126 102 190 124 100 188 122 98 193 127 103 190 124 100 194 128 104 188 122 98 185 119 95 189 123 99 194 128 104 185 119 95 195 129 105 193 127 103 188 122 98 188 122 98 194 128 104 195 129 105 193 127 103 195 129 105 196 130 106 193 127 103 196 130 106 197 131 107 198 132 108 197 131 107 196 130 106 195 129 105 199 133 109 196 130 106 198 132 108 196 130 106 199 133 109 194 128 104 199 133 109 195 129 105 199 133 109 200 134 110 198 132 108 198 132 108 200 134 110 201 135 111 202 136 112 201 135 111 200 134 110 203 137 113 199 133 109 194 128 104 203 137 113 194 128 104 189 123 99 199 133 109 204 138 114 200 134 110 204 138 114 202 136 112 200 134 110 199 133 109 203 137 113 204 138 114 205 139 115 202 136 112 204 138 114 206 140 116 204 138 114 203 137 113 205 139 115 204 138 114 206 140 116 207 141 117 203 137 113 189 123 99 207 141 117 206 140 116 203 137 113 184 118 94 207 141 117 189 123 99 208 142 118 205 139 115 206 140 116 208 142 118 206 140 116 207 141 117 209 143 119 205 139 115 208 142 118 210 144 120 207 141 117 184 118 94 211 145 121 209 143 119 208 142 118 211 145 121 208 142 118 207 141 117 211 145 121 207 141 117 210 144 120 212 146 122 209 143 119 211 145 121 212 146 122 211 145 121 213 147 123 214 148 124 210 144 120 184 118 94 211 145 121 210 144 120 214 148 124 213 147 123 211 145 121 214 148 124 214 148 124 184 118 94 179 113 89 213 147 123 214 148 124 215 149 125 215 149 125 214 148 124 179 113 89 216 150 126 213 147 123 215 149 125 215 149 125 179 113 89 160 94 70 216 150 126 215 149 125 217 151 127 161 95 71 215 149 125 160 94 70 217 151 127 215 149 125 161 95 71 218 83 128 219 82 129 220 152 130 218 83 128 220 152 130 221 153 131 221 153 131 220 152 130 222 154 132 221 153 131 222 154 132 223 155 133 223 155 133 222 154 132 224 156 134 225 157 135 218 83 128 221 153 131 223 155 133 224 156 134 226 158 136 226 158 136 224 156 134 227 159 137 228 160 138 221 153 131 223 155 133 223 155 133 226 158 136 228 160 138 225 157 135 221 153 131 228 160 138 226 158 136 227 159 137 229 161 139 230 162 140 218 83 128 225 157 135 231 95 141 218 83 128 230 162 140 229 161 139 227 159 137 232 163 142 227 159 137 233 97 143 232 163 142 232 163 142 233 97 143 234 98 144 226 158 136 229 161 139 235 164 145 228 160 138 226 158 136 235 164 145 229 161 139 232 163 142 236 165 146 235 164 145 229 161 139 236 165 146 232 163 142 234 98 144 237 166 147 236 165 146 232 163 142 237 166 147 237 166 147 234 98 144 238 99 148 237 166 147 238 99 148 239 103 149 240 167 150 237 166 147 239 103 149 236 165 146 237 166 147 240 167 150 240 167 150 239 103 149 241 104 151 235 164 145 236 165 146 242 168 152 242 168 152 236 165 146 240 167 150 243 169 153 235 164 145 242 168 152 243 169 153 228 160 138 235 164 145 242 168 152 240 167 150 244 170 154 245 171 155 228 160 138 243 169 153 245 171 155 225 157 135 228 160 138 230 162 140 225 157 135 245 171 155 243 169 153 242 168 152 246 172 156 246 172 156 245 171 155 243 169 153 246 172 156 242 168 152 244 170 154 247 173 157 230 162 140 245 171 155 247 173 157 245 171 155 246 172 156 230 162 140 247 173 157 248 174 158 230 162 140 248 174 158 231 95 141 231 95 141 248 174 158 249 151 159 249 151 159 248 174 158 250 150 160 247 173 157 246 172 156 251 175 161 246 172 156 244 170 154 251 175 161 247 173 157 252 176 162 248 174 158 247 173 157 251 175 161 252 176 162 248 174 158 253 177 163 250 150 160 248 174 158 252 176 162 253 177 163 250 150 160 253 177 163 254 147 164 254 147 164 253 177 163 255 146 165 253 177 163 256 178 166 255 146 165 252 176 162 256 178 166 253 177 163 255 146 165 256 178 166 257 143 167 252 176 162 258 179 168 256 178 166 252 176 162 251 175 161 258 179 168 257 143 167 256 178 166 259 180 169 256 178 166 258 179 168 260 181 170 259 180 169 256 178 166 260 181 170 258 179 168 251 175 161 260 181 170 257 143 167 259 180 169 261 182 171 262 139 172 257 143 167 261 182 171 262 139 172 261 182 171 263 136 173 261 182 171 259 180 169 264 183 174 259 180 169 260 181 170 264 183 174 263 136 173 261 182 171 265 184 175 261 182 171 264 183 174 265 184 175 264 183 174 260 181 170 266 185 176 265 184 175 264 183 174 266 185 176 267 186 177 263 136 173 265 184 175 267 186 177 268 135 178 263 136 173 269 187 179 265 184 175 266 185 176 269 187 179 267 186 177 265 184 175 268 135 178 267 186 177 270 188 180 267 186 177 269 187 179 270 188 180 270 188 180 271 132 181 268 135 178 271 132 181 270 188 180 272 131 182 270 188 180 269 187 179 273 189 183 272 131 182 270 188 180 273 189 183 273 189 183 269 187 179 274 190 184 272 131 182 273 189 183 275 191 185 273 189 183 274 190 184 275 191 185 275 191 185 276 127 186 272 131 182 276 127 186 275 191 185 277 126 187 269 187 179 278 192 188 274 190 184 266 185 176 278 192 188 269 187 179 275 191 185 279 193 189 277 126 187 277 126 187 279 193 189 280 125 190 281 194 191 275 191 185 274 190 184 275 191 185 281 194 191 279 193 189 274 190 184 278 192 188 281 194 191 282 195 192 280 125 190 279 193 189 282 195 192 279 193 189 281 194 191 283 120 193 280 125 190 282 195 192 284 121 194 283 120 193 282 195 192 284 121 194 282 195 192 285 196 195 285 196 195 282 195 192 281 194 191 285 196 195 286 115 196 284 121 194 285 196 195 287 112 197 286 115 196 288 197 198 281 194 191 278 192 188 285 196 195 281 194 191 288 197 198 289 198 199 278 192 188 266 185 176 288 197 198 278 192 188 289 198 199 260 181 170 289 198 199 266 185 176 260 181 170 251 175 161 289 198 199 288 197 198 289 198 199 251 175 161 290 199 200 285 196 195 288 197 198 251 175 161 290 199 200 288 197 198 291 200 201 287 112 197 285 196 195 291 200 201 285 196 195 290 199 200 292 201 202 287 112 197 291 200 201 290 199 200 292 201 202 291 200 201 292 201 202 293 111 203 287 112 197 292 201 202 241 104 151 293 111 203 240 167 150 241 104 151 292 201 202 244 170 154 240 167 150 292 201 202 294 202 204 292 201 202 290 199 200 244 170 154 292 201 202 294 202 204 251 175 161 294 202 204 290 199 200 251 175 161 244 170 154 294 202 204</p>
                </triangles>
            </mesh>
        </geometry>
        <geometry id="pm0339_00_00_body_mesh_shape_lod2_body_a-geometry" name="pm0339_00_00_body_mesh_shape_lod2_body_a">
            <mesh>
                <source id="pm0339_00_00_body_mesh_shape_lod2_body_a-geometry-POSITION">
                    <float_array id="pm0339_00_00_body_mesh_shape_lod2_body_a-geometry-POSITION-array" count="1254">-1.119964E-05 -0.02898875 0.1862897 2.396864E-06 -0.02961156 0.1695709 0.0141202 -0.02863614 0.1746551 0.02200112 -0.02065379 0.1760826 0.02297262 -0.02170264 0.1718002 0.02487641 -0.01828712 0.1696792 0.0141202 -0.02863614 0.1746551 0.02200112 -0.02065379 0.1760826 0.02075714 -0.02172207 0.1852263 0.02297262 -0.02170264 0.1718002 0.0141202 -0.02863614 0.1746551 0.02487641 -0.01828712 0.1696792 -0.0141202 -0.02863614 0.1746551 2.396864E-06 -0.02961156 0.1695709 -1.119964E-05 -0.02898875 0.1862897 -0.01735418 0.006121297 0.1787084 -0.01829778 0.003673237 0.1818978 -0.01364804 0.00672357 0.1826315 -0.02075714 -0.02172207 0.1852263 -0.02200112 -0.02065379 0.1760826 -0.0141202 -0.02863614 0.1746551 -0.02297262 -0.02170264 0.1718002 -0.02200112 -0.02065379 0.1760826 -0.02487641 -0.01828712 0.1696792 -0.0141202 -0.02863614 0.1746551 -0.02297262 -0.02170264 0.1718002 -0.02487641 -0.01828712 0.1696792 0.01735418 0.006121297 0.1787084 0.01364804 0.006723569 0.1826315 0.01829778 0.003673236 0.1818978 -0.002793816 -0.009922875 0.1912872 -0.002338697 -0.02140185 0.1901007 -0.007207818 -0.02087599 0.1856686 0.002793814 -0.009922875 0.1912872 -0.002338697 -0.02140185 0.1901007 -0.0005944885 -0.01571471 0.1955975 0.002793814 -0.009922875 0.1912872 0.005398155 -0.02000956 0.1758259 0.007207818 -0.02087599 0.1856686 0.005398155 -0.02000956 0.1758259 0.002793814 -0.009922875 0.1912872 7.76627E-30 -0.009453246 0.1795844 7.76627E-30 -0.009453246 0.1795844 -0.002793816 -0.009922875 0.1912872 -0.005398155 -0.02000956 0.1758259 -0.005398155 -0.02000956 0.1758259 -0.002793816 -0.009922875 0.1912872 -0.007207818 -0.02087599 0.1856686 8.412979E-31 -0.01544203 0.1769761 0.005398155 -0.02000956 0.1758259 -0.005398155 -0.02000956 0.1758259 0.007207818 -0.02087599 0.1856686 0.005398155 -0.02000956 0.1758259 8.412979E-31 -0.01544203 0.1769761 -0.005398155 -0.02000956 0.1758259 -0.007207818 -0.02087599 0.1856686 8.412979E-31 -0.01544203 0.1769761 0.0141202 -0.02863614 0.1746551 -6.144051E-07 -0.03579092 0.1548528 -1.421062E-07 -0.03856156 0.1317082 -0.0141202 -0.02863614 0.1746551 -1.421062E-07 -0.03856156 0.1317082 -6.144051E-07 -0.03579092 0.1548528 9.919031E-10 0.06319106 -0.001087085 0.005845579 0.06300705 0.03807768 0.004671204 0.04829447 0.01715295 -6.951174E-10 0.1006955 0.02670103 0.005845579 0.06300705 0.03807768 9.919031E-10 0.06319106 -0.001087085 9.919031E-10 0.06319106 -0.001087085 2.226629E-09 0.09051936 0.005820727 -6.951174E-10 0.1006955 0.02670103 8.911216E-10 0.06323583 0.05502117 0.005845579 0.06300705 0.03807768 9.410292E-11 0.09004482 0.04863806 9.410292E-11 0.09004482 0.04863806 0.005845579 0.06300705 0.03807768 -6.951174E-10 0.1006955 0.02670103 0.002519932 0.03519093 0.04505266 0.004671204 0.04829447 0.01715295 -6.648703E-11 0.0483345 0.05173787 0.004671204 0.04829447 0.01715295 0.005845579 0.06300705 0.03807768 -6.648703E-11 0.0483345 0.05173787 8.911216E-10 0.06323583 0.05502117 -6.648703E-11 0.0483345 0.05173787 0.005845579 0.06300705 0.03807768 9.919031E-10 0.06319106 -0.001087085 -0.004671204 0.04829447 0.01715295 -0.005845579 0.06300705 0.03807768 -0.005845579 0.06300705 0.03807768 -6.951174E-10 0.1006955 0.02670103 9.919031E-10 0.06319106 -0.001087085 -6.951174E-10 0.1006955 0.02670103 2.226629E-09 0.09051936 0.005820727 9.919031E-10 0.06319106 -0.001087085 -6.951174E-10 0.1006955 0.02670103 -0.005845579 0.06300705 0.03807768 9.410292E-11 0.09004482 0.04863806 9.410292E-11 0.09004482 0.04863806 -0.005845579 0.06300705 0.03807768 8.911216E-10 0.06323583 0.05502117 -6.648703E-11 0.0483345 0.05173787 -0.004671204 0.04829447 0.01715295 -0.002519932 0.03519093 0.04505266 -0.004671204 0.04829447 0.01715295 -6.648703E-11 0.0483345 0.05173787 -0.005845579 0.06300705 0.03807768 -0.005845579 0.06300705 0.03807768 -6.648703E-11 0.0483345 0.05173787 8.911216E-10 0.06323583 0.05502117 -3.137994E-11 -0.04259276 -0.03858176 3.627773E-11 -0.03182701 -0.03424918 0.002394253 -0.03194643 -0.0321134 -3.210871E-10 -0.06711636 -0.03754102 -1.623324E-10 -0.05945092 -0.006547186 1.591591E-10 -0.0727277 -0.02286253 1.591591E-10 -0.0727277 -0.02286253 -1.623324E-10 -0.05945092 -0.006547186 -1.004886E-09 -0.06675983 -0.01066775 -3.137994E-11 -0.04259276 -0.03858176 0.002428844 -0.03194655 -0.01430911 1.269875E-09 -0.04250887 -0.008074131 -3.210871E-10 -0.06711636 -0.03754102 -3.137994E-11 -0.04259276 -0.03858176 -1.623324E-10 -0.05945092 -0.006547186 -3.137994E-11 -0.04259276 -0.03858176 1.269875E-09 -0.04250887 -0.008074131 -1.623324E-10 -0.05945092 -0.006547186 0.002428844 -0.03194655 -0.01430911 -3.137994E-11 -0.04259276 -0.03858176 0.002394253 -0.03194643 -0.0321134 -3.137994E-11 -0.04259276 -0.03858176 -0.002394253 -0.03194643 -0.0321134 3.627774E-11 -0.03182701 -0.03424918 -3.210871E-10 -0.06711636 -0.03754102 1.591591E-10 -0.0727277 -0.02286253 -1.623324E-10 -0.05945092 -0.006547186 -1.623324E-10 -0.05945092 -0.006547186 1.591591E-10 -0.0727277 -0.02286253 -1.004886E-09 -0.06675983 -0.01066775 1.269875E-09 -0.04250887 -0.008074131 -0.002428844 -0.03194655 -0.01430911 -3.137994E-11 -0.04259276 -0.03858176 -1.623324E-10 -0.05945092 -0.006547186 -3.137994E-11 -0.04259276 -0.03858176 -3.210871E-10 -0.06711636 -0.03754102 -3.137994E-11 -0.04259276 -0.03858176 -1.623324E-10 -0.05945092 -0.006547186 1.269875E-09 -0.04250887 -0.008074131 -0.002394253 -0.03194643 -0.0321134 -3.137994E-11 -0.04259276 -0.03858176 -0.002428844 -0.03194655 -0.01430911 1.038236E-09 -0.04252641 -0.08670656 -1.869979E-10 -0.0318277 -0.08264738 0.002428943 -0.03194648 -0.08050846 -1.488538E-09 -0.06675354 -0.08431248 1.426318E-09 -0.05948212 -0.08824629 1.107663E-09 -0.07270624 -0.07196953 1.107663E-09 -0.07270624 -0.07196953 1.426318E-09 -0.05948212 -0.08824629 -2.265776E-09 -0.06712895 -0.05739806 -6.435112E-11 -0.04258361 -0.05627239 -2.265776E-09 -0.06712895 -0.05739806 1.426318E-09 -0.05948212 -0.08824629 1.038236E-09 -0.04252641 -0.08670656 -6.435112E-11 -0.04258361 -0.05627239 1.426318E-09 -0.05948212 -0.08824629 1.038236E-09 -0.04252641 -0.08670656 0.002428943 -0.03194648 -0.08050846 -6.435112E-11 -0.04258361 -0.05627239 0.002394224 -0.03194647 -0.06270405 -6.435112E-11 -0.04258361 -0.05627239 0.002428943 -0.03194648 -0.08050846 1.038236E-09 -0.04252641 -0.08670656 -0.002428943 -0.03194648 -0.08050846 -1.869979E-10 -0.0318277 -0.08264738 -1.488538E-09 -0.06675354 -0.08431248 1.107663E-09 -0.07270624 -0.07196953 1.426318E-09 -0.05948212 -0.08824629 1.426318E-09 -0.05948212 -0.08824629 1.107663E-09 -0.07270624 -0.07196953 -2.265776E-09 -0.06712895 -0.05739806 1.426318E-09 -0.05948212 -0.08824629 -2.265776E-09 -0.06712895 -0.05739806 -6.435112E-11 -0.04258361 -0.05627239 1.038236E-09 -0.04252641 -0.08670656 1.426318E-09 -0.05948212 -0.08824629 -6.435112E-11 -0.04258361 -0.05627239 1.038236E-09 -0.04252641 -0.08670656 -6.435112E-11 -0.04258361 -0.05627239 -0.002428943 -0.03194648 -0.08050846 -0.002428943 -0.03194648 -0.08050846 -6.435111E-11 -0.04258361 -0.05627239 -0.002394224 -0.03194647 -0.06270405 -1.652351E-05 -0.0307662 -0.1115491 7.408638E-05 -0.04396262 -0.1222628 0.00436957 -0.02439169 -0.1267923 -9.314256E-07 -0.03159548 -0.1891946 0.00349465 -0.03775193 -0.160032 -2.943751E-06 -0.05173581 -0.161218 -0.0001318737 -0.05240175 -0.1467495 0.00349465 -0.03775193 -0.160032 7.408638E-05 -0.04396262 -0.1222628 0.003476528 -0.01143132 -0.1777255 -9.314256E-07 -0.03159548 -0.1891946 2.241642E-07 -0.0133897 -0.1974414 -4.942372E-06 0.03210014 -0.1103995 0.003411832 0.02671744 -0.1222476 1.384704E-05 0.05144722 -0.1342941 1.046963E-05 0.05194119 -0.160181 0.004021062 0.01128487 -0.1777176 -2.876564E-06 0.03156594 -0.1893724 -2.876564E-06 0.03156594 -0.1893724 0.004021062 0.01128487 -0.1777176 4.643637E-07 0.01340918 -0.1974234 4.643637E-07 0.01340918 -0.1974234 0.003378601 1.17659E-05 -0.1802293 2.241642E-07 -0.0133897 -0.1974414 0.00349465 -0.03775193 -0.160032 -0.0001318737 -0.05240175 -0.1467495 -2.943751E-06 -0.05173581 -0.161218 -1.652351E-05 -0.0307662 -0.1115491 -0.00436957 -0.02439169 -0.1267923 7.408638E-05 -0.04396262 -0.1222628 -2.943751E-06 -0.05173581 -0.161218 -0.00349465 -0.03775193 -0.160032 -9.314256E-07 -0.03159548 -0.1891946 7.408638E-05 -0.04396262 -0.1222628 -0.00349465 -0.03775193 -0.160032 -0.0001318737 -0.05240175 -0.1467495 -9.314256E-07 -0.03159548 -0.1891946 -0.003476528 -0.01143132 -0.1777255 2.241642E-07 -0.0133897 -0.1974414 1.384704E-05 0.05144722 -0.1342941 -0.003411832 0.02671744 -0.1222476 -4.942372E-06 0.03210014 -0.1103995 1.046963E-05 0.05194119 -0.160181 -2.876564E-06 0.03156594 -0.1893724 -0.004021062 0.01128487 -0.1777176 -0.004021062 0.01128487 -0.1777176 -2.876564E-06 0.03156594 -0.1893724 4.643637E-07 0.01340918 -0.1974234 2.241642E-07 -0.0133897 -0.1974414 -0.003378601 1.17659E-05 -0.1802293 4.643637E-07 0.01340918 -0.1974234 -0.0001318737 -0.05240175 -0.1467495 -0.00349465 -0.03775193 -0.160032 -2.943751E-06 -0.05173581 -0.161218 0.002428844 -0.03194655 -0.01430911 1.716935E-10 -0.03182787 -0.01217049 1.269875E-09 -0.04250887 -0.008074131 -0.002428844 -0.03194655 -0.01430911 1.269875E-09 -0.04250887 -0.008074131 1.716935E-10 -0.03182787 -0.01217049 0.002394224 -0.03194647 -0.06270405 7.574882E-11 -0.0318271 -0.06056802 -6.435112E-11 -0.04258361 -0.05627239 -0.002394224 -0.03194647 -0.06270405 -6.435111E-11 -0.04258361 -0.05627239 7.574884E-11 -0.0318271 -0.06056802 -6.648703E-11 0.0483345 0.05173787 -0.002519932 0.03519093 0.04505266 0.002519932 0.03519093 0.04505266 0.0141202 -0.02863614 0.1746551 2.396864E-06 -0.02961156 0.1695709 -6.144051E-07 -0.03579092 0.1548528 2.396864E-06 -0.02961156 0.1695709 -0.0141202 -0.02863614 0.1746551 -6.144051E-07 -0.03579092 0.1548528 -0.002338697 -0.02140185 0.1901007 -0.002793816 -0.009922875 0.1912872 -0.0005944885 -0.01571471 0.1955975 -0.002338697 -0.02140185 0.1901007 0.002793814 -0.009922875 0.1912872 0.007207818 -0.02087599 0.1856686 0.02487641 -0.01828712 0.1696792 0.02623539 -0.008075865 0.1777277 0.02200112 -0.02065379 0.1760826 0.01735418 0.006121297 0.1787084 0.01829778 0.003673236 0.1818978 0.006972963 0.009678435 0.1820225 0.01364804 0.006723569 0.1826315 0.0173102 0.002127171 0.1878074 0.01364804 0.006723569 0.1826315 -3.194895E-06 0.006089913 0.1903285 0.02623539 -0.008075865 0.1777277 0.01829778 0.003673236 0.1818978 0.01292198 -0.004380222 0.1945088 -0.01292198 -0.004380222 0.1945088 -0.0005944885 -0.01571471 0.1955975 0.02075714 -0.02172207 0.1852263 -0.0005944885 -0.01571471 0.1955975 0.02200112 -0.02065379 0.1760826 -0.02623539 -0.008075865 0.1777277 -0.02487641 -0.01828712 0.1696792 -0.02200112 -0.02065379 0.1760826 -0.01829778 0.003673237 0.1818978 -0.01735418 0.006121297 0.1787084 -0.01364804 0.00672357 0.1826315 -0.006972963 0.009678435 0.1820225 0.006972963 0.009678435 0.1820225 -3.194895E-06 0.006089913 0.1903285 -0.0173102 0.002127172 0.1878074 -0.01364804 0.00672357 0.1826315 -0.01292198 -0.004380222 0.1945088 -0.02623539 -0.008075865 0.1777277 -0.01829778 0.003673237 0.1818978 -0.02075714 -0.02172207 0.1852263 -0.0005944885 -0.01571471 0.1955975 -0.02200112 -0.02065379 0.1760826 7.76627E-30 -0.009453246 0.1795844 -0.005398155 -0.02000956 0.1758259 0.005398155 -0.02000956 0.1758259 0.002793814 -0.009922875 0.1912872 -0.002793816 -0.009922875 0.1912872 -0.0005944885 -0.01571471 0.1955975 0.0141202 -0.02863614 0.1746551 -1.421062E-07 -0.03856156 0.1317082 0.01848786 -0.0329961 0.1319611 0.03161269 -0.01961004 0.1327966 0.0141202 -0.02863614 0.1746551 0.0141202 -0.02863614 0.1746551 0.02487641 -0.01828712 0.1696792 0.03654921 -0.002772107 0.1511285 0.03634699 -0.0008554274 0.134082 0.02897455 0.02798934 0.1375954 0.02922628 0.003236822 0.1660708 0.02623539 -0.008075865 0.1777277 0.01735418 0.006121297 0.1787084 0.03049379 0.00558622 0.1640989 0.02887636 0.01083631 0.1652628 0.0266488 0.01979068 0.1646334 0.01066585 0.03053267 0.1695769 -2.178353E-06 0.04106766 0.1392403 0.006972963 0.009678435 0.1820225 -0.01848786 -0.0329961 0.1319611 -1.421062E-07 -0.03856156 0.1317082 -0.0141202 -0.02863614 0.1746551 -0.0141202 -0.02863614 0.1746551 -0.03161269 -0.01961004 0.1327966 -0.02487641 -0.01828712 0.1696792 -0.0141202 -0.02863614 0.1746551 -0.03654921 -0.002772107 0.1511285 -0.03634699 -0.0008554274 0.134082 -0.02897455 0.02798934 0.1375954 -0.02922628 0.003236822 0.1660708 -0.02623539 -0.008075865 0.1777277 -0.01735418 0.006121297 0.1787084 -0.03049379 0.00558622 0.1640989 -0.02887636 0.01083631 0.1652628 -0.0266488 0.01979068 0.1646334 -0.01066585 0.03053267 0.1695769 -2.178353E-06 0.04106766 0.1392403 -0.006972963 0.009678435 0.1820225 0.01066585 0.03053267 0.1695769 0.006972963 0.009678435 0.1820225 1.384704E-05 0.05144722 -0.1342941 0.003411832 0.02671744 -0.1222476 0.005583985 0.01306262 -0.1348271 1.046963E-05 0.05194119 -0.160181 1.384704E-05 0.05144722 -0.1342941 -0.005583985 0.01306262 -0.1348271 -0.003411832 0.02671744 -0.1222476 1.384704E-05 0.05144722 -0.1342941 1.046963E-05 0.05194119 -0.160181 -0.005583985 0.01306262 -0.1348271 -1.119964E-05 -0.02898875 0.1862897 0.02075714 -0.02172207 0.1852263 -0.0005944885 -0.01571471 0.1955975 0.0141202 -0.02863614 0.1746551 -1.119964E-05 -0.02898875 0.1862897 -0.0005944885 -0.01571471 0.1955975 -0.02075714 -0.02172207 0.1852263 -0.0141202 -0.02863614 0.1746551 -0.007207818 -0.02087599 0.1856686 0.007207818 -0.02087599 0.1856686 8.412979E-31 -0.01544203 0.1769761 -0.002338697 -0.02140185 0.1901007 8.728335E-11 0.04834976 0.002588289 9.919031E-10 0.06319106 -0.001087085 0.004671204 0.04829447 0.01715295 0.002499858 0.03520148 0.009235081 0.002519932 0.03519093 0.04505266 -0.002499858 0.03520148 0.009235081 8.728335E-11 0.04834976 0.002588289 0.002499858 0.03520148 0.009235081 -0.004671204 0.04829447 0.01715295 9.919031E-10 0.06319106 -0.001087085 -0.002519932 0.03519093 0.04505266 0.00436957 -0.02439169 -0.1267923 7.408638E-05 -0.04396262 -0.1222628 0.00349465 -0.03775193 -0.160032 0.003687091 -0.01304871 -0.1348436 -9.314256E-07 -0.03159548 -0.1891946 0.003476528 -0.01143132 -0.1777255 0.004953051 -8.966793E-05 -0.1594902 0.005583985 0.01306262 -0.1348271 1.046963E-05 0.05194119 -0.160181 2.241642E-07 -0.0133897 -0.1974414 0.003378601 1.17659E-05 -0.1802293 0.004021062 0.01128487 -0.1777176 4.643637E-07 0.01340918 -0.1974234 1.046963E-05 0.05194119 -0.160181 -0.00349465 -0.03775193 -0.160032 7.408638E-05 -0.04396262 -0.1222628 -0.00436957 -0.02439169 -0.1267923 -0.003687091 -0.01304871 -0.1348436 -0.003476528 -0.01143132 -0.1777255 -9.314256E-07 -0.03159548 -0.1891946 -0.004953051 -8.966793E-05 -0.1594902 -0.005583985 0.01306262 -0.1348271 1.046963E-05 0.05194119 -0.160181 -0.003378601 1.17659E-05 -0.1802293 2.241642E-07 -0.0133897 -0.1974414 -0.004021062 0.01128487 -0.1777176 4.643637E-07 0.01340918 -0.1974234 1.046963E-05 0.05194119 -0.160181</float_array>
                    <technique_common>
                        <accessor count="418" offset="0" source="pm0339_00_00_body_mesh_shape_lod2_body_a-geometry-POSITION-array" stride="3">
                            <param name="X" type="float" />
                            <param name="Y" type="float" />
                            <param name="Z" type="float" />
                        </accessor>
                    </technique_common>
                </source>
                <source id="pm0339_00_00_body_mesh_shape_lod2_body_a-geometry-NORMAL">
                    <float_array id="pm0339_00_00_body_mesh_shape_lod2_body_a-geometry-NORMAL-array" count="462">0.003707886 -0.8168945 0.5766602 0 -0.9677734 0.2504883 0.4411621 -0.8764648 0.1920166 0.9555664 -0.2749023 0.1056519 0.8007813 0.597168 0.03533936 0.8378906 -0.5053711 0.2058105 0.5996094 -0.4504395 0.6606445 -0.2191162 -0.0802002 -0.972168 -0.3120117 0.007289886 -0.949707 -0.4411621 -0.8764648 0.1918945 -0.5800781 0.4187012 0.6982422 -0.9306641 0.2966309 0.2128906 0.01457977 0.7822266 0.6220703 -0.6079102 -0.4519043 0.6518555 -0.9555664 -0.2749023 0.1056519 -0.8007813 0.597168 0.03533936 -0.8378906 -0.5053711 0.2058105 0.3120117 0.007289886 -0.949707 0.2191162 -0.0802002 -0.972168 0.5800781 0.4187012 0.6982422 -0.01457977 0.7822266 0.6220703 0.9306641 0.2966309 0.2128906 0.007148743 0.4521484 -0.8916016 0.9399414 -0.3234863 -0.1074219 -0.007148743 0.4521484 -0.8916016 -0.6083984 -0.7915039 -0.04864502 -0.6303711 -0.5053711 0.5883789 -0.8955078 -0.4260254 0.1270752 0 -0.855957 0.5166016 0.6010742 -0.7958984 -0.06646729 0.6303711 -0.5053711 0.5883789 0 0.2441406 -0.9692383 0.1405029 0.9125977 0.3828125 0.6386719 0.7675781 -0.04986572 0 0.9438477 0.3291016 -0.6386719 0.7675781 -0.04986572 -0.128418 0.9233398 0.3605957 0 -0.9873047 0.1568604 0 -0.9980469 0.0585022 0.9819336 0.09851074 -0.1586914 0.9990234 0.03044128 0.01794434 0.9970703 -0.02110291 -0.07244873 0.9882813 0.1300049 -0.07702637 1.000122 0 0 0.9448242 0.02444458 0.3256836 0.9775391 0.1582031 0.1359863 0.9926758 0.05880737 0.104126 0.9819336 -0.06045532 0.1774902 -0.9970703 -0.02110291 -0.07244873 -0.9990234 0.03044128 0.01794434 -0.9882813 0.1300049 -0.07702637 -0.9819336 0.09851074 -0.1586914 -1.000122 0 0 -0.9775391 0.1582031 0.1359863 -0.9448242 0.02444458 0.3256836 -0.9819336 -0.06045532 0.1774902 -0.9926758 0.05880737 0.104126 0.9775391 -0.2069092 -0.02496338 0.6455078 0.2849121 -0.7080078 0.980957 -0.1795654 -0.06750488 0.9790039 -0.1982422 0.04400635 0.9765625 -0.2131348 0.01942444 -0.9775391 -0.2069092 -0.02496338 -0.980957 -0.1795654 -0.06750488 -0.6455078 0.2849121 -0.7080078 -0.9765625 -0.2131348 0.01942444 -0.9790039 -0.1982422 0.04400635 0.9765625 -0.2128906 -0.01925659 0.6430664 0.2714844 -0.715332 0.9790039 -0.197998 -0.04412842 0.9775391 -0.2069092 0.02507019 0.980957 -0.1799316 0.06762695 -0.9765625 -0.2128906 -0.01925659 -0.9790039 -0.197998 -0.04412842 -0.6430664 0.2714844 -0.715332 -0.9775391 -0.2069092 0.02507019 -0.980957 -0.1799316 0.06762695 0.9638672 -0.1630859 0.2091064 0.9770508 -0.192749 0.08538818 0.9916992 -0.1193237 0.04452515 0.9829102 -0.1057129 -0.1485596 0.9907227 -0.1254883 -0.04550171 0.9672852 -0.2337646 -0.09661865 0.9785156 -0.1983643 0.04837036 0.9985352 -0.01628113 -0.04946899 0.9829102 -0.03811646 -0.1777344 0.9814453 0.1727295 0.07769775 0.9916992 0.1212158 -0.03695679 0.9985352 0.01628113 -0.04946899 0.984375 0.1280518 -0.1170044 0.9804688 0.03808594 -0.192749 -0.9638672 -0.1717529 0.2033691 -0.9912109 -0.1240234 0.04516602 -0.9770508 -0.1940918 0.08734131 -0.9667969 -0.2325439 -0.1037598 -0.9912109 -0.1239014 -0.04525757 -0.9829102 -0.1055908 -0.1485596 -0.9824219 -0.1777344 0.05270386 -0.9985352 -0.01628113 -0.04946899 -0.9594727 0.2188721 0.1763916 -0.9916992 0.1216431 -0.03671265 -0.9848633 0.1281738 -0.116394 -0.9985352 0.01628113 -0.04946899 -0.9804688 0.03793335 -0.1928711 -0.9829102 -0.03808594 -0.1777344 0.6425781 0.2741699 0.7148438 -0.6425781 0.2741699 0.7148438 0.6459961 0.282959 0.7084961 -0.6459961 0.282959 0.7084961 0 -0.453125 0.8911133 -0.4169922 0.2758789 -0.8657227 0.9052734 0.03488159 0.4223633 0.1685791 0.590332 0.7890625 0.5981445 0.409668 0.6879883 0 0.6318359 0.7744141 0.3950195 0.07250977 0.9155273 -0.3984375 0.08880615 0.9125977 -0.005901337 -0.3278809 0.9443359 -0.9052734 0.03488159 0.4223633 -0.1856689 0.597168 0.7797852 -0.5981445 0.409668 0.6879883 0 -0.5966797 -0.8017578 0.5009766 -0.8623047 0.07073975 0.8564453 -0.5136719 0.04052734 0.9804688 -0.07818604 0.1787109 0.9975586 0.06384277 -0.01882935 0.7460938 0.6606445 0.07781982 0.8657227 0.03204346 0.4992676 0.9306641 0.1834717 0.3156738 0.7426758 0.1870117 0.6425781 0.7670898 0.5087891 0.3896484 0.2890625 0.8154297 0.5004883 0 0.9936523 0.109314 -0.5009766 -0.8623047 0.07073975 -0.8564453 -0.5136719 0.04052734 -0.9804688 -0.07818604 0.1787109 -0.9975586 0.06384277 -0.01882935 -0.7460938 0.6606445 0.07781982 -0.8657227 0.03204346 0.4992676 -0.9306641 0.1834717 0.3156738 -0.7426758 0.1870117 0.6425781 -0.7670898 0.5087891 0.3896484 -0.2958984 0.8203125 0.4887695 0.9995117 -0.02919006 0.007240295 0.9960938 0.07434082 -0.0362854 0.9882813 0.1501465 0.01901245 -0.9995117 -0.02919006 0.007240295 -0.9814453 0.1733398 0.07684326 -0.9882813 0.1507568 0.01905823 -0.9960938 0.07470703 -0.03643799 0 0.9926758 0.1177979 0 -0.1508789 -0.9882813 0.9604492 -0.1695557 -0.2199707 -0.9604492 -0.1695557 -0.2199707</float_array>
                    <technique_common>
                        <accessor count="154" offset="0" source="pm0339_00_00_body_mesh_shape_lod2_body_a-geometry-NORMAL-array" stride="3">
                            <param name="X" type="float" />
                            <param name="Y" type="float" />
                            <param name="Z" type="float" />
                        </accessor>
                    </technique_common>
                </source>
                <source id="pm0339_00_00_body_mesh_shape_lod2_body_a-geometry-TEXCOORD">
                    <float_array id="pm0339_00_00_body_mesh_shape_lod2_body_a-geometry-TEXCOORD-array" count="390">0.713001 0.0589655 0.769999 0.02948421 0.7705619 0.07428002 0.7763044 0.1065972 0.784465 0.104747 0.7972223 0.1139198 0.7506633 0.1089466 0.2294381 0.07428002 0.230001 0.02948421 0.286999 0.0589655 0.2419022 0.1968367 0.2519495 0.18443 0.2587889 0.195882 0.2493367 0.1089466 0.2236956 0.1065972 0.215535 0.104747 0.2027777 0.1139198 0.7580978 0.1968367 0.7412112 0.195882 0.7480505 0.18443 0.4647638 0.1723375 0.3822161 0.1574962 0.3996567 0.1092336 0.5352362 0.1723375 0.6177839 0.1574962 0.5524324 0.1986501 0.5458601 0.04679537 0.6003433 0.1092336 0.5 0.1060219 0.4541399 0.04679537 0.5 0.7177767 0.5394686 0.7335266 0.4605314 0.7335266 0.5531904 0.6631036 0.4468097 0.6631036 0.8480017 0.09817827 0.887739 0.03903663 0.9694248 0.02759361 0.1519983 0.09817827 0.03057516 0.02759361 0.112261 0.03903663 0.84113 0.4069355 0.8412865 0.5574228 0.7833606 0.4768297 0.9860637 0.5156198 0.945767 0.4349672 0.8411312 0.6243362 0.9457936 0.5950928 0.734375 0.5853744 0.7833606 0.6126928 0.15887 0.4069355 0.2166394 0.4768297 0.1587135 0.5574228 0.01393628 0.5156198 0.05423298 0.4349672 0.05420634 0.5950928 0.1588688 0.6243362 0.2166394 0.6126928 0.265625 0.5853744 0.564043 0.6087317 0.5117188 0.5926414 0.5117187 0.5774115 0.6843633 0.5986175 0.6463275 0.4522347 0.7135565 0.5332053 0.6844143 0.4684848 0.5117189 0.4889917 0.5640428 0.4576715 0.435957 0.6087317 0.4882813 0.5774115 0.4882813 0.5926414 0.3156367 0.5986175 0.2864435 0.5332053 0.3536725 0.4522347 0.3155857 0.4684848 0.4359572 0.4576715 0.4882811 0.4889917 0.5640389 0.4016939 0.5117188 0.3856044 0.5117188 0.3703761 0.6843556 0.3915957 0.6463205 0.407147 0.7135655 0.3261704 0.684405 0.2614444 0.5640389 0.2506461 0.5117188 0.2819628 0.4359611 0.4016939 0.4882813 0.3703761 0.4882813 0.3856044 0.3156444 0.3915957 0.2864345 0.3261704 0.3536795 0.407147 0.315595 0.2614444 0.4359611 0.2506461 0.4882813 0.2819628 0.6354705 0.9859893 0.5901067 0.9430517 0.6622612 0.9249718 0.6358695 0.6808896 0.6101792 0.7946667 0.5583045 0.7934754 0.5519992 0.8457226 0.7131747 0.7244977 0.7040271 0.6493127 0.8828125 0.984375 0.86371 0.9396422 0.9590269 0.8920382 0.9597962 0.7931204 0.8014874 0.7240659 0.8783035 0.6797744 0.8099695 0.6488449 0.757295 0.7152325 0.3645295 0.9859893 0.3377388 0.9249718 0.4098933 0.9430517 0.4416954 0.7934754 0.3898208 0.7946667 0.3641305 0.6808896 0.4440832 0.8455868 0.2868253 0.7244977 0.295973 0.6493127 0.04097304 0.8920382 0.13629 0.9396422 0.1171875 0.984375 0.04020375 0.7931204 0.1216965 0.6797744 0.1985126 0.7240659 0.1900304 0.6488449 0.242705 0.7152325 0.5117189 0.4737625 0.4882811 0.4737625 0.5117188 0.2667348 0.4882813 0.2667348 0.734375 0.5925022 0.8324852 0.06076503 0.1675148 0.06076503 0.4272058 0.1855314 0.774189 0.1460931 0.7284501 0.2188914 0.736799 0.1762636 0.6893933 0.2024356 0.7117047 0.1551194 0.675216 0.1358076 0.6759173 0.1276733 0.225811 0.1460931 0.2715499 0.2188914 0.2903597 0.2306007 0.3106067 0.2024356 0.263201 0.1762636 0.2882953 0.1551194 0.316839 0.1224442 0.9725385 0.08564055 0.9737272 0.1429188 0.8597085 0.1452006 0.9214053 0.1936463 0.9705503 0.2000496 0.9546568 0.2881216 0.8731219 0.212783 0.8463426 0.1981474 0.8205841 0.2281175 0.8800089 0.2167909 0.8752018 0.2221247 0.8760102 0.2615944 0.84517 0.3083614 0.9335938 0.3789063 0.7909362 0.2501721 0.02746153 0.08564055 0.02627276 0.1429188 0.1402915 0.1452006 0.07859467 0.1936463 0.02944969 0.2000496 0.04534315 0.2881216 0.1268781 0.212783 0.1536574 0.1981474 0.1794159 0.2281175 0.1199911 0.2167909 0.1247982 0.2221247 0.1239898 0.2615944 0.15483 0.3083614 0.06640625 0.3789063 0.2090638 0.2501721 0.176126 0.3301715 0.2278735 0.2618815 0.8099749 0.8922985 0.1900251 0.8922985 0.4825312 0.6289283 0.7833603 0.4185677 0.734375 0.4458406 0.265625 0.4458406 0.2166397 0.4185677 0.265625 0.4387143 0.7065431 0.8928327 0.7576968 0.7955459 0.2934569 0.8928327 0.2423032 0.7955459</float_array>
                    <technique_common>
                        <accessor count="195" offset="0" source="pm0339_00_00_body_mesh_shape_lod2_body_a-geometry-TEXCOORD-array" stride="2">
                            <param name="S" type="float" />
                            <param name="T" type="float" />
                        </accessor>
                    </technique_common>
                </source>
                <vertices id="pm0339_00_00_body_mesh_shape_lod2_body_a-vertices">
                    <input semantic="POSITION" source="#pm0339_00_00_body_mesh_shape_lod2_body_a-geometry-POSITION" />
                </vertices>
                <triangles count="202" material="body_a">
                    <input semantic="VERTEX" source="#pm0339_00_00_body_mesh_shape_lod2_body_a-vertices" offset="0" set="0" />
                    <input semantic="NORMAL" source="#pm0339_00_00_body_mesh_shape_lod2_body_a-geometry-NORMAL" offset="1" set="0" />
                    <input semantic="TEXCOORD" source="#pm0339_00_00_body_mesh_shape_lod2_body_a-geometry-TEXCOORD" offset="2" set="0" />
                    <p>0 0 0 1 1 1 2 2 2 3 3 3 4 4 4 5 5 5 6 2 2 7 3 3 8 6 6 9 7 4 10 8 2 11 5 5 12 9 7 13 1 8 14 0 9 15 10 10 16 11 11 17 12 12 18 13 13 19 14 14 20 9 7 21 15 15 22 14 14 23 16 16 24 17 7 25 18 15 26 16 16 27 19 17 28 20 18 29 21 19 30 22 20 31 22 21 32 23 22 33 24 23 34 24 24 35 24 25 36 25 23 37 26 26 38 27 27 39 26 26 40 25 23 41 28 28 42 28 28 43 29 20 44 30 29 45 30 29 46 29 20 47 23 22 48 31 30 49 31 31 50 31 32 51 32 33 52 33 31 53 34 30 54 35 32 55 36 34 56 34 30 57 2 35 58 37 36 59 38 37 60 9 38 61 38 39 62 37 40 63 39 41 64 40 42 65 41 43 66 42 44 67 40 42 68 39 41 69 43 41 70 43 45 71 43 44 72 44 46 73 40 42 74 45 47 75 45 47 76 40 42 77 42 44 78 46 48 79 41 43 80 47 49 81 41 43 82 40 42 83 47 49 84 44 46 85 47 49 86 40 42 87 48 50 88 48 51 89 49 52 90 49 52 91 50 53 92 51 50 93 52 53 94 52 54 95 52 50 96 50 53 97 49 52 98 53 55 99 53 55 100 49 52 101 54 56 102 55 57 103 48 51 104 56 58 105 48 51 106 55 57 107 49 52 108 49 52 109 55 57 110 54 56 111 57 59 112 58 60 113 59 61 114 43 62 115 43 63 116 43 64 117 43 64 118 43 63 119 43 65 120 57 59 121 60 66 122 61 67 123 43 62 124 43 59 125 43 63 126 43 59 127 43 67 128 43 63 129 60 66 130 57 59 131 59 61 132 62 68 133 63 69 134 64 70 135 52 71 136 52 72 137 52 73 138 52 73 139 52 72 140 52 74 141 65 75 142 66 76 143 62 68 144 52 73 145 52 68 146 52 71 147 52 68 148 52 73 149 52 75 150 63 69 151 62 68 152 66 76 153 67 77 154 68 78 155 69 79 156 43 80 157 43 81 158 43 82 159 43 82 160 43 81 161 43 83 162 43 84 163 43 83 164 43 81 165 43 77 166 43 84 167 43 81 168 67 77 169 69 79 170 70 84 171 71 85 172 70 84 173 69 79 174 72 86 175 73 87 176 74 88 177 52 89 178 52 90 179 52 91 180 52 91 181 52 90 182 52 92 183 52 91 184 52 92 185 52 93 186 52 86 187 52 91 188 52 93 189 72 86 190 75 93 191 73 87 192 73 87 193 75 93 194 76 94 195 77 95 196 78 96 197 79 97 198 80 98 199 81 99 200 82 100 201 83 101 202 81 99 203 78 96 204 84 102 205 81 98 206 85 103 207 84 104 208 86 105 209 84 106 210 87 107 211 88 108 212 89 109 213 89 109 214 88 108 215 90 110 216 90 110 217 88 111 218 85 103 219 81 99 220 83 101 221 82 100 222 91 112 223 92 113 224 93 114 225 94 115 226 95 116 227 96 117 228 93 114 229 95 116 230 97 118 231 96 117 232 92 119 233 98 120 234 98 121 235 98 122 236 99 123 237 100 124 238 101 125 239 102 126 240 102 126 241 101 125 242 103 127 243 104 120 244 98 128 245 103 127 246 97 118 247 95 116 248 94 115 249 60 66 250 105 129 251 61 67 252 66 76 253 65 75 254 106 130 255 71 85 256 107 131 257 70 84 258 76 94 259 75 93 260 108 132 261 109 49 262 109 133 263 109 48 264 2 35 265 1 134 266 37 36 267 1 135 268 9 38 269 37 40 270 22 21 271 22 20 272 22 136 273 24 24 274 24 23 275 110 27 276 5 5 277 111 137 278 3 3 279 19 17 280 21 19 277 111 137 279 19 17 281 112 138 282 20 18 281 112 138 283 113 139 284 20 18 285 114 140 283 113 139 281 112 138 283 113 139 286 111 137 287 21 19 283 113 139 285 114 140 288 115 141 286 111 137 283 113 139 288 115 141 285 114 140 289 116 142 288 115 141 290 117 143 288 115 141 289 116 142 291 6 6 286 111 137 288 115 141 292 117 143 291 6 6 288 115 141 293 3 3 286 111 137 291 6 6 294 118 144 295 16 16 296 14 14 297 11 11 298 10 10 294 118 144 298 10 10 299 12 12 300 119 145 301 112 146 300 119 145 302 114 147 302 114 147 300 119 145 303 120 148 304 12 12 303 120 148 300 119 145 303 120 148 305 116 149 302 114 147 306 118 144 303 120 148 307 11 11 305 116 149 303 120 148 306 118 144 305 116 149 306 118 144 308 13 13 308 13 13 309 117 150 305 116 149 310 14 14 308 13 13 306 118 144 311 28 28 312 30 29 313 26 26 314 25 23 315 29 20 311 28 28 314 25 23 316 121 25 315 29 20 317 2 35 318 38 37 319 122 151 320 123 152 321 2 35 319 122 151 322 2 35 320 123 152 323 5 153 320 123 152 324 124 154 323 5 153 320 123 152 325 125 155 324 124 154 326 126 156 324 124 154 325 125 155 327 127 157 323 5 153 324 124 154 328 111 158 323 5 153 327 127 157 327 127 157 329 19 159 328 111 158 330 128 160 327 127 157 324 124 154 327 127 157 331 129 161 329 19 159 330 128 160 324 124 154 332 130 162 332 130 162 331 129 161 330 128 160 332 130 162 324 124 154 326 126 156 332 130 162 329 19 159 331 129 161 333 131 163 332 130 162 326 126 156 333 131 163 329 19 159 332 130 162 326 126 156 334 132 164 333 131 163 329 19 159 333 131 163 335 112 165 336 133 166 337 38 39 338 9 38 336 133 166 339 9 38 340 134 167 341 16 168 340 134 167 342 9 38 341 16 168 343 135 169 340 134 167 344 136 170 340 134 167 343 135 169 344 136 170 343 135 169 345 137 171 343 135 169 341 16 168 346 138 172 346 138 172 341 16 168 347 118 173 348 10 174 346 138 172 347 118 173 343 135 169 346 138 172 349 139 175 346 138 172 348 10 174 350 140 176 349 139 175 351 141 177 343 135 169 349 139 175 350 140 176 351 141 177 345 137 171 343 135 169 351 141 177 351 141 177 350 140 176 348 10 174 351 141 177 352 142 178 345 137 171 348 10 174 352 142 178 351 141 177 352 142 178 353 132 179 345 137 171 352 142 178 348 10 174 354 119 180 355 131 181 353 132 179 352 142 178 352 142 178 354 119 180 356 112 182 356 112 182 355 131 181 352 142 178 357 143 106 358 86 105 359 144 183 360 87 107 361 145 106 359 144 183 362 146 184 363 147 122 364 148 121 364 148 121 365 100 124 366 149 184 367 0 0 368 6 6 369 117 143 368 6 6 367 0 0 370 2 2 371 0 9 372 117 150 373 13 13 371 0 9 373 13 13 374 9 7 375 36 34 376 32 33 377 34 30 378 150 185 376 32 33 375 36 34 379 151 186 380 39 41 381 41 43 381 41 43 382 152 187 379 151 186 383 46 48 382 152 187 381 41 43 384 153 188 385 151 189 386 152 190 384 153 188 387 48 51 385 151 189 387 48 51 388 153 50 385 151 189 387 48 51 384 153 188 389 56 58 390 79 97 391 78 96 392 81 99 390 79 97 392 81 99 393 143 191 392 81 99 394 80 98 395 79 102 393 143 191 392 81 99 396 79 192 392 81 99 395 79 102 396 79 192 397 144 183 393 143 191 396 79 192 396 79 192 398 87 107 397 144 183 399 85 103 400 84 111 395 79 102 396 79 192 395 79 102 400 84 111 401 88 108 396 79 192 400 84 111 401 88 108 400 84 111 402 90 110 396 79 192 401 88 108 403 87 107 404 95 116 405 93 114 406 92 113 407 146 193 404 95 116 406 92 113 404 95 116 408 98 119 409 95 117 410 98 194 404 95 116 407 146 193 410 98 194 408 98 119 404 95 116 411 149 184 410 98 194 407 146 193 411 149 184 412 100 124 410 98 194 408 98 119 413 98 128 414 104 120 408 98 119 410 98 194 413 98 128 410 98 194 415 102 126 413 98 128 416 102 127 413 98 128 415 102 126 417 100 124 415 102 126 410 98 194</p>
                </triangles>
            </mesh>
        </geometry>
    </library_geometries>
    <library_controllers>
        <controller id="pm0339_00_00_eye_mesh_shape_lod2_l_eye-controller" name="pm0339_00_00_eye_mesh_shape_lod2_l_eye">
            <skin source="#pm0339_00_00_eye_mesh_shape_lod2_l_eye-geometry">
                <bind_shape_matrix>1 0 0 0 0 1 0 0 0 0 1 0 0 0 0 1</bind_shape_matrix>
                <source id="pm0339_00_00_eye_mesh_shape_lod2_l_eye-joints">
                    <Name_array id="pm0339_00_00_eye_mesh_shape_lod2_l_eye-joints-array" count="1">head</Name_array>
                    <technique_common>
                        <accessor count="1" offset="0" source="#pm0339_00_00_eye_mesh_shape_lod2_l_eye-joints-array" stride="1">
                            <param name="JOINT" type="Name" />
                        </accessor>
                    </technique_common>
                </source>
                <source id="pm0339_00_00_eye_mesh_shape_lod2_l_eye-matrices">
                    <float_array id="pm0339_00_00_eye_mesh_shape_lod2_l_eye-matrices-array" count="16">1E-06 1.119209E-06 1.000001 -0.127213 -0.9999991 1E-06 1.119209E-06 9.848349E-07 8.807907E-07 -0.9999991 1E-06 -0.000125761 1E-06 1E-06 1E-06 1.000001</float_array>
                    <technique_common>
                        <accessor count="1" offset="0" source="#pm0339_00_00_eye_mesh_shape_lod2_l_eye-matrices-array" stride="16">
                            <param name="TRANSFORM" type="float4x4" />
                        </accessor>
                    </technique_common>
                </source>
                <source id="pm0339_00_00_eye_mesh_shape_lod2_l_eye-weights">
                    <float_array id="pm0339_00_00_eye_mesh_shape_lod2_l_eye-weights-array" count="1">1</float_array>
                    <technique_common>
                        <accessor count="1" offset="0" source="#pm0339_00_00_eye_mesh_shape_lod2_l_eye-weights-array" stride="1">
                            <param name="WEIGHT" type="float" />
                        </accessor>
                    </technique_common>
                </source>
                <joints>
                    <input semantic="JOINT" source="#pm0339_00_00_eye_mesh_shape_lod2_l_eye-joints" />
                    <input semantic="INV_BIND_MATRIX" source="#pm0339_00_00_eye_mesh_shape_lod2_l_eye-matrices" />
                </joints>
                <vertex_weights count="3">
                    <input semantic="JOINT" source="#pm0339_00_00_eye_mesh_shape_lod2_l_eye-joints" offset="0" set="0" />
                    <input semantic="WEIGHT" source="#pm0339_00_00_eye_mesh_shape_lod2_l_eye-weights" offset="1" set="0" />
                    <vcount>1 1 1</vcount>
                    <v>0 0 0 0 0 0</v>
                </vertex_weights>
            </skin>
        </controller>
        <controller id="pm0339_00_00_eye_mesh_shape_lod2_r_eye-controller" name="pm0339_00_00_eye_mesh_shape_lod2_r_eye">
            <skin source="#pm0339_00_00_eye_mesh_shape_lod2_r_eye-geometry">
                <bind_shape_matrix>1 0 0 0 0 1 0 0 0 0 1 0 0 0 0 1</bind_shape_matrix>
                <source id="pm0339_00_00_eye_mesh_shape_lod2_r_eye-joints">
                    <Name_array id="pm0339_00_00_eye_mesh_shape_lod2_r_eye-joints-array" count="1">head</Name_array>
                    <technique_common>
                        <accessor count="1" offset="0" source="#pm0339_00_00_eye_mesh_shape_lod2_r_eye-joints-array" stride="1">
                            <param name="JOINT" type="Name" />
                        </accessor>
                    </technique_common>
                </source>
                <source id="pm0339_00_00_eye_mesh_shape_lod2_r_eye-matrices">
                    <float_array id="pm0339_00_00_eye_mesh_shape_lod2_r_eye-matrices-array" count="16">1E-06 1.119209E-06 1.000001 -0.127213 -0.9999991 1E-06 1.119209E-06 9.848349E-07 8.807907E-07 -0.9999991 1E-06 -0.000125761 1E-06 1E-06 1E-06 1.000001</float_array>
                    <technique_common>
                        <accessor count="1" offset="0" source="#pm0339_00_00_eye_mesh_shape_lod2_r_eye-matrices-array" stride="16">
                            <param name="TRANSFORM" type="float4x4" />
                        </accessor>
                    </technique_common>
                </source>
                <source id="pm0339_00_00_eye_mesh_shape_lod2_r_eye-weights">
                    <float_array id="pm0339_00_00_eye_mesh_shape_lod2_r_eye-weights-array" count="1">1</float_array>
                    <technique_common>
                        <accessor count="1" offset="0" source="#pm0339_00_00_eye_mesh_shape_lod2_r_eye-weights-array" stride="1">
                            <param name="WEIGHT" type="float" />
                        </accessor>
                    </technique_common>
                </source>
                <joints>
                    <input semantic="JOINT" source="#pm0339_00_00_eye_mesh_shape_lod2_r_eye-joints" />
                    <input semantic="INV_BIND_MATRIX" source="#pm0339_00_00_eye_mesh_shape_lod2_r_eye-matrices" />
                </joints>
                <vertex_weights count="3">
                    <input semantic="JOINT" source="#pm0339_00_00_eye_mesh_shape_lod2_r_eye-joints" offset="0" set="0" />
                    <input semantic="WEIGHT" source="#pm0339_00_00_eye_mesh_shape_lod2_r_eye-weights" offset="1" set="0" />
                    <vcount>1 1 1</vcount>
                    <v>0 0 0 0 0 0</v>
                </vertex_weights>
            </skin>
        </controller>
        <controller id="pm0339_00_00_body_mesh_shape_lod2_body_b-controller" name="pm0339_00_00_body_mesh_shape_lod2_body_b">
            <skin source="#pm0339_00_00_body_mesh_shape_lod2_body_b-geometry">
                <bind_shape_matrix>1 0 0 0 0 1 0 0 0 0 1 0 0 0 0 1</bind_shape_matrix>
                <source id="pm0339_00_00_body_mesh_shape_lod2_body_b-joints">
                    <Name_array id="pm0339_00_00_body_mesh_shape_lod2_body_b-joints-array" count="19">nose head left_feeler_a left_feeler_b_01 left_feeler_b_02 left_feeler_b_03 right_feeler_a right_feeler_b_01 right_feeler_b_02 right_feeler_b_03 left_feeler_b_04 right_feeler_b_04 hips tail_01 tail_02 tail_03 tail_04 tail_05 tail_06</Name_array>
                    <technique_common>
                        <accessor count="19" offset="0" source="#pm0339_00_00_body_mesh_shape_lod2_body_b-joints-array" stride="1">
                            <param name="JOINT" type="Name" />
                        </accessor>
                    </technique_common>
                </source>
                <source id="pm0339_00_00_body_mesh_shape_lod2_body_b-matrices">
                    <float_array id="pm0339_00_00_body_mesh_shape_lod2_body_b-matrices-array" count="304">9.742834E-07 -0.2157263 0.9764548 -0.1720479 -0.9999991 1E-06 1.119209E-06 9.848349E-07 8.835976E-07 -0.9764528 -0.2157264 0.02662045 1E-06 1E-06 1E-06 1.000001 1E-06 1.119209E-06 1.000001 -0.127213 -0.9999991 1E-06 1.119209E-06 9.848349E-07 8.807907E-07 -0.9999991 1E-06 -0.000125761 1E-06 1E-06 1E-06 1.000001 0.6050563 -0.7777938 -0.1701269 0.001063093 0.7893023 0.6140074 1E-06 0.0002808143 0.1044605 -0.1342809 0.9854232 -0.1768807 1E-06 1E-06 1E-06 1.000001 0.392892 0.9195527 0.007859238 -0.01008843 -0.9195791 0.392904 1.069151E-06 0.01310785 -0.003086573 -0.007225124 0.9999703 -0.1837436 1E-06 1E-06 1E-06 1.000001 0.392892 0.9195527 0.007859238 -0.03838909 -0.9195791 0.392904 1.069151E-06 0.01310785 -0.003086573 -0.007225124 0.9999703 -0.1837436 1E-06 1E-06 1E-06 1.000001 0.392892 0.9195527 0.007859238 -0.07190562 -0.9195791 0.392904 1.069151E-06 0.01310796 -0.003086573 -0.007225124 0.9999703 -0.1837436 1E-06 1E-06 1E-06 1.000001 -0.6050545 -0.7777939 -0.1701268 0.001063192 0.7893023 -0.6140053 8.211859E-07 -0.0002787863 -0.1044585 -0.134281 0.9854233 -0.1768811 1E-06 1E-06 1E-06 1.000001 -0.3928898 0.9195527 0.007859278 -0.01008844 -0.9195791 -0.392902 1.027008E-06 -0.01310582 0.003088448 -0.007225176 0.9999703 -0.1837438 1E-06 1E-06 1E-06 1.000001 -0.3928898 0.9195527 0.007859278 -0.03838914 -0.9195791 -0.392902 1.027008E-06 -0.01310584 0.003088448 -0.007225176 0.9999703 -0.1837434 1E-06 1E-06 1E-06 1.000001 -0.3928898 0.9195527 0.007859278 -0.07190562 -0.9195791 -0.392902 1.027008E-06 -0.01310592 0.003088448 -0.007225176 0.9999703 -0.1837441 1E-06 1E-06 1E-06 1.000001 0.392892 0.9195527 0.007859238 -0.1010782 -0.9195791 0.392904 1.069151E-06 0.01310801 -0.003086573 -0.007225124 0.9999703 -0.1837436 1E-06 1E-06 1E-06 1.000001 -0.3928898 0.9195527 0.007859278 -0.1010782 -0.9195791 -0.392902 1.027008E-06 -0.01310598 0.003088448 -0.007225176 0.9999703 -0.1837438 1E-06 1E-06 1E-06 1.000001 9.125772E-07 8.807907E-07 -0.9999991 0.127215 1.000001 1E-06 7.933679E-07 1.026286E-06 8.807907E-07 -0.9999991 1E-06 -0.000125761 1E-06 1E-06 1E-06 1.000001 9.125772E-07 8.807907E-07 -0.9999991 0.08363907 1.000001 1E-06 7.933679E-07 1.026286E-06 8.807907E-07 -0.9999991 1E-06 -0.000125761 1E-06 1E-06 1E-06 1.000001 9.125772E-07 8.807907E-07 -0.9999991 0.04121735 1.000001 1E-06 7.933679E-07 1.026286E-06 8.807907E-07 -0.9999991 1E-06 -0.000125761 1E-06 1E-06 1E-06 1.000001 9.125772E-07 8.807907E-07 -0.9999991 -0.001637189 1.000001 1E-06 7.933679E-07 1.026286E-06 8.807907E-07 -0.9999991 1E-06 -0.000125761 1E-06 1E-06 1E-06 1.000001 9.125772E-07 8.807907E-07 -0.9999991 -0.04713985 1.000001 1E-06 7.933679E-07 1.026286E-06 8.807907E-07 -0.9999991 1E-06 -0.000125761 1E-06 1E-06 1E-06 1.000001 9.125772E-07 8.807907E-07 -0.9999991 -0.09796087 1.000001 1E-06 7.933679E-07 1.026286E-06 8.807907E-07 -0.9999991 1E-06 -0.000125761 1E-06 1E-06 1E-06 1.000001 9.125772E-07 8.807907E-07 -0.9999991 -0.1415051 1.000001 1E-06 7.933679E-07 1.026286E-06 8.807907E-07 -0.9999991 1E-06 -0.0001257628 1E-06 1E-06 1E-06 1.000001</float_array>
                    <technique_common>
                        <accessor count="19" offset="0" source="#pm0339_00_00_body_mesh_shape_lod2_body_b-matrices-array" stride="16">
                            <param name="TRANSFORM" type="float4x4" />
                        </accessor>
                    </technique_common>
                </source>
                <source id="pm0339_00_00_body_mesh_shape_lod2_body_b-weights">
                    <float_array id="pm0339_00_00_body_mesh_shape_lod2_body_b-weights-array" count="81">0.3900054 0.1900053 0.4200046 0.00999466 0.9900053 1 0.1000076 0.08000305 0.8200046 0.0399939 0.5799954 0.3799954 0.03100633 0.8560006 0.1129931 0.319997 0.6399939 0.6099946 0.3100023 0.5600061 0.280003 0.1600061 0.8569924 0.1120012 0.1400015 0.1499962 0.7100023 0.9799954 0.02000458 0.7400015 0.2500038 0.08200198 0.6319982 0.2859998 0.2099947 0.6699932 0.119997 0.2399939 0.05200275 0.4429999 0.5049973 0.7300069 0.05099565 0.4390021 0.5100023 0.6220035 0.3369955 0.04100099 0.3839933 0.08099489 0.5349966 0.7199969 0.2599985 0.2200046 0.6200046 0.2930037 0.1109941 0.5960022 0.5199969 0.4290074 0.2899977 0.5700008 0.5709926 0.3880064 0.08999771 0.6500038 0.6 0.1100023 0.5400015 0.9400015 0.02999924 0.8399939 0.880003 0.7700008 0.2299992 0.8899977 0.4599985 0.8 0.2 0.7499962 0.9300069</float_array>
                    <technique_common>
                        <accessor count="81" offset="0" source="#pm0339_00_00_body_mesh_shape_lod2_body_b-weights-array" stride="1">
                            <param name="WEIGHT" type="float" />
                        </accessor>
                    </technique_common>
                </source>
                <joints>
                    <input semantic="JOINT" source="#pm0339_00_00_body_mesh_shape_lod2_body_b-joints" />
                    <input semantic="INV_BIND_MATRIX" source="#pm0339_00_00_body_mesh_shape_lod2_body_b-matrices" />
                </joints>
                <vertex_weights count="295">
                    <input semantic="JOINT" source="#pm0339_00_00_body_mesh_shape_lod2_body_b-joints" offset="0" set="0" />
                    <input semantic="WEIGHT" source="#pm0339_00_00_body_mesh_shape_lod2_body_b-weights" offset="1" set="0" />
                    <vcount>3 2 3 1 3 2 3 3 1 3 1 2 3 2 1 1 3 3 2 3 1 3 3 3 3 3 3 3 3 3 3 3 3 3 2 3 1 2 3 1 3 3 2 1 3 2 3 1 3 3 1 2 1 3 3 3 3 3 3 3 3 3 3 3 3 3 3 3 3 3 3 3 3 3 3 3 3 3 3 3 3 3 3 3 3 3 3 3 3 3 3 3 3 3 3 3 3 3 3 3 3 3 3 3 3 3 3 2 3 3 3 2 3 3 3 2 3 3 3 3 3 3 3 3 3 3 3 3 3 3 3 3 3 3 3 3 3 3 3 2 3 3 3 2 3 3 3 2 3 3 3 3 3 3 3 3 3 3 3 3 3 3 3 3 3 3 3 3 3 3 3 3 3 3 3 3 3 3 3 3 3 3 3 3 3 3 3 3 3 3 3 2 2 2 3 2 2 2 2 2 2 2 3 3 3 3 3 3 3 3 3 3 3 3 3 3 3 3 3 3 3 3 3 3 3 3 3 3 3 3 3 3 3 3 3 3 3 3 3 3 3 3 3 3 3 3 3 3 3 3 3 3 3 3 3 3 3 3 3 3 3 3 3 3 3 3 3 2 2 2 2 2 2 2 2 2 2 2 3 3 2 3 3 3 3 3 3 3 3 3 3 3 3 3 3</vcount>
                    <v>0 0 1 1 2 2 1 3 2 4 0 0 1 1 2 2 2 5 0 6 1 7 2 8 1 3 2 4 0 0 1 1 2 2 0 6 1 7 2 8 2 5 0 0 1 1 2 2 2 5 1 3 2 4 0 0 1 1 2 2 1 3 2 4 2 5 2 5 0 6 1 7 2 8 0 0 1 1 2 2 1 3 2 4 0 6 1 7 2 8 2 5 3 9 4 10 5 11 0 12 3 13 4 14 3 15 4 16 5 9 3 15 4 16 5 9 0 12 3 13 4 14 3 9 4 10 5 11 0 17 3 18 1 7 0 12 3 13 4 14 0 19 3 20 1 21 0 19 3 20 1 21 0 19 3 20 1 21 0 12 3 13 4 14 6 2 0 0 1 1 6 4 1 3 6 2 0 0 1 1 6 5 6 4 1 3 6 8 0 6 1 7 6 5 6 8 0 6 1 7 6 2 0 0 1 1 6 4 1 3 6 5 6 2 0 0 1 1 6 4 1 3 6 2 0 0 1 1 6 5 6 2 0 0 1 1 6 8 0 6 1 7 6 5 6 4 1 3 6 5 6 8 0 6 1 7 0 12 7 13 8 14 7 9 9 11 8 10 7 15 9 9 8 16 0 12 7 13 8 14 7 15 9 9 8 16 7 9 9 11 8 10 0 19 7 20 1 21 0 12 7 13 8 14 0 17 7 18 1 7 0 19 7 20 1 21 0 12 7 13 8 14 0 19 7 20 1 21 3 15 4 16 5 9 3 15 4 16 5 9 3 9 4 10 5 11 3 15 4 16 5 9 0 12 3 22 4 23 0 12 3 13 4 14 0 17 3 18 1 7 0 12 3 22 4 23 0 19 3 20 1 21 7 15 9 9 8 16 7 9 9 11 8 10 7 15 9 9 8 16 0 12 7 22 8 23 7 15 9 9 8 16 0 12 7 13 8 14 0 12 7 22 8 23 0 17 7 18 1 7 0 19 7 20 1 21 0 12 3 22 4 23 0 12 3 13 4 14 3 15 4 16 5 9 0 19 3 20 1 21 3 15 4 16 5 9 0 12 3 13 4 14 0 12 3 13 4 14 0 19 3 20 1 21 3 9 4 10 5 11 3 15 4 16 5 9 3 9 4 10 5 11 10 24 4 25 5 26 3 9 4 10 5 11 3 15 4 16 5 9 3 9 4 10 5 11 10 24 4 25 5 26 3 15 4 16 5 9 3 9 4 10 5 11 3 9 4 10 5 11 10 24 4 25 5 26 10 24 4 25 5 26 3 9 4 10 5 11 10 24 4 25 5 26 10 27 5 28 10 24 4 25 5 26 3 9 4 10 5 11 10 24 4 25 5 26 10 27 5 28 10 24 4 25 5 26 3 9 4 10 5 11 10 24 4 25 5 26 10 27 5 28 0 12 7 22 8 23 7 15 9 9 8 16 0 12 7 13 8 14 0 19 7 20 1 21 0 12 7 13 8 14 7 15 9 9 8 16 0 12 7 13 8 14 0 19 7 20 1 21 7 15 9 9 8 16 7 9 9 11 8 10 7 9 9 11 8 10 11 24 9 26 8 25 7 15 9 9 8 16 7 9 9 11 8 10 7 9 9 11 8 10 11 24 9 26 8 25 7 15 9 9 8 16 7 9 9 11 8 10 7 9 9 11 8 10 11 24 9 26 8 25 7 9 9 11 8 10 11 24 9 26 8 25 11 24 9 26 8 25 11 27 9 28 7 9 9 11 8 10 11 24 9 26 8 25 11 24 9 26 8 25 11 27 9 28 7 9 9 11 8 10 11 24 9 26 8 25 11 24 9 26 8 25 11 27 9 28 1 29 12 30 13 3 1 31 12 32 13 33 1 29 12 30 13 3 1 34 12 35 13 36 1 29 12 30 13 3 1 31 12 32 13 33 1 29 12 37 13 28 14 38 12 39 13 40 1 31 12 32 13 33 1 41 12 30 13 28 14 42 12 43 13 44 1 34 12 35 13 36 14 45 13 46 15 47 14 48 12 49 13 50 1 34 12 35 13 36 1 51 12 52 13 28 1 31 12 32 13 33 14 42 12 43 13 44 14 42 12 43 13 44 14 42 12 43 13 44 14 45 13 46 15 47 14 21 12 53 13 54 14 45 13 46 15 47 14 45 13 46 15 47 14 45 13 46 15 47 14 45 13 46 15 47 14 55 16 56 15 57 14 58 13 42 15 59 14 55 16 56 15 57 14 58 13 42 15 59 14 24 16 60 15 61 14 55 16 56 15 57 14 47 16 62 15 63 17 64 16 65 15 52 14 47 16 62 15 63 14 24 16 60 15 61 14 24 16 60 15 61 17 60 16 66 15 67 17 68 16 2 15 9 17 60 16 66 15 67 17 68 16 2 15 9 17 60 16 66 15 67 17 69 18 70 16 70 17 71 16 21 17 72 18 36 17 73 18 74 17 68 16 2 15 9 17 75 18 67 17 26 18 60 17 68 18 76 17 54 18 11 17 75 18 67 17 77 18 78 17 79 18 30 17 80 18 9 16 70 17 68 16 2 15 9 17 69 18 70 16 70 17 68 16 2 15 9 17 68 16 2 15 9 17 60 16 66 15 67 17 60 16 66 15 67 17 60 16 66 15 67 14 47 16 62 15 63 14 47 16 62 15 63 14 47 16 62 15 63 14 24 16 60 15 61 14 24 16 60 15 61 14 58 13 42 15 59 14 55 16 56 15 57 14 58 13 42 15 59 1 31 12 32 13 33 1 29 12 30 13 3 1 29 12 30 13 3 1 34 12 35 13 36 1 29 12 30 13 3 1 31 12 32 13 33 1 29 12 37 13 28 14 38 12 39 13 40 1 31 12 32 13 33 1 41 12 30 13 28 14 42 12 43 13 44 1 34 12 35 13 36 14 45 13 46 15 47 14 48 12 49 13 50 1 34 12 35 13 36 1 51 12 52 13 28 1 31 12 32 13 33 14 42 12 43 13 44 14 42 12 43 13 44 14 42 12 43 13 44 14 42 12 43 13 44 14 21 12 53 13 54 14 45 13 46 15 47 14 45 13 46 15 47 14 45 13 46 15 47 14 45 13 46 15 47 14 58 13 42 15 59 14 45 13 46 15 47 14 55 16 56 15 57 14 55 16 56 15 57 14 58 13 42 15 59 14 58 13 42 15 59 14 55 16 56 15 57 14 24 16 60 15 61 14 24 16 60 15 61 14 24 16 60 15 61 14 24 16 60 15 61 14 47 16 62 15 63 14 47 16 62 15 63 17 60 16 66 15 67 14 47 16 62 15 63 17 60 16 66 15 67 17 60 16 66 15 67 17 68 16 2 15 9 17 68 16 2 15 9 17 80 18 9 16 70 17 68 16 2 15 9 17 69 18 70 16 70 17 68 16 2 15 9 17 77 18 78 17 79 18 30 17 75 18 67 17 54 18 11 17 54 18 11 17 68 18 76 17 26 18 60 17 75 18 67 17 73 18 74 17 73 18 74 17 72 18 36 17 68 16 2 15 9 17 69 18 70 16 70 17 71 16 21 17 68 16 2 15 9 17 68 16 2 15 9 17 68 16 2 15 9 17 60 16 66 15 67 17 64 16 65 15 52 17 64 16 65 15 52 14 24 16 60 15 61 17 60 16 66 15 67 17 60 16 66 15 67 14 47 16 62 15 63 14 47 16 62 15 63 14 55 16 56 15 57 14 58 13 42 15 59 14 24 16 60 15 61</v>
                </vertex_weights>
            </skin>
        </controller>
        <controller id="pm0339_00_00_body_mesh_shape_lod2_body_a-controller" name="pm0339_00_00_body_mesh_shape_lod2_body_a">
            <skin source="#pm0339_00_00_body_mesh_shape_lod2_body_a-geometry">
                <bind_shape_matrix>1 0 0 0 0 1 0 0 0 0 1 0 0 0 0 1</bind_shape_matrix>
                <source id="pm0339_00_00_body_mesh_shape_lod2_body_a-joints">
                    <Name_array id="pm0339_00_00_body_mesh_shape_lod2_body_a-joints-array" count="25">nose head left_feeler_a right_feeler_a right_feeler_b_01 left_feeler_b_01 upper_jaw right_jaw hips tail_01 tail_02 feeler_c_02 feeler_c_01 feeler_d_02 feeler_d_01 tail_04 tail_03 feeler_e_02 tail_05 feeler_e_01 tail_06 left_lower_eyelid left_upper_eyelid right_lower_eyelid right_upper_eyelid</Name_array>
                    <technique_common>
                        <accessor count="25" offset="0" source="#pm0339_00_00_body_mesh_shape_lod2_body_a-joints-array" stride="1">
                            <param name="JOINT" type="Name" />
                        </accessor>
                    </technique_common>
                </source>
                <source id="pm0339_00_00_body_mesh_shape_lod2_body_a-matrices">
                    <float_array id="pm0339_00_00_body_mesh_shape_lod2_body_a-matrices-array" count="400">9.742834E-07 -0.2157263 0.9764548 -0.1720479 -0.9999991 1E-06 1.119209E-06 9.848349E-07 8.835976E-07 -0.9764528 -0.2157264 0.02662045 1E-06 1E-06 1E-06 1.000001 1E-06 1.119209E-06 1.000001 -0.127213 -0.9999991 1E-06 1.119209E-06 9.848349E-07 8.807907E-07 -0.9999991 1E-06 -0.000125761 1E-06 1E-06 1E-06 1.000001 0.6050563 -0.7777938 -0.1701269 0.001063093 0.7893023 0.6140074 1E-06 0.0002808143 0.1044605 -0.1342809 0.9854232 -0.1768807 1E-06 1E-06 1E-06 1.000001 -0.6050545 -0.7777939 -0.1701268 0.001063192 0.7893023 -0.6140053 8.211859E-07 -0.0002787863 -0.1044585 -0.134281 0.9854233 -0.1768811 1E-06 1E-06 1E-06 1.000001 -0.3928898 0.9195527 0.007859278 -0.01008844 -0.9195791 -0.392902 1.027008E-06 -0.01310582 0.003088448 -0.007225176 0.9999703 -0.1837438 1E-06 1E-06 1E-06 1.000001 0.392892 0.9195527 0.007859238 -0.01008843 -0.9195791 0.392904 1.069151E-06 0.01310785 -0.003086573 -0.007225124 0.9999703 -0.1837436 1E-06 1E-06 1E-06 1.000001 -0.000686265 -0.4625371 0.8866001 -0.1547704 1.000001 1.05067E-06 0.0007760148 -0.0001324172 -0.0003574681 0.8866005 0.4625391 -0.07549783 1E-06 1E-06 1E-06 1.000001 0.2396948 -0.3176753 0.9174043 -0.1687179 0.9675228 1.059605E-06 -0.2527876 0.0493112 0.08030596 0.9482005 0.3073598 -0.04489686 1E-06 1E-06 1E-06 1.000001 9.125772E-07 8.807907E-07 -0.9999991 0.127215 1.000001 1E-06 7.933679E-07 1.026286E-06 8.807907E-07 -0.9999991 1E-06 -0.000125761 1E-06 1E-06 1E-06 1.000001 9.125772E-07 8.807907E-07 -0.9999991 0.08363907 1.000001 1E-06 7.933679E-07 1.026286E-06 8.807907E-07 -0.9999991 1E-06 -0.000125761 1E-06 1E-06 1E-06 1.000001 9.125772E-07 8.807907E-07 -0.9999991 0.04121735 1.000001 1E-06 7.933679E-07 1.026286E-06 8.807907E-07 -0.9999991 1E-06 -0.000125761 1E-06 1E-06 1E-06 1.000001 1.119209E-06 1.000001 -1.920932E-07 -0.06043056 -0.9999991 1.000001E-06 2.311302E-06 9.430292E-07 2.192093E-06 2.311303E-06 1.000001 -0.02777589 1E-06 1E-06 1E-06 1.000001 1.119209E-06 1.000001 -1.920932E-07 -0.03708232 -0.9999991 1.000001E-06 2.311302E-06 9.430292E-07 2.192093E-06 2.311303E-06 1.000001 -0.02777589 1E-06 1E-06 1E-06 1.000001 8.819993E-07 -0.9999053 0.01369863 -0.04834929 1.000001 1E-06 7.933679E-07 1.026286E-06 1.089047E-06 0.01369875 0.9999074 0.02356417 1E-06 1E-06 1E-06 1.000001 8.819993E-07 -0.9999053 0.01369863 -0.03441354 1.000001 1E-06 7.933679E-07 1.026286E-06 1.089047E-06 0.01369875 0.9999074 0.02356417 1E-06 1E-06 1E-06 1.000001 9.125772E-07 8.807907E-07 -0.9999991 -0.04713985 1.000001 1E-06 7.933679E-07 1.026286E-06 8.807907E-07 -0.9999991 1E-06 -0.000125761 1E-06 1E-06 1E-06 1.000001 9.125772E-07 8.807907E-07 -0.9999991 -0.001637189 1.000001 1E-06 7.933679E-07 1.026286E-06 8.807907E-07 -0.9999991 1E-06 -0.000125761 1E-06 1E-06 1E-06 1.000001 8.807907E-07 -0.9999991 6.423721E-07 -0.04853394 1.000001 1E-06 7.933679E-07 1.026286E-06 1.087423E-06 7.615814E-07 1.000001 0.07137257 1E-06 1E-06 1E-06 1.000001 9.125772E-07 8.807907E-07 -0.9999991 -0.09796087 1.000001 1E-06 7.933679E-07 1.026286E-06 8.807907E-07 -0.9999991 1E-06 -0.000125761 1E-06 1E-06 1E-06 1.000001 8.807907E-07 -0.9999991 6.423721E-07 -0.03283071 1.000001 1E-06 7.933679E-07 1.026286E-06 1.087423E-06 7.615814E-07 1.000001 0.07137257 1E-06 1E-06 1E-06 1.000001 9.125772E-07 8.807907E-07 -0.9999991 -0.1415051 1.000001 1E-06 7.933679E-07 1.026286E-06 8.807907E-07 -0.9999991 1E-06 -0.0001257628 1E-06 1E-06 1E-06 1.000001 0.8512538 -0.2378928 0.4677354 -0.06774005 -0.4815586 1.104308E-06 0.8764147 -0.1305608 -0.2084925 -0.9712903 -0.114559 0.0249472 1E-06 1E-06 1E-06 1.000001 0.7748045 0.4490676 0.4449945 -0.06523393 0.4805764 0.0389747 -0.8760864 0.130611 -0.4107634 0.8926493 -0.1856122 0.02965222 1E-06 1E-06 1E-06 1.000001 -0.8512518 -0.2378928 0.4677357 -0.06774021 -0.4815586 9.031424E-07 -0.8764125 0.130563 0.2084942 -0.9712903 -0.1145591 0.02494724 1E-06 1E-06 1E-06 1.000001 -0.7748024 0.4490676 0.4449946 -0.06523373 0.4805764 -0.0389727 0.8760881 -0.1306085 0.4107656 0.8926491 -0.1856122 0.02965214 1E-06 1E-06 1E-06 1.000001</float_array>
                    <technique_common>
                        <accessor count="25" offset="0" source="#pm0339_00_00_body_mesh_shape_lod2_body_a-matrices-array" stride="16">
                            <param name="TRANSFORM" type="float4x4" />
                        </accessor>
                    </technique_common>
                </source>
                <source id="pm0339_00_00_body_mesh_shape_lod2_body_a-weights">
                    <float_array id="pm0339_00_00_body_mesh_shape_lod2_body_a-weights-array" count="125">0.880003 0.119997 0.08000305 0.919997 0.3900054 0.1900053 0.4200046 0.1000076 0.8200046 0.1799954 0.9000076 0.5600061 0.280003 0.1600061 1 0.2699931 0.319997 0.4099947 0.7400015 0.2500038 0.00999466 0.02999924 0.3940032 0.5759975 0.02000458 0.4 0.5799954 0.05200275 0.1439994 0.8039979 0.8500038 0.1499962 0.3839933 0.08099489 0.5349966 0.1300069 0.6999924 0.1700008 0.2099947 0.7300069 0.05999848 0.3300069 0.5400015 0.1400015 0.2899977 0.5700008 0.8299992 0.6500038 0.3499962 0.2630045 0.1009995 0.635996 0.05000382 0.3510033 0.1289998 0.5199969 0.1380026 0.2950027 0.5669947 0.1880064 0.2229953 0.5889983 0.06999313 0.7199969 0.2829938 0.6460059 0.07100023 0.2529946 0.6760052 0.6599985 0.3400015 0.7900053 0.1369955 0.5980011 0.2650034 0.2999924 0.5929961 0.1069963 0.2249943 0.1539941 0.6209964 0.08999771 0.7159991 0.2599985 0.02400244 0.9499962 0.8699932 0.5100023 0.4899977 0.4800031 0.9700007 0.7790036 0.2130007 0.007995727 0.7770047 0.1530022 0.8399939 0.2299992 0.7700008 0.2930037 0.1109941 0.5960022 0.246006 0.6039979 0.2200046 0.1510033 0.1669947 0.682002 0.4299992 0.9100023 0.6099946 0.3100023 0.7799954 0.9300069 0.9799954 0.2399939 0.4599985 0.7960021 0.1889983 0.01499962 0.7739986 0.08200198 0.6200046 0.5499962 0.4500038</float_array>
                    <technique_common>
                        <accessor count="125" offset="0" source="#pm0339_00_00_body_mesh_shape_lod2_body_a-weights-array" stride="1">
                            <param name="WEIGHT" type="float" />
                        </accessor>
                    </technique_common>
                </source>
                <joints>
                    <input semantic="JOINT" source="#pm0339_00_00_body_mesh_shape_lod2_body_a-joints" />
                    <input semantic="INV_BIND_MATRIX" source="#pm0339_00_00_body_mesh_shape_lod2_body_a-matrices" />
                </joints>
                <vertex_weights count="418">
                    <input semantic="JOINT" source="#pm0339_00_00_body_mesh_shape_lod2_body_a-joints" offset="0" set="0" />
                    <input semantic="WEIGHT" source="#pm0339_00_00_body_mesh_shape_lod2_body_a-weights" offset="1" set="0" />
                    <vcount>2 2 3 3 3 2 3 3 2 3 3 2 3 2 2 2 3 3 2 3 3 3 3 2 3 3 2 2 3 3 1 1 1 1 1 3 1 1 1 1 1 1 1 1 1 1 1 1 1 1 1 1 1 1 1 1 1 3 1 3 3 3 1 3 3 3 1 3 3 3 2 1 3 3 2 2 3 1 3 3 3 3 3 3 3 3 3 3 3 3 3 1 3 1 2 3 1 3 2 2 3 3 3 3 3 3 3 3 3 3 3 3 3 3 2 2 1 1 2 2 3 3 3 2 3 2 3 3 2 3 3 3 3 3 3 2 1 2 2 1 2 3 3 3 2 3 2 3 2 3 3 3 3 3 3 3 2 2 1 1 2 2 2 2 2 3 2 2 3 3 2 3 2 3 3 3 3 2 1 2 2 1 2 2 2 2 3 2 2 3 2 3 3 2 3 3 2 2 2 2 2 2 2 2 2 2 2 3 3 2 2 2 2 2 2 2 2 2 2 2 2 2 3 2 2 2 2 2 2 2 2 2 2 2 2 2 3 2 2 2 2 2 2 2 2 2 2 2 2 3 3 3 3 3 3 3 3 2 3 2 3 3 3 3 3 2 1 2 3 1 1 1 3 1 1 1 2 2 3 2 3 2 3 3 3 2 2 3 2 2 3 2 3 3 2 2 3 3 2 3 2 2 2 3 3 2 2 3 2 3 3 1 1 1 1 1 3 3 3 3 3 3 3 2 2 3 3 2 2 2 2 2 1 1 3 2 3 3 3 3 3 2 3 2 3 3 2 2 2 3 2 1 1 3 2 1 2 2 3 2 2 2 2 2 2 2 2 2 2 3 3 2 3 2 3 1 1 1 1 3 3 3 3 3 3 3 3 3 3 3 2 2 2 2 2 2 2 2 2 2 2 2 2 2 2 2 2 2 2 2 2 2 2 2 2 2 2 2</vcount>
                    <v>0 0 1 1 0 2 1 3 0 4 1 5 2 6 0 4 1 5 2 6 0 7 1 2 2 8 0 9 1 8 0 4 1 5 2 6 0 4 1 5 2 6 0 8 1 9 0 7 1 2 2 8 0 4 1 5 2 6 0 9 1 8 3 6 0 4 1 5 0 2 1 3 0 0 1 1 0 7 1 10 0 11 4 12 1 13 0 11 4 12 1 13 0 8 1 9 3 6 0 4 1 5 3 6 0 4 1 5 3 8 0 7 1 2 3 6 0 4 1 5 0 9 1 8 3 6 0 4 1 5 3 8 0 7 1 2 0 9 1 8 0 7 1 10 0 11 5 12 1 13 0 11 5 12 1 13 1 14 1 14 1 14 1 14 1 14 6 15 0 16 7 17 1 14 1 14 1 14 1 14 1 14 1 14 1 14 1 14 1 14 1 14 1 14 1 14 1 14 1 14 1 14 1 14 1 14 1 14 1 14 1 14 1 14 0 4 1 5 2 6 1 14 1 18 8 19 9 20 3 6 0 4 1 5 1 18 8 19 9 20 1 14 10 21 11 22 12 23 10 24 11 25 12 26 10 27 11 28 12 29 11 14 10 24 11 25 12 26 10 21 11 22 12 23 10 21 11 22 12 23 11 30 12 31 11 14 10 24 11 25 12 26 10 24 11 25 12 26 11 30 12 31 11 30 12 31 10 24 11 25 12 26 11 14 10 32 8 33 9 34 10 27 11 28 12 29 11 35 12 36 9 37 10 27 11 28 12 29 10 24 11 25 12 26 11 35 12 36 9 37 10 24 11 25 12 26 11 35 12 36 9 37 10 24 11 25 12 26 10 21 11 22 12 23 10 27 11 28 12 29 10 24 11 25 12 26 10 24 11 25 12 26 11 14 10 21 11 22 12 23 11 14 11 30 12 31 10 21 11 22 12 23 11 14 10 24 11 25 12 26 11 30 12 31 11 30 12 31 10 24 11 25 12 26 10 24 11 25 12 26 11 35 12 36 9 37 10 27 11 28 12 29 10 32 8 33 9 34 10 27 11 28 12 29 11 35 12 36 9 37 10 24 11 25 12 26 10 24 11 25 12 26 11 35 12 36 9 37 10 24 11 25 12 26 13 38 14 39 15 40 10 35 15 41 16 42 10 43 15 44 16 45 13 46 14 37 13 47 14 48 13 14 13 14 13 47 14 48 13 46 14 37 13 38 14 39 15 40 10 49 15 50 16 51 10 52 13 38 14 18 13 46 14 37 13 38 14 39 15 40 13 47 14 48 13 38 14 39 15 40 10 52 13 38 14 18 13 47 14 48 10 53 15 54 16 55 13 38 14 39 15 40 10 56 15 57 16 58 13 38 14 39 15 40 10 59 15 60 16 61 10 35 15 41 16 42 13 46 14 37 13 14 13 47 14 48 13 47 14 48 13 14 13 46 14 37 10 52 13 38 14 18 10 49 15 50 16 51 13 38 14 39 15 40 13 47 14 48 13 38 14 39 15 40 13 46 14 37 13 38 14 39 15 40 13 47 14 48 10 52 13 38 14 18 10 43 15 44 16 45 13 38 14 39 15 40 10 49 15 50 16 51 17 38 18 62 19 63 18 64 15 65 16 66 18 67 15 68 16 66 17 46 19 37 17 69 19 70 17 14 17 14 17 69 19 70 17 46 19 37 17 38 19 71 17 46 19 37 17 69 19 70 17 38 18 62 19 63 17 38 19 71 17 69 19 70 17 38 18 62 19 63 18 67 15 68 16 66 17 38 19 71 18 72 15 73 16 74 17 38 19 71 18 75 15 76 16 77 17 38 18 62 19 63 18 78 19 79 15 80 18 64 15 65 16 66 17 46 19 37 17 14 17 69 19 70 17 69 19 70 17 14 17 46 19 37 17 69 19 70 17 46 19 37 17 38 19 71 17 38 18 62 19 63 17 69 19 70 17 38 19 71 17 38 18 62 19 63 17 38 19 71 18 67 15 68 16 66 18 67 15 68 16 66 17 38 19 71 18 81 15 39 16 9 18 82 15 83 16 84 18 85 20 52 18 3 20 2 18 35 20 86 18 87 20 88 18 55 20 89 18 69 20 70 18 87 20 88 18 85 20 52 18 83 20 18 18 35 20 86 18 21 20 90 18 91 15 92 16 93 18 94 20 62 15 95 18 96 20 13 18 55 20 89 18 83 20 18 18 35 20 86 18 35 20 86 18 83 20 18 18 21 20 90 18 21 20 90 18 97 20 98 18 21 20 90 18 87 20 88 18 69 20 70 18 55 20 89 18 82 15 83 16 84 18 3 20 2 18 85 20 52 18 55 20 89 18 87 20 88 18 35 20 86 18 85 20 52 18 87 20 88 18 69 20 70 18 35 20 86 18 83 20 18 18 21 20 90 18 96 20 13 18 85 20 52 18 91 15 92 16 93 18 55 20 89 18 35 20 86 18 83 20 18 18 83 20 18 18 35 20 86 18 21 20 90 18 21 20 90 18 97 20 98 18 21 20 90 18 69 20 70 18 87 20 88 18 55 20 89 10 49 15 50 16 51 10 99 15 100 16 101 10 52 13 38 14 18 10 102 14 31 16 103 10 52 13 38 14 18 10 99 15 100 16 101 18 81 15 39 16 9 18 2 15 36 16 104 17 38 19 71 18 105 19 106 15 107 17 38 19 71 18 2 15 36 16 104 11 35 12 36 9 37 10 32 8 33 9 34 10 32 8 33 9 34 0 4 1 5 2 6 0 2 1 3 1 14 0 2 1 3 3 6 0 4 1 5 1 14 1 14 1 14 6 15 0 16 7 17 1 14 1 14 1 14 0 9 1 8 0 108 1 45 0 4 1 5 2 6 0 7 1 10 0 11 5 12 1 13 0 81 1 109 0 11 5 12 1 13 0 110 5 111 1 2 0 11 5 12 1 13 0 112 1 104 0 108 1 45 0 11 5 12 1 13 0 113 1 62 0 113 1 62 6 15 0 16 7 17 0 8 1 9 6 15 0 16 7 17 0 4 1 5 2 6 0 108 1 45 0 9 1 8 3 6 0 4 1 5 0 11 4 12 1 13 0 7 1 10 0 11 4 12 1 13 0 81 1 109 0 81 1 109 0 112 1 104 0 110 4 111 1 2 0 11 4 12 1 13 0 113 1 62 0 108 1 45 0 11 4 12 1 13 0 8 1 9 6 15 0 16 7 17 3 6 0 4 1 5 1 14 1 14 1 14 1 14 1 14 6 15 0 16 7 17 0 4 1 5 2 6 1 18 8 19 9 20 1 18 8 19 9 20 1 18 8 19 9 20 0 4 1 5 2 6 0 4 1 5 2 6 0 9 1 8 1 114 8 24 1 18 8 115 9 24 1 39 8 19 9 24 1 46 21 37 0 108 1 45 0 7 1 10 22 2 1 3 22 42 1 116 1 14 1 14 1 63 8 83 9 24 0 81 1 109 1 18 8 19 9 20 1 18 8 19 9 20 3 6 0 4 1 5 3 6 0 4 1 5 1 18 8 19 9 20 0 9 1 8 3 6 0 4 1 5 1 114 8 24 1 18 8 115 9 24 1 39 8 19 9 24 1 46 23 37 0 108 1 45 0 7 1 10 1 117 8 118 9 119 24 42 1 116 1 14 1 14 1 63 8 83 9 24 0 81 1 109 1 14 0 81 1 109 18 96 20 13 18 94 20 62 15 95 18 96 20 13 18 55 20 89 18 96 20 13 18 96 20 13 18 85 20 52 18 96 20 13 18 55 20 89 18 96 20 13 0 0 1 1 0 8 1 9 6 15 0 16 7 17 0 4 1 5 2 6 0 0 1 1 6 15 0 16 7 17 0 8 1 9 3 6 0 4 1 5 1 14 1 14 1 14 1 14 11 28 12 120 16 121 10 21 11 22 12 23 10 27 11 28 12 29 10 122 9 1 16 83 10 32 8 33 9 34 10 122 9 1 16 83 11 28 12 120 16 121 10 122 9 1 16 83 10 27 11 28 12 29 10 21 11 22 12 23 10 32 8 33 9 34 18 3 20 2 18 85 20 52 18 87 20 88 18 96 20 13 18 35 20 86 18 83 20 18 18 123 20 124 18 96 20 13 18 55 20 89 18 21 20 90 18 97 20 98 18 83 20 18 18 21 20 90 18 55 20 89 18 87 20 88 18 85 20 52 18 3 20 2 18 96 20 13 18 83 20 18 18 35 20 86 18 123 20 124 18 96 20 13 18 55 20 89 18 97 20 98 18 21 20 90 18 83 20 18 18 21 20 90 18 55 20 89</v>
                </vertex_weights>
            </skin>
        </controller>
    </library_controllers>
    <library_visual_scenes>
        <visual_scene id="Scene" name="Scene">
            <node id="pm0339_00_00" sid="pm0339_00_00" name="pm0339_00_00" type="JOINT">
                <matrix sid="transform">1 0 0 0 0 1 0 0 0 0 1 0 0 0 0 1</matrix>
                <node id="origin" sid="origin" name="origin" type="JOINT">
                    <matrix sid="transform">1 0 0 0 0 1 0 0 0 0 1 0 0 0 0 1</matrix>
                    <node id="waist" sid="waist" name="waist" type="JOINT">
                        <matrix sid="transform">1.192093E-07 -0.9999999 0 -2.899228E-17 0 1.192093E-07 -0.9999999 -0.000126761 0.9999999 0 1.192093E-07 0.127214 0 0 0 1</matrix>
                        <node id="head" sid="head" name="head" type="JOINT">
                            <matrix sid="transform">1 0 0 0 0 1 0 2.384793E-17 0 0 1 9.778289E-16 0 0 0 1</matrix>
                            <node id="left_upper_eyelid" sid="left_upper_eyelid" name="left_upper_eyelid" type="JOINT">
                                <matrix sid="transform">0.4449936 -0.876087 -0.1856132 0.02174451 -0.7748032 -0.4805751 0.4107643 4.400757E-05 -0.4490664 -0.03897376 -0.8926479 0.002136889 0 0 0 1</matrix>
                                <node id="left_upper_eyelid_sub" sid="left_upper_eyelid_sub" name="left_upper_eyelid_sub" type="JOINT">
                                    <matrix sid="transform">-0.003722429 0.1113281 0.9937769 0.04072081 -0.01311582 -0.9937038 0.1112708 0.000505618 0.9999073 -0.01262002 0.005158842 0.006045121 0 0 0 1</matrix>
                                </node>
                            </node>
                            <node id="left_lower_eyelid" sid="left_lower_eyelid" name="left_lower_eyelid" type="JOINT">
                                <matrix sid="transform">0.4677345 0.8764134 -0.11456 0.02175474 -0.8512526 0.4815595 0.2084933 7.379077E-06 0.2378938 -7.450581E-09 0.9712912 -0.008241614 0 0 0 1</matrix>
                            </node>
                            <node id="right_upper_eyelid" sid="right_upper_eyelid" name="right_upper_eyelid" type="JOINT">
                                <matrix sid="transform">0.4449936 0.876087 -0.1856132 0.02174401 0.7748032 -0.4805751 -0.4107643 -4.40076E-05 -0.4490664 0.03897376 -0.8926479 0.002136889 0 0 0 1</matrix>
                                <node id="right_upper_eyelid_sub" sid="right_upper_eyelid_sub" name="right_upper_eyelid_sub" type="JOINT">
                                    <matrix sid="transform">-0.003728271 -0.1113057 0.9937792 0.04072107 0.01310509 -0.9937062 -0.1112484 -0.0005051746 0.9999072 0.0126088 0.005163431 0.006045041 0 0 0 1</matrix>
                                </node>
                            </node>
                            <node id="right_lower_eyelid" sid="right_lower_eyelid" name="right_lower_eyelid" type="JOINT">
                                <matrix sid="transform">0.4677345 -0.8764134 -0.11456 0.02175501 0.8512526 0.4815595 -0.2084933 -7.37908E-06 0.2378938 7.450581E-09 0.9712912 -0.008241611 0 0 0 1</matrix>
                            </node>
                            <node id="nose" sid="nose" name="nose" type="JOINT">
                                <matrix sid="transform">0.9764537 0 -0.2157274 0.04652629 0 1 0 1.776357E-17 0.2157274 0 0.9764537 0.01099623 0 0 0 1</matrix>
                                <node id="left_feeler_a" sid="left_feeler_a" name="left_feeler_a" type="JOINT">
                                    <matrix sid="transform">0.001669765 -0.1324579 0.9911872 0.003309284 -0.6050552 -0.7893012 -0.1044595 -0.0176135 0.7961817 -0.5995486 -0.08146214 0.01153243 0 0 0 1</matrix>
                                </node>
                                <node id="left_feeler_b_01" sid="left_feeler_b_01" name="left_feeler_b_01" type="JOINT">
                                    <matrix sid="transform">-0.1906992 -0.08475997 0.9779824 0.00683704 -0.3928908 0.91958 0.00308758 -0.01544953 -0.8995947 -0.3836515 -0.2086645 -0.01576948 0 0 0 1</matrix>
                                    <node id="left_feeler_b_02" sid="left_feeler_b_02" name="left_feeler_b_02" type="JOINT">
                                        <matrix sid="transform">1 0 0 0.02830066 0 1 0 1.332268E-17 0 0 1 -3.552714E-17 0 0 0 1</matrix>
                                        <node id="left_feeler_b_03" sid="left_feeler_b_03" name="left_feeler_b_03" type="JOINT">
                                            <matrix sid="transform">1 0 0 0.03351653 0 1 0 -1.08313E-07 0 0 1 -8.171241E-15 0 0 0 1</matrix>
                                            <node id="left_feeler_b_04" sid="left_feeler_b_04" name="left_feeler_b_04" type="JOINT">
                                                <matrix sid="transform">1 0 0 0.02917258 0 1 0 -4.885673E-08 0 0 1 -1.755041E-14 0 0 0 1</matrix>
                                            </node>
                                        </node>
                                    </node>
                                </node>
                                <node id="right_feeler_a" sid="right_feeler_a" name="right_feeler_a" type="JOINT">
                                    <matrix sid="transform">0.001669765 0.1324579 0.9911872 0.003309738 0.6050552 -0.7893012 0.1044595 0.01761349 0.7961817 0.5995486 -0.08146214 0.01153229 0 0 0 1</matrix>
                                </node>
                                <node id="right_feeler_b_01" sid="right_feeler_b_01" name="right_feeler_b_01" type="JOINT">
                                    <matrix sid="transform">-0.1906992 0.08475985 0.9779824 0.006837245 0.3928908 0.9195799 -0.003087446 0.0154495 -0.8995947 0.3836516 -0.2086645 -0.01576954 0 0 0 1</matrix>
                                    <node id="right_feeler_b_02" sid="right_feeler_b_02" name="right_feeler_b_02" type="JOINT">
                                        <matrix sid="transform">1 0 0 0.0283007 0 1 0 1.359914E-08 0 0 1 -3.933775E-07 0 0 0 1</matrix>
                                        <node id="right_feeler_b_03" sid="right_feeler_b_03" name="right_feeler_b_03" type="JOINT">
                                            <matrix sid="transform">1 0 0 0.03351649 0 1 0 8.711283E-08 0 0 1 6.197209E-07 0 0 0 1</matrix>
                                            <node id="right_feeler_b_04" sid="right_feeler_b_04" name="right_feeler_b_04" type="JOINT">
                                                <matrix sid="transform">1 0 0 0.02917261 0 1 0 5.170084E-08 0 0 1 -2.450395E-07 0 0 0 1</matrix>
                                            </node>
                                        </node>
                                    </node>
                                </node>
                                <node id="upper_jaw" sid="upper_jaw" name="upper_jaw" type="JOINT">
                                    <matrix sid="transform">0.9655051 0.0007568713 0.2603832 -0.002957584 0.0006872098 -0.9999996 0.0003585738 1.293078E-15 0.2603834 -0.0001672669 -0.9655052 -0.00597519 0 0 0 1</matrix>
                                </node>
                                <node id="lower_jaw" sid="lower_jaw" name="lower_jaw" type="JOINT">
                                    <matrix sid="transform">0.9934795 0 0.1140106 0.000147751 0 1 0 -2.855529E-16 -0.1140106 0 0.9934795 0.002493857 0 0 0 1</matrix>
                                </node>
                                <node id="left_jaw" sid="left_jaw" name="left_jaw" type="JOINT">
                                    <matrix sid="transform">0.9643332 0.2468362 0.09556907 0.007114783 0.2396938 -0.9675215 0.08030483 -0.003662275 0.1122873 -0.05453329 -0.9921782 -0.001671272 0 0 0 1</matrix>
                                </node>
                                <node id="right_jaw" sid="right_jaw" name="right_jaw" type="JOINT">
                                    <matrix sid="transform">0.9643332 -0.2468362 0.09556907 0.007114706 -0.2396938 -0.9675215 -0.08030483 0.00366228 0.1122873 0.05453329 -0.9921782 -0.001671278 0 0 0 1</matrix>
                                </node>
                            </node>
                        </node>
                        <node id="hips" sid="hips" name="hips" type="JOINT">
                            <matrix sid="transform">-1 -8.742278E-08 0 1.776357E-17 8.742278E-08 -1 0 1.776357E-17 0 0 1 -7.105427E-17 0 0 0 1</matrix>
                            <node id="tail_01" sid="tail_01" name="tail_01" type="JOINT">
                                <matrix sid="transform">1 0 0 0.04357593 0 1 0 -3.552714E-17 0 0 1 4.263256E-16 0 0 0 1</matrix>
                                <node id="tail_02" sid="tail_02" name="tail_02" type="JOINT">
                                    <matrix sid="transform">1 0 0 0.04242171 0 1 0 -1.776357E-17 0 0 1 5.684342E-16 0 0 0 1</matrix>
                                    <node id="tail_03" sid="tail_03" name="tail_03" type="JOINT">
                                        <matrix sid="transform">1 0 0 0.04285454 0 1 0 -8.770145E-18 0 0 1 -6.015847E-16 0 0 0 1</matrix>
                                        <node id="tail_04" sid="tail_04" name="tail_04" type="JOINT">
                                            <matrix sid="transform">1 0 0 0.04550266 0 1 0 -8.573107E-18 0 0 1 -5.432686E-15 0 0 0 1</matrix>
                                            <node id="tail_05" sid="tail_05" name="tail_05" type="JOINT">
                                                <matrix sid="transform">1 0 0 0.05082102 0 1 0 2.664535E-17 0 0 1 3.552713E-16 0 0 0 1</matrix>
                                                <node id="tail_06" sid="tail_06" name="tail_06" type="JOINT">
                                                    <matrix sid="transform">1 0 0 0.04354423 0 1 0 -1.554202E-17 0 0 1 1.803239E-09 0 0 0 1</matrix>
                                                </node>
                                            </node>
                                            <node id="feeler_e_01" sid="feeler_e_01" name="feeler_e_01" type="JOINT">
                                                <matrix sid="transform">3.576279E-07 0 -1 0.02423073 0 1 0 -1.02016E-16 1 0 3.576279E-07 0.03270492 0 0 0 1</matrix>
                                                <node id="feeler_e_02" sid="feeler_e_02" name="feeler_e_02" type="JOINT">
                                                    <matrix sid="transform">1 0 0 0.01570323 0 1 0 9.702733E-16 0 0 1 -7.105427E-17 0 0 0 1</matrix>
                                                </node>
                                            </node>
                                        </node>
                                        <node id="feeler_d_01" sid="feeler_d_01" name="feeler_d_01" type="JOINT">
                                            <matrix sid="transform">-0.01369762 0 -0.9999061 0.02145137 0 1 0 4.590867E-17 0.9999061 0 -0.01369762 0.0346073 0 0 0 1</matrix>
                                            <node id="feeler_d_02" sid="feeler_d_02" name="feeler_d_02" type="JOINT">
                                                <matrix sid="transform">1 0 0 0.01393576 0 1 0 1.106154E-17 0 0 1 -4.884981E-17 0 0 0 1</matrix>
                                            </node>
                                        </node>
                                    </node>
                                    <node id="feeler_c_01" sid="feeler_c_01" name="feeler_c_01" type="JOINT">
                                        <matrix sid="transform">1.192093E-06 -1.10467E-06 -0.9999999 0.01343951 -5.684342E-14 -1 1.10467E-06 1.332268E-16 -0.9999999 -1.307399E-12 -1.192093E-06 -0.03721011 0 0 0 1</matrix>
                                        <node id="feeler_c_02" sid="feeler_c_02" name="feeler_c_02" type="JOINT">
                                            <matrix sid="transform">1 0 0 0.02334824 0 1 0 -8.867079E-18 0 0 1 5.32907E-17 0 0 0 1</matrix>
                                        </node>
                                    </node>
                                </node>
                            </node>
                        </node>
                    </node>
                </node>
                <node id="lod_group" sid="lod_group" name="lod_group" type="JOINT">
                    <matrix sid="transform">1 0 0 0 0 1 0 0 0 0 1 0 0 0 0 1</matrix>
                    <node id="lod0" sid="lod0" name="lod0" type="JOINT">
                        <matrix sid="transform">1 0 0 0 0 1 0 0 0 0 1 0 0 0 0 1</matrix>
                        <node id="pm0339_00_00_eye_mesh" sid="pm0339_00_00_eye_mesh" name="pm0339_00_00_eye_mesh" type="JOINT">
                            <matrix sid="transform">1 0 0 0 0 1 0 0 0 0 1 0 0 0 0 1</matrix>
                        </node>
                        <node id="pm0339_00_00_body_mesh" sid="pm0339_00_00_body_mesh" name="pm0339_00_00_body_mesh" type="JOINT">
                            <matrix sid="transform">1 0 0 0 0 1 0 0 0 0 1 0 0 0 0 1</matrix>
                        </node>
                    </node>
                    <node id="lod1" sid="lod1" name="lod1" type="JOINT">
                        <matrix sid="transform">1 0 0 0 0 1 0 0 0 0 1 0 0 0 0 1</matrix>
                        <node id="pm0339_00_00_eye_mesh_lod1" sid="pm0339_00_00_eye_mesh_lod1" name="pm0339_00_00_eye_mesh_lod1" type="JOINT">
                            <matrix sid="transform">1 0 0 0 0 1 0 0 0 0 1 0 0 0 0 1</matrix>
                        </node>
                        <node id="pm0339_00_00_body_mesh_lod1" sid="pm0339_00_00_body_mesh_lod1" name="pm0339_00_00_body_mesh_lod1" type="JOINT">
                            <matrix sid="transform">1 0 0 0 0 1 0 0 0 0 1 0 0 0 0 1</matrix>
                        </node>
                    </node>
                    <node id="lod2" sid="lod2" name="lod2" type="JOINT">
                        <matrix sid="transform">1 0 0 0 0 1 0 0 0 0 1 0 0 0 0 1</matrix>
                        <node id="pm0339_00_00_eye_mesh_lod2" sid="pm0339_00_00_eye_mesh_lod2" name="pm0339_00_00_eye_mesh_lod2" type="JOINT">
                            <matrix sid="transform">1 0 0 0 0 1 0 0 0 0 1 0 0 0 0 1</matrix>
                        </node>
                        <node id="pm0339_00_00_body_mesh_lod2" sid="pm0339_00_00_body_mesh_lod2" name="pm0339_00_00_body_mesh_lod2" type="JOINT">
                            <matrix sid="transform">1 0 0 0 0 1 0 0 0 0 1 0 0 0 0 1</matrix>
                        </node>
                    </node>
                </node>
            </node>
            <node id="pm0339_00_00_eye_mesh_shape_lod2_l_eye" sid="pm0339_00_00_eye_mesh_shape_lod2_l_eye" name="pm0339_00_00_eye_mesh_shape_lod2_l_eye">
                <instance_controller url="#pm0339_00_00_eye_mesh_shape_lod2_l_eye-controller">
                    <skeleton>#pm0339_00_00</skeleton>
                    <bind_material>
                        <technique_common>
                            <instance_material target="#l_eye" symbol="l_eye" />
                        </technique_common>
                    </bind_material>
                </instance_controller>
            </node>
            <node id="pm0339_00_00_eye_mesh_shape_lod2_r_eye" sid="pm0339_00_00_eye_mesh_shape_lod2_r_eye" name="pm0339_00_00_eye_mesh_shape_lod2_r_eye">
                <instance_controller url="#pm0339_00_00_eye_mesh_shape_lod2_r_eye-controller">
                    <skeleton>#pm0339_00_00</skeleton>
                    <bind_material>
                        <technique_common>
                            <instance_material target="#r_eye" symbol="r_eye" />
                        </technique_common>
                    </bind_material>
                </instance_controller>
            </node>
            <node id="pm0339_00_00_body_mesh_shape_lod2_body_b" sid="pm0339_00_00_body_mesh_shape_lod2_body_b" name="pm0339_00_00_body_mesh_shape_lod2_body_b">
                <instance_controller url="#pm0339_00_00_body_mesh_shape_lod2_body_b-controller">
                    <skeleton>#pm0339_00_00</skeleton>
                    <bind_material>
                        <technique_common>
                            <instance_material target="#body_b" symbol="body_b" />
                        </technique_common>
                    </bind_material>
                </instance_controller>
            </node>
            <node id="pm0339_00_00_body_mesh_shape_lod2_body_a" sid="pm0339_00_00_body_mesh_shape_lod2_body_a" name="pm0339_00_00_body_mesh_shape_lod2_body_a">
                <instance_controller url="#pm0339_00_00_body_mesh_shape_lod2_body_a-controller">
                    <skeleton>#pm0339_00_00</skeleton>
                    <bind_material>
                        <technique_common>
                            <instance_material target="#body_a" symbol="body_a" />
                        </technique_common>
                    </bind_material>
                </instance_controller>
            </node>
        </visual_scene>
    </library_visual_scenes>
    <scene>
        <instance_visual_scene url="#Scene" />
    </scene>
</COLLADA>